x_m,r_m,pressure_pa,pressure_over_pc,tau_wall_pa,su2_cf_t,yplus
-0.02268,0.02,5179325.0,0.9960240384615384,1925.3739405176227,12359.711067460557,0.3864434
-0.02258069,0.01999946,5176676.0,0.9955146153846154,1080.722230762721,6937.568975727189,0.2892173
-0.0224814,0.01999803,5177839.0,0.9957382692307692,737.0245573515356,4731.242272884921,0.2386084
-0.02238212,0.01999557,5178135.0,0.9957951923076923,591.1752360777043,3794.979746216905,0.2135116
-0.02228287,0.01999211,5177492.0,0.9956715384615384,503.9702909637136,3235.1778798984506,0.1969283
-0.02218367,0.01998767,5177032.0,0.9955830769230769,456.84213681206074,2932.644249314164,0.1873234
-0.02208451,0.01998225,5176754.0,0.9955296153846154,430.69595802475055,2764.8019364372994,0.1816975
-0.02198541,0.01997585,5176664.0,0.9955123076923077,419.74901900833953,2694.529351736389,0.1791995
-0.02188638,0.01996846,5176566.0,0.9954934615384615,417.9044076244237,2682.6880863815563,0.1786115
-0.02178742,0.01996008,5176524.0,0.9954853846153846,420.9576407016371,2702.287956236358,0.1790193
-0.02168856,0.01995073,5176474.0,0.9954757692307692,426.91416950127797,2740.525190770017,0.1800138
-0.02158979,0.0199404,5176468.0,0.9954746153846153,434.876397209975,2791.637773038772,0.1813805
-0.02149113,0.01992908,5176470.0,0.995475,444.4273105144948,2852.948735231651,0.1830322
-0.02139259,0.01991678,5176494.0,0.9954796153846154,454.8984500477206,2920.166981232706,0.1847933
-0.02129417,0.01990351,5176549.0,0.9954901923076923,465.1889293568965,2986.225500219881,0.1864626
-0.02119589,0.01988926,5176599.0,0.9954998076923077,474.77769219159876,3047.7794330104443,0.1879358
-0.02109776,0.01987403,5176704.0,0.99552,485.49732250067666,3116.592836257492,0.1895831
-0.02099978,0.01985783,5176781.0,0.9955348076923077,494.32978196068944,3173.2917686796623,0.1907919
-0.02090197,0.01984066,5176932.0,0.9955638461538462,502.97465612402476,3228.7865194004776,0.1919174
-0.02080434,0.01982252,5177032.0,0.9955830769230769,511.4933170761858,3283.471059288902,0.1929794
-0.02070689,0.01980341,5177228.0,0.9956207692307693,519.1676600303589,3332.7355993089463,0.193838
-0.02060963,0.01978333,5177354.0,0.995645,526.650534891472,3380.7710324739232,0.1946065
-0.02051258,0.01976229,5177582.0,0.9956888461538461,533.7989298018007,3426.6593110199674,0.1952737
-0.02041574,0.01974028,5177721.0,0.9957155769230769,540.726742526128,3471.131588222983,0.19587
-0.02031912,0.01971732,5177964.0,0.9957623076923077,545.7604906030807,3503.445140675446,0.1960815
-0.02022274,0.01969339,5178109.0,0.9957901923076923,552.5297572936948,3546.8996503028498,0.1965606
-0.0201266,0.01966851,5178357.0,0.9958378846153846,559.1026077699703,3589.093289193872,0.196971
-0.02003071,0.01964268,5178509.0,0.9958671153846154,563.0451761110355,3614.4021419490846,0.1968805
-0.01993509,0.0196159,5178734.0,0.9959103846153846,569.450064567378,3655.517568450819,0.1971926
-0.01983973,0.01958816,5178870.0,0.9959365384615385,575.1884192037757,3692.3542596597117,0.1973422
-0.01974466,0.01955948,5179051.0,0.9959713461538462,580.5769250746927,3726.9451379552515,0.1973949
-0.01964987,0.01952986,5179158.0,0.9959919230769231,586.3535953501688,3764.027791892948,0.1974839
-0.01955538,0.0194993,5179289.0,0.9960171153846153,592.7194612382849,3804.89271761754,0.1976387
-0.0194612,0.01946781,5179356.0,0.99603,598.3176925443559,3840.829903623728,0.1976159
-0.01936734,0.01943538,5179431.0,0.9960444230769231,603.5819541631976,3874.6232105877316,0.1974961
-0.01927381,0.01940202,5179445.0,0.9960471153846154,610.6398329648376,3919.930431643177,0.1976408
-0.01918061,0.01936772,5179449.0,0.9960478846153846,618.0354404862861,3967.4056624073723,0.197801
-0.01908775,0.01933251,5179387.0,0.9960359615384615,625.4585284199254,4015.0573004385114,0.1979153
-0.01899525,0.01929638,5179309.0,0.9960209615384615,633.0130225760752,4063.5524852262147,0.1980067
-0.01890312,0.01925933,5179161.0,0.9959925,640.2789255932493,4110.195093213481,0.1980124
-0.01881135,0.01922136,5178985.0,0.9959586538461539,648.9496166717097,4165.855572577904,0.1981936
-0.01871997,0.01918249,5178719.0,0.9959075,657.8284383783313,4222.852121977465,0.198353
-0.01862898,0.01914271,5178401.0,0.9958463461538462,666.5888737487011,4279.088704245647,0.1984461
-0.01853839,0.01910203,5177973.0,0.9957640384615385,674.8361076307037,4332.03085005028,0.1984159
-0.0184482,0.01906045,5177511.0,0.9956751923076923,682.9815456053,4384.319529025993,0.1983274
-0.01835843,0.01901799,5176935.0,0.995564423076923,690.1920655559198,4430.606611945513,0.1980713
-0.01826909,0.01897463,5176244.0,0.9954315384615384,695.1987268360413,4462.746283898436,0.1974516
-0.01818019,0.01893038,5175398.0,0.9952688461538461,700.3091415110821,4495.551988540638,0.1967859
-0.01809173,0.01888525,5174428.0,0.9950823076923077,703.2791478501359,4514.617594159754,0.1957855
-0.01800372,0.01883925,5173270.0,0.9948596153846154,703.8858531883873,4518.512267566342,0.1943966
-0.01791617,0.01879238,5172178.0,0.9946496153846154,706.7480771396886,4536.885976851583,0.193294
-0.01782909,0.01874464,5170974.0,0.9944180769230769,726.0871994543352,4661.031193049456,0.1945295
-0.01774245,0.01869611,5169494.0,0.9941334615384615,719.3213094536754,4617.598359685205,0.1919878
-0.01765635,0.01864663,5167809.0,0.9938094230769231,889.7171971295327,5711.434676068953,0.2128692
-0.01757033,0.01859701,5165321.0,0.9933309615384616,961.373692490007,6171.425101889398,0.2207317
-0.01748433,0.01854735,5163214.0,0.9929257692307693,982.951612473572,6309.942015835968,0.2226752
-0.01739833,0.01849767,5160913.0,0.9924832692307692,991.8903396971701,6367.3231216407,0.2231801
-0.01731234,0.018448,5158945.0,0.9921048076923077,987.2897750141098,6337.790338926034,0.2221285
-0.01722634,0.01839834,5156751.0,0.9916828846153846,979.2424500665891,6286.131484963055,0.2206791
-0.01714034,0.01834869,5154687.0,0.9912859615384615,968.373671556322,6216.360642418563,0.2188624
-0.01705434,0.01829904,5152474.0,0.9908603846153846,961.2027367523445,6170.3276716820155,0.2174622
-0.01696833,0.01824939,5150277.0,0.9904378846153846,956.0209360436891,6137.06371281129,0.2162828
-0.01688233,0.01819973,5147954.0,0.9899911538461539,952.981588084376,6117.552976834212,0.215346
-0.01679633,0.01815008,5145589.0,0.9895363461538461,951.618590409407,6108.80337391619,0.2146155
-0.01671032,0.01810043,5143112.0,0.98906,951.6316168292666,6108.886995483055,0.2140395
-0.01662432,0.01805078,5140562.0,0.9885696153846154,952.9466988318246,6117.329009389852,0.2136299
-0.01653832,0.01800113,5137896.0,0.988056923076923,955.148564042869,6131.463623578453,0.2133177
-0.01645231,0.01795147,5135136.0,0.9875261538461538,958.3017471837596,6151.705111085923,0.2131256
-0.01636631,0.01790182,5132255.0,0.9869721153846154,962.0563258216954,6175.807186100229,0.2129969
-0.0162803,0.01785217,5129264.0,0.9863969230769231,966.4618257543157,6204.087773641714,0.212947
-0.0161943,0.01780252,5126149.0,0.9857978846153846,971.270178565315,6234.954427751713,0.2129362
-0.0161083,0.01775287,5122915.0,0.9851759615384615,976.618361997647,6269.28646090556,0.2129859
-0.01602229,0.01770322,5119554.0,0.9845296153846154,982.2980449710301,6305.746516289356,0.2130653
-0.01593629,0.01765357,5116066.0,0.9838588461538461,988.469579379916,6345.363953988868,0.2131957
-0.01585028,0.01760391,5112449.0,0.9831632692307692,994.9218054840937,6386.7832589411955,0.2133496
-0.01576428,0.01755426,5108707.0,0.9824436538461538,1001.7142489415181,6430.386549091294,0.2135354
-0.01567828,0.01750461,5104825.0,0.9816971153846153,1008.8113387960964,6475.945480879272,0.2137459
-0.01559227,0.01745496,5100712.0,0.9809061538461539,1016.1883624572631,6523.301414742867,0.2139782
-0.01550627,0.01740531,5096558.0,0.9801073076923077,1023.3696078943589,6569.400573373403,0.2141832
-0.01542027,0.01735565,5092358.0,0.9792996153846154,1030.7891719803938,6617.029590480202,0.2144068
-0.01533426,0.017306,5087995.0,0.978460576923077,1038.611567257217,6667.244534934583,0.2146632
-0.01524826,0.01725635,5083470.0,0.9775903846153846,1046.6293566350153,6718.713788789082,0.2149306
-0.01516226,0.0172067,5078807.0,0.9766936538461538,1054.6735879184196,6770.352783339915,0.2151914
-0.01507625,0.01715704,5074017.0,0.9757725,1062.9378126663103,6823.404000005404,0.2154653
-0.01499025,0.01710739,5069103.0,0.9748275,1071.3834394194196,6877.61970546155,0.2157485
-0.01490425,0.01705774,5064067.0,0.9738590384615384,1080.22390531613,6934.370034260383,0.2160621
-0.01481824,0.01700808,5058908.0,0.9728669230769231,1089.1823530167196,6991.877733342712,0.2163783
-0.01473224,0.01695843,5053633.0,0.9718525,1098.3859202312526,7050.95894825258,0.2167091
-0.01464624,0.01690878,5048237.0,0.9708148076923077,1107.6515706699654,7110.438699102324,0.2170364
-0.01456024,0.01685912,5042733.0,0.9697563461538462,1116.9899299862868,7170.385196021688,0.2173602
-0.01447423,0.01680947,5037112.0,0.9686753846153846,1126.4243874410158,7230.948583613476,0.2176832
-0.01438823,0.01675982,5031392.0,0.9675753846153846,1136.0713603316135,7292.876188996646,0.2180159
-0.01430223,0.01671017,5025558.0,0.9664534615384616,1145.842061442792,7355.598053107998,0.2183501
-0.01421622,0.01666052,5019632.0,0.9653138461538462,1155.8729244769713,7419.989996018783,0.2186982
-0.01413022,0.01661086,5013597.0,0.9641532692307693,1166.0716957824422,7485.459806285789,0.2190519
-0.01404421,0.01656121,5007478.0,0.9629765384615384,1176.4649774520317,7552.178252908332,0.2194129
-0.01395821,0.01651156,5001257.0,0.9617801923076923,1186.9502319426228,7619.487108214466,0.2197718
-0.01387221,0.01646191,4994962.0,0.9605696153846154,1197.6116457418539,7687.926797438527,0.2201359
-0.0137862,0.01641226,4988573.0,0.9593409615384615,1208.3639322331987,7756.949833198456,0.2204977
-0.0137002,0.0163626,4982118.0,0.9580996153846154,1219.2762274910992,7827.000026375065,0.2208628
-0.0136142,0.01631295,4975582.0,0.9568426923076923,1230.3130932490346,7897.849885193533,0.2212286
-0.01352819,0.0162633,4968989.0,0.9555748076923077,1241.531619130189,7969.865889760738,0.2215996
-0.01344219,0.01621365,4962327.0,0.9542936538461538,1252.8234862359443,8042.352699674545,0.2219666
-0.01335619,0.016164,4955616.0,0.953003076923077,1264.2542136423199,8115.73090692073,0.222335
-0.01327018,0.01611434,4948854.0,0.9517026923076923,1275.7280413992087,8189.385791786799,0.2226966
-0.01318418,0.01606469,4942051.0,0.9503944230769231,1287.2264690204233,8263.198592582323,0.2230492
-0.01309817,0.01601504,4935215.0,0.9490798076923077,1298.7610591497573,8337.243534336247,0.2233944
-0.01301217,0.01596539,4928349.0,0.9477594230769231,1310.4129483872425,8412.04146388891,0.2237387
-0.01292617,0.01591574,4921467.0,0.9464359615384615,1322.1235704539624,8487.216421916011,0.2240776
-0.01284016,0.01586609,4914567.0,0.9451090384615385,1334.0664486448397,8563.882320756127,0.2244256
-0.01275416,0.01581644,4907669.0,0.9437825,1346.0693551915278,8640.933564550833,0.2247688
-0.01266816,0.01576678,4900765.0,0.9424548076923077,1358.2202639845345,8718.934891320765,0.2251139
-0.01258215,0.01571713,4893882.0,0.9411311538461539,1370.3907569128369,8797.061936138847,0.2254511
-0.01249615,0.01566748,4887007.0,0.9398090384615385,1382.6722687827669,8875.901653966914,0.2257872
-0.01241015,0.01561783,4880173.0,0.9384948076923076,1394.9422428325101,8954.667306118254,0.2261128
-0.01232414,0.01556818,4873363.0,0.9371851923076923,1407.3311091770922,9034.196173342485,0.226438
-0.01223814,0.01551852,4866612.0,0.9358869230769231,1419.7641088478586,9114.008349252164,0.2267577
-0.01215213,0.01546887,4859904.0,0.9345969230769231,1432.347994359285,9194.789119031057,0.2270795
-0.01206613,0.01541922,4853272.0,0.9333215384615384,1444.965037748726,9275.782741899548,0.2273952
-0.01198013,0.01536957,4846701.0,0.9320578846153846,1457.7668703572174,9357.96259737864,0.2277161
-0.01189412,0.01531992,4840224.0,0.9308123076923077,1470.5429830705054,9439.977347022077,0.2280264
-0.01180812,0.01527026,4833829.0,0.9295825,1483.3980722265358,9522.49907663075,0.2283332
-0.01172212,0.01522061,4827547.0,0.9283744230769231,1496.2937534444584,9605.281382196157,0.2286349
-0.01163611,0.01517096,4821367.0,0.9271859615384616,1509.3572597235168,9689.141020959996,0.2289401
-0.01155011,0.01512131,4815320.0,0.926023076923077,1522.489240355286,9773.440222759997,0.2292423
-0.01146411,0.01507165,4809394.0,0.9248834615384616,1536.0112613559352,9860.24324273399,0.2295652
-0.0113781,0.015022,4803620.0,0.923773076923077,1549.6685539289692,9947.914622622457,0.2298909
-0.0112921,0.01497235,4797987.0,0.9226898076923077,1563.584544800485,10037.246685745276,0.2302274
-0.0112061,0.01492269,4792525.0,0.921639423076923,1577.5518067903174,10126.907877768808,0.2305606
-0.0111201,0.01487304,4787225.0,0.9206201923076923,1591.5975359254821,10217.072780382883,0.230891
-0.01103409,0.01482339,4782116.0,0.9196376923076923,1605.6240645899752,10307.114427838638,0.2312123
-0.01094809,0.01477373,4777190.0,0.9186903846153847,1619.8564842331978,10398.477768163993,0.23154
-0.01086209,0.01472408,4772473.0,0.9177832692307692,1634.2260873277216,10490.721741485173,0.2318702
-0.01077608,0.01467443,4767957.0,0.9169148076923077,1648.9007423681264,10584.923959816484,0.2322137
-0.01069008,0.01462478,4763667.0,0.9160898076923077,1663.7887220992586,10680.495590855353,0.232565
-0.01060408,0.01457513,4759594.0,0.9153065384615384,1679.0801033568675,10778.656810444529,0.2329364
-0.01051807,0.01452547,4755764.0,0.91457,1694.518115037324,10877.759306749856,0.2333109
-0.01043207,0.01447582,4752165.0,0.9138778846153847,1710.2861670265136,10978.98045791527,0.2336996
-0.01034606,0.01442617,4748824.0,0.9132353846153846,1726.2680567235084,11081.574315040902,0.2340959
-0.01026006,0.01437652,4745728.0,0.91264,1742.6077372423922,11186.46496817487,0.2345077
-0.01017406,0.01432687,4742902.0,0.9120965384615385,1759.2242474786565,11293.132697049665,0.2349308
-0.01008805,0.01427721,4740327.0,0.9116013461538461,1776.3407152430811,11403.009844346525,0.2353785
-0.01000205,0.01422756,4738032.0,0.91116,1793.7769164056256,11514.939482505662,0.2358398
-0.009916048,0.01417791,4735992.0,0.9107676923076923,1811.6958908532047,11629.968226863626,0.2363237
-0.009830044,0.01412826,4734237.0,0.9104301923076923,1829.9712481537065,11747.284728939105,0.2368228
-0.00974404,0.01407861,4732737.0,0.9101417307692308,1848.675587876809,11867.35503311234,0.2373396
-0.009658036,0.01402896,4731523.0,0.9099082692307693,1867.7193092484304,11989.60395777535,0.2378695
-0.009572032,0.0139793,4730560.0,0.909723076923077,1887.2891153978192,12115.230021659665,0.2384218
-0.009486028,0.01392965,4729880.0,0.9095923076923077,1907.3596545786265,12244.070482217801,0.2389964
-0.009400024,0.01388,4729437.0,0.9095071153846154,1928.1461681160845,12377.50705576661,0.2396037
-0.00931402,0.01383035,4729270.0,0.909475,1949.589986719887,12515.163121712314,0.2402419
-0.009228016,0.0137807,4729319.0,0.9094844230769231,1971.8145988214621,12657.831399484894,0.240915
-0.009142013,0.01373105,4729627.0,0.9095436538461539,1994.6587075078405,12804.4764625636,0.2416147
-0.00905601,0.01368139,4730125.0,0.909639423076923,2018.2961691889022,12956.214361679213,0.2423478
-0.008970006,0.01363174,4730860.0,0.9097807692307692,2042.6164687703356,13112.335658210206,0.2431092
-0.008884003,0.01358209,4731748.0,0.9099515384615384,2067.7407603940283,13273.618086889996,0.2439018
-0.008797999,0.01353244,4732841.0,0.9101617307692308,2093.6892584741154,13440.191411767453,0.2447283
-0.008711996,0.01348279,4734042.0,0.9103926923076923,2120.656343889231,13613.303437981307,0.2455958
-0.008625992,0.01343313,4735408.0,0.9106553846153846,2148.5187350386277,13792.162773826754,0.2464984
-0.008539988,0.01338348,4736827.0,0.9109282692307692,2177.527277394799,13978.379692247328,0.2474458
-0.008453985,0.01333383,4738364.0,0.9112238461538461,2207.5307410182095,14170.983390471645,0.2484307
-0.008367981,0.01328418,4739891.0,0.9115175,2238.595217967395,14370.398138679204,0.2494511
-0.008281978,0.01323453,4741483.0,0.9118236538461538,2270.6893890716765,14576.422887145427,0.2505072
-0.008195974,0.01318487,4742994.0,0.9121142307692308,2304.1028943600704,14790.916945896728,0.2516086
-0.008109971,0.01313522,4744506.0,0.912405,2338.6907066453487,15012.949329999048,0.2527494
-0.008023968,0.01308557,4745859.0,0.9126651923076923,2374.9014765727898,15245.400099387323,0.2539466
-0.007937965,0.01303592,4747144.0,0.9129123076923077,2412.574348999244,15487.236663430098,0.2551946
-0.007851962,0.01298626,4748184.0,0.9131123076923077,2452.102415234119,15740.982425454462,0.2565058
-0.00776596,0.01293661,4749081.0,0.9132848076923077,2492.9395085919223,16003.13133279953,0.2578541
-0.007679957,0.01288695,4749650.0,0.9133942307692308,2535.555117639152,16276.69721197935,0.2592551
-0.007593954,0.0128373,4750001.0,0.9134617307692308,2579.3701487694007,16557.96263984531,0.2606817
-0.007507951,0.01278765,4749939.0,0.9134498076923077,2625.0148453524353,16850.973389422896,0.2621565
-0.007421947,0.012738,4749584.0,0.9133815384615385,2672.1770446451715,17153.725568777467,0.263667
-0.007335944,0.01268834,4748727.0,0.9132167307692308,2721.6212460682905,17471.1267918286,0.2652408
-0.00724994,0.01263869,4747502.0,0.9129811538461539,2772.6926622162086,17798.973728005894,0.2668493
-0.007163936,0.01258904,4745688.0,0.9126323076923077,2826.507056253191,18144.428887427424,0.268535
-0.007077933,0.01253939,4743433.0,0.9121986538461538,2882.0974516674573,18501.28487835327,0.2702558
-0.00699193,0.01248974,4740508.0,0.9116361538461538,2940.628889075808,18877.020541699723,0.2720536
-0.006905926,0.01244008,4737073.0,0.910975576923077,3000.980336558237,19264.439545192265,0.2738809
-0.006819923,0.01239043,4732890.0,0.9101711538461539,3064.630399229517,19673.033620082093,0.2757911
-0.006733919,0.01234078,4728134.0,0.9092565384615384,3130.2654002597556,20094.369772802707,0.2777303
-0.006647915,0.01229113,4722556.0,0.9081838461538462,3199.5229076415285,20538.960178062425,0.279755
-0.006561911,0.01224148,4716347.0,0.9069898076923076,3270.968664169823,20997.597790789463,0.2818081
-0.006475907,0.01219183,4709238.0,0.9056226923076923,3346.9499316579995,21485.350581523104,0.2839728
-0.006389903,0.01214218,4701437.0,0.9041225,3425.492381640655,21989.54458139365,0.2861711
-0.006303899,0.01209252,4692653.0,0.9024332692307693,3509.7244345788786,22530.26231680436,0.2885131
-0.006217895,0.01204287,4683122.0,0.9006003846153846,3596.8785626505874,23089.737969109687,0.2908915
-0.006131892,0.01199322,4672511.0,0.8985598076923077,3690.153918229018,23688.508119885755,0.2934118
-0.006045888,0.01194357,4661072.0,0.89636,3786.0671061851554,24304.21152468939,0.295943
-0.005959885,0.01189392,4648409.0,0.8939248076923076,3887.386792939897,24954.62131126703,0.2985679
-0.005873881,0.01184426,4634859.0,0.8913190384615385,3986.8710260060734,25593.248619235725,0.3009954
-0.005787885,0.0117946,4620022.0,0.8884657692307693,4113.761911271669,26407.809700578404,0.3043119
-0.005701897,0.01174492,4604143.0,0.8854121153846154,4259.733824416202,27344.859191310494,0.3082284
-0.005615904,0.01169525,4586487.0,0.8820167307692308,4420.094104848124,28374.273109888127,0.3124958
-0.005529897,0.01164561,4567606.0,0.8783857692307693,4577.995927808616,29387.905250506126,0.3165234
-0.005443868,0.011596,4546954.0,0.8744142307692307,4704.4340739453555,30199.560026375442,0.3192474
-0.005357828,0.01154641,4524750.0,0.8701442307692308,4833.05078691172,31025.19985522002,0.3218669
-0.005271787,0.01149682,4500031.0,0.865390576923077,5008.69709668417,32152.74063738596,0.3258549
-0.00518574,0.01144724,4473044.0,0.8602007692307693,5208.502903939815,33435.37046596698,0.3304204
-0.005099683,0.01139769,4442768.0,0.8543784615384615,5497.840104633139,35292.736521662075,0.3374518
-0.005013605,0.01134816,4410344.0,0.8481430769230769,5813.862106695754,37321.402514411646,0.3449718
-0.004927488,0.01129871,4372214.0,0.8408103846153846,6405.944663742565,41122.206700643874,0.3599936
-0.004841241,0.01124947,4325699.0,0.8318651923076923,7840.396800894676,50330.50311631831,0.4005425
-0.004753901,0.01120225,4279229.0,0.8229286538461539,6875.9900619187565,44139.607730017575,0.3734013
-0.0046663,0.01115547,4246284.0,0.8165930769230769,7140.66677585339,45838.66869769512,0.3801641
-0.004578239,0.01110957,4209128.0,0.8094476923076923,7126.467895938245,45747.52066170083,0.3793529
-0.004489727,0.01106455,4171782.0,0.8022657692307692,7147.304827428496,45881.28088735483,0.3794312
-0.004400772,0.0110204,4133919.0,0.7949844230769231,7211.847267889021,46295.60347627821,0.3806647
-0.004311381,0.01097714,4096179.0,0.7877267307692307,7267.545490759315,46653.151652848406,0.3815978
-0.004221566,0.01093477,4059347.0,0.7806436538461539,7340.248200957597,47119.858131502886,0.3829742
-0.004131335,0.0108933,4022259.0,0.7735113461538462,7422.982279381456,47650.95979608478,0.3845515
-0.004040696,0.01085272,3985227.0,0.7663898076923077,7513.339865675035,48230.99967085401,0.3862501
-0.003949659,0.01081305,3947855.0,0.7592028846153847,7610.060189235723,48851.88438753404,0.3880387
-0.003858234,0.01077427,3910476.0,0.7520146153846153,7717.855473083432,49543.86350637181,0.390006
-0.003766427,0.01073641,3872768.0,0.744763076923077,7831.111047619781,50270.89431768122,0.3920332
-0.003674248,0.01069947,3835167.0,0.7375321153846154,7946.368004905321,51010.77276964621,0.3939773
-0.003581707,0.01066344,3797331.0,0.7302559615384615,8069.972748810603,51804.23885386361,0.3960414
-0.003488814,0.01062833,3759463.0,0.7229736538461539,8202.858684782013,52657.28445657606,0.3981959
-0.003395578,0.01059414,3721230.0,0.7156211538461539,8340.265645675448,53539.35224588255,0.4003656
-0.003302005,0.01056089,3682923.0,0.7082544230769231,8482.104566363469,54449.87047869559,0.4025063
-0.003208104,0.01052857,3644388.0,0.7008438461538462,8616.349114226901,55311.63753030939,0.4043521
-0.003113889,0.01049718,3605970.0,0.6934557692307692,8759.323408817196,56229.444162061634,0.4062718
-0.003019367,0.01046672,3567109.0,0.6859825,8907.977447703512,57183.711242851125,0.4082193
-0.002924548,0.01043721,3528173.0,0.6784948076923077,9050.033734950006,58095.62483466531,0.4098817
-0.00282944,0.01040864,3488921.0,0.6709463461538462,9190.003185026872,58994.1422212444,0.4113875
-0.002734053,0.01038101,3449642.0,0.6633926923076923,9329.018069743366,59886.531888007165,0.4127529
-0.002638397,0.01035433,3409898.0,0.6557496153846154,9472.204931795672,60805.70307152647,0.4141101
-0.002542478,0.01032861,3370421.0,0.6481578846153846,9586.81870958393,61541.452708520184,0.4147202
-0.002446311,0.01030384,3330632.0,0.6405061538461538,9724.178808326089,62423.2196717702,0.415738
-0.002349903,0.01028002,3290710.0,0.6328288461538462,9848.974462758117,63224.3306657415,0.4163801
-0.002253261,0.01025717,3250542.0,0.6251042307692307,9961.814536475942,63948.69421852146,0.4166634
-0.002156399,0.01023527,3210461.0,0.6173963461538462,10082.79299877414,64725.30119752181,0.417027
-0.002059324,0.01021433,3169938.0,0.6096034615384616,10198.345024964328,65467.07380954044,0.4171781
-0.001962045,0.01019437,3129546.0,0.6018357692307692,10306.728998189188,66162.83195044605,0.4170945
-0.001864573,0.01017537,3088831.0,0.5940059615384615,10410.736201768792,66830.49393450347,0.4168273
-0.001766917,0.01015733,3048294.0,0.5862103846153847,10514.58766440593,67497.1561579379,0.4164793
-0.001669086,0.01014028,3007395.0,0.5783451923076923,10611.28359211842,68117.88426834597,0.4158935
-0.001571091,0.01012419,2966760.0,0.5705307692307693,10705.264185774759,68721.1816118368,0.4151767
-0.001472941,0.01010907,2925657.0,0.5626263461538461,10808.30354592531,69382.63063908106,0.4145461
-0.001374646,0.01009493,2884762.0,0.5547619230769231,10892.219048880175,69921.31631918532,0.413468
-0.001276215,0.01008177,2843557.0,0.5468378846153846,10981.655400587611,70495.44243711466,0.4124093
-0.001177659,0.01006958,2802526.0,0.5389473076923077,11068.870844320627,71055.31169808048,0.4112354
-0.001078986,0.01005838,2761042.0,0.5309696153846154,11152.822776860845,71594.23123361396,0.4099094
-0.0009802069,0.01004816,2719952.0,0.5230676923076923,11225.391783167543,72060.07941589609,0.4083139
-0.000881331,0.01003892,2678541.0,0.5151040384615385,11299.406007649251,72535.20500590494,0.4066609
-0.0007823684,0.01003065,2637436.0,0.5071992307692308,11373.199592726452,73008.91422726329,0.4049389
-0.0006833288,0.01002337,2595799.0,0.4991921153846154,11457.11418085956,73547.59403477711,0.4033058
-0.0005842214,0.01001708,2554311.0,0.49121365384615384,11526.244918253578,73991.3706550428,0.4013311
-0.0004850564,0.01001177,2512408.0,0.4831553846153846,11612.004283389608,74541.89279108316,0.3995536
-0.0003858439,0.01000745,2469888.0,0.4749784615384615,11738.562972536858,75354.32137860004,0.3983037
-0.0002865932,0.0100041,2426365.0,0.46660865384615385,11910.400115397693,76457.40966276311,0.3976638
-0.0001873143,0.01000175,2379116.0,0.4575223076923077,12250.418066878925,78640.1148244046,0.399251
-8.801603e-05,0.01000044,2332309.0,0.44852096153846155,12509.466620655397,80303.04648133767,0.3992954
1.129096e-05,0.009999971,2267896.0,0.43613384615384615,13552.734545042635,87000.18195202394,0.409743
0.0001105874,0.01000122,2190345.0,0.4212201923076923,14125.256363162935,90675.41828034035,0.4113992
0.0002098418,0.01000441,2105511.0,0.40490596153846153,14473.782805425642,92912.74269565832,0.4086368
0.0003090139,0.01000956,2020024.0,0.38846615384615385,14685.355106529285,94270.90614458076,0.4035219
0.0004080636,0.01001668,1940708.0,0.3732130769230769,14746.749585370346,94665.020764938,0.3963403
0.0005069526,0.01002577,1859304.0,0.35755846153846155,14772.91462007383,94832.9841211462,0.3882819
0.0006056422,0.01003681,1782386.0,0.3427665384615385,14738.006808367747,94608.89753848033,0.3795364
0.0007040912,0.01004983,1705066.0,0.3278973076923077,14674.502534546655,94201.23933793016,0.3701835
0.0008022646,0.01006478,1632701.0,0.31398096153846156,14601.310372665766,93731.39088189082,0.3609444
0.0009001194,0.01008169,1560118.0,0.3000226923076923,14507.134086090568,93126.83731077368,0.3512477
0.0009976206,0.01010054,1492058.0,0.28693423076923075,14407.900466314106,92489.81878527853,0.3417449
0.00109473,0.01012131,1424060.0,0.2738576923076923,14302.469281438953,91813.01572113892,0.3320233
0.001191405,0.01014402,1359928.0,0.2615246153846154,14179.237100959752,91021.94126392122,0.3223324
0.001287609,0.01016864,1296355.0,0.24929903846153847,14048.629426115946,90183.52068997895,0.3124853
0.001383306,0.01019516,1236425.0,0.23777403846153847,13912.423040468975,89309.15985195541,0.3028441
0.001478459,0.01022358,1177136.0,0.2263723076923077,13770.741898894288,88399.654463563,0.2930952
0.001573024,0.01025388,1121029.0,0.2155825,13620.982936232916,87438.29445483683,0.2835201
0.001666972,0.01028606,1065720.0,0.20494615384615383,13467.637281700312,86453.9101004064,0.2738936
0.001760262,0.0103201,1013315.0,0.19486826923076922,13300.47073170795,85380.80413664004,0.2643932
0.001852859,0.01035598,961979.7,0.18499609615384616,13135.664307594772,84322.84872276723,0.2549556
0.001944724,0.01039369,913203.0,0.17561596153846154,12954.904332482343,83162.48136869867,0.2456297
0.002035822,0.01043323,865658.4,0.16647276923076923,12778.17867668034,82028.01185191846,0.2364077
0.002126115,0.01047456,820412.8,0.1577716923076923,12585.942859362554,80793.97668146934,0.2273128
0.002215573,0.01051768,776503.3,0.1493275576923077,12402.544928947833,79616.67528427333,0.2183952
0.002304157,0.01056256,734507.4,0.1412514230769231,12207.013288825128,78361.48296780643,0.2096263
0.00239183,0.0106092,693935.2,0.13344907692307692,12019.973550035651,77160.80341100837,0.2010356
0.002478561,0.01065756,655138.0,0.12598807692307692,11797.67327563856,75733.77300203411,0.1924276
0.002564312,0.01070765,617776.9,0.11880325,11550.745126065704,74148.64685125496,0.1837515
0.002649054,0.01075942,584236.3,0.11235313461538463,11196.530531029117,71874.80800966725,0.1749424
0.00273275,0.01081287,553495.5,0.10644144230769231,10819.268533594983,69453.01908498419,0.1662397
0.002805451,0.01086119,535856.1,0.10304925,9758.91547330879,62646.207598218374,0.1544883
0.00288784,0.01091664,521746.6,0.1003358846153846,8695.094371217905,55817.13342586518,0.1439956
0.002970221,0.0109721,515646.5,0.09916278846153846,8086.69686994579,51911.59737821995,0.1385775
0.003052613,0.01102754,509777.5,0.09803413461538461,7515.323094563671,48243.730774941556,0.1333506
0.003135027,0.01108295,506387.5,0.09738221153846154,7203.876365673142,46244.43520903306,0.1306285
0.003217482,0.01113829,503275.0,0.09678365384615385,6926.645492401305,44464.78429524823,0.1282002
0.003299977,0.01119357,500874.6,0.09632203846153846,6768.2956432526635,43448.27610332422,0.1269306
0.003382505,0.01124881,498574.7,0.09587975,6617.543520698317,42480.54062172878,0.125698
0.003465062,0.011304,496612.6,0.09550242307692307,6514.1896439971115,41817.07259255965,0.1249397
0.00354765,0.01135915,494703.2,0.09513523076923078,6415.099095825694,41180.97249836925,0.1242132
0.003630266,0.01141425,493015.6,0.0948106923076923,6347.630525630898,40747.86596451943,0.123789
0.003712912,0.01146931,491361.9,0.09449267307692308,6283.232619866133,40334.47119903919,0.1233903
0.003795588,0.01152433,489804.8,0.09419323076923077,6237.045703699402,40037.97973475545,0.1231435
0.003878293,0.0115793,488262.8,0.0938966923076923,6192.822030630956,39754.091078133824,0.1229133
0.003961026,0.01163423,486703.4,0.0935968076923077,6156.924829089175,39523.65322403701,0.1227274
0.004043788,0.01168911,485144.1,0.09329694230769231,6121.89427875839,39298.778735237065,0.1225475
0.004126581,0.01174395,483510.6,0.09298280769230768,6090.078982317127,39094.544189799155,0.1223619
0.004209402,0.01179875,481870.1,0.09266732692307691,6058.4039740647495,38891.210207854034,0.1221749
0.004292253,0.0118535,480155.4,0.09233757692307692,6028.113519877645,38696.76420753364,0.1219714
0.004375132,0.0119082,478433.8,0.09200649999999999,5997.702306317813,38501.54300665393,0.1217637
0.004458041,0.01196287,476663.2,0.091666,5968.335544567375,38313.02654105515,0.1215451
0.004540979,0.01201749,474887.9,0.09132459615384615,5938.844099933656,38123.70968838352,0.1213226
0.004623945,0.01207206,473088.6,0.09097857692307691,5910.529373253103,37941.946637912566,0.121098
0.004706934,0.01212659,471286.6,0.09063203846153846,5882.204922822403,37760.121166973695,0.1208711
0.004789963,0.01218108,469476.5,0.09028394230769231,5855.48235259793,37588.57877720518,0.1206512
0.00487301,0.01223552,467664.7,0.08993551923076923,5828.872744884833,37417.76153696356,0.1204304
0.0049561,0.01228993,465848.8,0.08958630769230769,5804.127172902732,37258.910254383314,0.1202219
0.005039213,0.01234428,464031.5,0.08923682692307693,5779.509915588155,37100.88267268679,0.1200123
0.005122354,0.01239859,462212.1,0.0888869423076923,5756.454991255833,36952.88430341778,0.1198133
0.005205522,0.01245286,460391.9,0.08853690384615386,5733.488983268796,36805.45672214675,0.119613
0.005288718,0.01250708,458572.4,0.088187,5711.608674424158,36664.998658549084,0.1194196
0.005371942,0.01256126,456752.7,0.0878370576923077,5689.750387254125,36524.68196049584,0.1192243
0.005455195,0.0126154,454937.7,0.08748801923076924,5668.665636908894,36389.330890912686,0.119034
0.005538476,0.01266949,453122.9,0.08713901923076924,5647.6489280863725,36254.41660586451,0.1188427
0.005621782,0.01272354,451315.2,0.08679138461538462,5627.703560394528,36126.379668925816,0.11866
0.005705118,0.01277754,449507.5,0.08644375,5607.896185417962,35999.228559957664,0.1184771
0.005788487,0.01283151,447702.8,0.0860966923076923,5589.464124945106,35880.90612033785,0.1183053
0.005871883,0.01288542,445897.3,0.08574948076923077,5571.173948254195,35763.4944869324,0.1181329
0.005955306,0.0129393,444090.9,0.08540209615384615,5553.785249175489,35651.8697828014,0.117966
0.006038761,0.01299313,442283.9,0.08505459615384615,5536.470487756673,35540.71971276303,0.1177977
0.006122238,0.01304691,440478.8,0.08470746153846154,5519.559068993237,35432.1588533589,0.11763
0.006205752,0.01310066,438673.7,0.08436032692307692,5502.679184520266,35323.800424615474,0.1174607
0.006289282,0.01315435,436874.6,0.08401434615384615,5486.438749576685,35219.54686675409,0.1172951
0.006372854,0.01320802,435075.4,0.08366834615384616,5470.271201060633,35115.76119472311,0.1171284
0.006456437,0.01326162,433282.9,0.08332363461538463,5454.744755276016,35016.09100610985,0.1169649
0.006540067,0.0133152,431490.6,0.08297896153846153,5439.293209805142,34916.90163123216,0.1168004
0.006623714,0.01336873,429707.5,0.0826360576923077,5424.15597017923,34819.729905679,0.1166358
0.006707388,0.01342221,427925.3,0.08229332692307692,5409.006572288878,34722.480131580356,0.1164693
0.00679109,0.01347565,426158.1,0.08195348076923077,5394.157671917805,34627.159365887106,0.1163033
0.006874819,0.01352905,424391.9,0.08161382692307692,5379.365073575937,34532.20002443402,0.1161364
0.006958577,0.0135824,422642.1,0.08127732692307692,5365.227361541739,34441.444648441626,0.1159734
0.007042362,0.01363571,420892.9,0.08094094230769232,5351.241189103372,34351.6620630227,0.1158106
0.007126176,0.01368897,419155.4,0.0806068076923077,5338.009886356469,34266.72527461169,0.1156516
0.007210017,0.0137422,417418.1,0.08027271153846154,5324.854296563879,34182.27451658661,0.1154915
0.007293886,0.01379537,415690.6,0.0799405,5311.860871214136,34098.86475408808,0.1153284
0.007377782,0.01384851,413963.7,0.07960840384615385,5298.852382663221,34015.35829514512,0.1151632
0.007461704,0.0139016,412250.9,0.07927901923076923,5285.386295409089,33928.91433526399,0.1149892
0.007545654,0.01395465,410539.4,0.07894988461538462,5271.870201730944,33842.14936503815,0.1148131
0.007629631,0.01400766,408846.8,0.07862438461538461,5258.270907826889,33754.8503007689,0.1146332
0.007713635,0.01406063,407155.3,0.07829909615384616,5244.6917981889965,33667.680807017154,0.1144521
0.007797666,0.01411355,405481.9,0.07797728846153847,5231.622839991703,33583.78617030682,0.1142734
0.007881725,0.01416643,403809.3,0.07765563461538462,5218.658550681548,33500.56344318016,0.1140942
0.007965812,0.01421926,402152.4,0.077337,5206.182851842986,33420.47716499576,0.1139163
0.008049925,0.01427205,400496.4,0.07701853846153847,5193.735503831482,33340.572881603955,0.1137368
0.008134066,0.0143248,398857.9,0.07670344230769231,5181.505372370327,33262.062994253814,0.113556
0.008218232,0.01437751,397220.3,0.07638851923076923,5169.280745670192,33183.5884440682,0.1133735
0.008302426,0.01443017,395602.1,0.07607732692307692,5157.217636341,33106.150735607305,0.1131892
0.008386646,0.01448279,393984.7,0.07576628846153846,5145.248835111058,33029.31842687346,0.1130045
0.008470894,0.01453536,392383.3,0.07545832692307693,5133.560253444973,32954.284954600334,0.112819
0.008555168,0.0145879,390782.5,0.07515048076923077,5121.906314018891,32879.47386410363,0.1126319
0.008639468,0.01464039,389195.1,0.07484521153846153,5110.125334001198,32803.84725150335,0.1124395
0.008723795,0.01469284,387608.3,0.07454005769230769,5098.30380727383,32727.96035407954,0.1122447
0.008808148,0.01474524,386036.5,0.07423778846153846,5085.938302628304,32648.581454528758,0.1120407
0.008892527,0.01479761,384465.6,0.0739356923076923,5073.543226776994,32569.012726108,0.1118349
0.008976933,0.01484993,382910.8,0.0736366923076923,5061.0104364165345,32488.559955628156,0.1116248
0.009061365,0.01490221,381356.7,0.07333782692307693,5048.492519201656,32408.202661553278,0.1114135
0.009145825,0.01495445,379815.3,0.07304140384615385,5036.247831151341,32329.59932989481,0.1112019
0.009230311,0.01500664,378274.0,0.072745,5024.008789049335,32251.032241736022,0.1109885
0.009314824,0.01505879,376742.9,0.0724505576923077,5011.69065884455,32171.95745682355,0.1107706
0.009399363,0.01511089,375211.7,0.07215609615384616,4999.354546932772,32092.76724046255,0.1105507
0.009483928,0.01516296,373690.8,0.07186361538461539,4986.798973187602,32012.16821473003,0.110325
0.00956852,0.01521498,372169.9,0.07157113461538463,4974.192114389328,31931.239970644077,0.1100969
0.009653138,0.01526696,370658.3,0.0712804423076923,4961.795832230132,31851.663498472037,0.1098681
0.009737783,0.0153189,369146.3,0.07098967307692307,4949.403535517086,31772.11261040179,0.1096375
0.009822453,0.01537079,367641.3,0.07070024999999999,4936.993030829897,31692.444838387702,0.109403
0.009907149,0.01542264,366136.0,0.07041076923076924,4924.5370324690575,31612.48502509795,0.109166
0.00999187,0.01547445,364640.0,0.07012307692307693,4911.56627794353,31529.22079528326,0.1089206
0.01007662,0.01552622,363144.3,0.0698354423076923,4898.47441861897,31445.179147485793,0.108672
0.01016139,0.01557794,361662.2,0.06955042307692308,4884.950649390577,31358.36490496987,0.1084172
0.01024619,0.01562963,360180.3,0.0692654423076923,4871.374102941939,31271.21186530942,0.1081602
0.01033101,0.01568127,358712.1,0.06898309615384615,4857.781649667326,31183.95671365456,0.1079021
0.01041586,0.01573287,357243.9,0.06870075,4844.221770543674,31096.910667922286,0.1076426
0.01050073,0.01578443,355786.7,0.06842051923076924,4830.532339799561,31009.032980832697,0.1073804
0.01058563,0.01583594,354329.6,0.0681403076923077,4816.788085261173,30920.803358857844,0.1071158
0.01067056,0.01588741,352883.6,0.06786223076923076,4802.787275557555,30830.926811239933,0.1068475
0.01075551,0.01593884,351437.2,0.06758407692307693,4788.7409520225765,30740.758092946315,0.106577
0.01084049,0.01599023,350001.4,0.06730796153846154,4774.621863813381,30650.12227040333,0.1063053
0.01092549,0.01604157,348565.1,0.06703175,4760.502141779018,30559.482379094385,0.1060318
0.01101052,0.01609288,347136.7,0.06675705769230769,4746.451545807627,30469.28623439881,0.1057584
0.01109558,0.01614414,345707.6,0.06648223076923077,4732.354897317418,30378.794460986894,0.1054825
0.01118066,0.01619535,344285.3,0.06620871153846154,4718.005392867364,30286.679508544865,0.1052034
0.01126577,0.01624653,342862.5,0.06593509615384616,4703.554194754601,30193.911745621695,0.1049212
0.0113509,0.01629767,341448.7,0.06566321153846154,4688.600808046811,30097.920242205684,0.1046338
0.01143605,0.01634876,340034.6,0.06539126923076923,4673.547829770375,30001.289422453607,0.1043437
0.01152123,0.01639981,338630.9,0.06512132692307693,4658.197559528425,29902.750171970692,0.1040514
0.01160644,0.01645082,337226.8,0.0648513076923077,4642.774945771788,29803.746520822373,0.1037566
0.01169167,0.01650179,335832.1,0.06458309615384615,4627.258347273462,29704.139545702757,0.1034621
0.01177693,0.01655271,334436.7,0.06431475,4611.702780683618,29604.2824195128,0.1031655
0.01186221,0.01660359,333048.2,0.06404773076923077,4596.173398281867,29504.593379631984,0.1028704
0.01194751,0.01665443,331658.8,0.06378053846153846,4580.57184014542,29404.44101612963,0.1025725
0.01203285,0.01670523,330275.2,0.06351446153846155,4564.752745427807,29302.89220218551,0.1022734
0.0121182,0.01675599,328890.6,0.0632481923076923,4548.818130960165,29200.60182282238,0.101971
0.01220358,0.01680671,327513.5,0.06298336538461538,4532.345624677212,29094.858510352133,0.1016644
0.01228899,0.01685738,326135.8,0.06271842307692307,4515.717035376716,28988.11324134826,0.1013543
0.01237441,0.01690802,324768.0,0.062455384615384614,4498.68741250039,28878.79358457415,0.1010423
0.01245987,0.01695861,323399.6,0.062192230769230764,4481.550108750388,28768.78268312381,0.1007276
0.01254535,0.01700916,322040.3,0.06193082692307692,4464.3708508595655,28658.50246201161,0.1004149
0.01263085,0.01705967,320680.1,0.061669249999999995,4447.143968274614,28547.91651978896,0.1001
0.01271638,0.01711013,319325.5,0.06140875,4430.084939802094,28438.408097256113,0.09978892
0.01280193,0.01716056,317969.6,0.061147999999999994,4412.944704827505,28328.378379155045,0.09947498
0.01288751,0.01721094,316617.3,0.0608879423076923,4395.67726169036,28217.532063248465,0.09916102
0.01297311,0.01726128,315263.9,0.06062767307692308,4378.272701665184,28105.80554164113,0.09884361
0.01305874,0.01731158,313915.7,0.06036840384615385,4360.367905387831,27990.867812375753,0.09852225
0.01314439,0.01736184,312566.7,0.06010898076923077,4342.25826007859,27874.61507889571,0.09819682
0.01323006,0.01741206,311226.5,0.05985125,4323.700749506081,27755.487327147963,0.09786876
0.01331576,0.01746224,309885.4,0.059593346153846156,4305.003185663273,27635.46051993961,0.09753766
0.01340148,0.01751237,308553.2,0.059337153846153845,4286.303953831085,27515.423005270033,0.09720874
0.01348723,0.01756247,307219.8,0.05908073076923077,4267.53085381622,27394.911302508597,0.09687752
0.013573,0.01761252,305891.1,0.058825211538461535,4249.123220432967,27276.745669711272,0.09655159
0.0136588,0.01766253,304560.7,0.058569365384615386,4230.629805719182,27158.029373773632,0.0962228
0.01374462,0.0177125,303232.0,0.058313846153846154,4212.148120044187,27039.388371018,0.09589437
0.01383046,0.01776243,301901.6,0.058058,4193.5233821616575,26919.829061477663,0.09556238
0.01391633,0.01781231,300574.0,0.057802692307692305,4174.506404346499,26797.751813923107,0.09522619
0.01400222,0.01786216,299245.0,0.057547115384615384,4155.282767319718,26674.347941918444,0.09488588
0.01408813,0.01791196,297921.6,0.05729261538461538,4135.778591024768,26549.14318114891,0.09454318
0.01417407,0.01796173,296596.9,0.05703786538461539,4116.111945759862,26422.895469976957,0.09419708
0.01426003,0.01801145,295278.1,0.056784249999999994,4096.4397130626085,26296.61189094164,0.09385153
0.01434602,0.01806113,293957.9,0.05653036538461539,4076.642900280728,26169.5285847373,0.093503
0.01443203,0.01811077,292641.6,0.05627723076923077,4057.106992925167,26044.120130164316,0.09315758
0.01451807,0.01816037,291323.6,0.056023769230769224,4037.4627756132427,25918.016392592945,0.09280916
0.01460412,0.01820993,290007.3,0.05577063461538461,4017.928182838402,25792.616376815946,0.09246151
0.0146902,0.01825945,288689.2,0.05551715384615385,3998.2407971923703,25666.23552521202,0.09211026
0.01477631,0.01830892,287373.2,0.05526407692307692,3978.3901440245445,25538.80659699627,0.09175677
0.01486244,0.01835836,286055.5,0.055010673076923075,3958.3354159316636,25410.067633853425,0.09139908
0.01494859,0.01840776,284742.9,0.05475825,3937.869821906645,25278.69116528796,0.09103697
0.01503476,0.01845711,283428.8,0.05450553846153846,3917.2174836635218,25146.115914225902,0.09067126
0.01512096,0.01850643,282121.5,0.054254134615384614,3896.5662238682185,25013.547586132507,0.09030648
0.01520718,0.0185557,280812.6,0.05400242307692307,3875.788913864052,24880.170093580844,0.08993877
0.01529342,0.01860493,279507.8,0.0537515,3855.4945865489485,24749.893051472485,0.08957729
0.01537969,0.01865412,278201.0,0.05350019230769231,3835.129453160953,24619.1614781251,0.08921328
0.01546598,0.01870327,276894.8,0.053249,3815.111399271119,24490.65794070593,0.08885317
0.0155523,0.01875238,275586.6,0.052997423076923074,3794.954048647114,24361.260204320646,0.08848954
0.01563864,0.01880145,274279.2,0.052746,3774.7354206387354,24231.469104989133,0.08812534
0.015725,0.01885047,272969.9,0.052494211538461545,3754.31000409729,24100.35055104375,0.08775686
0.01581138,0.01889946,271664.8,0.052243230769230764,3733.5945473485385,23967.370118174586,0.08738603
0.01589779,0.01894841,270358.2,0.05199196153846154,3712.696117107818,23833.215108540797,0.08701159
0.01598422,0.01899732,269057.8,0.05174188461538461,3691.856639444487,23699.438538028826,0.08663963
0.01607067,0.01904618,267755.9,0.05149151923076924,3670.8886786552903,23564.837185234657,0.08626467
0.01615714,0.01909501,266458.9,0.05124209615384616,3650.3245519366783,23432.828197656712,0.08589618
0.01624364,0.01914379,265160.1,0.05099232692307692,3629.6821059974513,23300.31644907351,0.08552523
0.01633016,0.01919254,263863.8,0.05074303846153846,3609.405474849191,23170.15300542235,0.08515985
0.01641671,0.01924124,262566.0,0.050493461538461536,3589.0314690122373,23039.36447643468,0.08479159
0.01650328,0.0192899,261270.7,0.05024436538461539,3568.8271153659425,22909.665009688048,0.08442675
0.01658987,0.01933853,259973.6,0.049994923076923076,3548.4749234361357,22779.0165125061,0.08405847
0.01667648,0.01938711,258681.2,0.049746384615384616,3528.135688081755,22648.451188532905,0.08369225
0.01676311,0.01943565,257387.3,0.04949755769230769,3507.6583568508936,22516.999374357998,0.0833229
0.01684977,0.01948415,256099.8,0.049249961538461534,3487.371410779396,22386.769715272938,0.08295818
0.01693645,0.01953261,254810.8,0.04900207692307692,3466.9778363910386,22255.855568276074,0.08259075
0.01702315,0.01958104,253528.1,0.048755403846153844,3446.9524171936487,22127.304750133197,0.08223007
0.01710988,0.01962942,252243.9,0.04850844230769231,3426.850313097832,21998.26166232371,0.08186706
0.01719662,0.01967776,250964.6,0.04826242307692308,3407.319715411506,21872.88729254653,0.08151298
0.01728339,0.01972606,249683.6,0.048016076923076925,3387.713177299942,21747.025432160626,0.08115642
0.01737019,0.01977432,248406.9,0.04777055769230769,3368.4671829258127,21623.47803979992,0.08080597
0.017457,0.01982254,247128.8,0.04752476923076923,3349.1096275568943,21499.214494782853,0.08045263
0.01754384,0.01987072,245857.4,0.04728026923076923,3329.790422715447,21375.197136456514,0.08010197
0.01763069,0.01991886,244584.9,0.04703555769230769,3310.308017731091,21250.132134049156,0.07974782
0.01771757,0.01996696,243323.0,0.04679288461538462,3290.8548885958226,21125.25506450428,0.07939717
0.01780447,0.02001502,242060.3,0.04655005769230769,3271.3137938869854,20999.813310328373,0.07904434
0.0178914,0.02006305,240808.9,0.04630940384615385,3252.29208484617,20877.705691228377,0.07870099
0.01797834,0.02011103,239556.5,0.04606855769230769,3233.263667427092,20755.555008484844,0.07835646
0.01806531,0.02015897,238312.5,0.045829326923076924,3215.0859365713404,20638.865207864215,0.07802473
0.0181523,0.02020687,237067.4,0.045589884615384615,3196.8950248311558,20522.0907941096,0.07769139
0.01823932,0.02025473,235829.0,0.04535173076923077,3179.2276595999297,20408.677225458854,0.07736632
0.01832635,0.02030255,234589.7,0.04511340384615385,3161.5109635521185,20294.94698344566,0.07703923
0.01841341,0.02035033,233358.7,0.04487667307692308,3144.032334075033,20182.74498172235,0.07671718
0.01850048,0.02039807,232127.2,0.044639846153846155,3126.4746878886463,20070.035741547374,0.07639291
0.01858759,0.02044577,230906.2,0.04440503846153846,3109.3301637353006,19959.97848956884,0.07607631
0.01867471,0.02049343,229684.7,0.04417013461538462,3092.149333955377,19849.688177899832,0.07575812
0.01876186,0.02054106,228474.4,0.043937384615384614,3075.443456154697,19742.446764479017,0.07544823
0.01884901,0.02058863,227263.7,0.043704557692307695,3058.7187246692256,19635.08432205097,0.07513698
0.01893621,0.02063618,226064.6,0.04347396153846154,3042.468101733034,19530.76536357188,0.074834
0.01902341,0.02068368,224865.3,0.04324332692307692,3026.202306785411,19426.349010153735,0.07452978
0.01911065,0.02073115,223678.1,0.04301501923076923,3010.413853459304,19324.996895010685,0.07423389
0.01919789,0.02077857,222490.9,0.04278671153846154,2994.615203154337,19223.57932156376,0.07393685
0.01928517,0.02082596,221316.4,0.04256084615384615,2979.2953142313277,19125.235100376744,0.07364818
0.01937246,0.0208733,220142.1,0.04233501923076923,2963.973576202404,19026.87900907226,0.07335849
0.01945979,0.02092061,218981.8,0.042111884615384614,2948.996353951727,18930.734496198187,0.07307558
0.01954712,0.02096788,217821.7,0.04188878846153846,2934.0072117299037,18834.51346447434,0.07279162
0.01963448,0.02101511,216677.2,0.04166869230769231,2919.4488621275477,18741.05785519367,0.07251586
0.01972186,0.0210623,215533.1,0.04144867307692308,2904.905332643648,18647.697381916583,0.07223945
0.01980926,0.02110945,214404.4,0.04123161538461538,2890.96696496827,18558.221673538923,0.07197328
0.01989668,0.02115656,213276.1,0.04101463461538462,2877.0662918948024,18468.987941215164,0.07170673
0.01998413,0.02120363,212162.6,0.0408005,2863.708156724518,18383.236967011988,0.07144933
0.02007159,0.02125066,211049.6,0.04058646153846154,2850.375574448772,18297.65002660338,0.0711914
0.02015908,0.02129765,209951.6,0.040375307692307696,2837.5165441983904,18215.102997604055,0.07094176
0.02024659,0.0213446,208854.2,0.04016426923076923,2824.6833821145647,18132.722026250856,0.07069163
0.02033412,0.02139151,207772.0,0.03995615384615385,2812.3897839029546,18053.80472157699,0.07045064
0.02042166,0.02143838,206690.5,0.03974817307692308,2800.1564145053635,17975.274048675554,0.07020974
0.02050924,0.02148522,205623.7,0.039543019230769236,2788.5424278299997,17900.719430152858,0.06997868
0.02059683,0.02153201,204557.5,0.03933798076923077,2776.9562646353475,17826.343421185036,0.06974711
0.02068444,0.02157877,203507.1,0.03913598076923077,2765.748131119614,17754.394129182703,0.06952247
0.02077207,0.02162548,202457.5,0.038934134615384614,2754.5352663646368,17682.414465547714,0.06929694
0.02085972,0.02167216,201426.6,0.038735884615384616,2743.4143162938535,17611.024837393932,0.06907521
0.0209474,0.0217188,200396.8,0.03853784615384615,2732.2969194382576,17539.658018686227,0.06885299
0.02103509,0.0217654,199387.3,0.038343711538461535,2721.536342931623,17470.58176615029,0.06863843
0.02112281,0.02181197,198379.0,0.03814980769230769,2710.8353556848147,17401.888039844027,0.06842418
0.02121054,0.02185849,197388.7,0.03795936538461539,2700.881341948954,17337.989421945575,0.06822207
0.0212983,0.02190497,196399.5,0.037769134615384614,2691.0392910501787,17274.80953628274,0.0680209
0.02138608,0.02195141,195425.2,0.03758176923076923,2681.9914426592463,17216.72794000641,0.06783155
0.02147388,0.02199781,194451.8,0.03739457692307692,2672.9964988508113,17158.985958461562,0.06764205
0.0215617,0.02204418,193493.3,0.03721025,2664.3850488090934,17103.70576994977,0.06745906
0.02164954,0.0220905,192535.9,0.037026134615384614,2655.766868286653,17048.382375910303,0.0672752
0.0217374,0.02213679,191597.1,0.03684559615384615,2647.1144305411276,16992.839071665137,0.06709318
0.02182528,0.02218304,190659.6,0.03666530769230769,2638.441361065425,16937.16332445996,0.06691043
0.02191317,0.02222926,189743.4,0.036489115384615384,2629.9464010910765,16882.63093020497,0.06673305
0.02200108,0.02227543,188828.6,0.03631319230769231,2621.4971642273626,16828.39205006932,0.0665559
0.02208903,0.02232157,187933.5,0.036141057692307695,2613.611833602569,16777.773099566828,0.06638874
0.02217698,0.02236766,187039.7,0.03596917307692308,2605.8281781568444,16727.806840891924,0.06622256
0.02226498,0.02241372,186162.3,0.035800442307692304,2598.8176449022185,16682.80354899492,0.06606816
0.02235298,0.02245973,185285.9,0.03563190384615385,2591.876069115911,16638.242921437773,0.06591396
0.022441,0.02250571,184424.7,0.035466288461538466,2585.384542409934,16596.571330904557,0.06576701
0.02252905,0.02255165,183564.7,0.03530090384615385,2578.910478499691,16555.011840730214,0.06561961
0.02261711,0.02259755,182721.7,0.035138788461538464,2572.5449956607004,16514.149373944332,0.06547547
0.02270518,0.02264341,181880.1,0.034976942307692306,2566.1643654924474,16473.189670663665,0.06533059
0.02279329,0.02268924,181057.5,0.03481875,2559.9156196037575,16433.076582970465,0.06518988
0.0228814,0.02273502,180236.3,0.03466082692307692,2553.694298179621,16393.139543394944,0.06504919
0.02296955,0.02278078,179433.9,0.03450651923076923,2547.8222559546743,16355.444660469107,0.0649154
0.0230577,0.02282648,178632.9,0.03435248076923077,2542.011533759711,16318.14341424796,0.06478206
0.0231459,0.02287216,177848.7,0.03420167307692308,2536.7508136821843,16284.372841790986,0.06465778
0.02323409,0.02291779,177065.7,0.034051096153846154,2531.554285207579,16251.014339762707,0.06453381
0.02332232,0.02296339,176298.0,0.033903461538461535,2526.767919492448,16220.288829223016,0.06441665
0.02341056,0.02300895,175531.4,0.03375603846153846,2522.0185705486256,16189.800943483579,0.06429942
0.02349882,0.02305446,174780.9,0.033611711538461535,2517.4910762300783,16160.737227361104,0.06418666
0.02358711,0.02309994,174031.6,0.03346761538461539,2512.9695418886704,16131.711770609374,0.06407346
0.0236754,0.02314539,173299.5,0.033326826923076924,2508.5296399507847,16103.21034345005,0.06396324
0.02376372,0.02319079,172568.6,0.033186269230769234,2504.10800002771,16074.826147142261,0.06385295
0.02385206,0.02323616,171855.2,0.033049076923076924,2499.903662176908,16047.836895874045,0.06374755
0.02394042,0.02328149,171143.1,0.032912134615384614,2495.744824147546,16021.139725346506,0.06364243
0.0240288,0.02332678,170447.0,0.03277826923076923,2491.9737985368947,15996.932070929457,0.06354411
0.0241172,0.02337203,169752.1,0.03264463461538462,2488.2635609246677,15973.114637903216,0.06344621
0.02420562,0.02341724,169071.8,0.03251380769230769,2484.93700168733,15951.76018298043,0.06335462
0.02429405,0.02346242,168392.5,0.03238317307692308,2481.6490988820665,15930.653878466916,0.06326304
0.02438251,0.02350756,167727.5,0.03225528846153846,2478.612209987024,15911.158928163075,0.06317602
0.02447098,0.02355265,167063.5,0.03212759615384615,2475.5944447913203,15891.786740193027,0.06308876
0.02455948,0.02359772,166414.5,0.032002788461538464,2472.6870393178465,15873.122993451743,0.06300437
0.02464799,0.02364274,165766.5,0.031878173076923075,2469.792340694779,15854.540816838886,0.06291977
0.02473653,0.02368773,165133.9,0.03175651923076923,2467.0468089231395,15836.916199246485,0.06283877
0.02482508,0.02373268,164502.3,0.03163505769230769,2464.3350796407167,15819.508572749315,0.06275787
0.02491365,0.02377759,163885.3,0.03151640384615385,2461.886156859077,15803.788001606936,0.0626819
0.02500224,0.02382246,163269.2,0.03139792307692308,2459.4868617769107,15788.386009631715,0.06260623
0.02509085,0.02386729,162666.1,0.03128194230769231,2457.484240595501,15775.530419006473,0.06253683
0.02517948,0.02391209,162063.9,0.031166134615384613,2455.5255918178714,15762.957104044275,0.06246755
0.02526813,0.02395685,161473.7,0.031052634615384617,2453.8471512962424,15752.182552953345,0.06240275
0.0253568,0.02400157,160884.4,0.03093930769230769,2452.190156750076,15741.54567177406,0.06233774
0.02544549,0.02404625,160307.5,0.030828365384615385,2450.6425826038976,15731.611201955127,0.06227511
0.02553419,0.0240909,159731.5,0.030717596153846154,2449.0985082984844,15721.699198951457,0.0622121
0.02562292,0.02413551,159168.5,0.030609326923076923,2447.659704509983,15712.462967622874,0.0621517
0.02571166,0.02418008,158606.4,0.030501230769230767,2446.2445963342884,15703.378847487706,0.06209126
0.02580042,0.02422461,158057.1,0.030395596153846155,2445.013839583446,15695.478149594885,0.06203438
0.0258892,0.02426911,157508.6,0.030290115384615384,2443.812358779657,15687.765385193421,0.06197755
0.025978,0.02431357,156972.3,0.030186980769230768,2442.8387772219717,15681.515593139851,0.06192467
0.02606682,0.02435799,156436.8,0.030083999999999996,2441.8870888521838,15675.406341825439,0.06187165
0.02615565,0.02440237,155913.1,0.029983288461538464,2441.0755148396656,15670.196538112252,0.06182141
0.02624451,0.02444672,155390.2,0.029882730769230773,2440.288756720644,15665.146037102317,0.06177114
0.02633338,0.02449103,154879.0,0.029784423076923076,2439.674161531887,15661.200715730381,0.06172402
0.02642228,0.0245353,154368.5,0.02968625,2439.088492780437,15657.441084213182,0.06167692
0.02651119,0.02457954,153869.3,0.02959025,2438.654427251326,15654.65465171233,0.06163262
0.02660012,0.02462373,153370.8,0.029494384615384613,2438.240643545239,15651.998415983762,0.0615882
0.02668907,0.02466789,152883.5,0.029400673076923078,2437.948377828208,15650.12225066262,0.0615462
0.02677803,0.02471201,152396.8,0.029307076923076922,2437.6858046367506,15648.436693009544,0.06150424
0.02686702,0.0247561,151920.7,0.029215519230769232,2437.584462892519,15647.786141627592,0.06146512
0.02695602,0.02480014,151445.3,0.029124096153846153,2437.520006417432,15647.372370883253,0.06142614
0.02704504,0.02484415,150979.0,0.029034423076923076,2437.7763794710986,15649.01812748259,0.06139176
0.02713408,0.02488812,150513.3,0.02894486538461538,2438.0709678016483,15650.90920254745,0.06135737
0.02722314,0.02493206,150056.0,0.02885692307692308,2438.562661937069,15654.06557509383,0.06132572
0.02731223,0.02497596,149599.3,0.028769096153846152,2439.0689874972936,15657.315872347132,0.06129377
0.02740133,0.02501982,149151.9,0.02868305769230769,2439.5785442257097,15660.586911703782,0.06126226
0.02749044,0.02506365,148705.0,0.028597115384615384,2440.089556796512,15663.867296669032,0.06123038
0.02757957,0.02510744,148267.9,0.02851305769230769,2440.6343929464924,15667.364808114033,0.06119964
0.02766872,0.02515119,147831.4,0.028429115384615383,2441.202877739274,15671.014129234029,0.06116889
0.02775789,0.0251949,147404.3,0.028346980769230767,2441.916389139448,15675.594431565907,0.06114059
0.02784707,0.02523858,146977.8,0.028264961538461537,2442.659679819113,15680.365898472397,0.06111235
0.02793628,0.02528222,146560.3,0.028184673076923076,2443.5602403202015,15686.14694046013,0.06108657
0.0280255,0.02532583,146143.2,0.02810446153846154,2444.467808156359,15691.972965209387,0.06106041
0.02811474,0.0253694,145735.2,0.028026000000000002,2445.411033600423,15698.027889769637,0.06103525
0.028204,0.02541293,145327.6,0.027947615384615387,2446.380083294691,15704.24859006017,0.06101011
0.02829327,0.02545642,144928.5,0.027870865384615386,2447.483046294586,15711.328931031825,0.06098713
0.02838257,0.02549988,144529.9,0.02779421153846154,2448.6285817460234,15718.682560838146,0.06096435
0.02847188,0.0255433,144138.3,0.027718903846153845,2450.0571949306263,15727.853374786167,0.0609453
0.02856121,0.02558668,143747.0,0.027643653846153846,2451.5278838717286,15737.294289093568,0.0609263
0.02865056,0.02563002,143362.0,0.027569615384615383,2453.1738125488278,15747.860134230708,0.06090935
0.02873993,0.02567333,142977.3,0.027495634615384613,2454.838365427959,15758.54553523756,0.06089212
0.02882931,0.0257166,142599.3,0.027422942307692304,2456.488033568398,15769.135385418838,0.0608747
0.02891871,0.02575984,142221.7,0.027350326923076925,2458.139028811095,15779.73375477664,0.06085682
0.02900813,0.02580304,141851.4,0.027279115384615384,2459.7775351656696,15790.251953189201,0.0608391
0.02909757,0.0258462,141481.4,0.02720796153846154,2461.438118564253,15800.911872583556,0.06082129
0.02918702,0.02588933,141118.6,0.027138192307692308,2463.159432461799,15811.961644257704,0.06080446
0.02927649,0.02593242,140756.2,0.027068500000000002,2464.9085979596625,15823.190205997222,0.06078762
0.02936598,0.02597547,140400.3,0.02700005769230769,2466.768276624274,15835.128193984503,0.06077226
0.02945549,0.02601849,140044.8,0.026931692307692306,2468.6548248816694,15847.23866815554,0.0607568
0.02954501,0.02606147,139695.6,0.026864538461538464,2470.593686346914,15859.684960798213,0.060742
0.02963455,0.02610442,139346.6,0.026797423076923076,2472.556797690806,15872.286922678528,0.06072709
0.02972411,0.02614733,139003.7,0.02673148076923077,2474.568336807151,15885.19976093593,0.06071278
0.02981369,0.0261902,138661.1,0.026665596153846154,2476.602582389878,15898.258360677863,0.06069836
0.02990328,0.02623303,138324.5,0.026600865384615386,2478.6665716165694,15911.50789623634,0.06068427
0.02999289,0.02627583,137988.2,0.02653619230769231,2480.749581955982,15924.879535585917,0.06067001
0.03008252,0.0263186,137657.7,0.026472634615384617,2482.847330263598,15938.345783585208,0.06065592
0.03017217,0.02636132,137327.4,0.026409115384615385,2484.969994162754,15951.971974287597,0.06064175
0.03026183,0.02640401,137002.7,0.02634667307692308,2487.1315782625147,15965.84800863024,0.06062799
0.03035151,0.02644667,136678.3,0.02628428846153846,2489.321968204149,15979.908958679454,0.06061419
0.03044121,0.02648929,136359.0,0.026222884615384617,2491.571170107907,15994.347445187357,0.06060094
0.03053092,0.02653187,136039.8,0.026161499999999997,2493.8454887564867,16008.947165678132,0.06058758
0.03062066,0.02657441,135725.5,0.02610105769230769,2496.1483436400117,16023.730071165575,0.06057434
0.0307104,0.02661692,135411.3,0.026040634615384615,2498.4756431945216,16038.669896337116,0.06056095
0.03080017,0.0266594,135101.8,0.025981115384615384,2500.795309821931,16053.560722832826,0.06054726
0.03088995,0.02670183,134792.4,0.025921615384615383,2503.1366784849515,16068.590862988127,0.06053339
0.03097975,0.02674423,134487.6,0.025863,2505.4844852576407,16083.662331829584,0.06051937
0.03106957,0.0267866,134182.9,0.025804403846153845,2507.854862298441,16098.878687846822,0.06050521
0.0311594,0.02682893,133882.5,0.025746634615384616,2510.2253757215644,16114.095919354313,0.06049077
0.03124926,0.02687122,133582.3,0.025688903846153844,2512.619737871913,16129.466244955174,0.06047619
0.03133912,0.02691348,133286.1,0.02563194230769231,2514.998961976596,16144.739393656208,0.06046114
0.03142901,0.0269557,132990.0,0.025575,2517.400226947267,16160.154031098496,0.06044592
0.03151891,0.02699789,132697.8,0.02551880769230769,2519.7759066246736,16175.40442676641,0.0604301
0.03160883,0.02704004,132405.8,0.025462653846153843,2522.17497256089,16190.804947766215,0.06041411
0.03169876,0.02708215,132117.4,0.025407192307692308,2524.539880703888,16205.986196838632,0.06039741
0.03178871,0.02712423,131829.2,0.025351769230769233,2526.9282420839822,16221.318001202158,0.06038056
0.03187868,0.02716627,131544.4,0.025297,2529.3005419970223,16236.546700871093,0.06036315
0.03196867,0.02720828,131259.6,0.02524223076923077,2531.7004394462547,16251.952559670695,0.06034564
0.03205867,0.02725025,130977.8,0.025188038461538463,2534.0811596702188,16267.235312533105,0.06032746
0.03214869,0.02729219,130696.2,0.025133884615384613,2536.4816893896364,16282.645230116636,0.06030905
0.03223872,0.02733409,130417.4,0.02508026923076923,2538.8179689957346,16297.64270167087,0.06028942
0.03232877,0.02737595,130138.8,0.02502669230769231,2541.166332156652,16312.717742180977,0.06026948
0.03241884,0.02741778,129863.5,0.02497375,2543.3381316750424,16326.659353199426,0.06024712
0.03250893,0.02745958,129588.3,0.024920826923076924,2545.517748580638,16340.651147013605,0.06022446
0.03259903,0.02750134,129316.8,0.024868615384615385,2547.558525658331,16353.7516749176,0.06019999
0.03268914,0.02754306,129045.4,0.024816423076923076,2549.622148135088,16366.998856168106,0.06017543
0.03277928,0.02758475,128777.1,0.024764826923076924,2551.6517644744267,16380.027739027755,0.0601502
0.03286943,0.0276264,128508.9,0.02471325,2553.716579975947,16393.282578760103,0.06012505
0.03295959,0.02766802,128242.6,0.02466203846153846,2555.826302842141,16406.82569602675,0.06009985
0.03304978,0.0277096,127976.4,0.024610846153846153,2557.958836324975,16420.51524335823,0.06007442
0.03313998,0.02775114,127711.7,0.024559942307692307,2560.0149041853037,16433.713928639034,0.06004741
0.03323019,0.02779265,127447.1,0.024509057692307695,2562.07339355612,16446.92815852099,0.06001994
0.03332043,0.02783413,127184.7,0.024458596153846154,2563.889457523206,16458.586167098365,0.0599891
0.03341067,0.02787557,126922.4,0.024408153846153843,2565.692999112071,16470.16378974476,0.05995767
0.03350094,0.02791697,126663.2,0.024358307692307693,2567.2307259138634,16480.035045697117,0.05992298
0.03359122,0.02795834,126404.0,0.02430846153846154,2568.775260675873,16489.950004547634,0.05988803
0.03368151,0.02799968,126147.9,0.02425921153846154,2570.1650025118724,16498.87128845506,0.05985116
0.03377182,0.02804097,125891.9,0.02420998076923077,2571.5758165189636,16507.92784268103,0.05981422
0.03386215,0.02808224,125638.0,0.024161153846153846,2572.9618873380446,16516.82556092805,0.05977669
0.0339525,0.02812347,125384.2,0.024112346153846154,2574.372864185274,16525.883160487097,0.059739
0.03404286,0.02816466,125131.7,0.02406378846153846,2575.686392526719,16534.31520084951,0.05969963
0.03413324,0.02820582,124879.2,0.024015230769230768,2577.0083741033745,16542.801505758973,0.05965988
0.03422363,0.02824694,124628.2,0.023966961538461538,2578.1198897521863,16549.93674945225,0.05961716
0.03431404,0.02828803,124377.3,0.023918711538461538,2579.226564153473,16557.040915327674,0.05957393
0.03440446,0.02832908,124128.2,0.02387080769230769,2580.057206832912,16562.37312810054,0.05952714
0.0344949,0.0283701,123879.2,0.023822923076923075,2580.8917128079406,16567.730140844073,0.05948002
0.03458536,0.02841108,123632.3,0.02377544230769231,2581.503565977535,16571.657860147192,0.05943007
0.03467583,0.02845203,123385.5,0.02372798076923077,2582.123090690395,16575.634826018064,0.05937981
0.03476632,0.02849294,123140.5,0.023680865384615384,2582.5528397415433,16578.393549397417,0.05932708
0.03485682,0.02853382,122895.5,0.02363375,2582.992378298508,16581.215115355473,0.05927407
0.03494734,0.02857467,122652.5,0.02358701923076923,2583.1654845138755,16582.32635030101,0.05921768
0.03503787,0.02861548,122409.5,0.023540288461538463,2583.337693065957,16583.431822802886,0.05916091
0.03512842,0.02865625,122168.5,0.023493942307692306,2583.2511543060905,16582.87629743424,0.059101
0.03521899,0.02869699,121927.6,0.023447615384615386,2583.170492481298,16582.35849835759,0.05904079
0.03530957,0.02873769,121688.3,0.023401596153846155,2582.894010016831,16580.58365176591,0.05897813
0.03540017,0.02877836,121449.0,0.023355576923076923,2582.6328115539973,16578.906919021196,0.05891531
0.03549078,0.028819,121210.7,0.02330975,2582.2447266218796,16576.41565354301,0.05885063
0.03558141,0.0288596,120972.2,0.023263884615384613,2581.859490399059,16573.942675018377,0.05878556
0.03567206,0.02890016,120734.4,0.023218153846153847,2581.2394863299924,16569.962631976843,0.0587173
0.03576272,0.02894069,120496.4,0.023172384615384616,2580.6054186397764,16565.892309177016,0.05864847
0.03585339,0.02898119,120259.5,0.023126826923076924,2579.599804460812,16559.436887486827,0.05857504
0.03594408,0.02902165,120022.6,0.02308126923076923,2578.5704480532504,16552.829055358652,0.05850101
0.03603479,0.02906208,119787.3,0.02303601923076923,2577.191708756474,16543.9784009549,0.05842293
0.03612551,0.02910247,119552.0,0.02299076923076923,2575.8031811647857,16535.06491174571,0.05834442
0.03621625,0.02914283,119318.2,0.022945807692307692,2574.133926697395,16524.349329447203,0.05826266
0.036307,0.02918316,119084.3,0.022900826923076923,2572.4621059568444,16513.617273260632,0.05818056
0.03639777,0.02922345,118851.3,0.022856019230769232,2570.594944128814,16501.631247987825,0.05809608
0.03648855,0.0292637,118618.3,0.02281121153846154,2568.727394296874,16489.642731969656,0.05801123
0.03657935,0.02930392,118385.4,0.022766423076923076,2566.6218783921026,16476.12662079599,0.05792337
0.03667016,0.02934411,118152.5,0.022721634615384616,2564.503240556851,16462.526274936285,0.05783499
0.03676099,0.02938426,117919.7,0.022676865384615386,2562.0697189879897,16446.904570063998,0.05774272
0.03685183,0.02942438,117686.8,0.022632076923076925,2559.606732541585,16431.093718883345,0.05764974
0.03694269,0.02946446,117454.8,0.02258746153846154,2556.6624284982113,16412.19310612182,0.05755118
0.03703356,0.02950451,117222.8,0.022542846153846153,2553.672054156357,16392.9967505095,0.05745182
0.03712445,0.02954453,116992.8,0.022498615384615384,2550.2816752745957,16371.232612901757,0.0573482
0.03721535,0.02958451,116762.7,0.022454365384615385,2546.883055885846,16349.415576330708,0.05724425
0.03730627,0.02962446,116533.6,0.022410307692307695,2543.2532191195896,16326.114267058334,0.05713785
0.0373972,0.02966437,116304.4,0.022366230769230767,2539.628904124505,16302.848404145143,0.05703128
0.03748815,0.02970425,116074.6,0.022322038461538463,2535.9290346206735,16279.097527968659,0.05692365
0.03757911,0.02974409,115844.6,0.022277807692307694,2532.220582964017,16255.29155967369,0.05681549
0.03767009,0.0297839,115613.1,0.022233288461538464,2528.252221322961,16229.81712986944,0.05670372
0.03776109,0.02982367,115381.4,0.02218873076923077,2524.2464199980004,16204.10236042738,0.05659109
0.0378521,0.02986342,115148.5,0.02214394230769231,2519.72973034206,16175.108003562967,0.05647246
0.03794312,0.02990312,114915.6,0.022099153846153848,2515.1382170596216,16145.633325247703,0.0563526
0.03803416,0.0299428,114683.2,0.022054461538461537,2510.026338492102,16112.81822332028,0.05622701
0.03812521,0.02998244,114450.7,0.022009749999999998,2504.8710643903896,16079.724548876138,0.05610072
0.03821626,0.03002205,114218.9,0.021965173076923077,2499.3669368415717,16044.391450847634,0.0559707
0.03830736,0.03006163,113987.0,0.021920576923076925,2493.8350247242324,16008.879993056471,0.05584014
0.03839844,0.03010116,113754.9,0.021875942307692308,2488.1189309563715,15972.186202869261,0.05570757
0.03848956,0.03014067,113522.6,0.02183126923076923,2482.375417958207,15935.316398165021,0.05557438
0.03858069,0.03018014,113289.3,0.021786403846153848,2476.3648465382335,15896.732243400136,0.05543796
0.03867183,0.03021958,113055.8,0.0217415,2470.3113731226695,15857.872684331413,0.05530074
0.03876299,0.03025898,112821.0,0.021696346153846153,2463.9277806237496,15816.893964718201,0.05515961
0.03885416,0.03029835,112586.1,0.02165117307692308,2457.497113458245,15775.613054831538,0.0550176
0.03894534,0.03033769,112349.9,0.02160575,2450.6944587010685,15731.944214446283,0.05487129
0.03903654,0.03037699,112113.5,0.02156028846153846,2443.8444220928477,15687.971211853148,0.05472416
0.03912776,0.03041626,111875.9,0.02151459615384615,2436.6713388867497,15641.92444970242,0.05457336
0.03921898,0.03045549,111638.1,0.021468865384615385,2429.448561728389,15595.558683082565,0.0544217
0.03931022,0.0304947,111398.7,0.021422826923076923,2421.9215524384213,15547.239934153677,0.05426658
0.03940148,0.03053386,111159.2,0.02137676923076923,2414.3432262552546,15498.59176247762,0.05411058
0.03949275,0.030573,110918.0,0.021330384615384616,2406.478107279133,15448.102558271432,0.0539513
0.03958404,0.0306121,110676.6,0.02128396153846154,2398.5620339655707,15397.28625870203,0.05379113
0.03967534,0.03065117,110433.3,0.021237173076923077,2390.366236175261,15344.674300825249,0.05362776
0.03976665,0.0306902,110189.8,0.021190346153846153,2382.1164262858324,15291.71561864458,0.05346348
0.03985798,0.0307292,109944.4,0.021143153846153846,2373.592649393061,15236.998237578424,0.05329614
0.03994932,0.03076817,109698.7,0.021095903846153844,2365.0147281602176,15181.933283303164,0.05312787
0.04004068,0.0308071,109451.2,0.021048307692307693,2356.1625842466046,15125.107988851314,0.05295659
0.04013205,0.030846,109203.5,0.021000673076923076,2347.2490293276683,15067.888473689298,0.05278433
0.04022344,0.03088487,108954.4,0.02095276923076923,2338.105924051837,15009.195387068283,0.05260973
0.04031483,0.0309237,108705.1,0.020904826923076925,2328.904573361001,14950.128400871026,0.05243419
0.04040625,0.0309625,108454.6,0.020856653846153848,2319.535030078605,14889.9817221571,0.05225711
0.04049768,0.03100127,108204.0,0.02080846153846154,2310.111077584521,14829.48576992195,0.05207911
0.04058912,0.03104,107952.4,0.020760076923076923,2300.562806302663,14768.191767882134,0.05190014
0.04068057,0.0310787,107700.6,0.02071165384615385,2290.959591500258,14706.545062388355,0.0517202
0.04077204,0.03111737,107448.2,0.020663115384615384,2281.2254585272485,14644.0579431297,0.05153926
0.04086353,0.031156,107195.5,0.02061451923076923,2271.433437258419,14581.199216779312,0.05135734
0.04095503,0.0311946,106942.6,0.020565884615384618,2261.4981968105217,14517.421111790134,0.05117436
0.04104654,0.03123317,106689.5,0.02051721153846154,2251.505765707593,14453.275878132043,0.05099043
0.04113807,0.0312717,106436.5,0.020468557692307692,2241.396278767393,14388.379218323953,0.05080585
0.04122961,0.03131021,106183.3,0.020419865384615384,2231.2346265666542,14323.147689774545,0.05062038
0.04132116,0.03134867,105930.6,0.02037126923076923,2220.983596859747,14257.342412859212,0.05043468
0.04141273,0.03138711,105677.7,0.020322634615384614,2210.6851842217616,14191.232966802847,0.05024813
0.04150431,0.03142551,105425.6,0.020274153846153848,2200.3372860699965,14124.805854323626,0.0500619
0.04159591,0.03146388,105173.5,0.02022567307692308,2189.947151062946,14058.107607330354,0.04987491
0.04168752,0.03150222,104922.5,0.020177403846153845,2179.565168815765,13991.4616960181,0.04968893
0.04177914,0.03154052,104671.4,0.020129115384615384,2169.1361511251466,13924.513846220765,0.0495021
0.04187078,0.03157879,104422.0,0.020081153846153846,2158.68711102344,13857.437464915489,0.04931603
0.04196243,0.03161703,104172.7,0.020033211538461538,2148.1810720135986,13789.995185837899,0.04912899
0.04205409,0.03165523,103926.1,0.01998578846153846,2137.59603489361,13722.045787703719,0.0489422
0.04214577,0.0316934,103679.6,0.019938384615384618,2126.943200678656,13653.66117410965,0.04875431
0.04223746,0.03173155,103437.3,0.01989178846153846,2116.2234072023653,13584.846723429911,0.0485671
0.04232917,0.03176965,103195.0,0.019845192307692307,2105.4536130069528,13515.711299027354,0.04837909
0.04242088,0.03180773,102957.6,0.019799538461538462,2094.7513159030163,13447.009164247647,0.04819338
0.04251261,0.03184577,102720.2,0.019753884615384614,2084.0194588537975,13378.117272883432,0.0480071
0.04260436,0.03188378,102487.3,0.019709096153846153,2073.4796527560543,13310.45822996518,0.04782444
0.04269612,0.03192175,102254.4,0.019664307692307693,2062.915705147363,13242.644213462954,0.0476412
0.0427879,0.0319597,102025.4,0.01962026923076923,2052.464625367672,13175.554738685274,0.04746033
0.04287968,0.0319976,101796.5,0.01957625,2041.9733753849519,13108.207396024107,0.04727867
0.04297148,0.03203548,101571.5,0.019532980769230768,2031.465251585722,13040.751733886771,0.04709779
0.04306329,0.03207332,101346.6,0.01948973076923077,2020.9026788859342,12972.946543450193,0.04691596
0.04315512,0.03211114,101126.1,0.019447326923076925,2010.2200137922584,12904.370434046332,0.0467337
0.04324696,0.03214892,100905.6,0.019404923076923077,1999.4862963519106,12835.466600120546,0.0465506
0.04333882,0.03218667,100689.4,0.01936334615384615,1988.7062046029343,12766.265071786658,0.04636798
0.04343068,0.03222438,100473.4,0.01932180769230769,1977.886867415051,12696.811611983561,0.04618466
0.04352256,0.03226207,100260.8,0.019280923076923077,1967.0955115589898,12627.53777504194,0.0460025
0.04361445,0.03229972,100048.3,0.01924005769230769,1956.274425116821,12558.073086107142,0.04581974
0.04370636,0.03233733,99837.79,0.019199575,1945.524892590236,12489.06772909938,0.0456383
0.04379828,0.03237492,99627.3,0.019159096153846155,1934.7393855482703,12419.831437930447,0.04545609
0.04389022,0.03241247,99417.45,0.019118740384615383,1923.9147737800317,12350.344118580475,0.04527356
0.04398216,0.03244999,99207.58,0.01907838076923077,1913.0322366605158,12280.484954265634,0.04508998
0.04407412,0.03248748,98997.52,0.019037984615384616,1901.9015331734183,12209.032715205458,0.0449034
0.04416609,0.03252493,98787.02,0.018997503846153847,1891.3839841752329,12141.516549114374,0.04472371
0.04425808,0.03256236,98573.19,0.01895638269230769,1902.5533680157796,12213.217092144268,0.04479982
0.04435008,0.03259975,98360.3,0.018915442307692307,1910.5573568907178,12264.597755297322,0.04483837
0.04444209,0.03263711,98147.57,0.018874532692307693,1898.9987346586236,12190.39854229239,0.0446466
0.04453411,0.03267444,97934.48,0.018833553846153844,1887.1160320161127,12114.118933292126,0.04445071
0.04462615,0.03271173,97718.36,0.018791992307692306,1875.23584439312,12037.855469163213,0.04425442
0.0447182,0.03274899,97502.06,0.018750396153846154,1863.3026499327264,11961.251733889516,0.04405715
0.04481027,0.03278623,97281.31,0.01870794423076923,1851.266806285119,11883.989054257752,0.04385797
0.04490234,0.03282342,97060.32,0.018665446153846157,1839.1617452534458,11806.282041787628,0.04365759
0.04499443,0.03286059,96833.79,0.01862188269230769,1826.9265932196595,11727.739925463255,0.04345483
0.04508654,0.03289773,96606.99,0.018578267307692308,1814.6138231811858,11648.69954950662,0.04325073
0.04517866,0.03293483,96373.88,0.018533438461538463,1802.1607080409967,11568.758244711991,0.04304408
0.04527078,0.0329719,96140.47,0.018488551923076923,1789.624113236044,11488.281052049153,0.04283601
0.04536293,0.03300894,95900.22,0.01844235,1776.9819314027245,11407.126055903253,0.0426258
0.04545508,0.03304594,95659.63,0.018396082692307695,1764.2547009657173,11325.42510027065,0.04241415
0.04554725,0.03308292,95411.81,0.018348424999999998,1751.4671744604789,11243.33708113513,0.04220091
0.04563942,0.03311986,95163.62,0.018300696153846153,1738.5914071987104,11160.682610863998,0.04198618
0.04573162,0.03315677,94908.03,0.01825154423076923,1725.6948509386123,11077.894688068487,0.04177042
0.04582383,0.03319365,94652.05,0.018202317307692308,1712.706802356232,10994.519441094279,0.04155305
0.04591604,0.0332305,94388.91,0.018151713461538464,1699.72566524232,10911.18856147725,0.04133515
0.04600827,0.03326732,94125.38,0.018101034615384617,1686.652163128015,10827.264755627251,0.04111567
0.04610052,0.0333041,93855.22,0.018049080769230768,1673.6755865682503,10743.963151950018,0.04089695
0.04619277,0.03334085,93584.67,0.017997051923076924,1660.61548832947,10660.125390699039,0.04067675
0.04628504,0.03337757,93307.96,0.017943838461538464,1647.7670400454433,10577.646291385434,0.0404589
0.04637733,0.03341426,93030.87,0.01789055192307692,1634.8468308122403,10494.70653111705,0.04023974
0.04646961,0.03345091,92748.2,0.017836192307692306,1622.2070918667766,10413.567216801795,0.04002392
0.04656193,0.03348754,92465.17,0.017781763461538463,1609.4901821199417,10331.932513623255,0.03980664
0.04665423,0.03352412,92177.71,0.017726482692307692,1597.029046988097,10251.939725437507,0.03959268
0.04674657,0.03356069,91889.93,0.017671140384615383,1584.4831724918881,10171.402962890448,0.03937718
0.04683892,0.03359722,91599.61,0.017615309615384614,1572.1782888472155,10092.41321270925,0.03916521
0.04693128,0.03363372,91309.04,0.017559430769230767,1559.791579526752,10012.898192247101,0.0389518
0.04702365,0.03367019,91018.12,0.017503484615384615,1547.760432154246,9935.665659799803,0.03874388
0.04711603,0.03370662,90727.01,0.01744750192307692,1535.663199187487,9858.0088986697,0.03853474
0.04720842,0.03374303,90437.5,0.017391826923076923,1524.0464683879488,9783.436664565315,0.03833305
0.04730083,0.0337794,90147.89,0.01733613269230769,1512.3783628615292,9708.53463645725,0.03813035
0.04739325,0.03381575,89861.76,0.01728110769230769,1501.249531325327,9637.0944141652,0.03793614
0.04748568,0.03385206,89575.61,0.017226078846153847,1490.0738388753966,9565.353373760961,0.03774094
0.04757812,0.03388834,89294.98,0.017172111538461536,1479.423804968347,9496.986736413412,0.0375544
0.04767058,0.03392458,89014.4,0.017118153846153845,1468.7376513413428,9428.388232781042,0.03736707
0.04776305,0.0339608,88741.41,0.01706565576923077,1458.6110899115006,9363.38196529926,0.03718914
0.04785552,0.03399698,88468.56,0.017013184615384615,1448.459747665721,9298.216620290483,0.03701059
0.04794802,0.03403314,88205.09,0.016962517307692306,1438.9053431688217,9236.88324679963,0.03684217
0.04804052,0.03406926,87941.84,0.016911892307692307,1429.3366023048386,9175.45784269011,0.03667328
0.04813304,0.03410535,87689.68,0.016863399999999997,1420.342634778926,9117.72212827584,0.03651437
0.04822557,0.0341414,87437.81,0.016814963461538462,1411.3371196763771,9059.912285554467,0.03635504
0.04831811,0.03417743,87198.69,0.016768978846153845,1402.8533474454132,9005.451709699435,0.03620515
0.04841066,0.03421343,86959.91,0.016723059615384617,1394.3610800554204,8950.936600172343,0.03605489
0.04850322,0.03424939,86735.24,0.016679853846153846,1386.367220865812,8899.620963340278,0.03591386
0.04859581,0.03428533,86510.95,0.016636721153846155,1378.377950887782,8848.33478641101,0.03577268
0.04868839,0.03432123,86301.55,0.016596451923076922,1370.8724368928154,8800.154023994734,0.03564051
0.048781,0.0343571,86092.57,0.016556263461538462,1363.3787337913836,8752.049080217355,0.03550829
0.0488736,0.03439294,85898.78,0.016518996153846152,1356.3263792491705,8706.777321494157,0.0353844
0.04896624,0.03442875,85705.4,0.01648180769230769,1349.2863109758991,8661.58443302625,0.03526048
0.04905887,0.03446453,85527.25,0.01644754807692308,1342.6228166697651,8618.808916753633,0.03514387
0.04915152,0.03450028,85349.52,0.01641336923076923,1335.9703350933123,8576.104095401133,0.03502723
0.04924419,0.034536,85186.75,0.01638206730769231,1329.6724995799675,8535.67588264865,0.03491744
0.04933686,0.03457169,85024.38,0.01635084230769231,1323.390225918835,8495.34756737217,0.0348077
0.04942955,0.03460735,84876.17,0.016322340384615386,1317.4457320142976,8457.187589429073,0.03470431
0.04952225,0.03464297,84728.33,0.016293909615384617,1311.5210372068702,8419.154709456157,0.03460102
0.04961496,0.03467857,84593.38,0.016267957692307693,1305.8857450074927,8382.979615413753,0.0345031
0.04970768,0.03471413,84458.77,0.016242071153846155,1300.267852049525,8346.91621375073,0.03440523
0.04980041,0.03474966,84335.46,0.016218357692307693,1294.863302917779,8312.222347633318,0.03431135
0.04989315,0.03478516,84212.45,0.016194701923076923,1289.47267921477,8277.617874164293,0.03421748
0.04998591,0.03482063,84098.94,0.016172873076923076,1284.2188482107147,8243.891525302453,0.03412622
0.05007868,0.03485607,83985.68,0.016151092307692308,1278.974610280237,8210.226758045712,0.03403493
0.05017146,0.03489148,83879.94,0.016130757692307693,1273.8013452773926,8177.017593132338,0.03394502
0.05026425,0.03492686,83774.39,0.016110459615384615,1268.637169593382,8143.8667760298595,0.03385509
0.05035705,0.03496221,83674.12,0.016091176923076923,1263.4971044285792,8110.870733563532,0.03376557
0.05044987,0.03499753,83573.98,0.01607191923076923,1258.3647402193524,8077.924126473813,0.033676
0.05054269,0.03503281,83476.71,0.016053213461538464,1253.211814306093,8044.845525948662,0.0335859
0.05063553,0.03506807,83379.53,0.016034525,1248.0654217710908,8011.808865675146,0.03349574
0.05072839,0.0351033,83282.68,0.0160159,1242.851324709728,7978.337584174985,0.03340406
0.05082125,0.03513849,83185.85,0.01599727884615385,1237.6384775216713,7944.87432608919,0.03331222
0.0509141,0.03517365,83086.95,0.015978259615384616,1232.2808879495526,7910.4819113296835,0.03321752
0.051007,0.03520878,82988.02,0.015959234615384617,1226.916318075749,7876.044687346279,0.03312254
0.05109989,0.03524388,82884.91,0.01593940576923077,1221.3395744893867,7840.245439224004,0.03302356
0.0511928,0.03527896,82781.72,0.015919561538461538,1215.7470690603743,7804.345009810685,0.03292419
0.05128572,0.035314,82672.54,0.015898565384615385,1209.923857744389,7766.963591149229,0.03282041
0.05137864,0.03534901,82563.23,0.01587754423076923,1204.0808164239152,7729.454876111322,0.03271618
0.05147159,0.035384,82446.34,0.015855065384615383,1197.9892188019176,7690.350583193095,0.03260716
0.05156454,0.03541894,82329.28,0.015832553846153848,1191.8696553740663,7651.06676708052,0.03249757
0.05165752,0.03545387,82203.42,0.01580835,1185.49004523304,7610.113611744405,0.03238295
0.05175049,0.03548876,82077.35,0.01578410576923077,1179.0738407885165,7568.925543590356,0.0322676
0.05184348,0.03552362,81941.74,0.015758026923076925,1172.388684779701,7526.010972570639,0.0321471
0.05193648,0.03555845,81805.89,0.015731901923076923,1165.6636680514025,7482.840520360581,0.03202584
0.05202949,0.03559325,81659.98,0.015703842307692308,1158.7204946219194,7438.269636921383,0.03190018
0.05212251,0.03562802,81513.81,0.01567573269230769,1151.7365839573456,7393.437245603214,0.03177372
0.05221554,0.03566276,81357.22,0.01564561923076923,1144.597927544638,7347.611482194772,0.03164377
0.05230858,0.03569747,81200.35,0.015615451923076925,1137.4179814653269,7301.5206646383795,0.031513
0.05240164,0.03573215,81032.96,0.01558326153846154,1130.1206540115068,7254.67633118406,0.03137929
0.05249471,0.0357668,80865.27,0.015551013461538463,1122.7748212342915,7207.520623523525,0.03124461
0.05258779,0.03580142,80687.4,0.01551680769230769,1115.3155153032956,7159.636488327367,0.03110715
0.05268088,0.03583601,80509.23,0.01548254423076923,1107.8006925705972,7111.395969566443,0.03096862
0.05277398,0.03587057,80321.72,0.015446484615384616,1100.1834927733134,7062.498253306589,0.03082765
0.05286709,0.03590509,80133.93,0.015410371153846152,1092.5056372945767,7013.211165049129,0.03068553
0.05296021,0.03593959,79937.96,0.015372684615384616,1084.7902321151378,6963.683030913992,0.03054216
0.05305334,0.03597406,79741.72,0.015334946153846155,1077.0182959668775,6913.792002887809,0.03039772
0.05314648,0.0360085,79538.51,0.015295867307692307,1069.300082724321,6864.245842722476,0.03025355
0.05323964,0.03604291,79335.04,0.01525673846153846,1061.5301319400794,6814.367559506593,0.03010836
0.05333281,0.03607729,79125.72,0.015216484615384615,1053.8938993841516,6765.347664696014,0.02996479
0.05342599,0.03611164,78916.18,0.01517618846153846,1046.2092818918477,6716.0171684894985,0.02982022
0.05351918,0.03614596,78702.0,0.015135,1038.6819185372801,6667.696146684646,0.02967776
0.05361238,0.03618025,78487.61,0.015093771153846153,1031.1064161881368,6619.066102278255,0.0295343
0.05370559,0.03621451,78269.95,0.01505191346153846,1023.7060313501225,6571.560204093468,0.02939342
0.05379881,0.03624873,78052.11,0.015010021153846155,1016.2602544309292,6523.762916793914,0.02925158
0.05389204,0.03628293,77832.37,0.01496776346153846,1009.0120870699669,6477.234160761199,0.02911284
0.05398529,0.0363171,77612.48,0.014925476923076922,1001.7230408003498,6430.442987392768,0.02897325
0.05407854,0.03635124,77391.98,0.014883073076923076,994.678596471244,6385.222007350236,0.02883761
0.05417181,0.03638535,77171.38,0.01484065,987.5970655234585,6339.762954130487,0.02870117
0.05426508,0.03641943,76951.34,0.014798334615384615,980.766784813585,6295.916772198166,0.02856892
0.05435837,0.03645348,76731.23,0.014756005769230768,973.9027110883761,6251.8536599870795,0.02843592
0.05445167,0.03648751,76512.79,0.014713998076923076,967.2829341114735,6209.358781956505,0.02830714
0.05454498,0.0365215,76294.32,0.014671984615384617,960.6301554901198,6166.652053759277,0.02817762
0.05463829,0.03655546,76078.57,0.014630494230769233,954.2304902137288,6125.570156845585,0.02805262
0.05473162,0.0365894,75862.82,0.014589003846153848,947.8052478745175,6084.3240709918855,0.02792702
0.05482496,0.0366233,75650.57,0.01454818653846154,941.6675077998041,6044.923572037258,0.02780653
0.05491832,0.03665717,75438.33,0.014507371153846154,935.5115922041105,6005.406397468046,0.02768556
0.05501167,0.03669102,75230.09,0.014467325,929.6590409503335,5967.836634534234,0.02756996
0.05510505,0.03672483,75021.88,0.014427284615384617,923.7917391487161,5930.172182197206,0.02745393
0.05519843,0.03675862,74818.02,0.01438808076923077,918.198237831355,5894.265359796016,0.0273428
0.05529183,0.03679237,74614.22,0.014348888461538463,912.5925640141357,5858.28039746676,0.0272313
0.05538523,0.0368261,74415.04,0.014310584615384614,907.245101863495,5823.952994495714,0.02712449
0.05547865,0.03685979,74215.93,0.01427229423076923,901.8879655431342,5789.563489332442,0.02701735
0.05557208,0.03689346,74021.62,0.014234926923076922,896.7803237913984,5756.775585144552,0.02691476
0.05566551,0.0369271,73827.39,0.014197575,891.6672797847539,5723.9530018180385,0.02681193
0.05575896,0.0369607,73637.98,0.014161149999999999,886.7994756158552,5692.704706723532,0.02671355
0.05585242,0.03699428,73448.64,0.014124738461538461,881.9260474018702,5661.4203087344995,0.02661492
0.05594589,0.03702783,73264.13,0.01408925576923077,877.2663124507221,5631.507689458239,0.02652024
0.05603937,0.03706135,73079.69,0.01405378653846154,872.6013871084904,5601.561751078208,0.02642531
0.05613286,0.03709484,72900.06,0.014019242307692307,868.126267497152,5572.8342482152575,0.02633395
0.05622636,0.0371283,72720.51,0.013984713461538461,863.6477857750601,5544.085162678618,0.02624241
0.05631987,0.03716174,72545.63,0.013951082692307694,859.3609203058904,5516.566135091817,0.02615444
0.05641339,0.03719514,72370.84,0.01391746923076923,855.0725136648776,5489.037214134028,0.02606632
0.05650692,0.03722851,72200.51,0.01388471346153846,850.9726093307153,5462.718361516311,0.02598169
0.05660046,0.03726186,72030.26,0.013851973076923076,846.8728374644104,5436.400359260391,0.02589694
0.05669401,0.03729518,71864.2,0.013820038461538462,842.9588105629148,5411.274724912319,0.02581561
0.05678757,0.03732846,71698.22,0.013788119230769232,839.0450182355927,5386.150596385503,0.02573415
0.05688115,0.03736172,71536.22,0.013756965384615384,835.3031766008684,5362.130285062004,0.02565587
0.05697473,0.03739495,71374.29,0.013725824999999999,831.5598481659425,5338.100429399859,0.02557744
0.05706832,0.03742815,71216.23,0.013695428846153846,827.9727907343539,5315.073737023986,0.02550192
0.05716193,0.03746132,71058.25,0.013665048076923076,824.3833104156166,5292.031491209647,0.02542626
0.05725554,0.03749446,70904.12,0.01363540769230769,820.9277439908888,5269.848889853481,0.02535315
0.05734916,0.03752758,70750.06,0.013605780769230769,817.4677112922751,5247.637617778543,0.02527986
0.0574428,0.03756066,70599.86,0.013576896153846154,814.1338882983797,5226.236534026716,0.02520906
0.05753644,0.03759372,70449.73,0.013548025,810.7994597948968,5204.831563277464,0.02513816
0.05763009,0.03762675,70303.34,0.013519873076923076,807.6157242577372,5184.393948263353,0.02507013
0.05772376,0.03765974,70157.01,0.013491732692307691,804.4349272639616,5163.975196882131,0.02500206
0.05781744,0.03769271,70014.16,0.01346426153846154,801.4283366118285,5144.674742577394,0.02493719
0.05791112,0.03772565,69871.37,0.013436801923076922,798.4272484474818,5125.409610844423,0.02487232
0.05800482,0.03775856,69731.84,0.01340996923076923,795.5771298812311,5107.113610651653,0.0248102
0.05809852,0.03779144,69592.37,0.013383148076923077,792.7279080315993,5088.823366825523,0.02474799
0.05819224,0.03782429,69456.12,0.013356946153846153,789.9800829484273,5071.184027590051,0.02468772
0.05828596,0.03785711,69319.94,0.013330757692307692,787.2285082530602,5053.52061816106,0.0246273
0.0583797,0.03788991,69187.16,0.013305223076923077,784.5413370734615,5036.270639510306,0.02456828
0.05847344,0.03792268,69054.45,0.013279701923076922,781.8496562982739,5018.991712042215,0.02450912
0.0585672,0.03795542,68925.25,0.013254855769230769,779.2458761627777,5002.27705236978,0.02445181
0.05866097,0.03798813,68796.11,0.013230021153846154,776.6410287761043,4985.555541604211,0.02439442
0.05875474,0.03802081,68670.45,0.013205855769230768,774.1506905374364,4969.569108817077,0.02433931
0.05884851,0.03805346,68544.84,0.0131817,771.6625880229149,4953.597027997576,0.02428418
0.05894232,0.03808609,68422.48,0.01315816923076923,769.3043433403429,4938.458554223942,0.02423151
0.05903611,0.03811868,68300.18,0.01313465,766.949363861202,4923.341041038864,0.02417881
0.05912994,0.03815125,68180.95,0.013111721153846153,764.6944539640846,4908.865912740392,0.02412804
0.05922376,0.03818379,68061.78,0.013088803846153846,762.4407837452341,4894.3987424104325,0.02407721
0.05931759,0.03821629,67945.61,0.013066463461538462,760.2635294360077,4880.422115005168,0.02402789
0.05941144,0.03824878,67829.48,0.013044130769230769,758.0857835285681,4866.442331843117,0.02397848
0.05950529,0.03828123,67716.33,0.013022371153846154,755.9594137799851,4852.792351877143,0.0239303
0.05959917,0.03831366,67603.23,0.013000621153846153,753.8318372960592,4839.134625415873,0.02388204
0.05969304,0.03834605,67493.03,0.012979428846153846,751.7596110221266,4825.832213103529,0.02383521
0.05978693,0.03837842,67382.89,0.012958248076923078,749.6882456559379,4812.5353272869725,0.02378833
0.05988082,0.03841076,67275.39,0.012937575,747.6785323569585,4799.634209648941,0.02374292
0.05997472,0.03844307,67167.94,0.012916911538461539,745.6713556998117,4786.7493756841595,0.02369749
0.06006864,0.03847536,67062.8,0.012896692307692309,743.7316510368303,4774.297670233004,0.02365347
0.06016256,0.03850761,66957.7,0.012876480769230769,741.7949381162829,4761.865169919767,0.02360943
0.0602565,0.03853984,66854.54,0.012856642307692307,739.9145719702727,4749.794381084082,0.02356646
0.06035044,0.03857203,66751.42,0.012836811538461538,738.0353764071916,4737.731106667533,0.02352344
0.06044439,0.0386042,66649.92,0.012817292307692307,736.195085949954,4725.917578992204,0.02348111
0.06053834,0.03863634,66548.44,0.012797776923076924,734.3544347909258,4714.101735834246,0.02343871
0.06063232,0.03866845,66448.26,0.012778511538461537,732.534455687034,4702.418594497623,0.02339664
0.06072629,0.03870054,66348.09,0.012759248076923076,730.713954574637,4690.73210218893,0.02335451
0.06082029,0.0387326,66248.89,0.012740171153846154,728.9133740778506,4679.173487924108,0.02331268
0.0609143,0.03876463,66149.7,0.012721096153846154,727.112811166585,4667.614986547463,0.0232708
0.06100831,0.03879663,66051.09,0.012702132692307692,725.3363068300812,4656.2109263557195,0.02322924
0.06110233,0.0388286,65952.48,0.01268316923076923,723.5598210199882,4644.8069850920865,0.02318763
0.06119636,0.03886055,65854.01,0.012664232692307691,721.8079394199303,4633.560987654677,0.02314631
0.0612904,0.03889246,65755.53,0.01264529423076923,720.0567714859552,4622.319571512566,0.02310493
0.06138444,0.03892435,65656.72,0.012626292307692308,718.3158758820655,4611.144097382639,0.02306355
0.0614785,0.03895621,65557.9,0.01260728846153846,716.574856822021,4599.967830740479,0.02302209
0.06157257,0.03898804,65458.3,0.012588134615384616,714.8319875572738,4588.779686927313,0.02298038
0.06166664,0.03901985,65358.69,0.012568978846153846,713.0880574310413,4577.584733038887,0.02293859
0.06176073,0.03905162,65257.86,0.012549588461538462,711.3346361072994,4566.328851526775,0.02289638
0.06185483,0.03908337,65157.01,0.012530194230769232,709.5799515358633,4555.064860744989,0.0228541
0.06194893,0.03911509,65054.52,0.012510484615384615,707.8212434021161,4543.775041179204,0.02281146
0.06204305,0.03914679,64951.99,0.012490767307692307,706.0600416521095,4532.4692141377645,0.02276871
0.06213717,0.03917845,64847.44,0.012470661538461538,704.2900383175178,4521.106886361523,0.0227255
0.0622313,0.03921009,64742.85,0.012450548076923076,702.5160110656843,4509.718727522846,0.02268216
0.06232544,0.0392417,64635.92,0.012429984615384615,700.7247582118256,4498.21999096235,0.0226382
0.06241959,0.03927328,64528.94,0.01240941153846154,698.9270652636827,4486.679912975689,0.02259406
0.06251376,0.03930483,64419.42,0.01238835,697.1051970468952,4474.984644701502,0.0225492
0.06260793,0.03933636,64309.84,0.012367276923076922,695.2775266031474,4463.252129715251,0.02250419
0.06270211,0.03936786,64197.53,0.012345678846153845,693.4394241152145,4451.452647450978,0.0224587
0.0627963,0.03939933,64085.15,0.012324067307692308,691.5969489653022,4439.625095398533,0.02241308
0.06289049,0.03943077,63969.8,0.012301884615384616,689.7579343753313,4427.819758002736,0.02236718
0.0629847,0.03946219,63854.38,0.01227968846153846,687.9157794067402,4415.994261316544,0.02232119
0.06307892,0.03949358,63735.75,0.012256875,686.0809268376024,4404.215641522908,0.02227495
0.06317314,0.03952493,63617.05,0.012234048076923078,684.2407637867924,4392.402931718124,0.02222855
0.06326738,0.03955627,63495.0,0.012210576923076923,682.3974553816556,4380.570030681982,0.02218174
0.06336162,0.03958757,63372.88,0.012187092307692307,680.5460250697104,4368.684992022411,0.02213472
0.06345588,0.03961885,63247.45,0.012162971153846153,678.6835151058726,4356.728828843475,0.02208718
0.06355014,0.0396501,63121.95,0.012138836538461538,676.8103201827182,4344.70407482764,0.02203941
0.06364441,0.03968132,62993.29,0.01211409423076923,674.9342256261408,4332.660706956826,0.02199132
0.06373869,0.03971252,62864.55,0.012089336538461538,673.0483350822898,4320.554454900362,0.02194303
0.06383298,0.03974369,62732.83,0.01206400576923077,671.1819602276772,4308.573481510651,0.02189485
0.06392728,0.03977482,62601.05,0.012038663461538462,669.307368743323,4296.539762434806,0.02184648
0.06402158,0.03980594,62466.41,0.012012771153846155,667.4713071667771,4284.75338156062,0.02179858
0.0641159,0.03983702,62331.71,0.011986867307692307,665.627467702859,4272.917071455227,0.0217505
0.06421023,0.03986808,62194.35,0.011960451923076923,663.8254517143471,4261.3492422204745,0.02170294
0.06430456,0.03989911,62056.94,0.011934026923076924,662.0144193545223,4249.723533452837,0.02165518
0.06439889,0.03993011,61917.19,0.011907151923076923,660.2379662202246,4238.31980194762,0.02160786
0.06449325,0.03996108,61777.38,0.011880265384615384,658.4516564815798,4226.852797132595,0.02156031
0.06458761,0.03999203,61635.61,0.011853001923076922,656.6993332518881,4215.603964705806,0.02151326
0.06468198,0.04002295,61493.78,0.011825726923076922,654.936173026556,4204.285565462859,0.02146598
0.06477637,0.04005385,61350.39,0.011798151923076924,653.2228686471292,4193.2872099461965,0.02141954
0.06487075,0.04008471,61206.96,0.01177056923076923,651.4998570685583,4182.226540208816,0.02137289
0.06496516,0.04011555,61062.36,0.011742761538461538,649.8367472358962,4171.550402668681,0.02132732
0.06505955,0.04014636,60917.73,0.011714948076923078,648.1657027807751,4160.823329754925,0.02128158
0.06515397,0.04017715,60772.36,0.011686992307692308,646.5621441237405,4150.529473967439,0.02123709
0.0652484,0.04020791,60626.96,0.011659030769230768,644.951531993894,4140.190339242629,0.02119244
0.06534283,0.04023864,60481.28,0.011631015384615384,643.4083069869988,4130.28378821069,0.0211491
0.06543728,0.04026935,60335.59,0.011602998076923077,641.857152648944,4120.326335772,0.0211056
0.06553173,0.04030002,60190.1,0.01157501923076923,640.3895521328291,4110.905247244771,0.02106376
0.06562619,0.04033067,60044.59,0.011547036538461538,638.9151565951621,4101.440538877618,0.02102178
0.06572065,0.0403613,59899.74,0.011519180769230768,637.5395389516223,4092.6099235588695,0.02098175
0.06581513,0.04039189,59754.9,0.011491326923076924,636.1583992687675,4083.743860159622,0.0209416
0.06590961,0.04042246,59611.21,0.01146369423076923,634.874842427658,4075.5042183108744,0.02090343
0.06600411,0.040453,59467.52,0.011436061538461538,633.5854136076726,4067.2268819858637,0.02086511
0.06609861,0.04048351,59325.55,0.011408759615384616,632.3885924709176,4059.5440297676887,0.02082875
0.06619313,0.040514,59183.59,0.011381459615384615,631.1872321195675,4051.832038596458,0.02079228
0.06628765,0.04054446,59043.86,0.011354588461538462,630.0787263871764,4044.716116706867,0.02075781
0.06638218,0.04057489,58904.15,0.011327721153846153,628.9674173084629,4037.5821990659892,0.02072326
0.06647671,0.0406053,58767.07,0.011301359615384615,627.9658689411119,4031.1528773742157,0.02069105
0.06657126,0.04063568,58630.03,0.011275005769230769,626.9653900622808,4024.730421137935,0.02065882
0.06666581,0.04066603,58495.93,0.011249217307692308,626.0723814555498,4018.9978576458884,0.02062888
0.06676038,0.04069635,58361.88,0.01122343846153846,625.1807778038728,4013.274313097208,0.02059891
0.06685495,0.04072665,58231.11,0.011198290384615384,624.3883686338804,4008.1875358316556,0.02057111
0.06694953,0.04075692,58100.4,0.011173153846153847,623.5962271393356,4003.102476877088,0.02054328
0.06704412,0.04078717,57973.37,0.011148725,622.8925534590169,3998.5853266282497,0.02051748
0.06713872,0.04081739,57846.41,0.011124309615384615,622.1880078227236,3994.06257896081,0.02049164
0.06723332,0.04084758,57723.52,0.011100676923076922,621.5877781501758,3990.2094753269193,0.02046818
0.06732794,0.04087775,57600.69,0.01107705576923077,620.9887032921969,3986.363784889035,0.02044472
0.06742256,0.04090789,57482.27,0.011054282692307692,620.5083871461793,3983.280452004506,0.0204239
0.06751719,0.040938,57363.92,0.011031523076923077,620.0330684976583,3980.229199966101,0.02040314
0.06761184,0.04096809,57250.16,0.011009646153846154,619.6891421501484,3978.021405316836,0.0203852
0.06770649,0.04099815,57136.48,0.010987784615384615,619.354254478337,3975.8716333808297,0.02036737
0.06780114,0.04102818,57027.53,0.010966832692307691,619.1307694484516,3974.436997573645,0.02035197
0.06789579,0.04105818,56918.65,0.010945894230769231,618.9157247196873,3973.05654328465,0.02033665
0.06799047,0.04108815,56814.61,0.010925886538461538,618.7962157925726,3972.2893698135463,0.02032349
0.06808516,0.04111811,56710.65,0.010905894230769231,618.6850493747434,3971.5757500974687,0.02031041
0.06817984,0.04114803,56611.67,0.010886859615384615,618.6559975694887,3971.389255457971,0.02029927
0.06827456,0.04117794,56512.76,0.010867838461538461,618.6342077763576,3971.249378449327,0.02028822
0.06836927,0.04120781,56418.94,0.010849796153846155,618.7119605969731,3971.7485035165487,0.02027944
0.06846398,0.04123766,56325.19,0.010831767307692308,618.798854452313,3972.3063083787306,0.02027078
0.0685587,0.04126748,56236.53,0.010814717307692307,618.995394772542,3973.567975798247,0.02026454
0.06865343,0.04129727,56147.94,0.01079768076923077,619.2029473614732,3974.9003351786814,0.02025845
0.06874817,0.04132704,56064.37,0.010781609615384616,619.528644700518,3976.9911108567576,0.02025486
0.06884292,0.04135678,55980.88,0.010765553846153846,619.8658510513882,3979.155767279679,0.02025142
0.06893768,0.0413865,55902.34,0.01075045,620.3053380918116,3981.97700253337,0.02025016
0.06903245,0.04141619,55823.87,0.010735359615384616,620.7563976277845,3984.8725260581923,0.02024905
0.06912722,0.04144585,55750.3,0.010721211538461539,621.3064845193933,3988.4037440201714,0.02025005
0.069222,0.04147548,55676.79,0.010707075,621.8686449356986,3992.0124665508342,0.02025121
0.06931679,0.04150509,55608.08,0.010693861538461538,622.5267382071676,3996.237018737621,0.02025439
0.06941159,0.04153467,55539.45,0.01068066346153846,623.1973604665459,4000.5419992855013,0.02025774
0.0695064,0.04156423,55475.47,0.010668359615384615,623.9670101155534,4005.4826744887546,0.02026313
0.06960122,0.04159376,55411.56,0.01065606923076923,624.7482869080816,4010.4979887693476,0.02026865
0.06969604,0.04162326,55352.19,0.010644651923076924,625.6201153103464,4016.0945884353337,0.02027604
0.06979087,0.04165274,55292.88,0.010633246153846154,626.5036164192899,4021.766119665982,0.02028356
0.06988571,0.04168219,55237.99,0.010622690384615384,627.4685720777111,4027.9605387759607,0.02029277
0.06998056,0.04171162,55183.17,0.010612148076923077,628.4459083982937,4034.2344340873765,0.02030213
0.07007542,0.04174102,55132.58,0.010602419230769232,629.509532749946,4041.06224524348,0.02031322
0.07017028,0.04177039,55082.05,0.010592701923076923,630.5866504617866,4047.976675434851,0.02032448
0.07026515,0.04179973,55035.51,0.010583751923076923,631.74580851321,4055.4177539160855,0.02033735
0.07036003,0.04182906,54989.03,0.01057481346153846,632.9177260539342,4062.9407404349254,0.02035037
0.07045492,0.04185835,54946.27,0.010566590384615384,634.1694607569857,4070.9761038192823,0.02036491
0.07054982,0.04188762,54903.57,0.010558378846153847,635.4318363992138,4079.0797754584364,0.02037957
0.07064472,0.04191686,54864.37,0.010550840384615385,636.7644992675438,4087.634647660801,0.02039557
0.07073963,0.04194608,54825.22,0.010543311538461539,638.1076422173325,4096.256795510803,0.0204117
0.07083455,0.04197527,54789.34,0.010536411538461538,639.5251858749141,4105.356549934877,0.02042922
0.07092948,0.04200444,54753.51,0.010529521153846155,640.954151113192,4114.529623849969,0.02044686
0.07102442,0.04203358,54720.71,0.010523213461538462,642.4640705554909,4124.222373735707,0.02046597
0.07111936,0.04206269,54687.95,0.010516913461538461,643.9851041171441,4133.98646940062,0.02048519
0.07121431,0.04209178,54657.96,0.010511146153846154,645.5853732968792,4144.259208776312,0.02050578
0.07130927,0.04212084,54628.0,0.010505384615384616,647.1946012890476,4154.589458192446,0.02052643
0.07140423,0.04214987,54600.61,0.010500117307692307,648.8677856479651,4165.330267966393,0.02054816
0.0714992,0.04217888,54573.25,0.010494855769230768,650.5492404925274,4176.124169148095,0.02056994
0.0715942,0.04220787,54548.22,0.010490042307692307,652.2829227034483,4187.2533377521,0.02059258
0.07168917,0.04223682,54523.23,0.01048523653846154,654.0243620848428,4198.432302597624,0.02061525
0.07178418,0.04226576,54500.34,0.010480834615384614,655.8160972203384,4209.934135108242,0.02063874
0.07187918,0.04229466,54477.48,0.010476438461538461,657.6161413164848,4221.489306012381,0.02066229
0.0719742,0.04232355,54456.47,0.010472398076923076,659.4663201395766,4233.36631088677,0.0206866
0.07206922,0.0423524,54435.48,0.01046836153846154,661.3244520264323,4245.294369516564,0.02071096
0.07216425,0.04238123,54416.08,0.01046463076923077,663.2283913477928,4257.516483572843,0.02073599
0.0722593,0.04241004,54396.69,0.010460901923076924,665.1402707081675,4269.789567773681,0.02076106
0.07235435,0.04243882,54378.61,0.010457425,667.0888721994946,4282.298385365733,0.02078662
0.0724494,0.04246757,54360.55,0.010453951923076923,669.043769977458,4294.847621227705,0.02081219
0.07254446,0.0424963,54343.52,0.010450676923076923,671.0345964415094,4307.627497055106,0.02083823
0.07263953,0.042525,54326.49,0.010447401923076922,673.0320331050071,4320.449806278709,0.02086429
0.07273461,0.04255368,54310.23,0.010444275000000001,675.069145893425,4333.526811709615,0.02089083
0.07282969,0.04258233,54293.97,0.010441148076923076,677.1122743177074,4346.6424338058905,0.02091739
0.07292478,0.04261096,54278.2,0.010438115384615384,679.1952461805444,4360.013826159624,0.0209444
0.07301988,0.04263956,54262.44,0.010435084615384616,681.282669532851,4373.413794325311,0.02097138
0.07311499,0.04266813,54246.92,0.0104321,683.3988351174575,4386.998269863402,0.02099859
0.07321011,0.04269668,54231.41,0.010429117307692309,685.517631548332,4400.5996338090135,0.02102575
0.07330523,0.0427252,54215.96,0.010426146153846154,687.6550239143803,4414.320372168571,0.02105296
0.07340036,0.0427537,54200.51,0.010423175,689.7942562117448,4428.052921750341,0.02108011
0.0734955,0.04278217,54185.0,0.010420192307692307,691.9413873443781,4441.836176974083,0.02110714
0.07359064,0.04281062,54169.48,0.010417207692307693,694.0923596219436,4455.644089974962,0.02113414
0.0736858,0.04283904,54153.72,0.010414176923076923,696.2545722191894,4469.524158883133,0.02116105
0.07378096,0.04286743,54137.96,0.010411146153846154,698.420773712796,4483.429834041322,0.02118793
0.07387613,0.0428958,54121.73,0.010408025000000001,700.5888439461364,4497.347505353963,0.02121454
0.0739713,0.04292415,54105.48,0.0104049,702.7602600988863,4511.28665540187,0.0212411
0.07406649,0.04295247,54088.46,0.010401626923076923,704.9258882657708,4525.188650156744,0.02126726
0.07416168,0.04298076,54071.43,0.010398351923076922,707.0925650654586,4539.0973764862965,0.02129333
0.07425687,0.04300903,54053.39,0.010394882692307691,709.2455846423603,4552.918431883949,0.02131889
0.07435208,0.04303728,54035.33,0.010391409615384616,711.3999460912489,4566.748101270656,0.0213444
0.07444729,0.0430655,54016.08,0.010387707692307693,713.554965362117,4580.581993468021,0.02136961
0.07454251,0.04309369,53996.81,0.010384001923076923,715.7106009038912,4594.41984174383,0.02139477
0.07463773,0.04312186,53976.22,0.010380042307692308,717.8758656657532,4608.319503662996,0.02141974
0.07473298,0.04315001,53955.6,0.010376076923076924,720.0413409241012,4622.220516839543,0.02144464
0.07482821,0.04317812,53933.59,0.01037184423076923,722.2134458151785,4636.164088161961,0.02146927
0.07492347,0.04320621,53911.56,0.010367607692307691,724.3844451771027,4650.100562670291,0.02149376
0.07501873,0.04323428,53888.05,0.01036308653846154,726.5328063760003,4663.891714159428,0.02151752
0.075114,0.04326232,53864.53,0.010358563461538461,728.6800572615564,4677.675738122944,0.02154115
0.07520927,0.04329034,53839.45,0.010353740384615385,730.7838668204529,4691.180895610393,0.02156375
0.07530455,0.04331833,53814.35,0.010348913461538461,732.8864399555717,4704.67811602114,0.02158621
0.07539984,0.0433463,53787.55,0.010343759615384616,734.9431632957621,4717.881009077655,0.02160766
0.07549513,0.04337424,53760.73,0.010338601923076923,736.9995063918142,4731.081461201744,0.02162903
0.07559043,0.04340216,53732.08,0.010333092307692308,739.0287022571488,4744.107644878084,0.02164966
0.07568574,0.04343005,53703.4,0.010327576923076924,741.0575218515351,4757.131413127422,0.02167022
0.07578106,0.04345792,53672.79,0.010321690384615384,743.0700904187493,4770.050859823337,0.0216902
0.07587639,0.04348577,53642.14,0.010315796153846153,745.083302737953,4782.974439009269,0.02171012
0.07597172,0.04351359,53609.48,0.010309515384615385,747.0760491901093,4795.766639974001,0.02172937
0.07606706,0.04354138,53576.79,0.010303228846153846,749.0678191626268,4808.55257254279,0.02174851
0.0761624,0.04356915,53542.02,0.010296542307692308,751.0289963566895,4821.142118376256,0.02176685
0.07625775,0.04359689,53507.23,0.010289851923076923,752.9890666070912,4833.724558315365,0.02178507
0.07635312,0.04362461,53470.29,0.010282748076923077,754.9173666990549,4846.103053467129,0.02180248
0.07644848,0.0436523,53433.33,0.010275640384615385,756.8430399046033,4858.46468563118,0.02181976
0.07654386,0.04367997,53394.23,0.010268121153846154,758.7367891031055,4870.621385394878,0.02183624
0.07663924,0.04370761,53355.1,0.010260596153846153,760.6292828986664,4882.77002624737,0.02185261
0.07673463,0.04373523,53313.86,0.010252665384615384,762.4891962934024,4894.709521057015,0.02186818
0.07683003,0.04376282,53272.59,0.010244728846153845,764.3471293797357,4906.636303510289,0.02188362
0.07692543,0.04379039,53229.25,0.010236394230769231,766.1677514982332,4918.323572603381,0.02189821
0.07702084,0.04381794,53185.87,0.010228051923076924,767.9873345722054,4930.0041716726155,0.02191268
0.07711626,0.04384546,53140.44,0.010219315384615384,769.7649406021537,4941.415304055569,0.02192625
0.07721169,0.04387295,53094.97,0.010210571153846154,771.5405828562365,4952.813830210825,0.0219397
0.07730712,0.04390042,53047.47,0.010201436538461539,773.2786996024817,4963.971465791646,0.02195235
0.07740256,0.04392787,52999.95,0.010192298076923076,775.0149825328507,4975.117329407602,0.02196487
0.077498,0.04395529,52950.47,0.010182782692307692,776.7156664354726,4986.03466926099,0.02197664
0.07759346,0.04398269,52900.96,0.010173261538461539,778.4150096695631,4996.943402850765,0.0219883
0.07768892,0.04401006,52849.54,0.010163373076923077,780.0841045606534,5007.6579607680205,0.0219993
0.07778439,0.04403741,52798.09,0.010153478846153845,781.7529723936328,5018.371061112497,0.0220102
0.07787986,0.04406473,52744.77,0.010143224999999999,783.3886390751851,5028.871030578804,0.0220204
0.07797534,0.04409203,52691.41,0.010132963461538462,785.0230729956651,5039.363086480713,0.02203051
0.07807083,0.0441193,52636.25,0.010122355769230769,786.6274306583007,5049.662071390476,0.02203999
0.07816632,0.04414655,52581.05,0.010111740384615386,788.2302569792654,5059.951226032882,0.02204936
0.07826183,0.04417378,52524.16,0.0101008,789.8085715069695,5070.083030107655,0.0220582
0.07835734,0.04420098,52467.23,0.010089851923076924,791.3866815736093,5080.213521668726,0.02206696
0.07845286,0.04422815,52408.7,0.010078596153846153,792.9437042741804,5090.208645368884,0.02207526
0.07854838,0.04425531,52350.13,0.010067332692307692,794.5005861522149,5100.202865075368,0.02208347
0.07864391,0.04428243,52290.06,0.01005578076923077,796.0348605754353,5110.051958890413,0.02209121
0.07873945,0.04430954,52229.96,0.010044223076923077,797.568352421739,5119.896029045181,0.02209886
0.07883499,0.04433661,52168.48,0.0100324,799.0783374590904,5129.589200010628,0.02210605
0.07893054,0.04436367,52106.97,0.010020571153846154,800.5874120738455,5139.276526625528,0.02211315
0.0790261,0.0443907,52044.23,0.01000850576923077,802.0776893960102,5148.84318623628,0.02211989
0.07912165,0.0444177,51981.46,0.009996434615384615,803.5684482380356,5158.4129369070215,0.02212655
0.07921722,0.04444468,51917.57,0.009984148076923077,805.044496467702,5167.888254535663,0.02213294
0.07931281,0.04447164,51853.66,0.009971857692307693,806.5217958306312,5177.371603666814,0.02213926
0.07940838,0.04449857,51788.75,0.009959375,807.9861608686566,5186.771922423813,0.02214536
0.07950399,0.04452548,51723.83,0.009946890384615385,809.4515851336664,5196.179040763587,0.02215138
0.07959959,0.04455237,51658.04,0.009934238461538462,810.9056358382398,5205.513147872741,0.02215722
0.0796952,0.04457923,51592.24,0.009921584615384615,812.3605538140239,5214.852822327206,0.02216299
0.07979081,0.04460607,51525.72,0.009908792307692309,813.807140252084,5224.13901345729,0.02216864
0.07988643,0.04463288,51459.18,0.009895996153846153,815.2554522872605,5233.436281854667,0.02217425
0.07998205,0.04465967,51392.04,0.009883084615384615,816.7025801647021,5242.725948691042,0.02217985
0.08007769,0.04468643,51324.89,0.009870171153846153,818.1526105617434,5252.034247909865,0.02218541
0.08017332,0.04471317,51257.23,0.009857159615384616,819.606503579759,5261.367342768748,0.02219106
0.08026897,0.04473988,51189.56,0.009844146153846153,821.0638091645826,5270.722344198016,0.02219666
0.08036463,0.04476658,51121.47,0.009831051923076923,822.5249596992129,5280.102027829363,0.02220237
0.08046029,0.04479324,51053.37,0.009817955769230769,823.9897219774244,5289.504896622914,0.02220805
0.08055595,0.04481989,50984.91,0.009804790384615385,825.4675109997337,5298.991389064739,0.02221396
0.08065163,0.0448465,50916.45,0.009791625,826.9494048789716,5308.5042321517785,0.02221985
0.0807473,0.0448731,50847.73,0.009778409615384617,828.4507051220254,5318.141652103907,0.02222606
0.08084299,0.04489967,50779.01,0.009765194230769231,829.9563455393832,5327.806933293405,0.02223227
0.08093868,0.04492621,50710.14,0.00975195,831.486496547629,5337.629557332046,0.02223886
0.08103438,0.04495274,50641.28,0.009738707692307691,833.0212113411686,5347.4814780524475,0.02224544
0.08113009,0.04497923,50572.41,0.009725463461538462,834.5736056029431,5357.446890035305,0.02225232
0.08122581,0.04500571,50503.55,0.009712221153846155,836.130562212409,5367.441589471405,0.02225918
0.08132152,0.04503216,50434.83,0.00969900576923077,837.7004285301349,5377.519161258012,0.02226631
0.08141722,0.04505858,50366.12,0.009685792307692308,839.2747416944798,5387.625279052341,0.02227343
0.08151292,0.04508497,50297.67,0.009672628846153846,840.8698969720554,5397.865190335896,0.02228094
0.08160865,0.04511135,50229.22,0.009659465384615385,842.4709087595882,5408.142696794815,0.02228846
0.08170442,0.04513771,50161.11,0.009646367307692309,844.0974649979278,5418.584182844766,0.02229645
0.08180021,0.04516405,50093.01,0.009633271153846153,845.7302201731543,5429.065462239393,0.02230443
0.08189594,0.04519035,50025.45,0.009620278846153846,847.3890120186245,5439.71388096971,0.02231293
0.08199168,0.04521663,49957.89,0.009607286538461539,849.0560941383968,5450.415518138735,0.02232145
0.08208745,0.04524289,49890.88,0.0095944,850.7473011667964,5461.272022315092,0.02233044
0.08218325,0.04526913,49823.86,0.009581511538461538,852.4463865519857,5472.179100674238,0.02233946
0.08227908,0.04529536,49757.42,0.009568734615384615,854.1810035104237,5483.31426977975,0.02234912
0.08237487,0.04532155,49690.99,0.009555959615384616,855.9237600211825,5494.501689781978,0.02235881
0.08247067,0.04534771,49625.16,0.009543300000000001,857.7116139439441,5505.978607304929,0.02236927
0.08256648,0.04537385,49559.33,0.009530640384615385,859.5078706062174,5517.509465223744,0.02237976
0.08266229,0.04539997,49494.12,0.0095181,861.3605382124395,5529.402446548085,0.02239116
0.08275811,0.04542607,49428.93,0.009505563461538462,863.2213080020512,5541.347438883692,0.02240257
0.08285393,0.04545214,49364.48,0.009493169230769231,865.1318767657401,5553.612109863586,0.02241477
0.08294976,0.04547818,49300.04,0.009480776923076924,867.0507911327087,5565.930354460038,0.02242699
0.0830456,0.04550421,49236.48,0.009468553846153846,869.0113728147744,5578.516077474433,0.02243991
0.08314144,0.04553021,49172.92,0.009456330769230768,870.9812420860999,5591.161421073352,0.02245285
0.08323729,0.04555618,49110.35,0.009444298076923076,872.987054769071,5604.037499166685,0.02246643
0.08333315,0.04558214,49047.79,0.009432267307692309,875.003317909527,5616.980662740046,0.02248006
0.08342901,0.04560807,48986.26,0.009420434615384617,877.1040582397638,5630.466117675885,0.02249498
0.08352488,0.04563397,48924.74,0.009408603846153846,879.1959457086372,5643.894742711686,0.0225097
0.08362076,0.04565986,48864.32,0.009396984615384615,881.3207743823833,5657.534829929392,0.02252504
0.08371663,0.04568571,48803.9,0.009385365384615384,883.4551139153454,5671.23597098679,0.02254041
0.08381252,0.04571155,48744.63,0.009373967307692308,885.6457176538929,5685.298293480086,0.02255671
0.08390842,0.04573736,48685.38,0.009362573076923076,887.8476727204759,5699.433484485725,0.02257306
0.08400432,0.04576315,48627.33,0.009351409615384616,890.0977342661906,5713.877489363843,0.02259021
0.08410022,0.04578892,48569.3,0.009340250000000001,892.3591138832937,5728.394149267178,0.02260743
0.08419613,0.04581466,48512.46,0.009329319230769231,894.6785931687194,5743.283773143106,0.0226256
0.08429205,0.04584038,48455.65,0.00931839423076923,897.0093919310746,5758.246061066958,0.02264382
0.08438798,0.04586608,48400.02,0.009307696153846154,899.4083071643236,5773.645614646828,0.0226631
0.08448391,0.04589175,48344.42,0.009297003846153847,901.8192664983835,5789.122483912217,0.02268244
0.08457985,0.0459174,48290.02,0.009286542307692307,904.301274211527,5805.055439872665,0.02270286
0.0846758,0.04594302,48235.64,0.009276084615384615,906.7956089640637,5821.067527809511,0.02272334
0.08477175,0.04596863,48182.49,0.009265863461538461,909.358573569361,5837.520176996758,0.02274485
0.0848677,0.0459942,48129.36,0.009255646153846154,911.9340147751552,5854.052918250278,0.02276642
0.08496367,0.04601976,48077.48,0.009245669230769232,914.5787986115166,5871.030796347313,0.02278902
0.08505963,0.04604529,48025.61,0.009235694230769231,917.2354475097392,5888.084840810432,0.02281167
0.08515561,0.0460708,47974.99,0.009225959615384615,919.9679527967921,5905.6258364204605,0.02283543
0.08525159,0.04609628,47924.39,0.009216228846153847,922.7120140756872,5923.2410143580155,0.02285924
0.08534758,0.04612175,47875.12,0.009206753846153846,925.5368460058781,5941.374689971133,0.0228842
0.08544357,0.04614719,47825.86,0.00919728076923077,928.3714068794216,5959.570819389352,0.02290917
0.08553957,0.0461726,47778.11,0.009188098076923078,931.2715441254381,5978.18790860118,0.02293511
0.08563558,0.04619799,47730.38,0.00917891923076923,934.1827332747602,5996.875944203591,0.02296107
0.08573159,0.04622336,47684.29,0.00917005576923077,937.1465429767253,6015.901771241313,0.02298788
0.08582761,0.04624871,47638.22,0.009161196153846154,940.1236118754812,6035.012714129973,0.02301472
0.08592363,0.04627404,47593.81,0.009152655769230768,943.1536649380217,6054.463782612808,0.02304246
0.08601966,0.04629934,47549.41,0.009144117307692308,946.2001581094577,6074.020386436903,0.0230703
0.0861157,0.04632462,47506.49,0.009135863461538461,949.3279287125051,6094.098741153063,0.02309937
0.08621174,0.04634988,47463.58,0.009127611538461538,952.4721049480629,6114.2824098933925,0.02312852
0.08630778,0.04637511,47421.96,0.009119607692307692,955.7212552086635,6135.139947014202,0.02315914
0.08640384,0.04640032,47380.36,0.009111607692307693,958.9839993619005,6156.084748526481,0.02318981
0.0864999,0.0464255,47340.0,0.009103846153846153,962.361065021402,6177.763423473158,0.02322198
0.08659597,0.04645066,47299.67,0.009096090384615384,965.7482964001405,6199.507356056242,0.02325412
0.08669204,0.0464758,47260.75,0.009088605769230769,969.2224261192099,6221.80912229238,0.02328741
0.08678812,0.04650092,47221.85,0.009081124999999999,972.7065278884895,6244.174902929438,0.02332068
0.0868842,0.04652601,47184.6,0.009073961538461538,976.2569731118947,6266.966567550356,0.02335487
0.08698029,0.04655108,47147.37,0.009066801923076923,979.8194507472257,6289.835472821373,0.02338907
0.08707639,0.04657613,47111.9,0.00905998076923077,983.4365918631877,6313.055283863119,0.0234241
0.08717249,0.04660116,47076.45,0.009053163461538461,987.0688608325014,6336.372206376338,0.0234592
0.0872686,0.04662616,47042.69,0.009046671153846154,990.7803404568805,6360.197612353194,0.02349544
0.08736471,0.04665114,47008.95,0.009040182692307691,994.5077846850028,6384.125501222034,0.02353176
0.08746084,0.0466761,46976.79,0.009033998076923077,998.330841005791,6408.667160649951,0.02356939
0.08755696,0.04670104,46944.64,0.009027815384615384,1002.1682797268788,6433.30114620134,0.02360707
0.08765309,0.04672595,46913.98,0.009021919230769232,1006.114129838192,6458.631065893836,0.02364617
0.08774923,0.04675084,46883.35,0.009016028846153845,1010.0732956435003,6484.046464114415,0.02368528
0.08784538,0.0467757,46854.23,0.009010428846153848,1014.124476432985,6510.052541680116,0.02372559
0.08794152,0.04680055,46825.13,0.009004832692307691,1018.1898719075633,6536.149868741289,0.02376592
0.08803768,0.04682537,46797.54,0.008999526923076923,1022.3494720369424,6562.851931480061,0.02380747
0.08813384,0.04685017,46769.98,0.008994226923076923,1026.5248739482997,6589.655431895686,0.02384905
0.08823001,0.04687494,46743.88,0.008989207692307691,1030.7965477100236,6617.076938107184,0.02389186
0.08832618,0.04689969,46717.79,0.008984190384615384,1035.0828061730017,6644.592069089284,0.0239347
0.08842236,0.04692442,46693.12,0.008979446153846155,1039.4850288150021,6672.85161844993,0.02397896
0.08851854,0.04694913,46668.46,0.008974703846153845,1043.8991337395573,6701.187444722872,0.0240232
0.08861474,0.04697381,46645.28,0.008970246153846154,1048.414210691351,6730.171449023105,0.02406867
0.08871093,0.04699848,46622.13,0.008965794230769231,1052.9394299502826,6759.220560668538,0.02411409
0.08880713,0.04702312,46600.63,0.008961659615384615,1057.5500567412312,6788.817935898774,0.02416058
0.08890334,0.04704773,46579.16,0.00895753076923077,1062.1732439148016,6818.495941024759,0.02420705
0.08899955,0.04707233,46559.48,0.008953746153846155,1066.8573797150532,6848.565198675713,0.02425435
0.08909577,0.0470969,46539.82,0.008949965384615385,1071.5576397689717,6878.7379640725185,0.02430169
0.089192,0.04712145,46521.89,0.008946517307692307,1076.342981033654,6909.456898273304,0.02435018
0.08928822,0.04714598,46503.96,0.00894306923076923,1081.1472452769117,6940.297306304605,0.02439872
0.08938445,0.04717049,46487.51,0.008939905769230769,1086.0651213542324,6971.867032113254,0.0244487
0.08948069,0.04719497,46471.08,0.008936746153846153,1091.000153779413,7003.546891074773,0.02449871
0.08957695,0.04721943,46455.88,0.008933823076923076,1096.078548482916,7036.14704728388,0.02455039
0.08967319,0.04724386,46440.71,0.008930905769230769,1101.170041900813,7068.831289146095,0.02460203
0.08976946,0.04726828,46426.76,0.008928223076923078,1106.3850714740431,7102.3085567962735,0.02465504
0.08986573,0.04729267,46412.84,0.008925546153846152,1111.6107044936327,7135.853892020528,0.02470798
0.089962,0.04731704,46400.27,0.008923128846153846,1116.940564293505,7170.068298775605,0.02476207
0.09005828,0.04734139,46387.73,0.008920717307692309,1122.2823100660382,7204.359006131181,0.02481611
0.09015456,0.04736571,46376.67,0.008918590384615383,1127.707681904009,7239.186541156832,0.02487111
0.09025085,0.04739001,46365.62,0.008916465384615385,1133.1467051550358,7274.101709819507,0.02492608
0.09034714,0.0474143,46356.04,0.008914623076923077,1138.69145709791,7309.695591357262,0.02498229
0.09044344,0.04743855,46346.47,0.008912782692307693,1144.2507704974396,7345.38294844966,0.02503847
0.09053975,0.04746279,46338.3,0.00891121153846154,1149.9192535993595,7381.7711075787265,0.0250959
0.09063606,0.04748701,46330.14,0.008909642307692308,1155.601849290103,7418.249860808295,0.02515329
0.09073237,0.0475112,46323.32,0.008908330769230768,1161.3979994974748,7455.457563872697,0.02521195
0.09082869,0.04753537,46316.51,0.008907021153846154,1167.208035999377,7492.75440836806,0.02527057
0.09092502,0.04755951,46311.0,0.008905961538461538,1173.1332176562566,7530.79041361365,0.02533046
0.09102135,0.04758364,46305.51,0.008904905769230769,1179.0709654652298,7568.907085791432,0.02539027
0.09111769,0.04760774,46301.3,0.008904096153846155,1185.1218552097432,7607.750059288383,0.02545132
0.09121403,0.04763182,46297.11,0.008903290384615384,1191.1844820231715,7646.668377515785,0.02551228
0.09131038,0.04765588,46294.23,0.008902736538461539,1197.3594583961324,7686.307910497972,0.02557446
0.09140673,0.04767992,46291.36,0.008902184615384615,1203.546097298249,7726.022309711413,0.02563655
0.09150309,0.04770393,46289.85,0.00890189423076923,1209.8357926744386,7766.398267812907,0.02569975
0.09159946,0.04772793,46288.35,0.00890160576923077,1216.1374165063073,7806.850799229626,0.02576286
0.09169583,0.0477519,46288.21,0.008901578846153845,1222.5439147427592,7847.976559525027,0.02582713
0.09179219,0.04777585,46288.09,0.008901555769230768,1228.9639324648324,7889.189106564835,0.02589133
0.09188857,0.04779977,46289.27,0.008901782692307693,1235.502012900009,7931.159543275365,0.02595679
0.09198497,0.04782368,46290.46,0.008902011538461539,1242.0527857895186,7973.211457700427,0.02602218
0.09208135,0.04784756,46292.89,0.008902478846153847,1248.7305764299556,8016.078747605995,0.02608889
0.09217776,0.04787142,46295.33,0.008902948076923078,1255.4195076539227,8059.0175531743935,0.02615549
0.09227416,0.04789526,46299.0,0.008903653846153846,1262.2256346170911,8102.708682976743,0.0262233
0.09237057,0.04791908,46302.69,0.008904363461538462,1269.0431706828638,8146.473052168468,0.026291
0.09246699,0.04794287,46307.61,0.008905309615384615,1275.9811545992775,8191.010622140205,0.02635993
0.0925634,0.04796664,46312.54,0.008906257692307693,1282.9322871994877,8235.632598537739,0.02642876
0.09265984,0.0479904,46318.62,0.008907426923076923,1290.0098424032533,8281.066129937373,0.02649887
0.09275627,0.04801412,46324.72,0.008908600000000001,1297.1002523317914,8326.582180727499,0.02656888
0.0928527,0.04803783,46331.83,0.008909967307692309,1304.3448544487658,8373.088050096669,0.0266404
0.09294915,0.04806151,46338.95,0.008911336538461538,1311.5997666087976,8419.660103572001,0.02671178
0.0930456,0.04808518,46347.04,0.008912892307692308,1318.9988879578066,8467.157890938046,0.02678451
0.09314205,0.04810882,46355.15,0.008914451923076923,1326.4045803757215,8514.697860506401,0.02685705
0.0932385,0.04813244,46364.36,0.008916223076923076,1333.9349835643404,8563.038396167642,0.02693074
0.09333497,0.04815603,46373.58,0.008917996153846154,1341.471047694646,8611.415271576783,0.02700424
0.09343144,0.04817961,46384.14,0.008920026923076923,1349.0958644170516,8660.36188378965,0.02707859
0.09352791,0.04820317,46394.72,0.00892206153846154,1356.7289408787726,8709.361518425478,0.02715278
0.09362439,0.0482267,46406.71,0.008924367307692308,1364.4626984058457,8759.007463293061,0.027228
0.09372087,0.04825021,46418.72,0.008926676923076924,1372.2100550035227,8808.740705791466,0.02730313
0.09381736,0.0482737,46431.99,0.008929228846153846,1380.0881772720736,8859.313383100705,0.02737957
0.09391385,0.04829717,46445.27,0.008931782692307691,1387.9817947501615,8909.985530081149,0.02745593
0.09401036,0.04832062,46459.49,0.008934517307692307,1396.0552935799053,8961.812404195944,0.02753398
0.09410686,0.04834404,46473.72,0.008937253846153846,1404.1420283983255,9013.724245179921,0.02761191
0.09420337,0.04836744,46488.67,0.008940128846153845,1412.413289489385,9066.82063082101,0.02769144
0.09429988,0.04839082,46503.63,0.008943005769230768,1420.6904351278567,9119.9547916206,0.02777074
0.09439641,0.04841417,46519.34,0.008946026923076923,1429.1266015657654,9174.109767698403,0.02785136
0.09449294,0.04843751,46535.06,0.00894905,1437.564643926257,9228.276786040113,0.02793171
0.09458947,0.04846083,46551.76,0.008952261538461539,1446.1196179291126,9283.194433277255,0.02801301
0.094686,0.04848412,46568.47,0.008955475000000001,1454.6765743613944,9338.124806486428,0.02809404
0.09478254,0.04850739,46586.34,0.008958911538461537,1463.3383115374836,9393.727807329975,0.02817598
0.09487909,0.04853064,46604.22,0.008962350000000001,1472.0082625100024,9449.383535671543,0.02825775
0.09497565,0.04855388,46623.24,0.008966007692307692,1480.807375500502,9505.868404363218,0.02834067
0.0950722,0.04857708,46642.27,0.008969667307692306,1489.6159559440182,9562.414048253608,0.02842343
0.09516876,0.04860027,46662.25,0.008973509615384616,1498.5800797096347,9619.958184166338,0.02850754
0.09526533,0.04862344,46682.24,0.008977353846153845,1507.5538852879213,9677.56447133431,0.02859148
0.0953619,0.04864658,46703.03,0.008981351923076922,1516.6931248551525,9736.23274249462,0.02867677
0.09545848,0.0486697,46723.82,0.00898535,1525.8366963390267,9794.928821883215,0.02876182
0.09555506,0.0486928,46745.37,0.00898949423076923,1535.125091145451,9854.554577520608,0.028848
0.09565164,0.04871588,46766.92,0.008993638461538462,1544.4180185522307,9914.209429651723,0.02893394
0.09574823,0.04873894,46789.21,0.008997925,1553.8570211046617,9974.801993962481,0.029021
0.09584484,0.04876197,46811.51,0.009002213461538462,1563.3019586703936,10035.432657391562,0.02910783
0.09594143,0.04878499,46834.45,0.009006624999999999,1572.8950716528718,10097.014515443023,0.02919578
0.09603805,0.04880798,46857.4,0.009011038461538461,1582.495456915499,10158.643057039715,0.02928352
0.09613467,0.04883095,46880.84,0.009015546153846154,1592.2648495221297,10221.356521360354,0.0293725
0.09623129,0.0488539,46904.29,0.00902005576923077,1602.0379357350855,10284.093696351432,0.02946121
0.09632791,0.04887683,46928.13,0.009024640384615383,1611.9639201973566,10347.812383631885,0.02955099
0.09642455,0.04889974,46951.99,0.009029228846153845,1621.8909940213475,10411.538063941494,0.02964045
0.09652118,0.04892262,46976.26,0.009033896153846154,1631.9488712515335,10476.103421299384,0.02973076
0.09661782,0.04894549,47000.54,0.009038565384615385,1642.007369513278,10540.672765296164,0.02982076
0.09671446,0.04896834,47025.26,0.009043319230769231,1652.1864336637545,10606.016067804565,0.02991154
0.09681111,0.04899116,47049.99,0.009048075,1662.367494905475,10671.372190404809,0.03000203
0.09690777,0.04901396,47075.09,0.009052901923076923,1672.6754377812404,10737.542814699276,0.03009333
0.09700442,0.04903674,47100.19,0.009057728846153846,1682.9869361347255,10803.736262963881,0.03018435
0.09710109,0.0490595,47125.55,0.009062605769230769,1693.4285296155024,10870.76484156383,0.03027619
0.09719776,0.04908224,47150.91,0.009067482692307694,1703.872344859465,10937.807682510675,0.03036773
0.09729443,0.04910496,47176.42,0.009072388461538461,1714.4434047271077,11005.667355320915,0.03045999
0.09739111,0.04912765,47201.92,0.009077292307692308,1725.012139405614,11073.512101853566,0.03055193
0.09748779,0.04915033,47227.51,0.009082213461538462,1735.6933315978677,11142.078756140358,0.03064443
0.09758448,0.04917298,47253.1,0.009087134615384615,1746.373503328379,11210.638859693277,0.03073661
0.09768118,0.04919561,47278.7,0.009092057692307691,1757.1614109673676,11279.890561211841,0.03082931
0.09777788,0.04921823,47304.3,0.00909698076923077,1767.949817181846,11349.145463276996,0.0309217
0.09787458,0.04924082,47329.77,0.009101878846153846,1778.8459983668165,11419.092214061797,0.03101457
0.09797129,0.04926339,47355.25,0.009106778846153846,1789.7427167524118,11489.042413342688,0.03110713
0.098068,0.04928593,47380.47,0.009111628846153847,1800.7458715180512,11559.675868419625,0.03120012
0.09816472,0.04930846,47405.68,0.009116476923076922,1811.7481914192774,11630.303964182865,0.03129276
0.09826144,0.04933097,47430.53,0.00912125576923077,1822.8441764306092,11701.53333208013,0.03138569
0.09835817,0.04935345,47455.37,0.009126032692307693,1833.9362231833936,11772.73741879085,0.03147825
0.09845491,0.04937592,47479.79,0.009130728846153846,1845.1042913211827,11844.429515821974,0.03157092
0.09855164,0.04939836,47504.2,0.009135423076923076,1856.2668362024235,11916.08615695871,0.03166323
0.09864838,0.04942078,47528.19,0.009140036538461538,1867.4826108068157,11988.084500029036,0.03175544
0.09874513,0.04944318,47552.16,0.009144646153846154,1878.6924430449515,12060.044696779602,0.0318473
0.09884188,0.04946556,47575.67,0.009149167307692307,1889.9473234323368,12132.294074814454,0.03193901
0.09893864,0.04948792,47599.18,0.009153688461538462,1901.199300681313,12204.524816494482,0.03203038
0.0990354,0.04951026,47622.11,0.009158098076923077,1912.4947777984576,12277.03480045089,0.03212158
0.09913217,0.04953258,47645.03,0.009162505769230769,1923.7873912982834,12349.526401753456,0.03221245
0.09922894,0.04955488,47667.21,0.009166771153846153,1935.1331429369252,12422.35911707476,0.03230317
0.09932572,0.04957715,47689.38,0.009171034615384615,1946.474971039163,12495.166645716587,0.03239355
0.0994225,0.04959941,47710.63,0.009175121153846154,1957.8578284050666,12568.2375568804,0.03248363
0.09951928,0.04962164,47731.86,0.009179203846153847,1969.236868769288,12641.283965251825,0.03257335
0.09961606,0.04964385,47752.1,0.009183096153846153,1980.6298727587307,12714.420011469465,0.03266253
0.09971287,0.04966604,47772.32,0.009186984615384615,1992.0175073963733,12787.52158976611,0.03275134
0.09980966,0.04968821,47791.53,0.009190678846153846,2003.3868247383691,12860.505582342408,0.03283935
0.09990647,0.04971036,47810.73,0.009194371153846154,2014.7501122224903,12933.450866956819,0.03292699
0.1000033,0.0497325,47828.88,0.009197861538461537,2026.0946686295501,13006.275909629865,0.03301386
0.1001001,0.0497546,47847.02,0.009201349999999999,2037.4334752170475,13079.064042013963,0.03310037
0.1001969,0.0497767,47864.02,0.00920461923076923,2048.744233476671,13151.672121463327,0.03318601
0.1002937,0.04979876,47881.0,0.009207884615384616,2060.0476913714633,13224.23333708115,0.03327129
0.1003906,0.04982081,47896.77,0.009210917307692306,2071.3133778425386,13296.55208349654,0.03335558
0.1004874,0.04984284,47912.52,0.009213946153846153,2082.5705416283085,13368.816119538176,0.03343951
0.1005842,0.04986485,47927.05,0.009216740384615386,2093.7472076346835,13440.563409573257,0.03352214
0.1006811,0.04988683,47941.57,0.009219532692307693,2104.9131864246247,13512.242094282143,0.0336044
0.1007779,0.0499088,47954.92,0.0092221,2115.981764780604,13583.29552838579,0.03368525
0.1008748,0.04993075,47968.25,0.009224663461538461,2127.0425742216416,13654.299090855693,0.03376579
0.1009716,0.04995267,47980.36,0.009226992307692307,2138.0076461554704,13724.68807768264,0.03384494
0.1010685,0.04997457,47992.45,0.009229317307692306,2148.968055670732,13795.047134663158,0.0339238
0.1011654,0.04999646,48003.15,0.009231375,2159.8474447021977,13864.886090197822,0.03400137
0.1012622,0.05001832,48013.83,0.009233428846153847,2170.72300639951,13934.700476612019,0.03407864
0.1013591,0.05004016,48022.91,0.009235175,2181.510319809807,14003.948363549538,0.03415448
0.101456,0.05006198,48031.97,0.009236917307692308,2192.2894546881953,14073.143749365476,0.03423001
0.1015528,0.05008377,48039.34,0.009238334615384614,2202.948443057114,14141.567868825536,0.03430383
0.1016497,0.05010554,48046.68,0.009239746153846155,2213.5976541037703,14209.929223917778,0.03437732
0.1017466,0.0501273,48052.34,0.009240834615384615,2224.0996593347736,14277.34560862758,0.03444893
0.1018435,0.05014905,48057.98,0.009241919230769231,2234.5930366207917,14344.706607261523,0.0345202
0.1019405,0.05017078,48061.98,0.009242688461538463,2244.895330051333,14410.840965608273,0.0345893
0.1020373,0.05019247,48065.95,0.009243451923076922,2255.185172618339,14476.895397104141,0.03465806
0.1021342,0.05021414,48068.64,0.009243969230769231,2265.2743122720676,14541.661439905063,0.03472495
0.1022311,0.0502358,48071.32,0.009244484615384616,2275.3493801897775,14606.337150855246,0.03479148
0.1023281,0.05025744,48072.96,0.0092448,2285.2906585838728,14670.154015728349,0.03485688
0.102425,0.05027906,48074.57,0.009245109615384616,2295.250012776044,14734.086916056607,0.0349222
0.102522,0.05030066,48073.2,0.009244846153846154,2304.9052960431827,14796.067868922439,0.03498344
0.1026189,0.05032224,48071.81,0.009244578846153846,2314.536214539053,14857.892415010987,0.03504427
0.1027159,0.05034379,48069.03,0.00924404423076923,2323.978537472171,14918.506294114188,0.03510309
0.1028128,0.05036533,48066.24,0.009243507692307692,2333.4156910741817,14979.086989305659,0.03516165
0.1029098,0.05038684,48061.7,0.009242634615384614,2342.643531556959,15038.324023599931,0.0352181
0.1030067,0.05040834,48057.15,0.009241759615384615,2351.8662703130562,15097.528307961124,0.03527429
0.1031037,0.05042981,48050.74,0.009240526923076923,2360.825188662384,15155.039028317551,0.03532789
0.1032006,0.05045127,48044.31,0.009239290384615384,2369.7751226485834,15212.492074613863,0.03538123
0.1032976,0.0504727,48036.03,0.009237698076923076,2378.465792936668,15268.28080815952,0.03543201
0.1033946,0.05049411,48027.73,0.009236101923076924,2387.1496928271054,15324.026079935507,0.03548255
0.1034915,0.05051551,48017.53,0.009234140384615385,2395.5652037748464,15378.048460528842,0.03553046
0.1035885,0.05053688,48007.31,0.009232174999999999,2403.973997869601,15432.027723076144,0.03557813
0.1036855,0.05055823,47995.17,0.009229840384615384,2412.0905249076836,15484.130811702638,0.03562299
0.1037825,0.05057957,47982.99,0.009227498076923076,2420.1989390007184,15536.181820234671,0.03566762
0.1038795,0.05060088,47968.99,0.009224805769230768,2427.9673619933865,15586.050295972625,0.03570913
0.1039765,0.05062217,47954.95,0.009222105769230769,2435.725291914549,15635.851412674869,0.0357504
0.1040735,0.05064345,47939.21,0.009219078846153845,2443.1280028098276,15683.372242710091,0.03578855
0.1041705,0.0506647,47923.45,0.009216048076923077,2450.521509905352,15730.833990037645,0.03582648
0.1042675,0.05068593,47906.08,0.009212707692307693,2457.593292153341,15776.230462628126,0.03586157
0.1043645,0.05070715,47888.67,0.009209359615384615,2464.659252414728,15821.589561661858,0.0358965
0.1044615,0.05072834,47869.5,0.009205673076923077,2471.4168730867023,15864.969311045317,0.03592865
0.1045585,0.05074951,47850.3,0.00920198076923077,2478.1650954586516,15908.288729149546,0.03596061
0.1046556,0.05077066,47829.24,0.00919793076923077,2484.560705007999,15949.344590801527,0.03598943
0.1047526,0.05079179,47808.16,0.009193876923076924,2490.9463928118125,15990.336760977532,0.03601806
0.1048496,0.0508129,47785.29,0.009189478846153846,2496.963414951073,16028.962325374536,0.0360435
0.1049467,0.050834,47762.38,0.009185073076923076,2502.9720934265847,16067.53432860557,0.03606876
0.1050438,0.05085507,47737.73,0.009180332692307693,2508.6026570697336,16103.67906823862,0.03609082
0.1051408,0.05087612,47713.04,0.009175584615384615,2514.225976008728,16139.777301347283,0.0361127
0.1052379,0.05089715,47686.55,0.009170490384615385,2519.5028340357535,16173.651469468883,0.0361316
0.1053349,0.05091816,47660.02,0.00916538846153846,2524.7735790772012,16207.486396000106,0.03615035
0.105432,0.05093915,47631.57,0.009159917307692307,2529.6893210568214,16239.042422220113,0.03616601
0.105529,0.05096012,47603.09,0.009154440384615384,2534.595968138702,16270.540064816096,0.0361815
0.1056261,0.05098107,47572.7,0.009148596153846153,2539.114215716612,16299.54442257696,0.03619368
0.1057232,0.051002,47542.28,0.009142746153846153,2543.6201974627857,16328.470041276769,0.03620567
0.1058203,0.05102292,47510.11,0.009136559615384615,2547.702041644419,16354.672958874073,0.03621417
0.1059174,0.05104381,47477.91,0.009130367307692308,2551.77059048514,16380.790528597516,0.0362225
0.1060145,0.05106468,47444.09,0.009123863461538461,2555.4307308361053,16404.286368160047,0.03622753
0.1061115,0.05108553,47410.24,0.009117353846153847,2559.0794207563467,16427.70870303221,0.03623241
0.1062086,0.05110637,47374.81,0.009110540384615385,2562.3246292693457,16448.540936568905,0.03623404
0.1063057,0.05112718,47339.35,0.009103721153846153,2565.5584475445376,16469.300051816565,0.03623553
0.1064028,0.05114797,47302.33,0.009096601923076923,2568.393711418067,16487.500694060334,0.03623383
0.1065,0.05116875,47265.28,0.009089476923076923,2571.2208859483017,16505.64940771831,0.03623199
0.1065971,0.0511895,47226.67,0.009082051923076923,2573.6499056627526,16521.24221346684,0.03622699
0.1066942,0.05121024,47188.04,0.009074623076923078,2576.066384624772,16536.75451533332,0.03622184
0.1067913,0.05123095,47147.87,0.009066898076923078,2578.079912003577,16549.680117007225,0.03621356
0.1068884,0.05125164,47107.68,0.00905916923076923,2580.082387287334,16562.53477105968,0.03620514
0.1069856,0.05127232,47065.98,0.00905115,2581.682041325679,16572.80356160773,0.03619359
0.1070827,0.05129298,47024.25,0.009043125,2583.2691808939053,16582.992016989923,0.03618191
0.1071798,0.05131361,46981.08,0.009034823076923076,2584.439499644372,16590.504740263157,0.03616701
0.107277,0.05133423,46937.89,0.009026517307692307,2585.595491373742,16597.925492913182,0.03615196
0.1073741,0.05135482,46893.41,0.009017963461538462,2586.3260612035633,16602.615299823505,0.03613369
0.1074713,0.0513754,46848.89,0.009009401923076922,2587.0450342306453,16607.230662425558,0.03611529
0.1075684,0.05139596,46803.17,0.009000609615384614,2587.3608271080398,16609.257857579505,0.03609386
0.1076656,0.0514165,46757.42,0.008991811538461538,2587.6666661757586,16611.221155425497,0.03607231
0.1077628,0.05143701,46710.43,0.008982775,2587.5983051973217,16610.782320182127,0.03604792
0.1078599,0.05145751,46663.42,0.008973734615384615,2587.5191691436157,16610.274315613122,0.03602343
0.1079571,0.05147799,46615.14,0.00896445,2587.0569842033765,16607.307373866963,0.03599601
0.1080543,0.05149845,46566.83,0.008955159615384616,2586.5821957242483,16604.259525188485,0.03596846
0.1081515,0.05151889,46517.31,0.008945636538461537,2585.7209440234683,16598.730821411005,0.03593799
0.1082486,0.05153931,46467.76,0.008936107692307693,2584.8470932106275,16593.121239118707,0.0359074
0.1083458,0.05155971,46417.05,0.00892635576923077,2583.5915891919717,16585.06167905712,0.03587394
0.108443,0.05158009,46366.31,0.008916598076923077,2582.3234434049764,16576.920966653757,0.03584036
0.1085402,0.05160045,46314.41,0.008906617307692308,2580.6940622874076,16566.461346624565,0.03580406
0.1086374,0.0516208,46262.49,0.008896632692307692,2579.050713878063,16555.91206521214,0.03576765
0.1087346,0.05164112,46209.36,0.008886415384615385,2577.06115006515,16543.14029482489,0.03572859
0.1088319,0.05166142,46156.21,0.00887619423076923,2575.056391102852,16530.27098096722,0.0356894
0.1089291,0.0516817,46101.87,0.008865744230769232,2572.6974601823977,16515.128101970386,0.0356475
0.1090263,0.05170197,46047.5,0.008855288461538461,2570.320225732194,16499.867725621763,0.03560546
0.1091235,0.05172221,45992.02,0.00884461923076923,2567.5760031138166,16482.251511984417,0.03556066
0.1092207,0.05174244,45936.52,0.008833946153846153,2564.8143130713224,16464.52316827684,0.03551572
0.109318,0.05176264,45879.96,0.008823069230769231,2561.71241726389,16444.61091376127,0.03546825
0.1094152,0.05178283,45823.39,0.008812190384615384,2558.595083283371,16424.599555713266,0.03542064
0.1095124,0.05180299,45765.77,0.008801109615384614,2555.149017655795,16402.477943604557,0.03537057
0.1096096,0.05182313,45708.13,0.008790025,2551.6844591175754,16380.237618435733,0.03532037
0.1097068,0.05184325,45649.44,0.008778738461538461,2547.8958931282755,16355.91736562543,0.03526771
0.1098041,0.05186336,45590.73,0.008767448076923078,2544.088901349265,16331.478830629929,0.03521491
0.1099014,0.05188346,45531.04,0.00875596923076923,2539.945448564338,16304.880423865583,0.03515959
0.1099987,0.05190354,45471.33,0.008744486538461538,2535.7785456595307,16278.131481820727,0.03510409
0.1100959,0.05192358,45410.84,0.008732853846153845,2531.2855695705257,16249.289351404137,0.03504625
0.1101931,0.05194361,45350.33,0.008721217307692307,2526.7705231941895,16220.305543379449,0.03498825
0.1102904,0.05196362,45289.0,0.008709423076923076,2521.954883034924,16189.392108996213,0.03492804
0.1103877,0.05198362,45227.65,0.008697625,2517.118691782111,16158.346749290307,0.03486768
0.110485,0.05200361,45165.44,0.008685661538461538,2512.0172143654668,16125.598416324947,0.03480535
0.1105823,0.05202356,45103.21,0.008673694230769231,2506.8988268244334,16092.741530809268,0.03474289
0.1106796,0.0520435,45040.05,0.008661548076923077,2501.5301340958167,16058.277840645349,0.03467853
0.1107769,0.05206341,44976.86,0.008649396153846155,2496.1417630698556,16023.68782797111,0.034614
0.1108742,0.05208331,44912.69,0.00863705576923077,2490.496821676458,15987.450792065041,0.03454751
0.1109715,0.05210319,44848.49,0.008624709615384614,2484.8305460345905,15951.07680346559,0.03448083
0.1110688,0.05212305,44783.36,0.008612184615384615,2478.9013406742274,15913.014968529764,0.03441216
0.1111661,0.05214289,44718.2,0.008599653846153845,2472.949147805455,15874.805567993237,0.03434329
0.1112634,0.05216271,44652.21,0.008586963461538462,2466.727325316973,15834.86531189421,0.03427242
0.1113607,0.05218251,44586.2,0.00857426923076923,2460.4820470048876,15794.774483900299,0.03420136
0.111458,0.05220229,44519.44,0.00856143076923077,2453.987631519151,15753.084349185912,0.03412847
0.1115553,0.05222206,44452.67,0.008548590384615385,2447.469763814736,15711.243665718033,0.0340554
0.1116527,0.0522418,44385.17,0.008535609615384614,2440.726590706483,15667.956660766948,0.03398066
0.11175,0.05226153,44317.65,0.008522625,2433.9600541262853,15624.519676761563,0.03390573
0.1118473,0.05228123,44249.35,0.008509490384615384,2426.9983345710666,15579.829738654238,0.03382935
0.1119447,0.05230092,44181.03,0.008496351923076923,2420.0179274575135,15535.019837968883,0.0337528
0.112042,0.05232059,44111.77,0.008483032692307692,2412.886060189559,15489.237656674948,0.03367502
0.1121394,0.05234024,44042.5,0.008469711538461539,2405.731751581602,15443.311415844028,0.03359706
0.1122367,0.05235987,43972.17,0.008456186538461538,2398.416756998277,15396.353670334272,0.03351774
0.1123341,0.05237948,43901.83,0.008442659615384616,2391.0761378232546,15349.231430778489,0.0334382
0.1124314,0.05239907,43830.52,0.008428946153846152,2383.554204354146,15300.94526548332,0.0333572
0.1125288,0.05241865,43759.19,0.008415228846153847,2376.0035569582187,15252.474774519447,0.03327594
0.1126261,0.0524382,43687.15,0.008401375,2368.2236244885594,15202.53241505057,0.03319298
0.1127235,0.05245774,43615.09,0.008387517307692306,2360.4103209592604,15152.375833997776,0.03310975
0.1128209,0.05247726,43542.61,0.008373578846153846,2352.3980047575483,15100.941714552038,0.03302514
0.1129182,0.05249676,43470.12,0.008359638461538463,2344.355195557103,15049.311848895139,0.0329403
0.1130156,0.05251624,43397.23,0.008345621153846154,2336.180159683427,14996.833169694986,0.03285457
0.113113,0.0525357,43324.33,0.008331601923076923,2327.982516894018,14944.20936806396,0.03276865
0.1132104,0.05255514,43250.82,0.008317465384615384,2319.7278398961807,14891.219442054547,0.0326823
0.1133078,0.05257457,43177.28,0.008303323076923077,2311.4536060947767,14838.103973449795,0.03259577
0.1134052,0.05259397,43102.86,0.008289011538461538,2303.1300863755105,14784.672119704657,0.03250873
0.1135026,0.05261335,43028.43,0.008274698076923078,2294.781114359503,14731.076877940648,0.03242145
0.1136,0.05263272,42953.07,0.008260205769230769,2286.3542543658377,14676.981643484714,0.03233344
0.1136974,0.05265206,42877.69,0.008245709615384615,2277.8986924794526,14622.702160611554,0.03224517
0.1137948,0.05267139,42801.51,0.008231059615384615,2269.3429359678216,14567.779490151564,0.03215605
0.1138922,0.0526907,42725.32,0.008216407692307692,2260.756460918574,14512.659625660133,0.03206667
0.1139896,0.05270999,42648.34,0.008201603846153845,2252.1145870998234,14457.18413529773,0.0319768
0.114087,0.05272926,42571.34,0.008186796153846152,2243.4573323141262,14401.609908630968,0.03188678
0.1141845,0.05274852,42493.09,0.008171748076923077,2234.8947352614096,14346.643326123769,0.03179721
0.1142819,0.05276775,42414.81,0.008156694230769231,2226.3108836767865,14291.54030265427,0.03170746
0.1143793,0.05278697,42334.74,0.008141296153846154,2217.8866640451834,14237.462017691376,0.03161841
0.1144767,0.05280617,42254.66,0.008125896153846155,2209.366565849379,14182.768251586793,0.03152863
0.1145742,0.05282534,42175.24,0.008110623076923076,2200.4156375257876,14125.308822258796,0.03143581
0.1146716,0.0528445,42095.85,0.00809535576923077,2191.2261438006503,14066.317950455263,0.03134123
0.1147691,0.05286365,42026.3,0.00808198076923077,2179.881325799084,13993.491228507117,0.03123322
0.1148665,0.05288277,41956.82,0.008068619230769231,2168.3290465089203,13919.332733270265,0.03112362
0.114964,0.05290188,41907.86,0.008059203846153846,2153.4278525599148,13823.676275117316,0.03099824
0.1150614,0.05292096,41858.97,0.008049801923076923,2138.725794339771,13729.298145303683,0.03087403
0.1151589,0.05294003,41821.91,0.008042675,2122.3499752057537,13624.175504589519,0.03073834
0.1152563,0.05295908,41784.26,0.008035434615384616,2105.7656159530616,13517.714165164134,0.03060115
0.1153538,0.05297811,41810.75,0.008040528846153847,2084.484641935173,13381.103460843224,0.03065695
0.1154513,0.05299712,41836.87,0.008045551923076924,2064.994445684112,13255.988443317614,0.03072325
0.1155488,0.05301611,41749.22,0.008028696153846155,2056.4361969250726,13201.049774169145,0.03078285
0.1156462,0.05303509,41661.72,0.008011869230769231,2047.1347514408444,13141.340241243874,0.03083641
0.1157437,0.05305404,41534.42,0.007987388461538462,2042.1683663831157,13109.459117753244,0.03077945
0.1158412,0.05307298,41407.15,0.007962913461538462,2036.8283014617869,13075.179200423854,0.03071962
0.1159387,0.0530919,41281.95,0.007938836538461539,2032.1918520717513,13045.41606006249,0.03059737
0.1160362,0.0531108,41156.69,0.007914748076923077,2027.1668298540499,13013.158522234973,0.03047221
0.1161337,0.05312968,41054.26,0.00789505,2019.5287385647134,12964.126695504367,0.03032105
0.1162312,0.05314854,40951.81,0.007875348076923076,2011.6424349615586,12913.50149908197,0.03016818
0.1163287,0.05316739,40880.67,0.007861667307692307,1999.8428630890576,12837.755538261164,0.03000699
0.1164262,0.05318621,40809.57,0.00784799423076923,1988.2632973434195,12763.421880839649,0.02984755
0.1165237,0.05320502,40755.81,0.007837655769230768,1974.703333743964,12676.37529282491,0.02968659
0.1166212,0.05322381,40701.46,0.007827203846153846,1960.8464362155662,12587.422572452908,0.02952376
0.1167187,0.05324258,40711.78,0.007829188461538461,1942.530083112679,12469.842902656188,0.02956482
0.1168162,0.05326134,40721.85,0.007831125,1925.9234758255927,12363.238744596383,0.0296168
0.1169138,0.05328007,40622.41,0.007812001923076924,1919.1715095054835,12319.895292658242,0.02966319
0.1170113,0.05329879,40523.12,0.007792907692307693,1911.688505996427,12271.859033652956,0.02970365
0.1171088,0.05331749,40388.38,0.007766996153846154,1907.4668023713,12244.758304843366,0.02963389
0.1172064,0.05333617,40253.66,0.007741088461538462,1902.8612828526861,12215.19371514589,0.02956111
0.1173039,0.05335483,40124.46,0.007716242307692307,1898.603144816544,12187.859099929308,0.02942877
0.1174014,0.05337347,39995.21,0.007691386538461538,1893.9536079871775,12158.011946293773,0.02929341
0.117499,0.0533921,39890.12,0.007671176923076924,1886.8530541027112,12112.430777574233,0.02913626
0.1175965,0.05341071,39785.05,0.007650971153846154,1879.4934172751991,12065.1864564399,0.02897726
0.1176941,0.05342929,39712.21,0.007636963461538461,1868.5762995050804,11995.105305714535,0.02881385
0.1177916,0.05344785,39639.43,0.007622967307692308,1857.928364619108,11926.752142785377,0.02865266
0.1178891,0.0534664,39584.4,0.0076123846153846155,1845.5691259007724,11847.41346661563,0.02849324
0.1179867,0.05348493,39528.81,0.00760169423076923,1832.8735007134162,11765.915397157854,0.02833165
0.1180843,0.05350345,39531.91,0.007602290384615385,1816.4116403833327,11660.240425127215,0.02837477
0.1181819,0.05352196,39534.71,0.007602828846153846,1801.6060516547916,11565.197693418057,0.02842899
0.1182794,0.05354043,39428.26,0.007582357692307693,1795.859042262643,11528.305444024756,0.02847253
0.118377,0.05355889,39321.89,0.007561901923076923,1789.7492119990404,11489.084108812827,0.02851302
0.1184745,0.05357733,39180.55,0.007534721153846154,1788.967946860911,11484.068869346273,0.02846531
0.1185721,0.05359576,39039.04,0.007507507692307692,1789.4198844860284,11486.970029660857,0.02842733
0.1186698,0.05361417,38875.74,0.007476103846153845,1816.9598947582365,11663.759879464204,0.02854177
0.1187674,0.05363256,38716.48,0.007445476923076923,1821.7888822403168,11694.758995413,0.02847491
0.118865,0.05365093,38892.5,0.007479326923076923,1710.6479085868473,10981.30261522338,0.02743476
0.1189626,0.05366929,39238.79,0.007545921153846154,817.7770836687448,5249.62359728359,0.0188715
0.1190602,0.05368762,53551.76,0.010298415384615385,-9174.39608825803,-58893.954303144244,0.065631
0.1191578,0.05370593,82295.44,0.015826046153846154,-23427.093640277766,-150387.46627386677,0.1226712
0.1192554,0.05372423,235736.0,0.045333846153846155,-37040.060682324416,-237774.30364080778,0.3374347
0.119353,0.05374251,340253.0,0.06543326923076923,-30157.040275647953,-193589.56544128433,0.3987573
0.1194506,0.05376077,370352.0,0.07122153846153846,-24224.49238851644,-155506.27354885,0.4375955
0.1195482,0.05377902,396447.7,0.07623994230769231,-20427.32624321909,-131130.81305082285,0.4642262
0.1196458,0.05379724,393953.7,0.07576032692307692,-18013.81975344307,-115637.5926195476,0.4781881
0.1197435,0.05381545,392078.2,0.07539965384615385,-16053.044281120787,-103050.62559144311,0.4976613
0.1198411,0.05383364,379918.0,0.07306115384615385,-13527.928943229157,-86840.94531501687,0.5020821
0.1199387,0.05385181,367522.9,0.07067748076923078,-11352.695310133491,-72877.28940199614,0.5041752
0.1200364,0.05386997,347503.1,0.06682751923076923,-9211.036573899417,-59129.16358190763,0.4904012
0.120134,0.0538881,332600.8,0.0639616923076923,-7812.038853012558,-50148.4626124384,0.4887969
0.1202316,0.05390622,326235.2,0.06273753846153847,-6859.555008793668,-44034.10484367964,0.4954266
0.1203293,0.05392432,321538.4,0.061834307692307695,-6085.4297358473295,-39064.69890009265,0.5040537
0.1204269,0.0539424,321393.0,0.061806346153846156,-5543.402005706892,-35585.21577522692,0.5181655
0.1205246,0.05396046,320700.1,0.06167309615384615,-5024.188311285623,-32252.1846635716,0.5292814
0.1206222,0.05397851,319895.9,0.06151844230769231,-4554.030183043092,-29234.059976824512,0.5365894
0.1207199,0.05399654,318467.1,0.06124367307692307,-4107.648381765685,-26368.56461851604,0.5407031
0.1208176,0.05401455,316040.6,0.06077703846153846,-3702.6683560187716,-23768.843078201167,0.5388231
0.1209152,0.05403254,313046.6,0.060201269230769225,-3319.436026400164,-21308.728309782524,0.5342816
0.1210129,0.05405051,308831.0,0.05939057692307692,-2979.402086640478,-19125.920513272027,0.5245123
0.1211106,0.05406847,303904.4,0.05844315384615385,-2648.038947413215,-16998.773898752763,0.5118188
0.1212082,0.05408641,297253.2,0.05716407692307693,-2350.7643184517456,-15090.45445787443,0.495269
0.1213059,0.05410433,289866.9,0.05574363461538462,-2061.198735991596,-13231.622332346544,0.4761942
0.1214036,0.05412223,280527.3,0.05394755769230769,-1795.7755400178469,-11527.769411206691,0.4549549
0.1215013,0.05414012,270621.0,0.0520425,-1545.765323959571,-9922.85829790735,0.4323437
0.121599,0.05415799,259095.7,0.04982609615384616,-1316.349709392228,-8450.151801394808,0.4099477
0.1216966,0.05417584,247429.2,0.04758253846153846,-1113.3895449481756,-7147.272948646667,0.3881352
0.1217943,0.05419367,234988.7,0.04519013461538462,-933.6672057101144,-5993.566575767546,0.3697068
0.121892,0.05421149,222931.6,0.04287146153846154,-789.7209517201967,-5069.520565214205,0.3548284
0.1219897,0.05422928,211270.9,0.04062901923076923,-670.7694763964721,-4305.92559017567,0.346038
0.1220874,0.05424706,200587.1,0.03857444230769231,-587.5094120299623,-3771.44742083285,0.3440223
0.1221851,0.05426483,191383.7,0.03680455769230769,-525.9725076011138,-3376.4185162024983,0.3479652
0.1222829,0.05428257,183253.7,0.03524109615384616,-482.2269386689652,-3095.5989927297346,0.3571952
0.1223806,0.0543003,176814.9,0.03400286538461538,-459.3158503960861,-2948.5239620903667,0.3708625
0.1224783,0.054318,171223.5,0.032927596153846155,-446.3160482144797,-2865.0732642713224,0.3896683
0.122576,0.05433569,167103.2,0.03213523076923077,-449.12050904677955,-2883.0761700226685,0.4117185
0.1226737,0.05435337,163736.1,0.03148771153846154,-459.660090233829,-2950.7337691532316,0.4392909
0.1227715,0.05437102,161910.7,0.03113667307692308,-477.674281287042,-3066.3737452878872,0.4705076
0.1228692,0.05438866,160652.0,0.030894615384615385,-496.9274847289443,-3189.96741540943,0.5043609
0.1229669,0.05440628,160692.0,0.03090230769230769,-516.6913920418198,-3316.839488834055,0.5421342
0.1230646,0.05442388,161077.0,0.030976346153846153,-531.6077334280218,-3412.593184174658,0.5790252
0.1231624,0.05444147,162178.1,0.031188096153846157,-544.0908796496104,-3492.72726995657,0.6182289
0.1232601,0.05445903,163635.0,0.03146826923076923,-551.3544114258418,-3539.354656042103,0.6554999
0.1233579,0.05447658,165435.5,0.03181451923076923,-558.8642630522351,-3587.563263372046,0.6939292
0.1234556,0.05449411,167920.1,0.032292326923076924,-569.6354516815313,-3656.7076391785595,0.7355223
0.1235534,0.05451163,170989.1,0.03288251923076923,-577.1715639688445,-3705.0848237259356,0.7742095
0.1236511,0.05452912,174217.9,0.033503442307692304,-583.1797219105949,-3743.6534854518445,0.8122022
0.1237489,0.0545466,177932.5,0.03421778846153846,-579.0645794456656,-3717.236813449786,0.8415175
0.1238466,0.05456407,180783.9,0.034766134615384615,-566.0998946414843,-3634.0115474958397,0.8626625
0.1239444,0.05458151,183983.9,0.03538151923076923,-541.314981569089,-3474.9077194235765,0.8726612
0.1240422,0.05459894,186061.1,0.03578098076923077,-505.63916986129743,-3245.8910512708508,0.8701682
0.1241399,0.05461635,187916.6,0.03613780769230769,-451.744142422963,-2899.918275233595,0.8468493
0.1242377,0.05463375,188841.7,0.03631571153846154,-377.14337177834966,-2421.0274212681416,0.7951092
0.1243355,0.05465112,188101.6,0.036173384615384614,-281.62604641684663,-1807.8652097304632,0.7019053
0.1244333,0.05466847,186937.8,0.03594957692307692,-177.73731501729074,-1140.963743868551,0.5693011
0.1245311,0.05468579,183756.0,0.035337692307692306,-58.42151167540919,-375.0300080607755,0.32998
0.1246288,0.05470309,178950.2,0.0344135,101.59698881902149,652.1898944937097,0.4392576
0.1247266,0.05472038,165152.6,0.03176011538461539,169.07762205316544,1085.3738656027556,0.560994
0.1248244,0.05473767,158965.0,0.03057019230769231,114.11802344352871,732.5672004122544,0.4614692
0.1249222,0.05475496,161437.9,0.03104575,-100.51629205841563,-645.2524890206523,0.4473928
0.12502,0.05477226,178481.6,0.03432338461538462,97.69281535053767,627.1275130974327,0.4583651
