x_m,r_m,pressure_pa,pressure_over_pc,tau_wall_pa,su2_cf_t,yplus
-0.02268,0.02,5181221.0,0.9963886538461538,1960.4884262735627,12585.124369828824,0.3899948
-0.02258069,0.01999946,5176293.0,0.9954409615384615,1062.266276500547,6819.093152743208,0.2867308
-0.0224814,0.01999803,5175603.0,0.9953082692307692,722.177593052497,4635.93393557789,0.2361622
-0.02238212,0.01999557,5176185.0,0.9954201923076923,578.7375179754468,3715.13728089243,0.2112293
-0.02228287,0.01999211,5177154.0,0.9956065384615385,499.7565867109193,3208.1285021166645,0.196099
-0.02218367,0.01998767,5177558.0,0.9956842307692307,456.58884080825305,2931.018245473703,0.1872762
-0.02208451,0.01998225,5177293.0,0.9956332692307692,431.3303213919213,2768.8741573004863,0.1818354
-0.02198541,0.01997585,5176888.0,0.9955553846153846,418.21791547050515,2684.7006130463283,0.1788725
-0.02188638,0.01996846,5176619.0,0.9955036538461538,415.1041788553006,2664.7123478609406,0.17801
-0.02178742,0.01996008,5176535.0,0.9954875,417.27389828161944,2678.640605973517,0.1782319
-0.02168856,0.01995073,5176516.0,0.9954838461538461,423.134917729697,2716.2647294824965,0.1792131
-0.02158979,0.0199404,5176522.0,0.995485,431.0324041934295,2766.9617129602475,0.180575
-0.02149113,0.01992908,5176519.0,0.9954844230769231,440.51334232413865,2827.8234777728176,0.1822224
-0.02139259,0.01991678,5176545.0,0.9954894230769231,450.69860729771875,2893.206585734242,0.1839365
-0.02129417,0.01990351,5176580.0,0.9954961538461539,460.83749715849734,2958.291994125268,0.1855866
-0.02119589,0.01988926,5176638.0,0.9955073076923077,470.31207536105165,3019.112932128692,0.1870481
-0.02109776,0.01987403,5176700.0,0.9955192307692308,480.9306374656513,3087.2775399499933,0.1886871
-0.02099978,0.01985783,5176786.0,0.9955357692307693,489.6061258462381,3142.9688150299594,0.1898762
-0.02090197,0.01984066,5176886.0,0.995555,498.14950915960077,3197.8120572020944,0.1909924
-0.02080434,0.01982252,5176999.0,0.9955767307692308,506.63672599461944,3252.2947452868393,0.1920588
-0.02070689,0.01980341,5177124.0,0.9956007692307692,514.2571108809901,3301.21290785066,0.1929161
-0.02060963,0.01978333,5177246.0,0.9956242307692308,521.7109393624506,3349.0618812051516,0.1936888
-0.02051258,0.01976229,5177385.0,0.9956509615384616,528.8317714045937,3394.773223167712,0.1943593
-0.02041574,0.01974028,5177514.0,0.9956757692307693,535.7507888523287,3439.1890401293417,0.1949626
-0.02031912,0.01971732,5177666.0,0.995705,540.7761339360051,3471.4486505569275,0.195179
-0.02022274,0.01969339,5177793.0,0.995729423076923,547.5666523261065,3515.039582964253,0.1956706
-0.0201266,0.01966851,5177934.0,0.9957565384615384,554.2537565809853,3557.9666605199345,0.1961086
-0.02003071,0.01964268,5178033.0,0.9957755769230769,558.2193445057424,3583.42328477934,0.1960279
-0.01993509,0.0196159,5178141.0,0.9957963461538462,564.7921944361132,3625.616920165992,0.196376
-0.01983973,0.01958816,5178212.0,0.99581,570.4821614548974,3662.142992767061,0.1965241
-0.01974466,0.01955948,5178288.0,0.9958246153846154,575.9993375106521,3697.559854147821,0.1966049
-0.01964987,0.01952986,5178311.0,0.9958290384615385,581.9010184227751,3735.4449991324764,0.1967213
-0.01955538,0.0194993,5178325.0,0.9958317307692308,588.3893496452927,3777.096076636278,0.1969027
-0.0194612,0.01946781,5178291.0,0.9958251923076923,594.0691172932934,3813.5566755788013,0.1968992
-0.01936734,0.01943538,5178244.0,0.9958161538461539,599.4807209048931,3848.2958270981253,0.1968088
-0.01927381,0.01940202,5178136.0,0.9957953846153846,606.7335760239619,3894.854675641459,0.196991
-0.01918061,0.01936772,5178004.0,0.99577,614.197832392057,3942.7705895850672,0.1971677
-0.01908775,0.01933251,5177817.0,0.9957340384615384,621.6914687112637,3990.8751046618236,0.1972988
-0.01899525,0.01929638,5177604.0,0.995693076923077,629.3957336009983,4040.331725020308,0.197419
-0.01890312,0.01925933,5177314.0,0.9956373076923077,636.9321047795572,4088.7105714895215,0.1974713
-0.01881135,0.01922136,5176977.0,0.9955725,645.8085432650905,4145.691822082216,0.1976884
-0.01871997,0.01918249,5176565.0,0.9954932692307692,654.7600438550552,4203.154925006743,0.1978633
-0.01862898,0.01914271,5176110.0,0.9954057692307692,663.6405415563408,4260.1622332565,0.1979787
-0.01853839,0.01910203,5175564.0,0.9953007692307693,672.1611489847676,4314.859268319881,0.1979928
-0.0184482,0.01906045,5174936.0,0.99518,680.7082279076145,4369.7262340215,0.1979656
-0.01835843,0.01901799,5174187.0,0.9950359615384615,688.1831659776452,4417.710717891632,0.1977492
-0.01826909,0.01897463,5173334.0,0.9948719230769231,693.5695459461022,4452.28794920691,0.1971846
-0.01818019,0.01893038,5172350.0,0.9946826923076924,699.2642837854534,4488.844647528272,0.1966026
-0.01809173,0.01888525,5171310.0,0.9944826923076923,702.1685062364114,4507.487961231699,0.1955941
-0.01800372,0.01883925,5170207.0,0.994270576923077,703.4281650513234,4515.57419251813,0.1942982
-0.01791617,0.01879238,5168978.0,0.9940342307692308,708.2200855544082,4546.335361364347,0.1934589
-0.01782909,0.01874464,5167349.0,0.9937209615384616,731.7537033597943,4697.40664696013,0.1952448
-0.01774245,0.01869611,5165202.0,0.9933080769230769,724.7212299620448,4652.262512900427,0.1926572
-0.01765635,0.01864663,5163166.0,0.9929165384615385,889.855716249072,5712.3238832295965,0.2128254
-0.01757033,0.01859701,5161045.0,0.9925086538461538,952.6150084537175,6115.199762103915,0.2196658
-0.01748433,0.01854735,5158927.0,0.9921013461538462,978.3343029298231,6280.301741461826,0.2220927
-0.01739833,0.01849767,5156581.0,0.9916501923076924,988.0237706031869,6342.502137094105,0.2226851
-0.01731234,0.018448,5154203.0,0.9911928846153846,986.1517407473282,6330.484862090449,0.2219367
-0.01722634,0.01839834,5151830.0,0.9907365384615384,978.3466774847292,6280.381178458458,0.2205133
-0.01714034,0.01834869,5149479.0,0.9902844230769231,969.1018056260559,6221.034813254108,0.2188775
-0.01705434,0.01829904,5147060.0,0.9898192307692307,962.6928574887781,6179.893326109123,0.217562
-0.01696833,0.01824939,5144584.0,0.9893430769230769,958.092902839983,6150.364459437517,0.2164456
-0.01688233,0.01819973,5142027.0,0.9888513461538462,955.4813076363074,6133.5996318560665,0.2155545
-0.01679633,0.01815008,5139394.0,0.988345,954.540478572349,6127.560090575442,0.2148677
-0.01671032,0.01810043,5136664.0,0.98782,955.0028210487726,6130.528043606568,0.2143382
-0.01662432,0.01805078,5133838.0,0.9872765384615385,956.6805403218935,6141.297964727713,0.2139643
-0.01653832,0.01800113,5130905.0,0.9867125,959.32362561488,6158.264939225761,0.2136961
-0.01645231,0.01795147,5127865.0,0.9861278846153846,962.8413403291454,6180.846494201199,0.2135388
-0.01636631,0.01790182,5124708.0,0.9855207692307693,967.041737103355,6207.810446192762,0.2134532
-0.0162803,0.01785217,5121433.0,0.9848909615384616,971.8241719555051,6238.510723020877,0.2134382
-0.0161943,0.01780252,5118035.0,0.9842375,977.0720063208557,6272.1985771673735,0.2134686
-0.0161083,0.01775287,5114512.0,0.98356,982.7962943500519,6308.944969449367,0.2135518
-0.01602229,0.01770322,5110862.0,0.9828580769230769,988.8967551086307,6348.106158228179,0.2136691
-0.01593629,0.01765357,5107082.0,0.9821311538461538,995.4228308150798,6389.99953199764,0.2138296
-0.01585028,0.01760391,5103170.0,0.9813788461538462,1002.2955440221314,6434.11810434408,0.21402
-0.01576428,0.01755426,5099126.0,0.9806011538461539,1009.4859460600981,6480.27604269462,0.2142391
-0.01567828,0.01750461,5094954.0,0.9797988461538462,1016.89479831608,6527.836296470996,0.2144734
-0.01559227,0.01745496,5090659.0,0.9789728846153846,1024.4527929063076,6576.3539518826665,0.2147168
-0.01550627,0.01740531,5086239.0,0.9781228846153847,1032.0980776357871,6625.431956054381,0.2149611
-0.01542027,0.01735565,5081684.0,0.9772469230769231,1039.9338005931932,6675.732455983329,0.2152172
-0.01533426,0.017306,5077004.0,0.9763469230769231,1047.915738413474,6726.971564990166,0.2154795
-0.01524826,0.01725635,5072207.0,0.9754244230769231,1056.0853999515687,6779.415744276529,0.2157524
-0.01516226,0.0172067,5067293.0,0.974479423076923,1064.4226898711797,6832.93599419969,0.2160331
-0.01507625,0.01715704,5062258.0,0.9735111538461538,1072.952535123801,6887.692330386626,0.2163238
-0.01499025,0.01710739,5057101.0,0.9725194230769231,1081.6619868362886,6943.601629072474,0.2166231
-0.01490425,0.01705774,5051827.0,0.9715051923076923,1090.6687004284247,7001.419165356487,0.2169428
-0.01481824,0.01700808,5046440.0,0.9704692307692308,1099.8118089056652,7060.112272528573,0.2172668
-0.01473224,0.01695843,5040946.0,0.9694126923076923,1109.1387670331942,7119.985580860341,0.2175992
-0.01464624,0.01690878,5035348.0,0.9683361538461538,1118.5503577780114,7180.402178303148,0.2179304
-0.01456024,0.01685912,5029649.0,0.9672401923076923,1127.9958381756533,7241.0363263776935,0.2182542
-0.01447423,0.01680947,5023852.0,0.9661253846153847,1137.542305446657,7302.31874778247,0.2185777
-0.01438823,0.01675982,5017962.0,0.9649926923076924,1147.2571184482365,7364.681844761776,0.2189068
-0.01430223,0.01671017,5011983.0,0.9638428846153846,1157.095446865849,7427.837834395554,0.2192375
-0.01421622,0.01666052,5005919.0,0.9626767307692308,1167.1428495543266,7492.335951667582,0.2195772
-0.01413022,0.01661086,4999774.0,0.961495,1177.3631841575836,7557.944184983062,0.2199233
-0.01404421,0.01656121,4993554.0,0.9602988461538462,1187.724642435351,7624.458345092822,0.2202719
-0.01395821,0.01651156,4987263.0,0.9590890384615385,1198.1805853640933,7691.579038282619,0.220619
-0.01387221,0.01646191,4980910.0,0.9578673076923077,1208.7747195533002,7759.586833980374,0.2209682
-0.0137862,0.01641226,4974494.0,0.9566334615384615,1219.456654115658,7828.158253824547,0.2213152
-0.0137002,0.0163626,4968027.0,0.9553898076923077,1230.2585431646417,7897.499707356587,0.2216623
-0.0136142,0.01631295,4961514.0,0.9541373076923076,1241.1718052173808,7967.556106758707,0.2220094
-0.01352819,0.0162633,4954977.0,0.9528801923076923,1252.1738469261622,8038.18241669834,0.2223543
-0.01344219,0.01621365,4948387.0,0.9516128846153846,1263.2571700698725,8109.33050322886,0.2226964
-0.01335619,0.016164,4941726.0,0.950331923076923,1274.6117485971904,8182.219881721597,0.2230514
-0.01327018,0.01611434,4935064.0,0.9490507692307693,1286.050198026384,8255.647659583066,0.223404
-0.01318418,0.01606469,4928468.0,0.9477823076923076,1297.2127102342133,8327.304090976691,0.2237233
-0.01309817,0.01601504,4921853.0,0.9465101923076923,1308.2969411894621,8398.45800509638,0.2240262
-0.01301217,0.01596539,4915190.0,0.9452288461538462,1319.5304295558087,8470.57005957365,0.2243312
-0.01292617,0.01591574,4908530.0,0.9439480769230769,1330.9355687774234,8543.78400648384,0.2246412
-0.01284016,0.01586609,4901921.0,0.9426771153846154,1342.563980800694,8618.43122682711,0.2249609
-0.01275416,0.01581644,4895349.0,0.9414132692307692,1354.2844365039991,8693.66931072518,0.2252795
-0.01266816,0.01576678,4888812.0,0.9401561538461538,1366.063434037519,8769.28319700199,0.2255935
-0.01258215,0.01571713,4882312.0,0.9389061538461538,1377.8631937170462,8845.030363427864,0.2259004
-0.01249615,0.01566748,4875866.0,0.9376665384615385,1389.7127595065053,8921.097254305801,0.2262024
-0.01241015,0.01561783,4869483.0,0.9364390384615384,1401.5671922119056,8997.195387776961,0.2264962
-0.01232414,0.01556818,4863175.0,0.9352259615384615,1413.49746850344,9073.78039020963,0.2267873
-0.01223814,0.01551852,4856948.0,0.9340284615384615,1425.488339884442,9150.754375676797,0.2270752
-0.01215213,0.01546887,4850813.0,0.9328486538461539,1437.574333497823,9228.338987102672,0.2273622
-0.01206613,0.01541922,4844779.0,0.9316882692307692,1449.7124585869765,9306.258250392533,0.2276455
-0.01198013,0.01536957,4838855.0,0.9305490384615385,1461.982064087998,9385.021536688795,0.2279311
-0.01189412,0.01531992,4833051.0,0.9294328846153846,1474.244092963468,9463.736185730384,0.2282086
-0.01180812,0.01527026,4827377.0,0.9283417307692308,1486.5502025638473,9542.733805789738,0.2284814
-0.01172212,0.01522061,4821843.0,0.9272775,1498.9135217657872,9622.098676143018,0.2287512
-0.01163611,0.01517096,4816457.0,0.9262417307692308,1511.4013836610748,9702.263033636404,0.2290227
-0.01155011,0.01512131,4811231.0,0.9252367307692307,1523.9784528875468,9783.000047077467,0.2292938
-0.01146411,0.01507165,4806171.0,0.9242636538461538,1536.8865916448822,9865.862322348765,0.2295826
-0.0113781,0.015022,4801290.0,0.923325,1549.964472093542,9949.814234400079,0.2298778
-0.0112921,0.01497235,4796594.0,0.9224219230769231,1563.2345445390647,10034.999900321596,0.2301803
-0.0112061,0.01492269,4792097.0,0.9215571153846154,1576.5978936882407,10120.784345047698,0.2304836
-0.0111201,0.01487304,4787804.0,0.9207315384615384,1590.0115973120792,10206.892034388617,0.2307836
-0.01103409,0.01482339,4783728.0,0.9199476923076924,1603.4299627917007,10293.029649963242,0.2310773
-0.01094809,0.01477373,4779872.0,0.9192061538461539,1617.0421427450242,10380.411434706899,0.2313777
-0.01086209,0.01472408,4776249.0,0.9185094230769231,1630.817127863417,10468.838328017884,0.2316835
-0.01077608,0.01467443,4772862.0,0.917858076923077,1644.8613610068871,10558.993627289608,0.2320012
-0.01069008,0.01462478,4769720.0,0.9172538461538462,1659.1666434974766,10650.824702075295,0.2323312
-0.01060408,0.01457513,4766828.0,0.9166976923076923,1673.836181447486,10744.994071847965,0.2326798
-0.01051807,0.01452547,4764194.0,0.9161911538461538,1688.7056015988192,10840.44656185193,0.2330359
-0.01043207,0.01447582,4761819.0,0.9157344230769231,1703.8935460590249,10937.943781112264,0.2334067
-0.01034606,0.01442617,4759710.0,0.9153288461538461,1719.3533338284944,11037.186066454266,0.2337896
-0.01026006,0.01437652,4757865.0,0.9149740384615385,1735.1660807071073,11138.694131194148,0.2341888
-0.01017406,0.01432687,4756291.0,0.9146713461538462,1751.3186295401056,11242.383514527774,0.2346041
-0.01008805,0.01427721,4754984.0,0.91442,1767.9664390885487,11349.252165647851,0.2350444
-0.01000205,0.01422756,4753946.0,0.9142203846153846,1785.0048944691166,11458.628521641858,0.2355036
-0.009916048,0.01417791,4753171.0,0.9140713461538461,1802.5345459580699,11571.158053156392,0.2359863
-0.009830044,0.01412826,4752661.0,0.9139732692307693,1820.4973522488754,11686.468170865492,0.2364896
-0.00974404,0.01407861,4752405.0,0.9139240384615385,1838.9195526693086,11804.727315040982,0.2370129
-0.009658036,0.01402896,4752403.0,0.9139236538461538,1857.756489496135,11925.64881069236,0.2375539
-0.009572032,0.0139793,4752639.0,0.9139690384615384,1877.1764679682212,12050.313073462408,0.2381211
-0.009486028,0.01392965,4753110.0,0.9140596153846153,1897.1786844298708,12178.714944378107,0.2387152
-0.009400024,0.01388,4753795.0,0.9141913461538461,1917.9327361926207,12311.943133390443,0.2393442
-0.00931402,0.01383035,4754688.0,0.914363076923077,1939.4538816982845,12450.095590268129,0.24001
-0.009228016,0.0137807,4755764.0,0.91457,1961.7866218314823,12593.457983194668,0.2407123
-0.009142013,0.01373105,4757014.0,0.9148103846153847,1984.856872532086,12741.55473827835,0.2414468
-0.00905601,0.01368139,4758408.0,0.9150784615384615,2008.7827795291453,12895.14427810098,0.2422179
-0.008970006,0.01363174,4759933.0,0.9153717307692307,2033.505516125781,13053.848971615842,0.2430221
-0.008884003,0.01358209,4761555.0,0.9156836538461538,2059.104823404568,13218.180707303447,0.2438607
-0.008797999,0.01353244,4763256.0,0.9160107692307692,2085.6398643450207,13388.519274937256,0.2447374
-0.008711996,0.01348279,4764998.0,0.9163457692307693,2113.2560545530428,13565.798152859237,0.2456572
-0.008625992,0.01343313,4766762.0,0.916685,2141.87780651376,13749.532115927148,0.2466157
-0.008539988,0.01338348,4768506.0,0.9170203846153846,2171.69555671407,13940.943648721899,0.2476198
-0.008453985,0.01333383,4770209.0,0.9173478846153846,2202.6220391105585,14139.47255716383,0.2486647
-0.008367981,0.01328418,4771824.0,0.9176584615384615,2234.6596155447683,14345.134002816336,0.2497457
-0.008281978,0.01323453,4773331.0,0.9179482692307692,2267.833041991613,14558.086903742389,0.2508644
-0.008195974,0.01318487,4774679.0,0.9182075,2302.3727957099986,14779.810781539201,0.2520286
-0.008109971,0.01313522,4775846.0,0.9184319230769231,2338.191999739499,15009.747939799494,0.2532336
-0.008023968,0.01308557,4776779.0,0.9186113461538462,2375.620954169017,15250.018701011531,0.254492
-0.007937965,0.01303592,4777455.0,0.9187413461538462,2414.642817873756,15500.514955559745,0.2558034
-0.007851962,0.01298626,4777822.0,0.918811923076923,2455.431961566145,15762.356055679511,0.2571709
-0.00776596,0.01293661,4777860.0,0.9188192307692308,2497.6487694626235,16033.361877878746,0.258577
-0.007679957,0.01288695,4777519.0,0.9187536538461538,2541.577430960927,16315.356742498832,0.2600299
-0.007593954,0.0128373,4776783.0,0.9186121153846154,2586.782997211548,16605.548546667746,0.2615075
-0.007507951,0.01278765,4775599.0,0.918384423076923,2633.7457281805455,16907.020262629398,0.2630273
-0.007421947,0.012738,4773953.0,0.9180678846153846,2682.320025881347,17218.837241270605,0.2645829
-0.007335944,0.01268834,4771795.0,0.9176528846153846,2733.0127456437394,17544.253180637934,0.2661917
-0.00724994,0.01263869,4769113.0,0.9171371153846154,2785.461748377949,17880.94337152989,0.267837
-0.007163936,0.01258904,4765858.0,0.9165111538461539,2840.4008080673625,18233.61818954294,0.2695458
-0.007077933,0.01253939,4762023.0,0.9157736538461538,2897.2934353456494,18598.833704425888,0.2712938
-0.00699193,0.01248974,4757559.0,0.9149151923076924,2956.8053157880886,18980.86320626492,0.2731027
-0.006905926,0.01244008,4752469.0,0.9139363461538461,3018.3437572045345,19375.90197740599,0.2749467
-0.006819923,0.01239043,4746702.0,0.9128273076923077,3082.7871473157493,19789.588724287027,0.2768555
-0.006733919,0.01234078,4740254.0,0.9115873076923077,3149.483940510358,20217.74092665345,0.2788016
-0.006647915,0.01229113,4733073.0,0.9102063461538461,3219.481865716528,20667.084356863885,0.2808189
-0.006561911,0.01224148,4725188.0,0.90869,3292.028207228859,21132.787045170073,0.2828773
-0.006475907,0.01219183,4716545.0,0.9070278846153846,3368.396888065354,21623.026790228854,0.2850177
-0.006389903,0.01214218,4707124.0,0.9052161538461538,3447.751633511148,22132.43522507981,0.2872068
-0.006303899,0.01209252,4696860.0,0.9032423076923077,3532.068123225838,22673.69499242449,0.2895105
-0.006217895,0.01204287,4685776.0,0.9011107692307693,3619.940457703401,23237.78108609726,0.2918741
-0.006131892,0.01199322,4673791.0,0.8988059615384615,3713.1655768014025,23836.22874970858,0.2943508
-0.006045888,0.01194357,4660898.0,0.8963265384615384,3809.8827570220005,24457.093288087413,0.2968696
-0.005959885,0.01189392,4647024.0,0.8936584615384615,3911.9540716000442,25112.32806088242,0.299483
-0.005873881,0.01184426,4632236.0,0.8908146153846154,4012.0966224561025,25755.18136230739,0.3018941
-0.005787885,0.0117946,4616346.0,0.8877588461538461,4137.401373747549,26559.560443560516,0.3051111
-0.005701897,0.01174492,4599124.0,0.8844469230769231,4285.50123007177,27510.2700147141,0.309056
-0.005615904,0.01169525,4580456.0,0.8808569230769231,4442.853232031585,28520.372644225623,0.3131732
-0.005529897,0.01164561,4560626.0,0.8770434615384616,4599.022982358866,29522.885948734,0.3171007
-0.005443868,0.011596,4539356.0,0.8729530769230769,4728.708755946476,30355.38848622656,0.3199057
-0.005357828,0.01154641,4516328.0,0.8685246153846153,4862.439997334774,31213.860427426625,0.322659
-0.005271787,0.01149682,4491037.0,0.8636609615384615,5042.620415276052,32370.507382547345,0.3267554
-0.00518574,0.01144724,4463510.0,0.8583673076923077,5248.8100049824525,33694.117150114995,0.3314777
-0.005099683,0.01139769,4433619.0,0.8526190384615384,5526.0218320307295,35473.64579891266,0.3380999
-0.005013605,0.01134816,4399967.0,0.8461475,5855.964688824995,37591.67507776189,0.3459652
-0.004927488,0.01129871,4358560.0,0.8381846153846154,6423.908058799873,41237.52059787014,0.360154
-0.004841241,0.01124947,4308874.0,0.8286296153846154,7892.615097996534,50665.71231959665,0.4013859
-0.004753901,0.01120225,4265897.0,0.8203648076923077,6788.704533793508,43579.288570556666,0.3706668
-0.0046663,0.01115547,4235163.0,0.8144544230769231,7139.130243011477,45828.805106227475,0.3798131
-0.004578239,0.01110957,4197117.0,0.8071378846153846,7154.036733340819,45924.49556386971,0.3797412
-0.004489727,0.01106455,4159033.0,0.7998140384615384,7166.722211310257,46005.92849445811,0.3795753
-0.004400772,0.0110204,4121659.0,0.7926267307692307,7229.207916626027,46407.04811454696,0.3807565
-0.004311381,0.01097714,4084723.0,0.7855236538461539,7289.580252724646,46794.60121004899,0.3818244
-0.004221566,0.01093477,4047790.0,0.7784211538461538,7364.056768721136,47272.6944259467,0.3832322
-0.004131335,0.0108933,4010644.0,0.7712776923076923,7445.708958081066,47796.8510312049,0.3847677
-0.004040696,0.01085272,3973647.0,0.7641628846153846,7534.000564413622,48363.628591131244,0.386403
-0.003949659,0.01081305,3936678.0,0.7570534615384615,7631.986396877282,48992.63709304846,0.3882242
-0.003858234,0.01077427,3899615.0,0.7499259615384616,7740.930682320314,49691.99209219467,0.390219
-0.003766427,0.01073641,3862344.0,0.7427584615384616,7855.689807233991,50428.67476792795,0.392285
-0.003674248,0.01069947,3825064.0,0.7355892307692308,7970.650955022527,51166.65430569398,0.3942213
-0.003581707,0.01066344,3787670.0,0.7283980769230769,8095.656996809385,51969.11585649127,0.3963221
-0.003488814,0.01062833,3750091.0,0.7211713461538461,8229.482714027241,52828.194274143316,0.3984981
-0.003395578,0.01059414,3712230.0,0.7138903846153846,8368.207368023657,53718.720839008005,0.4006995
-0.003302005,0.01056089,3674215.0,0.7065798076923077,8510.874874070358,54634.5580778658,0.4028585
-0.003208104,0.01052857,3636196.0,0.6992684615384616,8644.647651057332,55493.29665194576,0.4046994
-0.003113889,0.01049718,3598164.0,0.6919546153846153,8789.289508968159,56421.8080098786,0.4066606
-0.003019367,0.01046672,3559733.0,0.6845640384615385,8940.109361113979,57389.97827360322,0.4086607
-0.002924548,0.01043721,3521095.0,0.6771336538461539,9083.129987427756,58308.08232639325,0.4103444
-0.00282944,0.01040864,3482278.0,0.6696688461538461,9223.200929806862,59207.251230843685,0.4118567
-0.002734053,0.01038101,3443298.0,0.6621726923076923,9364.250198037564,60112.70038278325,0.4132672
-0.002638397,0.01035433,3403969.0,0.654609423076923,9508.413162469205,61038.137540473595,0.4146491
-0.002542478,0.01032861,3364831.0,0.6470828846153847,9622.046748408162,61767.59495142587,0.4152413
-0.002446311,0.01030384,3325431.0,0.6395059615384615,9762.515685206532,62669.3187341392,0.4163291
-0.002349903,0.01028002,3285693.0,0.6318640384615385,9889.480013707294,63484.35127567328,0.4170131
-0.002253261,0.01025717,3245875.0,0.6242067307692307,10000.782730738521,64198.845948411734,0.4172676
-0.002156399,0.01023527,3206037.0,0.6165455769230769,10124.032036310427,64990.03033814352,0.4176773
-0.002059324,0.01021433,3165834.0,0.6088142307692308,10240.946043775597,65740.54602842026,0.4178581
-0.001962045,0.01019437,3125594.0,0.6010757692307692,10350.421890957237,66443.31332549232,0.4177923
-0.001864573,0.01017537,3085168.0,0.5933015384615384,10454.561677555428,67111.82641061,0.4175292
-0.001766917,0.01015733,3044763.0,0.5855313461538462,10560.220916379909,67790.09344019664,0.417212
-0.001669086,0.01014028,3004149.0,0.5777209615384615,10656.994384065212,68411.31930932053,0.4166292
-0.001571091,0.01012419,2963660.0,0.5699346153846154,10751.814051407184,69020.00298743474,0.4159248
-0.001472941,0.01010907,2922771.0,0.5620713461538461,10857.146172113773,69696.17012082096,0.4153361
-0.001374646,0.01009493,2881946.0,0.5542203846153846,10940.583079058806,70231.78351025218,0.4142417
-0.001276215,0.01008177,2840963.0,0.5463390384615384,11030.726579312679,70810.44908492382,0.4131954
-0.001177659,0.01006958,2799976.0,0.538456923076923,11119.49755583224,71380.30390526232,0.4120415
-0.001078986,0.01005838,2758664.0,0.5305123076923077,11204.025270043354,71922.91960336477,0.4107227
-0.0009802069,0.01004816,2717610.0,0.5226173076923077,11276.297403883396,72386.86204783955,0.4091131
-0.000881331,0.01003892,2676436.0,0.5146992307692307,11351.204402455154,72867.71869588824,0.4074762
-0.0007823684,0.01003065,2635353.0,0.5067986538461539,11425.580248056525,73345.1656700505,0.4057548
-0.0006833288,0.01002337,2593830.0,0.4988134615384615,11511.925139769093,73899.44652493295,0.4041577
-0.0005842214,0.01001708,2552337.0,0.49083403846153845,11578.554163375975,74327.16368841895,0.4021284
-0.0004850564,0.01001177,2510626.0,0.4828126923076923,11666.15269925202,74889.49216424189,0.4003794
-0.0003858439,0.01000745,2468209.0,0.4746555769230769,11789.439159530428,75680.91506423264,0.3990662
-0.0002865932,0.0100041,2424716.0,0.4662915384615385,11967.408784600007,76823.3700950995,0.398513
-0.0001873143,0.01000175,2377931.0,0.4572944230769231,12286.088016517246,78869.09386169333,0.3997567
-8.801603e-05,0.01000044,2331618.0,0.4483880769230769,12527.408320612789,80418.22110942722,0.3995324
1.129096e-05,0.009999971,2267333.0,0.4360255769230769,13657.43703117336,87672.30722046537,0.4112733
0.0001105874,0.01000122,2186777.0,0.4205340384615385,14197.971545150567,91142.20482017653,0.4122331
0.0002098418,0.01000441,2102340.0,0.40429615384615386,14528.588690506765,93264.56261497074,0.4092091
0.0003090139,0.01000956,2018406.0,0.388155,14728.299565142828,94546.58303479005,0.404001
0.0004080636,0.01001668,1938766.0,0.3728396153846154,14795.51357568561,94978.0554529587,0.3968661
0.0005069526,0.01002577,1858584.0,0.35742,14832.844266400492,95217.69542183696,0.3890146
0.0006056422,0.01003681,1781454.0,0.3425873076923077,14802.024826339519,95019.8536590508,0.3802907
0.0007040912,0.01004983,1704759.0,0.32783826923076925,14740.885115864721,94627.37449419126,0.3709893
0.0008022646,0.01006478,1631782.0,0.31380423076923075,14661.578356214333,94118.27409849783,0.3616165
0.0009001194,0.01008169,1559632.0,0.2999292307692308,14567.226052429138,93512.59060564825,0.3519277
0.0009976206,0.01010054,1491136.0,0.2867569230769231,14460.902140455395,92830.0567851249,0.3422957
0.00109473,0.01012131,1423431.0,0.2737367307692308,14356.547894453292,92160.16700314211,0.3325871
0.001191405,0.01014402,1358964.0,0.26133923076923077,14226.502163752359,91325.3537633887,0.3227822
0.001287609,0.01016864,1295637.0,0.24916096153846154,14095.425888928745,90483.9250671099,0.312928
0.001383306,0.01019516,1235478.0,0.2375919230769231,13954.124627659281,89576.8582755604,0.3032044
0.001478459,0.01022358,1176284.0,0.22620846153846152,13810.230672274472,88653.14798973812,0.2934208
0.001573024,0.01025388,1120064.0,0.21539692307692307,13657.277805257005,87671.28508846328,0.2837973
0.001666972,0.01028606,1064744.0,0.20475846153846153,13499.720623636751,86659.86533230609,0.2741115
0.001760262,0.0103201,1012387.0,0.1946898076923077,13332.25795294054,85584.85845658509,0.2646082
0.001852859,0.01035598,960963.1,0.18480059615384614,13161.969639068417,84491.7126975547,0.2550976
0.001944724,0.01039369,912365.3,0.17545486538461538,12985.196109322163,83356.93585963227,0.2458213
0.002035822,0.01043323,864642.3,0.1662773653846154,12802.309562904597,82182.9172317292,0.2365198
0.002126115,0.01047456,819700.3,0.15763467307692308,12616.546573446996,80990.43361677676,0.2275062
0.002215573,0.01051768,775662.0,0.14916576923076924,12430.547531704184,79796.43469200288,0.2185536
0.002304157,0.01056256,734065.7,0.14116648076923077,12243.328224173081,78594.60241483372,0.2098818
0.00239183,0.0106092,693492.6,0.13336396153846153,12055.279866546241,77387.44814829504,0.2012824
0.002478561,0.01065756,655158.0,0.12599192307692308,11841.993688139135,76018.28266603762,0.1927695
0.002564312,0.01070765,617942.2,0.11883503846153845,11602.873251374696,74483.27720733754,0.1841594
0.002649054,0.01075942,583814.4,0.11227200000000001,11234.35248560566,72117.6015890002,0.175144
0.00273275,0.01081287,552818.4,0.10631123076923077,10845.139603033069,69619.09536582083,0.1663271
0.002805451,0.01086119,534543.2,0.10279676923076922,9757.792570680713,62638.99925715388,0.1543201
0.00288784,0.01091664,521590.4,0.10030584615384616,8732.034237364534,56054.264542494006,0.1442675
0.002970221,0.0109721,515514.0,0.09913730769230769,8126.227334903941,52165.35853856564,0.1388772
0.003052613,0.01102754,510089.0,0.09809403846153845,7578.4233893378405,48648.79567961699,0.1338976
0.003135027,0.01108295,506319.5,0.09736913461538461,7251.50165123008,46550.16011607673,0.1310175
0.003217482,0.01113829,503293.7,0.09678725,6977.407802373129,44790.64696076242,0.1286326
0.003299977,0.01119357,500571.9,0.09626382692307693,6812.125592790225,43729.6372981475,0.1272805
0.003382505,0.01124881,498243.3,0.09581601923076923,6660.299781405634,42755.00939766194,0.1260395
0.003465062,0.011304,496058.4,0.09539584615384616,6553.463539318124,42069.18673436158,0.1252361
0.00354765,0.01135915,494112.0,0.09502153846153846,6454.37599999046,41433.105955089,0.1245097
0.003630266,0.01141425,492279.5,0.09466913461538462,6385.244460598387,40989.32418649133,0.1240625
0.003712912,0.01146931,490594.4,0.09434507692307693,6321.063882197513,40577.32452840722,0.1236665
0.003795588,0.01152433,488989.3,0.09403640384615385,6274.782364435697,40280.22578033452,0.1234185
0.003878293,0.0115793,487447.2,0.09373984615384616,6231.361469205911,40001.49046142481,0.1231991
0.003961026,0.01163423,485915.8,0.09344534615384616,6196.298170859437,39776.405750598155,0.1230262
0.004043788,0.01168911,484390.6,0.09315203846153845,6162.362061072022,39558.55689386474,0.1228623
0.004126581,0.01174395,482821.8,0.09285034615384616,6131.498641127023,39360.43280739698,0.1226933
0.004209402,0.01179875,481237.9,0.09254575000000001,6100.772502308074,39163.18998093658,0.1225221
0.004292253,0.0118535,479590.4,0.09222892307692308,6071.0330083797335,38972.28080505568,0.1223308
0.004375132,0.0119082,477931.8,0.09190996153846154,6041.145983980446,38780.42457470593,0.1221346
0.004458041,0.01196287,476214.3,0.09157967307692308,6011.807419761657,38592.08911983794,0.1219217
0.004540979,0.01201749,474495.0,0.09124903846153846,5982.341170000542,38402.93400268127,0.1217046
0.004623945,0.01207206,472734.0,0.09091038461538462,5953.664073522668,38218.84476200893,0.1214802
0.004706934,0.01212659,470975.5,0.09057221153846154,5925.021787611985,38034.97898366954,0.121254
0.004789963,0.01218108,469187.2,0.09022830769230769,5897.637892232513,37859.19129501886,0.1210298
0.00487301,0.01223552,467399.1,0.0898844423076923,5870.633552340461,37685.8401180815,0.1208075
0.0049561,0.01228993,465569.0,0.0895325,5844.8088574390595,37520.06153311694,0.1205883
0.005039213,0.01234428,463774.2,0.08918734615384616,5819.188962618626,37355.597638132385,0.1203703
0.005122354,0.01239859,461968.6,0.08884011538461538,5795.455008543441,37203.240317466254,0.1201652
0.005205522,0.01245286,460154.5,0.08849125,5771.820362775705,37051.52049477432,0.1199588
0.005288718,0.01250708,458324.0,0.08813923076923078,5749.051480566006,36905.35833919572,0.119756
0.005371942,0.01256126,456499.8,0.08778842307692307,5726.353871647476,36759.6537141088,0.1195521
0.005455195,0.0126154,454670.8,0.0874366923076923,5704.412960437194,36618.80662076807,0.1193524
0.005538476,0.01266949,452847.2,0.087086,5682.620883635075,36478.91495236744,0.1191528
0.005621782,0.01272354,451023.1,0.08673521153846153,5661.846150301996,36345.55400045212,0.1189608
0.005705118,0.01277754,449203.8,0.08638534615384615,5641.310511488234,36213.727887621484,0.1187698
0.005788487,0.01283151,447381.3,0.08603486538461538,5622.083187959007,36090.300350548896,0.1185889
0.005871883,0.01288542,445562.4,0.08568507692307693,5603.0816150347855,35968.321992875935,0.1184085
0.005955306,0.0129393,443737.5,0.08533413461538461,5584.924442060919,35851.76416115492,0.1182325
0.006038761,0.01299313,441915.7,0.08498378846153846,5566.887451959336,35735.97782921657,0.1180558
0.006122238,0.01304691,440091.6,0.084633,5549.211038765582,35622.50617823686,0.1178789
0.006205752,0.01310066,438271.0,0.08428288461538462,5531.601550244795,35509.46414230685,0.1177011
0.006289282,0.01315435,436452.2,0.08393311538461538,5514.574048986097,35400.15810500703,0.1175259
0.006372854,0.01320802,434636.2,0.08358388461538462,5497.671295054115,35291.6528684671,0.1173503
0.006456437,0.01326162,432821.9,0.08323498076923078,5481.32148125619,35186.697165942736,0.1171766
0.006540067,0.0133152,431010.8,0.0828866923076923,5465.100580675035,35082.56900661843,0.1170026
0.006623714,0.01336873,429202.5,0.0825389423076923,5449.110125305536,34979.92016316779,0.116827
0.006707388,0.01342221,427398.1,0.0821919423076923,5433.133444739455,34877.35974544406,0.11665
0.00679109,0.01347565,425602.3,0.08184659615384615,5417.391558303939,34776.306560966324,0.1164722
0.006874819,0.01352905,423810.2,0.08150196153846154,5401.755682400466,34675.93389860359,0.1162942
0.006958577,0.0135824,422028.2,0.08115926923076923,5386.6916647234675,34579.23221272081,0.1161188
0.007042362,0.01363571,420249.6,0.08081723076923077,5371.86175022313,34484.03332458688,0.1159446
0.007126176,0.01368897,418476.9,0.08047632692307692,5357.72876448139,34393.308288471824,0.1157732
0.007210017,0.0137422,416706.8,0.08013592307692308,5343.709969257295,34303.31628492517,0.1156011
0.007293886,0.01379537,414942.3,0.07979659615384616,5329.864927330538,34214.43967019048,0.115426
0.007377782,0.01384851,413180.4,0.07945776923076923,5316.007458272445,34125.48328095096,0.1152489
0.007461704,0.0139016,411430.1,0.07912117307692307,5301.7563108074955,34033.99971958148,0.1150635
0.007545654,0.01395465,409683.2,0.07878523076923077,5287.453844361018,33942.18672205904,0.1148762
0.007629631,0.01400766,407954.1,0.07845271153846153,5273.129114483602,33850.230807065884,0.1146857
0.007713635,0.01406063,406228.0,0.07812076923076923,5258.86041082819,33758.63454580107,0.1144945
0.007797666,0.01411355,404519.2,0.07779215384615384,5245.104010609561,33670.326956063516,0.1143056
0.007881725,0.01416643,402813.2,0.07746407692307693,5231.527911264742,33583.17678653334,0.1141173
0.007965812,0.01421926,401120.7,0.07713859615384616,5218.416628974488,33499.010455296986,0.1139298
0.008049925,0.01427205,399431.5,0.07681375,5205.379445587299,33415.31979323483,0.1137415
0.008134066,0.0143248,397757.6,0.07649184615384615,5192.590193216386,33333.22069510803,0.113552
0.008218232,0.01437751,396087.0,0.07617057692307692,5179.8323739248735,33251.32337792944,0.1133613
0.008302426,0.01443017,394434.9,0.07585286538461539,5167.285283030052,33170.77880685486,0.1131694
0.008386646,0.01448279,392786.5,0.07553586538461539,5154.892607622659,33091.22548780089,0.1129779
0.008470894,0.01453536,391154.4,0.07522200000000001,5142.838939014312,33013.84838293469,0.1127863
0.008555168,0.0145879,389525.8,0.07490880769230769,5130.851453820325,32936.89613469593,0.1125938
0.008639468,0.01464039,387912.1,0.07459848076923077,5118.842772106259,32859.807817894965,0.1123973
0.008723795,0.01469284,386301.6,0.07428876923076923,5106.799659142711,32782.49847374635,0.1121987
0.008808148,0.01474524,384708.4,0.07398238461538462,5094.325347674357,32702.42110162148,0.1119923
0.008892527,0.01479761,383118.4,0.0736766153846154,5081.836162865318,32622.248251839203,0.1117845
0.008976933,0.01484993,381546.7,0.07337436538461539,5069.282745300761,32541.663067453977,0.1115734
0.009061365,0.01490221,379977.5,0.07307259615384615,5056.779712759694,32461.401323788177,0.1113616
0.009145825,0.01495445,378422.8,0.07277361538461538,5044.600433052352,32383.217873277743,0.1111503
0.009230311,0.01500664,376869.5,0.07247490384615385,5032.44017134559,32305.156506580388,0.1109374
0.009314824,0.01505879,375328.3,0.07217851923076923,5020.268378794719,32227.021118988407,0.110721
0.009399363,0.01511089,373788.4,0.07188238461538463,5008.089325235222,32148.83912020741,0.1105028
0.009483928,0.01516296,372260.8,0.07158861538461538,4995.765616508601,32069.72852463156,0.1102798
0.00956852,0.01521498,370734.3,0.07129505769230769,4983.387665566,31990.269727543746,0.1100546
0.009653138,0.01526696,369219.4,0.07100373076923078,4971.275606701057,31912.517793307783,0.1098294
0.009737783,0.0153189,367704.6,0.07071242307692308,4959.189171558592,31834.930347537997,0.1096026
0.009822453,0.01537079,366198.4,0.07042276923076923,4947.126475228555,31757.495290276504,0.1093727
0.009907149,0.01542264,364692.7,0.07013321153846154,4935.014003871022,31679.740708092973,0.1091403
0.00999187,0.01547445,363197.5,0.06984567307692308,4922.469339193548,31599.211711834683,0.1089004
0.01007662,0.01552622,361703.5,0.06955836538461538,4909.781123041848,31517.761203807997,0.1086572
0.01016139,0.01557794,360224.5,0.06927394230769231,4896.741417751953,31434.054352688672,0.1084089
0.01024619,0.01562963,358746.6,0.06898973076923076,4883.655069319565,31350.048081413934,0.1081587
0.01033101,0.01568127,357283.9,0.06870844230769231,4870.589960242743,31266.178153678768,0.1079077
0.01041586,0.01573287,355822.2,0.06842734615384616,4857.592951242192,31182.74538635628,0.107656
0.01050073,0.01578443,354372.6,0.06814857692307692,4844.504866921302,31098.72797174992,0.1074021
0.01058563,0.01583594,352923.8,0.06786996153846153,4831.359013862676,31014.33971754085,0.1071457
0.01067056,0.01588741,351487.9,0.06759382692307693,4818.02447151422,30928.740194676517,0.1068867
0.01075551,0.01593884,350052.2,0.06731773076923077,4804.650555725414,30842.8879186528,0.1066256
0.01084049,0.01599023,348628.8,0.06704399999999999,4791.241545823507,30756.810360106574,0.1063638
0.01092549,0.01604157,347205.4,0.06677026923076923,4777.857822970857,30670.895128792465,0.1061007
0.01101052,0.01609288,345791.3,0.06649832692307692,4764.576619914486,30585.638011226576,0.1058382
0.01109558,0.01614414,344376.7,0.06622628846153847,4751.254979746899,30500.121312391544,0.1055733
0.01118066,0.01619535,342970.6,0.06595588461538461,4737.746740523819,30413.406762914205,0.105306
0.01126577,0.01624653,341564.2,0.06568542307692309,4724.124256295714,30325.95883109315,0.1050356
0.0113509,0.01629767,340168.6,0.06541703846153846,4710.071452559464,30235.74851391129,0.104761
0.01143605,0.01634876,338773.1,0.06514867307692307,4695.918260870137,30144.893768097372,0.1044836
0.01152123,0.01639981,337389.9,0.06488267307692308,4681.527092352314,30052.511358083237,0.1042051
0.01160644,0.01645082,336006.5,0.06461663461538461,4667.067059411773,29959.686881024514,0.1039241
0.01169167,0.01650179,334634.7,0.06435282692307692,4652.554990250132,29866.528363577938,0.1036441
0.01177693,0.01655271,333262.5,0.06408894230769231,4638.024798980317,29773.253513394,0.1033623
0.01186221,0.01660359,331899.1,0.06382675,4623.558210599816,29680.386954461137,0.1030825
0.01194751,0.01665443,330535.0,0.06356442307692307,4609.025861435455,29587.098251927506,0.1028002
0.01203285,0.01670523,329178.6,0.06330357692307692,4594.329684934488,29492.75787911685,0.1025174
0.0121182,0.01675599,327821.6,0.06304261538461538,4579.513725010204,29397.648570739075,0.1022314
0.01220358,0.01680671,326473.9,0.06278344230769231,4564.232546029766,29299.55284346565,0.1019421
0.01228899,0.01685738,325125.9,0.06252421153846155,4548.775533906155,29200.328376055073,0.1016493
0.01237441,0.01690802,323790.0,0.06226730769230769,4532.987233052667,29098.977239692027,0.1013555
0.01245987,0.01695861,322453.6,0.06201030769230769,4517.094733876322,28996.95721447725,0.1010591
0.01254535,0.01700916,321128.7,0.06175551923076923,4501.193694256175,28894.882364890153,0.1007654
0.01263085,0.01705967,319803.1,0.06150059615384615,4485.2707033282395,28792.666601470104,0.1004699
0.01271638,0.01711013,318485.4,0.061247192307692315,4469.543375858283,28691.706876555712,0.1001787
0.01280193,0.01716056,317166.5,0.060993557692307694,4453.741250957639,28590.266998351388,0.09988481
0.01288751,0.01721094,315853.6,0.06074107692307692,4437.859236117706,28488.314276098426,0.09959167
0.01297311,0.01726128,314539.7,0.06048840384615385,4421.834506120266,28385.44541071367,0.09929508
0.01305874,0.01731158,313233.4,0.06023719230769231,4405.3771593134215,28279.799412713448,0.09899558
0.01314439,0.01736184,311926.4,0.05998584615384616,4388.686936190925,28172.65849265402,0.09869175
0.01323006,0.01741206,310630.5,0.059736634615384615,4371.6129945086395,28063.054336528905,0.09838634
0.01331576,0.01746224,309334.0,0.059487307692307693,4354.401699006728,27952.568453748594,0.09807796
0.01340148,0.01751237,308048.8,0.059240153846153845,4337.211732711132,27842.219491294138,0.09777233
0.01348723,0.01756247,306762.6,0.058992807692307685,4319.972800572415,27731.556198381375,0.09746472
0.013573,0.01761252,305483.7,0.058746865384615383,4303.114037479393,27623.333355846957,0.09716288
0.0136588,0.01766253,304203.1,0.058500596153846146,4286.185317425984,27514.661432851153,0.09685836
0.01374462,0.0177125,302926.8,0.058255153846153845,4269.302761477024,27406.2858548825,0.09655492
0.01383046,0.01776243,301649.0,0.058009423076923076,4252.27190212224,27296.95826068067,0.0962479
0.01391633,0.01781231,300376.4,0.057764692307692315,4234.902746855182,27185.459015744913,0.09593761
0.01400222,0.01786216,299102.6,0.05751973076923077,4217.300827843953,27072.465571389293,0.09562299
0.01408813,0.01791196,297836.9,0.05727632692307693,4199.464361871435,26957.96648046172,0.09530679
0.01417407,0.01796173,296569.9,0.05703267307692308,4181.464660816134,26842.419521160722,0.09498722
0.01426003,0.01801145,295311.1,0.05679059615384615,4163.468468787281,26726.895087641406,0.09466861
0.01434602,0.01806113,294051.1,0.056548288461538455,4145.357152878915,26610.631629947195,0.09434716
0.01443203,0.01811077,292797.3,0.056307173076923074,4127.509665545551,26496.06178869275,0.0940291
0.01451807,0.01816037,291541.7,0.05606571153846154,4109.562758645605,26380.853735249213,0.09370818
0.01460412,0.01820993,290290.1,0.05582501923076923,4091.7324470285525,26266.394151481134,0.09338837
0.0146902,0.01825945,289036.8,0.055583999999999995,4073.744327638223,26150.921539313294,0.09306494
0.01477631,0.01830892,287787.7,0.055343788461538465,4055.6172999483388,26034.557221689574,0.0927398
0.01486244,0.01835836,286537.0,0.05510326923076923,4037.2624468792455,25916.730405897782,0.09241024
0.01494859,0.01840776,285293.2,0.054864076923076925,4018.5098805297866,25796.350516581122,0.09207667
0.01503476,0.01845711,284048.3,0.05462467307692308,3999.5615057067334,25674.713657848155,0.09173942
0.01512096,0.01850643,282811.7,0.05438686538461539,3980.5929698375635,25552.94737765602,0.09140307
0.01520718,0.0185557,281573.6,0.05414876923076923,3961.504780241053,25430.4129944648,0.09106391
0.01529342,0.01860493,280341.3,0.05391178846153846,3942.8505163611353,25310.66414626445,0.09073052
0.01537969,0.01865412,279106.8,0.05367438461538461,3924.1465252881912,25190.596080209812,0.09039487
0.01546598,0.01870327,277874.2,0.053437346153846155,3905.744038700081,25072.463486657252,0.09006268
0.0155523,0.01875238,276639.3,0.05319986538461538,3887.196673394705,24953.40086125605,0.08972691
0.01563864,0.01880145,275406.3,0.052962749999999996,3868.571243492742,24833.83710937852,0.08939046
0.015725,0.01885047,274171.2,0.052725230769230774,3849.7075557697094,24712.743889502075,0.0890494
0.01581138,0.01889946,272941.2,0.05248869230769231,3830.525251448655,24589.60534792994,0.08870579
0.01589779,0.01894841,271709.5,0.05225182692307692,3811.1437759272303,24465.188250313324,0.08835841
0.01598422,0.01899732,270484.6,0.05201626923076923,3791.762724650019,24340.773876082432,0.08801285
0.01607067,0.01904618,269258.1,0.051780403846153844,3772.232750890626,24215.403511530654,0.08766411
0.01615714,0.01909501,268037.4,0.05154565384615385,3753.099676435973,24092.580995283162,0.08732173
0.01624364,0.01914379,266809.6,0.051309538461538455,3733.9140147175867,23969.420901294594,0.08697704
0.01633016,0.01919254,265580.3,0.05107313461538461,3714.666591714342,23845.864338017673,0.0866327
0.01641671,0.01924124,264363.1,0.05083905769230769,3695.454194652984,23722.53261964619,0.0862875
0.01650328,0.0192899,263149.9,0.050605750000000005,3676.7016874179626,23602.153109807692,0.08594897
0.01658987,0.01933853,261926.9,0.050370557692307694,3657.602543210757,23479.548404784335,0.08560452
0.01667648,0.01938711,260708.1,0.05013617307692308,3638.3363133610187,23355.87111317311,0.0852599
0.01676311,0.01943565,259487.8,0.049901499999999994,3618.932772774658,23231.312371472948,0.08491217
0.01684977,0.01948415,258272.7,0.049667826923076926,3599.634447452257,23107.429046758054,0.0845679
0.01693645,0.01953261,257054.7,0.049433596153846154,3580.235716805029,22982.901181895206,0.08422096
0.01702315,0.01958104,255839.6,0.04919992307692308,3560.938714647036,22859.026351078268,0.08387742
0.01710988,0.01962942,254626.6,0.04896665384615385,3541.6578028111207,22735.254810187347,0.0835326
0.01719662,0.01967776,253417.6,0.04873415384615385,3522.9484217944578,22615.15214402432,0.08319644
0.01728339,0.01972606,252204.4,0.04850084615384615,3504.0891350436914,22494.08717567059,0.08285685
0.01737019,0.01977432,250993.7,0.04826801923076923,3485.441230203487,22374.379148576143,0.08252136
0.017457,0.01982254,249781.0,0.04803480769230769,3466.675433764387,22253.91433025846,0.08218282
0.01754384,0.01987072,248572.5,0.04780240384615385,3447.828784072234,22132.930484012973,0.0818453
0.01763069,0.01991886,247362.5,0.04756971153846154,3428.7847644105223,22010.679644511885,0.08150381
0.01771757,0.01996696,246160.7,0.047338596153846155,3409.6542967199484,21887.87386207914,0.08116415
0.01780447,0.02001502,244957.4,0.04710719230769231,3390.425446945911,21764.436527457892,0.08082212
0.0178914,0.02006305,243762.6,0.04687742307692308,3371.558351133311,21643.321429752177,0.0804873
0.01797834,0.02011103,242566.1,0.04664732692307692,3352.703338853048,21522.283900858012,0.08015144
0.01806531,0.02015897,241375.0,0.04641826923076923,3334.5457687556723,21405.72351984943,0.07982603
0.0181523,0.02020687,240181.8,0.04618880769230769,3316.3812422384,21289.118482923277,0.07949899
0.01823932,0.02025473,238992.0,0.04596,3298.600100281673,21174.974537994032,0.07917806
0.01832635,0.02030255,237800.3,0.04573082692307692,3280.7623164480333,21060.466987212323,0.07885491
0.01841341,0.02035033,236613.3,0.04550255769230769,3263.0344525976693,20946.66505480699,0.07853477
0.01850048,0.02039807,235424.8,0.045273999999999995,3245.205213147043,20832.212353684907,0.07821206
0.01858759,0.02044577,234243.1,0.04504675,3227.658756843866,20719.574945646244,0.07789495
0.01867471,0.02049343,233060.0,0.04481923076923077,3210.075495591929,20606.701272577215,0.07757611
0.01876186,0.02054106,231883.9,0.04459305769230769,3192.8255809122074,20495.967478536983,0.07726333
0.01884901,0.02058863,230706.6,0.04436665384615385,3175.55713542457,20385.114728159562,0.07694909
0.01893621,0.02063618,229536.7,0.04414167307692308,3158.626786532846,20276.432349028186,0.07664093
0.01902341,0.02068368,228365.8,0.0439165,3141.6846960351,20167.67459604093,0.07633143
0.01911065,0.02073115,227202.7,0.043692826923076925,3125.086047082864,20061.12152557365,0.07602809
0.01919789,0.02077857,226038.7,0.043468980769230774,3108.4825952324313,19954.53762346751,0.07572354
0.01928517,0.02082596,224883.1,0.04324675,3092.227261240645,19850.188422922325,0.07542521
0.01937246,0.0208733,223726.9,0.043024403846153844,3075.9781037336957,19745.878871593526,0.07512584
0.01945979,0.02092061,222580.0,0.04280384615384615,3059.9479646392033,19642.97528314781,0.07483114
0.01954712,0.02096788,221432.7,0.04258321153846154,3043.9098543813625,19540.020524758544,0.07453533
0.01963448,0.02101511,220296.4,0.042364692307692305,3028.1860391714413,19439.083346383457,0.07424572
0.01972186,0.0210623,219159.8,0.04214611538461538,3012.491733195838,19338.335599059825,0.07395554
0.01980926,0.02110945,218033.9,0.04192959615384615,2997.286386528568,19240.72666838244,0.07367358
0.01989668,0.02115656,216907.7,0.041713019230769234,2982.1424959957494,19143.51224811633,0.07339141
0.01998413,0.02120363,215791.7,0.04149840384615385,2967.4336435896735,19049.090503826937,0.07311649
0.02007159,0.02125066,214675.5,0.04128375,2952.7687338422065,18954.950844254963,0.07284112
0.02015908,0.02129765,213569.7,0.04107109615384616,2938.4814999515766,18863.235630329327,0.07257235
0.02024659,0.0213446,212463.8,0.04085842307692308,2924.2396731189438,18771.811901660378,0.07230318
0.02033412,0.02139151,211368.6,0.04064780769230769,2910.443051419655,18683.246114868634,0.07204146
0.02042166,0.02143838,210273.6,0.04043723076923077,2896.742600893053,18595.29768758426,0.07178016
0.02050924,0.02148522,209188.7,0.040228596153846156,2883.573841986957,18510.762391987275,0.07152707
0.02059683,0.02153201,208104.1,0.040020019230769234,2870.453765455852,18426.539607158353,0.07127364
0.02068444,0.02157877,207030.7,0.03981359615384616,2857.6433231020105,18344.304482433818,0.07102578
0.02077207,0.02162548,205957.8,0.03960726923076923,2844.838265399633,18262.103923844665,0.07077708
0.02085972,0.02167216,204899.3,0.03940371153846153,2832.062314406123,18180.09021234228,0.07053099
0.0209474,0.0217188,203841.8,0.039200346153846155,2819.3063352641057,18098.204707786474,0.07028456
0.02103509,0.0217654,202800.6,0.03900011538461538,2806.851404795887,18018.25174970753,0.07004469
0.02112281,0.02181197,201760.4,0.03880007692307692,2794.496419308201,17938.94037665061,0.06980553
0.02121054,0.02185849,200734.8,0.038602846153846154,2782.824659568703,17864.01489075241,0.06957734
0.0212983,0.02190497,199709.9,0.038405749999999995,2771.326914580643,17790.20647203996,0.06935076
0.02138608,0.02195141,198696.3,0.038210826923076924,2760.5668768436376,17721.133678072154,0.0691349
0.02147388,0.02199781,197683.5,0.03801605769230769,2749.8956754957926,17652.63115883342,0.06891925
0.0215617,0.02204418,196682.2,0.0378235,2739.5770776407835,17586.392136155602,0.06870937
0.02164954,0.0220905,195682.0,0.03763115384615385,2729.2638103208674,17520.187332219502,0.06849873
0.0217374,0.02213679,194697.0,0.03744173076923077,2718.8943165270066,17453.621589061324,0.0682894
0.02182528,0.02218304,193713.5,0.03725259615384616,2708.5167559346773,17387.00406204121,0.06807947
0.02191317,0.02222926,192748.4,0.037066999999999996,2698.302081961385,17321.43216647257,0.06787447
0.02200108,0.02227543,191785.0,0.03688173076923077,2688.1676782889544,17256.375556638857,0.06767017
0.02208903,0.02232157,190838.7,0.03669975,2678.5728152540064,17194.782464331845,0.06747528
0.02217698,0.02236766,189894.0,0.036518076923076924,2669.1398587420513,17134.22871186528,0.06728211
0.02226498,0.02241372,188963.2,0.036339076923076925,2660.456453761302,17078.4866171037,0.06710019
0.02235298,0.02245973,188033.6,0.03616030769230769,2651.8836585575946,17023.454568768273,0.06691898
0.022441,0.02250571,187117.1,0.03598405769230769,2643.7526501874677,16971.258518937633,0.06674472
0.02252905,0.02255165,186201.9,0.035808057692307695,2635.660001049214,16919.308711674603,0.06657029
0.02261711,0.02259755,185301.9,0.035634980769230766,2627.6814556983395,16868.09138022525,0.06639904
0.02270518,0.02264341,184403.6,0.035462230769230774,2619.697703762366,16816.840625716555,0.06622721
0.02279329,0.02268924,183522.8,0.035292846153846154,2611.85491262793,16766.494752458286,0.06605958
0.0228814,0.02273502,182643.8,0.03512380769230769,2604.0684965372748,16716.51077214865,0.06589236
0.02296955,0.02278078,181782.3,0.03495813461538461,2596.6301302988804,16668.761056840987,0.06573197
0.0230577,0.02282648,180922.7,0.034792826923076926,2589.2942229983532,16621.669064608133,0.06557258
0.0231459,0.02287216,180078.8,0.03463053846153846,2582.508828716388,16578.111025809012,0.06542218
0.02323409,0.02291779,179236.6,0.03446857692307692,2575.827164849412,16535.218872182213,0.06527263
0.02332232,0.02296339,178408.7,0.03430936538461539,2569.559584552662,16494.98487922648,0.06512988
0.02341056,0.02300895,177582.7,0.034150519230769234,2563.3529555172063,16455.142155708305,0.06498741
0.02349882,0.02305446,176771.8,0.03399457692307692,2557.38276348701,16416.817211676578,0.06484958
0.02358711,0.02309994,175962.7,0.033838980769230774,2551.4347836752468,16378.63485636293,0.06471157
0.0236754,0.02314539,175170.3,0.03368659615384615,2545.583445164179,16341.072878487994,0.06457678
0.02376372,0.02319079,174379.9,0.03353459615384615,2539.7734429087423,16303.776253833777,0.06444224
0.02385206,0.02323616,173606.6,0.033385884615384616,2534.1953937584026,16267.968624797437,0.06431285
0.02394042,0.02328149,172835.3,0.03323755769230769,2528.6930976320923,16232.64728336985,0.06418414
0.0240288,0.02332678,172080.0,0.03309230769230769,2523.588038813178,16199.875960014759,0.06406244
0.0241172,0.02337203,171326.5,0.03294740384615385,2518.5777868960845,16167.713238391021,0.06394164
0.02420562,0.02341724,170587.6,0.032805307692307696,2513.961881547951,16138.08197808512,0.06382733
0.02429405,0.02346242,169850.3,0.032663519230769225,2509.4067423075153,16108.840798645087,0.06371339
0.02438251,0.02350756,169127.6,0.032524538461538466,2505.120392106588,16081.325078762035,0.06360429
0.02447098,0.02355265,168406.5,0.03238586538461539,2500.867952469716,16054.027043747898,0.06349522
0.02455948,0.02359772,167700.7,0.03225013461538462,2496.7456003166367,16027.564090002568,0.06338938
0.02464799,0.02364274,166996.7,0.032114750000000004,2492.650316152305,16001.2748960205,0.06328356
0.02473653,0.02368773,166308.5,0.03198240384615385,2488.7239256384005,15976.069894919865,0.0631817
0.02482508,0.02373268,165622.0,0.031850384615384614,2484.8512047461886,15951.209419629655,0.06308027
0.02491365,0.02377759,164950.7,0.03172128846153846,2481.2555795040985,15928.127727204153,0.06298405
0.02500224,0.02382246,164281.0,0.0315925,2477.7346725368575,15905.525679937009,0.06288853
0.02509085,0.02386729,163624.9,0.03146632692307692,2474.622915826571,15885.550124517871,0.06279954
0.02517948,0.02391209,162970.4,0.03134046153846154,2471.5750660411077,15865.984812069932,0.06271099
0.02526813,0.02395685,162328.5,0.031217019230769232,2468.8218521491176,15848.31088001143,0.06262722
0.0253568,0.02400157,161688.3,0.031093903846153844,2466.104230792111,15830.865430035969,0.06254347
0.02544549,0.02404625,161061.1,0.030973288461538462,2463.5161020487376,15814.251242630437,0.0624625
0.02553419,0.0240909,160435.6,0.030853000000000002,2460.937190512142,15797.696223997385,0.0623813
0.02562292,0.02413551,159823.9,0.030735365384615382,2458.488284428586,15781.975760046387,0.06230315
0.02571166,0.02418008,159213.8,0.03061803846153846,2456.0755471927005,15766.48747774979,0.06222518
0.02580042,0.02422461,158617.4,0.03050334615384615,2453.8631177789985,15752.285047907431,0.06215111
0.0258892,0.02426911,158022.4,0.030388923076923077,2451.6959902992803,15738.373428490546,0.06207735
0.025978,0.02431357,157440.6,0.030277038461538463,2449.770001555476,15726.009770765853,0.06200787
0.02606682,0.02435799,156860.1,0.03016540384615385,2447.878028887461,15713.864475230215,0.06193844
0.02615565,0.02440237,156292.5,0.03005625,2446.1443542363045,15702.735355155228,0.06187219
0.02624451,0.02444672,155726.3,0.02994736538461538,2444.4475487703216,15691.842912468692,0.0618061
0.02633338,0.02449103,155172.7,0.029840903846153847,2442.939138431693,15682.15985009609,0.06174352
0.02642228,0.0245353,154620.6,0.02973473076923077,2441.468988566921,15672.722396325646,0.06168114
0.02651119,0.02457954,154080.7,0.02963090384615385,2440.167997575068,15664.370838001163,0.06162192
0.02660012,0.02462373,153542.1,0.029527326923076923,2438.8945328412046,15656.195981245328,0.06156272
0.02668907,0.02466789,153015.7,0.029426096153846157,2437.760487837138,15648.916113011526,0.06150632
0.02677803,0.02471201,152490.6,0.029325115384615387,2436.665258879172,15641.885419810427,0.06145013
0.02686702,0.0247561,151977.0,0.029226346153846155,2435.7474199027515,15635.99346068691,0.06139714
0.02695602,0.02480014,151464.6,0.029127807692307692,2434.881726035738,15630.436240946894,0.0613445
0.02704504,0.02484415,150962.5,0.02903125,2434.348140125164,15627.010949087697,0.06129675
0.02713408,0.02488812,150461.3,0.028934865384615382,2433.861890869267,15623.889529303631,0.06124918
0.02722314,0.02493206,149969.8,0.02884034615384615,2433.5902317683767,15622.145645725906,0.0612047
0.02731223,0.02497596,149479.3,0.028746019230769228,2433.336617934477,15620.517601612632,0.06115999
0.02740133,0.02501982,148999.0,0.028653653846153846,2433.109839013491,15619.06182105978,0.06111619
0.02749044,0.02506365,148519.8,0.028561499999999997,2432.884377066428,15617.61449466579,0.06107205
0.02757957,0.02510744,148051.6,0.02847146153846154,2432.7189306053997,15616.552430610383,0.06102952
0.02766872,0.02515119,147584.3,0.028381596153846153,2432.5811640842194,15615.668054666196,0.06098708
0.02775789,0.0251949,147127.6,0.028293769230769233,2432.604371373514,15615.81703112438,0.06094744
0.02784707,0.02523858,146671.9,0.028206134615384616,2432.666338315309,15616.214820603196,0.060908
0.02793628,0.02528222,146226.2,0.028120423076923078,2432.904730803697,15617.745153083097,0.0608714
0.0280255,0.02532583,145781.4,0.028034884615384614,2433.150197485586,15619.320897514343,0.06083446
0.02811474,0.0253694,145346.6,0.02795126923076923,2433.4546440590866,15621.275256407831,0.06079896
0.028204,0.02541293,144912.8,0.027867846153846153,2433.7931426361415,15623.448208124431,0.0607636
0.02829327,0.02545642,144488.4,0.027786230769230768,2434.280235916941,15626.575046026874,0.06073073
0.02838257,0.02549988,144064.9,0.02770478846153846,2434.8190159456412,15630.03368091515,0.06069824
0.02847188,0.0255433,143649.4,0.027624884615384614,2435.6559320857004,15635.406165429014,0.06066975
0.02856121,0.02558668,143234.6,0.027545115384615387,2436.5393578243034,15641.077212828644,0.06064144
0.02865056,0.02563002,142827.0,0.027466730769230768,2437.6151637851817,15647.98322238933,0.06061551
0.02873993,0.02567333,142420.1,0.02738848076923077,2438.7098632508764,15655.010516577206,0.06058934
0.02882931,0.0257166,142020.8,0.027311692307692304,2439.8173360388582,15662.119807601915,0.06056343
0.02891871,0.02575984,141622.2,0.027235038461538463,2440.918239814025,15669.186929623149,0.06053705
0.02900813,0.02580304,141231.9,0.02715998076923077,2442.0357149206093,15676.360429353152,0.06051126
0.02909757,0.0258462,140842.3,0.02708505769230769,2443.1741323672254,15683.668365966518,0.06048543
0.02918702,0.02588933,140460.8,0.027011692307692306,2444.392501029912,15691.489539987608,0.06046093
0.02927649,0.02593242,140079.9,0.026938442307692306,2445.64373979917,15699.52171978343,0.06043651
0.02936598,0.02597547,139706.5,0.026866634615384615,2447.0231060961637,15708.376399141172,0.0604139
0.02945549,0.02601849,139333.7,0.02679494230769231,2448.4298786342465,15717.407009633214,0.06039124
0.02954501,0.02606147,138968.0,0.026724615384615385,2449.9097904809482,15726.90712929601,0.06036962
0.02963455,0.02610442,138602.9,0.026654403846153845,2451.4156227093526,15736.573641793913,0.06034793
0.02972411,0.02614733,138244.8,0.02658553846153846,2452.990776265559,15746.685154384737,0.06032721
0.02981369,0.0261902,137887.2,0.026516769230769233,2454.588969123455,15756.944565057122,0.06030642
0.02990328,0.02623303,137536.4,0.026449307692307692,2456.2392711891825,15767.53848464707,0.06028634
0.02999289,0.02627583,137186.2,0.02638196153846154,2457.9089266126607,15778.25664083592,0.06026612
0.03008252,0.0263186,136842.5,0.026315865384615385,2459.6155515381024,15789.212118385032,0.06024644
0.03017217,0.02636132,136499.4,0.026249884615384616,2461.3476249035402,15800.330959195091,0.06022673
0.03026183,0.02640401,136162.6,0.026185115384615387,2463.137568289026,15811.821289777718,0.06020776
0.03035151,0.02644667,135826.3,0.026120442307692306,2464.956915876595,15823.50037716974,0.06018881
0.03044121,0.02648929,135495.8,0.026056884615384614,2466.854024690507,15835.678643588564,0.06017074
0.03053092,0.02653187,135165.8,0.025993423076923074,2468.7794614937015,15848.038758195571,0.0601526
0.03062066,0.02657441,134841.3,0.02593101923076923,2470.7541258840834,15860.714883496072,0.06013494
0.0307104,0.02661692,134517.1,0.025868673076923077,2472.750548772639,15873.530684910927,0.06011715
0.03080017,0.0266594,134198.4,0.025807384615384614,2474.76465334057,15886.459991782398,0.06009943
0.03088995,0.02670183,133880.0,0.025746153846153846,2476.7990478599427,15899.51954760557,0.06008155
0.03097975,0.02674423,133566.9,0.025685942307692305,2478.860770875997,15912.75453549198,0.06006388
0.03106957,0.0267866,133254.1,0.025625788461538464,2480.9452592253856,15926.135662752386,0.0600461
0.0311594,0.02682893,132946.2,0.025566576923076925,2483.052116498307,15939.660384680785,0.06002839
0.03124926,0.02687122,132638.7,0.02550744230769231,2485.1814751499564,15953.329551557692,0.06001056
0.03133912,0.02691348,132335.9,0.02544921153846154,2487.3179946955333,15967.044686949113,0.05999261
0.03142901,0.0269557,132033.5,0.025391057692307692,2489.476616962161,15980.901708153075,0.05997452
0.03151891,0.02699789,131735.5,0.02533375,2491.631953228414,15994.737635264948,0.05995617
0.03160883,0.02704004,131437.9,0.02527651923076923,2493.8092610016415,16008.714605876066,0.05993767
0.03169876,0.02708215,131144.6,0.025220115384615386,2495.9747101685643,16022.615451561785,0.05991881
0.03178871,0.02712423,130851.6,0.025163769230769233,2498.1636742133587,16036.667248234302,0.05989981
0.03187868,0.02716627,130562.5,0.025108173076923077,2500.3557897139494,16050.739275305845,0.05988058
0.03196867,0.02720828,130273.7,0.025052634615384616,2502.5771072429784,16064.998761356903,0.05986128
0.03205867,0.02725025,129988.5,0.02499778846153846,2504.7998717399482,16079.267536048104,0.05984163
0.03214869,0.02729219,129703.5,0.02494298076923077,2507.0407003097976,16093.652270925944,0.05982175
0.03223872,0.02733409,129422.0,0.024888846153846154,2509.2398411870076,16107.769396574613,0.05980101
0.03232877,0.02737595,129140.8,0.02483476923076923,2511.446166360255,16121.932640964878,0.05977992
0.03241884,0.02741778,128863.5,0.024781442307692306,2513.5062755743234,16135.157269239662,0.0597568
0.03250893,0.02745958,128586.4,0.024728153846153844,2515.567824368694,16148.391138730509,0.05973335
0.03259903,0.02750134,128313.5,0.024675673076923078,2517.5163143047075,16160.899240206376,0.05970845
0.03268914,0.02754306,128040.8,0.02462323076923077,2519.48751399036,16173.553124243255,0.05968348
0.03277928,0.02758475,127771.7,0.02457148076923077,2521.4405012510733,16186.09009576493,0.05965809
0.03286943,0.0276264,127502.8,0.02451976923076923,2523.4352539968204,16198.895175894886,0.05963285
0.03295959,0.02766802,127236.4,0.02446853846153846,2525.4887053504053,16212.077064819057,0.05960781
0.03304978,0.0277096,126970.1,0.024417326923076924,2527.5635478708296,16225.396271817377,0.05958254
0.03313998,0.02775114,126705.9,0.02436651923076923,2529.5872491826763,16238.387183855244,0.05955604
0.03323019,0.02779265,126441.9,0.02431575,2531.608080289661,16251.35967095131,0.05952902
0.03332043,0.02783413,126180.5,0.02426548076923077,2533.41909996516,16262.985298293412,0.05949907
0.03341067,0.02787557,125919.3,0.02421525,2535.205928048122,16274.455630558685,0.05946843
0.03350094,0.02791697,125661.6,0.024165692307692308,2536.759424776618,16284.428119696713,0.05943493
0.03359122,0.02795834,125404.1,0.024116173076923077,2538.317594894631,16294.430609107896,0.05940115
0.03368151,0.02799968,125150.0,0.024067307692307693,2539.739022382381,16303.555295321947,0.05936573
0.03377182,0.02804097,124896.2,0.024018499999999998,2541.185961150791,16312.843748195186,0.05933027
0.03386215,0.02808224,124644.8,0.023970153846153846,2542.622270975439,16322.063969816772,0.05929444
0.0339525,0.02812347,124393.5,0.023921826923076924,2544.0849635934737,16331.45355267077,0.05925848
0.03404286,0.02816466,124144.1,0.023873865384615386,2545.4721192158036,16340.35823468438,0.05922112
0.03413324,0.02820582,123894.6,0.023825884615384617,2546.862760503427,16349.285292515488,0.05918334
0.03422363,0.02824694,123647.1,0.023778288461538462,2548.0718744831393,16357.047057190068,0.05914296
0.03431404,0.02828803,123399.6,0.02373069230769231,2549.267633940308,16364.723094081277,0.05910198
0.03440446,0.02832908,123154.3,0.02368351923076923,2550.217912309974,16370.823294066106,0.0590578
0.0344949,0.0283701,122909.2,0.023636384615384615,2551.1639910782483,16376.896535204802,0.05901324
0.03458536,0.02841108,122666.5,0.02358971153846154,2551.9142940203665,16381.713016503576,0.05896616
0.03467583,0.02845203,122423.8,0.023543038461538462,2552.6672358734536,16386.546437980265,0.05891872
0.03476632,0.02849294,122183.3,0.02349678846153846,2553.2524443468283,16390.30311479661,0.05886908
0.03485682,0.02853382,121942.9,0.02345055769230769,2553.842665954179,16394.09197283562,0.05881913
0.03494734,0.02857467,121704.7,0.02340475,2554.1932057519243,16396.342221749142,0.0587661
0.03503787,0.02861548,121466.5,0.023358942307692306,2554.5361389332993,16398.54364088547,0.05871262
0.03512842,0.02865625,121230.6,0.023313576923076923,2554.645848301187,16399.247907241188,0.0586563
0.03521899,0.02869699,120994.8,0.02326823076923077,2554.7565292525505,16399.95841056251,0.05859965
0.03530957,0.02873769,120760.9,0.023223249999999997,2554.6915008892997,16399.54096864951,0.05854077
0.03540017,0.02877836,120527.0,0.02317826923076923,2554.6417524403755,16399.22161434549,0.05848174
0.03549078,0.028819,120294.3,0.023133519230769232,2554.4807105180566,16398.18782470716,0.05842107
0.03558141,0.0288596,120061.5,0.02308875,2554.32032690147,16397.15826098489,0.05835995
0.03567206,0.02890016,119829.5,0.023044134615384616,2553.949150428223,16394.77553736543,0.05829596
0.03576272,0.02894069,119597.5,0.02299951923076923,2553.5582412454232,16392.26614194288,0.05823131
0.03585339,0.02898119,119366.8,0.022955153846153847,2552.823621920807,16387.550339778038,0.05816242
0.03594408,0.02902165,119136.1,0.02291078846153846,2552.057852005205,16382.634570066075,0.05809281
0.03603479,0.02906208,118907.2,0.02286676923076923,2550.9715771014153,16375.661356360346,0.05801948
0.03612551,0.02910247,118678.3,0.02282275,2549.867317628966,16368.572692835944,0.05794566
0.03621625,0.02914283,118451.0,0.02277903846153846,2548.505862567492,16359.832992543425,0.05786884
0.036307,0.02918316,118223.8,0.022735346153846155,2547.1399079711855,16351.064408017408,0.05779166
0.03639777,0.02922345,117997.7,0.022691865384615383,2545.595817362158,16341.152300354608,0.05771232
0.03648855,0.0292637,117771.5,0.022648365384615385,2544.047981512414,16331.216150560482,0.05763258
0.03657935,0.02930392,117545.7,0.02260494230769231,2542.285585907135,16319.90265970584,0.05755009
0.03667016,0.02934411,117319.9,0.02256151923076923,2540.5047196819833,16308.470598884058,0.05746701
0.03676099,0.02938426,117094.4,0.022518153846153844,2538.436108828797,16295.191395339045,0.05738037
0.03685183,0.02942438,116868.9,0.02247478846153846,2536.32616684787,16281.646871491197,0.0572929
0.03694269,0.02946446,116644.5,0.022431634615384614,2533.770555867191,16265.241428030417,0.05720026
0.03703356,0.02950451,116420.0,0.022388461538461538,2531.15501723243,16248.451286057927,0.05710667
0.03712445,0.02954453,116197.8,0.02234573076923077,2528.1715812134876,16229.299470191721,0.05700918
0.03721535,0.02958451,115975.6,0.022303,2525.1783502525805,16210.084776850103,0.05691135
0.03730627,0.02962446,115754.6,0.022260500000000003,2521.968990166272,16189.482668063096,0.05681126
0.0373972,0.02966437,115533.5,0.022217980769230768,2518.765336374261,16168.917190159731,0.05671101
0.03748815,0.02970425,115312.1,0.022175403846153848,2515.5007787061804,16147.960747002671,0.05660987
0.03757911,0.02974409,115090.5,0.02213278846153846,2512.224344743275,16126.928065370847,0.05650818
0.03767009,0.0297839,114867.6,0.022089923076923076,2508.7129644426323,16104.38717341702,0.05640319
0.03776109,0.02982367,114644.6,0.02204703846153846,2505.150663988486,16081.519405539733,0.05629719
0.0378521,0.02986342,114420.8,0.022004,2501.1196460352376,16055.642760924662,0.0561857
0.03794312,0.02990312,114196.9,0.021960942307692306,2496.9919388025896,16029.145430877243,0.05607274
0.03803416,0.0299428,113973.9,0.02191805769230769,2492.3840493481334,15999.56562765597,0.05595452
0.03812521,0.02998244,113750.7,0.021875134615384616,2487.7225134621285,15969.64144749067,0.05583547
0.03821626,0.03002205,113528.7,0.021832442307692306,2482.7341718405014,15937.619376426117,0.055713
0.03830736,0.03006163,113306.4,0.021789692307692305,2477.7144408063136,15905.395804727495,0.05558993
0.03839844,0.03010116,113084.4,0.021747,2472.5273586226635,15872.097942050568,0.0554651
0.03848956,0.03014067,112862.2,0.021704269230769232,2467.309438730203,15838.602120336775,0.05533959
0.03858069,0.03018014,112639.5,0.02166144230769231,2461.846322388781,15803.532288920158,0.05521117
0.03867183,0.03021958,112416.5,0.021618557692307694,2456.3347137176543,15768.15116670879,0.05508186
0.03876299,0.03025898,112192.7,0.02157551923076923,2450.520004078445,15730.824323559304,0.054949
0.03885416,0.03029835,111968.7,0.021532442307692308,2444.6464160520786,15693.119517543459,0.05481514
0.03894534,0.03033769,111744.0,0.02148923076923077,2438.429288871317,15653.209402418908,0.05467732
0.03903654,0.03037699,111519.1,0.02144598076923077,2432.1546532977804,15612.930118945449,0.05453858
0.03912776,0.03041626,111293.3,0.021402557692307693,2425.581942742646,15570.737378261698,0.05439648
0.03921898,0.03045549,111067.4,0.021359115384615383,2418.949411835381,15528.160627878467,0.05425341
0.03931022,0.0304947,110840.4,0.021315461538461537,2412.0343898353244,15483.770459222265,0.05410714
0.03940148,0.03053386,110613.2,0.02127176923076923,2405.059294607238,15438.994657559553,0.05395989
0.03949275,0.030573,110384.7,0.021227826923076922,2397.8159167951267,15392.496647471144,0.05380958
0.03958404,0.0306121,110156.0,0.021183846153846154,2390.5129516103034,15345.616123267167,0.05365829
0.03967534,0.03065117,109925.8,0.021139576923076924,2382.9453564969326,15297.036838428794,0.05350397
0.03976665,0.0306902,109695.3,0.02109525,2375.315238956751,15248.056198241018,0.05334864
0.03985798,0.0307292,109463.1,0.021050596153846156,2367.4255152351534,15197.40904677141,0.05319036
0.03994932,0.03076817,109230.7,0.021005903846153844,2359.470333185114,15146.341693277938,0.05303103
0.04004068,0.0308071,108996.5,0.020960865384615383,2351.2488255570606,15093.56469412818,0.05286873
0.04013205,0.030846,108762.1,0.02091578846153846,2342.957336363366,15040.338456566511,0.05270535
0.04022344,0.03088487,108526.3,0.02087044230769231,2334.434618704965,14985.627875130544,0.05253954
0.04031483,0.0309237,108290.1,0.02082501923076923,2325.848196167885,14930.508347734785,0.05237269
0.04040625,0.0309625,108052.7,0.020779365384615386,2317.0848283219616,14874.252940785438,0.05220412
0.04049768,0.03100127,107814.9,0.020733634615384616,2308.262018625699,14817.615953884246,0.05203457
0.04058912,0.03104,107575.9,0.020687673076923076,2299.3025400319802,14760.101637104985,0.05186377
0.04068057,0.0310787,107336.6,0.020641653846153848,2290.282903478801,14702.201143395783,0.05169195
0.04077204,0.03111737,107096.3,0.020595442307692308,2281.115574051729,14643.352552691174,0.05151882
0.04086353,0.031156,106855.7,0.020549173076923076,2271.888072626376,14584.117694936072,0.05134467
0.04095503,0.0311946,106614.3,0.02050275,2262.4989603990266,14523.845395686607,0.05116912
0.04104654,0.03123317,106372.6,0.020456269230769233,2253.048939451665,14463.18210008833,0.05099257
0.04113807,0.0312717,106130.4,0.020409692307692306,2243.4599946483027,14401.626999171402,0.05081499
0.04122961,0.03131021,105888.0,0.020363076923076925,2233.8184617386205,14339.734315104512,0.0506365
0.04132116,0.03134867,105645.3,0.020316403846153845,2224.0619662948175,14277.103642600456,0.05045732
0.04141273,0.03138711,105402.3,0.020269673076923077,2214.25802813029,14214.16841714278,0.0502773
0.04150431,0.03142551,105159.3,0.02022294230769231,2204.3708128242815,14150.698603891238,0.05009703
0.04159591,0.03146388,104916.1,0.020176173076923078,2194.446092775372,14086.988033363326,0.04991605
0.04168752,0.03150222,104672.9,0.020129403846153845,2184.490701377426,14023.0805717255,0.04973546
0.04177914,0.03154052,104429.6,0.020082615384615386,2174.491449949541,13958.891555795266,0.04955405
0.04187078,0.03157879,104186.9,0.020035942307692307,2164.433291969662,13894.324396197813,0.04937278
0.04196243,0.03161703,103944.0,0.01998923076923077,2154.3210711424526,13829.410186524306,0.04919055
0.04205409,0.03165523,103702.7,0.019942826923076924,2144.08983023313,13763.731941462565,0.04900799
0.04214577,0.0316934,103461.4,0.019896423076923075,2133.7919313714724,13697.625793532774,0.04882432
0.04223746,0.03173155,103223.0,0.019850576923076922,2123.386751315472,13630.830966621128,0.04864074
0.04232917,0.03176965,102984.6,0.01980473076923077,2112.939600786236,13563.766715203603,0.04845646
0.04242088,0.03180773,102749.8,0.019759576923076925,2102.5129147202597,13496.83383299583,0.04827383
0.04251261,0.03184577,102515.0,0.019714423076923077,2092.0698520358787,13429.795823016519,0.04809078
0.04260436,0.03188378,102283.5,0.019669903846153847,2081.7717477287374,13363.688356253662,0.04791075
0.04269612,0.03192175,102052.1,0.019625403846153848,2071.4641254100707,13297.519789737704,0.04773029
0.0427879,0.0319597,101823.5,0.019581442307692307,2061.2294058488405,13231.81921388007,0.04755175
0.04287968,0.0319976,101595.1,0.019537519230769233,2050.9610492258516,13165.902708869273,0.04737249
0.04297148,0.03203548,101369.8,0.01949419230769231,2040.6522727857107,13099.72673360655,0.04719377
0.04306329,0.03207332,101144.7,0.019450903846153847,2030.2903699623535,13033.209719788772,0.04701412
0.04315512,0.03211114,100923.4,0.01940834615384615,2019.793336141784,12965.825248462274,0.04683396
0.04324696,0.03214892,100702.2,0.019365807692307693,2009.245251116968,12898.113059947513,0.04665299
0.04333882,0.03218667,100485.2,0.019324076923076923,1998.6407265631397,12830.038564528784,0.04647251
0.04343068,0.03222438,100268.3,0.019282365384615384,1988.0017541190923,12761.742934939162,0.04629139
0.04352256,0.03226207,100055.0,0.019241346153846154,1977.385494767523,12693.593109369514,0.04611152
0.04361445,0.03229972,99841.88,0.01920036153846154,1966.746276431595,12625.29590130595,0.04593116
0.04370636,0.03233733,99631.2,0.019159846153846152,1956.1787904049474,12557.459170346727,0.04575233
0.04379828,0.03237492,99420.55,0.01911933653846154,1945.5786275149935,12489.41267411513,0.04557278
0.04389022,0.03241247,99211.3,0.019079096153846155,1934.954284081406,12421.210953733837,0.04539331
0.04398216,0.03244999,99002.06,0.019038857692307693,1924.2620679518648,12352.573532581016,0.0452127
0.04407412,0.03248748,98793.7,0.01899878846153846,1913.3399654971065,12282.460383260152,0.04502955
0.04416609,0.03252493,98584.6,0.018958576923076925,1903.0950672163208,12216.694466312096,0.04485403
0.04425808,0.03256236,98373.02,0.01891788846153846,1910.6440034839604,12265.153972889615,0.04488787
0.04435008,0.03259975,98162.92,0.018877484615384615,1916.9064692162995,12305.355133501966,0.04490665
0.04444209,0.03263711,97954.85,0.018837471153846156,1905.7956331790103,12234.030431194058,0.04472154
0.04453411,0.03267444,97746.18,0.018797342307692307,1894.1861132059214,12159.504486140126,0.04453029
0.04462615,0.03271173,97536.16,0.018756953846153848,1882.6293248266547,12085.317045337264,0.0443395
0.0447182,0.03274899,97325.95,0.018716528846153845,1871.021032905652,12010.798983618948,0.04414773
0.04481027,0.03278623,97113.04,0.018675584615384613,1859.34202879573,11935.826993338704,0.04395471
0.04490234,0.03282342,96899.88,0.018634592307692308,1847.5851859493844,11860.355326464836,0.04376036
0.04499443,0.03286059,96682.97,0.018592878846153845,1835.733486467453,11784.274738599572,0.04356429
0.04508654,0.03289773,96465.74,0.018551103846153848,1823.790747792786,11707.609735367323,0.04336674
0.04517866,0.03293483,96243.98,0.018508457692307693,1811.7411040945394,11630.258467937092,0.0431672
0.04527078,0.0329719,96021.85,0.018465740384615386,1799.5943269660806,11552.283663900726,0.0429661
0.04536293,0.03300894,95794.58,0.018422034615384615,1787.3687504337124,11473.803016379043,0.04276332
0.04545508,0.03304594,95566.89,0.018378248076923075,1775.0445882052804,11394.689509601767,0.04255894
0.04554725,0.03308292,95333.5,0.018333365384615385,1762.6786447273178,11315.307793017882,0.04235329
0.04563942,0.03311986,95099.63,0.018288390384615386,1750.2123115302074,11235.281636464859,0.04214598
0.04573162,0.03315677,94859.68,0.01824224615384615,1737.7353154595462,11155.187030851908,0.04193781
0.04582383,0.03319365,94619.2,0.018196,1725.153290459153,11074.418204404294,0.04172787
0.04591604,0.0332305,94372.59,0.018148575,1712.578178287364,10993.69375404509,0.04151736
0.04600827,0.03326732,94125.44,0.018101046153846154,1699.9002892717863,10912.309539851485,0.04130513
0.04610052,0.0333041,93872.34,0.018052373076923076,1687.306309990538,10831.463974306973,0.04109342
0.04619277,0.03334085,93618.68,0.018003592307692308,1674.6211170608176,10750.032873497441,0.04088011
0.04628504,0.03337757,93359.18,0.01795368846153846,1662.1217726491973,10669.7948053439,0.04066867
0.04637733,0.03341426,93099.11,0.017903675,1649.5474006515947,10589.075106445642,0.04045587
0.04646961,0.03345091,92833.36,0.017852569230769232,1637.2182673193745,10509.929688253542,0.04024573
0.04656193,0.03348754,92567.03,0.017801351923076924,1624.8081473883994,10430.26438613662,0.04003409
0.04665423,0.03352412,92295.71,0.017749175000000002,1612.6132476099851,10351.980664421077,0.03982494
0.04674657,0.03356069,92023.86,0.017696896153846155,1600.3297054025093,10273.12791308045,0.03961421
0.04683892,0.03359722,91748.42,0.01764392692307692,1588.238443117845,10195.509480040291,0.03940604
0.04693128,0.03363372,91472.53,0.017590871153846152,1576.065993744062,10117.369876051052,0.03919644
0.04702365,0.03367019,91194.76,0.017537453846153846,1564.1891699265184,10041.128005474728,0.03899117
0.04711603,0.03370662,90916.62,0.017483965384615385,1552.254769497981,9964.516528630678,0.03878478
0.04720842,0.03374303,90638.12,0.017430407692307692,1540.731070500802,9890.541501215886,0.03858452
0.04730083,0.0337794,90359.33,0.01737679423076923,1529.171823313993,9816.338276387827,0.03838345
0.04739325,0.03381575,90081.68,0.0173234,1518.0788958661565,9745.128536159027,0.03818948
0.04748568,0.03385206,89803.82,0.017269965384615386,1506.9565808511402,9673.730145906626,0.03799475
0.04757812,0.03388834,89528.83,0.017217082692307692,1496.2866542297697,9605.235809624246,0.03780729
0.04767058,0.03392458,89253.75,0.017164182692307694,1485.603606395245,9536.657243260619,0.03761933
0.04776305,0.0339608,88983.32,0.017112176923076924,1475.4047366179695,9471.186800865471,0.03743938
0.04785552,0.03399698,88712.93,0.017060178846153844,1465.2096409878302,9405.740586163003,0.03725917
0.04794802,0.03403314,88448.83,0.017009390384615384,1455.536068988182,9343.64223093452,0.03708773
0.04804052,0.03406926,88184.87,0.016958628846153845,1445.8808216229065,9281.661508536468,0.03691624
0.04813304,0.03410535,87928.85,0.01690939423076923,1436.7265791606037,9222.896928059638,0.03675343
0.04822557,0.0341414,87673.06,0.016860203846153846,1427.5934818881271,9164.268086636514,0.03659064
0.04831811,0.03417743,87426.93,0.01681287115384615,1418.9131902953561,9108.545977902086,0.03643611
0.04841066,0.03421343,87181.14,0.016765603846153845,1410.2560801315692,9052.972679618628,0.03628165
0.04850322,0.03424939,86946.54,0.01672048846153846,1402.0328125195097,9000.184382458992,0.03613539
0.04859581,0.03428533,86712.37,0.016675455769230768,1393.8473994156323,8947.639087852724,0.03598944
0.04868839,0.03432123,86490.47,0.016632782692307693,1386.086064518502,8897.816113308601,0.03585161
0.048781,0.0343571,86269.07,0.01659020576923077,1378.3682167417267,8848.27229920777,0.03571417
0.0488736,0.03439294,86060.58,0.01655011153846154,1371.0382256004614,8801.218285061965,0.03558434
0.04896624,0.03442875,85852.64,0.016510123076923077,1363.7497691987878,8754.430898281269,0.03545488
0.04905887,0.03446453,85658.08,0.016472707692307693,1356.791887945331,8709.765599699682,0.0353322
0.04915152,0.03450028,85464.11,0.01643540576923077,1349.8702190457793,8665.332762055641,0.03520985
0.04924419,0.034536,85283.72,0.016400715384615384,1343.2632704322239,8622.920234191495,0.03509397
0.04933686,0.03457169,85103.93,0.016366140384615382,1336.6932918618757,8580.745031162061,0.03497844
0.04942955,0.03460735,84937.45,0.016334124999999998,1330.4288057716283,8540.530901100257,0.03486905
0.04952225,0.03464297,84771.55,0.016302221153846153,1324.202574177413,8500.562341266677,0.03476002
0.04961496,0.03467857,84618.25,0.016272740384615385,1318.2449997008046,8462.318394132979,0.03465635
0.04970768,0.03471413,84465.49,0.016243363461538464,1312.3174976065998,8424.26749311349,0.03455291
0.04980041,0.03474966,84324.3,0.01621621153846154,1306.5966521093233,8387.543199759384,0.03445369
0.04989315,0.03478516,84183.62,0.016189157692307693,1300.897282549458,8350.956768654121,0.0343546
0.04998591,0.03482063,84053.24,0.016164084615384617,1295.342020779585,8315.29542052074,0.03425856
0.05007868,0.03485607,83923.32,0.0161391,1289.799562931868,8279.716265656441,0.03416253
0.05017146,0.03489148,83802.21,0.016115809615384617,1284.34884776894,8244.726042143442,0.03406853
0.05026425,0.03492686,83681.5,0.016092596153846155,1278.9074241473547,8209.795464584899,0.03397451
0.05035705,0.03496221,83567.79,0.016070728846153844,1273.5238989673426,8175.23655924755,0.03388172
0.05044987,0.03499753,83454.4,0.016048923076923075,1268.1455595368707,8140.71094321813,0.03378886
0.05054269,0.03503281,83345.96,0.016028069230769233,1262.791440331288,8106.340806067548,0.03369643
0.05063553,0.03506807,83237.76,0.016007261538461538,1257.4399179814775,8071.987339126507,0.03360387
0.05072839,0.0351033,83132.26,0.015986973076923077,1252.0743875927928,8037.54394923104,0.03351087
0.05082125,0.03513849,83026.91,0.01596671346153846,1246.7045833783213,8003.073124014689,0.03341762
0.0509141,0.03517365,82922.0,0.01594653846153846,1241.2504983245715,7968.0612678847665,0.03332264
0.051007,0.03520878,82817.16,0.015926376923076923,1235.7809913570727,7932.950412597314,0.03322727
0.05109989,0.03524388,82710.72,0.015905907692307694,1230.1639105456168,7896.892224413096,0.03312905
0.0511928,0.03527896,82604.28,0.015885438461538462,1224.5201652730614,7860.66286686379,0.03303028
0.05128572,0.035314,82494.42,0.015864311538461538,1218.7100579520486,7823.365567753493,0.03292823
0.05137864,0.03534901,82384.47,0.015843167307692307,1212.8686350331693,7785.867241853861,0.03282556
0.05147159,0.035384,82269.42,0.015821042307692306,1206.8393341560168,7747.162855546255,0.03271913
0.05156454,0.03541894,82154.22,0.01579888846153846,1200.7691052132398,7708.19573634556,0.03261194
0.05165752,0.03545387,82032.55,0.015775490384615384,1194.4944395598632,7667.916259778113,0.03250064
0.05175049,0.03548876,81910.67,0.015752051923076923,1188.1677922483586,7627.303093083388,0.0323884
0.05184348,0.03552362,81781.39,0.015727190384615383,1181.6215861019527,7585.280494327398,0.03227181
0.05193648,0.03555845,81651.85,0.01570227884615385,1175.0203872541617,7542.904876406853,0.03215424
0.05202949,0.03559325,81514.16,0.0156758,1168.2409071382442,7499.38480289957,0.03203289
0.05212251,0.03562802,81376.16,0.01564926153846154,1161.4074724555019,7455.518374410175,0.03191056
0.05221554,0.03566276,81229.4,0.01562103846153846,1154.448720308217,7410.847485228311,0.03178517
0.05230858,0.03569747,81082.28,0.015592746153846154,1147.4365919345262,7365.833953652486,0.03165879
0.05240164,0.03573215,80926.0,0.015562692307692307,1140.3282328157213,7320.202680151113,0.03152974
0.05249471,0.0357668,80769.33,0.015532563461538461,1133.1586980565103,7274.17869683692,0.03139955
0.05258779,0.03580142,80603.53,0.015500678846153845,1125.8893845819932,7227.5141958207305,0.03126671
0.05268088,0.03583601,80437.31,0.01546871346153846,1118.5509537598602,7180.406004138378,0.0311326
0.05277398,0.03587057,80262.49,0.015435094230769232,1111.1169477772416,7132.684278978726,0.03099605
0.05286709,0.03590509,80087.26,0.015401396153846152,1103.6094698682848,7084.490909448076,0.03085818
0.05296021,0.03593959,79904.26,0.015366203846153845,1096.0623116031925,7036.042816548335,0.0307189
0.05305334,0.03597406,79720.86,0.015330934615384616,1088.4497992044226,6987.175190490739,0.03057843
0.05314648,0.0360085,79530.58,0.015294342307692308,1080.879578657141,6938.579051988833,0.0304379
0.05323964,0.03604291,79339.9,0.015257673076923077,1073.252482202967,6889.6178053065905,0.03029629
0.05333281,0.03607729,79143.19,0.015219844230769232,1065.7413644716687,6841.401070365446,0.03015586
0.05342599,0.03611164,78946.11,0.015181944230769231,1058.1796935041739,6792.8598148832425,0.0300144
0.05351918,0.03614596,78743.94,0.015143065384615385,1050.7536365642666,6745.189117666322,0.02987455
0.05361238,0.03618025,78541.43,0.015104121153846153,1043.2784571401419,6697.203084452032,0.02973368
0.05370559,0.03621451,78334.96,0.015064415384615386,1035.9544395363469,6650.187416725916,0.02959484
0.05379881,0.03624873,78128.18,0.015024649999999999,1028.5862158471334,6602.887973245022,0.02945507
0.05389204,0.03628293,77918.62,0.014984349999999999,1021.3889452663286,6556.685943093329,0.02931781
0.05398529,0.0363171,77708.8,0.014944,1014.1549750828674,6510.248324168161,0.02917976
0.05407854,0.03635124,77497.35,0.014903336538461539,1007.1372733586448,6465.199015125529,0.02904506
0.05417181,0.03638535,77285.69,0.014862632692307693,1000.0884487026683,6419.949916090958,0.02890964
0.05426508,0.03641943,77073.47,0.014821821153846153,993.2623943688292,6376.130864881427,0.02877781
0.05435837,0.03645348,76861.08,0.014780976923076923,986.4096418212089,6332.140427635444,0.02864533
0.05445167,0.03648751,76649.18,0.014740226923076923,979.7736908722479,6289.541722697666,0.02851651
0.05454498,0.0365215,76437.17,0.01469945576923077,973.1121792143362,6246.778933801616,0.02838706
0.05463829,0.03655546,76226.69,0.014658978846153846,966.6765784712709,6205.466353395321,0.02826158
0.05473162,0.0365894,76016.13,0.01461848653846154,960.2254635346429,6164.054181452106,0.02813566
0.05482496,0.0366233,75807.9,0.014578442307692306,954.0337035196826,6124.30690785839,0.0280143
0.05491832,0.03665717,75599.63,0.014538390384615385,947.835600949064,6084.518918976222,0.02789264
0.05501167,0.03669102,75394.23,0.014498890384615383,941.9140063562083,6046.5059404653275,0.02777585
0.05510505,0.03672483,75188.81,0.014459386538461539,935.99062535531,6008.4814943185675,0.02765881
0.05519843,0.03675862,74986.66,0.01442051153846154,930.3151734317642,5972.0485996604875,0.02754623
0.05529183,0.03679237,74784.56,0.014381646153846154,924.6370658657479,5935.59865741859,0.02743341
0.05538523,0.0368261,74586.14,0.014343488461538462,919.1936672648982,5900.6554017134495,0.02732486
0.05547865,0.03685979,74387.76,0.014305338461538461,913.7517350610859,5865.721559371246,0.02721615
0.05557208,0.03689346,74193.32,0.014267946153846155,908.536433691027,5832.242546953363,0.0271116
0.05566551,0.0369271,73998.95,0.014230567307692307,903.3268705730447,5798.800370568318,0.02700699
0.05575896,0.0369607,73808.65,0.014193971153846153,898.3413603119061,5766.796475088685,0.02690648
0.05585242,0.03699428,73618.43,0.014157390384615384,893.3596896922521,5734.817227734986,0.02680587
0.05594589,0.03702783,73432.39,0.014121613461538462,888.5732396505939,5704.091175871094,0.0267089
0.05603937,0.03706135,73246.44,0.014085853846153847,883.7897319264949,5673.384011867963,0.02661182
0.05613286,0.03709484,73064.74,0.01405091153846154,879.1792337215887,5643.78746208067,0.02651805
0.05622636,0.0371283,72883.16,0.014015992307692309,874.5732543590034,5614.2199204690205,0.02642421
0.05631987,0.03716174,72705.81,0.013981886538461538,870.1437191431246,5585.785041259694,0.02633373
0.05641339,0.03719514,72528.57,0.013947801923076925,865.720282868567,5557.389313485297,0.02624321
0.05650692,0.03722851,72355.44,0.013914507692307693,861.4718532471813,5530.117020292915,0.02615598
0.05660046,0.03726186,72182.42,0.013881234615384616,857.2308502876225,5502.892401680751,0.02606875
0.05669401,0.03729518,72013.31,0.01384871346153846,853.1640142961513,5476.785827391177,0.02598476
0.05678757,0.03732846,71844.32,0.013816215384615386,849.1038264529632,5450.721930105889,0.02590075
0.05688115,0.03736172,71679.09,0.013784440384615383,845.2064216283562,5425.70299922116,0.02581978
0.05697473,0.03739495,71513.97,0.01375268653846154,841.3127594003229,5400.708093493996,0.02573874
0.05706832,0.03742815,71352.56,0.013721646153846153,837.5681280491433,5376.669873914535,0.02566052
0.05716193,0.03746132,71191.26,0.013690626923076921,833.8255594943352,5352.644896213239,0.02558221
0.05725554,0.03749446,71033.69,0.013660325000000001,830.2117816270728,5329.446675150094,0.0255064
0.05734916,0.03752758,70876.23,0.01363004423076923,826.5969431737956,5306.241645780038,0.02543045
0.0574428,0.03756066,70722.53,0.013600486538461538,823.1047206175926,5283.823734708522,0.02535694
0.05753644,0.03759372,70568.94,0.01357095,819.6169138180875,5261.434170066644,0.02528341
0.05763009,0.03762675,70419.01,0.013542117307692307,816.2763616934807,5239.989889453377,0.0252127
0.05772376,0.03765974,70269.19,0.013513305769230769,812.9446076314073,5218.602086965516,0.02514204
0.05781744,0.03769271,70122.79,0.013485151923076921,809.7844511703274,5198.315835051036,0.02507454
0.05791112,0.03772565,69976.49,0.013457017307692309,806.636010623269,5178.104792065663,0.02500714
0.05800482,0.03775856,69833.39,0.013429498076923077,803.6371144051792,5158.853731273323,0.02494247
0.05809852,0.03779144,69690.39,0.013401998076923077,800.6432030610971,5139.63467029211,0.02487776
0.05819224,0.03782429,69550.58,0.01337511153846154,797.7515789269355,5121.072229998395,0.02481502
0.05828596,0.03785711,69410.87,0.01334824423076923,794.8586246415005,5102.501250955365,0.02475216
0.0583797,0.03788991,69274.52,0.013322023076923078,792.03214034737,5084.356968186702,0.02469074
0.05847344,0.03792268,69138.27,0.013295821153846154,789.2035657729283,5066.1992671099615,0.02462922
0.0585672,0.03795542,69005.52,0.013270292307692309,786.4645685793162,5048.616597470977,0.02456959
0.05866097,0.03798813,68872.88,0.013244784615384616,783.728298216332,5031.051432399797,0.02450994
0.05875474,0.03802081,68743.7,0.013219942307692308,781.1078682757283,5014.229891265986,0.02445259
0.05884851,0.03805346,68614.62,0.01319511923076923,778.4941590891704,4997.4514932205975,0.02439529
0.05894232,0.03808609,68488.8,0.013170923076923078,776.0116389863668,4981.515248035122,0.02434049
0.05903611,0.03811868,68363.07,0.013146744230769232,773.5366707985232,4965.627481477588,0.02428572
0.05912994,0.03815125,68240.45,0.01312316346153846,771.1638453517347,4950.395408206699,0.02423294
0.05922376,0.03818379,68117.92,0.0130996,768.7954138559527,4935.191541386382,0.02418014
0.05931759,0.03821629,67998.43,0.013076621153846153,766.5062071428197,4920.49624872006,0.02412891
0.05941144,0.03824878,67879.03,0.013053659615384615,764.2188760630243,4905.812996460869,0.02407763
0.05950529,0.03828123,67762.69,0.013031286538461539,761.9863697699024,4891.481685457534,0.02402767
0.05959917,0.03831366,67646.43,0.013008928846153844,759.7543840127553,4877.153715973534,0.02397765
0.05969304,0.03834605,67533.19,0.012987151923076923,757.5812935337744,4863.20381778574,0.02392914
0.05978693,0.03837842,67420.03,0.012965390384615385,755.4112837475913,4849.273695742239,0.02388063
0.05988082,0.03841076,67309.66,0.012944165384615385,753.3059328205209,4835.758643623479,0.02383365
0.05997472,0.03844307,67199.37,0.012922955769230767,751.2054346815023,4822.274743405618,0.02378671
0.06006864,0.03847536,67091.57,0.012902225000000002,749.1753646034826,4809.24294782399,0.02374124
0.06016256,0.03850761,66983.85,0.012881509615384616,747.1506024499142,4796.245225837732,0.0236958
0.0602565,0.03853984,66878.28,0.012861207692307692,745.1853916131885,4783.629786510635,0.02365152
0.06035044,0.03857203,66772.78,0.012840919230769231,743.2225348558692,4771.029458918813,0.0236072
0.06044439,0.0386042,66669.14,0.012820988461538462,741.3028191872543,4758.706070460892,0.02356369
0.06053834,0.03863634,66565.57,0.012801071153846155,739.3829411291978,4746.381639563091,0.0235201
0.06063232,0.03866845,66463.57,0.01278145576923077,737.4886616132762,4734.221535489228,0.02347698
0.06072629,0.03870054,66361.63,0.012761851923076923,735.5934183143145,4722.055244523738,0.02343378
0.06082029,0.0387326,66260.97,0.01274249423076923,733.7231226555872,4710.049101994157,0.023391
0.0609143,0.03876463,66160.36,0.012723146153846154,731.8525969916955,4698.041482973535,0.02334817
0.06100831,0.03879663,66060.67,0.012703975,730.0114517338784,4686.222468006641,0.0233058
0.06110233,0.0388286,65961.02,0.01268481153846154,728.169832803119,4674.400412352126,0.02326336
0.06119636,0.03886055,65861.88,0.012665746153846155,726.3581870814241,4662.7707661802615,0.02322134
0.0612904,0.03889246,65762.76,0.012646684615384615,724.5465680036418,4651.141291045852,0.02317925
0.06138444,0.03892435,65663.72,0.012627638461538462,722.7509353362115,4639.6144387883805,0.02313728
0.0614785,0.03895621,65564.68,0.012608592307692306,720.9537017997493,4628.077309940853,0.02309521
0.06157257,0.03898804,65465.28,0.012589476923076923,719.1607771818153,4616.567841687926,0.02305303
0.06166664,0.03901985,65365.88,0.012570361538461538,717.364919279915,4605.039543564322,0.02301074
0.06176073,0.03905162,65265.69,0.01255109423076923,715.5656793565416,4593.489534952512,0.02296816
0.06185483,0.03908337,65165.49,0.012531825,713.7633537568328,4581.919718205174,0.02292547
0.06194893,0.03911509,65064.08,0.012512323076923078,711.9628682184888,4570.36171351488,0.02288255
0.06204305,0.03914679,64962.63,0.01249281346153846,710.1575242074268,4558.77252043164,0.02283949
0.06213717,0.03917845,64859.59,0.012472998076923076,708.349290340654,4547.1647762602925,0.02279608
0.0622313,0.03921009,64756.5,0.012453173076923077,706.5344222231429,4535.514444298308,0.02275249
0.06232544,0.0392417,64651.49,0.012432978846153846,704.7084870521746,4523.7930686911295,0.02270839
0.06241959,0.03927328,64546.42,0.012412773076923076,702.8725647026702,4512.007581568525,0.02266407
0.06251376,0.03930483,64439.2,0.012392153846153846,701.0184778302935,4500.105489432393,0.02261913
0.06260793,0.03933636,64331.9,0.012371519230769231,699.155583890584,4488.146861365607,0.02257399
0.06270211,0.03936786,64222.23,0.012350428846153847,697.2868395357104,4476.1506772482635,0.02252843
0.0627963,0.03939933,64112.49,0.012329325,695.4113585434073,4464.111248080988,0.02248272
0.06289049,0.03943077,64000.08,0.012307707692307693,693.5430328895552,4452.117751765499,0.02243679
0.0629847,0.03946219,63887.59,0.012286074999999999,691.6696460508364,4440.091765770319,0.02239072
0.06307892,0.03949358,63772.17,0.012263878846153846,689.8064683954248,4428.131316424025,0.02234444
0.06317314,0.03952493,63656.65,0.012241663461538462,687.9359115645664,4416.123497330733,0.02229797
0.06326738,0.03955627,63538.02,0.01221885,686.0649684041725,4404.113198240525,0.02225111
0.06336162,0.03958757,63419.29,0.012196017307692307,684.183046190674,4392.032420413011,0.02220399
0.06345588,0.03961885,63297.43,0.012172582692307692,682.2927542666694,4379.897914215441,0.02215638
0.06355014,0.0396501,63175.46,0.012149126923076924,680.3883784369269,4367.6729980450555,0.02210847
0.06364441,0.03968132,63050.47,0.012125090384615385,678.4830737013685,4355.442118873275,0.02206025
0.06373869,0.03971252,62925.37,0.012101032692307693,676.5651654798535,4343.1303331089675,0.02201178
0.06383298,0.03974369,62797.36,0.012076415384615385,674.6675617083986,4330.9488893685375,0.02196339
0.06392728,0.03977482,62669.25,0.012051778846153846,672.7602135795112,4318.704892874136,0.02191479
0.06402158,0.03980594,62538.3,0.012026596153846155,670.89065743204,4306.703497549898,0.0218666
0.0641159,0.03983702,62407.25,0.01200139423076923,669.0125352178204,4294.64711336985,0.02181821
0.06421023,0.03986808,62273.51,0.011975675,667.1751035894574,4282.851937609512,0.02177029
0.06430456,0.03989911,62139.67,0.011949936538461539,665.3276706507546,4270.992559616301,0.02172213
0.06439889,0.03993011,62003.4,0.01192373076923077,663.5131914027633,4259.344723956363,0.02167435
0.06449325,0.03996108,61867.03,0.011897505769230769,661.6882152083743,4247.6295043863,0.02162632
0.06458761,0.03999203,61728.54,0.011870873076923078,659.8955514098354,4236.121710432737,0.02157871
0.06468198,0.04002295,61589.96,0.011844223076923076,658.0914102972483,4224.5402392144715,0.02153084
0.06477637,0.04005385,61449.6,0.011817230769230769,656.3344146468651,4213.261412733791,0.02148373
0.06487075,0.04008471,61309.17,0.011790225,654.5681561978395,4201.923124809032,0.02143641
0.06496516,0.04011555,61167.32,0.011762946153846154,652.8583999038848,4190.947545808845,0.02139004
0.06505955,0.04014636,61025.39,0.011735651923076924,651.1416944211398,4179.927357310319,0.02134352
0.06515397,0.04017715,60882.43,0.011708159615384616,649.4881896549849,4169.31287836248,0.02129813
0.0652484,0.04020791,60739.4,0.011680653846153846,647.8293058662064,4158.663869412932,0.0212526
0.06534283,0.04023864,60595.75,0.011653028846153846,646.2332278901633,4148.418034975324,0.02120825
0.06543728,0.04026935,60452.06,0.011625396153846154,644.6315356742773,4138.136160586793,0.02116377
0.06553173,0.04030002,60308.19,0.011597728846153846,643.1084715083841,4128.35902969731,0.0211208
0.06562619,0.04033067,60164.28,0.011570053846153845,641.5812717970088,4118.555351161059,0.02107774
0.06572065,0.0403613,60020.62,0.011542426923076924,640.1475798113919,4109.351934448566,0.02103649
0.06581513,0.04039189,59876.94,0.011514796153846154,638.7115178026808,4100.133303652174,0.02099517
0.06590961,0.04042246,59733.99,0.011487305769230769,637.3673238621388,4091.504409090911,0.02095567
0.06600411,0.040453,59591.02,0.011459811538461538,636.0207062825356,4082.859956264368,0.02091609
0.06609861,0.04048351,59449.31,0.011432559615384615,634.7607854825914,4074.7720431959037,0.02087832
0.06619313,0.040514,59307.61,0.011405309615384615,633.5002664224427,4066.680289666573,0.02084049
0.06628765,0.04054446,59167.66,0.011378396153846155,632.3262463179132,4059.143805987214,0.02080453
0.06638218,0.04057489,59027.72,0.011351484615384615,631.1540523548631,4051.6190450078343,0.02076855
0.06647671,0.0406053,58889.95,0.011324990384615385,630.0843787469859,4044.75240136442,0.02073476
0.06657126,0.04063568,58752.2,0.0112985,629.0213892230154,4037.9286654097928,0.02070103
0.06666581,0.04066603,58616.92,0.011272484615384616,628.0583330373067,4031.746439741002,0.02066944
0.06676038,0.04069635,58481.69,0.011246478846153847,627.1012635625485,4025.602645057504,0.02063789
0.06685495,0.04072665,58349.28,0.011221015384615384,626.2363917957913,4020.050702693181,0.02060837
0.06694953,0.04075692,58216.93,0.011195563461538462,625.3758768398073,4014.5267283620797,0.02057889
0.06704412,0.04078717,58087.82,0.011170734615384615,624.5969812159522,4009.5266997131143,0.02055129
0.06713872,0.04081739,57958.78,0.01114591923076923,623.821451166749,4004.5482759739275,0.02052374
0.06723332,0.04084758,57833.38,0.011121803846153846,623.142646536444,4000.190769660339,0.02049842
0.06732794,0.04087775,57708.07,0.011097705769230769,622.4699762866172,3995.872642279172,0.02047318
0.06742256,0.04090789,57586.76,0.011074376923076924,621.9078330605801,3992.2640300994094,0.02045044
0.06751719,0.040938,57465.53,0.011051063461538462,621.356699411574,3988.7260926016997,0.02042786
0.06761184,0.04096809,57348.52,0.011028561538461538,620.9280920169035,3985.974697951536,0.02040794
0.06770649,0.04099815,57231.61,0.011006078846153846,620.5136918830141,3983.314505137348,0.02038823
0.06780114,0.04102818,57119.07,0.010984436538461538,620.2026649751732,3981.317904563183,0.02037081
0.06789579,0.04105818,57006.63,0.01096281346153846,619.9047070547533,3979.405198813327,0.02035356
0.06799047,0.04108815,56898.71,0.010942059615384615,619.6942085548911,3978.0539285049053,0.02033833
0.06808516,0.04111811,56790.89,0.010921324999999999,619.4962356324561,3976.7830646643883,0.02032326
0.06817984,0.04114803,56687.77,0.01090149423076923,619.372645052118,3975.989689501521,0.02031001
0.06827456,0.04117794,56584.76,0.010881684615384616,619.2603507963879,3975.2688297629775,0.02029693
0.06836927,0.04120781,56486.58,0.010862803846153846,619.2400154858437,3975.138289633861,0.020286
0.06846398,0.04123766,56388.51,0.010843944230769231,619.2331524532843,3975.0942332052914,0.02027528
0.0685587,0.04126748,56295.32,0.010826023076923076,619.3279065699746,3975.7024960887234,0.02026685
0.06865343,0.04129727,56202.24,0.010808123076923077,619.4382544934643,3976.410861576863,0.02025866
0.06874817,0.04132704,56114.0,0.010791153846153846,619.6591085742922,3977.8286083166827,0.02025287
0.06884292,0.04135678,56025.88,0.010774207692307691,619.8948728096038,3979.3420690357516,0.02024729
0.06893768,0.0413865,55942.56,0.010758184615384615,620.2263573704819,3981.4699951022462,0.02024381
0.06903245,0.04141619,55859.36,0.010742184615384615,620.5722763924789,3983.690581490505,0.02024053
0.06912722,0.04144585,55780.95,0.010727105769230768,621.0112103020824,3986.508265986096,0.0202393
0.069222,0.04147548,55702.65,0.010712048076923077,621.4648755412024,3989.4205165151366,0.02023827
0.06931679,0.04150509,55629.07,0.010697898076923076,622.0089071381121,3992.912863226532,0.02023921
0.06941159,0.04153467,55555.61,0.010683771153846154,622.5679767325565,3996.5017445905737,0.02024036
0.0695064,0.04156423,55486.78,0.010670534615384615,623.220851018433,4000.6927941145104,0.0202435
0.06960122,0.04159376,55418.05,0.010657317307692309,623.8875175162008,4004.9723811169974,0.02024681
0.06969604,0.04162326,55353.86,0.010644973076923078,624.6406466841572,4009.8070050394113,0.02025196
0.06979087,0.04165274,55289.78,0.01063265,625.4069260480494,4014.726045094622,0.02025728
0.06988571,0.04168219,55230.15,0.010621182692307692,626.2516022879128,4020.148344654495,0.02026427
0.06998056,0.04171162,55170.62,0.010609734615384616,627.1101366265652,4025.659604646092,0.02027145
0.07007542,0.04174102,55115.38,0.010599111538461537,628.0522449140875,4031.7073577516026,0.02028035
0.07017028,0.04177039,55060.25,0.010588509615384616,629.0094266790715,4037.8518732689695,0.02028944
0.07026515,0.04179973,55009.18,0.010578688461538461,630.0464731383025,4044.5090707774093,0.02030016
0.07036003,0.04182906,54958.21,0.010568886538461539,631.097710406704,4051.2573645126486,0.02031104
0.07045492,0.04185835,54911.07,0.010559821153846153,632.2271384197081,4058.507594516527,0.02032348
0.07054982,0.04188762,54864.02,0.010550773076923077,633.3680892897842,4065.831794143181,0.02033604
0.07064472,0.04191686,54820.61,0.010542425,634.579029464618,4073.605281862093,0.02034999
0.07073963,0.04194608,54777.28,0.010534092307692308,635.8010450861891,4081.449867105872,0.02036407
0.07083455,0.04197527,54737.38,0.01052641923076923,637.0978964695412,4089.774851701519,0.02037959
0.07092948,0.04200444,54697.56,0.010518761538461537,638.4067648576481,4098.176978042745,0.02039525
0.07102442,0.04203358,54660.94,0.010511719230769231,639.7971255097826,4107.102234367409,0.02041243
0.07111936,0.04206269,54624.39,0.010504690384615385,641.1992871659207,4116.103245846291,0.02042973
0.07121431,0.04209178,54590.81,0.010498232692307692,642.6818637296525,4125.620471345971,0.02044847
0.07130927,0.04212084,54557.29,0.010491786538461539,644.1733988604035,4135.195205310685,0.02046727
0.07140423,0.04214987,54526.53,0.010485871153846154,645.7313524270821,4145.1963045961,0.02048722
0.0714992,0.04217888,54495.83,0.010479967307692309,647.2970837985656,4155.24733258269,0.02050723
0.0715942,0.04220787,54467.69,0.01047455576923077,648.9189819510748,4165.658916599701,0.02052818
0.07168917,0.04223682,54439.61,0.01046915576923077,650.5478465729608,4176.1152210457385,0.02054918
0.07178418,0.04226576,54413.86,0.010464203846153847,652.2312443142374,4186.9215944238895,0.02057108
0.07187918,0.04229466,54388.16,0.010459261538461538,653.9225036746994,4197.778434539752,0.02059305
0.0719742,0.04232355,54364.55,0.010454721153846155,655.6679860369536,4208.983352824358,0.02061588
0.07206922,0.0423524,54340.98,0.010450188461538463,657.4210778104928,4220.2371188277875,0.02063876
0.07216425,0.04238123,54319.24,0.010446007692307692,659.2246029351246,4231.8146357839805,0.02066241
0.0722593,0.04241004,54297.54,0.010441834615384615,661.0357244336719,4243.44091676714,0.0206861
0.07235435,0.04243882,54277.39,0.010437959615384615,662.8889393153387,4255.337411261691,0.02071039
0.0724494,0.04246757,54257.28,0.010434092307692308,664.747853781599,4267.27049356773,0.0207347
0.07254446,0.0424963,54238.45,0.010430471153846153,666.6482172523932,4279.469652872784,0.02075958
0.07263953,0.042525,54219.64,0.010426853846153846,668.5547432267076,4291.7083716428115,0.02078449
0.07273461,0.04255368,54201.85,0.010423432692307692,670.5064656542294,4304.2372237169,0.02080999
0.07282969,0.04258233,54184.08,0.010420015384615384,672.4637559379078,4316.801817987304,0.02083551
0.07292478,0.04261096,54167.06,0.010416742307692307,674.4667083310203,4329.659534787032,0.0208616
0.07301988,0.04263956,54150.05,0.010413471153846155,676.4732168392619,4342.54007964867,0.02088764
0.07311499,0.04266813,54133.56,0.010410299999999999,678.5150770690867,4355.647560720107,0.02091405
0.07321011,0.04269668,54117.08,0.01040713076923077,680.5583294340553,4368.763978439009,0.02094039
0.07330523,0.0427252,54100.92,0.010404023076923077,682.6273691815485,4382.045935220471,0.02096691
0.07340036,0.0427537,54084.77,0.010400917307692307,684.6970250817186,4395.331847321416,0.02099336
0.0734955,0.04278217,54068.8,0.010397846153846155,686.7816667133657,4408.71395855921,0.02101981
0.07359064,0.04281062,54052.85,0.010394778846153845,688.8695074517232,4422.116606085454,0.02104624
0.0736858,0.04283904,54036.91,0.010391713461538462,690.9753921171554,4435.635084474717,0.0210727
0.07378096,0.04286743,54020.97,0.010388648076923078,693.0844743974941,4449.174089575969,0.02109911
0.07387613,0.0428958,54004.79,0.010385536538461538,695.2027214619403,4462.771926928548,0.02112538
0.0739713,0.04292415,53988.6,0.010382423076923077,697.3235231386515,4476.386163313449,0.0211516
0.07406649,0.04295247,53971.88,0.010379207692307692,699.44617595202,4490.01228285193,0.02117755
0.07416168,0.04298076,53955.15,0.010375990384615385,701.5687430158666,4503.637851931461,0.02120338
0.07425687,0.04300903,53937.65,0.010372625,703.6851426496727,4517.223829920801,0.02122884
0.07435208,0.04303728,53920.13,0.010369255769230768,705.801749752042,4530.81113973013,0.02125423
0.07444729,0.0430655,53901.64,0.0103657,707.9263108159558,4544.449509058059,0.02127945
0.07454251,0.04309369,53883.14,0.010362142307692307,710.0500992331777,4558.082918471622,0.02130458
0.07463773,0.04312186,53863.53,0.010358371153846154,712.1901712354481,4571.82085844006,0.02132964
0.07473298,0.04315001,53843.91,0.010354598076923077,714.3296180346131,4585.5547849908535,0.02135462
0.07482821,0.04317812,53823.1,0.010350596153846153,716.4826918098182,4599.376188308127,0.02137945
0.07492347,0.04320621,53802.27,0.010346590384615384,718.6335255851908,4613.183212210504,0.02140412
0.07501873,0.04323428,53780.17,0.010342340384615385,720.769509663736,4626.89491023443,0.02142818
0.075114,0.04326232,53758.04,0.010338084615384616,722.9030555603026,4640.5909566365335,0.02145208
0.07520927,0.04329034,53734.54,0.010333565384615384,725.0014848970353,4654.061576421969,0.02147508
0.07530455,0.04331833,53711.01,0.010329040384615386,727.0970071410554,4667.513534468395,0.02149792
0.07539984,0.0433463,53685.97,0.010324225,729.1544681455978,4680.72116287427,0.02151986
0.07549513,0.04337424,53660.9,0.010319403846153846,731.210115528949,4693.917148952679,0.02154169
0.07559043,0.04340216,53634.17,0.01031426346153846,733.245612918218,4706.983784519155,0.0215629
0.07568574,0.04343005,53607.4,0.010309115384615385,735.2797490667639,4720.0416817612595,0.02158401
0.07578106,0.04345792,53578.85,0.010303625,737.3037963649715,4733.034814817789,0.02160463
0.07587639,0.04348577,53550.26,0.010298126923076923,739.3279947521025,4746.028917771854,0.02162518
0.07597172,0.04351359,53519.79,0.010292267307692308,741.3382321767208,4758.933399972646,0.02164515
0.07606706,0.04354138,53489.28,0.0102864,743.3460595212401,4771.822410948318,0.02166499
0.0761624,0.04356915,53456.83,0.010280159615384615,745.3302040596355,4784.559392941569,0.02168411
0.07625775,0.04359689,53424.34,0.010273911538461538,747.3117645646141,4797.27978703688,0.02170311
0.07635312,0.04362461,53389.82,0.010267273076923078,749.2682528753058,4809.839233136225,0.02172137
0.07644848,0.0436523,53355.26,0.010260626923076924,751.2205937558805,4822.37205529679,0.02173947
0.07654386,0.04367997,53318.68,0.010253592307692308,753.1469170604265,4834.7378606947295,0.02175685
0.07663924,0.04370761,53282.05,0.010246548076923077,755.0709567248573,4847.089006534122,0.02177411
0.07673463,0.04373523,53243.39,0.010239113461538461,756.96847189796,4859.269881527873,0.02179063
0.07683003,0.04376282,53204.69,0.010231671153846154,758.8625927827794,4871.428967288074,0.021807
0.07692543,0.04379039,53163.99,0.010223844230769231,760.7248599636836,4883.383571950586,0.02182258
0.07702084,0.04381794,53123.24,0.010216007692307691,762.5849103669988,4895.323946270656,0.02183803
0.07711626,0.04384546,53080.49,0.010207786538461537,764.4081183828657,4907.027815227112,0.02185262
0.07721169,0.04387295,53037.68,0.010199553846153847,766.228271348761,4918.712072650374,0.02186709
0.07730712,0.04390042,52992.9,0.010190942307692307,768.0158838561185,4930.187440435593,0.02188079
0.07740256,0.04392787,52948.07,0.010182321153846154,769.8003784180459,4941.642792937636,0.02189436
0.077498,0.04395529,52901.31,0.010173328846153845,771.5538099127252,4952.898739740882,0.0219072
0.07759346,0.04398269,52854.5,0.010164326923076923,773.3050657627351,4964.140720249616,0.02191993
0.07768892,0.04401006,52805.81,0.010154963461538461,775.0296249297852,4975.211324548824,0.02193202
0.07778439,0.04403741,52757.06,0.01014558846153846,776.7533147924064,4986.276348450717,0.021944
0.07787986,0.04406473,52706.43,0.010135851923076923,778.4473123348911,4997.150766003325,0.02195531
0.07797534,0.04409203,52655.76,0.010126107692307693,780.139327945608,5008.01246077856,0.02196651
0.07807083,0.0441193,52603.26,0.010116011538461539,781.8044766083207,5018.7016863478875,0.0219771
0.07816632,0.04414655,52550.72,0.010105907692307693,783.4671093172489,5029.37476104845,0.02198757
0.07826183,0.04417378,52496.44,0.010095469230769231,785.1079475120263,5039.90792843434,0.02199751
0.07835734,0.04420098,52442.12,0.010085023076923078,786.7481314975781,5050.436896201218,0.02200737
0.07845286,0.04422815,52386.15,0.010074259615384615,788.3691536413415,5060.84285678334,0.02201676
0.07854838,0.04425531,52330.13,0.010063486538461537,789.9894999411272,5071.244478864708,0.02202606
0.07864391,0.04428243,52272.55,0.010052413461538462,791.5889072555542,5081.511685597644,0.02203488
0.07873945,0.04430954,52214.92,0.010041330769230769,793.1869970344127,5091.770434566295,0.0220436
0.07883499,0.04433661,52155.85,0.010029971153846153,794.7631634436158,5101.888449047549,0.02205186
0.07893054,0.04436367,52096.73,0.010018601923076924,796.3376273213091,5111.995534328454,0.02206001
0.0790261,0.0443907,52036.3,0.01000698076923077,797.8942354245672,5121.98799657003,0.02206778
0.07912165,0.0444177,51975.84,0.009995353846153845,799.451024984746,5131.981623652921,0.02207548
0.07921722,0.04444468,51914.16,0.00998349230769231,800.9934457917936,5141.88301221873,0.02208287
0.07931281,0.04447164,51852.44,0.009971623076923078,802.5368829267339,5151.790924981652,0.0220902
0.07940838,0.04449857,51789.63,0.00995954423076923,804.0672355721731,5161.614843406489,0.02209726
0.07950399,0.04452548,51726.79,0.009947459615384615,805.5983472776244,5171.4436345276035,0.02210425
0.07959959,0.04455237,51662.98,0.009935188461538463,807.1174009417905,5181.195020473968,0.02211102
0.0796952,0.04457923,51599.15,0.009922913461538462,808.6372795026101,5190.951701747169,0.02211772
0.07979081,0.04460607,51534.47,0.009910475,810.1473922901133,5200.645692789657,0.02212425
0.07988643,0.04463288,51469.77,0.009898032692307691,811.6598724636391,5210.354880987673,0.02213074
0.07998205,0.04465967,51404.35,0.009885451923076922,813.1689000980564,5220.041906017833,0.02213717
0.08007769,0.04468643,51338.9,0.009872865384615384,814.6816220605501,5229.752646351629,0.02214357
0.08017332,0.04471317,51272.82,0.009860157692307692,816.195596295826,5239.471425502945,0.02215
0.08026897,0.04473988,51206.72,0.009847446153846154,817.7136249412639,5249.216231462402,0.02215639
0.08036463,0.04476658,51140.06,0.009834626923076923,819.2323962497182,5258.965804859557,0.02216281
0.08046029,0.04479324,51073.38,0.009821803846153845,820.7556548806733,5268.744184094584,0.02216922
0.08055595,0.04481989,51006.22,0.009808888461538462,822.2886043092436,5278.584772262649,0.02217579
0.08065163,0.0448465,50939.04,0.009795969230769232,823.8263840073732,5288.456367776806,0.02218235
0.0807473,0.0448731,50871.46,0.009782973076923076,825.3796339572317,5298.427272748459,0.02218917
0.08084299,0.04489967,50803.87,0.009769975,826.9383579362926,5308.433317605353,0.02219598
0.08093868,0.04492621,50736.0,0.009756923076923076,828.517056111478,5318.567584459912,0.02220311
0.08103438,0.04495274,50668.12,0.00974386923076923,830.10130179425,5328.737462885539,0.02221022
0.08113009,0.04497923,50600.1,0.00973078846153846,831.6983071778193,5338.989250706448,0.02221757
0.08122581,0.04500571,50532.07,0.00971770576923077,833.3009002004902,5349.276907717956,0.0222249
0.08132152,0.04503216,50464.05,0.009704625,834.9113331367325,5359.614892130546,0.02223242
0.08141722,0.04505858,50396.02,0.009691542307692307,836.5272381055184,5369.988003611061,0.02223993
0.08151292,0.04508497,50328.12,0.009678484615384616,838.1579730387499,5380.456314300327,0.02224775
0.08160865,0.04511135,50260.2,0.009665423076923077,839.7958485218762,5390.970462907987,0.02225559
0.08170442,0.04513771,50192.49,0.009652401923076922,841.4531062296122,5401.609033421948,0.0222638
0.08180021,0.04516405,50124.78,0.009639380769230769,843.1173963487511,5412.292747671999,0.02227202
0.08189594,0.04519035,50057.46,0.009626434615384614,844.8013694693943,5423.102814630174,0.02228065
0.08199168,0.04521663,49990.14,0.009613488461538462,846.4951496687887,5433.975836974432,0.02228933
0.08208745,0.04524289,49923.22,0.009600619230769231,848.2058676357155,5444.957589320911,0.02229838
0.08218325,0.04526913,49856.31,0.009587751923076922,849.925980665847,5455.999652168237,0.02230747
0.08227908,0.04529536,49789.82,0.009574965384615384,851.6746707589206,5467.2251621027435,0.0223171
0.08237487,0.04532155,49723.34,0.00956218076923077,853.4329347685581,5478.512130666155,0.02232679
0.08247067,0.04534771,49657.32,0.009549484615384615,855.228699602846,5490.03983135319,0.02233713
0.08256648,0.04537385,49591.31,0.009536790384615385,857.0341923080555,5501.629978960983,0.02234753
0.08266229,0.04539997,49525.79,0.009524190384615385,858.8884583818692,5513.533221459617,0.02235872
0.08275811,0.04542607,49460.28,0.009511592307692307,860.752151744231,5525.496981325892,0.02236995
0.08285393,0.04545214,49395.39,0.009499113461538462,862.6580474914143,5537.731654427136,0.02238186
0.08294976,0.04547818,49330.52,0.00948663846153846,864.5734226700839,5550.0271796214665,0.02239381
0.0830456,0.04550421,49266.4,0.009474307692307693,866.5228686065881,5562.5414180297985,0.02240636
0.08314144,0.04553021,49202.29,0.009461978846153846,868.4825856096218,5575.121590339067,0.02241894
0.08323729,0.04555618,49139.04,0.009449815384615385,870.470157673297,5587.880574926849,0.02243205
0.08333315,0.04558214,49075.8,0.009437653846153847,872.4784954777184,5600.772862739695,0.02244536
0.08342901,0.04560807,49013.5,0.009425673076923076,874.7646780161573,5615.448742073027,0.02246242
0.08352488,0.04563397,48951.22,0.009413696153846154,876.9754977565852,5629.640838807535,0.02247843
0.08362076,0.04565986,48889.92,0.009401907692307691,879.0739971180147,5643.111908108258,0.02249319
0.08371663,0.04568571,48828.62,0.00939011923076923,881.1787963221963,5656.623418506965,0.02250795
0.08381252,0.04571155,48768.37,0.009378532692307692,883.3330964065351,5670.452693971178,0.02252354
0.08390842,0.04573736,48708.14,0.00936695,885.5003329068738,5684.365013233087,0.02253921
0.08400432,0.04576315,48649.01,0.009355578846153846,887.7078190730251,5698.535710480454,0.0225556
0.08410022,0.04578892,48589.91,0.009344213461538462,889.9280579734177,5712.78827240212,0.02257206
0.08419613,0.04581466,48531.9,0.009333057692307693,892.1986496978365,5727.364068342537,0.02258937
0.08429205,0.04584038,48473.93,0.009321909615384616,894.4822267744021,5742.0232222204795,0.02260676
0.08438798,0.04586608,48417.05,0.009310971153846154,896.8259423544923,5757.068428133277,0.02262512
0.08448391,0.04589175,48360.2,0.00930003846153846,899.1829164089161,5772.198745259282,0.02264356
0.08457985,0.0459174,48304.48,0.009289323076923078,901.6036836550836,5787.738575260388,0.02266299
0.0846758,0.04594302,48248.77,0.009278609615384615,904.0378714821544,5803.364557098719,0.02268249
0.08477175,0.04596863,48194.23,0.009268121153846155,906.5333236826066,5819.383818360745,0.02270294
0.0848677,0.0459942,48139.71,0.009257636538461539,909.0424966060858,5835.491158186982,0.02272346
0.08496367,0.04601976,48086.35,0.009247375,911.6139877446491,5851.998542449507,0.02274494
0.08505963,0.04604529,48033.02,0.00923711923076923,914.1982870370364,5868.58814714581,0.02276647
0.08515561,0.0460708,47980.87,0.009227090384615385,916.8514886910498,5885.620062431055,0.02278904
0.08525159,0.04609628,47928.76,0.009217069230769231,919.5169683670103,5902.73079503098,0.02281167
0.08534758,0.04612175,47877.9,0.009207288461538461,922.2565657871538,5920.317317753434,0.02283539
0.08544357,0.04614719,47827.08,0.009197515384615385,925.0061223705659,5937.967772150604,0.02285911
0.08553957,0.0461726,47777.7,0.00918801923076923,927.8152447212874,5956.000601970005,0.02288374
0.08563558,0.04619799,47728.35,0.009178528846153847,930.6357996553464,5974.106821910584,0.0229084
0.08573159,0.04622336,47680.59,0.00916934423076923,933.5031152488681,5992.5132163929065,0.02293384
0.08582761,0.04624871,47632.86,0.009160165384615384,936.3847526433565,6011.011547988425,0.02295934
0.08592363,0.04627404,47586.72,0.009151292307692308,939.3132130999036,6029.810454711799,0.02298567
0.08601966,0.04629934,47540.62,0.009142426923076924,942.2601908470491,6048.728230999538,0.02301212
0.0861157,0.04632462,47495.93,0.009133832692307692,945.2816111540683,6068.123882525847,0.02303972
0.08621174,0.04634988,47451.27,0.00912524423076923,948.3211732776823,6087.635993305411,0.02306745
0.08630778,0.04637511,47407.85,0.00911689423076923,951.4589854311522,6107.778808570911,0.02309656
0.08640384,0.04640032,47364.45,0.009108548076923077,954.6116757162018,6128.017132248403,0.02312574
0.0864999,0.0464255,47322.27,0.009100436538461537,957.8726451347071,6148.950541060259,0.02315636
0.08659597,0.04645066,47280.12,0.00909233076923077,961.1435503211467,6169.9477313632415,0.02318696
0.08669204,0.0464758,47239.36,0.009084492307692307,964.4964057476265,6191.470991572693,0.02321866
0.08678812,0.04650092,47198.63,0.009076659615384616,967.8592329505212,6213.058264425467,0.02325034
0.0868842,0.04652601,47159.51,0.00906913653846154,971.2839075736036,6235.042559502185,0.02328291
0.08698029,0.04655108,47120.43,0.009061621153846153,974.7209551428984,6257.106281248715,0.02331548
0.08707639,0.04657613,47083.08,0.009054438461538462,978.2079800980999,6279.490826933243,0.02334885
0.08717249,0.04660116,47045.76,0.009047261538461538,981.7116464537081,6301.98220012616,0.02338231
0.0872686,0.04662616,47010.1,0.009040403846153846,985.2889327710293,6324.946167985714,0.02341686
0.08736471,0.04665114,46974.48,0.009033553846153846,988.8837694042853,6348.022798029758,0.02345151
0.08746084,0.0466761,46940.4,0.009027,992.5687390206882,6371.678026135144,0.02348742
0.08755696,0.04670104,46906.35,0.009020451923076923,996.2694535002967,6395.434326534032,0.02352339
0.08765309,0.04672595,46873.77,0.009014186538461538,1000.0732119291324,6419.852105419202,0.02356075
0.08774923,0.04675084,46841.23,0.009007928846153847,1003.891156940311,6444.3609533975505,0.02359812
0.08784538,0.0467757,46810.19,0.009001959615384615,1007.796620689948,6469.431617601605,0.02363666
0.08794152,0.04680055,46779.17,0.00899599423076923,1011.7174714620895,6494.60105698296,0.02367523
0.08803768,0.04682537,46749.66,0.008990319230769232,1015.727651060401,6520.34393223473,0.02371498
0.08813384,0.04685017,46720.18,0.00898465,1019.7548436224879,6546.19602020214,0.02375479
0.08823001,0.04687494,46692.15,0.008979259615384616,1023.873811697494,6572.637250257162,0.02379579
0.08832618,0.04689969,46664.14,0.008973873076923078,1028.0083080732793,6599.178162408716,0.02383683
0.08842236,0.04692442,46637.54,0.008968757692307693,1032.2544620039446,6626.435847072753,0.02387926
0.08851854,0.04694913,46610.97,0.008963648076923077,1036.5123469435775,6653.7688375661255,0.02392167
0.08861474,0.04697381,46585.89,0.008958825,1040.867879956195,6681.728668354252,0.02396529
0.08871093,0.04699848,46560.83,0.00895400576923077,1045.2333265885532,6709.752138455782,0.02400887
0.08880713,0.04702312,46537.44,0.008949507692307693,1049.681046317502,6738.3037510033555,0.0240535
0.08890334,0.04704773,46514.07,0.008945013461538462,1054.1416664381015,6766.938176094561,0.02409811
0.08899955,0.04707233,46492.51,0.008940867307692307,1058.6603252099853,6795.945173466674,0.02414354
0.08909577,0.0470969,46470.97,0.008936725,1063.1966204236553,6825.065385898027,0.02418902
0.089192,0.04712145,46451.15,0.008932913461538463,1067.8136128429046,6854.703624528824,0.02423563
0.08928822,0.04714598,46431.36,0.008929107692307692,1072.4520229835307,6884.479351697491,0.02428232
0.08938445,0.04717049,46413.03,0.008925582692307692,1077.1992465350438,6914.953593731521,0.02433041
0.08948069,0.04719497,46394.72,0.00892206153846154,1081.9654018150425,6945.549365765081,0.02437856
0.08957695,0.04721943,46377.67,0.008918782692307692,1086.870271896613,6977.035601117029,0.02442834
0.08967319,0.04724386,46360.63,0.008915505769230768,1091.7889591085382,7008.610533908663,0.02447809
0.08976946,0.04726828,46344.85,0.008912471153846153,1096.8275918834217,7040.955443103733,0.0245292
0.08986573,0.04729267,46329.09,0.008909440384615384,1101.8770551288137,7073.369877227647,0.02458024
0.089962,0.04731704,46314.71,0.008906675,1107.027796982915,7106.434457442466,0.02463243
0.09005828,0.04734139,46300.35,0.008903913461538461,1112.1909538021696,7139.578734062735,0.02468457
0.09015456,0.04736571,46287.49,0.008901440384615385,1117.4350541447623,7173.242618090268,0.02473766
0.09025085,0.04739001,46274.65,0.008898971153846155,1122.694089917262,7207.00237834965,0.02479074
0.09034714,0.0474143,46263.28,0.008896784615384614,1128.0553022195081,7241.418048798197,0.02484504
0.09044344,0.04743855,46251.94,0.008894603846153846,1133.4322851120255,7275.934956692113,0.02489932
0.09053975,0.04746279,46242.0,0.008892692307692308,1138.9149235185555,7311.1301077046255,0.02495484
0.09063606,0.04748701,46232.09,0.008890786538461537,1144.4129584812342,7346.424095094542,0.02501034
0.09073237,0.0475112,46223.52,0.008889138461538462,1150.021184850985,7382.425443233907,0.02506709
0.09082869,0.04753537,46214.98,0.008887496153846155,1155.644317243834,7418.522478831576,0.02512382
0.09092502,0.04755951,46207.74,0.008886103846153846,1161.37923158806,7455.3370854903815,0.02518179
0.09102135,0.04758364,46200.53,0.008884717307692308,1167.1278071047325,7492.239388435464,0.02523971
0.09111769,0.04760774,46194.62,0.00888358076923077,1172.986237024991,7529.846888775836,0.02529885
0.09121403,0.04763182,46188.73,0.008882448076923078,1178.857347901543,7567.535793020433,0.02535792
0.09131038,0.04765588,46184.17,0.008881571153846154,1184.8374828715503,7605.924564582301,0.02541818
0.09140673,0.04767992,46179.63,0.008880698076923077,1190.830224293561,7644.394261776885,0.02547838
0.09150309,0.04770393,46176.46,0.008880088461538461,1196.9231877768293,7683.507322680544,0.02553967
0.09159946,0.04772793,46173.31,0.008879482692307691,1203.029023675736,7722.703016539123,0.0256009
0.09169583,0.0477519,46171.53,0.008879140384615384,1209.2369370396948,7762.553984652741,0.02566326
0.09179219,0.04777585,46169.78,0.008878803846153846,1215.459313802285,7802.497798849072,0.02572558
0.09188857,0.04779977,46169.33,0.008878717307692309,1221.7962387765094,7843.176941788201,0.02578913
0.09198497,0.04782368,46168.91,0.00887863653846154,1228.1471775786094,7883.9460448435675,0.02585264
0.09208135,0.04784756,46169.73,0.00887879423076923,1234.6213171372094,7925.506020633621,0.02591745
0.09217776,0.04787142,46170.58,0.008878957692307692,1241.1078811044038,7967.145753450182,0.02598216
0.09227416,0.04789526,46172.67,0.008879359615384615,1247.7078237491542,8009.513307323377,0.02604807
0.09237057,0.04791908,46174.78,0.008879765384615384,1254.3207617845624,8051.964283575135,0.02611389
0.09246699,0.04794287,46178.13,0.008880409615384615,1261.050405190123,8095.164436194531,0.02618091
0.0925634,0.04796664,46181.5,0.008881057692307692,1267.7947462316026,8138.458938555301,0.02624788
0.09265984,0.0479904,46186.04,0.008881930769230769,1274.6613901461735,8182.538549794049,0.02631608
0.09275627,0.04801412,46190.59,0.008882805769230768,1281.5427007937142,8226.712312396328,0.02638422
0.0928527,0.04803783,46196.17,0.008883878846153846,1288.5732157876557,8271.843874713624,0.02645384
0.09294915,0.04806151,46201.77,0.00888495576923077,1295.6154758971911,8317.050833416077,0.02652334
0.0930456,0.04808518,46208.35,0.008886221153846154,1302.7978252731307,8363.1570786519,0.02659417
0.09314205,0.04810882,46214.96,0.008887492307692308,1309.986970349014,8409.306948082503,0.02666482
0.0932385,0.04813244,46222.69,0.008888978846153847,1317.2977281896399,8456.237496321884,0.02673662
0.09333497,0.04815603,46230.45,0.008890471153846153,1324.6143715202218,8503.205825770314,0.02680823
0.09343144,0.04817961,46239.56,0.008892223076923077,1332.017348817436,8550.728365941362,0.02688069
0.09352791,0.04820317,46248.68,0.008893976923076924,1339.429415584143,8598.309254890444,0.026953
0.09362439,0.0482267,46259.24,0.008896007692307691,1346.9386485441573,8646.51389076449,0.02702634
0.09372087,0.04825021,46269.82,0.008898042307692308,1354.4639712474689,8694.821812849135,0.02709961
0.09381736,0.0482737,46281.67,0.008900321153846154,1362.1146177605851,8743.934236358913,0.02717416
0.09391385,0.04829717,46293.54,0.008902603846153847,1369.7840435525982,8793.167211236057,0.02724867
0.09401036,0.04832062,46306.36,0.008905069230769232,1377.6260964851685,8843.50834569446,0.02732483
0.09410686,0.04834404,46319.2,0.008907538461538462,1385.4844812145873,8893.954320197701,0.0274009
0.09420337,0.04836744,46332.77,0.008910148076923077,1393.5213446818882,8945.546017921502,0.02747854
0.09429988,0.04839082,46346.36,0.00891276153846154,1401.5651515133288,8997.182287752985,0.02755598
0.09439641,0.04841417,46360.74,0.008915526923076922,1409.7635556081038,9049.810976494073,0.02763472
0.09449294,0.04843751,46375.13,0.00891829423076923,1417.96417411587,9102.453880398345,0.0277132
0.09458947,0.04846083,46390.53,0.008921255769230769,1426.2794570613373,9155.832859144952,0.02779263
0.094686,0.04848412,46405.94,0.00892421923076923,1434.5967581035595,9209.224792825802,0.0278718
0.09478254,0.04850739,46422.55,0.008927413461538462,1443.0163063987893,9263.273090695458,0.02795189
0.09487909,0.04853064,46439.17,0.008930609615384616,1451.4479576030017,9317.399081762758,0.02803185
0.09497565,0.04855388,46456.95,0.008934028846153845,1460.0297766798453,9372.48905778814,0.0281132
0.0950722,0.04857708,46474.76,0.008937453846153846,1468.609913614252,9427.56823549842,0.02819427
0.09516876,0.04860027,46493.54,0.008941065384615384,1477.3267006239505,9483.524622260102,0.02827656
0.09526533,0.04862344,46512.35,0.008944682692307693,1486.0556222485873,9539.558905752074,0.02835869
0.0953619,0.04864658,46531.97,0.008948455769230769,1494.944990192076,9596.623155476118,0.02844218
0.09545848,0.0486697,46551.62,0.008952234615384616,1503.8405005259137,9653.726835551006,0.02852543
0.09555506,0.0486928,46572.06,0.008956165384615385,1512.877167293904,9711.736652716836,0.02860982
0.09565164,0.04871588,46592.51,0.008960098076923077,1521.9202923413018,9769.787928046087,0.028694
0.09574823,0.04873894,46613.74,0.008964180769230768,1531.1058617772724,9828.75360833787,0.0287793
0.09584484,0.04876197,46634.98,0.008968265384615386,1540.2999341048521,9887.773871940104,0.02886439
0.09594143,0.04878499,46656.92,0.008972484615384616,1549.6380963525703,9947.719103800797,0.02895061
0.09603805,0.04880798,46678.86,0.008976703846153846,1558.986517270839,10007.730189987898,0.02903664
0.09613467,0.04883095,46701.35,0.008981028846153845,1568.4998598731745,10068.799971486562,0.02912392
0.09623129,0.0488539,46723.85,0.00898535576923077,1578.0187060779333,10129.905082712272,0.02921095
0.09632791,0.04887683,46746.81,0.008989771153846153,1587.6892085293675,10191.983733337804,0.02929906
0.09642455,0.04889974,46769.77,0.008994186538461537,1597.361888457028,10254.07636201531,0.02938689
0.09652118,0.04892262,46793.23,0.008998698076923077,1607.1631765806806,10316.994575847948,0.02947559
0.09661782,0.04894549,46816.69,0.009003209615384616,1616.9668596864517,10379.928163986002,0.02956399
0.09671446,0.04896834,46840.65,0.009007817307692309,1626.8926234170724,10443.645434305641,0.02965321
0.09681111,0.04899116,46864.63,0.009012428846153846,1636.8205621990603,10507.376667111159,0.02974217
0.09690777,0.04901396,46889.04,0.009017123076923077,1646.8753097747294,10571.921934020771,0.02983196
0.09700442,0.04903674,46913.47,0.009021821153846154,1656.9353065598557,10636.500897611768,0.0299215
0.09710109,0.0490595,46938.21,0.009026578846153845,1667.1269492300235,10701.924946444698,0.03001189
0.09719776,0.04908224,46962.97,0.009031340384615385,1677.320883812592,10767.363707939137,0.03010201
0.09729443,0.04910496,46987.94,0.009036142307692308,1687.6436851228661,10833.62971420257,0.03019289
0.09739111,0.04912765,47012.91,0.009040944230769232,1697.9657833272609,10899.891206960685,0.03028347
0.09748779,0.04915033,47038.05,0.009045778846153847,1708.401996656858,10966.885248314296,0.03037467
0.09758448,0.04917298,47063.19,0.009050613461538463,1718.8387759788206,11033.882922989183,0.03046557
0.09768118,0.04919561,47088.41,0.009055463461538462,1729.3865009697906,11101.592800309105,0.03055704
0.09777788,0.04921823,47113.64,0.009060315384615384,1739.9363820114506,11169.316518142297,0.03064822
0.09787458,0.04924082,47138.83,0.009065159615384616,1750.5971768380764,11237.752233944677,0.03073995
0.09797129,0.04926339,47164.02,0.009070003846153845,1761.2602370815587,11306.202492323542,0.03083139
0.098068,0.04928593,47189.03,0.009074813461538461,1772.0329079470382,11375.356383170523,0.03092332
0.09816472,0.04930846,47214.05,0.009079625000000001,1782.8064364524255,11444.515779535803,0.03101493
0.09826144,0.04933097,47238.78,0.009084380769230769,1793.6799094120654,11514.31675754471,0.03110689
0.09835817,0.04935345,47263.52,0.00908913846153846,1804.5495486723264,11584.093125572334,0.03119851
0.09845491,0.04937592,47287.92,0.009093830769230768,1815.501629907788,11654.398720142326,0.03129032
0.09855164,0.04939836,47312.31,0.009098521153846153,1826.4512566878761,11724.688558625356,0.03138178
0.09864838,0.04942078,47336.37,0.009103148076923077,1837.459121851203,11795.352251545031,0.03147324
0.09874513,0.04944318,47360.42,0.009107773076923077,1848.4625959258974,11865.98775638881,0.03156436
0.09884188,0.04946556,47384.1,0.009112326923076923,1859.520679402154,11936.973819849109,0.03165543
0.09893864,0.04948792,47407.77,0.009116878846153845,1870.575928542382,12007.941688623356,0.03174617
0.0990354,0.04951026,47430.96,0.009121338461538462,1881.6827559747974,12079.24065816477,0.03183684
0.09913217,0.04953258,47454.15,0.009125798076923076,1892.78982416236,12150.541173205474,0.0319272
0.09922894,0.04955488,47476.68,0.00913013076923077,1903.9580738395455,12222.234435607355,0.0320175
0.09932572,0.04957715,47499.2,0.009134461538461537,1915.1240563845877,12293.91314442167,0.03210749
0.0994225,0.04959941,47520.89,0.009138632692307693,1926.3406643969436,12365.916837456181,0.03219728
0.09951928,0.04962164,47542.58,0.009142803846153846,1937.5534887533088,12437.896241757042,0.03228671
0.09961606,0.04964385,47563.36,0.0091468,1948.7945672645924,12510.057020275086,0.03237573
0.09971287,0.04966604,47584.12,0.009150792307692309,1960.0287566312804,12582.17357474142,0.03246438
0.09980966,0.04968821,47603.97,0.009154609615384616,1971.258954214071,12654.264504421539,0.03255236
0.09990647,0.04971036,47623.81,0.009158425,1982.4816367526469,12726.307192161115,0.03263999
0.1000033,0.0497325,47642.7,0.009162057692307692,1993.7015017900965,12798.331793284313,0.03272696
0.1001001,0.0497546,47661.57,0.009165686538461539,2004.9156503017225,12870.319697843792,0.03281358
0.1001969,0.0497767,47679.4,0.009169115384615385,2016.1161108399772,12942.219734071614,0.03289946
0.1002937,0.04979876,47697.21,0.009172540384615385,2027.3093042657722,13014.073119927576,0.03298499
0.1003906,0.04982081,47713.9,0.00917575,2038.4791556049802,13085.776664010022,0.03306966
0.1004874,0.04984284,47730.57,0.009178955769230768,2049.6404830427414,13157.42548991184,0.03315397
0.1005842,0.04986485,47746.12,0.009181946153846154,2060.7388488660617,13228.67014115104,0.03323713
0.1006811,0.04988683,47761.64,0.009184930769230768,2071.8264917274473,13299.845957600013,0.03331991
0.1007779,0.0499088,47776.09,0.009187709615384615,2082.8343742650964,13370.509762052103,0.03340144
0.1008748,0.04993075,47790.52,0.009190484615384615,2093.834451938349,13441.123464097158,0.03348264
0.1009716,0.04995267,47803.82,0.009193042307692308,2104.754878286388,13511.225853848498,0.03356261
0.1010685,0.04997457,47817.1,0.009195596153846153,2115.6721944259534,13581.308277983147,0.03364228
0.1011654,0.04999646,47829.07,0.009197898076923077,2126.5245072199773,13650.973420803031,0.0337208
0.1012622,0.05001832,47841.01,0.009200194230769232,2137.3745105621992,13720.623738369286,0.03379903
0.1013591,0.05004016,47851.45,0.009202201923076922,2148.153871014274,13789.820572228915,0.03387598
0.101456,0.05006198,47861.86,0.009204203846153846,2158.9265026289468,13858.974211109966,0.0339526
0.1015528,0.05008377,47870.67,0.009205898076923076,2169.5967299384456,13927.470477624345,0.03402768
0.1016497,0.05010554,47879.45,0.009207586538461538,2180.2555218645202,13995.893336042718,0.03410241
0.1017466,0.0501273,47886.63,0.009208967307692308,2190.7909975792145,14063.52458057741,0.03417543
0.1018435,0.05014905,47893.79,0.00921034423076923,2201.314667510461,14131.080039276803,0.03424809
0.1019405,0.05017078,47899.38,0.00921141923076923,2211.6712115943483,14197.56265329819,0.03431876
0.1020373,0.05019247,47904.95,0.009212490384615383,2222.010538705518,14263.934744992574,0.03438906
0.1021342,0.05021414,47909.3,0.009213326923076923,2232.176195153505,14329.19197833521,0.03445766
0.1022311,0.0502358,47913.63,0.009214159615384614,2242.32149357408,14394.318525720471,0.03452587
0.1023281,0.05025744,47917.0,0.009214807692307692,2252.3505054803063,14458.698585533559,0.03459305
0.102425,0.05027906,47920.34,0.00921545,2262.40239037981,14523.22547583095,0.0346602
0.102522,0.05030066,47920.81,0.009215540384615384,2272.1820696154127,14586.004973953788,0.03472351
0.1026189,0.05032224,47921.24,0.009215623076923076,2281.927886939339,14648.567099525924,0.03478634
0.1027159,0.05034379,47920.35,0.009215451923076923,2291.510553257896,14710.081896449688,0.03484734
0.1028128,0.05036533,47919.43,0.009215275,2301.0848722706714,14771.543108827887,0.03490804
0.1029098,0.05038684,47916.84,0.009214776923076923,2310.472180178629,14831.803825461691,0.03496678
0.1030067,0.05040834,47914.23,0.009214275000000001,2319.8527629515315,14892.0213708837,0.03502525
0.1031037,0.05042981,47909.82,0.009213426923076922,2328.9950377399373,14950.709126288577,0.0350813
0.1032006,0.05045127,47905.39,0.009212575,2338.1251165333338,15009.318590941035,0.03513705
0.1032976,0.0504727,47899.18,0.00921138076923077,2347.0198895144044,15066.417537666744,0.03519043
0.1033946,0.05049411,47892.93,0.009210178846153846,2355.9046802047155,15123.452404253538,0.03524352
0.1034915,0.05051551,47884.85,0.009208625,2364.5481157091763,15178.937919673283,0.03529416
0.1035885,0.05053688,47876.74,0.009207065384615385,2373.18158933655,15234.359485997275,0.03534453
0.1036855,0.05055823,47866.76,0.009205146153846154,2381.548308462472,15288.06865324153,0.03539226
0.1037825,0.05057957,47856.75,0.009203221153846154,2389.9021484293144,15341.695144242138,0.03543971
0.1038795,0.05060088,47844.96,0.009200953846153846,2397.9430982414206,15393.31307377476,0.03548423
0.1039765,0.05062217,47833.13,0.009198678846153845,2405.9687217325277,15444.832617796239,0.03552846
0.1040735,0.05064345,47819.64,0.009196084615384615,2413.66778221015,15494.255829044614,0.03556974
0.1041705,0.0506647,47806.13,0.009193486538461538,2421.3513175093913,15543.57937824032,0.03561076
0.1042675,0.05068593,47791.04,0.009190584615384615,2428.7370188382583,15590.991017368882,0.0356491
0.1043645,0.05070715,47775.92,0.009187676923076923,2436.1152086371826,15638.354437116357,0.03568724
0.1044615,0.05072834,47759.06,0.009184434615384615,2443.2073946797354,15683.88188946105,0.03572274
0.1045585,0.05074951,47742.17,0.009181186538461538,2450.2869048687476,15729.32797065804,0.03575801
0.1046556,0.05077066,47723.46,0.00917758846153846,2457.0377927579866,15772.664499736326,0.03579031
0.1047526,0.05079179,47704.71,0.009173982692307693,2463.7754151157587,15815.915872298967,0.03582237
0.1048496,0.0508129,47684.21,0.009170040384615384,2470.169884518779,15856.96441491599,0.0358514
0.1049467,0.050834,47663.67,0.009166090384615385,2476.5496224920157,15897.918390855913,0.0358802
0.1050438,0.05085507,47641.4,0.009161807692307693,2482.576692021391,15936.608453289471,0.03590594
0.1051408,0.05087612,47619.1,0.009157519230769231,2488.5901620868385,15975.211215567315,0.03593145
0.1052379,0.05089715,47595.01,0.009152886538461538,2494.280963515101,16011.742644561678,0.03595413
0.1053349,0.05091816,47570.88,0.009148246153846153,2499.960852639962,16048.204023310587,0.03597661
0.105432,0.05093915,47544.85,0.009143240384615385,2505.3080087194603,16082.529461494012,0.03599614
0.105529,0.05096012,47518.77,0.009138225,2510.6396821779913,16116.755510817073,0.03601544
0.1056261,0.05098107,47490.81,0.009132848076923076,2515.6068146842554,16148.641432465472,0.03603156
0.1057232,0.051002,47462.81,0.00912746346153846,2520.555227955615,16180.407188191837,0.03604745
0.1058203,0.05102292,47433.07,0.009121744230769231,2525.101773983166,16209.593204514635,0.03605997
0.1059174,0.05104381,47403.3,0.009116019230769231,2529.6301928283015,16238.66285552657,0.03607227
0.1060145,0.05106468,47371.91,0.009109982692307693,2533.7693293790344,16265.233554734263,0.03608139
0.1061115,0.05108553,47340.48,0.009103938461538463,2537.892118366438,16291.699312686049,0.03609031
0.1062086,0.05110637,47307.48,0.009097592307692309,2541.6290288321857,16315.68796895154,0.03609608
0.1063057,0.05112718,47274.44,0.009091238461538462,2545.3511753924536,16339.581850066024,0.03610166
0.1064028,0.05114797,47239.84,0.009084584615384615,2548.692272858116,16361.02963143192,0.03610415
0.1065,0.05116875,47205.2,0.009077923076923077,2552.0173702256325,16382.374702053696,0.03610646
0.1065971,0.0511895,47168.99,0.009070959615384615,2554.9617853269065,16401.27602773832,0.03610568
0.1066942,0.05121024,47132.75,0.009063990384615384,2557.8902541951124,16420.074988459346,0.03610471
0.1067913,0.05123095,47094.98,0.009056726923076923,2560.4286413835753,16436.369865816163,0.03610069
0.1068884,0.05125164,47057.17,0.009049455769230769,2562.95108033154,16452.56236532292,0.03609648
0.1069856,0.05127232,47017.84,0.009041892307692307,2565.0850263179605,16466.26098005468,0.03608923
0.1070827,0.05129298,46978.47,0.009034321153846154,2567.1984821800565,16479.82806084851,0.03608178
0.1071798,0.05131361,46937.66,0.009026473076923077,2568.9109368405084,16490.82096169437,0.03607119
0.107277,0.05133423,46896.81,0.009018617307692307,2570.6010889031213,16501.67069364221,0.03606039
0.1073741,0.05135482,46854.66,0.00901051153846154,2571.8815744868207,16509.89061991602,0.03604643
0.1074713,0.0513754,46812.46,0.009002396153846154,2573.14099613701,16517.97532875147,0.0360323
0.1075684,0.05139596,46769.04,0.008994046153846153,2574.009848540146,16523.552824341827,0.03601518
0.1076656,0.0514165,46725.59,0.008985690384615384,2574.8592798532604,16529.005648533956,0.03599791
0.1077628,0.05143701,46680.88,0.008977092307692306,2575.345501379094,16532.126890308147,0.03597783
0.1078599,0.05145751,46636.13,0.008968486538461539,2575.8145932209363,16535.13817009503,0.03595759
0.1079571,0.05147799,46590.1,0.008959634615384616,2575.9100383694104,16535.750868975545,0.03593447
0.1080543,0.05149845,46544.03,0.008950775,2575.984968915483,16536.231876784,0.03591117
0.1081515,0.05151889,46496.73,0.008941678846153846,2575.6828388630133,16534.29238852422,0.03588498
0.1082486,0.05153931,46449.4,0.008932576923076923,2575.3601985760706,16532.22123723178,0.03585861
0.1083458,0.05155971,46400.87,0.00892324423076923,2574.6621628340654,16527.7402790634,0.03582941
0.108443,0.05158009,46352.32,0.008913907692307693,2573.9435741179886,16523.12738350055,0.03580004
0.1085402,0.05160045,46302.58,0.008904342307692308,2572.8699442234556,16516.235342941276,0.03576795
0.1086374,0.0516208,46252.81,0.008894771153846154,2571.7760562925723,16509.213258305463,0.03573572
0.1087346,0.05164112,46201.82,0.008884965384615385,2570.3389703305975,16499.988054361787,0.03570084
0.1088319,0.05166142,46150.79,0.008875151923076923,2568.881891437094,16490.63450815073,0.03566579
0.1089291,0.0516817,46098.55,0.00886510576923077,2567.0707039212716,16479.007803377455,0.03562804
0.1090263,0.05170197,46046.27,0.008855051923076923,2565.2362878686313,16467.231985750022,0.03559009
0.1091235,0.05172221,45992.86,0.00884478076923077,2563.037965379904,16453.12011364976,0.03554939
0.1092207,0.05174244,45939.42,0.008834503846153845,2560.814295912777,16438.8455296093,0.0355085
0.109318,0.05176264,45884.91,0.008824021153846154,2558.251882267148,16422.396417242704,0.03546507
0.1094152,0.05178283,45830.36,0.00881353076923077,2555.666119028374,16405.797414915127,0.03542146
0.1095124,0.05180299,45774.76,0.008802838461538462,2552.7515290401575,16387.08754802829,0.03537538
0.1096096,0.05182313,45719.12,0.008792138461538462,2549.8135854631946,16368.227765531181,0.03532912
0.1097068,0.05184325,45662.41,0.008781232692307694,2546.5484887899474,16347.267862293987,0.03528039
0.1098041,0.05186336,45605.68,0.008770323076923077,2543.260137307465,16326.158677549953,0.03523146
0.1099014,0.05188346,45547.94,0.00875921923076923,2539.6320845155624,16302.868820290665,0.03518
0.1099987,0.05190354,45490.17,0.008748109615384615,2535.9741956725593,16279.38743401811,0.03512831
0.1100959,0.05192358,45431.61,0.008736848076923077,2531.9870249398055,16253.792261466733,0.03507425
0.1101931,0.05194361,45373.01,0.008725578846153846,2527.9744809770605,16228.034208456169,0.03502
0.1102904,0.05196362,45313.57,0.008714148076923077,2523.653431672925,16200.29574177005,0.03496349
0.1103877,0.05198362,45254.11,0.008702713461538461,2519.3085599850588,16172.404350099518,0.0349068
0.110485,0.05200361,45193.77,0.008691109615384615,2514.6919851291573,16142.768791967414,0.0348481
0.1105823,0.05202356,45133.4,0.0086795,2510.053734443414,16112.994088400574,0.03478924
0.1106796,0.0520435,45072.08,0.008667707692307692,2505.1572355469148,16081.56159088448,0.03472842
0.1107769,0.05206341,45010.73,0.008655909615384616,2500.2377562237725,16049.981573228251,0.0346674
0.1108742,0.05208331,44948.38,0.00864391923076923,2495.0537324211796,16016.703343468032,0.03460436
0.1109715,0.05210319,44885.99,0.008631921153846154,2489.8435775118473,15983.25736814817,0.03454111
0.1110688,0.05212305,44822.65,0.008619740384615385,2484.3625499523127,15948.072557778074,0.03447581
0.1111661,0.05214289,44759.28,0.008607553846153845,2478.8536757998877,15912.708989487193,0.03441027
0.1112634,0.05216271,44695.06,0.008595203846153846,2473.0672291412257,15875.56357720998,0.03434268
0.1113607,0.05218251,44630.81,0.008582848076923076,2467.252467808096,15838.236402217466,0.03427486
0.111458,0.05220229,44565.8,0.008570346153846154,2461.1790378313617,15799.248734356588,0.03420515
0.1115553,0.05222206,44500.76,0.008557838461538462,2455.0789166516493,15760.089725464282,0.03413523
0.1116527,0.0522418,44434.99,0.008545190384615384,2448.740812288266,15719.403011575467,0.03406356
0.11175,0.05226153,44369.18,0.008532534615384616,2442.377632310913,15678.555327738428,0.03399169
0.1118473,0.05228123,44302.58,0.008519726923076924,2435.806560689958,15636.373107999463,0.03391827
0.1119447,0.05230092,44235.95,0.008506913461538462,2429.213624572489,15594.050531702293,0.03384468
0.112042,0.05232059,44168.37,0.008493917307692308,2422.45801563062,15550.68369638312,0.03376976
0.1121394,0.05234024,44100.76,0.008480915384615385,2415.6752306530784,15507.142407706182,0.03369463
0.1122367,0.05235987,44032.1,0.008467711538461539,2408.7221050892135,15462.50763771338,0.03361807
0.1123341,0.05237948,43963.4,0.0084545,2401.7370623757174,15417.66797934059,0.03354126
0.1124314,0.05239907,43893.72,0.0084411,2394.561081728747,15371.6026174097,0.0334629
0.1125288,0.05241865,43824.02,0.008427696153846153,2387.348505836231,15325.302336613513,0.03338426
0.1126261,0.0524382,43753.58,0.00841415,2379.8985793407196,15277.478411597895,0.03330383
0.1127235,0.05245774,43683.13,0.008400601923076923,2372.408927740354,15229.399475954062,0.03322309
0.1128209,0.05247726,43612.23,0.008386967307692308,2364.705996815938,15179.951418828703,0.03314089
0.1129182,0.05249676,43541.31,0.008373328846153846,2356.970892895428,15130.296830947149,0.03305844
0.1130156,0.05251624,43469.99,0.00835961346153846,2349.0892345687294,15079.701454329426,0.03297499
0.113113,0.0525357,43398.64,0.008345892307692308,2341.180264946885,15028.930756071695,0.03289134
0.1132104,0.05255514,43326.66,0.00833205,2333.2014000489626,14977.711373327733,0.03280714
0.1133078,0.05257457,43254.65,0.008318201923076923,2325.199832142445,14926.346251296094,0.03272276
0.1134052,0.05259397,43181.74,0.008304180769230769,2317.134681162668,14874.5729652202,0.03263774
0.1135026,0.05261335,43108.81,0.008290155769230768,2309.0408707633605,14822.615703378717,0.03255248
0.1136,0.05263272,43034.93,0.008275948076923077,2300.8548752417846,14770.06667001068,0.03246638
0.1136974,0.05265206,42961.03,0.008261736538461538,2292.6369707575836,14717.312800818181,0.03238
0.1137948,0.05267139,42886.31,0.008247367307692308,2284.3046351296457,14663.824354386454,0.03229266
0.1138922,0.0526907,42811.56,0.008232992307692307,2275.93987166564,14610.127741283357,0.03220504
0.1139896,0.05270999,42736.01,0.008218463461538462,2267.5022956463818,14555.963716564227,0.03211681
0.114087,0.05272926,42660.42,0.008203926923076922,2259.0508975757834,14501.710962815723,0.03202844
0.1141845,0.05274852,42583.56,0.008189146153846154,2250.673535791298,14447.93347627927,0.03194038
0.1142819,0.05276775,42506.65,0.008174355769230769,2242.2779765758205,14394.039173479492,0.03185213
0.1143793,0.05278697,42427.95,0.008159221153846154,2234.0294012083614,14341.088416167093,0.03176449
0.1144767,0.05280617,42349.23,0.008144082692307692,2225.6611486796596,14287.369405424435,0.03167596
0.1145742,0.05282534,42271.18,0.008129073076923078,2216.882688513153,14231.017115102033,0.03158454
0.1146716,0.0528445,42193.18,0.008114073076923077,2207.7989112977157,14172.70487797172,0.0314909
0.1147691,0.05286365,42124.98,0.008100957692307693,2196.6090877502265,14100.873124652338,0.03138424
0.1148665,0.05288277,42056.88,0.008087861538461538,2185.1498172074103,14027.311688106149,0.03127555
0.114964,0.05290188,42009.03,0.008078659615384615,2170.3337195143276,13932.20149533781,0.03115107
0.1150614,0.05292096,41961.29,0.008069478846153846,2155.7612095591485,13838.65498534127,0.03102809
0.1151589,0.05294003,41925.01,0.008062501923076924,2139.5180566963995,13734.38398011815,0.03089345
0.1152563,0.05295908,41887.98,0.00805538076923077,2123.052066853221,13628.682499164941,0.03075736
0.1153538,0.05297811,41915.58,0.008060688461538462,2101.522910511335,13490.478617668365,0.03081121
0.1154513,0.05299712,41942.51,0.008065867307692308,2082.143141887075,13366.072477276906,0.0308782
0.1155488,0.05301611,41856.93,0.008049409615384615,2073.53505027875,13310.813847832424,0.03093823
0.1156462,0.05303509,41771.53,0.008032986538461538,2064.018725575536,13249.724923088668,0.03099088
0.1157437,0.05305404,41645.83,0.008008813461538462,2059.1469137853787,13218.450901541873,0.03093543
0.1158412,0.05307298,41520.31,0.007984675,2053.8236997661706,13184.27915659243,0.03087643
0.1159387,0.0530919,41396.24,0.007960815384615384,2049.3484573171622,13155.550865187539,0.03075574
0.1160362,0.0531108,41272.19,0.007936959615384615,2044.379942997367,13123.656073150049,0.03063135
0.1161337,0.05312968,41170.71,0.007917444230769231,2036.8713766688331,13075.455716638216,0.03048126
0.1162312,0.05314854,41069.27,0.007897936538461537,2029.0478773612067,13025.233684988227,0.03032896
0.1163287,0.05316739,40998.82,0.007884388461538461,2017.2714545826498,12949.636327047414,0.03016798
0.1164262,0.05318621,40928.43,0.007870851923076924,2005.781700583661,12875.87920554741,0.03000926
0.1165237,0.05320502,40875.0,0.007860576923076923,1992.2972224688372,12789.317187703795,0.02984866
0.1166212,0.05322381,40820.8,0.007850153846153847,1978.4889229022394,12700.67643621933,0.02968617
0.1167187,0.05324258,40832.22,0.007852350000000001,1959.891124133158,12581.290059142457,0.02972489
0.1168162,0.05326134,40843.1,0.007854442307692307,1943.3680060272363,12475.221850040274,0.02977733
0.1169138,0.05328007,40745.6,0.007835692307692307,1936.5646465058314,12431.548485504129,0.02982397
0.1170113,0.05329879,40648.28,0.007816976923076924,1928.8732448128396,12382.174438920949,0.02986337
0.1171088,0.05331749,40514.73,0.007791294230769232,1924.7333555040743,12355.598907471795,0.02979479
0.1172064,0.05333617,40381.32,0.007765638461538461,1920.122454883262,12325.999774423026,0.02972244
0.1173039,0.05335483,40252.65,0.007740894230769231,1915.9731382597263,12299.3637254379,0.02959101
0.1174014,0.05337347,40124.0,0.0077161538461538465,1911.324575858962,12269.522827031918,0.02945571
0.117499,0.0533921,40019.24,0.007696007692307692,1904.2693601361552,12224.232701297147,0.02929873
0.1175965,0.05341071,39914.53,0.007675871153846154,1896.8884589957781,12176.8518764128,0.02913939
0.1176941,0.05342929,39841.78,0.007661880769230769,1885.8850629300462,12106.216872338362,0.02897512
0.1177916,0.05344785,39769.12,0.007647907692307693,1875.2396934951983,12037.88017802031,0.02881376
0.1178891,0.0534664,39713.76,0.007637261538461539,1862.8640744655956,11958.43635037313,0.02865379
0.1179867,0.05348493,39657.64,0.00762646923076923,1850.1138858469628,11876.588017399661,0.02849149
0.1180843,0.05350345,39661.65,0.007627240384615385,1833.3247831296478,11768.812351436225,0.02853178
0.1181819,0.05352196,39665.12,0.007627907692307693,1818.5709492388276,11674.101853807479,0.02858612
0.1182794,0.05354043,39560.27,0.00760774423076923,1812.7868524470323,11636.971526223635,0.02862986
0.118377,0.05355889,39455.46,0.007587588461538461,1806.814356940538,11598.631795297324,0.02867188
0.1184745,0.05357733,39312.14,0.007560026923076923,1806.4129535008028,11596.05503322934,0.02862768
0.1185721,0.05359576,39168.68,0.007532438461538462,1807.3113276538622,11601.822040213607,0.02859363
0.1186698,0.05361417,39003.61,0.007500694230769231,1835.4864066878492,11782.688639077682,0.02870998
0.1187674,0.05363256,38849.12,0.007470984615384616,1818.5836745536585,11674.183542466104,0.02846983
0.118865,0.05365093,39216.73,0.007541678846153847,1716.587308492612,11019.429892841783,0.02746855
0.1189626,0.05366929,39939.9,0.00768075,450.4103933320677,2891.356430153505,0.01398744
0.1190602,0.05368762,59708.09,0.011482325,-11888.980003315624,-76319.90577803939,0.07803279
0.1191578,0.05370593,110367.5,0.02122451923076923,-30170.620081098805,-193676.73940172535,0.165149
0.1192554,0.05372423,288757.8,0.05553034615384615,-32923.16741083281,-211346.39254239065,0.3712033
0.119353,0.05374251,355733.0,0.06841019230769231,-24425.388206049403,-156795.90056992683,0.390961
0.1194506,0.05376077,379218.8,0.0729266923076923,-20104.710704574147,-129059.8206271627,0.4293628
0.1195482,0.05377902,405261.6,0.07793492307692307,-17386.994435951394,-111613.76137776632,0.4614356
0.1196458,0.05379724,415948.0,0.07999,-16049.601622960065,-103028.52585316624,0.4958097
0.1197435,0.05381545,423187.0,0.08138211538461539,-14599.950629261895,-93722.66216938254,0.5288867
0.1198411,0.05383364,417104.6,0.08021242307692307,-12737.226777782962,-81765.12596394421,0.5445459
0.1199387,0.05385181,407287.1,0.0783244423076923,-10882.452597707612,-69858.62173705398,0.5509205
0.1200364,0.05386997,385680.4,0.0741693076923077,-9079.314453754474,-58283.5889577143,0.538121
0.120134,0.0538881,367210.5,0.07061740384615385,-7789.475394405666,-50003.61914946475,0.5342742
0.1202316,0.05390622,352231.6,0.06773684615384615,-6702.988466916491,-43029.04438258649,0.5294026
0.1203293,0.05392432,343723.8,0.06610073076923077,-5986.855190263729,-38431.91122369355,0.5364009
0.1204269,0.0539424,342644.6,0.0658931923076923,-5465.01720251196,-35082.03377032835,0.5502756
0.1205246,0.05396046,341291.6,0.065633,-4949.579696599573,-31773.24345570672,0.5600431
0.1206222,0.05397851,340881.5,0.06555413461538462,-4512.695540257352,-28968.71710957292,0.5683914
0.1207199,0.05399654,339201.9,0.06523113461538461,-4075.6833295123533,-26163.368733294257,0.5715684
0.1208176,0.05401455,336405.0,0.06469326923076923,-3683.90082693324,-23648.36713736394,0.5693183
0.1209152,0.05403254,332756.7,0.06399167307692308,-3308.4590945935247,-21238.263189899993,0.5636688
0.1210129,0.05405051,327697.9,0.06301882692307693,-2969.86850575418,-19064.720814494955,0.5525851
0.1211106,0.05406847,321765.3,0.06187794230769231,-2640.2986073459465,-16949.085698044277,0.5383019
0.1212082,0.05408641,314147.5,0.06041298076923077,-2339.9975396304435,-15021.33839031055,0.5198837
0.1213059,0.05410433,305658.2,0.05878042307692308,-2048.959411403106,-13153.05343079907,0.4988737
0.1214036,0.05412223,295451.9,0.05681767307692308,-1779.8513501674345,-11425.545951445118,0.4754383
0.1215013,0.05414012,284478.2,0.054707346153846155,-1526.0372943657385,-9796.216537271217,0.4504277
0.121599,0.05415799,272062.9,0.052319788461538466,-1292.1539914726916,-8294.83024215793,0.4252706
0.1216966,0.05417584,259371.2,0.04987907692307693,-1085.7216136155826,-6969.661924674226,0.4007782
0.1217943,0.05419367,245986.3,0.04730505769230769,-902.6192570414089,-5794.257928908339,0.3792823
0.121892,0.05421149,232992.9,0.04480632692307692,-756.9705631410354,-4859.283306016301,0.3617742
0.1219897,0.05422928,220317.1,0.042368673076923075,-637.906331007106,-4094.9645019252935,0.3503912
0.1220874,0.05424706,208660.6,0.040127038461538464,-556.8602353313522,-3574.698643632447,0.3467715
0.1221851,0.05426483,198287.7,0.03813225,-499.7814623486004,-3208.288188340669,0.3499963
0.1222829,0.05428257,189421.4,0.036427192307692306,-466.63429801941896,-2995.5038739834404,0.3614347
0.1223806,0.0543003,182247.6,0.035047615384615385,-450.3263837916933,-2890.81714081127,0.3768398
0.1224783,0.054318,176249.1,0.033894057692307696,-444.23866466729527,-2851.737745451226,0.3980274
0.122576,0.05433569,171654.2,0.033010423076923076,-451.6854083767008,-2899.541238946593,0.4221764
0.1226737,0.05435337,168030.9,0.03231363461538461,-467.1848513628085,-2999.038086277645,0.4523151
0.1227715,0.05437102,165718.6,0.03186896153846154,-487.2150247928905,-3127.619423656909,0.4848736
0.1228692,0.05438866,164137.4,0.03156488461538461,-507.002311151766,-3254.6415761116446,0.5195275
0.1229669,0.05440628,163489.7,0.031440326923076925,-523.1662801070947,-3358.4042695744824,0.5555828
0.1230646,0.05442388,163263.1,0.03139675,-532.4358645062368,-3417.909274019507,0.5894658
0.1231624,0.05444147,163467.2,0.031436000000000006,-541.2339883319644,-3474.3877928845222,0.6259008
0.1232601,0.05445903,164543.1,0.03164290384615385,-549.2971990261677,-3526.1486235258776,0.663184
0.1233579,0.05447658,166161.7,0.03195417307692308,-558.7044150436333,-3586.5371379221006,0.7022813
0.1234556,0.05449411,168522.6,0.03240819230769231,-571.8504767940925,-3670.9267318037905,0.7449375
0.1235534,0.05451163,171630.3,0.03300582692307692,-579.7888075736529,-3721.8859105526817,0.7836454
0.1236511,0.05452912,174792.1,0.03361386538461539,-584.0478854127231,-3749.2265587233846,0.8200139
0.1237489,0.0545466,178297.8,0.03428803846153846,-576.9921807374486,-3703.933294215879,0.8468782
0.1238466,0.05456407,181218.6,0.03484973076923077,-560.2974894038333,-3596.7636910018405,0.8650277
0.1239444,0.05458151,183980.1,0.035380788461538464,-532.5273118011743,-3418.496309150472,0.8721324
0.1240422,0.05459894,186111.8,0.03579073076923077,-492.05529655291775,-3158.6909776979087,0.8651357
0.1241399,0.05461635,187689.1,0.036094057692307696,-436.6648354970579,-2803.1184418196044,0.8391127
0.1242377,0.05463375,188647.9,0.0362784423076923,-360.3299701957615,-2313.0957716031908,0.7833812
0.1243355,0.05465112,188192.5,0.036190865384615384,-267.54444849863677,-1717.470051691481,0.6896867
0.1244333,0.05466847,186408.3,0.03584775,-155.0710251187735,-995.4601675390319,0.5354752
0.1245311,0.05468579,180993.2,0.03480638461538462,-18.33257764156524,-117.6838213103778,0.1854406
0.1246288,0.05470309,174171.7,0.03349455769230769,125.70719697909968,806.9625339087744,0.488307
0.1247266,0.05472038,167161.8,0.032146499999999995,152.67705777553905,980.0923763559026,0.5363943
0.1248244,0.05473767,165054.8,0.03174130769230769,54.0566673391644,347.0104043281501,0.3209926
0.1249222,0.05475496,156388.7,0.03007475,40.22716082676407,258.233517354766,0.2815712
0.12502,0.05477226,170042.2,0.03270042307692308,93.90266401304866,602.7970833312963,0.4379036
