x_m,r_m,pressure_pa,pressure_over_pc,tau_wall_pa,su2_cf_t,yplus
-0.02268,0.02,5180374.0,0.9962257692307692,1965.58868031969,12617.864849511348,0.3904815
-0.02258069,0.01999946,5177281.0,0.9956309615384615,1048.4373189211688,6730.319789580655,0.2848759
-0.0224814,0.01999803,5177647.0,0.9957013461538462,731.0960550016316,4693.184950841871,0.2376462
-0.02238212,0.01999557,5177696.0,0.9957107692307692,593.7261476319687,3811.3550222637377,0.213966
-0.02228287,0.01999211,5176974.0,0.9955719230769231,511.0633389113241,3280.7108651410686,0.1983017
-0.02218367,0.01998767,5176081.0,0.9954001923076923,456.5975752865588,2931.0743154276543,0.1872591
-0.02208451,0.01998225,5175719.0,0.9953305769230769,426.06799447122177,2735.093269903163,0.1807024
-0.02198541,0.01997585,5175907.0,0.9953667307692308,412.35146649743024,2647.041635341606,0.1775985
-0.02188638,0.01996846,5176417.0,0.9954648076923077,411.7304347830246,2643.054995451944,0.1772774
-0.02178742,0.01996008,5176887.0,0.9955551923076923,416.15702861673583,2671.470992805146,0.1779914
-0.02168856,0.01995073,5177134.0,0.9956026923076923,422.8941451363538,2714.7191181993785,0.1791631
-0.02158979,0.0199404,5177221.0,0.9956194230769231,430.8012547073724,2765.4778760800777,0.1805285
-0.02149113,0.01992908,5177214.0,0.9956180769230769,440.19124372217664,2825.755803763262,0.1821576
-0.02139259,0.01991678,5177161.0,0.9956078846153846,450.2457274142544,2890.2993767032626,0.1838457
-0.02129417,0.01990351,5177107.0,0.9955975,459.9929792358376,2952.8707108640224,0.1854175
-0.02119589,0.01988926,5177083.0,0.9955928846153846,469.22705923359626,3012.147798989268,0.1868324
-0.02109776,0.01987403,5177086.0,0.9955934615384615,479.78052569918236,3079.89453302874,0.1884611
-0.02099978,0.01985783,5177106.0,0.9955973076923077,488.5960333572955,3136.4846453567234,0.1896797
-0.02090197,0.01984066,5177114.0,0.9955988461538462,497.29896304347216,3192.3520766634183,0.1908279
-0.02080434,0.01982252,5177111.0,0.9955982692307692,506.0217061920327,3248.346698156475,0.1919395
-0.02070689,0.01980341,5177094.0,0.995595,513.7489374928053,3297.9507486835696,0.1928164
-0.02060963,0.01978333,5177057.0,0.9955878846153846,521.3684362322231,3346.8632227314756,0.1936195
-0.02051258,0.01976229,5177012.0,0.9955792307692307,528.6648608015797,3393.7017602254045,0.1943209
-0.02041574,0.01974028,5176949.0,0.9955671153846154,535.8320345722809,3439.7105874521476,0.1949674
-0.02031912,0.01971732,5176865.0,0.9955509615384616,541.0999647268991,3473.527444149159,0.1952246
-0.02022274,0.01969339,5176756.0,0.99553,548.2017597622508,3519.116580290513,0.1957688
-0.0201266,0.01966851,5176622.0,0.9955042307692308,555.0430712475767,3563.0335729856533,0.1962299
-0.02003071,0.01964268,5176463.0,0.9954736538461538,559.2569853458854,3590.0842978459846,0.1961884
-0.01993509,0.0196159,5176275.0,0.9954375,566.131293587282,3634.213109327397,0.1965835
-0.01983973,0.01958816,5176049.0,0.9953940384615385,572.1041267199629,3672.555007605216,0.1967749
-0.01974466,0.01955948,5175790.0,0.9953442307692307,577.8032608795463,3709.1399275861154,0.1968803
-0.01964987,0.01952986,5175490.0,0.9952865384615385,583.8847712393842,3748.179466513892,0.1970202
-0.01955538,0.0194993,5175150.0,0.9952211538461538,590.6471164324764,3791.58954440379,0.1972397
-0.0194612,0.01946781,5174768.0,0.9951476923076923,596.6233165161201,3829.9530564264533,0.1972778
-0.01936734,0.01943538,5174344.0,0.9950661538461538,602.3920924431537,3866.9850335248284,0.1972376
-0.01927381,0.01940202,5173871.0,0.9949751923076923,609.8319209605489,3914.744135760178,0.1974402
-0.01918061,0.01936772,5173343.0,0.9948736538461539,617.5895835671905,3964.543536468362,0.1976535
-0.01908775,0.01933251,5172755.0,0.994760576923077,625.43012046679,4014.8749389318023,0.1978287
-0.01899525,0.01929638,5172117.0,0.9946378846153846,633.342795343332,4065.669422635327,0.1979697
-0.01890312,0.01925933,5171419.0,0.9945036538461538,641.1495116376782,4115.783717709776,0.1980516
-0.01881135,0.01922136,5170666.0,0.9943588461538462,650.2286438989956,4174.066137104616,0.1982864
-0.01871997,0.01918249,5169840.0,0.9942,659.4860698330672,4233.493091716238,0.1984939
-0.01862898,0.01914271,5168945.0,0.9940278846153846,668.6415110466264,4292.265367435463,0.1986359
-0.01853839,0.01910203,5167983.0,0.9938428846153846,677.4632359306332,4348.895390512247,0.1986797
-0.0184482,0.01906045,5166971.0,0.9936482692307692,686.1115099386517,4404.411966135266,0.1986527
-0.01835843,0.01901799,5165911.0,0.993444423076923,693.5071086795233,4451.887140533583,0.1984116
-0.01826909,0.01897463,5164763.0,0.9932236538461539,699.0580423515688,4487.520704953114,0.197859
-0.01818019,0.01893038,5163437.0,0.9929686538461538,705.4887750307126,4528.802035396864,0.1973688
-0.01809173,0.01888525,5161831.0,0.9926598076923077,710.7061185600675,4562.294157215639,0.1966674
-0.01800372,0.01883925,5159939.0,0.9922959615384616,716.4088534975882,4598.902191966084,0.1959628
-0.01791617,0.01879238,5157878.0,0.9918996153846154,725.5564063259121,4657.623829126093,0.1956834
-0.01782909,0.01874464,5155727.0,0.9914859615384616,743.0715806279912,4770.060426045915,0.1966118
-0.01774245,0.01869611,5153638.0,0.9910842307692308,745.625685759278,4786.456202884016,0.1952795
-0.01765635,0.01864663,5150956.0,0.9905684615384616,900.0593635371555,5777.824994292253,0.2138826
-0.01757033,0.01859701,5148140.0,0.9900269230769231,953.7743723500519,6122.642161982292,0.2196255
-0.01748433,0.01854735,5145332.0,0.9894869230769231,978.9246705494476,6284.091536809416,0.2219747
-0.01739833,0.01849767,5142751.0,0.9889905769230769,989.1326282005463,6349.620317739385,0.2226227
-0.01731234,0.018448,5140060.0,0.988473076923077,991.7555600860524,6366.457919813593,0.2223771
-0.01722634,0.01839834,5137332.0,0.9879484615384615,987.1335784373279,6336.7876534122615,0.2213096
-0.01714034,0.01834869,5134285.0,0.9873625,981.3587231067688,6299.716650299533,0.2200586
-0.01705434,0.01829904,5131268.0,0.9867823076923077,976.6177164218494,6269.282316707821,0.2189257
-0.01696833,0.01824939,5128112.0,0.9861753846153846,972.9698584621736,6245.865322508446,0.2179085
-0.01688233,0.01819973,5124858.0,0.9855496153846154,970.8958617024036,6232.551544770957,0.2170676
-0.01679633,0.01815008,5121521.0,0.9849078846153846,970.4214488609415,6229.506107454199,0.2164205
-0.01671032,0.01810043,5118110.0,0.9842519230769231,971.3117568890359,6235.221334900006,0.2159251
-0.01662432,0.01805078,5114851.0,0.9836251923076923,972.6740239124676,6243.966247486606,0.2155055
-0.01653832,0.01800113,5111274.0,0.9829373076923077,975.8476548040117,6264.338996919221,0.2152804
-0.01645231,0.01795147,5107583.0,0.9822275,979.9049971866676,6290.384628106017,0.2151654
-0.01636631,0.01790182,5103778.0,0.9814957692307692,984.6358046555476,6320.753489032545,0.2151202
-0.0162803,0.01785217,5099859.0,0.9807421153846154,989.8659519463689,6354.327803088875,0.2151352
-0.0161943,0.01780252,5095820.0,0.9799653846153846,995.7069355803528,6391.823309050901,0.2152106
-0.0161083,0.01775287,5091387.0,0.9791128846153846,1002.9304834368419,6438.1940230765495,0.2154298
-0.01602229,0.01770322,5087115.0,0.9782913461538462,1009.5491434754794,6480.681731053584,0.2155815
-0.01593629,0.01765357,5082734.0,0.9774488461538462,1016.4981610796267,6525.290130483188,0.2157654
-0.01585028,0.01760391,5078242.0,0.976585,1023.7861458155897,6572.074489461449,0.2159779
-0.01576428,0.01755426,5073642.0,0.9757003846153847,1031.3109166774555,6620.378869064978,0.2162101
-0.01567828,0.01750461,5068932.0,0.9747946153846154,1038.918670330915,6669.215946917968,0.2164431
-0.01559227,0.01745496,5064432.0,0.9739292307692308,1045.6030161377562,6712.1253169416095,0.21658
-0.01550627,0.01740531,5059516.0,0.9729838461538461,1053.5556001122593,6763.175992395413,0.2168349
-0.01542027,0.01735565,5054484.0,0.9720161538461538,1061.823538988752,6816.251051471679,0.2171141
-0.01533426,0.017306,5049024.0,0.9709661538461538,1071.336347228655,6877.317402693691,0.2175043
-0.01524826,0.01725635,5043796.0,0.9699607692307692,1079.7421828031333,6931.277673368801,0.217779
-0.01516226,0.0172067,5038473.0,0.9689371153846154,1088.2092210789176,6985.630827570986,0.2180507
-0.01507625,0.01715704,5033058.0,0.9678957692307693,1096.8116602709836,7040.853171995545,0.2183269
-0.01499025,0.01710739,5027559.0,0.9668382692307692,1105.6226697808343,7097.414408990954,0.2186149
-0.01490425,0.01705774,5021982.0,0.9657657692307692,1114.5324444991072,7154.609657600381,0.2189039
-0.01481824,0.01700808,5016687.0,0.9647475,1122.293269596365,7204.429359544313,0.2190794
-0.01473224,0.01695843,5010977.0,0.963649423076923,1131.524254070717,7263.686576321919,0.2193834
-0.01464624,0.01690878,5005190.0,0.9625365384615384,1140.8895679960824,7323.806105176902,0.2196915
-0.01456024,0.01685912,4999343.0,0.9614121153846154,1150.1953876566045,7383.543717611307,0.2199842
-0.01447423,0.01680947,4993444.0,0.9602776923076923,1159.567511256767,7443.706960370994,0.220274
-0.01438823,0.01675982,4987489.0,0.9591325,1169.2268304820354,7505.7138215943205,0.2205812
-0.01430223,0.01671017,4981146.0,0.9579126923076923,1180.2700471478545,7576.604449317367,0.2210019
-0.01421622,0.01666052,4975121.0,0.9567540384615385,1190.0285066428796,7639.24772981674,0.2212988
-0.01413022,0.01661086,4969067.0,0.9555898076923077,1199.903382017225,7702.638328331477,0.221598
-0.01404421,0.01656121,4962993.0,0.9544217307692308,1209.8424588866449,7766.441060776418,0.2218937
-0.01395821,0.01651156,4956905.0,0.9532509615384616,1219.8509021790555,7830.689082797536,0.2221872
-0.01387221,0.01646191,4950811.0,0.9520790384615384,1229.94455476044,7895.484095805607,0.2224793
-0.0137862,0.01641226,4944720.0,0.9509076923076923,1240.0812204859765,7960.555226622604,0.2227668
-0.0137002,0.0163626,4938640.0,0.9497384615384615,1250.2904998861031,8026.092492364664,0.2230519
-0.0136142,0.01631295,4932581.0,0.9485732692307692,1260.4440172902332,8091.271800546088,0.2233239
-0.01352819,0.0162633,4926849.0,0.9474709615384616,1269.4976180271183,8149.390323329234,0.223497
-0.01344219,0.01621365,4920848.0,0.9463169230769231,1279.8598599626246,8215.909514037481,0.2237721
-0.01335619,0.016164,4914887.0,0.9451705769230769,1290.3255059659614,8283.092494970935,0.2240479
-0.01327018,0.01611434,4908981.0,0.9440348076923077,1300.783164662688,8350.22420233107,0.2243154
-0.01318418,0.01606469,4903139.0,0.9429113461538462,1311.1803480602937,8416.967695636717,0.2245696
-0.01309817,0.01601504,4897367.0,0.9418013461538461,1321.7197149046265,8484.623918819474,0.2248284
-0.01301217,0.01596539,4891449.0,0.9406632692307693,1333.2053564534365,8558.35464093029,0.2251544
-0.01292617,0.01591574,4885862.0,0.9395888461538462,1343.6750165230021,8625.563389688763,0.2253919
-0.01284016,0.01586609,4880377.0,0.9385340384615385,1354.2150341197157,8693.223790299726,0.2256282
-0.01275416,0.01581644,4875001.0,0.9375001923076923,1364.824971592753,8761.333033315297,0.225864
-0.01266816,0.01576678,4869744.0,0.9364892307692307,1375.479692898272,8829.729760864819,0.2260968
-0.01258215,0.01571713,4864617.0,0.9355032692307692,1386.0809217704793,8897.783100043844,0.2263191
-0.01249615,0.01566748,4859741.0,0.934565576923077,1396.2077685941888,8962.791199577918,0.2264992
-0.01241015,0.01561783,4854878.0,0.9336303846153846,1407.024121233148,9032.225500420984,0.2267267
-0.01232414,0.01556818,4850103.0,0.9327121153846154,1418.2189978048382,9104.089691033627,0.2269766
-0.01223814,0.01551852,4845585.0,0.9318432692307692,1429.005967023459,9173.335368473252,0.2271902
-0.01215213,0.01546887,4841243.0,0.9310082692307692,1439.8149819262214,9242.722565583701,0.2273998
-0.01206613,0.01541922,4837072.0,0.9302061538461538,1450.6847277513848,9312.499617692154,0.227609
-0.01198013,0.01536957,4833076.0,0.9294376923076924,1461.784631390945,9383.75414076144,0.2278304
-0.01189412,0.01531992,4829279.0,0.9287075,1472.863548108139,9454.873940756326,0.2280451
-0.01180812,0.01527026,4825791.0,0.9280367307692308,1483.6745912158096,9524.274157689119,0.2282355
-0.01172212,0.01522061,4822449.0,0.9273940384615385,1494.7376868976983,9595.292396412686,0.2284394
-0.01163611,0.01517096,4819332.0,0.9267946153846154,1505.9295186065103,9667.13704088698,0.2286479
-0.01155011,0.01512131,4816443.0,0.9262390384615384,1517.2357537662351,9739.716084829683,0.2288603
-0.01146411,0.01507165,4813791.0,0.9257290384615384,1528.8334089117338,9814.165865021407,0.2290899
-0.0113781,0.015022,4811380.0,0.9252653846153847,1540.702576358009,9890.35858642483,0.2293359
-0.0112921,0.01497235,4808919.0,0.9247921153846154,1553.733885048721,9974.011536565407,0.229657
-0.0112061,0.01492269,4806967.0,0.9244167307692308,1566.0789218963087,10053.259045499863,0.2299281
-0.0111201,0.01487304,4805281.0,0.9240925,1578.41497380038,10132.44887664847,0.2301936
-0.01103409,0.01482339,4803857.0,0.9238186538461538,1590.8172481024187,10212.063814675199,0.2304591
-0.01094809,0.01477373,4802707.0,0.9235975,1603.4270170170655,10293.010739910189,0.2307343
-0.01086209,0.01472408,4801917.0,0.9234455769230769,1615.919729945512,10373.206238039149,0.2309983
-0.01077608,0.01467443,4801661.0,0.9233963461538461,1627.5476372023518,10447.850218093812,0.2312017
-0.01069008,0.01462478,4801440.0,0.9233538461538462,1640.757124699423,10532.64696607989,0.2315078
-0.01060408,0.01457513,4801421.0,0.9233501923076923,1654.0139467029253,10617.747572350687,0.2318109
-0.01051807,0.01452547,4801506.0,0.9233665384615385,1668.2557265997737,10709.1709997209,0.232175
-0.01043207,0.01447582,4801836.0,0.92343,1683.0343522552478,10804.040645160638,0.2325691
-0.01034606,0.01442617,4802444.0,0.9235469230769231,1698.143288580537,10901.03068101156,0.2329802
-0.01026006,0.01437652,4803293.0,0.9237101923076924,1713.5954273890752,11000.223864750446,0.2334071
-0.01017406,0.01432687,4804391.0,0.9239213461538461,1729.5231054005826,11102.469716351019,0.2338595
-0.01008805,0.01427721,4804976.0,0.9240338461538462,1748.4294368248338,11223.836682441031,0.2344886
-0.01000205,0.01422756,4806240.0,0.9242769230769231,1766.317465864376,11338.666776399634,0.2350491
-0.009916048,0.01417791,4807797.0,0.9245763461538462,1784.1766182972729,11453.311500385562,0.2355996
-0.009830044,0.01412826,4809519.0,0.9249075,1802.5474666291925,11571.240995881706,0.2361742
-0.00974404,0.01407861,4811375.0,0.925264423076923,1821.5002905388865,11692.906415001951,0.2367752
-0.009658036,0.01402896,4813406.0,0.925655,1840.5440119321775,11815.155339804069,0.2373717
-0.009572032,0.0139793,4816344.0,0.92622,1857.3148173483605,11922.813548399588,0.2378275
-0.009486028,0.01392965,4818419.0,0.9266190384615385,1878.2758356312625,12057.370334592912,0.2385194
-0.009400024,0.01388,4820531.0,0.9270251923076923,1900.1774654533856,12197.96526569245,0.239255
-0.00931402,0.01383035,4822638.0,0.9274303846153846,1922.9846508767414,12344.373304236324,0.2400317
-0.009228016,0.0137807,4824703.0,0.9278275,1946.6624379340103,12496.37006735135,0.2408441
-0.009142013,0.01373105,4826771.0,0.9282251923076923,1971.2834825727812,12654.421961329122,0.241698
-0.00905601,0.01368139,4827741.0,0.9284117307692308,2000.6091432998824,12842.67458375316,0.2427947
-0.008970006,0.01363174,4829358.0,0.9287226923076923,2027.9188804601847,13017.986222456902,0.2437628
-0.008884003,0.01358209,4831023.0,0.9290428846153846,2054.9624364010565,13191.589142197272,0.2446953
-0.008797999,0.01353244,4833328.0,0.9294861538461539,2079.9737738280255,13352.146474725101,0.2455041
-0.008711996,0.01348279,4834417.0,0.9296955769230769,2109.8313287413243,13543.813529183102,0.2465514
-0.008625992,0.01343313,4835270.0,0.9298596153846154,2141.021683478006,13744.036335010289,0.2476502
-0.008539988,0.01338348,4835290.0,0.9298634615384616,2174.773063913774,13960.69934344484,0.2488522
-0.008453985,0.01333383,4835350.0,0.929875,2205.134878286003,14155.60343206242,0.2498404
-0.008367981,0.01328418,4835394.0,0.9298834615384616,2240.1261092472605,14380.225514804253,0.2510658
-0.008281978,0.01323453,4835498.0,0.9299034615384615,2276.483276630447,14613.61606540383,0.2523445
-0.008195974,0.01318487,4834685.0,0.9297471153846154,2313.5197554668857,14851.367375807167,0.2536106
-0.008109971,0.01313522,4833388.0,0.9294976923076923,2351.881017040943,15097.622972842595,0.2549117
-0.008023968,0.01308557,4831658.0,0.929165,2391.552763158029,15352.291070935278,0.2562434
-0.007937965,0.01303592,4829475.0,0.9287451923076923,2432.8647232013423,15617.488328995474,0.2576244
-0.007851962,0.01298626,4826830.0,0.9282365384615384,2475.804800347984,15893.137092894436,0.2590486
-0.00776596,0.01293661,4823241.0,0.9275463461538461,2522.0669214514824,16190.11132640535,0.2605919
-0.007679957,0.01288695,4819658.0,0.9268573076923077,2567.5570417201984,16482.129791553063,0.2620605
-0.007593954,0.0128373,4815558.0,0.9260688461538461,2614.2266035093535,16781.719542520546,0.2635441
-0.007507951,0.01278765,4810942.0,0.9251811538461538,2662.410684497096,17091.031570967087,0.2650542
-0.007421947,0.012738,4805802.0,0.9241926923076923,2712.1666047771705,17410.433836478165,0.2665949
-0.007335944,0.01268834,4800129.0,0.9231017307692307,2763.6254057766814,17740.767544049235,0.2681661
-0.00724994,0.01263869,4794048.0,0.9219323076923077,2816.193590815224,18078.22281169585,0.2697444
-0.007163936,0.01258904,4787247.0,0.920624423076923,2871.7905258412457,18435.120782888534,0.2714063
-0.007077933,0.01253939,4779895.0,0.919210576923077,2929.4012816104137,18804.946238972938,0.2731089
-0.00699193,0.01248974,4771997.0,0.9176917307692307,2989.2295016401163,19189.00644550548,0.2748533
-0.006905926,0.01244008,4763581.0,0.9160732692307693,3050.8259125239633,19584.417344809677,0.2766223
-0.006819923,0.01239043,4754598.0,0.9143457692307693,3114.9414414653575,19995.999425556023,0.2784396
-0.006733919,0.01234078,4745037.0,0.9125071153846154,3181.4832693200356,20423.156846188514,0.2803031
-0.006647915,0.01229113,4734896.0,0.910556923076923,3250.713530513132,20867.572347751528,0.2822133
-0.006561911,0.01224148,4724169.0,0.9084940384615384,3322.7455183655075,21329.97320336446,0.2841773
-0.006475907,0.01219183,4712627.0,0.9062744230769231,3399.4225722026317,21822.192512552883,0.2862552
-0.006389903,0.01214218,4700650.0,0.9039711538461539,3478.4919349088073,22329.7689665449,0.2883628
-0.006303899,0.01209252,4688029.0,0.9015440384615384,3561.855850921946,22864.913799292266,0.2905612
-0.006217895,0.01204287,4674737.0,0.8989878846153846,3649.339422917496,23426.504278035158,0.2928447
-0.006131892,0.01199322,4660751.0,0.8962982692307693,3741.3480181595137,24017.142610144576,0.2952122
-0.006045888,0.01194357,4646051.0,0.8934713461538462,3837.333862621873,24633.312424825886,0.2976447
-0.005959885,0.01189392,4630914.0,0.8905603846153847,3937.1551198954517,25274.10321996898,0.3001279
-0.005873881,0.01184426,4614233.0,0.8873525,4040.1905797941563,25935.527210006232,0.3025858
-0.005787885,0.0117946,4596865.0,0.8840125,4162.948111158189,26723.554713175963,0.3056532
-0.005701897,0.01174492,4578779.0,0.8805344230769231,4307.947937827955,27654.364009363053,0.309444
-0.005615904,0.01169525,4559242.0,0.8767773076923077,4461.490367139032,28640.011536290058,0.3133838
-0.005529897,0.01164561,4538616.0,0.8728107692307693,4615.449449174618,29628.333716271223,0.3171959
-0.005443868,0.011596,4516758.0,0.8686073076923077,4747.362653659008,30475.134983858537,0.3200459
-0.005357828,0.01154641,4493510.0,0.8641365384615385,4884.812801360093,31357.480005786307,0.3228974
-0.005271787,0.01149682,4468586.0,0.8593434615384615,5067.974406754292,32533.264342368697,0.3270714
-0.00518574,0.01144724,4441280.0,0.8540923076923077,5284.248727473268,33921.611851985035,0.3320825
-0.005099683,0.01139769,4410023.0,0.8480813461538461,5564.89481367455,35723.18632261953,0.3387297
-0.005013605,0.01134816,4372970.0,0.8409557692307692,5917.316401596511,37985.51516637652,0.3471107
-0.004927488,0.01129871,4329671.0,0.8326290384615385,6499.061240833728,41719.957591636135,0.3615214
-0.004841241,0.01124947,4282648.0,0.8235861538461539,7797.741597320405,50056.683064739154,0.3981965
-0.004753901,0.01120225,4243964.0,0.816146923076923,6753.484923496758,43353.20043358969,0.3691164
-0.0046663,0.01115547,4213056.0,0.8102030769230769,7082.209217595368,45463.40729284606,0.3776921
-0.004578239,0.01110957,4174611.0,0.8028098076923077,7155.762481945802,45935.57380362553,0.3791557
-0.004489727,0.01106455,4137585.0,0.795689423076923,7168.0249725428575,46014.29141663441,0.3789975
-0.004400772,0.0110204,4101750.0,0.7887980769230769,7220.299428999762,46349.86112827297,0.3799415
-0.004311381,0.01097714,4066468.0,0.782013076923077,7281.952677730344,46745.6368914348,0.3810822
-0.004221566,0.01093477,4031248.0,0.77524,7361.623765632666,47257.07604939817,0.382665
-0.004131335,0.0108933,3995888.0,0.76844,7450.035484892625,47824.62466010429,0.3844176
-0.004040696,0.01085272,3960469.0,0.7616286538461539,7543.646357079217,48425.54862019912,0.3862272
-0.003949659,0.01081305,3924867.0,0.7547821153846154,7645.93302293005,49082.16581510637,0.3881889
-0.003858234,0.01077427,3888950.0,0.747875,7757.132232116463,49795.9960314355,0.3902683
-0.003766427,0.01073641,3852786.0,0.7409203846153846,7873.005088891877,50539.82817757971,0.3923876
-0.003674248,0.01069947,3816538.0,0.7339496153846153,7989.0320980526185,51284.649886791594,0.3943784
-0.003581707,0.01066344,3780180.0,0.7269576923076924,8115.860970926272,52098.8128868936,0.3965502
-0.003488814,0.01062833,3743551.0,0.7199136538461538,8252.335527494917,52974.89521653954,0.398818
-0.003395578,0.01059414,3706635.0,0.7128144230769231,8393.46944215044,53880.88774622596,0.401102
-0.003302005,0.01056089,3669546.0,0.7056819230769231,8537.653331239353,54806.45922728728,0.4033242
-0.003208104,0.01052857,3632429.0,0.6985440384615385,8672.681654851955,55673.25763493927,0.4052203
-0.003113889,0.01049718,3595188.0,0.6913823076923077,8819.45709315254,56615.46526069919,0.4072556
-0.003019367,0.01046672,3557539.0,0.6841421153846153,8972.852665365159,57600.170055792674,0.4093363
-0.002924548,0.01043721,3519603.0,0.6768467307692307,9118.907857833554,58537.75414832817,0.4111096
-0.00282944,0.01040864,3481453.0,0.6695101923076923,9260.590876297294,59447.27158518863,0.4126763
-0.002734053,0.01038101,3443027.0,0.6621205769230769,9404.25018500722,60369.47558433928,0.41416
-0.002638397,0.01035433,3404312.0,0.6546753846153847,9549.296891686596,61300.58582122231,0.4155769
-0.002542478,0.01032861,3365583.0,0.6472275,9664.852837123404,62042.38359238267,0.4162215
-0.002446311,0.01030384,3326631.0,0.6397367307692308,9806.984935577291,62954.78384530684,0.4173549
-0.002349903,0.01028002,3287198.0,0.6321534615384615,9938.325765940446,63797.91082468859,0.4181357
-0.002253261,0.01025717,3247700.0,0.6245576923076923,10050.393432929774,64517.31600351846,0.4184108
-0.002156399,0.01023527,3208058.0,0.6169342307692308,10175.56410552875,65320.834382409135,0.4188598
-0.002059324,0.01021433,3168020.0,0.6092346153846154,10294.911864522572,66086.97325375793,0.4190872
-0.001962045,0.01019437,3127826.0,0.601505,10406.514365895564,66803.39235674278,0.4190562
-0.001864573,0.01017537,3087455.0,0.5937413461538461,10511.757048694239,67478.98535402118,0.4188066
-0.001766917,0.01015733,3046973.0,0.5859563461538462,10619.340312045126,68169.60343227044,0.4185126
-0.001669086,0.01014028,3006314.0,0.5781373076923076,10716.513757880743,68793.39691398489,0.4179233
-0.001571091,0.01012419,2965645.0,0.5703163461538462,10812.342383445377,69408.55748048364,0.4172185
-0.001472941,0.01010907,2924634.0,0.5624296153846153,10919.194918126532,70094.48473216848,0.416639
-0.001374646,0.01009493,2883549.0,0.5545286538461538,11003.584314212347,70636.21251336913,0.4155373
-0.001276215,0.01008177,2842370.0,0.5466096153846154,11093.694670653122,71214.66532523924,0.4144665
-0.001177659,0.01006958,2801061.0,0.5386655769230769,11184.327312272007,71796.47088524852,0.4133169
-0.001078986,0.01005838,2759472.0,0.5306676923076923,11269.215737919185,72341.40212789776,0.411975
-0.0009802069,0.01004816,2718014.0,0.522695,11340.849459699792,72801.24636140656,0.4103185
-0.000881331,0.01003892,2676530.0,0.5147173076923077,11414.34083033727,73273.01555279113,0.4086247
-0.0007823684,0.01003065,2635044.0,0.5067392307692308,11489.33018864482,73754.400899456,0.4068781
-0.0006833288,0.01002337,2593187.0,0.4986898076923077,11576.568436262578,74314.41654727202,0.4052612
-0.0005842214,0.01001708,2551287.0,0.4906321153846154,11641.390161723855,74730.53197333842,0.4031632
-0.0004850564,0.01001177,2509251.0,0.4825482692307692,11726.531788928283,75277.08861353957,0.4013366
-0.0003858439,0.01000745,2466528.0,0.4743323076923077,11845.0140025177,76037.67121818657,0.3999097
-0.0002865932,0.0100041,2422746.0,0.46591269230769233,12021.747876731823,77172.19349209468,0.3992961
-0.0001873143,0.01000175,2376275.0,0.45697596153846154,12303.588010183195,78981.43300830886,0.3999409
-8.801603e-05,0.01000044,2329735.0,0.4480259615384615,12528.582935688723,80425.76141245538,0.3994347
1.129096e-05,0.009999971,2266403.0,0.43584673076923075,13749.572788819803,88263.76185664137,0.4125718
0.0001105874,0.01000122,2183544.0,0.4199123076923077,14351.706964999425,92129.09122711304,0.4142007
0.0002098418,0.01000441,2097046.0,0.40327807692307693,14626.051523802713,93890.21378537669,0.4101798
0.0003090139,0.01000956,2011607.0,0.3868475,14764.013003055064,94775.8412399272,0.4039777
0.0004080636,0.01001668,1929526.0,0.3710626923076923,14804.505507413664,95035.77809880857,0.3963084
0.0005069526,0.01002577,1849048.0,0.35558615384615383,14814.827631714898,95102.03975909227,0.3880648
0.0006056422,0.01003681,1771772.0,0.3407253846153846,14779.788881834238,94877.11263424838,0.3792669
0.0007040912,0.01004983,1696411.0,0.32623288461538463,14718.836237287518,94485.83431706468,0.3700529
0.0008022646,0.01006478,1624185.0,0.3123432692307692,14649.806215739167,94042.70423029887,0.3608523
0.0009001194,0.01008169,1553410.0,0.2987326923076923,14561.293557562101,93474.50765411207,0.3513251
0.0009976206,0.01010054,1485454.0,0.28566423076923075,14460.302732318387,92826.20895524157,0.3417861
0.00109473,0.01012131,1418675.0,0.27282211538461537,14360.422783303922,92185.04139538585,0.3321922
0.001191405,0.01014402,1354209.0,0.2604248076923077,14226.686541963007,91326.5373575793,0.3223368
0.001287609,0.01016864,1291405.0,0.24834711538461537,14091.085741929352,90456.06400502012,0.3124721
0.001383306,0.01019516,1231110.0,0.23675192307692308,13942.169447170078,89500.11340356625,0.3026537
0.001478459,0.01022358,1172471.0,0.2254751923076923,13796.13860123484,88562.68560073063,0.2928958
0.001573024,0.01025388,1116241.0,0.21466173076923076,13638.255487801302,87549.17356371562,0.2832208
0.001666972,0.01028606,1061593.0,0.2041525,13483.830213929268,86557.85872019039,0.2736257
0.001760262,0.0103201,1009255.0,0.1940875,13312.452383304508,85457.7189367877,0.2640851
0.001852859,0.01035598,958518.4,0.18433046153846155,13148.577165927325,84405.74129479534,0.2546966
0.001944724,0.01039369,909897.6,0.17498030769230768,12968.944423694518,83252.61007933065,0.2453919
0.002035822,0.01043323,862801.4,0.16592334615384616,12793.255972072442,82124.7987725283,0.2362109
0.002126115,0.01047456,817818.3,0.15727275000000002,12604.500478937027,80913.10513294234,0.2271689
0.002215573,0.01051768,774316.4,0.148907,12425.827604234346,79766.13567394778,0.2183262
0.002304157,0.01056256,732731.5,0.14090990384615384,12238.731113534806,78565.09180495242,0.2096616
0.00239183,0.0106092,692569.8,0.1331865,12054.849081631375,77384.68277531063,0.2011307
0.002478561,0.01065756,654362.3,0.12583890384615384,11851.359792974066,76078.40727204333,0.1927175
0.002564312,0.01070765,617555.4,0.11876065384615385,11622.500276137494,74609.27057936628,0.1842221
0.002649054,0.01075942,583414.2,0.11219503846153846,11275.398497881206,72381.09162671247,0.175355
0.00273275,0.01081287,552523.9,0.10625459615384616,10870.86419298901,69784.23133888736,0.1664185
0.002805451,0.01086119,533689.0,0.1026325,9767.664518866644,62702.371064927625,0.1542457
0.00288784,0.01091664,521302.9,0.1002505576923077,8755.943744454733,56207.7488050476,0.1443841
0.002970221,0.0109721,515127.2,0.09906292307692308,8160.791325724588,52387.238003583596,0.1390898
0.003052613,0.01102754,510490.7,0.09817128846153847,7665.560187236452,49208.160082918825,0.1346541
0.003135027,0.01108295,506864.4,0.09747392307692308,7328.426661205156,47043.97115046616,0.1317001
0.003217482,0.01113829,503991.7,0.09692148076923077,7064.502717329533,45349.74250145349,0.1294315
0.003299977,0.01119357,501156.2,0.09637619230769232,6891.599406380828,44239.8100769195,0.1280015
0.003382505,0.01124881,498665.6,0.09589723076923076,6739.427440850974,43262.96008069958,0.1267539
0.003465062,0.011304,496264.2,0.09543542307692308,6624.7671266622565,42526.91170876836,0.1258625
0.00354765,0.01135915,494131.2,0.09502523076923076,6524.029123595244,41880.235972061084,0.125112
0.003630266,0.01141425,492082.0,0.09463115384615385,6448.628082306265,41396.20787502197,0.1245896
0.003712912,0.01146931,490203.8,0.09426996153846154,6382.231092757235,40969.98022682051,0.1241607
0.003795588,0.01152433,488409.3,0.09392486538461538,6332.20760520811,40648.860344763896,0.1238645
0.003878293,0.0115793,486712.3,0.09359851923076923,6287.172608124589,40359.7634892582,0.1236205
0.003961026,0.01163423,485061.4,0.09328103846153847,6250.685754668879,40125.54043420215,0.1234286
0.004043788,0.01168911,483443.8,0.09296996153846154,6216.082193496998,39903.406951978606,0.1232545
0.004126581,0.01174395,481831.0,0.0926598076923077,6185.159671889122,39704.90346935231,0.1230859
0.004209402,0.01179875,480223.0,0.09235057692307692,6154.72137948634,39509.50843903206,0.1229195
0.004292253,0.0118535,478586.4,0.09203584615384616,6125.539785053102,39322.18063320039,0.1227388
0.004375132,0.0119082,476952.3,0.09172159615384615,6096.669520689154,39136.85137405208,0.1225585
0.004458041,0.01196287,475252.6,0.09139473076923077,6067.9273447717815,38952.34436358878,0.122356
0.004540979,0.01201749,473533.2,0.09106407692307693,6038.66173645853,38764.47724055708,0.1221447
0.004623945,0.01207206,471810.1,0.09073271153846153,6010.268689326876,38582.21142118191,0.1219299
0.004706934,0.01212659,470140.0,0.09041153846153846,5982.99278766719,38407.11698548619,0.1217283
0.004789963,0.01218108,468458.4,0.09008815384615385,5956.367813655159,38236.20110309979,0.1215224
0.00487301,0.01223552,466774.5,0.08976432692307693,5930.795579946112,38072.043163001974,0.1213243
0.0049561,0.01228993,464956.0,0.08941461538461538,5904.4496393513555,37902.918502748114,0.1211008
0.005039213,0.01234428,463147.8,0.08906688461538462,5876.992863970866,37726.66296952126,0.1208661
0.005122354,0.01239859,461448.6,0.08874011538461538,5853.532273319382,37576.060473132246,0.1206753
0.005205522,0.01245286,459789.3,0.08842101923076923,5831.691457794889,37435.855932248174,0.1205006
0.005288718,0.01250708,458059.7,0.08808840384615385,5809.641878492391,37294.31125689816,0.1203133
0.005371942,0.01256126,456298.5,0.08774971153846153,5787.012883462636,37149.04709058272,0.120116
0.005455195,0.0126154,454511.4,0.08740603846153847,5764.463971048174,37004.29700517682,0.1199142
0.005538476,0.01266949,452735.4,0.0870645,5742.345180908591,36862.30803901602,0.1197162
0.005621782,0.01272354,450946.9,0.0867205576923077,5720.835850361804,36724.23142687421,0.11952
0.005705118,0.01277754,449165.9,0.08637805769230769,5699.856437984785,36589.556561961814,0.1193283
0.005788487,0.01283151,447367.4,0.08603219230769231,5679.769687121096,36460.612032416284,0.1191409
0.005871883,0.01288542,445573.8,0.08568726923076923,5660.116499957868,36334.45071394175,0.1189565
0.005955306,0.0129393,443762.2,0.08533888461538462,5641.003533540451,36211.75727886916,0.118772
0.006038761,0.01299313,441956.1,0.08499155769230769,5622.186171577117,36090.96144174669,0.1185891
0.006122238,0.01304691,440136.7,0.08464167307692308,5603.50944665666,35971.06840754407,0.1184025
0.006205752,0.01310066,438323.5,0.08429298076923077,5585.058216840667,35852.62291258549,0.1182171
0.006289282,0.01315435,436500.8,0.08394246153846154,5566.9569587937585,35736.42402014738,0.1180307
0.006372854,0.01320802,434684.8,0.08359323076923077,5549.169248695634,35622.237911808625,0.1178463
0.006456437,0.01326162,432860.1,0.08324232692307691,5531.675225662804,35509.93709296865,0.1176601
0.006540067,0.0133152,431043.0,0.08289288461538462,5514.507151936474,35399.72866728212,0.1174762
0.006623714,0.01336873,429218.6,0.08254203846153846,5497.344804537302,35289.55700107783,0.1172873
0.006707388,0.01342221,427403.1,0.08219290384615384,5480.353955952824,35180.48625129992,0.1170991
0.00679109,0.01347565,425585.3,0.08184332692307691,5463.356334123752,35071.372021476694,0.1169066
0.006874819,0.01352905,423777.2,0.08149561538461539,5446.6863670046905,34964.36113244374,0.1167167
0.006958577,0.0135824,421966.6,0.08114742307692308,5430.2525401543935,34858.86611803228,0.1165246
0.007042362,0.01363571,420165.7,0.08080109615384616,5414.309465609227,34756.52143019868,0.1163369
0.007126176,0.01368897,418357.9,0.08045344230769232,5398.749107448831,34656.63354508634,0.1161475
0.007210017,0.0137422,416558.0,0.08010730769230769,5383.461492897355,34558.49650542321,0.1159596
0.007293886,0.01379537,414752.6,0.07976011538461537,5368.152778555869,34460.224018145134,0.1157655
0.007377782,0.01384851,412955.6,0.07941453846153845,5352.934870839096,34362.53445329103,0.115571
0.007461704,0.0139016,411160.5,0.07906932692307693,5337.213008570864,34261.60981159493,0.1153662
0.007545654,0.01395465,409375.4,0.07872603846153847,5321.540073174604,34160.99925018644,0.115161
0.007629631,0.01400766,407599.2,0.07838446153846154,5305.735565005134,34059.544072868805,0.1149508
0.007713635,0.01406063,405833.6,0.07804492307692307,5290.16164018873,33959.569098207336,0.1147423
0.007797666,0.01411355,404075.9,0.07770690384615385,5274.891647226605,33861.54517825998,0.114533
0.007881725,0.01416643,402328.9,0.07737094230769231,5260.067320995081,33766.38216335901,0.1143278
0.007965812,0.01421926,400584.1,0.07703540384615384,5245.451882069236,33672.560075895315,0.1141197
0.008049925,0.01427205,398849.5,0.07670182692307692,5231.125375683541,33580.59275681666,0.1139135
0.008134066,0.0143248,397117.5,0.07636875,5216.82884908689,33488.81788946005,0.1137028
0.008218232,0.01437751,395396.0,0.0760376923076923,5202.7582775212195,33398.49351379152,0.1134935
0.008302426,0.01443017,393680.1,0.07570771153846154,5188.667597306097,33308.04005301804,0.1132795
0.008386646,0.01448279,391976.6,0.07538011538461538,5174.998840747346,33220.29508142452,0.1130695
0.008470894,0.01453536,390277.2,0.0750533076923077,5161.471936728328,33133.460715489666,0.1128563
0.008555168,0.0145879,388589.6,0.07472876923076922,5148.214322275334,33048.35502218277,0.1126451
0.008639468,0.01464039,386907.8,0.07440534615384616,5134.876731622092,32962.73593108516,0.1124286
0.008723795,0.01469284,385237.5,0.07408413461538461,5121.63994762654,32877.76395644452,0.1122121
0.008808148,0.01474524,383578.6,0.07376511538461537,5108.013410830715,32790.29000964267,0.111988
0.008892527,0.01479761,381931.7,0.07344840384615385,5094.508558134728,32703.59719957683,0.1117646
0.008976933,0.01484993,380298.9,0.07313440384615386,5080.9645782843045,32616.653217354997,0.1115381
0.009061365,0.01490221,378677.5,0.07282259615384615,5067.642545696084,32531.133999421967,0.1113133
0.009145825,0.01495445,377067.0,0.07251288461538462,5054.632536691301,32447.617780104618,0.1110888
0.009230311,0.01500664,375465.8,0.07220496153846154,5041.7863627463275,32365.15328064249,0.1108648
0.009314824,0.01505879,373873.4,0.07189873076923077,5028.942030433573,32282.70060332132,0.1106373
0.009399363,0.01511089,372289.7,0.07159417307692308,5016.2071885346795,32200.9507868063,0.1104098
0.009483928,0.01516296,370715.9,0.07129151923076923,5003.385150857823,32118.641227272405,0.1101781
0.00956852,0.01521498,369150.0,0.07099038461538462,4990.593577461967,32036.527229599575,0.1099456
0.009653138,0.01526696,367594.3,0.07069121153846154,4978.111984777054,31956.40311656324,0.1097137
0.009737783,0.0153189,366045.6,0.07039338461538461,4965.770111726615,31877.17591725166,0.1094819
0.009822453,0.01537079,364504.8,0.07009707692307691,4953.409220060773,31797.82663018023,0.1092466
0.009907149,0.01542264,362970.9,0.06980209615384615,4941.517397489866,31721.48847687459,0.1090148
0.00999187,0.01547445,361407.1,0.06950136538461538,4929.098269856232,31641.765350872185,0.108772
0.01007662,0.01552622,359846.3,0.06920121153846154,4915.544948787673,31554.76140380158,0.1085157
0.01016139,0.01557794,358349.3,0.06891332692307692,4901.941505144747,31467.435700772774,0.1082609
0.01024619,0.01562963,356886.0,0.06863192307692308,4889.098260346066,31384.990004620013,0.1080146
0.01033101,0.01568127,355426.7,0.06835128846153847,4876.585893523575,31304.66834063483,0.10777
0.01041586,0.01573287,353956.6,0.06806857692307691,4864.135207074891,31224.742626539053,0.107524
0.01050073,0.01578443,352488.4,0.06778623076923078,4851.392808118781,31142.944298385984,0.1072731
0.01058563,0.01583594,351024.3,0.06750467307692308,4838.513840836974,31060.2692859634,0.1070194
0.01067056,0.01588741,349573.5,0.06722567307692308,4825.536735031263,30976.96428485419,0.1067641
0.01075551,0.01593884,348127.7,0.06694763461538462,4812.563816370249,30893.686162626836,0.1065076
0.01084049,0.01599023,346694.1,0.0666719423076923,4799.61991450615,30810.594310307064,0.1062511
0.01092549,0.01604157,345264.6,0.06639703846153845,4786.772635000226,30728.122713826728,0.1059944
0.01101052,0.01609288,343843.9,0.06612382692307693,4774.055656206526,30646.48756740997,0.1057386
0.01109558,0.01614414,342426.2,0.0658511923076923,4761.327631680348,30564.781514215534,0.105481
0.01118066,0.01619535,341016.8,0.06558015384615384,4748.492622538338,30482.38868589004,0.105222
0.01126577,0.01624653,339609.8,0.06530957692307691,4735.521731237945,30399.123578065217,0.1049598
0.0113509,0.01629767,338213.9,0.06504113461538462,4722.2391394728475,30313.857545847342,0.1046949
0.01143605,0.01634876,336820.7,0.06477321153846154,4708.834523255204,30227.808192039363,0.1044271
0.01152123,0.01639981,335440.2,0.06450773076923078,4695.304406117272,30140.953199866373,0.1041595
0.01160644,0.01645082,334061.6,0.06424261538461538,4681.685660307356,30053.529266380236,0.1038895
0.01169167,0.01650179,332695.2,0.06397984615384615,4668.094496135259,29966.282389967037,0.1036214
0.01177693,0.01655271,331330.5,0.06371740384615385,4654.50551641505,29879.049536385246,0.1033519
0.01186221,0.01660359,329975.2,0.06345676923076923,4641.039453892802,29792.60573526753,0.1030853
0.01194751,0.01665443,328620.7,0.06319628846153846,4627.507377372436,29705.738165069957,0.1028161
0.01203285,0.01670523,327274.8,0.06293746153846154,4613.900973199682,29618.393457268874,0.1025477
0.0121182,0.01675599,325929.6,0.06267876923076923,4600.139795305744,29530.055197807822,0.1022758
0.01220358,0.01680671,324594.9,0.06242209615384616,4586.053669535184,29439.63097375437,0.1020024
0.01228899,0.01685738,323260.8,0.06216553846153846,4571.711306176655,29347.56186270767,0.1017246
0.01237441,0.01690802,321940.9,0.06191171153846154,4557.19609457228,29254.383172720365,0.101448
0.01245987,0.01695861,320621.3,0.0616579423076923,4542.52914059705,29160.23039046922,0.1011682
0.01254535,0.01700916,319315.1,0.061406749999999996,4527.947958070371,29066.628207922175,0.1008925
0.01263085,0.01705967,318009.2,0.061155615384615385,4513.359277538976,28972.977892817642,0.1006152
0.01271638,0.01711013,316712.6,0.06090626923076923,4499.022107353398,28880.94211873257,0.1003431
0.01280193,0.01716056,315415.5,0.060656826923076924,4484.606431422953,28788.402386271806,0.1000683
0.01288751,0.01721094,314126.3,0.06040890384615384,4470.201703833174,28695.93293539345,0.09979552
0.01297311,0.01726128,312836.7,0.06016090384615385,4455.6179354327105,28602.314153134444,0.09951901
0.01305874,0.01731158,311556.8,0.05991476923076923,4440.757629826857,28506.92017288085,0.09924167
0.01314439,0.01736184,310276.4,0.05966853846153847,4425.55838225723,28409.350394641886,0.09895885
0.01323006,0.01741206,309010.3,0.05942505769230769,4410.1603256027065,28310.50438491604,0.09867699
0.01331576,0.01746224,307743.9,0.05918151923076923,4394.564819361344,28210.390870840845,0.09839151
0.01340148,0.01751237,306491.6,0.058940692307692305,4379.098629761899,28111.1074897059,0.09811044
0.01348723,0.01756247,305239.1,0.05869982692307692,4363.589650928079,28011.54942812445,0.09782751
0.013573,0.01761252,303996.3,0.05846082692307692,4348.524430412409,27914.8400207606,0.09755147
0.0136588,0.01766253,302752.5,0.05822163461538461,4333.396775832948,27817.729825283343,0.09727289
0.01374462,0.0177125,301515.6,0.05798376923076923,4318.4029865220045,27721.478962118643,0.09699678
0.01383046,0.01776243,300277.7,0.05774571153846154,4303.231748431113,27624.088987426945,0.09671686
0.01391633,0.01781231,299048.3,0.05750928846153846,4287.876189805193,27525.51578878647,0.09643589
0.01400222,0.01786216,297818.0,0.05727269230769231,4272.205572402317,27424.92010746329,0.09614971
0.01408813,0.01791196,296599.9,0.05703844230769231,4256.467728870517,27323.892875929425,0.09586446
0.01417407,0.01796173,295381.0,0.05680403846153846,4240.5231670516105,27221.538640717343,0.09557541
0.01426003,0.01801145,294174.0,0.056571923076923075,4224.695159793928,27119.932613772762,0.0952891
0.01434602,0.01806113,292966.4,0.05633969230769231,4208.738703365668,27017.502022517958,0.0949999
0.01443203,0.01811077,291768.5,0.05610932692307692,4193.12258503279,26917.25619155083,0.09471547
0.01451807,0.01816037,290569.7,0.055878788461538466,4177.421749202352,26816.46652659376,0.09442841
0.01460412,0.01820993,289378.2,0.05564965384615385,4161.910545875912,26716.894185144138,0.09414377
0.0146902,0.01825945,288185.9,0.05542036538461539,4146.232469134657,26616.25061947746,0.09385555
0.01477631,0.01830892,287001.2,0.055192538461538466,4130.538188259041,26515.503033280238,0.09356748
0.01486244,0.01835836,285815.7,0.054964557692307695,4114.558705907471,26412.924629824807,0.09327449
0.01494859,0.01840776,284641.0,0.05473865384615385,4098.321029769038,26308.688781787892,0.09297963
0.01503476,0.01845711,283466.1,0.05451271153846153,4081.847561301344,26202.93929268611,0.09268083
0.01512096,0.01850643,282303.5,0.054289134615384614,4065.4501722986734,26097.678186742567,0.09238451
0.01520718,0.0185557,281140.6,0.054065499999999996,4048.9391375276464,25991.68754518448,0.09208563
0.01529342,0.01860493,279987.2,0.05384369230769231,4032.8829172794135,25888.61653184651,0.0917932
0.01537969,0.01865412,278833.2,0.05362176923076923,4016.8403677937213,25785.6332763573,0.09149942
0.01546598,0.01870327,277684.0,0.05340076923076923,4001.104757815876,25684.620382859775,0.09120952
0.0155523,0.01875238,276534.1,0.05317963461538461,3985.241681805123,25582.78923618841,0.09091644
0.01563864,0.01880145,275389.1,0.052959442307692305,3969.370129864323,25480.90367928317,0.09062388
0.015725,0.01885047,274243.2,0.05273907692307692,3953.2247879250044,25377.260559754042,0.09032648
0.01581138,0.01889946,273105.6,0.052520307692307686,3936.837378139034,25272.063514215857,0.09002787
0.01589779,0.01894841,271967.8,0.0523015,3920.240203137248,25165.519905599755,0.08972558
0.01598422,0.01899732,270839.9,0.052084596153846155,3903.666292362063,25059.125638944162,0.08942578
0.01607067,0.01904618,269712.2,0.05186773076923077,3886.910641248544,24951.564711608356,0.08912267
0.01615714,0.01909501,268594.6,0.051652807692307685,3870.836943310854,24848.381502303015,0.08882968
0.01624364,0.01914379,267451.1,0.051432903846153843,3854.8641069661653,24745.845762105393,0.08853419
0.01633016,0.01919254,266289.6,0.05120953846153846,3837.3268699698897,24633.267536320705,0.08822039
0.01641671,0.01924124,265190.7,0.05099821153846154,3820.1330597302094,24522.893898120292,0.0879147
0.01650328,0.0192899,264130.7,0.05079436538461539,3805.180332109728,24426.906625637577,0.08763914
0.01658987,0.01933853,263024.6,0.05058165384615384,3789.711366144616,24327.60542195048,0.08735182
0.01667648,0.01938711,261909.9,0.05036728846153846,3773.2243889913166,24221.769215433724,0.08705428
0.01676311,0.01943565,260795.1,0.05015290384615385,3756.233041586993,24112.695263540605,0.08674981
0.01684977,0.01948415,259699.1,0.04994213461538462,3739.7283780489333,24006.745521361572,0.0864539
0.01693645,0.01953261,258591.1,0.04972905769230769,3723.801786093693,23904.50664157119,0.08616197
0.01702315,0.01958104,257452.4,0.04951007692307692,3706.51714825909,23793.549946331015,0.08585366
0.01710988,0.01962942,256363.1,0.04930059615384615,3688.8635550955473,23680.22478584545,0.08554454
0.01719662,0.01967776,255325.9,0.049101134615384616,3673.6015753687298,23582.252305917635,0.08526894
0.01728339,0.01972606,254245.8,0.04889342307692308,3658.117851121448,23482.856363177707,0.08498519
0.01737019,0.01977432,253156.8,0.048684,3642.144541754879,23380.31758647188,0.08469685
0.017457,0.01982254,252060.4,0.048473153846153846,3626.4166571390274,23279.354285025085,0.08440958
0.01754384,0.01987072,250938.2,0.04825734615384616,3609.5960235758052,23171.376210512888,0.08410941
0.01763069,0.01991886,249842.1,0.048046557692307694,3591.915637854694,23057.87905836205,0.08379992
0.01771757,0.01996696,248796.1,0.04784540384615385,3575.3807696799754,22951.735421078203,0.08350926
0.01780447,0.02001502,247733.6,0.047641076923076925,3559.079225989018,22847.089582815923,0.08321864
0.0178914,0.02006305,246665.4,0.04743565384615384,3542.642285484908,22741.574580670822,0.08292859
0.01797834,0.02011103,245592.5,0.04722932692307692,3526.0039818278456,22634.7669515,0.082635
0.01806531,0.02015897,244524.7,0.04702398076923077,3509.8720630880885,22531.21000061827,0.08234948
0.0181523,0.02020687,243455.7,0.04681840384615385,3493.7672801537633,22427.827244841013,0.08206273
0.01823932,0.02025473,242388.9,0.04661325,3477.9106534727166,22326.037498881517,0.08178023
0.01832635,0.02030255,241320.7,0.04640782692307693,3462.022537311956,22224.04560991866,0.08149587
0.01841341,0.02035033,240255.1,0.046202903846153845,3446.2094366579518,22122.535274159352,0.08121386
0.01850048,0.02039807,239189.0,0.045997884615384614,3430.251729845962,22020.096656213576,0.08092887
0.01858759,0.02044577,238128.2,0.04579388461538462,3414.403157252463,21918.358612519758,0.08064723
0.01867471,0.02049343,237066.5,0.04558971153846154,3398.4916573879386,21816.216614626825,0.08036359
0.01876186,0.02054106,236008.8,0.04538630769230769,3382.7641293880474,21715.255602434154,0.08008382
0.01884901,0.02058863,234950.2,0.045182730769230774,3366.9995098655586,21614.05648558414,0.07980239
0.01893621,0.02063618,233895.6,0.04497992307692308,3351.4292819089246,21514.105242478214,0.07952488
0.01902341,0.02068368,232840.3,0.04477698076923077,3335.833751062494,21413.991570453687,0.07924587
0.01911065,0.02073115,231789.0,0.04457480769230769,3320.4422858727635,21315.187873859144,0.07897088
0.01919789,0.02077857,230737.0,0.0443725,3305.0534668533405,21216.401164042985,0.07869473
0.01928517,0.02082596,229689.3,0.04417101923076923,3289.9021338270086,21119.138967567014,0.07842295
0.01937246,0.0208733,228641.1,0.04396944230769231,3274.878238684515,21022.694843565252,0.07815156
0.01945979,0.02092061,227597.5,0.04376875,3260.070440607181,20927.637929201934,0.07788424
0.01954712,0.02096788,226553.5,0.04356798076923077,3245.2516352837215,20832.51035511954,0.07761571
0.01963448,0.02101511,225515.4,0.04336834615384615,3230.6137192354886,20738.543978418053,0.07735117
0.01972186,0.0210623,224476.5,0.043168557692307694,3215.970650035546,20644.54452166657,0.07708551
0.01980926,0.02110945,223443.0,0.04296980769230769,3201.6497654519776,20552.61329108402,0.07682534
0.01989668,0.02115656,222408.6,0.04277088461538461,3187.3722318916152,20460.96034728516,0.07656459
0.01998413,0.02120363,221378.1,0.04257271153846154,3173.3282192941924,20370.806463782792,0.07630785
0.02007159,0.02125066,220346.7,0.042374365384615385,3159.3136000791906,20280.841267634278,0.07605033
0.02015908,0.02129765,219319.4,0.042176807692307694,3145.4924746571405,20192.11818208252,0.07579634
0.02024659,0.0213446,218290.9,0.04197901923076923,3131.676167859366,20103.42602912133,0.07554125
0.02033412,0.02139151,217266.9,0.041782096153846156,3118.1158090122985,20016.37690386113,0.07529049
0.02042166,0.02143838,216241.9,0.04158498076923077,3104.6475932430303,19929.91928022797,0.07503984
0.02050924,0.02148522,215219.6,0.04138838461538462,3091.448764406128,19845.190954254507,0.07479323
0.02059683,0.02153201,214196.6,0.04119165384615385,3078.309472113421,19760.844816108947,0.07454621
0.02068444,0.02157877,213176.9,0.04099555769230769,3065.2507326476625,19677.01577734122,0.074301
0.02077207,0.02162548,212156.8,0.04079938461538461,3052.1771112614283,19593.091205839133,0.07405451
0.02085972,0.02167216,211143.4,0.0406045,3038.9790383160284,19508.367732222076,0.07380791
0.0209474,0.0217188,210129.6,0.04040953846153846,3025.7138338839677,19423.213315939185,0.07355967
0.02103509,0.0217654,209125.1,0.040216365384615385,3012.6510465498136,19339.358292357418,0.07331599
0.02112281,0.02181197,208119.4,0.040022961538461535,2999.5431347858585,19255.213597817354,0.07307086
0.02121054,0.02185849,207121.4,0.03983103846153846,2986.9631529396406,19174.457887157143,0.07283388
0.0212983,0.02190497,206122.2,0.03963888461538462,2974.504337210961,19094.479988106625,0.07259744
0.02138608,0.02195141,205125.9,0.03944728846153846,2962.4868973669295,19017.335449522663,0.07236695
0.02147388,0.02199781,204129.3,0.039255634615384616,2950.5898281244645,18940.963615827382,0.0721368
0.0215617,0.02204418,203135.6,0.03906453846153846,2938.7915416116903,18865.22590622184,0.07190824
0.02164954,0.0220905,202142.2,0.038873500000000005,2927.0140790331416,18789.62187340754,0.07167892
0.0217374,0.02213679,201155.9,0.038683826923076925,2915.045478095594,18712.79085042711,0.07144841
0.02182528,0.02218304,200169.9,0.03849421153846154,2902.972350707834,18635.28883222007,0.07121586
0.02191317,0.02222926,199195.6,0.03830684615384616,2891.0503201005495,18558.756761985525,0.07098744
0.02200108,0.02227543,198220.6,0.038119346153846156,2879.0163321524265,18481.505994797873,0.07075688
0.02208903,0.02232157,197256.2,0.03793388461538462,2867.450528940816,18407.26068434136,0.07053411
0.02217698,0.02236766,196291.3,0.03774832692307692,2855.9379848663757,18333.357264638256,0.07031126
0.02226498,0.02241372,195332.5,0.037563942307692305,2844.9655630042776,18262.92109581312,0.07009608
0.02235298,0.02245973,194373.7,0.03737955769230769,2834.0908685507616,18193.112276568252,0.06988109
0.022441,0.02250571,193419.9,0.03719613461538462,2823.456646198161,18124.84713963078,0.06966966
0.02252905,0.02255165,192466.8,0.03701284615384615,2812.8709654233558,18056.893609630373,0.06945793
0.02261711,0.02259755,191521.3,0.03683101923076923,2802.286950214828,17988.950771536365,0.06924724
0.02270518,0.02264341,190576.5,0.03664932692307692,2791.623023391015,17920.49495024721,0.06903478
0.02279329,0.02268924,189643.1,0.036469826923076924,2781.108205389843,17852.996315469554,0.0688261
0.0228814,0.02273502,188709.9,0.036290365384615386,2770.501269024495,17784.90633771105,0.0686156
0.02296955,0.02278078,187788.4,0.03611315384615384,2760.2401518124216,17719.036305245318,0.06841138
0.0230577,0.02282648,186867.2,0.035936,2749.94359106757,17652.938747198645,0.06820605
0.0231459,0.02287216,185955.9,0.03576075,2740.149817283237,17590.068770781552,0.06800852
0.02323409,0.02291779,185045.0,0.03558557692307692,2730.373947743104,17527.31372854973,0.06781042
0.02332232,0.02296339,184142.6,0.03541203846153846,2720.9327983485946,17466.707382839297,0.06761754
0.02341056,0.02300895,183241.2,0.03523869230769231,2711.5143617848375,17406.24683946872,0.06742421
0.02349882,0.02305446,182349.6,0.03506723076923077,2702.3094369005717,17347.15690915803,0.0672348
0.02358711,0.02309994,181459.1,0.03489598076923077,2693.0358062699647,17287.625930407048,0.06704382
0.0236754,0.02314539,180581.1,0.03472713461538462,2683.933698151227,17229.19602020366,0.06685673
0.02376372,0.02319079,179704.0,0.03455846153846154,2674.7202658749225,17170.051477692545,0.06666771
0.02385206,0.02323616,178840.8,0.03439246153846154,2665.8568481426814,17113.153812290853,0.06648511
0.02394042,0.02328149,177978.0,0.03422653846153846,2656.8818316024563,17055.539751495453,0.06630051
0.0240288,0.02332678,177128.2,0.034063115384615386,2648.3998979425237,17001.090978130447,0.06612394
0.0241172,0.02337203,176279.0,0.033899807692307694,2639.874108561949,16946.360678136047,0.0659462
0.02420562,0.02341724,175441.2,0.03373869230769231,2631.7903822326593,16894.468149793433,0.06577538
0.02429405,0.02346242,174604.5,0.033577788461538464,2623.6693075593766,16842.3358681588,0.06560343
0.02438251,0.02350756,173779.5,0.033419134615384614,2615.8956564908235,16792.433831403934,0.06543722
0.02447098,0.02355265,172955.8,0.033260730769230765,2608.05953904897,16742.130799128572,0.06526959
0.02455948,0.02359772,172144.5,0.03310471153846154,2600.4198065561977,16693.08843688596,0.06510605
0.02464799,0.02364274,171334.8,0.032949,2592.683107351458,16643.42360826533,0.06494078
0.02473653,0.02368773,170540.2,0.03279619230769231,2585.349142957851,16596.34408829444,0.06478252
0.02482508,0.02373268,169747.0,0.03264365384615384,2577.9145670904154,16548.61870482638,0.06462245
0.02491365,0.02377759,168967.6,0.03249376923076923,2570.898337032343,16503.578842971132,0.06446952
0.02500224,0.02382246,168189.2,0.03234407692307693,2563.787148273389,16457.92940492835,0.0643149
0.02509085,0.02386729,167423.3,0.03219678846153846,2557.2127043262713,16415.725536939077,0.06416857
0.02517948,0.02391209,166658.8,0.03204976923076923,2550.5936543313996,16373.235325683961,0.06402111
0.02526813,0.02395685,165906.1,0.03190501923076923,2544.389371975561,16333.407666398984,0.06388007
0.0253568,0.02400157,165155.2,0.03176061538461539,2538.135227873913,16293.259925513987,0.06373786
0.02544549,0.02404625,164416.8,0.031618615384615384,2532.157319148352,16254.885445065931,0.06360052
0.02553419,0.0240909,163680.4,0.031477,2526.0812880826707,16215.881079821149,0.06346145
0.02562292,0.02413551,162957.9,0.03133805769230769,2520.3254023513045,16178.931849814493,0.06332814
0.02571166,0.02418008,162237.2,0.03119946153846154,2514.4814167012682,16141.417072764269,0.06319333
0.02580042,0.02422461,161530.5,0.031063557692307692,2509.0152635270047,16106.327746757175,0.06306497
0.0258892,0.02426911,160825.8,0.030928038461538458,2503.488045462977,16070.84642188796,0.06293549
0.025978,0.02431357,160134.6,0.030795115384615386,2498.370011343931,16037.991805123067,0.06281271
0.02606682,0.02435799,159445.5,0.030662596153846155,2493.1956462708035,16004.775578438177,0.06268883
0.02615565,0.02440237,158770.0,0.03053269230769231,2488.3577934100394,15973.719552235883,0.06257069
0.02624451,0.02444672,158096.9,0.03040325,2483.4838751021043,15942.432008146505,0.06245182
0.02633338,0.02449103,157437.3,0.030276403846153845,2478.9653452697116,15913.425838486255,0.06233896
0.02642228,0.0245353,156780.1,0.03015001923076923,2474.4369412525803,15884.356282660949,0.06222567
0.02651119,0.02457954,156136.3,0.030026211538461536,2470.235769793835,15857.38735767332,0.06211793
0.02660012,0.02462373,155495.0,0.029902884615384616,2466.023736382032,15830.348705658336,0.06200978
0.02668907,0.02466789,154867.2,0.029782153846153847,2462.1208985849607,15805.294898447257,0.061907
0.02677803,0.02471201,154241.8,0.029661884615384614,2458.2369506626414,15780.362352560598,0.0618042
0.02686702,0.0247561,153629.5,0.029544134615384614,2454.6842840887753,15757.556428242226,0.06170695
0.02695602,0.02480014,153019.5,0.029426826923076924,2451.1937878561357,15735.149599101345,0.06161024
0.02704504,0.02484415,152421.3,0.02931178846153846,2448.172148052919,15715.75253854507,0.06152056
0.02713408,0.02488812,151825.4,0.029197192307692306,2445.2594946754502,15697.055103502658,0.06143187
0.02722314,0.02493206,151240.5,0.02908471153846154,2442.7520296436855,15680.958727285974,0.06134909
0.02731223,0.02497596,150658.1,0.02897271153846154,2440.3973364307494,15665.843051753056,0.06126786
0.02740133,0.02501982,150087.4,0.02886296153846154,2438.1809432764176,15651.61517714493,0.06118931
0.02749044,0.02506365,149519.0,0.028753653846153845,2435.9358257042963,15637.202909522548,0.06111009
0.02757957,0.02510744,148963.2,0.028646769230769233,2433.8350771269306,15623.717401645237,0.06103397
0.02766872,0.02515119,148409.5,0.02854028846153846,2431.755248157296,15610.366184723964,0.06095786
0.02775789,0.0251949,147868.2,0.02843619230769231,2429.880756438244,15598.333106079719,0.06088552
0.02784707,0.02523858,147329.1,0.02833251923076923,2428.0477250606687,15586.566177210654,0.06081348
0.02793628,0.02528222,146801.6,0.028231076923076925,2426.4262927009227,15576.157583295384,0.06074507
0.0280255,0.02532583,146276.0,0.02813,2424.8736416423258,15566.190522835594,0.06067711
0.02811474,0.0253694,145762.4,0.028031230769230767,2423.406502861915,15556.772398366293,0.06061134
0.028204,0.02541293,145250.9,0.027932865384615382,2422.0210516137026,15547.878657381436,0.06054637
0.02829327,0.02545642,144750.8,0.027836692307692305,2420.7952566300564,15540.009810968288,0.0604844
0.02838257,0.02549988,144252.7,0.02774090384615385,2419.678822135988,15532.842991327672,0.06042357
0.02847188,0.0255433,143764.6,0.027647038461538462,2418.8668358627892,15527.630541155637,0.06036727
0.02856121,0.02558668,143278.5,0.027553557692307693,2418.1501192537344,15523.029663363146,0.0603118
0.02865056,0.02563002,142801.3,0.027461788461538458,2417.629535310911,15519.687836103383,0.06025913
0.02873993,0.02567333,142326.0,0.027370384615384616,2417.142929196194,15516.564125506187,0.06020649
0.02882931,0.0257166,141860.2,0.027280807692307694,2416.7126984640686,15513.802310032575,0.06015501
0.02891871,0.02575984,141396.0,0.02719153846153846,2416.267798084707,15510.94632448764,0.06010297
0.02900813,0.02580304,140942.2,0.027104269230769234,2415.8991503194616,15508.579833611133,0.06005269
0.02909757,0.0258462,140489.8,0.02701726923076923,2415.5396564835733,15506.272105305163,0.06000216
0.02918702,0.02588933,140047.4,0.026932192307692306,2415.303646589215,15504.757067606799,0.05995388
0.02927649,0.02593242,139606.2,0.026847346153846156,2415.0809568903937,15503.327537333636,0.05990541
0.02936598,0.02597547,139174.4,0.02676430769230769,2415.024768994462,15502.966845758567,0.05985959
0.02945549,0.02601849,138743.8,0.026681499999999997,2414.946357673444,15502.463493525627,0.05981306
0.02954501,0.02606147,138322.1,0.026600403846153847,2414.965527960339,15502.58655492275,0.05976818
0.02963455,0.02610442,137901.2,0.02651946153846154,2414.9737169197856,15502.639122982686,0.05972271
0.02972411,0.02614733,137489.1,0.02644021153846154,2415.1327307141432,15503.659893292619,0.05967953
0.02981369,0.0261902,137077.7,0.026361096153846155,2415.2184704211354,15504.210289235521,0.05963499
0.02990328,0.02623303,136675.1,0.02628367307692308,2415.4386283958493,15505.62356740419,0.05959256
0.02999289,0.02627583,136273.0,0.026206346153846153,2415.541706053134,15506.285262275376,0.05954815
0.03008252,0.0263186,135879.5,0.026130673076923076,2415.7031796955907,15507.321823290238,0.05950492
0.03017217,0.02636132,135486.4,0.02605507692307692,2415.62856087353,15506.842816557337,0.05945828
0.03026183,0.02640401,135101.8,0.025981115384615384,2415.7126678765712,15507.382731549673,0.05941407
0.03035151,0.02644667,134717.6,0.02590723076923077,2415.690146411066,15507.238157656466,0.05936807
0.03044121,0.02648929,134341.7,0.02583494230769231,2415.878991052468,15508.450423572838,0.05932507
0.03053092,0.02653187,133966.2,0.02576273076923077,2415.9488096748455,15508.898615989678,0.0592801
0.03062066,0.02657441,133598.8,0.02569207692307692,2416.2288512571417,15510.696309918747,0.05923808
0.0307104,0.02661692,133231.6,0.02562146153846154,2416.3757965553395,15511.639607940093,0.0591939
0.03080017,0.0266594,132872.5,0.025552403846153846,2416.7274031317,15513.896704913199,0.0591526
0.03088995,0.02670183,132513.7,0.02548340384615385,2416.9345292211055,15515.2263264302,0.05910903
0.03097975,0.02674423,132162.8,0.025415923076923076,2417.378330718599,15518.075257832506,0.05906874
0.03106957,0.0267866,131812.3,0.02534851923076923,2417.681334835324,15520.020357044748,0.05902624
0.0311594,0.02682893,131469.3,0.02528255769230769,2418.2264338178056,15523.51955571201,0.05898702
0.03124926,0.02687122,131126.7,0.025216673076923077,2418.62751932137,15526.094276826223,0.05894557
0.03133912,0.02691348,130791.4,0.025152192307692306,2419.2718400558056,15530.23041783489,0.05890736
0.03142901,0.0269557,130456.6,0.025087807692307694,2419.7671206138507,15533.409812998576,0.0588669
0.03151891,0.02699789,130128.8,0.025024769230769232,2420.505701172406,15538.151043837783,0.05882964
0.03160883,0.02704004,129801.7,0.024961865384615384,2421.104959390157,15541.997911332111,0.05879028
0.03169876,0.02708215,129481.1,0.02490021153846154,2421.947451011733,15547.406186992388,0.05875407
0.03178871,0.02712423,129161.4,0.02483873076923077,2422.6887908289327,15552.165130567231,0.0587163
0.03187868,0.02716627,128847.8,0.024778423076923076,2423.708341530041,15558.710016118624,0.05868199
0.03196867,0.02720828,128535.4,0.024718346153846153,2424.876685996633,15566.210065709232,0.0586492
0.03205867,0.02725025,128228.1,0.02465925,2426.1477358986376,15574.369420736586,0.05861754
0.03214869,0.02729219,127921.8,0.024600346153846153,2427.44767851305,15582.71424912566,0.05858587
0.03223872,0.02733409,127620.4,0.024542384615384615,2428.76619768434,15591.178327531994,0.0585543
0.03232877,0.02737595,127319.9,0.024484596153846152,2430.1143244318473,15599.83246828401,0.05852273
0.03241884,0.02741778,127024.7,0.024427826923076924,2431.402810143744,15608.103750437811,0.05849038
0.03250893,0.02745958,126730.3,0.02437121153846154,2432.7391372914963,15616.68214505002,0.05845829
0.03259903,0.02750134,126441.2,0.024315615384615383,2434.0812042222065,15625.297385522377,0.05842634
0.03268914,0.02754306,126152.6,0.024260115384615387,2435.53396692611,15634.62322446305,0.05839532
0.03277928,0.02758475,125868.4,0.024205461538461537,2437.093885592395,15644.636938473759,0.05836551
0.03286943,0.0276264,125584.8,0.024150923076923077,2438.704456641142,15654.975809483292,0.05833598
0.03295959,0.02766802,125305.0,0.024097115384615383,2440.3979533985926,15665.847012305401,0.05830716
0.03304978,0.0277096,125025.7,0.024043403846153846,2442.110760926995,15676.84217834548,0.05827811
0.03313998,0.02775114,124749.7,0.023990326923076923,2443.808709410038,15687.741958495302,0.05824847
0.03323019,0.02779265,124474.3,0.023937365384615387,2445.493265081507,15698.55576506984,0.0582182
0.03332043,0.02783413,124202.8,0.023885153846153848,2447.024659500873,15708.386371039604,0.05818585
0.03341067,0.02787557,123931.9,0.02383305769230769,2448.538487460543,15718.10421119191,0.05815289
0.03350094,0.02791697,123665.6,0.023781846153846153,2449.893365825082,15726.801693153651,0.05811814
0.03359122,0.02795834,123400.0,0.023730769230769232,2451.2480066524026,15735.497650273213,0.05808306
0.03368151,0.02799968,123138.9,0.02368055769230769,2452.5167485398088,15743.6421892729,0.05804708
0.03377182,0.02804097,122878.4,0.023630461538461538,2453.8099608855423,15751.943813495487,0.05801109
0.03386215,0.02808224,122621.5,0.023581057692307693,2455.128370740808,15760.407190160488,0.05797532
0.0339525,0.02812347,122365.1,0.02353175,2456.473473144704,15769.04191649517,0.05793946
0.03404286,0.02816466,122111.5,0.02348298076923077,2457.782087667077,15777.442413175242,0.05790282
0.03413324,0.02820582,121858.4,0.023434307692307692,2459.0871479771527,15785.820094008404,0.0578657
0.03422363,0.02824694,121608.1,0.02338617307692308,2460.258627309815,15793.340267502243,0.05782669
0.03431404,0.02828803,121358.3,0.023338134615384615,2461.396175845831,15800.64262624643,0.05778686
0.03440446,0.02832908,121111.8,0.02329073076923077,2462.3378012425123,15806.687279491109,0.05774455
0.0344949,0.0283701,120865.7,0.023243403846153844,2463.259872170578,15812.606405129389,0.05770169
0.03458536,0.02841108,120623.0,0.023196730769230768,2464.044170057404,15817.64111296873,0.0576571
0.03467583,0.02845203,120380.5,0.023150096153846153,2464.8483048645217,15822.803161579708,0.05761235
0.03476632,0.02849294,120141.0,0.02310403846153846,2465.559984139181,15827.371702797798,0.05756637
0.03485682,0.02853382,119901.8,0.023058038461538463,2466.2833041020886,15832.01497004201,0.05752013
0.03494734,0.02857467,119665.5,0.023012596153846154,2466.828618167888,15835.515549411279,0.05747164
0.03503787,0.02861548,119429.5,0.022967211538461537,2467.3558069115015,15838.899775411204,0.05742256
0.03512842,0.02865625,119196.5,0.022922403846153846,2467.7096433953398,15841.171187012522,0.05737143
0.03521899,0.02869699,118963.8,0.022877653846153846,2468.0574136944592,15843.403657456058,0.05731987
0.03530957,0.02873769,118733.9,0.022833442307692308,2468.2740036733376,15844.794031296024,0.05726671
0.03540017,0.02877836,118504.0,0.02278923076923077,2468.5090855199096,15846.30311150101,0.05721341
0.03549078,0.028819,118276.2,0.022745423076923076,2468.670123489645,15847.336875766194,0.05715901
0.03558141,0.0288596,118048.4,0.022701615384615383,2468.82826326704,15848.352035427253,0.05710412
0.03567206,0.02890016,117822.1,0.022658096153846154,2468.8282667188078,15848.35205758547,0.05704705
0.03576272,0.02894069,117596.0,0.022614615384615386,2468.7930556043125,15848.126023986302,0.05698914
0.03585339,0.02898119,117371.9,0.02257151923076923,2468.483873887437,15846.141268398045,0.05692786
0.03594408,0.02902165,117147.9,0.022528442307692305,2468.1242630307015,15843.83278889054,0.05686561
0.03603479,0.02906208,116926.5,0.022485865384615385,2467.506012307579,15839.864001246626,0.05680043
0.03612551,0.02910247,116705.1,0.022443288461538462,2466.8554653554165,15835.687891767142,0.05673457
0.03621625,0.02914283,116485.7,0.022401096153846153,2465.9975344896156,15830.180505698383,0.05666637
0.036307,0.02918316,116266.6,0.02235896153846154,2465.1332253689975,15824.632175174633,0.05659775
0.03639777,0.02922345,116049.8,0.02231726923076923,2464.139958697214,15818.25601685139,0.05652759
0.03648855,0.0292637,115832.8,0.02227553846153846,2463.1459723100975,15811.875238400402,0.05645706
0.03657935,0.02930392,115616.9,0.02223401923076923,2461.976293254565,15804.366621573401,0.05638431
0.03667016,0.02934411,115400.9,0.022192480769230766,2460.7809211501926,15796.69307124781,0.05631086
0.03676099,0.02938426,115186.0,0.022151153846153845,2459.350967940729,15787.513655168143,0.05623456
0.03685183,0.02942438,114970.9,0.022109788461538462,2457.8635744135518,15777.9655077394,0.0561572
0.03694269,0.02946446,114757.7,0.022068788461538463,2456.010063224509,15766.067111134575,0.0560756
0.03703356,0.02950451,114544.5,0.022027788461538463,2454.0659920812564,15753.587375577996,0.05599268
0.03712445,0.02954453,114334.5,0.021987403846153847,2451.8206633058744,15739.173752161176,0.05590672
0.03721535,0.02958451,114124.4,0.021946999999999998,2449.5683801692016,15724.715486041761,0.05582042
0.03730627,0.02962446,113916.3,0.02190698076923077,2447.133995149934,15709.088238351367,0.05573231
0.0373972,0.02966437,113708.1,0.02186694230769231,2444.7134392032344,15693.54976476229,0.05564411
0.03748815,0.02970425,113500.3,0.02182698076923077,2442.247498171746,15677.719946970947,0.05555534
0.03757911,0.02974409,113292.3,0.02178698076923077,2439.777241586456,15661.86242599065,0.05546606
0.03767009,0.0297839,113083.8,0.021746884615384616,2437.111034729779,15644.747025339828,0.05537404
0.03776109,0.02982367,112875.1,0.02170675,2434.387868385168,15627.265979970027,0.05528089
0.0378521,0.02986342,112666.6,0.021666653846153846,2431.272311471766,15607.266029594917,0.0551832
0.03794312,0.02990312,112457.8,0.0216265,2428.0341537775525,15586.479057958337,0.05508371
0.03803416,0.0299428,112250.8,0.021586692307692307,2424.3954952382423,15563.121118353663,0.05497993
0.03812521,0.02998244,112043.6,0.021546846153846156,2420.6879635210175,15539.321055501443,0.05487513
0.03821626,0.03002205,111838.3,0.021507365384615385,2416.7041761893015,15513.747602294228,0.05476756
0.03830736,0.03006163,111632.8,0.021467846153846153,2412.687064705535,15487.96022862084,0.05465935
0.03839844,0.03010116,111428.5,0.02142855769230769,2408.5347672165253,15461.305044321158,0.05454987
0.03848956,0.03014067,111223.8,0.021389192307692307,2404.357587372852,15434.490130678594,0.05443973
0.03858069,0.03018014,111019.7,0.021349942307692306,2399.9739617836494,15406.349962906352,0.05432727
0.03867183,0.03021958,110815.2,0.021310615384615383,2395.539972495195,15377.886491303127,0.05421387
0.03876299,0.03025898,110611.0,0.021271346153846155,2390.8516344753816,15347.790257999011,0.05409761
0.03885416,0.03029835,110406.5,0.02123201923076923,2386.100684775719,15317.292096396137,0.05398027
0.03894534,0.03033769,110202.5,0.02119278846153846,2381.054949301912,15284.901592262522,0.05385967
0.03903654,0.03037699,109998.1,0.02115348076923077,2375.9527582363507,15252.148678112057,0.05373811
0.03912776,0.03041626,109794.1,0.02111425,2370.5914301626235,15217.732264482132,0.05361377
0.03921898,0.03045549,109589.8,0.02107496153846154,2365.1731361376046,15182.950164642463,0.05348846
0.03931022,0.0304947,109385.6,0.021035692307692307,2359.507627234249,15146.58109803051,0.05336048
0.03940148,0.03053386,109181.1,0.020996365384615384,2353.786578147434,15109.85549775736,0.05323153
0.03949275,0.030573,108976.5,0.02095701923076923,2347.827614606437,15071.602633688548,0.05310001
0.03958404,0.0306121,108771.5,0.020917596153846155,2341.813597767928,15032.996361465486,0.05296751
0.03967534,0.03065117,108566.3,0.020878134615384614,2335.563274639097,14992.873148865106,0.0528324
0.03976665,0.0306902,108360.5,0.02083855769230769,2329.254903592111,14952.377304496236,0.0526963
0.03985798,0.0307292,108154.3,0.020798903846153845,2322.7090925565485,14910.357242107735,0.05255759
0.03994932,0.03076817,107947.5,0.020759134615384617,2316.103548079291,14867.95372793105,0.05241784
0.04004068,0.0308071,107740.0,0.020719230769230768,2309.2487512680573,14823.950167775756,0.05227535
0.04013205,0.030846,107532.0,0.02067923076923077,2302.326528226125,14779.513772880018,0.05213176
0.04022344,0.03088487,107323.2,0.020639076923076923,2295.186124612544,14733.676793521514,0.05198584
0.04031483,0.0309237,107114.0,0.020598846153846155,2287.9784732933513,14687.408125443315,0.05183884
0.04040625,0.0309625,106903.7,0.020558403846153844,2280.596800011239,14640.022343886109,0.05169004
0.04049768,0.03100127,106693.0,0.020517884615384615,2273.153333408294,14592.239887389396,0.05154022
0.04058912,0.03104,106481.1,0.020477134615384616,2265.567917807289,14543.546206031155,0.05138897
0.04068057,0.0310787,106268.7,0.02043628846153846,2257.9135271817186,14494.409747632793,0.05123657
0.04077204,0.03111737,106055.2,0.02039523076923077,2250.107356175687,14444.298952972407,0.05108264
0.04086353,0.031156,105841.2,0.020354076923076923,2242.2255480945564,14393.70261502376,0.05092751
0.04095503,0.0311946,105626.2,0.020312730769230767,2234.173071565754,14342.010691091959,0.05077069
0.04104654,0.03123317,105410.8,0.020271307692307693,2226.0389475932566,14289.794641019138,0.05061263
0.04113807,0.0312717,105194.5,0.02022971153846154,2217.743544606116,14236.54327932176,0.05045308
0.04122961,0.03131021,104977.9,0.020188057692307693,2209.3767953511037,14182.833918667364,0.05029242
0.04132116,0.03134867,104760.4,0.020146230769230767,2200.870749854763,14128.230362210592,0.05013053
0.04141273,0.03138711,104542.4,0.020104307692307692,2192.312105392213,14073.289152890084,0.04996773
0.04150431,0.03142551,104323.5,0.02006221153846154,2183.64591179199,14017.657544557085,0.04980411
0.04159591,0.03146388,104104.4,0.02002007692307692,2174.98259258406,13962.044388046612,0.0496403
0.04168752,0.03150222,103884.2,0.01997773076923077,2166.244140424011,13905.948924405926,0.04947602
0.04177914,0.03154052,103663.8,0.019935346153846154,2157.4869294124264,13849.73304052891,0.04931125
0.04187078,0.03157879,103442.2,0.01989273076923077,2148.6126907936327,13792.765911721452,0.04914552
0.04196243,0.03161703,103220.4,0.01985007692307692,2139.70811373243,13735.60402885894,0.04897916
0.04205409,0.03165523,102998.0,0.019807307692307694,2130.6263969573774,13677.305018482813,0.04881132
0.04214577,0.0316934,102775.4,0.019764499999999997,2121.4983913887254,13618.708862652233,0.04864264
0.04223746,0.03173155,102553.5,0.019721826923076922,2112.176167682858,13558.865946382275,0.04847262
0.04232917,0.03176965,102331.5,0.019679134615384616,2102.818623079539,13498.7962917744,0.04830201
0.04242088,0.03180773,102110.7,0.019636673076923076,2093.3802857142086,13438.20799755383,0.04813155
0.04251261,0.03184577,101890.0,0.01959423076923077,2083.9741622124147,13377.826496433187,0.04796125
0.04260436,0.03188378,101670.1,0.01955194230769231,2074.6059917243333,13317.68863021055,0.04779237
0.04269612,0.03192175,101450.2,0.019509653846153847,2065.258857819722,13257.68580585592,0.04762345
0.0427879,0.0319597,101230.9,0.019467480769230768,2055.856051119601,13197.325596552666,0.0474547
0.04287968,0.0319976,101011.5,0.019425288461538463,2046.4226051401572,13136.768702007246,0.04728524
0.04297148,0.03203548,100793.3,0.019383326923076923,2036.8709711844015,13075.453113678703,0.04711527
0.04306329,0.03207332,100574.7,0.019341288461538462,2027.220675267142,13013.504176517563,0.04694378
0.04315512,0.03211114,100358.7,0.01929975,2017.4164965350203,12950.567406764572,0.04677156
0.04324696,0.03214892,100142.2,0.019258115384615384,2007.488473054282,12886.835630245409,0.04659758
0.04333882,0.03218667,99929.04,0.019217123076923075,1997.5308532551226,12822.913863648657,0.04642453
0.04343068,0.03222438,99715.38,0.019176034615384616,1987.4561632418747,12758.240578611623,0.04624978
0.04352256,0.03226207,99505.15,0.01913560576923077,1977.458050424856,12694.058871859634,0.04607716
0.04361445,0.03229972,99294.39,0.019095075,1967.3641864671479,12629.262501946168,0.0459031
0.04370636,0.03233733,99086.45,0.019055086538461538,1957.4174938056437,12565.410880821613,0.04573176
0.04379828,0.03237492,98877.89,0.019014978846153847,1947.3557976370562,12500.821008238792,0.04555867
0.04389022,0.03241247,98671.63,0.01897531346153846,1937.3771195380252,12436.764060368156,0.04538732
0.04398216,0.03244999,98464.68,0.018935515384615385,1927.2094774527131,12371.49408046076,0.04521331
0.04407412,0.03248748,98260.61,0.018896271153846154,1917.059224857395,12306.335730334682,0.0450403
0.04416609,0.03252493,98054.54,0.018856642307692306,1907.4427452582145,12244.603873041524,0.04487302
0.04425808,0.03256236,97847.2,0.01881676923076923,1908.9672323035775,12254.39013793805,0.04483692
0.04435008,0.03259975,97641.78,0.018777265384615386,1910.3167924631894,12263.053480310116,0.04479911
0.04444209,0.03263711,97441.64,0.018738776923076923,1900.33033381941,12198.94658614956,0.04462906
0.04453411,0.03267444,97239.31,0.018699867307692308,1889.4877475919784,12129.343881877447,0.0444484
0.04462615,0.03271173,97038.8,0.018661307692307692,1878.9081400356893,12061.429338187454,0.04427139
0.0447182,0.03274899,96837.52,0.0186226,1868.1778060480506,11992.547223937527,0.04409217
0.04481027,0.03278623,96636.8,0.018584,1857.5795941900662,11924.513252125691,0.04391475
0.04490234,0.03282342,96435.33,0.01854525576923077,1846.803912854332,11855.340035919755,0.04373475
0.04499443,0.03286059,96233.43,0.018506428846153843,1836.1131300025124,11786.711815524328,0.0435558
0.04508654,0.03289773,96030.7,0.018467442307692306,1825.2350337566504,11716.881158874465,0.04337415
0.04517866,0.03293483,95826.51,0.018428174999999998,1814.3876686375038,11647.247777070274,0.04319269
0.04527078,0.0329719,95621.35,0.018388721153846155,1803.3454518036162,11576.363567650462,0.04300841
0.04536293,0.03300894,95413.96,0.018348838461538463,1792.3130675371,11505.542477237927,0.04282394
0.04545508,0.03304594,95205.73,0.01830879423076923,1781.0873876776748,11433.48054855045,0.04263666
0.04554725,0.03308292,94994.44,0.018268161538461537,1769.8148941695927,11361.118105163341,0.04244839
0.04563942,0.03311986,94782.42,0.01822738846153846,1758.2639348642672,11286.968083413574,0.04225634
0.04573162,0.03315677,94567.06,0.018185973076923077,1746.7338438474046,11212.95202318185,0.04206406
0.04582383,0.03319365,94351.3,0.01814448076923077,1735.0565488589439,11137.991004405374,0.04186957
0.04591604,0.0332305,94131.92,0.018102292307692308,1723.409309874561,11063.222926604376,0.04167497
0.04600827,0.03326732,93912.02,0.018060003846153846,1711.6388732049895,10987.663995784613,0.04147845
0.04610052,0.0333041,93688.38,0.018016996153846155,1699.9470835551233,10912.609930237728,0.04128248
0.04619277,0.03334085,93464.3,0.017973903846153848,1688.1505441711313,10836.883436119468,0.04108481
0.04628504,0.03337757,93235.99,0.017929998076923078,1676.504101445508,10762.120469807722,0.04088852
0.04637733,0.03341426,93007.18,0.017885996153846152,1664.789287996017,10686.918605692961,0.04069098
0.04646961,0.03345091,92773.77,0.017841109615384616,1653.2692091963802,10612.966817709577,0.04049533
0.04656193,0.03348754,92540.42,0.017796234615384616,1641.7045947835693,10538.729138606834,0.04029877
0.04665423,0.03352412,92302.56,0.01775049230769231,1630.3003002211663,10465.520613886894,0.04010374
0.04674657,0.03356069,92064.89,0.01770478653846154,1618.8941204118914,10392.299987046874,0.03990838
0.04683892,0.03359722,91823.46,0.017658357692307693,1607.6115214779247,10319.872673069425,0.03971433
0.04693128,0.03363372,91582.46,0.01761201153846154,1596.4625560895072,10248.303203886253,0.0395217
0.04702365,0.03367019,91337.92,0.017564984615384614,1585.47459295469,10177.767269692744,0.03933107
0.04711603,0.03370662,91093.64,0.017518007692307692,1574.5458968447501,10107.611793179634,0.03914095
0.04720842,0.03374303,90846.12,0.01747040769230769,1563.7916566140464,10038.57621562018,0.03895316
0.04730083,0.0337794,90598.92,0.01742286923076923,1553.1301097827316,9970.135672412336,0.03876631
0.04739325,0.03381575,90348.93,0.01737479423076923,1542.6366441647906,9902.774106742027,0.03858185
0.04748568,0.03385206,90099.29,0.017326786538461536,1532.2463724586707,9836.074982225193,0.03839842
0.04757812,0.03388834,89847.87,0.017278436538461537,1521.98172419033,9770.182282559956,0.0382171
0.04767058,0.03392458,89596.85,0.017230163461538463,1511.8433355699656,9705.100091822687,0.03803716
0.04776305,0.0339608,89345.2,0.01718176923076923,1501.8412122502627,9640.892640121434,0.03785973
0.04785552,0.03399698,89094.0,0.01713346153846154,1491.9834868427583,9577.612133797367,0.03768394
0.04794802,0.03403314,88843.05,0.017085201923076925,1482.2862659979187,9515.361967594665,0.03751117
0.04804052,0.03406926,88592.65,0.017037048076923075,1472.7497281043493,9454.143286657954,0.03734027
0.04813304,0.03410535,88343.78,0.016989188461538463,1463.3700100854946,9393.931292422627,0.03717255
0.04822557,0.0341414,88095.49,0.016941440384615387,1454.1418177727173,9334.691999597138,0.03700658
0.04831811,0.03417743,87850.42,0.016894311538461538,1445.067254093597,9276.438907677215,0.03684406
0.04841066,0.03421343,87605.86,0.01684728076923077,1436.12178001202,9219.014491212938,0.03668301
0.04850322,0.03424939,87366.37,0.016801225,1427.3697796425743,9162.832056438954,0.03652625
0.04859581,0.03428533,87127.28,0.016755246153846153,1418.7386586290577,9107.425592442318,0.03637087
0.04868839,0.03432123,86894.82,0.016710542307692308,1410.353095923569,9053.595461060126,0.03622068
0.048781,0.0343571,86662.74,0.016665911538461538,1402.0766307748627,9000.465668584377,0.03607171
0.0488736,0.03439294,86438.53,0.01662279423076923,1394.070770278065,8949.072990775403,0.0359284
0.04896624,0.03442875,86214.84,0.01657977692307692,1386.1734416601184,8898.37702057007,0.03578635
0.04905887,0.03446453,86000.5,0.016538557692307693,1378.5629723030588,8849.522509577919,0.03565034
0.04915152,0.03450028,85787.02,0.01649750384615385,1371.077845269409,8801.472618856806,0.0355159
0.04924419,0.034536,85583.79,0.016458421153846152,1363.9591906674584,8755.775254714907,0.03538862
0.04933686,0.03457169,85381.26,0.016419473076923076,1357.0623949853216,8711.502087758256,0.03526413
0.04942955,0.03460735,85188.87,0.016382475,1350.4489605383437,8669.04792485094,0.03514557
0.04952225,0.03464297,84996.78,0.016345534615384617,1343.8804038716019,8626.881849564106,0.03502746
0.04961496,0.03467857,84814.82,0.01631054230769231,1337.5491459880311,8586.239085845451,0.03491452
0.04970768,0.03471413,84633.3,0.016275634615384615,1331.2901042835924,8546.059905376616,0.03480238
0.04980041,0.03474966,84461.6,0.016242615384615387,1325.2011266205413,8506.972430976033,0.03469431
0.04989315,0.03478516,84290.45,0.016209701923076924,1319.1388269092033,8468.056212541944,0.03458648
0.04998591,0.03482063,84129.09,0.016178671153846153,1313.2263630480752,8430.101847687136,0.0344823
0.05007868,0.03485607,83967.89,0.016147671153846153,1307.2844615203253,8391.958511201265,0.03437753
0.05017146,0.03489148,83816.07,0.016118475,1301.4849572382475,8354.729277049631,0.03427612
0.05026425,0.03492686,83663.65,0.01608916346153846,1295.570690562862,8316.763339241195,0.03417286
0.05035705,0.03496221,83519.36,0.016061415384615384,1289.7907222790907,8279.659514127985,0.0340725
0.05044987,0.03499753,83373.85,0.016033432692307694,1283.823168327835,8241.351504933067,0.0339692
0.05054269,0.03503281,83235.97,0.016006917307692308,1277.9716579171816,8203.788423569003,0.03386838
0.05063553,0.03506807,83097.26,0.015980242307692308,1271.7586054568499,8163.904465631965,0.0337624
0.05072839,0.0351033,82965.41,0.01595488653846154,1265.7976533761534,8125.63883636694,0.03366048
0.05082125,0.03513849,82833.27,0.015929475000000002,1259.5829365928016,8085.744194504448,0.03355489
0.0509141,0.03517365,82706.21,0.015905040384615387,1253.6401505734043,8047.595180128702,0.03345325
0.051007,0.03520878,82579.24,0.01588062307692308,1247.5055282565413,8008.214695253105,0.03334883
0.05109989,0.03524388,82455.31,0.015856790384615384,1241.6180311374596,7970.420601456036,0.03324766
0.0511928,0.03527896,82331.54,0.01583298846153846,1235.6707067155755,7932.2424533404655,0.03314548
0.05128572,0.035314,82208.82,0.015809388461538464,1229.712216570911,7893.992628183611,0.03304281
0.05137864,0.03534901,82086.14,0.015785796153846152,1223.6873146055402,7855.3164801716875,0.03293904
0.05147159,0.035384,81962.93,0.01576210192307692,1217.6407251590424,7816.501111930972,0.03283438
0.05156454,0.03541894,81839.69,0.015738401923076923,1211.5153035266455,7777.179689764822,0.03272844
0.05165752,0.03545387,81714.43,0.01571431346153846,1205.3594568632886,7737.662957698621,0.03262128
0.05175049,0.03548876,81589.06,0.015690203846153845,1199.1003599793585,7697.483423011545,0.03251248
0.05184348,0.03552362,81460.49,0.01566547884615385,1192.8037018541868,7657.062768363659,0.03240224
0.05193648,0.03555845,81331.92,0.015640753846153845,1186.3764786479207,7615.803966567387,0.03229003
0.05202949,0.03559325,81199.32,0.015615253846153847,1179.9111102360966,7574.300296120206,0.03217632
0.05212251,0.03562802,81067.31,0.015589867307692308,1173.3724076098135,7532.325865327205,0.03206154
0.05221554,0.03566276,80931.61,0.015563771153846153,1167.064615461799,7491.833737132046,0.03194909
0.05230858,0.03569747,80795.72,0.015537638461538461,1160.676574215158,7450.826459307213,0.03183531
0.05240164,0.03573215,80653.31,0.015510251923076923,1154.2318146253428,7409.455084763757,0.03171948
0.05249471,0.0357668,80510.13,0.01548271730769231,1147.647007546102,7367.184691869324,0.03160136
0.05258779,0.03580142,80359.64,0.015453776923076923,1140.8937053268903,7323.832664284357,0.03147955
0.05268088,0.03583601,80208.47,0.01542470576923077,1133.8571105299304,7278.662073388212,0.03135348
0.05277398,0.03587057,80050.77,0.015394378846153847,1126.68165868457,7232.60010603693,0.03122434
0.05286709,0.03590509,79892.71,0.015363982692307694,1119.4253349625455,7186.018991205765,0.03109376
0.05296021,0.03593959,79728.94,0.015332488461538462,1112.1475655557501,7139.300208329015,0.03096199
0.05305334,0.03597406,79565.0,0.01530096153846154,1104.7859563137465,7092.043225512342,0.03082881
0.05314648,0.0360085,79395.48,0.015268361538461537,1097.461208708473,7045.022871627778,0.03069534
0.05323964,0.03604291,79225.91,0.015235751923076924,1090.0843644183865,6997.668089215691,0.03056091
0.05333281,0.03607729,79051.1,0.015202134615384617,1082.812160539598,6950.985033589974,0.03042727
0.05342599,0.03611164,78876.75,0.01516860576923077,1075.532526310982,6904.254279709352,0.03029337
0.05351918,0.03614596,78697.54,0.015134142307692307,1068.3712979228515,6858.28361816524,0.03016054
0.05361238,0.03618025,78518.94,0.015099796153846155,1061.2850425528532,6812.794237073963,0.03002863
0.05370559,0.03621451,78336.0,0.015064615384615385,1054.3765159153743,6768.445764632222,0.02989877
0.05379881,0.03624873,78153.16,0.015029453846153847,1047.522044774472,6724.444295079235,0.02976946
0.05389204,0.03628293,77966.36,0.014993530769230769,1040.7363001598164,6680.8840073607,0.02964076
0.05398529,0.0363171,77779.4,0.014957576923076922,1033.996307584518,6637.617419466027,0.02951248
0.05407854,0.03635124,77589.35,0.014921028846153848,1027.3322670874925,6594.838396985361,0.02938511
0.05417181,0.03638535,77398.88,0.0148844,1020.5862913991632,6551.533401201816,0.02925628
0.05426508,0.03641943,77206.44,0.014847392307692308,1013.9656521715649,6509.032988054533,0.02912925
0.05435837,0.03645348,77013.74,0.014810334615384616,1007.3121546165515,6466.321644747419,0.02900148
0.05445167,0.03648751,76819.96,0.014773069230769232,1000.8340163869717,6424.735999960333,0.0288764
0.05454498,0.0365215,76625.91,0.014735751923076924,994.3277506783838,6382.96979413714,0.02875066
0.05463829,0.03655546,76431.6,0.014698384615384617,987.9876669947962,6342.270374235571,0.02862766
0.05473162,0.0365894,76237.24,0.014661007692307694,981.6401498627547,6301.5232361878325,0.02850432
0.05482496,0.0366233,76043.37,0.014623724999999999,975.5132072668099,6262.192050375463,0.02838463
0.05491832,0.03665717,75849.28,0.0145864,969.3847023285003,6222.850835290435,0.02826472
0.05501167,0.03669102,75656.13,0.01454925576923077,963.4930865680669,6185.030302360672,0.02814878
0.05510505,0.03672483,75462.63,0.014512044230769232,957.6288599665791,6147.385590908401,0.02803303
0.05519843,0.03675862,75270.22,0.014475042307692308,951.9760979080966,6111.098351164644,0.02792094
0.05529183,0.03679237,75078.22,0.014438119230769231,946.3220132644141,6074.802621241087,0.0278086
0.05538523,0.0368261,74888.17,0.014401571153846153,940.846315868114,6039.652027225609,0.02769945
0.05547865,0.03685979,74697.86,0.014364973076923077,935.3752412489101,6004.531108582815,0.0275902
0.05557208,0.03689346,74509.7,0.01432878846153846,930.0722127919946,5970.488942471241,0.02748405
0.05566551,0.0369271,74321.52,0.0142926,924.7968046872539,5936.624081954844,0.02737815
0.05575896,0.0369607,74135.7,0.014256865384615383,919.6982443949133,5903.89447512511,0.02727549
0.05585242,0.03699428,73949.87,0.014221128846153844,914.622796815182,5871.313237629678,0.027173
0.05594589,0.03702783,73766.65,0.01418589423076923,909.6970941190908,5839.693269764354,0.02707337
0.05603937,0.03706135,73583.43,0.014150659615384614,904.7936065468385,5808.2159092680195,0.0269739
0.05613286,0.03709484,73403.04,0.01411596923076923,900.0177467838937,5777.557840450053,0.02687697
0.05622636,0.0371283,73222.69,0.01408128653846154,895.2679001608916,5747.066759917781,0.02678029
0.05631987,0.03716174,73045.3,0.014047173076923077,890.6487701697126,5717.414799395939,0.02668621
0.05641339,0.03719514,72867.94,0.014013065384615385,886.0588049506788,5687.950058691232,0.02659244
0.05650692,0.03722851,72693.57,0.013979532692307693,881.5982761061146,5659.316219535776,0.02650124
0.05660046,0.03726186,72519.25,0.013946009615384615,877.1693189301097,5630.885050985287,0.02641038
0.05669401,0.03729518,72347.87,0.013913051923076921,872.8699433441183,5603.285716178116,0.02632207
0.05678757,0.03732846,72176.54,0.013880103846153844,868.6013609352503,5575.8840545419,0.02623411
0.05688115,0.03736172,72008.12,0.013847715384615383,864.4527047179467,5549.252244956739,0.02614851
0.05697473,0.03739495,71839.78,0.013815342307692307,860.3314435102611,5522.796294406772,0.02606321
0.05706832,0.03742815,71674.39,0.013783536538461538,856.3179283697842,5497.032007035231,0.02598009
0.05716193,0.03746132,71509.09,0.013751748076923077,852.3295931304343,5471.429359071021,0.02589723
0.05725554,0.03749446,71346.87,0.013720551923076921,848.4312262063618,5446.404252102176,0.02581629
0.05734916,0.03752758,71184.75,0.013689375,844.5535327984094,5421.511856333277,0.02573553
0.0574428,0.03756066,71025.83,0.013658813461538463,840.7610154810126,5397.166238438001,0.02565666
0.05753644,0.03759372,70867.02,0.013628273076923077,836.9980436803556,5373.010284504908,0.02557814
0.05763009,0.03762675,70711.39,0.01359834423076923,833.344834926561,5349.5589415133845,0.02550188
0.05772376,0.03765974,70555.86,0.013568434615384616,829.7279733422998,5326.340924892443,0.02542609
0.05781744,0.03769271,70403.35,0.01353910576923077,826.2467986985135,5303.9939345924695,0.02535291
0.05791112,0.03772565,70250.88,0.013509784615384617,822.8019253657618,5281.87997627985,0.02528019
0.05800482,0.03775856,70101.21,0.013481001923076925,819.4725088106567,5260.50717914245,0.02520966
0.05809852,0.03779144,69951.45,0.013452201923076923,816.1596653257757,5239.240770875887,0.02513924
0.05819224,0.03782429,69804.66,0.013423973076923078,812.9290111460325,5218.501967166009,0.02507052
0.05828596,0.03785711,69657.71,0.013395713461538462,809.695947582912,5197.7476967035345,0.02500159
0.0583797,0.03788991,69514.1,0.013368096153846156,806.5169457586572,5177.340469201455,0.02493398
0.05847344,0.03792268,69370.24,0.01334043076923077,803.282548270864,5156.577635766773,0.02486537
0.0585672,0.03795542,69230.04,0.01331346923076923,800.1648788970059,5136.5641247007625,0.02479915
0.05866097,0.03798813,69089.65,0.013286471153846152,797.016193438114,5116.351509532742,0.02473233
0.05875474,0.03802081,68952.94,0.01326018076923077,794.026312374361,5097.158320461052,0.02466856
0.05884851,0.03805346,68816.07,0.013233859615384617,791.0158124045046,5077.832770751981,0.02460435
0.05894232,0.03808609,68682.67,0.013208205769230768,788.1762156573557,5059.604314136729,0.02454333
0.05903611,0.03811868,68549.16,0.01318253076923077,785.3228441379381,5041.28743199453,0.02448197
0.05912994,0.03815125,68418.98,0.013157496153846152,782.6103889318161,5023.875145515737,0.02442327
0.05922376,0.03818379,68288.73,0.013132448076923077,779.88479421753,5006.378511513037,0.02436424
0.05931759,0.03821629,68161.81,0.013108040384615384,777.2792190768893,4989.652329016653,0.0243075
0.05941144,0.03824878,68034.88,0.01308363076923077,774.6612357217518,4972.846493449864,0.02425047
0.05950529,0.03828123,67911.32,0.013059869230769232,772.1395624748064,4956.658909270549,0.02419549
0.05959917,0.03831366,67787.77,0.013036109615384615,769.606588625788,4940.398782208226,0.02414024
0.05969304,0.03834605,67667.58,0.013012996153846153,767.1719739000031,4924.770059943918,0.02408721
0.05978693,0.03837842,67547.41,0.012989886538461538,764.7333464710492,4909.115578604594,0.02403404
0.05988082,0.03841076,67430.38,0.01296738076923077,762.396231378621,4894.112743744344,0.02398309
0.05997472,0.03844307,67313.41,0.012944886538461538,760.0766806461934,4879.222661222809,0.02393234
0.06006864,0.03847536,67199.28,0.012922938461538462,757.8603691588348,4864.995310866191,0.02388369
0.06016256,0.03850761,67085.15,0.012900990384615384,755.6385799389656,4850.732796851381,0.02383486
0.0602565,0.03853984,66973.59,0.012879536538461538,753.4988548469182,4836.997083832231,0.02378763
0.06035044,0.03857203,66862.0,0.012858076923076923,751.3480877202179,4823.1904877731495,0.02374014
0.06044439,0.0386042,66752.78,0.012837073076923076,749.2648480215388,4809.817376078797,0.02369394
0.06053834,0.03863634,66643.53,0.012816063461538461,747.1657339281029,4796.342360578417,0.02364739
0.06063232,0.03866845,66536.43,0.012795467307692307,745.1170971842961,4783.19137847422,0.02360181
0.06072629,0.03870054,66429.29,0.012774863461538461,743.0492207505512,4769.9168894482455,0.02355584
0.06082029,0.0387326,66324.08,0.012754630769230769,741.0318108464697,4756.96636436096,0.02351081
0.0609143,0.03876463,66218.81,0.012734386538461538,739.0036325216706,4743.94671266615,0.02346553
0.06100831,0.03879663,66115.2,0.012714461538461537,737.0259669442908,4731.251321599464,0.02342115
0.06110233,0.0388286,66011.54,0.012694526923076922,735.0365486240668,4718.480485185385,0.02337651
0.06119636,0.03886055,65909.16,0.012674838461538463,733.0979912021745,4706.036144313176,0.02333273
0.0612904,0.03889246,65806.75,0.01265514423076923,731.147836099804,4693.517353498154,0.02328868
0.06138444,0.03892435,65705.21,0.01263561730769231,729.2344075558552,4681.234324495965,0.02324519
0.0614785,0.03895621,65603.64,0.012616084615384614,727.3074585739341,4668.8645026358645,0.0232014
0.06157257,0.03898804,65502.55,0.01259664423076923,725.4055086095003,4656.655159021891,0.02315792
0.06166664,0.03901985,65401.42,0.012577196153846153,723.4890007723885,4644.352362860198,0.02311413
0.06176073,0.03905162,65300.37,0.012557763461538462,721.5875354542925,4632.146130376264,0.02307044
0.06185483,0.03908337,65199.17,0.012538301923076922,719.6777636930575,4619.8865756596815,0.02302654
0.06194893,0.03911509,65097.67,0.012518782692307691,717.7813101851555,4607.712515900547,0.02298268
0.06204305,0.03914679,64996.18,0.012499265384615385,715.8723640388936,4595.4582611219685,0.02293855
0.06213717,0.03917845,64894.09,0.012479632692307691,713.9840262270461,4583.33629911706,0.02289454
0.0622313,0.03921009,64792.23,0.012460044230769232,712.1247200426255,4571.400702222462,0.02285098
0.06232544,0.0392417,64689.45,0.012440278846153846,710.2952341825876,4559.65653338532,0.02280765
0.06241959,0.03927328,64586.68,0.012420515384615385,708.4561561286666,4547.850788590176,0.0227641
0.06251376,0.03930483,64482.74,0.012400526923076922,706.6331997607034,4536.148535057777,0.02272056
0.06260793,0.03933636,64378.8,0.012380538461538462,704.8045896853046,4524.409988216896,0.02267689
0.06270211,0.03936786,64273.26,0.012360242307692308,702.9931347696167,4512.781566901703,0.02263321
0.0627963,0.03939933,64167.45,0.01233989423076923,701.1651897803494,4501.04728950285,0.02258918
0.06289049,0.03943077,64059.52,0.01231913846153846,699.2916909624179,4489.020584670314,0.02254407
0.0629847,0.03946219,63951.47,0.012298359615384615,697.3911116280229,4476.820039654319,0.02249846
0.06307892,0.03949358,63841.21,0.012277155769230769,695.5173923206006,4464.791919415486,0.02245293
0.06317314,0.03952493,63730.84,0.01225593076923077,693.6232893266672,4452.632948503719,0.02240699
0.06326738,0.03955627,63618.01,0.012234232692307693,691.7483572261648,4440.5970428826595,0.02236098
0.06336162,0.03958757,63505.07,0.012212513461538461,689.8461412052818,4428.385991350671,0.02231445
0.06345588,0.03961885,63389.6,0.012190307692307691,687.959102668877,4416.272369891321,0.02226779
0.06355014,0.0396501,63274.02,0.012168080769230769,686.0299017085865,4403.888091721519,0.02222038
0.06364441,0.03968132,63155.88,0.012145361538461538,684.1179989871495,4391.614857557095,0.02217292
0.06373869,0.03971252,63037.63,0.012122621153846153,682.1739366182186,4379.135178326239,0.0221249
0.06383298,0.03974369,62916.82,0.012099388461538461,680.2681100334977,4366.90094920527,0.0220772
0.06392728,0.03977482,62795.9,0.012076134615384615,678.3321456863476,4354.473254270723,0.02202896
0.06402158,0.03980594,62672.38,0.012052380769230769,676.4517078472592,4342.402005209772,0.02198135
0.0641159,0.03983702,62548.76,0.012028607692307692,674.54058568605,4330.133781759726,0.02193319
0.06421023,0.03986808,62422.56,0.012004338461538462,672.68951434912,4318.251047497954,0.02188572
0.06430456,0.03989911,62296.26,0.01198005,670.8034670327287,4306.143789058645,0.02183761
0.06439889,0.03993011,62167.52,0.011955292307692307,668.9711121563429,4294.381202909228,0.02179013
0.06449325,0.03996108,62038.67,0.01193051346153846,667.1011672756437,4282.377312157852,0.02174196
0.06458761,0.03999203,61907.58,0.011905303846153846,665.2847659501931,4270.717137948221,0.02169445
0.06468198,0.04002295,61776.4,0.011880076923076924,663.4288090594276,4258.803041449461,0.02164623
0.06477637,0.04005385,61643.19,0.011854459615384616,661.6399984504303,4247.319982591985,0.02159897
0.06487075,0.04008471,61509.91,0.011828828846153846,659.8148805849323,4235.603853580936,0.02155107
0.06496516,0.04011555,61374.84,0.011802853846153845,658.0643436460288,4224.366488037312,0.02150429
0.06505955,0.04014636,61239.71,0.011776867307692307,656.2809463117509,4212.9181790588345,0.02145694
0.06515397,0.04017715,61103.06,0.011750588461538461,654.5771541483388,4201.980886091674,0.02141085
0.0652484,0.04020791,60966.35,0.011724298076923077,652.843057036258,4190.849054078577,0.02136422
0.06534283,0.04023864,60828.46,0.011697780769230769,651.1868887107603,4180.21747672549,0.02131888
0.06543728,0.04026935,60690.53,0.01167125576923077,649.5015580415748,4169.398695144462,0.02127302
0.06553173,0.04030002,60551.75,0.011644567307692307,647.9074670803144,4159.165616114042,0.02122876
0.06562619,0.04033067,60412.95,0.011617875,646.2887000291785,4148.774131833235,0.02118406
0.06572065,0.0403613,60273.67,0.011591090384615385,644.7727484066432,4139.042659077481,0.02114119
0.06581513,0.04039189,60134.36,0.0115643,643.236990033204,4129.1840392189215,0.02109796
0.06590961,0.04042246,59994.98,0.011537496153846154,641.7998962191978,4119.958784870056,0.02105654
0.06600411,0.040453,59855.59,0.011510690384615383,640.3454530875159,4110.622158621335,0.02101479
0.06609861,0.04048351,59716.59,0.011483959615384615,638.9813513871218,4101.865468542227,0.02097476
0.06619313,0.040514,59577.6,0.011457230769230768,637.605862611552,4093.035680476223,0.02093452
0.06628765,0.04054446,59439.44,0.01143066153846154,636.3160840203955,4084.7560988364066,0.020896
0.06638218,0.04057489,59301.31,0.011404098076923077,635.0221202947565,4076.4496512190813,0.02085737
0.06647671,0.0406053,59164.38,0.011377765384615384,633.825603060196,4068.7687498652235,0.02082071
0.06657126,0.04063568,59027.48,0.011351438461538462,632.6341441741813,4061.1203199836277,0.02078411
0.06666581,0.04066603,58892.07,0.011325398076923078,631.5338476583578,4054.0570961921726,0.02074937
0.06676038,0.04069635,58756.71,0.011299367307692307,630.4410158641786,4047.0417913014467,0.02071472
0.06685495,0.04072665,58623.2,0.011273692307692307,629.4291002441378,4040.5459182530185,0.0206818
0.06694953,0.04075692,58489.77,0.011248032692307692,628.4260224108443,4034.106778334906,0.020649
0.06704412,0.04078717,58358.62,0.011222811538461538,627.4893417052153,4028.09386695161,0.02061776
0.06713872,0.04081739,58227.55,0.01119760576923077,626.5659731204511,4022.1664111591067,0.02058672
0.06723332,0.04084758,58099.2,0.011172923076923077,625.7192356360127,4016.730879682643,0.02055751
0.06732794,0.04087775,57970.95,0.011148259615384615,624.8841930934034,4011.3704225067686,0.02052849
0.06742256,0.04090789,57845.77,0.011124186538461539,624.1282478078732,4006.517720849526,0.02050138
0.06751719,0.040938,57720.69,0.011100132692307692,623.403952946836,4001.868195361682,0.02047478
0.06761184,0.04096809,57598.93,0.011076717307692307,622.7713888209805,3997.8075245160426,0.02045029
0.06770649,0.04099815,57477.24,0.011053315384615384,622.173578296354,3993.9699503170873,0.02042633
0.06780114,0.04102818,57358.89,0.011030555769230769,621.6360312875162,3990.519230654482,0.0204039
0.06789579,0.04105818,57240.36,0.011007761538461539,621.1181522907946,3987.1947674773887,0.0203817
0.06799047,0.04108815,57125.52,0.010985676923076922,620.6495954455148,3984.1869220378776,0.02036087
0.06808516,0.04111811,57010.47,0.010963551923076924,620.1698669815127,3981.1073617087764,0.02033976
0.06817984,0.04114803,56899.53,0.010942217307692308,619.6794814911476,3977.959389855082,0.02031911
0.06827456,0.04117794,56788.59,0.010920882692307692,619.1869918322208,3974.797910539323,0.0202984
0.06836927,0.04120781,56682.25,0.010900432692307692,618.8176403705617,3972.4269023666334,0.02028042
0.06846398,0.04123766,56576.09,0.010880017307692306,618.4728943359005,3970.213845832317,0.02026285
0.0685587,0.04126748,56474.62,0.010860503846153847,618.262281661646,3968.8618425948416,0.02024821
0.06865343,0.04129727,56373.38,0.010841034615384614,618.1005603279785,3967.8236915554453,0.02023437
0.06874817,0.04132704,56276.76,0.010822453846153846,618.1156129946135,3967.920320374652,0.0202241
0.06884292,0.04135678,56180.26,0.010803896153846155,618.1877940154428,3968.3836779298936,0.02021472
0.06893768,0.0413865,56088.16,0.010786184615384616,618.3507698464698,3969.429882067222,0.02020742
0.06903245,0.04141619,55996.19,0.010768498076923077,618.5295555379741,3970.577575740377,0.02020035
0.06912722,0.04144585,55908.61,0.01075165576923077,618.7858367096281,3972.222742513966,0.02019512
0.069222,0.04147548,55821.18,0.010734842307692307,619.0657145810445,3974.019385520338,0.02019025
0.06931679,0.04150509,55738.17,0.010718878846153846,619.4208296886678,3976.299005096333,0.02018716
0.06941159,0.04153467,55655.23,0.010702928846153847,619.7874326166669,3978.6523693811614,0.02018422
0.0695064,0.04156423,55576.8,0.010687846153846154,620.2453310716145,3981.5917945402384,0.02018332
0.06960122,0.04159376,55498.16,0.010672723076923078,620.6928687200552,3984.464709723172,0.02018214
0.06969604,0.04162326,55423.77,0.010658417307692307,621.2134683884735,3987.8066379315364,0.02018264
0.06979087,0.04165274,55349.04,0.010644046153846154,621.7014405834673,3990.93911792005,0.02018249
0.06988571,0.04168219,55278.74,0.010630526923076923,622.2617967008298,3994.536257966323,0.02018401
0.06998056,0.04171162,55208.38,0.010616996153846153,622.6812915575174,3997.2291557529993,0.02018319
0.07007542,0.04174102,55142.56,0.010604338461538462,623.2201744365075,4000.6884508765884,0.02018482
0.07017028,0.04177039,55077.03,0.010591736538461538,623.8591237824457,4004.790110889924,0.02018804
0.07026515,0.04179973,55015.58,0.01057991923076923,624.5774910163814,4009.401584674278,0.02019298
0.07036003,0.04182906,54954.23,0.010568121153846154,625.3073345583705,4014.08672926547,0.02019804
0.07045492,0.04185835,54896.78,0.010557073076923077,626.1043738007018,4019.2032287346556,0.02020457
0.07054982,0.04188762,54839.42,0.010546042307692308,626.9059376620996,4024.3487734626224,0.02021111
0.07064472,0.04191686,54785.82,0.010535734615384615,627.7897566792645,4030.022345467627,0.02021934
0.07073963,0.04194608,54732.25,0.010525432692307692,628.6999176572382,4035.8650165851177,0.02022793
0.07083455,0.04197527,54682.31,0.010515828846153846,629.6933891330289,4042.2424896235416,0.0202382
0.07092948,0.04200444,54632.33,0.010506217307692307,630.7092648641369,4048.7637841381884,0.02024876
0.07102442,0.04203358,54585.75,0.010497259615384615,631.8185548117193,4055.8847402047645,0.02026111
0.07111936,0.04206269,54539.07,0.010488282692307692,632.974084286692,4063.302525467173,0.02027412
0.07121431,0.04209178,54495.86,0.010479973076923077,634.202194215395,4071.18623239725,0.02028857
0.07130927,0.04212084,54452.79,0.010471690384615385,635.4556167899782,4079.2324308739553,0.02030336
0.07140423,0.04214987,54412.9,0.010464019230769232,636.7473167613177,4087.524346587384,0.02031896
0.0714992,0.04217888,54373.06,0.010456357692307692,638.0784725358188,4096.069544178556,0.02033511
0.0715942,0.04220787,54336.03,0.010449236538461538,639.4138091172774,4104.641579967199,0.02035146
0.07168917,0.04223682,54299.09,0.010442132692307692,640.7646776054003,4113.313320999929,0.02036798
0.07178418,0.04226576,54264.92,0.010435561538461539,642.1863874614472,4122.43981984398,0.02038578
0.07187918,0.04229466,54230.98,0.010429034615384617,643.6217184964547,4131.653758240842,0.02040376
0.0719742,0.04232355,54199.7,0.01042301923076923,645.0948138247956,4141.110120067482,0.02042246
0.07206922,0.0423524,54168.7,0.010417057692307692,646.5523468642525,4150.466581614958,0.02044089
0.07216425,0.04238123,54139.94,0.010411526923076923,648.0451827376332,4160.0496655436655,0.02045994
0.0722593,0.04241004,54111.24,0.010406007692307692,649.545316065207,4169.679594619414,0.02047903
0.07235435,0.04243882,54084.57,0.010400878846153845,651.0997035198419,4179.657801668902,0.020499
0.0724494,0.04246757,54058.0,0.010395769230769231,652.6944358495532,4189.894997888495,0.02051954
0.07254446,0.0424963,54033.21,0.010391001923076923,654.3504171007866,4200.525374340393,0.02054106
0.07263953,0.042525,54008.53,0.01038625576923077,656.0059053226379,4211.1525858482855,0.02056251
0.07273461,0.04255368,53985.36,0.0103818,657.7074247745253,4222.075289411698,0.02058464
0.07282969,0.04258233,53962.26,0.010377357692307692,659.4031715308539,4232.960935836397,0.02060662
0.07292478,0.04261096,53940.43,0.010373159615384615,661.1583218015746,4244.2279161198485,0.02062945
0.07301988,0.04263956,53918.66,0.010368973076923077,662.9100293024895,4255.472795948331,0.02065215
0.07311499,0.04266813,53897.94,0.010364988461538462,664.7129485358416,4267.04642345687,0.02067553
0.07321011,0.04269668,53877.27,0.01036101346153846,666.5128273890108,4278.600533603194,0.02069878
0.07330523,0.0427252,53857.49,0.010357209615384616,668.3577554720083,4290.443831970452,0.02072259
0.07340036,0.0427537,53837.75,0.01035341346153846,670.1999414310181,4302.269527595985,0.02074627
0.0734955,0.04278217,53818.76,0.010349761538461538,672.0753453101399,4314.308461744283,0.02077031
0.07359064,0.04281062,53799.81,0.010346117307692308,673.9512314960507,4326.350492004162,0.02079429
0.0736858,0.04283904,53781.42,0.010342580769230768,675.863199895542,4338.624147781115,0.02081864
0.07378096,0.04286743,53763.07,0.010339051923076922,677.7754552287419,4350.899645495188,0.02084291
0.07387613,0.0428958,53745.01,0.010335578846153846,679.715987389195,4363.356662968827,0.02086738
0.0739713,0.04292415,53726.99,0.01033211346153846,681.6561188942605,4375.8111084824295,0.02089176
0.07406649,0.04295247,53708.97,0.010328648076923077,683.6181092637419,4388.405874399647,0.02091623
0.07416168,0.04298076,53690.97,0.01032518653846154,685.5759690977521,4400.974124831273,0.02094053
0.07425687,0.04300903,53672.72,0.010321676923076924,687.5483552066377,4413.63562497225,0.02096481
0.07435208,0.04303728,53654.49,0.010318171153846154,689.5167102603858,4426.271248229914,0.02098896
0.07444729,0.0430655,53635.84,0.010314584615384615,691.5126230720106,4439.0837752660345,0.02101328
0.07454251,0.04309369,53617.18,0.010310996153846154,693.5036740057604,4451.865092050207,0.02103746
0.07463773,0.04312186,53597.96,0.0103073,695.5295832208014,4464.870177462384,0.0210619
0.07473298,0.04315001,53578.74,0.010303603846153846,697.5518068024353,4477.85160338533,0.02108621
0.07482821,0.04317812,53558.84,0.010299776923076922,699.6066800816452,4491.042620193448,0.02111068
0.07492347,0.04320621,53538.94,0.01029595,701.6551801363831,4504.192724838279,0.02113495
0.07501873,0.04323428,53518.26,0.010291973076923077,703.7100159681622,4517.383501257029,0.02115895
0.075114,0.04326232,53497.57,0.01028799423076923,705.7579816788761,4530.530175743381,0.02118273
0.07520927,0.04329034,53475.98,0.010283842307692309,707.7930623370472,4543.594136153694,0.02120596
0.07530455,0.04331833,53454.36,0.010279684615384616,709.8197140192414,4556.603987746247,0.02122895
0.07539984,0.0433463,53431.69,0.010275325,711.8301314541695,4569.509625502005,0.02125137
0.07549513,0.04337424,53408.99,0.010270959615384614,713.8343035252236,4582.375171880515,0.02127362
0.07559043,0.04340216,53385.07,0.010266359615384616,715.8381833256338,4595.2388420620755,0.02129554
0.07568574,0.04343005,53361.12,0.010261753846153847,717.8366567289647,4608.067806514838,0.02131731
0.07578106,0.04345792,53335.8,0.010256884615384616,719.8434219852029,4620.949999539977,0.02133888
0.07587639,0.04348577,53310.44,0.010252007692307693,721.8471902737086,4633.812953884011,0.02136032
0.07597172,0.04351359,53283.61,0.010246848076923077,723.8557209745497,4646.706479972687,0.02138147
0.07606706,0.04354138,53256.72,0.010241676923076924,725.8575596009534,4659.557047078306,0.02140242
0.0761624,0.04356915,53228.25,0.010236201923076923,727.8545882586078,4672.376737156489,0.02142293
0.07625775,0.04359689,53199.73,0.010230717307692308,729.8447945088235,4685.1526315942765,0.02144323
0.07635312,0.04362461,53169.55,0.010224913461538462,731.8285647225888,4697.887210654686,0.02146308
0.07644848,0.0436523,53139.3,0.010219096153846155,733.8036500207936,4710.566037923345,0.0214827
0.07654386,0.04367997,53107.36,0.010212953846153847,735.7705624844549,4723.192400643984,0.02150184
0.07663924,0.04370761,53075.35,0.010206798076923077,737.7315948891091,4735.781017018909,0.0215208
0.07673463,0.04373523,53041.6,0.010200307692307693,739.6830694598358,4748.3082780055165,0.02153925
0.07683003,0.04376282,53007.79,0.01019380576923077,741.6269981744957,4760.787099258534,0.0215575
0.07692543,0.04379039,52972.24,0.01018696923076923,743.5563824799257,4773.172554390848,0.02157517
0.07702084,0.04381794,52936.62,0.010180119230769231,745.4798040641184,4785.5197325370045,0.02159265
0.07711626,0.04384546,52899.22,0.010172926923076923,747.3833933239052,4797.739599414273,0.0216095
0.07721169,0.04387295,52861.75,0.010165721153846154,749.2806738536265,4809.918968142494,0.02162617
0.07730712,0.04390042,52822.51,0.010158175,751.1603055449306,4821.9850422327645,0.02164225
0.07740256,0.04392787,52783.18,0.010150611538461538,753.0330734773894,4834.007055232158,0.02165814
0.077498,0.04395529,52742.1,0.010142711538461538,754.8888784011939,4845.920176196923,0.02167347
0.07759346,0.04398269,52700.93,0.010134794230769231,756.7391043198897,4857.797483395992,0.02168863
0.07768892,0.04401006,52658.08,0.010126553846153847,758.579600732098,4869.612333174979,0.02170337
0.07778439,0.04403741,52615.29,0.010118325000000001,760.4229714121942,4881.445633977883,0.02171807
0.07787986,0.04406473,52570.7,0.010109749999999999,762.245871074018,4893.147523491904,0.02173218
0.07797534,0.04409203,52526.1,0.010101173076923077,764.0697619510308,4904.855775994997,0.02174623
0.07807083,0.0441193,52479.61,0.010092232692307692,765.8712142067898,4916.41998641379,0.02175965
0.07816632,0.04414655,52433.11,0.010083290384615385,767.7170962105216,4928.269408362763,0.02177362
0.07826183,0.04417378,52384.75,0.010073990384615384,769.5555833796319,4940.0713600425115,0.02178719
0.07835734,0.04420098,52336.23,0.010064659615384617,771.3818819737257,4951.795068601609,0.02180048
0.07845286,0.04422815,52285.91,0.010054982692307693,773.1351810715865,4963.050165499084,0.02181245
0.07854838,0.04425531,52235.49,0.010045286538461538,774.856883472209,4974.102431122938,0.02182389
0.07864391,0.04428243,52183.49,0.010035286538461538,776.5631238850926,4985.055440339005,0.02183488
0.07873945,0.04430954,52131.44,0.010025276923076924,778.2678534130421,4995.998750607326,0.02184576
0.07883499,0.04433661,52077.89,0.010014978846153846,779.9602658150429,5006.862992537439,0.02185625
0.07893054,0.04436367,52024.35,0.010004682692307691,781.6494559235406,5017.706549334219,0.02186662
0.0790261,0.0443907,51969.37,0.009994109615384616,783.3275513492559,5028.478885122608,0.02187665
0.07912165,0.0444177,51914.45,0.009983548076923076,785.0098715297936,5039.278341226606,0.02188667
0.07921722,0.04444468,51858.19,0.009972728846153847,786.6847340788585,5050.029923944397,0.02189642
0.07931281,0.04447164,51802.02,0.009961926923076922,788.3604621260672,5060.787062625504,0.02190613
0.07940838,0.04449857,51744.55,0.009950875000000001,790.0207943649095,5071.445369729508,0.02191547
0.07950399,0.04452548,51687.18,0.009939842307692308,791.6946594933268,5082.190549623016,0.02192493
0.07959959,0.04455237,51628.61,0.009928578846153847,793.3613019092905,5092.889364165269,0.02193417
0.0796952,0.04457923,51570.15,0.009917336538461538,795.0465713974075,5103.7077530016395,0.0219436
0.07979081,0.04460607,51510.53,0.009905871153846153,796.727210412705,5114.496417063538,0.02195284
0.07988643,0.04463288,51450.99,0.009894421153846153,798.4213645724999,5125.371840002508,0.02196221
0.07998205,0.04465967,51390.41,0.009882771153846155,800.0916100966009,5136.093784272751,0.02197116
0.08007769,0.04468643,51329.87,0.009871128846153846,801.7861123449152,5146.971441724942,0.02198037
0.08017332,0.04471317,51268.38,0.009859303846153846,803.4654970946053,5157.752054176615,0.0219893
0.08026897,0.04473988,51206.93,0.009847486538461538,805.1657544113841,5168.666655612465,0.02199843
0.08036463,0.04476658,51144.6,0.0098355,806.8459984877699,5179.4527844105705,0.02200723
0.08046029,0.04479324,51082.29,0.009823517307692308,808.5447461544817,5190.357694825758,0.02201621
0.08055595,0.04481989,51019.19,0.009811382692307693,810.2323624186225,5201.191148514199,0.02202501
0.08065163,0.0448465,50956.1,0.009799249999999999,811.9373493173413,5212.136110943837,0.02203396
0.0807473,0.0448731,50892.32,0.009786984615384615,813.6380765560302,5223.053728987999,0.02204283
0.08084299,0.04489967,50828.53,0.009774717307692308,815.3530075798839,5234.062526556827,0.02205183
0.08093868,0.04492621,50764.19,0.009762344230769231,817.0736197210147,5245.1077933883835,0.02206088
0.08103438,0.04495274,50699.82,0.009749965384615384,818.8046150991696,5256.219714186144,0.02206999
0.08113009,0.04497923,50634.97,0.009737494230769231,820.531100095256,5267.302681117854,0.02207901
0.08122581,0.04500571,50570.13,0.009725025,822.2716693121499,5278.476060044933,0.02208815
0.08132152,0.04503216,50504.9,0.00971248076923077,823.9964960439423,5289.548381944467,0.02209708
0.08141722,0.04505858,50439.74,0.009699949999999999,825.7386522346791,5300.731948263073,0.02210618
0.08151292,0.04508497,50374.3,0.009687365384615385,827.4722890590182,5311.860825513266,0.02211521
0.08160865,0.04511135,50308.91,0.009674790384615385,829.2233394365121,5323.101487015402,0.0221244
0.08170442,0.04513771,50243.34,0.009662180769230769,830.9713236822946,5334.322465846421,0.0221336
0.08180021,0.04516405,50177.82,0.009649580769230769,832.7354794979783,5345.6472561642795,0.02214294
0.08189594,0.04519035,50112.34,0.009636988461538461,834.4993295226426,5356.970083492733,0.02215238
0.08199168,0.04521663,50046.88,0.0096244,836.2803909892699,5368.403397644155,0.02216197
0.08208745,0.04524289,49981.46,0.00961181923076923,838.0582098800488,5379.815896462122,0.0221716
0.08218325,0.04526913,49916.07,0.00959924423076923,839.8526368509109,5391.335008892589,0.02218139
0.08227908,0.04529536,49850.77,0.009586686538461538,841.6569362079034,5402.9174959421625,0.02219142
0.08237487,0.04532155,49785.5,0.009574134615384615,843.4782139433827,5414.608973691192,0.02220161
0.08247067,0.04534771,49720.38,0.009561611538461539,845.3193807210699,5426.428126802355,0.0222122
0.08256648,0.04537385,49655.32,0.0095491,847.1780214645365,5438.359451977184,0.02222296
0.08266229,0.04539997,49590.49,0.009536632692307692,849.0715673718626,5450.514846737139,0.0222343
0.08275811,0.04542607,49525.71,0.009524175,850.9822457169533,5462.780221161926,0.02224579
0.08285393,0.04545214,49461.3,0.009511788461538462,852.9241683592945,5475.246164670149,0.02225782
0.08294976,0.04547818,49396.94,0.009499411538461539,854.8864864912279,5487.843034619793,0.02227003
0.0830456,0.04550421,49333.1,0.009487134615384614,856.8865087604754,5500.681941834742,0.02228287
0.08314144,0.04553021,49269.26,0.009474857692307694,858.8986463551782,5513.598621953419,0.02229577
0.08323729,0.04555618,49206.02,0.009462696153846152,860.9249211565817,5526.606054204159,0.02230901
0.08333315,0.04558214,49142.71,0.009450521153846154,863.0179904845519,5540.042266045127,0.02232303
0.08342901,0.04560807,49080.18,0.009438496153846154,866.0059521865292,5559.223134000133,0.02234878
0.08352488,0.04563397,49017.71,0.009426482692307692,868.8245248523095,5577.316629003146,0.0223722
0.08362076,0.04565986,48955.93,0.009414601923076924,870.9784213635199,5591.143313777229,0.02238724
0.08371663,0.04568571,48894.1,0.009402711538461539,873.1005257509202,5604.765912759848,0.02240178
0.08381252,0.04571155,48833.08,0.009390976923076923,875.2595471725549,5618.625496292328,0.022417
0.08390842,0.04573736,48772.08,0.009379246153846154,877.4375156026671,5632.606707912446,0.02243237
0.08400432,0.04576315,48711.94,0.009367680769230769,879.6375900676866,5646.729826618014,0.02244821
0.08410022,0.04578892,48651.82,0.009356119230769231,881.8541599618766,5660.958835786828,0.02246418
0.08419613,0.04581466,48592.57,0.009344725,884.1029098995115,5675.394420951477,0.02248077
0.08429205,0.04584038,48533.33,0.009333332692307692,886.3671327649723,5689.929332752511,0.02249747
0.08438798,0.04586608,48474.99,0.009322113461538462,888.6744955490673,5704.741176176318,0.02251492
0.08448391,0.04589175,48416.64,0.009310892307692307,890.9977952914378,5719.655325025286,0.02253249
0.08457985,0.0459174,48359.22,0.00929985,893.366675076043,5734.862069582864,0.02255082
0.0846758,0.04594302,48301.72,0.009288792307692308,895.7469380214117,5750.141886999231,0.02256917
0.08477175,0.04596863,48245.1,0.009277903846153845,898.1660174839908,5765.67088247253,0.02258819
0.0848677,0.0459942,48188.38,0.009266996153846154,900.5920539002454,5781.244537289933,0.02260716
0.08496367,0.04601976,48132.62,0.009256273076923078,903.0636703653985,5797.110787858723,0.02262689
0.08505963,0.04604529,48076.83,0.009245544230769231,905.5179406513062,5812.865686674439,0.0226463
0.08515561,0.0460708,48022.08,0.009235015384615386,908.0034429220922,5828.82107553577,0.02266629
0.08525159,0.04609628,47967.4,0.0092245,910.5046243255005,5844.877114740872,0.0226864
0.08534758,0.04612175,47913.88,0.009214207692307692,913.1000623625858,5861.538223295841,0.02270787
0.08544357,0.04614719,47860.39,0.009203921153846153,915.7062917568642,5878.268605696333,0.02272937
0.08553957,0.0461726,47808.18,0.009193880769230769,918.3537629432972,5895.263734920395,0.02275156
0.08563558,0.04619799,47755.98,0.009183842307692308,921.0148940323775,5912.34655227941,0.02277382
0.08573159,0.04622336,47705.18,0.009174073076923077,923.7018530217163,5929.595168799801,0.02279661
0.08582761,0.04624871,47654.41,0.009164309615384615,926.4052503980839,5946.949309608133,0.02281949
0.08592363,0.04627404,47605.06,0.00915481923076923,929.1365441715424,5964.482528049442,0.02284297
0.08601966,0.04629934,47555.72,0.00914533076923077,931.901165797186,5982.229690709503,0.02286678
0.0861157,0.04632462,47507.64,0.009136084615384616,934.7204309395498,6000.327630984322,0.0228915
0.08621174,0.04634988,47459.59,0.00912684423076923,937.563998043072,6018.581574834327,0.02291643
0.08630778,0.04637511,47412.64,0.009117815384615384,940.4862063058245,6037.340346336581,0.02294253
0.08640384,0.04640032,47365.7,0.009108788461538462,943.4281682025546,6056.225923963796,0.02296876
0.0864999,0.0464255,47319.87,0.009099975,946.4594029677456,6075.684578247509,0.02299623
0.08659597,0.04645066,47274.06,0.009091165384615385,949.5039742517246,6095.228844741607,0.02302373
0.08669204,0.0464758,47229.55,0.00908260576923077,952.6131543325824,6115.187859791834,0.02305215
0.08678812,0.04650092,47185.05,0.009074048076923077,955.7353660375129,6135.230529816759,0.02308059
0.0868842,0.04652601,47142.1,0.009065788461538462,958.9026471807989,6155.562517788876,0.02310974
0.08698029,0.04655108,47099.21,0.009057540384615384,962.0907679868087,6176.0282835194785,0.02313903
0.08707639,0.04657613,47057.98,0.009049611538461538,965.3110330057812,6196.700395236358,0.02316892
0.08717249,0.04660116,47016.84,0.0090417,968.5635429495856,6217.57949944749,0.02319911
0.0872686,0.04662616,46977.27,0.009034090384615385,971.8596366881429,6238.738384691819,0.02323007
0.08736471,0.04665114,46937.75,0.009026490384615385,975.1613785689668,6259.933527519683,0.02326099
0.08746084,0.0466761,46899.66,0.009019165384615386,978.5365930111741,6281.600318795141,0.023293
0.08755696,0.04670104,46861.62,0.00901185,981.9334101264603,6303.405785884124,0.02332515
0.08765309,0.04672595,46824.95,0.009004798076923077,985.4191404665853,6325.782020939764,0.02335854
0.08774923,0.04675084,46788.3,0.00899775,988.9259706957675,6348.293704246164,0.02339204
0.08784538,0.0467757,46753.04,0.008990969230769232,992.508646174494,6371.29226719214,0.02342659
0.08794152,0.04680055,46717.78,0.00898418846153846,996.1150573470637,6394.443198627017,0.02346127
0.08803768,0.04682537,46683.87,0.008977667307692307,999.8072105076918,6418.144540647833,0.0234971
0.08813384,0.04685017,46649.98,0.00897115,1003.5308074079414,6442.047732048878,0.02353317
0.08823001,0.04687494,46617.5,0.008964903846153846,1007.3293678886876,6466.432143318969,0.02357026
0.08832618,0.04689969,46585.09,0.008958671153846152,1011.1476499513966,6490.9431549598885,0.02360746
0.08842236,0.04692442,46554.05,0.008952701923076924,1015.0620619878451,6516.071261636395,0.02364592
0.08851854,0.04694913,46523.08,0.008946746153846155,1018.9903592785402,6541.2885030658845,0.0236844
0.08861474,0.04697381,46493.57,0.008941071153846155,1023.0013029384312,6567.036283120905,0.02372395
0.08871093,0.04699848,46464.14,0.008935411538461538,1027.0249953947286,6592.865902571756,0.02376351
0.08880713,0.04702312,46436.35,0.008930067307692307,1031.115506552569,6619.124456801248,0.02380398
0.08890334,0.04704773,46408.6,0.008924730769230768,1035.2262103947849,6645.512635587976,0.02384453
0.08899955,0.04707233,46382.58,0.008919726923076923,1039.3854686381462,6672.212503629756,0.02388581
0.08909577,0.0470969,46356.59,0.008914728846153845,1043.576267816683,6699.114844987164,0.02392732
0.089192,0.04712145,46332.22,0.008910042307692307,1047.834011832561,6726.446930837103,0.0239698
0.08928822,0.04714598,46307.89,0.008905363461538461,1052.1214097152576,6753.969376189784,0.02401249
0.08938445,0.04717049,46284.97,0.00890095576923077,1056.4986917035403,6782.068821963641,0.02405637
0.08948069,0.04719497,46262.1,0.008896557692307691,1060.8996664713206,6810.320360742817,0.02410039
0.08957695,0.04721943,46240.47,0.008892398076923077,1065.414305670479,6839.301554941607,0.0241458
0.08967319,0.04724386,46218.9,0.00888825,1069.9401916363286,6868.354946433515,0.02419117
0.08976946,0.04726828,46198.61,0.008884348076923078,1074.5599158324787,6898.010721384131,0.02423765
0.08986573,0.04729267,46178.4,0.008880461538461538,1079.1989699939102,6927.790582768449,0.02428419
0.089962,0.04731704,46159.62,0.00887685,1083.9287611869022,6958.152919831702,0.02433181
0.09005828,0.04734139,46140.95,0.008873259615384614,1088.666357265022,6988.565359435072,0.02437935
0.09015456,0.04736571,46123.84,0.00886996923076923,1093.4758654875625,7019.439430573271,0.02442781
0.09025085,0.04739001,46106.85,0.008866701923076923,1098.292412769107,7050.358688121054,0.02447621
0.09034714,0.0474143,46091.34,0.008863719230769231,1103.2007456876975,7081.867152747087,0.02452574
0.09044344,0.04743855,46075.87,0.008860744230769232,1108.1253391386524,7113.479999944005,0.0245753
0.09053975,0.04746279,46061.78,0.008858034615384616,1113.1441016374217,7145.697354243667,0.02462598
0.09063606,0.04748701,46047.73,0.008855332692307693,1118.1773528622507,7178.007717212486,0.02467665
0.09073237,0.0475112,46035.01,0.008852886538461538,1123.3102532522812,7210.957766251675,0.0247285
0.09082869,0.04753537,46022.32,0.008850446153846154,1128.4551869457857,7243.985061664151,0.02478031
0.09092502,0.04755951,46010.93,0.008848255769230769,1133.703627154483,7277.676804950602,0.0248333
0.09102135,0.04758364,45999.58,0.008846073076923077,1138.9691653522843,7311.478306762766,0.02488631
0.09111769,0.04760774,45989.55,0.008844144230769232,1144.3441031252607,7345.982086252848,0.02494056
0.09121403,0.04763182,45979.58,0.008842226923076924,1149.7322493212987,7380.570655657896,0.02499478
0.09131038,0.04765588,45970.96,0.008840569230769231,1155.2280579000878,7415.850351038857,0.02505023
0.09140673,0.04767992,45962.41,0.008838925000000001,1160.7393805376407,7451.229637091413,0.02510566
0.09150309,0.04770393,45955.26,0.00883755,1166.3529259327388,7487.265130087041,0.02516226
0.09159946,0.04772793,45948.16,0.008836184615384615,1171.9883718756812,7523.441211068139,0.02521891
0.09169583,0.0477519,45942.46,0.008835088461538462,1177.7241556143638,7560.2613987021805,0.02527672
0.09179219,0.04777585,45936.81,0.008834001923076923,1183.4637836969487,7597.106264648772,0.02533439
0.09188857,0.04779977,45932.47,0.008833167307692309,1189.3063970934443,7634.612232679141,0.02539321
0.09198497,0.04782368,45928.18,0.008832342307692307,1195.1650619902855,7672.22124142399,0.02545203
0.09208135,0.04784756,45925.15,0.008831759615384616,1201.1416363869196,7710.587156304774,0.02551213
0.09217776,0.04787142,45922.16,0.008831184615384615,1207.1349019032912,7749.0602178613335,0.02557221
0.09227416,0.04789526,45920.44,0.008830853846153846,1213.2345165442482,7788.215975087804,0.02563344
0.09237057,0.04791908,45918.76,0.008830530769230769,1219.3490889862398,7827.467752154941,0.02569463
0.09246699,0.04794287,45918.34,0.00883045,1225.570465578466,7867.40514587551,0.02575697
0.0925634,0.04796664,45917.95,0.008830375,1231.8048742407423,7907.426197433679,0.02581925
0.09265984,0.0479904,45918.75,0.008830528846153846,1238.1540649463889,7948.18407878991,0.02588273
0.09275627,0.04801412,45919.58,0.008830688461538462,1244.5227935134196,7989.067381144371,0.02594622
0.0928527,0.04803783,45921.46,0.00883105,1251.0300684979393,8030.840065895446,0.02601113
0.09294915,0.04806151,45923.37,0.008831417307692309,1257.5504083481758,8072.696619012035,0.02607595
0.0930456,0.04808518,45926.31,0.008831982692307692,1264.2002564117024,8115.384534838716,0.02614204
0.09314205,0.04810882,45929.28,0.008832553846153847,1270.8569723841103,8158.11653839694,0.02620798
0.0932385,0.04813244,45933.42,0.00883335,1277.6297070218575,8201.593310102198,0.02627506
0.09333497,0.04815603,45937.6,0.008834153846153846,1284.4094584893817,8245.115125519136,0.02634198
0.09343144,0.04817961,45943.17,0.008835225,1291.2690788633488,8289.149649966843,0.02640972
0.09352791,0.04820317,45948.78,0.008836303846153845,1298.1395991309273,8333.254144996818,0.02647736
0.09362439,0.0482267,45955.83,0.008837659615384616,1305.0985538073728,8377.926334290756,0.02654599
0.09372087,0.04825021,45962.93,0.008839025,1312.079904452141,8422.74229186353,0.02661463
0.09381736,0.0482737,45971.31,0.008840636538461538,1319.1746722683465,8468.286317599874,0.02668447
0.09391385,0.04829717,45979.72,0.008842253846153846,1326.2947135240215,8513.992583201913,0.02675437
0.09401036,0.04832062,45989.11,0.008844059615384616,1333.5715843960008,8560.70559804032,0.02682581
0.09410686,0.04834404,45998.53,0.008845871153846153,1340.8707900614372,8607.561988452726,0.02689725
0.09420337,0.04836744,46008.73,0.008847832692307694,1348.3343420709234,8655.473380849266,0.02697018
0.09429988,0.04839082,46018.96,0.0088498,1355.8082713018036,8703.451388595384,0.02704296
0.09439641,0.04841417,46030.03,0.008851928846153845,1363.4257620798182,8752.350972771741,0.02711699
0.09449294,0.04843751,46041.13,0.00885406346153846,1371.0469010067764,8801.273975810234,0.02719081
0.09458947,0.04846083,46053.29,0.008856401923076924,1378.7755588882978,8850.887184104295,0.02726556
0.094686,0.04848412,46065.5,0.00885875,1386.5069480311245,8900.51792540837,0.02734009
0.09478254,0.04850739,46078.94,0.008861334615384615,1394.3335902212075,8950.760132421838,0.02741552
0.09487909,0.04853064,46092.39,0.008863921153846153,1402.2015379000459,9001.267495151696,0.02749113
0.09497565,0.04855388,46107.0,0.008866730769230769,1410.4346333472347,9054.118880940538,0.0275703
0.0950722,0.04857708,46121.73,0.008869563461538462,1418.5975040701799,9106.51946738948,0.02764853
0.09516876,0.04860027,46137.5,0.008872596153846155,1426.7225333294039,9158.677135022435,0.02772631
0.09526533,0.04862344,46153.27,0.008875628846153845,1434.8497940064963,9210.84912697938,0.02780388
0.0953619,0.04864658,46169.93,0.008878832692307692,1443.125858908927,9263.97635012134,0.02788275
0.09545848,0.0486697,46186.63,0.00888204423076923,1451.413050155637,9317.17499751894,0.02796147
0.09555506,0.0486928,46204.19,0.008885421153846154,1459.8317186441839,9371.217647573298,0.0280413
0.09565164,0.04871588,46221.78,0.008888803846153846,1468.2609202411686,9425.327913675736,0.02812097
0.09574823,0.04873894,46240.22,0.00889235,1476.8229658971989,9480.290956556897,0.02820175
0.09584484,0.04876197,46258.7,0.008895903846153845,1485.3984190433043,9535.340067240255,0.0282824
0.09594143,0.04878499,46277.94,0.008899603846153847,1494.1076040874161,9591.247654079896,0.02836413
0.09603805,0.04880798,46297.22,0.008903311538461538,1502.833236620308,9647.260823635097,0.02844577
0.09613467,0.04883095,46317.12,0.008907138461538462,1511.712718235106,9704.261609237412,0.02852863
0.09623129,0.0488539,46337.05,0.008910971153846155,1520.602456052838,9761.328233325567,0.02861131
0.09632791,0.04887683,46357.55,0.008914913461538462,1529.6359091810361,9819.317420909541,0.02869507
0.09642455,0.04889974,46378.07,0.008918859615384616,1538.675051353242,9877.34312864096,0.0287786
0.09652118,0.04892262,46399.19,0.008922921153846155,1547.8386423767802,9936.167721104726,0.02886303
0.09661782,0.04894549,46420.33,0.008926986538461539,1557.0065443802068,9995.019987395754,0.02894723
0.09671446,0.04896834,46442.09,0.008931171153846153,1566.2921716462838,10054.627977134094,0.02903227
0.09681111,0.04899116,46463.88,0.008935361538461539,1575.585947069256,10114.288273005202,0.02911711
0.09690777,0.04901396,46486.23,0.008939659615384616,1585.001908434113,10174.73292712819,0.02920283
0.09700442,0.04903674,46508.6,0.008943961538461538,1594.4270052109773,10235.236224951772,0.02928836
0.09710109,0.0490595,46531.42,0.008948349999999999,1603.979240456873,10296.555673191495,0.02937478
0.09719776,0.04908224,46554.26,0.008952742307692309,1613.5410610165611,10357.936653223289,0.029461
0.09729443,0.04910496,46577.46,0.008957203846153845,1623.227195854191,10420.115654109415,0.02954804
0.09739111,0.04912765,46600.67,0.008961667307692307,1632.9188330588825,10482.329976792329,0.02963483
0.09748779,0.04915033,46624.19,0.008966190384615385,1642.7232081256197,10545.268006892244,0.02972232
0.09758448,0.04917298,46647.73,0.008970717307692309,1652.5329805000613,10608.240684372784,0.02980957
0.09768118,0.04919561,46671.5,0.008975288461538462,1662.4553895933298,10671.936419993352,0.02989748
0.09777788,0.04921823,46695.29,0.008979863461538461,1672.3831981583887,10735.666816886644,0.02998517
0.09787458,0.04924082,46719.19,0.008984459615384615,1682.4251990985854,10800.130258272284,0.03007349
0.09797129,0.04926339,46743.11,0.008989059615384615,1692.4742257905655,10864.638800643374,0.03016158
0.098068,0.04928593,46767.02,0.008993657692307692,1702.637764881932,10929.882441864756,0.03025027
0.09816472,0.04930846,46790.94,0.008998257692307693,1712.803816929298,10995.142214710975,0.0303387
0.09826144,0.04933097,46814.76,0.009002838461538461,1723.076373307441,11061.085679554959,0.03042761
0.09835817,0.04935345,46838.58,0.009007419230769231,1733.349785677317,11127.034639336976,0.03051623
0.09845491,0.04937592,46862.26,0.009011973076923077,1743.7152698141695,11193.574642974609,0.03060519
0.09855164,0.04939836,46885.93,0.009016525,1754.078472267845,11260.099999616026,0.03069384
0.09864838,0.04942078,46909.46,0.00902105,1764.514271153649,11327.091380496557,0.03078266
0.09874513,0.04944318,46932.98,0.009025573076923078,1774.9473689398778,11394.065421986743,0.03087118
0.09884188,0.04946556,46956.32,0.009030061538461538,1785.4495044558698,11461.482643045672,0.03095983
0.09893864,0.04948792,46979.66,0.00903455,1795.950565493272,11528.892966615942,0.03104819
0.0990354,0.04951026,47002.7,0.009038980769230768,1806.52066863044,11596.746497807671,0.03113667
0.09913217,0.04953258,47025.75,0.009043413461538462,1817.092737148738,11664.612645531904,0.03122488
0.09922894,0.04955488,47048.33,0.009047755769230769,1827.739002022118,11732.955088012068,0.03131323
0.09932572,0.04957715,47070.91,0.009052098076923077,1838.3892081478502,11801.322830897152,0.0314013
0.0994225,0.04959941,47092.87,0.009056321153846154,1849.107713547418,11870.129012920192,0.03148938
0.09951928,0.04962164,47114.82,0.009060542307692307,1859.8225363361366,11938.911554856955,0.03157714
0.09961606,0.04964385,47136.07,0.009064628846153847,1870.587981050915,12008.019058281256,0.03166472
0.09971287,0.04966604,47157.3,0.00906871153846154,1881.3481210298733,12077.092508579228,0.03175195
0.09980966,0.04968821,47177.84,0.009072661538461538,1892.1298827006808,12146.30475677948,0.03183878
0.09990647,0.04971036,47198.36,0.009076607692307693,1902.9041952962996,12215.469186519578,0.03192526
0.1000033,0.0497325,47218.13,0.009080409615384614,1913.701338375237,12284.780173856314,0.03201135
0.1001001,0.0497546,47237.9,0.00908421153846154,1924.4943147181611,12354.064413322347,0.03209711
0.1001969,0.0497767,47256.82,0.00908785,1935.3009083092145,12423.43606710768,0.0321824
0.1002937,0.04979876,47275.73,0.009091486538461539,1946.1017499056006,12492.770796641233,0.03226735
0.1003906,0.04982081,47293.73,0.009094948076923078,1956.909660993558,12562.150907942647,0.03235173
0.1004874,0.04984284,47311.7,0.009098403846153846,1967.707491747845,12631.466309730235,0.03243575
0.1005842,0.04986485,47328.76,0.009101684615384615,1978.4775014786799,12700.603117737031,0.03251892
0.1006811,0.04988683,47345.8,0.00910496153846154,1989.235196940211,12769.660875743515,0.03260171
0.1007779,0.0499088,47361.97,0.009108071153846153,1999.9484115108976,12838.433093914182,0.03268357
0.1008748,0.04993075,47378.11,0.009111175000000001,2010.6537828693888,12907.15496350864,0.03276509
0.1009716,0.04995267,47393.32,0.0091141,2021.316301330088,12975.60174397679,0.03284571
0.1010685,0.04997457,47408.51,0.009117021153846154,2031.9741864720472,13044.018781401417,0.03292601
0.1011654,0.04999646,47422.59,0.009119728846153845,2042.605317024073,13112.264070889529,0.03300548
0.1012622,0.05001832,47436.63,0.009122428846153845,2053.23109509238,13180.475000739307,0.03308466
0.1013591,0.05004016,47449.38,0.00912488076923077,2063.826033370129,13248.487958188678,0.03316288
0.101456,0.05006198,47462.09,0.009127324999999999,2074.411130899232,13316.437744112043,0.03324075
0.1015528,0.05008377,47473.4,0.0091295,2084.9353181880133,13383.996523927153,0.03331744
0.1016497,0.05010554,47484.68,0.00913166923076923,2095.4479640001778,13451.481214593512,0.03339374
0.1017466,0.0501273,47494.56,0.00913356923076923,2105.8789240421615,13518.441533086494,0.03346871
0.1018435,0.05014905,47504.42,0.009135465384615384,2116.2964180699873,13585.315408088827,0.03354328
0.1019405,0.05017078,47512.9,0.009137096153846154,2126.596255646552,13651.434001370444,0.03361624
0.1020373,0.05019247,47521.35,0.009138721153846154,2136.874107975443,13717.411462946022,0.0336888
0.1021342,0.05021414,47528.74,0.009140142307692308,2147.026238518233,13782.581868334542,0.03376
0.1022311,0.0502358,47536.11,0.009141559615384615,2157.1515865430665,13847.580346505894,0.03383077
0.1023281,0.05025744,47542.68,0.009142823076923077,2167.197411235941,13912.068334021145,0.03390077
0.102425,0.05027906,47549.22,0.00914408076923077,2177.2693154824146,13976.723736156731,0.03397076
0.102522,0.05030066,47553.16,0.009144838461538463,2187.1391982900955,14040.082285478236,0.03403749
0.1026189,0.05032224,47557.05,0.009145586538461538,2196.963996059607,14103.151416711387,0.03410364
0.1027159,0.05034379,47559.74,0.009146103846153846,2206.673523740833,14165.480585199666,0.03416829
0.1028128,0.05036533,47562.4,0.009146615384615385,2216.3698679797326,14227.725124133862,0.0342326
0.1029098,0.05038684,47563.56,0.009146838461538461,2225.927115863031,14289.076750408552,0.0342953
0.1030067,0.05040834,47564.68,0.009147053846153845,2235.47432340265,14350.36392388045,0.03435768
0.1031037,0.05042981,47564.19,0.009146959615384616,2244.837490901752,14410.469674005033,0.03441803
0.1032006,0.05045127,47563.65,0.00914685576923077,2254.1820718632666,14470.45611004237,0.03447804
0.1032976,0.0504727,47561.49,0.009146440384615383,2263.34869091044,14529.30014054695,0.03453605
0.1033946,0.05049411,47559.29,0.009146017307692308,2272.4989030514676,14588.038848851407,0.03459372
0.1034915,0.05051551,47555.41,0.009145271153846155,2281.460473466725,14645.566593832473,0.03464932
0.1035885,0.05053688,47551.48,0.009144515384615385,2290.405624257423,14702.988934969057,0.03470458
0.1036855,0.05055823,47545.84,0.009143430769230769,2299.1429527668397,14759.077185466955,0.03475761
0.1037825,0.05057957,47540.16,0.009142338461538462,2307.859356708879,14815.031113170951,0.03481027
0.1038795,0.05060088,47532.83,0.009140928846153846,2316.325013365103,14869.37539822922,0.03486043
0.1039765,0.05062217,47525.46,0.009139511538461539,2324.764221658534,14923.549901140006,0.03491019
0.1040735,0.05064345,47516.56,0.0091378,2332.937454821864,14976.017008053577,0.03495742
0.1041705,0.0506647,47507.61,0.009136078846153846,2341.0870840692482,15028.33259241093,0.0350043
0.1042675,0.05068593,47497.2,0.009134076923076922,2348.9931138406528,15079.084418645281,0.03504885
0.1043645,0.05070715,47486.75,0.009132067307692308,2356.885175211937,15129.746576381518,0.03509313
0.1044615,0.05072834,47474.67,0.00912974423076923,2364.545466995885,15178.920916570512,0.03513514
0.1045585,0.05074951,47462.54,0.00912741153846154,2372.1850048971382,15227.962029655808,0.03517682
0.1046556,0.05077066,47448.7,0.00912475,2379.5563754899877,15275.281674313665,0.03521592
0.1047526,0.05079179,47434.81,0.009122078846153845,2386.9018031711435,15322.434781507794,0.03525468
0.1048496,0.0508129,47419.27,0.009119090384615385,2393.9629778813082,15367.763160259527,0.03529079
0.1049467,0.050834,47403.66,0.009116088461538462,2401.0013106748506,15412.944908019877,0.03532657
0.1050438,0.05085507,47386.43,0.009112775,2407.7443195989586,15456.230859010195,0.03535965
0.1051408,0.05087612,47369.14,0.00910945,2414.4640634432426,15499.367462562837,0.03539242
0.1052379,0.05089715,47350.15,0.009105798076923077,2420.9137845468326,15540.770686959157,0.03542268
0.1053349,0.05091816,47331.09,0.009102132692307691,2427.344450139023,15582.051586746116,0.03545266
0.105432,0.05093915,47310.21,0.009098117307692307,2433.494929786932,15621.533865889262,0.03548001
0.105529,0.05096012,47289.27,0.009094090384615384,2439.620228570241,15660.854499440173,0.03550703
0.1056261,0.05098107,47266.52,0.009089715384615385,2445.436677858485,15698.19251006158,0.03553122
0.1057232,0.051002,47243.7,0.009085326923076922,2451.2231214180174,15735.337902444298,0.03555506
0.1058203,0.05102292,47219.21,0.009080617307692308,2456.661932266672,15770.251707614982,0.03557588
0.1059174,0.05104381,47194.66,0.009075896153846155,2462.0728201477,15804.986264586261,0.03559637
0.1060145,0.05106468,47168.55,0.009070875,2467.1470061410623,15837.559403476704,0.03561399
0.1061115,0.05108553,47142.37,0.009065840384615385,2472.192036162884,15869.94537904445,0.0356313
0.1062086,0.05110637,47114.65,0.009060509615384616,2476.902015433284,15900.180535805854,0.03564575
0.1063057,0.05112718,47086.87,0.009055167307692309,2481.5828996147056,15930.228920072997,0.03565989
0.1064028,0.05114797,47057.55,0.009049528846153846,2485.928863417387,15958.12732244586,0.03567121
0.1065,0.05116875,47028.17,0.009043878846153847,2490.247541858341,15985.850569655235,0.03568222
0.1065971,0.0511895,46997.24,0.009037930769230769,2494.2299807171667,16011.415366499677,0.0356904
0.1066942,0.05121024,46966.23,0.009031967307692308,2498.1806184749444,16036.776019924333,0.03569827
0.1067913,0.05123095,46933.83,0.009025736538461539,2501.7949859864148,16059.978026138971,0.03570342
0.1068884,0.05125164,46901.57,0.009019532692307692,2505.387146471783,16083.037476967085,0.03570841
0.1069856,0.05127232,46867.74,0.009013026923076923,2508.630426900255,16103.857333392423,0.03571054
0.1070827,0.05129298,46833.87,0.009006513461538463,2511.8515293649207,16124.534820993222,0.03571244
0.1071798,0.05131361,46798.49,0.008999709615384615,2514.748006560946,16143.128414945542,0.03571166
0.107277,0.05133423,46763.01,0.00899288653846154,2517.695315738795,16162.048318813615,0.03571114
0.1073741,0.05135482,46725.94,0.008985757692307693,2520.1708098036074,16177.939461176366,0.03570687
0.1074713,0.0513754,46688.74,0.008978603846153847,2522.5453916076385,16193.18280917555,0.0357018
0.1075684,0.05139596,46650.32,0.008971215384615384,2524.5421749097827,16206.000924222955,0.03569381
0.1076656,0.0514165,46611.93,0.008963832692307692,2526.5161970526406,16218.67292669118,0.03568562
0.1077628,0.05143701,46572.31,0.008956213461538461,2528.158777665894,16229.217279327098,0.03567483
0.1078599,0.05145751,46532.71,0.008948598076923078,2529.774534912074,16239.589442519757,0.03566382
0.1079571,0.05147799,46491.82,0.008940734615384615,2531.059566382785,16247.838550579414,0.03565017
0.1080543,0.05149845,46450.94,0.008932873076923078,2532.3096239393585,16255.863147719643,0.03563625
0.1081515,0.05151889,46408.79,0.008924767307692308,2533.211181078458,16261.650587507615,0.03561959
0.1082486,0.05153931,46366.6,0.008916653846153847,2534.076244468216,16267.203759973203,0.03560263
0.1083458,0.05155971,46323.14,0.008908296153846154,2534.599142275486,16270.560440813046,0.03558299
0.108443,0.05158009,46279.64,0.00889993076923077,2535.075972683041,16273.62139741038,0.03556299
0.1085402,0.05160045,46234.9,0.008891326923076924,2535.219968278235,16274.545760160974,0.03554039
0.1086374,0.0516208,46190.1,0.008882711538461539,2535.316475170155,16275.165274778396,0.03551743
0.1087346,0.05164112,46144.04,0.008873853846153846,2535.095199904958,16273.744824295163,0.03549195
0.1088319,0.05166142,46097.91,0.008864982692307692,2534.828385364104,16272.032039799562,0.03546613
0.1089291,0.0516817,46050.53,0.008855871153846154,2534.2550225294776,16268.351404664914,0.03543788
0.1090263,0.05170197,46003.09,0.008846748076923077,2533.642448816527,16264.419059918651,0.03540931
0.1091235,0.05172221,45954.49,0.008837401923076922,2532.684966832568,16258.272617180959,0.0353781
0.1092207,0.05174244,45905.82,0.008828042307692307,2531.684535214939,16251.850464332394,0.03534656
0.109318,0.05176264,45856.06,0.008818473076923076,2530.3579718230503,16243.3347470001,0.03531253
0.1094152,0.05178283,45806.23,0.008808890384615384,2528.992013498273,16234.566138539605,0.0352782
0.1095124,0.05180299,45755.32,0.0087991,2527.3082525369164,16223.757433512965,0.03524144
0.1096096,0.05182313,45704.33,0.008789294230769231,2525.5819790871037,16212.675824577624,0.03520436
0.1097068,0.05184325,45652.26,0.00877928076923077,2523.5379884254526,16199.55466745019,0.03516484
0.1098041,0.05186336,45600.11,0.008769251923076923,2521.449995558664,16186.151043353413,0.035125
0.1099014,0.05188346,45546.95,0.008759028846153845,2519.0332945858186,16170.637316314607,0.03508265
0.1099987,0.05190354,45493.72,0.008748792307692307,2516.567536120405,16154.808670484663,0.03503994
0.1100959,0.05192358,45439.65,0.008738394230769232,2513.7756722553167,16136.886629479532,0.03499486
0.1101931,0.05194361,45385.52,0.008727984615384614,2510.9408338965477,16118.688718777612,0.03494946
0.1102904,0.05196362,45330.53,0.008717409615384615,2507.8020983503116,16098.539975901089,0.03490181
0.1103877,0.05198362,45275.47,0.008706821153846155,2504.6220023497176,16078.125724462972,0.03485385
0.110485,0.05200361,45219.52,0.008696061538461537,2501.1700771684095,16055.966497639745,0.03480386
0.1105823,0.05202356,45163.5,0.008685288461538461,2497.6789382567604,16033.555542896713,0.0347536
0.1106796,0.0520435,45106.5,0.008674326923076923,2493.929362947497,16009.485586161076,0.03470134
0.1107769,0.05206341,45049.44,0.008663353846153847,2490.1361547498213,15985.135533241284,0.03464876
0.1108742,0.05208331,44991.34,0.008652180769230768,2486.079834126543,15959.096461118379,0.03459414
0.1109715,0.05210319,44933.19,0.008640998076923078,2481.9766364220964,15932.756467098312,0.03453917
0.1110688,0.05212305,44874.05,0.008629625,2477.6024411160497,15904.67683591724,0.03448213
0.1111661,0.05214289,44814.86,0.008618242307692307,2473.178127117036,15876.275473694157,0.03442471
0.1112634,0.05216271,44754.78,0.008606688461538461,2468.4760226775024,15846.090868481293,0.0343652
0.1113607,0.05218251,44694.65,0.008595125,2463.7234248329437,15815.582126806525,0.03430533
0.111458,0.05220229,44633.73,0.008583409615384617,2458.7087636016026,15783.3911001097,0.03424353
0.1115553,0.05222206,44572.75,0.008571682692307693,2453.646727974543,15750.89595906358,0.03418137
0.1116527,0.0522418,44511.0,0.008559807692307693,2448.3402306692496,15716.831525088717,0.03411741
0.11175,0.05226153,44449.19,0.008547921153846155,2442.989563232786,15682.483546163137,0.03405312
0.1118473,0.05228123,44386.57,0.008535878846153847,2437.4213177860784,15646.738850846701,0.0339872
0.1119447,0.05230092,44323.88,0.008523823076923077,2431.813702096753,15610.741422898345,0.03392099
0.112042,0.05232059,44260.23,0.008511582692307692,2426.030612021213,15573.617557810843,0.03385337
0.1121394,0.05234024,44196.5,0.008499326923076924,2420.204367224799,15536.216666079332,0.03378541
0.1122367,0.05235987,44131.71,0.008486867307692308,2414.196569191861,15497.65031474562,0.03371595
0.1123341,0.05237948,44066.85,0.00847439423076923,2408.1361404690742,15458.746106902005,0.03364609
0.1124314,0.05239907,44000.98,0.008461726923076923,2401.8751807478434,15418.55461395045,0.03357462
0.1125288,0.05241865,43935.06,0.00844905,2395.556881677712,15377.995037807212,0.0335027
0.1126261,0.0524382,43868.38,0.008436226923076922,2388.9900811689577,15335.840235969583,0.03342893
0.1127235,0.05245774,43801.65,0.00842339423076923,2382.3627809978334,15293.29706368046,0.0333547
0.1128209,0.05247726,43734.45,0.008410471153846154,2375.5078735570014,15249.2927933515,0.0332789
0.1129182,0.05249676,43667.2,0.008397538461538461,2368.6063734248305,15204.98942673237,0.03320275
0.1130156,0.05251624,43599.51,0.008384521153846154,2361.5360479368023,15159.602305640745,0.03312545
0.113113,0.0525357,43531.77,0.00837149423076923,2354.4288187318693,15113.97828548829,0.03304788
0.1132104,0.05255514,43463.37,0.008358340384615385,2347.2262156218903,15067.742023794106,0.03296957
0.1133078,0.05257457,43394.91,0.008345175,2339.9959917878145,15021.328454117238,0.03289104
0.1134052,0.05259397,43325.54,0.008331834615384616,2332.672092794728,14974.313547798583,0.03281168
0.1135026,0.05261335,43256.1,0.008318480769230769,2325.309881482038,14927.052700060103,0.032732
0.1136,0.05263272,43185.7,0.008304942307692307,2317.8331840375445,14879.056922092985,0.03265131
0.1136974,0.05265206,43115.23,0.008291390384615386,2310.310280573681,14830.764530030823,0.03257025
0.1137948,0.05267139,43043.92,0.008277676923076923,2302.6522034032164,14781.604406292046,0.03248807
0.1138922,0.0526907,42972.55,0.008263951923076924,2294.9474014094917,14732.144338057806,0.03240552
0.1139896,0.05270999,42900.33,0.008250063461538462,2287.1443088978044,14682.053305428999,0.03232215
0.114087,0.05272926,42828.05,0.008236163461538461,2279.3225686694973,14631.842565981358,0.03223862
0.1141845,0.05274852,42754.45,0.008222009615384615,2271.541443896515,14581.892552661835,0.03215512
0.1142819,0.05276775,42680.77,0.008207840384615384,2263.734209491271,14531.774931635548,0.03207141
0.1143793,0.05278697,42605.28,0.008193323076923076,2256.0501000542868,14482.44769683027,0.03198811
0.1144767,0.05280617,42529.76,0.0081788,2248.209685571568,14432.117080207569,0.03190365
0.1145742,0.05282534,42454.93,0.008164409615384616,2239.9828936168315,14379.30615894553,0.03181651
0.1146716,0.0528445,42380.19,0.008150036538461539,2231.3332873825802,14323.78103125324,0.03172632
0.1147691,0.05286365,42315.13,0.008137525,2220.6807159091913,14255.398104297676,0.03162392
0.1148665,0.05288277,42250.3,0.008125057692307694,2209.6253740768016,14184.429640497023,0.03151858
0.114964,0.05290188,42205.09,0.008116363461538462,2195.2575674548502,14092.197199419772,0.03139774
0.1150614,0.05292096,42160.04,0.0081077,2181.152442856642,14001.65101463163,0.03127859
0.1151589,0.05294003,42125.68,0.008101092307692308,2165.4003559170833,13900.532349220524,0.03114752
0.1152563,0.05295908,42090.65,0.00809435576923077,2149.382600103228,13797.70825378524,0.0310151
0.1153538,0.05297811,42120.23,0.00810004423076923,2127.6666801352562,13658.305465204821,0.03106639
0.1154513,0.05299712,42148.36,0.008105453846153847,2108.5176861633818,13535.38075549296,0.03113427
0.1155488,0.05301611,42067.27,0.008089859615384614,2099.914965857688,13480.156606492603,0.03119569
0.1156462,0.05303509,41986.42,0.008074311538461538,2090.1548395336185,13417.502625980647,0.03124766
0.1157437,0.05305404,41864.48,0.008050861538461539,2085.634420550676,13388.48432914112,0.03119661
0.1158412,0.05307298,41743.16,0.008027530769230769,2080.510123556633,13355.58950858839,0.03114056
0.1159387,0.0530919,41621.97,0.008004225,2076.5147450453146,13329.94164716997,0.03102442
0.1160362,0.0531108,41501.13,0.007980986538461538,2071.8498493981087,13299.995899413656,0.03090311
0.1161337,0.05312968,41402.13,0.007961948076923077,2064.8004377570423,13254.74303229749,0.0307568
0.1162312,0.05314854,41303.36,0.007942953846153846,2057.2964155731574,13206.571846386614,0.03060723
0.1163287,0.05316739,41234.83,0.007929775,2045.8299393130314,13132.964153587493,0.03044866
0.1164262,0.05318621,41166.4,0.007916615384615385,2034.7040565296543,13061.542860466632,0.03029279
0.1165237,0.05320502,41114.09,0.007906555769230768,2021.5707418513296,12977.235094912014,0.03013439
0.1166212,0.05322381,41061.1,0.007896365384615384,2008.0485038976224,12890.430682233437,0.02997406
0.1167187,0.05324258,41074.6,0.007898961538461539,1989.1530201842097,12769.133351744533,0.03000948
0.1168162,0.05326134,41086.94,0.007901334615384616,1972.800175275901,12664.158191364337,0.0300625
0.1169138,0.05328007,40993.8,0.007883423076923078,1965.9719582949972,12620.325257296885,0.03011016
0.1170113,0.05329879,40900.91,0.007865559615384616,1958.0272669995477,12569.325247965957,0.03014862
0.1171088,0.05331749,40770.35,0.007840451923076922,1954.197243904242,12544.738866150197,0.03008372
0.1172064,0.05333617,40640.33,0.007815448076923076,1949.7248489209571,12516.028853715885,0.03001348
0.1173039,0.05335483,40513.36,0.007791030769230769,1945.947120735421,12491.778172909395,0.02988522
0.1174014,0.05337347,40386.7,0.007766673076923076,1941.4766928081365,12463.08078775922,0.02975153
0.117499,0.0533921,40283.17,0.007746763461538461,1934.699488085244,12419.57532086926,0.02959644
0.1175965,0.05341071,40179.87,0.0077268980769230776,1927.4523019652497,12373.05286379728,0.02943792
0.1176941,0.05342929,40107.86,0.00771305,1916.516018688322,12302.84868235999,0.02927378
0.1177916,0.05344785,40035.96,0.007699223076923077,1906.0249886083325,12235.502751338483,0.02911325
0.1178891,0.0534664,39980.45,0.007688548076923076,1893.846397412672,12157.323720647639,0.02895386
0.1179867,0.05348493,39934.01,0.007679617307692308,1881.028588063146,12075.04130436265,0.02879401
0.1180843,0.05350345,39930.16,0.007678876923076923,1863.8214048792265,11964.581820122963,0.02882661
0.1181819,0.05352196,39935.0,0.007679807692307692,1849.2377708539668,11870.963900469736,0.02888152
0.1182794,0.05354043,39833.9,0.007660365384615385,1843.4367160278816,11833.72471278361,0.02892615
0.118377,0.05355889,39732.62,0.007640888461538462,1838.146451442975,11799.76448284392,0.02897438
0.1184745,0.05357733,39584.17,0.007612340384615384,1838.6745430087692,11803.154504404421,0.02893843
0.1185721,0.05359576,39435.94,0.007583834615384616,1839.3942202313208,11807.774387506286,0.02890345
0.1186698,0.05361417,39290.68,0.0075559,1868.3100204233501,11993.395958535664,0.02902499
0.1187674,0.05363256,39264.01,0.007550771153846154,1782.972896959579,11445.584353140786,0.02827133
0.118865,0.05365093,40209.6,0.007732615384615385,1568.932042504323,10071.574316945882,0.02624016
0.1189626,0.05366929,42797.8,0.008230346153846154,-447.8050430794466,-2874.6316912992565,0.01397014
0.1190602,0.05368762,82705.66,0.015904934615384617,-18478.793844180458,-118622.43898857255,0.1135732
0.1191578,0.05370593,180837.8,0.034776499999999995,-34201.783347920056,-219554.31684015074,0.243687
0.1192554,0.05372423,331669.9,0.06378267307692308,-23375.74411736935,-150057.8340641209,0.3682602
0.119353,0.05374251,353389.4,0.0679595,-16916.928842171226,-108596.23070509335,0.3596874
0.1194506,0.05376077,372084.2,0.07155465384615385,-14284.784976774292,-91699.49341179189,0.3991893
0.1195482,0.05377902,397994.8,0.07653746153846154,-12956.17482532989,-83170.6371477806,0.4424232
0.1196458,0.05379724,425491.8,0.08182534615384615,-12251.227170964688,-78645.30877271412,0.4971296
0.1197435,0.05381545,446698.0,0.08590346153846154,-11230.88294316194,-72095.32927023747,0.5443098
0.1198411,0.05383364,457056.2,0.08789542307692308,-10207.604522656495,-65526.51406355895,0.5802622
0.1199387,0.05385181,459332.0,0.08833307692307692,-9106.91939874334,-58460.79564827737,0.603376
0.1200364,0.05386997,452092.4,0.08694084615384616,-8163.021253219778,-52401.55276029757,0.6129342
0.120134,0.0538881,440277.7,0.08466878846153847,-7361.53064460073,-47256.47826990983,0.6209862
0.1202316,0.05390622,423988.2,0.08153619230769231,-6559.660720124152,-42108.96880608461,0.6187627
0.1203293,0.05392432,406752.1,0.0782215576923077,-5846.504525173248,-37530.94667226833,0.6160514
0.1204269,0.0539424,391506.4,0.07528969230769231,-5183.807390761268,-33276.840529975714,0.6115085
0.1205246,0.05396046,380214.9,0.07311825000000001,-4642.3290851401825,-29800.884371051343,0.6105937
0.1206222,0.05397851,374193.0,0.07196019230769231,-4193.130743272931,-26917.308562411803,0.6120786
0.1207199,0.05399654,371193.3,0.07138332692307692,-3811.9188394008115,-24470.163678925303,0.6145244
0.1208176,0.05401455,369005.7,0.07096263461538461,-3477.4503471279645,-22323.08261655766,0.6141439
0.1209152,0.05403254,365413.8,0.07027188461538461,-3141.7193113645812,-20167.89680506843,0.608324
0.1210129,0.05405051,360355.8,0.06929919230769231,-2831.551324400287,-18176.80997223017,0.597145
0.1211106,0.05406847,353603.1,0.06800059615384615,-2521.763797141117,-16188.1654556242,0.5811254
0.1212082,0.05408641,344886.1,0.06632425,-2229.4427853516227,-14311.645176298849,0.560034
0.1213059,0.05410433,334668.0,0.06435923076923077,-1946.4189519764773,-12494.807037946639,0.5357359
0.1214036,0.05412223,322784.9,0.06207401923076924,-1679.0405337935833,-10778.402798297087,0.5080835
0.1215013,0.05414012,309856.6,0.05958780769230769,-1428.4202495193113,-9169.575423993856,0.4787421
0.121599,0.05415799,295799.0,0.056884423076923075,-1196.729025749017,-7682.260922428868,0.4486095
0.1216966,0.05417584,281355.3,0.054106788461538456,-991.739839166072,-6366.357001220803,0.4189982
0.1217943,0.05419367,266507.9,0.05125151923076923,-811.4221565125517,-5208.82889145923,0.3919335
0.121892,0.05421149,251890.8,0.04844053846153846,-666.4806495499006,-4278.393971757826,0.3687016
0.1219897,0.05422928,237653.4,0.04570257692307692,-554.3432721052627,-3558.541294876845,0.3528722
0.1220874,0.05424706,224432.6,0.04316011538461539,-480.99087085619806,-3087.664201100903,0.3463188
0.1221851,0.05426483,212543.0,0.040873653846153844,-438.43210188437064,-2814.4632000853926,0.3502381
0.1222829,0.05428257,202318.5,0.03890740384615385,-420.50327919904055,-2699.3712361259977,0.3643082
0.1223806,0.0543003,193700.5,0.037250096153846154,-416.85126296307755,-2675.9275483621327,0.3831796
0.1224783,0.054318,186478.8,0.03586130769230769,-420.04574508841745,-2696.4341498323665,0.4068798
0.122576,0.05433569,180443.8,0.03470073076923077,-432.6853041755843,-2777.5723095684843,0.4328982
0.1226737,0.05435337,175573.9,0.033764211538461535,-451.1682649533215,-2896.2214976958685,0.4640505
0.1227715,0.05437102,171805.3,0.033039480769230765,-471.39572978869734,-3026.0693239966918,0.4965049
0.1228692,0.05438866,168997.5,0.03249951923076923,-489.40449255169733,-3141.674453862157,0.5301036
0.1229669,0.05440628,167010.7,0.03211744230769231,-503.8250370088249,-3234.2454392561162,0.5645057
0.1230646,0.05442388,165828.7,0.03189013461538462,-516.7670802527865,-3317.325360382992,0.5998249
0.1231624,0.05444147,165562.2,0.031838884615384616,-526.9197758830571,-3382.4993932839866,0.6361725
0.1232601,0.05445903,166287.4,0.031978346153846156,-546.4619310121969,-3507.947954703035,0.6795925
0.1233579,0.05447658,168127.7,0.03233225,-566.2299835072905,-3634.8466376363176,0.7249208
0.1234556,0.05449411,170557.4,0.0327995,-581.0802825746066,-3730.176382095236,0.7681895
0.1235534,0.05451163,173410.0,0.033348076923076925,-587.3457129276158,-3770.3965737405383,0.8051763
0.1236511,0.05452912,176153.8,0.03387573076923077,-583.0058011214223,-3742.5370214457826,0.8346398
0.1237489,0.0545466,178827.7,0.03438994230769231,-569.8769393357095,-3658.2578407104234,0.8560588
0.1238466,0.05456407,181235.8,0.034853038461538456,-547.2906574647202,-3513.267866483079,0.868907
0.1239444,0.05458151,183418.2,0.03527273076923077,-514.866355096391,-3305.123879279852,0.871442
0.1240422,0.05459894,185202.6,0.03561588461538462,-469.95096954202114,-3016.7948558869434,0.8591917
0.1241399,0.05461635,186364.3,0.03583928846153846,-409.781820957929,-2630.546098684719,0.8260241
0.1242377,0.05463375,186877.4,0.03593796153846154,-331.42197187417787,-2127.524283761534,0.7628966
0.1243355,0.05465112,186167.3,0.035801403846153844,-233.3485283761188,-1497.953373135701,0.653503
0.1244333,0.05466847,184276.3,0.03543775,-110.86086951410067,-711.6582846827979,0.4587245
0.1245311,0.05468579,179905.9,0.03459728846153846,21.37040990697385,137.18482746909075,0.2026698
0.1246288,0.05470309,174827.3,0.033620634615384615,113.66160869872195,729.6372997555416,0.4699546
0.1247266,0.05472038,168563.0,0.03241596153846154,140.76976339633345,903.6549036005517,0.5197862
0.1248244,0.05473767,161253.6,0.031010307692307695,161.19951680575548,1034.8012975587244,0.5537178
0.1249222,0.05475496,148690.7,0.028594365384615388,151.71486251205386,973.915677275848,0.5421998
0.12502,0.05477226,175219.2,0.033696000000000004,89.90536784930119,577.1369117691399,0.4338564
