x_m,r_m,pressure_pa,pressure_over_pc,tau_wall_pa,su2_cf_t,yplus
-0.02268,0.02,5180109.0,0.9961748076923077,1876.6785095357457,12047.116487999458,0.3815222
-0.02258069,0.01999946,5176589.0,0.9954978846153846,1005.3902505175153,6453.984207918357,0.2789639
-0.0224814,0.01999803,5176360.0,0.9954538461538461,686.5517344814108,4407.237935698272,0.2303092
-0.02238212,0.01999557,5175965.0,0.9953778846153846,573.4658215975194,3681.2962473688094,0.2102809
-0.02228287,0.01999211,5176225.0,0.9954278846153846,467.4416465155726,3000.6865524923874,0.1896483
-0.02218367,0.01998767,5176402.0,0.995461923076923,422.06164966539166,2709.3750116497204,0.1799946
-0.02208451,0.01998225,5176741.0,0.9955271153846154,384.0782978348965,2465.5453616688924,0.171482
-0.02198541,0.01997585,5176847.0,0.9955475,362.2845878454428,2325.6432092146733,0.1663082
-0.02188638,0.01996846,5176916.0,0.9955607692307692,337.2197361237617,2164.7423479796694,0.1602046
-0.02178742,0.01996008,5176946.0,0.9955665384615384,322.0158096271809,2067.142533920626,0.1562899
-0.02168856,0.01995073,5177103.0,0.9955967307692307,307.7854928802681,1975.7926928902639,0.1525243
-0.02158979,0.0199404,5177259.0,0.9956267307692308,298.43323257483075,1915.75696020978,0.1499018
-0.02149113,0.01992908,5177425.0,0.9956586538461538,288.1790838097755,1849.9316608683084,0.1470043
-0.02139259,0.01991678,5177557.0,0.9956840384615384,281.2357135413267,1805.3595138445717,0.1449095
-0.02129417,0.01990351,5177711.0,0.9957136538461538,274.43940868129187,1761.7314358755586,0.1428216
-0.02119589,0.01988926,5177851.0,0.9957405769230769,269.51941480687395,1730.1481151180685,0.1411938
-0.02109776,0.01987403,5177993.0,0.9957678846153846,264.5422513223341,1698.1978007869782,0.1395311
-0.02099978,0.01985783,5178121.0,0.9957925,260.94941021587516,1675.1339807919962,0.138212
-0.02090197,0.01984066,5178260.0,0.9958192307692307,257.65003098357266,1653.9540047078308,0.1369524
-0.02080434,0.01982252,5178389.0,0.9958440384615385,255.52748163224987,1640.3285493317583,0.13599
-0.02070689,0.01980341,5178521.0,0.995869423076923,253.4403575370672,1626.930502211905,0.1350212
-0.02060963,0.01978333,5178640.0,0.9958923076923077,252.31340084183233,1619.6961365411519,0.1342934
-0.02051258,0.01976229,5178766.0,0.9959165384615385,251.4167274074738,1613.9400471201225,0.1336126
-0.02041574,0.01974028,5178882.0,0.9959388461538462,251.1917313502981,1612.495711451353,0.1330969
-0.02031912,0.01971732,5179004.0,0.9959623076923076,250.95442935030428,1610.9723792331627,0.1325585
-0.02022274,0.01969339,5179114.0,0.9959834615384615,251.66444452539005,1615.5302379601865,0.1322563
-0.0201266,0.01966851,5179225.0,0.9960048076923077,252.51332158984002,1620.9795042183425,0.1319762
-0.02003071,0.01964268,5179322.0,0.9960234615384616,253.80874577437177,1629.2953270793857,0.1317876
-0.01993509,0.0196159,5179421.0,0.9960425,255.51616168238135,1640.255882247859,0.1316901
-0.01983973,0.01958816,5179504.0,0.9960584615384616,257.81871000720054,1655.036819817825,0.1317242
-0.01974466,0.01955948,5179589.0,0.9960748076923077,260.25488983768844,1670.675589087295,0.1317681
-0.01964987,0.01952986,5179657.0,0.9960878846153847,263.3690999775223,1690.666894008226,0.1319578
-0.01955538,0.0194993,5179723.0,0.996100576923077,266.688067365621,1711.972613949671,0.1321737
-0.0194612,0.01946781,5179766.0,0.9961088461538462,270.5106027950603,1736.5109295769716,0.1324831
-0.01936734,0.01943538,5179804.0,0.9961161538461538,274.5187844025229,1762.2409789619908,0.1328022
-0.01927381,0.01940202,5179816.0,0.9961184615384615,279.3904696204721,1793.514187993418,0.1332969
-0.01918061,0.01936772,5179822.0,0.9961196153846154,284.50285689571564,1826.332555510112,0.1338125
-0.01908775,0.01933251,5179801.0,0.996115576923077,290.2256347072123,1863.0692531275924,0.134431
-0.01899525,0.01929638,5179779.0,0.9961113461538461,296.0370097622679,1900.3746903071487,0.1350263
-0.01890312,0.01925933,5179734.0,0.9961026923076923,302.6351781051324,1942.7308542585242,0.1357513
-0.01881135,0.01922136,5179670.0,0.9960903846153846,309.7353151881457,1988.3093473702643,0.1365402
-0.01871997,0.01918249,5179545.0,0.9960663461538461,318.1198595952946,2042.1329419062913,0.1375555
-0.01862898,0.01914271,5179381.0,0.9960348076923077,326.82655961835553,2098.024576446205,0.1385773
-0.01853839,0.01910203,5179166.0,0.9959934615384616,336.9327683348374,2162.900192083543,0.1398246
-0.0184482,0.01906045,5178927.0,0.9959475,347.6091896969857,2231.4362205888115,0.1411152
-0.01835843,0.01901799,5178634.0,0.9958911538461539,359.6171374841717,2308.519826032682,0.1425918
-0.01826909,0.01897463,5178337.0,0.9958340384615385,371.77181603440084,2386.5453523147635,0.1440034
-0.01818019,0.01893038,5178007.0,0.9957705769230769,385.71307448417065,2476.039617677898,0.1456715
-0.01809173,0.01888525,5177678.0,0.9957073076923076,399.9402494074125,2567.3692901415316,0.147291
-0.01800372,0.01883925,5177229.0,0.9956209615384616,417.6900771686545,2681.312217283862,0.1494384
-0.01791617,0.01879238,5176616.0,0.9955030769230769,438.34096363541465,2813.8781488386785,0.1519568
-0.01782909,0.01874464,5175799.0,0.9953459615384616,462.96808283027536,2971.969037713262,0.1550639
-0.01774245,0.01869611,5174858.0,0.995165,488.61838912793235,3136.6281555912537,0.157965
-0.01765635,0.01864663,5173759.0,0.9949536538461539,530.264069488395,3403.967691891799,0.1640401
-0.01757033,0.01859701,5172610.0,0.9947326923076923,555.43396602411,3565.542875928869,0.167465
-0.01748433,0.01854735,5171597.0,0.9945378846153846,566.5835387315348,3637.1162437248236,0.1687414
-0.01739833,0.01849767,5170541.0,0.9943348076923076,577.3795030555328,3706.419664183166,0.1699559
-0.01731234,0.018448,5169478.0,0.9941303846153846,581.5326624954022,3733.0803816747934,0.1701944
-0.01722634,0.01839834,5168358.0,0.993915,585.1466813001673,3756.280149407838,0.170343
-0.01714034,0.01834869,5167319.0,0.9937151923076923,586.6842380931976,3766.1503140089835,0.1701793
-0.01705434,0.01829904,5166297.0,0.9935186538461539,590.1360541422933,3788.3088402708368,0.1702909
-0.01696833,0.01824939,5165326.0,0.9933319230769231,593.2809968133587,3808.497429053567,0.1703555
-0.01688233,0.01819973,5164334.0,0.9931411538461539,597.31318994011,3834.3816175564234,0.1705434
-0.01679633,0.01815008,5163351.0,0.9929521153846154,601.2585910622176,3859.708655015638,0.1707146
-0.01671032,0.01810043,5162345.0,0.9927586538461538,605.7670770772927,3888.6503495744796,0.1709607
-0.01662432,0.01805078,5161332.0,0.9925638461538462,610.3992810763464,3918.3862371488417,0.171219
-0.01653832,0.01800113,5160290.0,0.9923634615384616,615.3484989058743,3950.157157641536,0.1715159
-0.01645231,0.01795147,5159229.0,0.9921594230769231,620.4731397497501,3983.054185497737,0.1718311
-0.01636631,0.01790182,5158136.0,0.9919492307692308,625.8426834476654,4017.5233383587624,0.1721737
-0.0162803,0.01785217,5157017.0,0.9917340384615385,631.4350688116826,4053.422997028997,0.1725398
-0.0161943,0.01780252,5155864.0,0.9915123076923077,637.2291998109841,4090.617738025196,0.1729258
-0.0161083,0.01775287,5154677.0,0.9912840384615385,643.2803211995152,4129.462198533614,0.1733387
-0.01602229,0.01770322,5153452.0,0.9910484615384615,649.4949141884315,4169.356045712319,0.1737652
-0.01593629,0.01765357,5152192.0,0.9908061538461539,655.9701095237173,4210.9227989363635,0.1742179
-0.01585028,0.01760391,5150893.0,0.9905563461538461,662.5978517248701,4253.468808785152,0.1746823
-0.01576428,0.01755426,5149550.0,0.9902980769230769,669.5422604573167,4298.047622106119,0.1751793
-0.01567828,0.01750461,5148159.0,0.9900305769230769,676.6745729859811,4343.832661698699,0.1756913
-0.01559227,0.01745496,5146719.0,0.9897536538461539,684.1553755854958,4391.854792224602,0.1762384
-0.01550627,0.01740531,5145235.0,0.9894682692307692,691.7472376681698,4440.589856012072,0.1767896
-0.01542027,0.01735565,5143704.0,0.9891738461538462,699.5642204420459,4490.770055541755,0.1773588
-0.01533426,0.017306,5142129.0,0.9888709615384615,707.5057563072667,4541.74980896026,0.1779328
-0.01524826,0.01725635,5140503.0,0.9885582692307693,715.773243974748,4594.821971553461,0.1785362
-0.01516226,0.0172067,5138825.0,0.988235576923077,724.1258121049507,4648.440298148673,0.1791385
-0.01507625,0.01715704,5137091.0,0.9879021153846154,732.7485892394316,4703.793199597332,0.179762
-0.01499025,0.01710739,5135306.0,0.9875588461538461,741.44811741825,4759.638795328477,0.180383
-0.01490425,0.01705774,5133471.0,0.9872059615384615,750.4988393134187,4817.738837726552,0.1810347
-0.01481824,0.01700808,5131590.0,0.9868442307692308,759.6607085787047,4876.552377566163,0.1816878
-0.01473224,0.01695843,5129658.0,0.9864726923076923,769.1369339324477,4937.383889262494,0.1823659
-0.01464624,0.01690878,5127678.0,0.9860919230769231,778.6703023984288,4998.582224432383,0.1830381
-0.01456024,0.01685912,5125645.0,0.9857009615384615,788.4721306557002,5061.503905589122,0.1837283
-0.01447423,0.01680947,5123565.0,0.9853009615384616,798.3319904673989,5124.798113469332,0.1844118
-0.01438823,0.01675982,5121434.0,0.9848911538461539,808.5096284684727,5190.132260979743,0.185118
-0.01430223,0.01671017,5119256.0,0.9844723076923076,818.7531033203572,5255.889040393748,0.1858178
-0.01421622,0.01666052,5117028.0,0.9840438461538461,829.3361322528052,5323.825547204714,0.1865419
-0.01413022,0.01661086,5114755.0,0.9836067307692308,839.9888746859796,5392.209571616468,0.18726
-0.01404421,0.01656121,5112434.0,0.9831603846153846,850.9643501736111,5462.665342830787,0.1879995
-0.01395821,0.01651156,5110069.0,0.9827055769230769,861.989522907342,5533.44013965863,0.1887301
-0.01387221,0.01646191,5107658.0,0.982241923076923,873.3495465181095,5606.36447222276,0.1894824
-0.0137862,0.01641226,5105205.0,0.9817701923076924,884.7596150980812,5679.610062567899,0.1902254
-0.0137002,0.0163626,5102709.0,0.9812901923076923,896.487475882108,5754.895682508825,0.1909872
-0.0136142,0.01631295,5100178.0,0.9808034615384615,908.207241841365,5830.129338676277,0.1917335
-0.01352819,0.0162633,5097602.0,0.980308076923077,920.344650194933,5908.04400096653,0.1925084
-0.01344219,0.01621365,5094975.0,0.9798028846153846,932.6969547114007,5987.338163844721,0.1932904
-0.01335619,0.016164,5092321.0,0.9792925,945.2754577496285,6068.084381471346,0.19408
-0.01327018,0.01611434,5089652.0,0.9787792307692308,957.6422041528784,6147.471252339472,0.1948328
-0.01318418,0.01606469,5086934.0,0.9782565384615385,970.4769915433953,6229.8626571574,0.1956171
-0.01309817,0.01601504,5084168.0,0.9777246153846154,983.6776705451491,6314.602860046043,0.1964219
-0.01301217,0.01596539,5081371.0,0.9771867307692308,997.2533442638878,6401.75029731977,0.1972471
-0.01292617,0.01591574,5078544.0,0.976643076923077,1010.7664044458049,6488.495794374124,0.1980494
-0.01284016,0.01586609,5075671.0,0.9760905769230769,1024.5976262321321,6577.283692346302,0.1988659
-0.01275416,0.01581644,5072763.0,0.9755313461538462,1038.4976888256854,6666.513505766207,0.1996728
-0.01266816,0.01576678,5069827.0,0.9749667307692308,1052.8583667628207,6758.7001850915385,0.2005069
-0.01258215,0.01571713,5066868.0,0.9743976923076924,1067.3882231523353,6851.9728855508665,0.2013403
-0.01249615,0.01566748,5063878.0,0.9738226923076924,1082.3823266752777,6948.225765762458,0.2021998
-0.01241015,0.01561783,5060857.0,0.9732417307692308,1097.4939455319402,7045.23302180734,0.2030527
-0.01232414,0.01556818,5057800.0,0.9726538461538462,1113.0600033864653,7145.157495434308,0.2039291
-0.01223814,0.01551852,5054712.0,0.97206,1128.771944341475,7246.018448429607,0.2048009
-0.01215213,0.01546887,5051589.0,0.9714594230769231,1144.978009268453,7350.051372020597,0.2056985
-0.01206613,0.01541922,5048435.0,0.9708528846153847,1161.351422586067,7455.158568879932,0.2065925
-0.01198013,0.01536957,5045243.0,0.9702390384615385,1178.2429148430303,7563.591512424492,0.2075133
-0.01189412,0.01531992,5042019.0,0.9696190384615384,1195.3015217288175,7673.097228630997,0.2084294
-0.01180812,0.01527026,5038757.0,0.9689917307692307,1212.8789137103513,7785.933224610484,0.2093703
-0.01172212,0.01522061,5035460.0,0.9683576923076923,1230.6548724115883,7900.043896242059,0.2103083
-0.01163611,0.01517096,5032122.0,0.9677157692307692,1249.002157395577,8017.822129603572,0.2112739
-0.01155011,0.01512131,5028746.0,0.9670665384615384,1267.5733799915738,8137.037904069859,0.2122376
-0.01146411,0.01507165,5025326.0,0.9664088461538461,1286.7928627079107,8260.415107968294,0.213234
-0.0113781,0.015022,5021865.0,0.9657432692307693,1306.2535451660328,8385.340665178923,0.2142295
-0.0112921,0.01497235,5018358.0,0.9650688461538461,1326.3077046088526,8514.075977939727,0.2152517
-0.0112061,0.01492269,5014807.0,0.9643859615384616,1346.578807300098,8644.203932312714,0.2162698
-0.0111201,0.01487304,5011209.0,0.9636940384615384,1367.400823975002,8777.868414067603,0.2173092
-0.01103409,0.01482339,5007565.0,0.9629932692307692,1388.4377069442219,8912.91220467258,0.2183428
-0.01094809,0.01477373,5003869.0,0.9622825,1410.1061059713343,9052.009938174444,0.2194019
-0.01086209,0.01472408,5000123.0,0.9615621153846153,1432.0451054659436,9192.844759481744,0.2204584
-0.01077608,0.01467443,4996321.0,0.9608309615384616,1454.669143432278,9338.077104512848,0.2215428
-0.01069008,0.01462478,4992466.0,0.9600896153846153,1477.5988259977728,9485.271499021956,0.2226263
-0.01060408,0.01457513,4988551.0,0.9593367307692308,1501.2489090195854,9637.090419346841,0.2237387
-0.01051807,0.01452547,4984579.0,0.9585728846153846,1525.1807421438311,9790.718001244433,0.224847
-0.01043207,0.01447582,4980542.0,0.9577965384615384,1549.818450385721,9948.87686525829,0.2259811
-0.01034606,0.01442617,4976444.0,0.9570084615384615,1574.7560575627247,10108.960895137043,0.2271112
-0.01026006,0.01437652,4972276.0,0.9562069230769231,1600.394672747191,10273.544963291937,0.2282646
-0.01017406,0.01432687,4968042.0,0.9553926923076923,1626.337343050566,10440.080877443712,0.2294132
-0.01008805,0.01427721,4963734.0,0.9545642307692308,1652.997441121984,10611.222234589275,0.2305845
-0.01000205,0.01422756,4959355.0,0.9537221153846154,1679.9585688085517,10784.296015866954,0.2317498
-0.009916048,0.01417791,4954897.0,0.9528648076923077,1707.6095450685548,10961.798198749397,0.2329341
-0.009830044,0.01412826,4950364.0,0.9519930769230769,1735.5581669904689,11141.211082875005,0.2341112
-0.00974404,0.01407861,4945747.0,0.9511051923076923,1764.153667176592,11324.776525770207,0.2353026
-0.009658036,0.01402896,4941049.0,0.9502017307692308,1793.0363195504533,11510.185308287984,0.2364846
-0.009572032,0.0139793,4936263.0,0.9492813461538462,1822.6029747041216,11699.984966027372,0.2376815
-0.009486028,0.01392965,4931390.0,0.9483442307692308,1852.4998439449562,11891.904394177014,0.2388707
-0.009400024,0.01388,4926420.0,0.9473884615384616,1883.1756389622012,12088.824044536395,0.2400792
-0.00931402,0.01383035,4921358.0,0.946415,1914.2316595613513,12288.184508201653,0.2412827
-0.009228016,0.0137807,4916193.0,0.9454217307692308,1946.094214968681,12492.72242700182,0.2425057
-0.009142013,0.01373105,4910928.0,0.9444092307692308,1978.3275491047395,12699.640516147398,0.2437217
-0.00905601,0.01368139,4905555.0,0.9433759615384616,2011.4158385276517,12912.04688998341,0.2449582
-0.008970006,0.01363174,4900076.0,0.9423223076923077,2044.8970935877182,13126.975860408305,0.2461877
-0.008884003,0.01358209,4894481.0,0.9412463461538462,2079.2904687163546,13347.760078101855,0.2474388
-0.008797999,0.01353244,4888773.0,0.9401486538461539,2114.1395020348004,13571.469339836487,0.248685
-0.008711996,0.01348279,4882940.0,0.939026923076923,2150.037144969295,13801.910027401798,0.2499586
-0.008625992,0.01343313,4876984.0,0.9378815384615384,2186.4330279819083,14035.549108421073,0.2512282
-0.008539988,0.01338348,4870896.0,0.9367107692307692,2223.976411284481,14276.554432295965,0.2525281
-0.008453985,0.01333383,4864676.0,0.9355146153846153,2262.0847989869003,14521.186735318639,0.253826
-0.008367981,0.01328418,4858313.0,0.9342909615384616,2301.3737717133954,14773.397664747894,0.255153
-0.008281978,0.01323453,4851808.0,0.93304,2341.2778569259403,15029.55723627808,0.2564782
-0.008195974,0.01318487,4845150.0,0.9317596153846154,2382.552135904561,15294.512605184947,0.2578394
-0.008109971,0.01313522,4838336.0,0.9304492307692308,2424.527133200922,15563.966152738929,0.259201
-0.008023968,0.01308557,4831354.0,0.9291065384615385,2468.0775248017594,15843.532758338877,0.2606059
-0.007937965,0.01303592,4824202.0,0.9277311538461539,2512.4710922115046,16128.512031659036,0.2620166
-0.007851962,0.01298626,4816868.0,0.9263207692307692,2558.5447517068365,16424.276458090284,0.2634726
-0.00776596,0.01293661,4809350.0,0.924875,2605.4471291993573,16725.36074202355,0.2649307
-0.007679957,0.01288695,4801636.0,0.9233915384615384,2654.0634882749146,17037.44772870223,0.2664313
-0.007593954,0.0128373,4793724.0,0.92187,2703.5352162692893,17355.025655332985,0.2679315
-0.007507951,0.01278765,4785599.0,0.9203075,2754.888273232551,17684.680551527395,0.2694768
-0.007421947,0.012738,4777255.0,0.9187028846153846,2807.304420822058,18021.15983269057,0.2710283
-0.007335944,0.01268834,4768675.0,0.9170528846153846,2861.916551055507,18371.735965596206,0.2726347
-0.00724994,0.01263869,4759853.0,0.9153563461538462,2917.7762156476224,18730.320498270514,0.2742515
-0.007163936,0.01258904,4750769.0,0.913609423076923,2976.1669358160866,19105.15284388185,0.2759329
-0.007077933,0.01253939,4741415.0,0.9118105769230769,3036.035092464341,19489.46941882986,0.2776308
-0.00699193,0.01248974,4731769.0,0.9099555769230769,3098.6854592552286,19891.646063849592,0.2793972
-0.006905926,0.01244008,4721825.0,0.9080432692307693,3162.909402005493,20303.924094263257,0.2811787
-0.006819923,0.01239043,4711563.0,0.9060698076923077,3230.136950037569,20735.48341474876,0.2830305
-0.006733919,0.01234078,4700975.0,0.9040336538461539,3299.1593110562403,21178.564325647232,0.2849007
-0.006647915,0.01229113,4690020.0,0.9019269230769231,3371.925124319611,21645.6758869901,0.2868631
-0.006561911,0.01224148,4678682.0,0.8997465384615385,3447.2072815339416,22128.940821724864,0.2888655
-0.006475907,0.01219183,4666925.0,0.897485576923077,3526.5811246031526,22638.47185151831,0.2909621
-0.006389903,0.01214218,4654727.0,0.8951398076923077,3608.7876245364887,23166.186788165935,0.2931015
-0.006303899,0.01209252,4642056.0,0.8927030769230769,3696.1554656874914,23727.034346393444,0.2953647
-0.006217895,0.01204287,4628879.0,0.8901690384615385,3787.1579833720557,24311.21428220908,0.2976906
-0.006131892,0.01199322,4615133.0,0.8875255769230769,3884.093911953725,24933.483049907954,0.3001519
-0.006045888,0.01194357,4600787.0,0.8847667307692307,3984.7613037824362,25579.7055060939,0.3026639
-0.005959885,0.01189392,4585792.0,0.8818830769230769,4091.3027886371333,26263.636010081224,0.3052888
-0.005873881,0.01184426,4570080.0,0.8788615384615385,4200.95515247809,26967.536435041755,0.3078973
-0.005787885,0.0117946,4553468.0,0.8756669230769231,4328.737128234732,27787.81776675893,0.3110339
-0.005701897,0.01174492,4535786.0,0.8722665384615385,4472.208790744041,28708.81719324257,0.3146335
-0.005615904,0.01169525,4517023.0,0.8686582692307693,4624.9335649312425,29689.21587947881,0.318421
-0.005529897,0.01164561,4497235.0,0.8648528846153846,4781.460875025823,30694.024496767823,0.3222021
-0.005443868,0.011596,4476388.0,0.8608438461538461,4938.360748856326,31701.22474304553,0.3257711
-0.005357828,0.01154641,4454291.0,0.8565944230769231,5107.429984553299,32786.54477342321,0.3295223
-0.005271787,0.01149682,4430693.0,0.8520563461538462,5310.490925571756,34090.07054951222,0.3341464
-0.00518574,0.01144724,4405246.0,0.8471626923076923,5535.860941203999,35536.80680051535,0.3392364
-0.005099683,0.01139769,4376992.0,0.8417292307692308,5820.5506694001215,37364.33895431191,0.3457935
-0.005013605,0.01134816,4343890.0,0.8353634615384615,6191.952759017457,39748.51089147195,0.3544923
-0.004927488,0.01129871,4304246.0,0.8277396153846154,6773.386306677494,43480.95501714378,0.3686371
-0.004841241,0.01124947,4259265.0,0.8190894230769231,7476.01531302778,47991.39910457738,0.3896043
-0.004753901,0.01120225,4219966.0,0.8115319230769231,6969.126552668036,44737.4864543909,0.3745785
-0.0046663,0.01115547,4190099.0,0.8057882692307692,7085.043217981065,45481.599824278615,0.377373
-0.004578239,0.01110957,4154391.0,0.7989213461538461,7249.155172564076,46535.09717285959,0.3811822
-0.004489727,0.01106455,4119593.0,0.7922294230769231,7305.89245342921,46899.315459753976,0.3821523
-0.004400772,0.0110204,4084788.0,0.7855361538461538,7392.222818527331,47453.50306274724,0.3838377
-0.004311381,0.01097714,4050170.0,0.7788788461538462,7481.201972760769,48024.694255382085,0.3855065
-0.004221566,0.01093477,4015592.0,0.7722292307692308,7580.895811067958,48664.6670994893,0.3873905
-0.004131335,0.0108933,3980841.0,0.7655463461538462,7686.063362567053,49339.77780024577,0.3893408
-0.004040696,0.01085272,3945903.0,0.7588275,7791.142936068848,50014.32373661853,0.3912022
-0.003949659,0.01081305,3910779.0,0.7520728846153846,7899.922276466105,50712.61989048544,0.3930753
-0.003858234,0.01077427,3875468.0,0.7452823076923077,8012.771006603722,51437.03901213191,0.3949669
-0.003766427,0.01073641,3839996.0,0.7384607692307692,8127.420061330548,52173.01510527467,0.3968231
-0.003674248,0.01069947,3804394.0,0.7316142307692308,8240.49587804804,52898.891982453955,0.3985423
-0.003581707,0.01066344,3768591.0,0.7247290384615385,8358.753465826243,53658.0326281825,0.4002986
-0.003488814,0.01062833,3732441.0,0.7177771153846154,8481.051659182125,54443.11146515104,0.4020543
-0.003395578,0.01059414,3695938.0,0.7107573076923077,8603.980431852478,55232.23823170251,0.4037335
-0.003302005,0.01056089,3659160.0,0.7036846153846154,8724.482716084269,56005.788441732635,0.4052626
-0.003208104,0.01052857,3622213.0,0.6965794230769231,8838.402360837694,56737.08217352665,0.4065332
-0.003113889,0.01049718,3585085.0,0.6894394230769231,8958.290835152566,57506.69210314485,0.4078456
-0.003019367,0.01046672,3547580.0,0.6822269230769231,9083.01555184419,58307.34772065305,0.409175
-0.002924548,0.01043721,3509750.0,0.6749519230769231,9203.246473055971,59079.15594776177,0.4102971
-0.00282944,0.01040864,3471663.0,0.6676275,9321.140914575346,59835.96541888579,0.411268
-0.002734053,0.01038101,3433285.0,0.6602471153846153,9441.414747361641,60608.04911178911,0.4121916
-0.002638397,0.01035433,3394614.0,0.6528103846153847,9561.314019294452,61377.72835544295,0.4130199
-0.002542478,0.01032861,3355774.0,0.6453411538461539,9667.011084768761,62056.238208749535,0.41342
-0.002446311,0.01030384,3316772.0,0.6378407692307693,9787.088628928177,62827.06184994914,0.4140539
-0.002349903,0.01028002,3277337.0,0.6302571153846154,9903.525808523935,63574.516599921844,0.4145028
-0.002253261,0.01025717,3237757.0,0.6226455769230769,10007.667644329495,64243.0428396847,0.4145928
-0.002156399,0.01023527,3198016.0,0.6150030769230769,10119.538064362925,64961.18181493069,0.414754
-0.002059324,0.01021433,3157946.0,0.6072973076923077,10229.953989741209,65669.98383317914,0.4147871
-0.001962045,0.01019437,3117673.0,0.5995525,10335.045150383905,66344.60415183715,0.4146146
-0.001864573,0.01017537,3077240.0,0.5917769230769231,10435.855218928556,66991.74250438377,0.4142649
-0.001766917,0.01015733,3036657.0,0.5839725,10536.814842422249,67639.84090729774,0.4138293
-0.001669086,0.01014028,2995931.0,0.576140576923077,10631.448286656341,68247.32914812102,0.4131787
-0.001571091,0.01012419,2955109.0,0.5682901923076923,10725.27468158211,68849.63663103635,0.4124222
-0.001472941,0.01010907,2914098.0,0.5604034615384615,10824.65939535833,69487.6250866535,0.4116921
-0.001374646,0.01009493,2872908.0,0.5524823076923077,10911.000374892013,70041.88082776473,0.4106148
-0.001276215,0.01008177,2831690.0,0.5445557692307692,10998.637038397583,70604.4540594113,0.4094865
-0.001177659,0.01006958,2790295.0,0.5365951923076923,11086.788562431313,71170.33237753184,0.4082797
-0.001078986,0.01005838,2748795.0,0.5286144230769231,11169.170540127638,71699.17377299542,0.406887
-0.0009802069,0.01004816,2707318.0,0.520638076923077,11241.835413526136,72165.63736277352,0.4052393
-0.000881331,0.01003892,2665908.0,0.5126746153846153,11314.94772733557,72634.97324352984,0.4035314
-0.0007823684,0.01003065,2624412.0,0.5046946153846154,11391.419212173905,73125.87292676093,0.4018029
-0.0006833288,0.01002337,2582733.0,0.4966794230769231,11475.534404147105,73665.84048698108,0.4001308
-0.0005842214,0.01001708,2540909.0,0.48863634615384616,11550.211793073273,74145.22318297398,0.3981978
-0.0004850564,0.01001177,2498857.0,0.48054942307692305,11644.074733987263,74747.76526855302,0.3965054
-0.0003858439,0.01000745,2456009.0,0.4723094230769231,11776.944210827925,75600.70521381567,0.3953108
-0.0002865932,0.0100041,2411861.0,0.4638194230769231,11954.49413753713,76740.46604052791,0.3946768
-0.0001873143,0.01000175,2365854.0,0.4549719230769231,12217.848634063363,78431.03918940188,0.3950778
-8.801603e-05,0.01000044,2315940.0,0.4453730769230769,12581.931334642346,80768.2251713661,0.3966004
1.129096e-05,0.009999971,2251937.0,0.4330648076923077,13647.931368942516,87611.28674220621,0.4073336
0.0001105874,0.01000122,2170421.0,0.41738865384615387,14339.888232712394,92053.22226826959,0.4103358
0.0002098418,0.01000441,2086246.0,0.40120115384615385,14573.060496717553,93550.04413305219,0.4058795
0.0003090139,0.01000956,2003247.0,0.3852398076923077,14686.41329787191,94277.6990791758,0.3994551
0.0004080636,0.01001668,1922368.0,0.36968615384615383,14744.977155025304,94653.64285725425,0.3920896
0.0005069526,0.01002577,1843804.0,0.3545776923076923,14777.803196058725,94864.36575846512,0.3842213
0.0006056422,0.01003681,1766986.0,0.339805,14767.769250472067,94799.95402747203,0.3757851
0.0007040912,0.01004983,1692043.0,0.3253928846153846,14708.887320559828,94421.9684188094,0.3666678
0.0008022646,0.01006478,1618897.0,0.31132634615384613,14630.64174948491,93919.68019809398,0.3572462
0.0009001194,0.01008169,1547684.0,0.29763153846153845,14516.368339257151,93186.11551053579,0.3472932
0.0009976206,0.01010054,1478859.0,0.28439596153846153,14388.572499845079,92365.74518271668,0.3374367
0.00109473,0.01012131,1412067.0,0.27155134615384613,14256.722867595785,91519.35200959932,0.3276182
0.001191405,0.01014402,1347419.0,0.25911903846153844,14106.040273682365,90552.06285891897,0.317496
0.001287609,0.01016864,1285011.0,0.2471175,13949.35874668785,89546.26426441837,0.3072925
0.001383306,0.01019516,1224675.0,0.23551442307692308,13778.118278543814,88447.00626326978,0.2973108
0.001478459,0.01022358,1166339.0,0.22429596153846154,13598.337052175148,87292.92187139676,0.2874263
0.001573024,0.01025388,1109975.0,0.21345673076923077,13418.103487460943,86135.93374683165,0.2774137
0.001666972,0.01028606,1055479.0,0.20297673076923076,13236.029173600878,84967.12915009366,0.2673687
0.001760262,0.0103201,1002946.0,0.19287423076923077,13031.37950103912,83653.40469912611,0.2575862
0.001852859,0.01035598,952339.6,0.18314223076923075,12823.500815431773,82318.95197951594,0.2480271
0.001944724,0.01039369,903566.3,0.17376275000000002,12616.075135132767,80987.40727408697,0.238339
0.002035822,0.01043323,856626.6,0.1647358846153846,12410.96323813139,79670.71562781165,0.2287079
0.002126115,0.01047456,811532.3,0.15606390384615385,12186.875679427978,78232.21195790004,0.219446
0.002215573,0.01051768,768261.7,0.14774263461538462,11966.86915088005,76819.90598004081,0.2104831
0.002304157,0.01056256,726667.9,0.13974382692307694,11750.368083452835,75430.10289665755,0.2015005
0.00239183,0.0106092,686787.4,0.1320745,11551.431619589615,74153.05371551476,0.1927462
0.002478561,0.01065756,648429.3,0.12469794230769232,11340.7747416411,72800.76671763581,0.1842943
0.002564312,0.01070765,611926.5,0.11767817307692308,11147.671382253053,71561.16246312376,0.1761703
0.002649054,0.01075942,576400.5,0.11084625,10808.526527791357,69384.0620448873,0.167227
0.00273275,0.01081287,546340.2,0.10506542307692307,10310.818369169252,66189.08318543869,0.1576421
0.002805451,0.01086119,527251.7,0.10139455769230768,9201.37181483564,59067.12180028219,0.145216
0.00288784,0.01091664,516922.3,0.09940813461538461,8241.003358857104,52902.14969569102,0.1357035
0.002970221,0.0109721,510960.0,0.09826153846153846,7679.169808050444,49295.52543956919,0.1304572
0.003052613,0.01102754,506311.6,0.09736761538461539,7271.06657122509,46675.75481386894,0.1265553
0.003135027,0.01108295,502686.9,0.0966705576923077,6958.63617575462,44670.14471629522,0.1236112
0.003217482,0.01113829,499686.9,0.09609363461538462,6729.07858371147,43196.52681211161,0.1214405
0.003299977,0.01119357,496940.7,0.09556551923076924,6570.942481294468,42181.390742137046,0.1199389
0.003382505,0.01124881,494347.9,0.09506690384615385,6439.982841069628,41340.710767917364,0.118668
0.003465062,0.011304,491967.0,0.09460903846153847,6341.092607855438,40705.89657198377,0.1177112
0.00354765,0.01135915,489803.9,0.0941930576923077,6262.96525145569,40204.36721644165,0.1169564
0.003630266,0.01141425,487794.5,0.09380663461538462,6205.19062935038,39833.4898397273,0.1164037
0.003712912,0.01146931,485868.9,0.09343632692307693,6158.283427002328,39532.374583202654,0.1159552
0.003795588,0.01152433,483970.0,0.09307115384615385,6122.072952729317,39299.92571173314,0.1156087
0.003878293,0.0115793,482084.3,0.09270851923076923,6091.453635625261,39103.36861468043,0.1153139
0.003961026,0.01163423,480219.3,0.09234986538461538,6066.427626563832,38942.71709932453,0.1150719
0.004043788,0.01168911,478383.2,0.09199676923076923,6044.519696517542,38802.08172467856,0.1148597
0.004126581,0.01174395,476573.0,0.09164865384615385,6025.140500049978,38677.679257179574,0.1146712
0.004209402,0.01179875,474788.7,0.09130551923076924,6007.149819411708,38562.19020338247,0.1144957
0.004292253,0.0118535,473025.6,0.09096646153846154,5989.995889982228,38452.07257534239,0.1143278
0.004375132,0.0119082,471271.8,0.0906291923076923,5973.5762878151745,38346.66887460836,0.1141655
0.004458041,0.01196287,469536.4,0.09029546153846155,5957.436026684765,38243.05837073315,0.114006
0.004540979,0.01201749,467830.1,0.08996732692307692,5940.992296991418,38137.49978618798,0.1138437
0.004623945,0.01207206,466111.0,0.08963673076923077,5923.430679627494,38024.76505350689,0.1136692
0.004706934,0.01212659,464332.8,0.08929476923076923,5904.442706778936,37902.87399991661,0.1134747
0.004789963,0.01218108,462512.9,0.08894478846153847,5884.6539710184015,37775.84254319876,0.11327
0.00487301,0.01223552,460712.5,0.08859855769230769,5866.6551044393755,37660.300940719855,0.1130827
0.0049561,0.01228993,458979.1,0.08826521153846154,5850.723420692268,37558.02937477175,0.1129203
0.005039213,0.01234428,457278.7,0.08793821153846154,5834.0771928980985,37451.170877536795,0.1127513
0.005122354,0.01239859,455533.7,0.08760263461538462,5815.809443857382,37333.90321578822,0.1125627
0.005205522,0.01245286,453751.4,0.08725988461538461,5797.26300685781,37214.846549536705,0.112367
0.005288718,0.01250708,452004.7,0.08692398076923077,5780.355358302943,37106.3098925421,0.1121899
0.005371942,0.01256126,450308.8,0.08659784615384615,5765.222743265214,37009.16785398768,0.1120319
0.005455195,0.0126154,448615.3,0.08627217307692307,5750.216110623191,36912.83454457295,0.1118751
0.005538476,0.01266949,446892.9,0.08594094230769231,5734.37410451442,36811.138653653856,0.1117067
0.005621782,0.01272354,445152.2,0.08560619230769231,5717.918842377986,36705.50603794962,0.1115311
0.005705118,0.01277754,443410.0,0.08527115384615384,5701.586516321829,36600.66259592225,0.1113553
0.005788487,0.01283151,441672.3,0.08493698076923077,5685.756335544113,36499.04261632202,0.1111844
0.005871883,0.01288542,439939.0,0.08460365384615384,5670.262091748626,36399.57914458232,0.1110153
0.005955306,0.0129393,438208.9,0.08427094230769232,5655.078274049721,36302.10841657974,0.1108488
0.006038761,0.01299313,436477.0,0.08393788461538461,5640.125754090097,36206.12247715142,0.1106827
0.006122238,0.01304691,434740.3,0.08360390384615385,5625.122932204123,36109.81363043598,0.110515
0.006205752,0.01310066,433002.5,0.08326971153846154,5610.077355563887,36013.230324615055,0.1103452
0.006289282,0.01315435,431268.9,0.08293632692307693,5595.106111114425,35917.12418553128,0.110176
0.006372854,0.01320802,429539.6,0.08260376923076923,5580.307184085868,35822.12421781995,0.1100071
0.006456437,0.01326162,427813.7,0.08227186538461538,5565.704331550471,35728.38292720618,0.1098398
0.006540067,0.0133152,426087.7,0.0819399423076923,5551.306042017303,35635.9548046734,0.1096729
0.006623714,0.01336873,424362.1,0.08160809615384615,5536.936055088315,35543.70836737211,0.1095055
0.006707388,0.01342221,422638.0,0.08127653846153846,5522.577714836646,35451.536694543094,0.1093367
0.00679109,0.01347565,420916.2,0.08094542307692308,5508.275332047371,35359.724234048204,0.109168
0.006874819,0.01352905,419195.8,0.08061457692307693,5494.116617195344,35268.83403294235,0.1089996
0.006958577,0.0135824,417477.0,0.08028403846153846,5480.171593964299,35179.31560000958,0.1088326
0.007042362,0.01363571,415757.4,0.07995334615384615,5466.516017672827,35091.6552375883,0.108667
0.007126176,0.01368897,414035.6,0.07962223076923076,5453.060851300942,35005.2813830235,0.1085021
0.007210017,0.0137422,412312.7,0.07929090384615385,5439.5811886088495,34918.75027721852,0.1083349
0.007293886,0.01379537,410589.6,0.07895953846153846,5425.841008959159,34830.54681351135,0.1081639
0.007377782,0.01384851,408870.1,0.07862886538461537,5411.8602258796045,34740.79882444608,0.1079889
0.007461704,0.0139016,407156.9,0.07829940384615384,5397.215648562421,34646.78968651373,0.1078072
0.007545654,0.01395465,405453.8,0.07797188461538461,5382.383215208491,34551.57462889606,0.1076229
0.007629631,0.01400766,403761.9,0.07764651923076923,5367.196637316302,34454.08618215803,0.107436
0.007713635,0.01406063,402081.4,0.07732334615384616,5352.18319212381,34357.70914037857,0.1072505
0.007797666,0.01411355,400410.0,0.07700192307692308,5337.303445306657,34262.190359560576,0.107067
0.007881725,0.01416643,398742.2,0.07668119230769231,5322.793753617888,34169.04710402087,0.1068861
0.007965812,0.01421926,397078.7,0.07636128846153846,5308.2660819280945,34075.7884279839,0.1067044
0.008049925,0.01427205,395424.7,0.07604321153846154,5293.914086459984,33983.65748474507,0.1065236
0.008134066,0.0143248,393781.7,0.07572725,5279.790070386834,33892.99002836027,0.1063451
0.008218232,0.01437751,392145.3,0.07541255769230769,5265.966333282767,33804.250177423644,0.1061686
0.008302426,0.01443017,390510.3,0.07509813461538462,5252.207707156924,33715.9282987371,0.105992
0.008386646,0.01448279,388873.7,0.07478340384615385,5238.612931510376,33628.658238889344,0.1058156
0.008470894,0.01453536,387236.0,0.07446846153846154,5224.972442890099,33541.09472999492,0.1056375
0.008555168,0.0145879,385599.8,0.07415380769230769,5211.322034494886,33453.467542274535,0.1054578
0.008639468,0.01464039,383966.2,0.07383965384615385,5197.481857654753,33364.62215838998,0.1052753
0.008723795,0.01469284,382337.7,0.07352648076923077,5183.512480458712,33274.94738804951,0.1050903
0.008808148,0.01474524,380715.7,0.0732145576923077,5169.098050196076,33182.41565200641,0.1049007
0.008892527,0.01479761,379102.0,0.07290423076923076,5154.652243865934,33089.682500996256,0.1047102
0.008976933,0.01484993,377496.7,0.07259551923076923,5140.046289147818,32995.92129628618,0.1045185
0.009061365,0.01490221,375898.7,0.07228821153846154,5125.647916924696,32903.49264293497,0.1043284
0.009145825,0.01495445,374306.4,0.071982,5111.4081904789255,32812.082397451915,0.1041398
0.009230311,0.01500664,372718.8,0.0716766923076923,5097.3318088914975,32721.72072503354,0.1039516
0.009314824,0.01505879,371136.2,0.07137234615384616,5083.2183020442335,32631.120731385596,0.1037626
0.009399363,0.01511089,369558.7,0.07106898076923077,5069.200421400809,32541.134598881752,0.1035735
0.009483928,0.01516296,367986.4,0.07076661538461539,5055.0996453875,32450.616329321798,0.1033832
0.00956852,0.01521498,366419.7,0.07046532692307693,5041.04700210878,32360.407042178143,0.1031923
0.009653138,0.01526696,364858.4,0.07016507692307693,5027.171579592385,32271.335402829227,0.1030031
0.009737783,0.0153189,363301.3,0.06986563461538461,5013.483446808019,32183.466047839247,0.1028146
0.009822453,0.01537079,361744.1,0.06956617307692307,4999.682308278712,32094.871265789603,0.1026238
0.009907149,0.01542264,360188.7,0.06926705769230769,4986.329941517177,32009.15732120647,0.1024362
0.00999187,0.01547445,358647.9,0.06897075000000001,4973.1398553235,31924.4851176007,0.1022506
0.01007662,0.01552622,357114.5,0.06867586538461538,4959.021838208585,31833.856170821196,0.1020543
0.01016139,0.01557794,355555.4,0.06837603846153846,4943.008149201372,31731.0581817718,0.1018358
0.01024619,0.01562963,353970.7,0.06807128846153847,4926.1559743793,31622.87763186618,0.1016055
0.01033101,0.01568127,352405.6,0.06777030769230769,4909.9048111627435,31518.555205120974,0.1013834
0.01041586,0.01573287,350896.3,0.0674800576923077,4895.663242302097,31427.13313247279,0.1011859
0.01050073,0.01578443,349437.5,0.06719951923076924,4882.841943966243,31344.828319051314,0.1010064
0.01058563,0.01583594,347997.4,0.06692257692307693,4870.485195518625,31265.505628880906,0.1008315
0.01067056,0.01588741,346548.7,0.06664398076923077,4857.6012633190785,31182.79874475411,0.1006496
0.01075551,0.01593884,345083.9,0.06636228846153847,4844.169829618878,31096.577239277827,0.1004592
0.01084049,0.01599023,343610.1,0.06607886538461538,4830.28600707204,31007.4516769236,0.1002629
0.01092549,0.01604157,342135.9,0.06579536538461539,4816.484926159738,30918.857264739523,0.1000664
0.01101052,0.01609288,340666.5,0.06551278846153846,4802.777291242103,30830.86271810374,0.09987036
0.01109558,0.01614414,339203.3,0.06523140384615385,4789.240284026184,30743.96349588724,0.09967519
0.01118066,0.01619535,337746.0,0.06495115384615385,4775.635574263714,30656.629665153265,0.0994789
0.01126577,0.01624653,336295.3,0.06467217307692308,4762.032574233812,30569.30680984597,0.09928174
0.0113509,0.01629767,334851.6,0.06439453846153846,4748.148872680261,30480.182024193888,0.09908159
0.01143605,0.01634876,333416.1,0.06411848076923077,4734.301041909625,30391.28750680464,0.09888136
0.01152123,0.01639981,331988.9,0.06384401923076924,4720.2940553565595,30301.37130762976,0.09867983
0.01160644,0.01645082,330569.7,0.06357109615384615,4706.4292677571575,30212.36793787695,0.09847928
0.01169167,0.01650179,329157.8,0.06329957692307692,4692.567490640958,30123.38389356621,0.09827902
0.01177693,0.01655271,327751.3,0.06302909615384615,4678.9809434184,30036.166655116376,0.09808095
0.01186221,0.01660359,326349.1,0.0627594423076923,4665.514105297852,29949.717875136794,0.09788381
0.01194751,0.01665443,324950.8,0.06249053846153846,4652.221438566597,29864.387167861198,0.09768743
0.01203285,0.01670523,323556.4,0.06222238461538462,4638.897731261304,29778.857199279326,0.09749022
0.0121182,0.01675599,322166.9,0.06195517307692308,4625.629510718952,29693.683421431924,0.09729266
0.01220358,0.01680671,320783.0,0.06168903846153846,4612.12211591659,29606.97429261385,0.09709235
0.01228899,0.01685738,319406.6,0.06142434615384615,4598.593314954031,29520.12774947353,0.09689131
0.01237441,0.01690802,318037.9,0.06116113461538462,4584.896485469667,29432.20256704299,0.0966889
0.01245987,0.01695861,316677.2,0.06089946153846154,4571.322302455199,29345.064699169623,0.09648745
0.01254535,0.01700916,315324.4,0.060639307692307694,4557.7505632140865,29257.94251881126,0.09628647
0.01263085,0.01705967,313978.4,0.06038046153846154,4544.474552216724,29172.718731056186,0.09608814
0.01271638,0.01711013,312638.3,0.060122749999999996,4531.355510540636,29088.502589357067,0.09589137
0.01280193,0.01716056,311303.6,0.05986607692307692,4518.433147826408,29005.549005071072,0.0956958
0.01288751,0.01721094,309974.2,0.05961042307692308,4505.468584978958,28922.324522003983,0.09549943
0.01297311,0.01726128,308651.0,0.05935596153846154,4492.558778000853,28839.451537786088,0.09530283
0.01305874,0.01731158,307334.3,0.059102749999999996,4479.364702214517,28754.7537234605,0.09510315
0.01314439,0.01736184,306025.9,0.05885113461538462,4466.105290463779,28669.636492612583,0.09490233
0.01323006,0.01741206,304726.2,0.05860119230769231,4452.63294419054,28583.15235369604,0.09469996
0.01331576,0.01746224,303434.4,0.058352769230769236,4439.333749885212,28497.779743428087,0.09449922
0.01340148,0.01751237,302150.3,0.05810582692307692,4426.074399136386,28412.662904174755,0.09429952
0.01348723,0.01756247,300872.0,0.05786,4413.146339280985,28329.67274776252,0.09410293
0.013573,0.01761252,299598.4,0.05761507692307693,4400.483085971014,28248.382485755945,0.0939091
0.0136588,0.01766253,298328.5,0.05737086538461538,4388.053999632814,28168.59543102342,0.0937168
0.01374462,0.0177125,297062.3,0.05712736538461538,4375.644193524258,28088.932143452523,0.09352415
0.01383046,0.01776243,295800.4,0.05688469230769231,4363.292656757539,28009.642909053346,0.09333118
0.01391633,0.01781231,294543.4,0.056642961538461545,4350.695365135669,27928.77608032864,0.09313528
0.01400222,0.01786216,293293.2,0.05640253846153846,4338.035337937893,27847.506527969043,0.09293817
0.01408813,0.01791196,292050.5,0.05616355769230769,4325.183857670077,27765.00796519288,0.0927395
0.01417407,0.01796173,290815.4,0.055926038461538465,4312.444473885243,27683.22899257642,0.09254177
0.01426003,0.01801145,289588.2,0.055690038461538464,4299.649666554917,27601.094235042438,0.09234394
0.01434602,0.01806113,288368.1,0.05545540384615384,4287.066871627136,27520.32046613671,0.09214809
0.01443203,0.01811077,287154.5,0.05522201923076923,4274.589648493128,27440.22440291737,0.09195363
0.01451807,0.01816037,285946.5,0.054989711538461536,4262.32566933781,27361.497234284176,0.09176086
0.01460412,0.01820993,284744.0,0.05475846153846154,4250.037630037888,27282.61561438867,0.09156768
0.0146902,0.01825945,283547.3,0.05452832692307692,4237.858835357242,27204.435277449942,0.09137507
0.01477631,0.01830892,282356.4,0.054299307692307695,4225.543667444803,27125.37950862402,0.09118098
0.01486244,0.01835836,281172.2,0.054071576923076924,4213.248217051966,27046.450314091086,0.09098659
0.01494859,0.01840776,279995.5,0.05384528846153846,4200.665023155099,26965.673984050336,0.09078954
0.01503476,0.01845711,278826.4,0.05362046153846154,4188.18206103788,26885.541080104726,0.09059351
0.01512096,0.01850643,277664.8,0.05339707692307692,4175.6424591000805,26805.044583507028,0.09039763
0.01520718,0.0185557,276510.0,0.053175,4163.3385756863345,26726.06125419037,0.09020413
0.01529342,0.01860493,275361.4,0.05295411538461539,4151.25767093859,26648.509310137622,0.09001346
0.01537969,0.01865412,274217.0,0.052734038461538464,4139.517395385904,26573.143995052615,0.08982589
0.01546598,0.01870327,273076.3,0.05251467307692308,4127.904779521778,26498.59817629109,0.08963928
0.0155523,0.01875238,271939.5,0.05229605769230769,4116.4238458375885,26424.89767576228,0.08945326
0.01563864,0.01880145,270806.3,0.052078134615384616,4104.838239533707,26350.525241689124,0.0892657
0.015725,0.01885047,269678.4,0.05186123076923077,4093.2024452520973,26275.830631808592,0.08907692
0.01581138,0.01889946,268556.8,0.05164553846153846,4081.265113811199,26199.200339676172,0.0888851
0.01589779,0.01894841,267442.3,0.05143121153846154,4069.3711735315806,26122.848591989074,0.08869365
0.01598422,0.01899732,266335.7,0.05121840384615385,4057.301347291117,26045.367765107996,0.08850098
0.01607067,0.01904618,265237.1,0.051007134615384614,4045.325760734957,25968.49189877228,0.08830936
0.01615714,0.01909501,264141.2,0.05079638461538462,4034.24684803971,25897.37212459581,0.08812766
0.01624364,0.01914379,263033.6,0.05058338461538461,4024.1153683605976,25832.334284992554,0.08795406
0.01633016,0.01919254,261919.5,0.050369134615384614,4012.2812033533373,25756.36625762065,0.08776064
0.01641671,0.01924124,260826.3,0.050158903846153846,3999.4308241172557,25673.87476278793,0.08755764
0.01650328,0.0192899,259768.5,0.049955480769230766,3988.4851909408408,25603.610560772955,0.08737869
0.01658987,0.01933853,258734.2,0.049756576923076924,3979.5675679889005,25546.36493135257,0.08722292
0.01667648,0.01938711,257696.5,0.04955701923076923,3970.1624271725655,25485.989738465403,0.08706064
0.01676311,0.01943565,256633.1,0.049352519230769235,3958.7064319163314,25412.449327235372,0.0868721
0.01684977,0.01948415,255542.6,0.049142807692307694,3945.7388511346053,25329.205470894925,0.08666435
0.01693645,0.01953261,254444.6,0.04893165384615385,3933.6518326378277,25251.61428035089,0.08646523
0.01702315,0.01958104,253360.8,0.04872323076923077,3921.2388647518646,25171.93069612261,0.08626412
0.01710988,0.01962942,252306.3,0.048520442307692306,3907.6847126455323,25084.921414302975,0.08605302
0.01719662,0.01967776,251300.2,0.04832696153846154,3895.8700921225586,25009.078850444243,0.08586561
0.01728339,0.01972606,250337.7,0.04814186538461539,3886.9653348744696,24951.915810893253,0.08571291
0.01737019,0.01977432,249377.3,0.04795717307692308,3878.7625674310334,24899.259112149743,0.08556689
0.017457,0.01982254,248393.4,0.04776796153846154,3870.467559933278,24846.010289249858,0.08541637
0.01754384,0.01987072,247385.9,0.04757421153846154,3860.700230497593,24783.31006921192,0.08524668
0.01763069,0.01991886,246351.9,0.047375365384615384,3848.139371567403,24702.677115857132,0.08504251
0.01771757,0.01996696,245306.0,0.04717423076923077,3833.9361369492003,24611.501125359853,0.08481967
0.01780447,0.02001502,244290.3,0.046978903846153844,3820.958394485353,24528.192037298788,0.08461342
0.0178914,0.02006305,243323.5,0.04679298076923077,3809.910951842356,24457.274281413363,0.08443368
0.01797834,0.02011103,242382.5,0.04661201923076923,3800.2530509688495,24395.27652513199,0.0842709
0.01806531,0.02015897,241439.3,0.04643063461538461,3790.675995355333,24333.7977454679,0.0841083
0.0181523,0.02020687,240485.2,0.04624715384615385,3780.681911505143,24269.641902193573,0.08393889
0.01823932,0.02025473,239524.8,0.04606246153846154,3770.203882511536,24202.379430113662,0.08376295
0.01832635,0.02030255,238564.9,0.045877865384615385,3759.6168280476313,24134.417081877997,0.08358491
0.01841341,0.02035033,237608.7,0.04569398076923077,3748.817395768346,24065.091399289457,0.08340445
0.01850048,0.02039807,236658.5,0.04551125,3738.0483407527804,23995.960719964798,0.0832241
0.01858759,0.02044577,235714.1,0.04532963461538462,3727.256435897381,23926.683358786635,0.08304406
0.01867471,0.02049343,234775.2,0.045149076923076924,3716.642109665994,23858.545942654142,0.08286573
0.01876186,0.02054106,233840.9,0.044969403846153846,3706.0115274178697,23790.304172938297,0.08268748
0.01884901,0.02058863,232911.3,0.044790634615384614,3695.5264261364496,23722.996301140378,0.08251053
0.01893621,0.02063618,231985.9,0.04461267307692308,3685.0146097717025,23655.516935013948,0.08233344
0.01902341,0.02068368,231065.1,0.04443559615384615,3674.6245116023233,23588.818924495765,0.0821574
0.01911065,0.02073115,230148.5,0.04425932692307692,3664.190897846509,23521.841570799643,0.08198103
0.01919789,0.02077857,229236.6,0.04408396153846154,3653.8727689908565,23455.60555880791,0.08180566
0.01928517,0.02082596,228329.0,0.043909423076923075,3643.4902202856747,23388.956011185288,0.08162976
0.01937246,0.0208733,227426.2,0.04373580769230769,3633.218399874832,23323.01727079664,0.08145481
0.01945979,0.02092061,226528.0,0.04356307692307692,3622.767883525512,23255.931412893817,0.08127807
0.01954712,0.02096788,225635.4,0.04339142307692308,3612.3698014821225,23189.182150837485,0.08110176
0.01963448,0.02101511,224748.4,0.04322084615384615,3601.8742337240014,23121.807090726066,0.08092492
0.01972186,0.0210623,223866.9,0.04305132692307692,3591.521628536131,23055.349761983387,0.08074962
0.01980926,0.02110945,222990.7,0.042882826923076926,3581.1949872352525,22989.059105352888,0.08057508
0.01989668,0.02115656,222118.9,0.042715173076923074,3571.0632278792386,22924.019470396725,0.08040248
0.01998413,0.02120363,221251.6,0.04254838461538462,3560.915958036919,22858.880267701945,0.08022987
0.02007159,0.02125066,220388.5,0.04238240384615385,3550.882091913466,22794.469046813538,0.08005821
0.02015908,0.02129765,219529.8,0.04221726923076923,3540.794283356242,22729.71154882973,0.07988615
0.02024659,0.0213446,218675.4,0.04205296153846154,3530.7841969580404,22665.452979084665,0.07971465
0.02033412,0.02139151,217825.9,0.04188959615384615,3520.7358900026497,22600.949056977774,0.07954305
0.02042166,0.02143838,216980.6,0.04172703846153846,3510.912268526826,22537.887476823304,0.07937382
0.02050924,0.02148522,216139.0,0.04156519230769231,3501.145743408857,22475.192420008138,0.07920523
0.02059683,0.02153201,215301.1,0.04140405769230769,3491.5115177700104,22413.346644105066,0.07903768
0.02068444,0.02157877,214466.7,0.04124359615384616,3481.8152144017663,22351.102367535226,0.07886941
0.02077207,0.02162548,213636.1,0.041083865384615385,3472.113161703322,22288.82118381784,0.07870065
0.02085972,0.02167216,212810.8,0.04092515384615385,3462.1157856533914,22224.644206655328,0.07852887
0.0209474,0.0217188,211990.0,0.04076730769230769,3452.0979143716504,22160.335662767982,0.07835679
0.02103509,0.0217654,211174.2,0.04061042307692308,3441.948780109017,22095.18449164676,0.07818422
0.02112281,0.02181197,210362.0,0.04045423076923077,3432.043927573552,22031.60145827962,0.07801451
0.02121054,0.02185849,209553.2,0.04029869230769231,3421.9138310506123,21966.572497684378,0.07784226
0.0212983,0.02190497,208771.2,0.04014830769230769,3411.7066248447572,21901.048540568576,0.07766995
0.02138608,0.02195141,208040.3,0.040007749999999995,3401.946108163425,21838.392054204185,0.07750536
0.02147388,0.02199781,207384.1,0.039881557692307695,3392.058137790236,21774.917393887878,0.07734458
0.0215617,0.02204418,206845.6,0.039778,3384.70247275864,21727.698569229273,0.07722491
0.02164954,0.0220905,206309.7,0.03967494230769231,3384.1665269091154,21724.258128020152,0.0771851
0.0217374,0.02213679,205502.5,0.03951971153846154,3383.9177916379567,21722.661401265355,0.07712437
0.02182528,0.02218304,204394.2,0.03930657692307692,3372.3594303830314,21648.4638635726,0.07690875
0.02191317,0.02222926,203330.0,0.039101923076923076,3352.622425052981,21521.764484255786,0.076609
0.02200108,0.02227543,202525.6,0.03894723076923077,3339.977503233722,21440.591899093106,0.07641104
0.02208903,0.02232157,201759.4,0.03879988461538461,3331.834892583769,21388.321369794685,0.07625635
0.02217698,0.02236766,200930.5,0.03864048076923077,3316.181309177224,21287.835036203156,0.07600849
0.02226498,0.02241372,200338.7,0.038526673076923076,3300.4905515733903,21187.11006723385,0.07579495
0.02235298,0.02245973,200053.2,0.03847176923076923,3300.838389118865,21189.34296935744,0.07579847
0.022441,0.02250571,199621.3,0.03838871153846154,3311.837010811395,21259.94732490586,0.07590032
0.02252905,0.02255165,198701.5,0.038211826923076925,3313.713752839632,21271.994849144678,0.07584027
0.02261711,0.02259755,197450.3,0.03797121153846154,3294.9878029632405,21151.78582113959,0.07551258
0.02270518,0.02264341,196344.9,0.03775863461538462,3267.8474429652233,20977.561479164662,0.07511186
0.02279329,0.02268924,195651.5,0.03762528846153846,3245.0943923717464,20831.500952780327,0.07480881
0.0228814,0.02273502,195442.2,0.03758503846153846,3235.5710284712513,20770.366840739338,0.07471231
0.02296955,0.02278078,195533.6,0.03760261538461539,3255.1816621816506,20896.254992339214,0.07498031
0.0230577,0.02282648,195149.9,0.03752882692307692,3273.74229319816,21015.402775409413,0.07516108
0.0231459,0.02287216,194062.3,0.03731967307692308,3276.0125082023055,21029.97615303844,0.07506779
0.02323409,0.02291779,192494.9,0.037018249999999996,3261.3425741895626,20935.804240787736,0.07472572
0.02332232,0.02296339,190653.2,0.036664076923076924,3183.765449751708,20437.807034469184,0.07365192
0.02341056,0.02300895,189059.5,0.03635759615384616,3146.2653140732546,20197.079333619735,0.07306575
0.02349882,0.02305446,188158.9,0.036184403846153845,3122.895053825266,20047.056702608723,0.07273527
0.02358711,0.02309994,187464.0,0.03605076923076923,3091.7112026086425,19846.87564536198,0.07234245
0.0236754,0.02314539,187601.8,0.036077269230769225,3185.568705875014,20449.382824603075,0.07348488
0.02376372,0.02319079,186655.1,0.03589521153846154,3302.0909975734667,21197.383941686883,0.07463347
0.02385206,0.02323616,182736.5,0.035141634615384616,2977.208689322434,19111.840257724434,0.07038834
0.02394042,0.02328149,180808.9,0.03477094230769231,2734.10166521865,17551.243371498196,0.06740931
0.0240288,0.02332678,183943.4,0.03537373076923077,2932.319649998544,18823.68036085266,0.07029466
0.0241172,0.02337203,188335.9,0.036218442307692306,3213.7126966250344,20630.0498558926,0.074102
0.02420562,0.02341724,189686.6,0.03647819230769231,3348.0986236043464,21492.724474076436,0.0757275
0.02429405,0.02346242,187872.2,0.036129269230769236,3305.5225116566317,21219.412141871435,0.07498852
0.02438251,0.02350756,185250.1,0.03562501923076923,3202.536653279734,20558.306562956896,0.07351696
0.02447098,0.02355265,183237.4,0.03523796153846154,3126.7586625423264,20071.8586833646,0.07244485
0.02455948,0.02359772,181931.0,0.03498673076923077,3088.034289762731,19823.272136745112,0.0718841
0.02464799,0.02364274,181043.7,0.034816096153846156,3068.920466473409,19700.573201084328,0.07159384
0.02473653,0.02368773,180344.4,0.03468161538461538,3057.12416569632,19624.848238674957,0.07140378
0.02482508,0.02373268,179710.6,0.03455973076923077,3048.1579815690434,19567.290876513405,0.07124952
0.02491365,0.02377759,179097.1,0.03444175,3040.2949907866673,19516.815333996117,0.07110915
0.02500224,0.02382246,178491.0,0.03432519230769231,3033.0004967851737,19469.989189555028,0.0709755
0.02509085,0.02386729,177885.1,0.03420867307692308,3025.824491940861,19423.923672292156,0.07084288
0.02517948,0.02391209,177271.6,0.03409069230769231,3018.585020699361,19377.450739973316,0.07070781
0.02526813,0.02395685,176648.8,0.03397092307692307,3011.0187459644058,19328.87993114855,0.07056771
0.0253568,0.02400157,176020.5,0.033850096153846154,3003.223105608663,19278.836736756442,0.07042398
0.02544549,0.02404625,175392.0,0.03372923076923077,2995.186514461885,19227.24678716214,0.07027738
0.02553419,0.0240909,174766.6,0.03360896153846154,2987.126572233205,19175.50693804996,0.07013037
0.02562292,0.02413551,174145.4,0.0334895,2979.0208300000277,19123.47308120735,0.06998326
0.02571166,0.02418008,173527.8,0.033370730769230764,2971.0231128989053,19072.132678967053,0.06983733
0.02580042,0.02422461,172913.8,0.03325265384615384,2963.0119270136165,19020.705815454363,0.06969162
0.0258892,0.02426911,172302.8,0.03313515384615384,2955.1164321662027,18970.02161692282,0.06954717
0.025978,0.02431357,171694.9,0.03301825,2947.242999509913,18919.479044026724,0.06940324
0.02606682,0.02435799,171089.8,0.03290188461538461,2939.4451945901515,18869.42195447104,0.06925996
0.02615565,0.02440237,170487.9,0.03278613461538461,2931.5987271418335,18819.052481549134,0.06911636
0.02624451,0.02444672,169889.1,0.03267098076923077,2923.830385125262,18769.184525627687,0.06897358
0.02633338,0.02449103,169293.6,0.03255646153846154,2916.023545765915,18719.06944055197,0.06883067
0.02642228,0.0245353,168701.2,0.03244253846153847,2908.31328484177,18669.57432935734,0.06868881
0.02651119,0.02457954,168112.1,0.032329250000000004,2900.557266704188,18619.78548512445,0.06854667
0.02660012,0.02462373,167526.3,0.03221659615384615,2892.8652765797156,18570.40766117474,0.0684052
0.02668907,0.02466789,166944.0,0.032104615384615384,2885.1255805240226,18520.723594622654,0.06826353
0.02677803,0.02471201,166364.9,0.03199325,2877.481332353902,18471.652244521563,0.06812292
0.02686702,0.0247561,165789.4,0.03188257692307692,2869.835774414437,18422.57248651055,0.06798266
0.02695602,0.02480014,165216.7,0.03177244230769231,2862.325665326159,18374.362226434387,0.06784394
0.02704504,0.02484415,164646.8,0.03166284615384615,2854.9381617155436,18326.939017770575,0.06770692
0.02713408,0.02488812,164079.1,0.031553673076923076,2847.689015290658,18280.40397675241,0.06757123
0.02722314,0.02493206,163513.4,0.03144488461538462,2840.44242995382,18233.885376337086,0.06743551
0.02731223,0.02497596,162950.2,0.031336576923076925,2833.23397329927,18187.611538503486,0.06729998
0.02740133,0.02501982,162389.6,0.031228769230769234,2825.8850434859655,18140.435949784824,0.06716288
0.02749044,0.02506365,161832.4,0.031121615384615383,2818.5301406444737,18093.222017915752,0.06702563
0.02757957,0.02510744,161278.9,0.031015173076923076,2811.0696111296606,18045.330028067503,0.06688767
0.02766872,0.02515119,160728.9,0.030909403846153843,2803.697756088542,17998.007273551084,0.06675078
0.02775789,0.0251949,160182.7,0.03080436538461539,2796.293842383329,17950.47872221926,0.06661407
0.02784707,0.02523858,159639.8,0.030699961538461537,2789.037318508477,17903.89632253061,0.0664791
0.02793628,0.02528222,159099.9,0.030596134615384615,2781.79747552685,17857.421003869847,0.06634468
0.0280255,0.02532583,158562.8,0.03049284615384615,2774.606297023371,17811.258081090473,0.06621063
0.02811474,0.0253694,158029.0,0.03039019230769231,2767.362357948231,17764.756468040207,0.06607639
0.028204,0.02541293,157498.1,0.030288096153846155,2760.2092491759918,17718.83792941325,0.0659432
0.02829327,0.02545642,156970.3,0.03018659615384615,2753.073967346532,17673.033828744203,0.06581062
0.02838257,0.02549988,156444.9,0.030085557692307693,2746.0725176336337,17628.088847572642,0.06567955
0.02847188,0.0255433,155922.1,0.029985019230769232,2739.196186237415,17583.94704868732,0.06555021
0.02856121,0.02558668,155401.0,0.029884807692307693,2732.4546121260896,17540.670308308538,0.06542219
0.02865056,0.02563002,154881.8,0.029784961538461538,2725.739696424811,17497.564698450828,0.06529443
0.02873993,0.02567333,154364.5,0.02968548076923077,2719.080209682373,17454.814908260985,0.06516702
0.02882931,0.0257166,153849.3,0.029586403846153846,2712.330117782831,17411.483488944737,0.06503857
0.02891871,0.02575984,153336.7,0.029487826923076926,2705.572935526714,17368.106553920195,0.06490987
0.02900813,0.02580304,152827.0,0.02938980769230769,2698.7434580035106,17324.265527950032,0.06478069
0.02909757,0.0258462,152320.0,0.029292307692307694,2691.986300864643,17280.888754162712,0.06465233
0.02918702,0.02588933,151816.1,0.029195403846153847,2685.1962470791054,17237.30080422962,0.06452397
0.02927649,0.02593242,151314.7,0.029098980769230773,2678.500883179473,17194.320704858008,0.06439669
0.02936598,0.02597547,150816.1,0.029003096153846154,2671.8126247840846,17151.386218433363,0.06426983
0.02945549,0.02601849,150319.9,0.028907673076923077,2665.2064837636403,17108.978874818004,0.0641438
0.02954501,0.02606147,149826.4,0.02881276923076923,2658.5662482415064,17066.352665567763,0.06401764
0.02963455,0.02610442,149335.5,0.028718365384615384,2651.9988054461496,17024.193740646995,0.06389229
0.02972411,0.02614733,148847.4,0.028624499999999997,2645.401677065705,16981.844252611794,0.06376688
0.02981369,0.0261902,148361.9,0.028531134615384614,2638.8858338760874,16940.016565278027,0.06364238
0.02990328,0.02623303,147879.2,0.028438307692307693,2632.330992245412,16897.938532048633,0.06351774
0.02999289,0.02627583,147399.0,0.02834596153846154,2625.8428905724386,16856.288928111073,0.06339381
0.03008252,0.0263186,146921.8,0.028254192307692307,2619.3128311367,16814.369981261,0.06326977
0.03017217,0.02636132,146447.3,0.028162942307692305,2612.8625651303378,16772.963258925563,0.06314662
0.03026183,0.02640401,145975.7,0.028072250000000003,2606.3874820066953,16731.39722603094,0.06302359
0.03035151,0.02644667,145506.7,0.027982057692307695,2600.00498184961,16690.425518577376,0.06290162
0.03044121,0.02648929,145040.5,0.027892403846153845,2593.6208959995724,16649.443631954815,0.06277998
0.03053092,0.02653187,144576.8,0.027803230769230768,2587.330384724986,16609.062436289732,0.06265937
0.03062066,0.02657441,144115.7,0.027714557692307695,2581.033922901745,16568.643041778956,0.062539
0.0307104,0.02661692,143656.9,0.027626326923076924,2574.825932281586,16528.79157772827,0.06241959
0.03080017,0.0266594,143200.7,0.027538596153846157,2568.6099045773512,16488.888520563683,0.06230038
0.03088995,0.02670183,142746.6,0.02745126923076923,2562.477389065724,16449.52156007597,0.06218206
0.03097975,0.02674423,142295.0,0.027364423076923078,2556.3564559502784,16410.228951415327,0.06206417
0.03106957,0.0267866,141845.3,0.027277942307692305,2550.3212373869346,16371.486577218735,0.06194718
0.0311594,0.02682893,141397.8,0.027191884615384614,2544.291158437765,16332.777196169523,0.06183049
0.03124926,0.02687122,140952.3,0.027106211538461537,2538.3333896769486,16294.532001851252,0.06171455
0.03133912,0.02691348,140509.0,0.02702096153846154,2532.3716461916183,16256.261292257464,0.06159878
0.03142901,0.0269557,140067.6,0.026936076923076924,2526.476384290983,16218.417353360444,0.06148367
0.03151891,0.02699789,139628.5,0.026851634615384614,2520.5671573999794,16180.48376785381,0.06136865
0.03160883,0.02704004,139191.4,0.02676757692307692,2514.722796208552,16142.96658005989,0.06125431
0.03169876,0.02708215,138756.5,0.026683942307692308,2508.865807140549,16105.368329100736,0.06114005
0.03178871,0.02712423,138323.5,0.026600673076923077,2503.075020996169,16068.19506000645,0.06102648
0.03187868,0.02716627,137892.9,0.026517865384615383,2497.283260042212,16031.015533236985,0.06091316
0.03196867,0.02720828,137464.0,0.026435384615384614,2491.5737616198744,15994.364081092968,0.06080073
0.03205867,0.02725025,137037.3,0.02635332692307692,2485.856551086727,15957.663121962636,0.06068839
0.03214869,0.02729219,136612.3,0.026271596153846152,2480.2014231765233,15921.360694912619,0.06057666
0.03223872,0.02733409,136189.4,0.02619026923076923,2474.507628166954,15884.810048975909,0.06046466
0.03232877,0.02737595,135768.4,0.026109307692307692,2468.854714507437,15848.521836047179,0.06035305
0.03241884,0.02741778,135349.8,0.02602880769230769,2463.108363012728,15811.633809948946,0.06024053
0.03250893,0.02745958,134933.3,0.025948711538461535,2457.395137944446,15774.95843504055,0.06012841
0.03259903,0.02750134,134519.5,0.025869134615384617,2451.645735454151,15738.050823435771,0.06001626
0.03268914,0.02754306,134107.7,0.02578994230769231,2445.973615904499,15701.63932055912,0.05990505
0.03277928,0.02758475,133698.3,0.025711211538461537,2440.337591336255,15665.459525161099,0.05979466
0.03286943,0.0276264,133290.6,0.025632807692307694,2434.8283175576207,15630.093391516872,0.05968574
0.03295959,0.02766802,132884.7,0.02555475,2429.397944594874,15595.233752360202,0.05957793
0.03304978,0.0277096,132480.1,0.025476942307692308,2424.045958170408,15560.877306346612,0.05947084
0.03313998,0.02775114,132077.0,0.025399423076923076,2418.6783014298194,15526.420266585728,0.05936362
0.03323019,0.02779265,131675.7,0.02532225,2413.3357580048873,15492.124438794597,0.05925651
0.03332043,0.02783413,131276.3,0.025245442307692306,2407.8682421094186,15457.026364959356,0.05914805
0.03341067,0.02787557,130879.3,0.025169096153846153,2402.3785323389884,15421.785820159786,0.05903928
0.03350094,0.02791697,130485.3,0.025093326923076923,2396.7427795683247,15385.6077695343,0.05892929
0.03359122,0.02795834,130094.3,0.025018134615384616,2391.1453477489804,15349.675715738915,0.05881988
0.03368151,0.02799968,129706.6,0.024943576923076922,2385.4510016409145,15313.121532090365,0.05870991
0.03377182,0.02804097,129321.6,0.024869538461538464,2379.840046547295,15277.102667229763,0.05860107
0.03386215,0.02808224,128939.5,0.024796057692307694,2374.263894690779,15241.307217647489,0.05849319
0.0339525,0.02812347,128558.1,0.02472271153846154,2368.8191802348697,15206.355514965891,0.05838666
0.03404286,0.02816466,128177.7,0.024649557692307693,2363.7119129110592,15173.570014373936,0.05828432
0.03413324,0.02820582,127793.4,0.024575653846153844,2358.848098035009,15142.347328074653,0.05818406
0.03422363,0.02824694,127406.9,0.02450132692307692,2355.0915085822508,15118.232344871609,0.05809678
0.03431404,0.02828803,127009.9,0.02442498076923077,2352.1034544880968,15099.050883815915,0.05801712
0.03440446,0.02832908,126597.4,0.024345653846153847,2351.2679218768762,15093.687280702354,0.0579609
0.0344949,0.0283701,126166.4,0.02426276923076923,2350.664733521255,15089.815184151215,0.05790506
0.03458536,0.02841108,125727.4,0.024178346153846154,2349.8783727985465,15084.76723418007,0.05784472
0.03467583,0.02845203,125331.3,0.024102173076923077,2348.4900978838086,15075.855367000777,0.05778271
0.03476632,0.02849294,124975.0,0.024033653846153847,2338.479846677206,15011.595739287603,0.05761951
0.03485682,0.02853382,124773.5,0.023994903846153846,2324.0238666222835,14918.797279250393,0.05742228
0.03494734,0.02857467,124691.2,0.023979076923076922,2275.331969198147,14606.225383046707,0.05682453
0.03503787,0.02861548,124954.8,0.024029769230769233,2211.716484769584,14197.853279110268,0.05607953
0.03512842,0.02865625,125551.7,0.02414455769230769,2075.7818381596294,13325.236837804996,0.05445526
0.03521899,0.02869699,126768.5,0.024378557692307692,1916.9178457397254,12305.42816375315,0.05253123
0.03530957,0.02873769,128585.5,0.02472798076923077,1662.0089723964627,10669.070697417228,0.04921501
0.03540017,0.02877836,131053.6,0.025202615384615386,1378.625128549711,8849.92151427695,0.04516291
0.03549078,0.028819,134385.0,0.025843269230769232,1017.3381140501604,6530.68210957233,0.03921436
0.03558141,0.0288596,137906.8,0.02652053846153846,684.3642076130815,4393.195364810672,0.03251352
0.03567206,0.02890016,141795.8,0.027268423076923076,372.24202351905967,2389.5637938392074,0.02426173
0.03576272,0.02894069,145427.9,0.027966903846153846,97.4508870110952,625.5744826384583,0.01254949
0.03585339,0.02898119,149077.0,0.028668653846153847,-94.47766389269107,-606.488227283465,0.01247814
0.03594408,0.02902165,152223.9,0.029273826923076923,-275.770308209479,-1770.2749885237215,0.02150119
0.03603479,0.02906208,155312.7,0.029867826923076924,-385.0862825322071,-2472.0160006221918,0.02557831
0.03612551,0.02910247,157883.4,0.030362192307692305,-494.9229351562098,-3177.0994457033794,0.02915835
0.03621625,0.02914283,160405.0,0.030847115384615386,-569.0264956359439,-3652.7985176215175,0.03143199
0.036307,0.02918316,162695.1,0.03128751923076923,-646.7344057632624,-4151.635287257883,0.03367529
0.03639777,0.02922345,165190.3,0.03176736538461538,-686.7910882266623,-4408.774438853305,0.03498921
0.03648855,0.0292637,167380.3,0.03218851923076923,-718.4035365055763,-4611.706824422716,0.03606532
0.03657935,0.02930392,169603.7,0.032616096153846155,-729.4220506348547,-4682.438877124125,0.03703721
0.03667016,0.02934411,171559.4,0.032992192307692306,-740.4701290990663,-4753.360714588892,0.03801156
0.03676099,0.02938426,173629.3,0.033390249999999996,-735.7285289322126,-4722.922571209856,0.03927643
0.03685183,0.02942438,175475.2,0.03374523076923077,-729.0887488244374,-4680.299285438412,0.04047578
0.03694269,0.02946446,177418.6,0.03411896153846154,-710.2781165241112,-4559.546648594388,0.0419904
0.03703356,0.02950451,179118.5,0.03444586538461539,-688.8176051671901,-4421.7834254876125,0.04335765
0.03712445,0.02954453,180839.7,0.034776865384615385,-661.0823101797575,-4243.739968473078,0.0449019
0.03721535,0.02958451,182313.1,0.03506021153846154,-632.6913801877124,-4061.487739826086,0.04629994
0.03730627,0.02962446,183763.7,0.03533917307692308,-603.990309129022,-3877.2445971580705,0.04777016
0.0373972,0.02966437,185002.6,0.035577423076923076,-575.4279531522826,-3693.8919196083025,0.04909892
0.03748815,0.02970425,186212.3,0.03581005769230769,-549.5920103859966,-3528.041130300904,0.05043401
0.03757911,0.02974409,187262.7,0.0360120576923077,-524.5693925433626,-3367.4113844743383,0.05166575
0.03767009,0.0297839,188297.0,0.03621096153846154,-503.33623214259217,-3231.107614032731,0.05287686
0.03776109,0.02982367,189215.6,0.036387615384615386,-482.3541424721364,-3096.4155625506887,0.05398245
0.0378521,0.02986342,190086.5,0.03655509615384615,-464.9462245763204,-2984.667485488568,0.0550516
0.03794312,0.02990312,190856.8,0.036703230769230766,-448.32609442321666,-2877.976518984303,0.0560722
0.03803416,0.0299428,191588.9,0.03684401923076923,-434.88948641251284,-2791.7217976316406,0.05707031
0.03812521,0.02998244,192268.7,0.03697475,-421.88427882791154,-2708.236400465205,0.05802783
0.03821626,0.03002205,192906.9,0.03709748076923077,-411.2154572844552,-2639.7491581002396,0.05894965
0.03830736,0.03006163,193514.5,0.037214326923076926,-400.9368427673864,-2573.7668037474937,0.05984823
0.03839844,0.03010116,194085.4,0.037324115384615386,-392.3742807692215,-2518.800446268861,0.06070438
0.03848956,0.03014067,194629.7,0.037428788461538465,-384.69657925085255,-2469.514346341835,0.06159115
0.03858069,0.03018014,195135.8,0.03752611538461538,-378.11082551167135,-2427.237876475496,0.06241748
0.03867183,0.03021958,195626.5,0.03762048076923077,-371.6436147594125,-2385.7223793410512,0.06322469
0.03876299,0.03025898,196083.6,0.037708384615384616,-365.56524082987954,-2346.7029743579265,0.06392708
0.03885416,0.03029835,196523.7,0.037793019230769234,-359.3408336800678,-2306.7461263301475,0.06458999
0.03894534,0.03033769,196931.8,0.037871499999999995,-353.5647895349313,-2269.667491762365,0.06516769
0.03903654,0.03037699,197322.8,0.037946692307692306,-347.9396537437241,-2233.557595585074,0.06573539
0.03912776,0.03041626,197683.8,0.038016115384615384,-342.657248639769,-2199.6478186569566,0.06622375
0.03921898,0.03045549,198027.0,0.03808211538461539,-337.53612152217465,-2166.7733467524563,0.06670653
0.03931022,0.0304947,198339.9,0.038142288461538464,-332.7252196351857,-2135.890329149601,0.06712045
0.03940148,0.03053386,198632.2,0.0381985,-328.2537535074812,-2107.186279394203,0.06755003
0.03949275,0.030573,198895.5,0.038249134615384615,-324.0971388539634,-2080.5033815658253,0.06792344
0.03958404,0.0306121,199145.7,0.038297250000000005,-320.3610120407328,-2056.519755865299,0.06832606
0.03967534,0.03065117,199380.4,0.03834238461538461,-316.70853578931525,-2033.0731150864453,0.06865882
0.03976665,0.0306902,199618.6,0.03838819230769231,-313.13895785027034,-2010.15863025265,0.06898878
0.03985798,0.0307292,199856.0,0.03843384615384615,-309.29961101033956,-1985.512395757259,0.06921618
0.03994932,0.03076817,200102.5,0.03848125,-305.06909411390603,-1958.355091191336,0.0693875
0.04004068,0.0308071,200345.6,0.038528,-300.47913831755176,-1928.8904109744099,0.06944617
0.04013205,0.030846,200584.8,0.038574,-295.5110683341564,-1896.9984713020663,0.06944538
0.04022344,0.03088487,200805.2,0.038616384615384615,-290.5289049302577,-1865.016060577992,0.0693717
0.04031483,0.0309237,201006.5,0.03865509615384615,-285.670652352004,-1833.8290807937858,0.06929568
0.04040625,0.0309625,201181.9,0.03868882692307692,-281.1766842580823,-1804.9805823185618,0.06919791
0.04049768,0.03100127,201339.1,0.03871905769230769,-277.15467807021946,-1779.1617876691655,0.06914419
0.04058912,0.03104,201479.0,0.03874596153846154,-273.49316260615325,-1755.6571207301654,0.06907933
0.04068057,0.0310787,201614.6,0.03877203846153846,-270.1341963410971,-1734.0946327127574,0.069043
0.04077204,0.03111737,201746.1,0.03879732692307693,-266.90362590144633,-1713.356366562532,0.06897669
0.04086353,0.031156,201882.2,0.038823500000000004,-263.6753861725389,-1692.6330621352026,0.06890322
0.04095503,0.0311946,202018.8,0.03884976923076923,-260.48393295551233,-1672.1459043848693,0.06879541
0.04104654,0.03123317,202158.2,0.03887657692307692,-257.22976834512133,-1651.2561782366204,0.06867219
0.04113807,0.0312717,202294.3,0.03890275,-254.12669215879333,-1631.3363464178617,0.06853589
0.04122961,0.03131021,202428.0,0.03892846153846154,-251.09558515920682,-1611.8785123103871,0.06840249
0.04132116,0.03134867,202555.5,0.03895298076923077,-248.3425110658703,-1594.205477672865,0.06827924
0.04141273,0.03138711,202679.8,0.038976884615384615,-245.7731262349654,-1577.7116146040821,0.06817572
0.04150431,0.03142551,202800.1,0.039000019230769234,-243.45899666890043,-1562.856332621019,0.06808517
0.04159591,0.03146388,202920.5,0.03902317307692308,-241.27784137159438,-1548.8546632825858,0.0680092
0.04168752,0.03150222,203040.5,0.03904625,-239.22011529432828,-1535.6453332736055,0.06793217
0.04177914,0.03154052,203162.9,0.03906978846153846,-237.17727562874032,-1522.5315648297328,0.06785395
0.04187078,0.03157879,203286.0,0.039093461538461535,-235.1507828711197,-1509.5227334347476,0.06776181
0.04196243,0.03161703,203410.8,0.03911746153846154,-233.09476506955374,-1496.32436950027,0.06766213
0.04205409,0.03165523,203534.9,0.039141326923076925,-231.0185255032864,-1482.99619433083,0.06754457
0.04214577,0.0316934,203658.7,0.039165134615384616,-228.92281838227294,-1469.5430494883365,0.06742069
0.04223746,0.03173155,203780.2,0.0391885,-226.7753252259284,-1455.7574702960515,0.06727518
0.04232917,0.03176965,203900.3,0.03921159615384615,-224.62291136405574,-1441.940303214632,0.06712537
0.04242088,0.03180773,204018.0,0.03923423076923077,-222.39766327601805,-1427.6555854033113,0.06695142
0.04251261,0.03184577,204135.2,0.039256769230769234,-220.12878962570912,-1413.0908184371322,0.06676725
0.04260436,0.03188378,204250.8,0.039278999999999994,-217.71646405903687,-1397.6051788025263,0.06654826
0.04269612,0.03192175,204365.7,0.03930109615384616,-215.17548310742328,-1381.2936510888908,0.06630529
0.0427879,0.0319597,204477.5,0.03932259615384615,-212.4359586422809,-1363.7075966924672,0.06601791
0.04287968,0.0319976,204585.6,0.03934338461538461,-209.5151020813634,-1344.957502280817,0.06569685
0.04297148,0.03203548,204686.6,0.03936280769230769,-206.40406731349876,-1324.9865812859612,0.06533092
0.04306329,0.03207332,204779.0,0.03938057692307692,-203.1399039855266,-1304.0326695487481,0.0649338
0.04315512,0.03211114,204859.5,0.039396057692307695,-199.74340959587224,-1282.2292741589192,0.06449928
0.04324696,0.03214892,204927.9,0.03940921153846154,-196.26383474817248,-1259.8925535613557,0.06404338
0.04333882,0.03218667,204981.6,0.039419538461538464,-192.72153806996283,-1237.1531975658518,0.06356044
0.04343068,0.03222438,205022.6,0.039427423076923075,-189.1356369638771,-1214.133928085248,0.06306175
0.04352256,0.03226207,205048.9,0.03943248076923077,-185.52480633936494,-1190.9546264995465,0.06254189
0.04361445,0.03229972,205063.1,0.03943521153846154,-181.85435812373785,-1167.3926168148041,0.06200305
0.04370636,0.03233733,205063.0,0.03943519230769231,-178.19453301729916,-1143.8988009273514,0.06144878
0.04379828,0.03237492,205050.1,0.03943271153846154,-174.4604679915133,-1119.9284106283037,0.06087217
0.04389022,0.03241247,205022.0,0.03942730769230769,-170.80719331715187,-1096.476644467472,0.06029213
0.04398216,0.03244999,204978.6,0.03941896153846154,-167.12235527057527,-1072.8222609590775,0.05969667
0.04407412,0.03248748,204917.3,0.039407173076923076,-163.59811681887723,-1050.198827620143,0.05911253
0.04416609,0.03252493,204838.0,0.039391923076923074,-160.21045379181447,-1028.4521241215186,0.05854366
0.04425808,0.03256236,204741.6,0.039373384615384616,-157.38932362103066,-1010.3422115165888,0.05806323
0.04435008,0.03259975,204629.2,0.03935176923076923,-154.75961899786012,-993.4611326512463,0.05761152
0.04444209,0.03263711,204501.6,0.03932723076923077,-152.02614889045634,-975.913943490699,0.05712722
0.04453411,0.03267444,204361.9,0.039300365384615385,-149.55917512515327,-960.0774961863619,0.05668716
0.04462615,0.03271173,204214.3,0.03927198076923077,-147.25705902796287,-945.2993332507123,0.05626684
0.0447182,0.03274899,204062.6,0.039242807692307695,-145.15086026862568,-931.7788385726484,0.05587994
0.04481027,0.03278623,203909.8,0.039213423076923076,-143.07626346611048,-918.4612089314827,0.05548912
0.04490234,0.03282342,203758.6,0.03918434615384615,-141.0973241376683,-905.757641169989,0.05511373
0.04499443,0.03286059,203610.8,0.039155923076923074,-139.04508174863886,-892.583513051282,0.05471477
0.04508654,0.03289773,203467.9,0.03912844230769231,-136.97627400624015,-879.303045599178,0.05430954
0.04517866,0.03293483,203330.0,0.039101923076923076,-134.77039400785446,-865.1426589564629,0.05386779
0.04527078,0.0329719,203197.3,0.039076403846153844,-132.4618733527304,-850.323382716063,0.05340187
0.04536293,0.03300894,203068.5,0.03905163461538461,-130.0092208138929,-834.5788688369797,0.05289676
0.04545508,0.03304594,202942.9,0.039027480769230766,-127.40276852250287,-817.8470555747514,0.05235547
0.04554725,0.03308292,202818.4,0.03900353846153846,-124.68991580556826,-800.4322173221506,0.05178088
0.04563942,0.03311986,202694.0,0.03897961538461538,-121.80349565687094,-781.9031833997301,0.05116377
0.04573162,0.03315677,202567.0,0.03895519230769231,-118.88607232638859,-763.1751282061834,0.05052726
0.04582383,0.03319365,202436.4,0.03893007692307692,-115.8042523173659,-743.3917479121721,0.04984772
0.04591604,0.0332305,202298.9,0.03890363461538462,-112.78361809681493,-724.0011425752906,0.0491672
0.04600827,0.03326732,202153.5,0.03887567307692308,-109.63052101180531,-703.7602074934052,0.04844851
0.04610052,0.0333041,201997.4,0.03884565384615384,-106.6247676447806,-684.4651280417302,0.04774747
0.04619277,0.03334085,201828.1,0.038813096153846156,-103.55790710605028,-664.7777783039891,0.04702286
0.04628504,0.03337757,201642.9,0.038777480769230765,-100.77779537269572,-646.931178723296,0.04634864
0.04637733,0.03341426,201442.9,0.03873901923076923,-98.05988304077245,-629.4838608686518,0.04567997
0.04646961,0.03345091,201227.5,0.03869759615384615,-95.66475214003057,-614.1086003652518,0.04507358
0.04656193,0.03348754,200996.9,0.03865325,-93.40680684992839,-599.613986719295,0.04449264
0.04665423,0.03352412,200752.3,0.038606211538461534,-91.47862816458199,-587.2362709230013,0.04397971
0.04674657,0.03356069,200494.6,0.038556653846153845,-89.73683419562776,-576.0550298444334,0.04350702
0.04683892,0.03359722,200226.5,0.038505096153846154,-88.26898933687846,-566.6323727884636,0.04309249
0.04693128,0.03363372,199949.2,0.038451769230769234,-86.99528680289386,-558.4559895027784,0.04272278
0.04702365,0.03367019,199666.0,0.03839730769230769,-85.90544072410096,-551.4598510600488,0.04239168
0.04711603,0.03370662,199378.3,0.03834198076923077,-84.98439499995872,-545.5473065975132,0.04210093
0.04720842,0.03374303,199089.2,0.03828638461538462,-84.14129999488782,-540.13515758801,0.04182388
0.04730083,0.0337794,198800.0,0.03823076923076923,-83.41519031703419,-535.4739820975258,0.04157532
0.04739325,0.03381575,198513.2,0.038175615384615384,-82.66239222965503,-530.6414835078534,0.04131489
0.04748568,0.03385206,198229.9,0.03812113461538461,-81.95417208217458,-526.0951477489622,0.04106527
0.04757812,0.03388834,197951.4,0.03806757692307692,-81.13004991130461,-520.8047926122853,0.04078152
0.04767058,0.03392458,197678.4,0.03801507692307692,-80.27821780995043,-515.3365568430327,0.0404905
0.04776305,0.0339608,197411.3,0.037963711538461536,-79.25493141444923,-508.7676904418089,0.04015092
0.04785552,0.03399698,197150.0,0.03791346153846154,-78.1381363535314,-501.5985561848029,0.03978693
0.04794802,0.03403314,196893.8,0.03786419230769231,-76.83108370933776,-493.20808579760603,0.03936851
0.04804052,0.03406926,196642.5,0.037815865384615385,-75.37938461100161,-483.8890745475088,0.0389113
0.04813304,0.03410535,196394.1,0.03776809615384615,-73.7520195516867,-473.442396366643,0.03840149
0.04822557,0.0341414,196148.0,0.03772076923076923,-71.94717575490998,-461.85641435004743,0.0378421
0.04831811,0.03417743,195901.5,0.03767336538461538,-70.01326547323293,-449.44190524669193,0.03723969
0.04841066,0.03421343,195654.0,0.03762576923076923,-67.89325823562832,-435.8327686699946,0.03658219
0.04850322,0.03424939,195402.3,0.03757736538461538,-65.71519681640534,-421.8509601172405,0.0358978
0.04859581,0.03428533,195145.6,0.037528,-63.37248250762827,-406.8121817476186,0.03516043
0.04868839,0.03432123,194880.8,0.03747707692307692,-61.06041471579479,-391.97013508121324,0.03441815
0.048781,0.0343571,194607.4,0.0374245,-58.62781841107537,-376.35436983302395,0.03363184
0.0488736,0.03439294,194322.7,0.03736975,-56.31360301780003,-361.4985368923002,0.03286459
0.04896624,0.03442875,194026.7,0.03731282692307693,-53.93781986117842,-346.2474769517631,0.0320683
0.04905887,0.03446453,193717.1,0.03725328846153846,-51.75571475611216,-332.23971043436705,0.03131441
0.04915152,0.03450028,193395.0,0.03719134615384615,-49.57656081226927,-318.25088854859126,0.03055079
0.04924419,0.034536,193058.5,0.03712663461538462,-47.65023422547876,-305.88506208067025,0.02985111
0.04933686,0.03457169,192709.6,0.03705953846153846,-45.78959080051922,-293.94088092805345,0.02916335
0.04942955,0.03460735,192347.3,0.036989865384615385,-44.21728999845248,-283.84768125617205,0.02855592
0.04952225,0.03464297,191974.1,0.036918096153846156,-42.75966316831577,-274.4906176304824,0.02797987
0.04961496,0.03467857,191589.6,0.036844153846153846,-41.60082065125886,-267.05156468492237,0.02749296
0.04970768,0.03471413,191197.2,0.03676869230769231,-40.5829873672097,-260.5177038899071,0.02705001
0.04980041,0.03474966,190796.5,0.03669163461538461,-39.854087455043846,-255.83861681914033,0.02669703
0.04989315,0.03478516,190391.5,0.03661375,-39.27097105740911,-252.0953698364134,0.0263923
0.04998591,0.03482063,189981.9,0.03653498076923077,-38.95763685480591,-250.0839578554828,0.02617273
0.05007868,0.03485607,189571.5,0.03645605769230769,-38.77592612321112,-248.9174872322413,0.0259974
0.05017146,0.03489148,189160.0,0.03637692307692308,-38.84767050072495,-249.37804180718655,0.02590069
0.05026425,0.03492686,188750.9,0.03629825,-39.02555250035746,-250.51993433688855,0.02583862
0.05035705,0.03496221,188343.4,0.03621988461538461,-39.454062948067836,-253.27070664746864,0.02585086
0.05044987,0.03499753,187940.6,0.03614242307692308,-39.96067597475075,-256.5228492578174,0.02588603
0.05054269,0.03503281,187541.5,0.03606567307692308,-40.73438522534818,-261.4895845949721,0.02599562
0.05063553,0.03506807,187148.1,0.035990019230769235,-41.56465132650409,-266.81937996793494,0.02611781
0.05072839,0.0351033,186759.6,0.03591530769230769,-42.70069378396974,-274.1120706183903,0.02631958
0.05082125,0.03513849,186376.7,0.035841673076923077,-43.88254243497065,-281.6988087290725,0.02652627
0.0509141,0.03517365,185999.0,0.03576903846153846,-45.420616023099576,-291.57229083543933,0.02681878
0.051007,0.03520878,185625.6,0.03569723076923077,-47.01098820810571,-301.7814976200275,0.0271127
0.05109989,0.03524388,185257.0,0.035626346153846154,-49.015333803980354,-314.64815792066895,0.02749779
0.0511928,0.03527896,184890.6,0.035555884615384614,-51.094897864378225,-327.99767428832206,0.02788392
0.05128572,0.035314,184528.0,0.03548615384615385,-53.64187993083692,-344.3477254513548,0.02836209
0.05137864,0.03534901,184164.9,0.035416326923076925,-56.303742276626934,-361.4352370266244,0.02884335
0.05147159,0.035384,183804.5,0.03534701923076923,-59.463651953466794,-381.7199047387643,0.029409
0.05156454,0.03541894,183441.0,0.035277115384615386,-62.78849120064004,-403.0633183874223,0.02998034
0.05165752,0.03545387,183079.3,0.03520755769230769,-66.59855616549207,-427.52158133719786,0.03061743
0.05175049,0.03548876,182712.2,0.03513696153846154,-70.62891357214134,-453.3939856512359,0.03126277
0.05184348,0.03552362,182346.9,0.03506671153846154,-75.05047204816076,-481.7776591192528,0.03194033
0.05193648,0.03555845,181974.6,0.03499511538461539,-79.73995980278701,-511.8812730104809,0.03262756
0.05202949,0.03559325,181604.5,0.03492394230769231,-84.62216228712161,-543.2219963937999,0.03330019
0.05212251,0.03562802,181227.0,0.034851346153846156,-89.78791921218398,-576.3829640868287,0.03398036
0.05221554,0.03566276,180853.2,0.034779461538461544,-94.82794256275554,-608.7367999186214,0.03458953
0.05230858,0.03569747,180472.7,0.03470628846153846,-100.12105748222176,-642.7153272450478,0.03520095
0.05240164,0.03573215,180098.5,0.03463432692307692,-104.85996119406823,-673.1361610489956,0.03568135
0.05249471,0.0357668,179720.1,0.03456155769230769,-109.75309288589202,-704.5470431915666,0.03615361
0.05258779,0.03580142,179351.1,0.034490596153846156,-113.58656638844322,-729.1555744899391,0.03643653
0.05268088,0.03583601,178981.3,0.034419480769230765,-117.39568806726994,-753.6077821262602,0.03669435
0.05277398,0.03587057,178623.3,0.034350634615384616,-119.59953424520276,-767.7551128983043,0.03670712
0.05286709,0.03590509,178267.3,0.03428217307692308,-121.5267069956806,-780.126371214279,0.03667004
0.05296021,0.03593959,177924.1,0.034216173076923075,-121.29948228215953,-778.6677289487916,0.03633172
0.05305334,0.03597406,177584.6,0.03415088461538462,-120.51210885282782,-773.613278026848,0.03591187
0.05314648,0.0360085,177257.2,0.03408792307692308,-117.08207981604356,-751.5946109224951,0.03513079
0.05323964,0.03604291,176933.8,0.034025730769230766,-112.81053060537552,-724.1739042518197,0.03422383
0.05333281,0.03607729,176619.3,0.033965249999999995,-105.4801944182026,-677.1176751244792,0.03287378
0.05342599,0.03611164,176306.6,0.03390511538461539,-97.07443780243355,-623.1579113154969,0.03132714
0.05351918,0.03614596,175997.3,0.03384563461538461,-85.27562443613503,-547.4168196358536,0.02919508
0.05361238,0.03618025,175685.9,0.033785749999999996,-72.28414299182822,-464.01953580913937,0.02672647
0.05370559,0.03621451,175369.3,0.03372486538461538,-55.92779987156321,-359.0219190696229,0.02339901
0.05379881,0.03624873,175046.0,0.03366269230769231,-38.42214439653127,-246.6464271380475,0.01930323
0.05389204,0.03628293,174707.1,0.03359751923076923,-18.100783307526836,-116.19584490460028,0.01320007
0.05398529,0.0363171,174358.0,0.033530384615384615,3.1355628583351214,20.128376180506503,0.005473478
0.05407854,0.03635124,173984.0,0.03345846153846154,26.19309042770752,168.1434566229233,0.01577501
0.05417181,0.03638535,173599.3,0.03338448076923077,49.687201204180994,318.96113150329325,0.02166495
0.05426508,0.03641943,173182.2,0.033304269230769235,73.92286044873661,474.53908936825025,0.0263693
0.05435837,0.03645348,172755.9,0.03322228846153846,98.16470950859664,630.1567820229608,0.03032164
0.05445167,0.03648751,172291.9,0.03313305769230769,122.51368473286904,786.462158463163,0.03382012
0.05454498,0.0365215,171822.1,0.03304271153846154,146.736151592763,941.9554293697698,0.03695356
0.05463829,0.03655546,171315.5,0.03294528846153846,169.92308493478993,1090.801214916693,0.03972443
0.05473162,0.0365894,170806.6,0.03284742307692308,193.1598306795375,1239.9667653114968,0.04230938
0.05482496,0.0366233,170269.6,0.032744153846153846,213.77392030182938,1372.296483860491,0.0444883
0.05491832,0.03665717,169738.0,0.032641923076923075,234.06262813585025,1502.537452372408,0.04653033
0.05501167,0.03669102,169187.8,0.032536115384615386,250.3331979326254,1606.9844573718772,0.04812675
0.05510505,0.03672483,168659.7,0.03243455769230769,265.4078512853066,1703.7544177210727,0.04956419
0.05519843,0.03675862,168128.5,0.032332403846153844,275.47884669861884,1768.4039857093026,0.0505363
0.05529183,0.03679237,167631.4,0.03223680769230769,283.64054698416555,1820.7970586733252,0.05132505
0.05538523,0.0368261,167144.7,0.032143211538461544,286.8137505280198,1841.167064797817,0.05169057
0.05547865,0.03685979,166705.7,0.032058788461538465,287.993395692705,1848.73965788782,0.05188231
0.05557208,0.03689346,166291.2,0.03197907692307692,284.60039985025116,1826.9587210093714,0.0516949
0.05566551,0.0369271,165928.5,0.03190932692307692,279.54235586134405,1794.489203813875,0.05135809
0.05575896,0.0369607,165598.0,0.03184576923076923,270.6854215815059,1737.6331581706809,0.05069503
0.05585242,0.03699428,165325.6,0.03179338461538462,260.48005260649666,1672.1209949417396,0.04989129
0.05594589,0.03702783,165102.4,0.03175046153846154,247.6077957143347,1589.4890590745297,0.04883764
0.05603937,0.03706135,164925.7,0.031716480769230775,234.01639477967558,1502.2406627919672,0.04767354
0.05613286,0.03709484,164781.8,0.03168880769230769,219.12273869120168,1406.6325930462153,0.04635753
0.05622636,0.0371283,164675.9,0.03166844230769231,203.7499216902243,1307.9486063013107,0.04492465
0.05631987,0.03716174,164614.8,0.0316566923076923,188.2291846038843,1208.3150640037509,0.04343184
0.05641339,0.03719514,164574.3,0.03164890384615384,173.04666471567208,1110.8526671439347,0.04188856
0.05650692,0.03722851,164565.1,0.03164713461538462,159.08127389777846,1021.20348688811,0.0404346
0.05660046,0.03726186,164563.8,0.03164688461538461,145.44399243689338,933.6605659753745,0.03892487
0.05669401,0.03729518,164596.7,0.03165321153846154,134.12800016156086,861.018887379099,0.03766765
0.05678757,0.03732846,164621.1,0.03165790384615385,123.59883281107109,793.4281386448525,0.0364363
0.05688115,0.03736172,164672.7,0.031667826923076924,116.10912187123769,745.3488220782991,0.03561849
0.05697473,0.03739495,164702.8,0.03167361538461538,109.5742746749513,703.3991407637227,0.03489682
0.05706832,0.03742815,164753.0,0.03168326923076923,106.0928059544953,681.0502626732311,0.03466301
0.05716193,0.03746132,164772.7,0.031687057692307695,103.94302007877414,667.2499656391506,0.03463187
0.05725554,0.03749446,164800.7,0.03169244230769231,104.23157083668674,669.1022832181128,0.0350391
0.05734916,0.03752758,164798.6,0.031692038461538466,106.06648893933657,680.8813236964044,0.03570901
0.0574428,0.03756066,164789.3,0.031690249999999996,109.27581485909481,701.4832131552696,0.0366555
0.05753644,0.03759372,164753.6,0.03168338461538461,113.92938940898108,731.3562864617563,0.03784818
0.05763009,0.03762675,164694.6,0.03167203846153846,118.75943470775353,762.362192940123,0.03911864
0.05772376,0.03765974,164622.7,0.03165821153846154,124.43243603953994,798.7793563132539,0.04053288
0.05781744,0.03769271,164513.4,0.031637192307692304,129.43898594877956,830.9183133339283,0.04188246
0.05791112,0.03772565,164405.8,0.0316165,134.4885702396211,863.3335244948369,0.04324861
0.05800482,0.03775856,164250.3,0.03158659615384615,138.38803237990703,888.3656620750714,0.0444357
0.05809852,0.03779144,164114.5,0.03156048076923077,141.8170096804501,910.3775776825919,0.04555884
0.05819224,0.03782429,163921.9,0.03152344230769231,144.09486479226553,925.0000000822675,0.04641559
0.05828596,0.03785711,163753.4,0.03149103846153846,146.1774910840704,938.3691740834929,0.04724757
0.0583797,0.03788991,163523.4,0.03144680769230769,147.45917089406728,946.5967665522579,0.04775789
0.05847344,0.03792268,163310.4,0.03140584615384615,148.64524672947584,954.2106405749871,0.0482517
0.0585672,0.03795542,163049.3,0.03135563461538461,149.60195092115455,960.352090366812,0.04841829
0.05866097,0.03798813,162791.3,0.03130601923076923,149.65528257581337,960.6944466376959,0.04843022
0.05875474,0.03802081,162525.1,0.03125482692307693,150.6181535240142,966.8754831961395,0.04827899
0.05884851,0.03805346,162205.0,0.03119326923076923,148.43805932211373,952.8806254345913,0.04760746
0.05894232,0.03808609,161952.9,0.03114478846153846,147.6186791506797,947.6207110043542,0.04685587
0.05903611,0.03811868,161595.8,0.031076115384615383,142.27446165480546,913.3141367121337,0.04537182
0.05912994,0.03815125,161325.8,0.031024192307692305,136.37668105419587,875.4540293175093,0.0435438
0.05922376,0.03818379,160932.0,0.03094846153846154,126.23444002549144,810.3471084989851,0.04103277
0.05931759,0.03821629,160615.6,0.030887615384615385,111.43152388434419,715.3215331495853,0.03751932
0.05941144,0.03824878,160184.2,0.03080465384615385,93.80012589694829,602.1388519811505,0.03346742
0.05950529,0.03828123,159798.5,0.03073048076923077,67.62260376762241,434.095334214654,0.02747249
0.05959917,0.03831366,159310.8,0.030636692307692306,39.87379810014326,255.9651469820637,0.0203713
0.05969304,0.03834605,158842.6,0.03054665384615385,2.797898328351825,17.96077853077337,0.005202201
0.05978693,0.03837842,158313.4,0.030444884615384613,-36.39276420996418,-233.61906023328132,0.01806785
0.05988082,0.03841076,157804.7,0.030347057692307694,-80.8529237406908,-519.0258138248723,0.02601809
0.05997472,0.03844307,157272.7,0.03024475,-127.76098198360413,-820.1465646656952,0.03157333
0.06006864,0.03847536,156764.9,0.030147096153846153,-174.43740455831184,-1119.7803576373522,0.03583131
0.06016256,0.03850761,156250.7,0.03004821153846154,-222.67869490873565,-1429.4596348443629,0.03930184
0.0602565,0.03853984,155762.1,0.02995425,-267.0606405640245,-1714.364303681645,0.04205357
0.06035044,0.03857203,155275.0,0.029860576923076924,-312.12121989432114,-2003.625381405136,0.04441157
0.06044439,0.0386042,154812.6,0.029771653846153847,-352.1448621932765,-2260.5524355593484,0.04633602
0.06053834,0.03863634,154356.0,0.029683846153846154,-392.4960556218642,-2519.582165581807,0.04804757
0.06063232,0.03866845,153923.5,0.029600673076923077,-428.0239198944996,-2747.649102613102,0.04949287
0.06072629,0.03870054,153501.1,0.02951944230769231,-463.5895082441012,-2975.9582049099467,0.0508084
0.06082029,0.0387326,153106.3,0.029443519230769228,-494.71689282881215,-3175.776781268845,0.05194046
0.0609143,0.03876463,152731.6,0.02937146153846154,-525.9071147284503,-3375.9987343642883,0.0529991
0.06100831,0.03879663,152393.4,0.029306423076923077,-553.0585835782912,-3550.294388304099,0.05391886
0.06110233,0.0388286,152087.9,0.029247673076923077,-580.191377007316,-3724.4701575812505,0.05479309
0.06119636,0.03886055,151828.6,0.029197807692307693,-603.8509446910978,-3876.3499635756925,0.05556341
0.0612904,0.03889246,151613.8,0.0291565,-627.340832881549,-4027.1405320628082,0.05630095
0.06138444,0.03892435,151452.9,0.02912555769230769,-647.7094145971931,-4157.894241543077,0.05695246
0.0614785,0.03895621,151342.5,0.029104326923076924,-667.7665145504199,-4286.648430563841,0.05757767
0.06157257,0.03898804,151287.7,0.029093788461538463,-685.0216545535814,-4397.415767951986,0.05812957
0.06166664,0.03901985,151285.5,0.029093365384615384,-701.9077432700628,-4505.814024105337,0.05866099
0.06176073,0.03905162,151339.0,0.029103653846153845,-716.2654428188469,-4597.98158401771,0.05912795
0.06185483,0.03908337,151446.5,0.029124326923076923,-730.1468123336756,-4687.091399422095,0.05957556
0.06194893,0.03911509,151608.1,0.029155403846153848,-741.7703578412409,-4761.7073797414105,0.0599665
0.06204305,0.03914679,151819.7,0.029196096153846156,-752.9199534241247,-4833.280894383678,0.06034121
0.06213717,0.03917845,152080.3,0.029246211538461537,-762.1348484054284,-4892.434826557127,0.06066832
0.0622313,0.03921009,152386.7,0.02930513461538462,-770.9144719403541,-4948.794584985968,0.06098238
0.06232544,0.0392417,152737.5,0.029372596153846155,-777.9965519926182,-4994.257163117194,0.06125432
0.06241959,0.03927328,153130.9,0.02944825,-784.6569622096648,-5037.0128814434365,0.06151459
0.06251376,0.03930483,153565.0,0.02953173076923077,-789.803530037011,-5070.050666985494,0.0617364
0.06260793,0.03933636,154037.5,0.029622596153846152,-794.5547380279894,-5100.5504866590245,0.06194775
0.06270211,0.03936786,154546.2,0.02972042307692308,-797.95728202749,-5122.392716806195,0.06212366
0.0627963,0.03939933,155089.3,0.029824865384615384,-800.9906298063554,-5141.86493533213,0.06228989
0.06289049,0.03943077,155664.5,0.02993548076923077,-802.8179308135647,-5153.595078764067,0.06242311
0.0629847,0.03946219,156270.1,0.030051942307692307,-804.2997833961684,-5163.107656752231,0.06254708
0.06307892,0.03949358,156904.0,0.030173846153846155,-804.7103703199415,-5165.74337111354,0.06264037
0.06317314,0.03952493,157564.8,0.030300923076923076,-804.7958031371437,-5166.2917970136095,0.06272449
0.06326738,0.03955627,158250.0,0.030432692307692306,-803.9115923374503,-5160.615710006843,0.06277926
0.06336162,0.03958757,158958.5,0.030568942307692307,-802.7236520162692,-5152.989867137464,0.06282493
0.06345588,0.03961885,159688.0,0.03070923076923077,-800.6571482338469,-5139.724189684861,0.06284244
0.06355014,0.0396501,160437.5,0.030853365384615385,-798.3078983181341,-5124.643456756867,0.06285087
0.06364441,0.03968132,161204.8,0.031000923076923075,-795.1650620532305,-5104.4683898002095,0.06283233
0.06373869,0.03971252,161988.9,0.031151711538461538,-791.7663281274635,-5082.650617972279,0.06280498
0.06383298,0.03974369,162788.0,0.03130538461538462,-787.6733183818737,-5056.37602435324,0.06275264
0.06392728,0.03977482,163601.3,0.03146178846153846,-783.3650030147883,-5028.719301675067,0.06269231
0.06402158,0.03980594,164427.3,0.03162063461538461,-778.4297975873696,-4997.038332146073,0.06260795
0.0641159,0.03983702,165265.3,0.03178178846153846,-773.3118397530135,-4964.184205081758,0.06251615
0.06421023,0.03986808,166114.0,0.031945,-767.6338276768538,-4927.7348758257385,0.06240141
0.06430456,0.03989911,166973.0,0.032110192307692305,-761.80561430227,-4890.321347038703,0.06227984
0.06439889,0.03993011,167841.2,0.03227715384615385,-755.458323483168,-4849.575661780204,0.06213564
0.06449325,0.03996108,168718.7,0.03244590384615385,-748.9766866355238,-4807.967558026837,0.06198466
0.06458761,0.03999203,169604.3,0.03261621153846154,-742.0296126458769,-4763.371635401426,0.06181205
0.06468198,0.04002295,170498.0,0.03278807692307692,-734.9613473490454,-4717.997739464354,0.06163264
0.06477637,0.04005385,171399.1,0.03296136538461539,-727.468680666352,-4669.899448854904,0.06143229
0.06487075,0.04008471,172307.6,0.03313607692307692,-719.8863918356335,-4621.225839429963,0.06122594
0.06496516,0.04011555,173223.1,0.03331213461538462,-711.9107274725799,-4570.027002142344,0.06099897
0.06505955,0.04014636,174145.6,0.03348953846153846,-703.8755339527121,-4518.446024449253,0.06076682
0.06515397,0.04017715,175074.6,0.03366819230769231,-695.4668095020577,-4464.4672089740425,0.060514
0.0652484,0.04020791,176010.6,0.03384819230769231,-687.0010565829434,-4410.122305967496,0.06025565
0.06534283,0.04023864,176952.6,0.03402934615384615,-678.2037864985117,-4353.649267594099,0.05997757
0.06543728,0.04026935,177901.4,0.034211807692307694,-669.3609236757562,-4296.883552011045,0.05969407
0.06553173,0.04030002,178856.0,0.03439538461538461,-660.210388572451,-4238.1427704883135,0.05939117
0.06562619,0.04033067,179817.0,0.034580192307692305,-651.0356362074662,-4179.246529108716,0.05908335
0.06572065,0.0403613,180783.8,0.03476611538461538,-641.5801021440433,-4118.547842711714,0.05875662
0.06581513,0.04039189,181756.9,0.03495325,-632.1211756063952,-4057.8273787262947,0.0584255
0.06590961,0.04042246,182735.9,0.03514151923076923,-622.4010052997702,-3995.4298911587125,0.05807565
0.06600411,0.040453,183720.9,0.035330942307692306,-612.674425036898,-3932.991255632543,0.05772081
0.06609861,0.04048351,184711.7,0.03552148076923077,-602.7235924622933,-3869.1130588238107,0.05734831
0.06619313,0.040514,185708.4,0.035713153846153846,-592.7768416875825,-3805.2610646483763,0.05697089
0.06628765,0.04054446,186710.6,0.03590588461538462,-582.6277505624247,-3740.1101704430903,0.05657622
0.06638218,0.04057489,187718.7,0.03609975,-572.494372272064,-3675.060142928713,0.05617679
0.06647671,0.0406053,188732.2,0.03629465384615385,-562.1916145874269,-3608.9228043575163,0.05576114
0.06657126,0.04063568,189751.5,0.03649067307692308,-551.9281414584796,-3543.0376483611017,0.0553415
0.06666581,0.04066603,190776.4,0.03668776923076923,-541.5123056111729,-3476.174417853163,0.05490588
0.06676038,0.04069635,191807.1,0.03688598076923077,-531.13007927909,-3409.5269396666517,0.05446558
0.06685495,0.04072665,192843.4,0.03708526923076923,-520.6131687685241,-3342.0148722715835,0.05400964
0.06694953,0.04075692,193885.5,0.03728567307692308,-510.13701010636197,-3274.764406563926,0.05354899
0.06704412,0.04078717,194933.2,0.03748715384615385,-499.53889392175324,-3206.7310489160473,0.05307278
0.06713872,0.04081739,195986.8,0.03768976923076923,-488.98673911969325,-3138.992734945975,0.05259176
0.06723332,0.04084758,197046.0,0.037893461538461536,-478.335746766153,-3070.6199449641504,0.05209591
0.06732794,0.04087775,198111.3,0.03809832692307692,-467.74129730791446,-3002.6101254340083,0.05159544
0.06742256,0.04090789,199182.3,0.03830428846153846,-457.06654892642746,-2934.084836430901,0.05108058
0.06751719,0.040938,200259.6,0.03851146153846154,-446.4587747444404,-2865.989480407239,0.05056124
0.06761184,0.04096809,201342.9,0.03871978846153846,-435.78645903655905,-2797.4798076656043,0.05002784
0.06770649,0.04099815,202432.8,0.038929384615384616,-425.18571171790234,-2729.429559762836,0.04948973
0.06780114,0.04102818,203528.9,0.03914017307692307,-414.52288154520966,-2660.9807782962853,0.04893703
0.06789579,0.04105818,204631.9,0.03935228846153846,-403.938158623904,-2593.0333971235173,0.04837951
0.06799047,0.04108815,205741.9,0.03956575,-393.2929152739275,-2524.697512192436,0.04780688
0.06808516,0.04111811,206859.4,0.03978065384615385,-382.72366512227546,-2456.8494566406853,0.04722879
0.06817984,0.04114803,207984.0,0.039996923076923076,-372.1024366912955,-2388.667732651465,0.04663536
0.06827456,0.04117794,209116.9,0.04021478846153846,-361.55483295737287,-2320.9586337268665,0.0460358
0.06836927,0.04120781,210257.2,0.04043407692307693,-350.9737042889089,-2253.0343254365616,0.04542132
0.06846398,0.04123766,211405.9,0.04065498076923077,-340.47874693857705,-2185.6631837659984,0.04480083
0.0685587,0.04126748,212562.7,0.04087744230769231,-329.96467496554453,-2118.1693380280476,0.04416554
0.06865343,0.04129727,213728.6,0.04110165384615385,-319.5371710476948,-2051.2312057165723,0.04352357
0.06874817,0.04132704,214903.1,0.04132751923076923,-309.1090014416627,-1984.2888000982744,0.04286713
0.06884292,0.04135678,216087.3,0.041555249999999995,-298.7699059550359,-1917.9181952903386,0.04220333
0.06893768,0.0413865,217280.4,0.04178469230769231,-288.44530063902204,-1851.6406084246978,0.04152509
0.06903245,0.04141619,218483.9,0.042016134615384615,-278.2096009532034,-1785.9337407727942,0.04083864
0.06912722,0.04144585,219696.7,0.042249365384615385,-268.00564299246184,-1720.4306353836282,0.04013793
0.069222,0.04147548,220920.4,0.04248469230769231,-257.88430336505826,-1655.4578886471083,0.0394275
0.06931679,0.04150509,222153.7,0.042721865384615386,-247.809941066177,-1590.7867073338227,0.03870276
0.06941159,0.04153467,223398.3,0.04296121153846154,-237.8109159031609,-1526.5991438842407,0.03796651
0.0695064,0.04156423,224652.7,0.04320244230769231,-227.87505166338684,-1462.8170345366373,0.03721583
0.06960122,0.04159376,225918.6,0.043445884615384615,-218.00937132011552,-1399.4854624400623,0.03645171
0.06969604,0.04162326,227194.4,0.04369123076923077,-208.227361328907,-1336.6910023063358,0.03567325
0.06979087,0.04165274,228481.8,0.04393880769230769,-198.51579536250088,-1274.348749286596,0.03487958
0.06988571,0.04168219,229779.1,0.04418828846153846,-188.9076756428017,-1212.6705572543897,0.03407149
0.06998056,0.04171162,231088.2,0.04444003846153846,-179.36757078399938,-1151.4289786048037,0.03324588
0.07007542,0.04174102,232407.3,0.044693711538461536,-169.95387105874815,-1090.9988428106844,0.03240589
0.07017028,0.04177039,233738.3,0.044949673076923075,-160.60800209620555,-1031.0041386025662,0.03154578
0.07026515,0.04179973,235079.3,0.04520755769230769,-151.41900585711232,-972.0164603520542,0.03067189
0.07036003,0.04182906,236432.6,0.045467807692307696,-142.29537774583682,-913.4484050931314,0.02977454
0.07045492,0.04185835,237796.2,0.04573003846153846,-133.36733219090897,-856.1358690013801,0.02886474
0.07054982,0.04188762,239172.6,0.04599473076923077,-124.50689756887841,-799.2573533240669,0.02792799
0.07064472,0.04191686,240559.8,0.0462615,-115.88737562852835,-743.9253482104407,0.02698084
0.07073963,0.04194608,241960.4,0.04653084615384615,-107.35161954592998,-689.1310681471756,0.0260042
0.07083455,0.04197527,243372.4,0.046802384615384614,-99.11156043381838,-636.234979932169,0.02502065
0.07092948,0.04200444,244798.5,0.04707663461538462,-90.96428072367293,-583.9344781521826,0.02400363
0.07102442,0.04203358,246237.1,0.04735328846153846,-83.17984382881198,-533.9632030566576,0.02298536
0.07111936,0.04206269,247690.6,0.047632807692307697,-75.51669646817582,-484.77053182969956,0.02193173
0.07121431,0.04209178,249157.8,0.04791496153846154,-68.29772018334842,-438.42916446948215,0.02088624
0.07130927,0.04212084,250641.4,0.04820026923076923,-61.21521806109873,-392.96387690973233,0.01980164
0.07140423,0.04214987,252140.2,0.048488500000000004,-54.657362843559234,-350.8664983146755,0.01873732
0.0714992,0.04217888,253657.1,0.048780211538461536,-48.25482861052357,-309.7661844719673,0.01763089
0.0715942,0.04220787,255191.5,0.04907528846153846,-42.44551332997674,-272.4739697720846,0.01655921
0.07168917,0.04223682,256745.1,0.049374057692307696,-36.811566271819075,-236.30751070518897,0.01544348
0.07178418,0.04226576,258318.2,0.04967657692307693,-31.847779822575358,-204.44306867543213,0.01438542
0.07187918,0.04229466,259912.9,0.04998325,-27.065671933076146,-173.74489074551593,0.01328106
0.0719742,0.04232355,261529.0,0.05029403846153846,-23.020054256265343,-147.77452492590288,0.01226644
0.07206922,0.0423524,263168.7,0.050609365384615385,-19.136237983212016,-122.84282414619075,0.01120075
0.07216425,0.04238123,264830.8,0.050928999999999995,-16.05943213829466,-103.0916316876345,0.01027635
0.0722593,0.04241004,266517.9,0.05125344230769231,-13.112788464762822,-84.17599994608153,0.009300122
0.07235435,0.04243882,268228.2,0.05158234615384616,-11.021263978593133,-70.74970503496078,0.008539376
0.0724494,0.04246757,269963.9,0.05191613461538462,-9.062602110810184,-58.17630604206613,0.007755651
0.07254446,0.0424963,271724.1,0.05225463461538461,-7.982831926650936,-51.24484861729227,0.007290451
0.07263953,0.042525,273510.2,0.05259811538461539,-6.99235629266263,-44.886607032198356,0.006834142
0.07273461,0.04255368,275321.2,0.05294638461538462,-6.875174422642871,-44.134371829825376,0.006787553
0.07282969,0.04258233,277158.2,0.05329965384615385,-6.824787844968712,-43.81092113350851,0.006773719
0.07292478,0.04261096,279020.0,0.05365769230769231,-7.634237916713985,-49.007090459253696,0.007175945
0.07301988,0.04263956,280907.3,0.054020634615384616,-8.483639381721208,-54.459723044976016,0.00757726
0.07311499,0.04266813,282818.8,0.054388230769230765,-10.175609633899203,-65.32112664641683,0.008312431
0.07321011,0.04269668,284755.4,0.05476065384615385,-11.88588274767204,-76.3000233105087,0.008999143
0.07330523,0.0427252,286715.5,0.055137596153846155,-14.396603724672314,-92.4173006838552,0.009920976
0.07340036,0.0427537,288699.5,0.055519134615384616,-16.90577910456471,-108.52465627874712,0.01076939
0.0734955,0.04278217,290706.6,0.05590511538461538,-20.17496367668897,-129.5108013009409,0.011785
0.07359064,0.04281062,292736.9,0.05629555769230769,-23.427575105046625,-150.39055698020024,0.01272175
0.0736858,0.04283904,294789.4,0.05669026923076924,-27.383855368826264,-175.7874318070544,0.01377814
0.07378096,0.04286743,296864.3,0.05708928846153846,-31.312133440060467,-201.0045498594796,0.0147594
0.07387613,0.0428958,298960.8,0.057492461538461534,-35.89181503901316,-230.4032760772052,0.0158299
0.0739713,0.04292415,301079.1,0.05789982692307692,-40.43493123587773,-259.56727500618746,0.016832
0.07406649,0.04295247,303218.2,0.05831119230769231,-45.574832771769785,-292.5622670760103,0.01790175
0.07416168,0.04298076,305378.4,0.05872661538461539,-50.67745873415138,-325.317972995352,0.01891142
0.07425687,0.04300903,307559.0,0.059145961538461536,-56.320392115876196,-361.54211870716966,0.01997245
0.07435208,0.04303728,309760.1,0.05956925,-61.927316314228655,-397.53510771072837,0.02098118
0.07444729,0.0430655,311981.4,0.05999642307692308,-68.0041391904111,-436.5445558896922,0.02202646
0.07454251,0.04309369,314222.3,0.060427365384615385,-74.02515525558343,-475.19575882332157,0.02302304
0.07463773,0.04312186,316482.8,0.06086207692307692,-80.43567031512825,-516.3473046411058,0.02404312
0.07473298,0.04315001,318763.0,0.06130057692307692,-86.77543847739065,-557.0446990907174,0.02501876
0.07482821,0.04317812,321061.7,0.061742634615384616,-93.41712043584519,-599.6801935684263,0.02600626
0.07492347,0.04320621,323379.6,0.06218838461538461,-99.9739154879405,-641.7707665563759,0.02695327
0.07501873,0.04323428,325715.8,0.06263765384615384,-106.74883453964809,-685.2615608495757,0.02790286
0.075114,0.04326232,328069.7,0.06309032692307692,-113.42107917780196,-728.0932488471935,0.02881502
0.07520927,0.04329034,330441.4,0.06354642307692308,-120.20462691739911,-771.6394339852377,0.02971887
0.07530455,0.04331833,332829.0,0.06400557692307693,-126.84460010103537,-814.2639591844138,0.03058528
0.07539984,0.0433463,335231.5,0.06446759615384616,-133.42669379704927,-856.5169338350493,0.03142656
0.07549513,0.04337424,337644.7,0.06493167307692307,-139.80186125806514,-897.4415699104959,0.03222809
0.07559043,0.04340216,340068.6,0.06539780769230769,-146.05374842694118,-937.5748226815903,0.0330012
0.07568574,0.04343005,342504.9,0.06586632692307692,-152.29140672355038,-977.6167348843239,0.03376063
0.07578106,0.04345792,344962.9,0.06633901923076924,-158.4102282875454,-1016.8957886893184,0.03449535
0.07587639,0.04348577,347441.3,0.06681563461538462,-164.28466566761708,-1054.6060470311634,0.03519413
0.07597172,0.04351359,349934.2,0.06729503846153846,-169.5986158692447,-1088.7183239955716,0.03582442
0.07606706,0.04354138,352432.2,0.06777542307692308,-174.63631880541578,-1121.0572642006275,0.03641937
0.0761624,0.04356915,354936.6,0.06825703846153845,-179.19093808261607,-1150.2951057979576,0.03695823
0.07625775,0.04359689,357445.8,0.06873957692307692,-183.56888343846765,-1178.3988099817325,0.03747498
0.07635312,0.04362461,359962.8,0.06922361538461538,-187.3339751341652,-1202.568372331167,0.03792543
0.07644848,0.0436523,362484.9,0.06970863461538462,-190.89559775214434,-1225.431788919074,0.03835319
0.07654386,0.04367997,365013.5,0.07019490384615384,-193.72110572907306,-1243.5698043345394,0.03870481
0.07663924,0.04370761,367545.3,0.07068178846153846,-196.35125819228819,-1260.4537580562612,0.0390361
0.07673463,0.04373523,370082.1,0.07116963461538461,-198.15485741669016,-1272.0317506871947,0.03928408
0.07683003,0.04376282,372620.8,0.07165784615384616,-199.7787596395846,-1282.4561995978236,0.03951419
0.07692543,0.04379039,375163.0,0.07214673076923077,-200.5110323937833,-1287.1569382304635,0.03965545
0.07702084,0.04381794,377706.3,0.07263582692307692,-201.07985584746297,-1290.8084333441793,0.03978073
0.07711626,0.04384546,380251.6,0.07312530769230768,-200.69923943686942,-1288.3651111596039,0.03981138
0.07721169,0.04387295,382796.9,0.07361478846153846,-200.16561620068018,-1284.9395796930207,0.03982667
0.07730712,0.04390042,385342.8,0.07410438461538461,-198.63762440946573,-1275.1308164936056,0.03974171
0.07740256,0.04392787,387887.9,0.07459382692307692,-196.9607353682388,-1264.3662249482438,0.03964065
0.077498,0.04395529,390432.1,0.07508309615384615,-194.26822250253298,-1247.0819559731494,0.03943469
0.07759346,0.04398269,392974.2,0.07557196153846155,-191.42864013344885,-1228.85359165619,0.03921083
0.07768892,0.04401006,395513.9,0.07606036538461539,-187.5758865868742,-1204.1212943877463,0.03887831
0.07778439,0.04403741,398050.1,0.07654809615384615,-183.5857048872489,-1178.5067932894408,0.03852589
0.07787986,0.04406473,400582.1,0.07703501923076922,-178.60095014188133,-1146.5077477542484,0.03806104
0.07797534,0.04409203,403109.3,0.07752101923076923,-173.4856985279339,-1113.6709929528645,0.03757281
0.07807083,0.0441193,405630.5,0.07800586538461539,-167.39771086823407,-1074.589873762103,0.03696671
0.07816632,0.04414655,408145.3,0.07848948076923076,-161.17767072994567,-1034.6610592500588,0.03633121
0.07826183,0.04417378,410652.5,0.07897163461538462,-154.0084338299442,-988.6389880079536,0.03556987
0.07835734,0.04420098,413151.4,0.07945219230769231,-146.7011521649799,-941.7307546684964,0.03477008
0.07845286,0.04422815,415640.5,0.07993086538461538,-138.49437294891763,-889.0483028234795,0.03383569
0.07854838,0.04425531,418119.8,0.08040765384615384,-130.15805723419297,-835.5343066937575,0.0328519
0.07864391,0.04428243,420587.5,0.08088221153846153,-120.96313041813337,-776.5085578034465,0.03171818
0.07873945,0.04430954,423043.3,0.08135448076923077,-111.64765845229019,-716.7089835327482,0.0305182
0.07883499,0.04433661,425485.7,0.08182417307692308,-101.51752763785275,-651.6798028072809,0.0291439
0.07893054,0.04436367,427914.5,0.08229125,-91.28091595394288,-585.967080691128,0.02767612
0.0790261,0.0443907,430328.1,0.08275540384615385,-80.28390044024711,-515.3730358184109,0.02599312
0.07912165,0.0444177,432726.0,0.08321653846153847,-69.18857915974858,-444.1479286629975,0.02416489
0.07921722,0.04444468,435107.3,0.08367448076923077,-57.386410545969454,-368.3852983676352,0.02203873
0.07931281,0.04447164,437471.9,0.08412921153846155,-45.48095670673424,-291.9596407416799,0.01964741
0.07940838,0.04449857,439817.5,0.08458028846153846,-32.9454431292886,-211.4893888913802,0.0167451
0.07950399,0.04452548,442145.5,0.08502798076923077,-20.304706282664522,-130.343668667249,0.01316381
0.07959959,0.04455237,444452.8,0.0854716923076923,-7.081463412387745,-45.458619684223734,0.007784471
0.0796952,0.04457923,446739.8,0.0859115,6.246770813911196,40.100408933462,0.007321041
0.07979081,0.04460607,449004.4,0.08634700000000001,20.101948574986103,129.04208946184428,0.01315021
0.07988643,0.04463288,451246.6,0.0867781923076923,34.07299788641087,218.72759374992592,0.01714273
0.07998205,0.04465967,453464.1,0.08720463461538461,48.52724484678868,311.5149283909884,0.02048423
0.08007769,0.04468643,455656.8,0.08762630769230768,63.114528124091606,405.1562739875702,0.0233903
0.08017332,0.04471317,457822.0,0.08804269230769231,78.12535362879817,501.5164989900768,0.02605565
0.08026897,0.04473988,459960.1,0.08845386538461537,93.2527730629481,598.6251849797268,0.0285012
0.08036463,0.04476658,462069.0,0.08885942307692307,108.69231396324214,697.7374979315534,0.03080694
0.08046029,0.04479324,464149.5,0.08925951923076923,124.21267896906974,797.368651702121,0.03297164
0.08055595,0.04481989,466200.0,0.08965384615384615,139.93936809002432,898.3242788103372,0.03503699
0.08065163,0.0448465,468221.5,0.09004259615384616,155.69764267571563,999.4826650864542,0.03699888
0.0807473,0.0448731,470212.6,0.09042549999999999,171.52235778752197,1101.0675584886264,0.03887676
0.08084299,0.04489967,472175.5,0.09080298076923077,187.31478251638586,1202.445167583565,0.04067145
0.08093868,0.04492621,474109.1,0.09117482692307692,203.01161460227044,1303.209130974396,0.04238675
0.08103438,0.04495274,476016.1,0.09154155769230769,218.5945075766326,1403.2416756688037,0.0440299
0.08113009,0.04497923,477896.3,0.09190313461538462,233.88973301452086,1501.42757252017,0.04559166
0.08122581,0.04500571,479752.9,0.09226017307692308,248.9757680798383,1598.2705964320726,0.04708724
0.08132152,0.04503216,481586.2,0.09261273076923077,263.55447617179055,1691.8568946370522,0.04849532
0.08141722,0.04505858,483400.2,0.09296157692307692,277.7968597149301,1783.28419704348,0.04983826
0.08151292,0.04508497,485196.5,0.09330701923076923,291.2727689698992,1869.791208101268,0.05108357
0.08160865,0.04511135,486982.1,0.09365040384615385,304.2708717252915,1953.2309966540422,0.05226255
0.08170442,0.04513771,488759.6,0.09399223076923076,316.19231350327277,2029.7592869682808,0.05332929
0.08180021,0.04516405,490536.9,0.09433401923076924,327.4358987084286,2101.9361569121734,0.05432287
0.08189594,0.04519035,492316.4,0.09467623076923078,337.237669527614,2164.85746935189,0.05518508
0.08199168,0.04521663,494109.2,0.09502100000000001,346.12766251131876,2221.9257314479287,0.05596406
0.08208745,0.04524289,495921.1,0.0953694423076923,353.1593674467585,2267.064932454413,0.05658788
0.08218325,0.04526913,497765.3,0.09572409615384615,359.0309009881984,2304.7565499464367,0.05711619
0.08227908,0.04529536,499648.9,0.09608632692307693,362.53249402230944,2327.234613696385,0.05745636
0.08237487,0.04532155,501587.2,0.09645907692307693,364.54748362339257,2340.169601933854,0.05768026
0.08247067,0.04534771,503591.6,0.09684453846153845,363.4439487654589,2333.085589986926,0.05766048
0.08256648,0.04537385,505686.3,0.09724736538461538,360.3327922604593,2313.1138875148818,0.05748363
0.08266229,0.04539997,507889.4,0.09767103846153846,352.942128884777,2265.6703951116665,0.05696553
0.08275811,0.04542607,510238.4,0.09812276923076924,342.62333924713676,2199.4301413078515,0.05620487
0.08285393,0.04545214,512763.7,0.09860840384615385,326.1664478503534,2093.7870667588436,0.05492162
0.08294976,0.04547818,515522.4,0.09913892307692308,305.3078101804933,1959.8875008433467,0.05322421
0.0830456,0.04550421,518563.4,0.09972373076923077,275.69285569040954,1769.777791206878,0.05066984
0.08314144,0.04553021,521972.4,0.1003793076923077,239.47172127621735,1537.2604882175629,0.04732068
0.08323729,0.04555618,525832.4,0.1011216153846154,191.05414115325735,1226.4495395950194,0.04236529
0.08333315,0.04558214,530268.4,0.10197469230769231,132.31141855111207,849.3575558511711,0.035349
0.08342901,0.04560807,535402.6,0.10296203846153845,57.234054005173554,367.4072635122508,0.02332005
0.08352488,0.04563397,541350.6,0.10410588461538461,-28.829324842234023,-185.0664527142093,0.01660859
0.08362076,0.04565986,548168.3,0.10541698076923078,-133.90073775854984,-859.5600031703735,0.03593588
0.08371663,0.04568571,555888.5,0.10690163461538461,-245.25722163062426,-1574.399825806154,0.04885024
0.08381252,0.04571155,564412.2,0.10854080769230769,-368.76248024455015,-2367.2272759220173,0.06018976
0.08390842,0.04573736,573575.6,0.110303,-482.35076587626065,-3096.3938868914634,0.06919064
0.08400432,0.04576315,583093.2,0.11213330769230768,-592.8501018732063,-3805.731349774815,0.0771094
0.08410022,0.04578892,592625.4,0.11396642307692308,-677.8091712139525,-4351.116081288147,0.08287744
0.08419613,0.04581466,601998.2,0.1157688846153846,-742.3654016949941,-4765.527193622802,0.087171
0.08429205,0.04584038,610873.7,0.11747571153846154,-787.3483244772613,-5054.289764289589,0.09019901
0.08438798,0.04586608,619255.3,0.11908755769230771,-801.470198539427,-5144.94347028735,0.09140881
0.08448391,0.04589175,626769.7,0.1205326346153846,-798.5638151733352,-5126.286284843928,0.09160773
0.08457985,0.0459174,633426.9,0.12181286538461539,-765.3910928681039,-4913.337904071965,0.09000464
0.0846758,0.04594302,638974.6,0.12287973076923077,-716.181475484417,-4597.442565611561,0.08732682
0.08477175,0.04596863,643427.2,0.12373599999999998,-641.9371799792713,-4120.840061786221,0.08288556
0.0848677,0.0459942,646753.0,0.12437557692307692,-555.9666047684533,-3568.9620875660894,0.07729005
0.08496367,0.04601976,649070.5,0.12482125,-458.2346949019488,-2941.583611831475,0.07027872
0.08505963,0.04604529,650366.2,0.12507042307692307,-353.96331917170056,-2272.2258057909444,0.06183494
0.08515561,0.0460708,650597.6,0.12511492307692307,-239.96821884448565,-1540.4476958349273,0.0509467
0.08525159,0.04609628,649895.2,0.12497984615384615,-120.51965934455363,-773.6617475185059,0.03611298
0.08534758,0.04612175,648281.2,0.12466946153846153,2.7681050776237726,17.76952426945303,0.005472173
0.08544357,0.04614719,645996.2,0.12423003846153845,119.38932991354237,766.4057309679804,0.03592085
0.08553957,0.0461726,643036.4,0.12366084615384616,237.5051229891931,1524.636142316814,0.05062656
0.08563558,0.04619799,639658.0,0.12301115384615384,343.874077803605,2207.4591100466328,0.06085996
0.08573159,0.04622336,635795.7,0.12226840384615384,452.05790248971596,2901.9324209992383,0.06969997
0.08582761,0.04624871,631655.9,0.12147228846153847,547.2382744162036,3512.931599677513,0.07658962
0.08592363,0.04627404,627151.5,0.12060605769230769,644.0829713322061,4134.614716452108,0.08297143
0.08601966,0.04629934,622509.7,0.11971340384615384,728.8411094832356,4678.7095938768,0.08812975
0.0861157,0.04632462,617663.3,0.11878140384615385,813.8623785842625,5224.493609419772,0.09297968
0.08621174,0.04634988,612731.5,0.11783298076923077,890.5279102710008,5716.638953521906,0.09710146
0.08630778,0.04637511,607684.7,0.1168624423076923,964.8244621026245,6193.5769106756225,0.1008993
0.08640384,0.04640032,602576.4,0.11588007692307693,1033.8553876770745,6636.712800730414,0.1042661
0.0864999,0.0464255,597407.0,0.11488596153846153,1099.4102412725201,7057.534456440347,0.1073305
0.08659597,0.04645066,592215.0,0.1138875,1161.304619368794,7454.858121143339,0.1101135
0.08669204,0.0464758,587007.3,0.11288601923076924,1219.496666763306,7828.415110299835,0.1126341
0.08678812,0.04650092,581809.8,0.11188650000000001,1274.9278843098607,8184.24927766619,0.1149572
0.0868842,0.04652601,576624.4,0.1108893076923077,1326.7347574648452,8516.81739341208,0.1170554
0.08698029,0.04655108,571467.1,0.10989751923076922,1376.44637538549,8835.935265148717,0.119012
0.08707639,0.04657613,566336.9,0.10891094230769231,1422.8572354981816,9133.86431119729,0.1207807
0.08717249,0.04660116,561245.3,0.10793178846153847,1467.5128073665444,9420.525491257098,0.1224396
0.0872686,0.04662616,556191.2,0.10695984615384614,1509.279417181605,9688.641319937487,0.1239442
0.08736471,0.04665114,551182.8,0.10599669230769232,1549.557155498606,9947.199513529265,0.1253618
0.08746084,0.0466761,546218.1,0.1050419423076923,1587.3300438032775,10189.678117713389,0.1266519
0.08755696,0.04670104,541303.2,0.10409676923076921,1623.8530077939874,10424.132980092529,0.127873
0.08765309,0.04672595,536434.3,0.10316044230769232,1658.2543213837378,10644.968157801493,0.1289898
0.08774923,0.04675084,531614.4,0.10223353846153847,1691.5693141238664,10858.829826860874,0.1300495
0.08784538,0.0467757,526840.1,0.10131540384615384,1723.0207180107216,11060.728406937755,0.1310206
0.08794152,0.04680055,522113.4,0.10040642307692309,1753.5081128029549,11256.438644259395,0.1319437
0.08803768,0.04682537,517430.9,0.09950594230769232,1782.3415229256418,11441.53132194994,0.1327903
0.08813384,0.04685017,512794.2,0.09861426923076923,1810.2839869506163,11620.904676181974,0.133595
0.08823001,0.04687494,508200.7,0.09773090384615385,1836.7139276542275,11790.568565233536,0.134332
0.08832618,0.04689969,503651.5,0.09685605769230769,1862.2958805884236,11954.788896751597,0.1350313
0.08842236,0.04692442,499144.1,0.09598925,1886.4661145407135,12109.94686466453,0.1356695
0.08851854,0.04694913,494681.0,0.09513096153846154,1909.7740170977363,12259.569197828485,0.1362717
0.08861474,0.04697381,490260.2,0.09428080769230769,1931.7097509200626,12400.38305553749,0.1368168
0.08871093,0.04699848,485884.6,0.09343934615384615,1952.7739061965788,12535.60191750457,0.1373277
0.08880713,0.04702312,481552.6,0.09260626923076923,1972.4922869929082,12662.181738822435,0.1377851
0.08890334,0.04704773,477267.1,0.0917821346153846,1991.3267111282619,12783.087104547076,0.1382097
0.08899955,0.04707233,473027.2,0.09096676923076924,2008.8260774589428,12895.422224057791,0.1385836
0.08909577,0.0470969,468835.5,0.09016067307692308,2025.455619382038,13002.173608310153,0.1389272
0.089192,0.04712145,464691.8,0.08936380769230769,2040.8263038929106,13100.843905786185,0.1392252
0.08928822,0.04714598,460598.1,0.08857655769230768,2055.356077999291,13194.11607803863,0.1394955
0.08938445,0.04717049,456554.3,0.08779890384615384,2068.6772675322063,13279.629884077498,0.1397239
0.08948069,0.04719497,452561.8,0.08703111538461539,2081.1967897303425,13359.997481153225,0.1399273
0.08957695,0.04721943,448619.9,0.0862730576923077,2092.5755073252203,13433.041817544892,0.1400929
0.08967319,0.04724386,444732.5,0.08552548076923076,2103.1425213494495,13500.875518540224,0.1402344
0.08976946,0.04726828,440897.3,0.08478794230769231,2112.5319168338524,13561.149636124957,0.1403387
0.08986573,0.04729267,437117.5,0.08406105769230769,2121.1152059394562,13616.24904882669,0.1404203
0.089962,0.04731704,433393.5,0.08334490384615384,2128.5436195152633,13663.934874189992,0.1404674
0.09005828,0.04734139,429726.9,0.08263978846153847,2135.1757857049265,13706.50928331157,0.1404933
0.09015456,0.04736571,426118.6,0.08194588461538461,2140.653970580025,13741.675845403994,0.1404867
0.09025085,0.04739001,422569.2,0.08126330769230769,2145.4110749832466,13772.21351640091,0.1404623
0.09034714,0.0474143,419078.4,0.08059200000000001,2149.1649129133816,13796.310836528797,0.140412
0.09044344,0.04743855,415646.6,0.07993203846153846,2152.2885814026745,13816.362858209224,0.1403476
0.09053975,0.04746279,412272.8,0.07928323076923077,2154.4687970781615,13830.358495756145,0.1402603
0.09063606,0.04748701,408956.6,0.0786455,2156.0978905652537,13840.816269375395,0.140162
0.09073237,0.0475112,405696.9,0.07801863461538462,2156.8641604419477,13845.735248528657,0.1400446
0.09082869,0.04753537,402492.6,0.07740242307692308,2157.158573741277,13847.625200001225,0.1399189
0.09092502,0.04755951,399342.1,0.07679655769230768,2156.680731769231,13844.557749784877,0.1397778
0.09102135,0.04758364,396243.6,0.0762006923076923,2155.8035747467707,13838.926943669629,0.1396309
0.09111769,0.04760774,393195.6,0.07561453846153846,2154.221825394435,13828.773090142999,0.1394714
0.09121403,0.04763182,390196.6,0.07503780769230768,2152.29059534763,13816.375786491484,0.1393076
0.09131038,0.04765588,387245.1,0.07447021153846153,2149.7177153972298,13799.85948691507,0.1391338
0.09140673,0.04767992,384339.3,0.07391140384615384,2146.847000180876,13781.43126895469,0.1389574
0.09150309,0.04770393,381478.0,0.07336115384615384,2143.3526164893788,13758.999484729884,0.1387722
0.09159946,0.04772793,378659.8,0.07281919230769231,2139.5535188400477,13734.61162516938,0.1385841
0.09169583,0.0477519,375884.3,0.07228544230769231,2135.175035663252,13706.504468507446,0.1383892
0.09179219,0.04777585,373150.3,0.07175967307692308,2130.5222545040315,13676.636488278822,0.1381925
0.09188857,0.04779977,370456.7,0.07124167307692308,2125.3111310466484,13643.184295478912,0.1379901
0.09198497,0.04782368,367802.7,0.07073128846153846,2119.8338715153454,13608.02367352191,0.1377861
0.09208135,0.04784756,365189.1,0.07022867307692307,2113.8231616580165,13569.438630074741,0.1375778
0.09217776,0.04787142,362614.1,0.06973348076923076,2107.542488841024,13529.120591228524,0.1373678
0.09227416,0.04789526,360079.1,0.06924598076923076,2100.715628417728,13485.296365422739,0.1371537
0.09237057,0.04791908,357582.3,0.06876582692307692,2093.6250011222833,13439.778919271377,0.1369381
0.09246699,0.04794287,355124.6,0.0682931923076923,2085.9819095015164,13390.71499350254,0.1367187
0.0925634,0.04796664,352706.2,0.06782811538461539,2078.0798457999463,13339.98862698601,0.1364983
0.09265984,0.0479904,350325.8,0.06737034615384616,2069.6797254859566,13286.065044751951,0.1362762
0.09275627,0.04801412,347981.0,0.06691942307692307,2061.1903144600674,13231.56827131754,0.1360584
0.0928527,0.04803783,345669.1,0.06647482692307692,2052.3540421126586,13174.844862514155,0.1358438
0.09294915,0.04806151,343391.9,0.06603690384615385,2043.2535216545607,13116.42514411111,0.1356275
0.0930456,0.04808518,341155.9,0.06560690384615385,2033.2071936252541,13051.933925486961,0.1353961
0.09314205,0.04810882,338961.1,0.06518482692307692,2022.494191189285,12983.16306909011,0.1351502
0.0932385,0.04813244,336805.4,0.06477026923076923,2011.1659998497298,12910.443080038958,0.1349002
0.09333497,0.04815603,334691.9,0.06436382692307693,1999.8448909799888,12837.768556067971,0.134658
0.09343144,0.04817961,332626.7,0.06396667307692308,1988.3378048641107,12763.900173086531,0.134428
0.09352791,0.04820317,330607.4,0.06357834615384615,1976.9449150663804,12690.764859909128,0.1342102
0.09362439,0.0482267,328626.3,0.06319736538461539,1965.1224580681467,12614.87199072115,0.1339956
0.09372087,0.04825021,326676.8,0.06282246153846154,1953.001958592319,12537.065872978503,0.1337777
0.09381736,0.0482737,324760.1,0.06245386538461538,1940.2242934146238,12455.041157472795,0.1335548
0.09391385,0.04829717,322878.8,0.06209207692307692,1927.21624745294,12371.537539679237,0.1333309
0.09401036,0.04832062,321035.6,0.06173761538461538,1913.7473759508105,12285.075706646263,0.1331099
0.09410686,0.04834404,319230.4,0.06139046153846154,1900.184544668073,12198.010709876708,0.1328924
0.09420337,0.04836744,317463.6,0.061050692307692306,1886.127797329036,12107.77507720159,0.132677
0.09429988,0.04839082,315734.4,0.06071815384615385,1871.8962359222505,12016.417246223884,0.1324621
0.09439641,0.04841417,314044.5,0.06039317307692307,1857.0860309718335,11921.344881222507,0.1322468
0.09449294,0.04843751,312393.8,0.06007573076923077,1842.0560405223075,11824.861629115703,0.1320302
0.09458947,0.04846083,310781.8,0.059765730769230765,1826.5048709864784,11725.032729295719,0.1318158
0.094686,0.04848412,309203.5,0.05946221153846154,1811.130283872205,11626.337379517154,0.1316133
0.09478254,0.04850739,307656.4,0.059164692307692314,1795.7293078344117,11527.472629154512,0.1314309
0.09487909,0.04853064,306147.0,0.058874423076923074,1779.7059120261608,11424.612328439995,0.1312318
0.09497565,0.04855388,304693.5,0.058594903846153845,1762.1660683403,11312.017369318764,0.1309998
0.0950722,0.04857708,303300.1,0.0583269423076923,1745.1465091608225,11202.762315260365,0.1307932
0.09516876,0.04860027,301951.0,0.0580675,1728.8793454381387,11098.337175152052,0.13064
0.09526533,0.04862344,300630.1,0.05781348076923076,1712.2213770818732,10991.403310762576,0.1304777
0.0953619,0.04864658,299343.2,0.057566,1693.9384008348493,10874.037899757943,0.1302778
0.09545848,0.0486697,298102.0,0.05732730769230769,1675.1663331255781,10753.532823760592,0.1300638
0.09555506,0.0486928,296910.6,0.0570981923076923,1655.906284469302,10629.89521159222,0.1298568
0.09565164,0.04871588,295763.2,0.056877538461538465,1636.6005030228928,10505.964023168111,0.1296515
0.09574823,0.04873894,294657.8,0.05666496153846154,1616.5747329923843,10377.410952893382,0.1294441
0.09584484,0.04876197,293595.1,0.056460596153846146,1596.3334970502528,10247.47472459594,0.1292304
0.09594143,0.04878499,292578.9,0.05626517307692308,1575.4115714266004,10113.16888912082,0.1290167
0.09603805,0.04880798,291608.7,0.05607859615384616,1554.4056685327414,9978.323971458003,0.1288011
0.09613467,0.04883095,290686.4,0.05590123076923077,1532.7627887959663,9839.390056032504,0.1285878
0.09623129,0.0488539,289811.0,0.055732884615384615,1511.0462423413294,9699.983245794781,0.1283715
0.09632791,0.04887683,288984.4,0.05557392307692308,1488.6807575242465,9556.410652229655,0.1281576
0.09642455,0.04889974,288205.5,0.05542413461538462,1466.2779460586462,9412.598444644062,0.1279407
0.09652118,0.04892262,287476.5,0.055283942307692305,1443.2462850280535,9264.749411398454,0.1277276
0.09661782,0.04894549,286795.9,0.055153057692307696,1420.2223473042018,9116.949957010125,0.1275116
0.09671446,0.04896834,286165.8,0.055031884615384614,1396.6310200780563,8965.50821258998,0.1273026
0.09681111,0.04899116,285584.5,0.05492009615384615,1373.1442610534539,8814.737731414198,0.1270932
0.09690777,0.04901396,285053.7,0.05481801923076923,1349.159812937892,8660.772393781577,0.1268945
0.09700442,0.04903674,284571.6,0.05472530769230769,1325.3622595144247,8508.006804595594,0.1266973
0.09710109,0.0490595,284139.6,0.05464223076923076,1301.1505441405213,8352.582551586027,0.1265153
0.09719776,0.04908224,283755.7,0.05456840384615385,1277.222212333793,8198.977445983539,0.1263376
0.09729443,0.04910496,283421.2,0.054504076923076926,1252.9585101091536,8043.219469513358,0.12618
0.09739111,0.04912765,283133.6,0.054448769230769224,1229.0501937676152,7889.742850830435,0.1260284
0.09748779,0.04915033,282894.3,0.05440275,1204.8987124636822,7734.705263333256,0.1259034
0.09758448,0.04917298,282700.3,0.0543654423076923,1181.193726041032,7582.533897098154,0.1257877
0.09768118,0.04919561,282553.3,0.054337173076923075,1157.3134674770708,7429.2373920112195,0.1257045
0.09777788,0.04921823,282450.0,0.05431730769230769,1133.9440536732418,7279.220194648717,0.1256328
0.09787458,0.04924082,282391.8,0.05430611538461538,1110.4956421410493,7128.695880680441,0.1256017
0.09797129,0.04926339,282375.1,0.05430290384615384,1087.6458492922272,6982.01432879092,0.1255862
0.098068,0.04928593,282400.9,0.05430786538461539,1064.8066317445678,6835.400663800703,0.1256203
0.09816472,0.04930846,282465.0,0.054320192307692305,1042.6296610320458,6693.038214309661,0.1256733
0.09826144,0.04933097,282568.8,0.054340153846153844,1020.5415577348722,6551.246238716653,0.1257858
0.09835817,0.04935345,282708.2,0.05436696153846154,999.1614633937143,6413.999243163822,0.1259203
0.09845491,0.04937592,282885.0,0.05440096153846154,977.9273700153786,6277.689483582704,0.1261248
0.09855164,0.04939836,283094.7,0.054441288461538465,957.4619821529564,6146.314338453727,0.1263563
0.09864838,0.04942078,283339.2,0.0544883076923077,937.2018201807329,6016.25661673692,0.1266705
0.09874513,0.04944318,283613.3,0.054541019230769226,917.753732855194,5891.411912495322,0.1270166
0.09884188,0.04946556,283919.0,0.05459980769230769,898.5478784884264,5768.122194180574,0.1274587
0.09893864,0.04948792,284250.8,0.05466361538461538,880.1803295899754,5650.213879008677,0.1279373
0.0990354,0.04951026,284611.3,0.05473294230769231,862.0777302936633,5534.0063765781215,0.1285269
0.09913217,0.04953258,284994.6,0.05480665384615384,844.83116778752,5423.294101421056,0.1291582
0.09922894,0.04955488,285403.6,0.054885307692307685,827.8622194575685,5314.36393774569,0.1299175
0.09932572,0.04957715,285832.1,0.054967711538461535,811.7551526486283,5210.966520904542,0.1307238
0.0994225,0.04959941,286283.5,0.05505451923076923,795.9075843578662,5109.234924213766,0.1316765
0.09951928,0.04962164,286751.7,0.055144557692307694,780.9148754735685,5012.9909967205695,0.1326814
0.09961606,0.04964385,287240.3,0.05523851923076923,766.1581330353113,4918.261828014381,0.1338548
0.09971287,0.04966604,287743.0,0.05533519230769231,752.2435657052175,4828.938903147927,0.1350866
0.09980966,0.04968821,288263.9,0.05543536538461539,738.5222736031893,4740.856685826701,0.1365111
0.09990647,0.04971036,288796.6,0.055537807692307685,725.6341647080351,4658.122989894757,0.1380018
0.1000033,0.0497325,289345.5,0.05564336538461538,712.9096837174737,4576.439684009537,0.1397168
0.1001001,0.0497546,289903.7,0.05575071153846154,701.0197489059859,4500.113648952979,0.1415081
0.1001969,0.0497767,290476.4,0.05586084615384616,689.2652565012453,4424.657070461948,0.1435619
0.1002937,0.04979876,291056.3,0.055972365384615384,678.3357192035566,4354.496194043236,0.1457035
0.1003906,0.04982081,291648.7,0.056086288461538465,667.5157830184941,4285.038889048352,0.1481538
0.1004874,0.04984284,292246.3,0.05620121153846153,657.5066763568989,4220.786608606947,0.150706
0.1005842,0.04986485,292854.5,0.05631817307692308,647.5562002621502,4156.910700178632,0.1536189
0.1006811,0.04988683,293466.0,0.056435769230769234,638.4120377452243,4098.210826723026,0.1566517
0.1007779,0.0499088,294086.7,0.05655513461538462,629.3125586003056,4039.797792907193,0.1601129
0.1008748,0.04993075,294708.6,0.05667473076923076,621.0179041058873,3986.5512360706225,0.1637168
0.1009716,0.04995267,295338.4,0.056795846153846155,612.7507664292652,3933.4813202024898,0.1678244
0.1010685,0.04997457,295967.3,0.056916788461538456,605.2673703031957,3885.442540838567,0.1720999
0.1011654,0.04999646,296603.1,0.05703905769230769,597.7773195606276,3837.36104294841,0.1769567
0.1012622,0.05001832,297236.5,0.057160865384615386,591.0209230880141,3793.9891521684503,0.1820061
0.1013591,0.05004016,297877.2,0.057284076923076924,584.196558643134,3750.1809490019045,0.1877135
0.101456,0.05006198,298515.4,0.057406807692307694,578.0325145699662,3710.6115946296495,0.193638
0.1015528,0.05008377,299162.5,0.05753125,571.7602013189747,3670.347219032036,0.2002886
0.1016497,0.05010554,299808.6,0.0576555,566.0564296641636,3633.7325291971433,0.2071783
0.1017466,0.0501273,300468.1,0.057782326923076915,560.1894133249486,3596.069909352361,0.2148463
0.1018435,0.05014905,301130.2,0.05790965384615385,554.7633293323067,3561.2378027337386,0.2227637
0.1019405,0.05017078,301811.8,0.05804073076923077,549.1673947472941,3525.31536025767,0.2314608
0.1020373,0.05019247,302499.9,0.0581730576923077,543.9095260344494,3491.5630918001825,0.2404072
0.1021342,0.05021414,303215.3,0.05831063461538461,538.4808172878345,3456.71413588281,0.2500896
0.1022311,0.0502358,303941.3,0.058450249999999995,533.2774421482189,3423.3116824955127,0.2600049
0.1023281,0.05025744,304702.7,0.05859667307692308,527.7908638924704,3388.0912400853326,0.2705114
0.102425,0.05027906,305478.6,0.05874588461538461,522.4538148430554,3353.830682790213,0.2812194
0.102522,0.05030066,306293.0,0.0589025,516.7547084332226,3317.245940945567,0.2922315
0.1026189,0.05032224,307125.1,0.059062519230769224,511.2217460997786,3281.727741415908,0.3034074
0.1027159,0.05034379,307987.7,0.05922840384615385,505.27755646221715,3243.569716678801,0.3144846
0.1028128,0.05036533,308869.9,0.059398057692307694,499.54994174183213,3206.8019690948377,0.3256712
0.1029098,0.05038684,309762.0,0.05956961538461539,493.5126249378286,3168.0461254896486,0.3363104
0.1030067,0.05040834,310669.5,0.059744134615384616,487.6376194964584,3130.3322205452546,0.3469564
0.1031037,0.05042981,311559.2,0.05991523076923077,481.7241229667955,3092.371226596508,0.3566675
0.1032006,0.05045127,312446.9,0.06008594230769231,475.7310458829552,3053.8993746603737,0.3662078
0.1032976,0.0504727,313288.6,0.06024780769230769,469.9074676031171,3016.5156003177194,0.3745164
0.1033946,0.05049411,314104.6,0.060404730769230766,463.84745625240595,2977.6140717449452,0.382515
0.1034915,0.05051551,314857.5,0.06054951923076923,457.8887235805763,2939.36268971354,0.3890845
0.1035885,0.05053688,315570.7,0.06068667307692308,451.7995010681482,2900.2736435312413,0.3953426
0.1036855,0.05055823,316207.9,0.06080921153846154,445.5726169784219,2860.3008950796375,0.400139
0.1037825,0.05057957,316802.5,0.060923557692307694,439.3132288537479,2820.119490806935,0.4046618
0.1038795,0.05060088,317308.3,0.06102082692307692,432.80664186713625,2778.351222577337,0.4079528
0.1039765,0.05062217,317784.4,0.06111238461538462,426.25739041541556,2736.3090748428285,0.4109962
0.1040735,0.05064345,318161.2,0.06118484615384616,419.60066481884263,2693.5770095034113,0.4132739
0.1041705,0.0506647,318515.8,0.061253038461538456,412.8313957267263,2650.1224844598473,0.4153152
0.1042675,0.05068593,318767.9,0.061301519230769236,406.03442978002323,2606.4901627228896,0.4170293
0.1043645,0.05070715,318999.9,0.06134613461538462,399.0646754811076,2561.7486465254547,0.41852
0.1044615,0.05072834,319138.0,0.06137269230769231,392.1480488298684,2517.3481770001267,0.4199792
0.1045585,0.05074951,319255.1,0.06139521153846154,385.0213732683894,2471.5993232539645,0.4212224
0.1046556,0.05077066,319293.0,0.0614025,377.98725274768583,2426.444615682604,0.4224587
0.1047526,0.05079179,319305.2,0.06140484615384616,370.7143419715809,2379.757022212885,0.4234627
0.1048496,0.0508129,319254.6,0.06139511538461538,363.58048423303205,2333.962063327586,0.4241294
0.1049467,0.050834,319174.0,0.06137961538461539,356.2053210286012,2286.6180724467154,0.4245293
0.1050438,0.05085507,319044.5,0.06135471153846154,348.9617089837522,2240.1185587288546,0.4239193
0.1051408,0.05087612,318885.3,0.06132409615384615,341.52823832858815,2192.4002700406977,0.4230176
0.1052379,0.05089715,318682.7,0.061285134615384616,334.1551934219834,2145.0698773230383,0.4203986
0.1053349,0.05091816,318457.1,0.06124175,326.6240007348419,2096.724273569091,0.4174563
0.105432,0.05093915,318181.8,0.06118880769230769,319.0658618295438,2048.2056917438363,0.4124903
0.105529,0.05096012,317894.3,0.06113351923076923,311.2369539320847,1997.9489402889267,0.4071224
0.1056261,0.05098107,317558.0,0.061068846153846154,303.44501398299167,1947.9295002211431,0.3999026
0.1057232,0.051002,317216.6,0.0610031923076923,295.4054248953096,1896.3203056985742,0.3923447
0.1058203,0.05102292,316823.7,0.06092763461538462,287.8160742789156,1847.6013639728617,0.3835774
0.1059174,0.05104381,316411.9,0.06084844230769231,279.488013412365,1794.1403588679943,0.3742129
0.1060145,0.05106468,315965.4,0.060762576923076926,271.29546543743044,1741.5492627979615,0.3637109
0.1061115,0.05108553,315496.0,0.06067230769230769,262.75724376916384,1686.7391551981177,0.3529438
0.1062086,0.05110637,314996.6,0.060576269230769225,254.36618741772642,1632.8737580032932,0.3411092
0.1063057,0.05112718,314472.1,0.06047540384615384,245.56690332789125,1576.3877909595994,0.3290333
0.1064028,0.05114797,313930.3,0.06037121153846153,236.9918932168798,1521.3415242878061,0.315814
0.1065,0.05116875,313385.0,0.060266346153846156,227.74716085057733,1461.9960545382878,0.3022581
0.1065971,0.0511895,312818.7,0.06015744230769231,219.23234136475565,1407.3361744902356,0.2878921
0.1066942,0.05121024,312258.6,0.060049730769230765,209.89015439247194,1347.3651063845882,0.2731944
0.1067913,0.05123095,311698.6,0.059942038461538456,201.74562710170483,1295.0822734363735,0.2583757
0.1068884,0.05125164,311163.8,0.05983919230769231,192.9024580308709,1238.3145919298777,0.2434376
0.1069856,0.05127232,310646.9,0.05973978846153847,185.7896882233888,1192.6550045324284,0.2293151
0.1070827,0.05129298,310160.3,0.05964621153846154,178.2077465331799,1143.9836235350715,0.2152997
0.1071798,0.05131361,309702.6,0.059558192307692305,172.55820320709012,1107.7170460645168,0.2028331
0.107277,0.05133423,309258.6,0.059472807692307686,166.53986128997013,1069.0830095091078,0.190539
0.1073741,0.05135482,308837.6,0.05939184615384615,162.30595747710947,1041.9039630323964,0.1802429
0.1074713,0.0513754,308399.2,0.05930753846153847,157.68612907646747,1012.2475191533271,0.1700552
0.1075684,0.05139596,307982.3,0.059227365384615385,153.7395599711142,986.9129839633375,0.1616682
0.1076656,0.0514165,307512.6,0.059137038461538456,149.6734705074216,960.8112019208448,0.1534657
0.1077628,0.05143701,307056.2,0.05904926923076923,145.55278164958145,934.3589255032488,0.1466546
0.1078599,0.05145751,306538.1,0.05894963461538461,141.55785731824986,908.7139796397183,0.1400846
0.1079571,0.05147799,306007.7,0.058847634615384614,137.05810924846855,879.828377290749,0.1343646
0.1080543,0.05149845,305401.5,0.058731057692307694,132.29878398503087,849.2764497434481,0.1286392
0.1081515,0.05151889,304768.0,0.05860923076923077,126.88222216241597,814.5054695729368,0.1233569
0.1082486,0.05153931,304055.6,0.05847223076923076,120.78415395145271,775.3596394715336,0.1178196
0.1083458,0.05155971,303315.3,0.05832986538461538,114.09420098242717,732.4142749311649,0.112492
0.108443,0.05158009,302500.4,0.058173153846153854,106.18357575470058,681.6329487066189,0.1065844
0.1085402,0.05160045,301671.8,0.05801380769230769,97.77987974522094,627.6864127168278,0.1007174
0.1086374,0.0516208,300789.6,0.057844153846153844,87.80946094525393,563.6824844430095,0.09396854
0.1087346,0.05164112,299930.5,0.057678942307692306,77.65664764457179,498.5076961706773,0.08718605
0.1088319,0.05166142,299057.6,0.05751107692307692,66.07381813899559,424.1530874269383,0.07933466
0.1089291,0.0516817,298252.7,0.057356288461538465,54.84814778275853,352.09121974405787,0.071434
0.1090263,0.05170197,297477.8,0.05720726923076923,42.76274300384583,274.5103882716476,0.06233134
0.1091235,0.05172221,296805.6,0.057078,31.539384383490802,202.46336050477774,0.05298465
0.1092207,0.05174244,296199.3,0.05696140384615384,20.251477275214437,130.0019713280226,0.04202433
0.109318,0.05176264,295708.9,0.05686709615384616,10.1540989778527,65.18304152538583,0.02949652
0.1094152,0.05178283,295306.3,0.05678967307692308,0.6820561908231643,4.378379323073577,0.007578018
0.1095124,0.05180299,295010.0,0.05673269230769231,-7.309375098087419,-46.921671886638265,0.02462248
0.1096096,0.05182313,294799.2,0.05669215384615385,-14.330314768522745,-91.9917665433277,0.03422083
0.1097068,0.05184325,294670.2,0.05666734615384616,-19.847252316645903,-127.40709685245962,0.04001705
0.1098041,0.05186336,294602.4,0.0566543076923077,-24.355582638299087,-156.34779195573108,0.04404997
0.1099014,0.05188346,294583.4,0.05665065384615385,-27.664447016938944,-177.5886568187957,0.04669017
0.1099987,0.05190354,294591.6,0.05665223076923077,-30.1587158186173,-193.6003213918799,0.04848374
0.1100959,0.05192358,294616.2,0.05665696153846154,-31.93249973838574,-204.9869181890463,0.04964801
0.1101931,0.05194361,294636.4,0.05666084615384616,-33.244143050501705,-213.40685782786886,0.0504119
0.1102904,0.05196362,294648.7,0.05666321153846154,-34.30536499380541,-220.21924700675044,0.05098195
0.1103877,0.05198362,294635.7,0.05666071153846154,-35.280062578923236,-226.4762032668778,0.05146892
0.110485,0.05200361,294601.9,0.05665421153846154,-36.35996833834498,-233.40853100106898,0.0520252
0.1105823,0.05202356,294536.8,0.0566416923076923,-37.64702120445339,-241.6706151702202,0.0527072
0.1106796,0.0520435,294450.1,0.05662501923076923,-39.19806497842649,-251.62735785581884,0.05354627
0.1107769,0.05206341,294340.1,0.05660386538461538,-41.11117331057573,-263.908331296105,0.05459481
0.1108742,0.05208331,294217.7,0.05658032692307693,-43.21981621450038,-277.44451587225706,0.05571713
0.1109715,0.05210319,294087.2,0.056555230769230774,-45.63567975593805,-292.9528671188487,0.05698519
0.1110688,0.05212305,293956.6,0.05653011538461538,-48.046605272595635,-308.4295192974093,0.0581745
0.1111661,0.05214289,293832.1,0.05650617307692307,-50.61033367595768,-324.88707159630354,0.0594023
0.1112634,0.05216271,293717.2,0.05648407692307693,-52.95800597855036,-339.95767722282636,0.0604254
0.1113607,0.05218251,293614.6,0.05646434615384615,-55.348108746711766,-355.30066022179165,0.06142821
0.111458,0.05220229,293526.1,0.05644732692307692,-57.389052139595485,-368.402255766553,0.06217213
0.1115553,0.05222206,293448.5,0.05643240384615385,-59.45376990980245,-381.65646812425683,0.06289685
0.1116527,0.0522418,293385.9,0.05642036538461539,-61.15329509383637,-392.56636972024745,0.06338775
0.11175,0.05226153,293329.4,0.0564095,-62.92895930618342,-403.96503683399226,0.06389574
0.1118473,0.05228123,293288.8,0.056401692307692305,-64.39598075424193,-413.38240810208794,0.06423917
0.1119447,0.05230092,293250.4,0.056394307692307695,-65.95474224799482,-423.3886937801258,0.0646126
0.112042,0.05232059,293228.3,0.05639005769230769,-67.25809957290679,-431.75544250076103,0.06488943
0.1121394,0.05234024,293206.4,0.05638584615384616,-68.56857611203468,-440.16789217791415,0.0651596
0.1122367,0.05235987,293201.8,0.05638496153846154,-69.64090881985567,-447.0516055999894,0.06538199
0.1123341,0.05237948,293199.0,0.056384423076923075,-70.62538794401104,-453.37135329701897,0.06555893
0.1124314,0.05239907,293214.5,0.056387403846153844,-71.43159405450592,-458.54669839588274,0.06575274
0.1125288,0.05241865,293232.2,0.05639080769230769,-71.99200866697882,-462.14421394462113,0.06583398
0.1126261,0.0524382,293265.9,0.056397288461538464,-72.2888183400761,-464.0495486561337,0.0659268
0.1127235,0.05245774,293294.8,0.05640284615384615,-72.20519652054219,-463.51274824213374,0.06584953
0.1128209,0.05247726,293329.8,0.05640957692307692,-71.9371617981438,-461.79213093493144,0.06584781
0.1129182,0.05249676,293348.3,0.056413134615384615,-71.27911254885989,-457.5678613433725,0.06566885
0.1130156,0.05251624,293360.1,0.056415403846153844,-70.64326286639069,-453.48609925431924,0.06567675
0.113113,0.0525357,293340.4,0.056411615384615386,-69.63758627910707,-447.0302769412814,0.06550898
0.1132104,0.05255514,293299.4,0.056403730769230775,-68.95492945538149,-442.6480419260873,0.06567014
0.1133078,0.05257457,293212.3,0.056386980769230766,-68.04546420860002,-436.80983697297904,0.0657175
0.1134052,0.05259397,293090.1,0.05636348076923076,-67.76434534398044,-435.00522755701456,0.06623962
0.1135026,0.05261335,292909.7,0.056328788461538465,-67.45919456902041,-433.0463481252593,0.06674941
0.1136,0.05263272,292685.1,0.05628559615384615,-68.05281586333149,-436.85703005398864,0.0678677
0.1136974,0.05265206,292399.8,0.05623073076923077,-68.89052063925527,-442.2345771228277,0.06911845
0.1137948,0.05267139,292070.8,0.056167461538461534,-70.79530914877974,-454.462142442431,0.07105586
0.1138922,0.0526907,291691.0,0.056094423076923076,-73.10415668436801,-469.28351705344164,0.07321578
0.1139896,0.05270999,291277.3,0.056014865384615385,-76.36503030156506,-490.2163108800919,0.07598026
0.114087,0.05272926,290833.8,0.05592957692307692,-80.028923703558,-513.7362427113253,0.07896721
0.1141845,0.05274852,290374.7,0.05584128846153846,-84.27404878531588,-540.9873228010723,0.08233693
0.1142819,0.05276775,289910.1,0.0557519423076923,-88.71911839403452,-569.5219232141962,0.08582832
0.1143793,0.05278697,289446.9,0.05566286538461539,-93.31152620545278,-599.0023438528068,0.0894556
0.1144767,0.05280617,288996.7,0.05557628846153846,-97.8804063522159,-628.3317314213679,0.09310103
0.1145742,0.05282534,288559.0,0.05549211538461538,-102.25530627516582,-656.4158858075955,0.09668914
0.1146716,0.0528445,288145.0,0.0554125,-106.48436257355408,-683.5638142365275,0.1002428
0.1147691,0.05286365,287748.6,0.055336269230769224,-110.32995407167964,-708.2501355791424,0.103619
0.1148665,0.05288277,287382.7,0.05526590384615385,-113.97944012680459,-731.6775811453498,0.106939
0.114964,0.05290188,287037.0,0.055199423076923076,-117.14679447501626,-752.0100390478581,0.1100028
0.1150614,0.05292096,286727.5,0.055139903846153845,-120.02178942055197,-770.4657302252705,0.1129625
0.1151589,0.05294003,286438.9,0.05508440384615385,-122.35434714978271,-785.4393096296501,0.1156031
0.1152563,0.05295908,286190.9,0.05503671153846154,-124.196275094536,-797.2633489630753,0.1180386
0.1153538,0.05297811,285959.0,0.05499211538461538,-125.5001990128659,-805.6337348633725,0.1201213
0.1154513,0.05299712,285763.8,0.05495457692307692,-126.0595133160022,-809.224187106018,0.1218631
0.1155488,0.05301611,285569.4,0.05491719230769231,-126.22635305333496,-810.2951951344374,0.1232841
0.1156462,0.05303509,285394.9,0.05488363461538462,-125.43518972339974,-805.216415392285,0.1242363
0.1157437,0.05305404,285194.5,0.054845096153846154,-124.63683089908612,-800.0914450221027,0.125021
0.1158412,0.05307298,284978.1,0.054803480769230764,-122.98507484922328,-789.4881917523788,0.1253605
0.1159387,0.0530919,284697.8,0.05474957692307692,-121.94739408315336,-782.8269223859526,0.1258263
0.1160362,0.0531108,284351.6,0.054682999999999995,-120.53013269211193,-773.7289799386637,0.1260744
0.1161337,0.05312968,283904.0,0.05459692307692308,-120.59404119084164,-774.1392330133687,0.1269067
0.1162312,0.05314854,283348.3,0.05449005769230769,-121.14994505012868,-777.7077923137126,0.1279847
0.1163287,0.05316739,282675.8,0.054360730769230765,-123.9971056283941,-795.9848040512684,0.1300822
0.1164262,0.05318621,281883.1,0.054208288461538454,-128.42540906219944,-824.4117759807642,0.1329787
0.1165237,0.05320502,280995.1,0.05403751923076923,-135.53958348285147,-870.0803801268964,0.1370232
0.1166212,0.05322381,280023.6,0.0538506923076923,-145.2348332382908,-932.3178931535255,0.142246
0.1167187,0.05324258,279025.1,0.05365867307692307,-157.31391332458685,-1009.8581240071741,0.148265
0.1168162,0.05326134,278047.6,0.0534706923076923,-171.97159857086726,-1103.9514067453317,0.1552418
0.1169138,0.05328007,277156.6,0.05329934615384615,-187.2283864748328,-1201.8905583783105,0.1620188
0.1170113,0.05329879,276393.1,0.053152519230769225,-203.1302556364196,-1303.970733108906,0.168803
0.1171088,0.05331749,275787.3,0.05303601923076923,-218.0370844151417,-1399.6633633870422,0.1747394
0.1172064,0.05333617,275345.5,0.05295105769230769,-231.87584505791858,-1488.499656159595,0.1800589
0.1173039,0.05335483,275055.9,0.05289536538461539,-244.17798759660172,-1567.4718101339868,0.1844339
0.1174014,0.05337347,274902.5,0.052865865384615386,-254.7216868801664,-1635.1558448997298,0.1880361
0.117499,0.0533921,274847.6,0.05285530769230769,-264.03830163273096,-1694.9627551550857,0.1908994
0.1175965,0.05341071,274862.2,0.052858115384615385,-271.65698302606796,-1743.8699823461673,0.1930816
0.1176941,0.05342929,274899.2,0.05286523076923077,-278.8305361820257,-1789.919761284627,0.1948579
0.1177916,0.05344785,274927.4,0.05287065384615385,-284.98767347729785,-1829.4447784102822,0.1962207
0.1178891,0.0534664,274913.7,0.05286801923076923,-291.63695284176276,-1872.1290435403687,0.1975255
0.1179867,0.05348493,274824.3,0.052850826923076924,-298.70475485876335,-1917.4999655071724,0.1988991
0.1180843,0.05350345,274659.8,0.0528191923076923,-307.3533662538258,-1973.0187069465528,0.2005868
0.1181819,0.05352196,274388.1,0.052766942307692306,-318.21439927828027,-2042.739828257832,0.2028805
0.1182794,0.05354043,274058.7,0.052703596153846156,-331.2796848669149,-2126.6108890897694,0.2056598
0.118377,0.05355889,273684.6,0.05263165384615384,-347.17109150155585,-2228.623900861853,0.2091469
0.1184745,0.05357733,273352.6,0.052567807692307685,-364.23099811174734,-2338.137960495973,0.2127712
0.1185721,0.05359576,273098.9,0.05251901923076924,-382.9947907899505,-2458.5899159067617,0.2167124
0.1186698,0.05361417,272995.2,0.052499076923076926,-401.0338796601678,-2574.3897206429724,0.2202902
0.1187674,0.05363256,273054.3,0.05251044230769231,-419.3100996321986,-2691.7117605366484,0.2237993
0.118865,0.05365093,273321.0,0.05256173076923077,-435.1929883374805,-2793.6700924652196,0.226611
0.1189626,0.05366929,273794.1,0.05265271153846154,-449.89937496574163,-2888.076007984574,0.2290611
0.1190602,0.05368762,274488.3,0.05278621153846154,-461.49695839278814,-2962.525327788148,0.2307624
0.1191578,0.05370593,275384.9,0.05295863461538462,-471.18493002753735,-3024.7161197768783,0.2319968
0.1192554,0.05372423,276480.4,0.053169307692307696,-477.2660756526936,-3063.7533173333572,0.2324617
0.119353,0.05374251,277753.1,0.05341405769230769,-481.0339941509637,-3087.941026008711,0.2324147
0.1194506,0.05376077,279189.7,0.053690326923076924,-480.8838443634167,-3086.977157145698,0.2315863
0.1195482,0.05377902,280764.7,0.05399321153846154,-478.2600996554944,-3070.134337253797,0.2302243
0.1196458,0.05379724,282458.6,0.05431896153846153,-471.5776632333409,-3027.2372243000987,0.2280603
0.1197435,0.05381545,284247.5,0.05466298076923077,-462.2253869318123,-2967.201388934592,0.2252919
0.1198411,0.05383364,286106.5,0.055020480769230766,-448.81229875557665,-2881.097650387017,0.2216787
0.1199387,0.05385181,288005.8,0.05538573076923077,-432.48870412114417,-2776.310258692241,0.2173286
0.1200364,0.05386997,289912.3,0.05575236538461538,-412.18191635024243,-2645.953228156598,0.2120405
0.120134,0.0538881,291780.8,0.05611169230769231,-389.03346126968864,-2497.3544492737715,0.2058912
0.1202316,0.05390622,293576.8,0.05645707692307692,-362.7091022620747,-2328.368329474757,0.1988248
0.1203293,0.05392432,295247.4,0.05677834615384616,-334.1191962115183,-2144.838797473446,0.1908393
0.1204269,0.0539424,296771.1,0.05707136538461538,-303.5621235975354,-1948.6812715880046,0.1820085
0.1205246,0.05396046,298098.7,0.05732667307692308,-271.7116650444785,-1744.221007117988,0.1722719
0.1206222,0.05397851,299229.1,0.057544057692307686,-239.15832773767815,-1535.2486953365851,0.1617602
0.1207199,0.05399654,300130.0,0.05771730769230769,-206.3838747164194,-1324.8569572891104,0.1503686
0.1208176,0.05401455,300819.5,0.05784990384615385,-173.7231443526762,-1115.195248437075,0.1380936
0.1209152,0.05403254,301289.5,0.05794028846153846,-141.69864610959786,-909.6177566910118,0.1248173
0.1210129,0.05405051,301567.5,0.05799375,-109.88416083641799,-705.3884184509978,0.1100313
0.1211106,0.05406847,301669.3,0.05801332692307692,-78.97841137325369,-506.9926026307521,0.09336742
0.1212082,0.05408641,301616.9,0.058003250000000006,-47.77423292974046,-306.6810571469596,0.07270014
0.1213059,0.05410433,301446.5,0.05797048076923077,-17.200855996442467,-110.41886760546366,0.04366839
0.1214036,0.05412223,301159.0,0.057915192307692306,14.23225755314037,91.36229980717769,0.03977395
0.1215013,0.05414012,300811.5,0.05784836538461539,45.52955533500395,292.27161390754037,0.07122886
0.121599,0.05415799,300367.3,0.05776294230769231,78.16844532814605,501.7931210748249,0.09347769
0.1216966,0.05417584,299905.0,0.057674038461538464,110.62599235283265,710.1505184309925,0.1113781
0.1217943,0.05419367,299364.5,0.05757009615384615,144.38435728197038,926.8583629974682,0.1274795
0.121892,0.05421149,298819.1,0.057465211538461534,177.79821314260965,1141.3546722059782,0.1417286
0.1219897,0.05422928,298211.7,0.05734840384615385,211.87752616640188,1360.1228052359588,0.1550539
0.1220874,0.05424706,297598.4,0.05723046153846154,245.26358413283012,1574.4406691391168,0.1671903
0.1221851,0.05426483,296935.6,0.057102999999999994,278.3950421179888,1787.124158472197,0.1785722
0.1222829,0.05428257,296259.1,0.05697290384615384,310.7305079906781,1994.697870262815,0.189135
0.1223806,0.0543003,295541.0,0.05683480769230769,342.16241883302513,2196.4713170381187,0.1990343
0.1224783,0.054318,294799.4,0.05669219230769231,372.98150083672203,2394.3107813178012,0.2083984
0.122576,0.05433569,294008.6,0.05654011538461538,402.8439710010251,2586.0093886502655,0.2172675
0.1226737,0.05435337,293173.6,0.05637953846153846,432.36888522197575,2775.5410953920746,0.2258034
0.1227715,0.05437102,292267.7,0.05620532692307693,461.1079835288882,2960.0283494977825,0.2340034
0.1228692,0.05438866,291287.5,0.056016826923076926,489.83014194068556,3144.406859943503,0.2420219
0.1229669,0.05440628,290208.2,0.05580926923076923,517.7403620182607,3323.573227955799,0.2497763
0.1230646,0.05442388,289026.1,0.055581942307692304,545.5697642073604,3502.220795059027,0.2573794
0.1231624,0.05444147,287722.5,0.05533125,572.1428662307753,3672.803691328653,0.2646847
0.1232601,0.05445903,286305.5,0.05505875,597.7841356972107,3837.4047983337878,0.2716904
0.1233579,0.05447658,284771.2,0.05476369230769231,621.3231463796984,3988.5107028684674,0.2782892
0.1234556,0.05449411,283149.7,0.05445186538461539,642.5251091858903,4124.614204028937,0.2843419
0.1235534,0.05451163,281451.4,0.054125269230769234,660.8387417922,4242.176409918542,0.2899085
0.1236511,0.05452912,279702.1,0.05378886538461538,676.419153035639,4342.19302343381,0.2949103
0.1237489,0.0545466,277921.1,0.05344636538461538,688.8214254693349,4421.807949466933,0.2994394
0.1238466,0.05456407,276148.5,0.053105480769230766,697.9773888235836,4480.583577006769,0.3033454
0.1239444,0.05458151,274401.0,0.052769423076923075,704.6030401497696,4523.11616473016,0.3069675
0.1240422,0.05459894,272690.8,0.05244053846153846,708.7163411355397,4549.52101557381,0.3101451
0.1241399,0.05461635,271039.2,0.05212292307692308,712.6157715125771,4574.552949253614,0.3135076
0.1242377,0.05463375,269405.6,0.05180876923076923,716.1645535663533,4597.333937353137,0.3168787
0.1243355,0.05465112,267796.5,0.051499326923076925,725.1881400547875,4655.259787206129,0.321644
0.1244333,0.05466847,266112.7,0.05117551923076923,739.8218925561331,4749.199436509129,0.3277522
0.1245311,0.05468579,264498.3,0.05086505769230769,772.4667881355977,4958.759495829932,0.3369127
0.1246288,0.05470309,263011.7,0.05057917307692308,820.8184463094027,5269.147266270091,0.3492364
0.1247266,0.05472038,261890.3,0.050363519230769226,931.2506009058583,5978.053466071664,0.3729691
0.1248244,0.05473767,259066.5,0.04982048076923077,1154.5354344883478,7411.404136686667,0.4159616
0.1249222,0.05475496,249323.2,0.04794676923076923,2495.4472318163585,16019.229366453637,0.5925827
0.12502,0.05477226,176300.9,0.03390401923076923,4897.582055643129,31439.450728545144,0.7116971
