x_m,r_m,pressure_pa,pressure_over_pc,tau_wall_pa,su2_cf_t,yplus
-0.02268,0.02,5179409.0,0.9960401923076924,1934.1116695787225,12415.801889252773,0.3873211
-0.02258069,0.01999946,5176086.0,0.9954011538461538,1070.4772833402674,6871.802743319987,0.2878331
-0.0224814,0.01999803,5177268.0,0.9956284615384615,730.8779234984199,4691.784681368149,0.2376035
-0.02238212,0.01999557,5177973.0,0.9957640384615385,588.6327407038713,3778.658496848336,0.2130499
-0.02228287,0.01999211,5177619.0,0.9956959615384615,504.14583603175817,3236.304770771278,0.1969639
-0.02218367,0.01998767,5177134.0,0.9956026923076923,456.4827808327924,2930.3374059625153,0.1872506
-0.02208451,0.01998225,5176781.0,0.9955348076923077,429.83968540362065,2759.3051952747505,0.1815167
-0.02198541,0.01997585,5176657.0,0.9955109615384615,418.3551749410527,2685.5817340387443,0.1789011
-0.02188638,0.01996846,5176559.0,0.9954921153846154,416.4856183913218,2673.580336132247,0.1783073
-0.02178742,0.01996008,5176533.0,0.9954871153846154,419.400655475596,2692.293073099527,0.1786874
-0.02168856,0.01995073,5176490.0,0.9954788461538462,425.34930574339546,2730.4797323266725,0.1796831
-0.02158979,0.0199404,5176490.0,0.9954788461538462,433.25568100023764,2781.23377636407,0.1810418
-0.02149113,0.01992908,5176482.0,0.9954773076923077,442.7973676102436,2842.485508879067,0.1826958
-0.02139259,0.01991678,5176516.0,0.9954838461538461,453.15354188303354,2908.9657489417013,0.1844382
-0.02129417,0.01990351,5176559.0,0.9954921153846154,463.4184073883717,2974.859843134237,0.186107
-0.02119589,0.01988926,5176616.0,0.9955030769230769,472.94680609248957,3036.02627550363,0.1875727
-0.02109776,0.01987403,5176696.0,0.9955184615384616,483.64057694544044,3104.6736770201223,0.1892196
-0.02099978,0.01985783,5176780.0,0.9955346153846154,492.4052067352782,3160.937184869683,0.1904196
-0.02090197,0.01984066,5176908.0,0.9955592307692308,501.0326275865365,3216.31989611084,0.1915459
-0.02080434,0.01982252,5177011.0,0.9955790384615385,509.51645769280105,3270.7808434895414,0.1926054
-0.02070689,0.01980341,5177182.0,0.995611923076923,517.1624743900867,3319.8635464423105,0.1934623
-0.02060963,0.01978333,5177309.0,0.9956363461538461,524.6200504844334,3367.736577155994,0.19423
-0.02051258,0.01976229,5177507.0,0.9956744230769231,531.7556131332541,3413.542480511826,0.1948984
-0.02041574,0.01974028,5177647.0,0.9957013461538462,538.6712981441258,3457.9369052878064,0.1954961
-0.02031912,0.01971732,5177864.0,0.995743076923077,543.7013048137628,3490.2264402170053,0.1957097
-0.02022274,0.01969339,5178006.0,0.9957703846153846,550.4593766898004,3533.609086051767,0.1961904
-0.0201266,0.01966851,5178229.0,0.9958132692307692,557.0377104727684,3575.8379243837853,0.196605
-0.02003071,0.01964268,5178372.0,0.9958407692307693,560.9818561532591,3601.156902683518,0.1965175
-0.01993509,0.0196159,5178571.0,0.9958790384615385,567.4261806218897,3642.5254840178163,0.1968395
-0.01983973,0.01958816,5178697.0,0.9959032692307692,573.1496071225073,3679.2663458186476,0.1969898
-0.01974466,0.01955948,5178862.0,0.995935,578.5660451796659,3714.036531491401,0.1970502
-0.01964987,0.01952986,5178952.0,0.9959523076923077,584.3736886600508,3751.3180142671986,0.1971475
-0.01955538,0.0194993,5179063.0,0.9959736538461539,590.7566744914003,3792.2928394494515,0.1973082
-0.0194612,0.01946781,5179112.0,0.995983076923077,596.3788280036188,3828.3835912382947,0.1972922
-0.01936734,0.01943538,5179171.0,0.9959944230769231,601.6707649260482,3862.3545565515933,0.1971798
-0.01927381,0.01940202,5179163.0,0.9959928846153846,608.7842731450809,3908.0188840949554,0.1973366
-0.01918061,0.01936772,5179143.0,0.9959890384615384,616.1915355082616,3955.568931741895,0.1975018
-0.01908775,0.01933251,5179061.0,0.9959732692307692,623.6370542172676,4003.3645614915877,0.1976227
-0.01899525,0.01929638,5178964.0,0.9959546153846154,631.222906018775,4052.0610429875405,0.1977222
-0.01890312,0.01925933,5178791.0,0.9959213461538462,638.5586664562396,4099.152092450273,0.1977415
-0.01881135,0.01922136,5178585.0,0.9958817307692308,647.2834316558617,4155.15969426178,0.1979339
-0.01871997,0.01918249,5178294.0,0.9958257692307693,656.1954345799614,4212.369246575874,0.1981013
-0.01862898,0.01914271,5177956.0,0.9957607692307693,665.0067098406624,4268.9321895275425,0.198205
-0.01853839,0.01910203,5177519.0,0.9956767307692308,673.3243824203074,4322.326508249085,0.1981879
-0.0184482,0.01906045,5177022.0,0.9955811538461539,681.5746243192701,4375.287963664038,0.198117
-0.01835843,0.01901799,5176408.0,0.9954630769230769,688.8420941464307,4421.940629603333,0.197871
-0.01826909,0.01897463,5175696.0,0.9953261538461539,693.9791923469525,4454.917625992175,0.1972716
-0.01818019,0.01893038,5174820.0,0.9951576923076924,699.3014158737784,4489.083012592518,0.1966373
-0.01809173,0.01888525,5173836.0,0.9949684615384615,702.408316683834,4509.027396132487,0.1956572
-0.01800372,0.01883925,5172686.0,0.9947473076923077,703.203431002167,4514.131538778957,0.1942956
-0.01791617,0.01879238,5171612.0,0.9945407692307693,706.1894721048128,4533.300077672935,0.1932112
-0.01782909,0.01874464,5170374.0,0.9943026923076923,726.6734771975534,4664.794733917529,0.194601
-0.01774245,0.01869611,5168674.0,0.9939757692307692,719.8136919185599,4620.759150881444,0.1920439
-0.01765635,0.01864663,5166952.0,0.9936446153846153,889.1160503306118,5707.575685050411,0.212786
-0.01757033,0.01859701,5164630.0,0.9931980769230769,958.4288710324948,6152.5211676488,0.2203837
-0.01748433,0.01854735,5162456.0,0.99278,981.0982160624868,6298.044356034712,0.2224545
-0.01739833,0.01849767,5160148.0,0.9923361538461538,989.8205731116083,6354.03649900793,0.2229364
-0.01731234,0.018448,5158080.0,0.9919384615384615,986.0238087909979,6329.663617976117,0.2219743
-0.01722634,0.01839834,5155878.0,0.991515,978.103798298607,6278.822044151299,0.2205392
-0.01714034,0.01834869,5153743.0,0.991104423076923,967.7140730043963,6212.126427261311,0.2187757
-0.01705434,0.01829904,5151488.0,0.9906707692307692,960.7225055116161,6167.244883836982,0.2173954
-0.01696833,0.01824939,5149229.0,0.9902363461538461,955.6938898978896,6134.964278627237,0.2162328
-0.01688233,0.01819973,5146858.0,0.9897803846153846,952.7871498295262,6116.304803375628,0.2153105
-0.01679633,0.01815008,5144433.0,0.9893140384615384,951.5336501518475,6108.258109944689,0.2145917
-0.01671032,0.01810043,5141900.0,0.9888269230769231,951.670762897427,6109.138289053467,0.214029
-0.01662432,0.01805078,5139289.0,0.9883248076923077,953.0788811291384,6118.17753806714,0.213629
-0.01653832,0.01800113,5136564.0,0.9878007692307692,955.4072095786883,6133.123968109113,0.21333
-0.01645231,0.01795147,5133741.0,0.9872578846153847,958.6555930716024,6153.97658305514,0.2131476
-0.01636631,0.01790182,5130796.0,0.9866915384615385,962.5359965620521,6178.886375879192,0.2130318
-0.0162803,0.01785217,5127741.0,0.9861040384615385,967.0399040789696,6207.798679308778,0.2129916
-0.0161943,0.01780252,5124560.0,0.9854923076923077,971.9710873010137,6239.453828764467,0.212993
-0.0161083,0.01775287,5121259.0,0.9848575,977.4187993210091,6274.424773955392,0.2130522
-0.01602229,0.01770322,5117829.0,0.9841978846153846,983.2160762653182,6311.639709974754,0.213143
-0.01593629,0.01765357,5114274.0,0.9835142307692307,989.4770140762179,6351.831062275521,0.2132815
-0.01585028,0.01760391,5110588.0,0.9828053846153846,996.0312805934176,6393.905403631746,0.2134448
-0.01576428,0.01755426,5106770.0,0.9820711538461538,1002.9611427918232,6438.390837192036,0.2136434
-0.01567828,0.01750461,5102807.0,0.9813090384615385,1010.1862995024866,6484.771879067421,0.2138656
-0.01559227,0.01745496,5098723.0,0.9805236538461538,1017.5910311120317,6532.305680839697,0.2141002
-0.01550627,0.01740531,5094517.0,0.9797148076923077,1024.8942766442979,6579.188004701036,0.2143164
-0.01542027,0.01735565,5090178.0,0.9788803846153846,1032.4643012011848,6627.782885065705,0.2145527
-0.01533426,0.017306,5085712.0,0.9780215384615385,1040.3161429590675,6678.186857734392,0.2148097
-0.01524826,0.01725635,5081121.0,0.9771386538461538,1048.3645776973997,6729.8528358686735,0.2150781
-0.01516226,0.0172067,5076399.0,0.9762305769230769,1056.5050524461824,6782.109654001292,0.2153468
-0.01507625,0.01715704,5071547.0,0.9752975,1064.8480728034638,6835.66668979363,0.2156265
-0.01499025,0.01710739,5066570.0,0.9743403846153846,1073.36781922413,6890.35819771918,0.215915
-0.01490425,0.01705774,5061473.0,0.9733601923076923,1082.257981961109,6947.427549526354,0.2162313
-0.01481824,0.01700808,5056255.0,0.9723567307692308,1091.2770041146973,7005.324099169801,0.2165513
-0.01473224,0.01695843,5050923.0,0.9713313461538462,1100.5242584277273,7064.685758259075,0.2168842
-0.01464624,0.01690878,5045474.0,0.9702834615384616,1109.840379007209,7124.489496228574,0.2172142
-0.01456024,0.01685912,5039917.0,0.9692148076923077,1119.218232089552,7184.689518723784,0.2175396
-0.01447423,0.01680947,5034249.0,0.9681248076923077,1128.6939427017585,7245.517726097494,0.2178642
-0.01438823,0.01675982,5028481.0,0.9670155769230769,1138.3712702779476,7307.640189806912,0.2181977
-0.01430223,0.01671017,5022606.0,0.9658857692307692,1148.1727516601827,7370.559644240242,0.2185326
-0.01421622,0.01666052,5016639.0,0.9647382692307692,1158.221197463528,7435.06445766521,0.2188801
-0.01413022,0.01661086,5010570.0,0.9635711538461539,1168.440836656924,7500.668226879055,0.2192336
-0.01404421,0.01656121,5004419.0,0.9623882692307693,1178.8393547686435,7567.420288224634,0.2195929
-0.01395821,0.01651156,4998171.0,0.9611867307692308,1189.3336134403698,7634.786944810241,0.2199505
-0.01387221,0.01646191,4991852.0,0.9599715384615385,1199.9901385004637,7703.195251349647,0.2203122
-0.0137862,0.01641226,4985446.0,0.9587396153846154,1210.740260873609,7772.204394807878,0.2206718
-0.0137002,0.0163626,4978978.0,0.9574957692307692,1221.6344128632697,7842.138119412568,0.2210334
-0.0136142,0.01631295,4972433.0,0.9562371153846154,1232.6587194997467,7912.907356431176,0.2213962
-0.01352819,0.0162633,4965838.0,0.9549688461538461,1243.8440881952497,7984.710512353328,0.2217626
-0.01344219,0.01621365,4959179.0,0.9536882692307692,1255.1108370631503,8057.036078699911,0.2221258
-0.01335619,0.016164,4952479.0,0.9523998076923077,1266.4954225686154,8130.118083451944,0.2224886
-0.01327018,0.01611434,4945731.0,0.9511021153846154,1277.9320555840504,8203.534201059392,0.2228456
-0.01318418,0.01606469,4938953.0,0.9497986538461538,1289.3732508955854,8276.979605788896,0.2231921
-0.01309817,0.01601504,4932144.0,0.9484892307692308,1300.8600384837002,8350.717684763946,0.223532
-0.01301217,0.01596539,4925317.0,0.9471763461538462,1312.4426967940492,8425.071194540102,0.2238694
-0.01292617,0.01591574,4918475.0,0.9458605769230769,1324.0937096365928,8499.863498178738,0.2242025
-0.01284016,0.01586609,4911628.0,0.9445438461538461,1335.9508951301432,8575.979302848957,0.2245426
-0.01275416,0.01581644,4904786.0,0.943228076923077,1347.881285632901,8652.565038447112,0.2248794
-0.01266816,0.01576678,4897951.0,0.9419136538461539,1359.9335740427634,8729.933283291828,0.225216
-0.01258215,0.01571713,4891139.0,0.9406036538461539,1372.017735890047,8807.50613591115,0.225546
-0.01249615,0.01566748,4884349.0,0.9392978846153847,1384.1927442030224,8885.662166708913,0.2258734
-0.01241015,0.01561783,4877602.0,0.9380003846153846,1396.3627070505456,8963.785808735915,0.2261912
-0.01232414,0.01556818,4870893.0,0.9367101923076923,1408.6352353387376,9042.567857519909,0.2265074
-0.01223814,0.01551852,4864245.0,0.9354317307692308,1420.957403213812,9121.66856178088,0.2268189
-0.01215213,0.01546887,4857654.0,0.9341642307692307,1433.4125264568438,9201.622757355011,0.2271314
-0.01206613,0.01541922,4851142.0,0.932911923076923,1445.906796458025,9281.828250928858,0.2274385
-0.01198013,0.01536957,4844704.0,0.9316738461538462,1458.5678681809516,9363.104508494544,0.2277497
-0.01189412,0.01531992,4838366.0,0.930455,1471.2087262733244,9444.251007041468,0.2280509
-0.01180812,0.01527026,4832121.0,0.9292540384615384,1483.9157888933569,9525.82249775018,0.2283481
-0.01172212,0.01522061,4825995.0,0.9280759615384615,1496.6676939227339,9607.681849020108,0.2286406
-0.01163611,0.01517096,4819981.0,0.9269194230769231,1509.5725658670594,9690.523153370348,0.228936
-0.01155011,0.01512131,4814107.0,0.9257898076923077,1522.5505881076513,9773.83403742525,0.229229
-0.01146411,0.01507165,4808364.0,0.9246853846153846,1535.8995213533644,9859.525940958272,0.2295416
-0.0113781,0.015022,4802780.0,0.9236115384615384,1549.3922477400884,9946.140907611127,0.2298579
-0.0112921,0.01497235,4797347.0,0.9225667307692308,1563.1229394409006,10034.283464548816,0.2301838
-0.0112061,0.01492269,4792092.0,0.9215561538461539,1576.915722856631,10122.824611931677,0.2305074
-0.0111201,0.01487304,4787008.0,0.9205784615384616,1590.775322508164,10211.794678264647,0.2308279
-0.01103409,0.01482339,4782122.0,0.9196388461538462,1604.6201848320861,10300.670140060107,0.2311399
-0.01094809,0.01477373,4777428.0,0.9187361538461538,1618.663537572506,10390.819787688222,0.2314581
-0.01086209,0.01472408,4772950.0,0.917875,1632.8490403862893,10481.881950957075,0.2317794
-0.01077608,0.01467443,4768680.0,0.9170538461538461,1647.3264546690366,10574.818005493358,0.2321134
-0.01069008,0.01462478,4764643.0,0.9162775,1662.0287875266642,10669.197898309949,0.2324564
-0.01060408,0.01457513,4760830.0,0.9155442307692307,1677.1196637661262,10766.071999568643,0.2328187
-0.01051807,0.01452547,4757265.0,0.9148586538461538,1692.3696516582418,10863.967499327067,0.2331853
-0.01043207,0.01447582,4753939.0,0.9142190384615385,1707.9413140707043,10963.927950753106,0.2335659
-0.01034606,0.01442617,4750875.0,0.9136298076923077,1723.7399338090647,11065.345327981302,0.2339552
-0.01026006,0.01437652,4748060.0,0.9130884615384616,1739.891803337525,11169.030350599516,0.23436
-0.01017406,0.01432687,4745518.0,0.9125996153846154,1756.3356514138475,11274.58969509024,0.2347774
-0.01008805,0.01427721,4743232.0,0.91216,1773.2738728685838,11383.322611211937,0.2352193
-0.01000205,0.01422756,4741226.0,0.9117742307692308,1790.547728983122,11494.210094470996,0.235676
-0.009916048,0.01417791,4739478.0,0.9114380769230769,1808.3033152707553,11608.18998779474,0.2361554
-0.009830044,0.01412826,4738013.0,0.9111563461538461,1826.433178715743,11724.572509214096,0.2366515
-0.00974404,0.01407861,4736804.0,0.9109238461538461,1844.9973959357508,11843.743313494944,0.2371658
-0.009658036,0.01402896,4735877.0,0.9107455769230769,1863.9186916380452,11965.206341004017,0.2376943
-0.009572032,0.0139793,4735200.0,0.9106153846153846,1883.377126361421,12090.117469146382,0.2382462
-0.009486028,0.01392965,4734799.0,0.9105382692307692,1903.3571564260892,12218.376917101767,0.2388215
-0.009400024,0.01388,4734632.0,0.9105061538461539,1924.0577283022008,12351.261798285499,0.2394301
-0.00931402,0.01383035,4734728.0,0.9105246153846154,1945.4453938838742,12488.557396524398,0.2400712
-0.009228016,0.0137807,4735036.0,0.9105838461538461,1967.6197695036624,12630.903187123518,0.2407478
-0.009142013,0.01373105,4735586.0,0.9106896153846153,1990.4438976253712,12777.419987322435,0.2414526
-0.00905601,0.01368139,4736320.0,0.9108307692307692,2014.0779601499828,12929.136065953875,0.2421917
-0.008970006,0.01363174,4737267.0,0.9110128846153847,2038.4234558651915,13085.419106095773,0.2429605
-0.008884003,0.01358209,4738361.0,0.9112232692307692,2063.5960896724164,13247.011861724659,0.2437617
-0.008797999,0.01353244,4739630.0,0.9114673076923077,2089.6205655470726,13414.072917098854,0.2445981
-0.008711996,0.01348279,4740999.0,0.9117305769230769,2116.686463277098,13587.819257321273,0.2454765
-0.008625992,0.01343313,4742498.0,0.9120188461538462,2144.676885136749,13767.500471220226,0.2463913
-0.008539988,0.01338348,4744040.0,0.9123153846153846,2173.8359032606554,13954.683351095207,0.2473515
-0.008453985,0.01333383,4745660.0,0.9126269230769231,2204.0196062332852,14148.444074577035,0.2483506
-0.008367981,0.01328418,4747261.0,0.9129348076923077,2235.2873907065255,14349.163931471423,0.2493859
-0.008281978,0.01323453,4748881.0,0.9132463461538461,2267.6170974561355,14556.700673250261,0.2504578
-0.008195974,0.01318487,4750410.0,0.9135403846153847,2301.2896738750037,14772.857808586945,0.2515759
-0.008109971,0.01313522,4751892.0,0.9138253846153847,2336.1686296370576,14996.759153921364,0.252734
-0.008023968,0.01308557,4753205.0,0.9140778846153846,2372.6781981177974,15231.128025403179,0.2539486
-0.007937965,0.01303592,4754398.0,0.9143073076923077,2410.691179292874,15475.147877469137,0.2552149
-0.007851962,0.01298626,4755339.0,0.9144882692307692,2450.551699167931,15731.027786450364,0.2565436
-0.00776596,0.01293661,4756083.0,0.9146313461538461,2491.7611293855707,15995.566866379831,0.2579101
-0.007679957,0.01288695,4756495.0,0.9147105769230769,2534.7439376131074,16271.489937415889,0.2593287
-0.007593954,0.0128373,4756635.0,0.9147375,2578.9546853109296,16555.295621144305,0.2607729
-0.007507951,0.01278765,4756363.0,0.9146851923076923,2624.98957134374,16850.81114590312,0.2622644
-0.007421947,0.012738,4755743.0,0.9145659615384616,2672.576238264324,17156.288145162693,0.2637921
-0.007335944,0.01268834,4754627.0,0.9143513461538462,2722.414184064628,17476.216963832543,0.265381
-0.00724994,0.01263869,4753091.0,0.9140559615384616,2773.922782763474,17806.870341864844,0.2670054
-0.007163936,0.01258904,4750978.0,0.9136496153846154,2828.1170129632505,18154.763814762166,0.2687038
-0.007077933,0.01253939,4748375.0,0.9131490384615385,2884.1462515481553,18514.43690769551,0.2704387
-0.00699193,0.01248974,4745120.0,0.9125230769230769,2943.037544589878,18892.48262186424,0.2722467
-0.006905926,0.01244008,4741309.0,0.9117901923076923,3003.8170925350373,19282.649765817107,0.274086
-0.006819923,0.01239043,4736775.0,0.9109182692307692,3067.812401636593,19693.460109471915,0.2760043
-0.006733919,0.01234078,4731620.0,0.909926923076923,3133.8255003003646,20117.22341538465,0.2779515
-0.006647915,0.01229113,4725708.0,0.90879,3203.3865545162416,20563.762403766857,0.2799817
-0.006561911,0.01224148,4719131.0,0.9075251923076924,3275.3557467673836,21025.760150419384,0.2820485
-0.006475907,0.01219183,4711641.0,0.9060848076923077,3351.619698745538,21515.327600916433,0.2842157
-0.006389903,0.01214218,4703392.0,0.9044984615384616,3430.409075153571,22021.10671586949,0.2864133
-0.006303899,0.01209252,4694232.0,0.9027369230769231,3514.654466107449,22561.910073099545,0.2887459
-0.006217895,0.01204287,4684314.0,0.9008296153846154,3602.103837815981,23123.28100713111,0.2911258
-0.006131892,0.01199322,4673385.0,0.8987278846153847,3695.501307538653,23722.83505526255,0.2936415
-0.006045888,0.01194357,4661583.0,0.8964582692307692,3791.807513852546,24341.061395088753,0.2961775
-0.005959885,0.01189392,4648626.0,0.8939665384615385,3893.5445584096415,24994.15036088467,0.2988088
-0.005873881,0.01184426,4634757.0,0.8912994230769231,3993.37214362457,25634.981777501383,0.3012389
-0.005787885,0.0117946,4619672.0,0.8883984615384616,4119.8408451593805,26446.832700147053,0.3045298
-0.005701897,0.01174492,4603427.0,0.8852744230769231,4266.472995273248,27388.1205042817,0.3084575
-0.005615904,0.01169525,4585531.0,0.8818328846153846,4426.151397399994,28413.1571854522,0.31269
-0.005529897,0.01164561,4566411.0,0.8781559615384615,4583.87080071719,29425.618304671854,0.3167011
-0.005443868,0.011596,4545591.0,0.8741521153846153,4711.34460857544,30243.921388889037,0.3194523
-0.005357828,0.01154641,4523144.0,0.8698353846153846,4841.2815886027865,31078.0365165118,0.3221057
-0.005271787,0.01149682,4498266.0,0.8650511538461538,5018.258803266581,32214.12088575405,0.3261265
-0.00518574,0.01144724,4471074.0,0.8598219230769231,5220.457439552803,33512.11119825428,0.3307543
-0.005099683,0.01139769,4440952.0,0.8540292307692308,5506.476849510742,35348.17908739133,0.337674
-0.005013605,0.01134816,4408244.0,0.8477392307692307,5825.496447429494,37396.08779341296,0.3452655
-0.004927488,0.01129871,4369290.0,0.8402480769230769,6407.499305511161,41132.18654023186,0.3599639
-0.004841241,0.01124947,4321955.0,0.8311451923076923,7857.715495926657,50441.67843772274,0.4008762
-0.004753901,0.01120225,4276688.0,0.82244,6854.507592310927,44001.703548507314,0.372749
-0.0046663,0.01115547,4244013.0,0.8161563461538461,7144.763419037238,45864.96661574278,0.380209
-0.004578239,0.01110957,4206377.0,0.8089186538461538,7133.15422739596,45790.44277837621,0.3794516
-0.004489727,0.01106455,4169076.0,0.8017453846153846,7153.504430201513,45921.07850660946,0.3795164
-0.004400772,0.0110204,4131355.0,0.7944913461538462,7219.622947824977,46345.51853710822,0.3807922
-0.004311381,0.01097714,4093638.0,0.7872380769230769,7275.305472534478,46702.965941185554,0.3817226
-0.004221566,0.01093477,4056671.0,0.7801290384615385,7347.144327523739,47164.12700314828,0.3830696
-0.004131335,0.0108933,4019624.0,0.7730046153846154,7429.814425660467,47694.817953818296,0.3846433
-0.004040696,0.01085272,3982650.0,0.7658942307692308,7520.208363210631,48275.091181194446,0.3863416
-0.003949659,0.01081305,3945394.0,0.7587296153846154,7617.656039280873,48900.64505157657,0.3881489
-0.003858234,0.01077427,3908049.0,0.7515478846153846,7725.573932368338,49593.411245977004,0.3901173
-0.003766427,0.01073641,3870431.0,0.7443136538461539,7839.118827606086,50322.29931742683,0.3921511
-0.003674248,0.01069947,3832884.0,0.7370930769230769,7954.164848753617,51060.823689716904,0.3940887
-0.003581707,0.01066344,3795155.0,0.7298375,8078.1582627258485,51856.78479561657,0.3961625
-0.003488814,0.01062833,3757338.0,0.722565,8211.1499207077,52710.50906831359,0.3983182
-0.003395578,0.01059414,3719202.0,0.7152311538461539,8348.909220537458,53594.83865589165,0.4004962
-0.003302005,0.01056089,3680955.0,0.7078759615384616,8491.000184829256,54506.974852910775,0.4026418
-0.003208104,0.01052857,3642557.0,0.7004917307692308,8625.174893495794,55368.293580032056,0.4044874
-0.003113889,0.01049718,3604218.0,0.6931188461538461,8768.50142497918,56288.36135500136,0.4064151
-0.003019367,0.01046672,3565460.0,0.6856653846153846,8917.643119943079,57245.75888650091,0.408374
-0.002924548,0.01043721,3526589.0,0.6781901923076923,9059.875809636806,58158.80487303255,0.4100395
-0.00282944,0.01040864,3487459.0,0.6706651923076923,9199.941762573788,59057.94174834739,0.4115488
-0.002734053,0.01038101,3448244.0,0.6631238461538461,9339.459128037144,59953.55703103726,0.4129246
-0.002638397,0.01035433,3408607.0,0.6555013461538461,9482.947743027631,60874.66528197562,0.4142891
-0.002542478,0.01032861,3369212.0,0.6479253846153846,9597.256317956053,61608.45570518486,0.414893
-0.002446311,0.01030384,3329523.0,0.6402928846153846,9735.49711842181,62495.876229341266,0.4159303
-0.002349903,0.01028002,3289639.0,0.6326228846153846,9860.789182179058,63300.17386446409,0.4165813
-0.002253261,0.01025717,3249585.0,0.6249201923076924,9973.390428946825,64023.00429578865,0.4168612
-0.002156399,0.01023527,3209563.0,0.6172236538461539,10095.12476696447,64804.46352987498,0.4172398
-0.002059324,0.01021433,3169122.0,0.6094465384615385,10210.980186680208,65548.18374086989,0.4173972
-0.001962045,0.01019437,3128764.0,0.6016853846153846,10319.65893913466,66245.83418229427,0.4173181
-0.001864573,0.01017537,3088138.0,0.5938726923076924,10423.823508418565,66914.50635694177,0.4170548
-0.001766917,0.01015733,3047633.0,0.5860832692307693,10528.258705940114,67584.91579766189,0.4167167
-0.001669086,0.01014028,3006816.0,0.5782338461538462,10625.082698396905,68206.46600460101,0.4161339
-0.001571091,0.01012419,2966213.0,0.5704255769230769,10719.299504365854,68811.27968519031,0.4154201
-0.001472941,0.01010907,2925165.0,0.5625317307692308,10823.000918244403,69476.97868830523,0.4148014
-0.001374646,0.01009493,2884288.0,0.5546707692307692,10906.816972347557,70015.02596822796,0.4137193
-0.001276215,0.01008177,2843149.0,0.546759423076923,10996.609384394582,70591.43777353848,0.4126671
-0.001177659,0.01006958,2802120.0,0.5388692307692308,11084.237864366512,71153.95847195546,0.4114979
-0.001078986,0.01005838,2760687.0,0.5309013461538461,11168.446625408655,71694.52668778469,0.4101756
-0.0009802069,0.01004816,2719606.0,0.5230011538461539,11241.063719470465,72160.68356374266,0.4085784
-0.000881331,0.01003892,2678254.0,0.5150488461538462,11315.426260704167,72638.04513208485,0.4069311
-0.0007823684,0.01003065,2637139.0,0.5071421153846154,11389.239433619254,73111.8800952597,0.4052059
-0.0006833288,0.01002337,2595531.0,0.49914057692307695,11473.926123576755,73655.51631942762,0.4035841
-0.0005842214,0.01001708,2554042.0,0.4911619230769231,11542.434528899892,74095.29795231853,0.4015953
-0.0004850564,0.01001177,2512183.0,0.4831121153846154,11629.035328089063,74651.22157508325,0.3998307
-0.0003858439,0.01000745,2469670.0,0.47493653846153844,11754.397183017632,75455.96722640409,0.3985569
-0.0002865932,0.0100041,2426145.0,0.4665663461538462,11928.365617573585,76572.73708638876,0.3979474
-0.0001873143,0.01000175,2378999.0,0.4574998076923077,12262.982164821891,78720.76857022013,0.3994454
-8.801603e-05,0.01000044,2332267.0,0.44851288461538463,12516.646727901043,80349.13833348236,0.3994036
1.129096e-05,0.009999971,2267615.0,0.4360798076923077,13580.058261141643,87175.58332687701,0.4101352
0.0001105874,0.01000122,2189640.0,0.4210846153846154,14144.424988824545,90798.46901337049,0.4116332
0.0002098418,0.01000441,2105123.0,0.40483134615384614,14495.921259665334,93054.85789319196,0.4089218
0.0003090139,0.01000956,2019790.0,0.38842115384615383,14700.53823068046,94368.37242043544,0.4037117
0.0004080636,0.01001668,1940342.0,0.3731426923076923,14762.270160583703,94764.65326811103,0.3965235
0.0005069526,0.01002577,1859222.0,0.3575426923076923,14792.04926210492,94955.81670026586,0.3885245
0.0006056422,0.01003681,1782186.0,0.34272807692307694,14757.071049184638,94731.27818530363,0.3797657
0.0007040912,0.01004983,1704926.0,0.3278703846153846,14692.773424898336,94318.52716495421,0.3704008
0.0008022646,0.01006478,1632415.0,0.31392596153846153,14617.509455604635,93835.37898543212,0.3611225
0.0009001194,0.01008169,1559878.0,0.2999765384615385,14522.622273638077,93226.26190514333,0.3514146
0.0009976206,0.01010054,1491751.0,0.2868751923076923,14421.766256921983,92578.82859372604,0.3418849
0.00109473,0.01012131,1423750.0,0.27379807692307695,14315.50176627013,91896.67622137458,0.3321478
0.001191405,0.01014402,1359613.0,0.2614640384615385,14191.549538083007,91100.97950276785,0.3224457
0.001287609,0.01016864,1296009.0,0.2492325,14059.298770377905,90252.01128787373,0.3125727
0.001383306,0.01019516,1236104.0,0.2377123076923077,13922.940070900204,89376.67268916704,0.3029297
0.001478459,0.01022358,1176747.0,0.2262975,13779.034028620967,88452.88481295067,0.2931478
0.001573024,0.01025388,1120711.0,0.21552134615384616,13630.10615991717,87496.85991392416,0.2835855
0.001666972,0.01028606,1065326.0,0.20487038461538462,13474.28819149649,86496.60483190068,0.273925
0.001760262,0.0103201,1013043.0,0.19481596153846154,13308.990766742778,85435.49749729018,0.2644512
0.001852859,0.01035598,961623.2,0.18492753846153845,13141.822930398037,84362.38327593634,0.2549819
0.001944724,0.01039369,912972.2,0.17557157692307693,12963.807157778569,83219.6320063124,0.2456903
0.002035822,0.01043323,865331.6,0.16640992307692307,12785.34040785281,82073.98574102737,0.2364451
0.002126115,0.01047456,820233.0,0.15773711538461538,12595.813995066768,80857.34327361247,0.2273847
0.002215573,0.01051768,776324.3,0.14929313461538463,12412.935748468042,79683.37792541813,0.218473
0.002304157,0.01056256,734472.3,0.1412446730769231,12219.322632841819,78440.50135082005,0.2097265
0.00239183,0.0106092,693955.4,0.13345296153846153,12032.616738037557,77241.96486613492,0.2011415
0.002478561,0.01065756,655251.1,0.1260098269230769,11810.449891012664,75815.79097844941,0.1925329
0.002564312,0.01070765,617925.6,0.11883184615384615,11566.324976919273,74248.65986741352,0.183879
0.002649054,0.01075942,584090.4,0.11232507692307693,11205.457166841843,71932.1114960851,0.1749818
0.00273275,0.01081287,553277.6,0.10639953846153846,10825.859435927792,69495.32860564046,0.166257
0.002805451,0.01086119,535465.5,0.10297413461538461,9758.410403188604,62642.96536011442,0.1544396
0.00288784,0.01091664,521759.6,0.10033838461538461,8705.132742719874,55881.573568499916,0.1440724
0.002970221,0.0109721,515615.6,0.09915684615384615,8097.505164247481,51980.97994951675,0.1386594
0.003052613,0.01102754,509809.5,0.09804028846153846,7531.080989496754,48344.886724082506,0.1334822
0.003135027,0.01108295,506315.6,0.0973683846153846,7215.597984846602,46319.68076169065,0.1307196
0.003217482,0.01113829,503223.8,0.09677380769230769,6938.856166520313,44543.169278483896,0.1282989
0.003299977,0.01119357,500745.8,0.09629726923076923,6779.092189229079,43517.5832576317,0.1270125
0.003382505,0.01124881,498433.8,0.09585265384615384,6628.033301713627,42547.87853452681,0.1257769
0.003465062,0.011304,496423.6,0.09546607692307692,6524.0797302566325,41880.56083555886,0.1250109
0.00354765,0.01135915,494504.0,0.09509692307692308,6425.0755884420005,41245.01541679114,0.1242852
0.003630266,0.01141425,492790.0,0.09476730769230769,6357.394447939051,40810.544312903774,0.1238582
0.003712912,0.01146931,491133.4,0.09444873076923077,6293.183190114536,40398.34771187579,0.1234618
0.003795588,0.01152433,489573.6,0.09414876923076923,6247.089602388753,40102.4553585181,0.1232167
0.003878293,0.0115793,488039.8,0.0938538076923077,6203.164482395612,39820.48322817297,0.1229907
0.003961026,0.01163423,486494.2,0.09355657692307692,6167.5023293518925,39591.55424020431,0.1228088
0.004043788,0.01168911,484950.5,0.09325971153846153,6132.768614424772,39368.58525129021,0.1226335
0.004126581,0.01174395,483336.6,0.09294934615384615,6101.145599559859,39165.585034767464,0.1224518
0.004209402,0.01179875,481713.5,0.09263721153846154,6069.660717405337,38963.47154489738,0.1222684
0.004292253,0.0118535,480016.2,0.09231080769230769,6039.422994319036,38769.364045663184,0.122067
0.004375132,0.0119082,478309.7,0.09198263461538461,6009.048964449059,38574.38154109765,0.1218611
0.004458041,0.01196287,476551.1,0.09164444230769231,5979.597982490123,38385.32443379746,0.1216428
0.004540979,0.01201749,474786.5,0.09130509615384616,5950.013245458497,38195.40870157383,0.1214203
0.004623945,0.01207206,472993.8,0.09096034615384616,5921.514062873502,38012.46155816612,0.1211946
0.004706934,0.01212659,471198.0,0.090615,5893.015537285568,37829.518632273604,0.1209664
0.004789963,0.01218108,469389.8,0.09026726923076923,5866.053206772704,37656.43712959429,0.1207445
0.00487301,0.01223552,467580.1,0.08991924999999999,5839.228912908028,37484.24173690766,0.1205217
0.0049561,0.01228993,465762.5,0.08956971153846154,5814.208583683373,37323.62668259445,0.1203104
0.005039213,0.01234428,463944.5,0.08922009615384616,5789.358493980163,37164.10446082304,0.1200985
0.005122354,0.01239859,462121.8,0.08886957692307693,5766.056899264532,37014.52262010339,0.1198969
0.005205522,0.01245286,460298.6,0.08851896153846153,5742.855909666427,36865.58660207738,0.1196941
0.005288718,0.01250708,458474.6,0.08816819230769231,5720.745784965349,36723.653262677675,0.1194981
0.005371942,0.01256126,456650.7,0.08781744230769231,5698.66545584671,36581.911192507425,0.1193003
0.005455195,0.0126154,454830.9,0.08746748076923078,5677.365587987903,36445.179201401756,0.1191076
0.005538476,0.01266949,453011.6,0.08711761538461538,5656.148000110242,36308.975396936716,0.118914
0.005621782,0.01272354,451199.1,0.0867690576923077,5635.995290790482,36179.60745485696,0.118729
0.005705118,0.01277754,449386.9,0.08642055769230769,5616.003041625278,36051.26956782595,0.1185439
0.005788487,0.01283151,447577.5,0.08607259615384616,5597.370107311348,35931.65764226035,0.1183698
0.005871883,0.01288542,445767.7,0.08572455769230769,5578.89852349768,35813.0814872128,0.1181953
0.005955306,0.0129393,443956.6,0.08537626923076923,5561.313261994592,35700.19497376728,0.118026
0.006038761,0.01299313,442145.1,0.08502790384615384,5543.810173693427,35587.83596150575,0.1178556
0.006122238,0.01304691,440335.1,0.08467982692307692,5526.701352110766,35478.00789797147,0.1176854
0.006205752,0.01310066,438525.4,0.08433180769230769,5509.625752874473,35368.393101373775,0.1175138
0.006289282,0.01315435,436721.1,0.08398482692307692,5493.17884019541,35262.814084026984,0.1173456
0.006372854,0.01320802,434916.8,0.08363784615384615,5476.812584821189,35157.75283674156,0.1171764
0.006456437,0.01326162,433118.5,0.08329201923076923,5461.06927572139,35056.69051963814,0.1170102
0.006540067,0.0133152,431320.5,0.08294625,5445.409948328456,34956.167313203034,0.1168432
0.006623714,0.01336873,429530.4,0.08260200000000001,5430.049760818156,34857.56439998489,0.1166756
0.006707388,0.01342221,427741.5,0.08225798076923077,5414.680040700386,34758.90029331671,0.1165062
0.00679109,0.01347565,425966.4,0.0819166153846154,5399.602578222261,34662.11230011784,0.1163371
0.006874819,0.01352905,424192.4,0.08157546153846154,5384.58966108563,34565.73864813073,0.1161673
0.006958577,0.0135824,422433.8,0.08123726923076922,5370.221238421837,34473.5022524455,0.1160011
0.007042362,0.01363571,420676.1,0.08089924999999999,5356.022517410522,34382.355236515614,0.1158354
0.007126176,0.01368897,418929.3,0.08056332692307693,5342.5738881495645,34296.02334616389,0.1156733
0.007210017,0.0137422,417183.0,0.0802275,5329.20790352221,34210.221983296266,0.1155102
0.007293886,0.01379537,415446.0,0.07989346153846154,5316.016149470141,34125.53907307014,0.1153443
0.007377782,0.01384851,413709.8,0.07955957692307693,5302.8084995682175,34040.75412130952,0.1151763
0.007461704,0.0139016,411987.5,0.07922836538461539,5289.17001142223,33953.203454224,0.1149996
0.007545654,0.01395465,410266.9,0.07889748076923077,5275.475902519076,33865.29573624387,0.114821
0.007629631,0.01400766,408565.4,0.07857026923076924,5261.722371318726,33777.00656383098,0.1146387
0.007713635,0.01406063,406865.3,0.07824332692307692,5247.993322583217,33688.8745537154,0.1144554
0.007797666,0.01411355,405183.6,0.07791992307692307,5234.782188611647,33604.06723638035,0.1142745
0.007881725,0.01416643,403502.8,0.07759669230769231,5221.690909117518,33520.02931073599,0.1140934
0.007965812,0.01421926,401837.7,0.07727648076923077,5209.087731554428,33439.1246979054,0.1139135
0.008049925,0.01427205,400173.8,0.0769565,5196.519839142001,33358.446593940425,0.1137322
0.008134066,0.0143248,398527.5,0.07663990384615385,5184.1881546474515,33279.284798862456,0.1135497
0.008218232,0.01437751,396882.4,0.07632353846153847,5171.861148462219,33200.15303563972,0.1133656
0.008302426,0.01443017,395257.0,0.07601096153846154,5159.718118131035,33122.20228372682,0.11318
0.008386646,0.01448279,393632.9,0.07569863461538462,5147.680625090757,33044.92901601322,0.1129942
0.008470894,0.01453536,392025.5,0.07538951923076923,5135.944984129029,32969.59345213859,0.1128077
0.008555168,0.0145879,390419.1,0.07508059615384614,5124.247454722525,32894.50254090052,0.1126199
0.008639468,0.01464039,388826.9,0.07477440384615384,5112.453924682912,32818.795364913785,0.1124271
0.008723795,0.01469284,387235.7,0.07446840384615384,5100.618202039643,32742.817338481123,0.112232
0.008808148,0.01474524,385660.3,0.0741654423076923,5088.2700402667215,32663.549769456826,0.112028
0.008892527,0.01479761,384086.2,0.07386273076923078,5075.891805582971,32584.08915092615,0.1118223
0.008976933,0.01484993,382528.9,0.07356325000000001,5063.3958481535155,32503.872825105394,0.1116127
0.009061365,0.01490221,380972.5,0.0732639423076923,5050.921199131421,32423.79328609407,0.1114018
0.009145825,0.01495445,379429.6,0.07296723076923077,5038.735800809305,32345.570557857296,0.1111909
0.009230311,0.01500664,377886.8,0.07267053846153845,5026.55554255613,32267.380825687233,0.1109782
0.009314824,0.01505879,376354.8,0.07237592307692307,5014.314868784177,32188.80326321554,0.1107613
0.009399363,0.01511089,374823.1,0.07208136538461538,5002.059175038933,32110.12928179572,0.1105424
0.009483928,0.01516296,373302.1,0.07178886538461537,4989.60136813912,32030.1578588032,0.110318
0.00956852,0.01521498,371781.3,0.07149640384615384,4977.091461403174,31949.851987053637,0.1100912
0.009653138,0.01526696,370270.5,0.07120586538461539,4964.804989041936,31870.980425936308,0.109864
0.009737783,0.0153189,368759.2,0.07091523076923077,4952.5264850329595,31792.1600167171,0.1096348
0.009822453,0.01537079,367255.5,0.07062605769230769,4940.243141560437,31713.30854113208,0.1094021
0.009907149,0.01542264,365751.5,0.07033682692307693,4927.910021155504,31634.13752839665,0.1091668
0.00999187,0.01547445,364257.2,0.07004946153846155,4915.087253442586,31551.823282482314,0.1089234
0.01007662,0.01552622,362763.4,0.06976219230769232,4902.1351115197895,31468.67853407699,0.1086767
0.01016139,0.01557794,361283.5,0.06947759615384616,4888.774838411021,31382.91383562971,0.1084242
0.01024619,0.01562963,359804.1,0.06919309615384615,4875.360977898354,31296.80513915945,0.1081695
0.01033101,0.01568127,358338.8,0.06891130769230769,4861.943245488363,31210.671587500696,0.1079138
0.01041586,0.01573287,356873.7,0.06862955769230769,4848.564220576483,31124.78651406362,0.1076569
0.01050073,0.01578443,355420.1,0.06835001923076922,4835.070340168807,31038.164139309287,0.1073975
0.01058563,0.01583594,353966.6,0.06807049999999999,4821.51602539847,30951.153813287252,0.1071355
0.01067056,0.01588741,352524.7,0.06779321153846155,4807.724655504692,30862.62173984195,0.1068702
0.01075551,0.01593884,351082.6,0.06751588461538462,4793.888579969048,30773.80268379814,0.1066027
0.01084049,0.01599023,349651.5,0.06724067307692308,4779.990684015147,30684.5867788661,0.1063341
0.01092549,0.01604157,348220.1,0.06696540384615385,4766.098044930159,30595.40461978442,0.1060639
0.01101052,0.01609288,346796.8,0.0666916923076923,4752.285478039104,30506.736474713598,0.1057939
0.01109558,0.01614414,345373.0,0.06641788461538461,4738.42686064983,30417.772713897415,0.1055215
0.01118066,0.01619535,343956.5,0.06614548076923077,4724.334890655095,30327.310973535732,0.1052461
0.01126577,0.01624653,342539.5,0.06587298076923077,4710.137223785849,30236.170724546617,0.1049675
0.0113509,0.01629767,341132.0,0.0656023076923077,4695.4560687609455,30141.92678033097,0.1046841
0.01143605,0.01634876,339724.3,0.06533159615384615,4680.6745228638765,30047.038388744524,0.1043979
0.01152123,0.01639981,338327.6,0.065063,4665.61251827287,29950.349625629988,0.1041097
0.01160644,0.01645082,336930.5,0.06479432692307692,4650.476835292081,29853.18789277671,0.1038192
0.01169167,0.01650179,335543.5,0.06452759615384615,4635.259725385175,29755.503449369015,0.1035291
0.01177693,0.01655271,334155.8,0.06426073076923076,4620.0092579844495,29657.604871461586,0.1032369
0.01186221,0.01660359,332775.6,0.06399530769230768,4604.793800960111,29559.931038538707,0.1029464
0.01194751,0.01665443,331394.5,0.06372971153846153,4589.508307331862,29461.80761389223,0.1026532
0.01203285,0.01670523,330019.7,0.06346532692307692,4574.01863381404,29362.373480511313,0.1023589
0.0121182,0.01675599,328644.1,0.06320078846153845,4558.41344211717,29262.197791796116,0.1020615
0.01220358,0.01680671,327276.4,0.06293776923076924,4542.289865959005,29158.69439513357,0.10176
0.01228899,0.01685738,325908.2,0.06267465384615385,4526.004599733639,29054.153048143035,0.101455
0.01237441,0.01690802,324550.6,0.06241357692307692,4509.33567421244,28947.14884552478,0.1011484
0.01245987,0.01695861,323192.3,0.06215236538461538,4492.559070584282,28839.45341599093,0.1008391
0.01254535,0.01700916,321843.8,0.06189303846153846,4475.748257489558,28731.53838281871,0.1005319
0.01263085,0.01705967,320494.5,0.06163355769230769,4458.895978803956,28623.35716617341,0.1002227
0.01271638,0.01711013,319151.4,0.06137526923076923,4442.2190577072315,28516.301636900513,0.09991741
0.01280193,0.01716056,317807.0,0.06111673076923077,4425.461174413966,28408.726380349934,0.09960927
0.01288751,0.01721094,316466.9,0.06085901923076924,4408.587852756933,28300.410080829857,0.09930132
0.01297311,0.01726128,315125.6,0.06060107692307692,4391.573941642488,28191.191283859196,0.09898991
0.01305874,0.01731158,313790.3,0.060344288461538456,4374.07638502,28078.86778155692,0.0986748
0.01314439,0.01736184,312454.1,0.06008732692307692,4356.366476994267,27965.18111445135,0.09835554
0.01323006,0.01741206,311127.3,0.059832173076923074,4338.225296178297,27848.72594250295,0.09803394
0.01331576,0.01746224,309799.7,0.05957686538461539,4319.944852627441,27731.376789842838,0.0977093
0.01340148,0.01751237,308481.6,0.05932338461538461,4301.668908893097,27614.056523224433,0.09738701
0.01348723,0.01756247,307162.3,0.059069673076923075,4283.325267064854,27496.301676671814,0.09706247
0.013573,0.01761252,305848.5,0.05881701923076923,4265.347881758714,27380.897970692204,0.09674333
0.0136588,0.01766253,304532.9,0.05856401923076923,4247.287410595766,27264.960904848136,0.09642136
0.01374462,0.0177125,303219.7,0.05831148076923077,4229.245062831333,27149.14018002463,0.0960999
0.01383046,0.01776243,301904.8,0.05805861538461538,4211.05675311401,27032.382469649077,0.09577486
0.01391633,0.01781231,300593.3,0.05780640384615384,4192.486072322701,26913.17017323412,0.09544582
0.01400222,0.01786216,299280.5,0.057553942307692306,4173.702347590791,26792.590266353953,0.09511259
0.01408813,0.01791196,297973.8,0.05730265384615384,4154.646388772216,26670.262784842645,0.09477714
0.01417407,0.01796173,296665.8,0.05705111538461538,4135.4271853781775,26546.887374020786,0.09443827
0.01426003,0.01801145,295364.2,0.05680080769230769,4116.200482671131,26423.46382224301,0.09410003
0.01434602,0.01806113,294061.2,0.05655023076923077,4096.85112150039,26299.25287891529,0.09375881
0.01443203,0.01811077,292762.7,0.05630051923076923,4077.7613214325643,26176.70815749329,0.09342076
0.01451807,0.01816037,291462.4,0.05605046153846154,4058.56321546584,26053.468179119318,0.0930797
0.01460412,0.01820993,290164.4,0.05580084615384616,4039.4739606864196,25930.92695811196,0.09273947
0.0146902,0.01825945,288864.5,0.055550865384615386,4020.2290143552136,25807.386293539268,0.0923956
0.01477631,0.01830892,287567.3,0.05530140384615385,4000.822933434778,25682.811244463937,0.09204957
0.01486244,0.01835836,286268.3,0.05505159615384615,3981.205827667194,25556.881546255823,0.09169927
0.01494859,0.01840776,284974.7,0.054802826923076926,3961.1743830975033,25428.29204894567,0.09134458
0.01503476,0.01845711,283679.7,0.054553788461538466,3940.954072677966,25298.49014957403,0.09098625
0.01512096,0.01850643,282391.8,0.05430611538461538,3920.722865024336,25168.61829669259,0.09062876
0.01520718,0.0185557,281102.2,0.054058115384615385,3900.3677386968247,25037.950962490457,0.09026836
0.01529342,0.01860493,279817.0,0.05381096153846154,3880.4774381032303,24910.26752229822,0.08991399
0.01537969,0.01865412,278529.8,0.05356342307692308,3860.518461652656,24782.143225536925,0.08955712
0.01546598,0.01870327,277243.3,0.05331601923076923,3840.893239466203,24656.161424934562,0.08920399
0.0155523,0.01875238,275954.7,0.05306821153846154,3821.1244778687487,24529.25819000226,0.0888473
0.01563864,0.01880145,274667.0,0.05282057692307692,3801.286134018044,24401.908279996867,0.08848994
0.015725,0.01885047,273377.3,0.05257255769230769,3781.231926184826,24273.172656599607,0.08812819
0.01581138,0.01889946,272092.0,0.052325384615384614,3760.874356018983,24142.489634465353,0.08776396
0.01589779,0.01894841,270804.9,0.05207786538461539,3740.328216811913,24010.596115597567,0.08739606
0.01598422,0.01899732,269524.2,0.051831576923076925,3719.8201639660033,23878.94708763601,0.08703038
0.01607067,0.01904618,268241.8,0.05158496153846154,3699.180744383,23746.45476638987,0.08666167
0.01615714,0.01909501,266964.3,0.05133928846153846,3678.9221697743455,23616.40723456639,0.08629913
0.01624364,0.01914379,265684.6,0.051093192307692305,3658.587404048485,23485.87060284665,0.08593413
0.01633016,0.01919254,264406.7,0.05084744230769231,3638.547941011204,23357.229631928938,0.08557386
0.01641671,0.01924124,263128.3,0.05060159615384615,3618.448022967639,23228.200577224216,0.08521112
0.01650328,0.0192899,261852.1,0.050356173076923076,3598.5094478783276,23100.207244596837,0.08485164
0.01658987,0.01933853,260573.5,0.05011028846153846,3578.397922917881,22971.103680657296,0.08448843
0.01667648,0.01938711,259299.3,0.04986525,3558.2721224973584,22841.908477084446,0.08412688
0.01676311,0.01943565,258023.4,0.049619884615384614,3538.0026331696854,22711.790879508746,0.08376216
0.01684977,0.01948415,256753.4,0.04937565384615385,3517.8943399806194,22582.708061544654,0.08340165
0.01693645,0.01953261,255481.7,0.04913109615384616,3497.6765438879097,22452.922302597723,0.08303838
0.01702315,0.01958104,254215.7,0.04888763461538462,3477.7892338549127,22325.25805995675,0.08268133
0.01710988,0.01962942,252948.2,0.04864388461538462,3457.826606483983,22197.110326542563,0.08232196
0.01719662,0.01967776,251684.9,0.048400942307692305,3438.4028134380765,22072.4215765655,0.08197103
0.01728339,0.01972606,250419.7,0.048157634615384616,3418.9009667892387,21947.231770684593,0.08161756
0.01737019,0.01977432,249158.2,0.04791503846153847,3399.7233564960925,21824.12336187133,0.0812697
0.017457,0.01982254,247895.0,0.04767211538461538,3380.4307121645866,21700.27650560787,0.08091888
0.01754384,0.01987072,246637.7,0.04743032692307692,3361.1457108436657,21576.478712749984,0.08057026
0.01763069,0.01991886,245379.2,0.047188307692307696,3341.685713625961,21451.557554359446,0.08021801
0.01771757,0.01996696,244130.4,0.04694815384615385,3322.221559019018,21326.609708098724,0.07986875
0.01780447,0.02001502,242880.6,0.046707807692307694,3302.6673276328343,21201.08362457101,0.07951727
0.0178914,0.02006305,241641.2,0.04646946153846154,3283.5920871781086,21078.632366869162,0.07917465
0.01797834,0.02011103,240400.6,0.04623088461538462,3264.5142359242827,20956.164349450224,0.07883088
0.01806531,0.02015897,239167.4,0.045993730769230766,3246.246075518542,20838.89404699237,0.07849928
0.0181523,0.02020687,237932.9,0.04575632692307692,3227.968598172613,20721.56393553516,0.07816606
0.01823932,0.02025473,236704.0,0.04552,3210.1764624458897,20607.349417395257,0.07784053
0.01832635,0.02030255,235473.9,0.04528344230769231,3192.334701891025,20492.816338520377,0.07751294
0.01841341,0.02035033,234251.1,0.045048288461538466,3174.6974974461014,20379.59638348225,0.07718984
0.01850048,0.02039807,233027.5,0.04481298076923077,3156.977502191165,20265.844962597796,0.07686445
0.01858759,0.02044577,231813.3,0.04457948076923077,3139.6358265694685,20154.52212000641,0.07654618
0.01867471,0.02049343,230598.4,0.04434584615384615,3122.2606593212295,20042.984281866095,0.0762263
0.01876186,0.02054106,229393.5,0.04411413461538462,3105.325267433286,19934.269529814905,0.07591414
0.01884901,0.02058863,228188.0,0.04388230769230769,3088.3713268314827,19825.43570648143,0.07560062
0.01893621,0.02063618,226992.9,0.04365248076923077,3071.858132025806,19719.431198835508,0.07529481
0.01902341,0.02068368,225797.4,0.043422576923076925,3055.3315860559405,19613.34098496478,0.07498776
0.01911065,0.02073115,224612.9,0.04319478846153846,3039.252127204866,19510.120794155002,0.07468849
0.01919789,0.02077857,223428.1,0.04296694230769231,3023.164441323098,19406.847790891406,0.07438808
0.01928517,0.02082596,222254.9,0.042741326923076924,3007.5254856514575,19306.455358319927,0.07409553
0.01937246,0.0208733,221081.6,0.04251569230769231,2991.8870215537386,19206.066081349294,0.07380196
0.01945979,0.02092061,219921.1,0.04229251923076923,2976.564633620018,19107.705818057573,0.07351467
0.01954712,0.02096788,218760.7,0.042069365384615386,2961.2338870171666,19009.291897274605,0.07322634
0.01963448,0.02101511,217614.7,0.04184898076923077,2946.3062346781758,18913.465592605793,0.07294574
0.01972186,0.0210623,216468.9,0.041628634615384616,2931.400222737962,18817.77820592618,0.07266454
0.01980926,0.02110945,215337.3,0.04141101923076923,2917.073265983534,18725.807995758525,0.07239312
0.01989668,0.02115656,214206.0,0.04119346153846154,2902.7926394547926,18634.135197013726,0.07212138
0.01998413,0.02120363,213088.3,0.04097851923076923,2889.0304796795126,18545.79063448113,0.07185838
0.02007159,0.02125066,211970.9,0.04076363461538461,2875.3021397646603,18457.663174556204,0.07159488
0.02015908,0.02129765,210867.4,0.040551423076923075,2862.02546286753,18372.43511213606,0.07133933
0.02024659,0.0213446,209764.4,0.04033930769230769,2848.7830689688817,18287.427125383732,0.07108332
0.02033412,0.02139151,208675.6,0.04012992307692308,2836.059720680571,18205.7510907471,0.0708361
0.02042166,0.02143838,207587.2,0.03992061538461539,2823.4071987592956,18124.52971762535,0.07058906
0.02050924,0.02148522,206512.5,0.039713942307692304,2811.356801276388,18047.173611363338,0.07035154
0.02059683,0.02153201,205438.5,0.039507403846153845,2799.341342636858,17970.041790888146,0.07011357
0.02068444,0.02157877,204379.1,0.039303673076923076,2787.6917310101276,17895.258482189263,0.06988227
0.02077207,0.02162548,203320.5,0.03910009615384615,2776.039719874452,17820.459770125537,0.0696501
0.02085972,0.02167216,202279.6,0.038899923076923075,2764.4706291945886,17746.193356154065,0.06942151
0.0209474,0.0217188,201239.8,0.03869996153846154,2752.9090172497577,17671.974951040618,0.0691925
0.02103509,0.0217654,200219.5,0.03850375,2741.69414838463,17599.982422256744,0.06897094
0.02112281,0.02181197,199200.3,0.038307749999999995,2730.5522904077843,17528.458578264406,0.06874981
0.02121054,0.02185849,198198.5,0.03811509615384615,2720.1442840580444,17461.645608293235,0.06854061
0.0212983,0.02190497,197197.6,0.03792261538461539,2709.865510211391,17395.662231143004,0.06833253
0.02138608,0.02195141,196210.9,0.037732865384615386,2700.3710787124596,17334.71384724359,0.06813607
0.02147388,0.02199781,195225.1,0.03754328846153846,2690.939857174001,17274.171232234883,0.06793956
0.0215617,0.02204418,194253.5,0.037356442307692306,2681.88763693927,17216.061571422597,0.06774946
0.02164954,0.0220905,193283.1,0.037169826923076923,2672.8322445666417,17157.931547444976,0.06755852
0.0217374,0.02213679,192330.5,0.036986634615384616,2663.7413651717156,17099.57371871057,0.06736937
0.02182528,0.02218304,191379.3,0.036803711538461535,2654.6346455090074,17041.114205244226,0.06717952
0.02191317,0.02222926,190448.9,0.03662478846153846,2645.7048776005936,16983.790612707286,0.06699501
0.02200108,0.02227543,189520.0,0.03644615384615384,2636.8283804038947,16926.808985225183,0.06681086
0.02208903,0.02232157,188610.4,0.03627123076923077,2628.5154301952302,16873.444981207525,0.06663661
0.02217698,0.02236766,187702.1,0.03609655769230769,2620.318378386442,16820.824973306935,0.06646353
0.02226498,0.02241372,186809.7,0.03592494230769231,2612.891402673423,16773.14837813432,0.06630216
0.02235298,0.02245973,185918.5,0.035753557692307696,2605.545360445224,16725.991325927884,0.06614113
0.022441,0.02250571,185042.1,0.03558501923076923,2598.6484945864113,16681.717708480333,0.06598733
0.02252905,0.02255165,184167.0,0.03541673076923077,2591.7743180820444,16637.589742669254,0.06583315
0.02261711,0.02259755,183308.6,0.03525165384615385,2585.0126399646247,16594.18394699301,0.06568227
0.02270518,0.02264341,182451.7,0.03508686538461539,2578.2377739073627,16550.693492891405,0.06553068
0.02279329,0.02268924,181613.6,0.03492569230769231,2571.6015444095274,16508.09299984196,0.06538332
0.0228814,0.02273502,180777.0,0.03476480769230769,2564.9970147964227,16465.69600046608,0.06523608
0.02296955,0.02278078,179959.1,0.03460751923076923,2558.7450338089825,16425.562145437772,0.06509576
0.0230577,0.02282648,179142.7,0.034450519230769236,2552.5648957016924,16385.889477310473,0.06495604
0.0231459,0.02287216,178343.0,0.03429673076923077,2546.93526357603,16349.750717444129,0.06482539
0.02323409,0.02291779,177544.6,0.03414319230769231,2541.3788902235315,16314.082233637106,0.06469518
0.02332232,0.02296339,176761.4,0.033992576923076924,2536.237619801033,16281.078454161063,0.06457183
0.02341056,0.02300895,175979.7,0.033842250000000004,2531.135681521847,16248.327162742937,0.06444846
0.02349882,0.02305446,175213.8,0.033694961538461535,2526.2642357536797,16217.055490831162,0.06432967
0.02358711,0.02309994,174449.3,0.033547942307692306,2521.4006361502534,16185.834186449114,0.06421048
0.0236754,0.02314539,173702.0,0.03340423076923077,2516.622937891335,16155.164315622947,0.06409438
0.02376372,0.02319079,172956.1,0.03326078846153846,2511.868656002659,16124.644763425465,0.06397826
0.02385206,0.02323616,172227.9,0.03312075,2507.338359171676,16095.563056904743,0.06386714
0.02394042,0.02328149,171501.0,0.032980961538461535,2502.859215320288,16066.809720907133,0.06375639
0.0240288,0.02332678,170790.3,0.03284428846153846,2498.771652611532,16040.570093899003,0.06365251
0.0241172,0.02337203,170080.9,0.032707865384615384,2494.7520583244186,16014.766782162178,0.06354917
0.02420562,0.02341724,169386.2,0.03257426923076923,2491.1212265266327,15991.459085402183,0.06345221
0.02429405,0.02346242,168692.7,0.03244090384615385,2487.531502691238,15968.415276361367,0.06335533
0.02438251,0.02350756,168013.7,0.03231032692307693,2484.2010058551746,15947.035544487686,0.06326311
0.02447098,0.02355265,167335.8,0.03217996153846154,2480.891658833595,15925.79158135516,0.06317069
0.02455948,0.02359772,166673.1,0.03205251923076923,2477.6982509565146,15905.291875895007,0.06308128
0.02464799,0.02364274,166011.6,0.03192530769230769,2474.5194336635604,15884.88583296986,0.06299168
0.02473653,0.02368773,165365.7,0.03180109615384616,2471.495291080011,15865.47270611024,0.06290579
0.02482508,0.02373268,164720.9,0.03167709615384615,2468.5100354460274,15846.309209439756,0.06282008
0.02491365,0.02377759,164091.0,0.03155596153846154,2465.791281790698,15828.856490808674,0.06273937
0.02500224,0.02382246,163462.2,0.031435038461538466,2463.1289824336777,15811.766173891321,0.06265905
0.02509085,0.02386729,162846.5,0.031316634615384614,2460.865521597134,15797.236153845099,0.06258509
0.02517948,0.02391209,162231.9,0.031198442307692306,2458.6497277988524,15783.012126732492,0.0625113
0.02526813,0.02395685,161629.6,0.031082615384615386,2456.7208987034237,15770.63023570534,0.0624421
0.0253568,0.02400157,161028.3,0.030966980769230767,2454.8155386668604,15758.399001535276,0.06237273
0.02544549,0.02404625,160439.7,0.030853788461538464,2453.025244949907,15746.90642204109,0.06230587
0.02553419,0.0240909,159852.1,0.030740788461538462,2451.2400527728164,15735.446591280734,0.06223866
0.02562292,0.02413551,159277.8,0.03063034615384615,2449.5686998749584,15724.717538355184,0.06217418
0.02571166,0.02418008,158704.5,0.030520096153846155,2447.9214627133174,15714.14329355576,0.0621097
0.02580042,0.02422461,158144.3,0.03041236538461538,2446.4622001573866,15704.775729581139,0.06204887
0.0258892,0.02426911,157585.1,0.030304826923076924,2445.036880435261,15695.626057627289,0.06198813
0.025978,0.02431357,157038.3,0.030199673076923075,2443.840437112631,15687.945630742357,0.06193143
0.02606682,0.02435799,156492.4,0.030094692307692305,2442.669021655539,15680.425867290212,0.06187462
0.02615565,0.02440237,155958.7,0.029992057692307693,2441.643224237618,15673.84088167654,0.0618207
0.02624451,0.02444672,155425.9,0.029889596153846152,2440.6453087906016,15667.434881088642,0.06176679
0.02633338,0.02449103,154905.0,0.029789423076923078,2439.822062997387,15662.150151755024,0.06171612
0.02642228,0.0245353,154385.0,0.02968942307692308,2439.0309488849225,15657.071687958623,0.0616655
0.02651119,0.02457954,153876.6,0.029591653846153847,2438.395268291855,15652.991011319053,0.0616178
0.02660012,0.02462373,153369.0,0.02949403846153846,2437.7830060438955,15649.060665985588,0.06156998
0.02668907,0.02466789,152872.8,0.02939861538461538,2437.2962301440384,15645.935865472697,0.06152471
0.02677803,0.02471201,152377.4,0.029303346153846152,2436.8409572900273,15643.01329504935,0.0614795
0.02686702,0.0247561,151892.9,0.029210173076923075,2436.5520713220503,15641.158825628892,0.06143722
0.02695602,0.02480014,151409.1,0.029117134615384618,2436.3034156383087,15639.56260977614,0.06139514
0.02704504,0.02484415,150934.8,0.029025923076923074,2436.379141932214,15640.048725794015,0.06135772
0.02713408,0.02488812,150461.0,0.028934807692307694,2436.4921004528182,15640.77384970262,0.06132034
0.02722314,0.02493206,149996.1,0.028845403846153847,2436.8101829612233,15642.815742872961,0.06128579
0.02731223,0.02497596,149531.9,0.028756134615384614,2437.1414996171784,15644.942591093593,0.06125094
0.02740133,0.02501982,149077.1,0.028668673076923078,2437.4831511646494,15647.13578293214,0.06121667
0.02749044,0.02506365,148623.0,0.028581346153846155,2437.826120633842,15649.337435013837,0.06118202
0.02757957,0.02510744,148179.0,0.02849596153846154,2438.209879940533,15651.800932649456,0.06114864
0.02766872,0.02515119,147735.6,0.02841069230769231,2438.6160263750317,15654.408141813268,0.06111525
0.02775789,0.0251949,147302.0,0.028327307692307693,2439.173685177624,15657.987966765306,0.06108441
0.02784707,0.02523858,146869.0,0.028244038461538463,2439.7615341739966,15661.761594107798,0.06105365
0.02793628,0.02528222,146445.3,0.02816255769230769,2440.511808711585,15666.57789306704,0.06102545
0.0280255,0.02532583,146022.1,0.028081173076923076,2441.2690901293627,15671.439171867756,0.06099687
0.02811474,0.0253694,145608.2,0.028001576923076924,2442.0675267550578,15676.564641674735,0.06096941
0.028204,0.02541293,145194.8,0.02792207692307692,2442.894723916683,15681.874736352116,0.06094199
0.02829327,0.02545642,144790.2,0.02784426923076923,2443.858189873662,15688.059592499278,0.0609168
0.02838257,0.02549988,144386.1,0.027766557692307695,2444.8661052996786,15694.529786773672,0.06089186
0.02847188,0.0255433,143989.3,0.027690249999999996,2446.1619136014647,15702.848075430153,0.06087072
0.02856121,0.02558668,143592.9,0.02761401923076923,2447.4986000247395,15711.428776369228,0.06084965
0.02865056,0.02563002,143203.0,0.027539038461538462,2449.017083392032,15721.176501362035,0.06083071
0.02873993,0.02567333,142813.5,0.027464134615384616,2450.552720634477,15731.034343634456,0.0608115
0.02882931,0.0257166,142430.9,0.02739055769230769,2452.0819084642512,15740.850784662429,0.06079221
0.02891871,0.02575984,142048.7,0.027317057692307696,2453.607808684949,15750.646121271444,0.06077246
0.02900813,0.02580304,141674.1,0.027245019230769232,2455.130990271762,15760.424005930685,0.06075297
0.02909757,0.0258462,141299.9,0.02717305769230769,2456.673442537713,15770.325596443214,0.06073339
0.02918702,0.02588933,140933.2,0.027102538461538463,2458.2832518291702,15780.659577441615,0.06071489
0.02927649,0.02593242,140566.8,0.027032076923076923,2459.922450766496,15791.182221807512,0.06069639
0.02936598,0.02597547,140207.2,0.02696292307692308,2461.6758479699743,15802.437948482435,0.06067946
0.02945549,0.02601849,139848.0,0.026893846153846154,2463.4548448222163,15813.858009085166,0.06066243
0.02954501,0.02606147,139495.3,0.02682601923076923,2465.2927822416846,15825.656431711888,0.06064616
0.02963455,0.02610442,139142.9,0.026758249999999997,2467.1549013378994,15837.610085762193,0.06062978
0.02972411,0.02614733,138796.8,0.026691692307692305,2469.07067172443,15849.908147946804,0.0606141
0.02981369,0.0261902,138451.1,0.02662521153846154,2471.009282322326,15862.352830176098,0.06059831
0.02990328,0.02623303,138111.5,0.026559903846153848,2472.98285978856,15875.02197809515,0.06058294
0.02999289,0.02627583,137772.2,0.02649465384615385,2474.9753903363553,15887.812793087287,0.06056741
0.03008252,0.0263186,137439.0,0.026430576923076925,2476.987949212545,15900.732177572812,0.06055214
0.03017217,0.02636132,137106.1,0.026366557692307693,2479.0254897628124,15913.81192897049,0.06053679
0.03026183,0.02640401,136779.0,0.026303653846153845,2481.1071065298934,15927.174622446742,0.06052194
0.03035151,0.02644667,136452.1,0.02624078846153846,2483.2175951324025,15940.722655267404,0.06050706
0.03044121,0.02648929,136130.5,0.02617894230769231,2485.390577782215,15954.671861258563,0.06049281
0.03053092,0.02653187,135809.2,0.02611715384615385,2487.590150040674,15968.79175610831,0.06047846
0.03062066,0.02657441,135492.8,0.02605630769230769,2489.823414733801,15983.127935571087,0.06046433
0.0307104,0.02661692,135176.6,0.0259955,2492.0797819603026,15997.612419023766,0.06045003
0.03080017,0.0266594,134865.3,0.025935634615384614,2494.336554998608,16012.099507537487,0.06043553
0.03088995,0.02670183,134554.2,0.025875807692307694,2496.6122126299856,16026.707823470508,0.06042086
0.03097975,0.02674423,134247.8,0.025816884615384613,2498.9009393038004,16041.40003458101,0.06040612
0.03106957,0.0267866,133941.5,0.02575798076923077,2501.2121688191887,16056.23670003058,0.06039124
0.0311594,0.02682893,133639.7,0.02569994230769231,2503.5288237668983,16071.108193403445,0.06037618
0.03124926,0.02687122,133338.1,0.02564194230769231,2505.8678504902227,16086.123299752911,0.06036097
0.03133912,0.02691348,133040.7,0.025584750000000003,2508.1983710115437,16101.08380154124,0.06034538
0.03142901,0.0269557,132743.4,0.025527576923076924,2510.5509314196297,16116.185785784815,0.06032963
0.03151891,0.02699789,132450.3,0.025471211538461536,2512.8831288971624,16131.157052595881,0.06031336
0.03160883,0.02704004,132157.3,0.025414865384615383,2515.2372348720974,16146.268958423669,0.06029692
0.03169876,0.02708215,131868.1,0.02535925,2517.5652266343054,16161.213227140937,0.06027986
0.03178871,0.02712423,131579.1,0.025303673076923078,2519.913848848466,16176.289930612804,0.06026264
0.03187868,0.02716627,131293.6,0.02524876923076923,2522.2529766999737,16191.305686142721,0.06024495
0.03196867,0.02720828,131008.2,0.025193884615384615,2524.6182235809606,16206.48910970373,0.06022716
0.03205867,0.02725025,130725.9,0.02513959615384615,2526.970992634149,16221.59243331995,0.06020878
0.03214869,0.02729219,130443.8,0.025085346153846156,2529.3433071119293,16236.821226485517,0.06019017
0.03223872,0.02733409,130164.7,0.025031673076923076,2531.6553784332955,16251.663295809341,0.06017042
0.03232877,0.02737595,129885.8,0.02497803846153846,2533.977790816212,16266.571748358887,0.06015036
0.03241884,0.02741778,129610.4,0.02492507692307692,2536.133427716921,16280.409605358218,0.06012796
0.03250893,0.02745958,129335.1,0.024872134615384615,2538.2938583353484,16294.278235063408,0.06010526
0.03259903,0.02750134,129063.6,0.02481992307692308,2540.3222149116405,16307.299031022665,0.06008083
0.03268914,0.02754306,128792.2,0.024767730769230768,2542.3733503568906,16320.466053246257,0.06005632
0.03277928,0.02758475,128524.0,0.024716153846153846,2544.392546329496,16333.428043789907,0.0600312
0.03286943,0.0276264,128255.9,0.02466459615384615,2546.4515092316296,16346.645313450343,0.06000617
0.03295959,0.02766802,127989.9,0.024613442307692305,2548.5559661934453,16360.154626864522,0.05998116
0.03304978,0.0277096,127724.0,0.024562307692307692,2550.6845817478816,16373.819023516457,0.05995591
0.03313998,0.02775114,127459.8,0.024511500000000002,2552.7420181016087,16387.02649367933,0.05992917
0.03323019,0.02779265,127195.6,0.02446069230769231,2554.801614410706,16400.247829421107,0.05990195
0.03332043,0.02783413,126933.7,0.024410326923076923,2556.6258774331413,16411.958470867874,0.05987147
0.03341067,0.02787557,126671.9,0.02435998076923077,2558.435681298382,16423.57629345933,0.05984037
0.03350094,0.02791697,126413.4,0.02431026923076923,2559.9866971415786,16433.532856846603,0.0598061
0.03359122,0.02795834,126154.9,0.024260557692307692,2561.542973782872,16443.523191307166,0.05977158
0.03368151,0.02799968,125899.6,0.02421146153846154,2562.949613158646,16452.552946979464,0.0597352
0.03377182,0.02804097,125644.3,0.024162365384615386,2564.3787400905053,16461.72705886744,0.05969875
0.03386215,0.02808224,125391.3,0.02411371153846154,2565.786668746721,16470.765090923564,0.05966177
0.0339525,0.02812347,125138.3,0.02406505769230769,2567.2195022779597,16479.962996889364,0.05962463
0.03404286,0.02816466,124886.9,0.02401671153846154,2568.559913943219,16488.567611580263,0.05958588
0.03413324,0.02820582,124635.4,0.023968346153846153,2569.9072309727826,16497.216554443385,0.05954674
0.03422363,0.02824694,124385.5,0.02392028846153846,2571.0523317893385,16504.56739416231,0.05950472
0.03431404,0.02828803,124135.6,0.02387223076923077,2572.1893674056037,16511.866460278616,0.05946215
0.03440446,0.02832908,123887.7,0.02382455769230769,2573.0587504220416,16517.447362078525,0.05941612
0.0344949,0.0283701,123639.9,0.023776903846153843,2573.928836691783,16523.03277833012,0.05936975
0.03458536,0.02841108,123394.2,0.023729653846153845,2574.5843923494454,16527.241040604185,0.05932062
0.03467583,0.02845203,123148.6,0.023682423076923077,2575.244587710484,16531.47908690719,0.05927117
0.03476632,0.02849294,122904.9,0.023635557692307692,2575.720098783625,16534.531574192762,0.05921931
0.03485682,0.02853382,122661.3,0.023588711538461538,2576.205269948349,16537.646073297616,0.05916715
0.03494734,0.02857467,122419.6,0.02354223076923077,2576.4306485582533,16539.092864718536,0.0591117
0.03503787,0.02861548,122178.0,0.02349576923076923,2576.652032266257,16540.514011337582,0.05905584
0.03512842,0.02865625,121938.5,0.023449711538461537,2576.6213085329146,16540.316783952796,0.05899692
0.03521899,0.02869699,121699.0,0.023403653846153845,2576.5963968723445,16540.156866484103,0.05893769
0.03530957,0.02873769,121461.2,0.023357923076923075,2576.3791439747197,16538.762237115385,0.05887606
0.03540017,0.02877836,121223.5,0.02331221153846154,2576.177237818437,16537.46612434379,0.05881427
0.03549078,0.028819,120986.6,0.023266653846153847,2575.853345730621,16535.386937263196,0.05875067
0.03558141,0.0288596,120749.8,0.023221115384615385,2575.5306251302422,16533.31527040812,0.05868666
0.03567206,0.02890016,120513.5,0.023175673076923076,2574.978483089059,16529.770859655688,0.05861955
0.03576272,0.02894069,120277.2,0.023130230769230768,2574.411831283373,16526.133305180294,0.05855184
0.03585339,0.02898119,120042.0,0.023085,2573.4806558125933,16520.155734003212,0.05847962
0.03594408,0.02902165,119806.7,0.023039749999999998,2572.5237434232367,16514.012947710933,0.05840677
0.03603479,0.02906208,119573.2,0.022994846153846154,2571.2244073442766,16505.672012904703,0.05832994
0.03612551,0.02910247,119339.5,0.022949903846153846,2569.912119082532,16497.24793308776,0.05825267
0.03621625,0.02914283,119107.5,0.022905288461538463,2568.325619206103,16487.063584131654,0.05817221
0.036307,0.02918316,118875.4,0.022860653846153847,2566.7364258567336,16476.861944743487,0.05809141
0.03639777,0.02922345,118644.2,0.022816192307692308,2564.9540728991346,16465.420340017998,0.05800827
0.03648855,0.0292637,118413.0,0.02277173076923077,2563.1711411403803,16453.97501974672,0.05792477
0.03657935,0.02930392,118182.1,0.022727326923076923,2561.156759725277,16441.04393568746,0.05783831
0.03667016,0.02934411,117951.0,0.022682884615384615,2559.129003652381,16428.02699458897,0.05775131
0.03676099,0.02938426,117720.2,0.0226385,2556.7902836585904,16413.013857253594,0.0576605
0.03685183,0.02942438,117489.2,0.02259407692307692,2554.42023214198,16397.79959090052,0.05756896
0.03694269,0.02946446,117259.2,0.022549846153846153,2551.578796992814,16379.559332880215,0.05747193
0.03703356,0.02950451,117029.2,0.022505615384615384,2548.686386272842,16360.991843191601,0.05737406
0.03712445,0.02954453,116801.2,0.02246176923076923,2545.402228668352,16339.909580553009,0.05727202
0.03721535,0.02958451,116573.1,0.022417903846153848,2542.109830054255,16318.774415724607,0.05716966
0.03730627,0.02962446,116346.1,0.022374250000000002,2538.58820354996,16296.167749474156,0.05706488
0.0373972,0.02966437,116119.1,0.022330596153846156,2535.0735868446964,16273.606081802343,0.05695994
0.03748815,0.02970425,115891.5,0.022286826923076923,2531.4866435891604,16250.580122366182,0.05685398
0.03757911,0.02974409,115663.7,0.02224301923076923,2527.889565685145,16227.489104748676,0.05674748
0.03767009,0.0297839,115434.4,0.022198923076923074,2524.040649562927,16202.781441373572,0.05663745
0.03776109,0.02982367,115204.9,0.022154788461538462,2520.1479599718687,16177.792779374826,0.05652652
0.0378521,0.02986342,114974.4,0.022110461538461537,2515.7574853021993,16149.608644737827,0.05640972
0.03794312,0.02990312,114743.8,0.022066115384615385,2511.285541094834,16120.901526006399,0.05629162
0.03803416,0.0299428,114513.9,0.022021903846153844,2506.301927208336,16088.909804080246,0.05616791
0.03812521,0.02998244,114283.8,0.021977653846153848,2501.2730534059665,16056.62754145894,0.05604347
0.03821626,0.03002205,114054.5,0.021933557692307693,2495.901785229991,16022.147318514271,0.05591538
0.03830736,0.03006163,113825.1,0.021889442307692308,2490.5011793888857,15987.47876588633,0.05578673
0.03839844,0.03010116,113595.6,0.021845307692307695,2484.9198076119715,15951.649807640331,0.05565612
0.03848956,0.03014067,113366.0,0.021801153846153845,2479.310954117725,15915.644433749188,0.05552488
0.03858069,0.03018014,113135.4,0.02175680769230769,2473.440073075049,15877.957004896069,0.05539049
0.03867183,0.03021958,112904.6,0.021712423076923077,2467.5245506134615,15839.983005716129,0.05525529
0.03876299,0.03025898,112672.7,0.02166782692307692,2461.285555486061,15799.932511885703,0.05511625
0.03885416,0.03029835,112440.5,0.021623173076923078,2454.996254554175,15759.559085872921,0.05497631
0.03894534,0.03033769,112207.3,0.021578326923076922,2448.341612526716,15716.84039575984,0.05483214
0.03903654,0.03037699,111973.9,0.021533442307692306,2441.637849404193,15673.806378566898,0.05468714
0.03912776,0.03041626,111739.3,0.021488326923076922,2434.6161325374906,15628.731294790381,0.05453853
0.03921898,0.03045549,111504.5,0.02144317307692308,2427.5442906182097,15583.334439147073,0.05438904
0.03931022,0.0304947,111268.4,0.02139776923076923,2420.170385780137,15535.998526200714,0.05423614
0.03940148,0.03053386,111032.0,0.02135230769230769,2412.744733481237,15488.330426529043,0.05408234
0.03949275,0.030573,110794.0,0.02130653846153846,2405.0372588844043,15438.853201834172,0.0539253
0.03958404,0.0306121,110555.8,0.02126073076923077,2397.2741660745323,15389.018942576407,0.05376736
0.03967534,0.03065117,110315.9,0.021214596153846153,2389.234641516115,15337.410162291848,0.05360625
0.03976665,0.0306902,110075.7,0.021168403846153847,2381.140798297859,15285.45268977299,0.0534442
0.03985798,0.0307292,109833.6,0.021121846153846154,2372.7760980869293,15231.756482715557,0.05327911
0.03994932,0.03076817,109591.2,0.02107523076923077,2364.3526495085443,15177.683147437914,0.05311305
0.04004068,0.0308071,109347.1,0.021028288461538463,2355.6564108837247,15121.858668610925,0.05294399
0.04013205,0.030846,109102.7,0.02098128846153846,2346.8984561325883,15065.63801038552,0.05277392
0.04022344,0.03088487,108856.9,0.02093401923076923,2337.907962191464,15007.924594239366,0.05260148
0.04031483,0.0309237,108610.8,0.020886692307692308,2328.8587961661156,14949.834539564214,0.05242806
0.04040625,0.0309625,108363.6,0.020839153846153848,2319.636709701031,14890.634442508293,0.05225305
0.04049768,0.03100127,108116.1,0.020791557692307693,2310.361465542307,14831.093105903748,0.05207712
0.04058912,0.03104,107867.6,0.020743769230769232,2300.956870525873,14770.72141671471,0.05190011
0.04068057,0.0310787,107618.8,0.020695923076923077,2291.495654664443,14709.986256685113,0.05172214
0.04077204,0.03111737,107369.3,0.020647942307692308,2281.898488292905,14648.378378380357,0.05154307
0.04086353,0.031156,107119.6,0.020599923076923078,2272.2432518307014,14586.397725973291,0.05136301
0.04095503,0.0311946,106869.4,0.020551807692307692,2262.4382679650266,14523.455787760358,0.05118179
0.04104654,0.03123317,106619.0,0.020503653846153845,2252.577286915342,14460.154382225059,0.05099962
0.04113807,0.0312717,106368.5,0.02045548076923077,2242.591165083129,14396.049650186651,0.05081668
0.04122961,0.03131021,106117.9,0.02040728846153846,2232.5528778632406,14331.610048590794,0.05063286
0.04132116,0.03134867,105867.4,0.020359115384615385,2222.419577162104,14266.560519151295,0.05044867
0.04141273,0.03138711,105616.8,0.020310923076923077,2212.237638576586,14201.198764545956,0.05026364
0.04150431,0.03142551,105366.8,0.020262846153846156,2201.9960888677874,14135.454343361072,0.05007877
0.04159591,0.03146388,105116.6,0.02021473076923077,2191.7152963666804,14069.458007696514,0.04989316
0.04168752,0.03150222,104867.4,0.020166807692307692,2181.431034311329,14003.439399637437,0.0497084
0.04177914,0.03154052,104618.0,0.020118846153846154,2171.1012944123368,13937.128851921578,0.04952279
0.04187078,0.03157879,104370.0,0.020071153846153846,2160.7413468252967,13870.624389512875,0.04933778
0.04196243,0.03161703,104122.0,0.02002346153846154,2150.324460668366,13803.754416666106,0.04915181
0.04205409,0.03165523,103876.5,0.01997625,2139.8183911593733,13736.311941802807,0.04896593
0.04214577,0.0316934,103631.0,0.01992903846153846,2129.243086647549,13668.425020999559,0.04877896
0.04223746,0.03173155,103389.4,0.019882576923076923,2118.592075763588,13600.052112063884,0.04859251
0.04232917,0.03176965,103147.8,0.019836115384615386,2107.8941807988213,13531.378236297698,0.0484053
0.04242088,0.03180773,102910.7,0.01979051923076923,2097.2491624931436,13463.043796011965,0.04822023
0.04251261,0.03184577,102673.7,0.019744942307692307,2086.579318742494,13394.54999170841,0.04803462
0.04260436,0.03188378,102440.9,0.019700173076923077,2076.089723049703,13327.213268566455,0.04785249
0.04269612,0.03192175,102208.1,0.019655403846153847,2065.580780991601,13259.752353712736,0.04766982
0.0427879,0.0319597,101979.0,0.019611346153846153,2055.1732612353485,13192.942507371103,0.04748942
0.04287968,0.0319976,101749.9,0.01956728846153846,2044.7271896250938,13125.885181946805,0.04730824
0.04297148,0.03203548,101524.7,0.01952398076923077,2034.2592707407907,13058.687610521893,0.0471278
0.04306329,0.03207332,101299.6,0.01948069230769231,2023.738224668056,12991.14899537294,0.0469464
0.04315512,0.03211114,101078.6,0.01943819230769231,2013.0937907441285,12922.818306456973,0.04676459
0.04324696,0.03214892,100857.8,0.01939573076923077,2002.3983050117522,12854.159896474142,0.04658193
0.04333882,0.03218667,100641.4,0.019354115384615383,1991.6533267972134,12785.183775335743,0.04639978
0.04343068,0.03222438,100425.0,0.0193125,1980.8707217959159,12715.966113474815,0.04621694
0.04352256,0.03226207,100212.2,0.019271576923076923,1970.115980118276,12646.927316935858,0.04603531
0.04361445,0.03229972,99999.47,0.01923066730769231,1959.3346865494293,12577.71807366097,0.0458531
0.04370636,0.03233733,99788.92,0.019190176923076924,1948.625124517019,12508.969302529244,0.04567228
0.04379828,0.03237492,99578.39,0.019149690384615385,1937.8812071188,12439.999991176172,0.0454907
0.04389022,0.03241247,99368.74,0.019109373076923078,1927.1016586778233,12370.801950543946,0.04530893
0.04398216,0.03244999,99159.07,0.019069051923076924,1916.262389719222,12301.220541088083,0.04512607
0.04407412,0.03248748,98949.53,0.01902875576923077,1905.1783103065652,12230.067599778202,0.04494032
0.04416609,0.03252493,98739.48,0.018988361538461538,1894.7360250430127,12163.034580360263,0.0447618
0.04425808,0.03256236,98526.28,0.01894736153846154,1905.156753650149,12229.929219363219,0.04482918
0.04435008,0.03259975,98314.18,0.018906573076923075,1913.03061670567,12280.474555156445,0.04486636
0.04444209,0.03263711,98102.79,0.018865921153846152,1901.584404450001,12206.99694474542,0.04467632
0.04453411,0.03267444,97890.98,0.01882518846153846,1889.7636033350107,12131.114705304744,0.04448157
0.04462615,0.03271173,97676.59,0.018783959615384614,1877.9619196638398,12055.355188041296,0.04428667
0.0447182,0.03274899,97462.02,0.018742696153846154,1866.1072880895192,11979.255777954542,0.04409079
0.04481027,0.03278623,97243.45,0.01870066346153846,1854.1570106886024,11902.542380757723,0.04389318
0.04490234,0.03282342,97024.65,0.018658586538461537,1842.1370491461848,11825.381654428204,0.04369432
0.04499443,0.03286059,96800.76,0.018615530769230768,1829.995560956852,11747.440802113148,0.04349325
0.04508654,0.03289773,96576.58,0.01857241923076923,1817.7730412948433,11668.979777810426,0.0432908
0.04517866,0.03293483,96346.56,0.018528184615384614,1805.4186239872586,11589.672052118693,0.04308594
0.04527078,0.0329719,96116.2,0.018483884615384614,1792.9772554689096,11509.806153378393,0.04287962
0.04536293,0.03300894,95879.43,0.018438351923076923,1780.4369533855504,11429.305162278803,0.04267127
0.04545508,0.03304594,95642.29,0.018392748076923076,1767.808189614248,11348.236301800433,0.04246143
0.04554725,0.03308292,95398.28,0.018345823076923076,1755.122659818478,11266.803038519001,0.04225008
0.04563942,0.03311986,95153.88,0.018298823076923078,1742.3454759891947,11184.781412972685,0.04203718
0.04573162,0.03315677,94902.37,0.018250455769230768,1729.550627520121,11102.646391353364,0.04182328
0.04582383,0.03319365,94650.43,0.018202005769230766,1716.659427508278,11019.892852362187,0.04160773
0.04591604,0.0332305,94391.55,0.018152221153846154,1703.7750237230036,10937.182940946395,0.04139161
0.04600827,0.03326732,94132.24,0.018102353846153846,1690.7949575711668,10853.858936244173,0.04117389
0.04610052,0.0333041,93866.41,0.018051232692307694,1677.9085781529443,10771.136342485537,0.04095683
0.04619277,0.03334085,93600.15,0.018000028846153846,1664.9360739825452,10687.860881031824,0.04073827
0.04628504,0.03337757,93327.75,0.017947644230769232,1652.1674679599412,10605.894319704421,0.04052191
0.04637733,0.03341426,93054.92,0.017895176923076923,1639.3267544950927,10523.464873150828,0.04030423
0.04646961,0.03345091,92776.42,0.01784161923076923,1626.7561556381731,10442.769395484445,0.0400897
0.04656193,0.03348754,92497.5,0.017787980769230768,1614.107837179298,10361.575005994113,0.0398737
0.04665423,0.03352412,92213.93,0.017733448076923074,1601.7035494460627,10281.94714298314,0.03966078
0.04674657,0.03356069,91929.98,0.017678842307692306,1589.214233189092,10201.773449386354,0.03944632
0.04683892,0.03359722,91643.16,0.017623684615384615,1576.9520817714076,10123.058013699463,0.03923512
0.04693128,0.03363372,91356.03,0.017568467307692306,1564.6087992504565,10043.821766458068,0.03902249
0.04702365,0.03367019,91068.09,0.01751309423076923,1552.6045036261132,9966.761605643087,0.03881503
0.04711603,0.03370662,90779.93,0.017457678846153846,1540.5370743247076,9889.296165629765,0.03860639
0.04720842,0.03374303,90492.79,0.017402459615384613,1528.9314025457577,9814.79492360452,0.03840484
0.04730083,0.0337794,90205.5,0.017347211538461537,1517.2789858909266,9739.993608358373,0.03820235
0.04739325,0.03381575,89921.05,0.017292509615384616,1506.146461739825,9668.529681760223,0.03800798
0.04748568,0.03385206,89636.53,0.01723779423076923,1494.9720224787436,9596.796686054087,0.03781269
0.04757812,0.03388834,89356.81,0.01718400192307692,1484.3038912488362,9528.313875075582,0.0376257
0.04767058,0.03392458,89077.11,0.017130213461538462,1473.606061822491,9459.64042002557,0.037438
0.04776305,0.0339608,88804.22,0.017077734615384615,1463.4480959744697,9394.432555582924,0.03725935
0.04785552,0.03399698,88531.44,0.017025276923076923,1453.2729879714007,9329.114649096493,0.03708018
0.04794802,0.03403314,88267.25,0.016974471153846152,1443.6754360597754,9267.50429586259,0.03691078
0.04804052,0.03406926,88003.25,0.016923701923076923,1434.0717918981006,9205.854834147589,0.03674104
0.04813304,0.03410535,87749.55,0.016874913461538462,1425.0240878707928,9147.774164596529,0.03658095
0.04822557,0.0341414,87496.13,0.016826178846153846,1415.9729670628392,9089.671561424851,0.03642055
0.04831811,0.03417743,87254.69,0.016779748076923076,1407.4264335739456,9034.808097072206,0.0362693
0.04841066,0.03421343,87013.6,0.016733384615384615,1398.8787534383557,8979.937271956249,0.03611779
0.04850322,0.03424939,86785.91,0.01668959807692308,1390.8137454941175,8928.164904080137,0.03597527
0.04859581,0.03428533,86558.63,0.016645890384615385,1382.761134878546,8876.472119394128,0.03583272
0.04868839,0.03432123,86345.63,0.016604928846153846,1375.1778187630912,8827.791915435908,0.03569896
0.048781,0.0343571,86133.07,0.016564051923076924,1367.613573146932,8779.234132300078,0.03556526
0.0488736,0.03439294,85935.18,0.016525996153846152,1360.4782955004314,8733.430058483047,0.03543973
0.04896624,0.03442875,85737.75,0.016488028846153847,1353.3622167830015,8687.74922992821,0.03531427
0.04905887,0.03446453,85555.16,0.016452915384615387,1346.612557299562,8644.420586456163,0.03519602
0.04915152,0.03450028,85373.05,0.016417894230769232,1339.8788878773235,8601.194589297249,0.03507781
0.04924419,0.034536,85205.62,0.016385696153846153,1333.4912420730384,8560.189849968006,0.03496639
0.04933686,0.03457169,85038.65,0.01635358653846154,1327.1238447540459,8519.315093403413,0.03485507
0.04942955,0.03460735,84885.72,0.016324176923076923,1321.0884118372892,8480.571343190351,0.0347501
0.04952225,0.03464297,84733.21,0.01629484807692308,1315.0764803879572,8441.978457877305,0.03464528
0.04961496,0.03467857,84593.62,0.016268003846153845,1309.3513459014964,8405.226631862673,0.03454586
0.04970768,0.03471413,84454.41,0.01624123269230769,1303.6462170846505,8368.603229886068,0.03444654
0.04980041,0.03474966,84326.68,0.01621666923076923,1298.1556737359228,8333.357334028873,0.0343513
0.04989315,0.03478516,84199.29,0.016192171153846153,1292.6800404696758,8298.207151688712,0.03425609
0.04998591,0.03482063,84081.69,0.016169555769230768,1287.3462886894126,8263.967760824264,0.03416365
0.05007868,0.03485607,83964.39,0.016146998076923078,1282.0224213455192,8229.791821934014,0.03407117
0.05017146,0.03489148,83855.02,0.016125965384615384,1276.777624062826,8196.123463981654,0.03398029
0.05026425,0.03492686,83745.89,0.016104978846153847,1271.541659845944,8162.5118088541185,0.03388937
0.05035705,0.03496221,83642.54,0.016085103846153845,1266.3412582609972,8129.128443850525,0.03379911
0.05044987,0.03499753,83539.37,0.01606526346153846,1261.1475181424041,8095.787841345003,0.03370879
0.05054269,0.03503281,83439.65,0.016046086538461537,1255.9472747138313,8062.405491607611,0.03361821
0.05063553,0.03506807,83340.05,0.016026932692307694,1250.752324326106,8029.0571199220485,0.03352756
0.05072839,0.0351033,83241.43,0.016007967307692307,1245.5051139578552,7995.3732714513835,0.03343567
0.05082125,0.03513849,83142.85,0.015989009615384617,1240.2577675335917,7961.688549585181,0.03334361
0.0509141,0.03517365,83042.86,0.01596978076923077,1234.882599628859,7927.1832927914165,0.03324898
0.051007,0.03520878,82942.87,0.01595055192307692,1229.4981717092187,7892.61859242343,0.03315404
0.05109989,0.03524388,82839.36,0.015930646153846154,1223.9187823159637,7856.802359855668,0.0330554
0.0511928,0.03527896,82735.78,0.015910726923076924,1218.3211151615494,7820.868795354543,0.03295633
0.05128572,0.035314,82626.86,0.01588978076923077,1212.50920628331,7783.559931359981,0.03285314
0.05137864,0.03534901,82517.82,0.01586881153846154,1206.674569122779,7746.1051658362285,0.03274945
0.05147159,0.035384,82401.82,0.015846503846153846,1200.6067454928043,7707.153487257555,0.03264124
0.05156454,0.03541894,82285.65,0.01582416346153846,1194.5077111767537,7668.001455358417,0.03253239
0.05165752,0.03545387,82161.25,0.015800240384615385,1188.1620311273412,7627.266110246079,0.03241874
0.05175049,0.03548876,82036.64,0.015776276923076923,1181.7761106014268,7586.272446137979,0.0323043
0.05184348,0.03552362,81902.99,0.015750575,1175.132871115831,7543.626953298373,0.03218491
0.05193648,0.03555845,81769.1,0.015724826923076925,1168.4461246929973,7500.702172803328,0.0320647
0.05202949,0.03559325,81625.6,0.01569723076923077,1161.550046322062,7456.433610541385,0.03194021
0.05212251,0.03562802,81481.82,0.015669580769230772,1154.6103140450764,7411.884817175038,0.03181489
0.05221554,0.03566276,81328.0,0.01564,1147.521707040734,7366.380340044276,0.03168617
0.05230858,0.03569747,81173.88,0.015610361538461539,1140.389240241749,7320.594310131556,0.03155658
0.05240164,0.03573215,81009.53,0.015578755769230769,1133.1432393765758,7274.079461663194,0.0314241
0.05249471,0.0357668,80844.86,0.01554708846153846,1125.8457795898046,7227.234278713093,0.03129061
0.05258779,0.03580142,80670.22,0.015513503846153846,1118.4367619222378,7179.672963096545,0.03115435
0.05268088,0.03583601,80495.25,0.01547985576923077,1110.9691278008208,7131.735366063624,0.03101696
0.05277398,0.03587057,80311.08,0.015444438461538462,1103.399116865591,7083.140573141577,0.03087711
0.05286709,0.03590509,80126.58,0.015408957692307693,1095.7658805046788,7034.13991205174,0.03073608
0.05296021,0.03593959,79933.97,0.015371917307692308,1088.0926330688474,6984.88240458256,0.03059372
0.05305334,0.03597406,79741.04,0.015334815384615383,1080.3611237006867,6935.2508915061235,0.03045027
0.05314648,0.0360085,79541.11,0.015296367307692307,1072.6790525446065,6885.9367412048605,0.03030698
0.05323964,0.03604291,79340.89,0.015257863461538462,1064.9442055046957,6836.283802338034,0.03016267
0.05333281,0.03607729,79134.73,0.015218217307692307,1057.3373148279939,6787.452264262621,0.03001984
0.05342599,0.03611164,78928.3,0.015178519230769232,1049.681893347571,6738.3091884130445,0.02987601
0.05351918,0.03614596,78717.07,0.015137898076923078,1042.1769639153877,6690.132178528652,0.02973414
0.05361238,0.03618025,78505.59,0.015097228846153846,1034.6240959244801,6641.647432717046,0.02959128
0.05370559,0.03621451,78290.64,0.015055892307692307,1027.2391062489778,6594.240361963377,0.02945083
0.05379881,0.03624873,78075.47,0.015014513461538462,1019.8094559871172,6546.546597839722,0.02930945
0.05389204,0.03628293,77858.13,0.014972717307692309,1012.5697372529276,6500.072076770735,0.02917099
0.05398529,0.0363171,77640.63,0.014930890384615385,1005.2903636270803,6453.342995798871,0.02903171
0.05407854,0.03635124,77422.22,0.014888888461538461,998.2478066155802,6408.134131169251,0.02889622
0.05417181,0.03638535,77203.68,0.014846861538461537,991.1698404059646,6362.697961366008,0.02875994
0.05426508,0.03641943,76985.4,0.014804884615384614,984.335192711667,6318.823746091913,0.0286277
0.05435837,0.03645348,76767.02,0.014762888461538462,977.4687219939387,6274.745246669881,0.02849474
0.05445167,0.03648751,76550.0,0.014721153846153846,970.8391086677883,6232.18722535472,0.02836585
0.05454498,0.0365215,76332.93,0.014679409615384614,964.1784104227926,6189.429658067008,0.02823625
0.05463829,0.03655546,76118.27,0.014638128846153847,957.7635858655481,6148.250447936701,0.02811103
0.05473162,0.0365894,75903.59,0.01459684423076923,951.3256999960554,6106.923198430652,0.02798525
0.05482496,0.0366233,75692.1,0.014556173076923078,945.1681697643197,6067.395658895684,0.02786443
0.05491832,0.03665717,75480.62,0.014515503846153846,938.9951261571222,6027.7685330755,0.02774319
0.05501167,0.03669102,75272.86,0.01447555,933.118792782222,5990.046103618334,0.02762719
0.05510505,0.03672483,75065.11,0.014435598076923076,927.2303710113897,5952.24607412834,0.0275108
0.05519843,0.03675862,74861.46,0.014396434615384616,921.6094416765519,5916.163180801898,0.0273992
0.05529183,0.03679237,74657.85,0.014357278846153848,915.9789084065172,5880.018636145475,0.02728727
0.05538523,0.0368261,74458.65,0.014318971153846153,910.6005717287401,5845.493037786655,0.02717992
0.05547865,0.03685979,74259.5,0.014280673076923076,905.2152229725965,5810.922426217274,0.02707229
0.05557208,0.03689346,74064.96,0.01424326153846154,900.0740985025275,5777.919583665649,0.02696911
0.05566551,0.0369271,73870.49,0.014205863461538463,894.9300344792704,5744.897870998819,0.02686574
0.05575896,0.0369607,73680.67,0.014169359615384614,890.0260865652367,5713.417555392679,0.02676674
0.05585242,0.03699428,73490.94,0.014132873076923078,885.1187368071637,5681.9154020497035,0.02666751
0.05594589,0.03702783,73305.87,0.014097282692307691,880.4210880602593,5651.759399630481,0.02657217
0.05603937,0.03706135,73120.9,0.014061711538461537,875.7198733312823,5621.580505809667,0.02647662
0.05613286,0.03709484,72940.6,0.014027038461538462,871.2048705723613,5592.596977781834,0.02638457
0.05622636,0.0371283,72760.4,0.013992384615384615,866.6883817742654,5563.603910300677,0.02629237
0.05631987,0.03716174,72584.79,0.01395861346153846,862.3602504630617,5535.819981504941,0.0262037
0.05641339,0.03719514,72409.26,0.013924857692307691,858.0323073726369,5508.03726097031,0.0261149
0.05650692,0.03722851,72238.13,0.013891948076923078,853.8901109000317,5481.446918954831,0.02602955
0.05660046,0.03726186,72067.08,0.013859053846153846,849.7498181196884,5454.8687974674385,0.02594411
0.05669401,0.03729518,71900.18,0.013826957692307691,845.7931015624666,5429.469121906259,0.02586206
0.05678757,0.03732846,71733.36,0.013794876923076923,841.8378561230858,5404.078890012658,0.0257799
0.05688115,0.03736172,71570.48,0.013763553846153846,838.0530840519449,5379.78299181279,0.02570089
0.05697473,0.03739495,71407.69,0.013732248076923078,834.2679051476979,5355.48448199575,0.02562176
0.05706832,0.03742815,71248.74,0.01370168076923077,830.6381166804068,5332.183482772889,0.02554552
0.05716193,0.03746132,71089.88,0.01367113076923077,827.0065448796406,5308.8710356509855,0.02546915
0.05725554,0.03749446,70934.85,0.01364131730769231,823.5084895695264,5286.415681903243,0.02539533
0.05734916,0.03752758,70779.9,0.013611519230769229,820.0065647336119,5263.935488190727,0.02532134
0.0574428,0.03756066,70628.8,0.01358246153846154,816.6307029148442,5242.264541157745,0.02524983
0.05753644,0.03759372,70477.77,0.013553417307692309,813.2553159163593,5220.596642177602,0.02517824
0.05763009,0.03762675,70330.47,0.013525090384615385,810.0303801694882,5199.894547273515,0.02510952
0.05772376,0.03765974,70183.25,0.013496778846153846,806.8096621063163,5179.219527292797,0.02504078
0.05781744,0.03769271,70039.5,0.013469134615384615,803.7631506575842,5159.662806139753,0.02497524
0.05791112,0.03772565,69895.83,0.013441505769230769,800.723524309585,5140.150283079318,0.02490972
0.05800482,0.03775856,69755.4,0.0134145,797.8348677451801,5121.606892749869,0.02484695
0.05809852,0.03779144,69615.04,0.01338750769230769,794.9482402034757,5103.076527492485,0.02478409
0.05819224,0.03782429,69477.9,0.013361134615384615,792.1633552200368,5085.199286595498,0.02472321
0.05828596,0.03785711,69340.84,0.013334776923076922,789.3754119113261,5067.302413139913,0.02466216
0.0583797,0.03788991,69207.17,0.013309071153846153,786.652710383853,5049.82435160894,0.02460254
0.05847344,0.03792268,69073.58,0.01328338076923077,783.9259920042837,5032.3205043694,0.02454278
0.0585672,0.03795542,68943.5,0.013258365384615384,781.2877183520926,5015.384417632291,0.02448489
0.05866097,0.03798813,68813.49,0.013233363461538462,778.64931141226,4998.4474752708775,0.02442693
0.05875474,0.03802081,68686.96,0.013209030769230771,776.1259064124986,4982.248774308481,0.02437126
0.05884851,0.03805346,68560.5,0.01318471153846154,773.6059208385158,4966.072023946823,0.02431559
0.05894232,0.03808609,68437.29,0.013161017307692306,771.2162858652896,4950.732043902305,0.02426239
0.05903611,0.03811868,68314.15,0.013137336538461537,768.8309525618283,4935.4196779198055,0.02420917
0.05912994,0.03815125,68194.1,0.013114250000000001,766.5462776589261,4920.753476675097,0.0241579
0.05922376,0.03818379,68074.11,0.013091175,764.2635845064965,4906.099997043958,0.02410658
0.05931759,0.03821629,67957.13,0.013068678846153847,762.0580943778739,4891.9421131242325,0.02405679
0.05941144,0.03824878,67840.21,0.013046194230769232,759.852707298489,4877.784890716943,0.02400691
0.05950529,0.03828123,67726.28,0.013024284615384615,757.6997270416175,4863.96408772959,0.0239583
0.05959917,0.03831366,67612.42,0.01300238846153846,755.5456419900535,4850.136192642929,0.0239096
0.05969304,0.03834605,67501.5,0.012981057692307693,753.4481361492096,4836.6715011305,0.02386236
0.05978693,0.03837842,67390.63,0.012959736538461539,751.3518875247669,4823.214880170569,0.02381508
0.05988082,0.03841076,67282.46,0.012938934615384617,749.318276292922,4810.1603525693545,0.02376928
0.05997472,0.03844307,67174.34,0.012918142307692306,747.2875978060276,4797.124651378668,0.02372348
0.06006864,0.03847536,67068.57,0.012897801923076924,745.3252753028071,4784.527753368061,0.0236791
0.06016256,0.03850761,66962.86,0.012877473076923078,743.3663406074735,4771.952602990863,0.02363472
0.0602565,0.03853984,66859.15,0.012857528846153845,741.4648853581934,4759.746435142508,0.02359143
0.06035044,0.03857203,66755.48,0.012837592307692307,739.5647987116482,4747.549052878091,0.0235481
0.06044439,0.0386042,66653.5,0.012817980769230769,737.7047498690343,4735.608688576759,0.02350548
0.06053834,0.03863634,66551.55,0.012798375,735.8441930757149,4723.6650635457445,0.02346279
0.06063232,0.03866845,66450.97,0.012779032692307693,734.0059336843885,4711.864574058632,0.02342048
0.06072629,0.03870054,66350.42,0.012759696153846154,732.1668575920478,4700.058841855621,0.02337809
0.06082029,0.0387326,66250.92,0.012740561538461538,730.349032594383,4688.3895285500175,0.02333603
0.0609143,0.03876463,66151.44,0.01272143076923077,728.5312252766032,4676.720328738353,0.02329393
0.06100831,0.03879663,66052.63,0.012702428846153847,726.738904274705,4665.214735327419,0.02325218
0.06110233,0.0388286,65953.83,0.012683428846153847,724.9465046375662,4653.708637126827,0.02321038
0.06119636,0.03886055,65855.25,0.012664471153846155,723.1801370261633,4642.369648447053,0.0231689
0.0612904,0.03889246,65756.68,0.012645515384615382,721.4141882211856,4631.033348245761,0.02312736
0.06138444,0.03892435,65657.89,0.012626517307692308,719.6601872316247,4619.77374563725,0.02308584
0.0614785,0.03895621,65559.09,0.012607517307692308,717.9056678507518,4608.510815276813,0.02304425
0.06157257,0.03898804,65459.61,0.01258838653846154,716.1508761102668,4597.24613653595,0.02300244
0.06166664,0.03901985,65360.12,0.012569253846153847,714.3946286391505,4585.972112903886,0.02296054
0.06176073,0.03905162,65259.53,0.012549909615384615,712.6302701727875,4574.6460216938785,0.02291825
0.06185483,0.03908337,65158.91,0.012530559615384617,710.8643515553118,4563.309915277698,0.02287589
0.06194893,0.03911509,65056.76,0.012510915384615386,709.0958890648677,4551.9574787688425,0.02283319
0.06204305,0.03914679,64954.58,0.012491265384615384,707.324488581225,4540.58618215895,0.02279039
0.06213717,0.03917845,64850.48,0.012471246153846155,705.5455188858448,4529.166295886491,0.02274714
0.0622313,0.03921009,64746.33,0.012451217307692308,703.7619831050866,4517.7170981671525,0.02270375
0.06232544,0.0392417,64639.95,0.012430759615384614,701.9627492645179,4506.167128603189,0.02265977
0.06241959,0.03927328,64533.51,0.012410290384615386,700.1561883390088,4494.570123681094,0.0226156
0.06251376,0.03930483,64424.63,0.012389351923076922,698.3269796350836,4482.827734014948,0.02257073
0.06260793,0.03933636,64315.68,0.0123684,696.4912790205493,4471.043670293849,0.02252571
0.06270211,0.03936786,64204.09,0.012346940384615384,694.6460333904505,4459.198333470404,0.02248021
0.0627963,0.03939933,64092.42,0.012325465384615384,692.7960702746061,4447.322713303264,0.02243458
0.06289049,0.03943077,63977.86,0.012303434615384615,690.9502081747696,4435.473419125001,0.02238869
0.0629847,0.03946219,63863.22,0.012281388461538461,689.1008609633337,4423.601752683616,0.02234269
0.06307892,0.03949358,63745.43,0.012258736538461538,687.2593088919695,4411.780126225107,0.02229644
0.06317314,0.03952493,63627.57,0.012236071153846154,685.4121016757257,4399.922197230616,0.02225004
0.06326738,0.03955627,63506.41,0.012212771153846155,683.5622910051575,4388.0475556679585,0.02220321
0.06336162,0.03958757,63385.18,0.012189457692307693,681.703718048471,4376.116665642375,0.02215618
0.06345588,0.03961885,63260.66,0.01216551153846154,679.8345090632183,4364.117498885078,0.02210862
0.06355014,0.0396501,63136.07,0.012141551923076923,677.9538268992167,4352.044681409145,0.02206082
0.06364441,0.03968132,63008.34,0.01211698846153846,676.0705899131098,4339.955463553844,0.0220127
0.06373869,0.03971252,62880.53,0.012092409615384615,674.1768186512654,4327.798622157121,0.02196436
0.06383298,0.03974369,62749.75,0.012067259615384615,672.3026610273855,4315.767688197453,0.02191612
0.06392728,0.03977482,62618.89,0.01204209423076923,670.4199421207799,4303.6817960924445,0.0218677
0.06402158,0.03980594,62485.17,0.012016378846153846,668.5752117886517,4291.839767163583,0.02181972
0.0641159,0.03983702,62351.38,0.01199065,666.722900419943,4279.94907266397,0.02177156
0.06421023,0.03986808,62214.92,0.011964407692307692,664.911624069689,4268.321797628531,0.0217239
0.06430456,0.03989911,62078.38,0.01193815,663.0914307209733,4256.637280972514,0.02167602
0.06439889,0.03993011,61939.48,0.011911438461538462,661.3050281542465,4245.169680258558,0.02162858
0.06449325,0.03996108,61800.51,0.011884713461538462,659.5086696374702,4233.638168496766,0.0215809
0.06458761,0.03999203,61659.53,0.011857601923076923,657.7459045266236,4222.322305644687,0.0215337
0.06468198,0.04002295,61518.48,0.011830476923076923,655.9719579642883,4210.934664782733,0.02148625
0.06477637,0.04005385,61375.81,0.011803040384615384,654.2469790618253,4199.861366041515,0.02143963
0.06487075,0.04008471,61233.08,0.011775592307692309,652.512540680205,4188.727343288835,0.0213928
0.06496516,0.04011555,61089.13,0.011747909615384616,650.837018964005,4177.971529125317,0.02134701
0.06505955,0.04014636,60945.13,0.011720217307692307,649.1537591623706,4167.166041234441,0.02130105
0.06515397,0.04017715,60800.3,0.011692365384615384,647.5368519208469,4156.786495782223,0.02125631
0.0652484,0.04020791,60655.43,0.01166450576923077,645.9133356354703,4146.3645243519995,0.02121142
0.06534283,0.04023864,60510.21,0.011636578846153846,644.3557769964375,4136.365960258057,0.02116781
0.06543728,0.04026935,60364.95,0.01160864423076923,642.7909298484581,4126.320608440027,0.02112404
0.06553173,0.04030002,60219.79,0.011580728846153847,641.3083550848825,4116.803394496238,0.0210819
0.06562619,0.04033067,60074.62,0.011552811538461539,639.8196261236978,4107.246674406292,0.02103961
0.06572065,0.0403613,59930.0,0.011525,638.428345541851,4098.3155127012715,0.02099926
0.06581513,0.04039189,59785.37,0.011497186538461539,637.0320836052815,4089.3523737767614,0.02095879
0.06590961,0.04042246,59641.78,0.011469573076923078,635.7321229091883,4081.0074293144676,0.02092026
0.06600411,0.040453,59498.2,0.011441961538461538,634.4268831579896,4072.628596580166,0.02088159
0.06609861,0.04048351,59356.22,0.011414657692307692,633.2129216704695,4064.8357139005875,0.02084485
0.06619313,0.040514,59214.24,0.011387353846153846,631.9952580212216,4057.0190656301697,0.02080801
0.06628765,0.04054446,59074.37,0.01136045576923077,630.8688708199458,4049.7883557587606,0.02077313
0.06638218,0.04057489,58934.53,0.011333563461538462,629.7406654584919,4042.545974422395,0.0207382
0.06647671,0.0406053,58797.2,0.011307153846153845,628.7203510992024,4035.996186657318,0.02070556
0.06657126,0.04063568,58659.9,0.01128075,627.7024834390932,4029.4621051892373,0.02067292
0.06666581,0.04066603,58525.43,0.011254890384615385,626.7904124017748,4023.6071726709215,0.02064253
0.06676038,0.04069635,58391.0,0.011229038461538462,625.8804348840295,4017.7656792547423,0.02061214
0.06685495,0.04072665,58259.74,0.011203796153846153,625.0681741476785,4012.551467198854,0.02058388
0.06694953,0.04075692,58128.54,0.011178565384615384,624.2570179227196,4007.3443454236576,0.02055559
0.06704412,0.04078717,58000.92,0.011154023076923076,623.532804379242,4002.695341944303,0.02052931
0.06713872,0.04081739,57873.36,0.011129492307692309,622.808407356833,3998.045160643575,0.02050301
0.06723332,0.04084758,57749.77,0.011105724999999999,622.186747574887,3994.0544889483685,0.02047905
0.06732794,0.04087775,57626.26,0.011081973076923077,621.567133118907,3990.0769469821175,0.02045511
0.06742256,0.04090789,57507.04,0.011059046153846154,621.0644017521345,3986.8497222300325,0.02043378
0.06751719,0.040938,57387.91,0.01103613653846154,620.5680983553009,3983.663761073306,0.02041253
0.06761184,0.04096809,57273.28,0.011014092307692307,620.2012642383173,3981.3089126980417,0.02039407
0.06770649,0.04099815,57158.72,0.010992061538461538,619.8442583161138,3979.01715526072,0.02037573
0.06780114,0.04102818,57048.82,0.010970926923076923,619.5969818305986,3977.4297930084163,0.02035979
0.06789579,0.04105818,56939.0,0.010949807692307693,619.3592249881381,3975.903540982624,0.02034396
0.06799047,0.04108815,56833.94,0.010929603846153846,619.2149866810649,3974.977620171727,0.02033025
0.06808516,0.04111811,56728.97,0.010909417307692309,619.0801230221479,3974.111878809679,0.02031664
0.06817984,0.04114803,56628.91,0.010890175,619.025849375806,3973.7634755342183,0.02030495
0.06827456,0.04117794,56528.94,0.01087095,618.9793772578247,3973.4651532505027,0.02029336
0.06836927,0.04120781,56433.99,0.010852690384615385,619.0311186801125,3973.7973012121215,0.02028402
0.06846398,0.04123766,56339.14,0.01083445,619.0925405318433,3974.191591549518,0.02027481
0.0685587,0.04126748,56249.32,0.010817176923076923,619.2620844204355,3975.279958558209,0.020268
0.06865343,0.04129727,56159.58,0.010799919230769232,619.4436257327756,3976.4453416145143,0.02026136
0.06874817,0.04132704,56074.83,0.010783621153846155,619.7417322961402,3978.3590015602335,0.0202572
0.06884292,0.04135678,55990.16,0.010767338461538462,620.0520910193991,3980.3513128022328,0.0202532
0.06893768,0.0413865,55910.42,0.010752003846153846,620.463392723847,3982.9916156138333,0.02025137
0.06903245,0.04141619,55830.76,0.010736684615384616,620.8868148965596,3985.7097243428193,0.0202497
0.06912722,0.04144585,55755.97,0.010722301923076924,621.4081772825227,3989.0565487265617,0.02025013
0.069222,0.04147548,55681.26,0.010707934615384615,621.9419570197387,3992.483084833039,0.02025072
0.06931679,0.04150509,55611.35,0.010694490384615384,622.5707868048405,3996.5197835183776,0.02025334
0.06941159,0.04153467,55541.51,0.010681059615384616,623.2125358570771,4000.639415916294,0.02025612
0.0695064,0.04156423,55476.33,0.010668525,623.9524759689023,4005.3893742474665,0.02026094
0.06960122,0.04159376,55411.23,0.010656005769230769,624.7044333268161,4010.2164758734325,0.02026591
0.06969604,0.04162326,55350.68,0.010644361538461539,625.5463571828517,4015.6211068297466,0.02027273
0.06979087,0.04165274,55290.19,0.010632728846153846,626.4000462776249,4021.1012633493697,0.0202797
0.06988571,0.04168219,55234.15,0.010621951923076923,627.3348461286198,4027.1021008080374,0.02028835
0.06998056,0.04171162,55178.17,0.010611186538461537,628.2823241940383,4033.1843245698183,0.02029717
0.07007542,0.04174102,55126.45,0.010601240384615384,629.315643918655,4039.8175987446716,0.02030772
0.07017028,0.04177039,55074.81,0.010591309615384615,630.3629034143758,4046.540357637047,0.02031844
0.07026515,0.04179973,55027.17,0.010582148076923077,631.4921004786788,4053.789105092961,0.02033078
0.07036003,0.04182906,54979.61,0.010573001923076922,632.6342058209395,4061.1207157177264,0.02034327
0.07045492,0.04185835,54935.8,0.010564576923076923,633.8557846669406,4068.9624971322164,0.0203573
0.07054982,0.04188762,54892.05,0.010556163461538462,635.088542845286,4076.876042952985,0.02037145
0.07064472,0.04191686,54851.85,0.010548432692307692,636.3915881880648,4085.2407889410892,0.02038695
0.07073963,0.04194608,54811.7,0.010540711538461539,637.7053655202162,4093.674427669992,0.02040258
0.07083455,0.04197527,54774.87,0.010533628846153846,639.0939787600075,4102.588466687087,0.02041962
0.07092948,0.04200444,54738.1,0.010526557692307693,640.4939677415315,4111.575530937376,0.02043679
0.07102442,0.04203358,54704.4,0.010520076923076924,641.9754033783224,4121.08543239104,0.02045544
0.07111936,0.04206269,54670.74,0.010513603846153846,643.4681020552515,4130.667635603297,0.0204742
0.07121431,0.04209178,54639.91,0.010507675000000001,645.0405744349042,4140.761936697268,0.02049435
0.07130927,0.04212084,54609.12,0.010501753846153847,646.62181102703,4150.912498620172,0.02051457
0.07140423,0.04214987,54580.95,0.010496336538461538,648.2680344170622,4161.480235632247,0.02053588
0.0714992,0.04217888,54552.81,0.010490925,649.9223337239658,4172.099815040771,0.02055725
0.0715942,0.04220787,54527.08,0.010485976923076923,651.6301432696093,4183.0628971196375,0.0205795
0.07168917,0.04223682,54501.38,0.010481034615384615,653.3454573706259,4194.07415380716,0.02060178
0.07178418,0.04226576,54477.84,0.010476507692307692,655.1123046854292,4205.416221886369,0.02062491
0.07187918,0.04229466,54454.33,0.010471986538461538,656.8873572525996,4216.810962615998,0.0206481
0.0719742,0.04232355,54432.73,0.010467832692307694,658.7136330918365,4228.534525102973,0.02067207
0.07206922,0.0423524,54411.16,0.010463684615384616,660.5479072433118,4240.309431812601,0.0206961
0.07216425,0.04238123,54391.24,0.010459853846153847,662.4291226884579,4252.385672623984,0.02072082
0.0722593,0.04241004,54371.35,0.010456028846153846,664.3182781149709,4264.512883209865,0.02074558
0.07235435,0.04243882,54352.82,0.010452465384615384,666.2457819872535,4276.886267123236,0.02077087
0.0724494,0.04246757,54334.31,0.010448905769230769,668.1791347629593,4289.2971973827225,0.02079616
0.07254446,0.0424963,54316.89,0.01044555576923077,670.1499974361037,4301.948918007527,0.02082195
0.07263953,0.042525,54299.49,0.010442209615384616,672.12751528389,4314.6433607415,0.02084776
0.07273461,0.04255368,54282.91,0.010439021153846154,674.1459922648045,4327.600735802739,0.02087408
0.07282969,0.04258233,54266.34,0.010435834615384615,676.1704848145274,4340.5967270988895,0.02090042
0.07292478,0.04261096,54250.33,0.01043275576923077,678.2364022229694,4353.858640392842,0.02092724
0.07301988,0.04263956,54234.32,0.010429676923076923,680.306368438986,4367.146544529787,0.02095403
0.07311499,0.04266813,54218.62,0.010426657692307693,682.4070015233367,4380.631311013301,0.02098108
0.07321011,0.04269668,54202.93,0.010423640384615384,684.5097729914937,4394.129804599608,0.02100808
0.07330523,0.0427252,54187.37,0.010420648076923077,686.6331098671885,4407.7603153955615,0.02103516
0.07340036,0.0427537,54171.81,0.010417655769230769,688.757943433804,4421.400434022465,0.02106217
0.0734955,0.04278217,54156.24,0.010414661538461538,690.8924960387301,4435.10294287022,0.0210891
0.07359064,0.04281062,54140.68,0.01041166923076923,693.0308450723285,4448.829822444354,0.021116
0.0736858,0.04283904,54124.94,0.010408642307692308,695.181911503007,4462.638339850044,0.02114284
0.07378096,0.04286743,54109.19,0.010405613461538461,697.3368174961898,4476.471504874662,0.02116964
0.07387613,0.0428958,54093.03,0.010402505769230769,699.4955615933703,4490.329308155496,0.02119621
0.0739713,0.04292415,54076.85,0.010399394230769231,701.6575022051924,4504.207631085298,0.02122272
0.07406649,0.04295247,54059.97,0.010396148076923076,703.8153859804717,4518.059911631093,0.02124887
0.07416168,0.04298076,54043.07,0.010392898076923077,705.9740197133335,4531.917006441192,0.02127492
0.07425687,0.04300903,54025.21,0.010389463461538462,708.1209655258958,4545.699072024582,0.0213005
0.07435208,0.04303728,54007.34,0.010386026923076922,710.269059468531,4559.488507893646,0.02132601
0.07444729,0.0430655,53988.34,0.010382373076923076,712.4192881922573,4573.291647738297,0.02135127
0.07454251,0.04309369,53969.31,0.010378713461538461,714.5701331158759,4587.098743205524,0.02137645
0.07463773,0.04312186,53949.01,0.010374809615384615,716.7320841644979,4600.977133133134,0.02140149
0.07473298,0.04315001,53928.69,0.010370901923076924,718.8940962186829,4614.855914678764,0.02142644
0.07482821,0.04317812,53907.03,0.010366736538461539,721.064513551623,4628.7886529206335,0.02145116
0.07492347,0.04320621,53885.34,0.010362565384615384,723.2332889036041,4642.710850659277,0.02147574
0.07501873,0.04323428,53862.23,0.010358121153846154,725.3814393134579,4656.500649012994,0.02149961
0.075114,0.04326232,53839.09,0.010353671153846153,727.5284353184386,4670.283036800697,0.02152334
0.07520927,0.04329034,53814.45,0.010348932692307692,729.6336602286642,4683.797279969177,0.02154607
0.07530455,0.04331833,53789.78,0.010344188461538461,731.7374552282397,4697.302343994782,0.02156867
0.07539984,0.0433463,53763.46,0.010339126923076923,733.7970267020912,4710.523520309625,0.02159027
0.07549513,0.04337424,53737.11,0.010334059615384616,735.8560683630949,4723.741295553341,0.02161178
0.07559043,0.04340216,53708.97,0.010328648076923077,737.8895452529828,4736.794960762197,0.02163259
0.07568574,0.04343005,53680.81,0.010323232692307692,739.9223468161218,4749.844290790589,0.02165332
0.07578106,0.04345792,53650.74,0.010317449999999999,741.9403740824616,4762.798778962125,0.02167349
0.07587639,0.04348577,53620.64,0.010311661538461539,743.9590013331749,4775.757118662625,0.02169359
0.07597172,0.04351359,53588.55,0.010305490384615385,745.9586830856581,4788.593839970342,0.02171305
0.07606706,0.04354138,53556.43,0.010299313461538461,747.957045523453,4801.422092092925,0.02173239
0.0761624,0.04356915,53522.26,0.010292742307692308,749.926397854194,4814.064117252694,0.02175095
0.07625775,0.04359689,53488.06,0.010286165384615385,751.8943440393472,4826.697115826605,0.02176939
0.07635312,0.04362461,53451.75,0.010279182692307692,753.831953240474,4839.135369707377,0.02178704
0.07644848,0.0436523,53415.41,0.010272194230769232,755.7666363071056,4851.5548396126605,0.02180455
0.07654386,0.04367997,53376.95,0.010264798076923076,757.670722351492,4863.77789554011,0.02182127
0.07663924,0.04370761,53338.46,0.010257396153846153,759.5733165416768,4875.991374685356,0.02183789
0.07673463,0.04373523,53297.88,0.010249592307692307,761.4447006409171,4888.004504330515,0.02185371
0.07683003,0.04376282,53257.26,0.01024178076923077,763.3138248492384,4900.003126872294,0.0218694
0.07692543,0.04379039,53214.59,0.010233575,765.1467522525205,4911.769388290638,0.02188425
0.07702084,0.04381794,53171.88,0.010225361538461538,766.9784043674217,4923.5274631455395,0.02189898
0.07711626,0.04384546,53127.11,0.010216751923076924,768.7692134546244,4935.0233509982945,0.02191282
0.07721169,0.04387295,53082.31,0.010208136538461539,770.5579090150574,4946.5056713150725,0.02192654
0.07730712,0.04390042,53035.49,0.010199132692307692,772.3100202905365,4957.753143126777,0.02193946
0.07740256,0.04392787,52988.64,0.010190123076923076,774.0599552442694,4968.986644297554,0.02195226
0.077498,0.04395529,52939.84,0.01018073846153846,775.775318520845,4979.998216661781,0.02196431
0.07759346,0.04398269,52890.99,0.01017134423076923,777.4891483285842,4990.999945103563,0.02197625
0.07768892,0.04401006,52840.25,0.010161586538461538,779.1735643248481,5001.812855049583,0.02198752
0.07778439,0.04403741,52789.47,0.010151821153846155,780.8574107642783,5012.622108792642,0.0219987
0.07787986,0.04406473,52736.81,0.01014169423076923,782.5088476823099,5023.223313433192,0.02200918
0.07797534,0.04409203,52684.11,0.010131559615384615,784.1588592170963,5033.815367994008,0.02201956
0.07807083,0.0441193,52629.6,0.010121076923076924,785.7795219706042,5044.219021512746,0.02202932
0.07816632,0.04414655,52575.05,0.010110586538461539,787.3982681913038,5054.610372075023,0.02203897
0.07826183,0.04417378,52518.79,0.010099767307692308,788.9929947261054,5064.847531094876,0.02204809
0.07835734,0.04420098,52462.49,0.010088940384615384,790.5875594070015,5075.083651112661,0.02205712
0.07845286,0.04422815,52404.58,0.010077803846153846,792.1613362813686,5085.186326256689,0.02206569
0.07854838,0.04425531,52346.63,0.010066659615384615,793.734737255071,5095.286588350709,0.02207417
0.07864391,0.04428243,52287.15,0.010055221153846154,795.2857657521057,5105.243232967802,0.02208217
0.07873945,0.04430954,52227.65,0.010043778846153846,796.8358617148249,5115.193891290775,0.02209008
0.07883499,0.04433661,52166.74,0.010032065384615384,798.3628579431338,5124.996263591465,0.02209753
0.07893054,0.04436367,52105.8,0.010020346153846154,799.8884940994914,5134.789905070575,0.02210489
0.0790261,0.0443907,52043.6,0.010008384615384615,801.3954828270716,5144.46384157862,0.02211187
0.07912165,0.0444177,51981.38,0.00999641923076923,802.9029953920386,5154.1411407990245,0.02211879
0.07921722,0.04444468,51918.01,0.009984232692307693,804.3956050144724,5163.722772336446,0.02212541
0.07931281,0.04447164,51854.61,0.009972040384615384,805.8894234518108,5173.312163718664,0.02213197
0.07940838,0.04449857,51790.19,0.009959651923076924,807.370199871197,5182.8178334039,0.02213829
0.07950399,0.04452548,51725.75,0.009947259615384615,808.8518432906302,5192.329068693745,0.02214455
0.07959959,0.04455237,51660.42,0.009934696153846154,810.3218131907636,5201.765367202402,0.0221506
0.0796952,0.04457923,51595.07,0.009922128846153845,811.7926081717092,5211.20696222008,0.02215659
0.07979081,0.04460607,51528.97,0.009909417307692308,813.2544716661508,5220.5912226129,0.02216244
0.07988643,0.04463288,51462.85,0.009896701923076923,814.7183186241778,5229.988215616415,0.02216824
0.07998205,0.04465967,51396.1,0.009883865384615385,816.180231408133,5239.372792417457,0.02217403
0.08007769,0.04468643,51329.33,0.009871025,817.6453466683395,5248.777927137319,0.02217978
0.08017332,0.04471317,51262.02,0.00985808076923077,819.1134905052604,5258.202503448421,0.0221856
0.08026897,0.04473988,51194.7,0.009845134615384615,820.585088796125,5267.649255219439,0.02219138
0.08036463,0.04476658,51126.92,0.0098321,822.0595061002907,5277.114103314066,0.02219724
0.08046029,0.04479324,51059.13,0.009819063461538461,823.5380271650461,5286.605295016087,0.02220308
0.08055595,0.04481989,50990.95,0.009805951923076922,825.0284826992,5296.173098637699,0.02220913
0.08065163,0.0448465,50922.77,0.009792840384615384,826.5231931020256,5305.768215887227,0.02221516
0.0807473,0.0448731,50854.29,0.009779671153846155,828.0361757676676,5315.480629774153,0.0222215
0.08084299,0.04489967,50785.8,0.009766500000000001,829.5537987627105,5325.222831708715,0.02222783
0.08093868,0.04492621,50717.14,0.009753296153846154,831.0947982933473,5335.11509655813,0.02223453
0.08103438,0.04495274,50648.47,0.009740090384615385,832.6404031870775,5345.03692499309,0.02224121
0.08113009,0.04497923,50579.77,0.009726878846153846,834.2023201928288,5355.063467108462,0.02224818
0.08122581,0.04500571,50511.06,0.009713665384615384,835.769333048031,5365.1227214287355,0.02225513
0.08132152,0.04503216,50442.47,0.009700475,837.3476295917894,5375.25441005769,0.02226232
0.08141722,0.04505858,50373.89,0.009687286538461539,838.9307147236304,5385.416838463409,0.0222695
0.08151292,0.04508497,50305.52,0.00967413846153846,840.5330159478818,5395.702622309357,0.02227707
0.08160865,0.04511135,50237.16,0.009660992307692308,842.1414326496792,5406.02766374258,0.02228463
0.08170442,0.04513771,50169.11,0.00964790576923077,843.7738505770621,5416.506778214428,0.02229264
0.08180021,0.04516405,50101.05,0.009634817307692308,845.4125763012831,5427.0263848445775,0.02230065
0.08189594,0.04519035,50033.51,0.009621828846153847,847.0757540494203,5437.702958360099,0.02230915
0.08199168,0.04521663,49965.97,0.009608840384615385,848.747563718498,5448.434943474654,0.02231768
0.08208745,0.04524289,49898.93,0.009595948076923077,850.4416809185424,5459.310129154862,0.02232665
0.08218325,0.04526913,49831.9,0.009583057692307693,852.1440181209621,5470.238082171428,0.02233565
0.08227908,0.04529536,49765.4,0.009570269230769231,853.8801518368671,5481.38298792272,0.02234527
0.08237487,0.04532155,49698.91,0.009557482692307693,855.6246844769468,5492.58180957777,0.02235493
0.08247067,0.04534771,49632.99,0.00954480576923077,857.4125384089401,5504.058727159983,0.02236533
0.08256648,0.04537385,49567.07,0.009532128846153846,859.209136659498,5515.591777864529,0.02237576
0.08266229,0.04539997,49501.75,0.009519567307692307,861.0602193957269,5527.474585302757,0.02238707
0.08275811,0.04542607,49436.43,0.00950700576923077,862.91974581685,5539.411595980907,0.0223984
0.08285393,0.04545214,49371.84,0.009494584615384615,864.8271037951192,5551.655655702254,0.02241051
0.08294976,0.04547818,49307.25,0.009482163461538462,866.7431080273424,5563.955219031725,0.02242262
0.0830456,0.04550421,49243.51,0.00946990576923077,868.6990442596897,5576.5111211292115,0.02243542
0.08314144,0.04553021,49179.78,0.00945765,870.6644183825614,5589.127608652475,0.02244824
0.08323729,0.04555618,49117.0,0.009445576923076923,872.6638093931507,5601.962463576874,0.02246167
0.08333315,0.04558214,49054.24,0.009433507692307693,874.6751952014397,5614.87431769128,0.02247518
0.08342901,0.04560807,48992.48,0.00942163076923077,876.8014843770226,5628.523780428377,0.02249036
0.08352488,0.04563397,48930.74,0.009409757692307692,878.9058454549754,5642.032478327402,0.02250517
0.08362076,0.04565986,48870.06,0.00939808846153846,881.0216430219496,5655.61459141968,0.02252033
0.08371663,0.04568571,48809.39,0.009386421153846154,883.1468010483593,5669.256792877989,0.02253553
0.08381252,0.04571155,48749.85,0.009374971153846154,885.3266380640132,5683.249999662742,0.02255162
0.08390842,0.04573736,48690.32,0.009363523076923078,887.5181272067124,5697.318005903627,0.02256777
0.08400432,0.04576315,48631.97,0.009352301923076923,889.7557558067269,5711.682198952293,0.02258471
0.08410022,0.04578892,48573.64,0.009341084615384616,892.005234664984,5726.1224633369575,0.02260171
0.08419613,0.04581466,48516.49,0.00933009423076923,894.3108865583935,5740.923323899671,0.02261964
0.08429205,0.04584038,48459.36,0.009319107692307692,896.6283092790169,5755.799745900259,0.02263763
0.08438798,0.04586608,48403.4,0.009308346153846155,899.0120723470001,5771.10203194119,0.02265666
0.08448391,0.04589175,48347.46,0.009297588461538461,901.4079197803061,5786.481892140928,0.02267576
0.08457985,0.0459174,48292.71,0.009287059615384615,903.8733404066882,5802.30836925303,0.02269591
0.0846758,0.04594302,48237.97,0.009276532692307693,906.3512787476521,5818.2152023584285,0.02271612
0.08477175,0.04596863,48184.46,0.009266242307692308,908.8961811336065,5834.551903257596,0.02273735
0.0848677,0.0459942,48130.96,0.009255953846153846,911.4539013193179,5850.97088651147,0.02275863
0.08496367,0.04601976,48078.69,0.009245901923076923,914.0794187021348,5867.8250858809115,0.02278094
0.08505963,0.04604529,48026.44,0.009235853846153847,916.7169115473835,5884.756160319887,0.02280329
0.08515561,0.0460708,47975.42,0.009226042307692308,919.4287857737401,5902.1647172675575,0.02282674
0.08525159,0.04609628,47924.43,0.009216236538461538,922.1522959403652,5919.6479697622535,0.02285024
0.08534758,0.04612175,47874.75,0.009206682692307693,924.9552123496546,5937.640961272125,0.02287488
0.08544357,0.04614719,47825.09,0.009197132692307692,927.7677470345365,5955.695696168456,0.02289952
0.08553957,0.0461726,47776.92,0.00918786923076923,930.6446843244329,5974.163855996549,0.02292513
0.08563558,0.04619799,47728.77,0.009178609615384616,933.5326025579359,5992.7025066978,0.02295075
0.08573159,0.04622336,47682.25,0.009169663461538462,936.4719278106082,6011.5711586992675,0.02297721
0.08582761,0.04624871,47635.76,0.009160723076923078,939.4247424004681,6030.526403910822,0.02300371
0.08592363,0.04627404,47590.91,0.009152098076923078,942.4290662394235,6049.812306675555,0.02303109
0.08601966,0.04629934,47546.08,0.009143476923076923,945.4504327118067,6069.207612616763,0.02305857
0.0861157,0.04632462,47502.71,0.009135136538461538,948.5516811547402,6089.115711452237,0.02308727
0.08621174,0.04634988,47459.36,0.009126800000000001,951.6696364946048,6109.131058243319,0.02311606
0.08630778,0.04637511,47417.28,0.009118707692307692,954.8909800162706,6129.810093281116,0.0231463
0.08640384,0.04640032,47375.23,0.009110621153846154,958.126408941064,6150.579547904045,0.02317659
0.0864999,0.0464255,47334.41,0.009102771153846154,961.4747241145993,6172.073662494879,0.02320837
0.08659597,0.04645066,47293.61,0.009094925,964.8331654717626,6193.632780927939,0.02324013
0.08669204,0.0464758,47254.23,0.009087351923076924,968.2774107785534,6215.742707701928,0.02327303
0.08678812,0.04650092,47214.88,0.009079784615384615,971.7316280708613,6237.916648461547,0.0233059
0.0868842,0.04652601,47177.16,0.00907253076923077,975.2512057026131,6260.510162216207,0.02333968
0.08698029,0.04655108,47139.46,0.00906528076923077,978.7828550307764,6283.181168803091,0.02337347
0.08707639,0.04657613,47103.52,0.00905836923076923,982.3681847267876,6306.196770184073,0.0234081
0.08717249,0.04660116,47067.61,0.009051463461538461,985.9689829707411,6329.311670085294,0.02344278
0.0872686,0.04662616,47033.38,0.00904488076923077,989.647858027901,6352.927774885985,0.02347861
0.08736471,0.04665114,46999.17,0.009038301923076923,993.3429991751534,6376.648297934743,0.02351452
0.08746084,0.0466761,46966.53,0.009032024999999999,997.1326577800173,6400.9755646618705,0.02355173
0.08755696,0.04670104,46933.91,0.009025751923076924,1000.936888600673,6425.396376010648,0.02358899
0.08765309,0.04672595,46902.78,0.009019765384615384,1004.8484696327558,6450.50630938832,0.02362766
0.08774923,0.04675084,46871.67,0.009013782692307692,1008.773483492963,6475.702473222809,0.02366634
0.08784538,0.0467757,46842.07,0.009008090384615385,1012.7894903023026,6501.482755568922,0.02370622
0.08794152,0.04680055,46812.5,0.009002403846153846,1016.8200523674255,6527.356473663908,0.02374612
0.08803768,0.04682537,46784.44,0.008997007692307693,1020.9438750693306,6553.828867424093,0.02378723
0.08813384,0.04685017,46756.4,0.008991615384615384,1025.0834994496042,6580.402698196022,0.02382838
0.08823001,0.04687494,46729.82,0.008986503846153846,1029.3187533092428,6607.590411138894,0.02387075
0.08832618,0.04689969,46703.27,0.008981398076923077,1033.5685529724078,6634.871499152992,0.02391315
0.08842236,0.04692442,46678.12,0.008976561538461538,1037.9335624192963,6662.892162793933,0.02395697
0.08851854,0.04694913,46652.99,0.008971728846153845,1042.3101135409383,6690.986916855538,0.02400076
0.08861474,0.04697381,46629.34,0.00896718076923077,1046.7873735466005,6719.728159727561,0.02404579
0.08871093,0.04699848,46605.72,0.008962638461538462,1051.274396558357,6748.532075066442,0.02409076
0.08880713,0.04702312,46583.76,0.008958415384615386,1055.8463356832467,6777.8810993845245,0.0241368
0.08890334,0.04704773,46561.82,0.008954196153846154,1060.4307614338002,6807.3102801242585,0.02418282
0.08899955,0.04707233,46541.68,0.008950323076923077,1065.0755671587149,6837.127062992421,0.02422967
0.08909577,0.0470969,46521.56,0.008946453846153845,1069.7370269962935,6867.05075497381,0.02427656
0.089192,0.04712145,46503.16,0.008942915384615386,1074.4824343236535,6897.513337970967,0.02432459
0.08928822,0.04714598,46484.78,0.00893938076923077,1079.2472943483162,6928.100795265571,0.0243727
0.08938445,0.04717049,46467.87,0.008936128846153846,1084.1249343720224,6959.412230470662,0.02442222
0.08948069,0.04719497,46450.98,0.00893288076923077,1089.0198816258332,6990.8347673994085,0.02447178
0.08957695,0.04721943,46435.33,0.008929871153846154,1094.0573978167745,7023.1725088154735,0.024523
0.08967319,0.04724386,46419.7,0.008926865384615384,1099.1080892598172,7055.594827209437,0.02457419
0.08976946,0.04726828,46405.31,0.008924098076923076,1104.2814085156656,7088.804340393575,0.02462675
0.08986573,0.04729267,46390.93,0.008921332692307693,1109.4655969408834,7122.083626929333,0.02467923
0.089962,0.04731704,46377.93,0.008918832692307692,1114.7531422165623,7156.02640058396,0.02473287
0.09005828,0.04734139,46364.94,0.008916334615384616,1120.0529136155421,7190.047658396025,0.02478645
0.09015456,0.04736571,46353.44,0.008914123076923077,1125.4355176501454,7224.600650548998,0.024841
0.09025085,0.04739001,46341.96,0.008911915384615384,1130.8324152685057,7259.245398678115,0.02489552
0.09034714,0.0474143,46331.94,0.008909988461538463,1136.3339079428615,7294.561582440583,0.02495127
0.09044344,0.04743855,46321.94,0.008908065384615384,1141.8504532199493,7329.974394612041,0.025007
0.09053975,0.04746279,46313.34,0.008906411538461537,1147.475261661858,7366.082189409094,0.02506397
0.09063606,0.04748701,46304.75,0.008904759615384615,1153.114635740841,7402.283486596497,0.02512091
0.09073237,0.0475112,46297.51,0.008903367307692308,1158.8667328887,7439.2083962378865,0.02517912
0.09082869,0.04753537,46290.28,0.008901976923076923,1164.6329431466158,7476.223903325776,0.02523729
0.09092502,0.04755951,46284.35,0.008900836538461538,1170.5136182170043,7513.974203785372,0.02529672
0.09102135,0.04758364,46278.43,0.008899698076923077,1176.4070104388309,7551.806140499658,0.02535609
0.09111769,0.04760774,46273.81,0.008898809615384615,1182.4127888840283,7590.359527327915,0.02541668
0.09121403,0.04763182,46269.21,0.008897925,1188.4306064918746,7628.990198141742,0.02547719
0.09131038,0.04765588,46265.92,0.008897292307692307,1194.5599800989246,7668.336989543359,0.02553891
0.09140673,0.04767992,46262.64,0.008896661538461538,1200.701318397315,7707.760586870758,0.02560055
0.09150309,0.04770393,46260.73,0.008896294230769231,1206.9451084343311,7747.841861058288,0.0256633
0.09159946,0.04772793,46258.83,0.008895928846153846,1213.2009779342898,7788.000677934369,0.02572597
0.09169583,0.0477519,46258.29,0.008895825,1219.561117003425,7828.828841019533,0.02578979
0.09179219,0.04777585,46257.77,0.008895725,1225.9349265441788,7869.744760085916,0.02585354
0.09188857,0.04779977,46258.56,0.008895876923076923,1232.426118824636,7911.414203813929,0.02591855
0.09198497,0.04782368,46259.36,0.008896030769230769,1238.930229621296,7953.166576434,0.02598349
0.09208135,0.04784756,46261.4,0.008896423076923078,1245.560527019032,7995.728989066074,0.02604975
0.09217776,0.04787142,46263.45,0.008896817307692307,1252.2023046993647,8038.365098019098,0.02611591
0.09227416,0.04789526,46266.74,0.00889745,1258.9603332029346,8081.747465429415,0.02618326
0.09237057,0.04791908,46270.05,0.008898086538461539,1265.7301869694538,8125.205743721393,0.02625052
0.09246699,0.04794287,46274.58,0.008898957692307693,1272.619618351437,8169.431636421237,0.026319
0.0925634,0.04796664,46279.14,0.008899834615384615,1279.5226519403204,8213.744846884985,0.02638739
0.09265984,0.0479904,46284.84,0.008900930769230769,1286.550974640592,8258.86233603147,0.02645705
0.09275627,0.04801412,46290.57,0.008902032692307693,1293.5926801320281,8304.06573442841,0.02652662
0.0928527,0.04803783,46297.3,0.008903326923076924,1300.7874071212998,8350.25143629407,0.02659769
0.09294915,0.04806151,46304.05,0.008904625000000001,1307.9927837256341,8396.505502108355,0.02666863
0.0930456,0.04808518,46311.78,0.008906111538461539,1315.3415757756677,8443.680206471938,0.02674091
0.09314205,0.04810882,46319.52,0.0089076,1322.6968244874122,8490.896358614329,0.02681301
0.0932385,0.04813244,46328.38,0.008909303846153845,1330.176104402836,8538.90871444919,0.02688625
0.09333497,0.04815603,46337.25,0.008911009615384616,1337.661196411886,8586.958380334012,0.02695931
0.09343144,0.04817961,46347.46,0.008912973076923077,1345.234435550905,8635.573896329774,0.02703321
0.09352791,0.04820317,46357.68,0.008914938461538461,1352.816085552187,8684.243404864445,0.02710696
0.09362439,0.0482267,46369.33,0.008917178846153846,1360.4976228176404,8733.554127917761,0.02718174
0.09372087,0.04825021,46380.99,0.008919421153846153,1368.1934012417648,8782.956270410561,0.02725643
0.09381736,0.0482737,46393.92,0.008921907692307692,1376.0186974310773,8833.189836930735,0.02733243
0.09391385,0.04829717,46406.86,0.008924396153846154,1383.860433606523,8883.528938004112,0.02740835
0.09401036,0.04832062,46420.74,0.008927065384615384,1391.879972726014,8935.009424119167,0.02748596
0.09410686,0.04834404,46434.63,0.008929736538461538,1399.9137294082939,8986.581178202721,0.02756345
0.09420337,0.04836744,46449.25,0.008932548076923078,1408.130727584533,9039.329229458084,0.02764254
0.09429988,0.04839082,46463.88,0.008935361538461539,1416.353761496344,9092.116026406522,0.02772141
0.09439641,0.04841417,46479.27,0.008938321153846154,1424.734719499979,9145.91659844792,0.02780159
0.09449294,0.04843751,46494.67,0.008941282692307692,1433.1177046180098,9199.730183311247,0.0278815
0.09458947,0.04846083,46511.06,0.008944434615384614,1441.617318307496,9254.292451542029,0.02796236
0.094686,0.04848412,46527.46,0.008947588461538461,1450.118726236741,9308.866237683456,0.02804296
0.09478254,0.04850739,46545.03,0.008950967307692308,1458.7244604027496,9364.109733804862,0.02812447
0.09487909,0.04853064,46562.61,0.008954348076923076,1467.3390504145925,9419.410078984763,0.02820581
0.09497565,0.04855388,46581.33,0.008957948076923078,1476.0842746484886,9475.549015155288,0.02828834
0.0950722,0.04857708,46600.07,0.008961551923076924,1484.8378330217113,9531.741451350874,0.02837068
0.09516876,0.04860027,46619.77,0.008965340384615383,1493.744856229901,9588.919036965643,0.02845436
0.09526533,0.04862344,46639.48,0.00896913076923077,1502.662239601079,9646.163128425562,0.02853788
0.0953619,0.04864658,46659.99,0.008973074999999999,1511.7438873640692,9704.46169578689,0.02862276
0.09545848,0.0486697,46680.51,0.008977021153846155,1520.830242356613,9762.790480653493,0.02870739
0.09555506,0.0486928,46701.79,0.00898111346153846,1530.0607419144135,9822.044584566453,0.02879316
0.09565164,0.04871588,46723.09,0.008985209615384614,1539.2963007928672,9881.331166192005,0.02887869
0.09574823,0.04873894,46745.13,0.008989448076923076,1548.6769530703539,9941.5491577905,0.02896536
0.09584484,0.04876197,46767.18,0.008993688461538462,1558.0643339101002,10001.810342601326,0.02905179
0.09594143,0.04878499,46789.89,0.008998055769230769,1567.5989807058722,10063.01688385863,0.02913934
0.09603805,0.04880798,46812.61,0.009002425,1577.1418448244526,10124.276175251127,0.02922669
0.09613467,0.04883095,46835.83,0.009006890384615385,1586.8525830828246,10186.613114896703,0.02931528
0.09623129,0.0488539,46859.05,0.00901135576923077,1596.567238248397,10248.975198666367,0.02940361
0.09632791,0.04887683,46882.69,0.009015901923076924,1606.4356288522147,10312.324168961062,0.02949301
0.09642455,0.04889974,46906.34,0.00902045,1616.3053680528214,10375.681796413885,0.02958211
0.09652118,0.04892262,46930.43,0.009025082692307692,1626.3042868240864,10439.86867689416,0.02967205
0.09661782,0.04894549,46954.53,0.009029717307692307,1636.303933968523,10504.06023308016,0.02976169
0.09671446,0.04896834,46979.08,0.009034438461538463,1646.4256625916091,10569.035476928611,0.02985212
0.09681111,0.04899116,47003.64,0.009039161538461538,1656.5493880588474,10634.023539282733,0.02994227
0.09690777,0.04901396,47028.58,0.009043957692307692,1666.8015468687531,10699.836064341676,0.03003323
0.09700442,0.04903674,47053.54,0.009048757692307693,1677.0542284405608,10765.651945209032,0.03012392
0.09710109,0.0490595,47078.76,0.009053607692307692,1687.440108771591,10832.32287981109,0.03021544
0.09719776,0.04908224,47103.99,0.009058459615384614,1697.8281749464109,10899.00784617971,0.03030667
0.09729443,0.04910496,47129.38,0.009063342307692308,1708.3435567858537,10966.510100450687,0.03039863
0.09739111,0.04912765,47154.78,0.009068226923076923,1718.8581297117348,11034.007161996402,0.03049027
0.09748779,0.04915033,47180.28,0.00907313076923077,1729.4837144307653,11102.216850663288,0.03058249
0.09758448,0.04917298,47205.77,0.009078032692307692,1740.1097950027163,11170.429722399549,0.03067439
0.09768118,0.04919561,47231.3,0.009082942307692307,1750.8436466931937,11239.334418128217,0.03076683
0.09777788,0.04921823,47256.83,0.009087851923076923,1761.5795844447077,11308.252505079827,0.03085897
0.09787458,0.04924082,47282.25,0.009092740384615385,1772.4232968489855,11377.862438711461,0.0309516
0.09797129,0.04926339,47307.68,0.00909763076923077,1783.2691340047566,11447.486011934863,0.03104392
0.098068,0.04928593,47332.87,0.009102475,1794.2214426239532,11517.793066167942,0.03113669
0.09816472,0.04930846,47358.06,0.009107319230769231,1805.1744685891954,11588.104725319406,0.03122913
0.09826144,0.04933097,47382.9,0.009112096153846155,1816.2212653016782,11659.01833473003,0.03132185
0.09835817,0.04935345,47407.74,0.009116873076923077,1827.2656407015675,11729.91640080986,0.03141423
0.09845491,0.04937592,47432.18,0.009121573076923076,1838.3861076736614,11801.30292776855,0.03150674
0.09855164,0.04939836,47456.61,0.009126271153846155,1849.5025685178355,11872.66373786126,0.03159888
0.09864838,0.04942078,47480.63,0.009130890384615384,1860.673952233947,11944.377118856615,0.03169095
0.09874513,0.04944318,47504.65,0.009135509615384617,1871.8393580689105,12016.052125548556,0.03178267
0.09884188,0.04946556,47528.23,0.009140044230769232,1883.0529875840111,12088.036698471014,0.03187427
0.09893864,0.04948792,47551.8,0.009144576923076924,1894.2637136835774,12160.002633259675,0.03196553
0.0990354,0.04951026,47574.82,0.009149003846153846,1905.5195973807981,12232.258451923755,0.03205665
0.09913217,0.04953258,47597.83,0.009153428846153847,1916.7741350508998,12304.505629925401,0.03214744
0.09922894,0.04955488,47620.12,0.009157715384615385,1928.0819504833476,12377.094818242582,0.03223811
0.09932572,0.04957715,47642.4,0.009162,1939.3888781536411,12449.678307675254,0.03232844
0.0994225,0.04959941,47663.78,0.009166111538461539,1950.7385275808624,12522.536044390914,0.03241849
0.09951928,0.04962164,47685.15,0.009170221153846154,1962.082841393118,12595.35952975521,0.03250818
0.09961606,0.04964385,47705.55,0.00917414423076923,1973.445812707932,12668.30278475802,0.03259738
0.09971287,0.04966604,47725.93,0.009178063461538462,1984.8034143769971,12741.211569952866,0.03268619
0.09980966,0.04968821,47745.32,0.009181792307692307,1996.1459092710306,12814.02337898603,0.03277425
0.09990647,0.04971036,47764.7,0.00918551923076923,2007.482373995128,12886.796478054066,0.03286194
0.1000033,0.0497325,47783.06,0.009189049999999999,2018.803352816574,12959.470167195353,0.03294888
0.1001001,0.0497546,47801.41,0.009192578846153847,2030.1185814395908,13032.1069436156,0.03303547
0.1001969,0.0497767,47818.64,0.009195892307692308,2041.4104562311632,13104.593802867603,0.03312121
0.1002937,0.04979876,47835.85,0.009199201923076923,2052.695065085734,13177.034019293458,0.0332066
0.1003906,0.04982081,47851.87,0.009202282692307693,2063.9436285313423,13249.242846465153,0.03329104
0.1004874,0.04984284,47867.87,0.009205359615384616,2075.185153368814,13321.406490121552,0.03337511
0.1005842,0.04986485,47882.68,0.009208207692307692,2086.350978803324,13393.08419038332,0.03345792
0.1006811,0.04988683,47897.47,0.009211051923076924,2097.5060823068093,13464.693062472672,0.03354036
0.1007779,0.0499088,47911.12,0.009213676923076924,2108.567064689676,13535.697735122261,0.03362143
0.1008748,0.04993075,47924.74,0.009216296153846153,2119.6217626427447,13606.662065615508,0.03370218
0.1009716,0.04995267,47937.17,0.009218686538461538,2130.5824829299836,13677.023117560102,0.03378158
0.1010685,0.04997457,47949.58,0.009221073076923077,2141.5400941024814,13747.364210909083,0.03386069
0.1011654,0.04999646,47960.62,0.009223196153846154,2152.421448854429,13817.215785154685,0.03393854
0.1012622,0.05001832,47971.64,0.009225315384615384,2163.298907302472,13887.042347536626,0.0340161
0.1013591,0.05004016,47981.08,0.00922713076923077,2174.0929502652784,13956.33343404327,0.03409227
0.101456,0.05006198,47990.5,0.009228942307692308,2184.878780133706,14025.571797558629,0.03416811
0.1015528,0.05008377,47998.24,0.009230430769230769,2195.5477763610684,14094.060161286337,0.03424229
0.1016497,0.05010554,48005.96,0.009231915384615385,2206.208480553854,14162.495295275461,0.03431613
0.1017466,0.0501273,48012.02,0.009233080769230769,2216.7267773268272,14230.016261618655,0.03438814
0.1018435,0.05014905,48018.06,0.009234242307692308,2227.2349258623135,14297.472082547474,0.0344598
0.1019405,0.05017078,48022.48,0.009235092307692308,2237.558308910457,14363.741823208591,0.03452933
0.1020373,0.05019247,48026.87,0.00923593653846154,2247.867686601285,14429.921658129231,0.03459852
0.1021342,0.05021414,48029.99,0.009236536538461538,2257.9842681099763,14494.863860683514,0.03466588
0.1022311,0.0502358,48033.1,0.009237134615384616,2268.0852233755554,14559.705752412006,0.03473287
0.1023281,0.05025744,48035.18,0.009237534615384615,2278.055565258684,14623.709186927248,0.03479875
0.102425,0.05027906,48037.25,0.009237932692307693,2288.045604773093,14687.839068064735,0.03486457
0.102522,0.05030066,48036.36,0.009237761538461538,2297.7395481541544,14750.068194975025,0.03492637
0.1026189,0.05032224,48035.43,0.009237582692307693,2307.4074366643854,14812.130065713109,0.03498773
0.1027159,0.05034379,48033.14,0.009237142307692308,2316.8916294107808,14873.012723147454,0.03504714
0.1028128,0.05036533,48030.83,0.009236698076923077,2326.3705849009925,14933.861760633046,0.03510627
0.1029098,0.05038684,48026.8,0.009235923076923077,2335.6450255818804,14993.397939406326,0.03516333
0.1030067,0.05040834,48022.74,0.009235142307692307,2344.914397932333,15052.901582629784,0.03522012
0.1031037,0.05042981,48016.85,0.009234009615384614,2353.92626902421,15110.752226875471,0.03527437
0.1032006,0.05045127,48010.93,0.009232871153846155,2362.927600824325,15168.535215379956,0.03532834
0.1032976,0.0504727,48003.18,0.009231380769230768,2371.676021830458,15224.694672853053,0.0353798
0.1033946,0.05049411,47995.41,0.009229886538461539,2380.41763854362,15280.81045096944,0.03543101
0.1034915,0.05051551,47985.75,0.009228028846153846,2388.897252919998,15335.244335967045,0.03547964
0.1035885,0.05053688,47976.07,0.009226167307692308,2397.3685283417076,15389.624690028064,0.03552801
0.1036855,0.05055823,47964.48,0.009223938461538463,2405.553923279107,15442.16986801677,0.03557362
0.1037825,0.05057957,47952.85,0.009221701923076923,2413.7296501496544,15494.652982989892,0.03561898
0.1038795,0.05060088,47939.41,0.009219117307692308,2421.571739008672,15544.994348073886,0.03566127
0.1039765,0.05062217,47925.93,0.009216525,2429.40330109599,15595.268137787747,0.0357033
0.1040735,0.05064345,47910.77,0.009213609615384614,2436.886030741616,15643.302638759022,0.03574226
0.1041705,0.0506647,47895.58,0.009210688461538462,2444.356446236566,15691.258090491498,0.03578099
0.1042675,0.05068593,47878.78,0.009207457692307693,2451.51145669098,15737.188836743024,0.03581692
0.1043645,0.05070715,47861.96,0.009204223076923077,2458.662133406136,15783.0917630662,0.03585267
0.1044615,0.05072834,47843.37,0.009200648076923078,2465.5077468689014,15827.036371798442,0.03588568
0.1045585,0.05074951,47824.75,0.009197067307692307,2472.34545056728,15870.930204730525,0.03591848
0.1046556,0.05077066,47804.29,0.009193132692307692,2478.83385072041,15912.581724726266,0.03594819
0.1047526,0.05079179,47783.8,0.009189192307692308,2485.312229373793,15954.168912885618,0.03597769
0.1048496,0.0508129,47761.52,0.009184907692307691,2491.426839837856,15993.42093403096,0.03600405
0.1049467,0.050834,47739.21,0.009180617307692308,2497.5330070112445,16032.61875446703,0.03603021
0.1050438,0.05085507,47715.16,0.009175992307692308,2503.2673797538273,16069.429884377925,0.03605319
0.1051408,0.05087612,47691.07,0.009171359615384615,2508.991396807582,16106.174537165012,0.036076
0.1052379,0.05089715,47665.18,0.00916638076923077,2514.3753063743875,16140.735910028074,0.03609585
0.1053349,0.05091816,47639.26,0.009161396153846155,2519.7514483543746,16175.24741978312,0.03611555
0.105432,0.05093915,47611.41,0.009156040384615385,2524.7789408622934,16207.520815347512,0.03613218
0.105529,0.05096012,47583.53,0.009150678846153846,2529.7957498762053,16239.72562948139,0.03614863
0.1056261,0.05098107,47553.75,0.009144951923076922,2534.4289902800733,16269.468170134296,0.0361618
0.1057232,0.051002,47523.94,0.00913921923076923,2539.0483104593445,16299.121351546182,0.03617477
0.1058203,0.05102292,47492.37,0.009133148076923078,2543.2482910714753,16326.082632034331,0.03618427
0.1059174,0.05104381,47460.78,0.009127073076923077,2547.4349106097307,16352.95814268361,0.03619361
0.1060145,0.05106468,47427.56,0.009120684615384615,2551.216363926146,16377.2327365287,0.03619966
0.1061115,0.05108553,47394.32,0.009114292307692307,2554.9862684751624,16401.433194422723,0.03620555
0.1062086,0.05110637,47359.5,0.009107596153846154,2558.354410689844,16423.054586367183,0.03620821
0.1063057,0.05112718,47324.64,0.009100892307692308,2561.712587665702,16444.612007635616,0.03621072
0.1064028,0.05114797,47288.22,0.009093888461538462,2564.6754524220887,16463.63176870658,0.03621006
0.1065,0.05116875,47251.77,0.009086878846153846,2567.627115799076,16482.57962384279,0.03620925
0.1065971,0.0511895,47213.76,0.009079569230769231,2570.1853570534563,16499.001952035567,0.0362053
0.1066942,0.05121024,47175.72,0.009072253846153846,2572.73092726151,16515.342939939983,0.03620119
0.1067913,0.05123095,47136.15,0.00906464423076923,2574.8767553952275,16529.11783071577,0.03619396
0.1068884,0.05125164,47096.55,0.009057028846153847,2577.0084517037544,16542.802003905465,0.03618658
0.1069856,0.05127232,47055.43,0.009049121153846153,2578.74199477706,16553.930279331948,0.0361761
0.1070827,0.05129298,47014.28,0.009041207692307693,2580.4598786614206,16564.958032440747,0.03616546
0.1071798,0.05131361,46971.7,0.00903301923076923,2581.7656747422507,16573.340436467544,0.03615163
0.107277,0.05133423,46929.09,0.009024824999999998,2583.053966651055,16581.610474525234,0.03613762
0.1073741,0.05135482,46885.18,0.009016380769230769,2583.9215375270687,16587.179743503286,0.03612041
0.1074713,0.0513754,46841.24,0.009007930769230768,2584.774366774667,16592.65438033532,0.03610306
0.1075684,0.05139596,46796.09,0.008999248076923077,2585.227160612522,16595.56103700665,0.03608269
0.1076656,0.0514165,46750.9,0.008990557692307692,2585.665363783945,16598.374030614625,0.03606219
0.1077628,0.05143701,46704.48,0.00898163076923077,2585.7340035517454,16598.814655513455,0.03603886
0.1078599,0.05145751,46658.02,0.008972696153846153,2585.7902474739662,16599.175706742684,0.03601541
0.1079571,0.05147799,46610.29,0.008963517307692308,2585.465030999582,16597.088017918617,0.03598904
0.1080543,0.05149845,46562.54,0.008954334615384616,2585.12562239561,16594.90922439149,0.03596253
0.1081515,0.05151889,46513.57,0.008944917307692308,2584.4013070089377,16590.259567141748,0.03593311
0.1082486,0.05153931,46464.56,0.008935492307692307,2583.6628039254015,16585.518833644295,0.03590354
0.1083458,0.05155971,46414.39,0.00892584423076923,2582.5442041806477,16578.33811443212,0.03587113
0.108443,0.05158009,46364.19,0.008916190384615386,2581.409849439963,16571.056257880613,0.03583857
0.1085402,0.05160045,46312.82,0.008906311538461538,2579.914227311673,16561.45528791693,0.03580329
0.1086374,0.0516208,46261.43,0.008896428846153846,2578.4061625672375,16551.774444045514,0.0357679
0.1087346,0.05164112,46208.83,0.008886313461538462,2576.5502938689706,16539.860913688102,0.03572985
0.1088319,0.05166142,46156.2,0.008876192307692307,2574.679198190043,16527.849635523144,0.03569167
0.1089291,0.0516817,46102.37,0.008865840384615385,2572.4524055770603,16513.555002815992,0.03565077
0.1090263,0.05170197,46048.52,0.008855484615384615,2570.2057207814837,16499.132674587367,0.03560972
0.1091235,0.05172221,45993.55,0.008844913461538461,2567.5950343669797,16482.373680870885,0.03556592
0.1092207,0.05174244,45938.55,0.00883433653846154,2564.9623053066875,16465.473186987932,0.03552196
0.109318,0.05176264,45882.5,0.008823557692307693,2561.9908321830317,16446.398165517952,0.03547546
0.1094152,0.05178283,45826.42,0.008812773076923077,2559.000807068768,16427.20405173099,0.03542881
0.1095124,0.05180299,45769.3,0.008801788461538462,2555.683543953638,16405.909272168985,0.03537971
0.1096096,0.05182313,45712.15,0.008790798076923078,2552.346167841601,16384.485379594054,0.03533045
0.1097068,0.05184325,45653.95,0.008779605769230769,2548.6832589542532,16360.971767738538,0.03527874
0.1098041,0.05186336,45595.72,0.008768407692307693,2544.998810096112,16337.319882579432,0.03522687
0.1099014,0.05188346,45536.51,0.008757021153846155,2540.97933121542,16311.517311680525,0.03517247
0.1099987,0.05190354,45477.28,0.008745630769230768,2536.933319553236,16285.544416718247,0.03511789
0.1100959,0.05192358,45417.26,0.008734088461538461,2532.561171769171,16257.477929363196,0.03506096
0.1101931,0.05194361,45357.21,0.008722540384615384,2528.1669223330387,16229.269563057822,0.03500385
0.1102904,0.05196362,45296.35,0.008710836538461539,2523.4673761294134,16199.101380138834,0.03494453
0.1103877,0.05198362,45235.46,0.008699126923076924,2518.7487733649837,16168.810865873957,0.03488505
0.110485,0.05200361,45173.71,0.008687251923076922,2513.7617386405927,16136.797184282164,0.03482359
0.1105823,0.05202356,45111.94,0.008675373076923077,2508.757731255862,16104.674548697887,0.03476199
0.1106796,0.0520435,45049.23,0.008663313461538463,2503.5003041048476,16070.925114794522,0.03469846
0.1107769,0.05206341,44986.49,0.008651248076923076,2498.223167439341,16037.049157986034,0.03463477
0.1108742,0.05208331,44922.77,0.00863899423076923,2492.6877782537235,16001.5153795649,0.0345691
0.1109715,0.05210319,44859.02,0.008626734615384615,2487.1280024686216,15965.825054242823,0.03450324
0.1110688,0.05212305,44794.32,0.008614292307692308,2481.3036460271255,15928.436284583127,0.03443537
0.1111661,0.05214289,44729.6,0.008601846153846154,2475.4547135211424,15890.889751774235,0.03436729
0.1112634,0.05216271,44664.05,0.008589240384615384,2469.336089289953,15851.61196472393,0.03429719
0.1113607,0.05218251,44598.47,0.008576628846153846,2463.190894243389,15812.163609456222,0.0342269
0.111458,0.05220229,44532.14,0.008563873076923077,2456.7964379606033,15771.115151062997,0.03415477
0.1115553,0.05222206,44465.8,0.008551115384615384,2450.375445450232,15729.896346484607,0.03408244
0.1116527,0.0522418,44398.72,0.008538215384615385,2443.725970316962,15687.210824639753,0.03400842
0.11175,0.05226153,44331.62,0.008525311538461538,2437.053069912154,15644.374927025396,0.03393421
0.1118473,0.05228123,44263.74,0.008512257692307693,2430.1818403145203,15600.26587853474,0.03385852
0.1119447,0.05230092,44195.83,0.008499198076923077,2423.291861515814,15556.036471757765,0.03378267
0.112042,0.05232059,44126.99,0.008485959615384614,2416.2457185266308,15510.804587367085,0.03370556
0.1121394,0.05234024,44058.12,0.008472715384615385,2409.1771034436024,15465.428446018754,0.03362826
0.1122367,0.05235987,43988.21,0.008459271153846154,2401.9446252272364,15419.000404600496,0.03354959
0.1123341,0.05237948,43918.27,0.008445821153846154,2394.6864610173793,15372.407474974629,0.03347069
0.1124314,0.05239907,43847.36,0.008432184615384615,2387.2438054467166,15324.630224804052,0.0333903
0.1125288,0.05241865,43776.43,0.00841854423076923,2379.7708782041814,15276.658649204011,0.03330965
0.1126261,0.0524382,43704.78,0.008404765384615384,2372.065488746945,15227.194809817003,0.03322727
0.1127235,0.05245774,43633.12,0.008390984615384615,2364.325139705735,15177.50655150136,0.03314462
0.1128209,0.05247726,43561.03,0.008377121153846154,2356.3825702340355,15126.520162967892,0.03306056
0.1129182,0.05249676,43488.92,0.008363253846153846,2348.4095079194685,15075.33802922383,0.03297627
0.1130156,0.05251624,43416.42,0.008349311538461537,2340.3009807396643,15023.28629474461,0.03289107
0.113113,0.0525357,43343.9,0.008335365384615386,2332.1667916608076,14971.069826729192,0.03280567
0.1132104,0.05255514,43270.76,0.0083213,2323.973857851036,14918.4762538379,0.03271981
0.1133078,0.05257457,43197.6,0.008307230769230768,2315.761367472759,14865.75713986022,0.03263377
0.1134052,0.05259397,43123.56,0.008292992307692306,2307.493328149702,14812.681435979073,0.03254718
0.1135026,0.05261335,43049.49,0.008278748076923076,2299.2013340478175,14759.451957218795,0.03246036
0.1136,0.05263272,42974.5,0.008264326923076923,2290.8267166579944,14705.692088000395,0.03237278
0.1136974,0.05265206,42899.48,0.008249900000000001,2282.4233672056776,14651.74777669346,0.03228494
0.1137948,0.05267139,42823.66,0.008235319230769231,2273.9151483586274,14597.130268667985,0.03219622
0.1138922,0.0526907,42747.82,0.008220734615384615,2265.3761504666563,14542.315178191564,0.03210723
0.1139896,0.05270999,42671.19,0.008205998076923078,2256.7785464460285,14487.123872580132,0.03201772
0.114087,0.05272926,42594.54,0.008191257692307692,2248.1640334605077,14431.824021861627,0.03192806
0.1141845,0.05274852,42516.62,0.008176273076923077,2239.64091048981,14377.110838571141,0.03183883
0.1142819,0.05276775,42438.68,0.008161284615384616,2231.096563389629,14322.26140948313,0.03174941
0.1143793,0.05278697,42358.95,0.008145951923076922,2222.708701311334,14268.416517548234,0.03166066
0.1144767,0.05280617,42279.2,0.008130615384615384,2214.2201347593327,14213.92516511441,0.03157114
0.1145742,0.05282534,42200.12,0.008115407692307694,2205.304005753838,14156.689125907142,0.03147862
0.1146716,0.0528445,42121.06,0.008100203846153845,2196.133365133392,14097.81927938696,0.03138423
0.1147691,0.05286365,42051.84,0.008086892307692307,2184.818550800324,14025.185162452208,0.03127651
0.1148665,0.05288277,41982.7,0.008073596153846153,2173.28194772731,13951.127298843598,0.03116709
0.114964,0.05290188,41934.01,0.008064232692307693,2158.391664340481,13855.540879758513,0.03104188
0.1150614,0.05292096,41885.4,0.008054884615384617,2143.713255772057,13761.314566096511,0.03091793
0.1151589,0.05294003,41848.52,0.008047792307692307,2127.362585340342,13656.3533645125,0.03078245
0.1152563,0.05295908,41811.02,0.008040580769230768,2110.797110242591,13550.013249693884,0.03064548
0.1153538,0.05297811,41837.76,0.008045723076923077,2089.4397930966884,13412.912469661249,0.03070075
0.1154513,0.05299712,41864.09,0.008050786538461538,2069.9715988809226,13287.938691607838,0.03076722
0.1155488,0.05301611,41776.95,0.008034028846153845,2061.397315031615,13232.89708708745,0.03082694
0.1156462,0.05303509,41689.97,0.008017301923076923,2052.033794644354,13172.789071638923,0.03088024
0.1157437,0.05305404,41563.06,0.007992896153846154,2047.0878533712814,13141.039184614187,0.03082364
0.1158412,0.05307298,41436.22,0.007968503846153847,2041.7475805291385,13106.757932561637,0.03076398
0.1159387,0.0530919,41311.3,0.00794448076923077,2037.1458727660624,13077.217811979544,0.03064207
0.1160362,0.0531108,41186.32,0.007920446153846154,2032.130174665637,13045.020129223849,0.03051706
0.1161337,0.05312968,41084.12,0.007900792307692308,2024.5173233175312,12996.150327320942,0.03036611
0.1162312,0.05314854,40981.91,0.00788113653846154,2016.6403441951206,12945.584988303608,0.03021333
0.1163287,0.05316739,40910.93,0.00786748653846154,2004.8374177657067,12869.817493300103,0.03005212
0.1164262,0.05318621,40840.0,0.007853846153846154,1993.2735312761504,12795.58448701489,0.02989281
0.1165237,0.05320502,40786.3,0.007843519230769232,1979.7244813285988,12708.607957902157,0.02973188
0.1166212,0.05322381,40731.97,0.007833071153846153,1965.8705841579795,12619.674497973261,0.02956908
0.1167187,0.05324258,40742.55,0.00783510576923077,1947.4715654302602,12501.564165941723,0.02960951
0.1168162,0.05326134,40752.81,0.007837078846153846,1930.8806381273075,12395.060663691866,0.0296616
0.1169138,0.05328007,40653.84,0.007818046153846153,1924.112668366269,12351.614479551003,0.02970805
0.1170113,0.05329879,40555.03,0.007799044230769231,1916.5707697843934,12303.200150567714,0.02974821
0.1171088,0.05331749,40420.58,0.007773188461538462,1912.366364573494,12276.210466889293,0.02967873
0.1172064,0.05333617,40286.17,0.007747340384615384,1907.7543149008056,12246.603957637446,0.02960602
0.1173039,0.05335483,40157.09,0.007722517307692307,1903.5197420572379,12219.420616396968,0.02947386
0.1174014,0.05337347,40027.97,0.007697686538461539,1898.8637632026011,12189.532108939531,0.02933846
0.117499,0.0533921,39922.96,0.007677492307692308,1891.7677704891603,12143.980220119765,0.0291813
0.1175965,0.05341071,39817.96,0.0076573,1884.396838532242,12096.663391233566,0.02902216
0.1176941,0.05342929,39745.12,0.007643292307692309,1873.4509516319977,12026.397560468373,0.02885846
0.1177916,0.05344785,39672.35,0.007629298076923077,1862.7965459833406,11958.00285924087,0.02869718
0.1178891,0.0534664,39617.22,0.007618696153846154,1850.4260418283131,11878.591865928136,0.02853757
0.1179867,0.05348493,39561.47,0.007607975,1837.7080604992746,11796.950283853947,0.02837573
0.1180843,0.05350345,39564.77,0.0076086096153846145,1821.1540639520736,11690.68385423761,0.02841811
0.1181819,0.05352196,39567.72,0.0076091769230769235,1806.3562438657086,11595.690992411213,0.02847235
0.1182794,0.05354043,39461.65,0.007588778846153847,1800.597940686359,11558.726243882173,0.02851594
0.118377,0.05355889,39355.66,0.007568396153846154,1794.5053817179323,11519.61577971386,0.02855669
0.1184745,0.05357733,39213.87,0.007541128846153847,1793.8190820029495,11515.210159587627,0.02850986
0.1185721,0.05359576,39071.91,0.007513828846153847,1794.4198799330495,11519.066911083894,0.02847316
0.1186698,0.05361417,38907.96,0.0074823,1821.9945492888655,11696.079250789198,0.02858709
0.1187674,0.05363256,38749.33,0.007451794230769231,1822.167705302798,11697.19080541075,0.02848304
0.118865,0.05365093,38966.07,0.007493475,1714.3063409291578,11004.787490425677,0.0274615
0.1189626,0.05366929,39389.64,0.007574930769230769,732.3735462809814,4701.385655531849,0.01785411
0.1190602,0.05368762,54862.35,0.010550451923076923,-9823.133134184887,-63058.445302881264,0.06853301
0.1191578,0.05370593,88476.85,0.017014778846153846,-25415.53306490078,-163152.01878301767,0.1329947
0.1192554,0.05372423,250721.2,0.048215615384615385,-36277.50725152979,-232879.1817739414,0.3489279
0.119353,0.05374251,346073.9,0.06655267307692309,-28570.96892901968,-183407.96738172334,0.3980531
0.1194506,0.05376077,373422.9,0.07181209615384616,-23059.50416025214,-148027.7689345887,0.4358434
0.1195482,0.05377902,399748.7,0.07687475,-19619.289653463602,-125943.71740610407,0.4643126
0.1196458,0.05379724,400512.9,0.07702171153846155,-17538.544704349522,-112586.62046252852,0.4837496
0.1197435,0.05381545,401068.0,0.07712846153846153,-15752.152259260673,-101119.08472323378,0.5073207
0.1198411,0.05383364,390064.0,0.0750123076923077,-13400.262207055719,-86021.4037502208,0.5143243
0.1199387,0.05385181,377982.5,0.07268894230769231,-11291.293986895807,-72483.13084484152,0.5171388
0.1200364,0.05386997,356680.0,0.06859230769230769,-9193.656547857316,-59017.594553312825,0.5021829
0.120134,0.0538881,340858.5,0.06554971153846154,-7828.229821456278,-50252.39862593453,0.5002823
0.1202316,0.05390622,332497.0,0.06394173076923076,-6830.776944630788,-43849.36745285445,0.5040656
0.1203293,0.05392432,326936.1,0.06287232692307691,-6065.749693660697,-38938.36518896076,0.5121983
0.1204269,0.0539424,327041.4,0.06289257692307693,-5542.991669772135,-35582.58167206001,0.5271585
0.1205246,0.05396046,326361.4,0.0627618076923077,-5024.589088092893,-32254.75740304633,0.5381428
0.1206222,0.05397851,325558.7,0.06260744230769232,-4558.712909146161,-29264.120185090567,0.5455097
0.1207199,0.05399654,324015.6,0.0623106923076923,-4112.340440604533,-26398.68473717937,0.5493065
0.1208176,0.05401455,321404.6,0.06180857692307692,-3707.9352434846724,-23802.653241480857,0.5471609
0.1209152,0.05403254,318181.1,0.06118867307692307,-3324.8531673656407,-21343.503007692376,0.542235
0.1210129,0.05405051,313709.9,0.06032882692307693,-2983.8861433610864,-19154.70538685452,0.5320593
0.1211106,0.05406847,308503.6,0.05932761538461538,-2652.030295075967,-17024.39588461393,0.5189231
0.1212082,0.05408641,301623.2,0.05800446153846154,-2353.6800732622874,-15109.171802200884,0.5019328
0.1213059,0.05410433,293967.2,0.05653215384615385,-2063.1625989642725,-13244.22911921925,0.4823704
0.1214036,0.05412223,284429.0,0.054697884615384613,-1796.4739296135754,-11532.252640897337,0.4606087
0.1215013,0.05414012,274270.1,0.05274424999999999,-1545.229117349645,-9919.416182777566,0.4374347
0.121599,0.05415799,262533.4,0.05048719230769231,-1314.2017060881703,-8436.362947369409,0.4143613
0.1216966,0.05417584,250618.2,0.0481958076923077,-1110.1518238841597,-7126.488779906173,0.3919315
0.1217943,0.05419367,237944.7,0.04575859615384616,-929.0471970344138,-5963.908974633987,0.3727419
0.121892,0.05421149,225643.8,0.04339303846153846,-784.3288502608482,-5034.906605462541,0.357228
0.1219897,0.05422928,213681.1,0.04109251923076923,-664.7416605402103,-4267.230736784632,0.3477275
0.1220874,0.05424706,202710.1,0.03898271153846154,-581.8684496560697,-3735.2359277734895,0.3453336
0.1221851,0.05426483,193130.1,0.037140403846153844,-520.6273309249701,-3342.1057845655964,0.348864
0.1222829,0.05428257,184776.6,0.03553396153846154,-479.3644486799236,-3077.223575646578,0.3585887
0.1223806,0.0543003,178151.6,0.03425992307692308,-457.93072289601014,-2939.632299368511,0.3726339
0.1224783,0.054318,172465.8,0.033166499999999995,-446.5791633669089,-2866.7623009789772,0.3920181
0.122576,0.05433569,168234.3,0.03235275,-450.46121495930663,-2891.6826735992236,0.4145633
0.1226737,0.05435337,164831.3,0.03169832692307692,-462.5123908236245,-2969.043776588952,0.4429295
0.1227715,0.05437102,162911.8,0.03132919230769231,-481.14843131285716,-3088.675641880786,0.4745696
0.1228692,0.05438866,161616.5,0.031080096153846153,-500.9164521027303,-3215.5741212861426,0.508865
0.1229669,0.05440628,161524.9,0.03106248076923077,-520.0819025097817,-3338.6044711439035,0.5464374
0.1230646,0.05442388,161795.6,0.031114538461538464,-533.6964168360305,-3426.001241119402,0.582727
0.1231624,0.05444147,162669.4,0.03128257692307692,-544.6389943595926,-3496.2458277310584,0.6209533
0.1232601,0.05445903,163992.0,0.031536923076923074,-551.0168224210232,-3537.187543217263,0.6575909
0.1233579,0.05447658,165655.2,0.03185676923076923,-558.4686000732158,-3585.0233515150003,0.6957767
0.1234556,0.05449411,168115.6,0.032329923076923076,-569.775196815506,-3657.6047165943605,0.7376012
0.1235534,0.05451163,171173.2,0.03291792307692308,-577.1101572751369,-3704.6906306936826,0.7760575
0.1236511,0.05452912,174349.2,0.03352869230769231,-582.6362820915741,-3740.1649375888537,0.8135573
0.1237489,0.0545466,178023.1,0.03423521153846154,-577.2944273374497,-3705.8735306388007,0.8418864
0.1238466,0.05456407,180859.7,0.03478071153846154,-563.4208640323977,-3616.8138262779603,0.86221
0.1239444,0.05458151,183985.8,0.035381884615384614,-538.1502455606716,-3454.592069644754,0.8716812
0.1240422,0.05459894,186114.7,0.035791288461538465,-501.02023121275465,-3216.2403190505074,0.8678353
0.1241399,0.05461635,187866.8,0.03612823076923077,-446.9823118099592,-2869.3502648900594,0.8439421
0.1242377,0.05463375,188796.5,0.03630701923076923,-371.30135894295495,-2383.525308468971,0.7904291
0.1243355,0.05465112,188097.1,0.03617251923076923,-277.1461938357102,-1779.1073241257698,0.6976268
0.1244333,0.05466847,186914.3,0.03594505769230769,-173.4902392522837,-1113.700141597613,0.5634728
0.1245311,0.05468579,183258.1,0.03524194230769231,-50.53946411791137,-324.4321328218151,0.3072218
0.1246288,0.05470309,177121.3,0.034061788461538456,112.57471946587684,722.6601424368506,0.4619459
0.1247266,0.05472038,164424.3,0.03162005769230769,177.25561582446758,1137.8715326780732,0.5743011
0.1248244,0.05473767,160989.6,0.030959538461538462,74.51785278518804,478.3585725403949,0.3741067
0.1249222,0.05475496,167978.5,0.032303557692307694,-75.50716214470019,-484.7093273639578,0.3913861
0.12502,0.05477226,174275.9,0.03351459615384615,95.45413541270547,612.7565711095673,0.4486974
