x_m,r_m,pressure_pa,pressure_over_pc,tau_wall_pa,su2_cf_t,yplus
-0.02268,0.02,5179852.0,0.9961253846153846,1943.9149373367036,12478.732811114643,0.3883114
-0.02258069,0.01999946,5175814.0,0.9953488461538461,1064.4084882593,6832.84482862617,0.2870115
-0.0224814,0.01999803,5176624.0,0.9955046153846154,725.7646096787292,4658.960366008589,0.236762
-0.02238212,0.01999557,5177618.0,0.9956957692307692,585.4013994962544,3757.9152828440033,0.2124599
-0.02228287,0.01999211,5177732.0,0.9957176923076924,503.8620954104749,3234.4833312974374,0.1969097
-0.02218367,0.01998767,5177340.0,0.9956423076923077,456.83808151856164,2932.6182168355435,0.1873254
-0.02208451,0.01998225,5176887.0,0.9955551923076923,429.85513481140043,2759.404370926972,0.1815207
-0.02198541,0.01997585,5176666.0,0.9955126923076923,417.66871677773736,2681.1750967721173,0.1787538
-0.02188638,0.01996846,5176546.0,0.9954896153846153,415.5817447027817,2667.7780255281923,0.1781129
-0.02178742,0.01996008,5176520.0,0.9954846153846154,418.35760920391357,2685.597360502253,0.1784643
-0.02168856,0.01995073,5176485.0,0.9954778846153847,424.30825398143935,2723.796823249494,0.1794624
-0.02158979,0.0199404,5176484.0,0.9954776923076923,432.19160417121435,2774.4030605828166,0.1808186
-0.02149113,0.01992908,5176470.0,0.995475,441.70038240092526,2835.443541629418,0.1824685
-0.02139259,0.01991678,5176504.0,0.9954815384615384,451.97477018748134,2901.3987629838416,0.1841974
-0.02129417,0.01990351,5176543.0,0.9954890384615385,462.20251104901365,2967.054539901345,0.1858619
-0.02119589,0.01988926,5176605.0,0.9955009615384616,471.70316286153434,3028.042854370654,0.1873253
-0.02109776,0.01987403,5176676.0,0.9955146153846154,482.36646022668435,3096.4946349241163,0.1889694
-0.02099978,0.01985783,5176768.0,0.9955323076923077,491.08476013236333,3152.4607335432197,0.1901635
-0.02090197,0.01984066,5176884.0,0.9955546153846154,499.68992885938417,3207.700599895691,0.1912883
-0.02080434,0.01982252,5177000.0,0.995576923076923,508.1590602704488,3262.0671907330907,0.1923481
-0.02070689,0.01980341,5177155.0,0.9956067307692308,515.7890883908337,3311.047256901019,0.1932045
-0.02060963,0.01978333,5177288.0,0.9956323076923077,523.2355565053211,3358.8489812472926,0.1939729
-0.02051258,0.01976229,5177468.0,0.9956669230769231,530.3628632528375,3404.6018868178235,0.1946421
-0.02041574,0.01974028,5177613.0,0.9956948076923077,537.2741399288037,3448.968012807488,0.1952416
-0.02031912,0.01971732,5177810.0,0.9957326923076923,542.3061328986689,3481.2702985568767,0.1954574
-0.02022274,0.01969339,5177954.0,0.9957603846153846,549.063797258242,3524.650328387728,0.1959406
-0.0201266,0.01966851,5178154.0,0.9957988461538462,555.6674091913756,3567.0414368252004,0.1963619
-0.02003071,0.01964268,5178288.0,0.9958246153846154,559.6180489443486,3592.4021030577783,0.1962771
-0.01993509,0.0196159,5178459.0,0.9958575,566.1060228005456,3634.0508864906083,0.1966087
-0.01983973,0.01958816,5178573.0,0.9958794230769231,571.8110051994978,3670.6733485548034,0.1967578
-0.01974466,0.01955948,5178714.0,0.9959065384615384,577.2646814371737,3705.6825803381257,0.1968264
-0.01964987,0.01952986,5178785.0,0.9959201923076924,583.1058730685043,3743.179421514601,0.1969312
-0.01955538,0.0194993,5178867.0,0.9959359615384615,589.5149814185809,3784.321937126763,0.197098
-0.0194612,0.01946781,5178893.0,0.9959409615384616,595.1530846927657,3820.515076532552,0.1970865
-0.01936734,0.01943538,5178924.0,0.9959469230769231,600.482527842908,3854.7268086537974,0.1969818
-0.01927381,0.01940202,5178886.0,0.9959396153846154,607.649797166341,3900.73624927004,0.1971491
-0.01918061,0.01936772,5178834.0,0.9959296153846153,615.0717513373542,3948.380609245637,0.1973183
-0.01908775,0.01933251,5178723.0,0.9959082692307692,622.5317619649859,3996.2692681587855,0.1974433
-0.01899525,0.01929638,5178596.0,0.9958838461538462,630.1552815592182,4045.2075536102366,0.1975503
-0.01890312,0.01925933,5178390.0,0.9958442307692308,637.564701671665,4092.771452674256,0.1975825
-0.01881135,0.01922136,5178146.0,0.9957973076923077,646.3409947165112,4149.109831414596,0.1977843
-0.01871997,0.01918249,5177822.0,0.995735,655.2715144630386,4206.438250287687,0.1979559
-0.01862898,0.01914271,5177454.0,0.9956642307692307,664.1181326430518,4263.228072944014,0.1980663
-0.01853839,0.01910203,5176989.0,0.9955748076923077,672.5065078824733,4317.0762590562745,0.198061
-0.0184482,0.01906045,5176457.0,0.9954725,680.8583413062024,4370.689869289879,0.1980059
-0.01835843,0.01901799,5175807.0,0.9953475,688.1846322706781,4417.720130586925,0.1977691
-0.01826909,0.01897463,5175064.0,0.9952046153846154,693.4283994432467,4451.381875868758,0.1971855
-0.01818019,0.01893038,5174158.0,0.9950303846153846,698.9391504368036,4486.75749232006,0.1965784
-0.01809173,0.01888525,5173156.0,0.9948376923076923,702.076049861356,4506.894448429857,0.1956029
-0.01800372,0.01883925,5172033.0,0.9946217307692308,702.9815557101308,4512.707236494156,0.1942575
-0.01791617,0.01879238,5170956.0,0.9944146153846154,706.3081776731233,4534.062094076887,0.19322
-0.01782909,0.01874464,5169633.0,0.9941601923076923,727.9680603362095,4673.105157783708,0.1947656
-0.01774245,0.01869611,5167745.0,0.9937971153846153,721.0702406529286,4628.825417372412,0.1922006
-0.01765635,0.01864663,5165946.0,0.9934511538461539,888.9749416476486,5706.6698544926,0.212756
-0.01757033,0.01859701,5163763.0,0.9930313461538461,956.1439179617684,6137.85318073853,0.2201089
-0.01748433,0.01854735,5161579.0,0.9926113461538462,979.9714849929021,6290.811438741226,0.2223145
-0.01739833,0.01849767,5159247.0,0.9921628846153846,988.7147099259272,6346.937540635467,0.2227993
-0.01731234,0.018448,5157075.0,0.9917451923076923,985.57679176085,6326.794044840949,0.2219104
-0.01722634,0.01839834,5154845.0,0.9913163461538461,977.7442333541944,6276.513859372538,0.220485
-0.01714034,0.01834869,5152640.0,0.9908923076923077,967.8114374734679,6212.7514469941725,0.2187725
-0.01705434,0.01829904,5150335.0,0.9904490384615384,961.0002025238592,6169.027527074949,0.2174123
-0.01696833,0.01824939,5148005.0,0.9900009615384615,956.1110348593687,6137.642091538604,0.2162647
-0.01688233,0.01819973,5145579.0,0.9895344230769231,953.3159569029131,6119.699418052782,0.2153544
-0.01679633,0.01815008,5143088.0,0.9890553846153847,952.1720331101595,6112.356134099418,0.214647
-0.01671032,0.01810043,5140492.0,0.9885561538461538,952.4219289729863,6113.960311135626,0.2140961
-0.01662432,0.01805078,5137812.0,0.9880407692307692,953.920011112179,6123.577072849337,0.213705
-0.01653832,0.01800113,5135021.0,0.9875040384615384,956.3611226800069,6139.247500825358,0.2134173
-0.01645231,0.01795147,5132127.0,0.9869475,959.7015563102727,6160.691020778169,0.2132437
-0.01636631,0.01790182,5129114.0,0.9863680769230769,963.6958639194313,6186.332007666403,0.213139
-0.0162803,0.01785217,5125988.0,0.985766923076923,968.2943334012659,6215.851340483763,0.2131076
-0.0161943,0.01780252,5122735.0,0.9851413461538462,973.3376043295046,6248.226023757598,0.2131197
-0.0161083,0.01775287,5119362.0,0.9844926923076923,978.8803609309388,6283.80709643617,0.2131874
-0.01602229,0.01770322,5115859.0,0.9838190384615385,984.7835239037736,6321.701755334874,0.2132878
-0.01593629,0.01765357,5112231.0,0.9831213461538462,991.1305229804144,6362.445567787031,0.2134337
-0.01585028,0.01760391,5108470.0,0.9823980769230769,997.7970691318377,6405.240675020762,0.2136069
-0.01576428,0.01755426,5104575.0,0.9816490384615385,1004.8280635368577,6450.375314860967,0.2138141
-0.01567828,0.01750461,5100542.0,0.9808734615384616,1012.1291563258013,6497.243819440291,0.2140421
-0.01559227,0.01745496,5096383.0,0.9800736538461539,1019.5735945038787,6545.032512849049,0.2142786
-0.01550627,0.01740531,5092103.0,0.9792505769230769,1026.9880195335245,6592.628540389099,0.214504
-0.01542027,0.01735565,5087692.0,0.9784023076923077,1034.6458438813604,6641.787041162809,0.2147471
-0.01533426,0.017306,5083156.0,0.97753,1042.540542414005,6692.466127845554,0.2150061
-0.01524826,0.01725635,5078498.0,0.9766342307692307,1050.6438325518475,6744.484243751189,0.2152777
-0.01516226,0.0172067,5073711.0,0.9757136538461538,1058.8686091714765,6797.28222780705,0.2155525
-0.01507625,0.01715704,5068795.0,0.9747682692307692,1067.2791219318583,6851.272523125768,0.2158366
-0.01499025,0.01710739,5063755.0,0.9737990384615385,1075.8627279273041,6906.373970064491,0.2161289
-0.01490425,0.01705774,5058595.0,0.9728067307692307,1084.7925972301618,6963.698213491113,0.2164466
-0.01481824,0.01700808,5053319.0,0.9717921153846154,1093.859287013719,7021.900759866565,0.2167687
-0.01473224,0.01695843,5047929.0,0.9707555769230769,1103.1387903090877,7081.469437496777,0.2171021
-0.01464624,0.01690878,5042427.0,0.9696975,1112.493361540826,7141.520004896262,0.2174333
-0.01456024,0.01685912,5036818.0,0.9686188461538462,1121.8996179839396,7201.902359418037,0.2177589
-0.01447423,0.01680947,5031103.0,0.9675198076923077,1131.4049878689966,7262.920960997873,0.2180839
-0.01438823,0.01675982,5025289.0,0.9664017307692307,1141.1012320098218,7325.16485736428,0.2184166
-0.01430223,0.01671017,5019375.0,0.9652644230769231,1150.921764866751,7388.206610493812,0.2187508
-0.01421622,0.01666052,5013370.0,0.9641096153846154,1160.9769158220151,7452.754466851187,0.2190965
-0.01413022,0.01661086,5007270.0,0.9629365384615385,1171.204438191201,7518.408841182826,0.2194483
-0.01404421,0.01656121,5001089.0,0.9617478846153846,1181.598280360323,7585.130885866052,0.2198048
-0.01395821,0.01651156,4994821.0,0.9605425,1192.0884235918027,7652.471123868083,0.2201598
-0.01387221,0.01646191,4988482.0,0.9593234615384615,1202.7321767350884,7720.797442592964,0.2205181
-0.0137862,0.01641226,4982065.0,0.9580894230769231,1213.4677107812245,7789.712938005485,0.2208742
-0.0137002,0.0163626,4975590.0,0.9568442307692308,1224.3371492532792,7859.488017096884,0.2212315
-0.0136142,0.01631295,4969045.0,0.9555855769230769,1235.3362597754929,7930.0955106298425,0.2215901
-0.01352819,0.0162633,4962455.0,0.9543182692307692,1246.4850721101627,8001.663997302522,0.2219515
-0.01344219,0.01621365,4955806.0,0.9530396153846153,1257.7126540521465,8073.738136184786,0.2223094
-0.01335619,0.016164,4949128.0,0.9517553846153847,1269.040510726183,8146.4559768900845,0.2226657
-0.01327018,0.01611434,4942417.0,0.9504648076923077,1280.4384802913362,8219.623899035707,0.2230181
-0.01318418,0.01606469,4935681.0,0.9491694230769231,1291.8430983833264,8292.834500615698,0.2233602
-0.01309817,0.01601504,4928906.0,0.9478665384615385,1303.282643930594,8366.269314877945,0.2236949
-0.01301217,0.01596539,4922119.0,0.9465613461538461,1314.7830087175585,8440.094551080667,0.2240242
-0.01292617,0.01591574,4915327.0,0.9452551923076923,1326.3532746290016,8514.368509312739,0.2243496
-0.01284016,0.01586609,4908545.0,0.9439509615384616,1338.119105393421,8589.897873067275,0.2246814
-0.01275416,0.01581644,4901772.0,0.9426484615384615,1349.972168994385,8665.987217733882,0.2250112
-0.01266816,0.01576678,4895019.0,0.9413498076923077,1361.9291221453739,8742.74346912142,0.2253397
-0.01258215,0.01571713,4888293.0,0.9400563461538461,1373.9244410864562,8819.74600517629,0.2256622
-0.01249615,0.01566748,4881603.0,0.9387698076923077,1385.9953227579203,8897.233607272272,0.2259813
-0.01241015,0.01561783,4874959.0,0.9374921153846154,1398.066317518097,8974.721935327914,0.2262914
-0.01232414,0.01556818,4868367.0,0.9362244230769231,1410.2269708969347,9052.785816317995,0.2265992
-0.01223814,0.01551852,4861840.0,0.9349692307692308,1422.4420747117472,9131.199235463748,0.2269028
-0.01215213,0.01546887,4855383.0,0.9337275,1434.7750629540174,9210.369399796535,0.2272066
-0.01206613,0.01541922,4849010.0,0.932501923076923,1447.1532076936658,9289.82944094165,0.2275057
-0.01198013,0.01536957,4842725.0,0.9312932692307693,1459.683835644578,9370.268330088287,0.2278081
-0.01189412,0.01531992,4836544.0,0.9301046153846154,1472.1990608171302,9450.608342914766,0.2281011
-0.01180812,0.01527026,4830469.0,0.9289363461538461,1484.771081610863,9531.312948536917,0.2283898
-0.01172212,0.01522061,4824518.0,0.927791923076923,1497.3922730506579,9612.333199325725,0.2286744
-0.01163611,0.01517096,4818692.0,0.9266715384615385,1510.154837516934,9694.2609775944,0.2289612
-0.01155011,0.01512131,4813012.0,0.9255792307692308,1522.9957887230412,9776.691950299979,0.2292463
-0.01146411,0.01507165,4807474.0,0.9245142307692308,1536.1920194892432,9861.403598264811,0.2295502
-0.0113781,0.015022,4802101.0,0.9234809615384615,1549.5409696897095,9947.095610636874,0.2298587
-0.0112921,0.01497235,4796891.0,0.9224790384615384,1563.1096849154028,10034.198378684694,0.2301759
-0.0112061,0.01492269,4791863.0,0.9215121153846154,1576.7518520787369,10121.772662788422,0.2304919
-0.0111201,0.01487304,4787019.0,0.9205805769230769,1590.4521219842757,10209.71993059717,0.2308044
-0.01103409,0.01482339,4782378.0,0.919688076923077,1604.1431608274702,10297.60794068926,0.2311091
-0.01094809,0.01477373,4777938.0,0.9188342307692308,1618.028574644536,10386.743718015156,0.23142
-0.01086209,0.01472408,4773718.0,0.9180226923076923,1632.0613749779836,10476.825625710524,0.2317347
-0.01077608,0.01467443,4769717.0,0.9172532692307692,1646.3760394839999,10568.716927238387,0.2320616
-0.01069008,0.01462478,4765952.0,0.9165292307692308,1660.926925775386,10662.124626673985,0.2323986
-0.01060408,0.01457513,4762420.0,0.91585,1675.854548759693,10757.950742903862,0.2327545
-0.01051807,0.01452547,4759139.0,0.9152190384615385,1690.954558792992,10854.883477475494,0.2331157
-0.01043207,0.01447582,4756104.0,0.9146353846153846,1706.371354608144,10953.849781034212,0.2334909
-0.01034606,0.01442617,4753332.0,0.9141023076923077,1722.0278796629857,11054.35499819025,0.2338758
-0.01026006,0.01437652,4750816.0,0.9136184615384615,1738.034369386511,11157.106772286592,0.2342763
-0.01017406,0.01432687,4748572.0,0.9131869230769231,1754.347851579114,11261.829248352997,0.2346906
-0.01008805,0.01427721,4746588.0,0.9128053846153846,1771.1531174384243,11369.708671701323,0.2351293
-0.01000205,0.01422756,4744880.0,0.9124769230769231,1788.3105005864668,11479.848470480625,0.2355842
-0.009916048,0.01417791,4743434.0,0.9121988461538462,1805.9487627241497,11593.07521525275,0.2360618
-0.009830044,0.01412826,4742265.0,0.9119740384615385,1823.9798138520182,11708.82342264936,0.2365574
-0.00974404,0.01407861,4741354.0,0.9117988461538461,1842.4504343408598,11827.393393746728,0.2370717
-0.009658036,0.01402896,4740716.0,0.9116761538461539,1861.2960637827712,11948.370690616048,0.2376012
-0.009572032,0.0139793,4740327.0,0.9116013461538461,1880.6897307235793,12072.866049612394,0.238155
-0.009486028,0.01392965,4740200.0,0.9115769230769231,1900.6231571366689,12200.826330919639,0.2387332
-0.009400024,0.01388,4740305.0,0.9115971153846154,1921.2856622325346,12333.466846894511,0.2393453
-0.00931402,0.01383035,4740654.0,0.9116642307692308,1942.6592638169873,12470.672162960975,0.2399912
-0.009228016,0.0137807,4741211.0,0.9117713461538461,1964.8264516708646,12612.97181254405,0.240673
-0.009142013,0.01373105,4741988.0,0.9119207692307693,1987.6721431022881,12759.627035868016,0.2413843
-0.00905601,0.01368139,4742940.0,0.9121038461538461,2011.342222345458,12911.574319578953,0.2421308
-0.008970006,0.01363174,4744079.0,0.9123228846153846,2035.7505915324612,13068.260968562143,0.2429081
-0.008884003,0.01358209,4745353.0,0.9125678846153846,2061.004185066777,13230.373435616371,0.2437187
-0.008797999,0.01353244,4746772.0,0.9128407692307692,2087.1366332056346,13398.127606213926,0.2445656
-0.008711996,0.01348279,4748276.0,0.91313,2114.328044233734,13572.679664259085,0.2454552
-0.008625992,0.01343313,4749876.0,0.9134376923076923,2142.46987651621,13753.332839520628,0.2463819
-0.008539988,0.01338348,4751503.0,0.9137505769230769,2171.7942911465125,13941.577462773143,0.2473546
-0.008453985,0.01333383,4753170.0,0.9140711538461539,2202.173802339853,14136.595154047922,0.248367
-0.008367981,0.01328418,4754801.0,0.9143848076923077,2233.648994467904,14338.64643993524,0.249416
-0.008281978,0.01323453,4756408.0,0.9146938461538462,2266.2162090710003,14547.7078353845,0.2505023
-0.008195974,0.01318487,4757909.0,0.9149825,2300.1423294882525,14765.4925665336,0.2516351
-0.008109971,0.01313522,4759317.0,0.9152532692307692,2335.3033466473566,14991.204571759823,0.2528084
-0.008023968,0.01308557,4760541.0,0.9154886538461539,2372.0939389769705,15227.377442715226,0.2540378
-0.007937965,0.01303592,4761596.0,0.9156915384615385,2410.4266589199983,15473.44982011446,0.2553196
-0.007851962,0.01298626,4762389.0,0.9158440384615385,2450.5876379967735,15731.258491526012,0.2566624
-0.00776596,0.01293661,4762937.0,0.9159494230769231,2492.1334662454074,15997.957038964234,0.2580436
-0.007679957,0.01288695,4763144.0,0.9159892307692308,2535.4401912768035,16275.959455742615,0.2594758
-0.007593954,0.0128373,4763034.0,0.9159680769230769,2579.9997403439625,16562.004228748297,0.2609336
-0.007507951,0.01278765,4762506.0,0.9158665384615384,2626.3708686368077,16859.678221062553,0.2624377
-0.007421947,0.012738,4761586.0,0.9156896153846154,2674.3212576769242,17167.490091596563,0.263978
-0.007335944,0.01268834,4760172.0,0.9154176923076923,2724.4898407055366,17489.541396981353,0.2655775
-0.00724994,0.01263869,4758296.0,0.9150569230769231,2776.365716455136,17822.552466750043,0.2672131
-0.007163936,0.01258904,4755851.0,0.9145867307692308,2830.870837023072,18172.44166372114,0.2689196
-0.007077933,0.01253939,4752877.0,0.9140148076923077,2887.2599312327843,18534.42480742178,0.2706638
-0.00699193,0.01248974,4749266.0,0.9133203846153846,2946.433441448142,18914.28218147174,0.2724772
-0.006905926,0.01244008,4745064.0,0.9125123076923077,3007.5658130400957,19306.7142352379,0.274324
-0.006819923,0.01239043,4740156.0,0.9115684615384615,3071.8146661377887,19719.152174690702,0.2762452
-0.006733919,0.01234078,4734628.0,0.9105053846153847,3138.0792587417372,20144.52991630883,0.2781948
-0.006647915,0.01229113,4728373.0,0.9093025,3207.8030112506626,20592.113327206025,0.2802235
-0.006561911,0.01224148,4721293.0,0.9079409615384615,3280.0925653525223,21056.167598998203,0.2822926
-0.006475907,0.01219183,4713301.0,0.9064040384615385,3356.4353491095103,21546.241100807583,0.2844511
-0.006389903,0.01214218,4704638.0,0.904738076923077,3435.395727072552,22053.117940087075,0.2866451
-0.006303899,0.01209252,4695185.0,0.9029201923076923,3519.729031851153,22594.485649752543,0.2889726
-0.006217895,0.01204287,4684946.0,0.9009511538461539,3607.5008933412414,23157.92676892496,0.2913562
-0.006131892,0.01199322,4673717.0,0.8987917307692308,3701.0092671952584,23758.192753055308,0.2938669
-0.006045888,0.01194357,4661577.0,0.8964571153846154,3797.6259744550002,24378.412317104663,0.2964048
-0.005959885,0.01189392,4648343.0,0.8939121153846153,3899.652657580697,25033.360583552036,0.2990378
-0.005873881,0.01184426,4634187.0,0.8911898076923077,3999.721772888554,25675.74247413117,0.3014671
-0.005787885,0.0117946,4618866.0,0.8882434615384616,4125.838819315475,26485.335988261308,0.3047353
-0.005701897,0.01174492,4602291.0,0.8850559615384616,4273.077492985189,27430.51729887182,0.3086729
-0.005615904,0.01169525,4584155.0,0.8815682692307693,4431.999232146706,28450.696671324848,0.3128678
-0.005529897,0.01164561,4564812.0,0.8778484615384615,4589.377981572642,29460.971003042407,0.3168573
-0.005443868,0.011596,4543846.0,0.8738165384615385,4717.792375720622,30285.312070079668,0.3196332
-0.005357828,0.01154641,4521177.0,0.8694571153846153,4849.010595816271,31127.651967301223,0.3223196
-0.005271787,0.01149682,4496135.0,0.8646413461538461,5027.1637504601285,32271.285144637528,0.3263682
-0.00518574,0.01144724,4468757.0,0.8593763461538462,5231.037215982435,33580.02682600678,0.3310363
-0.005099683,0.01139769,4438739.0,0.8536036538461539,5513.738835012852,35394.796547352395,0.3378445
-0.005013605,0.01134816,4405714.0,0.8472526923076923,5836.160050101734,37464.5415338493,0.3455198
-0.004927488,0.01129871,4365830.0,0.8395826923076923,6410.888370059955,41153.94224063404,0.3599723
-0.004841241,0.01124947,4317643.0,0.8303159615384615,7870.1459741474955,50521.47442748181,0.4010693
-0.004753901,0.01120225,4273321.0,0.8217925,6831.535689924214,43854.238128832345,0.3720339
-0.0046663,0.01115547,4241212.0,0.8156176923076923,7144.839382676288,45865.45425536983,0.3801336
-0.004578239,0.01110957,4203122.0,0.8082926923076923,7138.480573067441,45824.63462659828,0.3795012
-0.004489727,0.01106455,4165644.0,0.8010853846153846,7156.114128467358,45937.8311570221,0.3794872
-0.004400772,0.0110204,4128133.0,0.7938717307692308,7222.844413406584,46366.19835569542,0.3807822
-0.004311381,0.01097714,4090571.0,0.7866482692307692,7279.828920487952,46732.00368214439,0.3817486
-0.004221566,0.01093477,4053491.0,0.7795175,7351.316184806483,47190.90774923832,0.3830804
-0.004131335,0.0108933,4016420.0,0.7723884615384615,7433.353234197254,47717.53491810108,0.3846343
-0.004040696,0.01085272,3979487.0,0.7652859615384615,7523.392942757368,48295.53421422855,0.3863222
-0.003949659,0.01081305,3942354.0,0.758145,7621.436068531354,48924.910503798244,0.3881458
-0.003858234,0.01077427,3905080.0,0.7509769230769231,7729.6531678492365,49619.59741732743,0.3901213
-0.003766427,0.01073641,3867557.0,0.7437609615384615,7843.477662877796,50350.280346677966,0.3921623
-0.003674248,0.01069947,3830078.0,0.7365534615384616,7958.325211709038,51087.530649327535,0.3940949
-0.003581707,0.01066344,3792457.0,0.7293186538461538,8082.639560278667,51885.55195704666,0.3961774
-0.003488814,0.01062833,3754706.0,0.7220588461538462,8215.794107416972,52740.32187748381,0.3983369
-0.003395578,0.01059414,3716662.0,0.7147426923076923,8353.84129540957,53626.49952918985,0.4005223
-0.003302005,0.01056089,3678486.0,0.7074011538461539,8496.1125816483,54539.79328169277,0.4026721
-0.003208104,0.01052857,3640220.0,0.7000423076923077,8630.158233044318,55400.283540877914,0.4045168
-0.003113889,0.01049718,3601975.0,0.6926875,8773.876894992398,56322.86855114494,0.4064546
-0.003019367,0.01046672,3563320.0,0.6852538461538461,8923.499486706809,57283.35314265113,0.4084255
-0.002924548,0.01043721,3524520.0,0.6777923076923077,9065.887061465917,58197.3933956037,0.4100948
-0.00282944,0.01040864,3485506.0,0.6702896153846154,9205.965672152732,59096.611525851615,0.4116061
-0.002734053,0.01038101,3446367.0,0.6627628846153846,9346.003646148103,59995.56879364866,0.412994
-0.002638397,0.01035433,3406837.0,0.6551609615384615,9489.718000648623,60918.12615276379,0.4143648
-0.002542478,0.01032861,3367535.0,0.6476028846153846,9603.747314990957,61650.12389555706,0.4149642
-0.002446311,0.01030384,3327961.0,0.6399925,9742.849092000855,62543.07135715533,0.4160219
-0.002349903,0.01028002,3288136.0,0.6323338461538461,9868.708097145025,63351.00840568615,0.4166848
-0.002253261,0.01025717,3248197.0,0.6246532692307692,9981.029967050272,64072.0454101719,0.4169611
-0.002156399,0.01023527,3208264.0,0.6169738461538462,10103.54802828018,64858.53566304195,0.4173571
-0.002059324,0.01021433,3167925.0,0.6092163461538461,10219.893163838715,65605.39954716693,0.4175263
-0.001962045,0.01019437,3127624.0,0.6014661538461539,10328.941746599918,66305.42407065362,0.4174545
-0.001864573,0.01017537,3087102.0,0.5936734615384616,10433.338654261968,66975.58771413392,0.4171977
-0.001766917,0.01015733,3046656.0,0.5858953846153846,10538.443225377492,67650.29411974153,0.416873
-0.001669086,0.01014028,3005940.0,0.5780653846153846,10635.526146009313,68273.50648558042,0.416297
-0.001571091,0.01012419,2965397.0,0.5702686538461539,10730.153478986667,68880.95549591139,0.4155914
-0.001472941,0.01010907,2924430.0,0.5623903846153846,10834.67149611411,69551.89658732961,0.414989
-0.001374646,0.01009493,2883591.0,0.5545367307692308,10918.538390035115,70090.27022747055,0.413907
-0.001276215,0.01008177,2842539.0,0.5466421153846154,11008.808470074435,70669.74836615492,0.412865
-0.001177659,0.01006958,2801541.0,0.5387578846153847,11097.043174295686,71236.1606496848,0.4117057
-0.001078986,0.01005838,2760177.0,0.5308032692307693,11181.644850515606,71779.25113818489,0.4103909
-0.0009802069,0.01004816,2719125.0,0.5229086538461538,11254.42523972847,72246.45626811746,0.4087952
-0.000881331,0.01003892,2677855.0,0.5149721153846154,11329.300885914634,72727.11165322234,0.4071582
-0.0007823684,0.01003065,2636757.0,0.5070686538461538,11403.404172709506,73202.80896825276,0.405436
-0.0006833288,0.01002337,2595196.0,0.49907615384615384,11488.929929563543,73751.83148346224,0.403828
-0.0005842214,0.01001708,2553720.0,0.4911,11556.991921722714,74188.74741966577,0.4018291
-0.0004850564,0.01001177,2511929.0,0.48306326923076925,11644.385093161969,74749.75758269303,0.4000779
-0.0003858439,0.01000745,2469447.0,0.47489365384615384,11769.034122410607,75549.92733358227,0.3987901
-0.0002865932,0.0100041,2425943.0,0.4665275,11944.875547751039,76678.7206371386,0.3982081
-0.0001873143,0.01000175,2378921.0,0.4574848076923077,12274.388633759896,78793.99105308796,0.3996236
-8.801603e-05,0.01000044,2332318.0,0.4485226923076923,12523.84864503824,80395.37019165512,0.3995179
1.129096e-05,0.009999971,2267605.0,0.4360778846153846,13608.696755875993,87359.42476820678,0.4105623
0.0001105874,0.01000122,2188933.0,0.4209486538461538,14163.919269819853,90923.61025243033,0.4118718
0.0002098418,0.01000441,2104731.0,0.40475596153846155,14515.183071022253,93178.50682080934,0.4091664
0.0003090139,0.01000956,2019758.0,0.388415,14717.494390449388,94477.2204894507,0.4039382
0.0004080636,0.01001668,1940114.0,0.37309884615384614,14779.153667993547,94873.03495387068,0.3967327
0.0005069526,0.01002577,1859311.0,0.3575598076923077,14811.912026590671,95083.32337565947,0.3887873
0.0006056422,0.01003681,1782172.0,0.3427253846153846,14777.828856874348,94864.53048504637,0.3800276
0.0007040912,0.01004983,1705036.0,0.32789153846153846,14713.839087149281,94453.755700766,0.3706683
0.0008022646,0.01006478,1632302.0,0.3139042307692308,14636.047248294542,93954.38016055664,0.3613389
0.0009001194,0.01008169,1559845.0,0.2999701923076923,14540.759866040187,93342.69404169192,0.3516259
0.0009976206,0.01010054,1491562.0,0.28683884615384614,14437.305924199305,92678.5836561533,0.3420506
0.00109473,0.01012131,1423606.0,0.2737703846153846,14330.812413315149,91994.96111541518,0.3323085
0.001191405,0.01014402,1359362.0,0.26141576923076926,14204.67013930789,91185.20565580663,0.3225711
0.001287609,0.01016864,1295795.0,0.24919134615384617,14071.855916079081,90332.62040459254,0.3126892
0.001383306,0.01019516,1235827.0,0.23765903846153846,13933.971724452864,89447.4890888481,0.3030231
0.001478459,0.01022358,1176472.0,0.22624461538461538,13788.977802641095,88516.71769820093,0.293225
0.001573024,0.01025388,1120423.0,0.21546596153846154,13639.381603557767,87556.40253107907,0.2836537
0.001666972,0.01028606,1065015.0,0.20481057692307691,13482.015598312755,86546.2100091288,0.2739715
0.001760262,0.0103201,1012771.0,0.19476365384615385,13317.109504518723,85487.6147774878,0.2645044
0.001852859,0.01035598,961313.5,0.18486798076923078,13148.047217648977,84402.33935428745,0.2550103
0.001944724,0.01039369,912749.5,0.17552875,12971.726297533514,83270.46799054081,0.2457409
0.002035822,0.01043323,865037.7,0.16635340384615382,12791.245487852966,82111.89270605701,0.236469
0.002126115,0.01047456,820039.1,0.1576998269230769,12604.069832330084,80910.34064780935,0.2274373
0.002215573,0.01051768,776072.2,0.14924465384615385,12420.59422367504,79732.54060430551,0.2185167
0.002304157,0.01056256,734348.9,0.1412209423076923,12229.517377331787,78505.94531141958,0.2098006
0.00239183,0.0106092,693845.9,0.13343190384615386,12042.99361409736,77308.57799887916,0.2012188
0.002478561,0.01065756,655282.5,0.12601586538461537,11823.000440035705,75896.35774857047,0.1926337
0.002564312,0.01070765,618003.7,0.11884686538461538,11580.533504515484,74339.86983555924,0.1839938
0.002649054,0.01075942,583988.3,0.11230544230769232,11215.14370614531,71994.293093392,0.1750334
0.00273275,0.01081287,553103.9,0.10636613461538462,10832.589045451294,69538.52854075798,0.1662794
0.002805451,0.01086119,535119.8,0.10290765384615386,9758.208203458747,62641.667362781875,0.1543963
0.00288784,0.01091664,521744.9,0.1003355576923077,8715.064398663877,55945.32866318885,0.1441482
0.002970221,0.0109721,515589.2,0.09915176923076924,8108.017070577281,52048.459893163235,0.13874
0.003052613,0.01102754,509885.2,0.09805484615384616,7547.058378711791,48447.45169089468,0.1336199
0.003135027,0.01108295,506283.2,0.09736215384615385,7227.6665419337005,46397.153441391296,0.130817
0.003217482,0.01113829,503217.1,0.09677251923076922,6951.580984228731,44624.85474588971,0.1284061
0.003299977,0.01119357,500654.0,0.09627961538461538,6790.19722355442,43588.8707165336,0.1271001
0.003382505,0.01124881,498335.6,0.09583376923076922,6638.8013259870795,42617.00259712397,0.1258616
0.003465062,0.011304,496268.5,0.09543625,6534.08214973853,41944.770188438415,0.1250855
0.00354765,0.01135915,494340.2,0.09506542307692308,6435.0788686349615,41309.23029490391,0.1243598
0.003630266,0.01141425,492590.6,0.09472896153846154,6367.067639600133,40872.640226593656,0.1239281
0.003712912,0.01146931,490928.2,0.09440926923076923,6302.945817198311,40461.0177457199,0.1235329
0.003795588,0.01152433,489358.4,0.09410738461538462,6256.8937100087105,40165.39167177493,0.1232883
0.003878293,0.0115793,487827.6,0.093813,6213.2057942541705,39884.94224608025,0.1230657
0.003961026,0.01163423,486291.4,0.09351757692307693,6177.785167712647,39657.56370902373,0.1228875
0.004043788,0.01168911,484759.0,0.09322288461538461,6143.348287641256,39436.50021647809,0.1227168
0.004126581,0.01174395,483163.3,0.09291601923076923,6111.964645857423,39235.03662723445,0.1225393
0.004209402,0.01179875,481556.0,0.09260692307692307,6080.715681316881,39034.43758267971,0.12236
0.004292253,0.0118535,479876.7,0.09228398076923078,6050.596370201021,38841.09021513255,0.1221614
0.004375132,0.0119082,478186.4,0.09195892307692308,6020.33168186054,38646.80961562754,0.1219583
0.004458041,0.01196287,476441.6,0.0916233846153846,5990.86127758164,38457.62782903364,0.1217411
0.004540979,0.01201749,474690.5,0.09128663461538461,5961.253248676508,38267.56257737345,0.1215196
0.004623945,0.01207206,472906.9,0.09094363461538461,5932.629234779018,38083.81409406904,0.1212935
0.004706934,0.01212659,471120.7,0.09060013461538462,5904.016258640891,37900.136466359836,0.1210651
0.004789963,0.01218108,469317.2,0.09025330769230769,5876.8560885187235,37725.78495562795,0.1208416
0.00487301,0.01223552,467512.7,0.08990628846153846,5849.871970950868,37552.56359351716,0.1206178
0.0049561,0.01228993,465693.7,0.08955648076923077,5824.55356554642,37390.03507430199,0.1204036
0.005039213,0.01234428,463878.9,0.08920748076923077,5799.4918058346075,37229.15406185988,0.1201898
0.005122354,0.01239859,462055.6,0.08885684615384615,5775.984159927587,37078.24949980435,0.1199861
0.005205522,0.01245286,460232.0,0.08850615384615385,5752.570200427205,36927.946346593424,0.1197811
0.005288718,0.01250708,458404.4,0.08815469230769231,5730.227252885643,36784.51842841203,0.1195827
0.005371942,0.01256126,456578.2,0.0878035,5707.928342471615,36641.3732013802,0.1193826
0.005455195,0.0126154,454754.0,0.08745269230769231,5686.409895593836,36503.238068026134,0.1191874
0.005538476,0.01266949,452931.5,0.08710221153846154,5664.991886512779,36365.74768326953,0.1189916
0.005621782,0.01272354,451114.3,0.08675275,5644.630528961422,36235.04034846039,0.1188041
0.005705118,0.01277754,449298.4,0.08640353846153846,5624.449943695601,36105.49346003063,0.118617
0.005788487,0.01283151,447484.3,0.08605467307692308,5605.618751077545,35984.60883865038,0.1184405
0.005871883,0.01288542,445670.6,0.08570588461538461,5586.964452150566,35864.859765469555,0.118264
0.005955306,0.0129393,443854.7,0.08535667307692307,5569.1873993805075,35750.74207059214,0.1180924
0.006038761,0.01299313,442039.1,0.08500751923076923,5551.500291345056,35637.20176533675,0.1179198
0.006122238,0.01304691,440224.3,0.08465851923076922,5534.196219901162,35526.120318332374,0.1177473
0.006205752,0.01310066,438410.3,0.08430967307692308,5516.934451842968,35415.31043292619,0.1175735
0.006289282,0.01315435,436601.0,0.08396173076923077,5500.286677935238,35308.44201059747,0.1174029
0.006372854,0.01320802,434792.3,0.08361390384615384,5483.730325779021,35202.16045942671,0.1172314
0.006456437,0.01326162,432988.4,0.08326700000000001,5467.774927911384,35099.73666347705,0.1170625
0.006540067,0.0133152,431185.3,0.08292025,5451.9177381051395,34997.94330260172,0.116893
0.006623714,0.01336873,429388.8,0.08257476923076923,5436.338539047722,34897.934470571745,0.1167226
0.006707388,0.01342221,427593.9,0.08222959615384616,5420.755425629825,34797.90051076605,0.1165505
0.00679109,0.01347565,425811.3,0.08188678846153846,5405.448563833642,34699.63991568418,0.1163784
0.006874819,0.01352905,424030.5,0.08154432692307692,5390.219631153648,34601.8795773782,0.1162056
0.006958577,0.0135824,422263.5,0.08120451923076923,5375.617033904319,34508.13992554325,0.1160364
0.007042362,0.01363571,420498.0,0.080865,5361.200149460708,34415.59243517466,0.1158676
0.007126176,0.01368897,418742.2,0.08052734615384616,5347.525113687247,34327.80715490243,0.1157025
0.007210017,0.0137422,416987.2,0.08018984615384615,5333.940488432075,34240.60225429569,0.1155363
0.007293886,0.01379537,415240.8,0.079854,5320.5383408325215,34154.568747490564,0.1153674
0.007377782,0.01384851,413495.4,0.07951834615384616,5307.116833755181,34068.41096479968,0.1151963
0.007461704,0.0139016,411763.7,0.07918532692307692,5293.284801198945,33979.61786218564,0.1150169
0.007545654,0.01395465,410033.9,0.07885267307692308,5279.3974963907895,33890.469945865334,0.1148354
0.007629631,0.01400766,408323.2,0.07852369230769231,5265.467267676903,33801.04648459163,0.1146506
0.007713635,0.01406063,406614.3,0.0781950576923077,5251.570604382358,33711.838492571034,0.1144648
0.007797666,0.01411355,404923.7,0.07786994230769231,5238.192687853746,33625.960534269696,0.1142814
0.007881725,0.01416643,403234.5,0.07754509615384615,5224.953618614553,33540.97388977687,0.1140981
0.007965812,0.01421926,401560.6,0.0772231923076923,5212.198356052799,33459.09298522359,0.1139159
0.008049925,0.01427205,399888.4,0.07690161538461539,5199.489608859202,33377.51068059345,0.1137325
0.008134066,0.0143248,398233.4,0.07658334615384615,5187.0261522416295,33297.5029899037,0.113548
0.008218232,0.01437751,396580.0,0.07626538461538461,5174.575136515491,33217.57516205012,0.1133618
0.008302426,0.01443017,394946.5,0.07595125,5162.3214725438775,33138.91421052286,0.1131745
0.008386646,0.01448279,393314.8,0.07563746153846154,5150.187216866472,33061.01978646563,0.1129871
0.008470894,0.01453536,391700.2,0.07532696153846154,5138.3703351414615,32985.16270708695,0.1127993
0.008555168,0.0145879,390087.1,0.07501675,5126.600647192227,32909.60858258914,0.1126103
0.008639468,0.01464039,388488.9,0.07470940384615385,5114.763527982826,32833.62159106481,0.1124166
0.008723795,0.01469284,386892.2,0.07440234615384615,5102.8837172347485,32757.36054623999,0.1122207
0.008808148,0.01474524,385312.0,0.07409846153846154,5090.521360634622,32678.00185519559,0.1120164
0.008892527,0.01479761,383733.5,0.07379490384615385,5078.131077624955,32598.463893856828,0.1118104
0.008976933,0.01484993,382172.5,0.07349471153846154,5065.64287874042,32518.29737310069,0.1116006
0.009061365,0.01490221,380612.8,0.07319476923076923,5053.1834299814755,32438.315410387,0.1113898
0.009145825,0.01495445,379067.0,0.0728975,5041.025279225005,32360.267594686222,0.1111792
0.009230311,0.01500664,377521.7,0.07260032692307693,5028.877063162157,32282.283553580153,0.1109668
0.009314824,0.01505879,375987.7,0.07230532692307692,5016.685271918135,32204.019786734738,0.1107505
0.009399363,0.01511089,374454.2,0.07201042307692308,5004.479787319784,32125.668117015244,0.1105321
0.009483928,0.01516296,372932.1,0.07171771153846153,4992.092499280282,32046.14938153444,0.1103086
0.00956852,0.01521498,371410.4,0.07142507692307692,4979.650457809426,31966.279162854844,0.1100827
0.009653138,0.01526696,369899.3,0.07113448076923076,4967.4475703833,31887.944165376317,0.1098565
0.009737783,0.0153189,368387.7,0.07084378846153846,4955.256425541161,31809.684548031593,0.1096285
0.009822453,0.01537079,366884.1,0.07055463461538461,4943.070852462131,31731.460697963415,0.1093971
0.009907149,0.01542264,365380.5,0.07026548076923077,4930.835503163667,31652.917315321698,0.1091631
0.00999187,0.01547445,363886.9,0.06997825,4918.129485698177,31571.35253385937,0.1089212
0.01007662,0.01552622,362393.8,0.06969111538461538,4905.288999084479,31488.924543550005,0.1086761
0.01016139,0.01557794,360915.2,0.06940676923076923,4892.061501312684,31404.01218072821,0.1084254
0.01024619,0.01562963,359437.2,0.06912253846153846,4878.7809359766325,31318.759156932738,0.1081726
0.01033101,0.01568127,357973.8,0.06884111538461538,4865.507724370379,31233.55333953892,0.1079188
0.01041586,0.01573287,356510.7,0.06855975,4852.280973604308,31148.645772032323,0.1076641
0.01050073,0.01578443,355059.4,0.06828065384615385,4838.9484510693555,31063.059215122696,0.1074068
0.01058563,0.01583594,353608.5,0.06800163461538461,4825.556826563159,30977.093260075017,0.1071472
0.01067056,0.01588741,352169.6,0.06772492307692307,4811.9449821629,30889.7136293747,0.1068844
0.01075551,0.01593884,350730.6,0.0674481923076923,4798.287625953867,30802.04184098244,0.1066194
0.01084049,0.01599023,349303.1,0.06717367307692307,4784.579673013132,30714.045252834854,0.1063535
0.01092549,0.01604157,347875.3,0.06689909615384615,4770.883117261322,30626.121827598177,0.106086
0.01101052,0.01609288,346456.1,0.06662617307692308,4757.276524015896,30538.775906067367,0.105819
0.01109558,0.01614414,345036.4,0.06635315384615385,4743.622546935717,30451.125809594487,0.1055495
0.01118066,0.01619535,343624.4,0.06608161538461539,4729.754718878288,30362.10292197975,0.1052772
0.01126577,0.01624653,342211.9,0.06580998076923078,4715.776919474426,30272.3740862689,0.1050018
0.0113509,0.01629767,340809.5,0.06554028846153846,4701.335937679877,30179.67190579631,0.1047218
0.01143605,0.01634876,339407.0,0.06527057692307692,4686.792428869254,30086.311565228887,0.104439
0.01152123,0.01639981,338016.0,0.06500307692307693,4671.98529303355,29991.25890204766,0.1041545
0.01160644,0.01645082,336624.6,0.0647355,4657.105016167826,29895.736718645338,0.1038676
0.01169167,0.01650179,335243.8,0.06446996153846153,4642.153735162387,29799.75873253738,0.1035814
0.01177693,0.01655271,333862.5,0.06420432692307693,4627.1720340859,29703.58546836893,0.1032932
0.01186221,0.01660359,332489.2,0.06394023076923078,4612.2371034855905,29607.71244175947,0.1030067
0.01194751,0.01665443,331115.0,0.06367596153846154,4597.232935633676,29511.39495477433,0.1027176
0.01203285,0.01670523,329747.6,0.063413,4582.039823349707,29413.86456127848,0.1024277
0.0121182,0.01675599,328379.4,0.06314988461538462,4566.729060076952,29315.578921127628,0.1021345
0.01220358,0.01680671,327019.7,0.06288840384615385,4550.918081478778,29214.082207655592,0.1018376
0.01228899,0.01685738,325659.6,0.06262684615384614,4534.940600741104,29111.51665332464,0.1015372
0.01237441,0.01690802,324310.5,0.06236740384615384,4518.596834230931,29006.5997706512,0.1012354
0.01245987,0.01695861,322960.9,0.062107865384615386,4502.146732294972,28901.000280245684,0.1009309
0.01254535,0.01700916,321621.7,0.061850326923076925,4485.672847619429,28795.248119346677,0.1006288
0.01263085,0.01705967,320281.7,0.06159263461538462,4469.161767251499,28689.257185084647,0.1003247
0.01271638,0.01711013,318948.5,0.06133625,4452.832996096893,28584.436563328767,0.1000246
0.01280193,0.01716056,317614.1,0.06107963461538461,4436.425949108567,28479.113459084692,0.09972173
0.01288751,0.01721094,316284.6,0.060823961538461535,4419.913340029473,28373.112711441536,0.09941924
0.01297311,0.01726128,314953.9,0.0605680576923077,4403.259353726948,28266.20440937668,0.09911329
0.01305874,0.01731158,313629.7,0.06031340384615385,4386.139890440492,28156.308032679222,0.09880391
0.01314439,0.01736184,312304.8,0.060058615384615384,4368.799550725104,28044.993765780924,0.09849031
0.01323006,0.01741206,310989.9,0.059805750000000005,4351.045551389556,27931.024059709038,0.09817463
0.01331576,0.01746224,309674.2,0.059552730769230774,4333.149372861781,27816.141651071302,0.09785591
0.01340148,0.01751237,308368.5,0.05930163461538462,4315.264649071577,27701.332774771236,0.09753968
0.01348723,0.01756247,307061.8,0.059050346153846155,4297.315706510247,27586.11165363939,0.09722128
0.013573,0.01761252,305761.2,0.05880023076923077,4279.74076077695,27473.291361062118,0.09690843
0.0136588,0.01766253,304458.8,0.05854976923076923,4262.087553544232,27359.968678013993,0.09659279
0.01374462,0.0177125,303159.5,0.05829990384615385,4244.462117956303,27246.82427176615,0.09627785
0.01383046,0.01776243,301858.6,0.05804973076923076,4226.685901712696,27132.71194687169,0.09595932
0.01391633,0.01781231,300561.6,0.057800307692307686,4208.5433530674645,27016.247994304566,0.09563701
0.01400222,0.01786216,299263.4,0.05755065384615385,4190.1778997661295,26898.35313157135,0.09531045
0.01408813,0.01791196,297971.9,0.05730228846153847,4171.551427870374,26778.782690737495,0.09498186
0.01417407,0.01796173,296679.1,0.05705367307692307,4152.760366550159,26658.15568749346,0.09464985
0.01426003,0.01801145,295393.4,0.05680642307692308,4133.963725851142,26537.492868084853,0.09431855
0.01434602,0.01806113,294106.2,0.056558884615384615,4115.04655956689,26416.05634888817,0.09398432
0.01443203,0.01811077,292824.1,0.056312326923076916,4096.38818003431,26296.281080740668,0.0936533
0.01451807,0.01816037,291540.1,0.05606540384615384,4077.6236270242493,26175.824244469142,0.09331933
0.01460412,0.01820993,290259.0,0.05581903846153846,4058.971406671781,26056.088514452385,0.09298625
0.0146902,0.01825945,288976.1,0.05557232692307692,4040.1586709576345,25935.322374991272,0.09264953
0.01477631,0.01830892,287696.3,0.05532621153846154,4021.192333579885,25813.570207755674,0.09231076
0.01486244,0.01835836,286414.8,0.05507976923076923,4002.0066698520845,25690.410100867906,0.09196766
0.01494859,0.01840776,285139.2,0.05483446153846154,3982.4107255742742,25564.61624634909,0.09162025
0.01503476,0.01845711,283862.2,0.054588884615384616,3962.621091154656,25437.579020795183,0.09126918
0.01512096,0.01850643,282592.6,0.05434473076923076,3942.8163125865494,25310.444579165094,0.09091893
0.01520718,0.0185557,281321.4,0.054100269230769236,3922.8854950925333,25182.501045506328,0.09056578
0.01529342,0.01860493,280055.0,0.05385673076923077,3903.408302457042,25057.469503158132,0.09021853
0.01537969,0.01865412,278786.4,0.053612769230769235,3883.866689188979,24932.024420152396,0.08986885
0.01546598,0.01870327,277518.9,0.053369019230769234,3864.645504664647,24808.63629169813,0.08952276
0.0155523,0.01875238,276249.2,0.053124846153846154,3845.2794319607196,24684.31807065291,0.0891731
0.01563864,0.01880145,274980.7,0.05288090384615385,3825.836055131509,24559.503604887264,0.0888227
0.015725,0.01885047,273710.1,0.05263655769230769,3806.1704485349537,24433.262561324358,0.08846784
0.01581138,0.01889946,272443.9,0.0523930576923077,3786.1918183407183,24305.012099672214,0.08811042
0.01589779,0.01894841,271176.1,0.052149249999999994,3766.0217329457887,24175.532613926025,0.0877493
0.01598422,0.01899732,269914.7,0.05190667307692308,3745.872346075942,24046.185999921872,0.08739019
0.01607067,0.01904618,268651.5,0.05166375,3725.5873523162672,23915.96887347244,0.08702802
0.01615714,0.01909501,267393.4,0.0514218076923077,3705.6741291859066,23788.138284757315,0.08667189
0.01624364,0.01914379,266132.2,0.05117926923076923,3685.682598739992,23659.80501146007,0.08631328
0.01633016,0.01919254,264872.0,0.050936923076923074,3665.8963424554736,23532.789471446253,0.08595829
0.01641671,0.01924124,263613.6,0.050694923076923075,3646.099279813927,23405.70456129724,0.08560145
0.01650328,0.0192899,262357.4,0.05045334615384616,3626.5010735015408,23279.89618591409,0.08524825
0.01658987,0.01933853,261097.5,0.050211057692307694,3606.6777345718806,23152.642598230716,0.08489073
0.01667648,0.01938711,259841.9,0.049969596153846156,3586.805166097718,23025.07298728909,0.08453442
0.01676311,0.01943565,258584.5,0.04972778846153846,3566.787555808046,22896.572297508872,0.08417492
0.01684977,0.01948415,257332.6,0.049487038461538464,3546.906628669791,22768.949029108346,0.08381927
0.01693645,0.01953261,256078.9,0.04924594230769231,3526.9169658856695,22640.627745045836,0.08346086
0.01702315,0.01958104,254830.2,0.049005807692307696,3507.2062005787925,22514.096810464875,0.08310804
0.01710988,0.01962942,253580.2,0.04876542307692308,3487.4375224673017,22387.19411146087,0.08275306
0.01719662,0.01967776,252334.0,0.04852576923076923,3468.1804490457707,22263.575598461255,0.08240613
0.01728339,0.01972606,251085.6,0.04828569230769231,3448.8397304355467,22139.42013503208,0.08205657
0.01737019,0.01977432,249840.4,0.048046230769230765,3429.7905737777023,22017.136319189816,0.08171216
0.017457,0.01982254,248593.4,0.04780642307692307,3410.622152150321,21894.086895933367,0.08136471
0.01754384,0.01987072,247351.6,0.04756761538461539,3391.431420891691,21770.894258628745,0.08101905
0.01763069,0.01991886,246108.3,0.04732851923076923,3372.0566214491587,21646.520017313673,0.08066962
0.01771757,0.01996696,244874.2,0.04709119230769231,3352.644839576204,21521.90837164562,0.08032272
0.01780447,0.02001502,243638.9,0.046853634615384616,3333.141624698519,21396.7097825809,0.07997356
0.0178914,0.02006305,242413.1,0.04661790384615385,3314.075500022267,21274.317042544488,0.07963265
0.01797834,0.02011103,241186.0,0.04638192307692308,3295.011757832544,21151.939596599525,0.07929064
0.01806531,0.02015897,239965.4,0.046147192307692306,3276.7200388878014,21034.51806287739,0.07896017
0.0181523,0.02020687,238743.3,0.04591217307692307,3258.4184834072944,20917.033384673345,0.07862809
0.01823932,0.02025473,237525.8,0.04567803846153846,3240.568685020757,20802.44870788546,0.07830314
0.01832635,0.02030255,236307.0,0.04544365384615385,3222.66601278747,20687.524613670605,0.07797608
0.01841341,0.02035033,235094.4,0.04521046153846154,3204.9344609402774,20573.699006604333,0.07765298
0.01850048,0.02039807,233880.8,0.04497707692307692,3187.1163438287763,20459.317704027275,0.07732751
0.01858759,0.02044577,232675.6,0.044745307692307695,3169.6441773735482,20347.15719091098,0.07700862
0.01867471,0.02049343,231469.5,0.04451336538461539,3152.135792646845,20234.76417887,0.07668809
0.01876186,0.02054106,230272.3,0.04428313461538461,3135.0317068174027,20124.9665159453,0.07637471
0.01884901,0.02058863,229074.2,0.044052730769230775,3117.910594759062,20015.059555151067,0.07605994
0.01893621,0.02063618,227885.5,0.04382413461538461,3101.195199887555,19907.75704801586,0.07575233
0.01902341,0.02068368,226696.2,0.04359542307692308,3084.4694193162795,19800.387871105147,0.07544345
0.01911065,0.02073115,225516.7,0.04336859615384615,3068.155920253886,19695.665286745112,0.07514182
0.01919789,0.02077857,224336.7,0.04314167307692308,3051.836015003264,19590.901578614837,0.07483902
0.01928517,0.02082596,223167.2,0.04291676923076923,3035.932919346206,19488.81353054113,0.07454354
0.01937246,0.0208733,221997.3,0.04269178846153846,3020.0324332313357,19386.742234115914,0.07424705
0.01945979,0.02092061,220839.1,0.042469057692307695,3004.416473407693,19286.497420680138,0.07395631
0.01954712,0.02096788,219680.8,0.04224630769230769,2988.7939009567217,19186.210158262653,0.07366453
0.01963448,0.02101511,218535.7,0.04202609615384616,2973.5475020666977,19088.33769768012,0.07337998
0.01972186,0.0210623,217390.7,0.04180590384615385,2958.3251566349254,18990.619645437655,0.07309486
0.01980926,0.02110945,216258.7,0.04158821153846154,2943.6551680249963,18896.447382706752,0.07281901
0.01989668,0.02115656,215126.7,0.04137051923076923,2929.0371813304114,18802.608940141938,0.0725429
0.01998413,0.02120363,214007.2,0.04115523076923077,2914.9114061986643,18711.930191687818,0.07227506
0.02007159,0.02125066,212887.8,0.040939961538461536,2900.824826388918,18621.503052983335,0.07200676
0.02015908,0.02129765,211781.3,0.04072717307692308,2887.1672830270986,18533.83006318582,0.07174598
0.02024659,0.0213446,210675.0,0.04051442307692308,2873.5493241499476,18446.41118132181,0.07148479
0.02033412,0.02139151,209581.7,0.04030417307692308,2860.4293039089143,18362.188757840373,0.07123198
0.02042166,0.02143838,208488.8,0.040094,2847.3891877665537,18278.479269302068,0.07097944
0.02050924,0.02148522,207408.4,0.03988623076923077,2834.9302357455545,18198.50049533907,0.07073604
0.02059683,0.02153201,206328.6,0.03967857692307693,2822.5105167328647,18118.773573048526,0.07049223
0.02068444,0.02157877,205262.3,0.03947351923076923,2810.4437282767385,18041.31224686594,0.07025477
0.02077207,0.02162548,204196.8,0.03926861538461538,2798.375424514002,17963.841193351178,0.07001646
0.02085972,0.02167216,203147.9,0.03906690384615385,2786.3760432757276,17886.812579858306,0.06978147
0.0209474,0.0217188,202100.1,0.03886540384615385,2774.3908898295103,17809.875299999516,0.06954609
0.02103509,0.0217654,201070.8,0.03866746153846154,2762.7387013597986,17735.075449560845,0.06931791
0.02112281,0.02181197,200042.5,0.038469711538461536,2751.168818104126,17660.803947742388,0.06909028
0.02121054,0.02185849,199030.8,0.03827515384615384,2740.3202375410724,17591.1627635393,0.0688743
0.0212983,0.02190497,198020.0,0.03808076923076923,2729.616856264262,17522.453669039623,0.06865962
0.02138608,0.02195141,197022.5,0.03788894230769231,2719.6844021331526,17458.693450482642,0.0684563
0.02147388,0.02199781,196025.9,0.03769728846153846,2709.8242316608244,17395.39724835314,0.06825304
0.0215617,0.02204418,195042.7,0.03750821153846154,2700.3376969935425,17334.499557233703,0.06805603
0.02164954,0.0220905,194060.6,0.037319346153846154,2690.8503891864416,17273.59690303433,0.0678582
0.0217374,0.02213679,193095.6,0.037133769230769234,2681.325493398141,17212.45295722014,0.06766206
0.02182528,0.02218304,192132.1,0.03694848076923077,2671.7856315746562,17151.212938707125,0.06746527
0.02191317,0.02222926,191188.7,0.036767057692307696,2662.4209105827763,17091.097216118764,0.06727372
0.02200108,0.02227543,190246.8,0.03658592307692307,2653.119911345853,17031.390547825467,0.06708265
0.02208903,0.02232157,189323.6,0.03640838461538461,2644.3758590436096,16975.259134732052,0.06690138
0.02217698,0.02236766,188401.9,0.036231134615384616,2635.7649048745043,16919.98212941605,0.06672145
0.02226498,0.02241372,187495.4,0.036056807692307694,2627.9177875164937,16869.608484475477,0.06655312
0.02235298,0.02245973,186590.3,0.03588275,2620.1622712903422,16819.822862203855,0.06638526
0.022441,0.02250571,185699.4,0.03571142307692308,2612.8545534729324,16772.911829035183,0.06622459
0.02252905,0.02255165,184809.9,0.035540365384615386,2605.575039907414,16726.181849737095,0.06606359
0.02261711,0.02259755,183936.7,0.03537244230769231,2598.4113660373746,16680.195489710117,0.06590591
0.02270518,0.02264341,183065.1,0.03520482692307692,2591.2366081287564,16634.137977003957,0.06574755
0.02279329,0.02268924,182212.0,0.03504076923076923,2584.2026619082367,16588.984388332083,0.06559346
0.0228814,0.02273502,181360.5,0.03487701923076923,2577.2102920074863,16544.097693944368,0.06543958
0.02296955,0.02278078,180527.4,0.03471680769230769,2570.5695217931725,16501.468052300705,0.06529262
0.0230577,0.02282648,179696.0,0.034556923076923075,2564.0096624739417,16459.357808611065,0.06514639
0.0231459,0.02287216,178881.0,0.034400192307692305,2558.003436066464,16420.80154614175,0.06500924
0.02323409,0.02291779,178067.5,0.03424375,2552.0781528153543,16382.764888723974,0.06487266
0.02332232,0.02296339,177269.0,0.03409019230769231,2546.5699304591994,16347.405504562423,0.06474296
0.02341056,0.02300895,176472.1,0.03393694230769231,2541.106552358833,16312.33399281512,0.06461331
0.02349882,0.02305446,175690.9,0.033786711538461536,2535.8788215746545,16278.775191238348,0.06448831
0.02358711,0.02309994,174911.2,0.033636769230769234,2530.66256469388,16245.290045032052,0.06436297
0.0236754,0.02314539,174148.7,0.033490134615384616,2525.5376495124287,16212.391256098119,0.06424079
0.02376372,0.02319079,173387.9,0.03334382692307692,2520.441448449908,16179.676794066132,0.06411868
0.02385206,0.02323616,172644.5,0.033200865384615384,2515.571616205483,16148.415479979834,0.06400164
0.02394042,0.02328149,171902.7,0.03305821153846154,2510.7614326841726,16117.537073840778,0.06388506
0.0240288,0.02332678,171177.2,0.03291869230769231,2506.3449997255366,16089.18630302746,0.06377542
0.0241172,0.02337203,170453.1,0.03277944230769231,2502.0066311609603,16061.336657390362,0.06366643
0.02420562,0.02341724,169743.8,0.03264303846153846,2498.0576652136156,16035.986735955725,0.06356388
0.02429405,0.02346242,169035.8,0.03250688461538461,2494.156703970974,16010.944975064618,0.06346149
0.02438251,0.02350756,168342.4,0.03237353846153846,2490.518949953135,15987.59284192891,0.06336385
0.02447098,0.02355265,167650.3,0.0322404423076923,2486.9059005663844,15964.399297260547,0.06326607
0.02455948,0.02359772,166973.4,0.03211026923076923,2483.4141574647238,15941.984463990953,0.0631714
0.02464799,0.02364274,166298.0,0.03198038461538462,2479.940559708854,15919.686112629874,0.06307659
0.02473653,0.02368773,165638.3,0.03185351923076923,2476.6283925513253,15898.42404596703,0.0629856
0.02482508,0.02373268,164980.0,0.031726923076923076,2473.3574898480842,15877.426871604648,0.06289485
0.02491365,0.02377759,164336.6,0.03160319230769231,2470.359563363358,15858.182035901335,0.06280919
0.02500224,0.02382246,163694.5,0.03147971153846154,2467.420749161384,15839.316664529584,0.06272401
0.02509085,0.02386729,163065.8,0.03135880769230769,2464.8843273590437,15823.034403737323,0.06264525
0.02517948,0.02391209,162438.3,0.031238134615384612,2462.4021883018618,15807.100604629302,0.06256675
0.02526813,0.02395685,161823.3,0.03111986538461538,2460.210638696721,15793.032210256903,0.06249291
0.0253568,0.02400157,161209.4,0.03100180769230769,2458.0445813189,15779.12746023301,0.06241896
0.02544549,0.02404625,160608.5,0.03088625,2455.999096153738,15765.996709316447,0.06234761
0.02553419,0.0240909,160008.7,0.030770903846153847,2453.9617761671548,15752.918373801342,0.06227595
0.02562292,0.02413551,159422.5,0.030658173076923076,2452.0426193747417,15740.598572983323,0.06220715
0.02571166,0.02418008,158837.5,0.030545673076923078,2450.1510615634097,15728.455940571266,0.06213841
0.02580042,0.02422461,158265.8,0.030435730769230767,2448.454026105953,15717.562021481574,0.06207341
0.0258892,0.02426911,157695.2,0.030326000000000002,2446.7932342331696,15706.900763811664,0.06200856
0.025978,0.02431357,157137.3,0.030218711538461535,2445.3664741258567,15697.741845474882,0.06194784
0.02606682,0.02435799,156580.4,0.030111615384615383,2443.9649512140018,15688.744934339637,0.06188704
0.02615565,0.02440237,156036.1,0.030006942307692307,2442.7141322656066,15680.715449534357,0.06182923
0.02624451,0.02444672,155492.7,0.02990244230769231,2441.4931460366643,15672.877472355223,0.06177146
0.02633338,0.02449103,154961.5,0.02980028846153846,2440.451985202076,15666.193863099139,0.06171702
0.02642228,0.0245353,154431.4,0.02969834615384615,2439.4435118765145,15659.72008745438,0.06166269
0.02651119,0.02457954,153913.1,0.029598673076923078,2438.597091540058,15654.286591872002,0.06161136
0.02660012,0.02462373,153395.8,0.029499192307692306,2437.774367102417,15649.005209319035,0.06155995
0.02668907,0.02466789,152890.1,0.02940194230769231,2437.0824924390326,15644.56380146866,0.06151119
0.02677803,0.02471201,152385.4,0.029304884615384615,2436.425258039603,15640.344762709692,0.06146252
0.02686702,0.0247561,151891.8,0.029209961538461535,2435.9369130886644,15637.209889858328,0.06141689
0.02695602,0.02480014,151399.1,0.02911521153846154,2435.493470168358,15634.363260300008,0.06137149
0.02704504,0.02484415,150916.1,0.029022326923076925,2435.3767722910507,15633.614132031806,0.06133084
0.02713408,0.02488812,150433.8,0.028929576923076922,2435.301841467114,15633.133122439636,0.06129027
0.02722314,0.02493206,149960.7,0.028838596153846156,2435.4329308789956,15633.974635467708,0.06125261
0.02731223,0.02497596,149488.2,0.028747730769230772,2435.580186284348,15634.919924185386,0.06121468
0.02740133,0.02501982,149025.6,0.02865876923076923,2435.743414301718,15635.967747203214,0.06117743
0.02749044,0.02506365,148563.7,0.02856994230769231,2435.9064244389883,15637.01417156543,0.06113982
0.02757957,0.02510744,148112.2,0.028483115384615388,2436.117258869194,15638.367598339093,0.0611036
0.02766872,0.02515119,147661.4,0.028396423076923076,2436.3534827380677,15639.884009621637,0.06106739
0.02775789,0.0251949,147220.7,0.028311673076923078,2436.74350911761,15642.387737992727,0.06103382
0.02784707,0.02523858,146780.7,0.028227057692307694,2437.1669342713362,15645.105865857979,0.06100036
0.02793628,0.02528222,146350.2,0.028144269230769233,2437.7566101468215,15648.891220635602,0.06096956
0.0280255,0.02532583,145920.3,0.028061596153846152,2438.353155508581,15652.720673270658,0.06093837
0.02811474,0.0253694,145500.0,0.02798076923076923,2438.997822000349,15656.85903382777,0.06090843
0.028204,0.02541293,145080.4,0.027900076923076923,2439.6715899954525,15661.184208055349,0.06087855
0.02829327,0.02545642,144669.7,0.027821096153846155,2440.4866460569765,15666.4163643717,0.06085099
0.02838257,0.02549988,144259.7,0.027742250000000003,2441.348028977981,15671.945910501943,0.06082371
0.02847188,0.0255433,143857.2,0.027664846153846154,2442.5007191582595,15679.34546924673,0.0608003
0.02856121,0.02558668,143455.2,0.027587538461538465,2443.696164586074,15687.019490263514,0.06077699
0.02865056,0.02563002,143059.9,0.02751151923076923,2445.078359072549,15695.892324850274,0.06075591
0.02873993,0.02567333,142665.0,0.027435576923076924,2446.476237372193,15704.865839827022,0.06073455
0.02882931,0.0257166,142277.4,0.02736103846153846,2447.8732973708006,15713.834101816718,0.06071323
0.02891871,0.02575984,141890.2,0.027286576923076924,2449.2682677014213,15722.788949429083,0.06069143
0.02900813,0.02580304,141510.9,0.027213634615384615,2450.664611774714,15731.752615620608,0.06067002
0.02909757,0.0258462,141132.0,0.027140769230769232,2452.083031459767,15740.857993599775,0.06064852
0.02918702,0.02588933,140760.8,0.027069384615384613,2453.5712257844484,15750.411281653704,0.06062819
0.02927649,0.02593242,140390.0,0.026998076923076923,2455.0902797689164,15760.16266965621,0.06060788
0.02936598,0.02597547,140026.3,0.026928134615384614,2456.7287556837673,15770.680672664552,0.06058921
0.02945549,0.02601849,139663.0,0.02685826923076923,2458.392830554579,15781.363005153342,0.06057047
0.02954501,0.02606147,139306.4,0.026789692307692306,2460.121137025666,15792.457664829119,0.06055257
0.02963455,0.02610442,138950.2,0.02672119230769231,2461.8722870534343,15803.698966024447,0.06053459
0.02972411,0.02614733,138600.5,0.02665394230769231,2463.6837834555818,15815.327653657077,0.06051738
0.02981369,0.0261902,138251.3,0.02658678846153846,2465.5180519102955,15827.102523797017,0.06050007
0.02990328,0.02623303,137908.3,0.02652082692307692,2467.392577746117,15839.135821449841,0.06048329
0.02999289,0.02627583,137565.8,0.026454961538461535,2469.286122867287,15851.291211163161,0.06046634
0.03008252,0.0263186,137229.5,0.02639028846153846,2471.2063254344694,15863.617725209046,0.06044975
0.03017217,0.02636132,136893.6,0.02632569230769231,2473.1501698464303,15876.096005290823,0.06043309
0.03026183,0.02640401,136563.6,0.02626223076923077,2475.1432464244353,15888.89032545953,0.06041702
0.03035151,0.02644667,136234.0,0.026198846153846152,2477.1652607077517,15901.870407816597,0.06040092
0.03044121,0.02648929,135909.8,0.026136499999999997,2479.254925004329,15915.28476145989,0.06038554
0.03053092,0.02653187,135585.9,0.026074211538461536,2481.371244661245,15928.87022604701,0.06037007
0.03062066,0.02657441,135267.2,0.02601292307692308,2483.527887210443,15942.71453868828,0.0603549
0.0307104,0.02661692,134948.7,0.02595167307692308,2485.7061570477786,15956.697685156541,0.06033958
0.03080017,0.0266594,134635.2,0.025891384615384618,2487.890122017793,15970.717390857752,0.06032414
0.03088995,0.02670183,134322.1,0.025831173076923078,2490.0943789688135,15984.867358539215,0.06030853
0.03097975,0.02674423,134013.7,0.025771865384615386,2492.315585659147,15999.126133074333,0.06029295
0.03106957,0.0267866,133705.6,0.025712615384615386,2494.5592274975716,16013.52892739819,0.06027724
0.0311594,0.02682893,133402.1,0.02565425,2496.813583505989,16028.00050007344,0.06026143
0.03124926,0.02687122,133098.8,0.025595923076923075,2499.0916532450956,16042.624300247713,0.06024547
0.03133912,0.02691348,132799.9,0.025538442307692307,2501.3650959588986,16057.218397778439,0.06022923
0.03142901,0.0269557,132501.3,0.025481019230769227,2503.660510992466,16071.953544026013,0.06021281
0.03151891,0.02699789,132206.8,0.025424384615384613,2505.9421955567286,16086.600549144297,0.06019598
0.03160883,0.02704004,131912.5,0.025367788461538462,2508.245853939632,16101.388612601293,0.06017898
0.03169876,0.02708215,131622.3,0.025311980769230767,2510.527209547632,16116.033506023621,0.06016143
0.03178871,0.02712423,131332.2,0.02525619230769231,2512.830539321021,16130.819460010574,0.06014374
0.03187868,0.02716627,131045.8,0.025201115384615384,2515.1281196703385,16145.56850624738,0.06012565
0.03196867,0.02720828,130759.6,0.025146076923076924,2517.4532952823433,16160.494697020356,0.06010748
0.03205867,0.02725025,130476.6,0.025091653846153847,2519.76967160321,16175.364401781046,0.06008879
0.03214869,0.02729219,130193.8,0.02503726923076923,2522.1055920746653,16190.359567912768,0.06006987
0.03223872,0.02733409,129914.1,0.02498348076923077,2524.38790345392,16205.01059679601,0.0600499
0.03232877,0.02737595,129634.7,0.02492975,2526.6790110485867,16219.718091947281,0.06002961
0.03241884,0.02741778,129358.9,0.02487671153846154,2528.808761549133,16233.389774251995,0.06000708
0.03250893,0.02745958,129083.2,0.024823692307692307,2530.9445208353523,16247.10002924808,0.05998423
0.03259903,0.02750134,128811.5,0.024771442307692307,2532.9536244488745,16259.997233082186,0.05995976
0.03268914,0.02754306,128539.9,0.024719211538461537,2534.9840920298398,16273.031580387118,0.05993519
0.03277928,0.02758475,128271.6,0.024667615384615385,2536.989058902933,16285.902228903633,0.05991009
0.03286943,0.0276264,128003.5,0.024616057692307694,2539.0338570964354,16299.028569886603,0.05988509
0.03295959,0.02766802,127737.6,0.024564923076923078,2541.127695157888,16312.469716521551,0.05986016
0.03304978,0.0277096,127471.7,0.024513788461538462,2543.245690589395,16326.065938546137,0.05983501
0.03313998,0.02775114,127207.7,0.02446301923076923,2545.2977278537765,16339.238749891343,0.05980844
0.03323019,0.02779265,126943.8,0.02441226923076923,2547.3515983075777,16352.423329179952,0.05978138
0.03332043,0.02783413,126682.3,0.02436198076923077,2549.1772926055623,16364.143158531406,0.05975117
0.03341067,0.02787557,126420.9,0.02431171153846154,2550.986720774731,16375.758569386213,0.05972031
0.03350094,0.02791697,126162.8,0.024262076923076924,2552.5443873414415,16385.75782630916,0.0596864
0.03359122,0.02795834,125904.8,0.02421246153846154,2554.108470135697,16395.798271448555,0.05965221
0.03368151,0.02799968,125650.1,0.02416348076923077,2555.5267852576208,16404.90297819704,0.05961623
0.03377182,0.02804097,125395.5,0.02411451923076923,2556.967586681184,16414.15203310844,0.0595802
0.03386215,0.02808224,125143.2,0.024066,2558.3921514694057,16423.296858853075,0.05954368
0.0339525,0.02812347,124891.0,0.0240175,2559.840138204798,16432.592039026833,0.05950702
0.03404286,0.02816466,124640.3,0.023969288461538462,2561.202340833471,16441.33653823887,0.05946881
0.03413324,0.02820582,124389.7,0.023921096153846154,2562.5697718484735,16450.114600460678,0.0594302
0.03422363,0.02824694,124140.7,0.023873211538461538,2563.741947436372,16457.639243482936,0.05938881
0.03431404,0.02828803,123891.8,0.023825346153846155,2564.90560555056,16465.109209586666,0.05934685
0.03440446,0.02832908,123645.0,0.023777884615384614,2565.8057350672784,16470.887484921037,0.05930151
0.0344949,0.0283701,123398.2,0.023730423076923076,2566.707727633054,16476.677719879233,0.05925581
0.03458536,0.02841108,123153.6,0.023683384615384617,2567.400474121169,16481.124724305704,0.05920743
0.03467583,0.02845203,122909.1,0.023636365384615384,2568.0961830666674,16485.59074587817,0.05915872
0.03476632,0.02849294,122666.6,0.02358973076923077,2568.6152666099338,16488.922941499826,0.05910767
0.03485682,0.02853382,122424.2,0.023543115384615385,2569.1396222663834,16492.28898083064,0.05905631
0.03494734,0.02857467,122183.8,0.023496884615384617,2569.412244589217,16494.039047698097,0.05900173
0.03503787,0.02861548,121943.5,0.023450673076923077,2569.679194929843,16495.752703944327,0.05894673
0.03512842,0.02865625,121705.3,0.023404865384615385,2569.699385397862,16495.882314273924,0.05888873
0.03521899,0.02869699,121467.1,0.023359057692307693,2569.725131105619,16496.047585810225,0.05883043
0.03530957,0.02873769,121230.7,0.023313596153846153,2569.563627479468,16495.01083231857,0.05876977
0.03540017,0.02877836,120994.4,0.023268153846153845,2569.415984659142,16494.063056636136,0.05870896
0.03549078,0.028819,120759.0,0.023222884615384614,2569.151383777432,16492.364482464487,0.05864639
0.03558141,0.0288596,120523.6,0.023177615384615387,2568.887698583804,16490.67178644455,0.0585834
0.03567206,0.02890016,120288.9,0.02313248076923077,2568.3998749314846,16487.540260008223,0.05851738
0.03576272,0.02894069,120054.1,0.023087326923076926,2567.8958004563583,16484.304413330374,0.05845074
0.03585339,0.02898119,119820.5,0.023042403846153848,2567.0340977348887,16478.77281427874,0.05837968
0.03594408,0.02902165,119586.8,0.02299746153846154,2566.1448535102422,16473.064415793775,0.05830796
0.03603479,0.02906208,119354.9,0.022952865384615384,2564.9213770809083,16465.21045306675,0.05823235
0.03612551,0.02910247,119123.0,0.022908269230769232,2563.6833347509,16457.262986257225,0.05815627
0.03621625,0.02914283,118892.6,0.022863961538461538,2562.174749688406,16447.578802265358,0.05807707
0.036307,0.02918316,118662.2,0.022819653846153847,2560.6634067732903,16437.876914563658,0.05799752
0.03639777,0.02922345,118432.8,0.02277553846153846,2558.965293818671,16426.976078607935,0.05791569
0.03648855,0.0292637,118203.3,0.022731403846153846,2557.2636270649054,16416.05242945748,0.05783348
0.03657935,0.02930392,117974.2,0.02268734615384615,2555.3370900690347,16403.685252293268,0.05774839
0.03667016,0.02934411,117745.0,0.02264326923076923,2553.3955009147003,16391.221449571996,0.05766273
0.03676099,0.02938426,117516.0,0.02259923076923077,2551.149653843397,16376.804499015603,0.05757335
0.03685183,0.02942438,117286.9,0.022555173076923077,2548.8691210129846,16362.164887317018,0.0574832
0.03694269,0.02946446,117058.8,0.02251130769230769,2546.1258389114414,16344.55471121663,0.05738767
0.03703356,0.02950451,116830.7,0.022467442307692306,2543.330889341236,16326.612861891208,0.05729127
0.03712445,0.02954453,116604.7,0.02242398076923077,2540.1483622196206,16306.183004158249,0.05719078
0.03721535,0.02958451,116378.7,0.02238051923076923,2536.9589561188027,16285.708987629125,0.05708996
0.03730627,0.02962446,116153.7,0.02233725,2533.545163978179,16263.79455136583,0.05698678
0.0373972,0.02966437,115928.7,0.022293980769230767,2530.136892119216,16241.915551899987,0.05688343
0.03748815,0.02970425,115703.2,0.022250615384615383,2526.6597092218003,16219.59418614533,0.05677911
0.03757911,0.02974409,115477.6,0.02220723076923077,2523.1722658508725,16197.206954490368,0.05667425
0.03767009,0.0297839,115250.5,0.02216355769230769,2519.4380767837956,16173.235767922873,0.05656593
0.03776109,0.02982367,115023.2,0.022119846153846153,2515.6581870765426,16148.971211482498,0.05645667
0.0378521,0.02986342,114795.0,0.022075961538461537,2511.389332965249,16121.567805684586,0.05634166
0.03794312,0.02990312,114566.7,0.02203205769230769,2507.033852805818,16093.608314181261,0.0562253
0.03803416,0.0299428,114339.1,0.021988288461538462,2502.179558243497,16062.446742413806,0.05610345
0.03812521,0.02998244,114111.4,0.0219445,2497.273855309525,16030.955160664036,0.05598083
0.03821626,0.03002205,113884.6,0.021900884615384617,2492.032403195876,15997.308276630061,0.05585464
0.03830736,0.03006163,113657.7,0.021857249999999998,2486.7599976769557,15963.462690859424,0.05572787
0.03839844,0.03010116,113430.7,0.021813596153846152,2481.3130997177113,15928.496971435537,0.05559922
0.03848956,0.03014067,113203.6,0.02176992307692308,2475.837166755629,15893.344865233286,0.05546991
0.03858069,0.03018014,112975.7,0.021726096153846155,2470.1028695673517,15856.53422033435,0.05533753
0.03867183,0.03021958,112747.6,0.02168223076923077,2464.3235590588283,15819.434617731813,0.05520431
0.03876299,0.03025898,112518.4,0.021638153846153845,2458.22766955814,15780.302773604215,0.05506735
0.03885416,0.03029835,112289.1,0.021594057692307694,2452.078057642741,15740.826064767638,0.05492945
0.03894534,0.03033769,112058.7,0.02154975,2445.571304969432,15699.056732931816,0.05478742
0.03903654,0.03037699,111828.2,0.021505423076923075,2439.01213829051,15656.950935564995,0.05464452
0.03912776,0.03041626,111596.6,0.021460884615384618,2432.141603243594,15612.846345660808,0.05449809
0.03921898,0.03045549,111364.8,0.021416307692307693,2425.2162804502577,15568.390052276302,0.05435075
0.03931022,0.0304947,111131.8,0.0213715,2417.996849857512,15522.04576853995,0.05420007
0.03940148,0.03053386,110898.5,0.021326634615384615,2410.7223786455993,15475.348158036491,0.05404846
0.03949275,0.030573,110663.8,0.021281500000000002,2403.1696235083314,15426.864136675524,0.05389367
0.03958404,0.0306121,110428.8,0.021236307692307693,2395.560881712897,15378.020715561595,0.05373795
0.03967534,0.03065117,110192.1,0.021190788461538462,2387.679062774587,15327.424307916564,0.0535791
0.03976665,0.0306902,109955.2,0.02114523076923077,2379.7397541104215,15276.458851752715,0.05341929
0.03985798,0.0307292,109716.4,0.02109930769230769,2371.532759208355,15223.775015336816,0.05325645
0.03994932,0.03076817,109477.4,0.02105334615384615,2363.2653384405958,15170.703282198498,0.05309263
0.04004068,0.0308071,109236.6,0.021007038461538462,2354.725249464452,15115.881187635838,0.0529258
0.04013205,0.030846,108995.6,0.02096069230769231,2346.1230778882195,15060.660561139575,0.05275795
0.04022344,0.03088487,108753.1,0.020914057692307694,2337.2867507113006,15003.936800364614,0.05258768
0.04031483,0.0309237,108510.3,0.020867365384615384,2328.3901347822034,14946.826023051273,0.05241643
0.04040625,0.0309625,108266.3,0.020820442307692307,2319.3200505465993,14888.60168639101,0.05224353
0.04049768,0.03100127,108022.0,0.02077346153846154,2310.19244548834,14830.00810158969,0.05206969
0.04058912,0.03104,107776.6,0.020726269230769232,2300.9333255214533,14770.570272334084,0.0518947
0.04068057,0.0310787,107531.0,0.02067903846153846,2291.6174633630762,14710.768193268408,0.05171874
0.04077204,0.03111737,107284.5,0.020631634615384614,2282.160618439378,14650.06109195838,0.05154159
0.04086353,0.031156,107037.7,0.020584173076923076,2272.6440865489917,14588.970837200997,0.05136345
0.04095503,0.0311946,106790.3,0.020536596153846155,2262.9742705647154,14526.896593270472,0.05118406
0.04104654,0.03123317,106542.8,0.020489,2253.2467799427227,14464.452113801231,0.0510037
0.04113807,0.0312717,106295.0,0.020441346153846154,2243.3890555729718,14401.171614138899,0.05082248
0.04122961,0.03131021,106047.0,0.020393653846153846,2233.4804207223283,14337.564300645296,0.05064037
0.04132116,0.03134867,105799.0,0.02034596153846154,2223.4671903884137,14273.285548775493,0.05045777
0.04141273,0.03138711,105550.8,0.02029823076923077,2213.4066377998165,14208.703017269625,0.05027434
0.04150431,0.03142551,105302.9,0.020250557692307693,2203.2780263520804,14143.683589939608,0.05009092
0.04159591,0.03146388,105055.0,0.020202884615384616,2193.1103528240224,14078.413408189213,0.04990677
0.04168752,0.03150222,104807.6,0.020155307692307695,2182.9304610618674,14013.064792925192,0.04972331
0.04177914,0.03154052,104560.0,0.02010769230769231,2172.705211931135,13947.425011379859,0.04953901
0.04187078,0.03157879,104313.6,0.020060307692307693,2162.4395696348606,13881.525930669466,0.04935516
0.04196243,0.03161703,104067.1,0.020012903846153847,2152.118486673723,13815.270955145774,0.04917034
0.04205409,0.03165523,103822.9,0.019965942307692306,2141.6967770348806,13748.370018525417,0.04898548
0.04214577,0.0316934,103578.6,0.019918961538461538,2131.208648758584,13681.04271529068,0.04879951
0.04223746,0.03173155,103337.9,0.019872673076923076,2120.631812416292,13613.145961082299,0.04861393
0.04232917,0.03176965,103097.2,0.019826384615384614,2110.0111483342903,13544.967859864824,0.0484276
0.04242088,0.03180773,102860.6,0.019780884615384617,2099.4316177490964,13477.053810281706,0.04824325
0.04251261,0.03184577,102624.2,0.019735423076923077,2088.830557585005,13409.001554104545,0.0480584
0.04260436,0.03188378,102391.6,0.01969069230769231,2078.397942583986,13342.030611797107,0.04787688
0.04269612,0.03192175,102159.1,0.01964598076923077,2067.949277314297,13274.956636681787,0.04769486
0.0427879,0.0319597,101930.0,0.019601923076923076,2057.5920876869172,13208.469878670043,0.047515
0.04287968,0.0319976,101701.0,0.019557884615384616,2047.1994044703927,13141.75527374641,0.04733438
0.04297148,0.03203548,101475.7,0.019514557692307692,2036.7782232260997,13074.857729092579,0.04715444
0.04306329,0.03207332,101250.4,0.01947123076923077,2026.3039745741069,13007.61952447007,0.04697355
0.04315512,0.03211114,101029.2,0.019428692307692307,2015.7014831778545,12939.558080666751,0.04679223
0.04324696,0.03214892,100808.2,0.019386192307692306,2005.049380692534,12871.178164324814,0.04661007
0.04333882,0.03218667,100591.4,0.0193445,1994.3461083846546,12802.469769338344,0.04642843
0.04343068,0.03222438,100374.8,0.019302846153846153,1983.6052096286571,12733.519835803207,0.04624611
0.04352256,0.03226207,100161.8,0.019261884615384615,1972.8920563458475,12664.748011062842,0.04606502
0.04361445,0.03229972,99948.89,0.019220940384615384,1962.152528827882,12595.806880028624,0.04588339
0.04370636,0.03233733,99738.29,0.019180440384615385,1951.4863517656765,12527.336613599344,0.04570321
0.04379828,0.03237492,99527.7,0.019139942307692306,1940.7858785627661,12458.646187137292,0.04552228
0.04389022,0.03241247,99318.2,0.019099653846153846,1930.0546310694087,12389.75820874508,0.04534126
0.04398216,0.03244999,99108.7,0.019059365384615383,1919.2619269626152,12320.4757168668,0.04515914
0.04407412,0.03248748,98899.61,0.01901915576923077,1908.226384625027,12249.63435358926,0.04497424
0.04416609,0.03252493,98689.92,0.018978830769230768,1897.8525933166377,12183.041023043113,0.04479677
0.04425808,0.03256236,98477.3,0.01893794230769231,1907.3597185460433,12244.070892849093,0.04485347
0.04435008,0.03259975,98265.92,0.01889729230769231,1914.8281862698764,12292.01384109447,0.04488607
0.04444209,0.03263711,98055.74,0.01885687307692308,1903.4943252568755,12219.257456242918,0.04469772
0.04453411,0.03267444,97845.08,0.01881636153846154,1891.741902582619,12143.814164142772,0.04450412
0.04462615,0.03271173,97632.28,0.018775438461538462,1880.0191324638909,12068.561223127694,0.0443106
0.0447182,0.03274899,97419.29,0.018734478846153844,1868.2447999717024,11992.97728353384,0.0441161
0.04481027,0.03278623,97202.76,0.01869283846153846,1856.3832692534975,11916.833585206125,0.04392003
0.04490234,0.03282342,96985.98,0.01865115,1844.450260224604,11840.231040288087,0.04372269
0.04499443,0.03286059,96764.57,0.018608571153846155,1832.4027274514244,11762.89332369251,0.04352329
0.04508654,0.03289773,96542.87,0.018565936538461537,1820.2736972931655,11685.032444239507,0.04332249
0.04517866,0.03293483,96315.76,0.018522261538461537,1808.0182107241503,11606.359792763062,0.04311941
0.04527078,0.0329719,96088.3,0.018478519230769232,1795.6738044804383,11527.116331915857,0.04291484
0.04536293,0.03300894,95854.85,0.018433625000000002,1783.2372342704164,11447.281235350287,0.04270835
0.04545508,0.03304594,95621.01,0.01838865576923077,1770.7087890649366,11366.856358080673,0.04250033
0.04554725,0.03308292,95380.69,0.018342440384615386,1758.127049691268,11286.08936518015,0.04229087
0.04563942,0.03311986,95139.94,0.018296142307692307,1745.4531929688874,11204.731035817438,0.04207983
0.04573162,0.03315677,94892.4,0.018248538461538462,1732.7619618534345,11123.261173586317,0.04186781
0.04582383,0.03319365,94644.41,0.018200848076923078,1719.9710817708992,11041.151626556626,0.04165412
0.04591604,0.0332305,94389.71,0.018151867307692308,1707.1868825600286,10959.084966595114,0.04143983
0.04600827,0.03326732,94134.54,0.018102796153846152,1694.3036657802195,10876.382675020994,0.0412239
0.04610052,0.0333041,93873.02,0.018052503846153846,1681.5122852457182,10794.269915398896,0.04100858
0.04619277,0.03334085,93611.02,0.01800211923076923,1668.6313955018647,10711.582561957806,0.04079172
0.04628504,0.03337757,93342.94,0.017950565384615386,1655.9482720994195,10630.164746234681,0.04057693
0.04637733,0.03341426,93074.39,0.017898921153846153,1643.1922028191138,10548.278663046756,0.04036081
0.04646961,0.03345091,92800.1,0.01784617307692308,1630.6970207974657,10468.067314865022,0.04014766
0.04656193,0.03348754,92525.36,0.017793338461538463,1618.123368081143,10387.352233308158,0.03993303
0.04665423,0.03352412,92245.79,0.017739575,1605.7832454925165,10308.13627087986,0.03972127
0.04674657,0.03356069,91965.8,0.01768573076923077,1593.3571985738486,10228.368727342757,0.03950796
0.04683892,0.03359722,91682.64,0.017631276923076922,1581.1454439781471,10149.976808114316,0.03929766
0.04693128,0.03363372,91399.13,0.01757675576923077,1568.8531954705975,10071.068167706577,0.03908593
0.04702365,0.03367019,91114.39,0.017521998076923076,1556.884487447545,9994.236457303374,0.03887908
0.04711603,0.03370662,90829.39,0.017467190384615385,1544.8549608504297,9917.014329232654,0.03867107
0.04720842,0.03374303,90544.89,0.017412478846153847,1533.26934305403,9842.641821384628,0.03846982
0.04730083,0.0337794,90260.21,0.017357732692307695,1521.6411181672772,9767.995802342177,0.03826768
0.04739325,0.03381575,89977.74,0.01730341153846154,1510.5142430130072,9696.56813881334,0.03807331
0.04748568,0.03385206,89695.16,0.017249069230769232,1499.3500256240452,9624.900761210425,0.03787807
0.04757812,0.03388834,89416.69,0.01719551730769231,1488.673630448216,9556.364900805145,0.03769079
0.04767058,0.03392458,89138.21,0.017141963461538463,1477.9733528148568,9487.675729778775,0.03750287
0.04776305,0.0339608,88865.79,0.017089575,1467.7939039577602,9422.329957691572,0.03732364
0.04785552,0.03399698,88593.46,0.017037203846153846,1457.6047181590557,9356.921680455409,0.037144
0.04794802,0.03403314,88328.92,0.01698633076923077,1447.973794991732,9295.097104379018,0.03697379
0.04804052,0.03406926,88064.57,0.016935494230769232,1438.345313843539,9233.288204556597,0.03680333
0.04813304,0.03410535,87809.71,0.016886482692307695,1429.2540847650887,9174.928131070023,0.03664221
0.04822557,0.0341414,87555.12,0.016837523076923076,1420.1676262668095,9116.59868176055,0.03648088
0.04831811,0.03417743,87311.73,0.016790717307692306,1411.5681961296566,9061.395653609328,0.03632842
0.04841066,0.03421343,87068.71,0.016743982692307695,1402.9758632062244,9006.238185185039,0.0361758
0.04850322,0.03424939,86838.34,0.016699680769230767,1394.8496839436577,8954.073135241177,0.03603192
0.04859581,0.03428533,86608.41,0.016655463461538463,1386.7443797811807,8902.042090541792,0.03588812
0.04868839,0.03432123,86392.1,0.016613865384615387,1379.0933840608116,8852.927425337215,0.0357529
0.048781,0.0343571,86176.27,0.016572359615384617,1371.4693556365685,8803.985873511487,0.03561784
0.0488736,0.03439294,85974.55,0.016533567307692308,1364.2607851045514,8757.71130465491,0.03549079
0.04896624,0.03442875,85773.33,0.016494871153846156,1357.0787057868856,8711.606793026343,0.03536389
0.04905887,0.03446453,85586.5,0.016458942307692306,1350.2518176470217,8667.782389297316,0.03524409
0.04915152,0.03450028,85400.19,0.016423113461538463,1343.447026303397,8624.0998333472,0.03512441
0.04924419,0.034536,85228.26,0.01639005,1336.9783051730624,8582.574640518726,0.03501142
0.04933686,0.03457169,85056.83,0.016357082692307692,1330.5350112052715,8541.212674363103,0.03489862
0.04942955,0.03460735,84899.25,0.016326778846153845,1324.4159872968862,8501.932321632146,0.03479212
0.04952225,0.03464297,84742.16,0.01629656923076923,1318.3249165078396,8462.831410655952,0.03468583
0.04961496,0.03467857,84597.93,0.01626883269230769,1312.5160464327528,8425.542053900042,0.03458495
0.04970768,0.03471413,84454.14,0.01624118076923077,1306.7299558948819,8388.39892769827,0.03448421
0.04980041,0.03474966,84321.92,0.016215753846153844,1301.157757820215,8352.628858952545,0.03438762
0.04989315,0.03478516,84190.1,0.016190403846153847,1295.6023489702604,8316.966566655916,0.0342911
0.04998591,0.03482063,84068.31,0.01616698269230769,1290.1910472998854,8282.229353412695,0.03419746
0.05007868,0.03485607,83946.86,0.01614362692307692,1284.790469124194,8247.560978379617,0.03410379
0.05017146,0.03489148,83833.7,0.016121865384615384,1279.4752694206156,8213.440680384714,0.03401189
0.05026425,0.03492686,83720.82,0.016100157692307694,1274.1686120072834,8179.375218615169,0.03391996
0.05035705,0.03496221,83614.19,0.016079651923076924,1268.906889633136,8145.598212033178,0.0338289
0.05044987,0.03499753,83507.78,0.016059188461538462,1263.6511358229889,8111.859519944275,0.03373777
0.05054269,0.03503281,83405.37,0.01603949423076923,1258.4007673562107,8078.155398432358,0.03364664
0.05063553,0.03506807,83303.11,0.016019828846153845,1253.1547077833409,8044.4789373569965,0.03355541
0.05072839,0.0351033,83202.43,0.016000467307692307,1247.8708281497836,8010.5596948599,0.03346323
0.05082125,0.03513849,83101.84,0.015981123076923075,1242.5852456799355,7976.629521205949,0.03337084
0.0509141,0.03517365,83000.48,0.015961630769230767,1237.1876126569027,7941.980052233219,0.03327619
0.051007,0.03520878,82899.14,0.01594214230769231,1231.778550211504,7907.257213430795,0.03318119
0.05109989,0.03524388,82794.93,0.01592210192307692,1226.191246231172,7871.3901741041855,0.03308279
0.0511928,0.03527896,82690.68,0.015902053846153844,1220.5826562698594,7835.3864919316475,0.03298392
0.05128572,0.035314,82581.73,0.015881101923076922,1214.7763436086254,7798.113552192524,0.0328812
0.05137864,0.03534901,82472.68,0.01586013076923077,1208.9445310876029,7760.676919109155,0.03277795
0.05147159,0.035384,82357.28,0.015837938461538463,1202.8947750611505,7721.841223381667,0.03267043
0.05156454,0.03541894,82241.71,0.015815713461538462,1196.8105447177684,7682.784223840132,0.03256223
0.05165752,0.03545387,82118.5,0.01579201923076923,1190.4937262932624,7642.234152526964,0.03244946
0.05175049,0.03548876,81995.07,0.015768282692307695,1184.1326746867605,7601.400131515735,0.03233584
0.05184348,0.03552362,81863.14,0.015742911538461538,1177.52642891024,7558.9921154310905,0.03221746
0.05193648,0.03555845,81730.96,0.01571749230769231,1170.873121179349,7516.281990677556,0.03209822
0.05202949,0.03559325,81589.64,0.015690315384615384,1164.0203454541709,7472.291404645972,0.03197485
0.05212251,0.03562802,81448.03,0.015663082692307692,1157.1202149815108,7427.99683039463,0.0318506
0.05221554,0.03566276,81296.78,0.015633996153846155,1150.0787035589617,7382.794677800037,0.03172304
0.05230858,0.03569747,81145.2,0.015604846153846153,1142.989977949751,7337.289439299302,0.03159458
0.05240164,0.03573215,80983.73,0.01557379423076923,1135.7928964365149,7291.088622844581,0.03146329
0.05249471,0.0357668,80821.92,0.015542676923076922,1128.541239311116,7244.537464680402,0.03133095
0.05258779,0.03580142,80650.37,0.015509686538461537,1121.1809955138208,7197.28924717509,0.03119585
0.05268088,0.03583601,80478.48,0.01547663076923077,1113.758818453941,7149.643456390685,0.03105959
0.05277398,0.03587057,80297.54,0.015441834615384615,1106.2355040998136,7101.348426666903,0.03092086
0.05286709,0.03590509,80116.26,0.015406973076923076,1098.6458644584586,7052.627629579521,0.0307809
0.05296021,0.03593959,79926.93,0.01537056346153846,1091.0154131978547,7003.644847112833,0.03063957
0.05305334,0.03597406,79737.27,0.015334090384615385,1083.3242926665052,6954.2726054136765,0.03049711
0.05314648,0.0360085,79540.6,0.015296269230769231,1075.6794023004256,6905.197132811323,0.03035474
0.05323964,0.03604291,79343.61,0.015258386538461538,1067.9805515370151,6855.775267798614,0.03021132
0.05333281,0.03607729,79140.62,0.01521935,1060.404972189944,6807.1447291131,0.03006926
0.05342599,0.03611164,78937.31,0.015180251923076923,1052.7802238763595,6758.198556042597,0.0299262
0.05351918,0.03614596,78729.08,0.015140207692307693,1045.3003517806662,6710.182398776298,0.02978497
0.05361238,0.03618025,78520.58,0.015100111538461539,1037.7721952208683,6661.856285083965,0.02964275
0.05370559,0.03621451,78308.4,0.015059307692307691,1030.4057012370495,6614.567945242973,0.02950279
0.05379881,0.03624873,78095.98,0.015018457692307691,1022.994946899319,6566.995481277009,0.02936191
0.05389204,0.03628293,77881.15,0.01497714423076923,1015.7671235719096,6520.597321369737,0.0292238
0.05398529,0.0363171,77666.13,0.014935794230769232,1008.5009766229891,6473.953147491377,0.02908489
0.05407854,0.03635124,77449.94,0.014894219230769232,1001.4640606988035,6428.780495156858,0.02894961
0.05417181,0.03638535,77233.59,0.01485261346153846,994.3931595749758,6383.389678839069,0.02881356
0.05426508,0.03641943,77017.2,0.014811,987.5586300801118,6339.516222332306,0.0286814
0.05435837,0.03645348,76800.7,0.014769365384615384,980.6938085466943,6295.448309654568,0.02854855
0.05445167,0.03648751,76585.25,0.014727932692307693,974.058790695908,6252.855594630538,0.02841962
0.05454498,0.0365215,76369.72,0.014686484615384616,967.394817966553,6210.077007176445,0.02829002
0.05463829,0.03655546,76156.31,0.01464544423076923,960.9694656425024,6168.830215288033,0.02816465
0.05473162,0.0365894,75942.86,0.014604396153846153,954.5237674201562,6127.452815303683,0.02803876
0.05482496,0.0366233,75732.3,0.014563903846153846,948.3510786208913,6087.8279671312,0.0279177
0.05491832,0.03665717,75521.74,0.01452341153846154,942.1660841791576,6048.124124337355,0.02779626
0.05501167,0.03669102,75314.6,0.014483576923076924,936.2706533823466,6010.279101231245,0.02767993
0.05510505,0.03672483,75107.48,0.014443746153846153,930.3664882453171,5972.378009057617,0.02756326
0.05519843,0.03675862,74904.18,0.014404649999999998,924.723307924871,5936.152278151785,0.02745127
0.05529183,0.03679237,74700.92,0.014365561538461538,919.0727462407343,5899.879163451782,0.02733897
0.05538523,0.0368261,74501.83,0.014327275,913.6687119919104,5865.188602564597,0.02723116
0.05547865,0.03685979,74302.8,0.014289000000000001,908.2603277085918,5830.470117143713,0.0271231
0.05557208,0.03689346,74108.15,0.014251567307692307,903.0904049140408,5797.282407142533,0.02701941
0.05566551,0.0369271,73913.58,0.01421415,897.9202983584756,5764.093517509182,0.02691557
0.05575896,0.0369607,73723.47,0.014177590384615385,892.9852368875023,5732.41347209162,0.026816
0.05585242,0.03699428,73533.45,0.014141048076923077,888.0488903967696,5700.725177641179,0.02671626
0.05594589,0.03702783,73347.94,0.014105373076923078,883.3176662475728,5670.353641884471,0.02662032
0.05603937,0.03706135,73162.53,0.014069717307692308,878.5849929792984,5639.972803678652,0.0265242
0.05613286,0.03709484,72981.67,0.014034936538461539,874.0344453952373,5610.7610998354985,0.02643152
0.05622636,0.0371283,72800.9,0.014000173076923075,869.4841828628565,5581.5512258480085,0.02633872
0.05631987,0.03716174,72624.62,0.013966273076923077,865.118736394824,5553.527756801345,0.0262494
0.05641339,0.03719514,72448.44,0.013932392307692307,860.7552492572077,5525.516865445342,0.02615998
0.05650692,0.03722851,72276.56,0.013899338461538461,856.5743549225954,5498.678107066023,0.02607396
0.05660046,0.03726186,72104.78,0.013866303846153847,852.3970934315461,5471.862669297752,0.02598788
0.05669401,0.03729518,71937.08,0.013834053846153847,848.4006945534793,5446.20825775526,0.02590514
0.05678757,0.03732846,71769.48,0.013801823076923077,844.4074958205834,5420.574389167492,0.02582233
0.05688115,0.03736172,71605.77,0.013770340384615385,840.5824027081874,5396.019654795924,0.02574263
0.05697473,0.03739495,71442.15,0.013738875,836.7584848388169,5371.4724647584335,0.02566283
0.05706832,0.03742815,71282.34,0.013708142307692307,833.0880301656946,5347.9104136205615,0.0255859
0.05716193,0.03746132,71122.62,0.013677426923076922,829.4171752724478,5324.345793316775,0.02550885
0.05725554,0.03749446,70966.71,0.013647444230769232,825.8786103226682,5301.630392712069,0.02543434
0.05734916,0.03752758,70810.9,0.013617480769230769,822.3369103069509,5278.894866921106,0.02535967
0.0574428,0.03756066,70658.91,0.013588251923076923,818.9208329261756,5256.965760828022,0.02528747
0.05753644,0.03759372,70507.01,0.013559040384615384,815.5062156383121,5235.046027629284,0.02521522
0.05763009,0.03762675,70358.81,0.013530540384615384,812.2415054898031,5214.088605642089,0.02514582
0.05772376,0.03765974,70210.71,0.013502059615384617,808.9823957738917,5193.16713497183,0.02507643
0.05781744,0.03769271,70066.07,0.013474244230769232,805.8970520339694,5173.361134502651,0.02501022
0.05791112,0.03772565,69921.5,0.013446442307692309,802.8201664933425,5153.609430446882,0.02494407
0.05800482,0.03775856,69780.18,0.013419265384615383,799.8939570507669,5134.82497384237,0.02488065
0.05809852,0.03779144,69638.93,0.013392101923076922,796.9706665213387,5116.059254856757,0.02481717
0.05819224,0.03782429,69500.9,0.01336555769230769,794.1497582454068,5097.950766679674,0.02475566
0.05828596,0.03785711,69362.95,0.013339028846153846,791.3261373488758,5079.824865154393,0.02469401
0.0583797,0.03788991,69228.39,0.013313151923076923,788.5683979934742,5062.121882416937,0.02463378
0.05847344,0.03792268,69093.92,0.013287292307692307,785.8072816059537,5044.397221219846,0.02457344
0.0585672,0.03795542,68962.95,0.013262105769230769,783.135301170476,5027.244757760445,0.02451497
0.05866097,0.03798813,68832.07,0.01323693653846154,780.4638785951378,5010.095875418454,0.02445644
0.05875474,0.03802081,68704.67,0.013212436538461539,777.9079506846566,4993.688397464165,0.02440022
0.05884851,0.03805346,68577.34,0.013187949999999999,775.3564787122414,4977.309523879069,0.024344
0.05894232,0.03808609,68453.27,0.013164090384615386,772.9357988530419,4961.770254848305,0.02429027
0.05903611,0.03811868,68329.28,0.013140246153846154,770.5204060139145,4946.264925219712,0.02423654
0.05912994,0.03815125,68208.38,0.013116996153846155,768.2064136657839,4931.410524091005,0.02418477
0.05922376,0.03818379,68087.55,0.013093759615384616,765.8949918909407,4916.572624454522,0.02413296
0.05931759,0.03821629,67969.75,0.013071105769230769,763.6616113120239,4902.235701076579,0.02408269
0.05941144,0.03824878,67852.02,0.013048465384615385,761.4286793369017,4887.901657457819,0.02403235
0.05950529,0.03828123,67737.31,0.013026405769230769,759.2491904178665,4873.91068523828,0.02398329
0.05959917,0.03831366,67622.67,0.013004359615384615,757.0692366340213,4859.916728873886,0.02393416
0.05969304,0.03834605,67510.99,0.012982882692307693,754.9467001116251,4846.291355851596,0.0238865
0.05978693,0.03837842,67399.38,0.012961419230769232,752.8257154874111,4832.675945056764,0.02383881
0.05988082,0.03841076,67290.5,0.01294048076923077,750.7682570405286,4819.468333069486,0.02379263
0.05997472,0.03844307,67181.68,0.012919553846153845,748.7141733487638,4806.282384924903,0.02374645
0.06006864,0.03847536,67075.27,0.012899090384615385,746.7294816305877,4793.541890375546,0.02370172
0.06016256,0.03850761,66968.91,0.01287863653846154,744.748523077153,4780.825360437219,0.02365699
0.0602565,0.03853984,66864.62,0.012858580769230769,742.8259787165425,4768.48381352445,0.02361338
0.06035044,0.03857203,66760.37,0.012838532692307692,740.9048536245401,4756.1513774392215,0.02356973
0.06044439,0.0386042,66657.87,0.012818821153846152,739.025046405609,4744.08417657004,0.02352682
0.06053834,0.03863634,66555.41,0.012799117307692308,737.1447818045008,4732.0140395898825,0.02348384
0.06063232,0.03866845,66454.4,0.012779692307692306,735.2880947242958,4720.095255726083,0.02344126
0.06072629,0.03870054,66353.42,0.012760273076923076,733.4304436662417,4708.170283720106,0.02339861
0.06082029,0.0387326,66253.58,0.012741073076923078,731.5953742068008,4696.390271624735,0.02335632
0.0609143,0.03876463,66153.76,0.012721876923076922,729.7601750729582,4684.6094270998265,0.02331398
0.06100831,0.03879663,66054.7,0.012702826923076923,727.9517926794218,4673.000729478426,0.02327204
0.06110233,0.0388286,65955.66,0.01268378076923077,726.1431340968636,4661.3902588941555,0.02323003
0.06119636,0.03886055,65856.94,0.012664796153846154,724.3619854895369,4649.956385353284,0.02318838
0.0612904,0.03889246,65758.24,0.012645815384615386,722.5811583484912,4638.524575427312,0.02314667
0.06138444,0.03892435,65659.41,0.012626809615384616,720.8136568731976,4627.178308041941,0.02310501
0.0614785,0.03895621,65560.57,0.012607801923076924,719.0450969691598,4615.825246198003,0.02306327
0.06157257,0.03898804,65461.17,0.012588686538461537,717.2779877596481,4604.481496916582,0.02302135
0.06166664,0.03901985,65361.76,0.012569569230769231,715.5089802393045,4593.1255616525295,0.02297933
0.06176073,0.03905162,65261.35,0.012550259615384616,713.7334374059419,4581.727673716869,0.02293695
0.06185483,0.03908337,65160.92,0.012530946153846154,711.955793949543,4570.316301079226,0.02289449
0.06194893,0.03911509,65059.07,0.012511359615384614,710.1770347197923,4558.897765866068,0.02285173
0.06204305,0.03914679,64957.18,0.012491765384615385,708.394844974769,4547.457208864472,0.02280885
0.06213717,0.03917845,64853.47,0.012471821153846154,706.6065142969637,4535.977230868713,0.02276556
0.0622313,0.03921009,64749.73,0.012451871153846154,704.8130270396462,4524.464150818581,0.02272212
0.06232544,0.0392417,64643.85,0.012431509615384615,703.0053196355312,4512.8597862122115,0.02267811
0.06241959,0.03927328,64537.91,0.012411136538461539,701.1894972044945,4501.203328147035,0.0226339
0.06251376,0.03930483,64429.62,0.012390311538461539,699.3524553834596,4489.410654708893,0.02258901
0.06260793,0.03933636,64321.27,0.012369475,697.5081336913395,4477.571248996397,0.02254396
0.06270211,0.03936786,64210.35,0.01234814423076923,695.6554983521818,4465.678474806673,0.02249845
0.0627963,0.03939933,64099.37,0.012326801923076924,693.7974069468816,4453.750676043453,0.0224528
0.06289049,0.03943077,63985.56,0.012304915384615384,691.9443525373345,4441.85521168076,0.0224069
0.0629847,0.03946219,63871.67,0.01228301346153846,690.0875668526198,4429.935794836933,0.02236088
0.06307892,0.03949358,63754.7,0.01226051923076923,688.2391675070019,4418.070213108441,0.02231463
0.06317314,0.03952493,63637.65,0.012238009615384616,686.3845218767455,4406.164534091961,0.02226821
0.06326738,0.03955627,63517.36,0.012214876923076923,684.5278641157042,4394.245938439078,0.02222138
0.06336162,0.03958757,63396.98,0.012191726923076924,682.6618037325636,4382.266983761914,0.02217432
0.06345588,0.03961885,63273.37,0.01216795576923077,680.7857969307896,4370.224179222717,0.02212675
0.06355014,0.0396501,63149.67,0.012144167307692307,678.8975785075238,4358.102983618736,0.02207891
0.06364441,0.03968132,63022.87,0.012119782692307693,677.0070512438762,4345.966966686067,0.02203076
0.06373869,0.03971252,62895.98,0.01209538076923077,675.1054971379675,4333.7601642392365,0.02198238
0.06383298,0.03974369,62766.12,0.012070407692307692,673.2235078482497,4321.67895582384,0.02193409
0.06392728,0.03977482,62636.18,0.01204541923076923,671.3327103758177,4309.541204317728,0.02188561
0.06402158,0.03980594,62503.39,0.012019882692307693,669.4798526920421,4297.647002812938,0.02183755
0.0641159,0.03983702,62370.51,0.011994328846153847,667.6189214387272,4285.70097398012,0.02178932
0.06421023,0.03986808,62234.95,0.011968259615384615,665.7988286245414,4274.017102693668,0.02174156
0.06430456,0.03989911,62099.31,0.011942175,663.9695716410653,4262.274403102636,0.02169359
0.06439889,0.03993011,61961.27,0.011915628846153846,662.1735642205913,4250.745145162173,0.02164602
0.06449325,0.03996108,61823.15,0.011889067307692309,660.3677489622162,4239.1529269623525,0.02159823
0.06458761,0.03999203,61682.98,0.011862111538461539,658.5945905401683,4227.770345474076,0.02155088
0.06468198,0.04002295,61542.74,0.011835142307692307,656.8103987539165,4216.316936604794,0.02150329
0.06477637,0.04005385,61400.81,0.011807848076923077,655.0745340409773,4205.173757686333,0.02145649
0.06487075,0.04008471,61258.83,0.01178054423076923,653.3291615058426,4193.969544423976,0.02140948
0.06496516,0.04011555,61115.54,0.011752988461538461,651.6418172688632,4183.137836981834,0.02136349
0.06505955,0.04014636,60972.2,0.011725423076923076,649.9471792182677,4172.259307762905,0.02131734
0.06515397,0.04017715,60827.96,0.011697684615384615,648.3175640880704,4161.798185517226,0.02127237
0.0652484,0.04020791,60683.67,0.011669936538461538,646.6818326151842,4151.297800130588,0.02122725
0.06534283,0.04023864,60538.93,0.011642101923076922,645.11097373273,4141.2138566917,0.02118338
0.06543728,0.04026935,60394.16,0.01161426153846154,643.5332707892618,4131.085978609842,0.02113936
0.06553173,0.04030002,60249.38,0.01158641923076923,642.0367069464202,4121.478963420596,0.02109693
0.06562619,0.04033067,60104.58,0.011558573076923078,640.5344815681927,4111.835604672266,0.02105437
0.06572065,0.0403613,59960.24,0.011530815384615384,639.1284230457646,4102.809577719559,0.0210137
0.06581513,0.04039189,59815.88,0.011503053846153846,637.7182724271311,4093.757282037596,0.02097293
0.06590961,0.04042246,59672.45,0.011475471153846154,636.4028451572234,4085.3130517277446,0.02093407
0.06600411,0.040453,59529.03,0.011447890384615385,635.0830237512739,4076.840613779509,0.02089508
0.06609861,0.04048351,59387.08,0.011420592307692308,633.8529549591207,4068.944332156404,0.02085798
0.06619313,0.040514,59245.14,0.011393296153846154,632.6201692487848,4061.0306095972687,0.02082079
0.06628765,0.04054446,59105.19,0.011366382692307693,631.4770340059048,4053.692387646872,0.02078553
0.06638218,0.04057489,58965.27,0.011339475,630.3333624037801,4046.350722601525,0.02075023
0.06647671,0.0406053,58827.73,0.011313025,629.295659236735,4039.6893094346783,0.02071719
0.06657126,0.04063568,58690.23,0.011286582692307694,628.2617322376003,4033.052136932637,0.02068417
0.06666581,0.04066603,58555.43,0.011260659615384616,627.3316315245036,4027.081465035819,0.02065336
0.06676038,0.04069635,58420.68,0.011234746153846153,626.4050545489141,4021.1334133565856,0.02062256
0.06685495,0.04072665,58288.99,0.011209421153846153,625.574123277834,4015.799348003698,0.02059386
0.06694953,0.04075692,58157.35,0.011184105769230769,624.7455309495637,4010.4802972184866,0.02056516
0.06704412,0.04078717,58029.18,0.011159457692307693,624.0018576007413,4005.7063738124475,0.02053842
0.06713872,0.04081739,57901.08,0.011134823076923078,623.2592826735063,4000.939501594317,0.02051168
0.06723332,0.04084758,57776.84,0.011110930769230769,622.6175757780578,3996.8201398169326,0.02048725
0.06732794,0.04087775,57652.68,0.011087053846153846,621.9789940896733,3992.7208399379274,0.02046286
0.06742256,0.04090789,57532.72,0.011063984615384615,621.4554736200953,3989.3601619907927,0.02044103
0.06751719,0.040938,57412.84,0.011040930769230769,620.9395147221323,3986.048024661359,0.02041932
0.06761184,0.04096809,57297.38,0.011018726923076922,620.5508592465997,3983.5530966469705,0.02040036
0.06770649,0.04099815,57182.0,0.010996538461538462,620.1736040369227,3981.1313512954953,0.02038154
0.06780114,0.04102818,57071.18,0.010975226923076923,619.9039123820074,3979.400097505303,0.02036509
0.06789579,0.04105818,56960.45,0.010953932692307692,619.6447255060199,3977.73627790524,0.02034876
0.06799047,0.04108815,56854.4,0.010933538461538462,619.4773840014511,3976.6620488411922,0.02033453
0.06808516,0.04111811,56748.45,0.01091316346153846,619.3203007755815,3975.653671588111,0.02032041
0.06817984,0.04114803,56647.34,0.01089371923076923,619.2416418668683,3975.148729995147,0.02030818
0.06827456,0.04117794,56546.33,0.010874294230769231,619.1721136429637,3974.7024017570784,0.02029608
0.06836927,0.04120781,56450.28,0.010855823076923076,619.198727063526,3974.8732434734557,0.02028619
0.06846398,0.04123766,56354.33,0.010837371153846155,619.2362563117671,3975.1141580589697,0.02027647
0.0685587,0.04126748,56263.37,0.010819878846153846,619.3799842543453,3976.0368026451483,0.0202691
0.06865343,0.04129727,56172.5,0.010802403846153847,619.5366947164035,3977.042786984879,0.02026193
0.06874817,0.04132704,56086.57,0.010785878846153845,619.8080002841945,3978.7844010985445,0.02025721
0.06884292,0.04135678,56000.74,0.010769373076923076,620.0925897550488,3980.6112896621535,0.02025267
0.06893768,0.0413865,55919.8,0.010753807692307693,620.4764493139298,3983.075430854891,0.02025028
0.06903245,0.04141619,55838.95,0.010738259615384615,620.8731171113675,3985.6217930253356,0.02024806
0.06912722,0.04144585,55762.95,0.010723644230769231,621.366349675292,3988.788041332161,0.02024793
0.069222,0.04147548,55687.05,0.010709048076923078,621.8727338337154,3992.038714749695,0.02024797
0.06931679,0.04150509,55615.91,0.010695367307692308,622.4726904335204,3995.8900654253002,0.02025002
0.06941159,0.04153467,55544.87,0.010681705769230769,623.0862539043671,3999.8287638057177,0.02025225
0.0695064,0.04156423,55478.48,0.010668938461538461,623.7966331922578,4004.3889599119743,0.02025651
0.06960122,0.04159376,55412.18,0.010656188461538462,624.5197173458423,4009.0307134060313,0.02026092
0.06969604,0.04162326,55350.43,0.010644313461538461,625.331829233514,4014.243969945368,0.02026718
0.06979087,0.04165274,55288.76,0.010632453846153847,626.1560038303511,4019.5346616243614,0.0202736
0.06988571,0.04168219,55231.53,0.010621448076923076,627.0606478987291,4025.341917590981,0.0202817
0.06998056,0.04171162,55174.39,0.010610459615384616,627.9783138840367,4031.2327662184366,0.02028997
0.07007542,0.04174102,55121.52,0.010600292307692306,628.9813289880691,4037.6715034534523,0.02029997
0.07017028,0.04177039,55068.73,0.010590140384615386,629.9984787041641,4044.2009761645577,0.02031015
0.07026515,0.04179973,55019.98,0.010580765384615385,631.097176237479,4051.253935476271,0.02032196
0.07036003,0.04182906,54971.3,0.010571403846153847,632.2089769027223,4058.3910087989334,0.02033392
0.07045492,0.04185835,54926.42,0.010562773076923077,633.4004458546592,4066.0395032975302,0.02034742
0.07054982,0.04188762,54881.6,0.010554153846153845,634.6028993256159,4073.75851162123,0.02036105
0.07064472,0.04191686,54840.35,0.010546221153846154,635.8756858198985,4081.929014498022,0.02037605
0.07073963,0.04194608,54799.17,0.010538301923076922,637.1593531285021,4090.169365479826,0.02039116
0.07083455,0.04197527,54761.36,0.01053103076923077,638.5180509845381,4098.891366217028,0.02040771
0.07092948,0.04200444,54723.6,0.01052376923076923,639.8883765946935,4107.6880099512355,0.02042439
0.07102442,0.04203358,54688.97,0.010517109615384615,641.3402402976086,4117.008077861025,0.02044256
0.07111936,0.04206269,54654.39,0.010510459615384615,642.80351587592,4126.401402959805,0.02046086
0.07121431,0.04209178,54622.68,0.010504361538461538,644.3468629911084,4136.30873785154,0.02048055
0.07130927,0.04212084,54591.02,0.010498273076923076,645.8991688375887,4146.273582262838,0.02050031
0.07140423,0.04214987,54562.02,0.010492696153846154,647.5171028522977,4156.659718964494,0.02052119
0.0714992,0.04217888,54533.08,0.01048713076923077,649.142963754515,4167.096741386165,0.02054212
0.0715942,0.04220787,54506.58,0.010482034615384616,650.8233197405847,4177.883588575297,0.02056396
0.07168917,0.04223682,54480.13,0.010476948076923077,652.5111348093609,4188.718318466661,0.02058584
0.07178418,0.04226576,54455.9,0.010472288461538462,654.251558734635,4199.890764711311,0.02060858
0.07187918,0.04229466,54431.7,0.010467634615384615,655.999948073719,4211.114343991031,0.02063138
0.0719742,0.04232355,54409.48,0.010463361538461538,657.8006361256729,4222.673648693574,0.02065499
0.07206922,0.0423524,54387.29,0.01045909423076923,659.6093808865601,4234.284672489471,0.02067866
0.07216425,0.04238123,54366.81,0.010455155769230768,661.4662913009317,4246.204890020628,0.02070305
0.0722593,0.04241004,54346.35,0.010451221153846153,663.3309473154404,4258.174829518892,0.02072748
0.07235435,0.04243882,54327.33,0.010447563461538462,665.2352347510977,4270.399178253866,0.02075246
0.0724494,0.04246757,54308.33,0.010443909615384616,667.1453710617175,4282.661073152256,0.02077745
0.07254446,0.0424963,54290.49,0.010440478846153846,669.0943904112312,4295.172573135685,0.02080296
0.07263953,0.042525,54272.67,0.010437051923076923,671.0498706491264,4307.725548030533,0.02082849
0.07273461,0.04255368,54255.73,0.010433794230769232,673.0478913414688,4320.5516063584655,0.02085457
0.07282969,0.04258233,54238.8,0.010430538461538462,675.0516742084955,4333.414654287596,0.02088066
0.07292478,0.04261096,54222.49,0.010427401923076923,677.098508182505,4346.554063723573,0.02090726
0.07301988,0.04263956,54206.2,0.01042426923076923,679.1491968123291,4359.718217668202,0.02093383
0.07311499,0.04266813,54190.28,0.010421207692307692,681.2319846331185,4373.088428585704,0.02096069
0.07321011,0.04269668,54174.37,0.010418148076923078,683.3168063884649,4386.471696106355,0.0209875
0.07330523,0.0427252,54158.65,0.010415125,685.4236706060234,4399.996462615033,0.02101442
0.07340036,0.0427537,54142.94,0.010412103846153847,687.5321359464102,4413.531507342984,0.02104127
0.0734955,0.04278217,54127.28,0.010409092307692307,689.6518867274697,4427.1389976271175,0.02106806
0.07359064,0.04281062,54111.63,0.010406082692307693,691.7753891416907,4440.770571078127,0.02109483
0.0736858,0.04283904,54095.86,0.01040305,693.9132352096937,4454.494221923906,0.02112157
0.07378096,0.04286743,54080.09,0.010400017307692307,696.0548762193665,4468.242233950424,0.02114827
0.07387613,0.0428958,54063.96,0.010396915384615384,698.2020261573988,4482.025609893209,0.02117477
0.0739713,0.04292415,54047.82,0.010393811538461539,700.3520294535164,4495.827302631897,0.02120121
0.07406649,0.04295247,54031.03,0.010390582692307693,702.5001389655629,4509.61683844696,0.02122732
0.07416168,0.04298076,54014.23,0.010387351923076923,704.6487602281074,4523.409659384027,0.02125332
0.07425687,0.04300903,53996.52,0.010383946153846153,706.7873642389379,4537.138175754447,0.02127889
0.07435208,0.04303728,53978.81,0.010380540384615384,708.9267732917361,4550.871859996889,0.02130438
0.07444729,0.0430655,53960.01,0.010376925,711.070435760829,4564.632848543884,0.02132965
0.07454251,0.04309369,53941.19,0.01037330576923077,713.2141168549965,4578.393956652351,0.02135484
0.07463773,0.04312186,53921.16,0.010369453846153847,715.370635486166,4592.237473816443,0.02137991
0.07473298,0.04315001,53901.1,0.010365596153846154,717.5270656584389,4606.080423129075,0.0214049
0.07482821,0.04317812,53879.76,0.010361492307692307,719.6935273789937,4619.987768783484,0.02142968
0.07492347,0.04320621,53858.38,0.010357380769230769,721.8583910670121,4633.8848560563865,0.02145431
0.07501873,0.04323428,53835.64,0.010353007692307693,724.0042119915352,4647.659700553599,0.02147826
0.075114,0.04326232,53812.87,0.010348628846153847,726.1485355589998,4661.424932943669,0.02150208
0.07520927,0.04329034,53788.64,0.01034396923076923,728.2532066134679,4674.935620700396,0.02152492
0.07530455,0.04331833,53764.37,0.010339301923076924,730.3561048565324,4688.434928103279,0.02154762
0.07539984,0.0433463,53738.5,0.010334326923076924,732.4167486811241,4701.662988247301,0.02156935
0.07549513,0.04337424,53712.6,0.010329346153846154,734.4764141425412,4714.884767904244,0.021591
0.07559043,0.04340216,53684.96,0.010324030769230769,736.512246747898,4727.953555350884,0.02161196
0.07568574,0.04343005,53657.28,0.010318707692307692,738.5472981932662,4741.017328233053,0.02163283
0.07578106,0.04345792,53627.74,0.010313026923076923,740.5690082995482,4753.9954579615005,0.02165317
0.07587639,0.04348577,53598.16,0.010307338461538463,742.5911250859064,4766.976198324763,0.02167344
0.07597172,0.04351359,53566.63,0.010301275,744.5959226491124,4779.845759976414,0.02169309
0.07606706,0.04354138,53535.07,0.01029520576923077,746.5989521603367,4792.70397182677,0.02171261
0.0761624,0.04356915,53501.49,0.010288748076923076,748.5747473238227,4805.38735599193,0.02173137
0.07625775,0.04359689,53467.87,0.010282282692307692,750.5487935642061,4818.059513151378,0.02175002
0.07635312,0.04362461,53432.17,0.010275417307692308,752.49412904788,4830.547364992265,0.02176788
0.07644848,0.0436523,53396.44,0.010268546153846154,754.4361956753273,4843.014232795905,0.02178561
0.07654386,0.04367997,53358.61,0.010261271153846153,756.3491419077344,4855.294165656002,0.02180256
0.07663924,0.04370761,53320.75,0.010253990384615384,758.2602969375091,4867.562600101931,0.0218194
0.07673463,0.04373523,53280.82,0.010246311538461539,760.1416317878521,4879.639607420901,0.02183547
0.07683003,0.04376282,53240.85,0.010238625,762.020450693155,4891.700463927238,0.0218514
0.07692543,0.04379039,53198.84,0.010230546153846153,763.8643131627775,4903.536921715039,0.0218665
0.07702084,0.04381794,53156.79,0.010222459615384616,765.7067938249247,4915.364509152626,0.02188149
0.07711626,0.04384546,53112.69,0.010213978846153847,767.5095222424693,4926.93691174158,0.02189558
0.07721169,0.04387295,53068.56,0.010205492307692307,769.3097945694005,4938.493547746341,0.02190956
0.07730712,0.04390042,53022.42,0.01019661923076923,771.0747027952062,4949.823168072291,0.02192275
0.07740256,0.04392787,52976.25,0.010187740384615385,772.8373484396633,4961.138264023964,0.02193582
0.077498,0.04395529,52928.12,0.010178484615384616,774.566256994339,4972.236788704374,0.02194813
0.07759346,0.04398269,52879.95,0.010169221153846154,776.2936319932527,4983.32546890433,0.02196034
0.07768892,0.04401006,52829.89,0.010159594230769231,777.9921920897178,4994.229175234427,0.02197189
0.07778439,0.04403741,52779.78,0.010149957692307691,779.6902255044761,5005.129500593387,0.02198334
0.07787986,0.04406473,52727.79,0.010139959615384615,781.356491241098,5015.825897087005,0.0219941
0.07797534,0.04409203,52675.76,0.010129953846153847,783.0213743211007,5026.51341777943,0.02200476
0.07807083,0.0441193,52621.91,0.010119598076923078,784.6575076389942,5037.016382762727,0.0220148
0.07816632,0.04414655,52568.02,0.010109234615384615,786.2915745516506,5047.506082701171,0.02202472
0.07826183,0.04417378,52512.41,0.010098540384615386,787.9022209391416,5057.845437338892,0.02203411
0.07835734,0.04420098,52456.76,0.010087838461538462,789.5125982865766,5068.183064905686,0.02204342
0.07845286,0.04422815,52399.47,0.010076821153846154,791.102444778552,5078.388897065826,0.02205226
0.07854838,0.04425531,52342.15,0.010065798076923076,792.6920005208777,5088.5928627928615,0.02206101
0.07864391,0.04428243,52283.29,0.010054478846153847,794.2594408163152,5098.654861015344,0.02206929
0.07873945,0.04430954,52224.4,0.010043153846153846,795.8259485430912,5108.710872723225,0.02207746
0.07883499,0.04433661,52164.08,0.010031553846153847,797.369548834753,5118.61983285149,0.02208518
0.07893054,0.04436367,52103.73,0.010019948076923078,798.91178896006,5128.520061552162,0.02209279
0.0790261,0.0443907,52042.1,0.010008096153846154,800.4353391725131,5138.300312560247,0.02210003
0.07912165,0.0444177,51980.45,0.009996240384615385,801.9594131981585,5148.083926125379,0.0221072
0.07921722,0.04444468,51917.61,0.009984155769230769,803.4684766309192,5157.7711809587845,0.02211407
0.07931281,0.04447164,51854.75,0.009972067307692309,804.9788986849244,5167.467157301128,0.02212088
0.07940838,0.04449857,51790.85,0.009959778846153846,806.476044203348,5177.077906488211,0.02212744
0.07950399,0.04452548,51726.91,0.009947482692307693,807.9740989291345,5186.69449222479,0.02213393
0.07959959,0.04455237,51662.07,0.009935013461538461,809.4602879504225,5196.234907469952,0.02214021
0.0796952,0.04457923,51597.2,0.009922538461538462,810.9471941814656,5205.7799267586,0.02214642
0.07979081,0.04460607,51531.55,0.009909913461538461,812.4247846794749,5215.265144797081,0.02215249
0.07988643,0.04463288,51465.87,0.009897282692307692,813.9044006759242,5224.763365284053,0.02215851
0.07998205,0.04465967,51399.53,0.009884525,815.3815903827598,5234.246010490836,0.0221645
0.08007769,0.04468643,51333.18,0.009871765384615384,816.8622405673796,5243.750869826868,0.02217046
0.08017332,0.04471317,51266.25,0.00985889423076923,818.3450611069777,5253.269661500865,0.02217646
0.08026897,0.04473988,51199.31,0.009846021153846153,819.831552243539,5262.812016139414,0.02218243
0.08036463,0.04476658,51131.87,0.009833051923076923,821.3201121593092,5272.367651062247,0.02218846
0.08046029,0.04479324,51064.42,0.00982008076923077,822.8127757521892,5281.949629056586,0.02219447
0.08055595,0.04481989,50996.55,0.009807028846153847,824.3166898863187,5291.603828574376,0.02220068
0.08065163,0.0448465,50928.67,0.009793975,825.8250089517829,5301.286305029661,0.02220687
0.0807473,0.0448731,50860.46,0.009780857692307693,827.3506580148056,5311.080029361586,0.02221335
0.08084299,0.04489967,50792.24,0.009767738461538462,828.8810974554059,5320.904504957729,0.02221983
0.08093868,0.04492621,50723.81,0.009754578846153847,830.4336292287637,5330.870799679988,0.02222665
0.08103438,0.04495274,50655.37,0.009741417307692308,831.9912166842331,5340.869548757649,0.02223346
0.08113009,0.04497923,50586.87,0.00972824423076923,833.5638736223974,5350.96503460323,0.02224053
0.08122581,0.04500571,50518.36,0.009715069230769232,835.1415848097361,5361.092965605643,0.02224759
0.08132152,0.04503216,50449.92,0.009701907692307691,836.729637260202,5371.2872811277775,0.02225487
0.08141722,0.04505858,50381.49,0.009688748076923076,838.3224367942403,5381.512069993366,0.02226214
0.08151292,0.04508497,50313.25,0.009675625,839.9330180368103,5391.851006440945,0.02226977
0.08160865,0.04511135,50245.0,0.0096625,841.5500978215239,5402.231659513833,0.0222774
0.08170442,0.04513771,50177.03,0.009649428846153846,843.1896202937604,5412.756380773955,0.02228546
0.08180021,0.04516405,50109.06,0.009636357692307692,844.8355331787373,5423.322124535427,0.02229351
0.08189594,0.04519035,50041.56,0.009623376923076923,846.5042308109133,5434.0341322959075,0.02230204
0.08199168,0.04521663,49974.06,0.009610396153846153,848.182202470362,5444.805673581335,0.0223106
0.08208745,0.04524289,49907.03,0.009597505769230769,849.8805552710381,5455.70804920055,0.02231957
0.08218325,0.04526913,49840.01,0.009584617307692308,851.587278292104,5466.664156462958,0.02232858
0.08227908,0.04529536,49773.48,0.009571823076923077,853.3263632888298,5477.8280076136125,0.02233818
0.08237487,0.04532155,49706.97,0.009559032692307692,855.0739974327429,5489.046739006947,0.02234782
0.08247067,0.04534771,49640.98,0.009546342307692308,856.8630264172509,5500.531199700275,0.02235818
0.08256648,0.04537385,49575.01,0.00953365576923077,858.6611412390105,5512.073985854891,0.02236859
0.08266229,0.04539997,49509.59,0.009521074999999999,860.5120736694864,5523.955828423055,0.02237983
0.08275811,0.04542607,49444.19,0.009508498076923078,862.3714497945416,5535.891874293312,0.02239111
0.08285393,0.04545214,49379.46,0.00949605,864.2769222288333,5548.123829987345,0.02240313
0.08294976,0.04547818,49314.76,0.009483607692307692,866.191191181388,5560.412253893522,0.02241517
0.0830456,0.04550421,49250.86,0.00947131923076923,868.1436159515598,5572.9456145734675,0.02242786
0.08314144,0.04553021,49186.98,0.009459034615384616,870.1058200382092,5585.541752422854,0.02244058
0.08323729,0.04555618,49124.02,0.009446926923076922,872.0998826240445,5598.342402152606,0.02245388
0.08333315,0.04558214,49061.07,0.009434821153846154,874.1082893757733,5611.235132564565,0.02246729
0.08342901,0.04560807,48999.11,0.00942290576923077,876.2744461897278,5625.140520906993,0.02248293
0.08352488,0.04563397,48937.17,0.00941099423076923,878.4023888881031,5638.800598238756,0.02249798
0.08362076,0.04565986,48876.26,0.009399280769230769,880.5106307291018,5652.334208238727,0.02251299
0.08371663,0.04568571,48815.36,0.00938756923076923,882.6277817821718,5665.925009875464,0.02252802
0.08381252,0.04571155,48755.56,0.009376069230769231,884.7977951025861,5679.855154606544,0.02254393
0.08390842,0.04573736,48695.78,0.009364573076923077,886.979952309664,5693.8632555866625,0.0225599
0.08400432,0.04576315,48637.15,0.009353298076923077,889.2063628261617,5708.155435470467,0.02257664
0.08410022,0.04578892,48578.54,0.009342026923076924,891.4447335460485,5722.524392470179,0.02259344
0.08419613,0.04581466,48521.09,0.009330978846153845,893.7375011678428,5737.242543969927,0.02261115
0.08429205,0.04584038,48463.66,0.009319934615384617,896.0424212071079,5752.038706481225,0.02262892
0.08438798,0.04586608,48407.37,0.009309109615384616,898.4116743028637,5767.247847465733,0.02264771
0.08448391,0.04589175,48351.11,0.009298290384615385,900.7935437631854,5782.53797771548,0.02266657
0.08457985,0.0459174,48296.02,0.009287696153846153,903.2430195271531,5798.2620986627335,0.02268647
0.0846758,0.04594302,48240.95,0.009277105769230768,905.7053541984872,5814.068765850146,0.02270642
0.08477175,0.04596863,48187.08,0.009266746153846154,908.2329169161812,5830.294156792741,0.02272738
0.0848677,0.0459942,48133.23,0.009256390384615384,910.7734478653299,5846.602795768595,0.0227484
0.08496367,0.04601976,48080.58,0.009246265384615385,913.3801103001622,5863.335958021881,0.02277042
0.08505963,0.04604529,48027.96,0.009236146153846153,915.999089353198,5880.148185353965,0.02279249
0.08515561,0.0460708,47976.56,0.009226261538461539,918.6907136788172,5897.426750450707,0.02281563
0.08525159,0.04609628,47925.18,0.009216380769230769,921.3939738752085,5914.780010648349,0.02283883
0.08534758,0.04612175,47875.1,0.00920675,924.1752052330518,5932.633797526478,0.02286315
0.08544357,0.04614719,47825.04,0.009197123076923077,926.9661654761694,5950.5500378368815,0.02288748
0.08553957,0.0461726,47776.46,0.009187780769230769,929.8199825343213,5968.8697800624695,0.02291275
0.08563558,0.04619799,47727.9,0.009178442307692308,932.6848912263092,5987.260723724098,0.02293804
0.08573159,0.04622336,47680.96,0.009169415384615385,935.5997718431744,6005.972456267289,0.02296416
0.08582761,0.04624871,47634.05,0.00916039423076923,938.5284827555834,6024.772970762547,0.02299032
0.08592363,0.04627404,47588.76,0.009151684615384615,941.5072280368331,6043.894674991031,0.02301734
0.08601966,0.04629934,47543.5,0.00914298076923077,944.5033965691333,6063.128225725955,0.02304448
0.0861157,0.04632462,47499.69,0.00913455576923077,947.5777818973706,6082.863879962991,0.0230728
0.08621174,0.04634988,47455.9,0.009126134615384616,950.6694052951883,6102.710191955846,0.02310123
0.08630778,0.04637511,47413.37,0.00911795576923077,953.8629420530089,6123.21072475072,0.02313109
0.08640384,0.04640032,47370.86,0.009109780769230769,957.0705641728529,6143.801676866863,0.02316101
0.0864999,0.0464255,47329.59,0.00910184423076923,960.3896767969605,6165.108329133748,0.0231924
0.08659597,0.04645066,47288.34,0.009093911538461537,963.7190267271324,6186.480698580242,0.02322378
0.08669204,0.0464758,47248.5,0.00908625,967.1328960638568,6208.395630394803,0.02325627
0.08678812,0.04650092,47208.68,0.009078592307692307,970.5567767282596,6230.374828747361,0.02328874
0.0868842,0.04652601,47170.5,0.00907125,974.0448444988791,6252.766068662548,0.02332212
0.08698029,0.04655108,47132.34,0.009063911538461538,977.5451739967972,6275.236021290839,0.02335551
0.08707639,0.04657613,47095.93,0.009056909615384615,981.098050027461,6298.043290192435,0.02338972
0.08717249,0.04660116,47059.55,0.009049913461538462,984.66673531247,6320.952044738864,0.02342399
0.0872686,0.04662616,47024.84,0.00904323846153846,988.3122128138009,6344.353757866478,0.0234594
0.08736471,0.04665114,46990.16,0.009036569230769231,991.9742970448495,6367.862075938082,0.02349489
0.08746084,0.0466761,46957.04,0.0090302,995.729574969115,6391.968639938556,0.02353167
0.08755696,0.04670104,46923.95,0.009023836538461538,999.4997657598904,6416.170935327813,0.02356851
0.08765309,0.04672595,46892.34,0.009017757692307692,1003.376061231501,6441.05435720914,0.02360674
0.08774923,0.04675084,46860.75,0.009011682692307692,1007.265901189493,6466.0247263243045,0.02364499
0.08784538,0.0467757,46830.68,0.0090059,1011.2458291313845,6491.573404633448,0.02368443
0.08794152,0.04680055,46800.63,0.009000121153846153,1015.2404630272875,6517.216486080978,0.02372389
0.08803768,0.04682537,46772.09,0.008994632692307691,1019.3271848148493,6543.450714894618,0.02376456
0.08813384,0.04685017,46743.57,0.008989148076923076,1023.4300488409399,6569.78856690581,0.02380526
0.08823001,0.04687494,46716.52,0.008983946153846152,1027.627296590243,6596.732304103161,0.02384718
0.08832618,0.04689969,46689.48,0.008978746153846154,1031.839581426181,6623.772570105744,0.02388914
0.08842236,0.04692442,46663.86,0.008973819230769231,1036.1659422426605,6651.545133419287,0.02393251
0.08851854,0.04694913,46638.25,0.00896889423076923,1040.5039955042578,6679.392755006074,0.02397585
0.08861474,0.04697381,46614.13,0.008964255769230768,1044.9416239032948,6707.879587450742,0.02402041
0.08871093,0.04699848,46590.04,0.008959623076923077,1049.3892048167354,6736.430308888521,0.02406493
0.08880713,0.04702312,46567.6,0.008955307692307691,1053.9207576219308,6765.520077987659,0.02411051
0.08890334,0.04704773,46545.19,0.008950998076923077,1058.4650601603591,6794.691692496477,0.02415606
0.08899955,0.04707233,46524.59,0.008947036538461538,1063.0689879917445,6824.246064545402,0.02420245
0.08909577,0.0470969,46504.01,0.008943078846153847,1067.6899102295783,6853.909530183394,0.02424889
0.089192,0.04712145,46485.14,0.00893945,1072.3937971459286,6884.105577796081,0.02429645
0.08928822,0.04714598,46466.29,0.008935825,1077.1177404767225,6914.430375197241,0.0243441
0.08938445,0.04717049,46448.92,0.008932484615384616,1081.9532560731777,6945.471397606799,0.02439315
0.08948069,0.04719497,46431.56,0.008929146153846153,1086.8065700468817,6976.626674601211,0.02444226
0.08957695,0.04721943,46415.45,0.008926048076923076,1091.8011682131703,7008.688908816763,0.02449301
0.08967319,0.04724386,46399.36,0.008922953846153846,1096.809205142123,7040.837411585209,0.02454373
0.08976946,0.04726828,46384.51,0.008920098076923077,1101.9391531022127,7073.768507848397,0.02459582
0.08986573,0.04729267,46369.68,0.008917246153846155,1107.0798935392652,7106.768885145338,0.02464783
0.089962,0.04731704,46356.22,0.008914657692307693,1112.3233866919156,7140.428871388604,0.024701
0.09005828,0.04734139,46342.79,0.008912075,1117.5789548208736,7174.166371519002,0.02475411
0.09015456,0.04736571,46330.84,0.008909776923076922,1122.9172044183688,7208.434635591013,0.02480819
0.09025085,0.04739001,46318.92,0.008907484615384615,1128.2695583022414,7242.793440466954,0.02486224
0.09034714,0.0474143,46308.46,0.008905473076923076,1133.7259410185181,7277.820046170641,0.02491752
0.09044344,0.04743855,46298.02,0.008903465384615384,1139.1974891476762,7312.944004454774,0.02497278
0.09053975,0.04746279,46288.98,0.008901726923076924,1144.7766580335767,7348.758821501564,0.02502929
0.09063606,0.04748701,46279.96,0.008899992307692308,1150.3705814886162,7384.668353765822,0.02508576
0.09073237,0.0475112,46272.28,0.008898515384615384,1156.0764344731585,7421.2964044515975,0.0251435
0.09082869,0.04753537,46264.62,0.008897042307692308,1161.7966647071166,7458.016748195353,0.0252012
0.09092502,0.04755951,46258.26,0.008895819230769231,1167.6304909021667,7495.466307821788,0.02526016
0.09102135,0.04758364,46251.93,0.008894601923076922,1173.4774873801362,7533.000412527045,0.02531906
0.09111769,0.04760774,46246.88,0.008893630769230769,1179.435887584636,7571.249660323615,0.02537918
0.09121403,0.04763182,46241.86,0.008892665384615384,1185.4066668535047,7609.578374064781,0.02543923
0.09131038,0.04765588,46238.15,0.008891951923076923,1191.488057400745,7648.61714386971,0.02550048
0.09140673,0.04767992,46234.47,0.008891244230769231,1197.5817524474685,7687.734900958741,0.02556165
0.09150309,0.04770393,46232.14,0.008890796153846154,1203.777219089269,7727.505968806557,0.02562393
0.09159946,0.04772793,46229.83,0.008890351923076923,1209.984953856216,7767.3557904377085,0.02568614
0.09169583,0.0477519,46228.89,0.008890171153846153,1216.2962781400822,7807.870592762633,0.02574948
0.09179219,0.04777585,46227.97,0.00888999423076923,1222.6214990911772,7848.474603104834,0.02581277
0.09188857,0.04779977,46228.35,0.008890067307692307,1229.0632715774939,7889.82680228947,0.02587732
0.09198497,0.04782368,46228.75,0.008890144230769231,1235.5183023147522,7931.2641112532765,0.02594179
0.09208135,0.04784756,46230.39,0.008890459615384615,1242.0985747707184,7973.5053946680955,0.02600759
0.09217776,0.04787142,46232.05,0.008890778846153847,1248.6904785280171,8015.821343850837,0.02607328
0.09227416,0.04789526,46234.95,0.008891336538461537,1255.3979906465293,8058.87942728164,0.02614017
0.09237057,0.04791908,46237.87,0.008891898076923078,1262.1175164380409,8102.014631070211,0.02620696
0.09246699,0.04794287,46242.02,0.008892696153846153,1268.9557887985852,8145.912114462039,0.02627497
0.0925634,0.04796664,46246.18,0.008893496153846154,1275.8080029906325,8189.899095797877,0.0263429
0.09265984,0.0479904,46251.51,0.008894521153846154,1282.7845613112022,8234.68428961033,0.02641209
0.09275627,0.04801412,46256.85,0.008895548076923077,1289.774841964283,8279.557572318889,0.02648121
0.0928527,0.04803783,46263.21,0.008896771153846154,1296.9170105961414,8325.405882004185,0.02655181
0.09294915,0.04806151,46269.58,0.008897996153846155,1304.0701312164151,8371.324496688201,0.02662228
0.0930456,0.04808518,46276.94,0.008899411538461539,1311.365722247719,8418.157683382851,0.0266941
0.09314205,0.04810882,46284.31,0.008900828846153846,1318.6676555209897,8465.031583352245,0.02676573
0.0932385,0.04813244,46292.8,0.00890246153846154,1326.093091733841,8512.698295884995,0.02683851
0.09333497,0.04815603,46301.31,0.008904098076923076,1333.5242255486505,8560.401583501938,0.0269111
0.09343144,0.04817961,46311.16,0.008905992307692309,1341.0429783407928,8608.667330816228,0.02698454
0.09352791,0.04820317,46321.03,0.008907890384615385,1348.5703301064516,8656.988278227445,0.02705782
0.09362439,0.0482267,46332.32,0.008910061538461538,1356.1967753264976,8705.945344388963,0.02713214
0.09372087,0.04825021,46343.63,0.008912236538461538,1363.8381037804036,8754.99795171596,0.02720638
0.09381736,0.0482737,46356.2,0.008914653846153846,1371.6075507230184,8804.873000579906,0.02728191
0.09391385,0.04829717,46368.79,0.008917075,1379.3940796657826,8854.857705330356,0.02735738
0.09401036,0.04832062,46382.33,0.008919678846153847,1387.3569753595377,8905.974575650456,0.02743452
0.09410686,0.04834404,46395.88,0.008922284615384616,1395.3346939054986,8957.186599523124,0.02751156
0.09420337,0.04836744,46410.16,0.00892503076923077,1403.4941031113685,9009.56496517121,0.02759018
0.09429988,0.04839082,46424.45,0.008927778846153846,1411.6598139334094,9061.983783301535,0.0276686
0.09439641,0.04841417,46439.52,0.008930676923076922,1419.982540201043,9115.410543577444,0.02774831
0.09449294,0.04843751,46454.59,0.008933575,1428.3072933320416,9168.850315063817,0.02782777
0.09458947,0.04846083,46470.65,0.008936663461538461,1436.7479959541306,9223.034410641287,0.02790817
0.094686,0.04848412,46486.74,0.008939757692307692,1445.1907171374114,9277.2314641344,0.02798831
0.09478254,0.04850739,46503.99,0.008943075,1453.7369340771131,9332.09289643682,0.02806937
0.09487909,0.04853064,46521.27,0.008946398076923077,1462.2928368195687,9387.016505608353,0.02815027
0.09497565,0.04855388,46539.68,0.008949938461538461,1470.9828877622724,9442.80126333934,0.02823238
0.0950722,0.04857708,46558.12,0.008953484615384616,1479.6793458271025,9498.62715083561,0.02831431
0.09516876,0.04860027,46577.53,0.008957217307692307,1488.525639127954,9555.41488796845,0.02839754
0.09526533,0.04862344,46596.94,0.00896095,1497.3828982127593,9612.273018658847,0.02848062
0.0953619,0.04864658,46617.17,0.008964840384615385,1506.403361005157,9670.178816313322,0.02856506
0.09545848,0.0486697,46637.41,0.008968732692307692,1515.428912687358,9728.117281496063,0.02864925
0.09555506,0.0486928,46658.42,0.008972773076923077,1524.5979236775645,9786.976666797007,0.02873458
0.09565164,0.04871588,46679.45,0.008976817307692307,1533.7720727761834,9845.869035579275,0.02881968
0.09574823,0.04873894,46701.23,0.00898100576923077,1543.0908966589955,9905.690127085865,0.02890591
0.09584484,0.04876197,46723.02,0.008985196153846154,1552.4167879839208,9965.556587204062,0.02899192
0.09594143,0.04878499,46745.48,0.008989515384615385,1561.8891150654977,10026.36307440171,0.02907905
0.09603805,0.04880798,46767.95,0.008993836538461537,1571.3701138580159,10087.225228625613,0.02916598
0.09613467,0.04883095,46790.94,0.008998257692307693,1581.018264800014,10149.160396370891,0.02925416
0.09623129,0.0488539,46813.94,0.00900268076923077,1590.6709385751237,10211.124597910222,0.02934208
0.09632791,0.04887683,46837.36,0.009007184615384616,1600.4765536994742,10274.070588413817,0.02943108
0.09642455,0.04889974,46860.8,0.009011692307692309,1610.2843109706942,10337.030330176747,0.02951977
0.09652118,0.04892262,46884.69,0.00901628653846154,1620.2210959641636,10400.81835019417,0.02960933
0.09661782,0.04894549,46908.58,0.00902088076923077,1630.1586449314086,10464.611274451194,0.02969858
0.09671446,0.04896834,46932.95,0.009025567307692307,1640.2182392243162,10529.187654290836,0.02978863
0.09681111,0.04899116,46957.33,0.00903025576923077,1650.2799017009363,10593.777310592042,0.0298784
0.09690777,0.04901396,46982.11,0.009035021153846154,1660.4699613962905,10659.191197704742,0.02996901
0.09700442,0.04903674,47006.9,0.009039788461538462,1670.6621312808927,10724.618630928591,0.03005934
0.09710109,0.0490595,47031.98,0.009044611538461539,1680.9874639803315,10790.900887146392,0.0301505
0.09719776,0.04908224,47057.07,0.009049436538461538,1691.3135372106594,10857.187897114949,0.03024139
0.09729443,0.04910496,47082.33,0.009054294230769231,1701.7684777684178,10924.302155702364,0.03033302
0.09739111,0.04912765,47107.6,0.009059153846153845,1712.222609051429,10991.411219245927,0.03042433
0.09748779,0.04915033,47132.99,0.009064036538461539,1722.7892684403637,11059.242643701788,0.03051624
0.09758448,0.04917298,47158.38,0.00906891923076923,1733.35649453455,11127.077706055212,0.03060783
0.09768118,0.04919561,47183.82,0.009073811538461539,1744.0315269057564,11195.60481809685,0.03069998
0.09777788,0.04921823,47209.26,0.009078703846153847,1754.7101973252313,11264.15528416053,0.03079182
0.09787458,0.04924082,47234.63,0.009083582692307692,1765.496677531452,11333.397822442692,0.03088418
0.09797129,0.04926339,47259.99,0.009088459615384615,1776.285282162233,11402.653998217915,0.03097624
0.098068,0.04928593,47285.14,0.009093296153846154,1787.1834982600535,11472.6138118859,0.03106876
0.09816472,0.04930846,47310.28,0.009098130769230769,1798.0794323937805,11542.558976754362,0.03116095
0.09826144,0.04933097,47335.1,0.009102903846153846,1809.0721712531265,11613.12556814857,0.03125345
0.09835817,0.04935345,47359.92,0.009107676923076923,1820.0625590633463,11683.67706726003,0.0313456
0.09845491,0.04937592,47384.36,0.009112376923076922,1831.1321433893415,11754.736959069623,0.03143791
0.09855164,0.04939836,47408.8,0.009117076923076924,1842.1977917619777,11825.771584490558,0.03152985
0.09864838,0.04942078,47432.85,0.009121701923076923,1853.3183978316456,11897.159004369727,0.03162175
0.09874513,0.04944318,47456.9,0.009126326923076923,1864.4345784281948,11968.518015445841,0.03171329
0.09884188,0.04946556,47480.52,0.00913086923076923,1875.600605427331,12040.197009627971,0.03180475
0.09893864,0.04948792,47504.14,0.009135411538461539,1886.7637987975127,12111.857813663028,0.03189587
0.0990354,0.04951026,47527.23,0.009139851923076923,1897.9752551504553,12183.828436227162,0.03198687
0.09913217,0.04953258,47550.32,0.009144292307692307,1909.18540019163,12255.790640979969,0.03207755
0.09922894,0.04955488,47572.7,0.009148596153846153,1920.4519636353982,12328.11501701819,0.03216812
0.09932572,0.04957715,47595.08,0.0091529,1931.7146726853841,12400.414650229843,0.03225836
0.0994225,0.04959941,47616.58,0.009157034615384616,1943.0262454321924,12473.027958183686,0.03234836
0.09951928,0.04962164,47638.07,0.009161167307692307,1954.3309989742304,12545.597491056287,0.032438
0.09961606,0.04964385,47658.61,0.009165117307692308,1965.6591388308602,12618.317149618866,0.03252716
0.09971287,0.04966604,47679.13,0.009169063461538462,1976.978837120143,12690.982618534867,0.03261596
0.09980966,0.04968821,47698.7,0.009172826923076922,1988.2897107316264,12763.5914384719,0.03270402
0.09990647,0.04971036,47718.25,0.009176586538461538,1999.5930005913401,12836.151575408343,0.03279172
0.1000033,0.0497325,47736.8,0.009180153846153847,2010.8840496787043,12908.633134149508,0.0328787
0.1001001,0.0497546,47755.33,0.009183717307692308,2022.1708668495633,12981.087526601483,0.03296533
0.1001969,0.0497767,47772.78,0.009187073076923076,2033.4375752917156,13053.41283343974,0.03305115
0.1002937,0.04979876,47790.21,0.009190425,2044.696982828063,13125.69127297374,0.03313662
0.1003906,0.04982081,47806.46,0.00919355,2055.9235898807506,13197.759153669076,0.03322116
0.1004874,0.04984284,47822.7,0.009196673076923076,2067.1431580127846,13269.781848842955,0.03330534
0.1005842,0.04986485,47837.77,0.009199571153846153,2078.2917560257615,13341.348959702787,0.03338829
0.1006811,0.04988683,47852.82,0.009202465384615385,2089.429666342854,13412.84746215865,0.03347088
0.1007779,0.0499088,47866.75,0.00920514423076923,2100.4767003149827,13483.762594629603,0.03355213
0.1008748,0.04993075,47880.66,0.009207819230769231,2111.5174838210737,13554.637602970573,0.03363306
0.1009716,0.04995267,47893.39,0.009210267307692307,2122.472057952123,13624.959200389954,0.03371268
0.1010685,0.04997457,47906.1,0.009212711538461538,2133.420518330913,13695.241551297335,0.03379201
0.1011654,0.04999646,47917.47,0.009214898076923076,2144.2974519345203,13765.064744502284,0.03387011
0.1012622,0.05001832,47928.81,0.009217078846153845,2155.1705574905736,13834.863364007171,0.03394792
0.1013591,0.05004016,47938.59,0.009218959615384615,2165.9634576763883,13904.147114591617,0.03402438
0.101456,0.05006198,47948.36,0.009220838461538462,2176.7496640291592,13973.387894903839,0.0341005
0.1015528,0.05008377,47956.47,0.009222398076923077,2187.4238351158547,14041.909478031077,0.03417502
0.1016497,0.05010554,47964.55,0.009223951923076923,2198.0896796825696,14110.377610044745,0.03424918
0.1017466,0.0501273,47971.0,0.009225192307692308,2208.6179834599234,14177.962815173034,0.03432155
0.1018435,0.05014905,47977.42,0.009226426923076923,2219.136070366421,14245.482434303125,0.03439358
0.1019405,0.05017078,47982.24,0.009227353846153846,2229.475778395735,14311.85697125664,0.03446351
0.1020373,0.05019247,47987.04,0.009228276923076923,2239.799892529857,14378.131405038022,0.0345331
0.1021342,0.05021414,47990.58,0.009228957692307693,2249.937597031608,14443.20920415649,0.03460089
0.1022311,0.0502358,47994.11,0.009229636538461539,2260.058086730402,14508.176494876483,0.03466832
0.1023281,0.05025744,47996.63,0.009230121153846154,2270.0512409208854,14572.326370309902,0.03473466
0.102425,0.05027906,47999.14,0.009230603846153845,2280.0671331669228,14636.622210010815,0.03480094
0.102522,0.05030066,47998.71,0.009230521153846153,2289.79490417966,14699.068489415393,0.03486327
0.1026189,0.05032224,47998.25,0.009230432692307692,2299.493545042721,14761.327771257687,0.03492515
0.1027159,0.05034379,47996.43,0.009230082692307693,2309.014775170064,14822.448185793433,0.03498511
0.1028128,0.05036533,47994.59,0.009229728846153846,2318.529280766961,14883.525432998604,0.03504479
0.1029098,0.05038684,47991.05,0.009229048076923077,2327.8471112987145,14943.340147805158,0.03510242
0.1030067,0.05040834,47987.48,0.009228361538461538,2337.15673037591,15003.102150147059,0.0351598
0.1031037,0.05042981,47982.1,0.009227326923076923,2346.216823029539,15061.26234702454,0.03521466
0.1032006,0.05045127,47976.68,0.009226284615384616,2355.264787751475,15119.34469007404,0.03526925
0.1032976,0.0504727,47969.45,0.009224894230769231,2364.0662282043986,15175.844499636409,0.03532137
0.1033946,0.05049411,47962.19,0.009223498076923077,2372.8592756441667,15232.290431240112,0.03537323
0.1034915,0.05051551,47953.07,0.00922174423076923,2381.398194888699,15287.105016848569,0.03542254
0.1035885,0.05053688,47943.92,0.009219984615384615,2389.927253674486,15341.856304404362,0.0354716
0.1036855,0.05055823,47932.87,0.009217859615384617,2398.176818438383,15394.813413030577,0.03551794
0.1037825,0.05057957,47921.8,0.00921573076923077,2406.4150595378114,15447.697830727451,0.03556401
0.1038795,0.05060088,47908.91,0.009213251923076924,2414.3276709496927,15498.491907027068,0.03560706
0.1039765,0.05062217,47895.99,0.009210767307692307,2422.2281001134593,15549.207780820832,0.03564984
0.1040735,0.05064345,47881.39,0.009207959615384615,2429.786116766347,15597.725577861147,0.03568959
0.1041705,0.0506647,47866.76,0.009205146153846154,2437.3317522991424,15646.163895760392,0.0357291
0.1042675,0.05068593,47850.54,0.009202026923076922,2444.566847580998,15692.608737122086,0.03576584
0.1043645,0.05070715,47834.29,0.009198901923076923,2451.79602038759,15739.015559851909,0.0358024
0.1044615,0.05072834,47816.28,0.00919543846153846,2458.726449840499,15783.50463483562,0.03583625
0.1045585,0.05074951,47798.24,0.00919196923076923,2465.64741404672,15827.932948783888,0.03586989
0.1046556,0.05077066,47778.37,0.009188148076923077,2472.226950009118,15870.169504365054,0.03590047
0.1047526,0.05079179,47758.46,0.00918431923076923,2478.7949089866156,15912.331742856235,0.03593084
0.1048496,0.0508129,47736.78,0.00918015,2485.0054199994324,15952.199386270511,0.0359581
0.1049467,0.050834,47715.06,0.009175973076923076,2491.2043768659287,15991.99285920437,0.03598514
0.1050438,0.05085507,47691.6,0.009171461538461538,2497.039447971723,16029.45041038859,0.03600906
0.1051408,0.05087612,47668.11,0.009166944230769232,2502.86257472455,16066.83128620682,0.03603277
0.1052379,0.05089715,47642.82,0.009162080769230769,2508.3503919836985,16102.059682253284,0.03605357
0.1053349,0.05091816,47617.5,0.009157211538461538,2513.8303754463363,16137.237790166419,0.0360742
0.105432,0.05093915,47590.26,0.009151973076923078,2518.966540381008,16170.20879556514,0.03609181
0.105529,0.05096012,47562.98,0.009146726923076923,2524.09036729034,16203.100598464476,0.03610921
0.1056261,0.05098107,47533.81,0.009141117307692308,2528.836979189597,16233.570914068943,0.03612337
0.1057232,0.051002,47504.6,0.0091355,2533.568082192355,16263.941672140369,0.03613731
0.1058203,0.05102292,47473.64,0.009129546153846153,2537.884643597189,16291.651329285907,0.03614782
0.1059174,0.05104381,47442.65,0.009123586538461539,2542.1862224495444,16319.264807701802,0.03615815
0.1060145,0.05106468,47410.05,0.009117317307692309,2546.0874329989542,16344.308168988322,0.03616522
0.1061115,0.05108553,47377.41,0.009111040384615385,2549.9770291227032,16369.276972838305,0.03617212
0.1062086,0.05110637,47343.19,0.009104459615384615,2553.4696281337388,16391.697300517244,0.03617581
0.1063057,0.05112718,47308.94,0.009097873076923077,2556.949150087693,16414.033681569643,0.03617935
0.1064028,0.05114797,47273.12,0.009090984615384616,2560.038092375814,16433.862782494823,0.03617973
0.1065,0.05116875,47237.27,0.009084090384615384,2563.1157353551284,16453.61934883897,0.03617996
0.1065971,0.0511895,47199.86,0.009076896153846154,2565.803198179111,16470.871199666468,0.03617706
0.1066942,0.05121024,47162.42,0.009069696153846153,2568.47640128986,16488.031511945657,0.03617399
0.1067913,0.05123095,47123.44,0.009062200000000001,2570.7530391182513,16502.646120137873,0.03616783
0.1068884,0.05125164,47084.43,0.009054698076923077,2573.0154475845065,16517.16938461707,0.0361615
0.1069856,0.05127232,47043.91,0.00904690576923077,2574.8814209181096,16529.147780489988,0.03615208
0.1070827,0.05129298,47003.35,0.00903910576923077,2576.7316376273047,16541.02502856975,0.0361425
0.1071798,0.05131361,46961.36,0.00903103076923077,2578.1713872694813,16550.267331694515,0.03612974
0.107277,0.05133423,46919.33,0.009022948076923077,2579.5936002190037,16559.39706008783,0.03611679
0.1073741,0.05135482,46876.0,0.009014615384615385,2580.5982367469655,16565.846205862646,0.03610065
0.1074713,0.0513754,46832.63,0.009006275,2581.5850190163083,16572.180738328734,0.03608436
0.1075684,0.05139596,46788.05,0.008997701923076924,2582.174910465889,16575.967476958853,0.03606506
0.1076656,0.0514165,46743.44,0.008989123076923077,2582.750114440859,16579.65993107692,0.03604563
0.1077628,0.05143701,46697.58,0.008980303846153847,2582.957343529115,16580.9902137829,0.03602337
0.1078599,0.05145751,46651.69,0.008971478846153846,2583.1490960880997,16582.221146733442,0.03600097
0.1079571,0.05147799,46604.52,0.008962407692307692,2582.9624687495993,16581.02311453169,0.03597567
0.1080543,0.05149845,46557.32,0.00895333076923077,2582.760060675786,16579.72377975967,0.03595021
0.1081515,0.05151889,46508.9,0.008944019230769231,2582.1743342875793,16575.96377825011,0.03592185
0.1082486,0.05153931,46460.45,0.008934701923076922,2581.5728315446536,16572.10250229098,0.03589334
0.1083458,0.05155971,46410.82,0.008925157692307692,2580.59126397886,16565.80144499967,0.03586198
0.108443,0.05158009,46361.16,0.008915607692307693,2579.593845372548,16559.398633822115,0.03583046
0.1085402,0.05160045,46310.33,0.008905832692307693,2578.236715988711,16550.686701707316,0.03579623
0.1086374,0.0516208,46259.47,0.008896051923076922,2576.864062551555,16541.87511476206,0.03576187
0.1087346,0.05164112,46207.4,0.008886038461538463,2575.146654645551,16530.850417140216,0.03572486
0.1088319,0.05166142,46155.3,0.00887601923076923,2573.409349543416,16519.697991813093,0.0356877
0.1089291,0.0516817,46101.99,0.008865767307692307,2571.3194291481464,16506.28199417443,0.03564783
0.1090263,0.05170197,46048.66,0.00885551153846154,2569.207996181121,16492.727899117068,0.0356078
0.1091235,0.05172221,45994.2,0.008845038461538461,2566.731068305322,16476.827552573694,0.035565
0.1092207,0.05174244,45939.71,0.008834559615384615,2564.2320024665837,16460.78509398663,0.03552204
0.109318,0.05176264,45884.17,0.008823878846153845,2561.394160913503,16442.567904632815,0.03547655
0.1094152,0.05178283,45828.6,0.008813192307692307,2558.5346851808754,16424.211837213417,0.03543089
0.1095124,0.05180299,45771.97,0.008802301923076924,2555.347908045284,16403.754697016688,0.03538277
0.1096096,0.05182313,45715.32,0.008791407692307691,2552.1409862820447,16383.168240757217,0.03533449
0.1097068,0.05184325,45657.61,0.008780309615384615,2548.6069431326277,16360.481867316954,0.03528375
0.1098041,0.05186336,45599.87,0.00876920576923077,2545.0528225064136,16337.666608880923,0.03523283
0.1099014,0.05188346,45541.15,0.008757913461538461,2541.1590952153933,16312.671285489583,0.03517939
0.1099987,0.05190354,45482.4,0.008746615384615386,2537.2402347635234,16287.514622734614,0.03512575
0.1100959,0.05192358,45422.86,0.008735165384615384,2532.9906611956926,16260.234986112864,0.03506974
0.1101931,0.05194361,45363.29,0.008723709615384616,2528.720385881133,16232.822457068103,0.03501356
0.1102904,0.05196362,45302.89,0.00871209423076923,2524.1432880949183,16203.440317331695,0.03495515
0.1103877,0.05198362,45242.47,0.008700475000000001,2519.545513780619,16173.925447060388,0.03489658
0.110485,0.05200361,45181.19,0.008688690384615385,2514.6777189372683,16142.67721183014,0.03483601
0.1105823,0.05202356,45119.88,0.0086769,2509.791394115373,16111.310025586748,0.0347753
0.1106796,0.0520435,45057.63,0.008664928846153845,2504.6499983489725,16078.305441480301,0.03471264
0.1107769,0.05206341,44995.35,0.008652951923076923,2499.488830670017,16045.17393391172,0.03464982
0.1108742,0.05208331,44932.07,0.008640782692307692,2494.066295767765,16010.364610260527,0.034585
0.1109715,0.05210319,44868.77,0.008628609615384615,2488.619311947916,15975.398339664607,0.03451998
0.1110688,0.05212305,44804.52,0.008616253846153846,2482.9046326297134,15938.71362937026,0.03445293
0.1111661,0.05214289,44740.24,0.008603892307692308,2477.165315013728,15901.870756427412,0.03438567
0.1112634,0.05216271,44675.13,0.008591371153846153,2471.1531285179913,15863.276233874032,0.03431639
0.1113607,0.05218251,44609.99,0.00857884423076923,2465.112782657264,15824.500945596239,0.03424689
0.111458,0.05220229,44544.09,0.008566171153846154,2458.821586988378,15784.115356542621,0.03417554
0.1115553,0.05222206,44478.18,0.008553496153846154,2452.5022665219985,15743.549223666563,0.03410398
0.1116527,0.0522418,44411.53,0.008540678846153846,2445.9528129265414,15701.505778294164,0.03403072
0.11175,0.05226153,44344.86,0.008527857692307692,2439.378376480008,15659.301958454007,0.03395726
0.1118473,0.05228123,44277.4,0.008514884615384615,2432.6024336649684,15615.80459223277,0.0338823
0.1119447,0.05230092,44209.91,0.00850190576923077,2425.807710831731,15572.186669898312,0.03380717
0.112042,0.05232059,44141.49,0.008488748076923076,2418.8536158089573,15527.545676578311,0.03373076
0.1121394,0.05234024,44073.03,0.008475582692307693,2411.875521823593,15482.750624746715,0.03365416
0.1122367,0.05235987,44003.53,0.008462217307692307,2404.731883758703,15436.892882209277,0.03357616
0.1123341,0.05237948,43934.0,0.008448846153846154,2397.5594748626636,15390.85044871249,0.03349792
0.1124314,0.05239907,43863.5,0.008435288461538461,2390.2009245366767,15343.61310224663,0.03341818
0.1125288,0.05241865,43792.97,0.008421725,2382.810483313553,15296.171035925581,0.03333817
0.1126261,0.0524382,43721.72,0.008408023076923078,2375.184433428711,15247.216507571808,0.03325641
0.1127235,0.05245774,43650.45,0.008394317307692307,2367.52339340777,15198.037364163629,0.03317437
0.1128209,0.05247726,43578.76,0.00838053076923077,2359.6569558202987,15147.539695287309,0.0330909
0.1129182,0.05249676,43507.04,0.008366738461538462,2351.7584063077397,15096.835887692918,0.0330072
0.1130156,0.05251624,43434.93,0.008352871153846154,2343.719687309169,15045.23227860484,0.03292255
0.113113,0.0525357,43362.79,0.008338998076923078,2335.656834059262,14993.473742535016,0.0328377
0.1132104,0.05255514,43290.04,0.008325007692307693,2327.530470338139,14941.30750848119,0.03275236
0.1133078,0.05257457,43217.25,0.008311009615384616,2319.3829920186763,14889.005731752102,0.03266685
0.1134052,0.05259397,43143.58,0.008296842307692308,2311.1783153624724,14836.336777042266,0.03258075
0.1135026,0.05261335,43069.89,0.008282671153846153,2302.9465676435398,14783.494042836111,0.03249442
0.1136,0.05263272,42995.26,0.008268319230769232,2294.6305777151038,14730.110525695669,0.03240731
0.1136974,0.05265206,42920.61,0.008253963461538462,2286.2842368861607,14676.532174526881,0.03231992
0.1137948,0.05267139,42845.15,0.008239451923076924,2277.8298495743097,14622.260231696497,0.03223162
0.1138922,0.0526907,42769.67,0.008224936538461538,2269.344653117508,14567.790513191578,0.03214306
0.1139896,0.05270999,42693.4,0.008210269230769231,2260.794617239704,14512.904565666147,0.03205395
0.114087,0.05272926,42617.1,0.008195596153846154,2252.2306985595255,14457.929499127238,0.03196469
0.1141845,0.05274852,42539.52,0.008180676923076922,2243.750377944299,14403.491080512595,0.03187582
0.1142819,0.05276775,42461.92,0.008165753846153846,2235.2518596617238,14348.935844117359,0.03178676
0.1143793,0.05278697,42382.53,0.008150486538461538,2226.9051511762523,14295.355132820823,0.03169835
0.1144767,0.05280617,42303.12,0.008135215384615386,2218.4529423579597,14241.09717457306,0.03160913
0.1145742,0.05282534,42224.37,0.008120071153846154,2209.577937096557,14184.125124393735,0.03151695
0.1146716,0.0528445,42145.66,0.008104934615384616,2200.4309755593417,14125.407282957303,0.03142278
0.1147691,0.05286365,42076.78,0.008091688461538462,2189.1540479661767,14053.016375483649,0.03131538
0.1148665,0.05288277,42007.98,0.008078457692307693,2177.6363883742206,13979.080117318823,0.03120617
0.114964,0.05290188,41959.56,0.008069146153846154,2162.7649886029744,13883.614919378164,0.03108117
0.1150614,0.05292096,41911.24,0.008059853846153845,2148.1165841465795,13789.58121357675,0.03095751
0.1151589,0.05294003,41874.55,0.008052798076923077,2131.79591797575,13684.812620808894,0.03082227
0.1152563,0.05295908,41837.2,0.008045615384615384,2115.258798914664,13578.654534225327,0.03068557
0.1153538,0.05297811,41864.22,0.008050811538461539,2093.836229122491,13441.134872521281,0.03074033
0.1154513,0.05299712,41890.74,0.008055911538461538,2074.3933036082663,13316.323303918993,0.03080698
0.1155488,0.05301611,41804.12,0.008039253846153846,2065.806132098197,13261.19896857941,0.03086681
0.1156462,0.05303509,41717.66,0.008022626923076924,2056.3868912642356,13200.733262291056,0.03091987
0.1157437,0.05305404,41591.15,0.007998298076923076,2051.4630418583524,13169.125191403775,0.03086364
0.1158412,0.05307298,41464.75,0.007973990384615385,2046.1257679957878,13134.86319094714,0.03080417
0.1159387,0.0530919,41340.1,0.007950019230769231,2041.5635676546733,13105.576683603593,0.03068265
0.1160362,0.0531108,41215.43,0.00792604423076923,2036.5603708728308,13073.45925158901,0.03055781
0.1161337,0.05312968,41113.46,0.007906434615384615,2028.9775548821035,13024.78225812253,0.03040712
0.1162312,0.05314854,41011.5,0.007886826923076923,2021.1146660361044,12974.3073699738,0.03025446
0.1163287,0.05316739,40940.68,0.007873207692307692,2009.3147394478535,12898.559132097049,0.03009329
0.1164262,0.05318621,40869.92,0.0078596,1997.7712980200329,12824.457370475791,0.02993414
0.1165237,0.05320502,40816.31,0.007849290384615385,1984.2379865172502,12737.581872454162,0.02977329
0.1166212,0.05322381,40762.01,0.007838848076923078,1970.3950326449637,12648.718661739029,0.02961055
0.1167187,0.05324258,40772.85,0.007840932692307692,1951.9228503839718,12530.138665029428,0.02965038
0.1168162,0.05326134,40783.31,0.007842944230769231,1935.3508684624237,12423.756780422405,0.02970259
0.1169138,0.05328007,40684.83,0.00782400576923077,1928.5700136493363,12380.227882208676,0.0297491
0.1170113,0.05329879,40586.51,0.007805098076923077,1920.9740151099566,12331.466264924946,0.02978899
0.1171088,0.05331749,40452.35,0.007779298076923077,1916.788496890479,12304.597824061751,0.02971979
0.1172064,0.05333617,40318.26,0.007753511538461539,1912.1746828157761,12274.97998843914,0.02964718
0.1173039,0.05335483,40189.31,0.007728713461538461,1907.9653515551263,12247.95868256498,0.02951523
0.1174014,0.05337347,40060.34,0.007703911538461537,1903.3091387545303,12218.068673319034,0.02937983
0.117499,0.0533921,39955.39,0.007683728846153846,1896.2225314194384,12172.577032829324,0.02922269
0.1175965,0.05341071,39850.48,0.007663553846153847,1888.843539876166,12125.208466378506,0.02906345
0.1176941,0.05342929,39777.66,0.007649550000000001,1877.8721483826273,12054.778911882886,0.02889953
0.1177916,0.05344785,39704.91,0.007635559615384616,1867.2175388353537,11986.38290175225,0.02873818
0.1178891,0.0534664,39649.69,0.007624940384615385,1854.8405931199597,11906.930557602007,0.02857842
0.1179867,0.05348493,39593.8,0.007614192307692308,1842.1081112481886,11825.195891002924,0.02841639
0.1180843,0.05350345,39597.32,0.007614869230769231,1825.4699212868593,11718.388991688464,0.02845805
0.1181819,0.05352196,39600.43,0.007615467307692308,1810.6831050119388,11623.466767532616,0.02851231
0.1182794,0.05354043,39494.76,0.007595146153846154,1804.9151255755335,11586.439903411947,0.02855595
0.118377,0.05355889,39389.15,0.007574836538461539,1798.850986663088,11547.511878443134,0.02859705
0.1184745,0.05357733,39246.88,0.007547476923076922,1798.2611830225912,11543.725703493079,0.02855109
0.1185721,0.05359576,39104.45,0.007520086538461538,1798.985482459003,11548.375258352,0.02851548
0.1186698,0.05361417,38939.99,0.007488459615384615,1826.6757396252165,11726.129600381824,0.02862956
0.1187674,0.05363256,38782.34,0.007458142307692307,1821.695331836898,11694.158459625032,0.0284844
0.118865,0.05365093,39044.41,0.007508540384615385,1716.5619496389124,11019.267104669505,0.02747636
0.1189626,0.05366929,39555.67,0.007606859615384615,643.0430380429751,4127.938987278754,0.01672473
0.1190602,0.05368762,56314.45,0.010829701923076923,-10487.764634952531,-67324.96888199043,0.07154241
0.1191578,0.05370593,95280.56,0.018323184615384614,-27225.428801790647,-174770.43113369768,0.1436229
0.1192554,0.05372423,264737.6,0.05091107692307692,-35283.591169024294,-226498.85463511688,0.3583456
0.119353,0.05374251,350355.9,0.06737613461538462,-27075.50211125014,-173807.99441562148,0.3962505
0.1194506,0.05376077,375810.5,0.07227125,-21996.03635784465,-141200.96272790962,0.4338511
0.1195482,0.05377902,402312.8,0.07736784615384615,-18841.980354279392,-120953.871981384,0.4638467
0.1196458,0.05379724,406393.2,0.07815253846153847,-17050.86170433684,-109455.99692710835,0.4885678
0.1197435,0.05381545,409287.4,0.07870911538461539,-15402.417231948159,-98874.00193864442,0.5157411
0.1198411,0.05383364,399757.6,0.07687646153846153,-13223.564414220207,-84887.11309646977,0.5255999
0.1199387,0.05385181,388202.0,0.07465423076923076,-11189.731750128076,-71831.16403704484,0.5293347
0.1200364,0.05386997,366239.0,0.07043057692307693,-9168.820240740548,-58858.160807230524,0.5142316
0.120134,0.0538881,349448.1,0.06720155769230769,-7829.015660475498,-50257.44322689163,0.5117262
0.1202316,0.05390622,338775.8,0.06514919230769231,-6786.736913007015,-43566.6576608411,0.512259
0.1203293,0.05392432,332269.8,0.06389803846153846,-6036.511598049429,-38750.67468047652,0.5199809
0.1204269,0.0539424,332378.2,0.06391888461538461,-5525.218160755059,-35468.48672588717,0.5352946
0.1205246,0.05396046,331570.3,0.06376351923076923,-5006.428048337011,-32138.174748973943,0.5459064
0.1206222,0.05397851,330809.2,0.06361715384615385,-4547.7776224289055,-29193.92240095063,0.5534247
0.1207199,0.05399654,329174.7,0.06330282692307693,-4103.656554598969,-26342.939554535693,0.5569551
0.1208176,0.05401455,326438.0,0.06277653846153847,-3702.383253747686,-23767.012897776916,0.5546721
0.1209152,0.05403254,323032.3,0.06212159615384615,-3321.4254732688632,-21321.499329460177,0.5494609
0.1210129,0.05405051,318335.8,0.06121842307692307,-2980.876727093392,-19135.386793843743,0.5389464
0.1211106,0.05406847,312873.3,0.060167942307692304,-2649.641857132515,-17009.06358876095,0.5254207
0.1212082,0.05408641,305752.0,0.058798461538461536,-2350.5916855250307,-15089.346261149612,0.507968
0.1213059,0.05410433,297823.3,0.05727371153846154,-2059.7464461775257,-13222.299529066418,0.4879259
0.1214036,0.05412223,288078.0,0.05539961538461539,-1792.2359393496974,-11505.04736192999,0.4656315
0.1215013,0.05414012,277662.2,0.05339657692307693,-1540.1281588987586,-9886.671181251717,0.4418758
0.121599,0.05415799,265714.3,0.05109890384615384,-1308.035956941414,-8396.78264747823,0.4181285
0.1216966,0.05417584,253557.3,0.048761019230769226,-1103.2703393861902,-7082.313901291556,0.3950664
0.1217943,0.05419367,240660.1,0.046280788461538463,-921.323992974529,-5914.330776505081,0.3751249
0.121892,0.05421149,228133.6,0.04387184615384616,-776.1829768697303,-4982.615131381789,0.3589661
0.1219897,0.05422928,215921.3,0.04152332692307692,-656.5559999260886,-4214.683853315525,0.3488231
0.1220874,0.05424706,204704.5,0.03936625,-574.2240868500897,-3686.1638417810123,0.3460277
0.1221851,0.05426483,194813.0,0.03746403846153846,-513.9718288287772,-3299.381573342655,0.3493226
0.1222829,0.05428257,186268.9,0.035820942307692304,-475.48695079767253,-3052.3324350318726,0.3596286
0.1223806,0.0543003,179460.1,0.034511557692307696,-455.7193381047467,-2925.436575356767,0.3741063
0.1224783,0.054318,173673.6,0.03339876923076923,-446.0944122884043,-2863.650498568093,0.3940796
0.122576,0.05433569,169326.9,0.032562865384615385,-451.1566588862166,-2896.1469939160947,0.4171554
0.1226737,0.05435337,165866.9,0.03189748076923077,-464.5372355863257,-2982.0420288748014,0.4462073
0.1227715,0.05437102,163835.7,0.03150686538461539,-483.75258429242984,-3105.3926949818224,0.4782274
0.1228692,0.05438866,162477.2,0.031245615384615386,-503.8196855715002,-3234.211086334984,0.5128233
0.1229669,0.05440628,162232.8,0.031198615384615384,-522.1988307422653,-3352.1938424101486,0.5500534
0.1230646,0.05442388,162354.1,0.031221942307692308,-534.2999467013451,-3429.875529951766,0.5855583
0.1231624,0.05444147,162990.3,0.03134428846153846,-544.0410264211055,-3492.4072430323795,0.6229364
0.1232601,0.05445903,164220.5,0.03158086538461539,-550.3846843701612,-3533.1296075098217,0.6594413
0.1233579,0.05447658,165827.0,0.03188980769230769,-558.3383463403228,-3584.187203029692,0.6977945
0.1234556,0.05449411,168256.4,0.032357,-570.29508342466,-3660.942067402826,0.7399201
0.1235534,0.05451163,171312.7,0.03294475,-577.519252208554,-3707.3167673987623,0.7782256
0.1236511,0.05452912,174436.9,0.033545557692307694,-582.4766121348891,-3739.1399551222016,0.8151813
0.1237489,0.0545466,178048.7,0.03424013461538462,-576.3158364586108,-3699.5915818385324,0.8428099
0.1238466,0.05456407,180917.4,0.03479180769230769,-561.683529358107,-3605.661211115868,0.8625099
0.1239444,0.05458151,183944.4,0.035373923076923074,-535.8562937023843,-3439.866316078424,0.8714111
0.1240422,0.05459894,186118.1,0.03579194230769231,-497.4946677925282,-3193.6083802322787,0.8664395
0.1241399,0.05461635,187794.1,0.03611425,-443.0359846645298,-2844.0172829332814,0.8418144
0.1242377,0.05463375,188720.3,0.03629236538461538,-366.76530907850946,-2354.4066710280454,0.7871082
0.1243355,0.05465112,188125.9,0.03617805769230769,-273.69362749810665,-1756.9439814752775,0.6946635
0.1244333,0.05466847,186806.1,0.03592425,-168.49485247672888,-1081.6328449978305,0.5562785
0.1245311,0.05468579,182507.3,0.03509755769230769,-40.09913773156427,-257.4116881852042,0.2738549
0.1246288,0.05470309,175631.7,0.03377532692307693,121.13325158184641,777.6006305617326,0.4789265
0.1247266,0.05472038,165344.0,0.03179692307692308,173.40723193127963,1113.1672858844947,0.5692051
0.1248244,0.05473767,164259.4,0.031588346153846154,46.66914190131393,299.58705554697804,0.2975544
0.1249222,0.05475496,166449.1,0.03200944230769231,-34.99640389124382,-224.65528975614956,0.2660551
0.12502,0.05477226,172069.6,0.0330903076923077,95.30848277403851,611.8215711637112,0.4453126
