x_m,r_m,pressure_pa,pressure_over_pc,tau_wall_pa,su2_cf_t,yplus
-0.02268,0.02,5179805.0,0.9961163461538461,2059.228347477335,13218.9736555288,0.3996624
-0.02258069,0.01999946,5179226.0,0.996005,1308.860227455618,8402.073954887455,0.3183306
-0.0224814,0.01999803,5178057.0,0.9957801923076923,809.1590840166211,5194.301364319801,0.2500148
-0.02238212,0.01999557,5177281.0,0.9956309615384615,657.1976751502352,4218.80301178272,0.2251072
-0.02228287,0.01999211,5177448.0,0.9956630769230769,552.2765103568208,3545.273961441786,0.2061504
-0.02218367,0.01998767,5176877.0,0.9955532692307693,512.9314708289251,3292.7031177895287,0.1984897
-0.02208451,0.01998225,5177060.0,0.9955884615384616,482.57173267186926,3097.812357190532,0.1923345
-0.02198541,0.01997585,5176754.0,0.9955296153846154,474.2299444097268,3044.2632306877103,0.1904782
-0.02188638,0.01996846,5176917.0,0.9955609615384615,469.93108217182544,3016.667191258095,0.1894109
-0.02178742,0.01996008,5176674.0,0.9955142307692307,474.68621842486976,3047.192227946934,0.1901059
-0.02168856,0.01995073,5176806.0,0.9955396153846154,480.72853843421444,3085.9801890390836,0.19103
-0.02158979,0.0199404,5176667.0,0.9955128846153846,490.45091716871684,3148.391853349117,0.1926274
-0.02149113,0.01992908,5176811.0,0.995540576923077,500.8264469916811,3214.996344084658,0.1943064
-0.02139259,0.01991678,5176739.0,0.9955267307692308,512.6014021115426,3290.584280563469,0.1961696
-0.02129417,0.01990351,5176866.0,0.9955511538461539,524.2376335223053,3365.281696543074,0.1979499
-0.02119589,0.01988926,5176874.0,0.9955526923076923,535.337672543802,3436.5370886807455,0.1995682
-0.02109776,0.01987403,5177034.0,0.9955834615384616,547.0473869723922,3511.7062202318557,0.2012486
-0.02099978,0.01985783,5177085.0,0.9955932692307692,556.8919846886364,3574.9024548892376,0.2025117
-0.02090197,0.01984066,5177263.0,0.9956275,566.6521312944261,3637.556565597304,0.2037102
-0.02080434,0.01982252,5177378.0,0.9956496153846154,575.8448586204639,3696.568195120674,0.2047658
-0.02070689,0.01980341,5177579.0,0.9956882692307693,584.5841791724243,3752.6692333008787,0.2056944
-0.02060963,0.01978333,5177746.0,0.9957203846153846,592.7185671237069,3804.886977954395,0.2064594
-0.02051258,0.01976229,5177987.0,0.9957667307692307,600.6932026666559,3856.0792108526202,0.2071551
-0.02041574,0.01974028,5178183.0,0.9958044230769231,607.6306011717913,3900.6130228456586,0.2076418
-0.02031912,0.01971732,5178428.0,0.9958515384615385,613.5842030392348,3938.831468283074,0.2079165
-0.02022274,0.01969339,5178669.0,0.9958978846153846,620.482860807981,3983.116588685229,0.208306
-0.0201266,0.01966851,5178922.0,0.9959465384615385,627.4694584377286,4027.9662286596176,0.2086752
-0.02003071,0.01964268,5179167.0,0.9959936538461538,632.0450157730064,4057.3384796528094,0.2086056
-0.01993509,0.0196159,5179458.0,0.9960496153846153,638.2037196968566,4096.873553565963,0.2087685
-0.01983973,0.01958816,5179673.0,0.9960909615384616,643.9501874222569,4133.76232579342,0.2088168
-0.01974466,0.01955948,5179921.0,0.9961386538461539,649.7382807814755,4170.918308870762,0.208834
-0.01964987,0.01952986,5180135.0,0.9961798076923077,655.6994521151403,4209.185345604373,0.2088494
-0.01955538,0.0194993,5180367.0,0.996224423076923,662.123809297763,4250.425749299686,0.2089049
-0.0194612,0.01946781,5180532.0,0.9962561538461538,667.5502876904069,4285.260387722633,0.2087524
-0.01936734,0.01943538,5180717.0,0.9962917307692307,672.9428140018149,4319.877074762016,0.2085527
-0.01927381,0.01940202,5180843.0,0.9963159615384616,680.1473944472742,4366.126029728246,0.2086051
-0.01918061,0.01936772,5180990.0,0.9963442307692307,687.6119581434276,4414.0439165280995,0.2086588
-0.01908775,0.01933251,5181030.0,0.9963519230769231,694.99826343461,4461.459432721555,0.2086495
-0.01899525,0.01929638,5181095.0,0.9963644230769231,702.6137916113121,4510.346418210118,0.208632
-0.01890312,0.01925933,5181056.0,0.996356923076923,710.1581393376322,4558.776469187488,0.208563
-0.01881135,0.01922136,5181063.0,0.9963582692307692,718.5871064439019,4612.885230004421,0.2085838
-0.01871997,0.01918249,5180894.0,0.9963257692307692,727.2772417776417,4668.670529473717,0.208589
-0.01862898,0.01914271,5180763.0,0.9963005769230769,736.1030913696233,4725.327030627165,0.2085675
-0.01853839,0.01910203,5180462.0,0.9962426923076924,744.1412662101089,4776.927146556554,0.2083877
-0.0184482,0.01906045,5180161.0,0.9961848076923077,752.3031758887961,4829.321563695161,0.2081834
-0.01835843,0.01901799,5179691.0,0.9960944230769231,758.3387118555376,4868.065975425454,0.2076552
-0.01826909,0.01897463,5179122.0,0.995985,763.1340683825689,4898.849201422391,0.2069114
-0.01818019,0.01893038,5178495.0,0.995864423076923,766.0274844288541,4917.423144684772,0.2058511
-0.01809173,0.01888525,5177587.0,0.9956898076923076,767.4942799374153,4926.8390655608955,0.2045675
-0.01800372,0.01883925,5176695.0,0.9955182692307692,765.645342688418,4914.970030825062,0.2027865
-0.01791617,0.01879238,5175552.0,0.9952984615384616,765.0301085417345,4911.0206077380335,0.2011458
-0.01782909,0.01874464,5174208.0,0.99504,783.8578564876832,5031.883116451711,0.2021592
-0.01774245,0.01869611,5173461.0,0.9948963461538461,783.8351593117663,5031.7374146062275,0.2004603
-0.01765635,0.01864663,5171866.0,0.9945896153846154,948.9627656533124,6091.75461993632,0.2198973
-0.01757033,0.01859701,5168973.0,0.9940332692307692,1059.9572964310807,6804.270927346588,0.2318262
-0.01748433,0.01854735,5167670.0,0.9937826923076923,1075.3434417535746,6903.040473680459,0.2329697
-0.01739833,0.01849767,5165201.0,0.9933078846153847,1084.453220604694,6961.519625246222,0.2334235
-0.01731234,0.018448,5163733.0,0.9930255769230769,1073.559139155603,6891.586353468403,0.2316973
-0.01722634,0.01839834,5161566.0,0.9926088461538461,1062.0719300868634,6817.845568848164,0.2298889
-0.01714034,0.01834869,5159848.0,0.9922784615384616,1049.0621498582261,6734.330818132316,0.2278671
-0.01705434,0.01829904,5157864.0,0.9918969230769231,1038.2572498292739,6664.970035969271,0.2260811
-0.01696833,0.01824939,5155911.0,0.9915213461538461,1032.1777822521105,6625.943610444091,0.2248052
-0.01688233,0.01819973,5153896.0,0.9911338461538461,1027.175057224314,6593.829206799003,0.2236478
-0.01679633,0.01815008,5151779.0,0.9907267307692308,1025.142626548503,6580.782257638095,0.2228313
-0.01671032,0.01810043,5149653.0,0.9903178846153846,1023.6850092963115,6571.425255496896,0.2220783
-0.01662432,0.01805078,5147370.0,0.9898788461538461,1024.354598484693,6575.723604367281,0.2215767
-0.01653832,0.01800113,5145085.0,0.9894394230769231,1025.3783751707829,6582.295618131147,0.2211132
-0.01645231,0.01795147,5142618.0,0.988965,1027.912922236875,6598.56584427504,0.2208271
-0.01636631,0.01790182,5140144.0,0.9884892307692308,1030.6893568776043,6616.388839193044,0.2205656
-0.0162803,0.01785217,5137477.0,0.9879763461538461,1034.4817840323592,6640.733878299869,0.2204197
-0.0161943,0.01780252,5134792.0,0.98746,1038.4437704199083,6666.16738291568,0.2202889
-0.0161083,0.01775287,5131908.0,0.9869053846153846,1043.219034086485,6696.821625163273,0.2202457
-0.01602229,0.01770322,5128999.0,0.9863459615384615,1048.1442867204362,6728.438703907737,0.2202142
-0.01593629,0.01765357,5125883.0,0.9857467307692308,1053.8111100297542,6764.816208193835,0.2202582
-0.01585028,0.01760391,5122735.0,0.9851413461538462,1059.6151186776435,6802.0743575908655,0.2203119
-0.01576428,0.01755426,5119374.0,0.984495,1065.9749415169053,6842.900490675633,0.2204186
-0.01567828,0.01750461,5115975.0,0.9838413461538461,1072.4212241806827,6884.281642412861,0.2205289
-0.01559227,0.01745496,5112362.0,0.9831465384615384,1079.282908091736,6928.329413493665,0.2206752
-0.01550627,0.01740531,5108706.0,0.9824434615384615,1086.2098361978713,6972.7960119944655,0.2208223
-0.01542027,0.01735565,5104836.0,0.9816992307692308,1093.4170107337034,7019.061619418078,0.2209899
-0.01533426,0.017306,5100919.0,0.9809459615384616,1100.6666211519603,7065.599638987003,0.2211551
-0.01524826,0.01725635,5096789.0,0.9801517307692308,1108.222883074167,7114.106171740543,0.221342
-0.01516226,0.0172067,5092611.0,0.9793482692307692,1115.84063836849,7163.007453948165,0.2215281
-0.01507625,0.01715704,5088221.0,0.9785040384615384,1123.8659074457807,7214.524722851924,0.2217447
-0.01499025,0.01710739,5083785.0,0.9776509615384615,1131.976221017147,7266.587924861214,0.2219624
-0.01490425,0.01705774,5079136.0,0.9767569230769231,1140.660024778959,7322.332579550822,0.2222265
-0.01481824,0.01700808,5074442.0,0.9758542307692307,1149.3959785703914,7378.412005208656,0.2224882
-0.01473224,0.01695843,5069538.0,0.9749111538461539,1158.4824914401083,7436.7418035491655,0.2227734
-0.01464624,0.01690878,5064589.0,0.9739594230769231,1167.5989164320802,7495.263619232749,0.2230535
-0.01456024,0.01685912,5059436.0,0.9729684615384615,1176.8560823784817,7554.688904884169,0.2233357
-0.01447423,0.01680947,5054239.0,0.9719690384615385,1186.1598053593586,7614.4130579307275,0.2236135
-0.01438823,0.01675982,5048841.0,0.9709309615384616,1195.798178821697,7676.2854602978005,0.2239113
-0.01430223,0.01671017,5043402.0,0.969885,1205.4902971020886,7738.502871189466,0.2242051
-0.01421622,0.01666052,5037765.0,0.9688009615384615,1215.613983579231,7803.490683251262,0.2245272
-0.01413022,0.01661086,5032089.0,0.9677094230769231,1225.8082917394113,7868.931842883146,0.2248467
-0.01404421,0.01656121,5026220.0,0.9665807692307692,1236.345832200988,7936.576341817077,0.2251857
-0.01395821,0.01651156,5020314.0,0.965445,1246.9113510280458,8004.400444570407,0.2255177
-0.01387221,0.01646191,5014225.0,0.9642740384615385,1257.775646740326,8074.142510321611,0.2258644
-0.0137862,0.01641226,5008099.0,0.9630959615384616,1268.6621447503803,8144.027101106391,0.2262033
-0.0137002,0.0163626,5001802.0,0.961885,1279.859111939396,8215.904712190533,0.2265575
-0.0136142,0.01631295,4995470.0,0.9606673076923077,1291.0917497881294,8288.011306870238,0.2269049
-0.01352819,0.0162633,4988978.0,0.9594188461538462,1302.6634261430377,8362.294319277884,0.2272698
-0.01344219,0.01621365,4982454.0,0.9581642307692307,1314.2429596927266,8436.6277700213,0.2276252
-0.01335619,0.016164,4975785.0,0.9568817307692308,1326.0824453905186,8512.62995293892,0.2279909
-0.01327018,0.01611434,4969087.0,0.9555936538461538,1337.9166684101267,8588.59835271425,0.228346
-0.01318418,0.01606469,4962262.0,0.9542811538461539,1349.861531708418,8665.276994717426,0.2286979
-0.01309817,0.01601504,4955410.0,0.9529634615384616,1361.7997994713617,8741.913297458854,0.2290388
-0.01301217,0.01596539,4948450.0,0.951625,1373.9668156676378,8820.018023805496,0.2293866
-0.01292617,0.01591574,4941469.0,0.9502825,1386.1374394677273,8898.14590873959,0.2297242
-0.01284016,0.01586609,4934397.0,0.9489225,1398.682222139306,8978.67566244713,0.2300808
-0.01275416,0.01581644,4927309.0,0.9475594230769231,1411.2334906687,9059.247051354427,0.2304278
-0.01266816,0.01576678,4920152.0,0.9461830769230769,1424.0412164249797,9141.46473720112,0.2307839
-0.01258215,0.01571713,4912985.0,0.9448048076923077,1436.8376680860279,9223.610050322353,0.2311288
-0.01249615,0.01566748,4905773.0,0.9434178846153846,1449.8127660407392,9306.90216226873,0.2314766
-0.01241015,0.01561783,4898554.0,0.9420296153846154,1462.7626460055071,9390.032390301109,0.231812
-0.01232414,0.01556818,4891318.0,0.9406380769230769,1475.9107744124876,9474.43525084074,0.2321519
-0.01223814,0.01551852,4884081.0,0.9392463461538462,1489.0654157967617,9558.879920670423,0.2324819
-0.01215213,0.01546887,4876851.0,0.9378559615384615,1502.47423933124,9644.956282852909,0.232821
-0.01206613,0.01541922,4869629.0,0.9364671153846154,1515.8850149175607,9731.045176002111,0.2331499
-0.01198013,0.01536957,4862440.0,0.9350846153846154,1529.5498884898036,9818.765221221427,0.2334881
-0.01189412,0.01531992,4855264.0,0.9337046153846154,1543.1856791892162,9906.298572366606,0.2338137
-0.01180812,0.01527026,4848152.0,0.9323369230769231,1556.9531584079025,9994.677282439146,0.2341389
-0.01172212,0.01522061,4841060.0,0.930973076923077,1570.7204022273716,10083.054481394158,0.2344538
-0.01163611,0.01517096,4834061.0,0.9296271153846154,1584.7552124343465,10173.149291235732,0.2347787
-0.01155011,0.01512131,4827089.0,0.9282863461538462,1598.7949280997234,10263.27559108931,0.2350936
-0.01146411,0.01507165,4820239.0,0.9269690384615384,1613.4033560952666,10357.052672712309,0.235441
-0.0113781,0.015022,4813426.0,0.9256588461538462,1628.0456326492422,10451.047041166437,0.2357811
-0.0112921,0.01497235,4806763.0,0.9243775,1643.0868080246935,10547.602093586853,0.2361412
-0.0112061,0.01492269,4800145.0,0.9231048076923077,1658.1244351973908,10644.134368737914,0.2364913
-0.0111201,0.01487304,4793710.0,0.9218673076923077,1673.2658605456406,10741.332964042253,0.2368399
-0.01103409,0.01482339,4787326.0,0.9206396153846154,1688.3670047989488,10838.272979605543,0.2371753
-0.01094809,0.01477373,4781159.0,0.9194536538461539,1703.7459384465442,10936.996231442443,0.2375214
-0.01086209,0.01472408,4775051.0,0.9182790384615385,1719.1595535172796,11035.942116587294,0.2378598
-0.01077608,0.01467443,4769188.0,0.9171515384615384,1735.0465543986525,11137.92684614558,0.2382223
-0.01069008,0.01462478,4763396.0,0.9160376923076923,1751.0037421960146,11240.36213233813,0.2385796
-0.01060408,0.01457513,4757874.0,0.9149757692307692,1767.51452213598,11346.351138038257,0.2389666
-0.01051807,0.01452547,4752430.0,0.9139288461538462,1784.0600576040888,11452.563252754668,0.2393455
-0.01043207,0.01447582,4747289.0,0.9129401923076923,1801.046444301678,11561.605359975625,0.2397461
-0.01034606,0.01442617,4742233.0,0.9119678846153846,1818.102140097749,11671.092388784826,0.2401407
-0.01026006,0.01437652,4737506.0,0.9110588461538461,1835.64611223433,11783.713850008833,0.2405598
-0.01017406,0.01432687,4732874.0,0.9101680769230769,1853.2940335201872,11897.00260054414,0.2409748
-0.01008805,0.01427721,4728596.0,0.9093453846153846,1871.5899444721424,12014.451044362466,0.2414244
-0.01000205,0.01422756,4724420.0,0.9085423076923077,1890.0170768494634,12132.741848653868,0.2418715
-0.009916048,0.01417791,4720618.0,0.9078111538461539,1909.063783719309,12255.00993837083,0.2423504
-0.009830044,0.01412826,4716926.0,0.9071011538461539,1928.2708524299358,12378.307452022846,0.2428284
-0.00974404,0.01407861,4713624.0,0.9064661538461538,1947.9806755289362,12504.832338211403,0.2433298
-0.009658036,0.01402896,4710436.0,0.9058530769230769,1967.8535073550324,12632.403639709724,0.2438296
-0.009572032,0.0139793,4707653.0,0.9053178846153846,1988.3406493847021,12763.918433151184,0.2443587
-0.009486028,0.01392965,4704990.0,0.9048057692307693,2009.0819346107123,12897.06466888571,0.2448911
-0.009400024,0.01388,4702734.0,0.904371923076923,2030.723455732811,13035.989862844435,0.245469
-0.00931402,0.01383035,4700604.0,0.9039623076923077,2052.7102232944176,13177.131325627406,0.2460553
-0.009228016,0.0137807,4698877.0,0.9036301923076923,2075.642065412018,13324.339583126708,0.2466884
-0.009142013,0.01373105,4697278.0,0.9033226923076924,2098.9125359997897,13473.72162617616,0.2473282
-0.00905601,0.01368139,4696075.0,0.9030913461538461,2123.0720064476805,13628.810499041298,0.2480095
-0.008970006,0.01363174,4694998.0,0.9028842307692307,2147.6255579552153,13786.429128818509,0.2486996
-0.008884003,0.01358209,4694298.0,0.9027496153846154,2173.0790598409976,13949.824883971793,0.2494293
-0.008797999,0.01353244,4693724.0,0.9026392307692308,2199.020837460148,14116.355067642407,0.2501719
-0.008711996,0.01348279,4693492.0,0.9025946153846154,2226.1171468766106,14290.296632101286,0.250966
-0.008625992,0.01343313,4693381.0,0.9025732692307692,2253.7638271671763,14467.771237514291,0.2517747
-0.008539988,0.01338348,4693568.0,0.9026092307692307,2282.7126615666234,14653.604867744445,0.2526401
-0.008453985,0.01333383,4693867.0,0.9026667307692308,2312.295212493402,14843.506566525683,0.2535229
-0.008367981,0.01328418,4694404.0,0.90277,2343.0522761323637,15040.94791122305,0.2544511
-0.008281978,0.01323453,4695043.0,0.9028928846153846,2374.4935538109326,15242.78148729941,0.255397
-0.008195974,0.01318487,4695848.0,0.9030476923076923,2407.3659265775063,15453.801809610142,0.256398
-0.008109971,0.01313522,4696738.0,0.9032188461538462,2441.027476692811,15669.88816289077,0.2574196
-0.008023968,0.01308557,4697703.0,0.903404423076923,2476.589609120596,15898.175080304864,0.258516
-0.007937965,0.01303592,4698739.0,0.9036036538461538,2513.1276184371395,16132.7265243798,0.2596403
-0.007851962,0.01298626,4699737.0,0.9037955769230769,2551.8315560725136,16381.181889999649,0.2608473
-0.00776596,0.01293661,4700782.0,0.9039965384615385,2591.499508076284,16635.825632229113,0.2620779
-0.007679957,0.01288695,4701674.0,0.9041680769230769,2633.1817450821654,16903.399839605994,0.2633766
-0.007593954,0.0128373,4702582.0,0.9043426923076923,2675.893284377925,17177.58153170896,0.2646973
-0.007507951,0.01278765,4703211.0,0.9044636538461538,2720.627677071367,17464.74869276476,0.2660786
-0.007421947,0.012738,4703827.0,0.9045821153846154,2766.498231421741,17759.209309657937,0.2674831
-0.007335944,0.01268834,4704014.0,0.9046180769230769,2815.053770137967,18070.90586720878,0.2689718
-0.00724994,0.01263869,4704159.0,0.9046459615384616,2864.831647086399,18390.44908096435,0.270483
-0.007163936,0.01258904,4703719.0,0.9045613461538462,2917.8943354076605,18731.07875414731,0.2720972
-0.007077933,0.01253939,4703204.0,0.9044623076923077,2972.270880109613,19080.142573501955,0.2737329
-0.00699193,0.01248974,4701944.0,0.90422,3030.2106369553962,19452.080013218358,0.2754731
-0.006905926,0.01244008,4700574.0,0.9039565384615385,3089.506130922543,19832.72044758471,0.2772302
-0.006819923,0.01239043,4698298.0,0.9035188461538461,3152.821300444148,20239.16471537403,0.2791001
-0.006733919,0.01234078,4695876.0,0.9030530769230769,3217.5821700707706,20654.889484582938,0.280984
-0.006647915,0.01229113,4692384.0,0.9023815384615385,3286.854934791133,21099.57783252935,0.2829878
-0.006561911,0.01224148,4688712.0,0.9016753846153847,3357.6677005717133,21554.152035762014,0.2850016
-0.006475907,0.01219183,4683802.0,0.9007311538461539,3434.1403314275353,22045.059075717287,0.2871676
-0.006389903,0.01214218,4678682.0,0.8997465384615385,3512.3226141714413,22546.941024451568,0.2893417
-0.006303899,0.01209252,4672142.0,0.8984888461538462,3597.749549818471,23095.32916857072,0.2917137
-0.006217895,0.01204287,4665360.0,0.8971846153846154,3685.04260709659,23655.69666054102,0.2940893
-0.006131892,0.01199322,4656966.0,0.8955703846153846,3780.1632213787675,24266.312232065276,0.2966625
-0.006045888,0.01194357,4648282.0,0.8939003846153846,3876.7911386514056,24886.603757471094,0.2992128
-0.005959885,0.01189392,4637777.0,0.8918801923076923,3976.5049688683307,25526.70493728642,0.3017562
-0.005873881,0.01184426,4626864.0,0.8897815384615385,4075.1541250819605,26159.971567830642,0.3041461
-0.005787885,0.0117946,4613975.0,0.8873028846153846,4211.357565114692,27034.313496830768,0.3077743
-0.005701897,0.01174492,4600876.0,0.8847838461538462,4357.197712429773,27970.517132351917,0.3116644
-0.005615904,0.01169525,4584945.0,0.8817201923076923,4522.7913038443385,29033.525673932632,0.3160702
-0.005529897,0.01164561,4568456.0,0.8785492307692307,4688.041718685911,30094.331233953213,0.3203213
-0.005443868,0.011596,4549406.0,0.8748857692307692,4810.619181833214,30881.202810430277,0.3228815
-0.005357828,0.01154641,4529468.0,0.8710515384615385,4933.9319477901845,31672.79457662391,0.3253111
-0.005271787,0.01149682,4506071.0,0.8665521153846154,5104.808590740278,32769.71704482403,0.3291004
-0.00518574,0.01144724,4481221.0,0.8617732692307692,5284.165640427325,33921.07848448707,0.3329976
-0.005099683,0.01139769,4451382.0,0.856035,5597.063445321901,35929.68906176532,0.3406857
-0.005013605,0.01134816,4420387.0,0.850074423076923,5909.356132597491,37934.41515781366,0.3480372
-0.004927488,0.01129871,4387037.0,0.8436609615384615,6660.331634223397,42755.21387307107,0.3674485
-0.004841241,0.01124947,4342368.0,0.8350707692307693,7883.651021827847,50608.168489226795,0.4021192
-0.004753901,0.01120225,4292742.0,0.8255273076923076,7241.066065572385,46483.17010398891,0.3835587
-0.0046663,0.01115547,4260687.0,0.8193628846153846,7325.473757988634,47025.01533632619,0.3854509
-0.004578239,0.01110957,4223505.0,0.8122125,7295.085833396296,46829.943636228236,0.384224
-0.004489727,0.01106455,4186828.0,0.8051592307692308,7305.449374862146,46896.47116911835,0.3840446
-0.004400772,0.0110204,4150129.0,0.7981017307692307,7377.987477049383,47362.120966048264,0.3855065
-0.004311381,0.01097714,4112760.0,0.7909153846153846,7441.20509186761,47767.93899291801,0.3866332
-0.004221566,0.01093477,4076261.0,0.7838963461538462,7517.189312624185,48255.710741810035,0.3880854
-0.004131335,0.0108933,4039226.0,0.7767742307692308,7596.719711093099,48766.2467605387,0.3895609
-0.004040696,0.01085272,4002199.0,0.7696536538461538,7690.511395549118,49368.331423684795,0.3913228
-0.003949659,0.01081305,3964813.0,0.7624640384615384,7787.140801309418,49988.63250426171,0.3930825
-0.003858234,0.01077427,3927378.0,0.755265,7897.940539216695,50699.89836180008,0.3950919
-0.003766427,0.01073641,3889529.0,0.7479863461538462,8011.402414251001,51428.2534948395,0.3970877
-0.003674248,0.01069947,3851642.0,0.7407003846153846,8130.930155833617,52195.54774320253,0.399092
-0.003581707,0.01066344,3813527.0,0.7333705769230769,8255.277646579916,52993.78180321832,0.4011278
-0.003488814,0.01062833,3775271.0,0.7260136538461538,8390.588854609361,53862.39615404067,0.4032861
-0.003395578,0.01059414,3736671.0,0.7185905769230769,8528.727900568856,54749.16347713791,0.4054191
-0.003302005,0.01056089,3697859.0,0.7111267307692307,8669.714326806246,55654.20922230859,0.4074781
-0.003208104,0.01052857,3658789.0,0.7036132692307693,8808.1431954821,56542.83702817212,0.4093609
-0.003113889,0.01049718,3619786.0,0.6961126923076923,8952.223723964133,57467.74499800067,0.4112396
-0.003019367,0.01046672,3580430.0,0.6885442307692308,9100.524060038308,58419.74152527856,0.4131152
-0.002924548,0.01043721,3540841.0,0.6809309615384616,9242.127322554796,59328.74697823646,0.4146984
-0.00282944,0.01040864,3501027.0,0.6732744230769231,9385.00132185168,60245.90977617445,0.4162037
-0.002734053,0.01038101,3461138.0,0.6656034615384615,9522.578976632498,61129.07331477132,0.4174696
-0.002638397,0.01035433,3420858.0,0.6578573076923077,9664.674079882025,62041.23608134173,0.4187382
-0.002542478,0.01032861,3380677.0,0.6501301923076923,9784.172210741495,62808.34024715774,0.4193855
-0.002446311,0.01030384,3340434.0,0.6423911538461539,9918.989641667384,63673.784854065285,0.4202867
-0.002349903,0.01028002,3299862.0,0.6345888461538461,10039.059537039533,64444.55939477659,0.4207623
-0.002253261,0.01025717,3259202.0,0.6267696153846154,10156.667535873268,65199.53008084311,0.4210853
-0.002156399,0.01023527,3218519.0,0.6189459615384615,10273.523461124058,65949.67291919078,0.4212984
-0.002059324,0.01021433,3177592.0,0.6110753846153846,10389.824604855447,66696.25440296672,0.4214081
-0.001962045,0.01019437,3136589.0,0.6031901923076923,10494.557906401047,67368.57748733174,0.421187
-0.001864573,0.01017537,3095507.0,0.5952898076923077,10600.364563272313,68047.79084969356,0.4209021
-0.001766917,0.01015733,3054404.0,0.5873853846153846,10698.822338250327,68679.82893095384,0.4203862
-0.001669086,0.01014028,3013214.0,0.5794642307692308,10797.09212348686,69310.66023422702,0.4197818
-0.001571091,0.01012419,2972037.0,0.571545576923077,10889.143338467356,69901.57215872401,0.4189681
-0.001472941,0.01010907,2930741.0,0.5636040384615385,10989.227171027607,70544.04852497016,0.4182354
-0.001374646,0.01009493,2889301.0,0.5556348076923077,11071.44209458013,71071.81753604827,0.4170671
-0.001276215,0.01008177,2847953.0,0.5476832692307693,11161.2725759701,71648.4737230186,0.4159743
-0.001177659,0.01006958,2806443.0,0.5397005769230769,11242.948121199022,72172.78025852483,0.4146425
-0.001078986,0.01005838,2764882.0,0.531708076923077,11326.935096274769,72711.92474548468,0.4132804
-0.0009802069,0.01004816,2723332.0,0.5237176923076923,11395.94699758765,73154.93851153471,0.4115684
-0.000881331,0.01003892,2681900.0,0.51575,11470.372614106744,73632.7049842368,0.4098905
-0.0007823684,0.01003065,2640381.0,0.5077655769230769,11540.846729265348,74085.10525971842,0.4080598
-0.0006833288,0.01002337,2598791.0,0.4997675,11620.216712800693,74594.61151368913,0.4063184
-0.0005842214,0.01001708,2556878.0,0.4917073076923077,11689.214688814676,75037.53588792427,0.4042926
-0.0004850564,0.01001177,2515058.0,0.483665,11771.222671722897,75563.97646792835,0.4024248
-0.0003858439,0.01000745,2472181.0,0.4754194230769231,11903.7971586721,76415.02276035321,0.4012233
-0.0002865932,0.0100041,2428823.0,0.46708134615384617,12059.203016448564,77412.63234667158,0.4002795
-0.0001873143,0.01000175,2380925.0,0.4578701923076923,12430.05320072405,79793.26139254267,0.4022754
-8.801603e-05,0.01000044,2333895.0,0.44882596153846155,12757.607947932354,81895.96048339113,0.4033329
1.129096e-05,0.009999971,2269826.0,0.436505,13660.049452603547,87689.07735191053,0.4114792
0.0001105874,0.01000122,2193104.0,0.4217507692307692,14269.535239092658,91601.59951823016,0.4136747
0.0002098418,0.01000441,2108390.0,0.4054596153846154,14608.617041331723,93778.29518015542,0.4107259
0.0003090139,0.01000956,2022709.0,0.3889825,14886.322389938408,95560.99193242592,0.4064566
0.0004080636,0.01001668,1942242.0,0.3735080769230769,14912.979132410152,95732.1117486949,0.3986769
0.0005069526,0.01002577,1862062.0,0.3580888461538462,14949.164723263175,95964.4008839828,0.3907764
0.0006056422,0.01003681,1784466.0,0.34316653846153844,14900.48526172975,95651.90881851372,0.3817647
0.0007040912,0.01004983,1708120.0,0.3284846153846154,14857.968175509819,95378.97539501087,0.3726913
0.0008022646,0.01006478,1634786.0,0.3143819230769231,14767.745845838972,94799.80378418858,0.3631349
0.0009001194,0.01008169,1562913.0,0.3005601923076923,14688.64070951769,94291.99768569102,0.3536202
0.0009976206,0.01010054,1493901.0,0.2872886538461538,14575.038415944551,93562.7411523927,0.3438438
0.00109473,0.01012131,1426252.0,0.2742792307692308,14475.868000450304,92926.12835933735,0.3341713
0.001191405,0.01014402,1361335.0,0.2617951923076923,14337.134657217295,92035.54601494255,0.3242192
0.001287609,0.01016864,1297938.0,0.24960346153846155,14212.456130736997,91235.18691005152,0.3144056
0.001383306,0.01019516,1237302.0,0.2379426923076923,14060.540311617386,90259.9812155202,0.3045183
0.001478459,0.01022358,1178032.0,0.22654461538461537,13919.13998985944,89352.27851684115,0.2947324
0.001573024,0.01025388,1121452.0,0.21566384615384615,13756.596825087236,88308.8518295375,0.2849721
0.001666972,0.01028606,1066081.0,0.20501557692307693,13600.255557581873,87305.23749072113,0.2752731
0.001760262,0.0103201,1013494.0,0.1949026923076923,13426.192924684523,86187.86293558702,0.2656786
0.001852859,0.01035598,961953.2,0.184991,13254.444730178475,85085.34564490317,0.2561219
0.001944724,0.01039369,913233.2,0.17562176923076922,13071.82929734579,83913.0673987021,0.2467752
0.002035822,0.01043323,865386.2,0.16642042307692306,12885.605278716188,82717.62426132149,0.2374095
0.002126115,0.01047456,820381.5,0.15776567307692307,12698.698421024572,81517.79771906846,0.2283771
0.002215573,0.01051768,776048.7,0.1492401346153846,12502.01460428393,80255.20914060969,0.2192827
0.002304157,0.01056256,734566.1,0.14126271153846154,12319.689132765636,79084.79226688863,0.2106636
0.00239183,0.0106092,693597.0,0.13338403846153846,12122.151200000228,77816.72079128349,0.2019298
0.002478561,0.01065756,655429.7,0.12604417307692306,11908.668202763653,76446.29185374931,0.1934383
0.002564312,0.01070765,617722.3,0.11879275,11651.000418586347,74792.22388450688,0.1846264
0.002649054,0.01075942,586209.4,0.11273257692307692,11329.222016875385,72726.60536272117,0.1762172
0.00273275,0.01081287,555248.3,0.10677851923076924,10956.435408623378,70333.54567137896,0.1675114
0.002805451,0.01086119,538325.8,0.10352419230769232,9911.871266065064,63628.08928092863,0.1559609
0.00288784,0.01091664,522259.0,0.10043442307692307,8779.991082170238,56362.11785505427,0.1447973
0.002970221,0.0109721,516407.1,0.09930905769230769,8162.786986461399,52400.04891245516,0.139345
0.003052613,0.01102754,510571.4,0.0981868076923077,7558.784343088091,48522.725137069734,0.1338552
0.003135027,0.01108295,507488.0,0.09759384615384616,7262.5453758209005,46621.05400436445,0.131297
0.003217482,0.01113829,504423.1,0.0970044423076923,6978.977448709518,44800.723120404764,0.1288253
0.003299977,0.01119357,502210.6,0.09657896153846153,6823.2250104640825,43800.88870161724,0.1275969
0.003382505,0.01124881,499998.9,0.09615363461538462,6670.433552090868,42820.06194410895,0.1263575
0.003465062,0.011304,498112.4,0.09579084615384616,6566.57802463452,42153.37362704671,0.125603
0.00354765,0.01135915,496227.4,0.09542834615384616,6464.249232204088,41496.48600552719,0.1248515
0.003630266,0.01141425,494534.8,0.09510284615384615,6395.904888922005,41057.757549570844,0.1244207
0.003712912,0.01146931,492843.0,0.0947775,6328.768650559127,40626.784380744095,0.1239957
0.003795588,0.01152433,491217.3,0.09446486538461538,6281.541807568857,40323.61722879275,0.123736
0.003878293,0.0115793,489591.4,0.09415219230769231,6235.113840545603,40025.57836694821,0.1234806
0.003961026,0.01163423,487942.6,0.09383511538461538,6198.3702904512475,39789.70747807719,0.1232822
0.004043788,0.01168911,486293.0,0.09351788461538461,6162.001297404891,39556.24101402678,0.1230849
0.004126581,0.01174395,484587.0,0.0931898076923077,6129.898321098873,39350.15974160588,0.1228936
0.004209402,0.01179875,482880.2,0.09286157692307692,6097.88119793249,39144.629593295365,0.1227007
0.004292253,0.0118535,481126.4,0.0925243076923077,6067.932148854994,38952.37520283471,0.1224999
0.004375132,0.0119082,479371.9,0.09218690384615386,6037.956974940532,38759.95310706248,0.1222965
0.004458041,0.01196287,477593.0,0.0918448076923077,6009.343393755997,38576.27159532918,0.1220869
0.004540979,0.01201749,475813.8,0.09150265384615384,5980.6980522656395,38392.38620205624,0.1218747
0.004623945,0.01207206,474026.9,0.09115901923076923,5953.330093833037,38216.7008187575,0.1216623
0.004706934,0.01212659,472239.9,0.09081536538461539,5925.965850469364,38041.03928390586,0.1214479
0.004789963,0.01218108,470453.3,0.09047178846153846,5900.216443136858,37875.74399861569,0.1212412
0.00487301,0.01223552,468666.6,0.0901281923076923,5874.525596239066,37710.82463513365,0.1210331
0.0049561,0.01228993,466878.6,0.08978434615384615,5850.693181918888,37557.83526053028,0.1208372
0.005039213,0.01234428,465090.4,0.08944046153846154,5826.930774183889,37405.29528494881,0.1206399
0.005122354,0.01239859,463298.6,0.0890958846153846,5804.691397449497,37262.53222735616,0.1204524
0.005205522,0.01245286,461506.7,0.08875128846153846,5782.502088828063,37120.09057611313,0.1202634
0.005288718,0.01250708,459712.7,0.08840628846153846,5761.334103495628,36984.20518934052,0.1200803
0.005371942,0.01256126,457918.5,0.08806125,5740.179075307773,36848.402979430284,0.1198953
0.005455195,0.0126154,456127.3,0.08771678846153846,5719.781204280082,36717.46125066366,0.1197149
0.005538476,0.01266949,454336.0,0.0873723076923077,5699.413381454407,36586.712412788096,0.1195333
0.005621782,0.01272354,452550.9,0.08702901923076924,5680.195541264088,36463.34575289183,0.1193611
0.005705118,0.01277754,450765.7,0.08668571153846154,5661.045311613198,36340.413110884176,0.1191879
0.005788487,0.01283151,448983.7,0.08634301923076923,5643.385350165429,36227.047069948654,0.1190271
0.005871883,0.01288542,447201.4,0.08600026923076924,5625.804664889908,36114.189933056594,0.1188652
0.005955306,0.0129393,445420.5,0.08565778846153846,5609.225253596834,36007.760356474755,0.11871
0.006038761,0.01299313,443639.5,0.08531528846153846,5592.695641265812,35901.65045846002,0.1185533
0.006122238,0.01304691,441863.9,0.08497382692307692,5576.612161911104,35798.404458501056,0.1183978
0.006205752,0.01310066,440088.5,0.08463240384615385,5560.551995497303,35695.308113218365,0.1182408
0.006289282,0.01315435,438322.7,0.08429282692307692,5545.1603077276095,35596.50298779798,0.1180879
0.006372854,0.01320802,436557.0,0.08395326923076923,5529.813443214424,35497.98559998944,0.1179338
0.006456437,0.01326162,434801.9,0.08361575,5515.146166777829,35403.83074773557,0.1177835
0.006540067,0.0133152,433046.9,0.08327825,5500.519272167979,35309.93512185868,0.117632
0.006623714,0.01336873,431306.0,0.08294346153846154,5486.190692807595,35217.954495563354,0.1174803
0.006707388,0.01342221,429565.4,0.08260873076923077,5471.859524410365,35125.95724925116,0.117327
0.00679109,0.01347565,427843.1,0.08227751923076923,5457.748464744306,35035.37296499451,0.1171732
0.006874819,0.01352905,426121.1,0.08194636538461537,5443.6730502641185,34945.01750080707,0.1170184
0.006958577,0.0135824,424416.0,0.08161846153846154,5430.199373240859,34858.52481929763,0.1168668
0.007042362,0.01363571,422711.0,0.08129057692307692,5416.811182967132,34772.58090990049,0.1167147
0.007126176,0.01368897,421016.5,0.08096471153846153,5404.1177833507645,34691.097127233355,0.1165655
0.007210017,0.0137422,419322.0,0.08063884615384616,5391.482433419008,34609.985987674256,0.1164149
0.007293886,0.01379537,417634.9,0.08031440384615385,5378.848928177096,34528.88668988419,0.1162592
0.007377782,0.01384851,415947.8,0.07998996153846154,5366.231918570565,34447.8932838811,0.1161018
0.007461704,0.0139016,414271.2,0.07966753846153847,5352.946454064625,34362.608810442,0.1159328
0.007545654,0.01395465,412595.0,0.07934519230769231,5339.644205675996,34277.216594846286,0.1157622
0.007629631,0.01400766,410933.6,0.0790256923076923,5326.106338939359,34190.31185503786,0.1155856
0.007713635,0.01406063,409272.5,0.07870625,5312.579107967465,34103.47539026755,0.1154077
0.007797666,0.01411355,407626.4,0.07838969230769231,5299.521424488129,34019.6531302802,0.1152312
0.007881725,0.01416643,405980.3,0.0780731346153846,5286.518724846271,33936.18383255659,0.1150538
0.007965812,0.01421926,404347.8,0.07775919230769231,5273.952783038388,33855.518250267574,0.1148767
0.008049925,0.01427205,402715.4,0.07744526923076923,5261.410423759247,33775.00405324215,0.1146981
0.008134066,0.0143248,401097.2,0.07713407692307693,5248.934870246218,33694.918707957884,0.114516
0.008218232,0.01437751,399479.2,0.07682292307692308,5236.477881574431,33614.95253748373,0.1143322
0.008302426,0.01443017,397874.8,0.07651438461538461,5224.023250351353,33535.0015003737,0.1141444
0.008386646,0.01448279,396270.5,0.07620586538461538,5211.6249653029245,33455.412170890304,0.1139556
0.008470894,0.01453536,394676.0,0.07589923076923077,5199.376799555329,33376.78651456406,0.1137639
0.008555168,0.0145879,393081.5,0.07559259615384616,5187.155859665357,33298.335631421716,0.1135706
0.008639468,0.01464039,391494.5,0.07528740384615384,5174.624605845226,33217.892724581405,0.1133693
0.008723795,0.01469284,389907.5,0.07498221153846153,5162.081391016034,33137.37303545327,0.113166
0.008808148,0.01474524,388330.7,0.07467898076923077,5148.808279851307,33052.167862831986,0.1129509
0.008892527,0.01479761,386754.0,0.07437576923076923,5135.518483580575,32966.85558213938,0.112734
0.008976933,0.01484993,385189.4,0.07407488461538463,5121.9717784985705,32879.89410561464,0.1125112
0.009061365,0.01490221,383624.7,0.07377398076923077,5108.4277279983335,32792.94966986466,0.1122869
0.009145825,0.01495445,382069.2,0.07347484615384615,5095.07221547151,32707.21553141205,0.112061
0.009230311,0.01500664,380513.4,0.07317565384615385,5081.7261461111275,32621.54201225334,0.1118332
0.009314824,0.01505879,378963.9,0.07287767307692308,5068.192518956545,32534.664487942187,0.1115994
0.009399363,0.01511089,377414.2,0.07257965384615385,5054.649499516297,32447.72667096027,0.1113635
0.009483928,0.01516296,375871.6,0.072283,5040.765486985697,32358.599889027675,0.1111203
0.00956852,0.01521498,374328.8,0.0719863076923077,5026.852654915679,32269.288103458744,0.1108749
0.009653138,0.01526696,372792.0,0.07169076923076922,5013.056929830424,32180.728072375106,0.1106273
0.009737783,0.0153189,371255.0,0.07139519230769231,4999.263874956888,32092.185182400855,0.1103778
0.009822453,0.01537079,369722.0,0.07110038461538462,4985.356182848949,32002.906392212644,0.1101231
0.009907149,0.01542264,368188.7,0.07080551923076923,4971.425460207061,31913.479760226357,0.1098661
0.00999187,0.01547445,366661.7,0.07051186538461539,4956.814654160463,31819.687412984906,0.1095985
0.01007662,0.01552622,365134.5,0.07021817307692307,4942.135111061236,31725.453816336143,0.1093282
0.01016139,0.01557794,363617.6,0.06992646153846153,4926.867408780837,31627.444601150124,0.1090496
0.01024619,0.01562963,362100.5,0.06963471153846154,4911.559493429373,31529.17724289432,0.108769
0.01033101,0.01568127,360593.6,0.06934492307692307,4896.166777357285,31430.365516407925,0.108486
0.01041586,0.01573287,359086.5,0.06905509615384615,4880.771642917466,31331.53826549493,0.1082013
0.01050073,0.01578443,357587.4,0.0687668076923077,4865.170307370727,31231.38733088097,0.1079126
0.01058563,0.01583594,356088.1,0.06847848076923077,4849.52485644634,31130.95320280008,0.1076215
0.01067056,0.01588741,354596.7,0.06819167307692307,4833.502111555975,31028.097080576208,0.1073252
0.01075551,0.01593884,353105.0,0.0679048076923077,4817.438139152258,30924.97630318986,0.1070266
0.01084049,0.01599023,351620.4,0.0676193076923077,4801.225271731899,30820.899711794416,0.1067255
0.01092549,0.01604157,350135.4,0.06733373076923077,4784.989083829541,30716.67341731357,0.1064225
0.01101052,0.01609288,348654.7,0.06704898076923077,4768.751500078037,30612.43816234365,0.1061183
0.01109558,0.01614414,347173.5,0.06676413461538462,4752.472951160815,30507.93993632097,0.1058117
0.01118066,0.01619535,345695.5,0.06647990384615385,4735.821602657003,30401.048567294038,0.1055001
0.01126577,0.01624653,344216.9,0.0661955576923077,4719.100893308065,30293.71194449738,0.1051858
0.0113509,0.01629767,342743.6,0.06591223076923076,4701.746024158093,30182.304407606352,0.1048644
0.01143605,0.01634876,341269.8,0.0656288076923077,4684.311337376588,30070.3844908378,0.1045404
0.01152123,0.01639981,339802.9,0.06534671153846154,4666.479710354275,29955.9164629807,0.1042128
0.01160644,0.01645082,338335.6,0.06506453846153845,4648.576542074645,29840.989184454807,0.1038827
0.01169167,0.01650179,336874.0,0.06478346153846154,4630.5139334312025,29725.038397306653,0.1035518
0.01177693,0.01655271,335411.9,0.06450228846153847,4612.397925044097,29608.74481679828,0.1032186
0.01186221,0.01660359,333953.0,0.06422173076923077,4594.248789945833,29492.238583272265,0.1028857
0.01194751,0.01665443,332493.4,0.06394103846153847,4576.0312106852625,29375.29298051383,0.1025502
0.01203285,0.01670523,331035.8,0.06366073076923076,4557.505516640369,29256.3694712149,0.1022119
0.0121182,0.01675599,329577.5,0.06338028846153847,4538.88619543779,29136.84493341304,0.1018707
0.01220358,0.01680671,328123.1,0.06310059615384615,4519.618641708517,29013.159143313194,0.1015236
0.01228899,0.01685738,326668.1,0.06282078846153846,4500.232381351236,28888.711330006783,0.1011734
0.01237441,0.01690802,325219.4,0.06254219230769231,4480.353705665806,28761.102514542283,0.1008199
0.01245987,0.01695861,323770.1,0.062263480769230765,4460.3758819743925,28632.857230139944,0.1004636
0.01254535,0.01700916,322326.2,0.061985807692307694,4440.329888481201,28504.174337730256,0.1001087
0.01263085,0.01705967,320881.6,0.061708,4420.213282230662,28375.0381550479,0.09975141
0.01271638,0.01711013,319439.0,0.06143057692307692,4400.253550334851,28246.90900879495,0.09939732
0.01280193,0.01716056,317995.6,0.06115299999999999,4380.211503773916,28118.251453251658,0.09904037
0.01288751,0.01721094,316552.3,0.060875442307692304,4359.994141616951,27988.468479904095,0.0986825
0.01297311,0.01726128,315108.2,0.06059773076923077,4339.665797981943,27857.97307403961,0.09832144
0.01305874,0.01731158,313666.5,0.06032048076923077,4318.756251811795,27723.746707007096,0.09795517
0.01314439,0.01736184,312224.0,0.06004307692307692,4297.695235600601,27588.54799589985,0.09758536
0.01323006,0.01741206,310787.4,0.059766807692307695,4276.127815043267,27450.098481782406,0.09721193
0.01331576,0.01746224,309350.1,0.05949040384615384,4254.4339063521775,27310.836991999462,0.09683554
0.01340148,0.01751237,307918.5,0.05921509615384615,4232.757269639386,27171.686377645357,0.09646123
0.01348723,0.01756247,306486.2,0.05893965384615385,4210.9880284486,27031.941299760052,0.09608433
0.013573,0.01761252,305055.3,0.05866448076923077,4189.623712921265,26894.79559444271,0.0957129
0.0136588,0.01766253,303623.6,0.05838915384615384,4168.171471528737,26757.085459397575,0.09533854
0.01374462,0.0177125,302190.5,0.058113557692307694,4146.739687714247,26619.50664936332,0.0949644
0.01383046,0.01776243,300756.6,0.05783780769230769,4125.1920838113365,26481.18434592316,0.09458696
0.01391633,0.01781231,299323.2,0.057562153846153846,4103.2342789165195,26340.228805565817,0.0942049
0.01400222,0.01786216,297889.0,0.05728634615384615,4081.12025174193,26198.27041469738,0.09381926
0.01408813,0.01791196,296458.5,0.05701125,4058.73205612508,26054.55203183007,0.09343112
0.01417407,0.01796173,295027.3,0.05673601923076923,4036.206706672564,25909.953206081016,0.09303979
0.01426003,0.01801145,293600.4,0.05646161538461539,4013.7325851560577,25765.683232028943,0.09264953
0.01434602,0.01806113,292172.8,0.05618707692307692,3991.1373412999837,25620.635727394696,0.0922563
0.01443203,0.01811077,290747.4,0.05591296153846154,3968.884931073206,25477.789002833943,0.09186701
0.01451807,0.01816037,289321.2,0.05563869230769231,3946.5249687000273,25334.25185994653,0.09147472
0.01460412,0.01820993,287895.2,0.05536446153846154,3924.3536480132525,25191.925680129803,0.09108405
0.0146902,0.01825945,286468.4,0.05509007692307693,3902.055408660197,25048.78476089478,0.09069008
0.01477631,0.01830892,285042.9,0.054815942307692316,3879.659580535231,24905.017382041264,0.0902946
0.01486244,0.01835836,283616.6,0.054541653846153844,3857.1066159317115,24760.24128408534,0.08989548
0.01494859,0.01840776,282195.4,0.05426834615384616,3834.224497564924,24613.35222234345,0.08949292
0.01503476,0.01845711,280773.5,0.053994903846153845,3811.1878834602885,24465.47139342284,0.08908708
0.01512096,0.01850643,279358.9,0.05372286538461539,3788.2877720720476,24318.46682760056,0.08868391
0.01520718,0.0185557,277943.6,0.0534506923076923,3765.259075035388,24170.636821364642,0.08827778
0.01529342,0.01860493,276533.2,0.053179461538461544,3742.894767278939,24027.071783801515,0.08788019
0.01537969,0.01865412,275122.0,0.052908076923076926,3720.43682407204,23882.90566450103,0.08747986
0.01546598,0.01870327,273712.3,0.05263698076923077,3698.4940351041037,23742.04651711637,0.08708566
0.0155523,0.01875238,272301.9,0.05236575,3676.4335642725728,23600.43192487952,0.08668822
0.01563864,0.01880145,270893.9,0.052094980769230775,3654.438922699066,23459.239915805265,0.08629195
0.015725,0.01885047,269485.0,0.05182403846153846,3632.2911820116624,23317.06510501513,0.08589207
0.01581138,0.01889946,268082.5,0.051554326923076925,3609.996542192649,23173.947292564615,0.08549183
0.01589779,0.01894841,266679.3,0.05128448076923077,3587.5517456525727,23029.865566742203,0.08508838
0.01598422,0.01899732,265285.2,0.051016384615384616,3565.3641093602,22887.43465081846,0.08469012
0.01607067,0.01904618,263890.5,0.05074817307692308,3543.050084845009,22744.192400595708,0.08428894
0.01615714,0.01909501,262503.8,0.0504815,3521.3701747153405,22605.020772927797,0.08389744
0.01624364,0.01914379,261116.6,0.05021473076923077,3499.5945215716915,22465.234534266863,0.08350332
0.01633016,0.01919254,259735.7,0.04994917307692308,3478.428111766534,22329.359261405905,0.08311823
0.01641671,0.01924124,258354.3,0.049683519230769226,3457.1538612566183,22192.791717851927,0.08273023
0.01650328,0.0192899,256979.7,0.049419173076923076,3436.2507718298043,22058.60679912219,0.0823486
0.01658987,0.01933853,255604.6,0.04915473076923077,3415.2243386130986,21923.630089471768,0.08196393
0.01667648,0.01938711,254239.0,0.04889211538461539,3394.420688657735,21790.083510708082,0.08158438
0.01676311,0.01943565,252872.9,0.04862940384615384,3373.4943559054245,21655.74938419001,0.08120196
0.01684977,0.01948415,251518.3,0.048368903846153846,3352.982316396697,21524.074764316403,0.08082749
0.01693645,0.01953261,250163.4,0.048108346153846154,3332.364218593943,21391.719315725375,0.08045038
0.01702315,0.01958104,248820.0,0.04785,3312.35074222972,21263.24516319231,0.08008357
0.01710988,0.01962942,247476.2,0.047591576923076924,3292.2501122100075,21134.21153804063,0.07971437
0.01719662,0.01967776,246142.7,0.04733513461538462,3272.956693108796,21010.35970823437,0.0793577
0.01728339,0.01972606,244808.8,0.047078615384615385,3253.5844270521766,20886.00172969155,0.07899859
0.01737019,0.01977432,243484.9,0.04682401923076923,3234.789496086436,20765.349885714182,0.07864902
0.017457,0.01982254,242160.8,0.04656938461538461,3215.899014448421,20644.0846654587,0.07829683
0.01754384,0.01987072,240849.8,0.04631726923076923,3197.2392420944534,20524.300456258476,0.07795038
0.01763069,0.01991886,239538.6,0.046065115384615385,3178.4524046143774,20403.700567458352,0.077601
0.01771757,0.01996696,238244.8,0.04581630769230769,3159.8922700636394,20284.55597139166,0.07725823
0.01780447,0.02001502,236951.0,0.0455675,3141.2308241561254,20164.7610190117,0.07691324
0.0178914,0.02006305,235675.1,0.04532213461538462,3123.32863144141,20049.840003009795,0.07658144
0.01797834,0.02011103,234399.3,0.04507678846153846,3105.3705326794584,19934.560104727298,0.07624798
0.01806531,0.02015897,233138.4,0.044834307692307694,3088.4885412162475,19826.188150408372,0.07593094
0.0181523,0.02020687,231877.6,0.044591846153846156,3071.562178306803,19717.53135882041,0.07561205
0.01823932,0.02025473,230630.2,0.04435196153846154,3055.3470362717453,19613.440165804022,0.07530455
0.01832635,0.02030255,229382.9,0.044112096153846155,3039.0727097908543,19508.96904521367,0.07499505
0.01841341,0.02035033,228150.8,0.04387515384615384,3023.200302639172,19407.077998382974,0.07469335
0.01850048,0.02039807,226918.9,0.043638249999999996,3007.2499203571347,19304.686399393882,0.07438955
0.01858759,0.02044577,225704.2,0.04340465384615385,2991.8703775432195,19205.959237085597,0.07409614
0.01867471,0.02049343,224489.7,0.04317109615384616,2976.4352304437675,19106.875129620377,0.07380099
0.01876186,0.02054106,223293.0,0.04294096153846154,2961.6363098071292,19011.875202941224,0.0735169
0.01884901,0.02058863,222096.5,0.04271086538461538,2946.7920541842973,18916.58425366183,0.07323123
0.01893621,0.02063618,220918.1,0.04248425,2932.567144783252,18825.2691244509,0.07295638
0.01902341,0.02068368,219740.0,0.04225769230769231,2918.298919321488,18733.67593289385,0.07268003
0.01911065,0.02073115,218580.5,0.04203471153846154,2904.6418627291578,18646.006067855695,0.07241437
0.01919789,0.02077857,217421.2,0.041811769230769236,2890.9447285070637,18558.078929197218,0.07214728
0.01928517,0.02082596,216281.1,0.04159251923076923,2877.846334764049,18473.995334470696,0.07189076
0.01937246,0.0208733,215141.4,0.04137334615384615,2864.7146223407844,18389.697854403577,0.07163291
0.01945979,0.02092061,214021.8,0.04115803846153846,2852.0312201038364,18308.278248735227,0.07138378
0.01954712,0.02096788,212902.6,0.040942807692307695,2839.309357051079,18226.611748393163,0.07113332
0.01963448,0.02101511,211804.8,0.0407316923076923,2827.1077129880764,18148.284732537653,0.07089277
0.01972186,0.0210623,210707.5,0.04052067307692308,2814.8777584346167,18069.775980825612,0.07065112
0.01980926,0.02110945,209631.0,0.040313653846153846,2803.3403566320158,17995.712989866563,0.07042135
0.01989668,0.02115656,208554.8,0.04010669230769231,2791.792930077283,17921.58564619282,0.07019065
0.01998413,0.02120363,207498.7,0.03990359615384616,2780.859694251723,17851.401027510383,0.06997054
0.02007159,0.02125066,206442.9,0.03970055769230769,2769.91466788218,17781.140720820596,0.06974944
0.02015908,0.02129765,205407.1,0.039501365384615385,2759.492217595258,17714.23502969719,0.06953776
0.02024659,0.0213446,204371.6,0.03930223076923077,2749.0572180591844,17647.248780148035,0.06932514
0.02033412,0.02139151,203355.8,0.03910688461538461,2739.2135535315374,17584.05853598486,0.06912271
0.02042166,0.02143838,202340.3,0.03891159615384615,2729.3741470454615,17520.89562581765,0.06891971
0.02050924,0.02148522,201343.6,0.038719923076923075,2720.198860076973,17461.995952613874,0.06872749
0.02059683,0.02153201,200347.4,0.038528346153846156,2711.019876632228,17403.072550316472,0.0685344
0.02068444,0.02157877,199370.4,0.03834046153846154,2702.2317377948793,17346.658128907427,0.06834871
0.02077207,0.02162548,198394.0,0.03815269230769231,2693.425421935245,17290.127022246343,0.06816197
0.02085972,0.02167216,197439.6,0.03796915384615385,2684.7115781278962,17234.18952902523,0.06797928
0.0209474,0.0217188,196485.6,0.03778569230769231,2675.975437340961,17178.108902971806,0.06779578
0.02103509,0.0217654,195554.8,0.037606692307692306,2667.6008172150755,17124.349016189575,0.06762019
0.02112281,0.02181197,194624.5,0.037427788461538464,2659.231349644334,17070.62220562776,0.06744421
0.02121054,0.02185849,193714.7,0.03725282692307692,2651.6298116247253,17021.82502830364,0.06728084
0.0212983,0.02190497,192805.4,0.03707796153846154,2644.0662121090318,16973.271392733594,0.06711745
0.02138608,0.02195141,191913.1,0.036906365384615385,2637.311601582422,16929.910966623494,0.06696622
0.02147388,0.02199781,191021.3,0.03673486538461538,2630.5751289569967,16886.666974632135,0.06681441
0.0215617,0.02204418,190146.3,0.03656659615384615,2624.1979054421067,16845.72913996119,0.0666689
0.02164954,0.0220905,189271.8,0.03639842307692307,2617.811402887819,16804.731739590552,0.06652248
0.0217374,0.02213679,188417.3,0.03623409615384615,2611.348771169868,16763.245637027117,0.06637741
0.02182528,0.02218304,187563.4,0.036069884615384615,2604.8625988844065,16721.608418565273,0.06623151
0.02191317,0.02222926,186731.8,0.035909961538461536,2598.5186165892933,16680.883971986543,0.06609051
0.02200108,0.02227543,185900.8,0.03575015384615384,2592.179431711512,16640.190321862905,0.06594923
0.02208903,0.02232157,185090.1,0.03559425,2586.397981553351,16603.076984031723,0.0658178
0.02217698,0.02236766,184279.9,0.03543844230769231,2580.6550120296456,16566.210668097712,0.0656865
0.02226498,0.02241372,183486.5,0.03528586538461539,2575.6810989167707,16534.281219144403,0.06556689
0.02235298,0.02245973,182693.5,0.03513336538461539,2570.7398670667376,16502.56156370577,0.06544698
0.022441,0.02250571,181915.9,0.03498382692307692,2566.216108845304,16473.521831018345,0.06533386
0.02252905,0.02255165,181138.7,0.03483436538461539,2561.703432206612,16444.55323524514,0.06522014
0.02261711,0.02259755,180378.7,0.03468821153846154,2557.244053564843,16415.926779680954,0.0651089
0.02270518,0.02264341,179619.1,0.03454213461538461,2552.7756987770913,16387.24270280565,0.06499693
0.02279329,0.02268924,178878.3,0.03439967307692308,2548.3857605152916,16359.062011575745,0.06488832
0.0228814,0.02273502,178137.9,0.03425728846153846,2544.003369978281,16330.929772075475,0.06477944
0.02296955,0.02278078,177415.9,0.03411844230769231,2539.941029337067,16304.852055157009,0.06467693
0.0230577,0.02282648,176694.2,0.03397965384615385,2535.9041021072744,16278.937476637688,0.06457436
0.0231459,0.02287216,175988.8,0.033844,2532.395060039289,16256.411594692798,0.06448038
0.02323409,0.02291779,175283.7,0.033708403846153846,2528.918432431738,16234.09379355598,0.06438629
0.02332232,0.02296339,174593.3,0.03357563461538461,2525.824485074774,16214.23256318131,0.06429847
0.02341056,0.02300895,173903.1,0.033442903846153844,2522.7515231365164,16194.506046228473,0.06421033
0.02349882,0.02305446,173228.0,0.033313076923076924,2519.855235109769,16175.913666626037,0.06412589
0.02358711,0.02309994,172553.3,0.03318332692307692,2516.9678911783362,16157.378702589232,0.064041
0.0236754,0.02314539,171894.6,0.03305665384615385,2514.109292425883,16139.028264840694,0.06395825
0.02376372,0.02319079,171236.4,0.03293007692307692,2511.2625917894306,16120.754205645395,0.06387526
0.02385206,0.02323616,170594.4,0.032806615384615385,2508.592000160712,16103.610657467283,0.06379642
0.02394042,0.02328149,169952.8,0.03268323076923077,2505.94565576429,16086.622761538883,0.06371754
0.0240288,0.02332678,169325.9,0.03256267307692307,2503.6584075600936,16071.94004128983,0.06364488
0.0241172,0.02337203,168699.3,0.03244217307692308,2501.4083149388284,16057.495836925878,0.06357228
0.02420562,0.02341724,168086.0,0.03232423076923077,2499.5131158289087,16045.329829626737,0.06350539
0.02429405,0.02346242,167472.9,0.03220632692307692,2497.644172161767,16033.33236604778,0.06343832
0.02438251,0.02350756,166872.7,0.032090903846153845,2495.9818553246687,16022.661319049199,0.06337501
0.02447098,0.02355265,166272.7,0.03197551923076923,2494.3397698417475,16012.120144844088,0.06331142
0.02455948,0.02359772,165686.2,0.03186273076923077,2492.75836330518,16001.96849198287,0.06324986
0.02464799,0.02364274,165099.9,0.031749980769230766,2491.1910555882364,15991.907344832403,0.06318805
0.02473653,0.02368773,164527.4,0.03163988461538461,2489.7286015305294,15982.51929338831,0.06312906
0.02482508,0.02373268,163955.2,0.03152984615384616,2488.290752058281,15973.28918818043,0.06307
0.02491365,0.02377759,163396.1,0.03142232692307692,2487.085048760625,15965.549317977288,0.06301525
0.02500224,0.02382246,162837.1,0.031314826923076924,2485.9128105641694,15958.024273046776,0.06296053
0.02509085,0.02386729,162289.6,0.031209538461538462,2485.1109155256586,15952.87660236637,0.06291156
0.02517948,0.02391209,161742.3,0.03110428846153846,2484.343586563373,15947.950824537988,0.06286251
0.02526813,0.02395685,161205.5,0.031001057692307692,2483.8259503704808,15944.627920011459,0.06281731
0.0253568,0.02400157,160668.9,0.030897865384615385,2483.3313671240116,15941.453001157242,0.0627719
0.02544549,0.02404625,160143.2,0.03079676923076923,2482.8989047692103,15938.676860044905,0.06272806
0.02553419,0.0240909,159617.7,0.03069571153846154,2482.4813686672815,15935.996536253524,0.06268394
0.02562292,0.02413551,159103.8,0.030596884615384613,2482.123755908087,15933.700883297664,0.06264166
0.02571166,0.02418008,158590.0,0.030498076923076923,2481.7908167438445,15931.563619576327,0.0625993
0.02580042,0.02422461,158087.6,0.03040146153846154,2481.610256647963,15930.404535323421,0.0625599
0.0258892,0.02426911,157585.4,0.030304884615384615,2481.4566091703996,15929.418213451621,0.06252045
0.025978,0.02431357,157093.9,0.030210365384615384,2481.49756717466,15929.681138532253,0.06248434
0.02606682,0.02435799,156602.5,0.030115865384615383,2481.5618879632666,15930.094038253226,0.06244806
0.02615565,0.02440237,156121.6,0.030023384615384615,2481.7291981460808,15931.168066250963,0.06241391
0.02624451,0.02444672,155640.9,0.029930942307692308,2481.922377416215,15932.408157805563,0.06237968
0.02633338,0.02449103,155170.5,0.02984048076923077,2482.2545663472506,15934.54060549326,0.062348
0.02642228,0.0245353,154700.2,0.029750038461538463,2482.6136695816017,15936.845826378703,0.06231627
0.02651119,0.02457954,154239.8,0.029661499999999997,2483.0908757251555,15939.90919496899,0.06228674
0.02660012,0.02462373,153779.6,0.029573000000000002,2483.5929723646345,15943.132345164031,0.06225708
0.02668907,0.02466789,153329.2,0.02948638461538462,2484.1785557876947,15946.891428925688,0.06222921
0.02677803,0.02471201,152878.9,0.02939978846153846,2484.7946119506596,15950.846128849344,0.06220132
0.02686702,0.0247561,152437.9,0.029314980769230767,2485.5405583720712,15955.634643976942,0.06217571
0.02695602,0.02480014,151997.0,0.029230192307692308,2486.3190859732144,15960.632310147488,0.06215013
0.02704504,0.02484415,151563.9,0.029146903846153847,2487.3976214384093,15967.555841439405,0.06212869
0.02713408,0.02488812,151130.9,0.029063634615384613,2488.5108284318576,15974.701942520216,0.06210718
0.02722314,0.02493206,150705.1,0.02898175,2489.7944049925904,15982.94171095676,0.06208784
0.02731223,0.02497596,150279.5,0.028899903846153846,2491.101123491473,15991.33003633752,0.06206828
0.02740133,0.02501982,149861.7,0.028819557692307693,2492.3625917905106,15999.42788339401,0.0620484
0.02749044,0.02506365,149444.0,0.02873923076923077,2493.6389759865506,16007.621481293172,0.06202827
0.02757957,0.02510744,149035.0,0.028660576923076924,2494.9073251205186,16015.763499058457,0.06200861
0.02766872,0.02515119,148626.0,0.028581923076923078,2496.2036643315396,16024.085195824193,0.06198892
0.02775789,0.0251949,148225.3,0.028504865384615382,2497.6175170222773,16033.161256521666,0.06197121
0.02784707,0.02523858,147824.6,0.028427807692307693,2499.062146067984,16042.434882402255,0.0619535
0.02793628,0.02528222,147431.8,0.02835226923076923,2500.6313067309643,16052.507924321399,0.0619377
0.0280255,0.02532583,147039.0,0.02827673076923077,2502.2221323868757,16062.720042109013,0.06192162
0.02811474,0.0253694,146654.1,0.02820271153846154,2503.8040966983776,16072.875275540677,0.06190589
0.028204,0.02541293,146269.3,0.028128711538461536,2505.4158903969937,16083.221995206932,0.06189016
0.02829327,0.02545642,145891.9,0.028056134615384615,2507.1359622324285,16094.263793609756,0.06187613
0.02838257,0.02549988,145514.6,0.027983576923076924,2508.8898405325453,16105.522608627845,0.06186218
0.02847188,0.0255433,145143.2,0.027912153846153847,2510.9188189686697,16118.547396542997,0.06185164
0.02856121,0.02558668,144771.8,0.027840730769230767,2512.9819249779493,16131.791262391405,0.06184105
0.02865056,0.02563002,144405.6,0.027770307692307695,2515.2003761853834,16146.03234842884,0.06183207
0.02873993,0.02567333,144039.4,0.027699884615384616,2517.4430944893506,16160.429214232106,0.06182287
0.02882931,0.0257166,143678.8,0.02763053846153846,2519.6274002753935,16174.451107761639,0.0618128
0.02891871,0.02575984,143318.3,0.027561211538461538,2521.8285133734735,16188.580893849716,0.06180243
0.02900813,0.02580304,142964.1,0.027493096153846156,2523.9768901361713,16202.372145248833,0.06179159
0.02909757,0.0258462,142610.0,0.027425,2526.1509051234607,16216.327978208745,0.06178068
0.02918702,0.02588933,142262.0,0.027358076923076922,2528.360806784652,16230.514181441808,0.0617703
0.02927649,0.02593242,141914.1,0.027291173076923077,2530.59843588442,16244.878377698578,0.06175988
0.02936598,0.02597547,141571.9,0.027225365384615383,2532.92214133447,16259.795130940178,0.06175051
0.02945549,0.02601849,141229.8,0.02715957692307692,2535.2745363693803,16274.896053590144,0.06174102
0.02954501,0.02606147,140893.0,0.027094807692307692,2537.649718520993,16290.143255449868,0.06173171
0.02963455,0.02610442,140556.2,0.027030038461538463,2540.0524421981972,16305.567256886809,0.06172231
0.02972411,0.02614733,140224.7,0.026966288461538465,2542.474135305974,16321.113030347384,0.06171302
0.02981369,0.0261902,139893.1,0.026902519230769233,2544.9234337123075,16336.836012768208,0.06170363
0.02990328,0.02623303,139566.7,0.026839750000000002,2547.3696695114013,16352.539335142848,0.06169406
0.02999289,0.02627583,139240.3,0.026776980769230768,2549.841433020662,16368.406529643953,0.06168436
0.03008252,0.0263186,138918.9,0.026715173076923077,2552.296601724334,16384.16719574661,0.06167432
0.03017217,0.02636132,138597.5,0.026653365384615383,2554.7770996670115,16400.09045991351,0.0616642
0.03026183,0.02640401,138280.9,0.026592480769230768,2557.27020811565,16416.094675737026,0.06165405
0.03035151,0.02644667,137964.3,0.026531596153846152,2559.7921338783735,16432.283880911615,0.06164383
0.03044121,0.02648929,137652.0,0.026471538461538463,2562.346963998642,16448.68431173103,0.06163372
0.03053092,0.02653187,137339.7,0.02641148076923077,2564.9300707389025,16465.266260979522,0.06162351
0.03062066,0.02657441,137031.3,0.026352173076923075,2567.513798486746,16481.852196712993,0.06161295
0.0307104,0.02661692,136723.0,0.026292884615384614,2570.1225827284416,16498.59897965534,0.06160225
0.03080017,0.0266594,136418.5,0.026234326923076923,2572.6939442462935,16515.10553183299,0.06159074
0.03088995,0.02670183,136114.0,0.02617576923076923,2575.291910300524,16531.782868696042,0.0615791
0.03097975,0.02674423,135813.3,0.026117942307692304,2577.864041409024,16548.294361170145,0.06156683
0.03106957,0.0267866,135512.5,0.026060096153846152,2580.463445978064,16564.98093240946,0.06155443
0.0311594,0.02682893,135215.2,0.02600292307692308,2583.033730700392,16581.480572225162,0.0615413
0.03124926,0.02687122,134918.0,0.02594576923076923,2585.6298159332905,16598.14583537737,0.06152804
0.03133912,0.02691348,134624.0,0.02588923076923077,2588.1813074868937,16614.524834661595,0.06151385
0.03142901,0.0269557,134330.1,0.02583271153846154,2590.759743731512,16631.07680221382,0.06149952
0.03151891,0.02699789,134039.3,0.02577678846153846,2593.2817296672165,16647.26639366177,0.06148414
0.03160883,0.02704004,133748.6,0.025720884615384618,2595.830595663719,16663.62853849166,0.06146861
0.03169876,0.02708215,133460.8,0.02566553846153846,2598.315915271016,16679.582754766252,0.06145193
0.03178871,0.02712423,133173.1,0.02561021153846154,2600.827983953989,16695.70868357924,0.06143511
0.03187868,0.02716627,132888.0,0.025555384615384615,2603.296607980669,16711.555724541966,0.06141732
0.03196867,0.02720828,132603.0,0.025500576923076924,2605.793038789807,16727.581267867103,0.06139943
0.03205867,0.02725025,132320.2,0.02544619230769231,2608.2457980577765,16743.32646688127,0.06138048
0.03214869,0.02729219,132037.5,0.025391826923076923,2610.7220580000385,16759.222525704034,0.06136134
0.03223872,0.02733409,131757.1,0.025337903846153847,2613.1015924904145,16774.497666889438,0.06134052
0.03232877,0.02737595,131476.7,0.02528398076923077,2615.501729485494,16789.90506342537,0.06131947
0.03241884,0.02741778,131199.0,0.02523057692307692,2617.6856010487413,16803.924169512848,0.06129547
0.03250893,0.02745958,130921.4,0.025177192307692307,2619.8860061436253,16818.04941065786,0.06127127
0.03259903,0.02750134,130646.9,0.025124403846153845,2621.9116792524896,16831.052980414264,0.0612448
0.03268914,0.02754306,130372.4,0.025071615384615383,2623.9631018862046,16844.221846210356,0.06121824
0.03277928,0.02758475,130100.5,0.025019326923076922,2625.958618675069,16857.031831025044,0.06119073
0.03286943,0.0276264,129828.6,0.024967038461538464,2627.9855379021897,16870.04340009072,0.0611632
0.03295959,0.02766802,129558.1,0.02491501923076923,2630.0404255142084,16883.234508906615,0.06113537
0.03304978,0.0277096,129287.7,0.02486301923076923,2632.118526689745,16896.57463445733,0.06110732
0.03313998,0.02775114,129018.2,0.02481119230769231,2634.089230839471,16909.225337459735,0.06107725
0.03323019,0.02779265,128748.7,0.024759365384615383,2636.074422678145,16921.969042473676,0.06104684
0.03332043,0.02783413,128481.0,0.024707884615384614,2637.767565338848,16932.837972213452,0.06101245
0.03341067,0.02787557,128213.2,0.024656384615384615,2639.465538675632,16943.737911908942,0.06097768
0.03350094,0.02791697,127948.1,0.024605403846153846,2640.8498784578487,16952.624517968845,0.06093909
0.03359122,0.02795834,127683.0,0.024554423076923078,2642.250702352197,16961.6169418436,0.06090032
0.03368151,0.02799968,127420.7,0.024503980769230767,2643.46496973938,16969.41178821001,0.06085929
0.03377182,0.02804097,127158.3,0.02445351923076923,2644.702894370725,16977.358499466838,0.06081816
0.03386215,0.02808224,126897.7,0.024403403846153846,2645.8977180495745,16985.02852923943,0.06077621
0.0339525,0.02812347,126637.1,0.02435328846153846,2647.1144305889497,16992.839071972125,0.06073407
0.03404286,0.02816466,126377.4,0.02430334615384615,2648.2110786590974,16999.878874996608,0.06068994
0.03413324,0.02820582,126117.8,0.02425342307692308,2649.321671072828,17007.0081920911,0.06064549
0.03422363,0.02824694,125859.3,0.02420371153846154,2650.1826805051587,17012.535340654824,0.06059761
0.03431404,0.02828803,125600.7,0.024153980769230768,2651.0509780871193,17018.109274636045,0.06054936
0.03440446,0.02832908,125343.8,0.024104576923076923,2651.6039329812183,17021.65890340196,0.06049708
0.0344949,0.0283701,125086.9,0.024055173076923075,2652.1676590764914,17025.27767662421,0.06044457
0.03458536,0.02841108,124831.8,0.024006115384615386,2652.478123317777,17027.270665226744,0.06038887
0.03467583,0.02845203,124576.7,0.02395705769230769,2652.801362253035,17029.345659471484,0.06033293
0.03476632,0.02849294,124323.2,0.02390830769230769,2652.909180590411,17030.037786579727,0.06027421
0.03485682,0.02853382,124069.8,0.023859576923076924,2653.029116433483,17030.8077005875,0.06021525
0.03494734,0.02857467,123818.0,0.023811153846153846,2652.8515614100816,17029.66790704317,0.06015256
0.03503787,0.02861548,123566.3,0.02376275,2652.6803363636586,17028.568748039943,0.06008957
0.03512842,0.02865625,123316.3,0.023714673076923078,2652.217885537423,17025.60009946997,0.06002309
0.03521899,0.02869699,123066.4,0.023666615384615383,2651.764866290582,17022.691995812223,0.05995636
0.03530957,0.02873769,122818.0,0.023618846153846153,2651.093925333556,17018.384969422357,0.05988693
0.03540017,0.02877836,122569.5,0.023571057692307693,2650.436602331061,17014.165361886455,0.05981732
0.03549078,0.028819,122321.7,0.023523403846153847,2649.632414203149,17009.002970988924,0.05974563
0.03558141,0.0288596,122073.9,0.02347575,2648.8361137979164,17003.89121439741,0.05967359
0.03567206,0.02890016,121826.4,0.023428153846153845,2647.7728853939952,16997.065944981092,0.059598
0.03576272,0.02894069,121578.8,0.023380538461538463,2646.7062339869135,16990.21870199946,0.05952198
0.03585339,0.02898119,121332.0,0.02333307692307692,2645.2222724237636,16980.692585659264,0.05944087
0.03594408,0.02902165,121085.3,0.023285634615384614,2643.7312793833157,16971.121331579354,0.05935932
0.03603479,0.02906208,120839.9,0.023238442307692307,2641.850359586686,16959.046988648777,0.0592733
0.03612551,0.02910247,120594.5,0.02319125,2639.966683893086,16946.954954562436,0.05918695
0.03621625,0.02914283,120350.4,0.02314430769230769,2637.7734090479016,16932.875485214925,0.05909703
0.036307,0.02918316,120106.3,0.023097365384615386,2635.579570116303,16918.79239478117,0.05900682
0.03639777,0.02922345,119862.8,0.023050538461538463,2633.168350329031,16903.313853567088,0.05891397
0.03648855,0.0292637,119619.3,0.02300371153846154,2630.7586177275093,16887.84485916663,0.05882078
0.03657935,0.02930392,119375.8,0.022956884615384615,2628.0837860397487,16870.67409242928,0.05872425
0.03667016,0.02934411,119132.2,0.02291003846153846,2625.401438803694,16853.455080515505,0.05862728
0.03676099,0.02938426,118888.4,0.022863153846153846,2622.368501567085,16833.985497417194,0.05852601
0.03685183,0.02942438,118644.6,0.02281626923076923,2619.320151205212,16814.416971577997,0.05842422
0.03694269,0.02946446,118401.3,0.02276948076923077,2615.736269302368,16791.4106641346,0.05831623
0.03703356,0.02950451,118158.0,0.02272269230769231,2612.126697903365,16768.239445998628,0.05820768
0.03712445,0.02954453,117916.4,0.022676230769230768,2608.0732196073595,16742.21861986063,0.05809439
0.03721535,0.02958451,117674.7,0.02262975,2604.0114462514475,16716.144544563293,0.05798078
0.03730627,0.02962446,117433.7,0.022583403846153847,2599.7032471054954,16688.488567952987,0.05786452
0.0373972,0.02966437,117192.7,0.022537057692307693,2595.3921940262744,16660.814270854455,0.057748
0.03748815,0.02970425,116950.6,0.0224905,2590.9957839310564,16632.592034452755,0.05763027
0.03757911,0.02974409,116708.5,0.022443942307692307,2586.589622920098,16604.307203196797,0.05751202
0.03767009,0.0297839,116464.3,0.02239698076923077,2581.8946148239793,16574.168152124043,0.05738977
0.03776109,0.02982367,116220.0,0.02235,2577.174911739577,16543.870574484794,0.05726684
0.0378521,0.02986342,115974.0,0.022302692307692308,2571.883146125626,16509.90070886608,0.05713718
0.03794312,0.02990312,115728.0,0.022255384615384614,2566.5444545186233,16475.629607366136,0.05700665
0.03803416,0.0299428,115482.0,0.022208076923076924,2560.6307443089277,16437.667241723604,0.05686975
0.03812521,0.02998244,115236.0,0.02216076923076923,2554.6858200508486,16399.504501176674,0.05673229
0.03821626,0.03002205,114990.2,0.022113499999999998,2548.3614898990945,16358.906209215844,0.05659074
0.03830736,0.03006163,114744.3,0.022066211538461538,2542.011556052977,16318.143557356952,0.05644869
0.03839844,0.03010116,114497.7,0.02201878846153846,2535.4556453079185,16276.058661073794,0.05630435
0.03848956,0.03014067,114250.9,0.021971326923076923,2528.8774153583904,16233.830489288304,0.05615942
0.03858069,0.03018014,114002.5,0.021923557692307694,2521.998901109395,16189.674677836872,0.05601089
0.03867183,0.03021958,113754.0,0.02187576923076923,2515.089231084423,16145.31886555389,0.05586168
0.03876299,0.03025898,113503.5,0.021827596153846152,2507.8110595458597,16098.597501239656,0.05570811
0.03885416,0.03029835,113253.0,0.021779423076923078,2500.496499812047,16051.642547195092,0.0555538
0.03894534,0.03033769,113000.6,0.021730884615384617,2492.777474681248,16002.091175208881,0.05539479
0.03903654,0.03037699,112748.2,0.021682346153846153,2485.0185224231623,15952.283495735262,0.05523507
0.03912776,0.03041626,112493.8,0.021633423076923078,2476.909632084925,15900.229430003288,0.05507139
0.03921898,0.03045549,112239.4,0.0215845,2468.7612398559127,15847.921786539568,0.05490696
0.03931022,0.0304947,111983.1,0.02153521153846154,2460.2854472746094,15793.512435104974,0.05473884
0.03940148,0.03053386,111726.6,0.021485884615384615,2451.7670365726253,15738.829501668064,0.05456995
0.03949275,0.030573,111468.1,0.02143617307692308,2442.946681540028,15682.208272190937,0.05439764
0.03958404,0.0306121,111209.5,0.021386442307692308,2434.0810227934617,15625.296220861936,0.05422453
0.03967534,0.03065117,110948.7,0.021336288461538462,2424.9243321840763,15566.515924793472,0.05404819
0.03976665,0.0306902,110687.9,0.021286134615384613,2415.7207104808813,15507.43436010006,0.05387103
0.03985798,0.0307292,110425.0,0.021235576923076923,2406.2444365694,15446.602536693052,0.05369089
0.03994932,0.03076817,110162.1,0.021185019230769233,2396.7182338184375,15385.450200986103,0.0535099
0.04004068,0.0308071,109897.6,0.021134153846153848,2386.9233332077697,15322.572991040173,0.05332615
0.04013205,0.030846,109633.0,0.021083269230769232,2377.075412516801,15259.355424938227,0.05314149
0.04022344,0.03088487,109367.5,0.021032211538461538,2367.0153293425988,15194.77590678274,0.05295489
0.04031483,0.0309237,109101.9,0.020981134615384613,2356.9006641012897,15129.846005481042,0.05276739
0.04040625,0.0309625,108835.9,0.020929980769230767,2346.6484905563907,15064.033385832547,0.05257891
0.04049768,0.03100127,108569.8,0.020878807692307693,2336.3423372463817,14997.874249444516,0.05238952
0.04058912,0.03104,108303.7,0.020827634615384616,2325.949197705808,14931.156715202436,0.05219979
0.04068057,0.0310787,108037.5,0.020776442307692308,2315.501482440758,14864.08883852992,0.05200912
0.04077204,0.03111737,107771.6,0.020725307692307692,2304.9604237511217,14796.421754745652,0.05181807
0.04086353,0.031156,107505.6,0.020674153846153846,2294.3647742815074,14728.40423188393,0.05162608
0.04095503,0.0311946,107240.5,0.020623173076923077,2283.663600934815,14659.709310931396,0.05143368
0.04104654,0.03123317,106975.3,0.020572173076923078,2272.905360938964,14590.648057351027,0.05124033
0.04113807,0.0312717,106711.3,0.020521403846153845,2262.074589992835,14521.121199884572,0.05104708
0.04122961,0.03131021,106447.4,0.020470653846153847,2251.1883011794844,14451.237952013373,0.0508529
0.04132116,0.03134867,106185.3,0.02042025,2240.266740975567,14381.128283607864,0.05065933
0.04141273,0.03138711,105923.2,0.02036984615384615,2229.291211075621,14310.672163100106,0.05046483
0.04150431,0.03142551,105663.4,0.020319884615384615,2218.327433630043,14240.291486087901,0.05027159
0.04159591,0.03146388,105403.7,0.020269942307692308,2207.311296133782,14169.574689902014,0.05007747
0.04168752,0.03150222,105146.8,0.020220538461538463,2196.3695810951303,14099.33563991058,0.04988536
0.04177914,0.03154052,104889.9,0.020171134615384615,2185.3726249865413,14028.741976381943,0.04969229
0.04187078,0.03157879,104636.5,0.020122403846153845,2174.41981712906,13958.431717347541,0.04950091
0.04196243,0.03161703,104383.2,0.020073692307692306,2163.4083348798035,13887.744804971087,0.04930851
0.04205409,0.03165523,104134.4,0.02002584615384615,2152.368844167273,13816.878095565999,0.04911714
0.04214577,0.0316934,103885.7,0.01997801923076923,2141.264973333142,13745.598105558774,0.04892468
0.04223746,0.03173155,103642.8,0.019931307692307693,2130.1433945165663,13674.204441245489,0.04873358
0.04232917,0.03176965,103399.9,0.019884596153846152,2118.9648669927356,13602.445201418519,0.04854159
0.04242088,0.03180773,103163.2,0.01983907692307692,2107.911475587994,13531.489258158257,0.0483526
0.04251261,0.03184577,102926.6,0.019793576923076924,2096.8102507357776,13460.226253720053,0.04816282
0.04260436,0.03188378,102695.5,0.019749134615384616,2085.9598559306596,13390.573423203878,0.0479773
0.04269612,0.03192175,102464.5,0.01970471153846154,2075.070103468546,13320.667940847707,0.04779099
0.0427879,0.0319597,102238.1,0.01966117307692308,2064.329106544906,13251.71737713696,0.04760741
0.04287968,0.0319976,102011.7,0.019617634615384613,2053.542848338551,13182.476263956765,0.04742294
0.04297148,0.03203548,101789.6,0.019574923076923077,2042.7517586584445,13113.20413570031,0.04723925
0.04306329,0.03207332,101567.5,0.01953221153846154,2031.909576736384,13043.604026818872,0.04705461
0.04315512,0.03211114,101349.5,0.01949028846153846,2020.9405930122484,12973.189928715132,0.04686927
0.04324696,0.03214892,101131.5,0.019448365384615383,2009.9222361085551,12902.458885304834,0.04668309
0.04333882,0.03218667,100917.3,0.01940717307692308,1998.842762182544,12831.335508373626,0.04649696
0.04343068,0.03222438,100703.1,0.01936598076923077,1987.720510958568,12759.937527620288,0.04631007
0.04352256,0.03226207,100491.3,0.019325250000000002,1976.6094061104868,12688.611099713187,0.04612384
0.04361445,0.03229972,100279.6,0.019284538461538464,1965.4601835676658,12617.039979757632,0.04593689
0.04370636,0.03233733,100068.4,0.019243923076923075,1954.354289941942,12545.747004678205,0.04575061
0.04379828,0.03237492,99857.27,0.019203321153846153,1943.209126284307,12474.201940257684,0.04556351
0.04389022,0.03241247,99644.94,0.019162488461538462,1931.9810610428465,12402.124698891395,0.04537521
0.04398216,0.03244999,99432.58,0.01912165,1920.705491148247,12329.742507003652,0.045186
0.04407412,0.03248748,99217.89,0.01908036346153846,1909.1952365091795,12255.853784061072,0.04499358
0.04416609,0.03252493,99003.11,0.019039059615384615,1897.815682770097,12182.804080140239,0.04480235
0.04425808,0.03256236,98784.75,0.01899706730769231,1897.666485224239,12181.846324080509,0.04474325
0.04435008,0.03259975,98566.16,0.01895503076923077,1892.5695876362397,12149.12739078531,0.04462578
0.04444209,0.03263711,98343.94,0.018912296153846153,1880.3830945659217,12070.897634941493,0.04442407
0.04453411,0.03267444,98121.61,0.018869540384615385,1868.1501109586593,11992.369438575599,0.04422149
0.04462615,0.03271173,97893.68,0.01882570769230769,1855.7901595614858,11913.026187448053,0.04401667
0.0447182,0.03274899,97665.64,0.018781853846153846,1843.3774329021746,11833.344151745832,0.04381086
0.04481027,0.03278623,97430.62,0.01873665769230769,1830.8102773118765,11752.670777723668,0.0436023
0.04490234,0.03282342,97195.47,0.018691436538461538,1818.1854710906596,11671.627322271597,0.04339264
0.04499443,0.03286059,96952.35,0.018644682692307693,1805.3838270985711,11589.448677593271,0.04317985
0.04508654,0.03289773,96709.1,0.018597903846153847,1792.5165399588157,11506.84864446585,0.04296587
0.04517866,0.03293483,96457.33,0.01854948653846154,1779.4737880812831,11423.122236136285,0.04274876
0.04527078,0.0329719,96205.41,0.018501040384615385,1766.3610342136035,11338.946458282102,0.0425304
0.04536293,0.03300894,95944.75,0.018450913461538463,1753.1226735389812,11253.964362336015,0.04230959
0.04545508,0.03304594,95683.93,0.018400755769230767,1739.8096184774458,11168.502774577362,0.04208747
0.04554725,0.03308292,95414.37,0.01834891730769231,1726.4330248988654,11082.633308797818,0.04186375
0.04563942,0.03311986,95144.66,0.018297050000000002,1712.9784281686404,10996.263110980519,0.04163865
0.04573162,0.03315677,94866.52,0.018243561538461538,1699.5165775335886,10909.846347576202,0.0414128
0.04582383,0.03319365,94588.23,0.01819004423076923,1685.9735874743922,10822.908719202485,0.04118548
0.04591604,0.0332305,94302.3,0.018135057692307693,1672.468544656902,10736.214688674063,0.0409582
0.04600827,0.03326732,94016.23,0.01808004423076923,1658.8787122301808,10648.976361243329,0.04072943
0.04610052,0.0333041,93723.65,0.018023778846153846,1645.4382182037211,10562.696694070566,0.04050237
0.04619277,0.03334085,93430.93,0.017967486538461537,1631.9145168994091,10475.882887585267,0.04027382
0.04628504,0.03337757,93132.81,0.01791015576923077,1618.6752713496323,10390.895111287426,0.04004893
0.04637733,0.03341426,92834.56,0.0178528,1605.3567688708456,10305.398554475814,0.03982261
0.04646961,0.03345091,92532.16,0.017794646153846155,1592.405977643498,10222.262476700716,0.03960121
0.04656193,0.03348754,92229.65,0.01773647115384615,1579.3730362392905,10138.599045548302,0.03937827
0.04665423,0.03352412,91924.77,0.017677840384615385,1566.688433202154,10057.171731484683,0.03916034
0.04674657,0.03356069,91619.83,0.017619198076923078,1553.9156744487207,9975.178512191202,0.03894082
0.04683892,0.03359722,91315.03,0.017560582692307692,1541.485987768436,9895.387603633417,0.03872667
0.04693128,0.03363372,91010.19,0.017501959615384616,1528.9652139060026,9815.01197164627,0.03851097
0.04702365,0.03367019,90708.26,0.01744389615384615,1516.9144068397268,9737.653236112103,0.03830279
0.04711603,0.03370662,90406.32,0.01738583076923077,1504.7784184227335,9659.747688937323,0.03809314
0.04720842,0.03374303,90109.7,0.01732878846153846,1493.246072707171,9585.717154933056,0.0378931
0.04730083,0.0337794,89813.11,0.017271751923076922,1481.6363433791691,9511.189865949937,0.03769171
0.04739325,0.03381575,89524.09,0.017216171153846153,1470.687873512007,9440.90745413307,0.03750096
0.04748568,0.03385206,89235.13,0.017160601923076925,1459.6667359503826,9370.15856061694,0.03730887
0.04757812,0.03388834,88955.98,0.01710691923076923,1449.287862289364,9303.532604507147,0.03712748
0.04767058,0.03392458,88676.93,0.01705325576923077,1438.8426091004953,9236.48053284247,0.03694488
0.04776305,0.0339608,88409.83,0.017001890384615383,1429.07054499569,9173.749919154187,0.03677362
0.04785552,0.03399698,88142.84,0.01695054615384615,1419.240141854044,9110.644804895324,0.0366013
0.04794802,0.03403314,87889.56,0.016901838461538463,1410.1135940635825,9052.05800710001,0.03644086
0.04804052,0.03406926,87636.42,0.01685315769230769,1400.9386599870782,8993.160599244731,0.0362795
0.04813304,0.03410535,87398.46,0.016807396153846157,1392.4355525743852,8938.575903469628,0.03612966
0.04822557,0.0341414,87160.66,0.016761665384615387,1383.8907273774996,8883.723405296172,0.03597899
0.04831811,0.03417743,86939.32,0.0167191,1375.95127709871,8832.757040053933,0.035839
0.04841066,0.03421343,86718.13,0.016676563461538462,1367.976227165327,8781.56214702516,0.03569827
0.04850322,0.03424939,86514.19,0.016637344230769232,1360.5693606030377,8734.014640175392,0.03556772
0.04859581,0.03428533,86310.41,0.01659815576923077,1353.1391967288068,8686.317578977665,0.03543664
0.04868839,0.03432123,86124.0,0.016562307692307692,1346.2469165988512,8642.073399075993,0.03531519
0.048781,0.0343571,85937.75,0.016526490384615386,1339.3413682964149,8597.744045705002,0.03519334
0.0488736,0.03439294,85768.47,0.01649393653846154,1332.915818072811,8556.495983423732,0.03508016
0.04896624,0.03442875,85599.33,0.016461409615384615,1326.4833473148756,8515.203495588048,0.03496667
0.04905887,0.03446453,85446.48,0.016432015384615382,1320.449670395569,8476.471017793638,0.03486053
0.04915152,0.03450028,85293.76,0.016402646153846154,1314.4134141593506,8437.721982378336,0.03475416
0.04924419,0.034536,85156.32,0.016376215384615388,1308.7355369107518,8401.273518631951,0.03465435
0.04933686,0.03457169,85019.0,0.01634980769230769,1303.0617103686438,8364.85105791843,0.03455444
0.04942955,0.03460735,84895.4,0.01632603846153846,1297.711781580568,8330.50782065911,0.03446029
0.04952225,0.03464297,84771.9,0.016302288461538462,1292.3720759771993,8296.230209929012,0.03436613
0.04961496,0.03467857,84660.11,0.016280790384615385,1287.289347975442,8263.602236622528,0.03427645
0.04970768,0.03471413,84548.42,0.016259311538461538,1282.218727227389,8231.051984404116,0.03418678
0.04980041,0.03474966,84446.18,0.016239649999999998,1277.3088606420245,8199.533674585,0.03409991
0.04989315,0.03478516,84344.02,0.01622000384615385,1272.4115309088652,8168.095843610899,0.03401306
0.04998591,0.03482063,84248.92,0.016201715384615383,1267.5801181346628,8137.081158785195,0.03392738
0.05007868,0.03485607,84153.88,0.01618343846153846,1262.7601540133492,8106.139967237256,0.03384171
0.05017146,0.03489148,84063.43,0.01616604423076923,1257.9254116082927,8075.103908238748,0.03375581
0.05026425,0.03492686,83973.01,0.016148655769230767,1253.1026542409638,8044.1447857772555,0.03366992
0.05035705,0.03496221,83884.57,0.016131648076923077,1248.2076086854645,8012.721617812406,0.03358271
0.05044987,0.03499753,83796.14,0.016114642307692308,1243.3235968465283,7981.36927949049,0.03349551
0.05054269,0.03503281,83707.03,0.016097505769230767,1238.317065164571,7949.230439477707,0.03340599
0.05063553,0.03506807,83617.9,0.016080365384615384,1233.3198727243773,7917.151551626608,0.03331645
0.05072839,0.0351033,83525.45,0.01606258653846154,1228.1507925088404,7883.969250462093,0.03322361
0.05082125,0.03513849,83432.95,0.016044798076923078,1222.9867525521915,7850.819304645417,0.03313068
0.0509141,0.03517365,83334.73,0.016025909615384616,1217.5757206574317,7816.083823194959,0.03303317
0.051007,0.03520878,83236.46,0.01600701153846154,1212.1639600672718,7781.34366397027,0.03293547
0.05109989,0.03524388,83130.46,0.015986626923076924,1206.4426629597615,7744.6164715575,0.03283216
0.0511928,0.03527896,83024.4,0.015966230769230767,1200.714426991172,7707.844735943915,0.03272859
0.05128572,0.035314,82909.0,0.01594403846153846,1194.6686791890643,7669.034770540156,0.03261921
0.05137864,0.03534901,82793.52,0.01592183076923077,1188.611632732585,7630.152274756432,0.03250948
0.05147159,0.035384,82667.42,0.015897580769230767,1182.232825032511,7589.204270595427,0.03239381
0.05156454,0.03541894,82541.22,0.01587331153846154,1175.8369531172618,7548.146724716462,0.0322777
0.05165752,0.03545387,82403.5,0.015846826923076922,1169.1209933470507,7505.034412581303,0.03215564
0.05175049,0.03548876,82265.68,0.015820323076923076,1162.3813097884617,7461.769808382972,0.03203302
0.05184348,0.03552362,82115.98,0.015791534615384614,1155.328568624836,7416.495567789186,0.03190459
0.05193648,0.03555845,81966.17,0.015762725,1148.2475060263532,7371.039521082583,0.03177555
0.05202949,0.03559325,81804.38,0.01573161153846154,1140.921482895926,7324.01097911464,0.03164174
0.05212251,0.03562802,81642.47,0.015700475000000002,1133.563691051589,7276.778501632332,0.03150726
0.05221554,0.03566276,81468.68,0.015667053846153845,1126.042198760359,7228.495168426554,0.03136922
0.05230858,0.03569747,81294.76,0.01563360769230769,1118.4862700526157,7179.990774703987,0.03123045
0.05240164,0.03573215,81109.33,0.015597948076923078,1110.8184450509825,7130.768075912001,0.03108894
0.05249471,0.0357668,80923.77,0.015562263461538462,1103.1107367521693,7081.28935099481,0.03094656
0.05258779,0.03580142,80727.5,0.01552451923076923,1095.3052871844818,7031.183187522837,0.03080179
0.05268088,0.03583601,80531.1,0.01548675,1087.453835801606,6980.781720820494,0.03065605
0.05277398,0.03587057,80325.3,0.015447173076923077,1079.525347830138,6929.885726817979,0.03050845
0.05286709,0.03590509,80119.39,0.015407575,1071.5457190547108,6878.661440452414,0.0303598
0.05296021,0.03593959,79905.67,0.015366475,1063.5650208539214,6827.430289036787,0.03021066
0.05305334,0.03597406,79691.85,0.01532535576923077,1055.5323288475502,6775.865369514735,0.03006049
0.05314648,0.0360085,79471.81,0.015283040384615384,1047.6004873830107,6724.947848158725,0.02991153
0.05323964,0.03604291,79251.68,0.015240707692307691,1039.6169060961424,6673.698189111844,0.02976154
0.05333281,0.03607729,79026.8,0.015197461538461538,1031.820424983237,6623.649597578234,0.0296142
0.05342599,0.03611164,78801.86,0.015154203846153846,1023.9731486213557,6573.274931931055,0.02946582
0.05351918,0.03614596,78573.65,0.015110317307692307,1016.3378775107174,6524.261209005187,0.02932062
0.05361238,0.03618025,78345.38,0.015066419230769231,1008.651657003632,6474.920422434228,0.02917436
0.05370559,0.03621451,78115.43,0.015022198076923076,1001.1949590953374,6427.053029132395,0.02903174
0.05379881,0.03624873,77885.44,0.01497796923076923,993.6884353386727,6378.865784669918,0.0288881
0.05389204,0.03628293,77655.27,0.01493370576923077,986.4344722748166,6332.299823805615,0.02874861
0.05398529,0.0363171,77425.07,0.01488943653846154,979.132427341088,6285.425207045073,0.02860814
0.05407854,0.03635124,77196.09,0.014845401923076922,972.1286045654148,6240.464992276741,0.02847267
0.05417181,0.03638535,76967.09,0.014801363461538462,965.0800534319062,6195.217649087414,0.02833626
0.05426508,0.03641943,76740.49,0.01475778653846154,958.3328188139149,6151.904571753294,0.02820499
0.05435837,0.03645348,76513.88,0.014714207692307694,951.5434573311624,6108.321065976329,0.02807284
0.05445167,0.03648751,76290.74,0.014671296153846155,945.0441201362069,6066.599336929735,0.02794578
0.05454498,0.0365215,76067.6,0.014628384615384616,938.5040863922651,6024.616361183823,0.02781785
0.05463829,0.03655546,75848.89,0.014586325,932.2596463197194,5984.530914169833,0.02769521
0.05473162,0.0365894,75630.2,0.01454426923076923,925.9788865234304,5944.212316970275,0.02757182
0.05482496,0.0366233,75416.58,0.014503188461538462,920.0264190691476,5906.0011537644305,0.02745426
0.05491832,0.03665717,75202.98,0.014462111538461537,914.0437025356284,5867.595810159886,0.02733604
0.05501167,0.03669102,74994.78,0.014422073076923076,908.400269335171,5831.368455920628,0.02722382
0.05510505,0.03672483,74786.61,0.014382040384615385,902.7318757137489,5794.98087120107,0.02711101
0.05519843,0.03675862,74584.01,0.014343078846153845,897.3672392501858,5760.543219752553,0.02700363
0.05529183,0.03679237,74381.45,0.014304124999999999,891.9809655197951,5725.96667042002,0.02689573
0.05538523,0.0368261,74184.57,0.014266263461538463,886.8787617503446,5693.213674718435,0.02679295
0.05547865,0.03685979,73987.71,0.01422840576923077,881.757765162739,5660.340040735813,0.0266897
0.05557208,0.03689346,73796.53,0.014191640384615385,876.9087272760826,5629.21221357818,0.02659137
0.05566551,0.0369271,73605.39,0.014154882692307693,872.0444766479883,5597.986730020011,0.02649265
0.05575896,0.0369607,73419.75,0.014119182692307693,867.443884884585,5568.453773466275,0.02639868
0.05585242,0.03699428,73234.15,0.014083490384615384,862.8307197202658,5538.8401034473845,0.02630435
0.05594589,0.03702783,73053.91,0.014048828846153846,858.4445429837024,5510.683558885362,0.02621416
0.05603937,0.03706135,72873.69,0.014014171153846153,854.0471589683843,5482.455070518376,0.02612365
0.05613286,0.03709484,72698.67,0.013980513461538462,849.8497745319851,5455.510455874322,0.02603685
0.05622636,0.0371283,72523.67,0.013946859615384615,845.6428645840405,5428.504693331674,0.02594977
0.05631987,0.03716174,72353.63,0.013914159615384617,841.6351974998021,5402.777946867846,0.02586637
0.05641339,0.03719514,72183.61,0.013881463461538462,837.6200251673655,5377.003021347853,0.02578273
0.05650692,0.03722851,72018.23,0.013849659615384615,833.7981317356977,5352.468826949574,0.02570265
0.05660046,0.03726186,71852.88,0.01381786153846154,829.9704487812643,5327.897467392312,0.02562236
0.05669401,0.03729518,71691.83,0.013786890384615384,826.3312652061477,5304.536157382166,0.02554552
0.05678757,0.03732846,71530.8,0.013755923076923077,822.6869915163708,5281.142171980929,0.02546849
0.05688115,0.03736172,71373.8,0.01372573076923077,819.2148136521756,5258.852935447091,0.02539461
0.05697473,0.03739495,71216.82,0.013695542307692309,815.7373444411636,5236.529731736054,0.02532054
0.05706832,0.03742815,71063.73,0.013666101923076922,812.4141746617174,5215.197035038689,0.02524934
0.05716193,0.03746132,70910.66,0.013636665384615386,809.0856680756013,5193.830079339957,0.02517796
0.05725554,0.03749446,70761.44,0.013607969230769231,805.8868828764363,5173.295854794505,0.02510907
0.05734916,0.03752758,70612.24,0.013579276923076923,802.6819535730356,5152.7221888961185,0.02503996
0.0574428,0.03756066,70466.89,0.013551325,799.5979096225489,5132.924532272014,0.02497326
0.05753644,0.03759372,70321.56,0.013523376923076922,796.5095085284114,5113.098905477821,0.02490641
0.05763009,0.03762675,70179.94,0.013496142307692308,793.5675130857481,5094.2131125064425,0.02484236
0.05772376,0.03765974,70038.35,0.013468913461538463,790.6227863725286,5075.309786465662,0.0247782
0.05781744,0.03769271,69900.22,0.01344235,787.8486180942854,5057.501340194502,0.02471718
0.05791112,0.03772565,69762.11,0.013415790384615385,785.0740839487983,5039.690545281694,0.02465607
0.05800482,0.03775856,69627.24,0.013389853846153847,782.4453423349071,5022.81564834091,0.02459764
0.05809852,0.03779144,69492.39,0.013363921153846154,779.8151287863326,5005.931302488924,0.02453907
0.05819224,0.03782429,69360.75,0.01333860576923077,777.2782752823572,4989.6462704389,0.02448233
0.05828596,0.03785711,69229.14,0.013313296153846153,774.7379650683506,4973.3390484462725,0.02442543
0.0583797,0.03788991,69100.9,0.013288634615384614,772.2532867579329,4957.3889489014055,0.02436979
0.05847344,0.03792268,68972.69,0.013263978846153846,769.763847855873,4941.408289299622,0.024314
0.0585672,0.03795542,68847.95,0.013239990384615385,767.3545745628229,4925.942243375763,0.02425993
0.05866097,0.03798813,68723.23,0.013216005769230769,764.9422112946136,4910.456361720583,0.02420575
0.05875474,0.03802081,68601.92,0.013192676923076923,762.637555923148,4895.6618982130285,0.02415372
0.05884851,0.03805346,68480.63,0.013169351923076923,760.3319301918256,4880.861205594748,0.02410162
0.05894232,0.03808609,68362.49,0.013146632692307694,758.1492652045947,4866.84984497979,0.02405187
0.05903611,0.03811868,68244.38,0.013123919230769231,755.9671008989625,4852.841698431338,0.02400204
0.05912994,0.03815125,68129.23,0.013101775,753.8772711157578,4839.426282466147,0.02395399
0.05922376,0.03818379,68014.1,0.013079634615384616,751.7874455633337,4826.010893659953,0.02390586
0.05931759,0.03821629,67901.81,0.013058040384615385,749.7649703095318,4813.027852157189,0.02385906
0.05941144,0.03824878,67789.53,0.013036448076923076,747.7420024460936,4800.041648404928,0.02381218
0.05950529,0.03828123,67680.04,0.013015392307692306,745.7608470238899,4787.323854690744,0.02376634
0.05959917,0.03831366,67570.56,0.012994338461538461,743.7785857429093,4774.598962046488,0.02372041
0.05969304,0.03834605,67463.76,0.012973799999999999,741.8421620952936,4762.168318686739,0.02367572
0.05978693,0.03837842,67356.96,0.01295326153846154,739.9059586200744,4749.739088697739,0.02363097
0.05988082,0.03841076,67252.54,0.012933180769230768,738.0226362454343,4737.649322700814,0.0235875
0.05997472,0.03844307,67148.12,0.012913099999999999,736.1405698149613,4725.567619089431,0.023544
0.06006864,0.03847536,67045.69,0.012893401923076923,734.3171537776678,4713.8624147639475,0.02350171
0.06016256,0.03850761,66943.26,0.012873703846153845,732.49554550678,4702.1688151818225,0.02345938
0.0602565,0.03853984,66842.4,0.012854307692307691,730.720873308931,4690.77651618822,0.02341792
0.06035044,0.03857203,66741.55,0.012834913461538462,728.9473708465918,4679.391726173844,0.02337641
0.06044439,0.0386042,66641.88,0.012815746153846154,727.2018345765616,4668.186461834624,0.02333536
0.06053834,0.03863634,66542.21,0.012796578846153848,725.4567746226228,4656.98425515041,0.02329426
0.06063232,0.03866845,66443.37,0.012777571153846153,723.7213005654245,4645.843584000431,0.02325325
0.06072629,0.03870054,66344.52,0.012758561538461539,721.9859437812065,4634.703665670528,0.02321219
0.06082029,0.0387326,66246.12,0.012739638461538461,720.2598170538407,4623.62299860264,0.0231712
0.0609143,0.03876463,66147.72,0.012720715384615385,718.5339048127275,4612.5437084039695,0.02313017
0.06100831,0.03879663,66049.35,0.012701798076923078,716.8218028934399,4601.553071938437,0.02308925
0.06110233,0.0388286,65950.98,0.012682880769230768,715.1096685713042,4590.562227466639,0.02304827
0.06119636,0.03886055,65852.17,0.012663878846153847,713.4122856074192,4579.666077600392,0.02300737
0.0612904,0.03889246,65753.35,0.012644875000000002,711.7152704480208,4568.772288811692,0.02296642
0.06138444,0.03892435,65653.62,0.012625696153846153,710.0193148446772,4557.885301718197,0.02292526
0.0614785,0.03895621,65553.89,0.012606517307692307,708.3233326070361,4546.998143648969,0.02288404
0.06157257,0.03898804,65452.79,0.012587075,706.6163873106502,4536.040609516343,0.02284237
0.06166664,0.03901985,65351.69,0.012567632692307693,704.908773171262,4525.0787818249,0.02280063
0.06176073,0.03905162,65248.79,0.01254784423076923,703.1834901998056,4514.003531148619,0.02275831
0.06185483,0.03908337,65145.88,0.012528053846153846,701.4568436494662,4502.919527138424,0.02271592
0.06194893,0.03911509,65040.78,0.012507842307692307,699.7193758561403,4491.766057434376,0.02267303
0.06204305,0.03914679,64935.66,0.012487626923076924,697.9795115869292,4480.597203835856,0.02263004
0.06213717,0.03917845,64827.98,0.012466919230769232,696.2245887479128,4469.331683523423,0.02258647
0.0622313,0.03921009,64720.29,0.012446209615384616,694.4663312121993,4458.044756518603,0.02254278
0.06232544,0.0392417,64609.77,0.012424955769230769,692.6854285955368,4446.612462085805,0.02249837
0.06241959,0.03927328,64499.23,0.012403698076923077,690.8993162598196,4435.146724475606,0.02245381
0.06251376,0.03930483,64385.7,0.012381865384615384,689.0849888944554,4423.499863808291,0.02240846
0.06260793,0.03933636,64272.16,0.01236003076923077,687.2651540428179,4411.8176484820115,0.02236297
0.06270211,0.03936786,64155.48,0.012337592307692309,685.4334580330792,4400.059291849375,0.02231697
0.0627963,0.03939933,64038.79,0.012315151923076924,683.5964033795041,4388.2665360342535,0.02227084
0.06289049,0.03943077,63918.8,0.012292076923076923,681.763941533901,4376.503263208554,0.02222448
0.0629847,0.03946219,63798.78,0.012268996153846154,679.9266636946818,4364.7090746794975,0.02217798
0.06307892,0.03949358,63675.31,0.012245251923076923,678.0986580356346,4352.974407818144,0.02213131
0.06317314,0.03952493,63551.81,0.012221501923076923,676.2648486093465,4341.202484357077,0.02208447
0.06326738,0.03955627,63424.79,0.012197075,674.4303562267153,4329.426176738265,0.02203729
0.06336162,0.03958757,63297.74,0.012172642307692307,672.5882338714263,4317.600889409321,0.02198992
0.06345588,0.03961885,63167.29,0.01214755576923077,670.7383316227028,4305.72565997149,0.02194213
0.06355014,0.0396501,63036.81,0.012122463461538462,668.878679926802,4293.787845106671,0.02189412
0.06364441,0.03968132,62903.15,0.012096759615384615,667.0210540962836,4281.863035045885,0.02184593
0.06373869,0.03971252,62769.47,0.012071051923076923,665.1529911266688,4269.871225000895,0.02179753
0.06383298,0.03974369,62632.87,0.012044782692307692,663.3119802690375,4258.053072800152,0.02174942
0.06392728,0.03977482,62496.24,0.012018507692307692,661.460978416,4246.170784582038,0.02170111
0.06402158,0.03980594,62356.9,0.011991711538461538,659.6573239797546,4234.592437525183,0.02165346
0.0641159,0.03983702,62217.54,0.01196491153846154,657.8439205483224,4222.951507942841,0.02160562
0.06421023,0.03986808,62075.76,0.011937646153846154,656.0813548871754,4211.636925434599,0.02155851
0.06430456,0.03989911,61933.95,0.011910374999999999,654.3089349560113,4200.2590846015055,0.02151119
0.06439889,0.03993011,61790.1,0.011882711538461538,652.5798125720655,4189.159187269301,0.02146453
0.06449325,0.03996108,61646.24,0.011855046153846154,650.8404397183865,4177.993488254865,0.02141765
0.06458761,0.03999203,61500.77,0.011827071153846153,649.1442157661191,4167.104778527084,0.02137148
0.06468198,0.04002295,61355.29,0.011799094230769231,647.4363655461691,4156.1414353443015,0.02132508
0.06477637,0.04005385,61208.67,0.011770898076923077,645.7883707031737,4145.5623266987295,0.02127976
0.06487075,0.04008471,61062.04,0.0117427,644.1292898519665,4134.912052730149,0.02123422
0.06496516,0.04011555,60914.74,0.011714373076923076,642.5409958259481,4124.7161864422305,0.02119002
0.06505955,0.04014636,60767.42,0.011686042307692308,640.9426994389005,4114.4561111766625,0.02114561
0.06515397,0.04017715,60619.9,0.011657673076923078,639.4232181619774,4104.701980220607,0.02110272
0.0652484,0.04020791,60472.37,0.011629301923076924,637.8946641660194,4094.8896080141076,0.02105964
0.06534283,0.04023864,60325.14,0.011600988461538462,636.4441376516102,4085.578124028317,0.02101814
0.06543728,0.04026935,60177.91,0.011572675000000001,634.9837108632602,4076.203086400908,0.02097644
0.06553173,0.04030002,60031.48,0.011544515384615385,633.6176745058058,4067.43397701884,0.02093665
0.06562619,0.04033067,59885.06,0.011516357692307692,632.2421352018132,4058.6038645915814,0.02089667
0.06572065,0.0403613,59739.92,0.011488446153846154,630.9762584311075,4050.4777178708428,0.02085891
0.06581513,0.04039189,59594.78,0.011460534615384614,629.7024482379232,4042.3006434796157,0.02082099
0.06590961,0.04042246,59451.45,0.011432971153846153,628.536120210341,4034.8135381815546,0.02078527
0.06600411,0.040453,59308.12,0.011405407692307693,627.3624942414046,4027.279584609179,0.02074939
0.06609861,0.04048351,59167.15,0.011378298076923078,626.2904903742726,4020.397982141146,0.02071567
0.06619313,0.040514,59026.19,0.011351190384615385,625.2124211988051,4013.477444141171,0.02068181
0.06628765,0.04054446,58888.11,0.011324636538461538,624.2363693338494,4007.2117942412533,0.02065017
0.06638218,0.04057489,58750.04,0.011298084615384615,623.2550984136781,4000.912641231548,0.0206184
0.06647671,0.0406053,58615.24,0.011272161538461539,622.3928037189746,3995.377242077515,0.02058917
0.06657126,0.04063568,58480.46,0.011246242307692307,621.5288185286211,3989.830990985915,0.02055987
0.06666581,0.04066603,58349.24,0.011221007692307692,620.7814186748336,3985.0331457204948,0.02053306
0.06676038,0.04069635,58218.05,0.011195778846153847,620.0334054515181,3980.2313630016874,0.02050618
0.06685495,0.04072665,58090.73,0.011171294230769232,619.3924675898735,3976.116937946161,0.02048163
0.06694953,0.04075692,57963.44,0.011146815384615386,618.7510610510291,3971.9995042725936,0.02045703
0.06704412,0.04078717,57840.39,0.011123151923076923,618.2049705995069,3968.49394098669,0.0204346
0.06713872,0.04081739,57717.36,0.011099492307692308,617.6570226741734,3964.9764538665954,0.02041211
0.06723332,0.04084758,57598.92,0.011076715384615384,617.2201916482751,3962.172268585084,0.02039212
0.06732794,0.04087775,57480.5,0.011053942307692308,616.7828889814091,3959.3650556599728,0.02037211
0.06742256,0.04090789,57366.94,0.011032103846153846,616.4711933601511,3957.3641623588483,0.02035484
0.06751719,0.040938,57253.41,0.011010271153846155,616.1621804686432,3955.3804905251413,0.0203376
0.06761184,0.04096809,57144.9,0.010989403846153847,615.9912126033041,3954.2829824655673,0.02032328
0.06770649,0.04099815,57036.41,0.010968540384615385,615.8271172200987,3953.229591494992,0.02030903
0.06780114,0.04102818,56933.03,0.010948659615384616,615.7800922440118,3952.927720203833,0.0202973
0.06789579,0.04105818,56829.67,0.010928782692307692,615.7405692475538,3952.6740069866437,0.02028563
0.06799047,0.04108815,56731.48,0.0109099,615.8010222074191,3953.0620776369124,0.02027616
0.06808516,0.04111811,56633.31,0.010891021153846154,615.86956740702,3953.5020954663323,0.02026677
0.06817984,0.04114803,56540.39,0.010873151923076923,616.0235339718247,3954.490465681068,0.02025935
0.06827456,0.04117794,56447.49,0.010855286538461538,616.1846138238167,3955.5244988044597,0.02025202
0.06836927,0.04120781,56359.88,0.01083843846153846,616.4478005220544,3957.213994791999,0.02024695
0.06846398,0.04123766,56272.29,0.01082159423076923,616.7194401337655,3958.9577532612357,0.020242
0.0685587,0.04126748,56189.95,0.010805759615384615,617.1032905881927,3961.4218360090053,0.02023947
0.06865343,0.04129727,56107.62,0.010789926923076924,617.4971680942162,3963.9502862326094,0.02023707
0.06874817,0.04132704,56030.43,0.010775082692307692,618.0109650422049,3967.2485451790117,0.02023716
0.06884292,0.04135678,55953.26,0.010760242307692309,618.5361775599877,3970.620085030155,0.02023739
0.06893768,0.0413865,55881.1,0.010746365384615384,619.164209843508,3974.651664248093,0.02023977
0.06903245,0.04141619,55808.97,0.01073249423076923,619.803619225684,3978.756277409832,0.02024229
0.06912722,0.04144585,55741.73,0.010719563461538462,620.5421114495216,3983.4969411947304,0.02024688
0.069222,0.04147548,55674.52,0.010706638461538461,621.2925284862807,3988.314154910602,0.02025161
0.06931679,0.04150509,55612.07,0.010694628846153846,622.1379955125232,3993.7415308304253,0.0202583
0.06941159,0.04153467,55549.65,0.010682625,622.9958427948577,3999.2483803449727,0.02026515
0.0695064,0.04156423,55491.81,0.010671501923076922,623.9511471379691,4005.38084397392,0.02027396
0.06960122,0.04159376,55433.99,0.010660382692307692,624.9186174941481,4011.5914058897474,0.02028291
0.06969604,0.04162326,55380.59,0.010650113461538461,625.9736380404142,4018.363985931305,0.02029363
0.06979087,0.04165274,55327.21,0.010639848076923076,627.0407775773069,4025.2143624047244,0.02030448
0.06988571,0.04168219,55278.1,0.010630403846153847,628.1857753628258,4032.5645407280535,0.0203169
0.06998056,0.04171162,55229.01,0.010620963461538463,629.3432564613578,4039.994854207863,0.02032947
0.07007542,0.04174102,55183.98,0.010612303846153847,630.5831317393447,4047.9540874108875,0.02034366
0.07017028,0.04177039,55138.98,0.010603650000000001,631.8359157588117,4055.99618675829,0.02035799
0.07026515,0.04179973,55097.76,0.010595723076923077,633.1666514438301,4064.538687634544,0.02037382
0.07036003,0.04182906,55056.55,0.010587798076923078,634.5099978819869,4073.16214175414,0.02038979
0.07045492,0.04185835,55018.85,0.010580548076923076,635.9275493418852,4082.261946264265,0.02040714
0.07054982,0.04188762,54981.16,0.0105733,637.3566809509227,4091.436088176839,0.02042462
0.07064472,0.04191686,54946.72,0.010566676923076923,638.849102139756,4101.016510086973,0.02044327
0.07073963,0.04194608,54912.29,0.01056005576923077,640.3525990684534,4110.668031403667,0.02046205
0.07083455,0.04197527,54880.87,0.010554013461538461,641.9236479527303,4120.75319453686,0.02048206
0.07092948,0.04200444,54849.46,0.010547973076923076,643.5060728224494,4130.911384467712,0.02050219
0.07102442,0.04203358,54820.79,0.010542459615384615,645.1625574833442,4141.544992498595,0.02052362
0.07111936,0.04206269,54792.13,0.010536948076923076,646.83020214862,4152.250240862172,0.02054516
0.07121431,0.04209178,54765.93,0.010531909615384616,648.5695466361784,4163.4157577836395,0.0205679
0.07130927,0.04212084,54739.74,0.010526873076923076,650.318400396496,4174.642318360728,0.02059071
0.07140423,0.04214987,54715.79,0.010522267307692307,652.1229756307459,4186.226576371838,0.02061441
0.0714992,0.04217888,54691.85,0.010517663461538462,653.9360740026473,4197.86554766048,0.02063817
0.0715942,0.04220787,54669.93,0.010513448076923077,655.7922833225817,4209.781264598536,0.02066258
0.07168917,0.04223682,54648.01,0.010509232692307692,657.6565480641993,4221.748692366595,0.02068705
0.07178418,0.04226576,54627.86,0.010505357692307692,659.562290175836,4233.982379222556,0.02071213
0.07187918,0.04229466,54607.71,0.010501482692307692,661.4761924748784,4246.268449439728,0.02073727
0.0719742,0.04232355,54589.09,0.010497901923076923,663.4313658461851,4258.819454440682,0.02076299
0.07206922,0.0423524,54570.47,0.010494321153846154,665.3941944750635,4271.419601465293,0.02078876
0.07216425,0.04238123,54553.09,0.010490978846153845,667.3945046842044,4284.260357076449,0.02081501
0.0722593,0.04241004,54535.72,0.010487638461538462,669.4019194344261,4297.146719451659,0.0208413
0.07235435,0.04243882,54519.32,0.010484484615384615,671.4368947945213,4310.210003913387,0.02086789
0.0724494,0.04246757,54502.91,0.010481328846153846,673.4780176820694,4323.312751702989,0.02089449
0.07254446,0.0424963,54487.2,0.010478307692307691,675.5454604707645,4336.58445699568,0.02092136
0.07263953,0.042525,54471.48,0.010475284615384616,677.6190213525559,4349.895436665863,0.02094825
0.07273461,0.04255368,54456.18,0.010472342307692308,679.7234402811829,4363.404505930471,0.02097546
0.07282969,0.04258233,54440.88,0.0104694,681.8332336201995,4376.9480755890945,0.02100267
0.07292478,0.04261096,54425.73,0.01046648653846154,683.9741566727406,4390.691478774431,0.02103015
0.07301988,0.04263956,54410.58,0.010463573076923078,686.1189797887447,4404.459917957468,0.0210576
0.07311499,0.04266813,54395.35,0.01046064423076923,688.2832347549562,4418.35309761248,0.02108512
0.07321011,0.04269668,54380.11,0.010457713461538462,690.4504193148875,4432.265083449066,0.02111258
0.07330523,0.0427252,54364.6,0.010454730769230768,692.6258003349805,4446.229685495543,0.0211399
0.07340036,0.0427537,54349.08,0.010451746153846154,694.8036185571398,4460.209932873413,0.02116717
0.0734955,0.04278217,54333.18,0.010448688461538461,696.9795178534039,4474.1778619326815,0.02119415
0.07359064,0.04281062,54317.27,0.010445628846153845,699.1586769573954,4488.166716943423,0.02122109
0.0736858,0.04283904,54300.82,0.010442465384615384,701.3404971190271,4502.172654300028,0.02124779
0.07378096,0.04286743,54284.36,0.0104393,703.5249787097537,4516.195676387004,0.02127444
0.07387613,0.0428958,54267.14,0.010435988461538462,705.7035406355084,4530.180697882443,0.02130068
0.0739713,0.04292415,54249.9,0.010432673076923077,707.8841655129615,4544.178962253151,0.02132686
0.07406649,0.04295247,54231.61,0.01042915576923077,710.0501848047583,4558.083467788298,0.02135249
0.07416168,0.04298076,54213.32,0.010425638461538461,712.2171038026484,4571.993748880662,0.02137803
0.07425687,0.04300903,54193.73,0.010421871153846154,714.3611444188355,4585.757164898357,0.02140291
0.07435208,0.04303728,54174.13,0.010418101923076923,716.5067816110702,4599.530829947801,0.02142773
0.07444729,0.0430655,54153.08,0.010414053846153846,718.6444971515513,4613.253642887537,0.02145214
0.07454251,0.04309369,54132.01,0.010410001923076924,720.7830229138925,4626.981656951004,0.02147648
0.07463773,0.04312186,54109.35,0.01040564423076923,722.9236439561414,4640.723121416868,0.02150052
0.07473298,0.04315001,54086.68,0.010401284615384615,725.0641771404129,4654.464021888801,0.02152448
0.07482821,0.04317812,54062.37,0.010396609615384616,727.2038943761983,4668.199684475604,0.02154807
0.07492347,0.04320621,54038.05,0.010391932692307693,729.3420141280617,4681.925092202665,0.02157151
0.07501873,0.04323428,54012.04,0.01038693076923077,731.4499006371273,4695.456421191175,0.02159411
0.075114,0.04326232,53986.02,0.010381926923076922,733.5563342850929,4708.9784237091035,0.02161657
0.07520927,0.04329034,53958.24,0.010376584615384614,735.6110896944808,4722.1686838657915,0.02163789
0.07530455,0.04331833,53930.45,0.010371240384615383,737.6649078950823,4735.352927721145,0.02165908
0.07539984,0.0433463,53900.79,0.010365536538461539,739.665729502914,4748.1969661959165,0.02167916
0.07549513,0.04337424,53871.12,0.01035983076923077,741.6662150344177,4761.038847268314,0.02169915
0.07559043,0.04340216,53839.45,0.010353740384615385,743.6331977765655,4773.665661133413,0.02171834
0.07568574,0.04343005,53807.76,0.010347646153846155,745.5993560535753,4786.287182441739,0.02173745
0.07578106,0.04345792,53773.98,0.01034115,747.544534125289,4798.774023795101,0.02175593
0.07587639,0.04348577,53740.19,0.010334651923076924,749.4890726910683,4811.256759915495,0.02177432
0.07597172,0.04351359,53704.26,0.010327742307692308,751.4082667531007,4823.5767999814425,0.02179199
0.07606706,0.04354138,53668.3,0.010320826923076924,753.3259300399487,4835.8870134165245,0.02180955
0.0761624,0.04356915,53630.17,0.010313494230769231,755.2082713769346,4847.970481757863,0.02182625
0.07625775,0.04359689,53592.02,0.010306157692307692,757.0891633753571,4860.044646241127,0.02184284
0.07635312,0.04362461,53551.64,0.010298392307692307,758.9339423047259,4871.886987134247,0.02185858
0.07644848,0.0436523,53511.24,0.010290623076923076,760.7762008014862,4883.713148407319,0.02187419
0.07654386,0.04367997,53468.64,0.01028243076923077,762.5826217560315,4895.30925480231,0.02188897
0.07663924,0.04370761,53426.02,0.010274234615384615,764.3873581793456,4906.8945475476185,0.02190364
0.07673463,0.04373523,53381.24,0.010265623076923077,766.1561989369305,4918.249412297798,0.02191748
0.07683003,0.04376282,53336.45,0.010257009615384614,767.9233156379871,4929.593209670308,0.0219312
0.07692543,0.04379039,53289.56,0.010247992307692307,769.649998826376,4940.677448874143,0.02194405
0.07702084,0.04381794,53242.66,0.010238973076923077,771.3756431372622,4951.755019126303,0.0219568
0.07711626,0.04384546,53193.68,0.010229553846153846,773.0569992629333,4962.548286593719,0.02196863
0.07721169,0.04387295,53144.68,0.010220130769230769,774.7365846949724,4973.3301873020755,0.02198037
0.07730712,0.04390042,53093.67,0.010210321153846154,776.3767191769001,4983.858837286273,0.02199129
0.07740256,0.04392787,53042.65,0.010200509615384616,778.0150200585682,4994.375716689731,0.02200211
0.077498,0.04395529,52989.7,0.010190326923076922,779.6164813402071,5004.656108623082,0.02201217
0.07759346,0.04398269,52936.74,0.010180142307692307,781.216602109088,5014.927895292789,0.02202214
0.07768892,0.04401006,52881.92,0.010169599999999999,782.7861322972888,5025.0033093355305,0.02203147
0.07778439,0.04403741,52827.09,0.010159055769230768,784.3549863763418,5035.07438317529,0.02204071
0.07787986,0.04406473,52770.45,0.01014816346153846,785.8907892596685,5044.933288759827,0.02204928
0.07797534,0.04409203,52713.79,0.010137267307692308,787.4254024110319,5054.784557000259,0.02205777
0.07807083,0.0441193,52655.41,0.010126040384615386,788.9306241741997,5064.44715068853,0.02206566
0.07816632,0.04414655,52597.02,0.010114811538461537,790.4341649172653,5074.098953266397,0.02207346
0.07826183,0.04417378,52537.02,0.010103273076923077,791.9146276964158,5083.6026095751085,0.02208079
0.07835734,0.04420098,52477.01,0.010091732692307693,793.3942868881795,5093.10110734931,0.02208803
0.07845286,0.04422815,52415.5,0.010079903846153846,794.855127004574,5102.478798287382,0.02209487
0.07854838,0.04425531,52353.99,0.010068075,796.3152917336099,5111.852153655913,0.02210162
0.07864391,0.04428243,52291.09,0.010055978846153845,797.7552450141388,5121.0957640130755,0.02210798
0.07873945,0.04430954,52228.18,0.01004388076923077,799.1946729878518,5130.336002225051,0.02211424
0.07883499,0.04433661,52164.03,0.01003154423076923,800.6132471526296,5139.442371868604,0.02212013
0.07893054,0.04436367,52099.87,0.01001920576923077,802.031018436003,5148.543587509617,0.02212593
0.0790261,0.0443907,52034.62,0.010006657692307692,803.4331374302295,5157.5443251253855,0.02213144
0.07912165,0.0444177,51969.37,0.009994109615384616,804.8355881078195,5166.547191943411,0.02213689
0.07921722,0.04444468,51903.15,0.009981375,806.2272648591692,5175.480896811859,0.02214215
0.07931281,0.04447164,51836.92,0.00996863846153846,807.6197660737057,5184.419894224555,0.02214733
0.07940838,0.04449857,51769.87,0.00995574423076923,809.0042538115041,5193.307450067878,0.02215239
0.07950399,0.04452548,51702.82,0.00994285,810.3895431518757,5202.2001517044355,0.02215739
0.07959959,0.04455237,51635.08,0.009929823076923078,811.7681030291053,5211.049654345554,0.02216229
0.0796952,0.04457923,51567.34,0.009916796153846153,813.1477223688586,5219.905958081465,0.02216713
0.07979081,0.04460607,51499.06,0.009903665384615384,814.5241885352357,5228.742020392551,0.02217195
0.07988643,0.04463288,51430.78,0.009890534615384616,815.902080372383,5237.5872346291035,0.02217672
0.07998205,0.04465967,51362.08,0.009877323076923078,817.2848004457437,5246.463443158924,0.0221816
0.08007769,0.04468643,51293.38,0.009864111538461538,818.6697390388591,5255.353893214813,0.02218643
0.08017332,0.04471317,51224.37,0.009850840384615384,820.0650446576547,5264.3108931700945,0.02219147
0.08026897,0.04473988,51155.36,0.009837569230769231,821.4631208255928,5273.2856783390325,0.02219645
0.08036463,0.04476658,51086.12,0.009824253846153846,822.8716962899983,5282.327862504092,0.02220166
0.08046029,0.04479324,51016.88,0.00981093846153846,824.2833915045713,5291.390073537627,0.02220683
0.08055595,0.04481989,50947.48,0.009797592307692308,825.7153680470815,5300.5824781652955,0.02221235
0.08065163,0.0448465,50878.08,0.009784246153846154,827.1505490232851,5309.795453277353,0.02221784
0.0807473,0.0448731,50808.61,0.009770886538461539,828.6126911034547,5319.181502018417,0.02222379
0.08084299,0.04489967,50739.15,0.009757528846153846,830.078422886834,5328.590594436117,0.02222971
0.08093868,0.04492621,50669.74,0.00974418076923077,831.5767120419949,5338.208685064434,0.02223615
0.08103438,0.04495274,50600.33,0.009730832692307692,833.0794148766636,5347.855108788111,0.02224257
0.08113009,0.04497923,50531.12,0.009717523076923078,834.6073936730098,5357.663788568501,0.02224942
0.08122581,0.04500571,50461.91,0.009704213461538462,836.1400849763496,5367.502719732073,0.02225624
0.08132152,0.04503216,50393.04,0.00969096923076923,837.6933239869836,5377.4735544806645,0.02226346
0.08141722,0.04505858,50324.18,0.009677726923076923,839.250818207578,5387.471705048035,0.02227065
0.08151292,0.04508497,50255.76,0.009664569230769231,840.8379264789817,5397.6599595239695,0.02227838
0.08160865,0.04511135,50187.35,0.009651413461538461,842.4305081084638,5407.883349576944,0.0222861
0.08170442,0.04513771,50119.46,0.009638357692307692,844.0574060713744,5418.3270292874995,0.02229442
0.08180021,0.04516405,50051.58,0.009625303846153847,845.6901612396155,5428.808308637284,0.02230273
0.08189594,0.04519035,49984.41,0.00961238653846154,847.3579840096188,5439.514700323167,0.02231168
0.08199168,0.04521663,49917.25,0.009599471153846155,849.0331545053102,5450.2682598680285,0.02232065
0.08208745,0.04524289,49850.81,0.00958669423076923,850.7417813238008,5461.236588333604,0.02233022
0.08218325,0.04526913,49784.37,0.009573917307692309,852.4575353001404,5472.250668748915,0.0223398
0.08227908,0.04529536,49718.67,0.009561282692307691,854.2175101554325,5483.548619884349,0.02235014
0.08237487,0.04532155,49652.97,0.009548648076923077,855.9847910866181,5494.893471512814,0.0223605
0.08247067,0.04534771,49588.03,0.009536159615384615,857.8067333558021,5506.589215157633,0.02237176
0.08256648,0.04537385,49523.09,0.009523671153846154,859.6362449105108,5518.333548938685,0.02238305
0.08266229,0.04539997,49458.93,0.009511332692307693,861.5310071836221,5530.496752015427,0.02239535
0.08275811,0.04542607,49394.77,0.00949899423076923,863.4339535508265,5542.712491919539,0.02240766
0.08285393,0.04545214,49331.49,0.009486824999999999,865.3948556142469,5555.300271584277,0.02242088
0.08294976,0.04547818,49268.22,0.009474657692307693,867.364253659847,5567.942590205196,0.02243411
0.0830456,0.04550421,49205.96,0.009462684615384616,869.3834481000721,5580.904570911913,0.02244814
0.08314144,0.04553021,49143.7,0.009450711538461538,871.4118892998399,5593.9259101016,0.0224622
0.08323729,0.04555618,49082.55,0.009438951923076923,873.484130291012,5607.228416889528,0.02247699
0.08333315,0.04558214,49021.41,0.009427194230769232,875.5655374796946,5620.589765001955,0.02249182
0.08342901,0.04560807,48961.42,0.009415657692307691,877.7028939566103,5634.310272975456,0.02250756
0.08352488,0.04563397,48901.43,0.009404121153846154,879.8494597334528,5648.089898964338,0.02252333
0.08362076,0.04565986,48842.65,0.009392817307692309,882.0559095966821,5662.2539437872465,0.02254007
0.08371663,0.04568571,48783.87,0.009381513461538461,884.2719801777173,5676.479747674117,0.02255684
0.08381252,0.04571155,48726.34,0.009370449999999999,886.5519113494809,5691.115497095925,0.02257462
0.08390842,0.04573736,48668.82,0.009359388461538462,888.8427021227615,5705.820958449651,0.02259245
0.08400432,0.04576315,48612.61,0.009348578846153846,891.1889643818107,5720.882512467848,0.02261117
0.08410022,0.04578892,48556.4,0.009337769230769231,893.5459430375811,5736.012859131656,0.02262994
0.08419613,0.04581466,48501.49,0.009327209615384614,895.9684268140531,5751.563708196724,0.02264975
0.08429205,0.04584038,48446.58,0.009316650000000001,898.4016980407791,5767.183806027182,0.0226696
0.08438798,0.04586608,48392.95,0.009306336538461538,900.9101500476311,5783.286518014104,0.0226906
0.08448391,0.04589175,48339.34,0.009296026923076923,903.4300443407793,5799.462682409205,0.02271164
0.08457985,0.0459174,48287.01,0.009285963461538461,906.0280513189305,5816.140281978544,0.02273384
0.0846758,0.04594302,48234.69,0.009275901923076924,908.6380442210419,5832.894823773967,0.02275609
0.08477175,0.04596863,48183.67,0.009266090384615384,911.3229386570805,5850.130187137796,0.02277944
0.0848677,0.0459942,48132.67,0.009256282692307691,914.0200790516018,5867.444161988676,0.02280284
0.08496367,0.04601976,48082.98,0.009246726923076924,916.7926129659794,5885.242116653643,0.02282735
0.08505963,0.04604529,48033.29,0.009237171153846153,919.576931897793,5903.115723848941,0.02285189
0.08515561,0.0460708,47984.92,0.00922786923076923,922.4430379094952,5921.514353563348,0.02287761
0.08525159,0.04609628,47936.55,0.009218567307692308,925.3207400540822,5939.987423285973,0.02290337
0.08534758,0.04612175,47889.56,0.009209530769230768,928.28461196087,5959.013649640222,0.02293034
0.08544357,0.04614719,47842.58,0.009200496153846154,931.2595373752642,5978.110832683674,0.02295733
0.08553957,0.0461726,47797.14,0.009191757692307692,934.3043444388371,5997.656612737083,0.02298533
0.08563558,0.04619799,47751.72,0.009183023076923078,937.3607350246932,6017.276751846442,0.02301335
0.08573159,0.04622336,47707.98,0.009174611538461538,940.4741225351838,6037.262775995267,0.02304226
0.08582761,0.04624871,47664.26,0.009166203846153846,943.6005477701109,6057.332494279356,0.0230712
0.08592363,0.04627404,47622.24,0.009158123076923076,946.7852060744863,6077.776032888842,0.02310109
0.08601966,0.04629934,47580.22,0.009150042307692308,949.9842985990422,6098.312230273415,0.02313104
0.0861157,0.04632462,47539.73,0.00914225576923077,953.2709802367431,6119.4106956457,0.02316229
0.08621174,0.04634988,47499.25,0.009134471153846154,956.57210138137,6140.601853730713,0.0231936
0.08630778,0.04637511,47460.08,0.009126938461538461,959.9843179024699,6162.50617549019,0.02322643
0.08640384,0.04640032,47420.92,0.009119407692307692,963.4097876297441,6184.4955746445485,0.0232593
0.0864999,0.0464255,47383.03,0.009112121153846154,966.9538846404283,6207.246487662168,0.02329371
0.08659597,0.04645066,47345.15,0.009104836538461539,970.5097335397902,6230.0728405439595,0.02332811
0.08669204,0.0464758,47308.71,0.009097828846153845,974.1550500598307,6253.473520271155,0.02336367
0.08678812,0.04650092,47272.27,0.009090821153846153,977.8122656571171,6276.950584722187,0.02339921
0.0868842,0.04652601,47237.49,0.009084132692307692,981.5380138265356,6300.867585942092,0.0234357
0.08698029,0.04655108,47202.72,0.009077446153846154,985.2766270419935,6324.867172808645,0.02347219
0.08707639,0.04657613,47169.74,0.009071103846153845,989.0730760070164,6349.238029452434,0.02350954
0.08717249,0.04660116,47136.76,0.009064761538461539,992.8835586155008,6373.698973416279,0.02354694
0.0872686,0.04662616,47105.5,0.00905875,996.7778594849772,6398.697978826911,0.02358552
0.08736471,0.04665114,47074.24,0.009052738461538461,1000.6868015712121,6423.790971802764,0.02362416
0.08746084,0.0466761,47044.57,0.009047032692307692,1004.6956620163436,6449.525378906184,0.02366414
0.08755696,0.04670104,47014.91,0.009041328846153846,1008.7184528666794,6475.3492106038375,0.02370416
0.08765309,0.04672595,46986.75,0.009035913461538462,1012.8532410105954,6501.891995726516,0.02374563
0.08774923,0.04675084,46958.59,0.009030498076923077,1017.0015741727174,6528.521731497017,0.02378709
0.08784538,0.0467757,46931.96,0.009025376923076922,1021.2447543767399,6555.760326673384,0.02382978
0.08794152,0.04680055,46905.34,0.009020257692307692,1025.5018090415506,6583.0879873154,0.02387247
0.08803768,0.04682537,46880.24,0.009015430769230769,1029.8567326472692,6611.043906087767,0.02391641
0.08813384,0.04685017,46855.14,0.009010603846153846,1034.226173920304,6639.093019314276,0.02396035
0.08823001,0.04687494,46831.51,0.009006059615384615,1038.695590222216,6667.783910454612,0.02400556
0.08832618,0.04689969,46807.89,0.009001517307692308,1043.1791734390392,6696.565744435367,0.02405077
0.08842236,0.04692442,46785.67,0.00899724423076923,1047.781820609161,6726.111895430263,0.02409743
0.08851854,0.04694913,46763.45,0.008992971153846153,1052.397104878829,6755.73916879616,0.02414407
0.08861474,0.04697381,46742.7,0.008988980769230768,1057.1152884606147,6786.026992167463,0.02419193
0.08871093,0.04699848,46721.97,0.008984994230769231,1061.8450115529279,6816.388892066436,0.02423976
0.08880713,0.04702312,46702.87,0.008981321153846155,1066.6615395145657,6847.308025592354,0.02428865
0.08890334,0.04704773,46683.79,0.008977651923076924,1071.4908565073606,6878.309256796343,0.02433751
0.08899955,0.04707233,46666.5,0.008974326923076923,1076.3829722298315,6909.713617043406,0.02438722
0.08909577,0.0470969,46649.22,0.008971003846153847,1081.2897771891905,6941.212273115252,0.02443693
0.089192,0.04712145,46633.65,0.008968009615384616,1086.2849491904003,6973.278190996442,0.02448781
0.08928822,0.04714598,46618.09,0.008965017307692308,1091.2966265445214,7005.450063045162,0.02453872
0.08938445,0.04717049,46604.0,0.008962307692307693,1096.4263738721922,7038.379871372185,0.02459108
0.08948069,0.04719497,46589.91,0.008959598076923078,1101.57135128057,7071.407447407137,0.02464345
0.08957695,0.04721943,46577.06,0.008957126923076923,1106.863808854932,7105.381754984147,0.02469752
0.08967319,0.04724386,46564.2,0.008954653846153845,1112.1689128011008,7139.437244454345,0.02475153
0.08976946,0.04726828,46552.57,0.008952417307692308,1117.6000460344105,7174.301764078282,0.02480692
0.08986573,0.04729267,46540.94,0.00895018076923077,1123.042463902244,7209.238724083423,0.02486224
0.089962,0.04731704,46530.65,0.008948201923076923,1128.5906575035729,7244.85469894196,0.02491871
0.09005828,0.04734139,46520.37,0.008946225,1134.1505866782747,7280.546008930494,0.02497511
0.09015456,0.04736571,46511.55,0.008944528846153847,1139.7956909937143,7316.784090695406,0.02503247
0.09025085,0.04739001,46502.74,0.008942834615384615,1145.4541071675435,7353.107626366182,0.02508979
0.09034714,0.0474143,46495.37,0.008941417307692308,1151.2206707927905,7390.125401854003,0.02514835
0.09044344,0.04743855,46488.02,0.008940003846153845,1157.0004358044482,7427.22792208584,0.02520686
0.09053975,0.04746279,46482.03,0.008938851923076923,1162.8924695876597,7465.051138463553,0.02526664
0.09063606,0.04748701,46476.06,0.008937703846153845,1168.797407112056,7502.95718888684,0.02532635
0.09073237,0.0475112,46471.4,0.008936807692307692,1174.8189222763403,7541.611595728391,0.02538735
0.09082869,0.04753537,46466.75,0.008935913461538462,1180.8530398539199,7580.346902276644,0.02544828
0.09092502,0.04755951,46463.38,0.008935265384615384,1187.0051746572785,7619.839806495104,0.02551049
0.09102135,0.04758364,46460.01,0.008934617307692308,1193.1691583409126,7659.408773203865,0.02557261
0.09111769,0.04760774,46457.92,0.008934215384615384,1199.4485516453128,7699.718598369811,0.02563597
0.09121403,0.04763182,46455.82,0.008933811538461539,1205.7393049532343,7740.101347739358,0.02569923
0.09131038,0.04765588,46455.02,0.008933657692307691,1212.1449777504488,7781.22180922487,0.0257637
0.09140673,0.04767992,46454.22,0.008933503846153846,1218.5616338482725,7822.412776714043,0.02582808
0.09150309,0.04770393,46454.76,0.008933607692307693,1225.0834252180803,7864.278647689428,0.02589357
0.09159946,0.04772793,46455.3,0.00893371153846154,1231.6164658840498,7906.216732195571,0.02595896
0.09169583,0.0477519,46457.19,0.008934075,1238.2571020843545,7948.845513552101,0.0260255
0.09179219,0.04777585,46459.09,0.008934440384615385,1244.9096340372055,7991.550658289949,0.02609195
0.09188857,0.04779977,46462.27,0.008935051923076922,1251.6836682666844,8035.0357725711465,0.02615968
0.09198497,0.04782368,46465.45,0.00893566346153846,1258.4692999591944,8078.595335399279,0.02622731
0.09208135,0.04784756,46469.85,0.008936509615384615,1265.3851242058674,8122.9906539830745,0.02629628
0.09217776,0.04787142,46474.26,0.008937357692307692,1272.3114101804128,8167.453130395823,0.02636512
0.09227416,0.04789526,46479.88,0.008938438461538462,1279.3574245316674,8212.68418901048,0.02643518
0.09237057,0.04791908,46485.51,0.008939521153846153,1286.414018035234,8257.983159246442,0.0265051
0.09246699,0.04794287,46492.35,0.008940836538461538,1293.5946115232682,8304.078132766823,0.02657627
0.0925634,0.04796664,46499.2,0.008942153846153846,1300.78605062903,8350.242728451833,0.02664731
0.09265984,0.0479904,46507.18,0.008943688461538462,1308.1080322552627,8397.24532645997,0.02671965
0.09275627,0.04801412,46515.17,0.008945225,1315.4409799115033,8444.318319605176,0.02679185
0.0928527,0.04803783,46524.15,0.008946951923076924,1322.9329961164224,8492.412434549226,0.0268656
0.09294915,0.04806151,46533.14,0.00894868076923077,1330.4340387987168,8540.564493900836,0.02693917
0.0930456,0.04808518,46543.07,0.008950590384615384,1338.0828056351147,8589.664851047479,0.0270141
0.09314205,0.04810882,46553.01,0.008952501923076924,1345.7383328993578,8638.80860596382,0.02708884
0.0932385,0.04813244,46564.02,0.00895461923076923,1353.52106684451,8688.768949174417,0.02716473
0.09333497,0.04815603,46575.04,0.008956738461538463,1361.3097653460193,8738.767581151506,0.02724042
0.09343144,0.04817961,46587.37,0.008959109615384616,1369.1878596691336,8789.340079068308,0.02731694
0.09352791,0.04820317,46599.7,0.008961480769230768,1377.0739894729595,8839.964159806399,0.02739328
0.09362439,0.0482267,46613.43,0.008964121153846153,1385.0638244731078,8891.253963828556,0.02747067
0.09372087,0.04825021,46627.16,0.00896676153846154,1393.0643140102648,8942.61216339519,0.02754792
0.09381736,0.0482737,46642.14,0.008969642307692307,1401.2007085053444,8994.8427888201,0.02762651
0.09391385,0.04829717,46657.12,0.008972523076923077,1409.3485206083753,9047.146708233462,0.02770497
0.09401036,0.04832062,46673.02,0.008975580769230768,1417.6840371122755,9100.6555739235,0.02778516
0.09410686,0.04834404,46688.92,0.00897863846153846,1426.0287489729694,9154.223468122618,0.02786518
0.09420337,0.04836744,46705.5,0.008981826923076922,1434.564411001681,9209.017144418043,0.02794683
0.09429988,0.04839082,46722.09,0.008985017307692307,1443.104449403815,9263.83891432681,0.02802824
0.09439641,0.04841417,46739.38,0.008988342307692307,1451.8069091875097,9319.70332914991,0.02811095
0.09449294,0.04843751,46756.68,0.00899166923076923,1460.5115488003107,9375.581737129021,0.02819338
0.09458947,0.04846083,46774.9,0.008995173076923078,1469.3332725900154,9432.211753181062,0.02827673
0.094686,0.04848412,46793.12,0.008998676923076923,1478.1577735376572,9488.859596871136,0.02835981
0.09478254,0.04850739,46812.46,0.009002396153846154,1487.08762554968,9546.183729301281,0.02844378
0.09487909,0.04853064,46831.81,0.009006117307692307,1496.0240321304748,9603.549938013071,0.02852754
0.09497565,0.04855388,46852.24,0.009010046153846154,1505.0910379075947,9661.754512871952,0.02861244
0.0950722,0.04857708,46872.68,0.009013976923076924,1514.1653976348218,9720.006295546738,0.02869715
0.09516876,0.04860027,46894.02,0.009018080769230769,1523.4010095022136,9779.293217328532,0.02878322
0.09526533,0.04862344,46915.36,0.009022184615384616,1532.6427538589053,9838.61950590255,0.02886908
0.0953619,0.04864658,46937.44,0.00902643076923077,1542.0534477145707,9899.030345871164,0.02895629
0.09545848,0.0486697,46959.52,0.009030676923076922,1551.4666632174876,9959.457373257084,0.02904322
0.09555506,0.0486928,46982.29,0.00903505576923077,1561.026442355318,10020.825248621884,0.02913127
0.09565164,0.04871588,47005.05,0.009039432692307692,1570.5886770952998,10082.208887435254,0.02921905
0.09574823,0.04873894,47028.49,0.009043940384615385,1580.2986911616827,10144.541178215717,0.02930792
0.09584484,0.04876197,47051.93,0.009048448076923076,1590.0115818326192,10206.891935020047,0.02939653
0.09594143,0.04878499,47075.94,0.009053065384615385,1599.8751821236492,10270.210154466435,0.02948623
0.09603805,0.04880798,47099.95,0.009057682692307691,1609.7423540573086,10333.551301651692,0.02957568
0.09613467,0.04883095,47124.37,0.009062378846153846,1619.7798191756717,10397.98562586371,0.02966635
0.09623129,0.0488539,47148.79,0.009067075,1629.8199258258849,10462.436907078081,0.02975672
0.09632791,0.04887683,47173.52,0.009071830769230769,1640.0117992066916,10527.862436930765,0.0298481
0.09642455,0.04889974,47198.25,0.009076586538461539,1650.2047633311981,10593.294968684062,0.02993916
0.09652118,0.04892262,47223.31,0.009081405769230768,1660.5237333597233,10659.5363804859,0.03003099
0.09661782,0.04894549,47248.37,0.009086225,1670.841773869853,10725.77182535396,0.03012249
0.09671446,0.04896834,47273.78,0.009091111538461538,1681.2802024014227,10792.780086935529,0.0302147
0.09681111,0.04899116,47299.18,0.009095996153846153,1691.7174540659678,10859.78079375795,0.0303066
0.09690777,0.04901396,47324.86,0.009100934615384616,1702.2783418646682,10927.575168170597,0.03039925
0.09700442,0.04903674,47350.54,0.009105873076923078,1712.8396111225122,10995.371991315254,0.03049158
0.09710109,0.0490595,47376.37,0.009110840384615385,1723.529317753947,11063.993303040774,0.03058466
0.09719776,0.04908224,47402.2,0.009115807692307692,1734.2179651200909,11132.607814937614,0.03067741
0.09729443,0.04910496,47428.07,0.009120782692307693,1745.0291666477517,11202.00904882886,0.0307708
0.09739111,0.04912765,47453.93,0.009125755769230769,1755.8378663574028,11271.394222594285,0.03086385
0.09748779,0.04915033,47479.77,0.009130725,1766.7511218495831,11341.45057988167,0.03095737
0.09758448,0.04917298,47505.6,0.009135692307692308,1777.6616994107212,11411.489746506379,0.03105054
0.09768118,0.04919561,47531.33,0.009140640384615385,1788.6735922311802,11482.179294496276,0.03114414
0.09777788,0.04921823,47557.05,0.009145586538461538,1799.6828094442606,11552.851666739978,0.03123739
0.09787458,0.04924082,47582.54,0.009150488461538462,1810.794827063906,11624.183954076549,0.03133104
0.09797129,0.04926339,47608.02,0.00915538846153846,1821.904243276385,11695.499541986443,0.03142434
0.098068,0.04928593,47633.12,0.009160215384615386,1833.1120875253034,11767.446977074553,0.03151796
0.09816472,0.04930846,47658.22,0.009165042307692307,1844.315958045211,11839.36890327766,0.03161122
0.09826144,0.04933097,47682.83,0.009169775,1855.6054146460788,11911.84023923947,0.03170464
0.09835817,0.04935345,47707.43,0.009174505769230769,1866.8892761219217,11984.275657955675,0.03179769
0.09845491,0.04937592,47731.48,0.00917913076923077,1878.236492742328,12057.11777755474,0.0318907
0.09855164,0.04939836,47755.52,0.009183753846153846,1889.5795642239943,12129.933287924252,0.03198334
0.09864838,0.04942078,47779.01,0.009188271153846154,1900.9600935763117,12202.98925467925,0.03207575
0.09874513,0.04944318,47802.49,0.009192786538461539,1912.334541402603,12276.006181794755,0.03216778
0.09884188,0.04946556,47825.38,0.00919718846153846,1923.7427479940898,12349.239819324288,0.03225953
0.09893864,0.04948792,47848.26,0.009201588461538462,1935.1433594677535,12422.424700890191,0.03235093
0.0990354,0.04951026,47870.45,0.009205855769230768,1946.576181556316,12495.816354701774,0.03244201
0.09913217,0.04953258,47892.62,0.009210119230769231,1958.0029657837867,12569.169249175762,0.03253274
0.09922894,0.04955488,47913.93,0.009214217307692308,1969.468528164587,12642.77107543427,0.03262318
0.09932572,0.04957715,47935.23,0.009218313461538463,1980.9285107166684,12716.33708264001,0.03271326
0.0994225,0.04959941,47955.47,0.00922220576923077,1992.4151624997548,12790.074289830687,0.03280289
0.09951928,0.04962164,47975.71,0.009226098076923078,2003.8963760125127,12863.776586685999,0.03289215
0.09961606,0.04964385,47994.82,0.009229773076923077,2015.3755353830527,12937.465697217465,0.0329807
0.09971287,0.04966604,48013.92,0.009233446153846154,2026.8462206349905,13011.100409143408,0.03306888
0.09980966,0.04968821,48031.87,0.009236898076923078,2038.2809479997456,13084.504293650934,0.03315609
0.09990647,0.04971036,48049.82,0.00924035,2049.7080937895903,13157.859509131964,0.03324293
0.1000033,0.0497325,48066.6,0.009243576923076922,2061.0988680378755,13230.981241789064,0.03332881
0.1001001,0.0497546,48083.37,0.009246801923076923,2072.4823059993605,13304.055880017777,0.03341434
0.1001969,0.0497767,48098.87,0.009249782692307694,2083.8169485285343,13376.817281720283,0.03349881
0.1002937,0.04979876,48114.37,0.009252763461538463,2095.145811070855,13449.54157947847,0.03358293
0.1003906,0.04982081,48128.52,0.009255484615384614,2106.414601793622,13521.880253271693,0.03366588
0.1004874,0.04984284,48142.66,0.009258203846153846,2117.674905636384,13594.164446539076,0.03374848
0.1005842,0.04986485,48155.46,0.009260665384615384,2128.8307540709943,13665.77810062598,0.03382956
0.1006811,0.04988683,48168.26,0.009263126923076924,2139.9789894494247,13737.342883596086,0.0339103
0.1007779,0.0499088,48179.76,0.009265338461538462,2151.0043817961996,13808.119090203976,0.03398944
0.1008748,0.04993075,48191.26,0.009267550000000001,2162.0234916970194,13878.854967390573,0.03406827
0.1009716,0.04995267,48201.42,0.009269503846153845,2172.9214213196647,13948.812942064938,0.03414552
0.1010685,0.04997457,48211.57,0.009271455769230769,2183.814724325518,14018.741216718146,0.03422248
0.1011654,0.04999646,48220.22,0.009273119230769232,2194.6061223057613,14088.015324070991,0.03429798
0.1012622,0.05001832,48228.85,0.009274778846153846,2205.3921065660666,14157.254678686806,0.03437317
0.1013591,0.05004016,48235.78,0.009276111538461538,2216.0644677848645,14225.764643580407,0.03444676
0.101456,0.05006198,48242.69,0.009277440384615384,2226.7317256769634,14294.241848269789,0.03452003
0.1015528,0.05008377,48247.8,0.009278423076923078,2237.251771212011,14361.774040584995,0.03459141
0.1016497,0.05010554,48252.9,0.009279403846153847,2247.763663217957,14429.253892281185,0.03466247
0.1017466,0.0501273,48256.2,0.009280038461538461,2258.101215170052,14495.614588551129,0.03473143
0.1018435,0.05014905,48259.49,0.009280671153846154,2268.431762984865,14561.93032258737,0.03480009
0.1019405,0.05017078,48261.04,0.00928096923076923,2278.540882059285,14626.824620924448,0.03486635
0.1020373,0.05019247,48262.57,0.009281263461538462,2288.640830294057,14691.660048137372,0.03493232
0.1021342,0.05021414,48262.75,0.009281298076923078,2298.511285020149,14755.022268821707,0.0349962
0.1022311,0.0502358,48262.91,0.009281328846153847,2308.3740563804454,14818.335167044956,0.03505978
0.1023281,0.05025744,48261.95,0.00928114423076923,2318.0808044073656,14880.646491870057,0.03512209
0.102425,0.05027906,48260.97,0.00928095576923077,2327.7975866839847,14943.022230378363,0.03518426
0.102522,0.05030066,48256.87,0.009280167307692308,2337.1736341800906,15003.21066212555,0.03524205
0.1026189,0.05032224,48252.75,0.009279375,2346.5349156172274,15063.304304897656,0.03529952
0.1027159,0.05034379,48247.21,0.009278309615384615,2355.6788789147167,15122.002899487574,0.0353548
0.1028128,0.05036533,48241.65,0.009277240384615386,2364.8193301933334,15180.678949086296,0.03540984
0.1029098,0.05038684,48234.27,0.009275821153846153,2373.723435189221,15237.837801581163,0.03546259
0.1030067,0.05040834,48226.88,0.0092744,2382.627170937803,15294.99428373647,0.03551512
0.1031037,0.05042981,48217.56,0.009272607692307692,2391.2336997702396,15350.242881125343,0.03556483
0.1032006,0.05045127,48208.22,0.009270811538461538,2399.836044070882,15405.464616405594,0.03561434
0.1032976,0.0504727,48196.98,0.00926865,2408.1488470814497,15458.82767550242,0.03566109
0.1033946,0.05049411,48185.71,0.009266482692307692,2416.4580914248654,15512.167890154924,0.03570763
0.1034915,0.05051551,48172.49,0.009263940384615385,2424.4718122604904,15563.611026482502,0.03575135
0.1035885,0.05053688,48159.25,0.009261394230769231,2432.480540072583,15615.022110684044,0.03579487
0.1036855,0.05055823,48144.02,0.009258465384615383,2440.168244549428,15664.372423423956,0.03583539
0.1037825,0.05057957,48128.78,0.009255534615384616,2447.851147826578,15713.691915428348,0.03587572
0.1038795,0.05060088,48111.65,0.009252240384615385,2455.162193856272,15760.62431366348,0.03591273
0.1039765,0.05062217,48094.5,0.009248942307692307,2462.469201602214,15807.53078861206,0.03594956
0.1040735,0.05064345,48075.6,0.009245307692307692,2469.3906123244005,15851.961968916938,0.03598307
0.1041705,0.0506647,48056.69,0.009241671153846154,2476.3077189524674,15896.365519596937,0.03601642
0.1042675,0.05068593,48036.12,0.009237715384615385,2482.8760661481806,15938.53025020919,0.03604676
0.1043645,0.05070715,48015.54,0.009233757692307692,2489.4432910198902,15980.68777619479,0.03607698
0.1044615,0.05072834,47993.15,0.009229451923076924,2495.673653148529,16020.682851507238,0.03610426
0.1045585,0.05074951,47970.74,0.009225142307692308,2501.9025266709323,16060.668370887419,0.03613139
0.1046556,0.05077066,47946.45,0.009220471153846154,2507.747120100847,16098.187049508933,0.03615523
0.1047526,0.05079179,47922.15,0.009215798076923078,2513.5896684267896,16135.69259982656,0.03617892
0.1048496,0.0508129,47896.02,0.009210773076923076,2519.036516132416,16170.657996653268,0.03619927
0.1049467,0.050834,47869.88,0.009205746153846154,2524.479918635112,16205.601277405849,0.03621948
0.1050438,0.05085507,47841.96,0.009200376923076924,2529.5197265560646,16237.953730312598,0.03623634
0.1051408,0.05087612,47814.03,0.009195005769230769,2534.557121922931,16270.290696112754,0.03625308
0.1052379,0.05089715,47784.27,0.009189282692307692,2539.225786270572,16300.260636597293,0.03626671
0.1053349,0.05091816,47754.49,0.009183555769230769,2543.8931367896366,16330.222143114148,0.03628024
0.105432,0.05093915,47722.77,0.009177455769230769,2548.1832470074746,16357.761999982567,0.03629054
0.105529,0.05096012,47691.04,0.009171353846153847,2552.4691929704845,16385.275124907956,0.03630073
0.1056261,0.05098107,47657.39,0.009164882692307693,2556.344403202581,16410.15158022214,0.03630748
0.1057232,0.051002,47623.72,0.009158407692307692,2560.2153564077803,16435.000708053933,0.03631411
0.1058203,0.05102292,47588.29,0.00915159423076923,2563.636855799936,16456.96462010998,0.03631711
0.1059174,0.05104381,47552.85,0.009144778846153846,2567.0545256886317,16478.90394911995,0.03632001
0.1060145,0.05106468,47515.8,0.009137653846153847,2570.041680215806,16498.07963551145,0.0363195
0.1061115,0.05108553,47478.73,0.009130525,2573.0252944444705,16517.23259537396,0.0363189
0.1062086,0.05110637,47440.08,0.009123092307692308,2575.5864644044445,16533.67372404709,0.03631495
0.1063057,0.05112718,47401.42,0.009115657692307691,2578.144154313091,16550.09251294091,0.03631092
0.1064028,0.05114797,47361.21,0.009107925,2580.287470814378,16563.85128058836,0.03630362
0.1065,0.05116875,47320.99,0.009100190384615384,2582.4275291946506,16577.589133111986,0.03629624
0.1065971,0.0511895,47279.22,0.009092157692307692,2584.1536784970835,16588.669945097856,0.03628561
0.1066942,0.05121024,47237.43,0.009084121153846153,2585.8767533281534,16599.7310208772,0.03627491
0.1067913,0.05123095,47194.14,0.009075796153846153,2587.1826455819614,16608.11404227509,0.036261
0.1068884,0.05125164,47150.83,0.009067467307692308,2588.483905124466,16616.46732452883,0.03624701
0.1069856,0.05127232,47106.03,0.009058851923076924,2589.369765424532,16622.15400030881,0.03622984
0.1070827,0.05129298,47061.22,0.009050234615384616,2590.2510216656724,16627.811120875198,0.03621258
0.1071798,0.05131361,47015.0,0.009041346153846153,2590.704434975447,16630.7217541735,0.03619207
0.107277,0.05133423,46968.77,0.00903245576923077,2591.150004898661,16633.582037776276,0.03617146
0.1073741,0.05135482,46921.26,0.009023319230769232,2591.1636697908366,16633.66975794092,0.0361476
0.1074713,0.0513754,46873.74,0.00901418076923077,2591.170665214465,16633.71466423835,0.03612365
0.1075684,0.05139596,46825.04,0.009004815384615384,2590.7682233019477,16631.131235816745,0.03609666
0.1076656,0.0514165,46776.32,0.008995446153846154,2590.360657679255,16628.514916341603,0.0360696
0.1077628,0.05143701,46726.4,0.008985846153846153,2589.577303642239,16623.486267434862,0.0360397
0.1078599,0.05145751,46676.46,0.008976242307692308,2588.786480342382,16618.40967047572,0.03600973
0.1079571,0.05147799,46625.29,0.008966401923076923,2587.6125760641144,16610.873930329395,0.03597683
0.1080543,0.05149845,46574.1,0.008956557692307692,2586.429405936639,16603.278709156246,0.03594385
0.1081515,0.05151889,46521.73,0.00894648653846154,2584.8597405273304,16593.202427077544,0.03590795
0.1082486,0.05153931,46469.35,0.008936413461538461,2583.2824019086383,16583.076887735642,0.03587198
0.1083458,0.05155971,46415.82,0.008926119230769232,2581.323409988689,16570.50137001177,0.03583315
0.108443,0.05158009,46362.29,0.008915825,2579.3566698309605,16557.876113388756,0.03579424
0.1085402,0.05160045,46307.63,0.008905313461538462,2577.0303147159634,16542.942350935347,0.03575264
0.1086374,0.0516208,46252.95,0.008894798076923076,2574.6963783722113,16527.959921677546,0.03571096
0.1087346,0.05164112,46197.1,0.008884057692307693,2572.0179426120662,16510.766019022332,0.03566668
0.1088319,0.05166142,46141.24,0.008873315384615384,2569.330665803013,16493.515362295744,0.03562229
0.1089291,0.0516817,46084.22,0.00886235,2566.290964480237,16474.00235794357,0.03557524
0.1090263,0.05170197,46027.18,0.00885138076923077,2563.240870447059,16454.422638811953,0.03552808
0.1091235,0.05172221,45969.05,0.008840201923076923,2559.8270287370415,16432.50788434378,0.03547821
0.1092207,0.05174244,45910.92,0.008829023076923077,2556.4021689020324,16410.52240032093,0.03542823
0.109318,0.05176264,45851.76,0.008817646153846155,2552.6419638237167,16386.384207035793,0.03537577
0.1094152,0.05178283,45792.6,0.00880626923076923,2548.8711176530683,16362.177704512691,0.0353232
0.1095124,0.05180299,45732.41,0.00879469423076923,2544.7795772967734,16335.912543465032,0.03526824
0.1096096,0.05182313,45672.22,0.00878311923076923,2540.67586642229,16309.5692552104,0.03521318
0.1097068,0.05184325,45611.01,0.008771348076923077,2536.256185523535,16281.197634628323,0.03515573
0.1098041,0.05186336,45549.78,0.008759573076923077,2531.8229388553527,16252.738930188403,0.03509816
0.1099014,0.05188346,45487.6,0.008747615384615385,2527.0596796203763,16222.161748974508,0.03503813
0.1099987,0.05190354,45425.41,0.00873565576923077,2522.2808812984126,16191.484816423286,0.03497798
0.1100959,0.05192358,45362.46,0.00872355,2517.1841411081205,16158.766893524116,0.03491554
0.1101931,0.05194361,45299.5,0.008711442307692307,2512.073178709828,16125.95767283706,0.03485298
0.1102904,0.05196362,45235.75,0.008699182692307692,2506.6697221343165,16091.270820255615,0.03478829
0.1103877,0.05198362,45171.98,0.008686919230769231,2501.2505423896414,16056.483034643012,0.03472348
0.110485,0.05200361,45107.38,0.008674496153846153,2495.580404620707,16020.084253574085,0.03465679
0.1105823,0.05202356,45042.78,0.008662073076923077,2489.8965333926353,15983.597312182981,0.03458999
0.1106796,0.0520435,44977.25,0.008649471153846153,2483.9752216270235,15945.586149248242,0.03452139
0.1107769,0.05206341,44911.72,0.00863686923076923,2478.0389966758526,15907.479252876621,0.03445264
0.1108742,0.05208331,44845.22,0.008624080769230769,2471.8604982414627,15867.817110436237,0.03438203
0.1109715,0.05210319,44778.7,0.00861128846153846,2465.6639357163945,15828.039007694955,0.03431126
0.1110688,0.05212305,44711.27,0.008598321153846154,2459.218771494093,15786.665035660948,0.03423858
0.1111661,0.05214289,44643.82,0.00858535,2452.7539207603963,15745.16468838749,0.03416575
0.1112634,0.05216271,44575.56,0.008572223076923076,2446.0352947014385,15702.035260325996,0.03409101
0.1113607,0.05218251,44507.29,0.008559094230769232,2439.298009023381,15658.7860490391,0.03401611
0.111458,0.05220229,44438.29,0.008545825,2432.327533766047,15614.039904734078,0.0339395
0.1115553,0.05222206,44369.29,0.00853255576923077,2425.336844757768,15569.164000637458,0.03386272
0.1116527,0.0522418,44299.57,0.008519148076923076,2418.136828643594,15522.944345857915,0.03378439
0.11175,0.05226153,44229.85,0.008505740384615384,2410.9166563362196,15476.595300771933,0.03370589
0.1118473,0.05228123,44159.37,0.00849218653846154,2403.5219213697005,15429.125671271258,0.03362607
0.1119447,0.05230092,44088.87,0.008478628846153847,2396.108621496374,15381.536866539578,0.03354609
0.112042,0.05232059,44017.46,0.008464896153846154,2388.564481855476,15333.108151342049,0.03346503
0.1121394,0.05234024,43946.04,0.008451161538461538,2380.9995502534694,15284.545964600928,0.03338378
0.1122367,0.05235987,43873.59,0.008437228846153845,2373.2930260852895,15235.074841070764,0.03330132
0.1123341,0.05237948,43801.13,0.00842329423076923,2365.565611533686,15185.46961418656,0.03321866
0.1124314,0.05239907,43727.72,0.008409176923076923,2357.6728296157953,15134.802830986317,0.03313466
0.1125288,0.05241865,43654.31,0.008395059615384615,2349.757718066358,15083.99270534835,0.03305045
0.1126261,0.0524382,43580.2,0.008380807692307693,2341.6307648108004,15031.822686847714,0.03296465
0.1127235,0.05245774,43506.09,0.008366555769230769,2333.4752975138713,14979.46962581944,0.03287861
0.1128209,0.05247726,43431.58,0.008352226923076923,2325.139910736784,14925.961592895386,0.03279134
0.1129182,0.05249676,43357.07,0.008337898076923077,2316.7772378322325,14872.278399892291,0.03270385
0.1130156,0.05251624,43282.19,0.008323498076923078,2308.304639239722,14817.889551892275,0.03261564
0.113113,0.0525357,43207.3,0.008309096153846155,2299.80790500275,14763.345767967507,0.03252722
0.1132104,0.05255514,43131.82,0.008294580769230769,2291.2811116321604,14708.609022977547,0.03243856
0.1133078,0.05257457,43056.34,0.008280065384615384,2282.7316136094064,14653.726528149216,0.03234971
0.1134052,0.05259397,42979.99,0.008265382692307692,2274.1566885042116,14598.680807162244,0.03226051
0.1135026,0.05261335,42903.64,0.0082507,2265.557868128534,14543.481693302941,0.0321711
0.1136,0.05263272,42826.39,0.008235844230769231,2256.901841330044,14487.915349555311,0.0320811
0.1136974,0.05265206,42749.14,0.008220988461538462,2248.218730508983,14432.175143117174,0.03199086
0.1137948,0.05267139,42671.12,0.008205984615384616,2239.4560761458697,14375.92431628663,0.03189993
0.1138922,0.0526907,42593.09,0.008190978846153845,2230.6658490879354,14319.49648979167,0.03180874
0.1139896,0.05270999,42514.32,0.00817583076923077,2221.844081913904,14262.866195239061,0.03171726
0.114087,0.05272926,42435.54,0.00816068076923077,2213.000608399074,14206.096559390215,0.03162558
0.1141845,0.05274852,42355.54,0.008145296153846154,2204.2804169685323,14150.11831835021,0.03153459
0.1142819,0.05276775,42275.53,0.008129909615384616,2195.538879360749,14094.003048041473,0.0314434
0.1143793,0.05278697,42193.76,0.008114184615384617,2186.9697721918924,14038.994674611065,0.03135302
0.1144767,0.05280617,42111.99,0.008098459615384615,2178.3381161326042,13983.584775951163,0.03126216
0.1145742,0.05282534,42030.86,0.008082857692307693,2169.2375620507883,13925.164841704624,0.03116796
0.1146716,0.0528445,41949.73,0.00806725576923077,2160.006257443133,13865.90556986901,0.03107276
0.1147691,0.05286365,41878.49,0.008053555769230768,2148.53881803297,13792.291694241756,0.03096344
0.1148665,0.05288277,41807.27,0.008039859615384615,2136.9544075938343,13717.926936881373,0.03085317
0.114964,0.05290188,41756.97,0.00803018653846154,2122.0718272819495,13622.389966777935,0.03072736
0.1150614,0.05292096,41706.68,0.008020515384615385,2107.2852709776616,13527.469411472921,0.03060198
0.1151589,0.05294003,41668.73,0.008013217307692309,2090.8343646721073,13421.864757511597,0.03046544
0.1152563,0.05295908,41630.49,0.00800586346153846,2074.2146923712353,13315.176730135765,0.03032749
0.1153538,0.05297811,41655.91,0.008010751923076924,2053.5047181165864,13182.23149149127,0.03038698
0.1154513,0.05299712,41681.17,0.008015609615384615,2033.9458753578251,13056.675805800836,0.03045234
0.1155488,0.05301611,41590.85,0.007998240384615385,2025.4856045111346,13002.366094312043,0.03051122
0.1156462,0.05303509,41500.64,0.007980892307692307,2016.6153870094722,12945.42477859204,0.03056669
0.1157437,0.05305404,41371.2,0.007956,2011.5342524963391,12912.807034497953,0.03050777
0.1158412,0.05307298,41241.74,0.007931103846153845,2006.2317949394746,12878.768533211965,0.03044717
0.1159387,0.0530919,41115.1,0.00790675,2001.4155502047572,12847.851217827878,0.0303232
0.1160362,0.0531108,40988.39,0.007882382692307692,1996.3773868376509,12815.509321940704,0.03019759
0.1161337,0.05312968,40884.84,0.00786246923076923,1988.6293965701113,12765.772011673307,0.03004556
0.1162312,0.05314854,40781.24,0.007842546153846153,1980.723595132032,12715.021651197821,0.02989247
0.1163287,0.05316739,40709.38,0.007828726923076923,1969.0155489244978,12639.863228595148,0.0297319
0.1164262,0.05318621,40637.53,0.007814909615384615,1957.3847702979695,12565.200816121216,0.02957202
0.1165237,0.05320502,40583.59,0.0078045365384615374,1943.8100418948568,12478.059447189726,0.02941118
0.1166212,0.05322381,40529.37,0.007794109615384616,1929.9970680134738,12389.388689492458,0.02924871
0.1167187,0.05324258,40538.77,0.007795917307692307,1912.27673108144,12275.635075252147,0.02929402
0.1168162,0.05326134,40548.05,0.007797701923076924,1895.620436245212,12168.711953827295,0.02934544
0.1169138,0.05328007,40446.23,0.007778121153846154,1888.9616071832338,12125.966385539643,0.02939141
0.1170113,0.05329879,40344.5,0.007758557692307692,1881.8904874601542,12080.574165949723,0.02943404
0.1171088,0.05331749,40208.3,0.007732365384615385,1877.576260033797,12052.87949150391,0.02936286
0.1172064,0.05333617,40072.06,0.007706165384615384,1873.0352507299121,12023.729017526071,0.02928992
0.1173039,0.05335483,39942.34,0.0076812192307692305,1868.673554681701,11995.729623857389,0.02915684
0.1174014,0.05337347,39812.55,0.007656259615384616,1864.0869957677803,11966.286749526855,0.02902204
0.117499,0.0533921,39707.3,0.007636019230769231,1856.9922593623933,11920.74292542856,0.02886529
0.1175965,0.05341071,39602.03,0.007615775,1849.7304008443682,11874.126280626855,0.02870736
0.1176941,0.05342929,39529.38,0.007601803846153846,1839.0506210859023,11805.56869329228,0.02854609
0.1177916,0.05344785,39456.76,0.007587838461538462,1828.4671899700052,11737.629604712067,0.02838568
0.1178891,0.0534664,39402.56,0.007577415384615384,1816.2089035720526,11658.938980063775,0.02822766
0.1179867,0.05348493,39348.09,0.007566940384615384,1803.6966603515546,11578.618109527026,0.02806787
0.1180843,0.05350345,39350.64,0.007567430769230769,1787.877932558848,11477.071651014088,0.02811596
0.1181819,0.05352196,39353.04,0.007567892307692308,1773.0686227883866,11382.005032514924,0.02817021
0.1182794,0.05354043,39244.73,0.0075470634615384625,1767.3971158034421,11345.597461925207,0.02821345
0.118377,0.05355889,39136.49,0.0075262480769230766,1761.400854244998,11307.105167629707,0.02825406
0.1184745,0.05357733,38996.99,0.007499421153846154,1760.1005720875291,11298.758159584002,0.02820162
0.1185721,0.05359576,38857.4,0.007472576923076923,1759.4169079836156,11294.36945845237,0.02815412
0.1186698,0.05361417,38699.62,0.0074422346153846155,1788.3561599441446,11480.141575345371,0.02828355
0.1187674,0.05363256,38542.38,0.007411996153846153,1811.4503877801053,11628.392248823295,0.02836337
0.118865,0.05365093,38567.3,0.0074167884615384625,1676.2367343890273,10760.404138503181,0.027159
0.1189626,0.05366929,38635.46,0.007429896153846154,1226.9182031080616,7876.056788089021,0.02313273
0.1190602,0.05368762,48251.96,0.009279223076923077,-5845.846764911123,-37526.724257795766,0.05068716
0.1191578,0.05370593,60002.96,0.01153903076923077,-12127.862633372883,-77853.38466461298,0.0761326
0.1192554,0.05372423,162484.0,0.03124692307692308,-36961.56142455502,-237270.38690825916,0.2637176
0.119353,0.05374251,277272.1,0.05332155769230769,-38907.99441156411,-249765.28404244338,0.3722278
0.1194506,0.05376077,330720.8,0.06360015384615385,-31087.752705113988,-199564.16417923226,0.4270722
0.1195482,0.05377902,368836.9,0.07093017307692308,-25469.389327898214,-163497.74271529572,0.4573629
0.1196458,0.05379724,353249.8,0.06793265384615384,-20597.439531819244,-132222.83525575005,0.4445238
0.1197435,0.05381545,338603.2,0.06511600000000001,-16785.53445988981,-107752.75995548448,0.4352213
0.1198411,0.05383364,327793.4,0.06303719230769231,-13764.532921998796,-88359.79666823406,0.4368124
0.1199387,0.05385181,316714.0,0.06090653846153846,-11323.668669911256,-72690.95630645756,0.4375589
0.1200364,0.05386997,309005.4,0.05942411538461539,-9485.305617548116,-60889.80137953737,0.4417908
0.120134,0.0538881,301097.7,0.05790340384615385,-8003.974545761176,-51380.571168591414,0.4458021
0.1202316,0.05390622,297596.0,0.05723,-7009.23595664273,-44994.96404551379,0.4546319
0.1203293,0.05392432,294128.1,0.05656309615384615,-6171.9383168830545,-39620.03053929106,0.4634864
0.1204269,0.0539424,293194.1,0.05638348076923076,-5555.247343088129,-35661.25552233668,0.4752185
0.1205246,0.05396046,292126.5,0.05617817307692308,-5017.213167203494,-32207.408548296116,0.4863361
0.1206222,0.05397851,292100.0,0.05617307692307692,-4552.604502242574,-29224.907986970487,0.4954045
0.1207199,0.05399654,291791.8,0.05611380769230769,-4128.811662561235,-26504.419805068632,0.5029054
0.1208176,0.05401455,290731.9,0.055909980769230774,-3733.699363315478,-23968.0429719197,0.5038206
0.1209152,0.05403254,289382.1,0.05565040384615384,-3366.0474741439293,-21607.945004485526,0.5030703
0.1210129,0.05405051,286301.0,0.05505788461538461,-3026.5267899657388,-19428.43199168304,0.4954876
0.1211106,0.05406847,282912.9,0.054406326923076925,-2703.0101456393995,-17351.655026314445,0.4860963
0.1212082,0.05408641,277189.3,0.053305634615384616,-2404.6407908173533,-15436.308121809401,0.4716119
0.1213059,0.05410433,271189.4,0.0521518076923077,-2118.0873374817966,-13596.81200415739,0.4554038
0.1214036,0.05412223,262844.2,0.05054696153846154,-1855.6016164555263,-11911.81585720291,0.4369721
0.1215013,0.05414012,254319.2,0.04890753846153846,-1606.4932439036252,-10312.694021992509,0.4172076
0.121599,0.05415799,244098.9,0.046942096153846154,-1384.9522778645614,-8890.537903522983,0.3989143
0.1216966,0.05417584,233841.2,0.04496946153846154,-1180.7803293001498,-7579.880145447105,0.380007
0.1217943,0.05419367,223008.5,0.04288625,-1011.0148498284331,-6490.0906602236655,0.3669557
0.121892,0.05421149,212299.3,0.040826788461538456,-863.3560488482478,-5542.212391863957,0.3548734
0.1219897,0.05422928,202546.1,0.03895117307692308,-751.3329535121844,-4823.093335508546,0.3518784
0.1220874,0.05424706,193021.0,0.03711942307692308,-657.958212727637,-4223.68519311634,0.3510347
0.1221851,0.05426483,185470.9,0.03566748076923077,-597.1037303182902,-3833.0370162031427,0.3590982
0.1222829,0.05428257,178126.7,0.03425513461538462,-543.7637813907678,-3490.627501238979,0.368707
0.1223806,0.0543003,172503.7,0.03317378846153846,-518.7994940657478,-3330.3722012948224,0.3842872
0.1224783,0.054318,167079.7,0.03213071153846154,-498.1610239499705,-3197.8859750416254,0.4023191
0.122576,0.05433569,163449.2,0.03143253846153846,-501.74027712767503,-3220.862568929577,0.4259773
0.1226737,0.05435337,160002.7,0.030769750000000002,-506.58605042895243,-3251.9694394661656,0.4518276
0.1227715,0.05437102,158447.7,0.03047071153846154,-527.7394738442492,-3387.761347728118,0.4848796
0.1228692,0.05438866,157042.8,0.03020053846153846,-547.394044508143,-3513.9315474221085,0.5190158
0.1229669,0.05440628,157379.2,0.03026523076923077,-575.5621177610602,-3694.753173500377,0.5614431
0.1230646,0.05442388,157821.5,0.030350288461538463,-600.0956078826406,-3852.2430215750896,0.603863
0.1231624,0.05444147,159594.1,0.030691173076923078,-627.0789204831857,-4025.4592162931117,0.6526176
0.1232601,0.05445903,161431.6,0.031044538461538464,-649.4641966053023,-4169.158857808101,0.7005037
0.1233579,0.05447658,163988.1,0.03153617307692308,-670.8744559701721,-4306.599494175102,0.750284
0.1234556,0.05449411,166607.2,0.032039846153846155,-689.8884701643404,-4428.657717114036,0.7998377
0.1235534,0.05451163,169888.8,0.03267092307692308,-707.948362730261,-4544.591068722684,0.8483981
0.1236511,0.05452912,173159.3,0.03329986538461538,-723.3410563497602,-4643.402651077334,0.8959585
0.1237489,0.0545466,176877.5,0.03401490384615385,-729.2016890801524,-4681.024292097714,0.9358861
0.1238466,0.05456407,180426.7,0.03469744230769231,-730.2401734441127,-4687.690720066078,0.9723822
0.1239444,0.05458151,183362.5,0.03526201923076923,-704.7880187320151,-4524.303612935471,0.9877699
0.1240422,0.05459894,186033.6,0.03577569230769231,-676.7313985895007,-4344.197446962463,0.999256
0.1241399,0.05461635,187685.3,0.03609332692307692,-604.0940233978331,-3877.9103786819096,0.9714617
0.1242377,0.05463375,188971.5,0.036340673076923076,-528.4856362141863,-3392.551249111823,0.9338719
0.1243355,0.05465112,187972.2,0.0361485,-396.5306766120825,-2545.4819394680185,0.8262503
0.1244333,0.05466847,186698.3,0.03590351923076923,-266.1519943536027,-1708.5313564359078,0.6911911
0.1245311,0.05468579,183459.5,0.03528067307692308,-89.25179962442725,-572.9414075856029,0.405013
0.1246288,0.05470309,180326.1,0.03467809615384616,92.64635164417494,594.7323341607629,0.4177532
0.1247266,0.05472038,169700.9,0.03263478846153846,134.6015866045665,864.0590197283728,0.5015928
0.1248244,0.05473767,160358.0,0.030838076923076923,140.25830402521203,900.3716504533181,0.5114533
0.1249222,0.05475496,154721.8,0.029754192307692304,-153.53482378817915,-985.5987041692255,0.5472678
0.12502,0.05477226,200625.6,0.038581846153846154,51.793897239035566,332.48481838292724,0.3464741
