x_m,r_m,pressure_pa,pressure_over_pc,tau_wall_pa,su2_cf_t,yplus
-0.02268,0.02,5179411.0,0.9960405769230769,1919.5056885664378,12322.040515750376,0.3858561
-0.02258069,0.01999946,5177283.0,0.9956313461538462,1095.7664740520213,7034.143722258943,0.2912337
-0.0224814,0.01999803,5178143.0,0.9957967307692308,743.5256548706718,4772.975302125104,0.2396626
-0.02238212,0.01999557,5178081.0,0.9957848076923077,593.4158551708373,3809.3631363836553,0.2139151
-0.02228287,0.01999211,5177365.0,0.9956471153846154,504.0867492415329,3235.925470085983,0.1969497
-0.02218367,0.01998767,5176980.0,0.995573076923077,458.3274440002832,2942.1790037359033,0.1876274
-0.02208451,0.01998225,5176767.0,0.9955321153846154,432.48793753362617,2776.3053376740268,0.1820757
-0.02198541,0.01997585,5176684.0,0.9955161538461539,421.99219323245654,2708.9291442653184,0.1796785
-0.02188638,0.01996846,5176603.0,0.9955005769230769,420.0642354921459,2696.5528467996387,0.1790736
-0.02178742,0.01996008,5176538.0,0.995488076923077,423.2961691196096,2717.2998637733504,0.1795167
-0.02168856,0.01995073,5176502.0,0.9954811538461539,429.1196323264651,2754.682899418556,0.1804791
-0.02158979,0.0199404,5176498.0,0.9954803846153846,437.3085682098861,2807.250808092875,0.181888
-0.02149113,0.01992908,5176512.0,0.9954830769230769,447.0152311522171,2869.5615867274837,0.1835654
-0.02139259,0.01991678,5176506.0,0.9954819230769231,457.54283241206616,2937.1422821274573,0.1853303
-0.02129417,0.01990351,5176576.0,0.9954953846153847,467.8189168229708,3003.1083947619054,0.1869897
-0.02119589,0.01988926,5176605.0,0.9955009615384616,477.53402681345096,3065.4733982264547,0.1884811
-0.02109776,0.01987403,5176733.0,0.995525576923077,488.2889868702964,3134.513596624981,0.1901282
-0.02099978,0.01985783,5176791.0,0.9955367307692308,497.2140364034864,3191.8069001083268,0.1913483
-0.02090197,0.01984066,5176961.0,0.9955694230769231,505.88500010931637,3247.469129572014,0.1924726
-0.02080434,0.01982252,5177045.0,0.9955855769230769,514.4640750378655,3302.541489860871,0.1935396
-0.02070689,0.01980341,5177263.0,0.9956275,522.176315311884,3352.049307258708,0.1943997
-0.02060963,0.01978333,5177379.0,0.9956498076923077,529.7072546370024,3400.393284585012,0.1951711
-0.02051258,0.01976229,5177631.0,0.9956982692307692,536.878675736019,3446.4293770352433,0.1958372
-0.02041574,0.01974028,5177766.0,0.9957242307692308,543.8204631040026,3490.9913628160202,0.1964304
-0.02031912,0.01971732,5178029.0,0.9957748076923076,548.8735430801304,3523.429014116588,0.1966411
-0.02022274,0.01969339,5178179.0,0.9958036538461539,555.6522905210292,3566.9443843029485,0.1971164
-0.0201266,0.01966851,5178445.0,0.9958548076923077,562.2399054733288,3609.23280200752,0.1975242
-0.02003071,0.01964268,5178609.0,0.9958863461538462,566.1842529833957,3634.5530759284284,0.1974301
-0.01993509,0.0196159,5178860.0,0.9959346153846154,572.5533855075402,3675.4389714379663,0.197731
-0.01983973,0.01958816,5179009.0,0.9959632692307693,578.292913993122,3712.2831980333362,0.1978761
-0.01974466,0.01955948,5179208.0,0.9960015384615385,583.6710224625957,3746.8073314358517,0.1979224
-0.01964987,0.01952986,5179338.0,0.9960265384615384,589.4198232909015,3783.7110807424074,0.1980021
-0.01955538,0.0194993,5179492.0,0.9960561538461539,595.7780271932749,3824.5268212526416,0.1981507
-0.0194612,0.01946781,5179582.0,0.9960734615384615,601.3412619294754,3860.23935090359,0.1981175
-0.01936734,0.01943538,5179675.0,0.9960913461538462,606.5925506882558,3893.9493801215403,0.1979912
-0.01927381,0.01940202,5179717.0,0.9960994230769231,613.6002963216552,3938.9347772126575,0.1981228
-0.01918061,0.01936772,5179747.0,0.9961051923076923,620.989466481485,3986.368684092713,0.198277
-0.01908775,0.01933251,5179709.0,0.9960978846153846,628.3841093361302,4033.83772229207,0.1983817
-0.01899525,0.01929638,5179653.0,0.9960871153846154,635.9178286990024,4082.1995457430503,0.1984649
-0.01890312,0.01925933,5179531.0,0.9960636538461538,643.1305271521153,4128.5006133025445,0.1984575
-0.01881135,0.01922136,5179389.0,0.9960363461538462,651.7468752842624,4183.812244528508,0.1986253
-0.01871997,0.01918249,5179145.0,0.9959894230769231,660.5528253362493,4240.341002930519,0.1987686
-0.01862898,0.01914271,5178844.0,0.9959315384615385,669.38118797126,4297.013636267481,0.1988669
-0.01853839,0.01910203,5178496.0,0.9958646153846153,677.6299204559037,4349.965402175128,0.1988326
-0.0184482,0.01906045,5178065.0,0.9957817307692308,685.5015043204116,4400.496106970294,0.1986998
-0.01835843,0.01901799,5177483.0,0.9956698076923077,692.6493263895431,4446.380708229794,0.1984304
-0.01826909,0.01897463,5176797.0,0.9955378846153846,697.5465305410726,4477.817733047425,0.1977916
-0.01818019,0.01893038,5175999.0,0.9953844230769231,702.449504878251,4509.291798891698,0.1970936
-0.01809173,0.01888525,5175042.0,0.9952003846153846,705.2144973879417,4527.041342398183,0.1960619
-0.01800372,0.01883925,5173911.0,0.9949828846153846,705.5311738283242,4529.074209480588,0.1946311
-0.01791617,0.01879238,5172805.0,0.9947701923076923,708.3846547625872,4547.39179399849,0.1935248
-0.01782909,0.01874464,5171603.0,0.9945390384615385,726.7481613699433,4665.274160159168,0.1946253
-0.01774245,0.01869611,5170387.0,0.9943051923076923,720.2055422934754,4623.274588175837,0.1921161
-0.01765635,0.01864663,5168716.0,0.9939838461538462,891.2323328454979,5721.160911208651,0.2130623
-0.01757033,0.01859701,5166052.0,0.9934715384615385,965.8126722418608,6199.92060918419,0.2212509
-0.01748433,0.01854735,5164074.0,0.9930911538461539,986.3687096965102,6331.877668685608,0.2230739
-0.01739833,0.01849767,5161753.0,0.9926448076923077,995.6578058019261,6391.507926229214,0.2236152
-0.01731234,0.018448,5159893.0,0.9922871153846153,990.0669426597202,6355.618039282473,0.2224535
-0.01722634,0.01839834,5157685.0,0.9918625,981.8484033656039,6302.8600950025475,0.220985
-0.01714034,0.01834869,5155695.0,0.9914798076923077,970.4809596602928,6229.888130016101,0.2191134
-0.01705434,0.01829904,5153510.0,0.9910596153846154,963.0889996500724,6182.436314020303,0.2176886
-0.01696833,0.01824939,5151367.0,0.9906475,957.7274060409203,6148.018195817016,0.2164894
-0.01688233,0.01819973,5149080.0,0.9902076923076923,954.5191636554079,6127.423261978526,0.2155336
-0.01679633,0.01815008,5146765.0,0.9897625,953.0379336266992,6117.914680401711,0.21479
-0.01671032,0.01810043,5144334.0,0.989295,952.8972144487269,6117.011350225278,0.2141969
-0.01662432,0.01805078,5141834.0,0.9888142307692308,954.1060056896631,6124.771043116328,0.2137756
-0.01653832,0.01800113,5139220.0,0.9883115384615384,956.1540474174996,6137.918205585638,0.2134463
-0.01645231,0.01795147,5136511.0,0.9877905769230769,959.1993361803537,6157.467077850806,0.2132426
-0.01636631,0.01790182,5133686.0,0.9872473076923077,962.8038590724061,6180.605887691474,0.2130976
-0.0162803,0.01785217,5130750.0,0.9866826923076923,967.0978317998316,6208.170539484916,0.2130357
-0.0161943,0.01780252,5127695.0,0.9860951923076923,971.7619258078178,6238.111141212747,0.2130096
-0.0161083,0.01775287,5124518.0,0.9854842307692308,976.9978866245043,6271.7227745131295,0.2130475
-0.01602229,0.01770322,5121219.0,0.9848498076923077,982.539590356367,6307.297088419588,0.2131126
-0.01593629,0.01765357,5117791.0,0.9841905769230769,988.6034431822212,6346.223276889249,0.2132321
-0.01585028,0.01760391,5114238.0,0.9835073076923077,994.933456395314,6386.858050592482,0.2133737
-0.01576428,0.01755426,5110552.0,0.9827984615384615,1001.668397724758,6430.092212609782,0.2135541
-0.01567828,0.01750461,5106744.0,0.9820661538461538,1008.453725174504,6473.649822387352,0.2137327
-0.01559227,0.01745496,5102827.0,0.9813128846153846,1015.6928474773727,6520.120514735776,0.2139533
-0.01550627,0.01740531,5098720.0,0.9805230769230769,1023.1133392767864,6567.755487189261,0.2141843
-0.01542027,0.01735565,5094511.0,0.9797136538461538,1030.5622719447524,6615.573032446094,0.2144111
-0.01533426,0.017306,5090194.0,0.9788834615384615,1038.1325140453189,6664.169309306771,0.2146422
-0.01524826,0.01725635,5085733.0,0.9780255769230769,1045.9783366705121,6714.534642862633,0.2148931
-0.01516226,0.0172067,5081136.0,0.9771415384615385,1053.9215136353512,6765.524931126701,0.215145
-0.01507625,0.01715704,5076410.0,0.9762326923076923,1062.1232696273805,6818.1751369771255,0.215414
-0.01499025,0.01710739,5071561.0,0.9753001923076923,1070.492903279847,6871.903013680998,0.215691
-0.01490425,0.01705774,5066586.0,0.9743434615384615,1079.2777404826884,6928.296240636489,0.2160005
-0.01481824,0.01700808,5061488.0,0.9733630769230769,1088.1693911900388,6985.375144294075,0.2163116
-0.01473224,0.01695843,5056271.0,0.9723598076923077,1097.3251558677803,7044.149496453491,0.2166393
-0.01464624,0.01690878,5050932.0,0.9713330769230769,1106.5362415998807,7103.278975600675,0.2169628
-0.01456024,0.01685912,5045483.0,0.9702851923076923,1115.8323046341516,7162.953956522875,0.2172841
-0.01447423,0.01680947,5039914.0,0.9692142307692307,1125.221045778947,7223.223873651624,0.2176041
-0.01438823,0.01675982,5034243.0,0.9681236538461538,1134.8365429857722,7284.949424592852,0.2179354
-0.01430223,0.01671017,5028456.0,0.9670107692307692,1144.5714401751218,7347.441449648228,0.2182678
-0.01421622,0.01666052,5022573.0,0.9658794230769231,1154.5864589697696,7411.731682330902,0.2186159
-0.01413022,0.01661086,5016580.0,0.9647269230769231,1164.7603818548682,7477.04198109221,0.2189688
-0.01404421,0.01656121,5010497.0,0.9635571153846154,1175.1511517022893,7543.744303368411,0.219331
-0.01395821,0.01651156,5004310.0,0.9623673076923077,1185.6237121632616,7610.97167084765,0.2196902
-0.01387221,0.01646191,4998041.0,0.9611617307692307,1196.2943999617944,7679.470893417103,0.2200566
-0.0137862,0.01641226,4991680.0,0.9599384615384615,1207.0452956317836,7748.485000963275,0.2204195
-0.0137002,0.0163626,4985242.0,0.9587003846153846,1217.9818009180942,7818.690607563629,0.2207881
-0.0136142,0.01631295,4978724.0,0.957446923076923,1229.0278836538828,7889.599633685021,0.2211559
-0.01352819,0.0162633,4972137.0,0.9561801923076924,1240.286406781323,7961.872395860286,0.2215317
-0.01344219,0.01621365,4965483.0,0.954900576923077,1251.6005325986,8034.502092949074,0.2219017
-0.01335619,0.016164,4958768.0,0.9536092307692308,1263.0849943977723,8108.225241796147,0.2222756
-0.01327018,0.01611434,4952002.0,0.952308076923077,1274.5939306665305,8182.105501615924,0.2226412
-0.01318418,0.01606469,4945182.0,0.9509965384615384,1286.1567783633457,8256.331839493576,0.223
-0.01309817,0.01601504,4938331.0,0.9496790384615384,1297.7383407109091,8330.678313865812,0.2233499
-0.01301217,0.01596539,4931434.0,0.9483526923076923,1309.4667835543053,8405.967670268252,0.223701
-0.01292617,0.01591574,4924524.0,0.9470238461538462,1321.2374974613597,8481.52838078136,0.2240454
-0.01284016,0.01586609,4917579.0,0.9456882692307692,1333.2723687649627,8558.784818565397,0.2244011
-0.01275416,0.01581644,4910637.0,0.9443532692307692,1345.3502253027025,8636.317194993308,0.2247507
-0.01266816,0.01576678,4903675.0,0.9430144230769231,1357.605608442183,8714.989182516045,0.2251042
-0.01258215,0.01571713,4896732.0,0.9416792307692308,1369.8653698663031,8793.689275920959,0.2254484
-0.01249615,0.01566748,4889784.0,0.940343076923077,1382.2595869680385,8873.252491700043,0.225793
-0.01241015,0.01561783,4882872.0,0.9390138461538462,1394.6332050470403,8952.683474480693,0.2261264
-0.01232414,0.01556818,4875974.0,0.9376873076923077,1407.1442842817535,9032.996872947895,0.2264604
-0.01223814,0.01551852,4869129.0,0.9363709615384616,1419.692578893502,9113.549171141403,0.2267881
-0.01215213,0.01546887,4862315.0,0.9350605769230769,1432.4111585228884,9195.194593934153,0.2271193
-0.01206613,0.01541922,4855572.0,0.9337638461538461,1445.1560559738614,9277.0089608805,0.2274435
-0.01198013,0.01536957,4848879.0,0.9324767307692308,1458.1034811797567,9360.123430877637,0.227774
-0.01189412,0.01531992,4842272.0,0.9312061538461538,1471.019872167209,9443.038680367481,0.2280931
-0.01180812,0.01527026,4835737.0,0.9299494230769231,1484.028919715094,9526.5487277256,0.2284097
-0.01172212,0.01522061,4829308.0,0.9287130769230769,1497.073322880077,9610.285736300315,0.2287202
-0.01163611,0.01517096,4822970.0,0.9274942307692308,1510.301260436982,9695.200922270787,0.2290353
-0.01155011,0.01512131,4816757.0,0.926299423076923,1523.5916626042786,9780.51709244497,0.2293465
-0.01146411,0.01507165,4810656.0,0.9251261538461538,1537.2940940356198,9868.478235913826,0.2296798
-0.0113781,0.015022,4804698.0,0.9239803846153846,1551.1207066260727,9957.236545696374,0.2300147
-0.0112921,0.01497235,4798872.0,0.92286,1565.228063427647,10047.797059850916,0.2303617
-0.0112061,0.01492269,4793206.0,0.9217703846153846,1579.3752532351623,10138.613277291985,0.2307041
-0.0111201,0.01487304,4787696.0,0.9207107692307692,1593.6119227077056,10230.003898895737,0.2310442
-0.01103409,0.01482339,4782364.0,0.9196853846153846,1607.82479365223,10321.241748654002,0.2313747
-0.01094809,0.01477373,4777210.0,0.9186942307692307,1622.2518643450733,10413.854628448891,0.2317117
-0.01086209,0.01472408,4772254.0,0.9177411538461538,1636.8091435217727,10507.303366258231,0.2320504
-0.01077608,0.01467443,4767492.0,0.9168253846153847,1651.686467701972,10602.806595243856,0.232403
-0.01069008,0.01462478,4762946.0,0.9159511538461539,1666.7635143364384,10699.591918983375,0.2327622
-0.01060408,0.01457513,4758611.0,0.9151175,1682.259459032901,10799.066309456393,0.2331423
-0.01051807,0.01452547,4754509.0,0.9143286538461538,1697.8887587539896,10899.396756791451,0.2335241
-0.01043207,0.01447582,4750634.0,0.9135834615384615,1713.8579541507722,11001.909124353147,0.2339207
-0.01034606,0.01442617,4747008.0,0.9128861538461538,1730.025838425038,11105.696951744403,0.2343232
-0.01026006,0.01437652,4743622.0,0.912235,1746.5565371705575,11211.813823868955,0.2347415
-0.01017406,0.01432687,4740499.0,0.9116344230769231,1763.3487818921483,11319.609659558491,0.2351697
-0.01008805,0.01427721,4737626.0,0.911081923076923,1780.6474764987083,11430.656590589375,0.2356227
-0.01000205,0.01422756,4735026.0,0.9105819230769231,1798.2478961447312,11543.64040994678,0.2360878
-0.009916048,0.01417791,4732680.0,0.9101307692307692,1816.3328846291752,11659.734861846335,0.2365753
-0.009830044,0.01412826,4730615.0,0.9097336538461539,1834.754203091268,11777.988344394214,0.2370766
-0.00974404,0.01407861,4728805.0,0.909385576923077,1853.5988210852672,11898.959148392882,0.2375951
-0.009658036,0.01402896,4727281.0,0.9090925,1872.7667066732358,12022.005130607507,0.2381253
-0.009572032,0.0139793,4726009.0,0.9088478846153846,1892.4481179179895,12148.34763024663,0.2386772
-0.009486028,0.01392965,4725024.0,0.9086584615384615,1912.6135250420632,12277.797084384487,0.23925
-0.009400024,0.01388,4724280.0,0.9085153846153846,1933.485098435103,12411.779689650204,0.239855
-0.00931402,0.01383035,4723818.0,0.9084265384615384,1954.9895846919565,12549.825204443776,0.2404892
-0.009228016,0.0137807,4723577.0,0.9083801923076923,1977.2646669258133,12692.817469281628,0.2411579
-0.009142013,0.01373105,4723609.0,0.9083863461538462,2000.131921638677,12839.611115549136,0.2418515
-0.00905601,0.01368139,4723837.0,0.9084301923076923,2023.7717449666698,12991.364174978855,0.2425774
-0.008970006,0.01363174,4724320.0,0.9085230769230769,2048.0704033527204,13147.346548406935,0.2433303
-0.008884003,0.01358209,4724965.0,0.9086471153846154,2073.147779784332,13308.327810541054,0.244113
-0.008797999,0.01353244,4725841.0,0.9088155769230769,2099.0209231437766,13474.4174046714,0.2449285
-0.008711996,0.01348279,4726834.0,0.9090065384615384,2125.890545335675,13646.903777211795,0.2457837
-0.008625992,0.01343313,4728023.0,0.9092351923076923,2153.623946149487,13824.935074802039,0.246673
-0.008539988,0.01338348,4729276.0,0.9094761538461539,2182.486137898638,14010.21251275118,0.2476059
-0.008453985,0.01333383,4730685.0,0.9097471153846154,2212.3099852467562,14201.663185467616,0.2485756
-0.008367981,0.01328418,4732097.0,0.9100186538461539,2243.1694161434716,14399.761664710108,0.2495796
-0.008281978,0.01323453,4733616.0,0.9103107692307693,2275.028363166381,14604.276419911806,0.2506186
-0.008195974,0.01318487,4735067.0,0.9105898076923077,2308.1791644963223,14817.08408156672,0.2517017
-0.008109971,0.01313522,4736568.0,0.9108784615384615,2342.476870848898,15037.254164828822,0.2528237
-0.008023968,0.01308557,4737920.0,0.9111384615384616,2378.3839381769044,15267.755351177433,0.254002
-0.007937965,0.01303592,4739261.0,0.9113963461538461,2415.7131469209417,15507.385806718543,0.25523
-0.007851962,0.01298626,4740363.0,0.9116082692307692,2454.901260186992,15758.949280729772,0.256522
-0.00776596,0.01293661,4741383.0,0.9118044230769231,2495.362305965871,16018.684194966636,0.2578506
-0.007679957,0.01288695,4742076.0,0.9119376923076923,2537.598624059519,16289.815260576936,0.2592322
-0.007593954,0.0128373,4742614.0,0.9120411538461538,2581.0140721297016,16568.51561208763,0.2606398
-0.007507951,0.01278765,4742738.0,0.912065,2626.2594193157774,16858.96278528272,0.2620961
-0.007421947,0.012738,4742633.0,0.9120448076923077,2672.989729525018,17158.942503572533,0.2635881
-0.007335944,0.01268834,4742017.0,0.9119263461538462,2722.0292880870184,17473.74616947194,0.2651451
-0.00724994,0.01263869,4741098.0,0.9117496153846154,2772.6530905589884,17798.719702416678,0.2667364
-0.007163936,0.01258904,4739574.0,0.9114565384615385,2826.0752450806253,18141.656926502692,0.2684078
-0.007077933,0.01253939,4737674.0,0.9110911538461538,2881.2128112143405,18495.606033236996,0.2701131
-0.00699193,0.01248974,4735078.0,0.910591923076923,2939.3732608608248,18868.96018437445,0.2718993
-0.006905926,0.01244008,4732036.0,0.9100069230769231,2999.2808053854856,19253.52960515241,0.2737134
-0.006819923,0.01239043,4728211.0,0.9092713461538462,3062.5908371807514,19659.940891913076,0.2756152
-0.006733919,0.01234078,4723875.0,0.9084375,3127.797581979304,20078.527904232917,0.2775435
-0.006647915,0.01229113,4718672.0,0.907436923076923,3196.7550195843273,20521.192046929995,0.2795629
-0.006561911,0.01224148,4712897.0,0.9063263461538461,3267.788244523811,20977.181461747732,0.2816073
-0.006475907,0.01219183,4706168.0,0.9050323076923077,3343.530888727299,21463.402438431825,0.2837704
-0.006389903,0.01214218,4698809.0,0.9036171153846154,3421.688053312662,21965.123144108013,0.2859626
-0.006303899,0.01209252,4690403.0,0.9020005769230769,3505.783305030103,22504.96270020666,0.2883082
-0.006217895,0.01204287,4681306.0,0.9002511538461538,3592.589254799583,23062.203262940584,0.290683
-0.006131892,0.01199322,4671054.0,0.8982796153846154,3685.7863488653447,23660.47102316075,0.2932097
-0.006045888,0.01194357,4660036.0,0.8961607692307693,3781.3345434959665,24273.83139633298,0.2957375
-0.005959885,0.01189392,4647708.0,0.89379,3882.1935901139677,24921.284157848433,0.2983543
-0.005873881,0.01184426,4634536.0,0.8912569230769231,3981.293316696154,25557.443171764906,0.3007781
-0.005787885,0.0117946,4619982.0,0.8884580769230769,4108.811587692068,26376.031681853452,0.3041277
-0.005701897,0.01174492,4604536.0,0.8854876923076923,4254.165767119138,27309.115703798518,0.3080347
-0.005615904,0.01169525,4587142.0,0.8821426923076923,4415.187842508987,28342.777937102837,0.3123358
-0.005529897,0.01164561,4568554.0,0.8785680769230769,4573.287134303832,29357.67770562733,0.3163807
-0.005443868,0.011596,4548120.0,0.8746384615384616,4698.701606868157,30162.761129658862,0.3190778
-0.005357828,0.01154641,4526207.0,0.870424423076923,4825.976983370389,30979.79040717517,0.3216631
-0.005271787,0.01149682,4501673.0,0.8657063461538461,5000.2394522955865,32098.4477861354,0.3256163
-0.00518574,0.01144724,4474941.0,0.8605655769230769,5196.83722920623,33360.484042047,0.3300935
-0.005099683,0.01139769,4444551.0,0.8547213461538462,5489.597725909788,35239.82554297613,0.3372409
-0.005013605,0.01134816,4412423.0,0.8485428846153846,5803.074262565325,37252.151220578795,0.3447024
-0.004927488,0.01129871,4375049.0,0.8413555769230769,6408.788077374813,41140.459659303124,0.360145
-0.004841241,0.01124947,4329344.0,0.8325661538461538,7820.431778089268,50202.340005694845,0.4001377
-0.004753901,0.01120225,4281599.0,0.823384423076923,6899.254640419104,44288.951949506314,0.3740973
-0.0046663,0.01115547,4248730.0,0.8170634615384615,7136.539441199819,45812.17375937516,0.3801238
-0.004578239,0.01110957,4211985.0,0.8099971153846154,7121.650831764114,45716.59808602201,0.3793071
-0.004489727,0.01106455,4174447.0,0.8027782692307692,7140.4531480724045,45837.29733933537,0.3793281
-0.004400772,0.0110204,4136631.0,0.7955059615384615,7203.990761216016,46245.16955773674,0.3805398
-0.004311381,0.01097714,4098950.0,0.7882596153846154,7260.995130939021,46611.10239007248,0.3815118
-0.004221566,0.01093477,4062236.0,0.7811992307692308,7334.598172585303,47083.58844033539,0.382918
-0.004131335,0.0108933,4025060.0,0.77405,7416.801967715871,47611.28601382047,0.3844819
-0.004040696,0.01085272,3987991.0,0.7669213461538461,7507.0997745159975,48190.94214117768,0.386181
-0.003949659,0.01081305,3950526.0,0.7597165384615384,7603.223001185576,48807.993864745,0.3879547
-0.003858234,0.01077427,3913142.0,0.7525273076923077,7711.1536478559165,49500.841929267444,0.3899283
-0.003766427,0.01073641,3875343.0,0.7452582692307692,7824.102436295456,50225.90336338924,0.3919482
-0.003674248,0.01069947,3837702.0,0.7380196153846154,7939.6866082473625,50967.8823313362,0.393902
-0.003581707,0.01066344,3799758.0,0.7307226923076923,8062.911474318481,51758.909834573366,0.3959563
-0.003488814,0.01062833,3761850.0,0.7234326923076924,8195.860318645802,52612.35927006158,0.3981139
-0.003395578,0.01059414,3723512.0,0.71606,8332.900805094148,53492.07451986414,0.4002744
-0.003302005,0.01056089,3685151.0,0.7086828846153846,8474.513053247083,54401.13765505607,0.4024108
-0.003208104,0.01052857,3646469.0,0.7012440384615385,8608.86277728505,55263.57987272518,0.4042571
-0.003113889,0.01049718,3607984.0,0.6938430769230769,8751.626711417526,56180.03612031364,0.4061724
-0.003019367,0.01046672,3569011.0,0.6863482692307692,8899.823755547322,57131.36957712959,0.4081086
-0.002924548,0.01043721,3530010.0,0.6788480769230769,9041.748363683402,58042.43787041547,0.4097684
-0.00282944,0.01040864,3490623.0,0.6712736538461539,9181.632497758239,58940.40758097575,0.4112704
-0.002734053,0.01038101,3451288.0,0.6637092307692307,9320.266367152313,59830.351364786475,0.412628
-0.002638397,0.01035433,3411425.0,0.6560432692307693,9463.096584623208,60747.2331104531,0.4139761
-0.002542478,0.01032861,3371872.0,0.648436923076923,9578.18532297053,61486.03170077215,0.414596
-0.002446311,0.01030384,3331993.0,0.6407678846153846,9714.79946150884,62363.01006041983,0.4155971
-0.002349903,0.01028002,3292042.0,0.633085,9839.21286315592,63161.66722769427,0.4162327
-0.002253261,0.01025717,3251759.0,0.6253382692307692,9952.36987748975,63888.065343400885,0.4165206
-0.002156399,0.01023527,3211642.0,0.6176234615384616,10072.790249952363,64661.08973048371,0.4168738
-0.002059324,0.01021433,3171043.0,0.6098159615384615,10188.265264754982,65402.36797697717,0.4170229
-0.001962045,0.01019437,3130625.0,0.6020432692307692,10296.459711067395,66096.90947220786,0.4169368
-0.001864573,0.01017537,3089823.0,0.5941967307692307,10400.456940657476,66764.50742941517,0.4166683
-0.001766917,0.01015733,3049265.0,0.5863971153846154,10503.874517102116,67428.384371579,0.4163133
-0.001669086,0.01014028,3008288.0,0.578516923076923,10600.585839510311,68049.21130642157,0.4157269
-0.001571091,0.01012419,2967632.0,0.5706984615384615,10694.574369199718,68652.55959434126,0.4150117
-0.001472941,0.01010907,2926482.0,0.562785,10797.099138136024,69310.7052639405,0.4143718
-0.001374646,0.01009493,2885568.0,0.5549169230769231,10881.27143131059,69851.0393785923,0.4133
-0.001276215,0.01008177,2844306.0,0.5469819230769231,10970.508671443551,70423.88732323855,0.4122376
-0.001177659,0.01006958,2803268.0,0.53909,11057.491499604315,70982.26333595668,0.4110615
-0.001078986,0.01005838,2761739.0,0.5311036538461539,11141.287039051887,71520.17892446597,0.4097331
-0.0009802069,0.01004816,2720628.0,0.5231976923076923,11213.88513442201,71986.21384056202,0.4081395
-0.000881331,0.01003892,2679174.0,0.5152257692307692,11287.730194391896,72460.25349892663,0.406484
-0.0007823684,0.01003065,2638056.0,0.5073184615384615,11361.605285006432,72934.48593547486,0.4047652
-0.0006833288,0.01002337,2596401.0,0.4993078846153846,11444.77418337502,73468.37887543975,0.4031209
-0.0005842214,0.01001708,2554878.0,0.4913226923076923,11514.483841044217,73915.87180617466,0.4011572
-0.0004850564,0.01001177,2512956.0,0.4832607692307692,11599.478983190667,74461.48810281232,0.3993685
-0.0003858439,0.01000745,2470396.0,0.47507615384615387,11727.326093351076,75282.18755715709,0.3981417
-0.0002865932,0.0100041,2426882.0,0.4667080769230769,11896.720281900209,76369.59358406703,0.3974654
-0.0001873143,0.01000175,2379488.0,0.45759384615384613,12241.96565641859,78585.85557173952,0.3991356
-8.801603e-05,0.01000044,2332656.0,0.4485876923076923,12508.430653806947,80296.39621426338,0.3993
1.129096e-05,0.009999971,2268482.0,0.43624653846153844,13531.007984719741,86860.71085893927,0.4094499
0.0001105874,0.01000122,2191046.0,0.421355,14108.959451087907,90570.80217419061,0.4112052
0.0002098418,0.01000441,2105981.0,0.40499634615384617,14453.27366952521,92781.08671515592,0.4083785
0.0003090139,0.01000956,2020389.0,0.38853634615384613,14674.957285826338,94204.1585601686,0.403404
0.0004080636,0.01001668,1941008.0,0.37327076923076924,14732.460673354246,94573.29477848372,0.3961684
0.0005069526,0.01002577,1859473.0,0.35759096153846154,14756.026967369862,94724.57582515953,0.3880732
0.0006056422,0.01003681,1782623.0,0.34281211538461537,14721.097165581423,94500.34807975194,0.3793361
0.0007040912,0.01004983,1705327.0,0.3279475,14659.345198095782,94103.93860317797,0.3700127
0.0008022646,0.01006478,1632988.0,0.31403615384615385,14586.653515977969,93637.30291798619,0.3607849
0.0009001194,0.01008169,1560455.0,0.3000875,14494.097311854239,93043.14927520724,0.3511169
0.0009976206,0.01010054,1492370.0,0.28699423076923075,14395.260685065667,92408.67919940432,0.3416201
0.00109473,0.01012131,1424477.0,0.2739378846153846,14292.072830256273,91746.27692820068,0.331937
0.001191405,0.01014402,1360270.0,0.26159038461538464,14168.302576652679,90951.74837398359,0.3222371
0.001287609,0.01016864,1296835.0,0.24939134615384614,14041.13943118513,90135.43955036576,0.312442
0.001383306,0.01019516,1236800.0,0.23784615384615385,13903.855562158427,89254.16193478892,0.3027829
0.001478459,0.01022358,1177635.0,0.22646826923076924,13765.460321951387,88365.75000291715,0.2930803
0.001573024,0.01025388,1121369.0,0.21564788461538462,13613.340509923208,87389.2347999539,0.2834701
0.001666972,0.01028606,1066165.0,0.20503173076923076,13462.72019429856,86422.3454374076,0.2738807
0.001760262,0.0103201,1013593.0,0.19492173076923078,13292.603420039573,85330.30085670437,0.2643405
0.001852859,0.01035598,962358.8,0.185069,13129.816074521972,84285.30667988722,0.2549295
0.001944724,0.01039369,913423.2,0.1756583076923077,12945.957529149038,83105.0484192596,0.2455641
0.002035822,0.01043323,865904.4,0.16652007692307694,12769.66270306016,81973.34456304093,0.2363463
0.002126115,0.01047456,820489.1,0.15778636538461538,12574.948342906342,80723.39867900158,0.2272207
0.002215573,0.01051768,776511.7,0.14932917307692306,12390.049475792992,79536.46219558401,0.2182855
0.002304157,0.01056256,734424.2,0.14123542307692308,12195.218137996393,78285.76538735497,0.2095244
0.00239183,0.0106092,693790.0,0.13342115384615386,12007.269069335738,77079.24849463154,0.2009242
0.002478561,0.01065756,654999.8,0.1259615,11785.090652100538,75653.00033334474,0.1923277
0.002564312,0.01070765,617617.2,0.11877253846153846,11534.945138747451,74047.22069500884,0.1836259
0.002649054,0.01075942,584470.4,0.11239815384615386,11189.230867955239,71827.94868297526,0.1749236
0.00273275,0.01081287,553763.0,0.10649288461538461,10814.350630609837,69421.44918644393,0.1662388
0.002805451,0.01086119,536284.2,0.10313157692307691,9760.77631910995,62658.15307850115,0.15455
0.00288784,0.01091664,521739.7,0.10033455769230769,8685.747712405802,55757.1336513109,0.1439269
0.002970221,0.0109721,515696.9,0.09917248076923077,8076.713372184722,51847.50949109696,0.1385052
0.003052613,0.01102754,509801.9,0.09803882692307693,7500.731740136458,48150.063295078,0.1332338
0.003135027,0.01108295,506500.8,0.097404,7193.326480006167,46176.7114615082,0.1305512
0.003217482,0.01113829,503378.7,0.09680359615384615,6915.658394182867,44394.25391328347,0.1281169
0.003299977,0.01119357,501042.6,0.09635434615384615,6758.54466129291,43385.68082398115,0.1268615
0.003382505,0.01124881,498760.4,0.09591546153846155,6608.005981801245,42419.315514968075,0.1256313
0.003465062,0.011304,496834.4,0.09554507692307693,6505.093667650108,41758.682044542154,0.1248785
0.00354765,0.01135915,494936.2,0.09518003846153847,6405.807836143819,41121.32835200158,0.1241501
0.003630266,0.01141425,493264.2,0.0948585,6338.455056839349,40688.96512412394,0.1237271
0.003712912,0.01146931,491610.3,0.0945404423076923,6273.77761261486,40273.775894450686,0.1233249
0.003795588,0.01152433,490048.5,0.09424009615384615,6227.470582056169,39976.51336998564,0.1230758
0.003878293,0.0115793,488494.0,0.09394115384615384,6182.905147187194,39690.43081376896,0.1228407
0.003961026,0.01163423,486917.5,0.09363798076923077,6146.804873599061,39458.68936260667,0.122651
0.004043788,0.01168911,485339.9,0.09333459615384616,6111.492179053863,39232.00368227862,0.1224664
0.004126581,0.01174395,483686.8,0.0930166923076923,6079.546384397875,39026.9314189331,0.1222778
0.004209402,0.01179875,482028.7,0.09269782692307693,6047.742173853922,38822.768038106275,0.1220879
0.004292253,0.0118535,480298.8,0.09236515384615385,6017.467246971319,38628.421713486925,0.1218831
0.004375132,0.0119082,478564.0,0.09203153846153846,5987.09100724039,38433.42502297949,0.1216746
0.004458041,0.01196287,476784.5,0.09168932692307692,5957.866789312522,38245.82360064807,0.1214567
0.004540979,0.01201749,475001.7,0.09134648076923077,5928.535178613864,38057.532783082956,0.1212351
0.004623945,0.01207206,473198.9,0.09099978846153847,5900.445524843977,37877.214561632696,0.1210124
0.004706934,0.01212659,471394.3,0.09065275,5872.343987745063,37696.82005655244,0.1207873
0.004789963,0.01218108,469584.8,0.09030476923076923,5845.882341745478,37526.95263909047,0.1205701
0.00487301,0.01223552,467774.1,0.08995655769230769,5819.52026507306,37357.72439518803,0.1203518
0.0049561,0.01228993,465961.5,0.08960798076923077,5795.042530324425,37200.592462158056,0.1201461
0.005039213,0.01234428,464147.7,0.08925917307692308,5770.674101618478,37044.16220638523,0.1199392
0.005122354,0.01239859,462333.1,0.08891021153846153,5747.868003265804,36897.76114616346,0.119743
0.005205522,0.01245286,460517.6,0.08856107692307692,5725.137883777193,36751.84782330392,0.1195453
0.005288718,0.01250708,458703.3,0.08821217307692307,5703.480470193632,36612.820609562084,0.1193545
0.005371942,0.01256126,456888.7,0.08786321153846154,5681.839458559937,36473.89868620411,0.1191616
0.005455195,0.0126154,455078.9,0.08751517307692308,5660.961204921773,36339.87319789222,0.1189737
0.005538476,0.01266949,453269.1,0.08716713461538461,5640.140607202101,36206.21782495319,0.1187847
0.005621782,0.01272354,451466.2,0.08682042307692307,5620.392654958526,36079.448173215314,0.1186043
0.005705118,0.01277754,449663.1,0.08647367307692307,5600.77146111337,35953.49223207509,0.1184235
0.005788487,0.01283151,447863.0,0.0861275,5582.53334997245,35836.414827330846,0.118254
0.005871883,0.01288542,446062.0,0.08578115384615384,5564.426350707478,35720.179079820104,0.1180838
0.005955306,0.0129393,444260.2,0.08543465384615385,5547.233750214433,35609.81320744562,0.1179192
0.006038761,0.01299313,442457.8,0.08508803846153846,5530.109933028269,35499.88888140218,0.1177532
0.006122238,0.01304691,440657.7,0.08474186538461538,5513.401998862338,35392.634267387024,0.1175879
0.006205752,0.01310066,438857.6,0.0843956923076923,5496.7208249576515,35285.5514377147,0.1174211
0.006289282,0.01315435,437064.0,0.08405076923076923,5480.691640682226,35182.65397861743,0.1172581
0.006372854,0.01320802,435270.4,0.08370584615384616,5464.727572916045,35080.174527275994,0.117094
0.006456437,0.01326162,433484.3,0.08336236538461539,5449.42145385283,34981.918700080874,0.1169333
0.006540067,0.0133152,431698.3,0.08301890384615385,5434.180313826351,34884.07999815301,0.1167716
0.006623714,0.01336873,429922.7,0.0826774423076923,5419.265549393991,34788.33642588172,0.1166099
0.006707388,0.01342221,428147.8,0.08233611538461538,5404.33563402726,34692.49559397307,0.1164464
0.00679109,0.01347565,426389.1,0.08199790384615384,5389.710517582785,34598.61138281922,0.1162834
0.006874819,0.01352905,424631.2,0.08165984615384615,5375.133097352214,34505.033351888575,0.1161195
0.006958577,0.0135824,422890.4,0.08132507692307693,5361.212713800899,34415.67309047555,0.1159595
0.007042362,0.01363571,421150.1,0.08099040384615384,5347.4291732170595,34327.191276362566,0.1157996
0.007126176,0.01368897,419421.9,0.0806580576923077,5334.399186107631,34243.54680995726,0.1156435
0.007210017,0.0137422,417693.9,0.08032575,5321.437625342924,34160.341598406485,0.1154862
0.007293886,0.01379537,415975.8,0.07999534615384615,5308.62090197076,34078.06615342518,0.1153257
0.007377782,0.01384851,414258.1,0.07966501923076923,5295.791746335197,33995.71090099436,0.1151632
0.007461704,0.0139016,412554.3,0.07933736538461539,5282.473451042122,33910.215674187006,0.1149913
0.007545654,0.01395465,410851.6,0.07900992307692307,5269.110279186441,33824.432367575595,0.1148176
0.007629631,0.01400766,409167.4,0.07868603846153846,5255.636316777264,33737.9378540649,0.1146396
0.007713635,0.01406063,407484.0,0.07836230769230769,5242.179903368724,33651.55599429528,0.1144605
0.007797666,0.01411355,405818.3,0.07804198076923077,5229.226707039191,33568.404477250195,0.1142834
0.007881725,0.01416643,404153.2,0.07772176923076923,5216.365289974866,33485.84212638009,0.1141059
0.007965812,0.01421926,402503.6,0.07740453846153846,5203.985039655794,33406.368568716054,0.1139295
0.008049925,0.01427205,400854.7,0.07708744230769231,5191.6301629163545,33327.057893755686,0.1137515
0.008134066,0.0143248,399223.1,0.07677367307692307,5179.470871856417,33249.00275801121,0.1135719
0.008218232,0.01437751,397592.2,0.07646003846153847,5167.317578499233,33170.9861238126,0.1133906
0.008302426,0.01443017,395979.8,0.07614996153846154,5155.300209601559,33093.84204066042,0.1132072
0.008386646,0.01448279,394368.1,0.07584001923076923,5143.368560939801,33017.24822845886,0.1130232
0.008470894,0.01453536,392771.3,0.07553294230769231,5131.694675336239,32942.30909582688,0.112838
0.008555168,0.0145879,391175.0,0.07522596153846153,5120.050642161807,32867.561597345,0.1126513
0.008639468,0.01464039,389591.0,0.07492134615384616,5108.246707324438,32791.78762898548,0.1124587
0.008723795,0.01469284,388007.3,0.07461678846153846,5096.407016217071,32715.784127465307,0.1122638
0.008808148,0.01474524,386437.7,0.07431494230769231,5083.990486745793,32636.0776800599,0.1120592
0.008892527,0.01479761,384868.9,0.07401325,5071.543883322159,32556.17817646216,0.1118528
0.008976933,0.01484993,383315.3,0.07371448076923076,5058.941081769167,32475.27597738407,0.1116419
0.009061365,0.01490221,381762.2,0.0734158076923077,5046.348360787909,32394.43848934803,0.1114296
0.009145825,0.01495445,380221.2,0.07311946153846154,5034.012848094593,32315.25211959931,0.1112169
0.009230311,0.01500664,378680.1,0.07282309615384615,5021.68247356361,32236.098733678053,0.1110022
0.009314824,0.01505879,377148.5,0.07252855769230769,5009.252389734823,32156.305275672268,0.1107828
0.009399363,0.01511089,375616.8,0.07223399999999999,4996.808102715044,32076.420641956043,0.1105614
0.009483928,0.01516296,374094.7,0.07194128846153847,4984.12190015242,31994.98305992709,0.1103339
0.00956852,0.01521498,372572.6,0.07164857692307691,4971.3870657269745,31913.23329138699,0.1101042
0.009653138,0.01526696,371059.1,0.07135751923076923,4958.847600499875,31832.737672387517,0.1098734
0.009737783,0.0153189,369545.1,0.07106636538461537,4946.309977116391,31752.25387688604,0.1096407
0.009822453,0.01537079,368037.7,0.07077648076923077,4933.74159170528,31671.57260817413,0.1094041
0.009907149,0.01542264,366530.0,0.07048653846153846,4921.1290405178715,31590.607822467085,0.1091649
0.00999187,0.01547445,365031.2,0.0701983076923077,4907.976625583596,31506.177445070734,0.1089169
0.01007662,0.01552622,363532.5,0.06991009615384615,4894.71432966322,31421.04169963578,0.1086659
0.01016139,0.01557794,362046.8,0.06962438461538462,4880.991543577405,31332.949891861732,0.1084083
0.01024619,0.01562963,360561.3,0.06933871153846154,4867.218639266044,31244.536356046225,0.1081486
0.01033101,0.01568127,359088.9,0.0690555576923077,4853.418083378708,31155.945314198027,0.1078875
0.01041586,0.01573287,357616.4,0.06877238461538462,4839.6410169063265,31067.505059880445,0.107625
0.01050073,0.01578443,356154.5,0.06849125,4825.7253141297,30978.174846148806,0.1073595
0.01058563,0.01583594,354692.5,0.06821009615384616,4811.754786226275,30888.492688977927,0.1070916
0.01067056,0.01588741,353241.0,0.06793096153846154,4797.50872844252,30797.041800216946,0.1068199
0.01075551,0.01593884,351789.3,0.06765178846153846,4783.216630683283,30705.29536326009,0.1065459
0.01084049,0.01599023,350347.4,0.0673745,4768.840544333264,30613.009771444442,0.1062704
0.01092549,0.01604157,348905.1,0.06709713461538461,4754.457683644417,30520.680692559174,0.1059931
0.01101052,0.01609288,347470.1,0.06682117307692308,4740.131920130858,30428.718142260634,0.1057158
0.01109558,0.01614414,346034.4,0.06654507692307693,4725.760907244021,30336.46511894387,0.1054359
0.01118066,0.01619535,344605.1,0.06627021153846153,4711.116732038895,30242.458562322474,0.1051525
0.01126577,0.01624653,343175.1,0.06599521153846154,4696.37647256777,30147.83520408095,0.1048661
0.0113509,0.01629767,341753.5,0.06572182692307692,4681.109712590736,30049.832037900313,0.1045742
0.01143605,0.01634876,340331.6,0.06544838461538462,4665.748167380093,29951.220409084857,0.1042795
0.01152123,0.01639981,338919.4,0.0651768076923077,4650.071162062255,29850.58372129452,0.1039824
0.01160644,0.01645082,337506.8,0.06490515384615385,4634.322611826218,29749.4877593348,0.1036829
0.01169167,0.01650179,336102.9,0.06463517307692308,4618.467517726082,29647.707851597817,0.1033834
0.01177693,0.01655271,334698.4,0.06436507692307693,4602.56997960363,29545.655479462443,0.1030818
0.01186221,0.01660359,333300.1,0.06409617307692307,4586.687404255237,29443.699159091488,0.1027814
0.01194751,0.01665443,331900.9,0.06382709615384616,4570.732651686007,29341.279505558887,0.1024783
0.01203285,0.01670523,330506.8,0.063559,4554.543787752918,29237.35700172069,0.1021736
0.0121182,0.01675599,329111.9,0.06329075,4538.242078776163,29132.71010242571,0.1018658
0.01220358,0.01680671,327723.7,0.06302378846153846,4521.383765502316,29024.490147452467,0.1015535
0.01228899,0.01685738,326335.0,0.06275673076923077,4504.374180030623,28915.29911843559,0.1012377
0.01237441,0.01690802,324955.5,0.06249144230769231,4486.944052109538,28803.40846673414,0.1009197
0.01245987,0.01695861,323575.3,0.06222601923076923,4469.408374686934,28690.840252448812,0.1005989
0.01254535,0.01700916,322203.5,0.061962211538461535,4451.823790855145,28577.95808923432,0.10028
0.01263085,0.01705967,320830.8,0.06169823076923077,4434.186762995003,28464.739267761383,0.09995895
0.01271638,0.01711013,319463.0,0.06143519230769231,4416.711186137696,28352.556861970927,0.09964148
0.01280193,0.01716056,318094.0,0.061171923076923075,4399.155191604521,28239.858224389067,0.09932116
0.01288751,0.01721094,316727.9,0.060909211538461544,4381.459427874339,28126.262354921597,0.09900062
0.01297311,0.01726128,315360.6,0.060646269230769226,4363.628123229992,28011.79639653185,0.09867664
0.01305874,0.01731158,313998.1,0.060384249999999993,4345.278966163434,27894.00614555695,0.09834843
0.01314439,0.01736184,312634.6,0.060122038461538456,4326.7326967538465,27774.950555129588,0.09801621
0.01323006,0.01741206,311279.3,0.05986140384615384,4307.724656452361,27652.93068089059,0.09768113
0.01331576,0.01746224,309923.1,0.05960059615384615,4288.577346055012,27530.016778686946,0.09734301
0.01340148,0.01751237,308575.1,0.05934136538461538,4269.426232122217,27407.078460135835,0.09700696
0.01348723,0.01756247,307226.0,0.059081923076923074,4250.196984820384,27283.638573631764,0.09666855
0.013573,0.01761252,305880.8,0.05882323076923077,4231.331295400853,27162.53250410058,0.09633536
0.0136588,0.01766253,304534.1,0.05856425,4212.381165859242,27040.88438115866,0.09599928
0.01374462,0.0177125,303188.2,0.05830542307692308,4193.436592537651,26919.271925716246,0.09566343
0.01383046,0.01776243,301840.9,0.05804632692307693,4174.351655386828,26796.758421216746,0.09532405
0.01391633,0.01781231,300495.6,0.05778761538461538,4154.864827663934,26671.665027560655,0.0949803
0.01400222,0.01786216,299149.1,0.057528673076923074,4135.180418213872,26545.303281295957,0.09463251
0.01408813,0.01791196,297807.5,0.05727067307692308,4115.209078230876,26417.099618295564,0.09428221
0.01417407,0.01796173,296464.7,0.05701244230769231,4095.0803039591765,26287.88532443561,0.09392851
0.01426003,0.01801145,295127.3,0.05675525,4074.9467170768557,26158.640136589038,0.09357535
0.01434602,0.01806113,293788.6,0.05649780769230769,4054.689114341472,26028.598843591466,0.0932192
0.01443203,0.01811077,292453.3,0.056241019230769226,4034.6960980063645,25900.25603180369,0.09286617
0.01451807,0.01816037,291116.3,0.05598390384615384,4014.596115254638,25771.226561712545,0.09251012
0.01460412,0.01820993,289780.5,0.05572701923076923,3994.6092291671994,25642.923102327106,0.09215486
0.0146902,0.01825945,288443.1,0.05546982692307692,3974.4730229021857,25513.66109966208,0.09179604
0.01477631,0.01830892,287107.3,0.0552129423076923,3954.176447354301,25383.369625288382,0.09143495
0.01486244,0.01835836,285769.9,0.054955750000000005,3933.6840975825803,25251.821401360663,0.09106977
0.01494859,0.01840776,284437.3,0.054699480769230764,3912.7859043627514,25117.66791325455,0.09070019
0.01503476,0.01845711,283103.3,0.0544429423076923,3891.7079161010947,24982.360252069855,0.09032706
0.01512096,0.01850643,281775.7,0.05418763461538462,3870.644912098828,24847.14878057212,0.08995502
0.01520718,0.0185557,280446.8,0.05393207692307692,3849.4552730926102,24711.124390592977,0.08958004
0.01529342,0.01860493,279121.7,0.05367725,3828.771603773382,24578.348013380855,0.08921154
0.01537969,0.01865412,277794.9,0.05342209615384616,3808.0095842751057,24445.068676429462,0.08884046
0.01546598,0.01870327,276468.5,0.05316701923076923,3787.616859845725,24314.15998564406,0.08847355
0.0155523,0.01875238,275140.3,0.05291159615384615,3767.0883113296836,24182.37938814392,0.08810315
0.01563864,0.01880145,273812.8,0.05265630769230769,3746.5118087357423,24050.29095509304,0.08773235
0.015725,0.01885047,272483.6,0.0524006923076923,3725.740301723223,23916.95071416226,0.08735739
0.01581138,0.01889946,271158.6,0.05214588461538461,3704.692845039484,23781.839046843248,0.08698028
0.01589779,0.01894841,269832.3,0.05189082692307692,3683.469953058498,23645.60119331211,0.08659965
0.01598422,0.01899732,268512.3,0.05163698076923077,3662.3334278179664,23509.917760891276,0.08622182
0.01607067,0.01904618,267190.9,0.05138286538461539,3641.0703574691233,23373.4219870635,0.08584103
0.01615714,0.01909501,265874.7,0.05112975,3620.2418349947,23239.715742095435,0.08546713
0.01624364,0.01914379,264556.9,0.05087632692307693,3599.334395401859,23105.50289798764,0.08509076
0.01633016,0.01919254,263242.0,0.05062346153846154,3578.840877215698,22973.94717356114,0.08472058
0.01641671,0.01924124,261925.6,0.05037030769230769,3558.234533152157,22841.667176713578,0.08434738
0.01650328,0.0192899,260612.1,0.05011771153846154,3537.825837985789,22710.655963664558,0.08397799
0.01658987,0.01933853,259297.1,0.04986482692307692,3517.277614704928,22578.749066330718,0.08360527
0.01667648,0.01938711,257987.4,0.049612961538461536,3496.775180407685,22447.136105980073,0.08323507
0.01676311,0.01943565,256676.3,0.049360826923076924,3476.1381228218497,22314.658947296342,0.08286181
0.01684977,0.01948415,255372.3,0.04911005769230769,3455.727760379379,22183.637031364902,0.08249368
0.01693645,0.01953261,254067.0,0.04885903846153846,3435.2134817957917,22051.94803801415,0.08212287
0.01702315,0.01958104,252768.7,0.04860936538461539,3415.1036679508975,21922.85545837921,0.08175936
0.01710988,0.01962942,251469.1,0.04835944230769231,3394.91852273711,21793.27929790096,0.08139355
0.01719662,0.01967776,250175.1,0.04811059615384616,3375.3419501283865,21667.609797528512,0.08103723
0.01728339,0.01972606,248879.7,0.047861480769230774,3355.692151037701,21541.470228386308,0.08067847
0.01737019,0.01977432,247589.4,0.04761334615384615,3336.4384452384907,21417.87333344124,0.08032638
0.017457,0.01982254,246297.9,0.04736498076923077,3317.0780135027744,21293.59132392655,0.07997146
0.01754384,0.01987072,245014.0,0.04711807692307692,3297.7893651363866,21169.770119290162,0.07961975
0.01763069,0.01991886,243729.2,0.046871,3278.3465890390753,21044.95950985214,0.07926469
0.01771757,0.01996696,242456.1,0.04662617307692308,3258.969394171091,20920.569891385723,0.07891366
0.01780447,0.02001502,241182.3,0.04638121153846154,3239.50634365292,20795.62913269273,0.07856049
0.0178914,0.02006305,239920.9,0.046138634615384616,3220.6039006307487,20674.287127741547,0.07821746
0.01797834,0.02011103,238658.7,0.04589590384615385,3201.6914960081153,20552.881175470367,0.07787321
0.01806531,0.02015897,237406.1,0.045655019230769235,3183.6678963757586,20437.18080207089,0.07754241
0.0181523,0.02020687,236152.6,0.04541396153846154,3165.6289928332544,20321.382187024086,0.07720999
0.01823932,0.02025473,234906.9,0.04517440384615384,3148.1506262716775,20209.181873055895,0.07688644
0.01832635,0.02030255,233660.5,0.04493471153846154,3130.6215571722387,20096.6560801222,0.07656091
0.01841341,0.02035033,232423.8,0.04469688461538461,3113.3654303134053,19985.88240773039,0.07624096
0.01850048,0.02039807,231186.6,0.04445896153846154,3096.032245626644,19874.614071695,0.07591886
0.01858759,0.02044577,229961.3,0.04422332692307692,3079.144102885819,19766.202629974483,0.07560497
0.01867471,0.02049343,228735.6,0.04398761538461539,3062.2206410198605,19657.564461293234,0.0752895
0.01876186,0.02054106,227522.3,0.04375428846153846,3045.8045001891946,19552.182980200152,0.07498289
0.01884901,0.02058863,226308.9,0.04352094230769231,3029.3658690075845,19446.657124950118,0.07467493
0.01893621,0.02063618,225108.2,0.04329003846153846,3013.4331174117597,19344.378704073042,0.07437577
0.01902341,0.02068368,223907.6,0.043059153846153844,2997.4829999604713,19241.98880513373,0.07407536
0.01911065,0.02073115,222720.3,0.04283082692307692,2982.040180945926,19142.855448713857,0.07378379
0.01919789,0.02077857,221533.1,0.04260251923076923,2966.583380466034,19043.63233992519,0.07349106
0.01928517,0.02082596,220359.9,0.04237690384615384,2951.633558096767,18947.6637173602,0.0732072
0.01937246,0.0208733,219187.0,0.04215134615384616,2936.6766589745803,18851.64966641398,0.07292228
0.01945979,0.02092061,218029.3,0.04192871153846153,2922.08908486837,18758.006453875507,0.07264461
0.01954712,0.02096788,216872.1,0.04170617307692308,2907.487250979235,18664.27170234135,0.07236586
0.01963448,0.02101511,215731.7,0.041486865384615386,2893.3390564360393,18573.44903511801,0.07209574
0.01972186,0.0210623,214591.7,0.041267634615384616,2879.2000102269353,18482.68509454706,0.07182491
0.01980926,0.02110945,213468.3,0.041051596153846154,2865.6860830403007,18395.934031858116,0.07156473
0.01989668,0.02115656,212345.4,0.04083565384615385,2852.20358755125,18309.384741246962,0.07130408
0.01998413,0.02120363,211238.4,0.040622769230769226,2839.282996152234,18226.442527710184,0.07105297
0.02007159,0.02125066,210132.1,0.04041001923076923,2826.3806203785234,18143.617247232985,0.07080125
0.02015908,0.02129765,209041.9,0.04020036538461538,2813.966234951909,18063.92456326958,0.07055816
0.02024659,0.0213446,207952.3,0.03999082692307692,2801.5731995948104,17984.368933560898,0.0703145
0.02033412,0.02139151,206879.0,0.03978442307692308,2789.732572651095,17908.35942454959,0.07008028
0.02042166,0.02143838,205806.4,0.039578153846153846,2777.9428028846337,17832.676387193136,0.06984603
0.02050924,0.02148522,204749.4,0.03937488461538462,2766.786265809232,17761.058312457844,0.06962191
0.02059683,0.02153201,203693.3,0.03917178846153846,2755.6503635424915,17689.572700444525,0.06939722
0.02068444,0.02157877,202653.7,0.03897186538461539,2744.9024195374154,17620.577540763352,0.06917965
0.02077207,0.02162548,201615.0,0.038772115384615384,2734.14466390636,17551.5193965057,0.06896115
0.02085972,0.02167216,200595.9,0.038576134615384616,2723.4870117391006,17483.103854634697,0.06874662
0.0209474,0.0217188,199577.8,0.038380346153846154,2712.8260910837,17414.667331089327,0.06853155
0.02103509,0.0217654,198580.8,0.03818861538461538,2702.5273561025674,17348.55581578912,0.06832427
0.02112281,0.02181197,197584.9,0.03799709615384615,2692.280073004862,17282.774589789948,0.06811717
0.02121054,0.02185849,196607.8,0.03780919230769231,2682.784118067867,17221.816426359455,0.06792238
0.0212983,0.02190497,195631.7,0.03762148076923077,2673.3869125510523,17161.492173192222,0.06772834
0.02138608,0.02195141,194671.2,0.03743676923076923,2664.7891295797162,17106.299718827813,0.06754626
0.02147388,0.02199781,193711.5,0.03725221153846154,2656.235177574698,17051.388632185324,0.06736394
0.0215617,0.02204418,192767.4,0.03707065384615384,2648.066020839476,16998.9476934215,0.06718818
0.02164954,0.0220905,191824.3,0.03688928846153846,2639.88650281043,16946.440241553264,0.06701151
0.0217374,0.02213679,190900.2,0.03671157692307692,2631.6708380035543,16893.700749705364,0.0668367
0.02182528,0.02218304,189977.5,0.036534134615384614,2623.4323619191864,16840.814823550365,0.06666111
0.02191317,0.02222926,189076.4,0.03636084615384615,2615.3699614555785,16789.059194088815,0.06649088
0.02200108,0.02227543,188176.6,0.03618780769230769,2607.341599249929,16737.522069212144,0.06632077
0.02208903,0.02232157,187296.9,0.03601863461538461,2599.8799710477583,16689.623026469904,0.06616068
0.02217698,0.02236766,186418.4,0.035849692307692305,2592.5056506970027,16642.284446188856,0.06600138
0.02226498,0.02241372,185556.5,0.035683942307692305,2585.9045220885573,16599.90927916151,0.0658539
0.02235298,0.02245973,184695.6,0.03551838461538462,2579.364660899563,16557.927411111745,0.0657065
0.022441,0.02250571,183850.1,0.03535578846153846,2573.2712917682347,16518.81174619818,0.06556632
0.02252905,0.02255165,183005.7,0.035193403846153846,2567.1887056450328,16479.765301534284,0.06542564
0.02261711,0.02259755,182178.5,0.035034326923076925,2561.2118764681104,16441.397751121473,0.06528814
0.02270518,0.02264341,181352.6,0.034875500000000004,2555.216703194762,16402.912442943867,0.06514987
0.02279329,0.02268924,180545.8,0.03472034615384615,2549.3477564522223,16365.237431102478,0.06501567
0.0228814,0.02273502,179740.2,0.03456542307692308,2543.49941008188,16327.694660922243,0.06488141
0.02296955,0.02278078,178953.5,0.03441413461538462,2537.9965706232947,16292.36983163716,0.06475399
0.0230577,0.02282648,178168.0,0.034263076923076924,2532.5475813910543,16257.390687532776,0.06462691
0.0231459,0.02287216,177399.3,0.03411525,2527.6449664144166,16225.918928561134,0.06450882
0.02323409,0.02291779,176631.7,0.033967634615384615,2522.7963786445275,16194.793990875034,0.06439094
0.02332232,0.02296339,175879.4,0.03382296153846154,2518.357236224222,16166.297439349291,0.06427981
0.02341056,0.02300895,175128.1,0.03367848076923077,2513.944517167084,16137.970509488883,0.06416847
0.02349882,0.02305446,174392.8,0.03353707692307692,2509.755321363039,16111.078460805034,0.06406161
0.02358711,0.02309994,173658.5,0.033395865384615385,2505.5665740790396,16084.18929134275,0.06395422
0.0236754,0.02314539,172941.3,0.03325794230769231,2501.4508214298357,16057.768702334663,0.06384969
0.02376372,0.02319079,172225.2,0.03312023076923077,2497.351017935245,16031.450497044692,0.06374501
0.02385206,0.02323616,171526.5,0.032985865384615384,2493.4615493106603,16006.482511660564,0.06364513
0.02394042,0.02328149,170828.7,0.03285167307692308,2489.612212458621,15981.772147459964,0.06354543
0.0240288,0.02332678,170147.0,0.03272057692307692,2486.145462106826,15959.51775220224,0.06345245
0.0241172,0.02337203,169466.2,0.03258965384615385,2482.7324610511314,15937.608394215405,0.0633598
0.02420562,0.02341724,168799.8,0.0324615,2479.700686326777,15918.146273727489,0.06327337
0.02429405,0.02346242,168134.3,0.03233351923076923,2476.7011678603435,15898.891218485252,0.06318688
0.02438251,0.02350756,167482.9,0.03220825,2473.948470645022,15881.220603171725,0.06310484
0.02447098,0.02355265,166832.3,0.03208313461538461,2471.2130841599533,15863.66111205064,0.06302252
0.02455948,0.02359772,166196.5,0.031960865384615386,2468.5794899526904,15846.755064458683,0.06294295
0.02464799,0.02364274,165561.5,0.03183875,2465.9582484493576,15829.928313593591,0.06286314
0.02473653,0.02368773,164941.7,0.03171955769230769,2463.4791360738386,15814.01394391175,0.0627868
0.02482508,0.02373268,164322.7,0.03160051923076923,2461.030412643584,15798.294652482089,0.06271052
0.02491365,0.02377759,163718.1,0.03148425,2458.8403776109367,15784.235980729289,0.06263905
0.02500224,0.02382246,163114.2,0.03136811538461539,2456.6949563175776,15770.463701617227,0.06256782
0.02509085,0.02386729,162523.1,0.03125444230769231,2454.9393823046235,15759.194001170454,0.06250275
0.02517948,0.02391209,161932.6,0.031140884615384615,2453.2254760713226,15748.191782123788,0.06243774
0.02526813,0.02395685,161354.0,0.031029615384615385,2451.786412528756,15738.953883334601,0.0623771
0.0253568,0.02400157,160776.0,0.030918461538461537,2450.36691291577,15729.84157288536,0.06231622
0.02544549,0.02404625,160210.3,0.030809673076923075,2449.048475680289,15721.378020456292,0.06225758
0.02553419,0.0240909,159645.2,0.030701000000000003,2447.734859109044,15712.94541371308,0.06219857
0.02562292,0.02413551,159093.0,0.030594807692307692,2446.521217935162,15705.154587249146,0.06214205
0.02571166,0.02418008,158541.4,0.030488730769230768,2445.3280683736334,15697.495304275368,0.06208547
0.02580042,0.02422461,158002.3,0.03038505769230769,2444.31675965237,15691.003327142107,0.06203234
0.0258892,0.02426911,157464.0,0.03028153846153846,2443.3314532132395,15684.678268594109,0.06197922
0.025978,0.02431357,156937.5,0.030180288461538463,2442.5687512199547,15679.78219304785,0.06192995
0.02606682,0.02435799,156411.6,0.030079153846153846,2441.8262702780826,15675.015924157678,0.06188051
0.02615565,0.02440237,155897.4,0.02998026923076923,2441.2184696022946,15671.11421936088,0.06183375
0.02624451,0.02444672,155383.8,0.0298815,2440.6351370235116,15667.369584628754,0.06178693
0.02633338,0.02449103,154881.6,0.029784923076923077,2440.217279038421,15664.687194546357,0.06174315
0.02642228,0.0245353,154380.0,0.02968846153846154,2439.827930782073,15662.18781930718,0.06169936
0.02651119,0.02457954,153889.5,0.029594134615384616,2439.5834276225714,15660.618260094332,0.06165827
0.02660012,0.02462373,153399.5,0.029499903846153846,2439.3605321012333,15659.18740856778,0.06161704
0.02668907,0.02466789,152920.4,0.02940776923076923,2439.250931551012,15658.483840754243,0.06157812
0.02677803,0.02471201,152441.8,0.029315730769230768,2439.1707464699666,15657.969102077883,0.06153921
0.02686702,0.0247561,151973.6,0.02922569230769231,2439.246498802234,15658.45538524595,0.06150305
0.02695602,0.02480014,151505.9,0.02913575,2439.358653026796,15659.175346070917,0.061467
0.02704504,0.02484415,151047.1,0.02904751923076923,2439.7866196818527,15661.922627568652,0.06143545
0.02713408,0.02488812,150588.7,0.028959365384615385,2440.249594519619,15664.894639968885,0.06140387
0.02722314,0.02493206,150138.6,0.028872807692307694,2440.9059161699843,15669.107819442816,0.06137493
0.02731223,0.02497596,149688.9,0.02878632692307692,2441.5782669302303,15673.423895898277,0.06134569
0.02740133,0.02501982,149248.2,0.028701576923076927,2442.245347813946,15677.706143002511,0.06131676
0.02749044,0.02506365,148807.9,0.028616903846153844,2442.9155577613956,15682.008476762567,0.06128747
0.02757957,0.02510744,148377.2,0.028534076923076926,2443.6126251922874,15686.483218971885,0.0612592
0.02766872,0.02515119,147947.0,0.028451346153846153,2444.3331357642146,15691.108451661841,0.06123091
0.02775789,0.0251949,147526.0,0.028370384615384617,2445.1949161789935,15696.640549456517,0.06120497
0.02784707,0.02523858,147105.4,0.0282895,2446.0835415591273,15702.344975342075,0.06117907
0.02793628,0.02528222,146693.6,0.028210307692307694,2447.1253377397393,15709.03266312707,0.06115553
0.0280255,0.02532583,146282.1,0.028131173076923078,2448.1745524998173,15715.767973608521,0.06113162
0.02811474,0.0253694,145879.4,0.02805373076923077,2449.252322179213,15722.686589028763,0.0611086
0.028204,0.02541293,145477.1,0.027976365384615384,2450.357180346075,15729.77909580138,0.06108558
0.02829327,0.02545642,145083.1,0.027900596153846154,2451.5895323472705,15737.690034215808,0.06106463
0.02838257,0.02549988,144689.4,0.027824884615384616,2452.862511084789,15745.861771175392,0.06104385
0.02847188,0.0255433,144302.6,0.0277505,2454.4180915249794,15755.847636455037,0.06102674
0.02856121,0.02558668,143916.0,0.027676153846153847,2456.011204622063,15766.074438201636,0.06100965
0.02865056,0.02563002,143535.4,0.027602961538461538,2457.7786740868614,15777.420500099406,0.06099453
0.02873993,0.02567333,143155.1,0.027529826923076924,2459.5635030987164,15788.87799956334,0.06097913
0.02882931,0.0257166,142781.3,0.027457942307692305,2461.326414199167,15800.194799578472,0.06096342
0.02891871,0.02575984,142407.7,0.027386096153846157,2463.0910600292364,15811.522735485922,0.06094727
0.02900813,0.02580304,142041.3,0.027315634615384613,2464.838988976829,15822.74335933673,0.06093117
0.02909757,0.0258462,141675.1,0.02724521153846154,2466.6076608922913,15834.097140224805,0.06091497
0.02918702,0.02588933,141315.9,0.027176134615384616,2468.4319071548316,15845.807674083402,0.06089966
0.02927649,0.02593242,140957.0,0.027107115384615386,2470.2852064582444,15857.7047105134,0.06088434
0.02936598,0.02597547,140604.5,0.027039326923076923,2472.243998468858,15870.278944942856,0.06087041
0.02945549,0.02601849,140252.3,0.02697159615384615,2474.2281220018035,15883.015792094096,0.06085637
0.02954501,0.02606147,139906.1,0.026905019230769232,2476.25946993245,15896.055790700042,0.0608429
0.02963455,0.02610442,139560.2,0.0268385,2478.316338225331,15909.25961426327,0.06082933
0.02972411,0.02614733,139220.1,0.026773096153846154,2480.415006272718,15922.731766423616,0.06081626
0.02981369,0.0261902,138880.3,0.02670775,2482.5393264538707,15936.368589433052,0.06080307
0.02990328,0.02623303,138546.3,0.026643519230769228,2484.685222185018,15950.143914142573,0.06079012
0.02999289,0.02627583,138212.5,0.026579326923076924,2486.85161261311,15964.050802143418,0.06077701
0.03008252,0.0263186,137884.4,0.026516230769230768,2489.027383901895,15978.017909473765,0.06076396
0.03017217,0.02636132,137556.5,0.026453173076923076,2491.2282060772595,15992.145828017761,0.06075083
0.03026183,0.02640401,137233.9,0.026391134615384615,2493.461251932297,16006.480602675214,0.06073804
0.03035151,0.02644667,136911.6,0.026329153846153846,2495.7245111968105,16021.009328753546,0.06072518
0.03044121,0.02648929,136594.2,0.026268115384615386,2498.0400193661753,16035.873460517996,0.06071281
0.03053092,0.02653187,136276.9,0.026207096153846154,2500.3820522485894,16050.907864551402,0.06070031
0.03062066,0.02657441,135964.3,0.026146980769230766,2502.7488063996566,16066.100963855031,0.06068785
0.0307104,0.02661692,135651.8,0.026086884615384612,2505.137324213005,16081.43377242339,0.06067524
0.03080017,0.0266594,135343.8,0.026027653846153843,2507.515602396713,16096.700848896222,0.06066223
0.03088995,0.02670183,135036.0,0.025968461538461537,2509.9143755420414,16112.099490359435,0.06064905
0.03097975,0.02674423,134732.4,0.02591007692307692,2512.3128888220745,16127.496463648013,0.06063562
0.03106957,0.0267866,134429.1,0.02585175,2514.7367910025064,16143.056417990116,0.06062205
0.0311594,0.02682893,134129.8,0.025794192307692306,2517.154198340054,16158.574679453866,0.06060813
0.03124926,0.02687122,133830.6,0.025736653846153847,2519.5955218429517,16174.246467922088,0.06059405
0.03133912,0.02691348,133535.3,0.02567986538461538,2522.0164848805202,16189.787554783014,0.06057942
0.03142901,0.0269557,133240.1,0.025623096153846156,2524.4595560638872,16205.470562280008,0.06056463
0.03151891,0.02699789,132948.7,0.025567057692307694,2526.8731637964916,16220.964432627687,0.06054915
0.03160883,0.02704004,132657.4,0.02551103846153846,2529.308947113801,16236.600656527544,0.0605335
0.03169876,0.02708215,132369.6,0.025455692307692308,2531.705218137581,16251.983235916403,0.06051705
0.03178871,0.02712423,132082.0,0.025400384615384616,2534.1264866195315,16267.526283541536,0.06050046
0.03187868,0.02716627,131797.5,0.025345673076923078,2536.525060499239,16282.923645842578,0.06048322
0.03196867,0.02720828,131513.2,0.025291,2538.9512987413477,16298.498596257265,0.06046589
0.03205867,0.02725025,131231.6,0.025236846153846155,2541.354615361202,16313.926404019656,0.0604478
0.03214869,0.02729219,130950.2,0.02518273076923077,2543.7778743333524,16329.48222936201,0.0604295
0.03223872,0.02733409,130671.5,0.025129134615384616,2546.13159574142,16344.59166650812,0.06040989
0.03232877,0.02737595,130393.0,0.025075576923076923,2548.4961862249916,16359.770876403294,0.06038997
0.03241884,0.02741778,130117.6,0.025022615384615386,2550.6801414408556,16373.790519488883,0.06036754
0.03250893,0.02745958,129842.4,0.024969692307692307,2552.8722432427644,16387.86245862335,0.06034482
0.03259903,0.02750134,129570.7,0.024917442307692307,2554.9200871301523,16401.00835107922,0.06032021
0.03268914,0.02754306,129299.1,0.02486521153846154,2556.9894295290314,16414.29225069558,0.06029551
0.03277928,0.02758475,129030.4,0.02481353846153846,2559.0210888254314,16427.33424807728,0.06027008
0.03286943,0.0276264,128761.8,0.024761884615384616,2561.0879485115192,16440.602210211513,0.0602447
0.03295959,0.02766802,128495.1,0.024710596153846156,2563.196169938263,16454.135689164585,0.06021923
0.03304978,0.0277096,128228.4,0.024659307692307692,2565.3258538091554,16467.806943748088,0.06019353
0.03313998,0.02775114,127963.2,0.024608307692307693,2567.3737854826218,16480.95339973634,0.06016616
0.03323019,0.02779265,127698.0,0.02455730769230769,2569.4274258990017,16494.136502326837,0.06013836
0.03332043,0.02783413,127434.9,0.024506711538461536,2571.2300036891147,16505.70793798075,0.06010707
0.03341067,0.02787557,127171.8,0.024456115384615385,2573.0219961400007,16517.211422297187,0.06007523
0.03350094,0.02791697,126911.8,0.024406115384615384,2574.539666283905,16526.953926898306,0.06004002
0.03359122,0.02795834,126651.8,0.024356115384615386,2576.067237387351,16536.759989542177,0.06000458
0.03368151,0.02799968,126394.8,0.024306692307692307,2577.432026986643,16545.521095507178,0.05996714
0.03377182,0.02804097,126137.8,0.02425726923076923,2578.819241326712,16554.426154452394,0.05992962
0.03386215,0.02808224,125882.9,0.02420825,2580.178297224624,16563.150453597216,0.05989146
0.0339525,0.02812347,125628.0,0.02415923076923077,2581.5607783471373,16572.025128210236,0.05985314
0.03404286,0.02816466,125374.4,0.02411046153846154,2582.8436191251994,16580.260173376653,0.05981308
0.03413324,0.02820582,125120.9,0.02406171153846154,2584.133690534463,16588.541634727793,0.05977265
0.03422363,0.02824694,124868.7,0.02401321153846154,2585.207881979236,16595.437280092643,0.05972917
0.03431404,0.02828803,124616.5,0.02396471153846154,2586.2789739176164,16602.313028541543,0.05968519
0.03440446,0.02832908,124366.2,0.023916576923076922,2587.0658482723793,16607.36427571312,0.05963757
0.0344949,0.0283701,124115.9,0.023868442307692306,2587.85813402217,16612.450260697235,0.05958963
0.03458536,0.02841108,123867.6,0.02382069230769231,2588.4240944162684,16616.083376737435,0.0595388
0.03467583,0.02845203,123619.4,0.023772961538461538,2588.9964368527035,16619.757461546167,0.05948767
0.03476632,0.02849294,123373.0,0.023725576923076922,2589.3753312622175,16622.189729547787,0.05943401
0.03485682,0.02853382,123126.6,0.02367819230769231,2589.7642086393657,16624.68608203344,0.05938007
0.03494734,0.02857467,122882.1,0.023631173076923077,2589.881369697608,16625.43818363706,0.05932269
0.03503787,0.02861548,122637.6,0.02358415384615385,2589.9993744972003,16626.195701538825,0.05926494
0.03512842,0.02865625,122395.1,0.023537519230769233,2589.8519280058554,16625.249186167144,0.05920398
0.03521899,0.02869699,122152.6,0.023490884615384615,2589.712035687428,16624.351163918098,0.05914275
0.03530957,0.02873769,121911.8,0.023444576923076922,2589.37123093144,16622.163407957665,0.059079
0.03540017,0.02877836,121670.9,0.02339825,2589.045774931717,16620.07418152892,0.05901509
0.03549078,0.028819,121430.9,0.023352096153846154,2588.5900168962025,16617.148496540103,0.05894928
0.03558141,0.0288596,121190.8,0.023305923076923078,2588.1371721654623,16614.241513167894,0.05888308
0.03567206,0.02890016,120951.3,0.023259865384615386,2587.4444675434042,16609.794777495637,0.05881363
0.03576272,0.02894069,120711.6,0.023213769230769232,2586.740862422137,16605.27806735355,0.05874363
0.03585339,0.02898119,120473.0,0.023167884615384614,2585.655907200999,16598.31332519505,0.05866895
0.03594408,0.02902165,120234.3,0.02312198076923077,2584.5504999209165,16591.21729345484,0.05859369
0.03603479,0.02906208,119997.2,0.023076384615384613,2583.0904274367194,16581.84453024118,0.0585143
0.03612551,0.02910247,119760.1,0.023030788461538464,2581.6207578249364,16572.41015939819,0.0584345
0.03621625,0.02914283,119524.4,0.022985461538461538,2579.8652058778034,16561.140600600356,0.05835139
0.036307,0.02918316,119288.7,0.022940134615384616,2578.107341578239,16549.856197928646,0.05826796
0.03639777,0.02922345,119053.9,0.022894980769230768,2576.150530820848,16537.29468192072,0.05818209
0.03648855,0.0292637,118818.9,0.02284978846153846,2574.192035054298,16524.72234919511,0.05809586
0.03657935,0.02930392,118584.2,0.022804653846153846,2571.9933923482495,16510.608421497498,0.05800656
0.03667016,0.02934411,118349.3,0.02275948076923077,2569.7818178980383,16496.411479992494,0.05791675
0.03676099,0.02938426,118114.5,0.022714326923076924,2567.2487166596757,16480.15053516929,0.05782297
0.03685183,0.02942438,117879.7,0.022669173076923076,2564.6895046650197,16463.721975423738,0.05772853
0.03694269,0.02946446,117645.6,0.022624153846153846,2561.638978075648,16444.139479548623,0.05762839
0.03703356,0.02950451,117411.5,0.022579134615384615,2558.547223607515,16424.292326165327,0.0575275
0.03712445,0.02954453,117179.4,0.0225345,2555.047144216566,16401.823979069242,0.05742225
0.03721535,0.02958451,116947.2,0.022489846153846152,2551.5389503518436,16379.303542065223,0.05731669
0.03730627,0.02962446,116715.9,0.022445365384615383,2547.797674826317,16355.286864812992,0.05720863
0.0373972,0.02966437,116484.6,0.022400884615384618,2544.060245011405,16331.294874646757,0.0571004
0.03748815,0.02970425,116252.5,0.02235625,2540.2442203541286,16306.79835415393,0.05699106
0.03757911,0.02974409,116020.3,0.022311596153846154,2536.4210408107083,16282.25590371285,0.05688121
0.03767009,0.0297839,115786.5,0.022266634615384615,2532.332796405636,16256.011900635573,0.05676767
0.03776109,0.02982367,115552.5,0.022221634615384615,2528.209102015491,16229.54033055761,0.0566533
0.0378521,0.02986342,115317.2,0.022176384615384615,2523.5658233098466,16199.733350209663,0.05653281
0.03794312,0.02990312,115081.9,0.022131134615384615,2518.8499591737855,16169.460416246793,0.05641115
0.03803416,0.0299428,114847.0,0.022085961538461537,2513.606586242451,16135.801201750097,0.05628365
0.03812521,0.02998244,114612.0,0.022040769230769232,2508.3216819080435,16101.875381306672,0.05615547
0.03821626,0.03002205,114377.7,0.021995711538461537,2502.6841977667423,16065.686216351452,0.0560235
0.03830736,0.03006163,114143.2,0.021950615384615384,2497.017811499683,16029.31151760662,0.055891
0.03839844,0.03010116,113908.4,0.021905461538461537,2491.163641500208,15991.731363325602,0.05575644
0.03848956,0.03014067,113673.5,0.021860288461538462,2485.283791808702,15953.986361288453,0.05562125
0.03858069,0.03018014,113437.4,0.021814884615384614,2479.1302375790237,15914.484345230041,0.05548277
0.03867183,0.03021958,113201.1,0.02176944230769231,2472.9385038836945,15874.737240592094,0.05534352
0.03876299,0.03025898,112963.5,0.02172375,2466.407083405268,15832.809556688913,0.05520027
0.03885416,0.03029835,112725.7,0.02167801923076923,2459.8318191511994,15790.600422835858,0.05505617
0.03894534,0.03033769,112486.5,0.021632019230769232,2452.8779205471455,15745.96069040268,0.05490768
0.03903654,0.03037699,112247.1,0.02158598076923077,2445.879871395478,15701.037538733117,0.05475841
0.03912776,0.03041626,112006.4,0.02153969230769231,2438.5537444810016,15654.008330535704,0.05460539
0.03921898,0.03045549,111765.5,0.021493365384615385,2431.1796628116476,15606.67128244178,0.05445156
0.03931022,0.0304947,111522.9,0.021446711538461536,2423.4964406464037,15557.349743372857,0.05429419
0.03940148,0.03053386,111280.2,0.02140003846153846,2415.763701876379,15507.710338296065,0.05413597
0.03949275,0.030573,111035.8,0.02135303846153846,2407.742186294791,15456.217164515543,0.05397443
0.03958404,0.0306121,110791.1,0.02130598076923077,2399.670084891912,15404.399261017792,0.05381204
0.03967534,0.03065117,110544.5,0.02125855769230769,2391.3135334190797,15350.755363824086,0.05364641
0.03976665,0.0306902,110297.7,0.021211096153846153,2382.907634128372,15296.794684130153,0.0534799
0.03985798,0.0307292,110048.9,0.021163249999999998,2374.227523532466,15241.073737283765,0.05331032
0.03994932,0.03076817,109799.9,0.021115365384615385,2365.4922641361404,15184.99876921347,0.05313982
0.04004068,0.0308071,109549.1,0.021067134615384616,2356.4827206662735,15127.163066862919,0.05296634
0.04013205,0.030846,109298.1,0.021018865384615386,2347.4149988211593,15068.953895289953,0.05279191
0.04022344,0.03088487,109045.7,0.02097032692307692,2338.1195260578706,15009.282703542747,0.05261518
0.04031483,0.0309237,108793.2,0.02092176923076923,2328.7659296968445,14949.238394210892,0.05243752
0.04040625,0.0309625,108539.6,0.020873000000000003,2319.2491729139383,14888.146695782485,0.0522584
0.04049768,0.03100127,108285.8,0.020824192307692307,2309.679623597295,14826.716101906406,0.05207839
0.04058912,0.03104,108031.2,0.020775230769230768,2299.9894142709086,14764.510945319968,0.05189748
0.04068057,0.0310787,107776.5,0.02072625,2290.2458173232912,14701.963073191831,0.05171563
0.04077204,0.03111737,107521.2,0.020677153846153845,2280.376516597862,14638.608260478728,0.05153286
0.04086353,0.031156,107265.8,0.02062803846153846,2270.4509443941074,14574.89221964323,0.05134913
0.04095503,0.0311946,107010.2,0.020578884615384613,2260.3874276584083,14510.290660144427,0.05116444
0.04104654,0.03123317,106754.5,0.02052971153846154,2250.2667805362335,14445.322358863596,0.05097881
0.04113807,0.0312717,106499.1,0.020480596153846155,2240.037404472558,14379.656084958677,0.05079265
0.04122961,0.03131021,106243.5,0.020431442307692307,2229.754366723653,14313.645336190526,0.0506056
0.04132116,0.03134867,105988.6,0.02038242307692308,2219.3918957711066,14247.124675334382,0.05041846
0.04141273,0.03138711,105733.6,0.020333384615384618,2208.9805452117184,14180.290237603556,0.05023046
0.04150431,0.03142551,105479.7,0.020284557692307692,2198.529894725834,14113.203518626864,0.05004295
0.04159591,0.03146388,105225.7,0.02023571153846154,2188.0353295584077,14045.834894528238,0.04985465
0.04168752,0.03150222,104973.2,0.020187153846153844,2177.559222838792,13978.584762259632,0.04966754
0.04177914,0.03154052,104720.6,0.020138576923076926,2167.035960064628,13911.03191725714,0.04947956
0.04187078,0.03157879,104470.1,0.020090403846153848,2156.504477819276,13843.42630832818,0.04929252
0.04196243,0.03161703,104219.5,0.02004221153846154,2145.9159365211312,13775.454415535365,0.0491045
0.04205409,0.03165523,103972.2,0.019994653846153846,2135.2570247490667,13707.030787779788,0.04891688
0.04214577,0.0316934,103724.8,0.019947076923076925,2124.5304352366516,13638.172710747196,0.04872816
0.04223746,0.03173155,103482.0,0.019900384615384615,2113.74695171137,13568.949409305105,0.04854026
0.04232917,0.03176965,103239.2,0.01985369230769231,2102.9147264491635,13499.413216028006,0.04835155
0.04242088,0.03180773,103001.6,0.019808000000000003,2092.1589838539785,13430.367994216847,0.04816528
0.04251261,0.03184577,102764.0,0.019762307692307694,2081.3703254519837,13361.111473263658,0.0479784
0.04260436,0.03188378,102531.1,0.019717519230769233,2070.7854610312447,13293.163183751954,0.04779528
0.04269612,0.03192175,102298.3,0.01967275,2060.174538808496,13225.047619251683,0.04761154
0.0427879,0.0319597,102069.6,0.01962876923076923,2049.6835520187656,13157.701966126891,0.04743027
0.04287968,0.0319976,101840.9,0.01958478846153846,2039.1521566780457,13090.096915071976,0.04724818
0.04297148,0.03203548,101616.4,0.019541615384615383,2028.6075396793979,13022.406989142428,0.04706692
0.04306329,0.03207332,101391.8,0.019498423076923076,2018.0113538146031,12954.386022955068,0.04688469
0.04315512,0.03211114,101171.7,0.019456096153846154,2007.2939316873794,12885.586794871155,0.04670204
0.04324696,0.03214892,100951.6,0.01941376923076923,1996.5268972619606,12816.469086486777,0.04651854
0.04333882,0.03218667,100735.8,0.01937226923076923,1985.7136066386445,12747.054441892213,0.04633547
0.04343068,0.03222438,100520.1,0.019330788461538462,1974.8594515463953,12677.377472656024,0.04615169
0.04352256,0.03226207,100307.8,0.01928996153846154,1964.0346595043336,12607.888996059493,0.04596902
0.04361445,0.03229972,100095.5,0.019249134615384616,1953.177017564685,12538.189643417418,0.04578572
0.04370636,0.03233733,99884.98,0.01920865,1942.3891333904162,12468.938092527856,0.04560365
0.04379828,0.03237492,99674.5,0.019168173076923076,1931.563832457304,12399.44634916521,0.0454208
0.04389022,0.03241247,99464.39,0.019127767307692306,1920.6941574304556,12329.669751538195,0.0452375
0.04398216,0.03244999,99254.25,0.01908735576923077,1909.7684110472262,12259.53321044802,0.04505317
0.04407412,0.03248748,99043.58,0.019046842307692307,1898.592878816921,12187.793198554782,0.04486576
0.04416609,0.03252493,98832.54,0.019006257692307692,1887.9883804822493,12119.718871446838,0.04468475
0.04425808,0.03256236,98618.03,0.01896500576923077,1899.5650722103896,12194.034079451785,0.04476557
0.04435008,0.03259975,98404.27,0.018923898076923077,1907.2534080978337,12243.388445457616,0.04480023
0.04444209,0.03263711,98190.07,0.01888270576923077,1895.580873974506,12168.4579884937,0.04460667
0.04453411,0.03267444,97975.56,0.018841453846153846,1883.641478742247,12091.814448095898,0.04440967
0.04462615,0.03271173,97757.55,0.018799528846153848,1871.6845234333402,12015.05818285586,0.04421197
0.0447182,0.03274899,97539.37,0.018757571153846152,1859.6746192077649,11937.962018286355,0.04401329
0.04481027,0.03278623,97316.26,0.018714665384615383,1847.553617975447,11860.15267957706,0.04381254
0.04490234,0.03282342,97092.94,0.01867171923076923,1835.3665794630601,11781.919422332174,0.04361061
0.04499443,0.03286059,96863.6,0.018627615384615385,1823.038113330464,11702.778287149418,0.04340615
0.04508654,0.03289773,96634.0,0.01858346153846154,1810.6367705487464,11623.169328907592,0.04320039
0.04517866,0.03293483,96397.66,0.01853801153846154,1798.0868680291449,11542.606708939147,0.04299194
0.04527078,0.0329719,96161.03,0.01849250576923077,1785.4568408459438,11461.529738137013,0.04278212
0.04536293,0.03300894,95917.17,0.018445609615384616,1772.716076615247,11379.741903911046,0.04257007
0.04545508,0.03304594,95672.99,0.018398651923076922,1759.8936190493525,11297.429648948968,0.04235661
0.04554725,0.03308292,95421.23,0.018350236538461538,1747.004675822553,11214.69059712337,0.04214151
0.04563942,0.03311986,95169.14,0.018301757692307692,1734.033680486944,11131.424821456743,0.04192496
0.04573162,0.03315677,94909.37,0.018251801923076922,1721.0403918268898,11048.015936421556,0.04170737
0.04582383,0.03319365,94649.26,0.018201780769230767,1707.9575194801605,10964.03197946898,0.04148822
0.04591604,0.0332305,94381.81,0.018150348076923076,1694.884682241074,10880.112441707079,0.04126858
0.04600827,0.03326732,94114.0,0.018098846153846153,1681.7213882834496,10795.612227702652,0.0410474
0.04610052,0.0333041,93839.49,0.01804605576923077,1668.6616442753948,10711.776740394062,0.0408271
0.04619277,0.03334085,93564.64,0.0179932,1655.5190429767974,10627.409360475216,0.04060532
0.04628504,0.03337757,93283.66,0.017939165384615385,1642.597434035051,10544.46061494282,0.04038608
0.04637733,0.03341426,93002.35,0.01788506730769231,1629.6036588335166,10461.048606611948,0.04016551
0.04646961,0.03345091,92715.61,0.017829925,1616.902444832244,10379.51466042199,0.03994852
0.04656193,0.03348754,92428.57,0.017774725,1604.1239146288333,10297.48439198566,0.03973007
0.04665423,0.03352412,92137.36,0.017718723076923078,1591.6140887580134,10217.179039340235,0.03951519
0.04674657,0.03356069,91845.89,0.017662671153846152,1579.019869903877,10136.331935885806,0.03929877
0.04683892,0.03359722,91552.27,0.01760620576923077,1566.6814817587174,10057.127107512906,0.03908618
0.04693128,0.03363372,91258.45,0.01754970192307692,1554.2601959983815,9977.390127670518,0.03887213
0.04702365,0.03367019,90964.79,0.017493228846153844,1542.2120880408027,9900.048718746486,0.0386639
0.04711603,0.03370662,90670.99,0.017436728846153847,1530.0946260387145,9822.262099708485,0.03845441
0.04720842,0.03374303,90379.41,0.01738065576923077,1518.4774517763553,9747.687018846791,0.03825273
0.04730083,0.0337794,90087.76,0.017324569230769228,1506.8040709014997,9672.751126261246,0.03804999
0.04739325,0.03381575,89800.29,0.017269286538461538,1495.6900394123384,9601.405911126692,0.0378561
0.04748568,0.03385206,89512.83,0.01721400576923077,1484.5238231193973,9529.725701795294,0.03766116
0.04757812,0.03388834,89231.66,0.017159934615384616,1473.9032838508226,9461.548401802904,0.03747524
0.04767058,0.03392458,88950.57,0.017105878846153846,1463.240115170095,9393.097447323922,0.03728845
0.04776305,0.0339608,88677.86,0.017053434615384614,1453.1566141090916,9328.36760080438,0.03711142
0.04785552,0.03399698,88405.31,0.017001021153846153,1443.0407817899516,9263.430207584111,0.03693367
0.04794802,0.03403314,88142.96,0.016950569230769232,1433.5413255745736,9202.449568109736,0.03676638
0.04804052,0.03406926,87880.83,0.016900159615384616,1424.0195790179346,9141.325838416995,0.03659852
0.04813304,0.03410535,87630.6,0.016852038461538463,1415.0912618737443,9084.011558889986,0.03644095
0.04822557,0.0341414,87380.65,0.016803971153846152,1406.1435884611553,9026.573024079513,0.03628286
0.04831811,0.03417743,87144.21,0.016758501923076926,1397.735015143212,8972.595178782927,0.03613447
0.04841066,0.03421343,86908.1,0.016713096153846155,1389.3104528995573,8918.51469446235,0.03598562
0.04850322,0.03424939,86686.77,0.016670532692307692,1381.3999219835512,8867.733973660777,0.03584622
0.04859581,0.03428533,86465.79,0.016628036538461538,1373.4865428615215,8816.934969136355,0.03570658
0.04868839,0.03432123,86260.3,0.01658851923076923,1366.0706637150151,8769.329607064516,0.03557613
0.048781,0.0343571,86055.17,0.016549071153846153,1358.6594484534012,8721.754184252011,0.03544552
0.0488736,0.03439294,85865.69,0.016512632692307693,1351.7007204416814,8677.083450005563,0.03532338
0.04896624,0.03442875,85676.59,0.01647626730769231,1344.7479704349996,8632.451090857829,0.03520111
0.04905887,0.03446453,85503.05,0.01644289423076923,1338.1816022273456,8590.299064126157,0.03508625
0.04915152,0.03450028,85329.88,0.01640959230769231,1331.6216492572087,8548.188219255562,0.0349713
0.04924419,0.034536,85171.86,0.016379203846153847,1325.4227057706933,8508.394832212914,0.03486322
0.04933686,0.03457169,85014.19,0.016348882692307692,1319.2354762563823,8468.676641634107,0.03475514
0.04942955,0.03460735,84870.74,0.016321296153846154,1313.3897615286312,8431.150764973298,0.03465339
0.04952225,0.03464297,84727.61,0.016293771153846153,1307.560601990452,8393.731162400583,0.03455171
0.04961496,0.03467857,84597.28,0.01626870769230769,1302.0212249935619,8358.171784695029,0.03445531
0.04970768,0.03471413,84467.23,0.016243698076923076,1296.4969316491806,8322.709234718846,0.03435893
0.04980041,0.03474966,84348.27,0.016220821153846154,1291.182771942456,8288.595612861161,0.03426641
0.04989315,0.03478516,84229.55,0.016197990384615384,1285.8814972885248,8254.564705081124,0.0341739
0.04998591,0.03482063,84119.99,0.016176921153846155,1280.7096669526989,8221.364749843571,0.0340838
0.05007868,0.03485607,84010.62,0.01615588846153846,1275.5477203533624,8188.228242087418,0.03399368
0.05017146,0.03489148,83908.31,0.01613621346153846,1270.4459531971277,8155.478049172909,0.0339047
0.05026425,0.03492686,83806.15,0.016116567307692307,1265.353857173927,8122.789938956976,0.0338157
0.05035705,0.03496221,83708.72,0.01609783076923077,1260.2725618118695,8090.171162312177,0.03372685
0.05044987,0.03499753,83611.39,0.016079113461538463,1255.199750405381,8057.606847420153,0.03363797
0.05054269,0.03503281,83516.3,0.016060826923076924,1250.091244240784,8024.813394235787,0.03354826
0.05063553,0.03506807,83421.28,0.016042553846153846,1244.9902001741216,7992.067843109557,0.03345851
0.05072839,0.0351033,83325.92,0.016024215384615383,1239.804495350955,7958.778822235906,0.03336693
0.05082125,0.03513849,83230.56,0.016005876923076923,1234.6215166662807,7925.507301486976,0.03327522
0.0509141,0.03517365,83132.45,0.015987009615384615,1229.2763470345594,7891.194615070914,0.03318034
0.051007,0.03520878,83034.29,0.01596813269230769,1223.926055422087,7856.849048703147,0.0330852
0.05109989,0.03524388,82931.28,0.015948323076923076,1218.345905187808,7821.027932006113,0.03298577
0.0511928,0.03527896,82828.18,0.01592849615384615,1212.7527453944713,7785.123301978143,0.03288597
0.05128572,0.035314,82718.44,0.01590739230769231,1206.912269813919,7747.631057405237,0.03278151
0.05137864,0.03534901,82608.57,0.01588626346153846,1201.054480043532,7710.027666431511,0.03267662
0.05147159,0.035384,82490.5,0.01586355769230769,1194.9333832391155,7670.734006988813,0.0325667
0.05156454,0.03541894,82372.27,0.015840821153846156,1188.787438432002,7631.280838721635,0.03245625
0.05165752,0.03545387,82244.69,0.015816286538461538,1182.3682826643453,7590.073824896605,0.03234057
0.05175049,0.03548876,82116.91,0.015791713461538463,1175.9161787418404,7548.655304275126,0.0322242
0.05184348,0.03552362,81979.08,0.015765207692307694,1169.1845298492303,7505.442277668001,0.03210252
0.05193648,0.03555845,81841.04,0.015738661538461537,1162.4163199664165,7461.994552093705,0.03198013
0.05202949,0.03559325,81692.51,0.015710098076923074,1155.4218213297602,7417.094192536758,0.03185321
0.05212251,0.03562802,81543.73,0.015681486538461537,1148.3898852759744,7371.953507893293,0.03172554
0.05221554,0.03566276,81384.19,0.01565080576923077,1141.1979882618853,7325.785972719747,0.03159432
0.05230858,0.03569747,81224.39,0.015620075,1133.9670622885606,7279.367895742732,0.03146231
0.05240164,0.03573215,81053.81,0.015587271153846153,1126.6164390248643,7232.181436118885,0.03132734
0.05249471,0.0357668,80882.96,0.015554415384615387,1119.220026373758,7184.701036919752,0.03119143
0.05258779,0.03580142,80701.75,0.015519567307692307,1111.7094475399185,7136.487761367324,0.03105277
0.05268088,0.03583601,80520.26,0.015484665384615383,1104.1461595200806,7087.936125408207,0.03091306
0.05277398,0.03587057,80329.35,0.015447951923076924,1096.481587189587,7038.734306755209,0.03077097
0.05286709,0.03590509,80138.19,0.015411190384615385,1088.7591125778824,6989.160791232917,0.03062776
0.05296021,0.03593959,79938.84,0.015372853846153845,1081.0022963041818,6939.366823459291,0.0304834
0.05305334,0.03597406,79739.24,0.015334469230769232,1073.1907719853714,6889.221663838514,0.03033798
0.05314648,0.0360085,79532.74,0.015294757692307693,1065.438348021593,6839.455891980711,0.03019295
0.05323964,0.03604291,79326.02,0.015255003846153846,1057.634624456654,6789.360808379939,0.03004692
0.05333281,0.03607729,79113.59,0.015214151923076923,1049.9718197904863,6740.170337039729,0.02990265
0.05342599,0.03611164,78900.97,0.015173263461538461,1042.2604835654008,6690.668323077457,0.02975738
0.05351918,0.03614596,78683.9,0.01513151923076923,1034.7139328596654,6642.224130333394,0.02961438
0.05361238,0.03618025,78466.66,0.015089742307692309,1027.1191504289616,6593.470319715967,0.02947039
0.05370559,0.03621451,78246.4,0.015047384615384614,1019.7071245751508,6545.889693402401,0.02932912
0.05379881,0.03624873,78025.98,0.015004996153846152,1012.2490139204893,6498.013231141785,0.0291869
0.05389204,0.03628293,77803.95,0.014962298076923076,1004.9968978204952,6451.459126644292,0.02904794
0.05398529,0.0363171,77581.8,0.014919576923076924,997.7024642174622,6404.633369924003,0.02890811
0.05407854,0.03635124,77359.35,0.014876798076923077,990.6611637345661,6359.432571431649,0.02877241
0.05417181,0.03638535,77136.82,0.014834003846153847,983.580899369906,6313.981648892981,0.02863587
0.05426508,0.03641943,76915.17,0.014791378846153846,976.7602164997937,6270.1970791617105,0.02850369
0.05435837,0.03645348,76693.48,0.014748746153846153,969.9037705131326,6226.1829323191505,0.02837073
0.05445167,0.03648751,76473.79,0.014706498076923076,963.2993532356389,6183.7866540684845,0.02824214
0.05454498,0.0365215,76254.07,0.014664244230769232,956.6599642405828,6141.165878999041,0.02811279
0.05463829,0.03655546,76037.4,0.014622576923076922,950.2811279355757,6100.2176912120385,0.02798809
0.05473162,0.0365894,75820.74,0.01458091153846154,943.8742520128637,6059.089506404208,0.02786276
0.05482496,0.0366233,75607.88,0.014539976923076924,937.7623177198334,6019.854664623369,0.02774267
0.05491832,0.03665717,75395.05,0.014499048076923078,931.6292528307979,5980.484177472137,0.02762207
0.05501167,0.03669102,75186.49,0.014458940384615386,925.8066456573594,5943.106637032551,0.02750696
0.05510505,0.03672483,74977.97,0.014418840384615385,919.9666257674086,5905.61731771175,0.02739137
0.05519843,0.03675862,74774.06,0.014379626923076923,914.4063154590107,5869.923561080378,0.0272808
0.05529183,0.03679237,74570.19,0.014340421153846154,908.8315694760997,5834.137136338002,0.02716982
0.05538523,0.0368261,74371.19,0.014302151923076923,903.5206512697862,5800.044322910132,0.02706362
0.05547865,0.03685979,74172.24,0.01426389230769231,898.1975961484239,5765.873597986683,0.02695705
0.05557208,0.03689346,73978.3,0.014226596153846154,893.1293995645933,5733.338907404761,0.02685512
0.05566551,0.0369271,73784.42,0.014189311538461539,888.0531914776444,5700.7527879228865,0.02675292
0.05575896,0.0369607,73595.52,0.014152984615384617,883.2265085921797,5669.768466060422,0.02665524
0.05585242,0.03699428,73406.7,0.014116673076923077,878.3925245974547,5638.737275587641,0.02655728
0.05594589,0.03702783,73222.83,0.014081313461538462,873.775786168621,5609.100667418381,0.02646331
0.05603937,0.03706135,73039.03,0.014045967307692307,869.1522742946263,5579.420577916294,0.02636909
0.05613286,0.03709484,72860.14,0.014011565384615385,864.7217219727511,5550.97916951491,0.02627847
0.05622636,0.0371283,72681.32,0.013977176923076925,860.2863297077193,5522.506691668917,0.02618765
0.05631987,0.03716174,72507.25,0.013943701923076923,856.044963390386,5495.279740524347,0.02610044
0.05641339,0.03719514,72333.26,0.013910242307692307,851.8005781275672,5468.033409615077,0.02601305
0.05650692,0.03722851,72163.79,0.013877651923076922,847.746717226523,5442.010127389126,0.02592919
0.05660046,0.03726186,71994.39,0.013845075,843.6917520876606,5415.979756638658,0.02584519
0.05669401,0.03729518,71829.22,0.01381331153846154,839.8239146759565,5391.15063027595,0.02576462
0.05678757,0.03732846,71664.12,0.013781561538461537,835.9550752782064,5366.3150717819235,0.02568391
0.05688115,0.03736172,71503.02,0.01375058076923077,832.2592235061073,5342.589986960725,0.02560639
0.05697473,0.03739495,71341.99,0.013719613461538462,828.560847449273,5318.848697791204,0.02552871
0.05706832,0.03742815,71184.85,0.013689394230769232,825.0194335256614,5296.115008534793,0.02545394
0.05716193,0.03746132,71027.77,0.01365918653846154,821.4747061486983,5273.360048955147,0.02537901
0.05725554,0.03749446,70874.56,0.013629723076923077,818.0638924229223,5251.464732274905,0.02530665
0.05734916,0.03752758,70721.41,0.013600271153846155,814.6479727645195,5229.536638662001,0.02523409
0.0574428,0.03756066,70572.12,0.013571561538461537,811.3582625063696,5208.418731417726,0.02516401
0.05753644,0.03759372,70422.89,0.01354286346153846,808.0668576823304,5187.289946107464,0.02509383
0.05763009,0.03762675,70277.4,0.013514884615384614,804.9260505364634,5167.127904841291,0.02502651
0.05772376,0.03765974,70131.97,0.013486917307692308,801.7868509403569,5146.976183051323,0.02495913
0.05781744,0.03769271,69990.02,0.013459619230769231,798.8216587464872,5127.941481269773,0.02489495
0.05791112,0.03772565,69848.13,0.013432332692307694,795.8606897689269,5108.933889927533,0.02483076
0.05800482,0.03775856,69709.49,0.013405671153846156,793.0501459063429,5090.891934880284,0.0247693
0.05809852,0.03779144,69570.91,0.013379021153846154,790.2398073980447,5072.851298080668,0.02470773
0.05819224,0.03782429,69435.55,0.013352990384615385,787.529880332915,5055.455240704982,0.02464811
0.05828596,0.03785711,69300.25,0.013326971153846155,784.8158578956001,5038.032893570275,0.02458831
0.0583797,0.03788991,69168.35,0.01330160576923077,782.1652536399828,5021.017651977879,0.02452991
0.05847344,0.03792268,69036.51,0.013276251923076922,779.5097940510417,5003.971242145508,0.02447135
0.0585672,0.03795542,68908.18,0.013251573076923076,776.9411026774886,4987.481830644458,0.02441463
0.05866097,0.03798813,68779.91,0.01322690576923077,774.3707999322438,4970.982075132764,0.02435783
0.05875474,0.03802081,68655.09,0.013202901923076922,771.91416811374,4955.2120167369,0.02430328
0.05884851,0.03805346,68530.34,0.013178911538461537,769.4588379001096,4939.450313840101,0.0242487
0.05894232,0.03808609,68408.81,0.013155540384615385,767.1326232108187,4924.517452832962,0.02419656
0.05903611,0.03811868,68287.34,0.013132180769230768,764.8088866917118,4909.600500147217,0.02414439
0.05912994,0.03815125,68168.92,0.013109407692307692,762.5843815482078,4895.3205515807595,0.02409412
0.05922376,0.03818379,68050.56,0.013086646153846153,760.3604250911199,4881.044125242076,0.02404379
0.05931759,0.03821629,67935.16,0.013064453846153847,758.2117520159355,4867.250971699876,0.02399493
0.05941144,0.03824878,67819.81,0.013042271153846154,756.0622927048252,4853.452771008822,0.02394599
0.05950529,0.03828123,67707.41,0.01302065576923077,753.9631223290403,4839.977394210538,0.02389826
0.05959917,0.03831366,67595.05,0.012999048076923078,751.8624506125578,4826.492379732607,0.02385044
0.05969304,0.03834605,67485.55,0.012977990384615385,749.8159456905656,4813.355082607271,0.02380401
0.05978693,0.03837842,67376.1,0.012956942307692308,747.7700069769867,4800.221420190104,0.02375754
0.05988082,0.03841076,67269.26,0.012936396153846152,745.7845369448821,4787.475929346224,0.02371251
0.05997472,0.03844307,67162.45,0.012915855769230768,743.801308777247,4774.744829887056,0.02366746
0.06006864,0.03847536,67057.9,0.01289575,741.884369244082,4762.4392625034325,0.02362378
0.06016256,0.03850761,66953.38,0.01287565,739.970223358979,4750.151628614256,0.02358008
0.0602565,0.03853984,66850.74,0.012855911538461539,738.1111442163373,4738.217489187597,0.02353743
0.06035044,0.03857203,66748.13,0.012836178846153847,736.2532354541675,4726.290862880424,0.02349472
0.06044439,0.0386042,66647.07,0.012816744230769232,734.4327033604766,4714.604171690967,0.02345267
0.06053834,0.03863634,66546.03,0.012797313461538461,732.6120082260726,4702.916433880869,0.02341055
0.06063232,0.03866845,66446.19,0.012778113461538463,730.8104064485922,4691.35126362501,0.02336873
0.06072629,0.03870054,66346.37,0.012758917307692307,729.0085306802254,4679.78433451695,0.02332685
0.06082029,0.0387326,66247.43,0.012739890384615383,727.2247523845352,4668.333580001591,0.02328523
0.0609143,0.03876463,66148.49,0.012720863461538463,725.4413366500025,4656.885152904847,0.02324356
0.06100831,0.03879663,66050.03,0.012701928846153846,723.6805014793285,4645.581679076224,0.02320219
0.06110233,0.0388286,65951.57,0.012682994230769231,721.9197819915248,4634.278947860152,0.02316076
0.06119636,0.03886055,65853.14,0.012664065384615385,720.182188800889,4623.124673182853,0.02311959
0.0612904,0.03889246,65754.71,0.01264513653846154,718.4453592175818,4611.975300392794,0.02307837
0.06138444,0.03892435,65655.84,0.012626123076923077,716.7172739480353,4600.882060694232,0.0230371
0.0614785,0.03895621,65556.95,0.012607105769230768,714.9894101682355,4589.79024282299,0.02299577
0.06157257,0.03898804,65457.18,0.012587919230769231,713.2580706435634,4578.676112817227,0.02295414
0.06166664,0.03901985,65357.39,0.012568728846153846,711.5261128158368,4567.558013687884,0.02291245
0.06176073,0.03905162,65256.28,0.012549284615384616,709.7828906742419,4556.367604623389,0.0228703
0.06185483,0.03908337,65155.14,0.012529834615384615,708.0390453421909,4545.173195061215,0.02282809
0.06194893,0.03911509,65052.26,0.01251005,706.2896984811158,4533.943469081936,0.02278549
0.06204305,0.03914679,64949.35,0.012490259615384615,704.5382028354531,4522.699949233274,0.0227428
0.06213717,0.03917845,64844.3,0.012470057692307693,702.7765256022423,4511.39106988345,0.02269961
0.0622313,0.03921009,64739.22,0.01244985,701.0113666116025,4500.059839802206,0.0226563
0.06232544,0.0392417,64631.7,0.012429173076923076,699.2277012793693,4488.609810442443,0.02261234
0.06241959,0.03927328,64524.14,0.01240848846153846,697.4381369222532,4477.121912987762,0.02256823
0.06251376,0.03930483,64413.93,0.01238729423076923,695.6233632885061,4465.472187553164,0.02252337
0.06260793,0.03933636,64303.69,0.012366094230769231,693.8033781292825,4453.789007345053,0.02247837
0.06270211,0.03936786,64190.61,0.012344348076923077,691.9719755991174,4442.0325346699465,0.02243286
0.0627963,0.03939933,64077.49,0.012322594230769231,690.1363974068124,4430.249256823919,0.02238724
0.06289049,0.03943077,63961.32,0.012300253846153845,688.3039347700205,4418.485978919276,0.02234135
0.0629847,0.03946219,63845.09,0.012277901923076923,686.4685286667859,4406.703805778751,0.02229535
0.06307892,0.03949358,63725.59,0.012254921153846153,684.6400307343936,4394.965978826683,0.02224911
0.06317314,0.03952493,63606.02,0.012231926923076923,682.8065670443594,4383.196274778746,0.02220271
0.06326738,0.03955627,63483.07,0.012208282692307693,680.9697609317946,4371.405114443344,0.0221559
0.06336162,0.03958757,63360.05,0.012184625000000001,679.1252267163026,4359.564344462113,0.0221089
0.06345588,0.03961885,63233.69,0.012160325,677.2696126758661,4347.652448850629,0.02206138
0.06355014,0.0396501,63107.26,0.01213601153846154,675.4035602478106,4335.673545240196,0.02201363
0.06364441,0.03968132,62977.66,0.012111088461538463,673.5348539514022,4323.677605434684,0.02196559
0.06373869,0.03971252,62847.99,0.012086151923076922,671.6564504759392,4311.619415731236,0.02191733
0.06383298,0.03974369,62715.34,0.012060642307692307,669.7984488095128,4299.692193036139,0.02186922
0.06392728,0.03977482,62582.62,0.01203511923076923,667.9318856450526,4287.710010813556,0.02182092
0.06402158,0.03980594,62447.07,0.012009051923076924,666.1047886737585,4275.981177166127,0.0217731
0.0641159,0.03983702,62311.46,0.011982973076923076,664.2697657844406,4264.2014640221705,0.02172511
0.06421023,0.03986808,62173.23,0.011956390384615385,662.4772555454817,4252.694655826232,0.02167766
0.06430456,0.03989911,62034.95,0.011929798076923076,660.6760247407846,4241.131866986428,0.02163001
0.06439889,0.03993011,61894.37,0.011902763461538462,658.9098656571825,4229.794216926292,0.02158283
0.06449325,0.03996108,61753.74,0.01187571923076923,657.1339978720194,4218.39424300085,0.02153543
0.06458761,0.03999203,61611.21,0.011848309615384614,655.3932497490104,4207.219715607053,0.02148855
0.06468198,0.04002295,61468.63,0.011820890384615384,653.6413684809302,4195.973720300736,0.02144144
0.06477637,0.04005385,61324.55,0.011793182692307693,651.9403281459895,4185.05409237209,0.0213952
0.06487075,0.04008471,61180.43,0.011765467307692307,650.2295804788552,4174.07214936863,0.02134876
0.06496516,0.04011555,61035.24,0.011737546153846154,648.5800158024151,4163.482963362297,0.02130342
0.06505955,0.04014636,60890.01,0.011709617307692308,646.9220238132922,4152.839679215522,0.02125791
0.06515397,0.04017715,60744.13,0.011681563461538461,645.3328472324863,4142.638147471172,0.02121369
0.0652484,0.04020791,60598.23,0.011653505769230769,643.7362243499533,4132.388815070579,0.0211693
0.06534283,0.04023864,60452.16,0.011625415384615385,642.2083664266308,4122.580911220318,0.02112627
0.06543728,0.04026935,60306.07,0.011597321153846154,640.6718901456992,4112.717682839229,0.02108306
0.06553173,0.04030002,60160.29,0.011569286538461539,639.220641667069,4103.40156428922,0.02104155
0.06562619,0.04033067,60014.5,0.01154125,637.7619091845453,4094.037403058355,0.02099988
0.06572065,0.0403613,59869.48,0.011513361538461539,636.4034322950641,4085.316820789907,0.02096022
0.06581513,0.04039189,59724.46,0.011485473076923077,635.038596282052,4076.5554168775016,0.02092041
0.06590961,0.04042246,59580.72,0.01145783076923077,633.7730169684006,4068.431179647262,0.02088263
0.06600411,0.040453,59436.98,0.011430188461538463,632.50072858092,4060.263874308374,0.02084468
0.06609861,0.04048351,59295.08,0.0114029,631.3226259447406,4052.7011832982957,0.02080873
0.06619313,0.040514,59153.19,0.011375613461538462,630.139194959786,4045.1042875813073,0.02077265
0.06628765,0.04054446,59013.65,0.011348778846153847,629.0502445676975,4038.1138988938023,0.02073862
0.06638218,0.04057489,58874.13,0.011321948076923076,627.9575533098018,4031.0994961591837,0.02070449
0.06647671,0.0406053,58737.36,0.011295646153846154,626.9760527058854,4024.79886872175,0.02067274
0.06657126,0.04063568,58600.63,0.011269351923076923,625.9948323043378,4018.5000400103954,0.02064095
0.06666581,0.04066603,58466.96,0.011243646153846154,625.1228564563977,4012.902493834277,0.02061148
0.06676038,0.04069635,58333.33,0.011217948076923077,624.2511044246886,4007.306384420071,0.02058197
0.06685495,0.04072665,58203.11,0.011192905769230769,623.4802679530042,4002.358090548534,0.02055467
0.06694953,0.04075692,58072.93,0.011167871153846154,622.7089630971183,3997.4067899398246,0.02052731
0.06704412,0.04078717,57946.56,0.01114356923076923,622.0277521221892,3993.0338363805577,0.02050203
0.06713872,0.04081739,57820.23,0.011119275000000001,621.3448797892497,3988.6502179293666,0.02047669
0.06723332,0.04084758,57698.09,0.011095786538461537,620.7679494615543,3984.9466816934632,0.02045375
0.06732794,0.04087775,57576.0,0.011072307692307692,620.1911414280773,3981.243930510881,0.02043081
0.06742256,0.04090789,57458.41,0.01104969423076923,619.7348127758576,3978.3145825153824,0.02041052
0.06751719,0.040938,57340.88,0.011027092307692308,619.2825975719446,3975.4116403164385,0.02039029
0.06761184,0.04096809,57228.04,0.011005392307692308,618.9634479654311,3973.3628970355667,0.02037291
0.06770649,0.04099815,57115.26,0.010983703846153846,618.6523046638615,3971.3655492855796,0.02035561
0.06780114,0.04102818,57007.3,0.010962942307692309,618.4541901531782,3970.0937765359913,0.02034077
0.06789579,0.04105818,56899.4,0.010942192307692307,618.2637733994073,3968.8714186295697,0.02032601
0.06799047,0.04108815,56796.41,0.010922386538461538,618.1702289634251,3968.2709211488577,0.02031341
0.06808516,0.04111811,56693.48,0.010902592307692308,618.0846284741655,3967.7214188977787,0.02030089
0.06817984,0.04114803,56595.6,0.01088376923076923,618.0824246995319,3967.7072720262777,0.02029033
0.06827456,0.04117794,56497.79,0.010864959615384615,618.0868417756326,3967.7356269256657,0.02027985
0.06836927,0.04120781,56405.11,0.010847136538461538,618.1922321883803,3968.4121682579394,0.02027165
0.06846398,0.04123766,56312.49,0.010829324999999999,618.3058253267732,3969.1413660206367,0.02026357
0.0685587,0.04126748,56225.0,0.0108125,618.5304489403155,3970.583310831402,0.0202579
0.06865343,0.04129727,56137.57,0.010795686538461538,618.7656390464589,3972.093085995948,0.02025239
0.06874817,0.04132704,56055.2,0.010779846153846154,619.1198103210992,3974.3666467473577,0.02024939
0.06884292,0.04135678,55972.89,0.010764017307692308,619.4852486249104,3976.7125348644863,0.02024652
0.06893768,0.0413865,55895.56,0.010749146153846154,619.9538972800128,3979.720969666332,0.02024585
0.06903245,0.04141619,55818.29,0.010734286538461538,620.4335326363524,3982.799932301768,0.02024532
0.06912722,0.04144585,55745.92,0.01072036923076923,621.0133290921741,3986.5218673093477,0.02024691
0.069222,0.04147548,55673.61,0.010706463461538461,621.6046043406028,3990.3174890730634,0.02024864
0.06931679,0.04150509,55606.11,0.010693482692307693,622.2925558523975,3994.7337127142323,0.02025241
0.06941159,0.04153467,55538.67,0.010680513461538461,622.9927389549921,3999.2284556108048,0.02025633
0.0695064,0.04156423,55475.88,0.01066843846153846,623.7923955932304,4004.361757144503,0.02026228
0.06960122,0.04159376,55413.15,0.010656375000000001,624.6035769801837,4009.569040444156,0.02026838
0.06969604,0.04162326,55354.95,0.010645182692307692,625.5056074048857,4015.3595184332676,0.02027633
0.06979087,0.04165274,55296.8,0.010634000000000001,626.4189667598239,4021.22272115469,0.02028441
0.06988571,0.04168219,55243.05,0.010623663461538462,627.4141243908291,4027.611018267767,0.02029417
0.06998056,0.04171162,55189.35,0.010613336538461539,628.4214215733978,4034.0772438012177,0.02030408
0.07007542,0.04174102,55139.87,0.010603821153846154,629.5149502689522,4041.097022368179,0.02031572
0.07017028,0.04177039,55090.44,0.010594315384615385,630.6217312901127,4048.2018726773163,0.02032751
0.07026515,0.04179973,55044.97,0.010585571153846155,631.8107015060846,4055.8343268349113,0.0203409
0.07036003,0.04182906,54999.54,0.010576834615384615,633.0121335723072,4063.5467783713134,0.02035444
0.07045492,0.04185835,54957.81,0.010568809615384615,634.2930391472197,4071.769400729213,0.02036949
0.07054982,0.04188762,54916.12,0.010560792307692309,635.584734537646,4080.0612870360087,0.02038465
0.07064472,0.04191686,54877.89,0.010553440384615384,636.9459269433769,4088.7993012409443,0.02040114
0.07073963,0.04194608,54839.7,0.010546096153846152,638.3178971883182,4097.606502514308,0.02041775
0.07083455,0.04197527,54804.75,0.010539375,639.7634778815624,4106.886237384093,0.02043573
0.07092948,0.04200444,54769.83,0.010532659615384616,641.2204343956216,4116.238997994734,0.02045384
0.07102442,0.04203358,54737.89,0.010526517307692308,642.7576580746112,4126.107024209559,0.02047339
0.07111936,0.04206269,54705.98,0.01052038076923077,644.3060872704837,4136.046982919221,0.02049305
0.07121431,0.04209178,54676.79,0.010514767307692309,645.9327214835403,4146.488969518677,0.02051406
0.07130927,0.04212084,54647.63,0.010509159615384615,647.5684634966289,4156.989422566901,0.02053513
0.07140423,0.04214987,54620.97,0.010504032692307692,649.267177003153,4167.894113694791,0.02055726
0.0714992,0.04217888,54594.34,0.010498911538461537,650.9741610432933,4178.851896538381,0.02057943
0.0715942,0.04220787,54569.99,0.010494228846153846,652.7322385923507,4190.137668140076,0.02060243
0.07168917,0.04223682,54545.67,0.010489551923076922,654.4982223507128,4201.4741927205,0.02062547
0.07178418,0.04226576,54523.39,0.010485267307692307,656.3132189713533,4213.125349593176,0.0206493
0.07187918,0.04229466,54501.13,0.010480986538461539,658.1365245575776,4224.82984489104,0.02067318
0.0719742,0.04232355,54480.66,0.01047705,660.0086366114058,4236.847647554873,0.02069781
0.07206922,0.0423524,54460.21,0.010473117307692308,661.8887017712887,4248.916504245592,0.02072248
0.07216425,0.04238123,54441.28,0.010469476923076922,663.8134404681329,4261.272137441167,0.02074779
0.0722593,0.04241004,54422.36,0.010465838461538462,665.7459249745128,4273.677493948058,0.02077314
0.07235435,0.04243882,54404.69,0.010462440384615385,667.7139977427582,4286.31130510721,0.02079895
0.0724494,0.04246757,54387.03,0.01045904423076923,669.6880686328193,4298.9836205023585,0.02082477
0.07254446,0.0424963,54370.34,0.010455834615384615,671.6967400955019,4311.878050195084,0.02085102
0.07263953,0.042525,54353.65,0.010452625,673.7120668116422,4324.815202502927,0.0208773
0.07273461,0.04255368,54337.66,0.01044955,675.7655474340446,4337.997279314821,0.02090403
0.07282969,0.04258233,54321.67,0.010446475,677.8250437573507,4351.2179732095965,0.02093078
0.07292478,0.04261096,54306.11,0.010443482692307693,679.9230555506674,4364.685912624289,0.02095795
0.07301988,0.04263956,54290.55,0.010440490384615385,682.025414600121,4378.181758737342,0.02098509
0.07311499,0.04266813,54275.17,0.010437532692307691,684.1549939049116,4391.852342071081,0.02101243
0.07321011,0.04269668,54259.8,0.010434576923076923,686.287398124644,4405.541059613316,0.02103973
0.07330523,0.0427252,54244.42,0.01043161923076923,688.4364287846151,4419.336508628906,0.02106704
0.07340036,0.0427537,54229.04,0.010428661538461538,690.5875979107963,4433.14568527627,0.02109428
0.0734955,0.04278217,54213.53,0.010425678846153846,692.7451289018645,4446.995701165406,0.02112138
0.07359064,0.04281062,54198.02,0.010422696153846153,694.9062625285201,4460.868843749051,0.02114846
0.0736858,0.04283904,54182.22,0.010419657692307693,697.0772040201941,4474.80494676613,0.02117541
0.07378096,0.04286743,54166.41,0.010416617307692309,699.2519406413195,4488.76541216939,0.02120233
0.07387613,0.0428958,54150.06,0.010413473076923077,701.4272627827863,4502.729636251467,0.02122895
0.0739713,0.04292415,54133.7,0.010410326923076923,703.6056322904809,4516.71342254185,0.02125553
0.07406649,0.04295247,54116.51,0.010407021153846154,705.7765430366793,4530.649328191972,0.02128167
0.07416168,0.04298076,54099.32,0.010403715384615384,707.9488011620423,4544.593883183826,0.02130773
0.07425687,0.04300903,54081.05,0.010400201923076923,710.1053721361944,4558.437736357525,0.02133325
0.07435208,0.04303728,54062.78,0.010396688461538461,712.2636887238425,4572.292795291306,0.02135871
0.07444729,0.0430655,54043.25,0.010392932692307693,714.4209317908112,4586.140962885622,0.02138386
0.07454251,0.04309369,54023.71,0.010389175,716.5790899054127,4599.9950045203595,0.02140895
0.07463773,0.04312186,54002.78,0.01038515,718.7452509548492,4613.900420051965,0.02143383
0.07473298,0.04315001,53981.84,0.010381123076923076,720.9118161088865,4627.808429685423,0.02145864
0.07482821,0.04317812,53959.46,0.01037681923076923,723.0833845566511,4641.7485573732265,0.02148316
0.07492347,0.04320621,53937.05,0.010372509615384617,725.253803463807,4655.681305720588,0.02150754
0.07501873,0.04323428,53913.13,0.010367909615384615,727.4000019659848,4669.45857403305,0.02153117
0.075114,0.04326232,53889.18,0.010363303846153846,729.5455385204442,4683.231593050158,0.02155466
0.07520927,0.04329034,53863.64,0.010358392307692308,731.6454096796577,4696.711468445063,0.0215771
0.07530455,0.04331833,53838.08,0.010353476923076924,733.7446422984849,4710.187244805221,0.02159941
0.07539984,0.0433463,53810.79,0.010348228846153846,735.7960999302985,4723.35633526748,0.02162068
0.07549513,0.04337424,53783.47,0.010342975,737.8475201789678,4736.52518575305,0.02164187
0.07559043,0.04340216,53754.29,0.010337363461538462,739.8703163981684,4749.510287655359,0.02166232
0.07568574,0.04343005,53725.08,0.010331746153846154,741.8929296593526,4762.494215080247,0.02168268
0.07578106,0.04345792,53693.91,0.010325751923076923,743.897815102618,4775.364340867582,0.02170245
0.07587639,0.04348577,53662.7,0.010319749999999999,745.9036434069378,4788.24051924032,0.02172216
0.07597172,0.04351359,53629.45,0.010313355769230769,747.8875291581528,4800.975839979769,0.02174119
0.07606706,0.04354138,53596.17,0.010306955769230769,749.8705257061561,4813.705452584011,0.0217601
0.0761624,0.04356915,53560.79,0.010300151923076923,751.8215587252627,4826.22987908204,0.0217782
0.07625775,0.04359689,53525.38,0.010293342307692308,753.7718275623848,4838.749400003893,0.02179618
0.07635312,0.04362461,53487.82,0.01028611923076923,755.689042644034,4851.056736238532,0.02181334
0.07644848,0.0436523,53450.22,0.010278888461538462,757.6037804884761,4863.348170140912,0.02183038
0.07654386,0.04367997,53410.47,0.01027124423076923,759.4853540863867,4875.42671007175,0.02184659
0.07663924,0.04370761,53370.7,0.010263596153846153,761.3659281636485,4887.498833697597,0.02186271
0.07673463,0.04373523,53328.8,0.010255538461538462,763.2128311600696,4899.354809788794,0.021878
0.07683003,0.04376282,53286.86,0.010247473076923077,765.0580099029427,4911.199717237578,0.02189318
0.07692543,0.04379039,53242.85,0.010239009615384615,766.8646805345173,4922.79742640483,0.02190749
0.07702084,0.04381794,53198.81,0.010230540384615384,768.6705682377633,4934.390109655959,0.02192169
0.07711626,0.04384546,53152.7,0.010221673076923076,770.4335377424663,4945.707284590308,0.02193497
0.07721169,0.04387295,53106.56,0.0102128,772.1947363108197,4957.0130912075,0.02194815
0.07730712,0.04390042,53058.4,0.010203538461538462,773.9177244016081,4968.073610167829,0.02196051
0.07740256,0.04392787,53010.2,0.01019426923076923,775.6386859704206,4979.121120109201,0.02197276
0.077498,0.04395529,52960.05,0.010184625000000001,777.3235994436096,4989.937223549704,0.02198424
0.07759346,0.04398269,52909.87,0.010174975000000001,779.00721525262,5000.7449967879675,0.02199562
0.07768892,0.04401006,52857.79,0.010164959615384616,780.6600476086946,5011.355159278554,0.02200633
0.07778439,0.04403741,52805.68,0.01015493846153846,782.3126529716591,5021.963864613625,0.02201695
0.07787986,0.04406473,52751.7,0.010144557692307692,783.9315650958318,5032.356280173693,0.02202687
0.07797534,0.04409203,52697.7,0.010134173076923077,785.5494371273811,5042.74201898176,0.02203669
0.07807083,0.0441193,52641.9,0.010123442307692307,787.1369333430468,5052.932763820158,0.02204589
0.07816632,0.04414655,52586.07,0.010112705769230769,788.7228982108891,5063.113678351702,0.02205499
0.07826183,0.04417378,52528.55,0.010101644230769232,790.2841160833412,5073.135732463267,0.02206356
0.07835734,0.04420098,52471.01,0.010090578846153846,791.845065096243,5083.156060662639,0.02207205
0.07845286,0.04422815,52411.87,0.01007920576923077,793.3848840942247,5093.040747221824,0.02208007
0.07854838,0.04425531,52352.71,0.010067828846153846,794.9245197290971,5102.924256703142,0.02208802
0.07864391,0.04428243,52292.06,0.010056165384615384,796.4414832376732,5112.662225142063,0.0220955
0.07873945,0.04430954,52231.39,0.010044498076923076,797.9577714877189,5122.395858838441,0.02210289
0.07883499,0.04433661,52169.35,0.010032567307692307,799.4508951942503,5131.980790478132,0.02210983
0.07893054,0.04436367,52107.3,0.010020634615384615,800.9427662922258,5141.557681144844,0.02211667
0.0790261,0.0443907,52044.03,0.010008467307692307,802.4161823386892,5151.016101783668,0.02212317
0.07912165,0.0444177,51980.74,0.009996296153846153,803.8899300141236,5160.476651275584,0.0221296
0.07921722,0.04444468,51916.35,0.00998391346153846,805.3494591590768,5169.845926587012,0.02213576
0.07931281,0.04447164,51851.95,0.009971528846153845,806.8100472330855,5179.221999568696,0.02214185
0.07940838,0.04449857,51786.58,0.009958957692307693,808.2583852752977,5188.519434915173,0.02214773
0.07950399,0.04452548,51721.19,0.009946382692307692,809.7075903897365,5197.822436329608,0.02215354
0.07959959,0.04455237,51654.98,0.00993365,811.1461061661954,5207.056818798831,0.02215918
0.0796952,0.04457923,51588.76,0.009920915384615385,812.5851050110598,5216.294302268744,0.02216474
0.07979081,0.04460607,51521.84,0.009908046153846153,814.0166485913874,5225.483927546715,0.02217021
0.07988643,0.04463288,51454.91,0.009895175,815.4497677500142,5234.683667063864,0.02217562
0.07998205,0.04465967,51387.41,0.009882194230769232,816.8826447663234,5243.881852176947,0.02218105
0.08007769,0.04468643,51319.9,0.009869211538461539,818.3180823166518,5253.096474336357,0.02218644
0.08017332,0.04471317,51251.92,0.00985613846153846,819.7584084967759,5262.342478478517,0.02219193
0.08026897,0.04473988,51183.93,0.009843063461538461,821.2019552725222,5271.609156854662,0.02219738
0.08036463,0.04476658,51115.56,0.009829915384615385,822.6501391150111,5280.905602334191,0.02220295
0.08046029,0.04479324,51047.18,0.009816765384615385,824.1019347449514,5290.225233257543,0.02220849
0.08055595,0.04481989,50978.48,0.009803553846153846,825.5679329971404,5299.6360362403575,0.02221428
0.08065163,0.0448465,50909.77,0.009790340384615384,827.0376941725187,5309.070994865052,0.02222005
0.0807473,0.0448731,50840.85,0.009777086538461538,828.5279957706309,5318.637810312387,0.02222616
0.08084299,0.04489967,50771.92,0.009763830769230769,830.0224874376136,5328.231523412954,0.02223226
0.08093868,0.04492621,50702.88,0.009750553846153845,831.5427738491293,5337.990822835625,0.02223877
0.08103438,0.04495274,50633.85,0.009737278846153845,833.0674739189592,5347.778455217607,0.02224526
0.08113009,0.04497923,50564.85,0.009724009615384615,834.6112462119396,5357.688519488062,0.02225208
0.08122581,0.04500571,50495.85,0.009710740384615384,836.1593221634562,5367.626210587218,0.02225887
0.08132152,0.04503216,50427.04,0.009697507692307693,837.7217421595891,5377.655981590057,0.02226596
0.08141722,0.04505858,50358.24,0.009684276923076923,839.2885002918699,5387.713600746562,0.02227303
0.08151292,0.04508497,50289.73,0.009671101923076924,840.8774934543999,5397.91395505891,0.02228052
0.08160865,0.04511135,50221.22,0.009657926923076923,842.4721929771026,5408.150940677779,0.02228801
0.08170442,0.04513771,50153.09,0.009644825,844.0940629144085,5418.562343570617,0.022296
0.08180021,0.04516405,50084.97,0.009631725,845.721831373588,5429.011611329364,0.02230398
0.08189594,0.04519035,50017.43,0.009618736538461539,847.3775215759106,5439.640119427086,0.02231249
0.08199168,0.04521663,49949.88,0.009605746153846153,849.041092642772,5450.319217805797,0.02232104
0.08208745,0.04524289,49882.92,0.00959286923076923,850.7306325722986,5461.165020237439,0.02233007
0.08218325,0.04526913,49815.95,0.009579990384615385,852.4276413441195,5472.058768021837,0.02233913
0.08227908,0.04529536,49749.6,0.009567230769230769,854.1619577966424,5483.192008065048,0.02234885
0.08237487,0.04532155,49683.25,0.009554471153846155,855.9039218877983,5494.374341223038,0.0223586
0.08247067,0.04534771,49617.53,0.009541832692307692,857.6930600704984,5505.859502901288,0.02236914
0.08256648,0.04537385,49551.81,0.00952919423076923,859.490109155006,5517.395447681234,0.02237971
0.08266229,0.04539997,49486.75,0.009516682692307692,861.3456459474065,5529.3068474080565,0.02239121
0.08275811,0.04542607,49421.7,0.009504173076923077,863.2088749875396,5541.267626612514,0.02240272
0.08285393,0.04545214,49357.43,0.009491813461538462,865.1236790703132,5553.559485724055,0.02241505
0.08294976,0.04547818,49293.16,0.009479453846153847,867.0467470159012,5565.9043937288725,0.02242739
0.0830456,0.04550421,49229.79,0.009467267307692307,869.013148958624,5578.527479220521,0.02244045
0.08314144,0.04553021,49166.44,0.009455084615384616,870.9885377714213,5591.208254865332,0.02245354
0.08323729,0.04555618,49104.09,0.009443094230769231,873.0017557167537,5604.131870167534,0.02246728
0.08333315,0.04558214,49041.76,0.009431107692307693,875.0242901773879,5617.115291741579,0.02248107
0.08342901,0.04560807,48980.48,0.009419323076923078,877.1130893236125,5630.524091654158,0.0224959
0.08352488,0.04563397,48919.21,0.009407540384615384,879.2019163043244,5643.933070246947,0.02251064
0.08362076,0.04565986,48859.05,0.009395971153846154,881.3369100295339,5657.6384108143675,0.02252618
0.08371663,0.04568571,48798.91,0.00938440576923077,883.4812642031959,5671.403839677314,0.02254176
0.08381252,0.04571155,48739.94,0.009373065384615385,885.6836586969505,5685.541851533886,0.02255827
0.08390842,0.04573736,48680.98,0.009361726923076923,887.8970631598241,5699.7505405894735,0.02257483
0.08400432,0.04576315,48623.24,0.009350623076923076,890.1601593677574,5714.278219945309,0.02259223
0.08410022,0.04578892,48565.52,0.009339523076923076,892.4344636510713,5728.877848219954,0.02260968
0.08419613,0.04581466,48509.02,0.009328657692307691,894.768302406277,5743.859651019586,0.02262809
0.08429205,0.04584038,48452.53,0.009317794230769231,897.1134203015646,5758.913858929502,0.02264656
0.08438798,0.04586608,48397.26,0.009307165384615386,899.5281298926437,5774.414802527783,0.02266611
0.08448391,0.04589175,48342.0,0.009296538461538462,901.9545826188627,5789.9911297979315,0.02268571
0.08457985,0.0459174,48287.97,0.009286148076923077,904.4538195985576,5806.034687004194,0.02270641
0.0846758,0.04594302,48233.95,0.009275759615384615,906.9649321316871,5822.154477925959,0.02272717
0.08477175,0.04596863,48181.19,0.009265613461538463,909.54625994599,5838.725007568947,0.02274897
0.0848677,0.0459942,48128.44,0.00925546923076923,912.1398737468214,5855.374405654306,0.02277083
0.08496367,0.04601976,48076.95,0.009245567307692307,914.804345355037,5872.478667082163,0.02279374
0.08505963,0.04604529,48025.47,0.009235667307692309,917.4804513596022,5889.657614146041,0.02281669
0.08515561,0.0460708,47975.26,0.009226011538461538,920.2338888211615,5907.332981383039,0.02284077
0.08525159,0.04609628,47925.06,0.009216357692307692,922.9985811639692,5925.080598003599,0.0228649
0.08534758,0.04612175,47876.21,0.00920696346153846,925.8454392380313,5943.355667851078,0.02289019
0.08544357,0.04614719,47827.37,0.009197571153846154,928.7021061163399,5961.693704161254,0.02291549
0.08553957,0.0461726,47780.04,0.009188469230769231,931.6254034579548,5980.459466876897,0.02294178
0.08563558,0.04619799,47732.73,0.009179371153846155,934.5597925736965,5999.29643192916,0.02296808
0.08573159,0.04622336,47687.07,0.009170590384615384,937.5478963034024,6018.478211614428,0.02299524
0.08582761,0.04624871,47641.44,0.009161815384615385,940.5491086463219,6037.74414049711,0.02302244
0.08592363,0.04627404,47597.47,0.009153359615384616,943.6044390138323,6057.357473659766,0.02305054
0.08601966,0.04629934,47553.51,0.00914490576923077,946.6758288637006,6077.073898776487,0.02307874
0.0861157,0.04632462,47511.04,0.009136738461538462,949.8300106543195,6097.321796998177,0.02310817
0.08621174,0.04634988,47468.59,0.009128575,952.999765556599,6117.66966497457,0.0231377
0.08630778,0.04637511,47427.42,0.009120657692307691,956.2762310143326,6138.702548783735,0.02316869
0.08640384,0.04640032,47386.28,0.009112746153846154,959.5660286155819,6159.821016716742,0.02319974
0.0864999,0.0464255,47346.38,0.009105073076923077,962.9710913208445,6181.679415398671,0.02323229
0.08659597,0.04645066,47306.5,0.009097403846153845,966.3866211570906,6203.605006594189,0.02326483
0.08669204,0.0464758,47268.05,0.009090009615384616,969.8898423336832,6226.093522012889,0.02329851
0.08678812,0.04650092,47229.61,0.009082617307692309,973.4032257188629,6248.647272531795,0.02333217
0.0868842,0.04652601,47192.83,0.009075544230769231,976.9835554681376,6271.630777344046,0.02336677
0.08698029,0.04655108,47156.06,0.009068473076923076,980.5761077461068,6294.692743238582,0.02340136
0.08707639,0.04657613,47121.06,0.009061742307692307,984.2239265002892,6318.109485762913,0.0234368
0.08717249,0.04660116,47086.07,0.009055013461538461,987.8867616759234,6341.62262443477,0.0234723
0.0872686,0.04662616,47052.79,0.009048613461538462,991.6299020451766,6365.651272831496,0.02350896
0.08736471,0.04665114,47019.52,0.009042215384615384,995.3885155720435,6389.779249339704,0.02354568
0.08746084,0.0466761,46987.83,0.009036121153846154,999.243986634222,6414.528991379252,0.02358374
0.08755696,0.04670104,46956.15,0.009030028846153846,1003.1134269446036,6439.3684073610875,0.02362183
0.08765309,0.04672595,46925.97,0.009024225,1007.0923342422216,6464.91053376462,0.02366135
0.08774923,0.04675084,46895.8,0.009018423076923077,1011.0844455605317,6490.537421822628,0.02370088
0.08784538,0.0467757,46867.16,0.009012915384615384,1015.1693649720552,6516.7600804957365,0.02374161
0.08794152,0.04680055,46838.53,0.009007409615384616,1019.2683093178596,6543.072770581343,0.02378236
0.08803768,0.04682537,46811.42,0.009002196153846153,1023.4624412681595,6569.996506274253,0.02382434
0.08813384,0.04685017,46784.32,0.008996984615384616,1027.6718836159632,6597.018525259303,0.02386635
0.08823001,0.04687494,46758.69,0.00899205576923077,1031.9787315556757,6624.66582796042,0.02390959
0.08832618,0.04689969,46733.08,0.008987130769230769,1036.2997848854795,6652.40432048884,0.02395285
0.08842236,0.04692442,46708.87,0.008982475,1040.7376344468717,6680.892572659179,0.02399756
0.08851854,0.04694913,46684.68,0.008977823076923077,1045.187366372046,6709.457102263243,0.02404223
0.08861474,0.04697381,46661.97,0.00897345576923077,1049.73890226699,6738.675150451617,0.02408813
0.08871093,0.04699848,46639.28,0.008969092307692307,1054.3005418140629,6767.9580578439145,0.02413399
0.08880713,0.04702312,46618.24,0.008965046153846154,1058.9480417113189,6797.792135633861,0.02418092
0.08890334,0.04704773,46597.23,0.00896100576923077,1063.6080283863266,6827.706370821767,0.02422782
0.08899955,0.04707233,46578.01,0.008957309615384617,1068.3296797408234,6858.0164551512435,0.02427556
0.08909577,0.0470969,46558.81,0.008953617307692308,1073.0671535838699,6888.4281100809685,0.02432333
0.089192,0.04712145,46541.33,0.00895025576923077,1077.890312504131,6919.389810264179,0.02437226
0.08928822,0.04714598,46523.86,0.008946896153846154,1082.7317907143577,6950.469108970029,0.02442124
0.08938445,0.04717049,46507.86,0.00894381923076923,1087.6881653958794,6982.28597203052,0.02447165
0.08948069,0.04719497,46491.88,0.008940746153846154,1092.6611667831269,7014.209568268628,0.0245221
0.08957695,0.04721943,46477.13,0.008937909615384616,1097.778362207207,7047.0588011300415,0.02457422
0.08967319,0.04724386,46462.4,0.008935076923076924,1102.90865642646,7079.992120163114,0.02462629
0.08976946,0.04726828,46448.9,0.008932480769230769,1108.1629398819032,7113.721373483306,0.02467975
0.08986573,0.04729267,46435.42,0.00892988846153846,1113.4280161612405,7147.519910064338,0.02473312
0.089962,0.04731704,46423.3,0.008927557692307693,1118.7976213228483,7181.989457484291,0.02478766
0.09005828,0.04734139,46411.19,0.008925228846153847,1124.1791125498878,7216.535306100276,0.02484213
0.09015456,0.04736571,46400.56,0.008923184615384615,1129.6446830410785,7251.620891642061,0.02489757
0.09025085,0.04739001,46389.95,0.00892114423076923,1135.123943181261,7286.794356271951,0.02495299
0.09034714,0.0474143,46380.79,0.008919382692307692,1140.709347163112,7322.649198782266,0.02500963
0.09044344,0.04743855,46371.65,0.008917625,1146.309048684234,7358.595822660681,0.02506625
0.09053975,0.04746279,46363.9,0.008916134615384616,1152.0187133310912,7395.248341863405,0.02512411
0.09063606,0.04748701,46356.16,0.008914646153846155,1157.7421505114798,7431.989272221768,0.02518194
0.09073237,0.0475112,46349.76,0.008913415384615386,1163.579897755702,7469.464002561191,0.02524104
0.09082869,0.04753537,46343.37,0.008912186538461538,1169.4311160750287,7507.025208879413,0.02530009
0.09092502,0.04755951,46338.27,0.008911205769230768,1175.3982351446232,7545.330426402765,0.02536041
0.09102135,0.04758364,46333.19,0.008910228846153846,1181.3777315537927,7583.715098798603,0.02542066
0.09111769,0.04760774,46329.39,0.008909498076923077,1187.4707479119363,7622.828499126292,0.02548214
0.09121403,0.04763182,46325.61,0.008908771153846154,1193.5756147825077,7662.017972421693,0.02554354
0.09131038,0.04765588,46323.13,0.00890829423076923,1199.7933602333196,7701.932056457956,0.02560615
0.09140673,0.04767992,46320.66,0.008907819230769231,1206.0225417389304,7741.9195529000335,0.02566867
0.09150309,0.04770393,46319.54,0.008907603846153847,1212.3554221786233,7782.572732426466,0.02573231
0.09159946,0.04772793,46318.44,0.008907392307692307,1218.6999288994095,7823.3005454939885,0.02579585
0.09169583,0.0477519,46318.7,0.008907442307692307,1225.1501412027415,7864.706923089152,0.02586055
0.09179219,0.04777585,46318.96,0.008907492307692307,1231.6133443941992,7906.1966941594055,0.02592518
0.09188857,0.04779977,46320.53,0.00890779423076923,1238.1954039241698,7948.449449485153,0.02599107
0.09198497,0.04782368,46322.11,0.008908098076923077,1244.7900048606318,7990.782712891618,0.02605688
0.09208135,0.04784756,46324.92,0.008908638461538462,1251.512228517084,8033.935235306178,0.02612403
0.09217776,0.04787142,46327.74,0.008909180769230769,1258.2454791380665,8077.158544019792,0.02619105
0.09227416,0.04789526,46331.79,0.008909959615384615,1265.0965305059087,8121.138060742709,0.02625929
0.09237057,0.04791908,46335.86,0.008910742307692308,1271.9586513207282,8165.18863647574,0.02632741
0.09246699,0.04794287,46341.15,0.008911759615384617,1278.942239558263,8210.018958011535,0.02639677
0.0925634,0.04796664,46346.45,0.008912778846153846,1285.9384482569371,8254.930295110042,0.02646603
0.09265984,0.0479904,46352.9,0.00891401923076923,1293.0618360152052,8300.658043191024,0.02653656
0.09275627,0.04801412,46359.37,0.008915263461538462,1300.1978133934117,8346.466608853263,0.026607
0.0928527,0.04803783,46366.84,0.0089167,1307.4889279250178,8393.271059185747,0.02667894
0.09294915,0.04806151,46374.32,0.008918138461538461,1314.7901642241761,8440.14048501198,0.02675075
0.0930456,0.04808518,46382.78,0.008919765384615384,1322.2364034773595,8487.940740210088,0.0268239
0.09314205,0.04810882,46391.24,0.008921392307692308,1329.689099773114,8535.78244563189,0.02689686
0.0932385,0.04813244,46400.8,0.00892323076923077,1337.2672635037984,8584.429574463387,0.02697099
0.09333497,0.04815603,46410.38,0.008925073076923076,1344.8511253558065,8633.113281713086,0.02704491
0.09343144,0.04817961,46421.28,0.00892716923076923,1352.524042575959,8682.368669401634,0.02711967
0.09352791,0.04820317,46432.2,0.00892926923076923,1360.2049944600021,8731.675634667987,0.02719428
0.09362439,0.0482267,46444.54,0.008931642307692307,1367.9874581835763,8781.634243223014,0.02726993
0.09372087,0.04825021,46456.88,0.008934015384615385,1375.7828788838362,8831.676027562637,0.02734547
0.09381736,0.0482737,46470.48,0.00893663076923077,1383.7101986284551,8882.564522270592,0.02742233
0.09391385,0.04829717,46484.1,0.00893925,1391.6523714615882,8933.54836462953,0.0274991
0.09401036,0.04832062,46498.65,0.008942048076923077,1399.775824960727,8985.695916856354,0.02757757
0.09410686,0.04834404,46513.21,0.008944848076923077,1407.9117210085942,9037.923342558137,0.02765591
0.09420337,0.04836744,46528.48,0.008947784615384617,1416.2337675578576,9091.345739462085,0.02773586
0.09429988,0.04839082,46543.76,0.008950723076923078,1424.5613226826179,9144.803498017141,0.02781558
0.09439641,0.04841417,46559.79,0.00895380576923077,1433.0485777486583,9199.286431521425,0.02789661
0.09449294,0.04843751,46575.82,0.008956888461538462,1441.5377089098881,9253.78140839764,0.02797738
0.09458947,0.04846083,46592.82,0.008960157692307692,1450.1442261596735,9309.029931433048,0.02805908
0.094686,0.04848412,46609.83,0.008963428846153847,1458.7527260401564,9364.291181732526,0.02814052
0.09478254,0.04850739,46628.0,0.008966923076923077,1467.4663462380888,9420.227239519347,0.02822287
0.09487909,0.04853064,46646.17,0.008970417307692307,1476.187653120975,9476.2126410742,0.02830503
0.09497565,0.04855388,46665.48,0.00897413076923077,1485.0381222513795,9533.027184452652,0.02838835
0.0950722,0.04857708,46684.79,0.00897784423076923,1493.8980590585345,9589.902504466048,0.02847149
0.09516876,0.04860027,46705.05,0.008981740384615385,1502.915163235332,9647.78674188356,0.028556
0.09526533,0.04862344,46725.31,0.008985636538461537,1511.9411193279661,9705.727803131407,0.02864033
0.0953619,0.04864658,46746.36,0.008989684615384616,1521.1336063588615,9764.737890108434,0.02872602
0.09545848,0.0486697,46767.42,0.008993734615384615,1530.3299710583237,9823.772869321765,0.02881145
0.09555506,0.0486928,46789.21,0.008997925,1539.6717653115852,9883.741416413939,0.02889801
0.09565164,0.04871588,46811.02,0.00900211923076923,1549.0174863505492,9943.73517104408,0.02898433
0.09574823,0.04873894,46833.55,0.009006451923076924,1558.5100403386655,10004.671502484114,0.02907177
0.09584484,0.04876197,46856.08,0.009010784615384616,1568.0080388781957,10065.642784580203,0.02915897
0.09594143,0.04878499,46879.25,0.009015240384615385,1577.6547398905243,10127.568644672869,0.02924729
0.09603805,0.04880798,46902.42,0.009019696153846153,1587.3081865964448,10189.537807950433,0.02933538
0.09613467,0.04883095,46926.07,0.00902424423076923,1597.131095578525,10252.5948143353,0.02942472
0.09623129,0.0488539,46949.73,0.009028794230769232,1606.9565219121444,10315.667980561651,0.02951379
0.09632791,0.04887683,46973.77,0.009033417307692308,1616.9366295056575,10379.734104903622,0.0296039
0.09642455,0.04889974,46997.81,0.009038040384615384,1626.9178268020416,10443.80722446473,0.02969371
0.09652118,0.04892262,47022.26,0.009042742307692309,1637.028276053008,10508.71006171336,0.02978435
0.09661782,0.04894549,47046.72,0.009047446153846153,1647.1378306041845,10573.607155542146,0.02987467
0.09671446,0.04896834,47071.59,0.009052228846153846,1657.3694671497344,10639.287940344017,0.02996577
0.09681111,0.04899116,47096.48,0.009057015384615385,1667.6030294218804,10704.981087120785,0.03005657
0.09690777,0.04901396,47121.71,0.009061867307692307,1677.9634736828134,10771.488737869,0.03014817
0.09700442,0.04903674,47146.95,0.009066721153846153,1688.3259217475172,10838.009251799334,0.03023949
0.09710109,0.0490595,47172.43,0.009071621153846155,1698.8185008602104,10905.365126653698,0.03033161
0.09719776,0.04908224,47197.91,0.009076521153846155,1709.3131949362587,10972.73457826603,0.03042343
0.09729443,0.04910496,47223.51,0.009081444230769231,1719.9336174799141,11040.91112895656,0.03051596
0.09739111,0.04912765,47249.12,0.00908636923076923,1730.5531960299884,11109.082261729778,0.03060815
0.09748779,0.04915033,47274.79,0.009091305769230769,1741.2821636026397,11177.955604439752,0.0307009
0.09758448,0.04917298,47300.45,0.009096240384615385,1752.0100753378301,11246.822169325598,0.03079332
0.09768118,0.04919561,47326.11,0.009101175,1762.8456877270114,11316.38010586507,0.03088625
0.09777788,0.04921823,47351.76,0.009106107692307693,1773.680246603946,11385.93127950685,0.03097886
0.09787458,0.04924082,47377.27,0.009111013461538461,1784.6239913304264,11456.183358840062,0.03107193
0.09797129,0.04926339,47402.79,0.009115921153846154,1795.5652750573354,11526.419640076603,0.03116469
0.098068,0.04928593,47428.02,0.009120773076923076,1806.6128892537768,11597.338497229142,0.03125785
0.09816472,0.04930846,47453.24,0.009125623076923077,1817.659704228407,11668.25222387147,0.03135068
0.09826144,0.04933097,47478.08,0.0091304,1828.797008856442,11739.74683817782,0.03144375
0.09835817,0.04935345,47502.91,0.009135175,1839.9318927983104,11811.225913174649,0.03153647
0.09845491,0.04937592,47527.29,0.009139863461538462,1851.1396931580732,11883.173066521498,0.03162927
0.09855164,0.04939836,47551.67,0.009144551923076923,1862.3434175795119,11955.094054862706,0.0317217
0.09864838,0.04942078,47575.6,0.009149153846153845,1873.5957490812852,12027.327070626809,0.03181401
0.09874513,0.04944318,47599.52,0.009153753846153845,1884.8436208975552,12099.531457965486,0.03190597
0.09884188,0.04946556,47622.95,0.009158259615384615,1896.1333653462493,12172.004641732487,0.03199775
0.09893864,0.04948792,47646.37,0.009162763461538463,1907.4202420076897,12244.459416077236,0.0320892
0.0990354,0.04951026,47669.2,0.009167153846153846,1918.7489257328666,12317.182565939847,0.03218044
0.09913217,0.04953258,47692.02,0.009171542307692307,1930.0732282670579,12389.877591263337,0.03227135
0.09922894,0.04955488,47714.07,0.009175782692307692,1941.4490112950105,12462.903089548525,0.03236209
0.09932572,0.04957715,47736.11,0.009180021153846155,1952.8208711284556,12535.903403348999,0.03245248
0.0994225,0.04959941,47757.2,0.009184076923076923,1964.230584587989,12609.146714040342,0.03254254
0.09951928,0.04962164,47778.29,0.009188132692307692,1975.6349630758257,12682.355777509712,0.03263224
0.09961606,0.04964385,47798.34,0.00919198846153846,1987.0516128380807,12755.643614978795,0.03272137
0.09971287,0.04966604,47818.39,0.00919584423076923,1998.462893570904,12828.89698659629,0.03281013
0.09980966,0.04968821,47837.4,0.009199500000000001,2009.852646508905,12902.0121630724,0.03289806
0.09990647,0.04971036,47856.4,0.009203153846153847,2021.2348166202396,12975.078662486514,0.03298562
0.1000033,0.0497325,47874.33,0.009206601923076924,2032.5950798199808,13048.00453306382,0.03307237
0.1001001,0.0497546,47892.25,0.009210048076923077,2043.9511121309463,13120.903243949326,0.03315877
0.1001969,0.0497767,47909.0,0.009213269230769231,2055.274332284157,13193.59132105569,0.03324425
0.1002937,0.04979876,47925.74,0.00921648846153846,2066.5902523659647,13266.232536214144,0.03332939
0.1003906,0.04982081,47941.24,0.009219469230769231,2077.8636716863857,13338.600922744436,0.03341349
0.1004874,0.04984284,47956.72,0.009222446153846153,2089.130052935978,13410.924129208619,0.03349725
0.1005842,0.04986485,47970.96,0.009225184615384616,2100.311207059351,13482.700230181756,0.03357965
0.1006811,0.04988683,47985.19,0.009227921153846155,2111.481639749006,13554.40750617487,0.03366169
0.1007779,0.0499088,47998.22,0.009230426923076924,2122.5499424346553,13625.45917064533,0.0337423
0.1008748,0.04993075,48011.24,0.00923293076923077,2133.61196131664,13696.470496978836,0.03382258
0.1009716,0.04995267,48023.02,0.009235196153846154,2144.5719593502013,13766.826912501076,0.03390145
0.1010685,0.04997457,48034.79,0.009237459615384615,2155.528848984504,13837.163374020663,0.03398001
0.1011654,0.04999646,48045.13,0.009239448076923076,2166.399919701441,13906.948931115692,0.03405726
0.1012622,0.05001832,48055.46,0.009241434615384615,2177.2671291467127,13976.709701232396,0.03413421
0.1013591,0.05004016,48064.17,0.009243109615384616,2188.039840768905,14045.86385371229,0.0342097
0.101456,0.05006198,48072.86,0.009244780769230769,2198.8074135079682,14114.985017737657,0.03428486
0.1015528,0.05008377,48079.83,0.009246121153846154,2209.4470017945227,14183.284600655663,0.0343583
0.1016497,0.05010554,48086.78,0.009247457692307693,2220.079886847391,14251.54115295513,0.0344314
0.1017466,0.0501273,48092.03,0.009248467307692307,2230.559247791102,14318.812175331737,0.03450257
0.1018435,0.05014905,48097.26,0.009249473076923077,2241.0299810729957,14386.027813450251,0.03457342
0.1019405,0.05017078,48100.82,0.009250157692307692,2251.3032779029068,14451.976031537084,0.03464205
0.1020373,0.05019247,48104.36,0.009250838461538461,2261.5656782711053,14517.854301072317,0.03471035
0.1021342,0.05021414,48106.61,0.009251271153846155,2271.6225433587056,14582.413161100178,0.03477673
0.1022311,0.0502358,48108.84,0.0092517,2281.665438946836,14646.882345572776,0.03484278
0.1023281,0.05025744,48110.02,0.009251926923076923,2291.5697465568296,14710.461880855084,0.03490765
0.102425,0.05027906,48111.17,0.009252148076923077,2301.493582868631,14774.166778336798,0.03497244
0.102522,0.05030066,48109.32,0.009251792307692307,2311.103920766139,14835.85920969999,0.0350331
0.1026189,0.05032224,48107.44,0.009251430769230769,2320.691448545323,14897.405214197232,0.03509335
0.1027159,0.05034379,48104.16,0.0092508,2330.08558245083,14957.709749517724,0.03515157
0.1028128,0.05036533,48100.87,0.009250167307692308,2339.4746148751356,15017.981536480956,0.03520953
0.1029098,0.05038684,48095.83,0.009249198076923077,2348.6495020619186,15076.878643333195,0.03526534
0.1030067,0.05040834,48090.77,0.009248224999999999,2357.8193552245257,15135.743434860597,0.0353209
0.1031037,0.05042981,48083.83,0.009246890384615385,2366.7189676167445,15192.873447615753,0.03537382
0.1032006,0.05045127,48076.88,0.009245553846153845,2375.612738867479,15249.965963851646,0.03542649
0.1032976,0.0504727,48068.06,0.009243857692307691,2384.2393388154615,15305.343405400983,0.03547657
0.1033946,0.05049411,48059.22,0.009242157692307693,2392.859202199044,15360.677602369193,0.03552641
0.1034915,0.05051551,48048.48,0.009240092307692307,2401.2058782837476,15414.258105672821,0.03557359
0.1035885,0.05053688,48037.71,0.009238021153846154,2409.5473590274787,15467.805258097449,0.03562053
0.1036855,0.05055823,48025.0,0.009235576923076923,2417.590253209622,15519.43566928434,0.03566463
0.1037825,0.05057957,48012.27,0.009233128846153845,2425.626589588336,15571.023983425086,0.0357085
0.1038795,0.05060088,47997.69,0.009230325000000001,2433.3150602839296,15620.379214815941,0.03574921
0.1039765,0.05062217,47983.09,0.009227517307692307,2440.9946264188034,15669.677284428837,0.03578969
0.1040735,0.05064345,47966.77,0.009224378846153845,2448.312586905588,15716.654069206259,0.03582701
0.1041705,0.0506647,47950.43,0.009221236538461538,2455.6229321733,15763.581968982448,0.03586413
0.1042675,0.05068593,47932.47,0.009217782692307693,2462.605232612866,15808.404023650977,0.03589837
0.1043645,0.05070715,47914.49,0.009214324999999999,2469.584788157763,15853.208457791714,0.03593245
0.1044615,0.05072834,47894.72,0.009210523076923077,2476.248162252979,15895.983202384514,0.03596373
0.1045585,0.05074951,47874.93,0.009206717307692307,2482.9052153491893,15938.717370069251,0.03599481
0.1046556,0.05077066,47853.28,0.009202553846153845,2489.201846605524,15979.137852235805,0.03602274
0.1047526,0.05079179,47831.6,0.009198384615384615,2495.4916004695046,16019.51418579278,0.03605048
0.1048496,0.0508129,47808.12,0.00919386923076923,2501.406401573162,16057.48355430051,0.036075
0.1049467,0.050834,47784.62,0.00918935,2507.3129252789413,16095.399787028224,0.03609934
0.1050438,0.05085507,47759.36,0.009184492307692308,2512.8380252957063,16130.867515342694,0.03612045
0.1051408,0.05087612,47734.07,0.009179628846153845,2518.355946892393,16166.28916263559,0.0361414
0.1052379,0.05089715,47706.97,0.009174417307692308,2523.5226754518276,16199.456367620944,0.03615934
0.1053349,0.05091816,47679.84,0.009169199999999999,2528.6832911428714,16232.584331768187,0.03617714
0.105432,0.05093915,47650.78,0.009163611538461538,2533.485661188169,16263.412580218954,0.03619182
0.105529,0.05096012,47621.69,0.009158017307692308,2538.280557910866,16294.192854556162,0.03620634
0.1056261,0.05098107,47590.69,0.00915205576923077,2542.6807672192763,16322.439479559136,0.03621752
0.1057232,0.051002,47559.67,0.009146090384615384,2547.071822067375,16350.627338583176,0.03622852
0.1058203,0.05102292,47526.89,0.009139786538461538,2551.0308956032754,16376.04214449117,0.03623601
0.1059174,0.05104381,47494.08,0.009133476923076924,2554.98134091982,16401.401562562012,0.03624334
0.1060145,0.05106468,47459.65,0.009126855769230769,2558.517089575163,16424.098884296538,0.03624735
0.1061115,0.05108553,47425.2,0.00912023076923077,2562.0444993904744,16446.74267583038,0.03625122
0.1062086,0.05110637,47389.16,0.009113300000000001,2565.16369530926,16466.76598637162,0.03625181
0.1063057,0.05112718,47353.1,0.009106365384615385,2568.2715664055418,16486.71659854965,0.03625228
0.1064028,0.05114797,47315.48,0.00909913076923077,2570.9792294690947,16504.098122434072,0.03624954
0.1065,0.05116875,47277.84,0.009091892307692306,2573.678868513723,16521.428137074796,0.03624667
0.1065971,0.0511895,47238.63,0.009084351923076923,2575.9772083842513,16536.182058968494,0.03624062
0.1066942,0.05121024,47199.4,0.009076807692307693,2578.2660869693777,16550.875245255753,0.03623444
0.1067913,0.05123095,47158.65,0.009068971153846155,2580.147313671774,16562.951558331726,0.03622511
0.1068884,0.05125164,47117.87,0.009061128846153847,2582.0191093356193,16574.967329967356,0.03621565
0.1069856,0.05127232,47075.58,0.009052996153846153,2583.4849392052724,16584.37705203833,0.03620305
0.1070827,0.05129298,47033.26,0.009044857692307692,2584.9398107432103,16593.716428390515,0.03619032
0.1071798,0.05131361,46989.52,0.009036446153846153,2585.97627303251,16600.369875888937,0.03617437
0.107277,0.05133423,46945.75,0.009028028846153845,2586.9985053672362,16606.931975871255,0.03615828
0.1073741,0.05135482,46900.69,0.009019363461538463,2587.595186575426,16610.762300556456,0.03613896
0.1074713,0.0513754,46855.61,0.009010694230769231,2588.180335690405,16614.51859632858,0.03611952
0.1075684,0.05139596,46809.32,0.009001792307692307,2588.360748442888,16615.676734727906,0.03609704
0.1076656,0.0514165,46763.0,0.008992884615384616,2588.531271789725,16616.77138925335,0.03607446
0.1077628,0.05143701,46715.46,0.008983742307692307,2588.329054946983,16615.473282066654,0.03604903
0.1078599,0.05145751,46667.89,0.00897459423076923,2588.114635356381,16614.096840778406,0.0360235
0.1079571,0.05147799,46619.06,0.008965203846153846,2587.518626876832,16610.27083459542,0.03599505
0.1080543,0.05149845,46570.2,0.008955807692307692,2586.908586856168,16606.35475458814,0.03596647
0.1081515,0.05151889,46520.14,0.008946180769230769,2585.9135438729636,16599.96719344311,0.03593498
0.1082486,0.05153931,46470.05,0.008936548076923078,2584.9060299981757,16593.499576879498,0.03590337
0.1083458,0.05155971,46418.8,0.008926692307692309,2583.518323419691,16584.591358067795,0.0358689
0.108443,0.05158009,46367.53,0.008916832692307692,2582.116546464167,16575.59281612916,0.0358343
0.1085402,0.05160045,46315.1,0.00890675,2580.3535021499047,16564.27516096366,0.035797
0.1086374,0.0516208,46262.66,0.008896665384615384,2578.5796357404975,16552.888034633983,0.03575959
0.1087346,0.05164112,46209.01,0.008886348076923078,2576.457997273261,16539.268426570936,0.03571954
0.1088319,0.05166142,46155.35,0.008876028846153846,2574.3227840541067,16525.56167698801,0.03567936
0.1089291,0.0516817,46100.49,0.008865478846153846,2571.83343065442,16509.581566258636,0.03563648
0.1090263,0.05170197,46045.62,0.008854926923076923,2569.3273622123747,16493.494155285036,0.03559347
0.1091235,0.05172221,45989.63,0.008844159615384616,2566.4557988692877,16475.06049287506,0.0355477
0.1092207,0.05174244,45933.62,0.008833388461538461,2563.56689510784,16456.515515693332,0.0355018
0.109318,0.05176264,45876.57,0.008822417307692308,2560.3393423958237,16435.796621489957,0.03545338
0.1094152,0.05178283,45819.5,0.008811442307692308,2557.096383139824,16414.97882679345,0.03540483
0.1095124,0.05180299,45761.4,0.008800269230769231,2553.526312398807,16392.06117847548,0.03535383
0.1096096,0.05182313,45703.27,0.008789090384615384,2549.9392740612125,16369.03460867125,0.03530269
0.1097068,0.05184325,45644.1,0.008777711538461538,2546.0298484909085,16343.938512026403,0.03524912
0.1098041,0.05186336,45584.91,0.008766328846153847,2542.102091689368,16318.724740203335,0.03519541
0.1099014,0.05188346,45524.74,0.008754757692307692,2537.837873718128,16291.351095560034,0.03513919
0.1099987,0.05190354,45464.56,0.008743184615384614,2533.5533197474506,16263.84690636535,0.0350828
0.1100959,0.05192358,45403.6,0.008731461538461539,2528.9428183625905,16234.250336164718,0.03502408
0.1101931,0.05194361,45342.62,0.008719734615384616,2524.3148551786976,16204.541672003415,0.03496521
0.1102904,0.05196362,45280.83,0.008707851923076923,2519.384835230901,16172.893990049643,0.03490414
0.1103877,0.05198362,45219.02,0.008695965384615385,2514.4358526640103,16141.12457979772,0.03484293
0.110485,0.05200361,45156.35,0.008683913461538462,2509.2247296908326,16107.672390106109,0.03477977
0.1105823,0.05202356,45093.67,0.008671859615384615,2503.996727847814,16074.111848499062,0.03471648
0.1106796,0.0520435,45030.06,0.008659626923076922,2498.5215979514824,16038.964897482741,0.0346513
0.1107769,0.05206341,44966.43,0.008647390384615384,2493.026852125053,16003.692024315289,0.03458596
0.1108742,0.05208331,44901.81,0.008634963461538461,2487.2786505936624,15966.792122124638,0.03451868
0.1109715,0.05210319,44837.18,0.008622534615384616,2481.509177102902,15929.755667098141,0.03445122
0.1110688,0.05212305,44771.6,0.008609923076923076,2475.4799198402843,15891.051560768901,0.03438177
0.1111661,0.05214289,44706.01,0.008597309615384616,2469.4262108024,15852.190489150466,0.03431214
0.1112634,0.05216271,44639.59,0.008584536538461538,2463.1090709340947,15811.638354366716,0.03424053
0.1113607,0.05218251,44573.15,0.008571759615384617,2456.7670108221623,15770.92624701635,0.03416873
0.111458,0.05220229,44505.97,0.008558840384615385,2450.1804861356823,15728.644828144697,0.03409512
0.1115553,0.05222206,44438.77,0.008545917307692307,2443.5706021765945,15686.213457175896,0.03402134
0.1116527,0.0522418,44370.85,0.008532855769230768,2436.7370321885473,15642.346160110044,0.0339459
0.11175,0.05226153,44302.91,0.008519790384615386,2429.883182983061,15598.348682998154,0.03387029
0.1118473,0.05228123,44234.19,0.008506575,2422.8373589077837,15553.118845837706,0.03379324
0.1119447,0.05230092,44165.46,0.008493357692307692,2415.7713511296374,15507.75944177574,0.03371603
0.112042,0.05232059,44095.8,0.008479961538461539,2408.557029366612,15461.447953569603,0.03363762
0.1121394,0.05234024,44026.11,0.008466559615384615,2401.3234125231174,15415.012602868701,0.03355902
0.1122367,0.05235987,43955.39,0.008452959615384616,2393.9307597667575,15367.556339870715,0.03347909
0.1123341,0.05237948,43884.64,0.008439353846153847,2386.514040070644,15319.94558198975,0.03339895
0.1124314,0.05239907,43812.93,0.008425563461538462,2378.919152470115,15271.191096247025,0.03331736
0.1125288,0.05241865,43741.2,0.00841176923076923,2371.2971701594474,15222.26267920622,0.03323553
0.1126261,0.0524382,43668.77,0.008397840384615385,2363.4490492308796,15171.882591962747,0.03315202
0.1127235,0.05245774,43596.32,0.008383907692307692,2355.5676490727083,15121.288872627454,0.03306824
0.1128209,0.05247726,43523.46,0.008369896153846154,2347.490382653588,15069.43781291674,0.03298311
0.1129182,0.05249676,43450.58,0.008355880769230769,2339.385739155033,15017.411009271535,0.03289776
0.1130156,0.05251624,43377.31,0.008341790384615385,2331.1505492398464,14964.546178292254,0.03281154
0.113113,0.0525357,43304.04,0.0083277,2322.8927826575523,14911.536419059588,0.03272514
0.1132104,0.05255514,43230.14,0.008313488461538461,2314.5842751549685,14858.200934469953,0.03263833
0.1133078,0.05257457,43156.24,0.008299276923076923,2306.25465252518,14804.729903810065,0.03255134
0.1134052,0.05259397,43081.45,0.00828489423076923,2297.8805096805527,14750.973080878613,0.03246387
0.1135026,0.05261335,43006.65,0.008270509615384615,2289.480914312863,14697.052868475452,0.03237618
0.1136,0.05263272,42930.93,0.008255948076923076,2281.0081663171713,14642.663061399324,0.03228777
0.1136974,0.05265206,42855.19,0.008241382692307692,2272.505218662414,14588.079391171457,0.03219911
0.1137948,0.05267139,42778.66,0.008226665384615386,2263.9068116727185,14532.882930994741,0.03210963
0.1138922,0.0526907,42702.12,0.008211946153846154,2255.27921397087,14477.499084482064,0.03201989
0.1139896,0.05270999,42624.79,0.008197075,2246.5994551365366,14421.780395727632,0.03192969
0.114087,0.05272926,42547.45,0.008182201923076922,2237.9042848849103,14365.962775196429,0.03183934
0.1141845,0.05274852,42468.86,0.008167088461538461,2229.308568257112,14310.783585480798,0.03174949
0.1142819,0.05276775,42390.25,0.008151971153846154,2220.691566706642,14255.467759712928,0.03165944
0.1143793,0.05278697,42309.85,0.008136509615384615,2212.237374198277,14201.197067400562,0.03157012
0.1144767,0.05280617,42229.45,0.008121048076923076,2203.692098932082,14146.341680060224,0.03148011
0.1145742,0.05282534,42149.7,0.008105711538461537,2194.709698922566,14088.680221954,0.03138702
0.1146716,0.0528445,42069.97,0.008090378846153847,2185.5092350977357,14029.618928888533,0.0312923
0.1147691,0.05286365,42000.09,0.008076940384615384,2174.139239357764,13956.63058141639,0.03118402
0.1148665,0.05288277,41930.27,0.008063513461538462,2162.5792269581407,13882.422444394864,0.03107429
0.114964,0.05290188,41881.05,0.008054048076923077,2147.675095528743,13786.74712943278,0.03094879
0.1150614,0.05292096,41831.89,0.00804459423076923,2132.9558319264293,13692.258551696304,0.03082435
0.1151589,0.05294003,41794.64,0.00803743076923077,2116.5658647735877,13587.045089442925,0.0306885
0.1152563,0.05295908,41756.87,0.008030167307692309,2099.9705944103475,13480.513707429467,0.03055114
0.1153538,0.05297811,41783.11,0.008035213461538461,2078.7771734351545,13344.465039546269,0.03060749
0.1154513,0.05299712,41809.04,0.0080402,2059.2729182393236,13219.259772281835,0.03067361
0.1155488,0.05301611,41720.88,0.008023246153846154,2050.7339413820814,13164.444816835376,0.03073309
0.1156462,0.05303509,41632.86,0.008006319230769231,2041.502513846869,13105.184755880802,0.03078692
0.1157437,0.05305404,41505.16,0.00798176153846154,2036.5173033530032,13073.182784721843,0.03072962
0.1158412,0.05307298,41377.47,0.00795720576923077,2031.1822121880123,13038.934795835008,0.03066963
0.1159387,0.0530919,41252.0,0.007933076923076923,2026.5126394744823,13008.959024202713,0.03054707
0.1160362,0.0531108,41126.45,0.007908932692307693,2021.4846179581173,12976.682232730955,0.03042182
0.1161337,0.05312968,41023.8,0.007889192307692309,2013.8245824151654,12927.509537450831,0.03027049
0.1162312,0.05314854,40921.12,0.007869446153846155,2005.9337201204776,12876.855077045471,0.03011757
0.1163287,0.05316739,40849.83,0.00785573653846154,1994.1470048503534,12801.191647668218,0.02995646
0.1164262,0.05318621,40778.57,0.007842032692307693,1982.5565847187484,12726.788311795393,0.02979693
0.1165237,0.05320502,40724.75,0.007831682692307692,1968.993620950195,12639.72246454876,0.02963598
0.1166212,0.05322381,40670.4,0.00782123076923077,1955.1401069455721,12550.791464308815,0.02947318
0.1167187,0.05324258,40680.49,0.007823171153846153,1936.917539626594,12433.813841297375,0.02951489
0.1168162,0.05326134,40690.37,0.007825071153846154,1920.3000769779132,12327.139998523335,0.02956676
0.1169138,0.05328007,40590.46,0.007805857692307692,1913.5673206453903,12283.919862836225,0.02961308
0.1170113,0.05329879,40490.7,0.0077866730769230764,1906.1511257699906,12236.31247397997,0.02965386
0.1171088,0.05331749,40355.68,0.0077607076923076924,1901.9137709859167,12209.11127440032,0.02958386
0.1172064,0.05333617,40220.66,0.0077347423076923084,1897.317958778745,12179.608999644446,0.02951103
0.1173039,0.05335483,40091.34,0.007709873076923076,1893.0394327112892,12152.143505863984,0.02937855
0.1174014,0.05337347,39961.96,0.007684992307692307,1888.3996320131018,12122.358852174955,0.02924327
0.117499,0.0533921,39856.83,0.007664775,1881.2992534123598,12076.778808668623,0.02908618
0.1175965,0.05341071,39751.7,0.007644557692307692,1873.955677390138,12029.637587980764,0.02892736
0.1176941,0.05342929,39678.86,0.00763055,1863.076801872812,11959.80192888959,0.02876431
0.1177916,0.05344785,39606.09,0.007616555769230768,1852.440190825845,11891.52145801019,0.02860325
0.1178891,0.0534664,39551.18,0.007605996153846154,1840.0970413723696,11812.286064979771,0.02844407
0.1179867,0.05348493,39495.75,0.007595336538461539,1827.4316859854323,11730.982308937884,0.02828276
0.1180843,0.05350345,39498.68,0.0075959,1811.0730527074554,11625.969990800877,0.02832667
0.1181819,0.05352196,39501.36,0.007596415384615385,1796.262959471664,11530.898342938373,0.02838087
0.1182794,0.05354043,39394.53,0.007575871153846153,1790.530391898694,11494.098801101032,0.02842435
0.118377,0.05355889,39287.79,0.007555344230769231,1784.4175293296905,11454.858000362,0.02846466
0.1184745,0.05357733,39146.86,0.0075282423076923075,1783.539768095865,11449.223315583113,0.02841607
0.1185721,0.05359576,39005.78,0.007501111538461538,1783.8206347578086,11451.026306013726,0.02837664
0.1186698,0.05361417,38843.25,0.007469855769230769,1811.4052684465505,11628.102610579752,0.02849223
0.1187674,0.05363256,38683.74,0.007439180769230769,1820.4303357158383,11686.037966130894,0.02845896
0.118865,0.05365093,38823.3,0.007466019230769231,1705.5771214368706,10948.751294807433,0.02739596
0.1189626,0.05366929,39101.58,0.007519534615384616,899.7602235786333,5775.904700588126,0.01979942
0.1190602,0.05368762,52369.07,0.010070975,-8543.770722550007,-54845.72909974954,0.06282747
0.1191578,0.05370593,76781.35,0.014765644230769231,-21302.4124539234,-136748.32583408843,0.1127504
0.1192554,0.05372423,220272.7,0.04236013461538462,-37474.44731754714,-240562.7974444976,0.3240131
0.119353,0.05374251,332527.1,0.06394751923076923,-31789.690202094367,-204070.16920377393,0.3978339
0.1194506,0.05376077,366168.3,0.07041698076923077,-25474.20352104621,-163528.64686076067,0.4386474
0.1195482,0.05377902,392409.8,0.07546342307692308,-21262.57251240798,-136492.57802546132,0.4635404
0.1196458,0.05379724,386725.2,0.07437023076923077,-18477.843884759113,-118616.3408360389,0.4719624
0.1197435,0.05381545,382401.8,0.0735388076923077,-16304.681715804312,-104665.9824429071,0.4869431
0.1198411,0.05383364,369552.2,0.07106773076923077,-13621.918898100674,-87444.30275172513,0.4893761
0.1199387,0.05385181,357093.7,0.0686718653846154,-11391.56349296471,-73126.79912029114,0.4910402
0.1200364,0.05386997,339016.0,0.06519538461538461,-9244.582750086827,-59344.50930585725,0.4796048
0.120134,0.0538881,325102.5,0.06251971153846154,-7804.883672350668,-50102.53077356004,0.478198
0.1202316,0.05390622,320217.6,0.06158030769230769,-6882.995358263698,-44184.57740419014,0.4868315
0.1203293,0.05392432,316254.7,0.06081821153846154,-6103.603113843471,-39181.36075804407,0.4959859
0.1204269,0.0539424,315834.3,0.06073736538461538,-5539.883430255205,-35562.62869484906,0.5091765
0.1205246,0.05396046,315074.1,0.06059117307692307,-5017.382651365897,-32208.49653189958,0.520257
0.1206222,0.05397851,314331.8,0.06044842307692307,-4544.151569516311,-29170.64538168083,0.527587
0.1207199,0.05399654,313037.8,0.06019957692307692,-4097.985543901838,-26306.535169807103,0.5320109
0.1208176,0.05401455,310832.2,0.05977542307692308,-3693.127744280169,-23707.59824569645,0.5304367
0.1209152,0.05403254,308080.5,0.05924625,-3309.9670359998618,-21247.943242017023,0.5262708
0.1210129,0.05405051,304110.4,0.058482769230769234,-2970.8473729388543,-19071.00453700796,0.516871
0.1211106,0.05406847,299456.3,0.05758775,-2640.290721477151,-16949.03507563905,0.5046081
0.1212082,0.05408641,293012.8,0.05634861538461538,-2344.0885647419136,-15047.600243804789,0.488453
0.1213059,0.05410433,285881.2,0.05497715384615385,-2055.7204905683225,-13196.455381572245,0.4698435
0.1214036,0.05412223,276731.0,0.0532175,-1791.8827875273078,-11502.78034543214,0.4491159
0.1215013,0.05414012,267074.7,0.05136051923076923,-1543.3969941370485,-9907.655083766538,0.4270562
0.121599,0.05415799,255762.0,0.049185,-1316.0389981986625,-8448.157227511221,0.4053466
0.1216966,0.05417584,244352.4,0.046990846153846154,-1114.4670019013686,-7154.1895565579125,0.3841492
0.1217943,0.05419367,232176.3,0.04464928846153846,-936.8015696448285,-6013.687255599184,0.3665575
0.121892,0.05421149,220398.5,0.04238432692307692,-793.8988753134726,-5096.340253269676,0.3523359
0.1219897,0.05422928,209077.2,0.04020715384615385,-676.0499361440726,-4339.822879117968,0.3443331
0.1220874,0.05424706,198675.1,0.03820675,-592.1235818385084,-3801.0675400469377,0.3425807
0.1221851,0.05426483,189832.4,0.03650623076923077,-530.5952324318026,-3406.093553372851,0.346987
0.1222829,0.05428257,181907.8,0.034982269230769227,-484.6171479227187,-3110.942659300407,0.3557928
0.1223806,0.0543003,175629.6,0.03377492307692308,-460.41220612318045,-2955.561888453076,0.3691442
0.1224783,0.054318,170105.9,0.03271267307692308,-445.73456429470093,-2861.340496787772,0.3873482
0.122576,0.05433569,166082.0,0.03193884615384615,-447.63146159968005,-2873.517405449932,0.4089804
0.1226737,0.05435337,162726.3,0.03129351923076923,-456.500375030735,-2930.4503498423805,0.43568
0.1227715,0.05437102,160969.4,0.030955653846153845,-473.9112311780416,-3042.2172886636135,0.466474
0.1228692,0.05438866,159714.8,0.030714384615384612,-492.42929909729867,-3161.091842947908,0.4997604
0.1229669,0.05440628,159852.1,0.030740788461538462,-512.6707476835335,-3291.0294362891063,0.537643
0.1230646,0.05442388,160309.3,0.030828711538461537,-528.6834785969563,-3393.8212749683466,0.5749783
0.1231624,0.05444147,161613.3,0.031079480769230765,-542.9376770803678,-3485.324421991224,0.6152353
0.1232601,0.05445903,163207.8,0.03138611538461538,-551.7288844749394,-3541.7585416416728,0.6534909
0.1233579,0.05447658,165172.2,0.03176388461538462,-560.0357552397758,-3595.083519386261,0.6926331
0.1234556,0.05449411,167680.5,0.03224625,-570.6745950719283,-3663.3782976894536,0.7342644
0.1235534,0.05451163,170827.0,0.032851346153846155,-578.8982983657136,-3716.1693916565737,0.7735957
0.1236511,0.05452912,174091.2,0.033479076923076924,-585.4450900429426,-3758.195749158667,0.8121373
0.1237489,0.0545466,177839.0,0.03419980769230769,-582.9916246798567,-3742.4460174501282,0.8427954
0.1238466,0.05456407,180763.7,0.03476225,-571.1489124608032,-3666.423122259579,0.8650608
0.1239444,0.05458151,183953.0,0.035375576923076926,-546.6225570800116,-3508.979074812388,0.8754211
0.1240422,0.05459894,185988.4,0.035767,-512.4530988960835,-3289.6322655523186,0.874441
0.1241399,0.05461635,187953.3,0.03614486538461538,-458.27067044342374,-2941.814552579539,0.851457
0.1242377,0.05463375,188855.6,0.036318384615384613,-385.05887105801446,-2471.8400358946005,0.8019544
0.1243355,0.05465112,188123.3,0.03617755769230769,-287.88407282788825,-1848.0378726430074,0.7084098
0.1244333,0.05466847,186886.1,0.035939634615384616,-182.5392120219323,-1171.788955690582,0.5759123
0.1245311,0.05468579,183815.5,0.035349134615384616,-62.94734816479825,-404.08308194437666,0.342028
0.1246288,0.05470309,180412.0,0.034694615384615386,91.87636333676274,589.7894849797984,0.4179206
0.1247266,0.05472038,167137.5,0.032141826923076926,156.19439114289654,1002.6714833198148,0.5401629
0.1248244,0.05473767,160215.5,0.030810673076923076,138.03395879948238,886.0927284601636,0.5081567
0.1249222,0.05475496,153159.1,0.02945367307692308,-103.65030710151926,-665.3709291837212,0.4489397
0.12502,0.05477226,184215.7,0.035426096153846155,95.6868271545041,614.2503083186842,0.4592953
