x_m,r_m,pressure_pa,pressure_over_pc,tau_wall_pa,su2_cf_t,yplus
-0.02268,0.02,5178377.0,0.9958417307692308,1685.5498386989536,10820.188513885796,0.361532
-0.02258069,0.01999946,5176268.0,0.9954361538461538,1102.6707488650998,7078.464900615109,0.2921446
-0.0224814,0.01999803,5176621.0,0.9955040384615385,719.5408507663616,4619.007679264674,0.2357802
-0.02238212,0.01999557,5176833.0,0.9955448076923077,595.8366336149688,3824.903038268771,0.2143545
-0.02228287,0.01999211,5176470.0,0.995475,480.02180214584615,3081.4433787388602,0.1921861
-0.02218367,0.01998767,5175653.0,0.9953178846153846,436.2407726302785,2800.3962202305747,0.182985
-0.02208451,0.01998225,5176306.0,0.9954434615384615,390.95829095910824,2509.710666585459,0.1730065
-0.02198541,0.01997585,5176434.0,0.9954680769230769,368.7523918890152,2367.1625149127744,0.167782
-0.02188638,0.01996846,5176587.0,0.9954975,344.4474473011728,2211.1397879532465,0.1619091
-0.02178742,0.01996008,5176430.0,0.9954673076923077,331.1612788414034,2125.8507955655077,0.1584888
-0.02168856,0.01995073,5176686.0,0.9955165384615384,316.1344110724963,2029.3875891388666,0.1545753
-0.02158979,0.0199404,5176853.0,0.9955486538461539,306.12027592341246,1965.1030289147357,0.1518164
-0.02149113,0.01992908,5176950.0,0.9955673076923077,295.91304107473195,1899.5788879296922,0.1489596
-0.02139259,0.01991678,5176993.0,0.995575576923077,289.1225203700612,1855.987940664261,0.1469224
-0.02129417,0.01990351,5177089.0,0.9955940384615385,281.865815061816,1809.4043762853305,0.1447357
-0.02119589,0.01988926,5177239.0,0.9956228846153846,276.58053386194064,1775.4761365984577,0.1430262
-0.02109776,0.01987403,5177309.0,0.9956363461538461,271.697080998247,1744.1273865522253,0.1413996
-0.02099978,0.01985783,5177385.0,0.9956509615384616,268.17474390431755,1721.5161587553735,0.1401062
-0.02090197,0.01984066,5177476.0,0.9956684615384616,264.6842537298861,1699.1093685044443,0.1388028
-0.02080434,0.01982252,5177587.0,0.9956898076923076,262.50794145967194,1685.1387884075803,0.1378284
-0.02070689,0.01980341,5177654.0,0.9957026923076923,260.42155930507363,1671.7455040878558,0.1368611
-0.02060963,0.01978333,5177741.0,0.9957194230769231,259.275201051312,1664.3865923990008,0.1361262
-0.02051258,0.01976229,5177825.0,0.9957355769230769,258.35205687205826,1658.4605771512215,0.1354353
-0.02041574,0.01974028,5177902.0,0.9957503846153846,258.13756116853085,1657.083647265021,0.1349166
-0.02031912,0.01971732,5177965.0,0.9957625,257.85384279098815,1655.262350582251,0.13436
-0.02022274,0.01969339,5178046.0,0.995778076923077,258.59187241908256,1660.0000447883021,0.1340557
-0.0201266,0.01966851,5178097.0,0.9957878846153846,259.4038661225472,1665.212542658052,0.1337557
-0.02003071,0.01964268,5178169.0,0.9958017307692307,260.5778624881657,1672.7488739482699,0.1335242
-0.01993509,0.0196159,5178247.0,0.9958167307692307,262.25560845603354,1683.5189664331972,0.1334062
-0.01983973,0.01958816,5178275.0,0.9958221153846154,264.64519867095856,1698.858659157076,0.1334469
-0.01974466,0.01955948,5178320.0,0.9958307692307692,266.9504592334849,1713.6570076173118,0.1334423
-0.01964987,0.01952986,5178351.0,0.9958367307692307,269.9643745721974,1733.004481884186,0.1335894
-0.01955538,0.0194993,5178391.0,0.9958444230769231,273.24809282324446,1754.0839241451408,0.1337787
-0.0194612,0.01946781,5178387.0,0.9958436538461538,277.02557165786936,1778.333004272848,0.1340579
-0.01936734,0.01943538,5178404.0,0.9958469230769231,280.86766461759225,1802.9968671605595,0.1343178
-0.01927381,0.01940202,5178388.0,0.9958438461538461,285.58750548329476,1833.2953292706225,0.1347556
-0.01918061,0.01936772,5178389.0,0.9958440384615385,290.5917256503822,1865.4193307861578,0.1352253
-0.01908775,0.01933251,5178324.0,0.9958315384615385,296.29919490542335,1902.0577569298905,0.1358184
-0.01899525,0.01929638,5178277.0,0.9958225,302.07414236115545,1939.1293514293081,0.136384
-0.01890312,0.01925933,5178186.0,0.995805,308.6697528107273,1981.4690952861902,0.1370854
-0.01881135,0.01922136,5178120.0,0.9957923076923076,315.68885964655544,2026.5274242771548,0.1378335
-0.01871997,0.01918249,5177964.0,0.9957623076923077,323.80629703204727,2078.6363567715402,0.1387664
-0.01862898,0.01914271,5177833.0,0.9957371153846154,331.94765839344194,2130.8988664093163,0.1396459
-0.01853839,0.01910203,5177662.0,0.9957042307692308,341.48663138382915,2192.133179163025,0.1407537
-0.0184482,0.01906045,5177454.0,0.9956642307692307,351.54710023973377,2256.715173156741,0.1418997
-0.01835843,0.01901799,5177127.0,0.9956013461538461,363.01080209080584,2330.305055963959,0.1432502
-0.01826909,0.01897463,5176846.0,0.9955473076923077,374.9215651255777,2406.7647953448673,0.1445992
-0.01818019,0.01893038,5176420.0,0.9954653846153846,389.7227289669057,2501.779122012121,0.1464129
-0.01809173,0.01888525,5175990.0,0.9953826923076923,404.94207747553236,2599.4779358597007,0.1481943
-0.01800372,0.01883925,5175441.0,0.9952771153846154,424.3054382844776,2723.778748214734,0.1506011
-0.01791617,0.01879238,5174815.0,0.9951567307692307,443.57028665682725,2847.4471715946966,0.1528441
-0.01782909,0.01874464,5174336.0,0.9950646153846154,463.8809681989419,2977.829197735682,0.1552032
-0.01774245,0.01869611,5174229.0,0.9950440384615384,487.6131816504503,3130.1753446732932,0.1577964
-0.01765635,0.01864663,5173129.0,0.9948325,530.7998881171412,3407.407316422131,0.1641167
-0.01757033,0.01859701,5171224.0,0.9944661538461539,560.7814123989192,3599.870177628825,0.1682553
-0.01748433,0.01854735,5170239.0,0.9942767307692307,567.0296475519312,3639.979986714543,0.1687941
-0.01739833,0.01849767,5168999.0,0.9940382692307692,577.0738853048366,3704.4577870557146,0.1698953
-0.01731234,0.018448,5168221.0,0.9938886538461539,579.9355346874385,3722.8278079649135,0.1699478
-0.01722634,0.01839834,5167092.0,0.9936715384615384,583.9424884479084,3748.5499753308895,0.1701547
-0.01714034,0.01834869,5166257.0,0.9935109615384615,585.6862901892515,3759.744105067652,0.1700236
-0.01705434,0.01829904,5165305.0,0.9933278846153846,588.8378598375534,3779.9752349496307,0.1700934
-0.01696833,0.01824939,5164447.0,0.9931628846153846,591.8619234156612,3799.3878546431306,0.1701426
-0.01688233,0.01819973,5163511.0,0.9929828846153846,595.258323299163,3821.1906433618524,0.1702414
-0.01679633,0.01815008,5162614.0,0.9928103846153846,598.9452137909445,3844.8582023003187,0.1703783
-0.01671032,0.01810043,5161685.0,0.9926317307692307,602.8329774996656,3869.815243178016,0.1705394
-0.01662432,0.01805078,5160768.0,0.9924553846153846,607.0312840910301,3896.765777487174,0.1707401
-0.01653832,0.01800113,5159817.0,0.9922725,611.3590842064978,3924.5475802109204,0.1709541
-0.01645231,0.01795147,5158858.0,0.9920880769230769,616.0221196924075,3954.48138688105,0.1712098
-0.01636631,0.01790182,5157874.0,0.9918988461538462,620.7815488818768,3985.0339815692614,0.1714733
-0.0162803,0.01785217,5156870.0,0.9917057692307693,625.859637613302,4017.6321736266796,0.1717748
-0.0161943,0.01780252,5155837.0,0.9915071153846153,631.0105747996614,4050.698007753907,0.1720796
-0.0161083,0.01775287,5154776.0,0.991303076923077,636.5111130183368,4086.0080645006365,0.1724252
-0.01602229,0.01770322,5153686.0,0.9910934615384616,642.0869753431004,4121.8016554679525,0.1727738
-0.01593629,0.01765357,5152559.0,0.9908767307692308,648.0435458081373,4160.0391574677105,0.1731659
-0.01585028,0.01760391,5151401.0,0.9906540384615384,654.0744280292956,4198.7536950267695,0.1735604
-0.01576428,0.01755426,5150198.0,0.9904226923076923,660.4835373299535,4239.8962167410755,0.1739968
-0.01567828,0.01750461,5148962.0,0.990185,666.9422234835222,4281.356991219022,0.1744316
-0.01559227,0.01745496,5147675.0,0.9899375,673.7752912399852,4325.221064268416,0.1749063
-0.01550627,0.01740531,5146355.0,0.9896836538461539,680.6607953530242,4369.421746328179,0.175379
-0.01542027,0.01735565,5144977.0,0.9894186538461538,687.919872275046,4416.020535002207,0.1758899
-0.01533426,0.017306,5143563.0,0.9891467307692308,695.2167456189959,4462.86195335174,0.1763959
-0.01524826,0.01725635,5142091.0,0.9888636538461538,702.9152161646152,4512.281377601156,0.1769422
-0.01516226,0.0172067,5140580.0,0.9885730769230769,710.648878406288,4561.926710795345,0.1774824
-0.01507625,0.01715704,5139007.0,0.988270576923077,718.8032671406143,4614.272848118119,0.1780637
-0.01499025,0.01710739,5137395.0,0.9879605769230769,726.9989715742742,4666.884206702888,0.1786391
-0.01490425,0.01705774,5135716.0,0.9876376923076923,735.6355429429266,4722.325658611887,0.1792573
-0.01481824,0.01700808,5133999.0,0.9873075,744.2948443733626,4777.913023473314,0.1798669
-0.01473224,0.01695843,5132212.0,0.9869638461538461,753.3472975048338,4836.024179338773,0.180512
-0.01464624,0.01690878,5130387.0,0.9866128846153847,762.4016906474461,4894.147788877083,0.1811455
-0.01456024,0.01685912,5128494.0,0.9862488461538461,771.8161889859374,4954.583051274764,0.1818086
-0.01447423,0.01680947,5126561.0,0.9858771153846154,781.2429246911454,5015.096870005666,0.1824603
-0.01438823,0.01675982,5124560.0,0.9854923076923077,791.0844553392918,5078.27341598091,0.1831468
-0.01430223,0.01671017,5122520.0,0.9851,800.9395362994019,5141.53694658663,0.1838215
-0.01421622,0.01666052,5120412.0,0.9846946153846153,811.2349558343558,5207.627178770882,0.1845327
-0.01413022,0.01661086,5118266.0,0.9842819230769231,821.5473197046648,5273.826183118719,0.1852323
-0.01404421,0.01656121,5116050.0,0.9838557692307692,832.2895585784861,5342.784719382267,0.1859658
-0.01395821,0.01651156,5113798.0,0.9834226923076923,843.0239716993805,5411.693019147321,0.1866844
-0.01387221,0.01646191,5111480.0,0.9829769230769231,854.1857893259745,5483.344991758575,0.1874354
-0.0137862,0.01641226,5109125.0,0.9825240384615385,865.3431442196098,5554.968316381623,0.1881712
-0.0137002,0.0163626,5106706.0,0.9820588461538462,876.929605744418,5629.3462404447155,0.1889383
-0.0136142,0.01631295,5104253.0,0.9815871153846154,888.5225607505348,5703.765848645683,0.1896912
-0.01352819,0.0162633,5101737.0,0.9811032692307692,900.5536783416499,5780.998189914853,0.1904752
-0.01344219,0.01621365,5099188.0,0.980613076923077,912.5841731500643,5858.226533303884,0.1912439
-0.01335619,0.016164,5096579.0,0.9801113461538462,925.0461253380688,5938.224566485343,0.1920418
-0.01327018,0.01611434,5093939.0,0.9796036538461539,937.5073766834809,6018.218100690387,0.1928241
-0.01318418,0.01606469,5091242.0,0.979085,950.3895618803035,6100.913770139117,0.1936329
-0.01309817,0.01601504,5088515.0,0.978560576923077,963.2761794483771,6183.63789267265,0.1944259
-0.01301217,0.01596539,5085734.0,0.9780257692307692,976.6333968117802,6269.382975122736,0.1952492
-0.01292617,0.01591574,5082925.0,0.9774855769230769,990.0109895803756,6355.258855084806,0.1960579
-0.01284016,0.01586609,5080064.0,0.9769353846153846,1003.9055883248378,6444.453593969494,0.1969005
-0.01275416,0.01581644,5077176.0,0.97638,1017.8244896179104,6533.804340200448,0.1977288
-0.01266816,0.01576678,5074237.0,0.9758148076923077,1032.2464373997063,6626.384334071706,0.1985882
-0.01258215,0.01571713,5071273.0,0.9752448076923077,1046.6904453300144,6719.105940466108,0.1994326
-0.01249615,0.01566748,5068259.0,0.9746651923076923,1061.6405140398558,6815.076144385378,0.200307
-0.01241015,0.01561783,5065221.0,0.9740809615384616,1076.6161049867708,6911.2101852972355,0.201166
-0.01232414,0.01556818,5062136.0,0.9734876923076923,1092.122283789361,7010.750272408249,0.2020559
-0.01223814,0.01551852,5059027.0,0.9728898076923077,1107.680266353107,7110.622907657895,0.2029324
-0.01215213,0.01546887,5055870.0,0.9722826923076923,1123.804888942305,7214.1330217611085,0.2038415
-0.01206613,0.01541922,5052690.0,0.9716711538461539,1139.989448146567,7318.027891900001,0.2047375
-0.01198013,0.01536957,5049460.0,0.97105,1156.772698323479,7425.765988170159,0.2056675
-0.01189412,0.01531992,5046207.0,0.9704244230769231,1173.6053912707885,7533.821476477066,0.2065826
-0.01180812,0.01527026,5042904.0,0.9697892307692307,1191.0347567356123,7645.7072336804085,0.2075297
-0.01172212,0.01522061,5039577.0,0.9691494230769231,1208.5332882241369,7758.036994020304,0.2084627
-0.01163611,0.01517096,5036198.0,0.9684996153846154,1226.6958915709936,7874.629685380659,0.2094318
-0.01155011,0.01512131,5032793.0,0.9678448076923077,1244.9348315757386,7991.712410918531,0.2103867
-0.01146411,0.01507165,5029334.0,0.9671796153846154,1263.9265060390505,8113.6272265884145,0.2113836
-0.0113781,0.015022,5025848.0,0.9665092307692308,1283.0132480411828,8236.152317118152,0.2123679
-0.0112921,0.01497235,5022301.0,0.9658271153846154,1302.8117563700303,8363.24650768639,0.213389
-0.0112061,0.01492269,5018727.0,0.9651398076923077,1322.6793942219083,8490.784467079431,0.2143945
-0.0111201,0.01487304,5015091.0,0.9644405769230769,1343.2006248690666,8622.518088382836,0.21543
-0.01103409,0.01482339,5011425.0,0.9637355769230769,1363.7870137459179,8754.669985261558,0.2164481
-0.01094809,0.01477373,5007695.0,0.9630182692307693,1385.1032484099862,8891.50704114445,0.2175002
-0.01086209,0.01472408,5003934.0,0.962295,1406.5341737898784,9029.080340558985,0.2185382
-0.01077608,0.01467443,5000101.0,0.9615578846153846,1428.7904729549778,9171.952029700908,0.2196154
-0.01069008,0.01462478,4996236.0,0.9608146153846154,1451.1621717792507,9315.564513352745,0.220678
-0.01060408,0.01457513,4992291.0,0.9600559615384615,1474.4233782941863,9464.88708677858,0.2217829
-0.01051807,0.01452547,4988310.0,0.9592903846153846,1497.767433507229,9614.741497656547,0.2228696
-0.01043207,0.01447582,4984247.0,0.9585090384615385,1521.9793403163706,9770.16697956206,0.2239946
-0.01034606,0.01442617,4980143.0,0.9577198076923077,1546.2805158587948,9926.165511578783,0.2251011
-0.01026006,0.01437652,4975952.0,0.9569138461538461,1571.4531974395404,10087.758573884155,0.2262438
-0.01017406,0.01432687,4971717.0,0.9560994230769231,1596.7177782213294,10249.94157227847,0.2273674
-0.01008805,0.01427721,4967387.0,0.9552667307692307,1622.8810275149986,10417.893467258808,0.2285272
-0.01000205,0.01422756,4963010.0,0.954425,1649.139990551659,10586.459785330504,0.2296676
-0.009916048,0.01417791,4958532.0,0.9535638461538462,1676.2759747703537,10760.656037505845,0.2308405
-0.009830044,0.01412826,4954002.0,0.9526926923076923,1703.5033805701335,10935.439159745105,0.2319929
-0.00974404,0.01407861,4949365.0,0.9518009615384615,1731.5575924432292,11115.529866116442,0.2331724
-0.009658036,0.01402896,4944670.0,0.9508980769230769,1759.682103790209,11296.071851674185,0.2343289
-0.009572032,0.0139793,4939864.0,0.9499738461538462,1788.671355160245,11482.16493388309,0.2355128
-0.009486028,0.01392965,4934995.0,0.9490375,1817.7606771886174,11668.900407887864,0.236675
-0.009400024,0.01388,4930005.0,0.9480778846153847,1847.8538737069377,11862.080135854243,0.2378717
-0.00931402,0.01383035,4924949.0,0.947105576923077,1878.059064733912,12055.978799368142,0.2390473
-0.009228016,0.0137807,4919760.0,0.9461076923076923,1909.3382428004413,12256.771796091685,0.2402598
-0.009142013,0.01373105,4914501.0,0.9450963461538462,1940.6922299597873,12458.045020968822,0.2414479
-0.00905601,0.01368139,4909101.0,0.9440578846153846,1973.1691698337704,12666.526908435217,0.2426736
-0.008970006,0.01363174,4903625.0,0.9430048076923077,2005.7221126281947,12875.496687690922,0.2438741
-0.008884003,0.01358209,4897999.0,0.9419228846153846,2039.4859740666584,13092.239816451143,0.2451148
-0.008797999,0.01353244,4892292.0,0.9408253846153846,2073.34556018618,13309.597438518353,0.2463304
-0.008711996,0.01348279,4886425.0,0.9396971153846154,2108.5992360180753,13535.904255172889,0.2475942
-0.008625992,0.01343313,4880470.0,0.938551923076923,2143.9427204513468,13762.787587558225,0.2488315
-0.008539988,0.01338348,4874341.0,0.9373732692307692,2180.8366874156013,13999.62405979594,0.250123
-0.008453985,0.01333383,4868119.0,0.9361767307692308,2217.8212661917105,14237.042203879448,0.2513871
-0.008367981,0.01328418,4861708.0,0.9349438461538462,2256.4586167392035,14485.07012153726,0.252707
-0.008281978,0.01323453,4855197.0,0.9336917307692307,2295.16353833649,14733.531803584629,0.2539964
-0.008195974,0.01318487,4848485.0,0.9324009615384615,2335.7504120515373,14994.074455426395,0.2553505
-0.008109971,0.01313522,4841662.0,0.9310888461538461,2376.4140954092336,15255.1101777156,0.2566727
-0.008023968,0.01308557,4834620.0,0.9297346153846154,2419.258995523642,15530.147963874651,0.2580713
-0.007937965,0.01303592,4827460.0,0.9283576923076923,2462.223883091404,15805.955995347591,0.2594395
-0.007851962,0.01298626,4820057.0,0.9269340384615384,2507.5978897666914,16097.229082968592,0.2608915
-0.00776596,0.01293661,4812527.0,0.9254859615384615,2553.0255290238106,16388.84645862699,0.2623076
-0.007679957,0.01288695,4804734.0,0.9239873076923077,2600.8916872453874,16696.11761934967,0.2638036
-0.007593954,0.0128373,4796802.0,0.9224619230769231,2648.7860761087404,17003.57000334968,0.2652596
-0.007507951,0.01278765,4788591.0,0.9208828846153846,2699.3142005867553,17327.929342689782,0.2667987
-0.007421947,0.012738,4780226.0,0.9192742307692308,2749.949467849527,17652.97647250772,0.2682994
-0.007335944,0.01268834,4771551.0,0.9176059615384615,2803.7393637924433,17998.27436930198,0.269902
-0.00724994,0.01263869,4762708.0,0.9159053846153846,2857.7158586693504,18344.770115958592,0.2714671
-0.007163936,0.01258904,4753517.0,0.9141378846153846,2915.4087424220493,18715.12278295285,0.2731531
-0.007077933,0.01253939,4744144.0,0.9123353846153847,2973.199114468312,19086.101264556706,0.2747944
-0.00699193,0.01248974,4734384.0,0.9104584615384615,3035.1101788949377,19483.532045190575,0.276566
-0.006905926,0.01244008,4724421.0,0.9085425,3097.102150569959,19881.48220036899,0.2782885
-0.006819923,0.01239043,4714026.0,0.9065434615384615,3163.7450500173727,20309.288438177744,0.2801547
-0.006733919,0.01234078,4703407.0,0.9045013461538461,3230.4957125158735,20737.786448190927,0.2819686
-0.006647915,0.01229113,4692301.0,0.902365576923077,3302.572693545006,21200.47613219871,0.2839432
-0.006561911,0.01224148,4680942.0,0.9001811538461538,3374.7994520456314,21664.127295030477,0.2858616
-0.006475907,0.01219183,4669031.0,0.8978905769230769,3453.4320984514347,22168.900300207973,0.2879719
-0.006389903,0.01214218,4656834.0,0.895545,3532.3248546194764,22675.34304934504,0.2900238
-0.006303899,0.01209252,4643991.0,0.8930751923076923,3619.1238496999676,23232.538967272747,0.2923113
-0.006217895,0.01204287,4630829.0,0.8905440384615385,3706.3017469700176,23792.167203145153,0.2945376
-0.006131892,0.01199322,4616895.0,0.887864423076923,3802.855296942026,24411.981336430246,0.2970346
-0.006045888,0.01194357,4602581.0,0.8851117307692308,3899.6694730666522,25033.468528582085,0.2994549
-0.005959885,0.01189392,4587346.0,0.8821819230769231,4004.9316384477743,25709.186592002094,0.302084
-0.005873881,0.01184426,4571551.0,0.8791444230769231,4109.078531982063,26377.74529925837,0.3045462
-0.005787885,0.0117946,4554821.0,0.8759271153846154,4237.186987122873,27200.12242690011,0.3077587
-0.005701897,0.01174492,4537582.0,0.872611923076923,4370.411533737594,28055.34170072528,0.3110746
-0.005615904,0.01169525,4518550.0,0.868951923076923,4526.805660108186,29059.29536079651,0.3150612
-0.005529897,0.01164561,4498774.0,0.8651488461538461,4680.3445775170885,30044.92034348145,0.3188157
-0.005443868,0.011596,4477462.0,0.8610503846153846,4836.115213630779,31044.871581339252,0.322408
-0.005357828,0.01154641,4455068.0,0.8567438461538461,4993.6156118855015,32055.926823374466,0.3258528
-0.005271787,0.01149682,4430547.0,0.8520282692307692,5204.66218810005,33410.715443338515,0.3307982
-0.00518574,0.01144724,4403767.0,0.8468782692307693,5416.712241034689,34771.945763827454,0.3355359
-0.005099683,0.01139769,4374406.0,0.8412319230769231,5732.011628315067,36795.97301615702,0.3430929
-0.005013605,0.01134816,4342655.0,0.8351259615384615,6025.341501642585,38678.96956321127,0.3496684
-0.004927488,0.01129871,4309428.0,0.8287361538461538,6618.684590946346,42487.86558768814,0.3645382
-0.004841241,0.01124947,4265901.0,0.8203655769230769,7238.098790934681,46464.12203420463,0.3835735
-0.004753901,0.01120225,4219938.0,0.8115265384615384,7034.292564381753,45155.81198547384,0.376345
-0.0046663,0.01115547,4189951.0,0.8057598076923077,7001.95073182829,44948.197403526436,0.3751326
-0.004578239,0.01110957,4155412.0,0.7991176923076924,7087.282778602858,45495.97641971336,0.3769498
-0.004489727,0.01106455,4119643.0,0.7922390384615384,7133.276822358323,45791.229762286835,0.3776341
-0.004400772,0.0110204,4084764.0,0.7855315384615384,7232.7205996212815,46429.597368995295,0.3796873
-0.004311381,0.01097714,4049588.0,0.7787669230769231,7331.557364172367,47064.06832914843,0.3816277
-0.004221566,0.01093477,4015394.0,0.7721911538461539,7424.737188898522,47662.225230878525,0.3833864
-0.004131335,0.0108933,3980415.0,0.7654644230769231,7523.540428614679,48296.48098230541,0.3852036
-0.004040696,0.01085272,3945704.0,0.7587892307692308,7627.571745170472,48964.29775677129,0.3870796
-0.003949659,0.01081305,3910468.0,0.752013076923077,7734.76532071049,49652.41428005115,0.3889479
-0.003858234,0.01077427,3875384.0,0.7452661538461538,7845.202851657557,50361.35499270176,0.3908232
-0.003766427,0.01073641,3839677.0,0.7383994230769231,7957.76861682607,51083.95765408212,0.3926618
-0.003674248,0.01069947,3804068.0,0.7315515384615384,8069.495259001381,51801.173664315,0.3943849
-0.003581707,0.01066344,3768015.0,0.7246182692307692,8184.180506618844,52537.382093453154,0.3960887
-0.003488814,0.01062833,3731975.0,0.7176875,8301.059186232513,53287.67100075127,0.3977584
-0.003395578,0.01059414,3695398.0,0.7106534615384615,8420.39608084067,54053.74012945688,0.3993955
-0.003302005,0.01056089,3658681.0,0.7035925,8536.76062280694,54800.72859072888,0.4008711
-0.003208104,0.01052857,3621473.0,0.6964371153846154,8652.323654059986,55542.57184845137,0.4022151
-0.003113889,0.01049718,3584423.0,0.6893121153846153,8768.003381130315,56285.164221217965,0.4034741
-0.003019367,0.01046672,3546863.0,0.6820890384615385,8887.656779540392,57053.26510877371,0.4047338
-0.002924548,0.01043721,3509086.0,0.6748242307692308,9003.655942890526,57797.908065086594,0.4058059
-0.00282944,0.01040864,3470902.0,0.6674811538461538,9120.29776728584,58546.676508228586,0.406793
-0.002734053,0.01038101,3432647.0,0.6601244230769231,9235.851598261292,59288.46070585349,0.4076611
-0.002638397,0.01035433,3393833.0,0.6526601923076923,9352.740286374634,60038.81386153556,0.4084683
-0.002542478,0.01032861,3354976.0,0.6451876923076924,9460.028960837908,60727.54086114396,0.4089442
-0.002446311,0.01030384,3316011.0,0.637694423076923,9574.530897002807,61462.572544019284,0.4095091
-0.002349903,0.01028002,3276620.0,0.6301192307692308,9683.799658213149,62164.0104771078,0.4098553
-0.002253261,0.01025717,3236913.0,0.6224832692307692,9791.139999541334,62853.06914606552,0.410056
-0.002156399,0.01023527,3197226.0,0.6148511538461539,9897.57249838263,63536.30002718599,0.4101518
-0.002059324,0.01021433,3157144.0,0.6071430769230769,10006.201863722847,64233.633433851785,0.4101991
-0.001962045,0.01019437,3116884.0,0.5994007692307692,10106.421076182613,64876.97885540566,0.4099745
-0.001864573,0.01017537,3076417.0,0.5916186538461539,10208.212400290276,65530.41626237852,0.4096932
-0.001766917,0.01015733,3035849.0,0.5838171153846153,10303.567409534013,66142.53650473038,0.4091935
-0.001669086,0.01014028,2995040.0,0.5759692307692308,10399.526120783696,66758.53214095111,0.4086154
-0.001571091,0.01012419,2954237.0,0.5681225,10490.50007349855,67342.52870731064,0.4078499
-0.001472941,0.01010907,2913257.0,0.5602417307692308,10586.337710059379,67957.74711883733,0.4071045
-0.001374646,0.01009493,2872026.0,0.5523126923076923,10670.59575014598,68498.63167568395,0.4060324
-0.001276215,0.01008177,2830838.0,0.5443919230769231,10758.46428357474,69062.69336897196,0.4049594
-0.001177659,0.01006958,2789483.0,0.5364390384615385,10840.06629643868,69586.52787212844,0.4036802
-0.001078986,0.01005838,2748003.0,0.5284621153846154,10922.819697050994,70117.75357322163,0.4023463
-0.0009802069,0.01004816,2706491.0,0.5204790384615384,10994.261965012129,70576.36879150299,0.4007203
-0.000881331,0.01003892,2665044.0,0.5125084615384615,11068.679374483208,71054.08258002771,0.3990823
-0.0007823684,0.01003065,2623633.0,0.5045448076923077,11143.054128336298,71531.52254584056,0.397367
-0.0006833288,0.01002337,2581997.0,0.4965378846153846,11221.848491650493,72037.33367364992,0.3956553
-0.0005842214,0.01001708,2540211.0,0.4885021153846154,11305.426336593362,72573.8517979459,0.393926
-0.0004850564,0.01001177,2498077.0,0.48039942307692307,11397.143381877746,73162.61855946726,0.3922462
-0.0003858439,0.01000745,2455240.0,0.47216153846153847,11556.504648155562,74185.61942443633,0.3915544
-0.0002865932,0.0100041,2410759.0,0.4636075,11743.853013914875,75388.28017568942,0.3911364
-0.0001873143,0.01000175,2362399.0,0.4543075,12110.32151699979,77740.78153562608,0.3931277
-8.801603e-05,0.01000044,2313150.0,0.4448365384615385,12501.806697191078,80253.87450553312,0.3951695
1.129096e-05,0.009999971,2249607.0,0.4326167307692308,13295.623673058733,85349.68901496386,0.4018815
0.0001105874,0.01000122,2172414.0,0.41777192307692307,13893.87415381057,89190.08746040775,0.4041162
0.0002098418,0.01000441,2088401.0,0.4016155769230769,14200.542296305519,91158.70745420147,0.4008113
0.0003090139,0.01000956,2005188.0,0.38561307692307695,14455.833615333784,92797.51998553342,0.3964404
0.0004080636,0.01001668,1924264.0,0.37005076923076924,14497.270088920259,93063.51654360755,0.3888762
0.0005069526,0.01002577,1844017.0,0.3546186538461538,14535.785989890537,93310.76483001967,0.3810445
0.0006056422,0.01003681,1766604.0,0.3397315384615385,14476.754128616136,92931.81675465003,0.3720427
0.0007040912,0.01004983,1690878.0,0.32516884615384617,14426.784430407966,92611.04216692754,0.3630592
0.0008022646,0.01006478,1618172.0,0.3111869230769231,14327.015612414627,91970.58799956294,0.3534296
0.0009001194,0.01008169,1547185.0,0.2975355769230769,14238.548066019726,91402.6810131444,0.3438691
0.0009976206,0.01010054,1479043.0,0.28443134615384613,14109.751198244463,90575.88470173893,0.3341869
0.00109473,0.01012131,1412683.0,0.2716698076923077,13998.166518188831,89859.58000060028,0.3246948
0.001191405,0.01014402,1348552.0,0.2593369230769231,13848.271702859063,88897.34790168228,0.314609
0.001287609,0.01016864,1286406.0,0.24738576923076924,13713.827197171207,88034.29724438362,0.3047217
0.001383306,0.01019516,1226437.0,0.23585326923076924,13542.857272882602,86936.77596762599,0.2949313
0.001478459,0.01022358,1168272.0,0.22466769230769232,13383.473306699303,85913.6293832893,0.2853147
0.001573024,0.01025388,1112191.0,0.21388288461538463,13204.081092139815,84762.0422068725,0.2752993
0.001666972,0.01028606,1057697.0,0.20340326923076923,13032.05583480868,83657.74634404038,0.2654001
0.001760262,0.0103201,1005328.0,0.1933323076923077,12829.535277892172,82357.6894999988,0.2558099
0.001852859,0.01035598,954585.4,0.18357411538461538,12631.7292863893,81087.89725292457,0.2463574
0.001944724,0.01039369,905924.7,0.17421628846153844,12424.351825323243,79756.66208517792,0.236643
0.002035822,0.01043323,858647.2,0.16512446153846153,12221.343359528535,78453.47316760251,0.2270454
0.002126115,0.01047456,813356.8,0.15641476923076925,12002.140460994357,77046.32599789274,0.2179446
0.002215573,0.01051768,769445.9,0.1479703653846154,11780.567361448346,75623.96360216294,0.2089365
0.002304157,0.01056256,727828.5,0.13996701923076924,11583.51560393505,74359.01307128328,0.2001192
0.00239183,0.0106092,687624.2,0.13223542307692307,11397.869251836255,73167.27819610767,0.1914936
0.002478561,0.01065756,648473.0,0.12470634615384615,11191.027204563892,71839.48005410044,0.1830829
0.002564312,0.01070765,610680.6,0.11743857692307692,10931.482366821896,70173.36256074766,0.1743547
0.002649054,0.01075942,577976.5,0.11114932692307693,10586.357324353763,67957.8730304882,0.1656935
0.00273275,0.01081287,547694.9,0.10532594230769231,10146.646654265967,65135.20221252566,0.156535
0.002805451,0.01086119,531854.2,0.10227965384615384,9196.181577764388,59033.803685176164,0.1456062
0.00288784,0.01091664,517907.7,0.09959763461538462,8165.88103881598,52419.91081684966,0.1351485
0.002970221,0.0109721,512106.6,0.09848203846153845,7624.046468296424,48941.667657402475,0.1300779
0.003052613,0.01102754,506297.2,0.09736484615384616,7100.521185494621,45580.958812344936,0.1250613
0.003135027,0.01108295,502761.0,0.0966848076923077,6831.810681407156,43856.003404243864,0.1224911
0.003217482,0.01113829,499310.3,0.09602121153846153,6572.9105381114305,42194.02445089882,0.1199978
0.003299977,0.01119357,496657.0,0.09551096153846154,6433.966862237568,41302.09190090796,0.1186663
0.003382505,0.01124881,494019.6,0.09500376923076922,6298.136839962072,40430.147083185686,0.1173334
0.003465062,0.011304,491756.2,0.0945685,6213.509153415497,39886.889624459465,0.1165091
0.00354765,0.01135915,489504.1,0.09413540384615385,6129.988121856259,39350.73620698311,0.1156886
0.003630266,0.01141425,487485.5,0.09374721153846154,6078.238468205345,39018.535405099145,0.1151873
0.003712912,0.01146931,485475.1,0.09336059615384615,6027.332611350058,38691.75125728643,0.1146906
0.003795588,0.01152433,483605.2,0.093001,5995.349700914719,38486.4407335702,0.1143839
0.003878293,0.0115793,481741.0,0.0926425,5963.971606983098,38285.01275810991,0.1140807
0.003961026,0.01163423,479955.1,0.09229905769230769,5942.2640606172035,38145.66372288102,0.1138738
0.004043788,0.01168911,478172.6,0.09195626923076923,5920.977691719007,38009.018386761876,0.1136689
0.004126581,0.01174395,476426.7,0.09162051923076923,5903.5870398877205,37897.38114716585,0.1135019
0.004209402,0.01179875,474681.8,0.09128496153846154,5886.4546270882975,37787.401642596255,0.1133355
0.004292253,0.0118535,472950.0,0.09095192307692308,5870.265647572689,37683.478396789695,0.1131772
0.004375132,0.0119082,471217.9,0.09061882692307693,5854.238925087375,37580.59674086388,0.1130185
0.004458041,0.01196287,469485.7,0.09028571153846154,5837.857692980875,37475.439352210895,0.1128553
0.004540979,0.01201749,467752.9,0.08995248076923078,5821.525502852242,37370.596782754255,0.1126906
0.004623945,0.01207206,466018.2,0.08961888461538461,5804.560606779507,37261.69263206645,0.1125194
0.004706934,0.01212659,464282.9,0.08928517307692307,5787.6270934560225,37152.989939238374,0.1123467
0.004789963,0.01218108,462545.3,0.08895101923076923,5770.478244003191,37042.90492150962,0.1121719
0.00487301,0.01223552,460806.8,0.0886166923076923,5753.379332646529,36933.140475503016,0.1119959
0.0049561,0.01228993,459064.2,0.08828157692307692,5736.544995050681,36825.07442956867,0.1118222
0.005039213,0.01234428,457320.5,0.08794625,5719.754351240675,36717.28887074235,0.111647
0.005122354,0.01239859,455572.7,0.08761013461538462,5703.242417528004,36611.292458534335,0.111474
0.005205522,0.01245286,453824.0,0.08727384615384616,5686.742114450145,36505.37070781559,0.1112992
0.005288718,0.01250708,452074.5,0.08693740384615385,5670.304409638373,36399.850799287546,0.1111248
0.005371942,0.01256126,450324.5,0.08660086538461538,5653.850310537334,36294.22564955194,0.1109482
0.005455195,0.0126154,448578.9,0.08626517307692308,5637.388614492919,36188.55173213379,0.1107722
0.005538476,0.01266949,446833.1,0.0859294423076923,5620.940552064751,36082.965334108136,0.1105947
0.005621782,0.01272354,445093.2,0.08559484615384616,5604.873414734199,35979.82423984702,0.1104217
0.005705118,0.01277754,443353.0,0.08526019230769231,5588.867403534228,35877.07553757623,0.1102476
0.005788487,0.01283151,441615.6,0.08492607692307692,5573.59422912174,35779.031194683266,0.1100809
0.005871883,0.01288542,439877.5,0.08459182692307693,5558.389540412744,35681.42648769147,0.1099129
0.005955306,0.0129393,438139.8,0.08425765384615384,5543.582951163712,35586.37733325895,0.1097482
0.006038761,0.01299313,436401.5,0.08392336538461538,5528.799371438532,35491.47588575267,0.1095818
0.006122238,0.01304691,434666.3,0.08358967307692307,5513.971075593116,35396.28738838322,0.1094146
0.006205752,0.01310066,432930.8,0.08325592307692307,5499.156621221089,35301.1877447207,0.1092458
0.006289282,0.01315435,431200.5,0.08292317307692308,5484.576335027465,35207.59131607805,0.1090795
0.006372854,0.01320802,429469.6,0.08259030769230769,5470.043476957262,35114.29934668335,0.1089118
0.006456437,0.01326162,427742.4,0.08225815384615386,5455.875607508369,35023.35037872197,0.1087476
0.006540067,0.0133152,426014.7,0.08192590384615385,5441.750255121572,34932.67434402923,0.1085821
0.006623714,0.01336873,424290.1,0.08159425,5427.736571564523,34842.71515422665,0.1084171
0.006707388,0.01342221,422565.4,0.08126257692307692,5413.740594849706,34752.869631410686,0.1082506
0.00679109,0.01347565,420844.5,0.08093163461538462,5399.820383473408,34663.51047525489,0.1080848
0.006874819,0.01352905,419123.3,0.08060063461538461,5385.95049750848,34574.474377145525,0.107918
0.006958577,0.0135824,417403.2,0.08026984615384615,5372.445053743583,34487.77777278249,0.1077542
0.007042362,0.01363571,415682.6,0.07993896153846153,5359.007397842611,34401.516324621756,0.1075896
0.007126176,0.01368897,413959.6,0.07960761538461537,5345.899754820914,34317.37335524095,0.107427
0.007210017,0.0137422,412236.1,0.07927617307692307,5332.783597253099,34233.17572773494,0.1072624
0.007293886,0.01379537,410515.2,0.07894523076923077,5319.324816406383,34146.77867047501,0.1070934
0.007377782,0.01384851,408794.2,0.07861426923076924,5305.793507233923,34059.91602617687,0.1069217
0.007461704,0.0139016,407086.6,0.0782858846153846,5291.441987542476,33967.78813713026,0.1067422
0.007545654,0.01395465,405379.5,0.07795759615384615,5277.027431791264,33875.255595528026,0.1065607
0.007629631,0.01400766,403693.2,0.0776333076923077,5262.2453246159,33780.36360088173,0.1063772
0.007713635,0.01406063,402007.4,0.07730911538461539,5247.490680033671,33685.647899115036,0.1061927
0.007797666,0.01411355,400339.9,0.0769884423076923,5233.060753977791,33593.01668965369,0.1060129
0.007881725,0.01416643,398672.4,0.07666776923076923,5218.717334832534,33500.94080110853,0.1058325
0.007965812,0.01421926,397016.8,0.07634938461538461,5204.775159780308,33411.44065172397,0.1056564
0.008049925,0.01427205,395361.0,0.07603096153846153,5190.891064591687,33322.31333917795,0.1054792
0.008134066,0.0143248,393713.7,0.07571417307692307,5177.173161963968,33234.25288018753,0.1053035
0.008218232,0.01437751,392066.2,0.07539734615384616,5163.495769642341,33146.45247233213,0.1051265
0.008302426,0.01443017,390425.2,0.07508176923076923,5149.95776838861,33059.54686900707,0.1049506
0.008386646,0.01448279,388784.0,0.07476615384615384,5136.465196248051,32972.93289251929,0.1047738
0.008470894,0.01453536,387147.1,0.07445136538461539,5123.154261825325,32887.484917951515,0.1045982
0.008555168,0.0145879,385510.0,0.07413653846153846,5109.842463716477,32802.03139905248,0.1044208
0.008639468,0.01464039,383879.8,0.07382303846153845,5096.305864920798,32715.13479864158,0.1042408
0.008723795,0.01469284,382249.5,0.07350951923076923,5082.725248135802,32627.955629936652,0.1040586
0.008808148,0.01474524,380632.3,0.07319851923076923,5068.6239281554035,32537.433868444088,0.1038715
0.008892527,0.01479761,379015.5,0.07288759615384616,5054.497642510699,32446.751842812213,0.1036829
0.008976933,0.01484993,377414.7,0.07257975,5040.290275783706,32355.54932672961,0.1034947
0.009061365,0.01490221,375814.2,0.07227196153846153,5026.118907114178,32264.577895933813,0.1033055
0.009145825,0.01495445,374226.5,0.07196663461538462,5012.290267399203,32175.80657326433,0.1031205
0.009230311,0.01500664,372638.6,0.07166126923076922,4998.500946981499,32087.287656189113,0.1029343
0.009314824,0.01505879,371061.0,0.07135788461538461,4984.817964964883,31999.451365945584,0.1027491
0.009399363,0.01511089,369483.3,0.07105448076923077,4971.150673599606,31911.715799988873,0.1025626
0.009483928,0.01516296,367915.6,0.070753,4957.448835506953,31823.75846538779,0.1023758
0.00956852,0.01521498,366348.0,0.07045153846153847,4943.764080854502,31735.910795917458,0.1021877
0.009653138,0.01526696,364789.0,0.07015173076923077,4930.323061012609,31649.627753334502,0.1020022
0.009737783,0.0153189,363229.7,0.06985186538461538,4916.907654348759,31563.509131528965,0.1018154
0.009822453,0.01537079,361677.9,0.06955344230769231,4903.52587370135,31477.606367972476,0.1016285
0.009907149,0.01542264,360125.9,0.06925498076923077,4890.124512117994,31391.577906905677,0.1014397
0.00999187,0.01547445,358585.0,0.06895865384615385,4876.325949846181,31302.99966283735,0.1012469
0.01007662,0.01552622,357044.3,0.06866236538461538,4862.47842176378,31214.107088519544,0.1010521
0.01016139,0.01557794,355519.4,0.06836911538461539,4848.341644831116,31123.357715301223,0.1008554
0.01024619,0.01562963,353994.8,0.06807592307692308,4834.200968712957,31032.583311721206,0.1006575
0.01033101,0.01568127,352485.7,0.06778571153846154,4820.2509182065405,30943.032606786754,0.1004626
0.01041586,0.01573287,350976.9,0.0674955576923077,4806.333952691389,30853.694287053993,0.1002668
0.01050073,0.01578443,349481.0,0.06720788461538461,4792.595733313396,30765.503407079927,0.1000733
0.01058563,0.01583594,347985.3,0.06692025,4778.864931740407,30677.36014483075,0.09987843
0.01067056,0.01588741,346502.0,0.066635,4765.180259873442,30589.513006792087,0.09968458
0.01075551,0.01593884,345018.9,0.06634978846153847,4751.509368439736,30501.754330620435,0.09948955
0.01084049,0.01599023,343546.9,0.06606671153846154,4738.023507718825,30415.183437300013,0.09929683
0.01092549,0.01604157,342074.9,0.06578363461538463,4724.564254566644,30328.78334813082,0.09910315
0.01101052,0.01609288,340611.8,0.06550226923076923,4711.368340882322,30244.07373563574,0.09891217
0.01109558,0.01614414,339148.7,0.06522090384615385,4698.1731170329995,30159.36855145513,0.0987197
0.01118066,0.01619535,337695.1,0.06494136538461538,4684.940890920593,30074.425835608108,0.09852679
0.01126577,0.01624653,336241.6,0.06466184615384615,4671.6796294479645,29989.296730688533,0.09833206
0.0113509,0.01629767,334800.9,0.06438478846153847,4658.147260708553,29902.427284625246,0.098135
0.01143605,0.01634876,333360.4,0.06410776923076923,4644.5794109177905,29815.330072134955,0.09793637
0.01152123,0.01639981,331935.5,0.06383375,4630.926652744088,29727.687800288528,0.09773787
0.01160644,0.01645082,330510.8,0.06355976923076923,4617.276083755773,29640.059581659654,0.09753818
0.01169167,0.01650179,329100.9,0.06328863461538461,4603.825664214795,29553.71619881636,0.09734155
0.01177693,0.01655271,327691.0,0.0630175,4590.412948054058,29467.61484837843,0.0971441
0.01186221,0.01660359,326292.3,0.06274851923076923,4577.364909995692,29383.854506034088,0.09695084
0.01194751,0.01665443,324893.6,0.062479538461538454,4564.336065727187,29300.217375961387,0.09675636
0.01203285,0.01670523,323504.6,0.062212423076923075,4551.43886146796,29217.425293411845,0.09656334
0.0121182,0.01675599,322115.7,0.06194532692307692,4538.522864394211,29134.51257260459,0.09636871
0.01220358,0.01680671,320738.7,0.06168051923076923,4525.416815435238,29050.37983612154,0.09617249
0.01228899,0.01685738,319362.0,0.06141576923076923,4512.274396398097,28966.013626208634,0.09597464
0.01237441,0.01690802,317999.9,0.06115382692307693,4499.005871174325,28880.837892494772,0.09577655
0.01245987,0.01695861,316638.1,0.06089194230769231,4485.73146723565,28795.624421063512,0.09557733
0.01254535,0.01700916,315290.4,0.06063276923076923,4472.660657204301,28711.717896722737,0.09538132
0.01263085,0.01705967,313942.9,0.06037363461538462,4459.62080237726,28628.01008566733,0.09518455
0.01271638,0.01711013,312606.5,0.06011663461538461,4446.962840718023,28546.753792788913,0.09499224
0.01280193,0.01716056,311270.0,0.059859615384615386,4434.314267290987,28465.55776656053,0.09479867
0.01288751,0.01721094,309943.7,0.05960455769230769,4421.754663617569,28384.932871178637,0.09460616
0.01297311,0.01726128,308617.6,0.05934953846153846,4409.1576238223515,28304.06765902544,0.0944119
0.01305874,0.01731158,307305.1,0.059097134615384614,4396.304888001773,28221.56103637631,0.09421556
0.01314439,0.01736184,305993.0,0.05884480769230769,4383.402831093251,28138.737802816602,0.09401745
0.01323006,0.01741206,304698.0,0.05859576923076923,4370.338054698427,28054.870010694314,0.09381913
0.01331576,0.01746224,303403.4,0.0583468076923077,4357.278887514115,27971.038226237753,0.0936199
0.01340148,0.01751237,302123.9,0.05810075000000001,4344.497599688463,27888.990255570483,0.09342497
0.01348723,0.01756247,300844.7,0.05785475,4331.760638275221,27807.226833082932,0.09322958
0.013573,0.01761252,299575.5,0.05761067307692308,4319.560719389002,27728.91089179644,0.09304042
0.0136588,0.01766253,298306.2,0.05736657692307692,4307.38761632526,27650.767091521557,0.09285021
0.01374462,0.0177125,297044.7,0.057123980769230774,4295.394908735845,27573.781318730915,0.09266179
0.01383046,0.01776243,295783.2,0.05688138461538462,4283.377362886868,27496.636099660696,0.09247175
0.01391633,0.01781231,294531.9,0.056640750000000004,4271.1327736498415,27418.03340232249,0.09227953
0.01400222,0.01786216,293280.9,0.056400173076923084,4258.840901669552,27339.12717898712,0.09208559
0.01408813,0.01791196,292043.5,0.056162211538461536,4246.385371654557,27259.170372188313,0.09189101
0.01417407,0.01796173,290806.4,0.0559243076923077,4233.914201616701,27179.11316610624,0.09169526
0.01426003,0.01801145,289583.2,0.055689076923076924,4221.539078970499,27099.672524933787,0.09150168
0.01434602,0.01806113,288360.3,0.05545390384615385,4209.1742252868335,27020.29780415594,0.09130723
0.01443203,0.01811077,287149.2,0.055221,4197.104090452274,26942.81499629144,0.09111677
0.01451807,0.01816037,285938.1,0.05498809615384615,4185.040423519144,26865.37370835779,0.09092522
0.01460412,0.01820993,284738.0,0.054757307692307695,4173.130062833298,26788.916551808394,0.09073578
0.0146902,0.01825945,283537.9,0.05452651923076923,4161.200432631115,26712.335696870163,0.0905449
0.01477631,0.01830892,282350.3,0.054298134615384616,4149.207640593458,26635.34938197398,0.09035403
0.01486244,0.01835836,281162.9,0.05406978846153847,4137.18005957046,26558.139743286985,0.09016158
0.01494859,0.01840776,279990.5,0.053844326923076925,4124.927515178576,26479.48597876984,0.08996788
0.01503476,0.01845711,278818.4,0.053618923076923085,4112.658097471305,26400.723897993423,0.08977317
0.01512096,0.01850643,277661.2,0.053396384615384616,4100.492392661743,26322.62758993922,0.0895811
0.01520718,0.0185557,276504.3,0.05317390384615384,4088.3523603375525,26244.696083378843,0.08938847
0.01529342,0.01860493,275358.5,0.052953557692307696,4076.703283844726,26169.916209908977,0.08920216
0.01537969,0.01865412,274212.7,0.05273321153846154,4065.0926252877407,26095.382955849927,0.08901522
0.01546598,0.01870327,273074.6,0.05251434615384615,4053.8432151866205,26023.16869367297,0.08883225
0.0155523,0.01875238,271936.5,0.05229548076923077,4042.586152559703,25950.905307008663,0.08864794
0.01563864,0.01880145,270806.8,0.052078230769230766,4031.277929296734,25878.31350067152,0.0884632
0.015725,0.01885047,269677.3,0.05186101923076923,4019.924335607508,25805.430444230835,0.08827674
0.01581138,0.01889946,268559.7,0.051646096153846154,4008.287350754918,25730.728191620226,0.08808802
0.01589779,0.01894841,267442.5,0.05143125,3996.617618913671,25655.81572357582,0.08789812
0.01598422,0.01899732,266338.8,0.051219,3984.934666246545,25580.818385998024,0.08770939
0.01607067,0.01904618,265235.4,0.0510068076923077,3973.252420974777,25505.825589461347,0.08751986
0.01615714,0.01909501,264144.0,0.05079692307692308,3961.8292086396827,25432.49562432945,0.08733424
0.01624364,0.01914379,263052.6,0.050587038461538454,3950.4174336677033,25359.23908000195,0.08714783
0.01633016,0.01919254,261971.7,0.05037917307692308,3939.214124556621,25287.32075769662,0.08696428
0.01641671,0.01924124,260890.9,0.05017132692307692,3927.9981984165593,25215.321441860928,0.08677949
0.01650328,0.0192899,259821.1,0.04996559615384615,3916.8017165061533,25143.44694596562,0.08659558
0.01658987,0.01933853,258751.5,0.04975990384615385,3905.586202969156,25071.450278786666,0.08641039
0.01667648,0.01938711,257694.0,0.049556538461538464,3894.3051530093862,24999.032908266498,0.08622538
0.01676311,0.01943565,256636.8,0.04935323076923077,3883.0119410011894,24926.53746490999,0.08603938
0.01684977,0.01948415,255591.4,0.049152192307692306,3871.799318184524,24854.559354369478,0.08585534
0.01693645,0.01953261,254546.2,0.04895119230769231,3860.5898135055286,24782.601260346204,0.08567047
0.01702315,0.01958104,253511.4,0.04875219230769231,3849.574528857752,24711.889938920634,0.08548864
0.01710988,0.01962942,252476.8,0.048553230769230765,3838.5700831913828,24641.248197058623,0.0853061
0.01719662,0.01967776,251450.5,0.048355865384615386,3827.8810651287445,24572.63130551933,0.08512755
0.01728339,0.01972606,250424.2,0.0481585,3817.1966814969705,24504.044164162715,0.084948
0.01737019,0.01977432,249405.5,0.047962596153846154,3806.6007316493897,24436.02471306004,0.08476963
0.017457,0.01982254,248386.8,0.04776669230769231,3795.971082322113,24367.788932119613,0.08458982
0.01754384,0.01987072,247378.2,0.04757273076923077,3785.0902789425195,24297.940897343848,0.08440783
0.01763069,0.01991886,246369.8,0.04737880769230769,3774.150623462379,24227.715068445515,0.08422414
0.01771757,0.01996696,245375.2,0.04718753846153846,3762.919885930936,24155.62067262867,0.08403878
0.01780447,0.02001502,244380.9,0.046996326923076925,3751.6719597554975,24083.41593633772,0.08385258
0.0178914,0.02006305,243400.0,0.04680769230769231,3740.6000790992703,24012.34130350687,0.08366991
0.01797834,0.02011103,242419.3,0.04661909615384615,3729.5546116483138,23941.436227133934,0.08348692
0.01806531,0.02015897,241448.3,0.046432365384615384,3718.983357145197,23873.575304884205,0.08331004
0.0181523,0.02020687,240477.3,0.04624563461538461,3708.4244708878437,23805.793779130316,0.08313226
0.01823932,0.02025473,239514.4,0.046060461538461536,3698.0278616717783,23739.053971715388,0.08295655
0.01832635,0.02030255,238551.5,0.04587528846153846,3687.6066344153733,23672.156131692227,0.08277955
0.01841341,0.02035033,237598.3,0.04569198076923077,3677.065761851947,23604.49024272323,0.08260177
0.01850048,0.02039807,236645.3,0.04550871153846154,3666.5000434308035,23536.66485869919,0.0824228
0.01858759,0.02044577,235702.8,0.04532746153846154,3655.9771101020565,23469.114128532718,0.0822454
0.01867471,0.02049343,234760.5,0.04514625,3645.4545741459106,23401.56594925282,0.08206717
0.01876186,0.02054106,233827.6,0.044966846153846156,3635.072666550977,23334.92051716187,0.0818913
0.01884901,0.02058863,232894.9,0.04478748076923077,3624.6876566908786,23268.255170445358,0.08171457
0.01893621,0.02063618,231971.0,0.04460980769230769,3614.4202589598876,23202.344820928716,0.08153985
0.01902341,0.02068368,231047.2,0.04443215384615385,3604.141413668525,23136.360985147592,0.0813642
0.01911065,0.02073115,230132.1,0.044256173076923075,3593.951565668306,23070.948456986862,0.08119018
0.01919789,0.02077857,229217.0,0.044080192307692306,3583.746028904737,23005.43521665904,0.08101519
0.01928517,0.02082596,228310.8,0.04390592307692307,3573.602246905916,22940.318403764486,0.08084159
0.01937246,0.0208733,227404.8,0.043731692307692305,3563.4360280147976,22875.057559884463,0.08066695
0.01945979,0.02092061,226508.6,0.04355934615384616,3553.2005075493516,22809.351842716616,0.08049229
0.01954712,0.02096788,225612.6,0.04338703846153846,3542.9421851450184,22743.49975118975,0.08031662
0.01963448,0.02101511,224727.4,0.04321680769230769,3532.6880673217493,22677.674650475426,0.08014215
0.01972186,0.0210623,223842.5,0.04304663461538462,3522.4277115862424,22611.809506218757,0.07996693
0.01980926,0.02110945,222967.4,0.042878346153846156,3512.3606409242643,22547.185132709106,0.07979492
0.01989668,0.02115656,222092.5,0.042710096153846154,3502.297471157424,22482.58580053599,0.07962218
0.01998413,0.02120363,221226.4,0.04254353846153846,3492.3832603468927,22418.942692825127,0.0794518
0.02007159,0.02125066,220360.4,0.042377,3482.4576257972376,22355.226251767468,0.0792805
0.02015908,0.02129765,219503.2,0.04221215384615385,3472.5804824366555,22291.82109418241,0.07911046
0.02024659,0.0213446,218646.1,0.04204732692307692,3462.692528415848,22228.34653883829,0.0789395
0.02033412,0.02139151,217797.8,0.0418841923076923,3452.9224877659153,22165.628914480058,0.07877066
0.02042166,0.02143838,216949.5,0.04172105769230769,3443.161778151689,22102.971189605694,0.07860126
0.02050924,0.02148522,216108.8,0.041559384615384616,3433.6337195110714,22041.80694023386,0.07843498
0.02059683,0.02153201,215268.1,0.04139771153846154,3424.100679565525,21980.610713962178,0.07826777
0.02068444,0.02157877,214434.8,0.041237461538461535,3414.5842616446193,21919.521190818443,0.07810119
0.02077207,0.02162548,213601.6,0.04107723076923077,3405.033491920341,21858.211150322,0.07793334
0.02085972,0.02167216,212778.0,0.04091884615384615,3395.197832973328,21795.072297040086,0.07776311
0.0209474,0.0217188,211954.7,0.04076051923076923,3385.3270935552487,21731.708248809093,0.07759188
0.02103509,0.0217654,211142.4,0.04060430769230769,3375.397473291478,21667.966221929466,0.07742146
0.02112281,0.02181197,210330.3,0.040448134615384615,3365.475973153729,21604.276321241716,0.07725061
0.02121054,0.02185849,209527.2,0.04029369230769231,3355.9242927994837,21542.960435063538,0.07708506
0.0212983,0.02190497,208724.1,0.04013925,3346.409759202238,21481.883008113433,0.07691936
0.02138608,0.02195141,207926.2,0.039985807692307695,3337.3481380415706,21423.712999165182,0.07675897
0.02147388,0.02199781,207128.4,0.03983238461538462,3328.2878328929614,21365.551438201222,0.07659762
0.0215617,0.02204418,206335.6,0.03967992307692308,3319.258111701948,21307.586207348122,0.07643658
0.02164954,0.0220905,205542.9,0.039527480769230766,3310.1802139414613,21249.311712685852,0.07627405
0.0217374,0.02213679,204758.8,0.03937669230769231,3300.7101303745644,21188.51962746625,0.07610765
0.02182528,0.02218304,203975.0,0.039225961538461536,3291.183112029834,21127.36205615124,0.07593999
0.02191317,0.02222926,203202.9,0.03907748076923077,3281.476785378058,21065.053436294213,0.07577186
0.02200108,0.02227543,202431.0,0.03892903846153846,3271.7624038375143,21002.69310902817,0.07560322
0.02208903,0.02232157,201669.2,0.038782538461538466,3262.319889373743,20942.07800041651,0.07543908
0.02217698,0.02236766,200907.7,0.03863609615384615,3252.9081550184987,20881.660481083494,0.07527485
0.02226498,0.02241372,200152.6,0.038490884615384614,3243.986926570417,20824.39170660561,0.07511679
0.02235298,0.02245973,199397.5,0.038345673076923076,3235.0765099154937,20767.19233715952,0.07495801
0.022441,0.02250571,198647.8,0.0382015,3226.316894653124,20710.961019477978,0.07480103
0.02252905,0.02255165,197898.1,0.03805732692307692,3217.525433069028,20654.52526808784,0.07464283
0.02261711,0.02259755,197156.0,0.03791461538461539,3208.5310311956137,20596.786765430978,0.0744828
0.02270518,0.02264341,196414.0,0.03777192307692308,3199.4925693193927,20538.76542477945,0.07432151
0.02279329,0.02268924,195681.7,0.037631096153846154,3190.313814075308,20479.84348738929,0.07415981
0.0228814,0.02273502,194949.6,0.03749030769230769,3181.1224045106733,20420.84031707992,0.07399749
0.02296955,0.02278078,194226.7,0.037351288461538464,3172.0787628842063,20362.785725632228,0.07383805
0.0230577,0.02282648,193503.7,0.03721225,3163.2037951081147,20305.81391608544,0.07368009
0.0231459,0.02287216,192784.1,0.037073865384615386,3154.8131340323616,20251.95105631628,0.07352826
0.02323409,0.02291779,192094.6,0.03694126923076923,3138.799610030987,20149.154126502413,0.07328851
0.02332232,0.02296339,191495.5,0.03682605769230769,2580.487938302496,16565.13815799924,0.06642163
0.02341056,0.02300895,190649.2,0.036663307692307696,3019.8260270384485,19385.41723388976,0.07177943
0.02349882,0.02305446,189599.1,0.036461365384615384,3083.513504008541,19794.25148546079,0.07240343
0.02358711,0.02309994,189238.7,0.036392057692307696,3111.0867923438946,19971.254959868016,0.07274441
0.0236754,0.02314539,188536.4,0.036257,3092.0041624049695,19848.75626624335,0.07246586
0.02376372,0.02319079,187844.2,0.03612388461538462,3091.88673863123,19848.00247816856,0.07241102
0.02385206,0.02323616,187132.1,0.03598694230769231,3084.6051951133754,19801.25946783072,0.07227249
0.02394042,0.02328149,186471.4,0.03585988461538461,3076.6623290519365,19750.271175374382,0.07212518
0.0240288,0.02332678,185792.0,0.03572923076923077,3068.819601294982,19699.92570896039,0.07198029
0.0241172,0.02337203,185112.7,0.035598596153846154,3060.266292602416,19645.01875198636,0.07182655
0.02420562,0.02341724,184440.2,0.035469269230769235,3052.022696059819,19592.09995565331,0.07167698
0.02429405,0.02346242,183767.7,0.03533994230769231,3043.775912010431,19539.160697496125,0.07152673
0.02438251,0.02350756,183101.4,0.03521180769230769,3035.604374778022,19486.7044774112,0.07137783
0.02447098,0.02355265,182435.3,0.035083711538461536,3027.4133780935326,19434.12333966733,0.07122805
0.02455948,0.02359772,181776.3,0.03495698076923077,3019.139972570124,19381.01318809554,0.07107799
0.02464799,0.02364274,181117.4,0.03483026923076923,3010.840798951296,19327.737621272492,0.07092705
0.02473653,0.02368773,180466.6,0.03470511538461538,3002.497311811824,19274.177589026902,0.07077661
0.02482508,0.02373268,179816.1,0.034580019230769234,2994.1404409500765,19220.531641553698,0.07062552
0.02491365,0.02377759,179173.6,0.03445646153846154,2985.8909972011306,19167.5753097687,0.07047671
0.02500224,0.02382246,178531.3,0.03433294230769231,2977.6448369770574,19114.640056184595,0.07032747
0.02509085,0.02386729,177895.6,0.03421069230769231,2969.6670064801647,19063.427313656117,0.07018211
0.02517948,0.02391209,177260.1,0.034088480769230774,2961.6966300712465,19012.26242176678,0.07003623
0.02526813,0.02395685,176630.0,0.03396730769230769,2953.905357494253,18962.247265815527,0.06989285
0.0253568,0.02400157,175999.9,0.03384613461538461,2946.1058977647513,18912.179553403763,0.06974871
0.02544549,0.02404625,175375.5,0.033726057692307694,2938.3135619858895,18862.157572353437,0.06960511
0.02553419,0.0240909,174751.2,0.033606000000000004,2930.5008579679297,18812.004839793022,0.06946067
0.02562292,0.02413551,174133.2,0.03348715384615385,2922.6910404257565,18761.87063662369,0.06931698
0.02571166,0.02418008,173515.3,0.033368326923076924,2914.867532400415,18711.648549011355,0.06917266
0.02580042,0.02422461,172903.8,0.03325073076923077,2907.1364368902136,18662.01969264731,0.06903016
0.0258892,0.02426911,172292.4,0.03313315384615385,2899.3972257482174,18612.338738941544,0.06888709
0.025978,0.02431357,171687.0,0.03301673076923077,2891.784845124736,18563.471958799877,0.06874617
0.02606682,0.02435799,171081.6,0.032900307692307694,2884.162253370758,18514.539629509578,0.06860454
0.02615565,0.02440237,170482.4,0.032785076923076924,2876.583784271888,18465.890540403005,0.06846408
0.02624451,0.02444672,169883.2,0.032669846153846153,2868.992307855683,18417.157952355974,0.06832295
0.02633338,0.02449103,169290.3,0.03255582692307692,2861.4617375347543,18368.816343808572,0.06818327
0.02642228,0.0245353,168697.6,0.032441846153846154,2853.920800659557,18320.408188387944,0.06804295
0.02651119,0.02457954,168111.3,0.03232909615384615,2846.4270293044488,18272.302806464137,0.06790391
0.02660012,0.02462373,167525.1,0.032216365384615385,2838.9184165019183,18224.10215161796,0.06776418
0.02668907,0.02466789,166945.6,0.03210492307692308,2831.450843000075,18176.16494372525,0.06762571
0.02677803,0.02471201,166366.2,0.0319935,2823.975950876053,18128.1807548001,0.06748669
0.02686702,0.0247561,165793.3,0.031883326923076924,2816.6164294496825,18080.937174469796,0.0673498
0.02695602,0.02480014,165220.4,0.03177315384615385,2809.261378836451,18033.72229399746,0.06721251
0.02704504,0.02484415,164652.6,0.03166396153846154,2802.1562019902867,17988.111448720207,0.06707878
0.02713408,0.02488812,164084.9,0.03155478846153846,2795.053456385796,17942.51621051231,0.0669445
0.02722314,0.02493206,163521.6,0.03144646153846154,2788.0610367856416,17897.62919708513,0.06681179
0.02731223,0.02497596,162958.3,0.031338134615384615,2781.0471082462122,17852.60410955753,0.06667824
0.02740133,0.02501982,162400.8,0.031230923076923076,2773.9394464477273,17806.977312421757,0.06654405
0.02749044,0.02506365,161843.3,0.031123711538461538,2766.8016267235676,17761.15692003683,0.06640904
0.02757957,0.02510744,161292.9,0.031017865384615383,2759.6116806372734,17715.001908614307,0.06627433
0.02766872,0.02515119,160742.5,0.030912019230769232,2752.4101422610543,17668.772481852997,0.06613908
0.02775789,0.0251949,160199.0,0.0308075,2745.301039846604,17623.13643685284,0.06600588
0.02784707,0.02523858,159655.7,0.03070301923076923,2738.1900896396805,17577.488530166702,0.06587225
0.02793628,0.02528222,159118.5,0.030599711538461537,2731.19808616876,17532.604188032088,0.06574081
0.0280255,0.02532583,158581.5,0.030496442307692308,2724.1974031307122,17487.664128439363,0.06560871
0.02811474,0.0253694,158050.5,0.030394326923076923,2717.2220483106416,17442.886660356507,0.06547772
0.028204,0.02541293,157519.7,0.030292250000000003,2710.243402176427,17398.08806407045,0.06534629
0.02829327,0.02545642,156994.5,0.03019125,2703.3938981184265,17354.118480120684,0.06521714
0.02838257,0.02549988,156469.3,0.03009025,2696.550023943297,17310.185036540413,0.06508768
0.02847188,0.0255433,155948.6,0.029990115384615386,2689.96078529571,17267.886195715328,0.06496175
0.02856121,0.02558668,155427.9,0.02988998076923077,2683.373149640729,17225.59764511233,0.06483534
0.02865056,0.02563002,154910.8,0.02979053846153846,2676.9204521929873,17184.175314425553,0.06471072
0.02873993,0.02567333,154393.9,0.029691134615384616,2670.4509829351427,17142.64531908071,0.06458538
0.02882931,0.0257166,153881.3,0.02959255769230769,2663.9332840120605,17100.805719084703,0.06445976
0.02891871,0.02575984,153368.9,0.02949401923076923,2657.3914791353336,17058.81137376064,0.0643334
0.02900813,0.02580304,152861.8,0.0293965,2650.8170188185527,17016.607400688245,0.06420733
0.02909757,0.0258462,152354.9,0.02929901923076923,2644.2303507461866,16974.3250613678,0.06408075
0.02918702,0.02588933,151853.4,0.02920257692307692,2637.703667371581,16932.427786744232,0.06395559
0.02927649,0.02593242,151351.9,0.029106134615384614,2631.1700013074874,16890.485687568547,0.06382997
0.02936598,0.02597547,150855.7,0.02901071153846154,2624.737996847685,16849.196193078762,0.06370621
0.02945549,0.02601849,150359.5,0.02891528846153846,2618.2982895240957,16807.857250962836,0.06358192
0.02954501,0.02606147,149868.4,0.028820846153846152,2611.9110120150995,16766.85487586179,0.06345886
0.02963455,0.02610442,149377.4,0.028726423076923076,2605.514807396824,16725.795194234965,0.06333528
0.02972411,0.02614733,148891.7,0.028633019230769233,2599.1686106012157,16685.056531931332,0.06321294
0.02981369,0.0261902,148406.0,0.028539615384615385,2592.813744008361,16644.262214886185,0.0630901
0.02990328,0.02623303,147925.7,0.028447250000000004,2586.5007755642255,16603.736858068205,0.06296842
0.02999289,0.02627583,147445.4,0.028354884615384615,2580.1772521608673,16563.14374493361,0.06284621
0.03008252,0.0263186,146970.5,0.028263557692307692,2573.8937383210264,16522.80746847609,0.06272517
0.03017217,0.02636132,146495.8,0.02817226923076923,2567.6008015879333,16482.410702866015,0.06260365
0.03026183,0.02640401,146026.4,0.028082,2561.3741921067303,16442.43971723146,0.06248365
0.03035151,0.02644667,145557.1,0.027991750000000003,2555.141773067372,16402.431437823096,0.0623632
0.03044121,0.02648929,145093.1,0.02790251923076923,2548.9993145230355,16363.000649208889,0.06224453
0.03053092,0.02653187,144629.1,0.027813288461538462,2542.855186596593,16323.559144193021,0.0621254
0.03062066,0.02657441,144170.1,0.02772501923076923,2536.793238380103,16284.64518213868,0.06200791
0.0307104,0.02661692,143711.1,0.02763675,2530.7296087331224,16245.72042633949,0.06188997
0.03080017,0.0266594,143256.8,0.027549384615384614,2524.7423233078152,16207.285753272648,0.06177354
0.03088995,0.02670183,142802.6,0.02746203846153846,2518.7510053776546,16168.825194016208,0.0616567
0.03097975,0.02674423,142352.8,0.027375538461538458,2512.8569928840393,16130.989275540289,0.06154157
0.03106957,0.0267866,141903.1,0.027289057692307692,2506.9592755896206,16093.129574532295,0.06142602
0.0311594,0.02682893,141457.4,0.027203346153846154,2501.1510789202425,16055.84454062496,0.06131205
0.03124926,0.02687122,141011.8,0.027117653846153843,2495.338706923768,16018.532703697472,0.06119763
0.03133912,0.02691348,140570.3,0.027032749999999998,2489.5950843193737,15981.662195388959,0.06108453
0.03142901,0.0269557,140128.8,0.026947846153846152,2483.8439949131694,15944.743754826339,0.06097097
0.03151891,0.02699789,139691.4,0.026863730769230768,2478.15086910268,15908.197404734246,0.06085858
0.03160883,0.02704004,139254.0,0.026779615384615384,2472.45020362224,15871.602654619606,0.06074575
0.03169876,0.02708215,138820.8,0.02669630769230769,2466.805754080502,15835.368776097292,0.06063409
0.03178871,0.02712423,138387.6,0.026613,2461.15530030454,15799.096354101097,0.06052201
0.03187868,0.02716627,137958.5,0.026530480769230768,2455.5809588499715,15763.312526180733,0.06041134
0.03196867,0.02720828,137529.3,0.026447942307692304,2450.001596651805,15727.496468188638,0.06030027
0.03205867,0.02725025,137104.0,0.026366153846153845,2444.491148882172,15692.122798247574,0.06019045
0.03214869,0.02729219,136678.7,0.026284365384615385,2438.9727784879183,15656.698269951597,0.06008016
0.03223872,0.02733409,136257.3,0.02620332692307692,2433.4737439874357,15621.397866146563,0.05997054
0.03232877,0.02737595,135835.9,0.02612228846153846,2427.9620093469216,15586.015935289559,0.0598604
0.03241884,0.02741778,135419.0,0.026042115384615386,2422.4018980948194,15550.323456476615,0.0597502
0.03250893,0.02745958,135002.0,0.025961923076923077,2416.830102047316,15514.55596849688,0.05963955
0.03259903,0.02750134,134589.7,0.025882634615384616,2411.275238137228,15478.897174377493,0.05952979
0.03268914,0.02754306,134177.5,0.025803365384615383,2405.7202281707723,15443.237442666468,0.05941974
0.03277928,0.02758475,133769.3,0.02572486538461538,2400.2959418711303,15408.416876126166,0.05931191
0.03286943,0.0276264,133361.2,0.025646384615384616,2394.879785669503,15373.64849979177,0.05920388
0.03295959,0.02766802,132956.2,0.0255685,2389.6402483671263,15340.013907663064,0.05909836
0.03304978,0.0277096,132551.2,0.025490615384615386,2384.398383477037,15306.364373859384,0.05899241
0.03313998,0.02775114,132149.2,0.025413307692307693,2379.2042726685318,15273.021391753664,0.05888729
0.03323019,0.02779265,131747.3,0.025336019230769228,2373.9922064382167,15239.56314693404,0.05878154
0.03332043,0.02783413,131349.3,0.025259480769230767,2368.6806220614617,15205.466057103542,0.058675
0.03341067,0.02787557,130951.4,0.025182961538461536,2363.3402004203103,15171.183849853298,0.05856777
0.03350094,0.02791697,130559.0,0.0251075,2357.8844773852766,15136.161478895592,0.05845999
0.03359122,0.02795834,130166.7,0.02503205769230769,2352.410471593733,15101.02174393746,0.05835171
0.03368151,0.02799968,129780.6,0.024957807692307692,2346.90143000545,15065.657100811826,0.05824403
0.03377182,0.02804097,129394.5,0.02488355769230769,2341.396742072754,15030.320405465069,0.05813613
0.03386215,0.02808224,129013.8,0.024810346153846155,2335.9591457685697,14995.414396919456,0.05802991
0.0339525,0.02812347,128633.1,0.024737134615384616,2330.5780135202385,14960.870852724976,0.05792406
0.03404286,0.02816466,128253.3,0.024664096153846155,2325.511889153283,14928.349464495031,0.05782214
0.03413324,0.02820582,127873.3,0.024591019230769232,2320.6032836594372,14896.839250104276,0.05772181
0.03422363,0.02824694,127482.8,0.024515923076923078,2316.933915376434,14873.28417291972,0.05763513
0.03431404,0.02828803,127091.8,0.02444073076923077,2313.4817376894475,14851.123325166054,0.05755077
0.03440446,0.02832908,126674.6,0.0243605,2312.7269038376003,14846.277758226335,0.05749549
0.0344949,0.0283701,126257.2,0.02428023076923077,2311.849806252124,14840.647333659801,0.05743836
0.03458536,0.02841108,125822.7,0.024196673076923077,2313.4506962957144,14850.924058597833,0.05740806
0.03467583,0.02845203,125389.3,0.024113326923076925,2313.716934747885,14852.633144960031,0.05736085
0.03476632,0.02849294,125034.2,0.02404503846153846,2306.748795043463,14807.901993461639,0.05723469
0.03485682,0.02853382,124683.9,0.023977673076923077,2295.6329335086853,14736.545030564957,0.05705691
0.03494734,0.02857467,124703.4,0.023981423076923077,2247.530251864823,14427.755535611921,0.05647603
0.03503787,0.02861548,124734.7,0.023987442307692307,2192.322492041279,14073.355828759486,0.05579845
0.03512842,0.02865625,125642.6,0.024162038461538464,2058.215509520901,13212.471861650612,0.05422766
0.03521899,0.02869699,126569.3,0.02434025,1920.3663064036934,12327.565150515673,0.05253846
0.03530957,0.02873769,128761.7,0.024761865384615386,1653.2152402637737,10612.620370508024,0.0490856
0.03540017,0.02877836,130974.0,0.025187307692307693,1392.801192275284,8940.92308443162,0.04536481
0.03549078,0.028819,134596.3,0.025883903846153845,1015.0929280009858,6516.269402369578,0.03916731
0.03558141,0.0288596,138222.2,0.02658119230769231,670.7121930095933,4305.55786622559,0.03219216
0.03567206,0.02890016,142207.3,0.02734755769230769,358.87186724287983,2303.73565156366,0.02382826
0.03576272,0.02894069,146180.8,0.028111692307692306,74.76054573439697,479.9165113216406,0.01100257
0.03585339,0.02898119,149691.2,0.028786769230769234,-115.97243433514822,-744.4713725517231,0.01383308
0.03594408,0.02902165,153186.5,0.029458942307692308,-295.44377687250443,-1896.5665016956314,0.02228407
0.03603479,0.02906208,156067.5,0.03001298076923077,-407.38423661650245,-2615.1550886080304,0.02633068
0.03612551,0.02910247,158936.5,0.030564711538461537,-517.8123559552153,-3324.0353845481586,0.02986932
0.03621625,0.02914283,161406.9,0.03103978846153846,-585.3364068601898,-3757.4980702774637,0.03192167
0.036307,0.02918316,163868.8,0.031513230769230766,-652.9943170985854,-4191.820050219675,0.03388981
0.03639777,0.02922345,166111.8,0.03194457692307692,-686.9738048603218,-4409.947366746285,0.03502713
0.03648855,0.0292637,168346.2,0.032374269230769234,-719.8172661294942,-4620.7820951072445,0.03612685
0.03657935,0.02930392,170375.9,0.03276459615384615,-728.6809656603941,-4677.68156948221,0.03701378
0.03667016,0.02934411,172398.0,0.03315346153846154,-736.9355087043598,-4730.6706355905335,0.03788814
0.03676099,0.02938426,174250.7,0.033509750000000005,-728.303813525533,-4675.260485807365,0.03900651
0.03685183,0.02942438,176099.2,0.03386523076923077,-719.5403975622795,-4619.004769974488,0.04010092
0.03694269,0.02946446,177785.3,0.034189480769230764,-697.9103374058272,-4480.153148333828,0.04147406
0.03703356,0.02950451,179468.6,0.03451319230769231,-677.4509778532943,-4348.816701229628,0.042817
0.03712445,0.02954453,180987.3,0.034805249999999996,-649.4776220393687,-4169.245040799636,0.04429566
0.03721535,0.02958451,182501.0,0.03509634615384615,-623.6964345775131,-4003.7457467150243,0.04574431
0.03730627,0.02962446,183850.1,0.03535578846153846,-595.1383358731723,-3820.4203982236145,0.04717708
0.0373972,0.02966437,185192.0,0.035613846153846156,-568.9471630989262,-3652.2892517510536,0.04858092
0.03748815,0.02970425,186372.1,0.035840788461538466,-543.1350917978978,-3486.5917025011486,0.04988813
0.03757911,0.02974409,187543.5,0.03606605769230769,-519.3489961730636,-3333.899665302961,0.05116909
0.03767009,0.0297839,188558.6,0.03626126923076923,-497.8468849493779,-3195.8693967548634,0.05234323
0.03776109,0.02982367,189564.0,0.036454615384615384,-478.00755945942325,-3068.5131852320137,0.05350466
0.0378521,0.02986342,190433.9,0.036621903846153846,-460.8111567788909,-2958.122905163123,0.05456928
0.03794312,0.02990312,191293.9,0.03678728846153846,-444.8393815340812,-2855.593976571103,0.05562876
0.03803416,0.0299428,192042.1,0.03693117307692308,-431.19976493500303,-2768.03606551398,0.05660155
0.03812521,0.02998244,192780.8,0.03707323076923077,-418.4639166297862,-2686.2797884921933,0.0575755
0.03821626,0.03002205,193432.3,0.03719851923076923,-407.45100869959043,-2615.583724124993,0.05846162
0.03830736,0.03006163,194075.6,0.03732223076923077,-396.8734322247736,-2547.6822187231087,0.05933415
0.03839844,0.03010116,194633.9,0.037429596153846154,-388.5305377188814,-2494.1259908189286,0.06019313
0.03848956,0.03014067,195183.2,0.03753523076923077,-380.7801563836556,-2444.3733313743546,0.06106817
0.03858069,0.03018014,195679.2,0.03763061538461539,-374.246792941519,-2402.433174844653,0.06188579
0.03867183,0.03021958,196165.5,0.03772413461538462,-367.82843141728176,-2361.231259571638,0.0626909
0.03876299,0.03025898,196601.3,0.037807942307692306,-361.32999657296574,-2319.515323058614,0.06334286
0.03885416,0.03029835,197031.7,0.03789071153846154,-354.9954405971385,-2278.851387625463,0.06398766
0.03894534,0.03033769,197413.0,0.03796403846153846,-349.05249380119005,-2240.7013411635967,0.06453486
0.03903654,0.03037699,197787.8,0.038036115384615383,-343.180272468907,-2203.0053084793253,0.06506956
0.03912776,0.03041626,198111.5,0.03809836538461538,-337.9935654460232,-2169.7098541027185,0.06555069
0.03921898,0.03045549,198427.9,0.03815921153846154,-332.96321643459174,-2137.418121550722,0.06603165
0.03931022,0.0304947,198700.4,0.038211615384615386,-328.5531564336569,-2109.108261188186,0.06647053
0.03940148,0.03053386,198967.3,0.0382629423076923,-324.55119978798075,-2083.418172211619,0.06693942
0.03949275,0.030573,199218.3,0.03831121153846154,-320.44230001018053,-2057.0415744037614,0.06730773
0.03958404,0.0306121,199467.8,0.0383591923076923,-316.64319499706096,-2032.6536675722837,0.06769861
0.03967534,0.03065117,199720.9,0.03840786538461538,-312.13551355128885,-2003.7171378512478,0.06793229
0.03976665,0.0306902,199974.2,0.03845657692307693,-307.5521174528936,-1974.2945668421785,0.06814563
0.03985798,0.0307292,200219.1,0.03850367307692308,-302.5386984775705,-1942.1115146614377,0.06823129
0.03994932,0.03076817,200461.1,0.03855021153846154,-297.2513006323109,-1908.1696874190095,0.06827142
0.04004068,0.0308071,200667.5,0.03858990384615384,-292.249268106254,-1876.0597292072127,0.06826466
0.04013205,0.030846,200866.8,0.03862823076923077,-287.1732635796096,-1843.4749164567195,0.06823503
0.04022344,0.03088487,201020.9,0.03865786538461538,-282.69378408423097,-1814.7194258320721,0.06820161
0.04031483,0.0309237,201169.0,0.038686346153846154,-278.5299730501446,-1787.9903316868713,0.06819525
0.04040625,0.0309625,201293.0,0.03871019230769231,-274.6752294664023,-1763.2452596093956,0.06816196
0.04049768,0.03100127,201415.7,0.038733788461538465,-271.1839359462902,-1740.8333123755604,0.06816562
0.04058912,0.03104,201539.1,0.038757519230769234,-267.610995004226,-1717.8972391402795,0.06810446
0.04068057,0.0310787,201664.5,0.038781634615384614,-264.1423232394109,-1695.6305095981484,0.06804932
0.04077204,0.03111737,201794.6,0.038806653846153845,-260.5960934708568,-1672.8659055927708,0.06793703
0.04086353,0.031156,201926.5,0.03883201923076923,-256.9790740237728,-1649.6468755900457,0.06780817
0.04095503,0.0311946,202053.7,0.03885648076923077,-253.6402040334374,-1628.2133932394609,0.06767485
0.04104654,0.03123317,202180.5,0.03888086538461538,-250.27822618377414,-1606.6315727096426,0.06753178
0.04113807,0.0312717,202297.7,0.03890340384615385,-247.3915185765827,-1588.100693481302,0.06741861
0.04122961,0.03131021,202413.7,0.03892571153846154,-244.59073893055842,-1570.1214186713507,0.06731196
0.04132116,0.03134867,202524.6,0.038947038461538463,-242.1559821322665,-1554.4917843893302,0.0672284
0.04141273,0.03138711,202635.5,0.038968365384615386,-239.84663950428845,-1539.6672315910798,0.06715841
0.04150431,0.03142551,202749.3,0.03899025,-237.7178794305436,-1526.0019072144764,0.06709214
0.04159591,0.03146388,202864.0,0.03901230769230769,-235.64127333198365,-1512.6713791341872,0.06703016
0.04168752,0.03150222,202983.9,0.039035365384615384,-233.6411524927429,-1499.8318391607852,0.06696099
0.04177914,0.03154052,203104.8,0.03905861538461538,-231.63102854192596,-1486.928085391686,0.06688747
0.04187078,0.03157879,203228.6,0.03908242307692308,-229.68201315652055,-1474.4166108553839,0.06680655
0.04196243,0.03161703,203352.7,0.03910628846153846,-227.72758164924406,-1461.870368163128,0.06672202
0.04205409,0.03165523,203478.0,0.039130384615384615,-225.788810580024,-1449.4246558070809,0.06662493
0.04214577,0.0316934,203603.3,0.03915448076923077,-223.8654536767244,-1437.0778928722932,0.06652734
0.04223746,0.03173155,203730.2,0.039178884615384615,-221.85941809832326,-1424.2003839280212,0.0664038
0.04232917,0.03176965,203857.0,0.03920326923076923,-219.859725216015,-1411.363591173704,0.0662784
0.04242088,0.03180773,203985.2,0.03922792307692308,-217.68123236036237,-1397.3790130656432,0.06611295
0.04251261,0.03184577,204112.8,0.039252461538461535,-215.45455978712442,-1383.0851509394834,0.06593691
0.04260436,0.03188378,204237.9,0.03927651923076923,-213.0285763151072,-1367.5118359913718,0.06571681
0.04269612,0.03192175,204361.2,0.039300230769230775,-210.5164820700138,-1351.3857430853686,0.06547932
0.0427879,0.0319597,204475.2,0.03932215384615385,-207.84151743389143,-1334.2141229016763,0.06520176
0.04287968,0.0319976,204586.3,0.03934351923076923,-205.09526608167266,-1316.5848860465637,0.06490814
0.04297148,0.03203548,204682.3,0.03936198076923077,-202.21454554779757,-1298.0924401296813,0.06457758
0.04306329,0.03207332,204774.9,0.03937978846153846,-199.31606313463598,-1279.4859739223107,0.06423873
0.04315512,0.03211114,204851.1,0.03939444230769231,-196.25770697276303,-1259.8532170293952,0.06385813
0.04324696,0.03214892,204923.9,0.039408442307692304,-193.20239940721785,-1240.240030241268,0.06347215
0.04333882,0.03218667,204981.0,0.039419423076923074,-189.96387457653748,-1219.4507018154115,0.06303992
0.04343068,0.03222438,205034.8,0.03942976923076923,-186.6947423396567,-1198.4648927531446,0.06259601
0.04352256,0.03226207,205071.2,0.039436769230769234,-183.30416862838015,-1176.699504460292,0.06211496
0.04361445,0.03229972,205103.5,0.03944298076923077,-179.82611144098817,-1154.3725263041879,0.06161167
0.04370636,0.03233733,205112.5,0.03944471153846154,-176.39901340230736,-1132.3726743966836,0.06109937
0.04379828,0.03237492,205116.2,0.03944542307692308,-172.87926997649623,-1109.7780963466016,0.06056307
0.04389022,0.03241247,205090.6,0.0394405,-169.60765810778622,-1088.7763695800809,0.06005219
0.04398216,0.03244999,205058.4,0.03943430769230769,-166.3026557323191,-1067.5602963911695,0.05952793
0.04407412,0.03248748,204996.0,0.039422307692307694,-163.36796654071543,-1048.7214050372804,0.05905298
0.04416609,0.03252493,204929.5,0.039409519230769234,-160.5357500775208,-1030.5403252849599,0.05859064
0.04425808,0.03256236,204839.4,0.03939219230769231,-159.93962427411475,-1026.7135659553016,0.05852394
0.04435008,0.03259975,204741.2,0.039373307692307694,-159.0254985390472,-1020.8454435469722,0.05839763
0.04444209,0.03263711,204630.2,0.039351961538461544,-156.71617243014452,-1006.0209967909792,0.05800445
0.04453411,0.03267444,204519.4,0.03933065384615384,-154.533311809515,-992.0083803304774,0.05763123
0.04462615,0.03271173,204405.7,0.039308788461538464,-152.3251242880522,-977.8331808153563,0.05724237
0.0447182,0.03274899,204292.0,0.03928692307692308,-150.20308326376178,-964.2109885847518,0.05686639
0.04481027,0.03278623,204181.9,0.03926575,-147.9428404972329,-949.7016265596773,0.05645397
0.04490234,0.03282342,204072.8,0.03924476923076923,-145.70490213691863,-935.3354450412785,0.05604224
0.04499443,0.03286059,203968.9,0.039224788461538464,-143.2556115856567,-919.6125130451593,0.05557941
0.04508654,0.03289773,203866.1,0.03920501923076923,-140.7835288834678,-903.7432695226736,0.05510783
0.04517866,0.03293483,203766.7,0.03918590384615385,-138.08000543730077,-886.3883194241247,0.05457965
0.04527078,0.0329719,203667.7,0.03916686538461539,-135.31955632066806,-868.6679416938463,0.05403472
0.04536293,0.03300894,203568.0,0.03914769230769231,-132.35980608122833,-849.6681738973176,0.05343736
0.04545508,0.03304594,203467.7,0.03912840384615385,-129.31287653252224,-830.1087688007725,0.05281544
0.04554725,0.03308292,203360.6,0.03910780769230769,-126.15648950424615,-809.8467143158736,0.05215691
0.04563942,0.03311986,203251.4,0.03908680769230769,-122.88819400794624,-788.8662766111388,0.05146679
0.04573162,0.03315677,203127.8,0.03906303846153846,-119.65873764729588,-768.1351621597403,0.05076907
0.04582383,0.03319365,203000.5,0.03903855769230769,-116.3104538921345,-746.6412492554549,0.05003661
0.04591604,0.0332305,202851.4,0.03900988461538461,-113.17928565042206,-726.5410837983645,0.04933435
0.04600827,0.03326732,202696.9,0.03898017307692308,-109.95203641613,-705.8241377344692,0.04860164
0.04610052,0.0333041,202515.2,0.038945230769230774,-107.1074256676765,-687.5634943288428,0.04793751
0.04619277,0.03334085,202327.2,0.03890907692307693,-104.21662862680776,-669.0063634630319,0.04725476
0.04628504,0.03337757,202110.5,0.03886740384615384,-101.81005902728045,-653.5576735810574,0.04666765
0.04637733,0.03341426,201887.5,0.03882451923076923,-99.4183382239499,-638.2043037960416,0.04607786
0.04646961,0.03345091,201638.9,0.03877671153846154,-97.52193985023047,-626.030597964294,0.04559127
0.04656193,0.03348754,201385.0,0.038727884615384615,-95.69120227354728,-614.278393879687,0.04511618
0.04665423,0.03352412,201112.2,0.03867542307692308,-94.27362150225751,-605.1784012085391,0.04472947
0.04674657,0.03356069,200835.7,0.038622250000000004,-92.95153386699432,-596.6914154683446,0.04436334
0.04683892,0.03359722,200548.6,0.038567038461538465,-91.90325780744524,-589.9621308642954,0.04405544
0.04693128,0.03363372,200259.7,0.03851148076923077,-90.95562891088741,-583.8789388597945,0.04377069
0.04702365,0.03367019,199968.5,0.03845548076923077,-90.12995570434744,-578.5786270324545,0.04350942
0.04711603,0.03370662,199677.3,0.03839948076923077,-89.39167893070355,-573.8393463046795,0.04326878
0.04720842,0.03374303,199390.7,0.038344365384615386,-88.62589516479825,-568.9234876823296,0.04301621
0.04730083,0.0337794,199105.4,0.0382895,-87.92035295412174,-564.394342623103,0.04277796
0.04739325,0.03381575,198829.2,0.038236384615384617,-87.06134961769614,-558.8800719555823,0.04249727
0.04748568,0.03385206,198555.2,0.03818369230769231,-86.22417827979737,-553.5059492292685,0.04222145
0.04757812,0.03388834,198291.9,0.03813305769230769,-85.14543613905288,-546.5810912080202,0.04188118
0.04767058,0.03392458,198030.8,0.038082846153846155,-84.04824882500895,-539.5378265709076,0.04153554
0.04776305,0.0339608,197779.1,0.03803444230769231,-82.67676442546099,-530.7337441247801,0.04111611
0.04785552,0.03399698,197529.2,0.037986384615384616,-81.24738646073035,-521.558020760873,0.04068055
0.04794802,0.03403314,197284.7,0.037939365384615384,-79.56579106902925,-510.76321735337945,0.04017458
0.04804052,0.03406926,197041.0,0.0378925,-77.7960733407033,-499.40272299289643,0.03964325
0.04813304,0.03410535,196797.1,0.03784559615384615,-75.83917452220622,-486.8406416870819,0.03905521
0.04822557,0.0341414,196552.6,0.03779857692307692,-73.77529975113782,-473.59184086298393,0.03843479
0.04831811,0.03417743,196301.1,0.03775021153846154,-71.6222438182656,-459.7705520824636,0.03778024
0.04841066,0.03421343,196047.8,0.0377015,-69.35738445238741,-445.2315543420243,0.03708965
0.04850322,0.03424939,195781.0,0.03765019230769231,-67.12350398257176,-430.89142197337827,0.03639488
0.04859581,0.03428533,195511.0,0.037598269230769234,-64.79023110416728,-415.91325175317235,0.03566541
0.04868839,0.03432123,195222.4,0.03754276923076923,-62.60549038966121,-401.88856625163663,0.03496352
0.048781,0.0343571,194929.8,0.0374865,-60.346757649862816,-387.3888976651716,0.03423292
0.0488736,0.03439294,194615.4,0.03742603846153846,-58.33349903546912,-374.465021292724,0.03355892
0.04896624,0.03442875,194296.6,0.03736473076923077,-56.28037777746944,-361.28525137825477,0.03286624
0.04905887,0.03446453,193955.5,0.037299134615384616,-54.53638597582466,-350.08990157178835,0.03225216
0.04915152,0.03450028,193610.0,0.03723269230769231,-52.79002606571947,-338.8793499721891,0.03163193
0.04924419,0.034536,193244.1,0.03716232692307692,-51.37991898763339,-329.8273337936386,0.03110286
0.04933686,0.03457169,192874.6,0.03709126923076923,-50.00190121527192,-320.9813111308231,0.03058019
0.04942955,0.03460735,192488.8,0.03701707692307692,-48.95201211596423,-314.2416718081724,0.03015039
0.04952225,0.03464297,192100.5,0.03694240384615385,-47.959559478546765,-307.87073908259424,0.02973687
0.04961496,0.03467857,191701.4,0.03686565384615385,-47.256256665035636,-303.3559695695132,0.02940701
0.04970768,0.03471413,191301.0,0.036788653846153846,-46.62357037369949,-299.29451449696995,0.0290989
0.04980041,0.03474966,190895.9,0.03671075,-46.22828872210952,-296.7570505264089,0.02885948
0.04989315,0.03478516,190490.7,0.03663282692307693,-45.90329122761072,-294.6707674179059,0.02864218
0.04998591,0.03482063,190086.2,0.036555038461538465,-45.76962839634195,-293.8127346274046,0.02847885
0.05007868,0.03485607,189682.7,0.03647744230769231,-45.69482858470741,-293.3325660532653,0.02833383
0.05017146,0.03489148,189283.9,0.036400749999999996,-45.78956029959137,-293.94068513094226,0.02823459
0.05026425,0.03492686,188886.9,0.03632440384615385,-45.925073998261034,-294.8105993465619,0.02814735
0.05035705,0.03496221,188496.9,0.03624940384615385,-46.24367207148362,-296.8558021244816,0.02810776
0.05044987,0.03499753,188109.0,0.036174807692307694,-46.58245930386922,-299.03060682995346,0.02807279
0.05054269,0.03503281,187728.8,0.03610169230769231,-47.15656277808457,-302.71599641314236,0.02809793
0.05063553,0.03506807,187350.5,0.03602894230769231,-47.731887669049485,-306.40922673718677,0.0281204
0.05072839,0.0351033,186978.7,0.03595744230769231,-48.63126241557751,-312.1826569132847,0.02822428
0.05082125,0.03513849,186608.6,0.03588626923076923,-49.51740373726572,-317.87113667844625,0.0283188
0.0509141,0.03517365,186242.5,0.035815865384615383,-50.84531607280159,-326.3955133954842,0.02852103
0.051007,0.03520878,185877.3,0.03574563461538461,-52.155379955485394,-334.8053140732343,0.02870871
0.05109989,0.03524388,185512.9,0.035675557692307694,-54.03537013482932,-346.8736894352211,0.02902833
0.0511928,0.03527896,185148.6,0.0356055,-55.90604450457407,-358.88226305553974,0.02932978
0.05128572,0.035314,184781.8,0.035534961538461536,-58.472330034891264,-375.3562305295142,0.02978055
0.05137864,0.03534901,184414.1,0.03546425,-61.05219848025673,-391.91739192562375,0.03021066
0.05147159,0.035384,184041.2,0.03539253846153846,-64.4127674213798,-413.4901681331362,0.03079106
0.05156454,0.03541894,183666.7,0.03532051923076923,-67.82536722042634,-435.3969503002147,0.03134975
0.05165752,0.03545387,183285.6,0.035247230769230774,-72.03207489022759,-462.40141434216366,0.0320395
0.05175049,0.03548876,182902.6,0.035173576923076925,-76.34248798169156,-490.0716031147257,0.03270819
0.05184348,0.03552362,182513.9,0.03509882692307692,-81.3457588328524,-522.1895106085658,0.03346599
0.05193648,0.03555845,182123.1,0.03502367307692308,-86.51003724407684,-555.3409871562843,0.03420544
0.05202949,0.03559325,181729.6,0.034948,-92.12851592334026,-591.408148788125,0.03497382
0.05212251,0.03562802,181334.5,0.034872019230769234,-97.96203992937757,-628.8557685478131,0.03572888
0.05221554,0.03566276,180942.2,0.03479657692307692,-103.82784724521314,-666.5106272095196,0.03643507
0.05230858,0.03569747,180548.8,0.03472092307692307,-109.9413493398842,-705.7555333081942,0.03713422
0.05240164,0.03573215,180165.4,0.03464719230769231,-115.48096574041995,-741.316447837234,0.03769615
0.05249471,0.0357668,179781.9,0.034573442307692305,-121.26210781738723,-778.4278079775114,0.03825704
0.05258779,0.03580142,179415.5,0.03450298076923077,-125.753842443548,-807.2619689697027,0.03859507
0.05268088,0.03583601,179050.0,0.03443269230769231,-130.4358940744565,-837.3178475412202,0.03893621
0.05277398,0.03587057,178707.2,0.034366769230769235,-133.07505496946436,-854.259629829012,0.03897609
0.05286709,0.03590509,178366.1,0.034301173076923076,-135.81018615611248,-871.8174820919771,0.03901902
0.05296021,0.03593959,178050.4,0.03424046153846154,-135.76642883053125,-871.5365870980814,0.03868673
0.05305334,0.03597406,177736.5,0.03418009615384615,-135.69179306612986,-871.0574716058189,0.03835028
0.05314648,0.0360085,177447.2,0.03412446153846154,-132.14920546807733,-848.3162480846743,0.0375589
0.05323964,0.03604291,177159.2,0.034069076923076924,-128.41758537643378,-824.361552752169,0.0367415
0.05333281,0.03607729,176889.2,0.03401715384615385,-120.64954635985572,-774.4955419034642,0.03537382
0.05342599,0.03611164,176620.2,0.03396542307692308,-112.5511907678754,-722.5091027333563,0.03393504
0.05351918,0.03614596,176358.2,0.03391503846153846,-100.05164569108749,-642.2697464334243,0.03181085
0.05361238,0.03618025,176096.8,0.033864769230769226,-87.11161408607589,-559.2027387856767,0.02951039
0.05370559,0.03621451,175827.2,0.03381292307692308,-69.86359786438108,-448.4811316729781,0.02630175
0.05379881,0.03624873,175557.5,0.033761057692307694,-52.13092150068138,-334.6483059055363,0.02261083
0.05389204,0.03628293,175263.2,0.03370446153846154,-30.80848261477755,-197.7714227518636,0.01731613
0.05398529,0.0363171,174967.8,0.03364765384615384,-9.037678171113688,-58.01630974896751,0.009342887
0.05407854,0.03635124,174634.0,0.03358346153846154,14.96913705198469,96.09261089407357,0.01198896
0.05417181,0.03638535,174297.7,0.03351878846153846,39.30135638264305,252.29042485023646,0.01936906
0.05426508,0.03641943,173916.2,0.03344542307692308,64.35120149453032,413.09495292249744,0.0247298
0.05435837,0.03645348,173530.5,0.03337125,89.61521511263653,575.274310476404,0.0291181
0.05445167,0.03648751,173099.2,0.03328830769230769,114.64638466992918,735.9589530272311,0.03287998
0.05454498,0.0365215,172663.7,0.03320455769230769,139.7673671430869,897.2201390052119,0.03624324
0.05463829,0.03655546,172188.0,0.033113076923076926,163.96643040614063,1052.5631732804834,0.03921252
0.05473162,0.0365894,171711.1,0.033021365384615385,188.1614344129408,1207.8801496386993,0.04195975
0.05482496,0.0366233,171200.7,0.03292321153846154,209.83575840791522,1347.0159177733774,0.04428746
0.05491832,0.03665717,170692.4,0.03282546153846154,231.23399989579778,1484.379406795605,0.04646657
0.05501167,0.03669102,170171.0,0.03272519230769231,248.15622469214168,1593.009634254276,0.04814226
0.05510505,0.03672483,169653.9,0.03262575,264.6741048781209,1699.044219146782,0.04972458
0.05519843,0.03675862,169149.0,0.032528653846153846,275.0007801571988,1765.3350938963265,0.05072575
0.05529183,0.03679237,168651.4,0.032432961538461536,284.7898616988565,1828.1749490146385,0.05166247
0.05538523,0.0368261,168196.8,0.03234553846153846,287.8658885268122,1847.9211406656323,0.05202099
0.05547865,0.03685979,167749.1,0.03225944230769231,290.55694066274424,1865.1960326581197,0.05234509
0.05557208,0.03689346,167366.0,0.03218576923076923,286.7810151939448,1840.9569241792342,0.05212472
0.05566551,0.0369271,166989.7,0.03211340384615385,282.69255785109857,1814.7115541730147,0.05187287
0.05575896,0.0369607,166697.3,0.03205717307692307,273.7030016658458,1757.0041578401465,0.05120172
0.05585242,0.03699428,166412.4,0.03200238461538461,264.84228538282264,1700.1238340732905,0.05052491
0.05594589,0.03702783,166203.1,0.031962134615384614,251.96291645992025,1617.446243363037,0.0494781
0.05603937,0.03706135,166000.8,0.031923230769230766,239.0157547392687,1534.333464778365,0.04838314
0.05613286,0.03709484,165884.7,0.03190090384615385,223.4557147583968,1434.447622181987,0.04701192
0.05622636,0.0371283,165772.4,0.03187930769230769,208.4038776045489,1337.824127731858,0.0456242
0.05631987,0.03716174,165723.8,0.031869961538461535,192.92263976424516,1238.4441461884544,0.04415302
0.05641339,0.03719514,165678.5,0.03186125,177.83951104692633,1141.619779234958,0.04263872
0.05650692,0.03722851,165685.4,0.031862576923076924,163.68455429724705,1050.7537028241584,0.04118345
0.05660046,0.03726186,165692.0,0.03186384615384615,150.18102588574985,964.0693938465058,0.03971401
0.05669401,0.03729518,165724.8,0.03187015384615385,139.18665290696026,893.4923124151437,0.03852561
0.05678757,0.03732846,165756.4,0.03187623076923077,128.68170500317862,826.0570375642955,0.03732565
0.05688115,0.03736172,165797.4,0.031884115384615386,121.45411824085367,779.6603962586989,0.03657176
0.05697473,0.03739495,165835.1,0.031891365384615386,114.7094696514647,736.3639196303761,0.03584333
0.05706832,0.03742815,165862.8,0.031896692307692306,111.8540825563671,718.0340987376752,0.03572662
0.05716193,0.03746132,165887.2,0.031901384615384616,109.29819463858546,701.6268775118068,0.03564546
0.05725554,0.03749446,165887.2,0.031901384615384616,110.34237461635463,708.3298678016747,0.03618306
0.05734916,0.03752758,165883.7,0.03190071153846154,111.53266166860955,715.9707752345732,0.03674869
0.0574428,0.03756066,165844.7,0.031893211538461544,115.57488210791726,741.9193328884674,0.03782862
0.05753644,0.03759372,165803.2,0.03188523076923077,119.57682155688839,767.6093114728133,0.038907
0.05763009,0.03762675,165720.4,0.03186930769230769,125.07991481887758,802.9357700189332,0.04027938
0.05772376,0.03765974,165636.0,0.03185307692307692,130.3901783452329,837.024380805979,0.04162552
0.05781744,0.03769271,165510.0,0.03182884615384615,135.6877977099734,871.031823887905,0.04301629
0.05791112,0.03772565,165383.1,0.03180444230769231,140.70026079610435,903.2087398506476,0.04437057
0.05800482,0.03775856,165220.4,0.03177315384615385,144.51731635262044,927.71187807963,0.04554551
0.05809852,0.03779144,165055.5,0.03174144230769231,148.07580291542754,950.5551631310068,0.04669024
0.05819224,0.03782429,164863.6,0.031704538461538465,150.2221548371513,964.3334163021608,0.0475346
0.05828596,0.03785711,164667.6,0.03166684615384616,152.28603192749918,977.5822320146001,0.04837298
0.0583797,0.03788991,164447.0,0.03162442307692308,153.3939407375114,984.6943220313392,0.04887036
0.05847344,0.03792268,164221.3,0.03158101923076923,154.5724039521524,992.25932773235,0.04938141
0.0585672,0.03795542,163965.6,0.03153184615384615,155.24475711414223,996.5754196055234,0.04951725
0.05866097,0.03798813,163706.4,0.031481999999999996,156.07129571397107,1001.8812867230774,0.04967696
0.05875474,0.03802081,163405.8,0.031424192307692306,156.0401176068723,1001.6811425395181,0.04937396
0.05884851,0.03805346,163106.8,0.031366692307692304,156.0777288108991,1001.9225832305381,0.04908123
0.05894232,0.03808609,162757.1,0.031299442307692306,153.66733437555897,986.4493402658965,0.04807894
0.05903611,0.03811868,162410.3,0.031232749999999997,151.06705485014533,969.7571523472703,0.04705434
0.05912994,0.03815125,162014.2,0.031156576923076926,143.53461604945747,921.4035493142916,0.044976
0.05922376,0.03818379,161616.1,0.03108001923076923,135.45034543183604,869.5075269768856,0.04282845
0.05931759,0.03821629,161171.3,0.030994480769230767,119.96272046723428,770.086544041901,0.0392483
0.05941144,0.03824878,160715.1,0.03090675,103.21012815201337,662.5452523012302,0.03542834
0.05950529,0.03828123,160210.7,0.030809750000000004,77.50697092823974,497.5468641325678,0.02970257
0.05959917,0.03831366,159686.8,0.030708999999999997,49.10418212146549,315.2185092222198,0.0228516
0.05969304,0.03834605,159121.4,0.03060026923076923,13.048809726159652,83.76529597478795,0.01136094
0.05978693,0.03837842,158538.1,0.030488096153846154,-27.227789796150446,-174.78558725870016,0.01580981
0.05988082,0.03841076,157931.8,0.0303715,-70.97556770030862,-455.6192909669077,0.02465581
0.05997472,0.03844307,157312.8,0.030252461538461537,-119.61035974697407,-767.8246059309241,0.03088479
0.06006864,0.03847536,156699.0,0.030134423076923076,-166.48933728547146,-1068.7586766174895,0.0353659
0.06016256,0.03850761,156076.8,0.030014769230769227,-217.65174958949837,-1397.189751893214,0.0392156
0.0602565,0.03853984,155477.8,0.02989957692307692,-263.00632176620525,-1688.338082041319,0.04208307
0.06035044,0.03857203,154875.1,0.02978367307692308,-311.6579985846018,-2000.651786807256,0.04469672
0.06044439,0.0386042,154308.1,0.029674634615384617,-353.3472825673308,-2268.2712314213845,0.04670728
0.06053834,0.03863634,153741.1,0.029565596153846154,-397.57724869189815,-2552.200285575017,0.0486063
0.06063232,0.03866845,153228.5,0.02946701923076923,-434.90384227762627,-2791.813953415611,0.05010836
0.06072629,0.03870054,152718.4,0.029368923076923077,-474.08741686398963,-3043.3482919075623,0.05155648
0.06082029,0.0387326,152281.1,0.029284826923076924,-506.51344896505856,-3251.5033829262284,0.05270591
0.0609143,0.03876463,151848.2,0.029201576923076924,-540.3458378801192,-3468.6864157451346,0.05383391
0.06100831,0.03879663,151508.5,0.02913625,-568.1868049962263,-3647.408222534128,0.05474359
0.06110233,0.0388286,151174.7,0.029072057692307696,-597.0506953870556,-3832.696564713306,0.05564568
0.06119636,0.03886055,150950.5,0.029028942307692308,-620.743782059814,-3984.7915419066017,0.05638441
0.0612904,0.03889246,150732.8,0.02898707692307692,-645.0417374766213,-4140.769402706483,0.05711622
0.06138444,0.03892435,150628.7,0.028967057692307695,-664.9884616002788,-4268.815047099319,0.05772609
0.0614785,0.03895621,150531.1,0.028948288461538463,-685.3249988691155,-4399.363051030384,0.05833211
0.06157257,0.03898804,150547.2,0.02895138461538462,-701.904143708994,-4505.790917147336,0.05884079
0.06166664,0.03901985,150569.8,0.02895573076923077,-718.7101115063341,-4613.674846504106,0.05934671
0.06176073,0.03905162,150702.5,0.02898125,-732.1833950758598,-4700.16500228368,0.05976941
0.06185483,0.03908337,150841.2,0.02900792307692308,-745.6924270724138,-4786.884640876898,0.06018678
0.06194893,0.03911509,151079.1,0.029053673076923078,-756.414173914104,-4855.711630955574,0.06053785
0.06204305,0.03914679,151322.5,0.02910048076923077,-767.1549830580507,-4924.660989236714,0.06088617
0.06213717,0.03917845,151656.4,0.029164692307692308,-775.5370504667789,-4978.468682973343,0.06117988
0.0622313,0.03921009,151995.3,0.029229865384615382,-783.8928177244762,-5032.107545990426,0.06147097
0.06232544,0.0392417,152415.5,0.029310673076923078,-790.1738974434068,-5072.428196895671,0.06171333
0.06241959,0.03927328,152840.2,0.029392346153846158,-796.4128691571603,-5112.478540424951,0.06195358
0.06251376,0.03930483,153337.5,0.02948798076923077,-800.8124307552831,-5140.721007528081,0.06214939
0.06260793,0.03933636,153838.9,0.029584403846153844,-805.155256918842,-5168.59926819643,0.06234318
0.06270211,0.03936786,154404.4,0.029693153846153845,-807.8642955831627,-5185.989622587837,0.062496
0.0627963,0.03939933,154973.4,0.02980257692307692,-810.513500794516,-5202.995883180486,0.06264693
0.06289049,0.03943077,155598.6,0.029922807692307693,-811.7049836805458,-5210.644467127349,0.06275964
0.0629847,0.03946219,156226.8,0.030043615384615384,-812.8396908480252,-5217.928586041128,0.06287056
0.06307892,0.03949358,156903.6,0.030173769230769233,-812.6696340656739,-5216.8369265714055,0.06294542
0.06317314,0.03952493,157583.2,0.03030446153846154,-812.4473318896387,-5215.40988395509,0.06301847
0.06326738,0.03955627,158304.3,0.03044313461538461,-811.0520354812845,-5206.45294312515,0.06305721
0.06336162,0.03958757,159027.8,0.03058226923076923,-809.6153272945614,-5197.2301642651755,0.0630943
0.06345588,0.03961885,159786.5,0.030728173076923077,-807.0942412971845,-5181.046349865245,0.06309755
0.06355014,0.0396501,160547.3,0.03087448076923077,-804.5372588142633,-5164.63210220748,0.06309904
0.06364441,0.03968132,161337.5,0.031026442307692307,-801.0010234062563,-5141.9316558216005,0.06306812
0.06373869,0.03971252,162129.3,0.031178711538461537,-797.453375766228,-5119.157949957419,0.06303611
0.06383298,0.03974369,162946.3,0.03133582692307692,-793.0310564105737,-5090.769392112271,0.06297347
0.06392728,0.03977482,163764.7,0.03149321153846154,-788.6047638793613,-5062.355328934945,0.06290967
0.06402158,0.03980594,164604.2,0.031654653846153846,-783.3834517155276,-5028.837730934916,0.06281632
0.0641159,0.03983702,165445.1,0.03181636538461539,-778.1887490634617,-4995.490949559219,0.06272264
0.06421023,0.03986808,166304.7,0.03198167307692308,-772.2690149208815,-4957.489913989577,0.06260045
0.06430456,0.03989911,167165.5,0.03214721153846154,-766.3821848509416,-4919.700102235848,0.06247778
0.06439889,0.03993011,168042.8,0.032315923076923075,-759.8063253025203,-4877.487146960865,0.06232646
0.06449325,0.03996108,168921.3,0.03248486538461538,-753.2851362251354,-4835.625142330695,0.06217521
0.06458761,0.03999203,169815.3,0.03265678846153846,-746.1205768838221,-4789.633098125245,0.06199583
0.06468198,0.04002295,170710.4,0.032828923076923075,-739.0060600354766,-4743.962295804897,0.06181599
0.06477637,0.04005385,171619.9,0.03300382692307692,-731.2999465417652,-4694.493808551077,0.06160894
0.06487075,0.04008471,172530.5,0.033178942307692305,-723.6638696062021,-4645.474912727086,0.06140195
0.06496516,0.04011555,173455.1,0.033356750000000004,-715.477074068715,-4592.920743751208,0.06116833
0.06505955,0.04014636,174380.8,0.03353476923076923,-707.3584854247321,-4540.804420888638,0.06093437
0.06515397,0.04017715,175319.9,0.033715365384615385,-698.7217306378348,-4485.361791547836,0.06067407
0.0652484,0.04020791,176260.0,0.03389615384615385,-690.1692830500398,-4430.460362334388,0.06041377
0.06534283,0.04023864,177213.2,0.03407946153846154,-681.142405444186,-4372.513385541045,0.06012803
0.06543728,0.04026935,178167.4,0.03426296153846154,-672.188511221085,-4315.034916970737,0.05984148
0.06553173,0.04030002,179134.0,0.034448846153846156,-662.8020615444665,-4254.779709651853,0.05953042
0.06562619,0.04033067,180101.6,0.03463492307692308,-653.5009557511738,-4195.072357332504,0.05921876
0.06572065,0.0403613,181081.4,0.034823346153846156,-643.8103445689707,-4132.864621080016,0.05888366
0.06581513,0.04039189,182062.3,0.03501198076923077,-634.197819888609,-4071.1581519220495,0.05854731
0.06590961,0.04042246,183054.8,0.035202846153846154,-624.227642497143,-4007.1557733416485,0.05818804
0.06600411,0.040453,184048.3,0.035393903846153846,-614.3442123724654,-3943.710258615501,0.05782754
0.06609861,0.04048351,185053.2,0.03558715384615385,-604.1452430270879,-3878.2391770546565,0.05744529
0.06619313,0.040514,186059.0,0.03578057692307692,-594.0278453879978,-3813.291735447473,0.05706125
0.06628765,0.04054446,187075.7,0.03597609615384616,-583.6313063975631,-3746.5523788377045,0.05665638
0.06638218,0.04057489,188093.4,0.03617180769230769,-573.3240770839775,-3680.3863351715436,0.05624974
0.06647671,0.0406053,189121.8,0.03636957692307692,-562.7805191486416,-3612.703207774094,0.05582372
0.06657126,0.04063568,190151.2,0.036567538461538464,-552.3260499595428,-3545.5919750822304,0.05539558
0.06666581,0.04066603,191191.1,0.03676751923076923,-541.6580791632342,-3477.1101939883024,0.05494844
0.06676038,0.04069635,192232.1,0.03696771153846154,-531.0829816902426,-3409.2246022464356,0.05449901
0.06685495,0.04072665,193283.9,0.03716998076923077,-520.3175802447623,-3340.1173765842937,0.0540311
0.06694953,0.04075692,194336.6,0.03737242307692308,-509.6414431257734,-3271.583172744483,0.05356036
0.06704412,0.04078717,195399.9,0.03757690384615384,-498.7915066447124,-3201.9332843855696,0.0530713
0.06713872,0.04081739,196464.2,0.037781576923076925,-488.0337150831979,-3132.8749094765694,0.05257922
0.06723332,0.04084758,197539.2,0.037988307692307696,-477.1334505099899,-3062.9019458622874,0.0520699
0.06732794,0.04087775,198615.3,0.03819525,-466.32589815721025,-2993.524137419062,0.0515572
0.06742256,0.04090789,199702.4,0.03840430769230769,-455.40083841845797,-2923.3920041621723,0.05102797
0.06751719,0.040938,200790.5,0.03861355769230769,-444.57153828025326,-2853.8745883738206,0.05049511
0.06761184,0.04096809,201890.0,0.038825,-433.6388665692799,-2783.6935909584804,0.04994584
0.06770649,0.04099815,202990.6,0.039036653846153846,-422.8039325693164,-2714.140009258631,0.04939253
0.06780114,0.04102818,204103.2,0.039250615384615384,-411.86889387912146,-2643.9438172991736,0.04882221
0.06789579,0.04105818,205217.0,0.039464807692307695,-401.0304792507839,-2574.3678921157384,0.04824725
0.06799047,0.04108815,206343.4,0.03968142307692307,-390.0877929294598,-2504.1226070896732,0.04765423
0.06808516,0.04111811,207471.1,0.039898288461538464,-379.2462932810091,-2434.5268779832527,0.04705624
0.06817984,0.04114803,208611.9,0.04011767307692308,-368.30596955753936,-2364.2967593756343,0.04643959
0.06827456,0.04117794,209754.1,0.04033732692307693,-357.4638650323222,-2294.697147334108,0.04581716
0.06836927,0.04120781,210909.9,0.040559596153846154,-346.55231804328986,-2224.651757581299,0.04517696
0.06846398,0.04123766,212067.2,0.04078215384615385,-335.73814081363054,-2155.231421521818,0.04453016
0.0685587,0.04126748,213238.9,0.04100748076923077,-324.8710781847339,-2085.4715938755317,0.04386561
0.06865343,0.04129727,214412.3,0.041233134615384616,-314.10618665473083,-2016.3676415556922,0.04319391
0.06874817,0.04132704,215600.9,0.04146171153846154,-303.3106175620683,-1947.0667582383223,0.04250479
0.06884292,0.04135678,216791.3,0.041690634615384616,-292.61938151389984,-1878.4356286023537,0.04180766
0.06893768,0.0413865,217998.0,0.04192269230769231,-281.9149516847498,-1809.7198030445234,0.04109306
0.06903245,0.04141619,219206.7,0.042155134615384615,-271.3138544322535,-1741.6673087827187,0.04036932
0.06912722,0.04144585,220432.7,0.04239090384615385,-260.7259264867742,-1673.6993533350442,0.03962864
0.069222,0.04147548,221660.8,0.04262707692307692,-250.2386633132814,-1606.3776035257872,0.03887738
0.06931679,0.04150509,222907.1,0.04286675,-239.78292734283406,-1539.2582388803714,0.03810906
0.06941159,0.04153467,224155.5,0.04310682692307692,-229.42332080727155,-1472.755965811429,0.03732831
0.0695064,0.04156423,225422.9,0.04335055769230769,-219.12335702640553,-1406.6365623761733,0.03653102
0.06960122,0.04159376,226692.5,0.04359471153846154,-208.91481544822162,-1341.1040329951068,0.03571912
0.06969604,0.04162326,227981.4,0.04384257692307692,-198.79345133844015,-1276.1311290968476,0.03489103
0.06979087,0.04165274,229272.7,0.04409090384615385,-188.75905783608002,-1211.7165227617102,0.03404587
0.06988571,0.04168219,230583.5,0.044342980769230766,-178.8333879286768,-1147.9998547291564,0.03318414
0.06998056,0.04171162,231896.7,0.04459551923076923,-168.99421088598567,-1084.8384174467135,0.03230274
0.07007542,0.04174102,233229.8,0.04485188461538461,-159.282824354154,-1022.4973162860745,0.03140391
0.07017028,0.04177039,234565.4,0.04510873076923077,-149.65141520009462,-960.6696204751167,0.03048152
0.07026515,0.04179973,235920.8,0.04536938461538461,-140.16352163102917,-899.7632060458556,0.02953993
0.07036003,0.04182906,237278.8,0.04563053846153846,-130.75752345401978,-839.3825094328939,0.0285708
0.07045492,0.04185835,238656.7,0.04589551923076923,-121.52905485036308,-780.1414429906716,0.02758196
0.07054982,0.04188762,240037.4,0.04616103846153846,-112.3777517140633,-721.3957311706587,0.02655967
0.07064472,0.04191686,241438.2,0.04643042307692308,-103.43785168430804,-664.007096675039,0.02551637
0.07073963,0.04194608,242841.7,0.04670032692307693,-94.57638526445736,-607.1219574932375,0.02443256
0.07083455,0.04197527,244265.6,0.046974153846153846,-86.00120389963992,-552.0745914778223,0.02333072
0.07092948,0.04200444,245692.5,0.047248557692307694,-77.51390241549308,-497.5913599979767,0.02218022
0.07102442,0.04203358,247140.8,0.04752707692307692,-69.38190879534656,-445.388985470968,0.02101358
0.07111936,0.04206269,248592.2,0.047806192307692306,-61.34129843285019,-393.7732349951062,0.01978592
0.07121431,0.04209178,250066.5,0.04808971153846154,-53.72642873301724,-344.8904765211899,0.01854291
0.07130927,0.04212084,251544.3,0.048373903846153844,-46.21458042656572,-296.6690517389613,0.01722183
0.07140423,0.04214987,253047.1,0.04866290384615385,-39.22776923886988,-251.8180408544961,0.01588895
0.0714992,0.04217888,254553.9,0.048952673076923074,-32.34223093718165,-207.61713932472873,0.01444753
0.0715942,0.04220787,256088.8,0.04924784615384615,-26.072439726951412,-167.36895367050917,0.01299015
0.07168917,0.04223682,257628.0,0.049543846153846154,-19.904143667638778,-127.77230417437879,0.01136611
0.07178418,0.04226576,259198.4,0.04984584615384615,-14.4489563244485,-92.75337202732115,0.009697989
0.07187918,0.04229466,260773.5,0.05014875,-9.099282900009472,-58.41177404476888,0.007707128
0.0719742,0.04232355,262382.9,0.05045825,-4.5288272194118,-29.072272522465003,0.005445218
0.07206922,0.0423524,263997.9,0.05076882692307693,-0.048955601031324014,-0.3142647104272993,0.0005669694
0.07216425,0.04238123,265649.5,0.051086442307692305,3.5200395154840036,22.59647876283694,0.004814789
0.0722593,0.04241004,267307.0,0.051405192307692305,6.997585554829805,44.92017566430777,0.006798689
0.07235435,0.04243882,269004.6,0.051731653846153844,9.48867285974282,60.91141699390967,0.007928884
0.0724494,0.04246757,270708.4,0.052059307692307696,11.93445720268705,76.61184129900992,0.008905773
0.07254446,0.0424963,272453.9,0.05239498076923078,13.409829830833726,86.08282198332856,0.009454843
0.07263953,0.042525,274206.0,0.05273192307692308,14.841668921373603,95.27434425427539,0.009962295
0.07273461,0.04255368,276001.7,0.05307725,15.254515732611354,97.92456569679123,0.0101159
0.07282969,0.04258233,277804.0,0.053423846153846155,15.658294745965343,100.51657747961296,0.01026521
0.07292478,0.04261096,279650.0,0.053778846153846156,15.071338087546996,96.74867839543685,0.01008727
0.07301988,0.04263956,281502.9,0.05413517307692308,14.494547644178498,93.04604013048218,0.009908422
0.07311499,0.04266813,283399.1,0.05449982692307692,12.946017991399957,83.1054365495527,0.009379633
0.07321011,0.04269668,285301.9,0.054865750000000005,11.431591551425852,73.38375452347798,0.008828545
0.07330523,0.0427252,287247.0,0.05523980769230769,9.003100688322846,57.79434367383718,0.00784802
0.07340036,0.0427537,289198.7,0.055615134615384615,6.6219884410416885,42.50907426395061,0.006742002
0.0734955,0.04278217,291191.3,0.05599832692307692,3.3935833393232664,21.78470824535377,0.004834636
0.07359064,0.04281062,293190.3,0.056382749999999995,0.2310972160556081,1.483501339056209,0.001263788
0.0736858,0.04283904,295228.3,0.05677467307692308,-3.700126305477295,-23.752524684381477,0.005065653
0.07378096,0.04286743,297272.3,0.057167749999999996,-7.557304544487568,-48.513225744377436,0.007252081
0.07387613,0.0428958,299353.5,0.05756798076923077,-12.118797131726847,-77.7951897453463,0.009199571
0.0739713,0.04292415,301440.5,0.05796932692307692,-16.602436797924405,-106.57738609620624,0.01078659
0.07406649,0.04295247,303562.8,0.05837746153846154,-21.72407443908194,-139.45513524654484,0.01236045
0.07416168,0.04298076,305690.8,0.058786692307692304,-26.76635753063412,-171.82347721920712,0.01374439
0.07425687,0.04300903,307852.5,0.05920240384615385,-32.3765164635654,-207.83723122011665,0.01514319
0.07435208,0.04303728,310019.7,0.05961917307692308,-37.902239031766754,-243.30895593015083,0.01641377
0.07444729,0.0430655,312219.5,0.06004221153846154,-43.90870003790548,-281.86672437791776,0.01769817
0.07454251,0.04309369,314424.6,0.060466269230769226,-49.83768135314109,-319.9271210824579,0.01888908
0.07463773,0.04312186,316661.5,0.06089644230769231,-56.14890129263069,-360.4412535809565,0.02008558
0.07473298,0.04315001,318903.7,0.06132763461538462,-62.379472530483596,-400.43767124535526,0.0212089
0.07482821,0.04317812,321176.2,0.06176465384615385,-68.9156875655054,-442.39613323946656,0.0223327
0.07492347,0.04320621,323453.9,0.06220267307692308,-75.34968487692078,-483.6984206052825,0.02339423
0.07501873,0.04323428,325760.8,0.0626463076923077,-82.01704201876545,-526.4987338964322,0.02445154
0.075114,0.04326232,328072.5,0.06309086538461539,-88.57693367164705,-568.6091851481333,0.02545665
0.07520927,0.04329034,330411.8,0.06354073076923077,-95.2590910153364,-611.5045065905261,0.02644722
0.07530455,0.04331833,332755.4,0.06399142307692308,-101.83190112348596,-653.6978863431224,0.02739399
0.07539984,0.0433463,335124.5,0.06444701923076923,-108.40640808427548,-695.902158841233,0.02831562
0.07549513,0.04337424,337497.5,0.06490336538461539,-114.86277965696142,-737.3480751400226,0.02919944
0.07559043,0.04340216,339893.4,0.0653641153846154,-121.17409899100826,-777.8628456901658,0.0300451
0.07568574,0.04343005,342292.6,0.0658255,-127.36845511076763,-817.6267846726365,0.03085919
0.07578106,0.04345792,344712.2,0.06629080769230769,-133.27943422566187,-855.5716183740033,0.03162396
0.07587639,0.04348577,347134.5,0.06675663461538461,-139.0655068659949,-892.714629684642,0.03236132
0.07597172,0.04351359,349573.5,0.06722567307692308,-144.43959328298033,-927.2129439952881,0.0330397
0.07606706,0.04354138,352014.5,0.06769509615384615,-149.6907731898676,-960.922274451341,0.0336951
0.0761624,0.04356915,354468.6,0.06816703846153846,-154.3879967460762,-991.0755474090084,0.03428039
0.07625775,0.04359689,356923.9,0.06863921153846154,-158.9719807641428,-1020.50189249911,0.03484727
0.07635312,0.04362461,359388.7,0.06911321153846155,-162.87181098942298,-1045.536392957579,0.03533405
0.07644848,0.0436523,361854.0,0.0695873076923077,-166.6665963362408,-1069.8965702003911,0.03580603
0.07654386,0.04367997,364325.2,0.07006253846153847,-169.650457638238,-1089.0511161210384,0.03618781
0.07663924,0.04370761,366796.2,0.07053773076923077,-172.5440512098883,-1107.6261989865745,0.03655842
0.07673463,0.04373523,369269.7,0.07101340384615384,-174.50122785121678,-1120.1900637433084,0.03682813
0.07683003,0.04376282,371742.6,0.07148896153846153,-176.3849034402247,-1132.2820971582341,0.03708971
0.07692543,0.04379039,374215.0,0.07196442307692308,-177.27360422219508,-1137.9870070769937,0.03724576
0.07702084,0.04381794,376686.2,0.07243965384615385,-178.09691595604585,-1143.272159708752,0.03739505
0.07711626,0.04384546,379154.1,0.07291425,-177.87298495468463,-1141.8346610402452,0.03743359
0.07721169,0.04387295,381620.3,0.07338851923076922,-177.5897424191506,-1140.0164189691625,0.03746579
0.07730712,0.04390042,384080.5,0.07386163461538461,-176.21886054199862,-1131.2162043445367,0.03738186
0.07740256,0.04392787,386538.6,0.07433434615384615,-174.79356836183442,-1122.0667091930627,0.0372911
0.077498,0.04395529,388988.2,0.07480542307692307,-172.27206655914514,-1105.8802255799408,0.03708059
0.07759346,0.04398269,391435.2,0.075276,-169.70183794561137,-1089.3809459480285,0.03686192
0.07768892,0.04401006,393871.3,0.07574448076923077,-166.0521162350486,-1065.9519876195147,0.03652086
0.07778439,0.04403741,396304.4,0.07621238461538463,-162.3606857025566,-1042.255284424842,0.03616946
0.07787986,0.04406473,398724.2,0.07667773076923078,-157.61475401581046,-1011.7893353644128,0.03569203
0.07797534,0.04409203,401140.6,0.07714242307692307,-152.83240798076537,-981.0896286872351,0.03520063
0.07807083,0.0441193,403541.5,0.07760413461538461,-147.03159103020917,-943.8519680150297,0.03457851
0.07816632,0.04414655,405938.4,0.07806507692307693,-141.19604600113232,-906.3913745361571,0.03393665
0.07826183,0.04417378,408317.8,0.07852265384615384,-134.37517064782722,-862.6055691817179,0.03315601
0.07835734,0.04420098,410692.8,0.07897938461538462,-127.52131255561282,-818.6080350225238,0.03234726
0.07845286,0.04422815,413047.8,0.07943226923076922,-119.72774940587567,-768.5781750095321,0.03138881
0.07854838,0.04425531,415397.8,0.07988419230769231,-111.90531693544686,-718.3629917951849,0.03039012
0.07864391,0.04428243,417725.7,0.08033186538461538,-103.20444106416528,-662.508744711126,0.02922629
0.07873945,0.04430954,420048.0,0.08077846153846154,-94.48177888866354,-606.514643015076,0.02800361
0.07883499,0.04433661,422346.4,0.08122046153846155,-84.93356802122686,-545.2210287985164,0.02658784
0.07893054,0.04436367,424638.6,0.08166126923076923,-75.36114424427453,-483.771982663295,0.02507947
0.0790261,0.0443907,426904.7,0.0820970576923077,-65.0131859695686,-417.3444842319417,0.02332569
0.07912165,0.0444177,429164.3,0.08253159615384616,-54.65831397271066,-350.8726039761535,0.02141652
0.07921722,0.04444468,431397.0,0.08296096153846154,-43.561635418888095,-279.63878396461814,0.01914468
0.07931281,0.04447164,433623.0,0.08338903846153846,-32.46661454353775,-208.4156052246447,0.0165496
0.07940838,0.04449857,435820.2,0.08381157692307692,-20.68473972789904,-132.78324857441626,0.01322682
0.07950399,0.04452548,438010.9,0.08423286538461539,-8.922720673312853,-57.27835364186731,0.008698378
0.07959959,0.04455237,440173.0,0.08464865384615385,3.4356804735282673,22.054945836396495,0.005404358
0.0796952,0.04457923,442328.1,0.08506309615384615,15.799129344740596,101.42064858628635,0.01160379
0.07979081,0.04460607,444453.2,0.08547176923076923,28.700723021246468,184.24090848266738,0.01565903
0.07988643,0.04463288,446571.0,0.08587903846153846,41.59493301883941,267.0137697225806,0.01887431
0.07998205,0.04465967,448657.9,0.08628036538461539,54.97905999529714,352.9315952618361,0.02172559
0.08007769,0.04468643,450737.1,0.08668021153846153,68.37094939864113,438.89925078553125,0.02425651
0.08017332,0.04471317,452783.2,0.08707369230769231,82.20008488484059,527.6737559999517,0.02662793
0.08026897,0.04473988,454821.2,0.08746561538461539,96.04351478585785,616.5400225254134,0.02881651
0.08036463,0.04476658,456823.8,0.08785073076923076,110.25404532946054,707.762848355825,0.03091007
0.08046029,0.04479324,458817.9,0.08823421153846155,124.46907486684256,799.014554946507,0.03287957
0.08055595,0.04481989,460775.1,0.08861059615384614,138.95176459346072,891.9844745729025,0.03477839
0.08065163,0.0448465,462723.7,0.08898532692307692,153.42331798729333,984.88290582362,0.03658496
0.0807473,0.0448731,464634.4,0.08935276923076924,168.03252958318154,1078.6650176766707,0.03832857
0.08084299,0.04489967,466536.8,0.08971861538461538,182.61480399009787,1172.2742094202008,0.04000005
0.08093868,0.04492621,468401.4,0.09007719230769232,197.1750486005022,1265.741983481673,0.04160786
0.08103438,0.04495274,470258.3,0.09043428846153846,211.67775589518115,1358.8404035267654,0.04315602
0.08113009,0.04497923,472079.4,0.0907845,225.95339991726973,1450.481217657396,0.04463329
0.08122581,0.04500571,473893.8,0.09113342307692307,240.1415214816704,1541.5601916871651,0.04606027
0.08132152,0.04503216,475675.7,0.09147609615384615,253.85848374392307,1629.6146141123093,0.04740512
0.08141722,0.04505858,477452.9,0.0918178653846154,267.4304001297058,1716.737931630002,0.04870456
0.08151292,0.04508497,479204.2,0.09215465384615384,280.28232877563204,1799.2393727165909,0.04991062
0.08160865,0.04511135,480953.6,0.09249107692307691,292.94201070607085,1880.5067086732151,0.05107587
0.08170442,0.04513771,482686.5,0.09282432692307692,304.5409322294197,1954.9646182282804,0.05212869
0.08180021,0.04516405,484421.2,0.09315792307692308,315.88015417589554,2027.755416960381,0.05314277
0.08189594,0.04519035,486150.3,0.09349044230769231,325.7788287411552,2091.2987915759836,0.05402275
0.08199168,0.04521663,487886.4,0.09382430769230769,335.338023866087,2152.662917938819,0.05486434
0.08208745,0.04524289,489636.2,0.0941608076923077,342.98406728753463,2201.7457924441965,0.05554285
0.08218325,0.04526913,491399.7,0.0944999423076923,350.22865469523174,2248.2515673888947,0.05618397
0.08227908,0.04529536,493199.4,0.09484603846153847,354.94711573182894,2278.5411718486566,0.05662134
0.08237487,0.04532155,495021.1,0.09519636538461539,359.1858514214143,2305.7512359884695,0.05701968
0.08247067,0.04534771,496907.8,0.0955591923076923,360.2284169026965,2312.4438622084394,0.05716707
0.08256648,0.04537385,498828.6,0.09592857692307692,360.6683252015574,2315.267801681017,0.05726784
0.08266229,0.04539997,500853.8,0.09631803846153845,356.9457773410978,2291.3713444672535,0.05704187
0.08275811,0.04542607,502930.9,0.09671748076923077,352.40907208693966,2262.2484998293176,0.05674978
0.08285393,0.04545214,505170.0,0.09714807692307692,342.2802433759582,2197.227677803507,0.05600557
0.08294976,0.04547818,507489.1,0.09759405769230768,330.9592548742174,2124.5539265207085,0.05515004
0.0830456,0.04550421,510061.0,0.09808865384615384,311.77040187184247,2001.3733464607299,0.05361301
0.08314144,0.04553021,512753.6,0.09860646153846153,290.77443793180805,1866.592230740487,0.05186243
0.08323729,0.04555618,515844.7,0.09920090384615385,259.1044015553051,1663.290165166509,0.04905095
0.08333315,0.04558214,519090.9,0.09982517307692308,226.02332439000614,1450.9300895681347,0.04590473
0.08342901,0.04560807,522878.6,0.10055357692307691,176.47882560813648,1132.8850194445445,0.04065802
0.08352488,0.04563397,527042.9,0.10135440384615385,123.21936183831751,790.9921694634781,0.03406004
0.08362076,0.04565986,532096.0,0.10232615384615384,48.243394840663605,309.6927867340489,0.02137762
0.08371663,0.04568571,537430.6,0.10335203846153845,-27.40654660802254,-175.9330955424601,0.01616454
0.08381252,0.04571155,543991.0,0.10461365384615384,-129.63236299321193,-832.1596744773232,0.03529283
0.08390842,0.04573736,550805.0,0.10592403846153846,-226.1454592143117,-1451.714119676741,0.04680223
0.08400432,0.04576315,558876.2,0.1074761923076923,-342.6656967890034,-2199.7020505551836,0.05788088
0.08410022,0.04578892,567045.0,0.10904711538461538,-445.4900944689495,-2859.771151557002,0.06630622
0.08419613,0.04581466,576006.8,0.11077053846153848,-547.4817762101934,-3514.494730742491,0.07387738
0.08429205,0.04584038,584775.0,0.11245673076923077,-632.0912030958383,-4057.6349737276323,0.07977179
0.08438798,0.04586608,593509.2,0.11413638461538461,-690.1757853729335,-4430.502103229776,0.08375977
0.08448391,0.04589175,601889.2,0.11574792307692307,-735.2048046894831,-4719.560585164994,0.08684914
0.08457985,0.0459174,609644.0,0.11723923076923078,-749.5874144654341,-4811.888053344499,0.08806899
0.0846758,0.04594302,616923.7,0.11863917307692307,-750.7563894131961,-4819.392150234661,0.08849147
0.08477175,0.04596863,623052.0,0.1198176923076923,-721.5872772651397,-4632.144472961431,0.0870541
0.0848677,0.0459942,628697.4,0.12090334615384615,-683.0590860788171,-4384.817290956046,0.084969
0.08496367,0.04601976,633006.9,0.12173209615384616,-617.3802839083833,-3963.1999619787853,0.08098931
0.08505963,0.04604529,636812.5,0.12246394230769231,-539.9160986537908,-3465.9277554350515,0.07591512
0.08515561,0.0460708,638815.0,0.12284903846153847,-443.12344283565477,-2844.5787103541297,0.06887978
0.08525159,0.04609628,640472.9,0.12316786538461538,-350.43754103955825,-2249.59248865488,0.06133778
0.08534758,0.04612175,640761.3,0.12322332692307693,-243.11732927217133,-1560.6630390400287,0.05112934
0.08544357,0.04614719,640698.9,0.12321132692307693,-133.68670464985377,-858.1860428571666,0.03793799
0.08553957,0.0461726,639151.5,0.12291375,-14.222272417269071,-91.29820140439915,0.01237379
0.08563558,0.04619799,637359.3,0.12256909615384616,98.40152561083741,631.6769950777979,0.03254302
0.08573159,0.04622336,634496.2,0.12201849999999999,213.24150034260646,1368.878676688563,0.0478774
0.08582761,0.04624871,631503.6,0.121443,320.88527050296796,2059.885171269309,0.05869223
0.08592363,0.04627404,627809.3,0.1207325576923077,423.13769126570736,2716.2825338699986,0.06733277
0.08601966,0.04629934,623981.8,0.1199965,520.8531485262235,3343.5553940397376,0.07462707
0.0861157,0.04632462,619694.0,0.11917192307692308,612.1563839896373,3929.6657521911156,0.08080441
0.08621174,0.04634988,615321.0,0.11833096153846154,700.3553219099613,4495.848438167963,0.08631994
0.08630778,0.04637511,610645.9,0.11743190384615385,781.3995181130124,5016.102103019685,0.09104904
0.08640384,0.04640032,605927.6,0.11652453846153846,860.1196233356811,5521.4365397632855,0.09538863
0.0864999,0.0464255,601036.8,0.115584,931.3491651365213,5978.686187532646,0.09910892
0.08659597,0.04645066,596120.7,0.11463859615384614,1001.4375165414154,6428.610098067264,0.102613
0.08669204,0.0464758,591104.4,0.11367392307692308,1064.7990188701474,6835.351793850689,0.1056405
0.08678812,0.04650092,586079.0,0.1127075,1127.4102851331054,7237.277437640154,0.1085281
0.0868842,0.04652601,581016.1,0.11173386538461538,1183.9246599340077,7600.0648053291225,0.1110325
0.08698029,0.04655108,575960.8,0.11076169230769231,1240.043484105905,7960.312982378719,0.1134476
0.08707639,0.04657613,570915.4,0.10979142307692308,1290.288525525834,8282.85510339442,0.1155313
0.08717249,0.04660116,565882.6,0.10882357692307691,1340.4276986859338,8604.717615594831,0.1175604
0.0872686,0.04662616,560887.4,0.10786296153846155,1385.4800159912168,8893.925656222591,0.1193212
0.08736471,0.04665114,555908.5,0.10690548076923077,1430.505016492491,9182.958339846846,0.1210444
0.08746084,0.0466761,550983.8,0.10595842307692309,1471.1498826762327,9443.873267505829,0.1225487
0.08755696,0.04670104,546078.9,0.10501517307692308,1511.8096734252654,9704.88400165254,0.1240264
0.08765309,0.04672595,541238.8,0.10408438461538462,1548.641960313323,9941.324525911334,0.1253214
0.08774923,0.04675084,536418.6,0.10315742307692308,1585.5236643894636,10178.082277984227,0.1265977
0.08784538,0.0467757,531668.4,0.10224392307692308,1619.0315724802713,10393.182344398372,0.127719
0.08794152,0.04680055,526937.9,0.10133421153846155,1652.6337588605156,10608.887619178982,0.1288281
0.08803768,0.04682537,522278.4,0.10043815384615386,1683.2526661605427,10805.442085543034,0.1298047
0.08813384,0.04685017,517637.4,0.09954565384615385,1713.9616822482885,11002.57499464873,0.1307722
0.08823001,0.04687494,513067.7,0.09866686538461539,1741.9899945019888,11182.499441466145,0.1316244
0.08832618,0.04689969,508516.1,0.09779155769230768,1770.1320284527578,11363.153911313524,0.132471
0.08842236,0.04692442,504033.3,0.09692948076923076,1795.8214593583145,11528.064185000314,0.1332151
0.08851854,0.04694913,499568.2,0.09607080769230769,1821.5906129544867,11693.4862291026,0.1339543
0.08861474,0.04697381,495170.9,0.09522517307692308,1845.0112135059394,11843.832013758094,0.1345985
0.08871093,0.04699848,490791.4,0.09438296153846154,1868.47501331659,11994.455110966117,0.1352382
0.08880713,0.04702312,486480.6,0.09355396153846153,1889.6761235859449,12130.553139366848,0.1357894
0.08890334,0.04704773,482187.7,0.09272840384615384,1910.8967192451184,12266.77625193078,0.1363368
0.08899955,0.04707233,477963.8,0.09191611538461539,1929.881631740287,12388.6476599432,0.1368
0.08909577,0.0470969,473758.6,0.09110742307692307,1948.8293186689632,12510.280102819299,0.1372588
0.089192,0.04712145,469627.3,0.09031294230769231,1965.6754828595413,12618.422068184515,0.1376415
0.08928822,0.04714598,465515.2,0.08952215384615385,1982.502192251547,12726.43914576343,0.1380216
0.08938445,0.04717049,461478.0,0.08874576923076923,1997.3242753293628,12821.587761003568,0.1383317
0.08948069,0.04719497,457460.5,0.08797317307692308,2012.056689407901,12916.160756672123,0.1386379
0.08957695,0.04721943,453521.7,0.08721571153846154,2024.932735593624,12998.817017462705,0.1388817
0.08967319,0.04724386,449603.4,0.08646219230769231,2037.731518212028,13080.977293889933,0.139123
0.08976946,0.04726828,445766.5,0.08572432692307692,2048.6225726458692,13150.891134100148,0.1393025
0.08986573,0.04729267,441950.1,0.08499040384615385,2059.396656779011,13220.054097252307,0.1394788
0.089962,0.04731704,438221.1,0.08427328846153846,2068.308657855647,13277.263637706825,0.1395979
0.09005828,0.04734139,434513.4,0.08356026923076923,2077.1101458614244,13333.763752529132,0.1397147
0.09015456,0.04736571,430896.2,0.08286465384615385,2084.076251812713,13378.481848589008,0.1397776
0.09025085,0.04739001,427301.0,0.08217326923076923,2090.9316388624657,13422.489197710898,0.1398391
0.09034714,0.0474143,423798.3,0.08149967307692307,2096.089513207943,13455.599564113401,0.1398535
0.09044344,0.04743855,420317.5,0.08083028846153846,2101.1390561490134,13488.01450983433,0.139867
0.09053975,0.04746279,416931.6,0.08017915384615384,2104.596089120117,13510.206525512092,0.1398389
0.09063606,0.04748701,413567.4,0.07953219230769232,2107.9820895242938,13531.942555999072,0.1398114
0.09073237,0.0475112,410297.0,0.07890326923076924,2109.8851504254635,13544.159031140476,0.1397476
0.09082869,0.04753537,407047.5,0.07827836538461538,2111.7416227802405,13556.076436599698,0.1396854
0.09092502,0.04755951,403889.4,0.07767103846153847,2112.2331545122856,13559.231766616751,0.139592
0.09102135,0.04758364,400751.0,0.0770675,2112.6929852965677,13562.183596136229,0.1395008
0.09111769,0.04760774,397700.6,0.07648088461538462,2111.9326891151904,13557.302964415936,0.1393842
0.09121403,0.04763182,394668.8,0.07589784615384615,2111.177642950272,13552.456034557481,0.1392711
0.09131038,0.04765588,391719.8,0.07533073076923076,2109.3215940177915,13540.54134720778,0.139137
0.09140673,0.04767992,388788.0,0.07476692307692308,2107.4823166281963,13528.734322800772,0.1390069
0.09150309,0.04770393,385933.4,0.07421796153846154,2104.619448984557,13510.356481408438,0.1388589
0.09159946,0.04772793,383094.7,0.0736720576923077,2101.761600877427,13492.010862339075,0.1387144
0.09169583,0.0477519,380328.9,0.07314017307692308,2097.9775664795134,13467.71969954554,0.1385559
0.09179219,0.04777585,377577.9,0.07261113461538463,2094.200102301714,13443.470713505598,0.1384008
0.09188857,0.04779977,374894.8,0.07209515384615385,2089.570465293313,13413.75130442516,0.1382345
0.09198497,0.04782368,372225.6,0.07158184615384615,2084.941127662692,13384.033817165091,0.1380715
0.09208135,0.04784756,369621.5,0.07108105769230769,2079.5132999912685,13349.190517206056,0.1378993
0.09217776,0.04787142,367030.4,0.07058276923076924,2074.0530045661135,13314.138794328917,0.1377292
0.09227416,0.04789526,364502.9,0.07009671153846155,2067.7944777891707,13273.962919376449,0.1375506
0.09237057,0.04791908,361988.1,0.06961309615384614,2061.482363425219,13233.443045225538,0.1373734
0.09246699,0.04794287,359535.8,0.0691415,2054.399330746595,13187.97435182168,0.1371893
0.0925634,0.04796664,357096.2,0.06867234615384615,2047.266030288709,13142.182970333912,0.1370066
0.09265984,0.0479904,354718.2,0.06821503846153847,2039.3569757767884,13091.411727134342,0.1368174
0.09275627,0.04801412,352352.8,0.06776015384615384,2031.403402856041,13040.354703256691,0.1366297
0.0928527,0.04803783,350049.8,0.06731726923076922,2022.73402503055,12984.70265416491,0.1364382
0.09294915,0.04806151,347758.9,0.06687671153846154,2014.0185885012036,12928.75493665267,0.1362479
0.0930456,0.04808518,345530.4,0.06644815384615385,2004.5544182767958,12868.000811438169,0.1360533
0.09314205,0.04810882,343314.3,0.06602198076923077,1995.0298995021724,12806.859285818839,0.1358593
0.0932385,0.04813244,341162.1,0.06560809615384615,1984.7151498066655,12740.64496594736,0.1356603
0.09333497,0.04815603,339022.1,0.06519655769230769,1974.3529242668997,12674.125880489637,0.1354622
0.09343144,0.04817961,336947.0,0.0647975,1963.179124735663,12602.396991453836,0.1352592
0.09352791,0.04820317,334884.4,0.06440084615384616,1951.9784772191163,12530.495754940906,0.1350576
0.09362439,0.0482267,332887.2,0.06401676923076924,1940.0595307297524,12453.983482837828,0.1348549
0.09372087,0.04825021,330902.5,0.06363509615384616,1928.1408313515647,12377.472797035818,0.1346543
0.09381736,0.0482737,328982.4,0.06326584615384616,1915.5697636480302,12296.774309663853,0.1344552
0.09391385,0.04829717,327074.7,0.06289898076923077,1903.007065080478,12216.129546973858,0.1342582
0.09401036,0.04832062,325231.5,0.06254451923076923,1889.8297980991008,12131.539634790448,0.1340646
0.09410686,0.04834404,323400.3,0.06219236538461538,1876.672224677941,12047.076143095575,0.1338728
0.09420337,0.04836744,321633.4,0.06185257692307693,1862.8364289159147,11958.258883025532,0.1336826
0.09429988,0.04839082,319878.7,0.06151513461538462,1849.0116735052204,11869.512495189538,0.1334936
0.09439641,0.04841417,318189.5,0.06119028846153846,1834.4205737625118,11775.846650243131,0.1333037
0.09449294,0.04843751,316512.6,0.060867807692307686,1819.8469616041118,11682.293064782933,0.1331147
0.09458947,0.04846083,314902.9,0.06055825000000001,1804.4268573767606,11583.305523262063,0.1329229
0.094686,0.04848412,313306.4,0.06025123076923077,1788.9956718745698,11484.24684680351,0.1327303
0.09478254,0.04850739,311780.9,0.05995786538461539,1772.9292568205742,11381.110389111609,0.1325439
0.09487909,0.04853064,310244.2,0.059662346153846156,1756.9038897876264,11278.237434352497,0.1323557
0.09497565,0.04855388,308775.9,0.059379980769230775,1739.4758388641173,11166.36011569218,0.1321447
0.0950722,0.04857708,307368.7,0.059109365384615385,1722.4670422425638,11057.17415060579,0.1319527
0.09516876,0.04860027,306023.1,0.05885059615384615,1705.1502420700263,10946.010993028216,0.1317793
0.09526533,0.04862344,304673.3,0.05859101923076923,1687.702170249079,10834.005152576656,0.1315965
0.0953619,0.04864658,303395.4,0.058345269230769235,1669.2876495683386,10715.795307584913,0.1314089
0.09545848,0.0486697,302131.8,0.05810226923076923,1651.0148831013103,10598.495437059537,0.1312229
0.09555506,0.0486928,300942.3,0.05787351923076923,1631.8218434792493,10475.28798148796,0.1310347
0.09565164,0.04871588,299766.7,0.05764744230769231,1612.7719920313034,10352.999705522536,0.1308471
0.09574823,0.04873894,298667.0,0.05743596153846154,1592.7604845267995,10224.538191852369,0.1306567
0.09584484,0.04876197,297581.5,0.05722721153846154,1572.926010959476,10097.213126674953,0.1304668
0.09594143,0.04878499,296574.5,0.05703355769230769,1552.1291298477784,9963.70999970534,0.1302749
0.09603805,0.04880798,295582.0,0.05684269230769231,1531.5454081660473,9831.575224571308,0.1300834
0.09613467,0.04883095,294669.6,0.05666723076923076,1510.021112056559,9693.402542763733,0.1298917
0.09623129,0.0488539,293772.1,0.05649463461538461,1488.7455647700285,9556.826674705128,0.1297002
0.09632791,0.04887683,292956.5,0.05633778846153846,1466.5146095290115,9414.117677896566,0.1295087
0.09642455,0.04889974,292156.0,0.056183846153846154,1444.5783409802798,9273.300387574429,0.1293175
0.09652118,0.04892262,291439.0,0.05604596153846154,1421.706565903741,9126.477723365124,0.129128
0.09661782,0.04894549,290737.2,0.055911,1399.1776230746732,8981.855830358845,0.128939
0.09671446,0.04896834,290120.0,0.05579230769230769,1375.7981375481083,8831.773978759395,0.1287564
0.09681111,0.04899116,289517.9,0.05567651923076924,1352.8227029540612,8684.285884495785,0.1285751
0.09690777,0.04901396,289000.2,0.05557696153846154,1329.109340286814,8532.060747945798,0.1284064
0.09700442,0.04903674,288497.3,0.055480249999999995,1305.848164979515,8382.738374853707,0.1282391
0.09710109,0.0490595,288078.2,0.05539965384615385,1281.968223527877,8229.443905431952,0.1280912
0.09719776,0.04908224,287673.6,0.05532184615384615,1258.5953920502,8079.404768715023,0.1279454
0.09729443,0.04910496,287350.7,0.05525975,1234.7221455346094,7926.153276646093,0.1278265
0.09739111,0.04912765,287042.0,0.055200384615384616,1211.3904590091593,7776.378265100233,0.1277094
0.09748779,0.04915033,286813.1,0.05515636538461538,1187.6813542082828,7624.180461421539,0.1276283
0.09758448,0.04917298,286597.9,0.05511498076923077,1164.5768836515392,7475.86403600486,0.1275507
0.09768118,0.04919561,286458.5,0.055088173076923076,1141.1972737506708,7325.781385999226,0.1275175
0.09777788,0.04921823,286332.0,0.05506384615384615,1118.4255472214804,7179.60097164691,0.1274865
0.09787458,0.04924082,286278.7,0.055053596153846154,1095.5027681201454,7032.4508931122655,0.1275108
0.09797129,0.04926339,286237.4,0.05504565384615385,1073.2268991960814,6889.453578209355,0.1275383
0.098068,0.04928593,286265.5,0.05505105769230769,1050.95605763061,6746.488535842358,0.1276352
0.09816472,0.04930846,286304.7,0.05505859615384616,1029.362162320862,6607.869070172365,0.1277363
0.09826144,0.04933097,286408.7,0.05507859615384616,1007.8900130706644,6470.031138981461,0.1279209
0.09835817,0.04935345,286522.8,0.05510053846153846,987.1080422270422,6336.623726720284,0.1281102
0.09845491,0.04937592,286696.5,0.05513394230769231,966.5364297996806,6204.566685517361,0.1283976
0.09855164,0.04939836,286879.4,0.055169115384615386,946.6529223622551,6076.926853190445,0.1286896
0.09864838,0.04942078,287116.8,0.05521476923076923,927.0538503284567,5951.112920410733,0.1290961
0.09874513,0.04944318,287362.5,0.05526201923076923,908.1500915815535,5829.762469319715,0.1295082
0.09884188,0.04946556,287657.1,0.05531867307692307,889.6066569537898,5710.725076440134,0.1300536
0.09893864,0.04948792,287958.9,0.05537671153846154,871.7414249488771,5596.04132535825,0.1306046
0.0990354,0.04951026,288304.4,0.05544315384615385,854.2905257628963,5484.017334970118,0.1313098
0.09913217,0.04953258,288656.0,0.05551076923076923,837.5061954168706,5376.272304681655,0.1320213
0.09922894,0.04955488,289045.9,0.05558575,821.1725883566118,5271.420639399451,0.1329102
0.09932572,0.04957715,289440.9,0.05566171153846154,805.4768221390751,5170.663518224846,0.1338053
0.0994225,0.04959941,289869.3,0.05574409615384615,790.2372844527791,5072.835102330915,0.134903
0.09951928,0.04962164,290301.8,0.05582726923076923,775.6028665684524,4978.8911816802965,0.1360068
0.09961606,0.04964385,290763.3,0.05591601923076923,761.4167913082958,4887.825343659425,0.1373426
0.09971287,0.04966604,291228.2,0.05600542307692308,747.7976391692752,4800.398801791496,0.1386841
0.09980966,0.04968821,291718.2,0.05609965384615385,734.6080979157265,4715.730096364649,0.1402916
0.09990647,0.04971036,292211.0,0.05619442307692308,721.9543032018995,4634.500552701139,0.1419052
0.1000033,0.0497325,292725.1,0.05629328846153846,709.7307837004,4556.033110046656,0.1438283
0.1001001,0.0497546,293241.3,0.05639255769230769,697.9948669405991,4480.695775718805,0.1457566
0.1001969,0.0497767,293775.8,0.05649534615384615,686.6890112194267,4408.119167537166,0.148046
0.1002937,0.04979876,294312.1,0.05659848076923076,675.8263812845455,4338.38779504763,0.1503406
0.1003906,0.04982081,294863.4,0.056704500000000005,665.4013417205584,4271.465482365303,0.1530592
0.1004874,0.04984284,295416.3,0.05681082692307692,655.3707682908057,4207.075398535997,0.1557833
0.1005842,0.04986485,295981.0,0.056919423076923076,645.7785450648341,4145.499252171556,0.1590047
0.1006811,0.04988683,296547.2,0.0570283076923077,636.5309493300632,4086.1354013656596,0.1622328
0.1007779,0.0499088,297121.7,0.05713878846153846,627.756787268177,4029.810702219253,0.1660492
0.1008748,0.04993075,297697.6,0.057249538461538456,619.2601479069683,3975.2675273382633,0.1698728
0.1009716,0.04995267,298278.0,0.057361153846153846,611.2968776709512,3924.1482526882596,0.1743883
0.1010685,0.04997457,298860.5,0.057473173076923074,603.5332655896511,3874.3106600287697,0.178912
0.1011654,0.04999646,299443.8,0.057585346153846154,596.3555095687408,3828.233901294138,0.1842382
0.1012622,0.05001832,300030.1,0.05769809615384615,589.2852326624271,3782.847092067104,0.1895733
0.1013591,0.05004016,300613.8,0.05781034615384615,582.8259844473134,3741.3827095013194,0.1958222
0.101456,0.05006198,301202.6,0.05792357692307692,576.3544741035886,3699.8396116462513,0.2020775
0.1015528,0.05008377,301787.4,0.058036038461538465,570.5206887378858,3662.3903141189976,0.2093443
0.1016497,0.05010554,302380.7,0.05815013461538462,564.5781253244379,3624.242728735904,0.2166191
0.1017466,0.0501273,302970.6,0.05826357692307692,559.2592644250614,3590.09892812612,0.2249746
0.1018435,0.05014905,303573.6,0.058379538461538455,553.7270637599149,3554.58561803632,0.2333367
0.1019405,0.05017078,304176.7,0.05849551923076923,548.8147502964772,3523.051600771827,0.2427658
0.1020373,0.05019247,304798.6,0.058615115384615384,543.6202741606053,3489.7062734901383,0.2522024
0.1021342,0.05021414,305426.4,0.05873584615384616,538.9774064622164,3459.9019315548235,0.2626012
0.1022311,0.0502358,306080.2,0.058861576923076926,534.028280080392,3428.131598099884,0.2730104
0.1023281,0.05025744,306747.4,0.05898988461538462,529.3850411745448,3398.324873242044,0.2841421
0.102425,0.05027906,307447.8,0.05912457692307692,524.4794818183918,3366.8342131731597,0.2952913
0.102522,0.05030066,308167.7,0.05926301923076923,519.571064865845,3335.325209101049,0.3067297
0.1026189,0.05032224,308924.5,0.05940855769230769,514.5242287846762,3302.9276397482045,0.318199
0.1027159,0.05034379,309703.0,0.059558269230769234,509.1467078434924,3268.4072779142934,0.3293813
0.1028128,0.05036533,310516.7,0.059714750000000004,503.8266204028416,3234.2556036673723,0.3406188
0.1029098,0.05038684,311343.5,0.05987375,497.9327147849028,3196.420371267259,0.3509349
0.1030067,0.05040834,312195.7,0.06003763461538462,492.2880635064428,3160.185197719838,0.3613288
0.1031037,0.05042981,313041.3,0.06020025,485.97675582328054,3119.670501961175,0.3702515
0.1032006,0.05045127,313896.5,0.06036471153846154,480.0536818721101,3081.6480268839505,0.3792669
0.1032976,0.0504727,314715.4,0.06052219230769231,473.5000390934708,3039.5776895438935,0.3864684
0.1033946,0.05049411,315531.2,0.060679076923076926,467.36710673701424,3000.2080531699307,0.3937548
0.1034915,0.05051551,316277.5,0.06082259615384615,460.6921373580364,2957.3588740197583,0.3991575
0.1035885,0.05053688,317011.7,0.060963788461538465,454.3842508621376,2916.866140169478,0.4046167
0.1036855,0.05055823,317648.9,0.06108632692307693,447.6581489610097,2873.6887218203506,0.4084078
0.1037825,0.05057957,318267.0,0.06120519230769231,441.19499251689496,2832.199250839156,0.4122126
0.1038795,0.05060088,318774.5,0.061302788461538464,434.4765166518374,2789.0707869297016,0.4148028
0.1039765,0.05062217,319258.5,0.06139586538461538,427.92702286336936,2747.027083543008,0.4173707
0.1040735,0.05064345,319628.5,0.06146701923076923,421.1890525974473,2703.773477625007,0.4192271
0.1041705,0.0506647,319973.2,0.06153330769230769,414.5796601288958,2661.345261721771,0.4210483
0.1042675,0.05068593,320204.4,0.061577769230769235,407.87638027695425,2618.3143468273615,0.4226279
0.1043645,0.05070715,320410.9,0.06161748076923077,401.27057722304016,2575.909172748306,0.4241613
0.1044615,0.05072834,320509.0,0.06163634615384615,394.5898260378064,2533.022877974375,0.4256912
0.1045585,0.05074951,320585.0,0.061650961538461536,387.98298117126274,2490.6110161019424,0.4271642
0.1046556,0.05077066,320561.5,0.061646442307692305,381.2349035148333,2447.2925269819375,0.4285262
0.1047526,0.05079179,320520.4,0.06163853846153847,374.5458232292717,2404.3527645302024,0.4298212
0.1048496,0.0508129,320391.3,0.061613711538461534,367.6472555015768,2360.0682221359625,0.4304797
0.1049467,0.050834,320249.5,0.06158644230769231,360.7989255294746,2316.1061750922295,0.4310629
0.1050438,0.05085507,320031.0,0.06154442307692308,353.6682829261339,2270.331855388431,0.4301761
0.1051408,0.05087612,319804.0,0.061500769230769234,346.5465386095105,2224.6146571873737,0.4291905
0.1052379,0.05089715,319511.8,0.06144457692307692,339.029498200154,2176.35990231254,0.4259682
0.1053349,0.05091816,319211.9,0.06138690384615385,331.40404735934555,2127.4092194513296,0.4225859
0.105432,0.05093915,318868.4,0.061320846153846156,323.4888574201248,2076.598590599389,0.4168384
0.105529,0.05096012,318516.2,0.061253115384615385,315.50213850291124,2025.3287899043391,0.4109863
0.1056261,0.05098107,318121.3,0.06117717307692307,307.24275943669153,1972.308679521177,0.4029814
0.1057232,0.051002,317709.9,0.061098057692307695,298.7974508655165,1918.0950165964523,0.3948407
0.1058203,0.05102292,317258.3,0.061011211538461535,290.1948217727769,1862.871453126903,0.3850372
0.1059174,0.05104381,316781.8,0.060919576923076924,281.2751829532127,1805.612883081917,0.3750564
0.1060145,0.05106468,316274.6,0.060822038461538455,272.4335857197375,1748.8552918000732,0.3638724
0.1061115,0.05108553,315749.5,0.06072105769230769,263.2540311323786,1689.928223119983,0.3525478
0.1062086,0.05110637,315180.5,0.060611634615384616,254.18520366472976,1631.7119541334735,0.3400819
0.1063057,0.05112718,314592.8,0.06049861538461538,244.46971604262617,1569.3445265072291,0.3273269
0.1064028,0.05114797,313982.5,0.06038125,235.28015535328083,1510.3532248348554,0.3135541
0.1065,0.05116875,313354.8,0.06026053846153846,225.19216545537924,1445.5945627559431,0.2994092
0.1065971,0.0511895,312738.8,0.06014207692307692,216.36905798955726,1388.9556643581616,0.2847486
0.1066942,0.05121024,312107.6,0.0600206923076923,206.51713362772767,1325.7123971630351,0.269738
0.1067913,0.05123095,311517.4,0.059907192307692314,198.7414757020385,1275.797477625332,0.2551521
0.1068884,0.05125164,310916.4,0.05979161538461539,189.98443989716128,1219.5827184671232,0.2403378
0.1069856,0.05127232,310363.1,0.059685211538461534,183.78342820885763,1179.7760548468739,0.2268432
0.1070827,0.05129298,309803.2,0.059577538461538466,176.85787644005825,1135.318291581371,0.213313
0.1071798,0.05131361,309267.1,0.059474442307692305,172.22488768565165,1105.5773663625198,0.2015284
0.107277,0.05133423,308725.7,0.05937032692307693,167.0105865328349,1072.1047747213265,0.1897642
0.1073741,0.05135482,308180.5,0.05926548076923077,163.22969131191772,1047.8337635045052,0.1798045
0.1074713,0.0513754,307625.3,0.059158711538461535,158.9603415019548,1020.427175627413,0.1698621
0.1075684,0.05139596,307039.7,0.05904609615384616,155.18755812866996,996.2082374603245,0.1616543
0.1076656,0.0514165,306445.7,0.05893186538461539,151.08821233142126,969.8929703044903,0.1534885
0.1077628,0.05143701,305788.2,0.05880542307692308,146.70290027444864,941.7419764511814,0.1466195
0.1078599,0.05145751,305120.5,0.058677019230769234,141.81753334249362,910.3809392693563,0.1396558
0.1079571,0.05147799,304381.5,0.05853490384615385,136.11386543424373,873.7669154232854,0.1334058
0.1080543,0.05149845,303626.9,0.058389788461538465,129.827774540502,833.4140958720062,0.1269787
0.1081515,0.05151889,302805.1,0.05823175,122.49031286303399,786.3121254995975,0.1207939
0.1082486,0.05153931,301966.7,0.05807051923076923,114.3319890954498,733.9407276946453,0.1142544
0.1083458,0.05155971,301089.2,0.057901769230769236,105.11084165195058,674.7466585771092,0.1076344
0.108443,0.05158009,300198.8,0.05773053846153846,94.72384758857797,608.0685745015559,0.1003644
0.1085402,0.05160045,299330.7,0.05756359615384615,83.8464161082114,538.2421852354339,0.09299941
0.1086374,0.0516208,298464.2,0.05739696153846154,71.7546783831494,460.62070016168224,0.08471618
0.1087346,0.05164112,297687.6,0.05724761538461538,60.09207056411573,385.75396393816726,0.07650648
0.1088319,0.05166142,296930.7,0.057102057692307695,47.447376275441876,304.5828393812609,0.06707914
0.1089291,0.0516817,296315.3,0.05698371153846154,36.14982330229412,232.05952971192127,0.05788172
0.1090263,0.05170197,295734.9,0.056872096153846155,24.269171804850682,155.79308779564798,0.04688022
0.1091235,0.05172221,295319.1,0.05679213461538461,14.416297163429423,92.54372039269221,0.03577554
0.1092207,0.05174244,294946.6,0.05672049999999999,4.444289218075383,28.529590787374207,0.01966719
0.109318,0.05176264,294729.1,0.05667867307692307,-3.2064283583864244,-20.583288905174285,0.0165644
0.1094152,0.05178283,294554.1,0.05664501923076923,-10.557952596321936,-67.7755322269512,0.02980395
0.1095124,0.05180299,294495.3,0.056633711538461536,-15.776856981990953,-101.27767377885687,0.03617154
0.1096096,0.05182313,294468.9,0.05662863461538462,-20.451229296469993,-131.2842558837158,0.04088732
0.1097068,0.05184325,294504.1,0.05663540384615384,-23.58058168331539,-151.37276467452185,0.04363472
0.1098041,0.05186336,294556.2,0.05664542307692308,-26.156960573957523,-167.91152528539857,0.04567434
0.1099014,0.05188346,294617.9,0.05665728846153847,-27.921987334623868,-179.24190653191476,0.04693844
0.1099987,0.05190354,294681.3,0.056669480769230764,-29.285187364749365,-187.99280844501274,0.04781346
0.1100959,0.05192358,294716.8,0.05667630769230769,-30.496061085522665,-195.7658695699158,0.04855952
0.1101931,0.05194361,294742.9,0.056681326923076925,-31.537387384547024,-202.45054100544428,0.04914534
0.1102904,0.05196362,294724.5,0.05667778846153846,-32.87332187569511,-211.026415004864,0.04995358
0.1103877,0.05198362,294691.5,0.056671442307692305,-34.29172873536887,-220.13171065302188,0.05079297
0.110485,0.05200361,294618.6,0.05665742307692307,-36.12643945509758,-231.90941986109556,0.05191077
0.1105823,0.05202356,294532.9,0.05664094230769231,-38.223591235332215,-245.37183852317744,0.05316624
0.1106796,0.0520435,294426.9,0.0566205576923077,-40.55216380741978,-260.3198356810066,0.05452486
0.1107769,0.05206341,294314.7,0.05659898076923077,-43.17966183679076,-277.1867495775438,0.05601908
0.1108742,0.05208331,294204.8,0.05657784615384615,-45.7154525043331,-293.4649588743624,0.05737791
0.1109715,0.05210319,294096.4,0.056557,-48.45075882331203,-311.02393537868227,0.05879955
0.1110688,0.05212305,294004.6,0.05653934615384615,-50.84762940326868,-326.4103635477456,0.05993822
0.1111661,0.05214289,293919.1,0.05652290384615384,-53.31096114980717,-342.223431341908,0.06106836
0.1112634,0.05216271,293853.5,0.05651028846153846,-55.36329664650634,-355.3981571543262,0.06189346
0.1113607,0.05218251,293795.2,0.05649907692307692,-57.399330719871564,-368.46823790109977,0.06267684
0.111458,0.05220229,293753.2,0.056491,-59.087902423738086,-379.30782492224176,0.0632142
0.1115553,0.05222206,293717.4,0.05648411538461539,-60.75313057377873,-389.99756075110156,0.0637168
0.1116527,0.0522418,293694.0,0.056479615384615385,-62.161553306689434,-399.03876447433237,0.06404936
0.11175,0.05226153,293675.0,0.05647596153846154,-63.58564484763152,-408.1805522638393,0.06437379
0.1118473,0.05228123,293667.7,0.05647455769230769,-64.76131034089272,-415.7275983222197,0.06456759
0.1119447,0.05230092,293664.4,0.05647392307692308,-65.98174447690127,-423.56203140584,0.06477211
0.112042,0.05232059,293675.0,0.05647596153846154,-66.86102995813762,-429.20650091131824,0.06484072
0.1121394,0.05234024,293690.6,0.05647896153846153,-67.74378108867273,-434.8732177439741,0.06490466
0.1122367,0.05235987,293719.8,0.05648457692307692,-68.20839271575696,-437.85573732030116,0.06483708
0.1123341,0.05237948,293752.2,0.056490807692307694,-68.58456080475673,-440.27050402872874,0.06472592
0.1124314,0.05239907,293791.2,0.056498307692307695,-68.49894888933946,-439.72092842877805,0.06449842
0.1125288,0.05241865,293831.7,0.05650609615384616,-68.19618115336245,-437.77734663488565,0.06416951
0.1126261,0.0524382,293861.1,0.05651174999999999,-67.54930130201961,-433.6247776768733,0.06380677
0.1127235,0.05245774,293888.4,0.056517000000000005,-66.65706416851677,-427.89716656628065,0.06332677
0.1128209,0.05247726,293885.6,0.056516461538461536,-65.69172133488665,-421.70026203068466,0.06296005
0.1129182,0.05249676,293874.0,0.05651423076923077,-64.43439498833467,-413.62900374996315,0.06244696
0.1130156,0.05251624,293808.9,0.05650171153846154,-63.47192375962708,-407.45053314369153,0.06223837
0.113113,0.0525357,293728.6,0.05648626923076923,-62.283467153621295,-399.8213760447348,0.06190984
0.1132104,0.05255514,293576.7,0.056457057692307695,-61.84122034136675,-396.9824247610677,0.06211805
0.1133078,0.05257457,293403.0,0.056423653846153846,-61.279935893095725,-393.3793254039507,0.06226233
0.1134052,0.05259397,293149.2,0.05637484615384616,-61.83831207133606,-396.9637554644033,0.06314344
0.1135026,0.05261335,292870.7,0.056321288461538464,-62.42844918544533,-400.7520711090072,0.0640466
0.1136,0.05263272,292517.9,0.05625344230769231,-64.35799268858287,-413.13854819224025,0.0658013
0.1136974,0.05265206,292140.7,0.056180903846153846,-66.47094169286488,-426.70237527207655,0.06766136
0.1137948,0.05267139,291711.9,0.056098442307692314,-69.80336847702088,-448.094496220053,0.07029068
0.1138922,0.0526907,291264.7,0.05601244230769231,-73.39432760027452,-471.1462350456779,0.07306041
0.1139896,0.05270999,290800.5,0.05592317307692308,-77.77107826200614,-499.24227003136826,0.0763452
0.114087,0.05272926,290327.4,0.05583219230769231,-82.30522108282416,-528.3486654305109,0.07971882
0.1141845,0.05274852,289867.6,0.05574376923076923,-87.09801600850734,-559.1154475295299,0.08331654
0.1142819,0.05276775,289408.1,0.05565540384615384,-91.88496483767841,-589.8447013010683,0.08693191
0.1143793,0.05278697,288980.1,0.05557309615384615,-96.51445369819362,-619.563159363616,0.09054666
0.1144767,0.05280617,288558.2,0.05549196153846154,-101.02383492111544,-648.5106006037119,0.09413609
0.1145742,0.05282534,288175.7,0.055418403846153846,-105.11480997868331,-674.7721327828236,0.09757595
0.1146716,0.0528445,287801.8,0.0553465,-109.0611387541817,-700.1051252036375,0.1009861
0.1147691,0.05286365,287470.6,0.05528280769230769,-112.37701751719688,-721.3910180804145,0.1041156
0.1148665,0.05288277,287149.4,0.05522103846153847,-115.56077883156637,-741.8287985682849,0.1072221
0.114964,0.05290188,286872.0,0.055167692307692306,-117.87241399037065,-756.6680679979538,0.1098986
0.1150614,0.05292096,286606.0,0.05511653846153846,-120.01578922805909,-770.4272126968048,0.1125301
0.1151589,0.05294003,286377.7,0.05507263461538462,-121.07740489041309,-777.242129308722,0.1145888
0.1152563,0.05295908,286160.5,0.055030865384615386,-121.84441856611289,-782.1658831920283,0.1165297
0.1153538,0.05297811,285958.2,0.05499196153846154,-121.52403145610793,-780.1091959033579,0.1178424
0.1154513,0.05299712,285762.8,0.05495438461538461,-120.7318643079411,-775.0239722683874,0.1189283
0.1155488,0.05301611,285538.7,0.05491128846153846,-119.23323179120467,-765.4036774709084,0.1195132
0.1156462,0.05303509,285311.8,0.054867653846153844,-117.05620505017002,-751.4285109128268,0.1197373
0.1157437,0.05305404,284989.0,0.05480557692307692,-115.16915622719404,-739.3148234200459,0.1199188
0.1158412,0.05307298,284647.0,0.05473980769230769,-112.62249938660375,-722.966860006141,0.1197275
0.1159387,0.0530919,284142.6,0.054642807692307685,-111.8014945244905,-717.6965160655909,0.1202504
0.1160362,0.0531108,283602.0,0.05453884615384615,-110.62044352033205,-710.1148983547954,0.1205703
0.1161337,0.05312968,282863.4,0.054396807692307696,-112.58051677488508,-722.6973575787006,0.1224065
0.1162312,0.05314854,282078.2,0.0542458076923077,-114.73693591671491,-736.540236082703,0.1243533
0.1163287,0.05316739,281116.6,0.05406088461538461,-120.96308212942229,-776.5082478197575,0.1282804
0.1164262,0.05318621,280110.0,0.053867307692307694,-128.18868219475013,-822.8921357581529,0.1326707
0.1165237,0.05320502,279031.2,0.053659846153846155,-139.19267703686657,-893.5309836070135,0.1386821
0.1166212,0.05322381,277932.9,0.05344863461538462,-152.09138033799292,-976.3326890793339,0.1454202
0.1167187,0.05324258,276955.3,0.05326063461538461,-166.29319916905422,-1067.499591097935,0.1523393
0.1168162,0.05326134,276007.0,0.05307826923076923,-181.87468829958007,-1167.5231239823067,0.1596167
0.1169138,0.05328007,275321.0,0.052946346153846156,-196.04407562373402,-1258.4818357650156,0.1658467
0.1170113,0.05329879,274698.1,0.05282655769230769,-210.3288323161156,-1350.1811476084824,0.1719265
0.1171088,0.05331749,274346.5,0.052758942307692305,-222.06742655655847,-1425.5356697077195,0.1766186
0.1172064,0.05333617,274060.4,0.05270392307692308,-233.06872572807814,-1496.1572130169227,0.1809097
0.1173039,0.05335483,273966.0,0.05268576923076923,-241.84766467014404,-1552.5125767825928,0.1840513
0.1174014,0.05337347,273915.1,0.05267598076923077,-249.43237609705034,-1601.20173777821,0.1866845
0.117499,0.0533921,273929.9,0.052678826923076925,-256.07044648594535,-1643.814048210827,0.1886998
0.1175965,0.05341071,273958.0,0.05268423076923077,-261.6043617328992,-1679.338364856442,0.1902728
0.1176941,0.05342929,273934.4,0.05267969230769231,-267.89007444988516,-1719.6887567466133,0.1918629
0.1177916,0.05344785,273894.8,0.05267207692307692,-273.3145198082707,-1754.5103443457724,0.193104
0.1178891,0.0534664,273709.8,0.052636499999999996,-281.53022051807096,-1807.2500666682647,0.1950659
0.1179867,0.05348493,273483.5,0.05259298076923077,-289.85243635104246,-1860.6735502690242,0.1969882
0.1180843,0.05350345,273108.6,0.05252088461538461,-302.31398713642716,-1940.669006693678,0.2000396
0.1181819,0.05352196,272694.2,0.05244119230769231,-316.8064776681273,-2033.7018414330769,0.2036053
0.1182794,0.05354043,272309.7,0.052367250000000004,-333.9337221518559,-2143.648168609258,0.2077358
0.118377,0.05355889,271927.3,0.05229371153846154,-353.34428631424726,-2268.2519973278827,0.2123515
0.1184745,0.05357733,271769.8,0.052263423076923075,-372.26214660064744,-2389.692971589554,0.2165826
0.1185721,0.05359576,271658.6,0.05224203846153846,-392.53611013194836,-2519.8392907880702,0.2209985
0.1186698,0.05361417,271872.6,0.0522831923076923,-409.7587858899114,-2630.3982277807213,0.2244238
0.1187674,0.05363256,272166.1,0.052339634615384614,-427.8037353827876,-2746.2356540932997,0.2279348
0.118865,0.05365093,272839.5,0.05246913461538461,-441.41803338248536,-2833.631035386002,0.2302574
0.1189626,0.05366929,273595.2,0.05261446153846154,-454.84917968905376,-2919.850695972738,0.2324661
0.1190602,0.05368762,274696.0,0.05282615384615385,-463.32113791731325,-2974.2354332299233,0.2334967
0.1191578,0.05370593,275870.9,0.05305209615384616,-471.3057051825877,-3025.491421648965,0.2343936
0.1192554,0.05372423,277342.6,0.053335115384615384,-474.08346035931453,-3043.3228935921534,0.234152
0.119353,0.05374251,278875.0,0.05362980769230769,-476.02607667278363,-3055.793290040419,0.2337231
0.1194506,0.05376077,280630.7,0.05396744230769231,-472.5724524642909,-3033.623156512445,0.2321586
0.1195482,0.05377902,282429.7,0.05431340384615385,-468.08963889143354,-3004.8462631704106,0.2303637
0.1196458,0.05379724,284366.0,0.05468576923076923,-457.94519591928014,-2939.7252072354586,0.2273579
0.1197435,0.05381545,286326.5,0.05506278846153846,-446.51896331554696,-2866.375853845035,0.2240285
0.1198411,0.05383364,288314.6,0.05544511538461538,-429.4969369741503,-2757.1049621314987,0.2194213
0.1199387,0.05385181,290301.9,0.05582728846153846,-410.8395470442278,-2637.3360466216136,0.2143205
0.1200364,0.05386997,292174.8,0.05618746153846153,-387.82773839873516,-2489.6144534221567,0.2080962
0.120134,0.0538881,294012.5,0.056540865384615384,-363.18049860383786,-2331.394402727252,0.201242
0.1202316,0.05390622,295598.0,0.05684576923076923,-335.9216327330781,-2156.4093262705323,0.1935183
0.1203293,0.05392432,297117.3,0.057137942307692306,-307.4967837824345,-1973.939358866842,0.1851179
0.1204269,0.0539424,298291.5,0.05736375,-278.15351523070717,-1785.57370508805,0.1761022
0.1205246,0.05396046,299380.8,0.057573230769230765,-248.45602891136542,-1594.9341921016805,0.1664605
0.1206222,0.05397851,300103.3,0.05771217307692308,-218.94325814361522,-1405.4804388263437,0.1563296
0.1207199,0.05399654,300740.3,0.057834673076923075,-189.8793828240818,-1218.9083169695593,0.1456368
0.1208176,0.05401455,301058.6,0.05789588461538461,-161.27081977386797,-1035.2590185580466,0.1342981
0.1209152,0.05403254,301304.2,0.057943115384615385,-133.5902390967291,-857.5667936092709,0.1222958
0.1210129,0.05405051,301321.8,0.0579465,-105.74509980404802,-678.8182040245346,0.1088899
0.1211106,0.05406847,301287.4,0.05793988461538462,-78.82948050123954,-506.0365584523288,0.09408392
0.1212082,0.05408641,301113.8,0.0579065,-50.6427848011329,-325.095387769354,0.07548476
0.1213059,0.05410433,300908.9,0.05786709615384616,-23.084092443739483,-148.18561052221642,0.05101226
0.1214036,0.05412223,300621.4,0.0578118076923077,6.734142007764278,43.229030865993174,0.02758748
0.1215013,0.05414012,300321.9,0.057754211538461546,36.252922865643086,232.7213652065016,0.06409012
0.121599,0.05415799,299960.7,0.05768475,68.27614484217999,438.2906641099354,0.08809589
0.1216966,0.05417584,299593.7,0.05761417307692308,100.21109714395585,643.2933262405811,0.1069003
0.1217943,0.05419367,299163.0,0.057531346153846155,134.0618225849991,860.5940682267072,0.1238846
0.121892,0.05421149,298729.5,0.05744798076923077,167.7808645285667,1077.049483522313,0.1388608
0.1219897,0.05422928,298230.7,0.057352057692307695,202.0554245110943,1297.07098139015,0.1527323
0.1220874,0.05424706,297726.1,0.05725501923076923,236.01339442652872,1515.0601666387317,0.1654439
0.1221851,0.05426483,297169.2,0.05714792307692308,269.21435409878234,1728.1898138599588,0.1771608
0.1222829,0.05428257,296605.8,0.05703957692307692,302.0705294910298,1939.1061590353854,0.1881518
0.1223806,0.0543003,296001.1,0.056923288461538456,333.3649939372961,2139.997284871846,0.1982465
0.1224783,0.054318,295387.9,0.05680536538461539,364.3556599837853,2338.9382126896344,0.2078734
0.122576,0.05433569,294737.3,0.056680249999999995,393.56317505228986,2526.432412984132,0.2167701
0.1226737,0.05435337,294071.6,0.056552230769230764,422.69532648712925,2713.442825315422,0.2254026
0.1227715,0.05437102,293346.2,0.05641273076923077,450.32729602001126,2890.822996753433,0.2335265
0.1228692,0.05438866,292597.5,0.05626875,478.180151334817,3069.6211184327117,0.2415403
0.1229669,0.05440628,291732.6,0.05610242307692307,504.80942362285043,3240.5645930952714,0.2492077
0.1230646,0.05442388,290838.8,0.05593053846153846,531.7685482104471,3413.62551571521,0.2568369
0.1231624,0.05444147,289755.2,0.05572215384615385,557.1852578871462,3576.78508761898,0.2641129
0.1232601,0.05445903,288640.0,0.055507692307692306,582.5826341764243,3739.8205511210263,0.2713055
0.1233579,0.05447658,287289.1,0.05524790384615384,605.477991604935,3886.7945994591646,0.2779977
0.1234556,0.05449411,285908.4,0.05498238461538462,627.669747827996,4029.2519627923434,0.2844931
0.1235534,0.05451163,284310.5,0.05467509615384615,646.3025685257319,4148.86315901218,0.2903414
0.1236511,0.05452912,282691.1,0.05436367307692307,663.7049085871292,4260.575429823709,0.2959199
0.1237489,0.0545466,280926.4,0.0540243076923077,676.7869269634696,4344.553904814031,0.3007732
0.1238466,0.05456407,279147.4,0.05368219230769231,688.4536140609398,4419.446827484645,0.3053482
0.1239444,0.05458151,277323.2,0.05333138461538462,696.1981406927748,4469.161903350895,0.3093514
0.1240422,0.05459894,275478.2,0.052976576923076925,703.1076633683887,4513.516769742041,0.313215
0.1241399,0.05461635,273642.8,0.05262361538461538,708.1925457624205,4546.158572915795,0.3169309
0.1242377,0.05463375,271695.8,0.0522491923076923,712.0786451076932,4571.104929608514,0.3204
0.1243355,0.05465112,269870.7,0.05189821153846154,724.0649729391442,4648.049748294887,0.3259374
0.1244333,0.05466847,267718.3,0.051484288461538456,737.1068959672343,4731.770835923152,0.3316883
0.1245311,0.05468579,265546.9,0.05106671153846154,786.9182593164493,5051.529011681507,0.3445342
0.1246288,0.05470309,262587.1,0.05049751923076923,835.3801020721934,5362.6240990579745,0.3566179
0.1247266,0.05472038,259953.5,0.049991057692307696,1117.6135877178017,7174.388693318653,0.413104
0.1248244,0.05473767,257714.2,0.04956042307692308,1378.5004083318677,8849.120887539268,0.459713
0.1249222,0.05475496,260440.3,0.050084673076923075,3165.2336318525586,20318.844213809683,0.6742009
0.12502,0.05477226,186250.1,0.035817326923076924,4491.469328225914,28832.457943369238,0.7022714
