x_m,r_m,pressure_pa,pressure_over_pc,tau_wall_pa,su2_cf_t,yplus
-0.02268,0.02,5180826.0,0.9963126923076923,1978.9935935616347,12703.916110031822,0.3918214
-0.02258069,0.01999946,5177164.0,0.9956084615384615,1053.015866197973,6759.711234151053,0.2854954
-0.0224814,0.01999803,5177172.0,0.99561,724.2367544220662,4649.152479276632,0.2365225
-0.02238212,0.01999557,5177462.0,0.9956657692307692,590.4474286297227,3790.3076720912004,0.2133714
-0.02228287,0.01999211,5177378.0,0.9956496153846154,512.3116422379106,3288.724201208665,0.1985483
-0.02218367,0.01998767,5176770.0,0.9955326923076923,461.7725207554166,2964.294267894525,0.1883243
-0.02208451,0.01998225,5176100.0,0.9954038461538461,429.3198666549306,2755.9682800885344,0.1813939
-0.02198541,0.01997585,5175872.0,0.99536,412.67564456368956,2649.1226582271115,0.1776667
-0.02188638,0.01996846,5176147.0,0.9954128846153846,409.9495648848148,2631.622911051397,0.1768893
-0.02178742,0.01996008,5176639.0,0.9955075,413.9253243969378,2657.1448306169736,0.1775095
-0.02168856,0.01995073,5177043.0,0.9955851923076923,421.47315095102675,2705.5972135191573,0.1788594
-0.02158979,0.0199404,5177256.0,0.9956261538461538,430.24696354714314,2761.9196693112467,0.1804113
-0.02149113,0.01992908,5177319.0,0.9956382692307693,440.0367068947469,2824.763772814822,0.1821253
-0.02139259,0.01991678,5177306.0,0.9956357692307692,450.2022139504402,2890.020047151236,0.1838371
-0.02129417,0.01990351,5177263.0,0.9956275,460.05856838720456,2953.291752690234,0.1854312
-0.02119589,0.01988926,5177215.0,0.9956182692307692,469.29620979116993,3012.5917028428403,0.1868465
-0.02109776,0.01987403,5177175.0,0.995610576923077,479.813972703912,3080.109242133206,0.1884675
-0.02099978,0.01985783,5177145.0,0.9956048076923077,488.58592522515255,3136.419757393877,0.1896772
-0.02090197,0.01984066,5177123.0,0.9956005769230769,497.2316850165556,3191.920193299684,0.1908142
-0.02080434,0.01982252,5177096.0,0.9955953846153847,506.00314911592653,3248.227573193733,0.1919348
-0.02070689,0.01980341,5177057.0,0.9955878846153846,513.7970883901999,3298.2598476938506,0.1928241
-0.02060963,0.01978333,5176999.0,0.9955767307692308,521.4991644705681,3347.7024172486035,0.1936422
-0.02051258,0.01976229,5176924.0,0.9955623076923077,528.8874623404656,3395.1307245662547,0.19436
-0.02041574,0.01974028,5176825.0,0.9955432692307692,536.1851685195138,3441.9774892025353,0.1950293
-0.02031912,0.01971732,5176703.0,0.9955198076923077,541.5031392502982,3476.1155754799665,0.1952945
-0.02022274,0.01969339,5176554.0,0.9954911538461538,548.6589784863702,3522.051641997658,0.1958473
-0.0201266,0.01966851,5176381.0,0.9954578846153846,555.6508139907298,3566.9349058907305,0.1963337
-0.02003071,0.01964268,5176173.0,0.9954178846153846,559.8661946419588,3593.995045114671,0.196291
-0.01993509,0.0196159,5175938.0,0.9953726923076923,566.8638767509917,3638.915840597305,0.1967058
-0.01983973,0.01958816,5175663.0,0.9953198076923077,572.9206605616946,3677.7966503574257,0.19691
-0.01974466,0.01955948,5175352.0,0.99526,578.7123921712439,3714.975988753926,0.1970293
-0.01964987,0.01952986,5174997.0,0.9951917307692307,584.8532945209519,3754.396787560144,0.1971769
-0.01955538,0.0194993,5174601.0,0.995115576923077,591.7332400891034,3798.5617871961877,0.1974137
-0.0194612,0.01946781,5174159.0,0.995030576923077,597.8039849759484,3837.5322184390116,0.197465
-0.01936734,0.01943538,5173674.0,0.9949373076923077,603.5897396144876,3874.6731883746174,0.197425
-0.01927381,0.01940202,5173138.0,0.9948342307692307,611.1400001946571,3923.141196220327,0.1976425
-0.01918061,0.01936772,5172546.0,0.9947203846153846,619.0085807550039,3973.6526216584302,0.1978703
-0.01908775,0.01933251,5171897.0,0.9945955769230769,626.9227784452484,4024.4568808850236,0.1980538
-0.01899525,0.01929638,5171195.0,0.9944605769230769,634.9323003957525,4075.87306296449,0.1982065
-0.01890312,0.01925933,5170431.0,0.9943136538461539,642.7530176151073,4126.077235326745,0.1982867
-0.01881135,0.01922136,5169604.0,0.9941546153846154,651.9939759687776,4185.398478247013,0.1985421
-0.01871997,0.01918249,5168707.0,0.9939821153846153,661.3321711885732,4245.343921768071,0.1987574
-0.01862898,0.01914271,5167750.0,0.993798076923077,670.506053824167,4304.2345800223575,0.1988978
-0.01853839,0.01910203,5166740.0,0.9936038461538461,679.2126822449726,4360.125754920034,0.1989207
-0.0184482,0.01906045,5165686.0,0.9934011538461538,687.814338401974,4415.3430727432915,0.1988831
-0.01835843,0.01901799,5164563.0,0.9931851923076923,695.3402138874869,4463.654543348122,0.1986569
-0.01826909,0.01897463,5163303.0,0.9929428846153846,701.2408738076113,4501.533134194986,0.1981496
-0.01818019,0.01893038,5161815.0,0.9926567307692308,708.6866060744741,4549.330134854168,0.1977959
-0.01809173,0.01888525,5160057.0,0.9923186538461538,714.6386189728694,4587.538380092071,0.1971895
-0.01800372,0.01883925,5158098.0,0.9919419230769231,720.596544088673,4625.7845781127535,0.1965132
-0.01791617,0.01879238,5156033.0,0.9915448076923077,729.0609058685653,4680.120550865039,0.1961341
-0.01782909,0.01874464,5153856.0,0.9911261538461539,749.2586805857201,4809.777784951514,0.1974064
-0.01774245,0.01869611,5151567.0,0.9906859615384616,745.6436164699229,4786.571306967509,0.1952573
-0.01765635,0.01864663,5148931.0,0.9901790384615384,904.770727718371,5808.069041325398,0.2144146
-0.01757033,0.01859701,5146064.0,0.9896276923076923,956.7476750387259,6141.728928129254,0.2199387
-0.01748433,0.01854735,5143155.0,0.9890682692307692,981.4748811559497,6300.462313204709,0.2222331
-0.01739833,0.01849767,5140227.0,0.9885051923076923,992.3893525940626,6370.526476113687,0.2229526
-0.01731234,0.018448,5137334.0,0.9879488461538461,995.2996031474039,6389.20848650983,0.2227357
-0.01722634,0.01839834,5134469.0,0.9873978846153846,990.780471327018,6360.198452458616,0.2216785
-0.01714034,0.01834869,5131557.0,0.9868378846153846,984.8912862804337,6322.3935232099,0.2204184
-0.01705434,0.01829904,5128516.0,0.986253076923077,980.9203622342949,6296.902644348253,0.2193719
-0.01696833,0.01824939,5125317.0,0.9856378846153846,977.9340541507929,6277.732391602138,0.218428
-0.01688233,0.01819973,5121983.0,0.9849967307692308,976.2534749330582,6266.944111403645,0.2176294
-0.01679633,0.01815008,5118546.0,0.9843357692307693,975.9651915802546,6265.093510400261,0.2170002
-0.01671032,0.01810043,5115021.0,0.9836578846153846,977.0620143675238,6272.13443500071,0.2165244
-0.01662432,0.01805078,5111413.0,0.9829640384615385,979.3657702835682,6286.923124560208,0.2162005
-0.01653832,0.01800113,5107718.0,0.9822534615384615,982.7247003425091,6308.485380156727,0.215991
-0.01645231,0.01795147,5103925.0,0.9815240384615385,986.9416422844266,6335.555541902213,0.2158883
-0.01636631,0.01790182,5100025.0,0.9807740384615384,991.8820368416687,6367.269822438466,0.2158606
-0.0162803,0.01785217,5096012.0,0.9800023076923077,997.3411703973014,6402.314086831158,0.2158949
-0.0161943,0.01780252,5091885.0,0.9792086538461539,1003.2670942912598,6440.354856780187,0.2159736
-0.0161083,0.01775287,5087645.0,0.9783932692307692,1009.6144036546204,6481.100661081368,0.2160979
-0.01602229,0.01770322,5083295.0,0.9775567307692308,1016.3356646027756,6524.24700350349,0.2162551
-0.01593629,0.01765357,5078838.0,0.9766996153846154,1023.3920939736016,6569.544920108669,0.2164449
-0.01585028,0.01760391,5074278.0,0.9758226923076924,1030.7561496983178,6616.81760783275,0.2166598
-0.01576428,0.01755426,5069614.0,0.9749257692307692,1038.3562961394964,6665.605852083164,0.2168943
-0.01567828,0.01750461,5064842.0,0.9740080769230769,1046.1899637300005,6715.89315782655,0.2171452
-0.01559227,0.01745496,5059963.0,0.9730698076923077,1054.2020282023843,6767.325661325537,0.2174076
-0.01550627,0.01740531,5054982.0,0.9721119230769231,1062.3265010385203,6819.479757066064,0.2176734
-0.01542027,0.01735565,5049905.0,0.971135576923077,1070.5278557255456,6872.127386786317,0.2179391
-0.01533426,0.017306,5044735.0,0.9701413461538462,1078.8305601268207,6925.425619051113,0.2182064
-0.01524826,0.01725635,5039473.0,0.9691294230769231,1087.2643734740723,6979.565489740802,0.2184783
-0.01516226,0.0172067,5034121.0,0.9681001923076923,1095.8024590896487,7034.374723966439,0.2187516
-0.01507625,0.01715704,5028683.0,0.9670544230769231,1104.4294768862603,7089.754847845799,0.2190247
-0.01499025,0.01710739,5023165.0,0.9659932692307692,1113.2125656496019,7146.13685090001,0.2193046
-0.01490425,0.01705774,5017576.0,0.9649184615384615,1122.2153766017782,7203.929334646805,0.2195974
-0.01481824,0.01700808,5011922.0,0.9638311538461538,1131.3511624051766,7262.575434777285,0.2198948
-0.01473224,0.01695843,5006206.0,0.9627319230769231,1140.6053916804308,7321.981868814419,0.2201948
-0.01464624,0.01690878,5000431.0,0.9616213461538462,1149.9175887337278,7381.7604201700415,0.2204919
-0.01456024,0.01685912,4994603.0,0.9605005769230769,1159.1889952957956,7441.27712177519,0.2207754
-0.01447423,0.01680947,4988728.0,0.9593707692307692,1168.5265708838701,7501.218587643449,0.2210563
-0.01438823,0.01675982,4982813.0,0.9582332692307692,1177.9489427839549,7561.704393441723,0.2213359
-0.01430223,0.01671017,4976864.0,0.9570892307692308,1187.4475310217902,7622.679461036572,0.2216138
-0.01421622,0.01666052,4970889.0,0.9559401923076923,1197.0502935959357,7684.323263504343,0.2218922
-0.01413022,0.01661086,4964895.0,0.9547875,1206.789141049286,7746.840646813854,0.222175
-0.01404421,0.01656121,4958889.0,0.9536325,1216.5697963810267,7809.6264108708,0.2224527
-0.01395821,0.01651156,4952879.0,0.9524767307692308,1226.4030656907144,7872.7499241575715,0.222727
-0.01387221,0.01646191,4946873.0,0.9513217307692308,1236.2862229790105,7936.193687442728,0.222997
-0.0137862,0.01641226,4940882.0,0.9501696153846154,1246.1971096726124,7999.81545637678,0.2232616
-0.0137002,0.0163626,4934913.0,0.9490217307692308,1256.1373485330544,8063.625648086125,0.2235204
-0.0136142,0.01631295,4928974.0,0.9478796153846154,1266.1600744655486,8127.965355831765,0.2237789
-0.01352819,0.0162633,4923072.0,0.9467446153846154,1276.2292837580294,8192.603458027847,0.2240335
-0.01344219,0.01621365,4917219.0,0.9456190384615385,1286.3103307681918,8257.317551057275,0.224282
-0.01335619,0.016164,4911424.0,0.9445046153846154,1296.402944499335,8322.10589528867,0.2245238
-0.01327018,0.01611434,4905695.0,0.9434028846153846,1306.491821274413,8386.87025057108,0.2247585
-0.01318418,0.01606469,4900041.0,0.9423155769230769,1316.5149863131048,8451.212777107197,0.22498
-0.01309817,0.01601504,4894470.0,0.9412442307692308,1326.5313430237,8515.511598383595,0.2251941
-0.01301217,0.01596539,4888993.0,0.9401909615384615,1336.559673317061,8579.887282663232,0.2254021
-0.01292617,0.01591574,4883618.0,0.9391573076923077,1346.6055611590027,8644.375675556477,0.2256052
-0.01284016,0.01586609,4878356.0,0.9381453846153847,1356.7397370038418,8709.43082287782,0.2258092
-0.01275416,0.01581644,4873215.0,0.9371567307692308,1366.9117395148253,8774.728794023851,0.2260107
-0.01266816,0.01576678,4868206.0,0.9361934615384615,1377.0961989877362,8840.106731168673,0.2262071
-0.01258215,0.01571713,4863339.0,0.9352575,1387.2913162877142,8905.553084978115,0.2263992
-0.01249615,0.01566748,4858622.0,0.9343503846153847,1397.500513661254,8971.089824160172,0.2265867
-0.01241015,0.01561783,4854065.0,0.9334740384615384,1407.6816905780886,9036.446689323177,0.2267668
-0.01232414,0.01556818,4849677.0,0.9326301923076923,1417.8900003373674,9101.977730570106,0.2269437
-0.01223814,0.01551852,4845467.0,0.931820576923077,1428.1376895925284,9167.761563849193,0.2271191
-0.01215213,0.01546887,4841445.0,0.9310471153846154,1438.428505216827,9233.822241771657,0.2272928
-0.01206613,0.01541922,4837618.0,0.9303111538461538,1448.7614050157363,9300.153074092575,0.2274655
-0.01198013,0.01536957,4833994.0,0.9296142307692308,1459.1862914577316,9367.074403826326,0.2276408
-0.01189412,0.01531992,4830582.0,0.928958076923077,1469.594519210462,9433.888795067898,0.2278107
-0.01180812,0.01527026,4827387.0,0.9283436538461538,1480.0240084836141,9500.839672133723,0.2279774
-0.01172212,0.01522061,4824419.0,0.9277728846153847,1490.5250049910228,9568.249581461305,0.2281456
-0.01163611,0.01517096,4821683.0,0.9272467307692308,1501.1312229028656,9636.334947192214,0.2283173
-0.01155011,0.01512131,4819185.0,0.9267663461538461,1511.8522490008943,9705.157310541908,0.2284937
-0.01146411,0.01507165,4816931.0,0.9263328846153847,1522.8672847868957,9775.867034428644,0.2286881
-0.0113781,0.015022,4814927.0,0.9259475,1534.0972959823919,9847.956767617494,0.2288955
-0.0112921,0.01497235,4813177.0,0.9256109615384616,1545.4949984279947,9921.122975020648,0.2291113
-0.0112061,0.01492269,4811684.0,0.9253238461538461,1557.0470555311563,9995.280043954226,0.2293353
-0.0111201,0.01487304,4810451.0,0.9250867307692308,1568.6870874457595,10070.00185682027,0.2295613
-0.01103409,0.01482339,4809479.0,0.9248998076923077,1580.404297249705,10145.219104049995,0.2297888
-0.01094809,0.01477373,4808768.0,0.9247630769230769,1592.3720503861393,10222.044684671106,0.2300295
-0.01086209,0.01472408,4808317.0,0.9246763461538462,1604.6026977417025,10300.557883744592,0.2302848
-0.01077608,0.01467443,4808123.0,0.9246390384615385,1617.1468977636289,10381.083897201364,0.2305573
-0.01069008,0.01462478,4808181.0,0.9246501923076923,1630.0763113323308,10464.08274361657,0.2308525
-0.01060408,0.01457513,4808486.0,0.9247088461538462,1643.4383809841888,10549.858974760453,0.2311726
-0.01051807,0.01452547,4809030.0,0.9248134615384616,1657.149189687403,10637.873895138668,0.2315118
-0.01043207,0.01447582,4809803.0,0.9249621153846154,1671.291518618032,10728.658908753514,0.2318744
-0.01034606,0.01442617,4810795.0,0.9251528846153846,1685.888187517685,10822.360504246491,0.2322621
-0.01026006,0.01437652,4811992.0,0.925383076923077,1700.971409491697,10919.185469850336,0.2326754
-0.01017406,0.01432687,4813380.0,0.92565,1716.5980678022881,11019.49896096205,0.2331184
-0.01008805,0.01427721,4814943.0,0.9259505769230769,1732.867899322673,11123.941226683251,0.2335959
-0.01000205,0.01422756,4816661.0,0.9262809615384615,1749.75295680754,11232.332862966805,0.234106
-0.009916048,0.01417791,4818516.0,0.9266376923076923,1767.297139601565,11344.955676481444,0.2346494
-0.009830044,0.01412826,4820483.0,0.9270159615384616,1785.5228988106471,11461.953789455178,0.2352277
-0.00974404,0.01407861,4822540.0,0.9274115384615385,1804.4212150297421,11583.26930288044,0.2358375
-0.009658036,0.01402896,4824661.0,0.9278194230769231,1823.9938992847578,11708.913842424583,0.2364785
-0.009572032,0.0139793,4826818.0,0.9282342307692307,1844.3803347025355,11839.782161641284,0.2371572
-0.009486028,0.01392965,4828981.0,0.9286501923076923,1865.6233364929976,11976.149107724013,0.2378759
-0.009400024,0.01388,4831121.0,0.9290617307692308,1887.8131779267344,12118.594179292822,0.2386375
-0.00931402,0.01383035,4833207.0,0.9294628846153846,1911.053601515226,12267.783339172034,0.2394483
-0.009228016,0.0137807,4835207.0,0.9298475,1935.294473836595,12423.394761769128,0.2403017
-0.009142013,0.01373105,4837088.0,0.9302092307692308,1960.534367363546,12585.419283240897,0.2411973
-0.00905601,0.01368139,4838818.0,0.9305419230769231,1986.817836609938,12754.142916037421,0.2421341
-0.008970006,0.01363174,4840367.0,0.9308398076923077,2014.1314402660412,12929.479375255214,0.243111
-0.008884003,0.01358209,4841701.0,0.9310963461538462,2042.475411657131,13111.43015869838,0.2441239
-0.008797999,0.01353244,4842792.0,0.9313061538461539,2071.9515480045234,13300.648741630328,0.2451786
-0.008711996,0.01348279,4843610.0,0.9314634615384615,2102.593348312299,13497.350166959222,0.2462733
-0.008625992,0.01343313,4844126.0,0.9315626923076923,2134.3916534366113,13701.475638640735,0.2474069
-0.008539988,0.01338348,4844315.0,0.9315990384615385,2167.4075979702766,13913.417602987516,0.2485789
-0.008453985,0.01333383,4844151.0,0.9315675,2201.646811675915,14133.212199597128,0.2497894
-0.008367981,0.01328418,4843609.0,0.9314632692307693,2236.9819399689877,14360.041890725393,0.2510267
-0.008281978,0.01323453,4842666.0,0.931281923076923,2273.5209294768797,14594.599627023157,0.2522966
-0.008195974,0.01318487,4841302.0,0.9310196153846154,2311.355795551624,14837.476090196948,0.2535998
-0.008109971,0.01313522,4839497.0,0.9306725,2350.4776891419174,15088.614474804965,0.2549357
-0.008023968,0.01308557,4837237.0,0.9302378846153846,2390.998604187853,15348.73371274491,0.2563057
-0.007937965,0.01303592,4834508.0,0.9297130769230769,2433.0931489642885,15618.954681256178,0.25772
-0.007851962,0.01298626,4831299.0,0.9290959615384615,2476.652074984165,15898.576072553198,0.2591675
-0.00776596,0.01293661,4827601.0,0.9283848076923077,2521.573897424512,16186.946416776922,0.2606434
-0.007679957,0.01288695,4823407.0,0.9275782692307692,2567.9184800956887,16484.450002601807,0.2621456
-0.007593954,0.0128373,4818711.0,0.9266751923076924,2615.45324699845,16789.59383581442,0.2636626
-0.007507951,0.01278765,4813506.0,0.9256742307692307,2664.4342882531655,17104.021856757143,0.2652016
-0.007421947,0.012738,4807789.0,0.9245748076923077,2714.960000488604,17428.365710990354,0.2667688
-0.007335944,0.01268834,4801557.0,0.9233763461538461,2767.197831293527,17763.70030857308,0.2683662
-0.00724994,0.01263869,4794805.0,0.9220778846153846,2821.1545792683237,18110.06929231916,0.2699953
-0.007163936,0.01258904,4787530.0,0.9206788461538462,2877.127717633114,18469.38225650201,0.2716636
-0.007077933,0.01253939,4779730.0,0.9191788461538462,2935.0439924159423,18841.1689558831,0.2733691
-0.00699193,0.01248974,4771404.0,0.9175776923076923,2995.0647772700167,19226.4653096081,0.2751114
-0.006905926,0.01244008,4762546.0,0.9158742307692308,3057.2039813094275,19625.36060559544,0.2768927
-0.006819923,0.01239043,4753146.0,0.9140665384615385,3121.77667334081,20039.877390912185,0.2787184
-0.006733919,0.01234078,4743202.0,0.9121542307692307,3188.7590050107387,20469.862573864524,0.2805892
-0.006647915,0.01229113,4732709.0,0.9101363461538462,3258.350782472647,20916.59878650328,0.2825033
-0.006561911,0.01224148,4721661.0,0.9080117307692308,3330.694050112849,21380.997866023634,0.2844689
-0.006475907,0.01219183,4710041.0,0.9057771153846154,3406.3878069445213,21866.905015986707,0.2864994
-0.006389903,0.01214218,4697826.0,0.9034280769230769,3485.548560558194,22375.068143137163,0.2886012
-0.006303899,0.01209252,4684991.0,0.9009598076923077,3568.912476571332,22910.212975884526,0.2907902
-0.006217895,0.01204287,4671521.0,0.898369423076923,3656.3834894392107,23471.722832787676,0.2930642
-0.006131892,0.01199322,4657394.0,0.8956526923076923,3748.2392472903252,24061.380043281122,0.2954175
-0.006045888,0.01194357,4642579.0,0.8928036538461539,3844.458888870679,24679.05069100375,0.2978513
-0.005959885,0.01189392,4626996.0,0.8898069230769231,3946.925920051941,25336.82571989003,0.3004179
-0.005873881,0.01184426,4610539.0,0.8866421153846153,4048.074966886993,25986.140103616537,0.3028049
-0.005787885,0.0117946,4593105.0,0.883289423076923,4170.438909721956,26771.641011616164,0.3058499
-0.005701897,0.01174492,4574617.0,0.8797340384615384,4317.894774649473,27718.216555905823,0.3097096
-0.005615904,0.01169525,4555060.0,0.8759730769230769,4471.10002675637,28701.69961351365,0.3136276
-0.005529897,0.01164561,4534444.0,0.8720084615384616,4624.924226961794,29689.1559354846,0.3174261
-0.005443868,0.011596,4512699.0,0.8678267307692308,4757.127434201595,30537.818841577668,0.3202809
-0.005357828,0.01154641,4489635.0,0.8633913461538462,4895.188931680791,31424.088351346272,0.3231487
-0.005271787,0.01149682,4464791.0,0.8586136538461538,5080.430164552754,32613.222611396617,0.3273818
-0.00518574,0.01144724,4437208.0,0.8533092307692308,5301.763950940031,34034.04876451175,0.3325319
-0.005099683,0.01139769,4405387.0,0.8471898076923077,5586.399436654511,35861.23271509097,0.3392665
-0.005013605,0.01134816,4368043.0,0.8400082692307692,5941.504807997794,38140.78979018378,0.3476884
-0.004927488,0.01129871,4325096.0,0.8317492307692308,6515.99748211641,41828.67779627673,0.3618594
-0.004841241,0.01124947,4279769.0,0.8230325,7789.034134753989,50000.786535142055,0.3978818
-0.004753901,0.01120225,4239470.0,0.8152826923076923,6753.928894156061,43356.050450906296,0.3689865
-0.0046663,0.01115547,4209177.0,0.8094571153846154,7083.28373061115,45470.3050024981,0.3776017
-0.004578239,0.01110957,4170915.0,0.8020990384615385,7166.582401623406,46005.03100265273,0.3793205
-0.004489727,0.01106455,4133870.0,0.794975,7180.561418732848,46094.767655281015,0.3792018
-0.004400772,0.0110204,4097940.0,0.7880653846153847,7229.202349023195,46407.01237397683,0.3800419
-0.004311381,0.01097714,4062695.0,0.7812875,7290.130714113415,46798.13483205134,0.3811593
-0.004221566,0.01093477,4027623.0,0.7745428846153846,7371.162006637395,47318.30566325623,0.3827756
-0.004131335,0.0108933,3992359.0,0.7677613461538462,7460.5605025376135,47892.18877029319,0.3845502
-0.004040696,0.01085272,3956998.0,0.7609611538461538,7554.19671819752,48493.27541982774,0.386356
-0.003949659,0.01081305,3921557.0,0.7541455769230769,7656.786899058088,49151.840993564685,0.3883239
-0.003858234,0.01077427,3885905.0,0.747289423076923,7769.237169525314,49873.70225032349,0.3904374
-0.003766427,0.01073641,3849986.0,0.7403819230769231,7886.774120985888,50628.21685615236,0.392599
-0.003674248,0.01069947,3813843.0,0.7334313461538462,8004.097861317796,51381.362778271934,0.3946192
-0.003581707,0.01066344,3777522.0,0.7264465384615385,8131.55647085424,52199.56829865371,0.3968006
-0.003488814,0.01062833,3740917.0,0.7194071153846154,8268.365920166576,53077.800432793985,0.3990714
-0.003395578,0.01059414,3704046.0,0.7123165384615384,8409.691732873234,53985.024829400674,0.4013544
-0.003302005,0.01056089,3667006.0,0.7051934615384615,8554.006442813776,54911.43609949916,0.4035755
-0.003208104,0.01052857,3629861.0,0.6980501923076923,8689.350424225016,55780.260835182955,0.4054707
-0.003113889,0.01049718,3592597.0,0.6908840384615385,8836.484029975452,56724.767674670016,0.4075074
-0.003019367,0.01046672,3554946.0,0.6836434615384616,8989.88425860555,57709.502361086656,0.409581
-0.002924548,0.01043721,3516980.0,0.6763423076923077,9136.140934584879,58648.37985327174,0.4113514
-0.00282944,0.01040864,3478780.0,0.6689961538461539,9277.818222582124,59557.86050407799,0.412909
-0.002734053,0.01038101,3440324.0,0.6616007692307693,9421.40095245709,60479.57291442396,0.4143837
-0.002638397,0.01035433,3401620.0,0.6541576923076923,9565.908634533225,61407.22294640128,0.4157827
-0.002542478,0.01032861,3362750.0,0.6466826923076923,9681.829412762994,62151.36271867322,0.4164226
-0.002446311,0.01030384,3323779.0,0.6391882692307692,9823.814109696907,63062.81674491413,0.4175459
-0.002349903,0.01028002,3284289.0,0.6315940384615385,9954.956667078188,63904.670934259164,0.4183138
-0.002253261,0.01025717,3244668.0,0.6239746153846154,10066.74530663463,64622.284929372574,0.4185708
-0.002156399,0.01023527,3204958.0,0.616338076923077,10191.712123964604,65424.49468339229,0.4190067
-0.002059324,0.01021433,3164855.0,0.6086259615384615,10310.677997081257,66188.18208336546,0.4192168
-0.001962045,0.01019437,3124582.0,0.6008811538461538,10422.31026096987,66904.79224331124,0.4191765
-0.001864573,0.01017537,3084115.0,0.5930990384615384,10527.243599269395,67578.39944003976,0.4189096
-0.001766917,0.01015733,3043545.0,0.5852971153846154,10634.434355650765,68266.49786606297,0.4185976
-0.001669086,0.01014028,3002780.0,0.5774576923076923,10731.087050620938,68886.94844897756,0.4179864
-0.001571091,0.01012419,2961990.0,0.5696134615384615,10826.67759203535,69500.58066233693,0.4172648
-0.001472941,0.01010907,2920942.0,0.5617196153846153,10933.00578052752,70183.14193546624,0.4166675
-0.001374646,0.01009493,2879716.0,0.5537915384615385,11016.955511165088,70722.0473361452,0.4155441
-0.001276215,0.01008177,2838458.0,0.5458573076923077,11106.278554578363,71295.44608483581,0.4144487
-0.001177659,0.01006958,2797074.0,0.5378988461538462,11196.360812889221,71873.71852407284,0.4132799
-0.001078986,0.01005838,2755465.0,0.5298971153846154,11280.460024523976,72413.58350039394,0.4119173
-0.0009802069,0.01004816,2713963.0,0.5219159615384615,11351.188376022576,72867.61581609333,0.4102376
-0.000881331,0.01003892,2672512.0,0.5139446153846153,11423.645838119002,73332.74795346532,0.4085232
-0.0007823684,0.01003065,2631088.0,0.5059784615384615,11498.166546276447,73811.12485573137,0.4067691
-0.0006833288,0.01002337,2589400.0,0.49796153846153846,11584.59420190178,74365.93700379644,0.4051456
-0.0005842214,0.01001708,2547678.0,0.48993807692307695,11648.11255975459,74773.68561512814,0.4030346
-0.0004850564,0.01001177,2505931.0,0.4819098076923077,11731.850086831255,75311.2288000603,0.4012008
-0.0003858439,0.01000745,2463592.0,0.47376769230769233,11848.728969259117,76061.51900930022,0.3997715
-0.0002865932,0.0100041,2420252.0,0.46543307692307695,12023.674089690747,77184.5585891419,0.3991551
-0.0001873143,0.01000175,2374511.0,0.4566367307692308,12296.6079564084,78936.62537584001,0.399705
-8.801603e-05,0.01000044,2328268.0,0.44774384615384616,12518.899371609621,80363.59891425062,0.3991812
1.129096e-05,0.009999971,2265882.0,0.43574653846153844,13757.23090677184,88312.92224217264,0.4126522
0.0001105874,0.01000122,2183499.0,0.41990365384615386,14380.054775842205,92311.06665746377,0.4146104
0.0002098418,0.01000441,2097327.0,0.4033321153846154,14647.982609421031,94030.99780448795,0.410515
0.0003090139,0.01000956,2012066.0,0.3869357692307692,14783.32590963416,94899.81816730076,0.4042762
0.0004080636,0.01001668,1929723.0,0.3711005769230769,14824.716629474533,95165.52101459476,0.3965917
0.0005069526,0.01002577,1848975.0,0.35557211538461536,14831.314440684484,95207.8748859735,0.3882703
0.0006056422,0.01003681,1771132.0,0.3406023076923077,14790.446312942811,94945.52675705921,0.3793506
0.0007040912,0.01004983,1695416.0,0.32604153846153844,14721.465562014648,94502.71295723217,0.3700073
0.0008022646,0.01006478,1622787.0,0.31207442307692307,14645.709129771663,94016.40346985373,0.3606931
0.0009001194,0.01008169,1551951.0,0.29845211538461536,14551.455855348086,93411.35568431846,0.3510944
0.0009976206,0.01010054,1484021.0,0.28538865384615386,14448.519902604447,92750.57046873425,0.3415365
0.00109473,0.01012131,1417521.0,0.27260019230769234,14349.975305091531,92117.97504044494,0.331981
0.001191405,0.01014402,1353326.0,0.260255,14219.707429416707,91281.73576721584,0.3221844
0.001287609,0.01016864,1290852.0,0.24824076923076924,14088.12594860433,90437.06396064076,0.3123871
0.001383306,0.01019516,1230684.0,0.23667,13941.88892103312,89498.31259909565,0.3026024
0.001478459,0.01022358,1172085.0,0.22540096153846154,13795.316269005212,88557.40673591079,0.2928382
0.001573024,0.01025388,1115737.0,0.21456480769230768,13635.006200374657,87528.31514607357,0.2831262
0.001666972,0.01028606,1060990.0,0.20403653846153846,13476.397896688331,86510.1478357089,0.2734818
0.001760262,0.0103201,1008556.0,0.19395307692307692,13301.91912047617,85390.10189761614,0.2639042
0.001852859,0.01035598,957812.7,0.18419475,13135.624387224323,84322.59245865454,0.2544953
0.001944724,0.01039369,909204.0,0.17484692307692307,12955.476046964326,83166.15142242782,0.2451886
0.002035822,0.01043323,862168.4,0.16580161538461538,12779.47360684816,82036.32450349745,0.2360132
0.002126115,0.01047456,817225.7,0.15715878846153844,12590.942891698001,80826.07379969327,0.2269784
0.002215573,0.01051768,773800.1,0.14880771153846153,12413.28059238426,79685.59161029157,0.2181551
0.002304157,0.01056256,732236.5,0.14081471153846153,12225.6225897919,78480.94318188561,0.2094887
0.00239183,0.0106092,692175.9,0.13311075,12043.045208670062,77308.90920415717,0.2009813
0.002478561,0.01065756,653990.8,0.12576746153846155,11840.114052269151,76006.2165651228,0.1925762
0.002564312,0.01070765,617333.4,0.11871796153846154,11615.541345773569,74564.5985461437,0.1841317
0.002649054,0.01075942,583182.5,0.11215048076923077,11273.769378575009,72370.63368735052,0.1753037
0.00273275,0.01081287,552457.2,0.10624176923076922,10870.852960204806,69784.15923135317,0.1663941
0.002805451,0.01086119,533432.0,0.10258307692307693,9763.66458433342,62676.6939566636,0.1541709
0.00288784,0.01091664,521300.0,0.10025,8758.574529342599,56224.63681854483,0.1443897
0.002970221,0.0109721,515089.3,0.09905563461538461,8163.856329152915,52406.91343182,0.1390945
0.003052613,0.01102754,510438.7,0.09816128846153846,7679.261931161168,49296.11681301994,0.1347552
0.003135027,0.01108295,506893.0,0.09747942307692307,7343.688958114077,47141.945666507105,0.1318263
0.003217482,0.01113829,504132.8,0.09694861538461538,7082.512400709493,45465.35354111101,0.1295947
0.003299977,0.01119357,501460.4,0.09643469230769232,6910.510755053853,44361.209250646636,0.1281839
0.003382505,0.01124881,499000.3,0.09596159615384615,6758.79329001771,43387.276866774155,0.126941
0.003465062,0.011304,496576.2,0.09549542307692307,6645.012186782537,42656.87248592668,0.1260555
0.00354765,0.01135915,494342.4,0.09506584615384615,6544.755912636309,42013.28915124502,0.1253038
0.003630266,0.01141425,492211.2,0.094656,6468.741356187652,41525.32266595334,0.124772
0.003712912,0.01146931,490260.6,0.09428088461538461,6401.0624739757595,41090.866058899235,0.1243276
0.003795588,0.01152433,488421.5,0.09392721153846154,6349.142290000792,40757.5705577004,0.124011
0.003878293,0.0115793,486693.9,0.09359498076923077,6302.653883403229,40459.143711132594,0.1237508
0.003961026,0.01163423,485016.4,0.09327238461538462,6264.88298628991,40216.677889166654,0.123544
0.004043788,0.01168911,483372.0,0.09295615384615384,6229.597665269881,39990.16792995691,0.1233609
0.004126581,0.01174395,481724.7,0.09263936538461538,6198.265145690715,39789.03251368036,0.1231858
0.004209402,0.01179875,480076.1,0.09232232692307692,6167.637206737965,39592.42006968621,0.123015
0.004292253,0.0118535,478400.4,0.09200007692307693,6138.328610957244,39404.276993674015,0.1228311
0.004375132,0.0119082,476727.3,0.09167832692307692,6109.235007825431,39217.51403763032,0.1226469
0.004458041,0.01196287,475018.6,0.09134973076923077,6080.358062150533,39032.14188859389,0.1224437
0.004540979,0.01201749,473294.8,0.09101823076923077,6050.698880414778,38841.74826736689,0.1222287
0.004623945,0.01207206,471547.9,0.09068228846153846,6021.901475514489,38656.8867209576,0.1220086
0.004706934,0.01212659,469829.7,0.09035186538461538,5994.25101425601,38479.38784406674,0.1218008
0.004789963,0.01218108,468123.6,0.09002376923076923,5967.696083901946,38308.92159868661,0.1215958
0.00487301,0.01223552,466451.6,0.08970223076923077,5942.492874562004,38147.13256702938,0.1214041
0.0049561,0.01228993,464686.7,0.08936282692307693,5916.644736691353,37981.20349268695,0.1211903
0.005039213,0.01234428,462882.5,0.08901586538461538,5889.14177578502,37804.65147692084,0.1209554
0.005122354,0.01239859,461152.2,0.08868311538461539,5864.858579490594,37648.768360567425,0.1207547
0.005205522,0.01245286,459506.4,0.08836661538461539,5843.174680635204,37509.57112774489,0.120584
0.005288718,0.01250708,457829.3,0.08804409615384615,5821.829873792216,37372.550656127234,0.1204085
0.005371942,0.01256126,456106.7,0.08771282692307693,5799.769556332909,37230.937048445296,0.1202202
0.005455195,0.0126154,454344.0,0.08737384615384615,5777.529211684386,37088.16777744197,0.1200238
0.005538476,0.01266949,452584.2,0.08703542307692308,5755.50557415886,36946.78963227149,0.1198284
0.005621782,0.01272354,450816.9,0.0866955576923077,5734.0935554783355,36809.33770218501,0.1196353
0.005705118,0.01277754,449055.9,0.08635690384615385,5713.202381068383,36675.22927050159,0.1194465
0.005788487,0.01283151,447279.5,0.08601528846153846,5693.211642107798,36546.90107805112,0.119262
0.005871883,0.01288542,445503.7,0.08567378846153846,5673.620773386218,36421.139805467275,0.1190799
0.005955306,0.0129393,443712.9,0.08532940384615385,5654.527354173266,36298.57185136972,0.1188974
0.006038761,0.01299313,441925.8,0.08498573076923077,5635.70146307519,36177.7212624721,0.1187161
0.006122238,0.01304691,440126.0,0.08463961538461538,5617.028288445995,36057.851018945774,0.1185312
0.006205752,0.01310066,438327.0,0.08429365384615385,5598.550846580926,35939.23725882775,0.1183467
0.006289282,0.01315435,436517.6,0.0839456923076923,5580.399139614359,35822.71451549631,0.118161
0.006372854,0.01320802,434711.3,0.08359832692307692,5562.525136479717,35707.97445918098,0.1179767
0.006456437,0.01326162,432897.4,0.0832495,5544.934433814026,35595.05301683347,0.1177905
0.006540067,0.0133152,431088.0,0.08290153846153846,5527.649372673431,35484.09360423037,0.1176061
0.006623714,0.01336873,429271.5,0.08255221153846154,5510.373505079812,35373.19320851845,0.1174167
0.006707388,0.01342221,427460.9,0.08220401923076924,5493.229830818657,35263.14141232266,0.1172275
0.00679109,0.01347565,425647.9,0.0818553653846154,5476.083214909279,35153.07073256283,0.1170338
0.006874819,0.01352905,423842.4,0.08150815384615386,5459.2379678208,35044.93465442644,0.1168425
0.006958577,0.0135824,422034.7,0.08116051923076924,5442.615843901874,34938.23088917748,0.1166487
0.007042362,0.01363571,420234.2,0.08081426923076923,5426.478859502136,34834.6414198886,0.1164592
0.007126176,0.01368897,418427.0,0.08046673076923076,5410.709898675098,34733.41443454574,0.1162677
0.007210017,0.0137422,416625.4,0.08012026923076923,5395.1938542446205,34633.81101619936,0.1160774
0.007293886,0.01379537,414818.5,0.07977278846153846,5379.651452082718,34534.03839750289,0.1158808
0.007377782,0.01384851,413018.4,0.07942661538461539,5364.178231455749,34434.7098815155,0.1156834
0.007461704,0.0139016,411220.1,0.07908078846153846,5348.207156916601,34332.18545102089,0.1154758
0.007545654,0.01395465,409431.4,0.0787368076923077,5332.279398043989,34229.93908034198,0.1152677
0.007629631,0.01400766,407650.9,0.07839440384615386,5316.20620565014,34126.759116315734,0.1150543
0.007713635,0.01406063,405881.4,0.07805411538461539,5300.386889254239,34025.20887933397,0.114843
0.007797666,0.01411355,404119.4,0.07771526923076924,5284.8439206691655,33925.43262455072,0.1146306
0.007881725,0.01416643,402367.9,0.07737844230769231,5269.7776734554955,33828.71662642007,0.1144225
0.007965812,0.01421926,400618.3,0.07704198076923077,5254.8957094413,33733.18361256701,0.1142112
0.008049925,0.01427205,398878.8,0.07670746153846153,5240.3013615105465,33639.49691626031,0.1140018
0.008134066,0.0143248,397142.0,0.07637346153846154,5225.729234304802,33545.95286327865,0.1137877
0.008218232,0.01437751,395415.1,0.07604136538461538,5211.386038966922,33453.87841143856,0.113575
0.008302426,0.01443017,393692.0,0.07571,5196.989876993941,33361.46394652763,0.1133571
0.008386646,0.01448279,391979.9,0.07538075000000001,5183.015640338015,33271.75798145721,0.1131431
0.008470894,0.01453536,390270.6,0.07505203846153846,5169.150398081833,33182.751693088794,0.1129254
0.008555168,0.0145879,388572.5,0.07472548076923077,5155.550155410565,33095.44653832024,0.1127096
0.008639468,0.01464039,386879.0,0.0743998076923077,5141.860358007174,33007.56649750464,0.1124882
0.008723795,0.01469284,385197.0,0.07407634615384616,5128.276982116789,32920.36961704789,0.112267
0.008808148,0.01474524,383525.0,0.07375480769230769,5114.291805453224,32830.59342388793,0.1120378
0.008892527,0.01479761,381865.5,0.07343567307692307,5100.461997781223,32741.81460365598,0.1118099
0.008976933,0.01484993,380219.0,0.07311903846153846,5086.563169478193,32652.592713618607,0.1115783
0.009061365,0.01490221,378584.9,0.07280478846153847,5072.940783901369,32565.14541507783,0.1113493
0.009145825,0.01495445,376960.8,0.07249246153846153,5059.607969996783,32479.556987755186,0.11112
0.009230311,0.01500664,375347.1,0.07218213461538461,5046.485225192999,32395.317074264305,0.1108921
0.009314824,0.01505879,373741.7,0.07187340384615384,5033.351263569312,32311.00515572019,0.1106603
0.009399363,0.01511089,372146.3,0.07156659615384615,5020.371388648166,32227.682378600854,0.1104292
0.009483928,0.01516296,370559.8,0.07126149999999999,5007.290440289086,32143.71077246021,0.1101937
0.00956852,0.01521498,368982.7,0.07095821153846155,4994.288841035811,32060.24853855141,0.109958
0.009653138,0.01526696,367414.8,0.07065669230769231,4981.568647938379,31978.592758290717,0.1097225
0.009737783,0.0153189,365855.3,0.07035678846153846,4969.058696287013,31898.286598211904,0.109488
0.009822453,0.01537079,364302.8,0.07005823076923076,4956.469103081869,31817.46918856596,0.1092493
0.009907149,0.01542264,362761.6,0.06976184615384615,4944.407876233289,31740.04356446747,0.1090152
0.00999187,0.01547445,361185.7,0.06945878846153847,4931.743210710762,31658.744236928844,0.1087678
0.01007662,0.01552622,359589.9,0.06915190384615386,4918.035995146043,31570.75238227968,0.1085062
0.01016139,0.01557794,358052.0,0.06885615384615384,4904.083629734408,31481.18681708402,0.1082452
0.01024619,0.01562963,356578.0,0.0685726923076923,4890.97535248225,31397.03977633552,0.1079967
0.01033101,0.01568127,355132.5,0.06829471153846153,4878.35103687508,31315.9994703225,0.1077526
0.01041586,0.01573287,353680.7,0.06801551923076923,4866.059045282279,31237.092479148705,0.1075096
0.01050073,0.01578443,352218.1,0.06773425,4853.501781765593,31156.482606127112,0.1072608
0.01058563,0.01583594,350751.2,0.06745215384615384,4840.7729496250395,31074.77136854739,0.1070083
0.01067056,0.01588741,349292.3,0.06717159615384616,4827.782481261264,30991.38058807174,0.1067523
0.01075551,0.01593884,347840.7,0.06689244230769231,4814.830394427512,30908.23619330404,0.1064957
0.01084049,0.01599023,346400.6,0.0666155,4801.849353500911,30824.90593115011,0.1062384
0.01092549,0.01604157,344967.0,0.0663398076923077,4789.055768769049,30742.779021942864,0.1059821
0.01101052,0.01609288,343541.1,0.06606559615384615,4776.350011909094,30661.21591340706,0.1057261
0.01109558,0.01614414,342120.1,0.06579232692307692,4763.69946036771,30580.00718890678,0.1054693
0.01118066,0.01619535,340706.3,0.0655204423076923,4750.906926329817,30497.887024505617,0.1052105
0.01126577,0.01624653,339296.9,0.06524940384615385,4738.040759661417,30415.294184111994,0.1049494
0.0113509,0.01629767,337897.3,0.06498025,4724.817476281751,30330.408875083718,0.1046849
0.01143605,0.01634876,336502.6,0.06471203846153846,4711.551781938799,30245.251313875608,0.1044188
0.01152123,0.01639981,335119.0,0.06444596153846154,4698.093530861788,30158.857657409855,0.1041519
0.01160644,0.01645082,333739.7,0.06418071153846154,4684.639621771551,30072.491873816405,0.1038837
0.01169167,0.01650179,332370.8,0.06391746153846153,4671.134218458364,29985.79552912835,0.1036165
0.01177693,0.01655271,331005.8,0.06365496153846154,4657.720496825936,29899.68772418341,0.1033491
0.01186221,0.01660359,329648.5,0.06339394230769231,4644.365311740671,29813.955687703292,0.1030836
0.01194751,0.01665443,328294.0,0.06313346153846154,4631.016239730965,29728.262893391173,0.1028167
0.01203285,0.01670523,326946.5,0.06287432692307693,4617.538881898075,29641.746583358163,0.1025497
0.0121182,0.01675599,325601.5,0.06261567307692308,4603.975943925185,29554.68090170375,0.1022802
0.01220358,0.01680671,324265.5,0.06235875,4590.03142472988,29465.165704368996,0.1020084
0.01228899,0.01685738,322932.3,0.06210236538461538,4575.91321312452,29374.535509081008,0.1017333
0.01237441,0.01690802,321611.2,0.061848307692307695,4561.5404041338,29282.270955887074,0.1014583
0.01245987,0.01695861,320292.9,0.061594788461538465,4547.118449032954,29189.69091503204,0.1011816
0.01254535,0.01700916,318986.0,0.06134346153846154,4532.688508453022,29097.059612335255,0.1009076
0.01263085,0.01705967,317681.4,0.06109257692307693,4518.346963000854,29004.99575174203,0.1006334
0.01271638,0.01711013,316384.6,0.060843192307692306,4504.183471813306,28914.074889513282,0.1003634
0.01280193,0.01716056,315088.9,0.060594019230769236,4490.014140991863,28823.11654044307,0.1000916
0.01288751,0.01721094,313799.6,0.06034607692307692,4475.799918706837,28731.870015913737,0.09982115
0.01297311,0.01726128,312511.5,0.06009836538461538,4461.473476606355,28639.903109506424,0.09954785
0.01305874,0.01731158,311231.6,0.05985223076923076,4446.816237009054,28545.812687559363,0.09927299
0.01314439,0.01736184,309953.2,0.05960638461538462,4431.89888201048,28450.05248545361,0.09899374
0.01323006,0.01741206,308687.1,0.05936290384615384,4416.701760907062,28352.496357813823,0.09871433
0.01331576,0.01746224,307423.0,0.059119807692307694,4401.412479617113,28254.348618719516,0.09843276
0.01340148,0.01751237,306171.1,0.05887905769230769,4386.150703398316,28156.377445187452,0.09815427
0.01348723,0.01756247,304921.0,0.05863865384615385,4370.950083981687,28058.798860538354,0.09787531
0.013573,0.01761252,303679.1,0.058399826923076915,4356.112826064722,27963.55283220695,0.09760216
0.0136588,0.01766253,302437.6,0.05816107692307692,4341.290058211693,27868.399821133047,0.09732753
0.01374462,0.0177125,301202.0,0.05792346153846154,4326.550137548972,27773.778637832136,0.09705469
0.01383046,0.01776243,299966.7,0.057685903846153845,4311.695564070043,27678.42145429169,0.0967789
0.01391633,0.01781231,298738.8,0.05744976923076923,4296.612606947882,27581.598188873086,0.09650148
0.01400222,0.01786216,297511.5,0.05721375,4281.285123708807,27483.205216869228,0.09621984
0.01408813,0.01791196,296295.2,0.05697984615384616,4265.82549267708,27383.963937686687,0.09593828
0.01417407,0.01796173,295079.9,0.05674613461538462,4250.251316093557,27283.987346835867,0.09565419
0.01426003,0.01801145,293875.4,0.0565145,4234.718909945532,27184.278896372256,0.09537188
0.01434602,0.01806113,292671.9,0.056283057692307695,4219.1502272530915,27084.33757290768,0.09508792
0.01443203,0.01811077,291477.2,0.056053307692307694,4203.853483971573,26986.141932438037,0.09480787
0.01451807,0.01816037,290283.0,0.05582365384615385,4188.550079418659,26887.903530721836,0.09452628
0.01460412,0.01820993,289095.5,0.05559528846153846,4173.3903283025575,26790.587295310826,0.0942465
0.0146902,0.01825945,287908.4,0.055367000000000006,4158.124374594312,26692.58930487765,0.09396399
0.01477631,0.01830892,286728.5,0.05514009615384615,4142.807243057761,26594.262784407987,0.09368124
0.01486244,0.01835836,285548.9,0.054913250000000004,4127.2663582090345,26494.499905924604,0.09339439
0.01494859,0.01840776,284379.7,0.05468840384615385,4111.426126657182,26392.815406564474,0.09310519
0.01503476,0.01845711,283211.7,0.054463788461538466,4095.424686212153,26290.096045716284,0.09281306
0.01512096,0.01850643,282055.6,0.05424146153846154,4079.4434877668878,26187.50662599965,0.09252278
0.01520718,0.0185557,280900.4,0.0540193076923077,4063.430957977307,26084.71607841121,0.09223101
0.01529342,0.01860493,279754.6,0.05379896153846153,4047.8195307352603,25984.50036134873,0.0919451
0.01537969,0.01865412,278609.1,0.05357867307692307,4032.292111465637,25884.823923563214,0.09165877
0.01546598,0.01870327,277468.7,0.05335936538461539,4017.041685771816,25786.925613388343,0.09137599
0.0155523,0.01875238,276328.3,0.05314005769230769,4001.7063075550095,25688.481960505516,0.09109064
0.01563864,0.01880145,275193.1,0.05292175,3986.349312882353,25589.899543332293,0.09080571
0.015725,0.01885047,274057.7,0.05270340384615385,3970.7539011338818,25489.786635843077,0.09051647
0.01581138,0.01889946,272931.0,0.05248673076923077,3954.899033381711,25388.008181120174,0.09022585
0.01589779,0.01894841,271805.1,0.052270211538461536,3938.881162032299,25285.183344018005,0.08993224
0.01598422,0.01899732,270689.3,0.052055634615384615,3922.852948378199,25182.292115709937,0.08964075
0.01607067,0.01904618,269574.8,0.051841307692307693,3906.686277970745,25078.512080593602,0.08934661
0.01615714,0.01909501,268470.3,0.051628903846153845,3891.2015647417024,24979.109789201833,0.08906256
0.01624364,0.01914379,267340.4,0.05141161538461539,3875.8559858674066,24880.600654400605,0.08877637
0.01633016,0.01919254,266189.4,0.051190269230769234,3858.77655055891,24770.96123258956,0.08846962
0.01641671,0.01924124,265102.3,0.05098121153846154,3841.9700291786185,24663.073749572286,0.08817077
0.01650328,0.0192899,264060.9,0.05078094230769231,3827.754718968998,24571.820241239253,0.08790673
0.01658987,0.01933853,262978.4,0.050572769230769234,3813.362860768658,24479.433403889492,0.08763507
0.01667648,0.01938711,261871.0,0.05035980769230769,3797.8392040587137,24379.781119412342,0.08735053
0.01676311,0.01943565,260755.3,0.050145249999999995,3781.3787474692954,24274.115158529443,0.08705394
0.01684977,0.01948415,259669.8,0.049936499999999995,3764.958627284435,24168.708132441156,0.08676176
0.01693645,0.01953261,258589.5,0.04972875,3749.467306844177,24069.26342683578,0.08647837
0.01702315,0.01958104,257479.5,0.049515288461538465,3732.8725990841826,23962.735656387544,0.08618112
0.01710988,0.01962942,256411.5,0.049309903846153844,3715.805593771968,23853.17602747251,0.0858817
0.01719662,0.01967776,255399.7,0.04911532692307693,3701.339464713579,23760.31241710381,0.08561899
0.01728339,0.01972606,254352.8,0.048914,3687.0266805706615,23668.43318634522,0.08535319
0.01737019,0.01977432,253288.9,0.04870940384615385,3671.869355324167,23571.13252351822,0.08507788
0.017457,0.01982254,252214.5,0.04850278846153846,3656.955342673068,23475.393777218123,0.08480322
0.01754384,0.01987072,251106.7,0.04828975,3640.971585664776,23372.787933107717,0.08451513
0.01763069,0.01991886,250023.4,0.04808142307692308,3623.6712934769857,23261.730746592435,0.08421297
0.01771757,0.01996696,249005.7,0.047885711538461544,3607.4628131113177,23157.68231737748,0.08393071
0.01780447,0.02001502,247983.2,0.047689076923076924,3592.138274469694,23059.308247869878,0.08365666
0.0178914,0.02006305,246948.8,0.04749015384615384,3576.6712410734312,22960.01945008072,0.08338221
0.01797834,0.02011103,245905.1,0.04728944230769231,3560.9309856314935,22858.976735574015,0.08310319
0.01806531,0.02015897,244864.3,0.04708928846153846,3545.533260108612,22760.13285150871,0.08283022
0.0181523,0.02020687,243824.1,0.04688925,3530.193389944291,22661.660363098283,0.08255662
0.01823932,0.02025473,242786.2,0.046689653846153846,3515.061894488457,22564.52551156787,0.08228681
0.01832635,0.02030255,241748.2,0.046490038461538465,3499.8981669946793,22467.18375026907,0.08201526
0.01841341,0.02035033,240712.6,0.046290884615384616,3484.676311536666,22369.468843355397,0.08174445
0.01850048,0.02039807,239677.0,0.04609173076923077,3469.328627727888,22270.946196175366,0.08147094
0.01858759,0.02044577,238645.7,0.04589340384615385,3454.0705675565396,22172.998877371887,0.08120039
0.01867471,0.02049343,237614.3,0.04569505769230769,3438.7990688402056,22074.96529141287,0.08092853
0.01876186,0.02054106,236586.3,0.04549736538461538,3423.6195501088155,21977.52216012553,0.08065934
0.01884901,0.02058863,235558.3,0.04529967307692308,3408.440492659787,21880.081989985934,0.08038904
0.01893621,0.02063618,234533.6,0.04510261538461539,3393.356873410913,21783.25447412294,0.08012135
0.01902341,0.02068368,233508.7,0.044905519230769235,3378.286997428488,21686.515181538995,0.07985272
0.01911065,0.02073115,232487.1,0.044709057692307694,3363.3040813780663,21590.334117988583,0.07958654
0.01919789,0.02077857,231465.5,0.04451259615384615,3348.3306634082355,21494.214026246987,0.07931938
0.01928517,0.02082596,230447.0,0.04431673076923077,3333.4365956958104,21398.6033141298,0.07905452
0.01937246,0.0208733,229428.5,0.04412086538461538,3318.5675287983217,21303.153091797252,0.07878888
0.01945979,0.02092061,228413.4,0.04392565384615384,3303.6473754138733,21207.374925783224,0.07852392
0.01954712,0.02096788,227398.4,0.04373046153846154,3288.7100770539278,21111.486699619873,0.07825777
0.01963448,0.02101511,226388.3,0.04353621153846154,3273.8191560395885,21015.896187360144,0.07799378
0.01972186,0.0210623,225378.3,0.043341980769230765,3258.9744615748846,20920.60242098708,0.07772941
0.01980926,0.02110945,224372.5,0.043148557692307694,3244.3244770397323,20826.55857205633,0.07746879
0.01989668,0.02115656,223366.7,0.04295513461538462,3229.781409473461,20733.20106400501,0.07720844
0.01998413,0.02120363,222363.8,0.04276226923076923,3215.3859789936846,20640.791294828476,0.0769509
0.02007159,0.02125066,221360.7,0.042569365384615386,3201.0532483999536,20548.784020179977,0.07669303
0.02015908,0.02129765,220360.5,0.04237701923076923,3186.822608534262,20457.4321049267,0.07643739
0.02024659,0.0213446,219359.9,0.042184596153846156,3172.6410553328496,20366.395295728922,0.07618127
0.02033412,0.02139151,218362.4,0.04199276923076923,3158.6021978315976,20276.27450475879,0.07592787
0.02042166,0.02143838,217364.8,0.041800923076923076,3144.71797022612,20187.146342178366,0.07567543
0.02050924,0.02148522,216368.6,0.041609346153846156,3131.0503934200606,20099.408943868195,0.07542617
0.02059683,0.02153201,215372.2,0.04141773076923077,3117.449985581404,20012.102728827063,0.07517665
0.02068444,0.02157877,214377.8,0.0412265,3103.880655369851,19924.996012950007,0.07492808
0.02077207,0.02162548,213383.4,0.04103526923076923,3090.3054492529545,19837.85157739119,0.07467838
0.02085972,0.02167216,212393.6,0.04084492307692308,3076.4910182748545,19749.171466033295,0.07442686
0.0209474,0.0217188,211404.4,0.04065469230769231,3062.6808633875335,19660.518804536132,0.0741747
0.02103509,0.0217654,210422.0,0.04046576923076923,3048.902051223593,19572.067343957347,0.07392463
0.02112281,0.02181197,209439.8,0.04027688461538461,3035.2579822351736,19484.48085131165,0.07367546
0.02121054,0.02185849,208462.8,0.040089,3021.9819460872286,19399.256902105375,0.07343214
0.0212983,0.02190497,207486.0,0.03990115384615384,3008.9895316073093,19315.853628766523,0.07319149
0.02138608,0.02195141,206510.3,0.039713519230769226,2996.4194926412406,19235.161745253463,0.07295628
0.02147388,0.02199781,205534.6,0.039525884615384616,2983.987316143585,19155.35485360654,0.07272162
0.0215617,0.02204418,204560.0,0.03933846153846154,2971.64413666036,19076.119267803682,0.0724882
0.02164954,0.0220905,203585.8,0.03915111538461538,2959.3079301643343,18996.92844427025,0.07225384
0.0217374,0.02213679,202616.3,0.03896467307692308,2946.685909947387,18915.9028732442,0.07201677
0.02182528,0.02218304,201647.8,0.03877842307692307,2934.028729832666,18834.651597398686,0.07177862
0.02191317,0.02222926,200687.7,0.038593788461538464,2921.3181248398464,18753.057366845405,0.0715416
0.02200108,0.02227543,199728.6,0.038409346153846155,2908.7265771068064,18672.22741033801,0.07130552
0.02208903,0.02232157,198776.8,0.03822630769230769,2896.4094310428036,18593.158943001294,0.07107436
0.02217698,0.02236766,197826.2,0.0380435,2884.367706783128,18515.858513473508,0.07084608
0.02226498,0.02241372,196879.2,0.037861384615384616,2872.8066157374974,18441.643452211076,0.07062437
0.02235298,0.02245973,195932.9,0.03767940384615384,2861.4390239062786,18368.670536347825,0.07040414
0.022441,0.02250571,194989.2,0.03749792307692308,2850.2798431089727,18297.035490551385,0.07018672
0.02252905,0.02255165,194046.6,0.03731665384615385,2839.2064994720236,18225.951466288232,0.0699695
0.02261711,0.02259755,193108.6,0.03713626923076923,2828.0547938445065,18154.36440646315,0.06975196
0.02270518,0.02264341,192172.2,0.03695619230769231,2816.902336289113,18082.7725197257,0.06953373
0.02279329,0.02268924,191243.5,0.036777596153846154,2805.7218136022307,18011.00047218469,0.06931658
0.0228814,0.02273502,190316.6,0.036599346153846156,2794.6528365307454,17939.944478573845,0.06910037
0.02296955,0.02278078,189397.8,0.03642265384615384,2783.7419125750394,17869.90308831004,0.06888758
0.0230577,0.02282648,188480.8,0.03624630769230769,2773.019154059513,17801.069603910415,0.06867672
0.0231459,0.02287216,187570.5,0.03607125,2762.660463824276,17734.57321292341,0.06847147
0.02323409,0.02291779,186661.8,0.0358965,2752.5040418989543,17669.37525951055,0.06826813
0.02332232,0.02296339,185758.5,0.03572278846153846,2742.5830791144704,17605.68880829875,0.06806838
0.02341056,0.02300895,184857.1,0.03554944230769231,2732.800629918651,17542.89152874279,0.06786976
0.02349882,0.02305446,183962.2,0.035377346153846155,2723.1140150137326,17480.709446121295,0.06767313
0.02358711,0.02309994,183069.6,0.035205692307692306,2713.495750656887,17418.966131786674,0.06747683
0.0236754,0.02314539,182185.7,0.03503571153846154,2703.8584724971115,17357.1007605853,0.06728155
0.02376372,0.02319079,181304.4,0.03486623076923077,2694.3216690730173,17295.880375106684,0.06708722
0.02385206,0.02323616,180433.0,0.034698653846153844,2684.911609407835,17235.473606249125,0.06689604
0.02394042,0.02328149,179564.0,0.03453153846153846,2675.659220805374,17176.078988194025,0.06670652
0.0240288,0.02332678,178704.4,0.03436623076923077,2666.691748567146,17118.51335715605,0.06652192
0.0241172,0.02337203,177847.3,0.03420140384615385,2657.9309601235386,17062.274508375835,0.06633959
0.02420562,0.02341724,176998.1,0.034038096153846155,2649.452832278826,17007.85016599304,0.06616171
0.02429405,0.02346242,176151.5,0.033875288461538464,2641.1233145989863,16954.37980904698,0.0659853
0.02438251,0.02350756,175313.3,0.03371409615384615,2632.9749933525295,16902.072621247407,0.06581208
0.02447098,0.02355265,174477.9,0.033553442307692305,2624.996974012671,16850.858666463773,0.06564061
0.02455948,0.02359772,173649.6,0.033394153846153844,2616.999030024581,16799.51680774933,0.06547007
0.02464799,0.02364274,172824.3,0.033235442307692306,2608.9686323030814,16747.96661611858,0.06529892
0.02473653,0.02368773,172012.4,0.03307930769230769,2601.1210346861963,16697.589888212773,0.06513155
0.02482508,0.02373268,171205.8,0.03292419230769231,2593.565962517816,16649.090992943686,0.06496763
0.02491365,0.02377759,170409.7,0.03277109615384616,2586.2963120398304,16602.424328573452,0.06480864
0.02500224,0.02382246,169615.8,0.03261842307692307,2579.175059562201,16556.710287674847,0.06465137
0.02509085,0.02386729,168830.6,0.03246742307692308,2572.3563315559068,16512.938266961435,0.06449904
0.02517948,0.02391209,168048.3,0.032316980769230765,2565.6847211740596,16470.11065049742,0.06434826
0.02526813,0.02395685,167274.6,0.03216819230769231,2559.24884375496,16428.79629400193,0.06420131
0.0253568,0.02400157,166504.4,0.03202007692307692,2552.939293512851,16388.29287992896,0.06405565
0.02544549,0.02404625,165743.8,0.03187380769230769,2546.7364108903485,16348.474206067149,0.06391232
0.02553419,0.0240909,164986.7,0.03172821153846154,2540.6120156610286,16309.15937277457,0.06376977
0.02562292,0.02413551,164240.6,0.03158473076923077,2534.6053871391655,16270.600528979354,0.06363004
0.02571166,0.02418008,163498.2,0.031441961538461544,2528.722100163304,16232.833461700437,0.06349177
0.02580042,0.02422461,162766.9,0.031301326923076925,2523.0159386712658,16196.203430587157,0.06335705
0.0258892,0.02426911,162039.3,0.031161403846153846,2517.452627799327,16160.49041219181,0.06322406
0.025978,0.02431357,161322.5,0.031023557692307694,2512.1138881530455,16126.219002309375,0.06309509
0.02606682,0.02435799,160609.5,0.03088644230769231,2506.8929158088285,16092.703585741321,0.06296744
0.02615565,0.02440237,159907.3,0.030751403846153845,2501.8209861910905,16060.144931388244,0.06284288
0.02624451,0.02444672,159209.1,0.030617134615384616,2496.8760824954825,16028.401704969741,0.06271981
0.02633338,0.02449103,158521.9,0.030484980769230768,2492.105855181208,15997.77979299212,0.06260017
0.02642228,0.0245353,157838.6,0.030353576923076924,2487.470451950098,15968.023368324662,0.06248216
0.02651119,0.02457954,157166.3,0.03022428846153846,2482.996826660639,15939.305458084884,0.06236731
0.02660012,0.02462373,156497.9,0.030095749999999998,2478.6305660268363,15911.276762597025,0.06225372
0.02668907,0.02466789,155840.8,0.029969384615384613,2474.40685964064,15884.163177298815,0.06214312
0.02677803,0.02471201,155187.4,0.029843730769230768,2470.306543999587,15857.841684344996,0.06203401
0.02686702,0.0247561,154545.1,0.02972021153846154,2466.3844548681336,15832.664295462002,0.06192826
0.02695602,0.02480014,153906.4,0.029597384615384616,2462.605137255673,15808.403411516716,0.06182427
0.02704504,0.02484415,153277.8,0.0294765,2459.149983931737,15786.22346201239,0.06172525
0.02713408,0.02488812,152652.6,0.02935626923076923,2455.833909859681,15764.936315372246,0.06162778
0.02722314,0.02493206,152036.8,0.029237846153846152,2452.7231521612794,15744.96717299215,0.06153349
0.02731223,0.02497596,151424.6,0.029120115384615387,2449.696191928684,15725.535958566597,0.06144007
0.02740133,0.02501982,150822.7,0.029004365384615385,2446.7142426367395,15706.393686569114,0.06134801
0.02749044,0.02506365,150224.6,0.028889346153846154,2443.785219917293,15687.59117046533,0.06125651
0.02757957,0.02510744,149637.9,0.02877651923076923,2440.9365402179988,15669.304406909388,0.06116717
0.02766872,0.02515119,149054.8,0.028664384615384612,2438.187428287386,15651.656806908451,0.06107906
0.02775789,0.0251949,148483.0,0.028554423076923078,2435.598647331311,15635.03843270036,0.06099403
0.02784707,0.02523858,147914.9,0.028445173076923076,2433.1345134036555,15619.220215399071,0.06091054
0.02793628,0.02528222,147357.3,0.028337942307692307,2430.853262815111,15604.575996136758,0.06083027
0.0280255,0.02532583,146803.4,0.028231423076923074,2428.628739946627,15590.295933786878,0.06075052
0.02811474,0.0253694,146260.5,0.02812701923076923,2426.4864521067284,15576.543769509968,0.06067282
0.028204,0.02541293,145721.1,0.028023288461538464,2424.4403313174134,15563.408938279077,0.0605963
0.02829327,0.02545642,145192.4,0.027921615384615385,2422.5521936972764,15551.288261381258,0.0605227
0.02838257,0.02549988,144667.0,0.027820576923076924,2420.7943156638453,15540.003770546606,0.06045066
0.02847188,0.0255433,144150.8,0.02772130769230769,2419.32582536448,15530.57697016068,0.0603829
0.02856121,0.02558668,143637.7,0.02762263461538462,2417.9819388065744,15521.95004880602,0.06031646
0.02865056,0.02563002,143133.0,0.027525576923076923,2416.829640556171,15514.553006008871,0.06025274
0.02873993,0.02567333,142631.4,0.027429115384615385,2415.747620156696,15507.60710359211,0.06018968
0.02882931,0.0257166,142138.8,0.027334384615384615,2414.705442342188,15500.9169659533,0.06012755
0.02891871,0.02575984,141649.3,0.027240249999999997,2413.693262861246,15494.41939908092,0.06006559
0.02900813,0.02580304,141169.5,0.027147980769230768,2412.729878654637,15488.235067720623,0.06000499
0.02909757,0.0258462,140692.9,0.027056326923076923,2411.835061595239,15482.490895079842,0.05994516
0.02918702,0.02588933,140225.7,0.02696648076923077,2411.0326517716567,15477.339919797345,0.05988714
0.02927649,0.02593242,139761.5,0.026877211538461537,2410.3093990596435,15472.697084262325,0.05983001
0.02936598,0.02597547,139306.4,0.026789692307692306,2409.7252570026703,15468.94725318037,0.05977515
0.02945549,0.02601849,138853.9,0.026702673076923075,2409.217478052078,15465.68762605891,0.05972105
0.02954501,0.02606147,138410.1,0.026617326923076924,2408.8008535179483,15463.013153969569,0.05966852
0.02963455,0.02610442,137969.0,0.0265325,2408.4541500110795,15460.787531673142,0.05961668
0.02972411,0.02614733,137536.4,0.026449307692307692,2408.194915428265,15459.123405824728,0.05956637
0.02981369,0.0261902,137106.3,0.02636659615384615,2408.0020462124826,15457.885304627493,0.05951667
0.02990328,0.02623303,136684.7,0.026285519230769234,2407.881576651611,15457.111964481217,0.0594683
0.02999289,0.02627583,136265.6,0.026204923076923077,2407.820504101094,15456.71991644179,0.05942045
0.03008252,0.0263186,135854.7,0.026125903846153847,2407.82151000252,15456.72637370743,0.05937378
0.03017217,0.02636132,135446.1,0.026047326923076923,2407.889614239501,15457.163560829287,0.05932773
0.03026183,0.02640401,135045.4,0.02597026923076923,2408.0358061742486,15458.102022722765,0.05928301
0.03035151,0.02644667,134647.0,0.025893653846153847,2408.2525826199612,15459.493593564595,0.05923895
0.03044121,0.02648929,134255.8,0.025818423076923076,2408.5653939688095,15461.501649147473,0.05919631
0.03053092,0.02653187,133866.8,0.025743615384615382,2408.938268052566,15463.895270377507,0.05915416
0.03062066,0.02657441,133484.8,0.025670153846153843,2409.3817223647197,15466.741973064449,0.05911307
0.0307104,0.02661692,133104.9,0.025597096153846154,2409.8747854794337,15469.90713361204,0.05907233
0.03080017,0.0266594,132731.9,0.025525365384615382,2410.415321392971,15473.37704019606,0.05903232
0.03088995,0.02670183,132360.9,0.025454019230769228,2411.0009805287373,15477.136609986512,0.05899262
0.03097975,0.02674423,131996.6,0.02538396153846154,2411.6455654989572,15481.274447225653,0.05895382
0.03106957,0.0267866,131634.3,0.02531428846153846,2412.3406978904436,15485.736767677594,0.05891537
0.0311594,0.02682893,131278.5,0.025245865384615384,2413.089795510358,15490.54551155255,0.05887769
0.03124926,0.02687122,130924.5,0.025177788461538463,2413.8860915875134,15495.657240360486,0.05884033
0.03133912,0.02691348,130576.8,0.025110923076923076,2414.725968943039,15501.048734047996,0.05880359
0.03142901,0.0269557,130230.8,0.025044384615384618,2415.609493630912,15506.720416640803,0.05876711
0.03151891,0.02699789,129890.9,0.024979019230769228,2416.5293690439075,15512.625448428878,0.05873113
0.03160883,0.02704004,129552.7,0.024913980769230768,2417.492560293139,15518.808541122035,0.0586954
0.03169876,0.02708215,129220.3,0.024850057692307692,2418.4868794332647,15525.191455641741,0.05866007
0.03178871,0.02712423,128889.5,0.024786442307692308,2419.5263204419894,15531.86402467841,0.05862503
0.03187868,0.02716627,128564.3,0.024723903846153847,2420.611701085824,15538.831497787765,0.05859051
0.03196867,0.02720828,128240.5,0.024661634615384617,2421.749695648533,15546.136719747738,0.05855637
0.03205867,0.02725025,127921.8,0.024600346153846153,2422.928377389792,15553.703128254614,0.05852258
0.03214869,0.02729219,127604.5,0.024539326923076924,2424.143310051965,15561.502245275406,0.05848894
0.03223872,0.02733409,127292.1,0.02447925,2425.3627591740174,15569.33035517804,0.05845521
0.03232877,0.02737595,126981.2,0.02441946153846154,2426.6049829643057,15577.304664378964,0.05842145
0.03241884,0.02741778,126675.6,0.02436069230769231,2427.75494692033,15584.686722448489,0.05838655
0.03250893,0.02745958,126371.4,0.024302192307692306,2428.918392638272,15592.155325099551,0.05835156
0.03259903,0.02750134,126072.7,0.02424475,2430.022799476587,15599.244934621756,0.05831601
0.03268914,0.02754306,125775.3,0.024187557692307692,2431.1690518152573,15606.603166401168,0.0582807
0.03277928,0.02758475,125482.9,0.024131326923076922,2432.3351149206587,15614.088571062517,0.05824567
0.03286943,0.0276264,125191.6,0.024075307692307694,2433.5741337358922,15622.042306303847,0.05821125
0.03295959,0.02766802,124904.3,0.02402005769230769,2434.9031061240526,15630.573487903759,0.05817767
0.03304978,0.0277096,124617.9,0.02396498076923077,2436.273888260503,15639.373062254708,0.0581442
0.03313998,0.02775114,124335.1,0.023910596153846154,2437.640189871757,15648.143874402276,0.05811029
0.03323019,0.02779265,124053.4,0.023856423076923077,2439.010374944646,15656.93961597407,0.05807604
0.03332043,0.02783413,123775.6,0.023803,2440.243064209006,15664.85271940963,0.05803993
0.03341067,0.02787557,123499.0,0.02374980769230769,2441.4459360595033,15672.574413471477,0.05800311
0.03350094,0.02791697,123227.2,0.02369753846153846,2442.490052495517,15679.276995862532,0.05796452
0.03359122,0.02795834,122956.4,0.02364546153846154,2443.542698615561,15686.034333554833,0.05792578
0.03368151,0.02799968,122690.3,0.02359428846153846,2444.516601718669,15692.286189731341,0.05788624
0.03377182,0.02804097,122425.1,0.023543288461538463,2445.528769097963,15698.783678918622,0.05784691
0.03386215,0.02808224,122163.7,0.02349301923076923,2446.5713542940543,15705.476431695486,0.05780788
0.0339525,0.02812347,121903.0,0.023442884615384615,2447.6575834925193,15712.449352001271,0.05776899
0.03404286,0.02816466,121645.4,0.023393346153846153,2448.7162201689357,15719.245145364095,0.05772946
0.03413324,0.02820582,121388.5,0.02334394230769231,2449.7850315064134,15726.106253764314,0.05768964
0.03422363,0.02824694,121134.6,0.023295115384615386,2450.7423062153325,15732.25136592432,0.05764819
0.03431404,0.02828803,120881.4,0.023246423076923074,2451.6795726930527,15738.268037602507,0.05760613
0.03440446,0.02832908,120631.6,0.023198384615384617,2452.4452162329103,15743.182996060274,0.05756189
0.0344949,0.0283701,120382.5,0.02315048076923077,2453.2063238808064,15748.068836894236,0.05751729
0.03458536,0.02841108,120136.8,0.02310323076923077,2453.835135538631,15752.105419213656,0.05747103
0.03467583,0.02845203,119891.8,0.023056115384615387,2454.470180803143,15756.182017436451,0.05742452
0.03476632,0.02849294,119649.9,0.02300959615384615,2454.9972984831998,15759.56578725225,0.05737662
0.03485682,0.02853382,119408.6,0.02296319230769231,2455.5345074278766,15763.014336751823,0.0573285
0.03494734,0.02857467,119170.4,0.022917384615384614,2455.8953209782685,15765.330536809495,0.05727814
0.03503787,0.02861548,118932.8,0.022871692307692308,2456.2449687451453,15767.575059436002,0.05722734
0.03512842,0.02865625,118698.3,0.022826596153846156,2456.4298359176005,15768.761792459298,0.05717456
0.03521899,0.02869699,118464.3,0.022781596153846156,2456.615596116223,15769.954258158812,0.0571215
0.03530957,0.02873769,118233.1,0.022737134615384617,2456.6804876119973,15770.37082146718,0.05706694
0.03540017,0.02877836,118002.2,0.022692730769230767,2456.769217204399,15770.94041062705,0.05701236
0.03549078,0.028819,117773.4,0.022648730769230768,2456.7957630006076,15771.110818236863,0.0569568
0.03558141,0.0288596,117544.9,0.02260478846153846,2456.8243743447474,15771.294485388149,0.05690084
0.03567206,0.02890016,117318.0,0.022561153846153845,2456.7070281762904,15770.541195491323,0.05684284
0.03576272,0.02894069,117091.5,0.022517596153846155,2456.559495009026,15769.594123713794,0.0567841
0.03585339,0.02898119,116867.0,0.022474423076923076,2456.153204953079,15766.985992589023,0.05672214
0.03594408,0.02902165,116643.0,0.022431346153846152,2455.6954423526618,15764.04743953209,0.05665928
0.03603479,0.02906208,116421.5,0.02238875,2455.0039319192606,15759.608369813159,0.05659372
0.03612551,0.02910247,116200.0,0.022346153846153845,2454.3113154589055,15755.162200084564,0.0565279
0.03621625,0.02914283,115980.1,0.022303865384615387,2453.3208088076854,15748.803759388007,0.05645873
0.036307,0.02918316,115761.2,0.02226176923076923,2452.306839913095,15742.294705585626,0.05638896
0.03639777,0.02922345,115545.3,0.02222025,2451.295223506944,15735.800753305495,0.05631909
0.03648855,0.0292637,115329.3,0.02217871153846154,2450.316986803928,15729.521078095177,0.05624926
0.03657935,0.02930392,115114.2,0.022137346153846153,2449.1462888600286,15722.005920634398,0.05617704
0.03667016,0.02934411,114899.1,0.02209598076923077,2447.9243040472197,15714.161533163839,0.05610387
0.03676099,0.02938426,114685.0,0.022054807692307693,2446.4825746317906,15704.906521118037,0.05602799
0.03685183,0.02942438,114471.1,0.022013673076923077,2444.985269039984,15695.294744358738,0.05595111
0.03694269,0.02946446,114259.0,0.021972884615384616,2443.132281896637,15683.39971180349,0.05587013
0.03703356,0.02950451,114047.2,0.021932153846153844,2441.186993237911,15670.912160549835,0.05578783
0.03712445,0.02954453,113838.6,0.021892038461538463,2438.969013550535,15656.674101379836,0.05570277
0.03721535,0.02958451,113630.1,0.02185194230769231,2436.744579752619,15642.39461080797,0.05561744
0.03730627,0.02962446,113423.6,0.02181223076923077,2434.3566752008273,15627.065738999889,0.05553047
0.0373972,0.02966437,113217.1,0.02177251923076923,2431.9807956436016,15611.814060227036,0.05544342
0.03748815,0.02970425,113011.0,0.021732884615384616,2429.5815788704126,15596.412570947063,0.05535603
0.03757911,0.02974409,112804.9,0.021693249999999997,2427.1695976889437,15580.929142052677,0.05526806
0.03767009,0.0297839,112598.4,0.02165353846153846,2424.59197402488,15564.382390765544,0.05517768
0.03776109,0.02982367,112391.8,0.021613807692307693,2421.9390676034927,15547.352370691342,0.05508602
0.0378521,0.02986342,112185.5,0.021574134615384617,2418.9290473018737,15528.029900155983,0.05499019
0.03794312,0.02990312,111979.2,0.021534461538461537,2415.777853307896,15507.80118174266,0.05489239
0.03803416,0.0299428,111774.6,0.021495115384615387,2412.2549770270425,15485.186492698902,0.0547906
0.03812521,0.02998244,111570.0,0.02145576923076923,2408.6546543109403,15462.074645392673,0.05468773
0.03821626,0.03002205,111367.4,0.02141680769230769,2404.8018015440643,15437.3417111912,0.05458233
0.03830736,0.03006163,111164.7,0.021377826923076923,2400.905684843446,15412.331049266584,0.05447622
0.03839844,0.03010116,110963.2,0.021339076923076922,2396.899598425667,15386.61444970478,0.05436911
0.03848956,0.03014067,110761.5,0.02130028846153846,2392.8567644304285,15360.661953400906,0.05426123
0.03858069,0.03018014,110560.3,0.021261596153846155,2388.63636540451,15333.56959931216,0.05415134
0.03867183,0.03021958,110359.0,0.021222884615384616,2384.3485202942034,15306.044283034553,0.05404036
0.03876299,0.03025898,110158.1,0.02118425,2379.8401768262493,15277.103503540153,0.05392688
0.03885416,0.03029835,109957.0,0.021145576923076923,2375.2502773234028,15247.639184692765,0.05381213
0.03894534,0.03033769,109756.5,0.02110701923076923,2370.399689764172,15216.5014095947,0.0536945
0.03903654,0.03037699,109555.8,0.02106842307692308,2365.4722104583598,15184.870036992683,0.05357571
0.03912776,0.03041626,109355.5,0.021029903846153847,2360.3211837546214,15151.803628219193,0.05345453
0.03921898,0.03045549,109155.0,0.020991346153846156,2355.0908933042915,15118.22839516727,0.05333216
0.03931022,0.0304947,108954.9,0.020952865384615382,2349.649100886477,15083.295450164802,0.05320752
0.03940148,0.03053386,108754.4,0.02091430769230769,2344.1264235389294,15047.843273889815,0.05308164
0.03949275,0.030573,108554.1,0.020875788461538463,2338.4044076047044,15011.111467053679,0.05295361
0.03958404,0.0306121,108353.5,0.020837211538461537,2332.6003165789703,14973.852788841785,0.05282434
0.03967534,0.03065117,108152.7,0.020798596153846154,2326.5973089038125,14935.317188645206,0.05269288
0.03976665,0.0306902,107951.6,0.02075992307692308,2320.510479720516,14896.243506157165,0.05256014
0.03985798,0.0307292,107750.2,0.02072119230769231,2314.2218005734862,14855.87407161898,0.05242519
0.03994932,0.03076817,107548.3,0.020682365384615386,2307.8479209060574,14814.957702382673,0.05228894
0.04004068,0.0308071,107345.9,0.020643442307692307,2301.256840874407,14772.647041009639,0.05215031
0.04013205,0.030846,107143.0,0.020604423076923076,2294.5760395542893,14729.76042440073,0.05201032
0.04022344,0.03088487,106939.6,0.020565307692307692,2287.6994115911716,14685.616721739156,0.05186829
0.04031483,0.0309237,106735.7,0.02052609615384615,2280.739889796775,14640.940891898375,0.05172498
0.04040625,0.0309625,106531.0,0.02048673076923077,2273.621563705055,14595.245636589181,0.05158006
0.04049768,0.03100127,106325.9,0.02044728846153846,2266.428023911557,14549.067555786854,0.05143397
0.04058912,0.03104,106119.8,0.020407653846153846,2259.10241640996,14502.041681899198,0.05128655
0.04068057,0.0310787,105913.2,0.020367923076923075,2251.699263695181,14454.518015655769,0.0511379
0.04077204,0.03111737,105705.7,0.02032801923076923,2244.151039757443,14406.06308179609,0.0509878
0.04086353,0.031156,105497.7,0.02028801923076923,2236.522024389848,14357.089516875325,0.05083644
0.04095503,0.0311946,105288.9,0.020247865384615385,2228.729412947441,14307.065766235359,0.05068348
0.04104654,0.03123317,105079.6,0.020207615384615386,2220.8580844307935,14256.536700615687,0.05052928
0.04113807,0.0312717,104869.6,0.02016723076923077,2212.838956780309,14205.05885587742,0.05037372
0.04122961,0.03131021,104659.1,0.020126750000000002,2204.7517164569335,14153.143769863964,0.05021707
0.04132116,0.03134867,104447.8,0.020086115384615386,2196.528655025538,14100.356796256798,0.05005921
0.04141273,0.03138711,104236.0,0.020045384615384614,2188.247599545503,14047.197536690146,0.04990037
0.04150431,0.03142551,104023.3,0.02000448076923077,2179.8471914032225,13993.2721067763,0.04974055
0.04159591,0.03146388,103810.1,0.01996348076923077,2171.4041221291855,13939.072818755607,0.04957995
0.04168752,0.03150222,103595.8,0.019922269230769233,2162.880585866552,13884.356982386256,0.04941879
0.04177914,0.03154052,103381.0,0.01988096153846154,2154.3094110592688,13829.33533599468,0.04925673
0.04187078,0.03157879,103165.2,0.01983946153846154,2145.621508524284,13773.564369713811,0.04909375
0.04196243,0.03161703,102949.0,0.019797884615384616,2136.8725902876686,13717.401720328244,0.04892973
0.04205409,0.03165523,102732.3,0.01975621153846154,2127.9500070786603,13660.124249122277,0.04876429
0.04214577,0.0316934,102515.3,0.01971448076923077,2118.9453658118823,13602.320015886635,0.04859757
0.04223746,0.03173155,102298.8,0.019672846153846155,2109.770411856308,13543.42248042001,0.04842975
0.04232917,0.03176965,102082.1,0.019631173076923077,2100.5549242818042,13484.264744164362,0.04826124
0.04242088,0.03180773,101866.4,0.019589692307692308,2091.2703274183627,13424.663368974283,0.04809295
0.04251261,0.03184577,101650.5,0.019548173076923078,2081.9843315321646,13365.053012922524,0.04792441
0.04260436,0.03188378,101435.2,0.01950676923076923,2072.7479126530043,13305.760910623805,0.04775737
0.04269612,0.03192175,101219.7,0.019465326923076922,2063.519227916327,13246.518456741132,0.04759014
0.0427879,0.0319597,101004.6,0.01942396153846154,2054.280048080994,13187.208630809697,0.04742354
0.04287968,0.0319976,100789.3,0.019382557692307692,2045.0169396740498,13127.74519823326,0.04725632
0.04297148,0.03203548,100574.9,0.019341326923076923,2035.6526576863737,13067.63229378064,0.04708873
0.04306329,0.03207332,100360.4,0.019300076923076923,2026.2317150550048,13007.15566300442,0.04692018
0.04315512,0.03211114,100147.6,0.019259153846153846,2016.6330458107825,12945.53813718561,0.04675049
0.04324696,0.03214892,99934.83,0.01921823653846154,2006.9815287350443,12883.581360941555,0.04658
0.04333882,0.03218667,99724.53,0.01917779423076923,1997.2310960637576,12820.98960769105,0.04640947
0.04343068,0.03222438,99514.21,0.019137348076923077,1987.4543081063182,12758.228669787582,0.04623843
0.04352256,0.03226207,99306.35,0.019097375,1977.6550529198944,12695.323506155863,0.04606824
0.04361445,0.03229972,99098.46,0.019057396153846155,1967.852262171898,12632.395646403362,0.04589778
0.04370636,0.03233733,98892.44,0.019017776923076924,1958.089268059287,12569.723256460891,0.04572869
0.04379828,0.03237492,98686.35,0.018978144230769232,1948.3049285318875,12506.91384214417,0.04555903
0.04389022,0.03241247,98481.66,0.018938780769230768,1938.4927588498083,12443.92577542982,0.04538971
0.04398216,0.03244999,98276.91,0.01889940576923077,1928.597440739699,12380.40394718243,0.04521912
0.04407412,0.03248748,98073.74,0.018860334615384618,1918.526042229168,12315.751791559118,0.04504705
0.04416609,0.03252493,97869.06,0.018820973076923077,1909.0927311694152,12255.195763114752,0.04488205
0.04425808,0.03256236,97663.63,0.01878146730769231,1909.4180443865603,12257.284072967568,0.04483207
0.04435008,0.03259975,97460.71,0.01874244423076923,1909.7334375767255,12259.30870237646,0.04478244
0.04444209,0.03263711,97261.27,0.018704090384615384,1899.7871280014606,12195.459540428865,0.04461289
0.04453411,0.03267444,97060.57,0.01866549423076923,1889.1481953169996,12127.164166071223,0.04443488
0.04462615,0.03271173,96860.97,0.018627109615384614,1878.5837461698775,12059.346930002157,0.04425819
0.0447182,0.03274899,96661.17,0.01858868653846154,1867.9744453453186,11991.24177387645,0.04408068
0.04481027,0.03278623,96461.55,0.01855029807692308,1857.3526279599141,11923.056269163722,0.04390318
0.04490234,0.03282342,96261.64,0.018511853846153847,1846.635960477057,11854.261885430373,0.04372422
0.04499443,0.03286059,96061.26,0.01847331923076923,1835.8898692829202,11785.278619650631,0.04354494
0.04508654,0.03289773,95860.5,0.01843471153846154,1825.0334675687343,11715.587228489729,0.04336396
0.04517866,0.03293483,95658.75,0.01839591346153846,1814.1357691194926,11645.630737805779,0.04318242
0.04527078,0.0329719,95456.56,0.01835703076923077,1803.113685666062,11574.875772248692,0.04299902
0.04536293,0.03300894,95252.94,0.018317873076923077,1792.0762681283113,11504.022371344738,0.04281526
0.04545508,0.03304594,95048.78,0.01827861153846154,1780.9128983763842,11432.360435047856,0.0426296
0.04554725,0.03308292,94842.68,0.01823897692307692,1769.7579075508188,11360.752286281131,0.04244378
0.04563942,0.03311986,94635.99,0.018199228846153846,1758.4737735509577,11288.315118129112,0.042256
0.04573162,0.03315677,94426.84,0.01815900769230769,1747.2219629255399,11216.085446069377,0.04206825
0.04582383,0.03319365,94217.04,0.018118661538461537,1735.8315110632932,11142.965782931453,0.04187839
0.04591604,0.0332305,94004.47,0.01807778269230769,1724.4744707583745,11070.060601347577,0.04168858
0.04600827,0.03326732,93791.21,0.018036771153846155,1712.987348321309,10996.320372849157,0.04149673
0.04610052,0.0333041,93574.98,0.017995188461538462,1701.5872041958412,10923.138491369911,0.04130561
0.04619277,0.03334085,93357.99,0.017953459615384616,1690.0720132114504,10849.218080140374,0.04111263
0.04628504,0.03337757,93137.67,0.017911090384615386,1678.7136879396166,10776.304649862846,0.04092122
0.04637733,0.03341426,92916.56,0.01786856923076923,1667.2694626619,10702.839794622581,0.0407283
0.04646961,0.03345091,92691.64,0.017825315384615386,1656.0205514019096,10630.62873469746,0.04053733
0.04656193,0.03348754,92465.89,0.017781901923076923,1644.6717382179502,10557.776366146853,0.04034462
0.04665423,0.03352412,92236.29,0.017737748076923077,1633.478993374486,10485.92585991229,0.04015342
0.04674657,0.03356069,92005.87,0.01769343653846154,1622.176261996636,10413.369308084342,0.03996035
0.04683892,0.03359722,91772.13,0.01764848653846154,1610.9873922378786,10341.543677499298,0.03976844
0.04693128,0.03363372,91537.66,0.017603396153846155,1599.702210950221,10269.099786406712,0.03957491
0.04702365,0.03367019,91300.6,0.017557807692307692,1588.6040680922497,10197.856566467291,0.03938376
0.04711603,0.03370662,91062.85,0.01751208653846154,1577.4499148749235,10126.25379462793,0.03919149
0.04720842,0.03374303,90823.03,0.017465967307692308,1566.5662279196765,10056.387249078145,0.03900286
0.04730083,0.0337794,90582.57,0.017419725,1555.663834999629,9986.400622792195,0.03881359
0.04739325,0.03381575,90340.53,0.017373178846153844,1545.072857671774,9918.41309219379,0.03862862
0.04748568,0.03385206,90097.91,0.017326521153846156,1534.4703763587386,9850.351713118493,0.03844306
0.04757812,0.03388834,89854.51,0.01727971346153846,1524.159072377818,9784.159512605655,0.03826178
0.04767058,0.03392458,89610.64,0.017232815384615383,1513.864969229533,9718.077730810463,0.03808033
0.04776305,0.0339608,89366.9,0.017185942307692305,1503.8839687499872,9654.00587469185,0.03790368
0.04785552,0.03399698,89122.81,0.01713900192307692,1493.9493576760183,9590.231809894422,0.03772728
0.04794802,0.03403314,88879.71,0.017092251923076923,1484.3609124036543,9528.679915657858,0.03755632
0.04804052,0.03406926,88636.36,0.017045453846153847,1474.8473209628266,9467.608536769825,0.03738599
0.04813304,0.03410535,88394.93,0.016999024999999997,1465.6609659706241,9408.637813692405,0.03722104
0.04822557,0.0341414,88153.4,0.01695257692307692,1456.5577219107527,9350.200611448803,0.03705686
0.04831811,0.03417743,87914.98,0.01690672692307692,1447.7430893254084,9293.616116547315,0.0368978
0.04841066,0.03421343,87676.61,0.016860886538461538,1439.0170477875772,9237.600321433116,0.03673962
0.04850322,0.03424939,87442.66,0.016815896153846155,1430.5691560316784,9183.370076058536,0.03658671
0.04859581,0.03428533,87208.89,0.016770940384615386,1422.2355220320924,9129.873294883053,0.03643507
0.04868839,0.03432123,86980.62,0.016727042307692307,1414.1801379383885,9078.162706181083,0.03628887
0.048781,0.0343571,86752.65,0.016683201923076922,1406.248290074797,9027.245143747114,0.03614408
0.0488736,0.03439294,86531.01,0.016640578846153845,1398.5714561406267,8977.964613174589,0.03600454
0.04896624,0.03442875,86309.78,0.016598034615384616,1391.017592955603,8929.473478831656,0.03586644
0.04905887,0.03446453,86095.71,0.01655686730769231,1383.673641499627,8882.329848091065,0.03573307
0.04915152,0.03450028,85882.15,0.016515798076923077,1376.4443295814265,8835.92213235067,0.03560108
0.04924419,0.034536,85676.52,0.016476253846153848,1369.4211086020919,8790.837393100399,0.03547386
0.04933686,0.03457169,85471.49,0.016436825000000002,1362.5138326245353,8746.496949122613,0.03534806
0.04942955,0.03460735,85274.86,0.016399011538461537,1355.8121880302838,8703.476531572198,0.03522701
0.04952225,0.03464297,85078.88,0.01636132307692308,1349.222594297761,8661.175411321221,0.03510735
0.04961496,0.03467857,84891.51,0.016325290384615384,1342.8160564533284,8620.049396767057,0.03499202
0.04970768,0.03471413,84704.85,0.016289394230769232,1336.5025939940583,8579.520868677153,0.03487784
0.04980041,0.03474966,84526.85,0.016255163461538463,1330.3297701139838,8539.895153369336,0.03476731
0.04989315,0.03478516,84349.58,0.016221073076923078,1324.229077807192,8500.732478194062,0.03465765
0.04998591,0.03482063,84180.86,0.01618862692307692,1318.2269528734262,8462.202544651802,0.03455092
0.05007868,0.03485607,84012.88,0.01615632307692308,1312.2738821980042,8423.987509138957,0.03444476
0.05017146,0.03489148,83853.14,0.016125603846153847,1306.380725067508,8386.157081565756,0.03434084
0.05026425,0.03492686,83694.09,0.016095017307692305,1300.5193979583162,8348.530983062517,0.03423727
0.05035705,0.03496221,83542.61,0.016065886538461537,1294.7109044196286,8311.244043437642,0.0341356
0.05044987,0.03499753,83391.76,0.016036876923076922,1288.9207835736318,8274.075045147905,0.03403409
0.05054269,0.03503281,83247.6,0.016009153846153847,1283.1723886338896,8237.173901395143,0.03393405
0.05063553,0.03506807,83103.99,0.01598153653846154,1277.4313895030289,8200.32023416575,0.03383402
0.05072839,0.0351033,82965.86,0.015954973076923076,1271.7174635884517,8163.640360257172,0.03373495
0.05082125,0.03513849,82828.21,0.015928501923076925,1265.9936155929893,8126.8967927198655,0.03363561
0.0509141,0.03517365,82694.66,0.015902819230769232,1260.251946452921,8090.038824445339,0.03353632
0.051007,0.03520878,82561.51,0.01587721346153846,1254.4800356885937,8052.98672362846,0.03343646
0.05109989,0.03524388,82431.14,0.01585214230769231,1248.6496371333121,8015.559167331501,0.03333583
0.0511928,0.03527896,82301.08,0.01582713076923077,1242.77139069176,7977.824457168456,0.0332344
0.05128572,0.035314,82172.49,0.015802401923076925,1236.8304538477119,7939.687313355902,0.03313191
0.05137864,0.03534901,82044.1,0.01577771153846154,1230.8366712907593,7901.210932718277,0.03302854
0.05147159,0.035384,81915.79,0.015753036538461537,1224.763714777423,7862.226304199876,0.03292364
0.05156454,0.03541894,81787.58,0.01572838076923077,1218.6241062297697,7822.813810803448,0.03281765
0.05165752,0.03545387,81658.17,0.015703494230769232,1212.3911714065334,7782.802220381277,0.03270976
0.05175049,0.03548876,81528.76,0.01567860769230769,1206.073675427131,7742.247799584314,0.0326005
0.05184348,0.03552362,81397.21,0.015653309615384615,1199.6446315434066,7700.977310163699,0.03248896
0.05193648,0.03555845,81265.56,0.015627992307692306,1193.1260281849438,7659.131904251371,0.03237598
0.05202949,0.03559325,81130.88,0.015602092307692309,1186.5282754503307,7616.7784082481785,0.03226109
0.05212251,0.03562802,80996.0,0.015576153846153845,1179.8440799992404,7573.870003415556,0.03214477
0.05221554,0.03566276,80857.2,0.015549461538461538,1173.1191497741831,7530.700106502859,0.03202697
0.05230858,0.03569747,80718.12,0.015522715384615384,1166.3120563659552,7487.002772720366,0.03190777
0.05240164,0.03573215,80574.33,0.015495063461538462,1159.480351661168,7443.147449620543,0.03178719
0.05249471,0.0357668,80430.17,0.015467340384615384,1152.5546371332118,7398.688641541817,0.031665
0.05258779,0.03580142,80280.84,0.015438623076923076,1145.5901699974108,7353.981065664799,0.03154121
0.05268088,0.03583601,80131.09,0.015409824999999999,1138.5214358138983,7308.604159764946,0.03141565
0.05277398,0.03587057,79976.14,0.015380026923076924,1131.404588385431,7262.9183965602115,0.0312884
0.05286709,0.03590509,79820.74,0.015350142307692308,1124.1776425553446,7216.525869643574,0.03115931
0.05296021,0.03593959,79660.38,0.015319303846153848,1116.940537571189,7170.068127234847,0.0310292
0.05305334,0.03597406,79499.54,0.015288373076923076,1109.6103685304647,7123.012971084432,0.0308975
0.05314648,0.0360085,79334.0,0.015256538461538462,1102.331702201525,7076.288430521698,0.03076576
0.05323964,0.03604291,79167.97,0.015224609615384615,1094.9768903736317,7029.075082903694,0.03063264
0.05333281,0.03607729,78997.45,0.015191817307692307,1087.7308045112582,6982.5596888058235,0.0305004
0.05342599,0.03611164,78826.44,0.01515893076923077,1080.4203658497504,6935.63118949917,0.03036692
0.05351918,0.03614596,78651.26,0.015125242307692306,1073.2270026061983,6889.454242038413,0.03023449
0.05361238,0.03618025,78475.61,0.015091463461538461,1065.9728869442079,6842.887301588373,0.03010088
0.05370559,0.03621451,78296.33,0.015056986538461539,1058.8439164454624,6797.123715762932,0.02996858
0.05379881,0.03624873,78116.61,0.015022425,1051.6634876538715,6751.0297994919565,0.02983522
0.05389204,0.03628293,77933.89,0.014987286538461538,1044.6191175304955,6705.809295804361,0.02970349
0.05398529,0.0363171,77750.77,0.014952071153846155,1037.538542581145,6660.356379503882,0.02957096
0.05407854,0.03635124,77565.3,0.014916403846153847,1030.632740639014,6616.0253979227655,0.02944075
0.05417181,0.03638535,77379.45,0.01488066346153846,1023.7001569933282,6571.522494352437,0.02930986
0.05426508,0.03641943,77191.91,0.014844598076923078,1016.9452944180427,6528.160450245574,0.02918149
0.05435837,0.03645348,77004.04,0.01480846923076923,1010.1709364486165,6484.673257753944,0.02905254
0.05445167,0.03648751,76815.17,0.014772148076923076,1003.5791780526029,6442.358241700837,0.02892632
0.05454498,0.0365215,76625.85,0.014735740384615385,996.9718164692398,6399.943062825689,0.02879961
0.05463829,0.03655546,76436.23,0.014699275,990.5061485565149,6358.437469767778,0.02867522
0.05473162,0.0365894,76246.72,0.01466283076923077,984.0529045006109,6317.01163019433,0.02855074
0.05482496,0.0366233,76057.67,0.014626475,977.847292486855,6277.17543532708,0.02843022
0.05491832,0.03665717,75868.24,0.014590046153846155,971.6474117358914,6237.376031625781,0.02830958
0.05501167,0.03669102,75679.54,0.01455375769230769,965.6881201767522,6199.121061883168,0.0281929
0.05510505,0.03672483,75490.27,0.014517359615384615,959.7823305848453,6161.20954171293,0.02807679
0.05519843,0.03675862,75301.79,0.01448111346153846,954.1005821623814,6124.736227422214,0.02796444
0.05529183,0.03679237,75113.99,0.014444998076923078,948.428345374724,6088.3239719500025,0.02785199
0.05538523,0.0368261,74927.94,0.014409219230769231,942.9274021659288,6053.011315416935,0.02774256
0.05547865,0.03685979,74741.43,0.014373351923076922,937.4284202206273,6017.711248983691,0.02763299
0.05557208,0.03689346,74556.77,0.014337840384615386,932.0905900601227,5983.445677438001,0.02752636
0.05566551,0.0369271,74372.06,0.014302319230769231,926.7930382006482,5949.438667698173,0.02742015
0.05575896,0.0369607,74189.36,0.014267184615384615,921.6753947341646,5916.586558681361,0.02731718
0.05585242,0.03699428,74006.64,0.014232046153846154,916.5893416744337,5883.9372405571385,0.02721451
0.05594589,0.03702783,73826.14,0.014197334615384615,911.6566276530848,5852.272264315748,0.02711468
0.05603937,0.03706135,73645.64,0.014162623076923076,906.7520388445038,5820.787834562603,0.02701511
0.05613286,0.03709484,73467.6,0.014128384615384617,901.9793222785754,5790.149943127395,0.02691811
0.05622636,0.0371283,73289.58,0.01409415,897.2363597870603,5759.703054465773,0.02682141
0.05631987,0.03716174,73114.14,0.014060411538461538,892.6283999477711,5730.1227994173605,0.02672734
0.05641339,0.03719514,72938.74,0.01402668076923077,888.0514807964365,5700.7418064065105,0.0266336
0.05650692,0.03722851,72765.94,0.013993450000000001,883.6082316620058,5672.218892313498,0.02654247
0.05660046,0.03726186,72593.2,0.013960230769230768,879.1964076910945,5643.897708353617,0.02645169
0.05669401,0.03729518,72423.03,0.013927505769230769,874.9186503871224,5616.437149559724,0.0263635
0.05678757,0.03732846,72252.92,0.013894792307692307,870.6695173863366,5589.160341106191,0.02627562
0.05688115,0.03736172,72085.37,0.013862571153846153,866.5447955945202,5562.682175744296,0.02619017
0.05697473,0.03739495,71917.89,0.013830363461538462,862.4436234878759,5536.3551848105635,0.02610495
0.05706832,0.03742815,71753.05,0.013798663461538463,858.4546824533164,5510.748648015411,0.02602197
0.05716193,0.03746132,71588.3,0.01376698076923077,854.4855985136747,5485.269581500529,0.02593918
0.05725554,0.03749446,71426.31,0.013735828846153845,850.6116592190747,5460.401284819799,0.02585837
0.05734916,0.03752758,71264.43,0.013704698076923075,846.7505560538189,5435.6153881584005,0.02577764
0.0574428,0.03756066,71105.45,0.013674124999999999,842.9807384311384,5411.415488277744,0.02569887
0.05753644,0.03759372,70946.6,0.013643576923076925,839.2320934102239,5387.351503418511,0.02562035
0.05763009,0.03762675,70790.64,0.013613584615384615,835.5989751681315,5364.0291290987925,0.02554416
0.05772376,0.03765974,70634.82,0.013583619230769232,831.9938744833594,5340.886610185865,0.02546832
0.05781744,0.03769271,70481.74,0.01355418076923077,828.5296368488647,5318.648345020675,0.02539517
0.05791112,0.03772565,70328.79,0.013524767307692306,825.0975617112566,5296.6165432132575,0.02532243
0.05800482,0.03775856,70178.44,0.013495853846153847,821.7878908927722,5275.370501504666,0.02525201
0.05809852,0.03779144,70028.22,0.013466965384615386,818.498042655601,5254.251708520328,0.02518178
0.05819224,0.03782429,69880.65,0.013438586538461538,815.2908765535154,5233.663683756435,0.02511323
0.05828596,0.03785711,69733.23,0.013410236538461538,812.0925860914352,5213.132635117385,0.02504471
0.0583797,0.03788991,69588.69,0.013382440384615385,808.9450052183889,5192.927110708003,0.02497742
0.05847344,0.03792268,69444.33,0.013354678846153847,805.8060249088622,5172.776796602387,0.0249102
0.0585672,0.03795542,69303.05,0.013327509615384616,802.7423905729898,5153.11015709362,0.02484466
0.05866097,0.03798813,69161.95,0.013300375,799.6953790659513,5133.55022587522,0.02477932
0.05875474,0.03802081,69023.97,0.013273840384615385,796.7501233761782,5114.643504131805,0.02471608
0.05884851,0.03805346,68886.17,0.013247340384615384,793.8282414138542,5095.8868272766895,0.02465316
0.05894232,0.03808609,68751.35,0.013221413461538463,791.0254340694127,5077.8945358957535,0.02459257
0.05903611,0.03811868,68616.71,0.013195521153846155,788.2458015702401,5060.0510127024045,0.02453226
0.05912994,0.03815125,68484.95,0.013170182692307691,785.5595939762276,5042.807219675743,0.02447382
0.05922376,0.03818379,68353.38,0.01314488076923077,782.8910362519189,5025.6767279072565,0.02441558
0.05931759,0.03821629,68224.7,0.013120134615384615,780.2971752608319,5009.025743013188,0.02435888
0.05941144,0.03824878,68096.21,0.013095425,777.715835470418,4992.455136490968,0.0243023
0.05950529,0.03828123,67970.71,0.013071290384615386,775.1880421006683,4976.228264904687,0.02424707
0.05959917,0.03831366,67845.4,0.013047192307692307,772.6707747590008,4960.06896391498,0.02419194
0.05969304,0.03834605,67723.11,0.013023675,770.2130944892044,4944.292175109624,0.02413839
0.05978693,0.03837842,67601.02,0.013000196153846155,767.7696783495392,4928.606953206333,0.02408501
0.05988082,0.03841076,67481.81,0.012977271153846153,765.3913690558835,4913.339677026861,0.02403325
0.05997472,0.03844307,67362.79,0.01295438269230769,763.0300352009214,4898.181372675189,0.0239817
0.06006864,0.03847536,67246.44,0.012932007692307693,760.7407555689797,4883.48561191517,0.02393174
0.06016256,0.03850761,67130.27,0.012909667307692309,758.4675759134373,4868.893203055944,0.02388198
0.0602565,0.03853984,67016.52,0.012887792307692308,756.2574473581373,4854.705543302894,0.02383352
0.06035044,0.03857203,66902.96,0.012865953846153848,754.0576060061283,4840.583921038819,0.02378515
0.06044439,0.0386042,66791.63,0.012844544230769231,751.9071671611854,4826.779432345786,0.02373777
0.06053834,0.03863634,66680.46,0.012823165384615386,749.7616401927926,4813.006474865302,0.02369041
0.06063232,0.03866845,66571.35,0.012802182692307693,747.6499898919285,4799.450984658979,0.02364375
0.06072629,0.03870054,66462.4,0.012781230769230769,745.5407781624776,4785.911148574409,0.02359706
0.06082029,0.0387326,66355.32,0.012760638461538463,743.4653314854295,4772.588063263854,0.02355105
0.0609143,0.03876463,66248.37,0.012740071153846153,741.3926146248986,4759.282501688667,0.02350503
0.06100831,0.03879663,66143.05,0.012719817307692309,739.359080867866,4746.228471427879,0.02345974
0.06110233,0.0388286,66037.84,0.012699584615384615,737.3272925700106,4733.185645936542,0.02341442
0.06119636,0.03886055,65933.94,0.012679603846153846,735.3360707615266,4720.403232242154,0.0233698
0.0612904,0.03889246,65830.13,0.012659640384615386,733.3455165319724,4707.62510399202,0.02332513
0.06138444,0.03892435,65727.26,0.012639857692307691,731.3832172556173,4695.0283550835375,0.02328089
0.0614785,0.03895621,65624.47,0.012620090384615385,729.4176924966343,4682.410900569513,0.02323652
0.06157257,0.03898804,65522.26,0.012600434615384615,727.4703204009807,4669.9099749380775,0.02319238
0.06166664,0.03901985,65420.1,0.012580788461538461,725.5164199384626,4657.367141225054,0.02314806
0.06176073,0.03905162,65318.16,0.012561184615384616,723.5733261476131,4644.893679667026,0.0231038
0.06185483,0.03908337,65216.26,0.012541588461538461,721.6225663043956,4632.371006789418,0.02305935
0.06194893,0.03911509,65114.2,0.012521961538461537,719.6882779533119,4619.954070714069,0.02301501
0.06204305,0.03914679,65012.14,0.012502334615384615,717.7428273346555,4607.465479777734,0.02297043
0.06213717,0.03917845,64909.58,0.012482611538461539,715.8099557486302,4595.057638458683,0.02292583
0.0622313,0.03921009,64806.99,0.012462882692307692,713.8628640564222,4582.558512844116,0.02288094
0.06232544,0.0392417,64703.56,0.012442992307692307,711.9195339566536,4570.083534328835,0.02283587
0.06241959,0.03927328,64600.12,0.012423100000000001,709.9554293495801,4557.4751963126,0.02279039
0.06251376,0.03930483,64495.62,0.012403003846153846,707.9913380529903,4544.866943741446,0.02274465
0.06260793,0.03933636,64391.06,0.012382896153846154,706.0089824427541,4532.141445561653,0.02269856
0.06270211,0.03936786,64285.18,0.012362534615384616,704.0353093751336,4519.47168394077,0.02265235
0.0627963,0.03939933,64179.22,0.012342157692307693,702.0459837923136,4506.701442843525,0.02260583
0.06289049,0.03943077,64071.63,0.012321467307692307,700.0765236773082,4494.058725775374,0.02255933
0.0629847,0.03946219,63963.93,0.01230075576923077,698.0940718397109,4481.332609875379,0.02251257
0.06307892,0.03949358,63854.26,0.012279665384615385,696.134095830687,4468.750774907686,0.02246582
0.06317314,0.03952493,63744.46,0.01225855,694.1564948877335,4456.0557987540815,0.0224187
0.06326738,0.03955627,63632.43,0.01223700576923077,692.1914144542651,4443.441196535325,0.02237141
0.06336162,0.03958757,63520.27,0.012215436538461537,690.2034836332643,4430.679908947178,0.02232366
0.06345588,0.03961885,63405.78,0.01219341923076923,688.2200897301311,4417.9477455685155,0.02227562
0.06355014,0.0396501,63291.13,0.012171371153846153,686.2097554175581,4405.042641406918,0.02222706
0.06364441,0.03968132,63174.16,0.012148876923076923,684.2093792016748,4392.201462073261,0.02217834
0.06373869,0.03971252,63057.02,0.01212635,682.1855625067849,4379.209809347548,0.02212919
0.06383298,0.03974369,62937.56,0.012103376923076923,680.189882414436,4366.398776225388,0.0220802
0.06392728,0.03977482,62817.92,0.01208036923076923,678.1757895127364,4353.469544243917,0.02203085
0.06402158,0.03980594,62695.93,0.012056909615384616,676.2047096014651,4340.8164290845625,0.02198193
0.0641159,0.03983702,62573.74,0.012033411538461538,674.2181187308461,4328.063743149952,0.02193269
0.06421023,0.03986808,62449.21,0.012009463461538462,672.2763565226588,4315.59882952987,0.0218839
0.06430456,0.03989911,62324.49,0.011985478846153846,670.3169570298868,4303.020695440302,0.02183475
0.06439889,0.03993011,62197.53,0.011961063461538461,668.3944038841236,4290.67909213228,0.02178594
0.06449325,0.03996108,62070.38,0.011936611538461537,666.4539142718626,4278.222347791746,0.02173675
0.06458761,0.03999203,61941.17,0.01191176346153846,664.5488410766019,4265.992954965615,0.02168791
0.06468198,0.04002295,61811.77,0.011886878846153845,662.6257875056962,4253.648139237376,0.02163872
0.06477637,0.04005385,61680.51,0.01186163653846154,660.7506684365741,4241.611033393301,0.02159016
0.06487075,0.04008471,61549.07,0.011836359615384616,658.8625425967965,4229.49043211811,0.02154132
0.06496516,0.04011555,61415.99,0.011810767307692307,657.0286527291784,4217.717992273407,0.02149328
0.06505955,0.04014636,61282.74,0.011785142307692308,655.1865326414925,4205.892719501074,0.02144504
0.06515397,0.04017715,61148.09,0.011759248076923075,653.4035729633596,4194.447220004633,0.02139772
0.0652484,0.04020791,61013.27,0.011733321153846153,651.615482569814,4182.968784485357,0.02135026
0.06534283,0.04023864,60877.36,0.011707184615384615,649.8850725328705,4171.860621216509,0.02130375
0.06543728,0.04026935,60741.3,0.011681019230769231,648.1508707930888,4160.728117558218,0.02125712
0.06553173,0.04030002,60604.44,0.0116547,646.4885972687083,4150.057348600522,0.02121176
0.06562619,0.04033067,60467.47,0.011628359615384616,644.8266218715294,4139.388493435256,0.02116636
0.06572065,0.0403613,60330.02,0.011601926923076922,643.2490394002002,4129.261388710095,0.02112247
0.06581513,0.04039189,60192.47,0.011575475,641.6759355058217,4119.163033681779,0.02107861
0.06590961,0.04042246,60054.82,0.011549003846153845,640.1851401367439,4109.5930485299305,0.02103626
0.06600411,0.040453,59917.08,0.011522515384615385,638.6992623166165,4100.054631003937,0.02099395
0.06609861,0.04048351,59779.67,0.011496090384615383,637.2897849723528,4091.0066573274335,0.02095312
0.06619313,0.040514,59642.2,0.011469653846153846,635.8892649155488,4082.016183901981,0.02091239
0.06628765,0.04054446,59505.47,0.011443359615384615,634.5633213685715,4073.5044455910343,0.02087318
0.06638218,0.04057489,59368.71,0.011417059615384615,633.2513228289432,4065.0822256110673,0.02083416
0.06647671,0.0406053,59233.02,0.011390965384615384,632.0278035216396,4057.227987633967,0.02079694
0.06657126,0.04063568,59097.31,0.011364867307692306,630.8255500696588,4049.5102633085066,0.02076003
0.06666581,0.04066603,58962.93,0.011339025,629.7075626846109,4042.3334750672875,0.02072486
0.06676038,0.04069635,58828.56,0.011313184615384615,628.6101912547015,4035.289028520078,0.02068998
0.06685495,0.04072665,58695.85,0.011287663461538462,627.5889583535745,4028.733344283944,0.02065674
0.06694953,0.04075692,58563.17,0.011262148076923077,626.5860229691355,4022.2951187994618,0.02062376
0.06704412,0.04078717,58432.56,0.01123703076923077,625.6478584944334,4016.2726825354935,0.0205923
0.06713872,0.04081739,58302.01,0.011211925000000001,624.7288695308201,4010.3733412047427,0.02056113
0.06723332,0.04084758,58173.94,0.011187296153846154,623.8877398236757,4004.973808193629,0.02053179
0.06732794,0.04087775,58045.96,0.011162684615384616,623.0711654962055,3999.731905547993,0.02050285
0.06742256,0.04090789,57920.81,0.011138617307692307,622.343492415033,3995.0606939741815,0.02047596
0.06751719,0.040938,57795.77,0.011114571153846153,621.6480094102361,3990.5961228014216,0.0204496
0.06761184,0.04096809,57673.8,0.011091115384615385,621.0513554096849,3986.7659727724485,0.02042544
0.06770649,0.04099815,57551.94,0.01106768076923077,620.4898461626143,3983.1614303459346,0.02040184
0.06780114,0.04102818,57433.33,0.011044871153846154,620.007520365679,3980.0651967442172,0.02038008
0.06789579,0.04105818,57314.86,0.011022088461538461,619.5576219333229,3977.177126787204,0.02035882
0.06799047,0.04108815,57199.81,0.010999963461538462,619.1710401026418,3974.6955102915194,0.02033915
0.06808516,0.04111811,57084.93,0.010977871153846155,618.8148173369348,3972.408780235016,0.02031994
0.06817984,0.04114803,56973.7,0.010956480769230769,618.5081459727818,3970.4401395601685,0.02030213
0.06827456,0.04117794,56862.66,0.010935126923076924,618.230752957592,3968.659447795453,0.02028479
0.06836927,0.04120781,56755.49,0.010914517307692308,618.0200423011472,3967.306815572856,0.02026919
0.06846398,0.04123766,56648.51,0.010893944230769231,617.8414738334136,3966.1605163420927,0.02025411
0.0685587,0.04126748,56545.51,0.010874136538461539,617.737424202984,3965.492582003873,0.02024089
0.06865343,0.04129727,56442.72,0.010854369230769231,617.6687718609733,3965.0518763863815,0.02022825
0.06874817,0.04132704,56343.94,0.010835373076923078,617.6825889321982,3965.140573446493,0.02021758
0.06884292,0.04135678,56245.38,0.01081641923076923,617.729837143187,3965.443877767792,0.02020743
0.06893768,0.0413865,56150.89,0.010798248076923077,617.8455119700767,3966.186438684427,0.02019898
0.06903245,0.04141619,56056.61,0.010780117307692308,617.9933057255793,3967.135183277436,0.02019103
0.06912722,0.04144585,55966.48,0.010762784615384616,618.2070159578996,3968.5070709238057,0.02018474
0.069222,0.04147548,55876.57,0.010745494230769231,618.4497871327401,3970.065511865273,0.0201789
0.06931679,0.04150509,55790.82,0.010729003846153846,618.7551384889827,3972.025678904929,0.02017464
0.06941159,0.04153467,55705.3,0.010712557692307693,619.0899595019907,3974.1750229326053,0.02017085
0.0695064,0.04156423,55623.93,0.010696909615384616,619.4910405701019,3976.7497155739466,0.02016866
0.06960122,0.04159376,55542.79,0.01068130576923077,619.9177339875837,3979.488823673148,0.02016687
0.06969604,0.04162326,55465.78,0.010666496153846154,620.4057616204756,3982.621659538714,0.02016658
0.06979087,0.04165274,55388.99,0.010651728846153846,620.9182669364579,3985.911627005697,0.02016666
0.06988571,0.04168219,55316.34,0.010637757692307691,621.4854156080448,3989.5523710531747,0.0201681
0.06998056,0.04171162,55243.9,0.010623826923076923,622.0778061299068,3993.3551521832383,0.02016994
0.07007542,0.04174102,55175.52,0.010610676923076922,622.7308993467499,3997.54760710871,0.02017322
0.07017028,0.04177039,55107.34,0.010597565384615384,623.4093620610096,4001.9029185325476,0.02017688
0.07026515,0.04179973,55043.09,0.010585209615384615,624.1463521445054,4006.6339395045793,0.02018191
0.07036003,0.04182906,54979.04,0.010572892307692308,624.9065923710425,4011.5142120293713,0.02018728
0.07045492,0.04185835,54918.75,0.010561298076923077,625.726148359891,4016.7752550987775,0.02019399
0.07054982,0.04188762,54858.67,0.01054974423076923,626.5644192993391,4022.1564365876266,0.02020095
0.07064472,0.04191686,54802.24,0.010538892307692307,627.4561180778943,4027.880591792089,0.02020915
0.07073963,0.04194608,54746.01,0.010528078846153846,628.365981270753,4033.721351313134,0.0202176
0.07083455,0.04197527,54693.3,0.010517942307692308,629.3361915698084,4039.9495019693,0.02022738
0.07092948,0.04200444,54640.79,0.01050784423076923,630.3246716295738,4046.294933200888,0.02023742
0.07102442,0.04203358,54591.63,0.010498390384615384,631.3815294564278,4053.0793074486187,0.02024886
0.07111936,0.04206269,54542.67,0.010488975,632.4555015300651,4059.9735445863203,0.02026055
0.07121431,0.04209178,54496.9,0.010480173076923078,633.5987556694174,4067.312529778607,0.02027359
0.07130927,0.04212084,54451.3,0.010471403846153847,634.7546551623766,4074.732690327865,0.02028678
0.07140423,0.04214987,54408.77,0.010463225,635.9691841586142,4082.529216062764,0.02030111
0.0714992,0.04217888,54366.41,0.010455078846153846,637.1934021306799,4090.3879390359534,0.02031555
0.0715942,0.04220787,54326.95,0.010447490384615383,638.4696974987854,4098.5809667146605,0.02033098
0.07168917,0.04223682,54287.66,0.010439934615384616,639.754034379557,4106.825615936074,0.02034648
0.07178418,0.04226576,54251.1,0.010432903846153845,641.0908301754135,4115.407018979548,0.02036297
0.07187918,0.04229466,54214.68,0.0104259,642.4370094734439,4124.048658309194,0.02037956
0.0719742,0.04232355,54180.8,0.010419384615384615,643.8369638272773,4133.035500271105,0.02039712
0.07206922,0.0423524,54147.06,0.010412896153846154,645.2460493521164,4142.080958708997,0.02041476
0.07216425,0.04238123,54115.63,0.010406851923076922,646.7070898973915,4151.459936276643,0.0204333
0.0722593,0.04241004,54084.34,0.010400834615384614,648.1766069066222,4160.893327505532,0.02045192
0.07235435,0.04243882,54055.14,0.01039521923076923,649.6931406392321,4170.628537048296,0.02047132
0.0724494,0.04246757,54026.06,0.010389626923076923,651.2144783932331,4180.39458544013,0.02049073
0.07254446,0.0424963,53998.83,0.010384390384615385,652.7841129623685,4190.470669543977,0.02051093
0.07263953,0.042525,53971.72,0.010379176923076923,654.3590143058557,4200.580563084982,0.02053115
0.07273461,0.04255368,53946.22,0.010374273076923077,655.9876311939465,4211.035277233122,0.0205522
0.07282969,0.04258233,53920.82,0.010369388461538462,657.6207258753906,4221.518736047896,0.02057326
0.07292478,0.04261096,53896.79,0.010364767307692308,659.3094787945915,4232.359486359517,0.02059514
0.07301988,0.04263956,53872.87,0.010360167307692307,660.9998619792765,4243.2107019682535,0.02061697
0.07311499,0.04266813,53850.11,0.010355790384615385,662.7377116047547,4254.366622798797,0.02063944
0.07321011,0.04269668,53827.43,0.010351428846153846,664.4738486725958,4265.511550067447,0.0206618
0.07330523,0.0427252,53805.76,0.01034726153846154,666.2506480730394,4276.917504387374,0.02068467
0.07340036,0.0427537,53784.16,0.010343107692307693,668.0243620429055,4288.303652149387,0.02070742
0.0734955,0.04278217,53763.44,0.010339123076923078,669.829070472358,4299.8887651914,0.02073051
0.07359064,0.04281062,53742.78,0.01033515,671.6342164115744,4311.4766867757735,0.02075353
0.0736858,0.04283904,53722.82,0.010331311538461539,673.4737133947428,4323.285120837842,0.02077692
0.07378096,0.04286743,53702.91,0.010327482692307693,675.3136909236514,4335.096639706648,0.02080023
0.07387613,0.0428958,53683.45,0.010323740384615384,677.1807665703784,4347.082111748735,0.02082375
0.0739713,0.04292415,53664.03,0.01032000576923077,679.0474414178607,4359.065010907313,0.02084717
0.07406649,0.04295247,53644.75,0.010316298076923077,680.936168735281,4371.189473297335,0.0208707
0.07416168,0.04298076,53625.52,0.0103126,682.8196313288568,4383.28013941319,0.02089405
0.07425687,0.04300903,53606.19,0.010308882692307692,684.7186490562699,4395.470659877232,0.0209174
0.07435208,0.04303728,53586.88,0.01030516923076923,686.6123521225522,4407.627063500582,0.02094061
0.07444729,0.0430655,53567.3,0.010301403846153847,688.534508869994,4419.9661221763035,0.02096403
0.07454251,0.04309369,53547.74,0.010297642307692307,690.4508022365719,4432.267541569684,0.02098728
0.07463773,0.04312186,53527.76,0.0102938,692.4025069427511,4444.796279883703,0.02101082
0.07473298,0.04315001,53507.79,0.010289959615384616,694.349629503432,4457.295603654794,0.02103421
0.07482821,0.04317812,53487.29,0.010286017307692307,696.3308784525403,4470.013997753919,0.0210578
0.07492347,0.04320621,53466.8,0.010282076923076923,698.3046198662915,4482.684198114732,0.02108118
0.07501873,0.04323428,53445.68,0.010278015384615384,700.2869208883288,4495.409345872017,0.02110433
0.075114,0.04326232,53424.56,0.010273953846153846,702.26096266876,4508.081474401328,0.02112724
0.07520927,0.04329034,53402.68,0.010269746153846154,704.225371826338,4520.691767443629,0.02114966
0.07530455,0.04331833,53380.79,0.010265536538461538,706.1796815113439,4533.237228112178,0.02117182
0.07539984,0.0433463,53357.98,0.01026115,708.1210533229437,4545.699635627382,0.02119346
0.07549513,0.04337424,53335.15,0.010256759615384616,710.0545970082924,4558.111791408819,0.02121492
0.07559043,0.04340216,53311.25,0.010252163461538462,711.9910570276132,4570.542668252441,0.02123611
0.07568574,0.04343005,53287.31,0.010247559615384615,713.9208705975701,4582.930878997789,0.02125712
0.07578106,0.04345792,53262.16,0.010242723076923078,715.8620351600144,4595.391956101468,0.02127798
0.07587639,0.04348577,53236.96,0.010237876923076922,717.7989625677943,4607.825833290212,0.0212987
0.07597172,0.04351359,53210.42,0.010232773076923076,719.7443097104288,4620.313759974421,0.02131919
0.07606706,0.04354138,53183.84,0.010227661538461538,721.6814254294833,4632.748846005197,0.02133945
0.0761624,0.04356915,53155.8,0.010222269230769231,723.6177313381945,4645.178733553927,0.02135934
0.07625775,0.04359689,53127.72,0.010216869230769232,725.5458248919957,4657.5559028583,0.02137901
0.07635312,0.04362461,53098.1,0.010211173076923076,727.47152612629,4669.917714949582,0.02139829
0.07644848,0.0436523,53068.41,0.010205463461538462,729.3870654470874,4682.214293834954,0.02141731
0.07654386,0.04367997,53037.15,0.010199451923076924,731.2986687452255,4694.4856058868045,0.02143592
0.07663924,0.04370761,53005.83,0.010193428846153846,733.2029583758032,4706.709968711812,0.02145433
0.07673463,0.04373523,52972.88,0.010187092307692307,735.1021198282531,4718.901411801786,0.02147231
0.07683003,0.04376282,52939.87,0.010180744230769232,736.9923647757993,4731.035616439518,0.02149005
0.07692543,0.04379039,52905.23,0.010174082692307693,738.8720027343336,4743.101730761534,0.02150728
0.07702084,0.04381794,52870.51,0.01016740576923077,740.7440081641034,4755.118848964791,0.02152429
0.07711626,0.04384546,52834.12,0.010160407692307694,742.6000121009688,4767.033247470444,0.02154073
0.07721169,0.04387295,52797.66,0.010153396153846155,744.4475453283535,4778.893269255027,0.02155695
0.07730712,0.04390042,52759.52,0.010146061538461537,746.2823082265031,4790.671313416324,0.02157266
0.07740256,0.04392787,52721.29,0.010138709615384616,748.1092226850508,4802.39897544469,0.02158816
0.077498,0.04395529,52681.4,0.010131038461538462,749.92394589737,4814.048377204875,0.02160318
0.07759346,0.04398269,52641.42,0.01012335,751.7318697030762,4825.654130975752,0.021618
0.07768892,0.04401006,52599.77,0.010115340384615383,753.5309412621115,4837.20305879254,0.02163239
0.07778439,0.04403741,52558.03,0.010107313461538462,755.3244559960327,4848.716315225491,0.0216466
0.07787986,0.04406473,52514.59,0.010098959615384614,757.1055877238232,4860.150080410169,0.02166034
0.07797534,0.04409203,52471.07,0.010090590384615385,758.8804565188339,4871.543641436078,0.02167389
0.07807083,0.0441193,52425.88,0.0100819,760.6447193001392,4882.869118407137,0.02168702
0.07816632,0.04414655,52380.59,0.010073190384615384,762.4026773610518,4894.154122968771,0.02169996
0.07826183,0.04417378,52333.68,0.010064169230769231,764.1536252923948,4905.394126829917,0.02171254
0.07835734,0.04420098,52286.69,0.010055132692307693,765.9009221414982,4916.610692998978,0.02172498
0.07845286,0.04422815,52238.11,0.010045790384615385,767.6425149157875,4927.790642532109,0.02173709
0.07854838,0.04425531,52189.45,0.010036432692307692,769.3804351840885,4938.947016845927,0.02174904
0.07864391,0.04428243,52139.25,0.010026778846153847,771.1100824715105,4950.050283734126,0.02176064
0.07873945,0.04430954,52088.97,0.010017109615384616,772.8358004558146,4961.1283269241085,0.02177209
0.07883499,0.04433661,52037.24,0.010007161538461538,774.5514266064234,4972.141586777207,0.02178317
0.07893054,0.04436367,51985.43,0.009997198076923078,776.2629958277716,4983.128803651107,0.02179411
0.0790261,0.0443907,51932.27,0.009986974999999999,777.9669146799093,4994.066909881608,0.02180475
0.07912165,0.0444177,51879.02,0.009976734615384614,779.6696873405248,5004.997658270734,0.02181528
0.07921722,0.04444468,51824.49,0.009966248076923076,781.3667781071017,5015.891932410804,0.02182556
0.07931281,0.04447164,51769.89,0.009955748076923078,783.0637498951576,5026.785442782282,0.02183574
0.07940838,0.04449857,51714.09,0.009945017307692308,784.7550823945439,5037.642752404849,0.0218457
0.07950399,0.04452548,51658.21,0.009934271153846154,786.4461463518556,5048.49833815322,0.02185557
0.07959959,0.04455237,51601.24,0.009923315384615385,788.1319133267768,5059.319920547491,0.02186523
0.0796952,0.04457923,51544.19,0.009912344230769232,789.8177120042334,5070.14170645245,0.0218748
0.07979081,0.04460607,51486.15,0.009901182692307692,791.499029869328,5080.934728310605,0.0218842
0.07988643,0.04463288,51428.04,0.009890007692307693,793.1828639277871,5091.743902575481,0.02189355
0.07998205,0.04465967,51369.02,0.009878657692307691,794.8663044257258,5102.550550424984,0.02190282
0.08007769,0.04468643,51309.93,0.00986729423076923,796.5546801605717,5113.388879446097,0.02191207
0.08017332,0.04471317,51250.01,0.009855771153846154,798.2462750806325,5124.247873647251,0.02192129
0.08026897,0.04473988,51190.01,0.009844232692307693,799.9426733794483,5135.13770257215,0.02193049
0.08036463,0.04476658,51129.23,0.009832544230769232,801.6407553385103,5146.038339555546,0.02193966
0.08046029,0.04479324,51068.38,0.009820842307692307,803.3448659055388,5156.977676477192,0.02194882
0.08055595,0.04481989,51006.81,0.009809001923076923,805.0574656458018,5167.971508645798,0.02195807
0.08065163,0.0448465,50945.17,0.009797148076923076,806.7774875581988,5179.012986573568,0.02196733
0.0807473,0.0448731,50882.88,0.00978516923076923,808.5101519482644,5190.135621396563,0.02197673
0.08084299,0.04489967,50820.54,0.009773180769230769,810.251116023419,5201.3115350697035,0.02198617
0.08093868,0.04492621,50757.63,0.009761082692307691,812.0080089987404,5212.589702439926,0.0219958
0.08103438,0.04495274,50694.67,0.009748975,813.7728250166082,5223.918730847888,0.02200544
0.08113009,0.04497923,50631.28,0.009736784615384615,815.5460136572271,5235.301506320719,0.02201519
0.08122581,0.04500571,50567.83,0.009724582692307693,817.3273157618028,5246.736365219088,0.02202494
0.08132152,0.04503216,50504.08,0.009712323076923077,819.1113200277773,5258.188570324052,0.02203476
0.08141722,0.04505858,50440.29,0.00970005576923077,820.9037727357521,5269.695009206621,0.02204459
0.08151292,0.04508497,50376.29,0.009687748076923077,822.7033078222972,5281.246912583622,0.02205458
0.08160865,0.04511135,50312.24,0.009675430769230768,824.5134934029938,5292.867185552455,0.02206462
0.08170442,0.04513771,50248.06,0.00966308846153846,826.3336876649144,5304.551708070683,0.02207485
0.08180021,0.04516405,50183.85,0.009650740384615384,828.1644243728305,5316.303906578342,0.02208513
0.08189594,0.04519035,50119.68,0.0096384,830.003885885746,5328.112112943303,0.02209563
0.08199168,0.04521663,50055.48,0.009626053846153847,831.8583994923993,5340.016944449824,0.02210624
0.08208745,0.04524289,49991.31,0.009613713461538461,833.7172667606528,5351.949723773822,0.02211699
0.08218325,0.04526913,49927.12,0.009601369230769232,835.5903235786415,5363.973591239824,0.02212784
0.08227908,0.04529536,49862.99,0.009589036538461538,837.4782393254362,5376.092843847875,0.022139
0.08237487,0.04532155,49798.83,0.009576698076923077,839.3808651878591,5388.30652630932,0.02215028
0.08247067,0.04534771,49734.78,0.009564380769230768,841.3047051382972,5400.656390108277,0.02216197
0.08256648,0.04537385,49670.7,0.009552057692307691,843.2432178764591,5413.100444138546,0.02217376
0.08266229,0.04539997,49606.77,0.009539763461538462,845.213684440302,5425.749621986379,0.02218609
0.08275811,0.04542607,49542.82,0.009527465384615385,847.1981134246524,5438.48842994691,0.02219852
0.08285393,0.04545214,49479.13,0.009515217307692307,849.2074742951693,5451.3872852119675,0.02221137
0.08294976,0.04547818,49415.44,0.009502969230769232,851.2302352890844,5464.3721609897075,0.0222243
0.0830456,0.04550421,49352.14,0.009490796153846154,853.2693864975361,5477.462251817752,0.02223757
0.08314144,0.04553021,49288.83,0.009478621153846154,855.3198603203831,5490.625026834312,0.02225089
0.08323729,0.04555618,49226.03,0.00946654423076923,857.3799352210173,5503.849434838048,0.02226447
0.08333315,0.04558214,49163.16,0.009454453846153846,859.5261509404447,5517.626813674615,0.02227909
0.08342901,0.04560807,49100.98,0.009442496153846154,862.7165237590318,5538.107035934513,0.02230738
0.08352488,0.04563397,49038.92,0.009430561538461538,865.7402670547657,5557.517599613065,0.02233337
0.08362076,0.04565986,48977.42,0.009418734615384615,867.9409973887788,5571.644928592331,0.02234889
0.08371663,0.04568571,48915.86,0.009406896153846154,870.0896458529695,5585.437924147158,0.02236367
0.08381252,0.04571155,48855.02,0.009395196153846153,872.2730530958137,5599.454049584537,0.02237907
0.08390842,0.04573736,48794.19,0.009383498076923078,874.4774841795771,5613.605135090617,0.02239465
0.08400432,0.04576315,48734.13,0.009371948076923077,876.6998671491406,5627.871460611605,0.02241064
0.08410022,0.04578892,48674.08,0.0093604,878.9398792802,5642.250954456867,0.02242678
0.08419613,0.04581466,48614.82,0.009349003846153846,881.207153857245,5656.80545636071,0.02244347
0.08429205,0.04584038,48555.58,0.009337611538461538,883.4928919955086,5671.478482919498,0.0224603
0.08438798,0.04586608,48497.13,0.009326371153846153,885.814434247698,5686.381349767405,0.02247779
0.08448391,0.04589175,48438.71,0.00931513653846154,888.1549039067589,5701.40571887275,0.02249543
0.08457985,0.0459174,48381.1,0.009304057692307691,890.5341096368165,5716.678749620041,0.02251374
0.0846758,0.04594302,48323.51,0.009292982692307692,892.9319935538856,5732.071682787256,0.02253219
0.08477175,0.04596863,48266.79,0.009282075,895.366686856114,5747.7009094637815,0.02255129
0.0848677,0.0459942,48210.09,0.009271171153846153,897.8200171962951,5763.4497744086975,0.02257052
0.08496367,0.04601976,48154.27,0.009260436538461538,900.3112911696066,5779.442214034081,0.02259041
0.08505963,0.04604529,48098.48,0.009249707692307693,902.8196071443166,5795.544052778702,0.02261041
0.08515561,0.0460708,48043.6,0.009239153846153847,905.3721498592602,5811.92979986925,0.02263115
0.08525159,0.04609628,47988.76,0.009228607692307692,907.9410537679777,5828.420575714737,0.022652
0.08534758,0.04612175,47934.93,0.00921825576923077,910.5590587226675,5845.226549937307,0.02267364
0.08544357,0.04614719,47881.14,0.009207911538461538,913.189289911995,5862.111009032028,0.02269532
0.08553957,0.0461726,47828.55,0.009197798076923077,915.8573611815698,5879.238378061688,0.02271765
0.08563558,0.04619799,47775.98,0.009187688461538461,918.5404165182199,5896.461935543768,0.02274007
0.08573159,0.04622336,47724.75,0.00917783653846154,921.2443123354885,5913.819276034712,0.02276296
0.08582761,0.04624871,47673.59,0.009167998076923076,923.9668743117895,5931.296441733386,0.02278597
0.08592363,0.04627404,47623.78,0.009158419230769231,926.7152154838889,5948.939093940895,0.02280956
0.08601966,0.04629934,47574.01,0.009148848076923077,929.4874014574311,5966.7348150406815,0.02283335
0.0861157,0.04632462,47525.41,0.009139501923076923,932.3069758616746,5984.834740585684,0.02285797
0.08621174,0.04634988,47476.86,0.009130165384615386,935.1508520949484,6003.0906688576915,0.02288281
0.08630778,0.04637511,47429.33,0.009121025,938.0670975738698,6021.811162971976,0.02290873
0.08640384,0.04640032,47381.85,0.00911189423076923,941.0027951763481,6040.656527700613,0.0229348
0.0864999,0.0464255,47335.4,0.009102961538461539,944.0216048666506,6060.035420680622,0.02296202
0.08659597,0.04645066,47289.0,0.00909403846153846,947.0523157614502,6079.490712040107,0.02298926
0.08669204,0.0464758,47243.82,0.00908535,950.1426480125164,6099.328735668578,0.02301735
0.08678812,0.04650092,47198.69,0.009076671153846154,953.2443864246404,6119.239979803518,0.02304546
0.0868842,0.04652601,47155.0,0.00906826923076923,956.3867377252438,6139.411933589013,0.02307423
0.08698029,0.04655108,47111.38,0.009059880769230769,959.543918821699,6159.67908550099,0.02310305
0.08707639,0.04657613,47069.31,0.009051790384615383,962.7298819943951,6180.131000558856,0.02313243
0.08717249,0.04660116,47027.3,0.009043711538461539,965.937020793353,6200.7188500535385,0.02316198
0.0872686,0.04662616,46986.79,0.009035921153846153,969.195109608475,6221.633767171513,0.02319238
0.08736471,0.04665114,46946.34,0.009028142307692307,972.4756236279587,6242.692640245629,0.02322294
0.08746084,0.0466761,46907.28,0.00902063076923077,975.8233381776578,6264.182899202541,0.02325453
0.08755696,0.04670104,46868.29,0.009013132692307692,979.1911807963068,6285.802367925584,0.02328625
0.08765309,0.04672595,46830.64,0.009005892307692307,982.6398886464067,6307.940941470346,0.02331912
0.08774923,0.04675084,46793.04,0.008998661538461539,986.1060715145137,6330.191693833425,0.02335207
0.08784538,0.0467757,46756.83,0.008991698076923077,989.6388398266738,6352.869883606182,0.02338597
0.08794152,0.04680055,46720.68,0.008984746153846155,993.190886806841,6375.671830515836,0.02341998
0.08803768,0.04682537,46685.92,0.008978061538461538,996.8117867857217,6398.915771135032,0.02345495
0.08813384,0.04685017,46651.21,0.008971386538461539,1000.4535522819101,6422.293655483168,0.02349005
0.08823001,0.04687494,46617.86,0.008964973076923077,1004.1666903707195,6446.129707776951,0.02352614
0.08832618,0.04689969,46584.57,0.008958571153846153,1007.8991361359924,6470.089703423999,0.02356234
0.08842236,0.04692442,46552.6,0.008952423076923077,1011.7230260776247,6494.636714182666,0.02359973
0.08851854,0.04694913,46520.7,0.00894628846153846,1015.5606114825769,6519.271641353832,0.02363715
0.08861474,0.04697381,46490.22,0.008940426923076924,1019.4777091716026,6544.4169882605,0.02367562
0.08871093,0.04699848,46459.8,0.008934576923076924,1023.4057794960552,6569.632772706948,0.02371407
0.08880713,0.04702312,46431.0,0.008929038461538462,1027.3995346592726,6595.27021323358,0.02375342
0.08890334,0.04704773,46402.25,0.008923509615384616,1031.4084950073275,6621.005261652041,0.02379281
0.08899955,0.04707233,46375.24,0.008918315384615384,1035.4594744209983,6647.010046509439,0.02383288
0.08909577,0.0470969,46348.3,0.008913134615384616,1039.5331535158848,6673.160549294792,0.02387308
0.089192,0.04712145,46322.99,0.008908267307692307,1043.6697340826133,6699.714840664442,0.02391423
0.08928822,0.04714598,46297.75,0.008903413461538461,1047.8340799635996,6726.4473681962745,0.02395557
0.08938445,0.04717049,46273.91,0.008898828846153848,1052.0878952572766,6753.7542340771215,0.02399812
0.08948069,0.04719497,46250.12,0.008894253846153846,1056.3659685174223,6781.21682111443,0.02404082
0.08957695,0.04721943,46227.55,0.008889913461538461,1060.7640546243276,6809.449816475605,0.02408499
0.08967319,0.04724386,46205.03,0.008885582692307692,1065.1788657998377,6837.790176443306,0.02412919
0.08976946,0.04726828,46183.74,0.008881488461538462,1069.6971109327023,6866.794518508491,0.02417461
0.08986573,0.04729267,46162.5,0.008877403846153846,1074.2284904679502,6895.883175321625,0.02422001
0.089962,0.04731704,46142.63,0.008873582692307692,1078.8467147952147,6925.529322040719,0.02426644
0.09005828,0.04734139,46122.81,0.008869771153846153,1083.4799981535098,6955.272138434507,0.02431288
0.09015456,0.04736571,46104.48,0.008866246153846154,1088.181075739993,6985.4501518852485,0.02436017
0.09025085,0.04739001,46086.21,0.008862732692307692,1092.9011682745179,7015.750229553652,0.02440752
0.09034714,0.0474143,46069.39,0.008859498076923078,1097.7087774241916,7046.612109817427,0.02445597
0.09044344,0.04743855,46052.63,0.008856275,1102.5365005436784,7077.603109339585,0.02450448
0.09053975,0.04746279,46037.27,0.008853321153846154,1107.4555211240593,7109.180182150726,0.02455411
0.09063606,0.04748701,46021.96,0.008850376923076922,1112.3938662784021,7140.88130678663,0.0246038
0.09073237,0.0475112,46008.0,0.008847692307692308,1117.4279686048426,7173.197133301925,0.02465463
0.09082869,0.04753537,45994.1,0.008845019230769231,1122.4809048953741,7205.633862229743,0.0247055
0.09092502,0.04755951,45981.51,0.008842598076923077,1127.631717863931,7238.698898955428,0.02475752
0.09102135,0.04758364,45968.98,0.008840188461538463,1132.7995152414917,7271.872965092762,0.02480955
0.09111769,0.04760774,45957.76,0.00883803076923077,1138.0644705289815,7305.67072498089,0.0248627
0.09121403,0.04763182,45946.6,0.008835884615384615,1143.3449386069656,7339.568067399103,0.02491585
0.09131038,0.04765588,45936.77,0.00883399423076923,1148.7218097676162,7374.084258043471,0.0249701
0.09140673,0.04767992,45927.0,0.008832115384615384,1154.1146858111488,7408.7031901470045,0.02502435
0.09150309,0.04770393,45918.62,0.008830503846153847,1159.5956539240938,7443.887618906724,0.02507962
0.09159946,0.04772793,45910.29,0.008828901923076924,1165.0931568882254,7479.1781911946755,0.02513489
0.09169583,0.0477519,45903.34,0.008827565384615384,1170.6806829900568,7515.046656404071,0.02519121
0.09179219,0.04777585,45896.45,0.008826240384615384,1176.2871656723814,7551.03681114753,0.02524756
0.09188857,0.04779977,45890.88,0.008825169230769231,1181.9947439572077,7587.675937195117,0.02530506
0.09198497,0.04782368,45885.37,0.008824109615384617,1187.7209050096494,7624.4343531290615,0.02536259
0.09208135,0.04784756,45881.12,0.008823292307692307,1193.5567003841613,7661.8965536709475,0.02542133
0.09217776,0.04787142,45876.93,0.008822486538461538,1199.4091864497598,7699.46589813693,0.02548005
0.09227416,0.04789526,45874.0,0.008821923076923076,1205.3623918753594,7737.681798662658,0.02553987
0.09237057,0.04791908,45871.12,0.008821369230769231,1211.3328587549242,7776.00850705751,0.02559968
0.09246699,0.04794287,45869.5,0.008821057692307692,1217.4065781159443,7814.998032586699,0.02566062
0.0925634,0.04796664,45867.93,0.008820755769230769,1223.5007340949994,7854.118748576503,0.02572158
0.09265984,0.0479904,45867.53,0.008820678846153845,1229.7026438024009,7893.931176924501,0.02578368
0.09275627,0.04801412,45867.19,0.008820613461538462,1235.9252242358723,7933.876298562049,0.02584581
0.0928527,0.04803783,45867.89,0.008820748076923077,1242.280758535179,7974.674901870063,0.02590932
0.09294915,0.04806151,45868.63,0.008820890384615384,1248.6525686685384,8015.577985976346,0.02597278
0.0930456,0.04808518,45870.41,0.008821232692307694,1255.1502212799774,8057.2889010376175,0.02603748
0.09314205,0.04810882,45872.23,0.008821582692307693,1261.6568194826748,8099.0572412675565,0.02610206
0.0932385,0.04813244,45875.22,0.008822157692307693,1268.2733527761638,8141.531296854791,0.02616772
0.09333497,0.04815603,45878.26,0.008822742307692309,1274.8979213907135,8184.056934238451,0.02623325
0.09343144,0.04817961,45882.7,0.008823596153846154,1281.5989587211036,8227.073453530087,0.02629958
0.09352791,0.04820317,45887.18,0.008824457692307693,1288.3131619603994,8270.174489822079,0.02636584
0.09362439,0.0482267,45893.12,0.008825600000000001,1295.111679721685,8313.816773249837,0.02643304
0.09372087,0.04825021,45899.1,0.00882675,1301.9339143616473,8357.611304384753,0.02650029
0.09381736,0.0482737,45906.36,0.008828146153846155,1308.8644274111823,8402.100916007152,0.0265687
0.09391385,0.04829717,45913.66,0.00882955,1315.8224797571365,8446.767312896858,0.02663719
0.09401036,0.04832062,45921.94,0.008831142307692308,1322.9316542325728,8492.403820484022,0.02670719
0.09410686,0.04834404,45930.26,0.008832742307692308,1330.0656952569839,8538.19995595131,0.02677721
0.09420337,0.04836744,45939.36,0.008834492307692308,1337.3578474466926,8585.011067407673,0.02684868
0.09429988,0.04839082,45948.5,0.00883625,1344.6615094681895,8631.896064872539,0.02692003
0.09439641,0.04841417,45958.49,0.008838171153846153,1352.1042732194155,8679.67400949549,0.02699259
0.09449294,0.04843751,45968.52,0.0088401,1359.5516662709967,8727.481671366415,0.02706496
0.09458947,0.04846083,45979.61,0.008842232692307692,1367.102875501558,8775.955768961496,0.02713824
0.094686,0.04848412,45990.76,0.008844376923076923,1374.656512619634,8824.445452094304,0.0272113
0.09478254,0.04850739,46003.16,0.008846761538461539,1382.302681753398,8873.529133595079,0.02728525
0.09487909,0.04853064,46015.55,0.008849144230769232,1390.005303791183,8922.975207859115,0.02735954
0.09497565,0.04855388,46029.08,0.008851746153846153,1398.1671158023996,8975.368998032907,0.02743834
0.0950722,0.04857708,46042.8,0.008854384615384616,1406.2391680559872,9027.186586022575,0.02751599
0.09516876,0.04860027,46057.55,0.008857221153846155,1414.188478533624,9078.216247649092,0.02759238
0.09526533,0.04862344,46072.3,0.008860057692307693,1422.1297799643764,9129.194496143162,0.02766847
0.0953619,0.04864658,46087.96,0.008863069230769231,1430.2149710238375,9181.096427148464,0.02774583
0.09545848,0.0486697,46103.65,0.008866086538461538,1438.3130630163491,9233.081174172854,0.02782306
0.09555506,0.0486928,46120.21,0.008869271153846154,1446.5384388134266,9285.88300457772,0.02790138
0.09565164,0.04871588,46136.82,0.008872465384615384,1454.7755163100517,9338.759952663553,0.02797956
0.09574823,0.04873894,46154.28,0.008875823076923077,1463.1408260645446,9392.460072614042,0.02805882
0.09584484,0.04876197,46171.79,0.008879190384615385,1471.5211301946897,9446.256447191645,0.02813798
0.09594143,0.04878499,46190.08,0.008882707692307692,1480.030402853116,9500.880720035035,0.02821819
0.09603805,0.04880798,46208.4,0.00888623076923077,1488.5577459816745,9555.620994131477,0.02829833
0.09613467,0.04883095,46227.37,0.008889878846153847,1497.234174655151,9611.318305310815,0.02837967
0.09623129,0.0488539,46246.38,0.008893534615384615,1505.9222948647853,9667.090668928438,0.02846086
0.09632791,0.04887683,46265.96,0.0088973,1514.7496339857573,9723.75673193767,0.0285431
0.09642455,0.04889974,46285.58,0.008901073076923078,1523.584017831102,9780.468017724652,0.02862513
0.09652118,0.04892262,46305.81,0.00890496346153846,1532.539335388976,9837.955623224767,0.02870805
0.09661782,0.04894549,46326.08,0.008908861538461538,1541.499908649524,9895.476967088709,0.02879075
0.09671446,0.04896834,46346.99,0.008912882692307693,1550.5750310841813,9953.733645873941,0.02887429
0.09681111,0.04899116,46367.93,0.008916909615384615,1559.6594696497264,10012.050128463317,0.02895765
0.09690777,0.04901396,46389.45,0.008921048076923076,1568.8627306016895,10071.129377356716,0.02904188
0.09700442,0.04903674,46411.0,0.008925192307692308,1578.0764821458909,10130.275969370465,0.02912593
0.09710109,0.0490595,46433.03,0.008929428846153846,1587.414918363363,10190.2229599477,0.02921087
0.09719776,0.04908224,46455.08,0.008933669230769232,1596.7627072119612,10250.229988638055,0.02929562
0.09729443,0.04910496,46477.51,0.008937982692307693,1606.233302154393,10311.025356572629,0.0293812
0.09739111,0.04912765,46499.97,0.008942301923076924,1615.7098800243496,10371.859131205241,0.02946655
0.09748779,0.04915033,46522.77,0.008946686538461538,1625.297500376665,10433.405729964788,0.02955259
0.09758448,0.04917298,46545.58,0.008951073076923078,1634.892140617801,10494.997392073183,0.02963841
0.09768118,0.04919561,46568.67,0.008955513461538462,1644.5962766674281,10557.291949617924,0.0297249
0.09777788,0.04921823,46591.77,0.008959955769230768,1654.307470102981,10619.63181121976,0.02981118
0.09787458,0.04924082,46615.03,0.008964428846153847,1664.131231724419,10682.694291022484,0.02989811
0.09797129,0.04926339,46638.3,0.008968903846153847,1673.9636768827763,10745.812513766932,0.02998482
0.098068,0.04928593,46661.6,0.008973384615384616,1683.9090103132637,10809.655409468187,0.03007215
0.09816472,0.04930846,46684.92,0.008977869230769231,1693.8584790387386,10873.524851208187,0.03015923
0.09826144,0.04933097,46708.17,0.008982340384615385,1703.9144159273615,10938.07775277212,0.03024681
0.09835817,0.04935345,46731.43,0.008986813461538462,1713.9713138201228,11002.636823388848,0.03033412
0.09845491,0.04937592,46754.58,0.008991265384615385,1724.120317771579,11067.787157992832,0.03042179
0.09855164,0.04939836,46777.74,0.008995719230769231,1734.268591782506,11132.932806829627,0.03050916
0.09864838,0.04942078,46800.79,0.009000151923076924,1744.4895668405718,11198.545151469261,0.03059673
0.09874513,0.04944318,46823.85,0.009004586538461538,1754.7109102503257,11264.159860699141,0.03068401
0.09884188,0.04946556,46846.76,0.009008992307692308,1764.9999132542678,11330.20890271888,0.03077146
0.09893864,0.04948792,46869.68,0.0090134,1775.290911351424,11396.270752004344,0.03085864
0.0990354,0.04951026,46892.35,0.009017759615384615,1785.6525736541898,11462.786221828535,0.03094597
0.09913217,0.04953258,46915.02,0.00902211923076923,1796.0163404382972,11529.315201122643,0.03103304
0.09922894,0.04955488,46937.27,0.009026398076923077,1806.4574084607625,11596.340406604899,0.03112029
0.09932572,0.04957715,46959.53,0.009030678846153845,1816.9024866791488,11663.391355067186,0.03120727
0.0994225,0.04959941,46981.21,0.009034848076923077,1827.4190740275628,11730.901347960911,0.03129431
0.09951928,0.04962164,47002.88,0.009039015384615384,1837.933530885047,11798.397664419233,0.03138104
0.09961606,0.04964385,47023.91,0.009043059615384616,1848.5018892701019,11866.239995380427,0.03146765
0.09971287,0.04966604,47044.93,0.009047101923076922,1859.0649418753947,11934.048266513828,0.03155391
0.09980966,0.04968821,47065.29,0.009051017307692307,1869.6544487659537,12002.026357813333,0.03163982
0.09990647,0.04971036,47085.65,0.009054932692307692,1880.2380588413848,12069.96659520318,0.0317254
0.1000033,0.0497325,47105.31,0.009058713461538461,1890.849366686154,12138.084635158559,0.03181065
0.1001001,0.0497546,47124.96,0.009062492307692308,1901.4565414299916,12206.176143159675,0.03189557
0.1001969,0.0497767,47143.83,0.009066121153846154,1912.0852033394156,12274.405585487582,0.03198009
0.1002937,0.04979876,47162.68,0.009069746153846155,1922.7066628276143,12342.588792721384,0.03206427
0.1003906,0.04982081,47180.67,0.009073205769230768,1933.3415774180314,12410.858373397925,0.03214796
0.1004874,0.04984284,47198.64,0.009076661538461539,1943.9679988938738,12479.073433526535,0.03223129
0.1005842,0.04986485,47215.75,0.009079951923076923,1954.5730540171633,12547.151334873382,0.03231385
0.1006811,0.04988683,47232.85,0.009083240384615384,1965.1657938237547,12615.150179496293,0.03239602
0.1007779,0.0499088,47249.12,0.00908636923076923,1975.7236147909007,12682.924866745265,0.03247736
0.1008748,0.04993075,47265.37,0.009089494230769232,1986.2736258686498,12750.649419329804,0.03255835
0.1009716,0.04995267,47280.73,0.009092448076923077,1996.7887923936055,12818.150291414811,0.03263851
0.1010685,0.04997457,47296.08,0.0090954,2007.299358865451,12885.621634001085,0.03271837
0.1011654,0.04999646,47310.37,0.009098148076923078,2017.7912132497572,12952.972856546992,0.03279747
0.1012622,0.05001832,47324.63,0.009100890384615383,2028.280753010952,13020.30922064266,0.03287628
0.1013591,0.05004016,47337.64,0.009103392307692307,2038.746044503629,13087.489925836722,0.03295422
0.101456,0.05006198,47350.62,0.009105888461538461,2049.2029794373852,13154.616987085778,0.03303181
0.1015528,0.05008377,47362.25,0.009108125,2059.6101545200845,13221.424620836162,0.03310831
0.1016497,0.05010554,47373.85,0.009110355769230768,2070.002679076145,13288.138207257647,0.03318442
0.1017466,0.0501273,47384.12,0.00911233076923077,2080.3278445267542,13354.4193898413,0.0332593
0.1018435,0.05014905,47394.35,0.009114298076923077,2090.637954687456,13420.603926765958,0.03333377
0.1019405,0.05017078,47403.26,0.00911601153846154,2100.841661063937,13486.105417139619,0.03340674
0.1020373,0.05019247,47412.14,0.00911771923076923,2111.0233469833775,13551.465549784856,0.03347929
0.1021342,0.05021414,47420.01,0.009119232692307693,2121.093671963582,13616.110814006774,0.0335506
0.1022311,0.0502358,47427.85,0.009120740384615385,2131.135625146904,13680.57394882279,0.03362145
0.1023281,0.05025744,47434.95,0.00912210576923077,2141.1060968258657,13744.57821654708,0.03369161
0.102425,0.05027906,47442.01,0.009123463461538462,2151.104235100268,13808.760086719742,0.03376176
0.102522,0.05030066,47446.54,0.009124334615384616,2160.917957029238,13871.758117900044,0.03382881
0.1026189,0.05032224,47451.02,0.009125196153846153,2170.6864573392304,13934.46585422759,0.03389526
0.1027159,0.05034379,47454.35,0.009125836538461538,2180.352527883525,13996.516054747626,0.03396032
0.1028128,0.05036533,47457.64,0.00912646923076923,2190.002304805816,14058.461660281739,0.03402501
0.1029098,0.05038684,47459.48,0.009126823076923078,2199.5287994750397,14119.615869923557,0.0340882
0.1030067,0.05040834,47461.28,0.009127169230769231,2209.0436981778366,14180.695640625716,0.03415106
0.1031037,0.05042981,47461.52,0.009127215384615384,2218.388985123855,14240.68660864736,0.03421201
0.1032006,0.05045127,47461.71,0.009127251923076923,2227.715650663738,14300.55803874722,0.0342726
0.1032976,0.0504727,47460.33,0.00912698653846154,2236.8802363680215,14359.38901644679,0.03433131
0.1033946,0.05049411,47458.89,0.009126709615384615,2246.0253044127335,14418.094702831284,0.03438966
0.1034915,0.05051551,47455.83,0.009126121153846154,2254.9992683518262,14475.702006577783,0.03444605
0.1035885,0.05053688,47452.72,0.009125523076923077,2263.9551226142808,14533.193057389693,0.03450209
0.1036855,0.05055823,47447.95,0.009124605769230769,2272.719204298526,14589.453046740009,0.03455602
0.1037825,0.05057957,47443.12,0.009123676923076923,2281.459183620507,14645.558313816708,0.03460956
0.1038795,0.05060088,47436.7,0.009122442307692307,2289.9675415170586,14700.176714454072,0.03466072
0.1039765,0.05062217,47430.23,0.009121198076923078,2298.4477613142367,14754.614485879138,0.03471147
0.1040735,0.05064345,47422.28,0.00911966923076923,2306.6796103965144,14807.45787077534,0.03475981
0.1041705,0.0506647,47414.27,0.009118128846153846,2314.886232707758,14860.139315388371,0.03480777
0.1042675,0.05068593,47404.84,0.009116315384615385,2322.8652381093707,14911.359600079211,0.03485352
0.1043645,0.05070715,47395.36,0.009114492307692307,2330.828652271885,14962.479798648399,0.03489898
0.1044615,0.05072834,47384.29,0.009112363461538462,2338.577801133433,15012.224546373469,0.03494228
0.1045585,0.05074951,47373.17,0.009110225,2346.3030515371074,15061.815880765129,0.03498524
0.1046556,0.05077066,47360.38,0.009107765384615383,2353.777672079651,15109.798326304986,0.03502573
0.1047526,0.05079179,47347.53,0.00910529423076923,2361.2262160110636,15157.613376113335,0.03506586
0.1048496,0.0508129,47333.07,0.009102513461538462,2368.408110894643,15203.716703789023,0.03510345
0.1049467,0.050834,47318.54,0.009099719230769231,2375.5624637542915,15249.643228688461,0.0351407
0.1050438,0.05085507,47302.41,0.009096617307692309,2382.4420747239105,15293.806080408665,0.03517536
0.1051408,0.05087612,47286.22,0.009093503846153846,2389.2937203826027,15337.789412111642,0.03520968
0.1052379,0.05089715,47268.36,0.009090069230769231,2395.8943703096083,15380.161506299908,0.03524162
0.1053349,0.05091816,47250.43,0.009086621153846154,2402.474342310469,15422.400860978592,0.03527324
0.105432,0.05093915,47230.72,0.00908283076923077,2408.790143443427,15462.944401908577,0.03530235
0.105529,0.05096012,47210.93,0.009079025,2415.07904256304,15503.31524853483,0.0353311
0.1056261,0.05098107,47189.37,0.009074878846153846,2421.076662792217,15541.816264656953,0.03535714
0.1057232,0.051002,47167.73,0.009070717307692308,2427.039477969136,15580.093853848575,0.0353828
0.1058203,0.05102292,47144.44,0.009066238461538463,2432.675309446094,15616.272409719844,0.03540554
0.1059174,0.05104381,47121.09,0.009061748076923077,2438.2768959265327,15652.23113387241,0.03542792
0.1060145,0.05106468,47096.2,0.009056961538461538,2443.5608083884313,15686.150587107173,0.03544754
0.1061115,0.05108553,47071.24,0.009052161538461539,2448.8123870970408,15719.862477623878,0.03546681
0.1062086,0.05110637,47044.77,0.009047071153846153,2453.7448639622366,15751.525931469298,0.03548333
0.1063057,0.05112718,47018.23,0.009041967307692309,2458.6450678961555,15782.982213036392,0.03549952
0.1064028,0.05114797,46990.18,0.009036573076923076,2463.2309030111965,15812.420441025333,0.03551299
0.1065,0.05116875,46962.06,0.009031165384615384,2467.784718986831,15841.653125922947,0.03552614
0.1065971,0.0511895,46932.42,0.009025465384615385,2472.0183095744624,15868.830161687218,0.03553656
0.1066942,0.05121024,46902.71,0.009019751923076923,2476.219935440277,15895.802003687466,0.03554665
0.1067913,0.05123095,46871.51,0.009013751923076924,2480.0933301785867,15920.666804653278,0.03555401
0.1068884,0.05125164,46840.23,0.00900773653846154,2483.931679061764,15945.306632882919,0.03556105
0.1069856,0.05127232,46807.46,0.009001434615384616,2487.440241584926,15967.829436446335,0.03556536
0.1070827,0.05129298,46774.62,0.008995119230769231,2490.91070780465,15990.107685280243,0.03556932
0.1071798,0.05131361,46740.35,0.008988528846153846,2494.0357999191383,16010.16884575481,0.03557046
0.107277,0.05133423,46706.01,0.008981925,2497.1193301669796,16029.96320472533,0.03557122
0.1073741,0.05135482,46670.37,0.008975071153846154,2499.845676922226,16047.464666366335,0.03556912
0.1074713,0.0513754,46634.66,0.008968203846153848,2502.534845500575,16064.727467082932,0.0355667
0.1075684,0.05139596,46597.72,0.0089611,2504.87642909796,16079.75898698405,0.03556153
0.1076656,0.0514165,46560.7,0.008953980769230768,2507.1855907474855,16094.582378012457,0.03555606
0.1077628,0.05143701,46522.44,0.008946623076923078,2509.17134910583,16107.329719732648,0.03554801
0.1078599,0.05145751,46484.1,0.00893925,2511.1254534561745,16119.873862279543,0.03553968
0.1079571,0.05147799,46444.47,0.008931628846153847,2512.7455577243377,16130.27393066744,0.03552866
0.1080543,0.05149845,46404.77,0.00892399423076923,2514.325985858912,16140.419302792385,0.03551732
0.1081515,0.05151889,46363.82,0.00891611923076923,2515.568904439227,16148.39807211599,0.03550329
0.1082486,0.05153931,46322.81,0.008908232692307692,2516.772151472174,16156.122174617347,0.03548894
0.1083458,0.05155971,46280.58,0.008900111538461538,2517.634884722192,16161.66038902553,0.03547193
0.108443,0.05158009,46238.29,0.008891978846153847,2518.459364765283,16166.953041480749,0.0354546
0.1085402,0.05160045,46194.8,0.008883615384615386,2518.9573955756578,16170.150091565092,0.03543471
0.1086374,0.0516208,46151.24,0.00887523846153846,2519.419088874364,16173.11387727638,0.03541453
0.1087346,0.05164112,46106.43,0.008866621153846154,2519.5644604268787,16174.047072822814,0.03539184
0.1088319,0.05166142,46061.55,0.008857990384615386,2519.6691214413827,16174.718931869036,0.03536882
0.1089291,0.0516817,46015.43,0.008849121153846154,2519.4480114698817,16173.299542469202,0.03534323
0.1090263,0.05170197,45969.25,0.008840240384615384,2519.1829244070036,16171.59784731485,0.0353173
0.1091235,0.05172221,45921.9,0.008831134615384616,2518.576105676423,16167.70244599957,0.03528872
0.1092207,0.05174244,45874.48,0.008822015384615385,2517.9247164139942,16163.520929408614,0.03525981
0.109318,0.05176264,45825.96,0.008812684615384616,2516.953485786986,16157.286228877421,0.03522843
0.1094152,0.05178283,45777.37,0.008803340384615384,2515.939714190068,16150.778441604194,0.03519673
0.1095124,0.05180299,45727.69,0.008793786538461539,2514.611284915109,16142.25074645546,0.03516261
0.1096096,0.05182313,45677.93,0.008784217307692308,2513.2403110057635,16133.449941041017,0.03512817
0.1097068,0.05184325,45627.08,0.008774438461538463,2511.554701858358,16122.629371801879,0.03509131
0.1098041,0.05186336,45576.16,0.008764646153846154,2509.825090091612,16111.526332934473,0.03505411
0.1099014,0.05188346,45524.2,0.008754653846153846,2507.7668327441866,16098.313592499324,0.03501441
0.1099987,0.05190354,45472.18,0.00874465,2505.6609800387228,16084.795319273311,0.03497434
0.1100959,0.05192358,45419.32,0.008734484615384615,2503.229021549842,16069.18364840872,0.0349319
0.1101931,0.05194361,45366.39,0.00872430576923077,2500.7539938378955,16053.295499743223,0.03488913
0.1102904,0.05196362,45312.58,0.008713957692307693,2497.9719542027387,16035.436524224151,0.0348441
0.1103877,0.05198362,45258.71,0.008703598076923077,2495.150048183972,16017.321631154546,0.03479875
0.110485,0.05200361,45203.93,0.008693063461538461,2492.0516094422333,15997.431568864711,0.03475135
0.1105823,0.05202356,45149.08,0.008682515384615385,2488.9170085454093,15977.309367882739,0.03470367
0.1106796,0.0520435,45093.25,0.008671778846153846,2485.5176477287696,15955.487571802743,0.03465397
0.1107769,0.05206341,45037.34,0.008661026923076923,2482.0777371691393,15933.405471427217,0.03460395
0.1108742,0.05208331,44980.4,0.008650076923076924,2478.368359423737,15909.593558214701,0.03455186
0.1109715,0.05210319,44923.39,0.00863911346153846,2474.613692899419,15885.490919024127,0.03449941
0.1110688,0.05212305,44865.39,0.008627959615384616,2470.5832002718994,15859.617646675648,0.03444486
0.1111661,0.05214289,44807.33,0.00861679423076923,2466.504083958241,15833.432240305276,0.03438993
0.1112634,0.05216271,44748.38,0.008605457692307692,2462.1409158006677,15805.42339660406,0.03433288
0.1113607,0.05218251,44689.37,0.008594109615384616,2457.727160717073,15777.089816093925,0.03427547
0.111458,0.05220229,44629.56,0.008582607692307691,2453.0465761471323,15747.04335514737,0.03421607
0.1115553,0.05222206,44569.68,0.008571092307692308,2448.318585891999,15716.692578992424,0.03415633
0.1116527,0.0522418,44509.04,0.00855943076923077,2443.3396863414423,15684.731120190168,0.03409473
0.11175,0.05226153,44448.32,0.008547753846153847,2438.316647442214,15652.486314041818,0.03403281
0.1118473,0.05228123,44386.78,0.008535919230769231,2433.0680871757577,15618.793800058736,0.0339692
0.1119447,0.05230092,44325.18,0.008524073076923077,2427.7832410578785,15584.868353329455,0.03390532
0.112042,0.05232059,44262.59,0.008512036538461538,2422.311800024312,15549.745082532847,0.03383995
0.1121394,0.05234024,44199.94,0.008499988461538462,2416.8003197493904,15514.364784545784,0.03377426
0.1122367,0.05235987,44136.21,0.008487732692307692,2411.0946694415843,15477.738034919426,0.03370699
0.1123341,0.05237948,44072.4,0.00847546153846154,2405.3410002984238,15440.803034039489,0.03363934
0.1124314,0.05239907,44007.58,0.008462996153846155,2399.3757411408237,15402.509756001957,0.03357
0.1125288,0.05241865,43942.7,0.00845051923076923,2393.354638992521,15363.858000467819,0.03350024
0.1126261,0.0524382,43877.06,0.008437896153846153,2387.077092200043,15323.56002876751,0.03342855
0.1127235,0.05245774,43811.36,0.008425261538461539,2380.737487652919,15282.863684625992,0.03335641
0.1128209,0.05247726,43745.18,0.008412534615384616,2374.165326151595,15240.674468528463,0.03328264
0.1129182,0.05249676,43678.95,0.008399798076923076,2367.5419285146754,15198.156348097677,0.0332085
0.1130156,0.05251624,43612.27,0.008386975,2360.740143062439,15154.493088113022,0.03313315
0.113113,0.0525357,43545.54,0.008374142307692308,2353.9013927678247,15110.592536679767,0.03305752
0.1132104,0.05255514,43478.14,0.008361180769230769,2346.9545899754103,15065.998354973026,0.03298107
0.1133078,0.05257457,43410.67,0.008348205769230769,2339.9785777391803,15021.216666684622,0.03290439
0.1134052,0.05259397,43342.28,0.008335053846153845,2332.902414000173,14975.792067628992,0.03282682
0.1135026,0.05261335,43273.83,0.008321890384615385,2325.7848215572303,14930.101521891647,0.03274892
0.1136,0.05263272,43204.4,0.008308538461538461,2318.547885941807,14883.644866725537,0.03266996
0.1136974,0.05265206,43134.9,0.008295173076923077,2311.259978511015,14836.861003998707,0.0325906
0.1137948,0.05267139,43064.56,0.008281646153846153,2303.828984589991,14789.158614413429,0.03251008
0.1138922,0.0526907,42994.14,0.008268103846153846,2296.3496469394927,14741.145887955063,0.03242917
0.1139896,0.05270999,42922.88,0.0082544,2288.762517271859,14692.441203348135,0.03234737
0.114087,0.05272926,42851.54,0.00824068076923077,2281.156679389517,14643.616423562024,0.03226542
0.1141845,0.05274852,42778.88,0.008226707692307692,2273.5818648826144,14594.99079467782,0.03218342
0.1142819,0.05276775,42706.13,0.008212717307692307,2265.980971036538,14546.19775254976,0.03210121
0.1143793,0.05278697,42631.58,0.00819838076923077,2258.4936403229103,14498.133715564778,0.03201934
0.1144767,0.05280617,42556.99,0.008184036538461538,2250.838914434123,14448.995104983716,0.03193624
0.1145742,0.05282534,42483.09,0.008169824999999999,2242.804135522659,14397.416788820403,0.03185051
0.1146716,0.0528445,42409.32,0.008155638461538462,2234.3163285215805,14342.9303122342,0.03176151
0.1147691,0.05286365,42345.15,0.008143298076923077,2223.851034424813,14275.749590323489,0.03166051
0.1148665,0.05288277,42281.26,0.008131011538461538,2212.9463716816126,14205.74839317535,0.0315563
0.114964,0.05290188,42236.84,0.00812246923076923,2198.7451304856586,14114.585199217234,0.03143671
0.1150614,0.05292096,42192.58,0.008113957692307692,2184.8175720400304,14025.17887941587,0.03131887
0.1151589,0.05294003,42158.89,0.008107478846153846,2169.2701776281865,13925.374213559335,0.03118924
0.1152563,0.05295908,42124.09,0.008100786538461538,2153.4506403941796,13823.82255893338,0.03105814
0.1153538,0.05297811,42155.14,0.008106757692307693,2131.731423788999,13684.398607978972,0.03110895
0.1154513,0.05299712,42183.88,0.008112284615384616,2112.813979841531,13562.960306356,0.03117806
0.1155488,0.05301611,42104.0,0.008096923076923076,2104.152391479465,13507.358260806537,0.03123919
0.1156462,0.05303509,42024.4,0.008081615384615385,2094.368316922555,13444.55054743664,0.03129107
0.1157437,0.05305404,41903.33,0.008058332692307693,2089.857221460686,13415.59210184168,0.03124046
0.1158412,0.05307298,41783.12,0.008035215384615385,2084.802585608175,13383.144462776061,0.03118526
0.1159387,0.0530919,41662.68,0.008012053846153847,2080.951503200377,13358.422893186016,0.0310705
0.1160362,0.0531108,41542.75,0.007988990384615384,2076.3959247835696,13329.178894505034,0.03095025
0.1161337,0.05312968,41444.49,0.00797009423076923,2069.508195197132,13284.963926281103,0.03080529
0.1162312,0.05314854,41346.53,0.007951255769230768,2062.1229925944913,13237.555488666767,0.03065673
0.1163287,0.05316739,41278.67,0.00793820576923077,2050.781631384105,13164.750957182148,0.03049914
0.1164262,0.05318621,41210.89,0.007925171153846155,2039.7952203158752,13094.224986297157,0.03034436
0.1165237,0.05320502,41159.13,0.007915217307692308,2026.8251178929218,13010.964942578075,0.03018709
0.1166212,0.05322381,41106.16,0.00790503076923077,2013.4565608375099,12925.147066311749,0.03002773
0.1167187,0.05324258,41121.28,0.007907938461538462,1994.5069472474363,12803.502255459905,0.03006241
0.1168162,0.05326134,41134.38,0.007910457692307691,1978.3395259834547,12699.717400308595,0.03011647
0.1169138,0.05328007,41042.5,0.007892788461538462,1971.4603860271966,12655.557572203144,0.03016388
0.1170113,0.05329879,40950.91,0.007875175,1963.4774218878015,12604.311874861723,0.03020215
0.1171088,0.05331749,40821.12,0.007850215384615385,1959.6678156721628,12579.856556798451,0.03013772
0.1172064,0.05333617,40692.08,0.0078254,1955.2522579335478,12551.511404356896,0.03006815
0.1173039,0.05335483,40565.66,0.007801088461538462,1951.5948810598736,12528.0333046111,0.02994099
0.1174014,0.05337347,40439.7,0.007776865384615384,1947.2035601932853,12499.843737912723,0.02980804
0.117499,0.0533921,40336.69,0.00775705576923077,1940.5387934761995,12457.060053547979,0.02965383
0.1175965,0.05341071,40233.97,0.007737301923076923,1933.3627135242932,12410.994054140761,0.02949585
0.1176941,0.05342929,40162.43,0.007723544230769231,1922.4865041642677,12341.175510132118,0.02933213
0.1177916,0.05344785,40090.98,0.007709803846153847,1912.0919686785935,12274.449014785007,0.02917229
0.1178891,0.0534664,40035.79,0.0076991903846153845,1899.9687151974022,12196.625218029541,0.02901315
0.1179867,0.05348493,39979.36,0.007688338461538461,1887.3630458607147,12115.704609552044,0.02885122
0.1180843,0.05350345,39986.96,0.0076898,1870.0383386557216,12004.490693711623,0.02888606
0.1181819,0.05352196,39992.62,0.007690888461538462,1855.5385207262498,11911.410821605908,0.0289413
0.1182794,0.05354043,39892.72,0.007671676923076924,1849.70240189588,11873.94654467727,0.02898578
0.118377,0.05355889,39792.47,0.007652398076923077,1844.7575426955682,11842.203603891077,0.02903684
0.1184745,0.05357733,39642.39,0.007623536538461539,1845.4169336597238,11846.436486463108,0.02900202
0.1185721,0.05359576,39492.77,0.007594763461538461,1846.1459109432672,11851.116070210312,0.0289672
0.1186698,0.05361417,39332.62,0.007563965384615385,1881.4642124291222,12077.837743633021,0.02913115
0.1187674,0.05363256,39231.02,0.007544426923076922,1763.468999947359,11320.381385193823,0.0280859
0.118865,0.05365093,40544.34,0.007796988461538461,1507.4177264044542,9676.690415430932,0.02570186
0.1189626,0.05366929,44089.23,0.008478698076923077,-905.1525892664382,-5810.520356523221,0.01989761
0.1190602,0.05368762,93217.9,0.01792651923076923,-20311.940831806478,-130390.11000273,0.1269297
0.1191578,0.05370593,203232.7,0.03908321153846154,-33408.09067900528,-214459.300304552,0.2621081
0.1192554,0.05372423,333752.1,0.06418309615384615,-20920.956216421328,-134299.61247966404,0.3585671
0.119353,0.05374251,348682.2,0.06705426923076924,-15278.970300575527,-98081.54891337901,0.3491743
0.1194506,0.05376077,365966.2,0.07037811538461539,-13006.463975641751,-83493.46242062894,0.3890603
0.1195482,0.05377902,392200.5,0.07542317307692308,-11954.397370032118,-76739.84485293546,0.4354483
0.1196458,0.05379724,421855.3,0.08112601923076923,-11306.735163448819,-72582.25365767317,0.4926229
0.1197435,0.05381545,445789.6,0.08572876923076922,-10385.042046597473,-66665.55333394947,0.5424419
0.1198411,0.05383364,459860.8,0.08843476923076923,-9490.314971251877,-60921.95833518649,0.5820873
0.1199387,0.05385181,466990.9,0.08980594230769232,-8558.503094454973,-54940.301824689814,0.6101896
0.1200364,0.05386997,464603.5,0.08934682692307692,-7785.135185845605,-49975.75769219352,0.6263327
0.120134,0.0538881,456777.8,0.08784188461538461,-7091.976748501895,-45526.10880620232,0.6386937
0.1202316,0.05390622,443819.1,0.08534982692307692,-6403.686734477621,-41107.71218986953,0.640978
0.1203293,0.05392432,427990.6,0.08230588461538461,-5755.932182946035,-36949.528197096406,0.6399513
0.1204269,0.0539424,411854.5,0.07920278846153846,-5128.927836822602,-32924.547702115655,0.6347403
0.1205246,0.05396046,397348.2,0.07641311538461538,-4588.904085942795,-29457.92888590465,0.6304722
0.1206222,0.05397851,387225.7,0.07446648076923078,-4129.559639764008,-26509.22135655782,0.6279603
0.1207199,0.05399654,380662.3,0.07320428846153845,-3737.331032379563,-23991.35604341202,0.6266909
0.1208176,0.05401455,377023.4,0.0725045,-3403.921614357365,-21851.073583363406,0.6248474
0.1209152,0.05403254,373471.0,0.07182134615384615,-3082.789269517267,-19789.602347509524,0.619367
0.1210129,0.05405051,368601.3,0.07088486538461539,-2781.3253288078454,-17854.390113659098,0.6083553
0.1211106,0.05406847,361925.8,0.06960111538461539,-2479.1245589273117,-15914.447891794716,0.5921977
0.1212082,0.05408641,353242.5,0.06793125,-2192.0030594076184,-14071.305268619206,0.5708242
0.1213059,0.05410433,342820.3,0.06592698076923077,-1912.1242490555935,-12274.656234860271,0.545762
0.1214036,0.05412223,330625.9,0.06358190384615385,-1646.921375738578,-10572.217649045904,0.517128
0.1215013,0.05414012,317217.7,0.061003403846153846,-1397.7515209031776,-8972.701135563493,0.4865469
0.121599,0.05415799,302693.6,0.058210307692307686,-1167.9103302355168,-7497.262703437587,0.4550845
0.1216966,0.05417584,287755.5,0.055337596153846154,-964.2445127144642,-6189.853993936922,0.4240337
0.1217943,0.05419367,272498.1,0.052403480769230765,-785.5883490211422,-5042.9918092972175,0.3954261
0.121892,0.05421149,257461.9,0.049511903846153844,-641.4989562506415,-4118.026936213682,0.3705586
0.1219897,0.05422928,242815.8,0.04669534615384615,-530.7930078596695,-3407.363149420267,0.3531939
0.1220874,0.05424706,229110.7,0.04405975,-459.2623880838067,-2948.180767078288,0.3455799
0.1221851,0.05426483,216713.2,0.04167561538461539,-419.92981074621804,-2695.6899229877904,0.3493945
0.1222829,0.05428257,205961.6,0.039608000000000004,-405.2209455128664,-2601.2680963552107,0.3638037
0.1223806,0.0543003,196886.7,0.03786282692307692,-404.7897866039183,-2598.5003225598884,0.3835491
0.1224783,0.054318,189292.4,0.036402384615384614,-410.1765110045484,-2633.0797649169035,0.407749
0.122576,0.05433569,182875.4,0.035168346153846154,-424.329028426963,-2723.930182353851,0.4343014
0.1226737,0.05435337,177630.9,0.034159788461538464,-443.46763569666916,-2846.788215855423,0.4655745
0.1227715,0.05437102,173440.7,0.033353980769230775,-463.766584861014,-2977.09492738021,0.4979018
0.1228692,0.05438866,170195.1,0.032729826923076924,-480.9657770684879,-3087.5031144885006,0.5308222
0.1229669,0.05440628,167773.8,0.032264192307692306,-494.8856252147797,-3176.859938932089,0.5645309
0.1230646,0.05442388,166309.8,0.03198265384615384,-508.57504808941485,-3264.737575504488,0.5999132
0.1231624,0.05444147,165972.9,0.031917865384615385,-525.4253228878049,-3372.9059284320356,0.6399944
0.1232601,0.05445903,166741.7,0.03206571153846154,-546.6566037481981,-3509.1976333857333,0.6844095
0.1233579,0.05447658,168559.6,0.032415307692307695,-566.1500595029896,-3634.3335749113444,0.7294166
0.1234556,0.05449411,170875.3,0.03286063461538461,-580.0906747539121,-3723.823711335293,0.7717581
0.1235534,0.05451163,173544.6,0.03337396153846154,-584.9528759204762,-3755.0360386167376,0.8074268
0.1236511,0.05452912,176134.5,0.03387201923076923,-579.7341099227148,-3721.534785429693,0.8359061
0.1237489,0.0545466,178708.1,0.03436694230769231,-566.0817086898321,-3633.894804922785,0.8567409
0.1238466,0.05456407,181091.0,0.03482519230769231,-543.2982211642762,-3487.638892240568,0.8693256
0.1239444,0.05458151,183269.7,0.035244173076923076,-510.6955534661537,-3278.349909826642,0.8716174
0.1240422,0.05459894,185049.2,0.03558638461538462,-465.2173150798351,-2986.407719022462,0.858573
0.1241399,0.05461635,186217.8,0.035811115384615386,-405.0416678024837,-2600.11724422486,0.8248517
0.1242377,0.05463375,186773.1,0.03591790384615385,-325.9193416687356,-2092.2007977523367,0.7598048
0.1243355,0.05465112,186310.8,0.035829,-228.65713978355467,-1467.8375570393823,0.6497839
0.1244333,0.05466847,184565.3,0.03549332692307692,-105.49964281720122,-677.2425218294694,0.4494156
0.1245311,0.05468579,180066.1,0.034628096153846155,24.877228244997795,159.6964344416021,0.2194632
0.1246288,0.05470309,174372.4,0.033533153846153844,116.33145491103396,746.7760628208913,0.476482
0.1247266,0.05472038,167751.9,0.03225998076923077,147.29240165104622,945.5262110537634,0.5320176
0.1248244,0.05473767,160789.9,0.030921134615384614,185.24244678288807,1189.1420526084446,0.5935776
0.1249222,0.05475496,148171.8,0.02849457692307692,156.624370407597,1005.4316845279335,0.5506773
0.12502,0.05477226,176488.5,0.033940096153846154,89.02727969400253,571.50012835639,0.4331014
