x_m,r_m,pressure_pa,pressure_over_pc,tau_wall_pa,su2_cf_t,yplus
-0.02268,0.02,5179294.0,0.996018076923077,1737.2393711425755,11152.003374766036,0.3670543
-0.02258069,0.01999946,5175923.0,0.9953698076923077,1039.2292823852422,6671.2098843889,0.2836098
-0.0224814,0.01999803,5176529.0,0.9954863461538461,682.5613304125949,4381.622007127158,0.2296405
-0.02238212,0.01999557,5176903.0,0.9955582692307692,576.3491557949208,3699.8054713906267,0.2108209
-0.02228287,0.01999211,5176490.0,0.9954788461538462,474.58801334546945,3046.56181201515,0.1910954
-0.02218367,0.01998767,5175965.0,0.9953778846153846,423.9989591452305,2721.8113415050125,0.1804026
-0.02208451,0.01998225,5176309.0,0.9954440384615385,376.23763033799577,2415.21312085147,0.1697182
-0.02198541,0.01997585,5176469.0,0.9954748076923077,357.1053794552351,2292.3958914266677,0.1651114
-0.02188638,0.01996846,5176609.0,0.9955017307692308,335.6076392695982,2154.3936822421106,0.1598182
-0.02178742,0.01996008,5176565.0,0.9954932692307692,321.50061968815197,2063.8353328324324,0.1561612
-0.02168856,0.01995073,5176783.0,0.9955351923076923,305.3314297031099,1960.0391235847526,0.1519121
-0.02158979,0.0199404,5176937.0,0.9955648076923077,296.6877716750706,1904.5521797011245,0.1494599
-0.02149113,0.01992908,5177051.0,0.9955867307692308,287.6866004200973,1846.7702217972524,0.1468753
-0.02139259,0.01991678,5177115.0,0.9955990384615384,280.685127483319,1801.8250915427316,0.1447637
-0.02129417,0.01990351,5177247.0,0.9956244230769231,273.1119875862597,1753.210212619032,0.1424718
-0.02119589,0.01988926,5177364.0,0.995646923076923,268.30475543771934,1722.3507524695956,0.1408712
-0.02109776,0.01987403,5177469.0,0.9956671153846154,263.8676481533906,1693.8672652593739,0.1393488
-0.02099978,0.01985783,5177546.0,0.995681923076923,260.3588728208238,1671.3430955910655,0.1380507
-0.02090197,0.01984066,5177658.0,0.9957034615384616,256.7988495249009,1648.4899456625867,0.136721
-0.02080434,0.01982252,5177753.0,0.9957217307692308,254.8269780375879,1635.8317490741358,0.1357983
-0.02070689,0.01980341,5177853.0,0.9957409615384616,252.92535610828259,1623.6245112430047,0.1348786
-0.02060963,0.01978333,5177932.0,0.9957561538461538,251.73508113209775,1615.9836813310146,0.1341338
-0.02051258,0.01976229,5178037.0,0.9957763461538461,250.83955573717796,1610.234961613843,0.1334534
-0.02041574,0.01974028,5178114.0,0.9957911538461538,250.79142371848843,1609.9259837931834,0.1329847
-0.02031912,0.01971732,5178202.0,0.9958080769230769,250.5467625728873,1608.355410407189,0.1324444
-0.02022274,0.01969339,5178272.0,0.9958215384615384,251.3194081723916,1613.3153177615238,0.132159
-0.0201266,0.01966851,5178353.0,0.9958371153846154,252.12114993026532,1618.462004474949,0.1318668
-0.02003071,0.01964268,5178422.0,0.9958503846153847,253.21375799491668,1625.475873160342,0.1316259
-0.01993509,0.0196159,5178507.0,0.9958667307692308,255.0343691249141,1637.163071714053,0.1315587
-0.01983973,0.01958816,5178549.0,0.9958748076923077,257.52643264632167,1653.1605797503753,0.131642
-0.01974466,0.01955948,5178609.0,0.9958863461538462,259.8012072455273,1667.7632271624523,0.1316455
-0.01964987,0.01952986,5178640.0,0.9958923076923077,262.7870103162109,1686.9302380383058,0.1318039
-0.01955538,0.0194993,5178687.0,0.9959013461538462,266.093280493552,1708.1544497319112,0.132018
-0.0194612,0.01946781,5178698.0,0.9959034615384615,269.90972622579227,1732.6536732658346,0.1323274
-0.01936734,0.01943538,5178722.0,0.9959080769230769,273.738020403676,1757.2289564999912,0.1326046
-0.01927381,0.01940202,5178713.0,0.9959063461538461,278.4155663409675,1787.2559113024197,0.1330554
-0.01918061,0.01936772,5178712.0,0.9959061538461539,283.47198721787436,1819.7150091217468,0.133561
-0.01908775,0.01933251,5178665.0,0.9958971153846153,289.25349062727724,1856.8286887930042,0.1341966
-0.01899525,0.01929638,5178622.0,0.9958888461538462,295.01084355945653,1893.78733732234,0.1347828
-0.01890312,0.01925933,5178538.0,0.9958726923076923,301.5313683313678,1935.6450775218234,0.1354938
-0.01881135,0.01922136,5178463.0,0.9958582692307693,308.6666553840676,1981.449211720842,0.1362947
-0.01871997,0.01918249,5178339.0,0.995834423076923,316.49617285745217,2031.7098762765545,0.1371942
-0.01862898,0.01914271,5178254.0,0.9958180769230769,323.79796305169566,2078.5828577669986,0.1379245
-0.01853839,0.01910203,5178171.0,0.9958021153846154,333.75629920191864,2142.5092228949666,0.1391557
-0.0184482,0.01906045,5177946.0,0.9957588461538461,345.3806180691942,2217.1301677057863,0.1406538
-0.01835843,0.01901799,5177568.0,0.9956861538461539,357.2315998180602,2293.206148168238,0.1421091
-0.01826909,0.01897463,5177177.0,0.9956109615384615,368.2469044917353,2363.9175981477,0.1433092
-0.01818019,0.01893038,5176784.0,0.9955353846153846,383.3070730184842,2460.594574864149,0.1452059
-0.01809173,0.01888525,5176287.0,0.9954398076923077,398.0451689250206,2555.204044357821,0.1469295
-0.01800372,0.01883925,5175821.0,0.9953501923076923,416.55268790562195,2674.0108809738176,0.1492222
-0.01791617,0.01879238,5175351.0,0.9952598076923077,435.27267095946246,2794.1816056648477,0.1514126
-0.01782909,0.01874464,5174850.0,0.9951634615384616,452.141024799514,2902.466014869366,0.1532313
-0.01774245,0.01869611,5174470.0,0.9950903846153846,478.4147874199306,3071.1273371245593,0.1563033
-0.01765635,0.01864663,5173358.0,0.9948765384615385,527.2901793470436,3384.877154661617,0.1635755
-0.01757033,0.01859701,5171852.0,0.9945869230769231,554.7371727256769,3561.0698934805555,0.1673524
-0.01748433,0.01854735,5170666.0,0.9943588461538462,560.4562057684549,3597.7825519966423,0.1678171
-0.01739833,0.01849767,5169424.0,0.99412,569.0900417288833,3653.206444274969,0.1687202
-0.01731234,0.018448,5168539.0,0.9939498076923077,571.9250681395663,3671.405562153983,0.1687732
-0.01722634,0.01839834,5167473.0,0.9937448076923077,576.6669238272499,3701.8453458188674,0.1690953
-0.01714034,0.01834869,5166592.0,0.9935753846153846,578.0462927533215,3710.7000420536647,0.1689145
-0.01705434,0.01829904,5165625.0,0.9933894230769231,581.4802353575467,3732.743831842913,0.1690306
-0.01696833,0.01824939,5164747.0,0.993220576923077,584.4891501033125,3752.0592053927844,0.1690827
-0.01688233,0.01819973,5163804.0,0.9930392307692307,588.2869286035399,3776.438596831107,0.1692446
-0.01679633,0.01815008,5162892.0,0.9928638461538462,591.9926577679092,3800.227088407738,0.1693894
-0.01671032,0.01810043,5161942.0,0.9926811538461539,596.0486204906342,3826.2638630302267,0.1695796
-0.01662432,0.01805078,5161005.0,0.9925009615384616,600.3266308954865,3853.7260465753875,0.169797
-0.01653832,0.01800113,5160032.0,0.9923138461538461,604.8677079451264,3882.8769554391156,0.1700463
-0.01645231,0.01795147,5159054.0,0.9921257692307692,609.6368992844186,3913.4922170974505,0.1703222
-0.01636631,0.01790182,5158042.0,0.9919311538461538,614.5667694908853,3945.138937804406,0.1706146
-0.0162803,0.01785217,5157015.0,0.9917336538461539,619.7665676352344,3978.5184290922093,0.1709381
-0.0161943,0.01780252,5155952.0,0.9915292307692307,625.1000793678342,4012.756278998977,0.171273
-0.0161083,0.01775287,5154867.0,0.991320576923077,630.7316218567998,4048.907302217371,0.1716416
-0.01602229,0.01770322,5153743.0,0.991104423076923,636.4885900219335,4085.8634807800095,0.1720195
-0.01593629,0.01765357,5152588.0,0.9908823076923077,642.5731494571507,4124.9225928877895,0.1724338
-0.01585028,0.01760391,5151394.0,0.9906526923076923,648.8231834460719,4165.043949388598,0.1728622
-0.01576428,0.01755426,5150157.0,0.9904148076923077,655.3207879438006,4206.754555589578,0.1733151
-0.01567828,0.01750461,5148899.0,0.9901728846153847,661.7870095699657,4248.263703145652,0.1737555
-0.01559227,0.01745496,5147594.0,0.9899219230769231,668.9844531254331,4294.466843687804,0.1742825
-0.01550627,0.01740531,5146212.0,0.9896561538461538,676.3117378215616,4341.503484128063,0.1748163
-0.01542027,0.01735565,5144780.0,0.9893807692307692,683.5994308974234,4388.285970828683,0.1753347
-0.01533426,0.017306,5143309.0,0.9890978846153846,690.9272194274475,4435.325845571249,0.1758482
-0.01524826,0.01725635,5141800.0,0.9888076923076923,698.7188611113528,4485.343370960816,0.1764102
-0.01516226,0.0172067,5140249.0,0.988509423076923,706.6209351645432,4536.069803928353,0.1769752
-0.01507625,0.01715704,5138645.0,0.9882009615384615,714.9145590533451,4589.309744913647,0.1775776
-0.01499025,0.01710739,5136991.0,0.9878828846153846,723.277689203333,4642.9958731499255,0.1781771
-0.01490425,0.01705774,5135280.0,0.9875538461538461,732.0430228378616,4699.263899247517,0.1788144
-0.01481824,0.01700808,5133521.0,0.9872155769230769,740.8546011537168,4755.8287876260265,0.1794456
-0.01473224,0.01695843,5131704.0,0.9868661538461538,750.0364549434926,4814.7706157650255,0.1801095
-0.01464624,0.01690878,5129838.0,0.9865073076923077,759.2272237120017,4873.769672559194,0.180762
-0.01456024,0.01685912,5127915.0,0.9861375,768.7607847256428,4934.969243766091,0.181442
-0.01447423,0.01680947,5125943.0,0.9857582692307693,778.3175386146637,4996.317698902745,0.1821116
-0.01438823,0.01675982,5123914.0,0.9853680769230769,788.2652251111047,5060.175699833533,0.182813
-0.01430223,0.01671017,5121838.0,0.9849688461538462,798.2450307833784,5124.239886027694,0.1835045
-0.01421622,0.01666052,5119703.0,0.9845582692307693,808.635437874927,5190.93987963533,0.1842289
-0.01413022,0.01661086,5117523.0,0.9841390384615385,819.0636571881673,5257.882604343192,0.1849438
-0.01404421,0.01656121,5115284.0,0.9837084615384616,829.8986416106596,5327.436509724522,0.18569
-0.01395821,0.01651156,5113001.0,0.9832694230769231,840.7359254615436,5397.005176015378,0.186422
-0.01387221,0.01646191,5110662.0,0.9828196153846154,851.9797459346759,5469.183556234315,0.1871839
-0.0137862,0.01641226,5108279.0,0.9823613461538462,863.2303498543455,5541.405481988733,0.1879318
-0.0137002,0.0163626,5105843.0,0.9818928846153846,874.8876459245638,5616.238120066823,0.1887083
-0.0136142,0.01631295,5103365.0,0.9814163461538462,886.5681879242156,5691.219982648916,0.1894723
-0.01352819,0.0162633,5100834.0,0.9809296153846154,898.6670107099951,5768.886949434828,0.1902652
-0.01344219,0.01621365,5098265.0,0.9804355769230769,910.7757406275358,5846.617513885328,0.1910437
-0.01335619,0.016164,5095645.0,0.9799317307692308,923.3025955072968,5927.032182246441,0.1918499
-0.01327018,0.01611434,5092988.0,0.9794207692307693,935.833638282412,6007.473734308154,0.1926408
-0.01318418,0.01606469,5090283.0,0.978900576923077,948.7747943177783,6090.547960104027,0.193457
-0.01309817,0.01601504,5087543.0,0.9783736538461538,961.7286914914536,6173.703976135477,0.1942582
-0.01301217,0.01596539,5084758.0,0.9778380769230769,975.1356056925728,6259.768081577518,0.1950879
-0.01292617,0.01591574,5081940.0,0.9772961538461539,988.583337595865,6346.09421144748,0.1959048
-0.01284016,0.01586609,5079077.0,0.976745576923077,1002.5291589118638,6435.617767592546,0.1967537
-0.01275416,0.01581644,5076183.0,0.9761890384615385,1016.5198029531024,6525.429057939038,0.1975901
-0.01266816,0.01576678,5073246.0,0.9756242307692308,1031.0019204653727,6618.395304302875,0.1984565
-0.01258215,0.01571713,5070279.0,0.9750536538461538,1045.51801885211,6711.5796868850275,0.1993088
-0.01249615,0.01566748,5067269.0,0.9744748076923077,1060.533763550275,6807.9714900701165,0.2001904
-0.01241015,0.01561783,5064231.0,0.9738905769230769,1075.5874546935001,6904.606885986524,0.2010577
-0.01232414,0.01556818,5061152.0,0.9732984615384616,1091.1629993358717,7004.592258929866,0.201955
-0.01223814,0.01551852,5058045.0,0.9727009615384615,1106.8116412172462,7105.046870983019,0.2028406
-0.01215213,0.01546887,5054896.0,0.9720953846153846,1123.018479446052,7209.084758693945,0.203758
-0.01206613,0.01541922,5051718.0,0.9714842307692307,1139.3073780895597,7313.649423564593,0.204664
-0.01198013,0.01536957,5048498.0,0.970865,1156.1909871739765,7422.03176201218,0.2056036
-0.01189412,0.01531992,5045249.0,0.9702401923076923,1173.1386273576697,7530.82514055423,0.2065294
-0.01180812,0.01527026,5041956.0,0.9696069230769231,1190.6771431116788,7643.411575173461,0.2074864
-0.01172212,0.01522061,5038633.0,0.9689678846153846,1208.310021019216,7756.603756514804,0.2084314
-0.01163611,0.01517096,5035264.0,0.96832,1226.592460338486,7873.965720775009,0.2094109
-0.01155011,0.01512131,5031865.0,0.9676663461538462,1244.986962349516,7992.0470582761445,0.2103791
-0.01146411,0.01507165,5028416.0,0.967003076923077,1264.1130611185645,8114.82479493212,0.2113872
-0.0113781,0.015022,5024933.0,0.9663332692307692,1283.3736433094984,8238.465832063339,0.2123857
-0.0112921,0.01497235,5021398.0,0.9656534615384615,1303.3351920923371,8366.606641608407,0.2134199
-0.0112061,0.01492269,5017828.0,0.9649669230769231,1323.3881291129787,8495.334107174125,0.21444
-0.0111201,0.01487304,5014202.0,0.9642696153846154,1344.0921470989424,8628.24111025386,0.2154895
-0.01103409,0.01482339,5010539.0,0.9635651923076923,1364.880644614556,8761.690419716588,0.216523
-0.01094809,0.01477373,5006819.0,0.9628498076923077,1386.3879753940466,8899.754194587946,0.2175892
-0.01086209,0.01472408,5003059.0,0.9621267307692307,1408.046418326108,9038.788016111153,0.2186437
-0.01077608,0.01467443,4999237.0,0.9613917307692308,1430.506855337586,9182.970144096189,0.2197355
-0.01069008,0.01462478,4995372.0,0.9606484615384615,1453.1332970542023,9328.217919718898,0.2208159
-0.01060408,0.01457513,4991438.0,0.9598919230769231,1476.627392479028,9479.035496051174,0.2219367
-0.01051807,0.01452547,4987456.0,0.9591261538461539,1500.23923231549,9630.608918755424,0.2230415
-0.01043207,0.01447582,4983402.0,0.9583465384615385,1524.697998839146,9787.619087500927,0.2241827
-0.01034606,0.01442617,4979298.0,0.9575573076923077,1549.2887351026582,9945.47642043617,0.225308
-0.01026006,0.01437652,4975115.0,0.9567528846153847,1574.723772933055,10108.753647762265,0.2264672
-0.01017406,0.01432687,4970878.0,0.955938076923077,1600.3039408782406,10272.96252075377,0.2276106
-0.01008805,0.01427721,4966557.0,0.9551071153846153,1626.7555728674274,10442.765654456334,0.2287879
-0.01000205,0.01422756,4962176.0,0.9542646153846154,1653.3467406054265,10613.46452145133,0.2299482
-0.009916048,0.01417791,4957707.0,0.9534051923076923,1680.7893856958517,10789.629346946647,0.231139
-0.009830044,0.01412826,4953173.0,0.9525332692307692,1708.3672173508112,10966.661986658562,0.2323117
-0.00974404,0.01407861,4948544.0,0.9516430769230769,1736.7504837180109,11148.86501956917,0.2335097
-0.009658036,0.01402896,4943847.0,0.9507398076923077,1765.2502693345916,11331.816034067064,0.2346871
-0.009572032,0.0139793,4939048.0,0.9498169230769231,1794.5840147081024,11520.120554925792,0.2358895
-0.009486028,0.01392965,4934176.0,0.94888,1824.0757946305755,11709.439559944061,0.2370734
-0.009400024,0.01388,4929194.0,0.947921923076923,1854.5252139477752,11904.90601817989,0.2382885
-0.00931402,0.01383035,4924133.0,0.9469486538461539,1885.1603997342338,12101.564982368845,0.2394864
-0.009228016,0.0137807,4918954.0,0.9459526923076923,1916.8267574990693,12304.843433528822,0.2407182
-0.009142013,0.01373105,4913689.0,0.9449401923076923,1948.6300189888043,12509.000722013958,0.2419287
-0.00905601,0.01368139,4908299.0,0.9439036538461538,1981.5135739191555,12720.092826907017,0.2431738
-0.008970006,0.01363174,4902819.0,0.9428498076923076,2014.5414544867397,12932.11141321664,0.2443971
-0.008884003,0.01358209,4897205.0,0.9417701923076923,2048.736815560806,13151.62450302678,0.2456576
-0.008797999,0.01353244,4891494.0,0.940671923076923,2083.1056955231543,13372.251476887586,0.2468968
-0.008711996,0.01348279,4885638.0,0.9395457692307693,2118.809035121229,13601.444857087274,0.2481804
-0.008625992,0.01343313,4879678.0,0.9383996153846154,2154.6938857472737,13831.803425936325,0.249442
-0.008539988,0.01338348,4873564.0,0.9372238461538461,2192.0631020192495,14071.690705087352,0.2507535
-0.008453985,0.01333383,4867338.0,0.9360265384615385,2229.6231694113094,14312.803130508151,0.2520424
-0.008367981,0.01328418,4860944.0,0.9347969230769231,2268.769424380426,14564.097900116047,0.2533829
-0.008281978,0.01323453,4854429.0,0.9335440384615384,2308.0909889944023,14816.518049325387,0.254698
-0.008195974,0.01318487,4847734.0,0.9322565384615384,2349.2068255642084,15080.456315864463,0.2560725
-0.008109971,0.01313522,4840908.0,0.9309438461538462,2390.534300807099,15345.75317191957,0.2574215
-0.008023968,0.01308557,4833886.0,0.9295934615384616,2433.928066422646,15624.314335468443,0.2588402
-0.007937965,0.01303592,4826723.0,0.9282159615384615,2477.610693074989,15904.729808394994,0.2602364
-0.007851962,0.01298626,4819343.0,0.9267967307692307,2523.5856181546374,16199.86042088258,0.2617097
-0.00776596,0.01293661,4811809.0,0.9253478846153846,2569.7629909198463,16496.290622425124,0.2631536
-0.007679957,0.01288695,4804041.0,0.9238540384615385,2618.284014734881,16807.765615636043,0.2646721
-0.007593954,0.0128373,4796107.0,0.9223282692307693,2666.9733137898684,17120.320831915244,0.2661565
-0.007507951,0.01278765,4787923.0,0.9207544230769231,2718.1777113806993,17449.0214267908,0.2677175
-0.007421947,0.012738,4779555.0,0.9191451923076923,2769.6927150564397,17779.71592081732,0.2692488
-0.007335944,0.01268834,4770911.0,0.9174828846153846,2824.1965614616556,18129.596938451024,0.2708733
-0.00724994,0.01263869,4762063.0,0.9157813461538461,2879.059824747042,18481.78519038254,0.2724673
-0.007163936,0.01258904,4752909.0,0.9140209615384616,2937.4057576710543,18856.330029557183,0.2741705
-0.007077933,0.01253939,4743529.0,0.9122171153846154,2996.1385838407523,19233.35848431943,0.275841
-0.00699193,0.01248974,4733809.0,0.9103478846153846,3058.7478741178006,19635.271443500253,0.2776302
-0.006905926,0.01244008,4723838.0,0.9084303846153846,3121.7540996764815,20039.732481934785,0.2793828
-0.006819923,0.01239043,4713488.0,0.90644,3189.1422180357163,20472.322564709073,0.2812666
-0.006733919,0.01234078,4702857.0,0.9043955769230769,3257.008722853123,20907.983592964218,0.2831127
-0.006647915,0.01229113,4691803.0,0.9022698076923077,3329.8653567454166,21375.678166629434,0.2851044
-0.006561911,0.01224148,4680430.0,0.9000826923076923,3403.2945223012257,21847.048039824316,0.2870558
-0.006475907,0.01219183,4668577.0,0.8978032692307693,3482.717252742252,22356.89289633878,0.2891812
-0.006389903,0.01214218,4656355.0,0.8954528846153846,3562.9646830745946,22872.031816598224,0.2912693
-0.006303899,0.01209252,4643579.0,0.8929959615384615,3650.5788804584818,23434.460829624742,0.2935705
-0.006217895,0.01204287,4630377.0,0.8904571153846154,3739.2677663401546,24003.788678789337,0.2958353
-0.006131892,0.01199322,4616528.0,0.8877938461538462,3836.6042376580413,24628.628683371415,0.2983421
-0.006045888,0.01194357,4602163.0,0.8850313461538462,3935.2310298677394,25261.75175082844,0.3008083
-0.005959885,0.01189392,4587003.0,0.8821159615384615,4042.0223480257005,25947.286030258234,0.3034723
-0.005873881,0.01184426,4571243.0,0.8790851923076923,4147.990939865313,26627.53891506208,0.305978
-0.005787885,0.0117946,4554613.0,0.8758871153846154,4275.7479490443375,27447.659976777053,0.3091513
-0.005701897,0.01174492,4537110.0,0.8725211538461538,4412.535503034875,28325.75155647984,0.3125599
-0.005615904,0.01169525,4518260.0,0.8688961538461538,4570.063996159379,29336.98715022008,0.3165565
-0.005529897,0.01164561,4498430.0,0.8650826923076923,4725.621038974917,30335.56725107662,0.3203462
-0.005443868,0.011596,4477280.0,0.8610153846153846,4883.016788235798,31345.95071123084,0.3239635
-0.005357828,0.01154641,4454825.0,0.8566971153846153,5045.374149129928,32388.18465243988,0.3275313
-0.005271787,0.01149682,4430404.0,0.8520007692307693,5256.948781883038,33746.363069111234,0.3324526
-0.00518574,0.01144724,4403895.0,0.8469028846153847,5477.200424503356,35160.24252786659,0.3374071
-0.005099683,0.01139769,4375175.0,0.8413798076923077,5775.45001364186,37074.82061068291,0.3444091
-0.005013605,0.01134816,4343926.0,0.8353703846153846,6079.421776715615,39026.13151460433,0.3512656
-0.004927488,0.01129871,4307912.0,0.8284446153846153,6666.41340154902,42794.25506156042,0.365812
-0.004841241,0.01124947,4263440.0,0.8198923076923077,7368.990341347668,47304.36491390286,0.3869546
-0.004753901,0.01120225,4220727.0,0.8116782692307692,7043.088946792323,45212.27932552951,0.3765977
-0.0046663,0.01115547,4190179.0,0.8058036538461538,7055.305405619316,45290.70144301624,0.3765688
-0.004578239,0.01110957,4155069.0,0.7990517307692308,7159.763000670468,45961.25466203765,0.3788603
-0.004489727,0.01106455,4120082.0,0.7923234615384616,7219.693665885399,46345.97250336157,0.3799247
-0.004400772,0.0110204,4084820.0,0.7855423076923077,7314.020087105863,46951.489846137636,0.3818156
-0.004311381,0.01097714,4049720.0,0.7787923076923077,7404.526253618897,47532.48351411251,0.3835243
-0.004221566,0.01093477,4015222.0,0.7721580769230769,7499.00498735564,48138.97860913377,0.3852929
-0.004131335,0.0108933,3980451.0,0.7654713461538462,7602.224465947471,48801.58388548127,0.3872121
-0.004040696,0.01085272,3945675.0,0.7587836538461539,7706.577278612214,49471.46446632382,0.3890771
-0.003949659,0.01081305,3910596.0,0.7520376923076924,7816.0514701364755,50174.22113509849,0.3909888
-0.003858234,0.01077427,3875409.0,0.7452709615384615,7927.480073512047,50889.523920386244,0.3928671
-0.003766427,0.01073641,3839856.0,0.7384338461538461,8042.53417454686,51628.10016056035,0.3947519
-0.003674248,0.01069947,3804209.0,0.7315786538461538,8154.46474644722,52346.62527362599,0.3964596
-0.003581707,0.01066344,3768285.0,0.7246701923076924,8271.28474003136,53096.53745287487,0.3981987
-0.003488814,0.01062833,3732159.0,0.7177228846153846,8389.448774144883,53855.07754188015,0.3998762
-0.003395578,0.01059414,3695633.0,0.7106986538461538,8511.167250951103,54636.43495678929,0.4015498
-0.003302005,0.01056089,3658850.0,0.703625,8629.62302421408,55396.847830877225,0.4030513
-0.003208104,0.01052857,3621785.0,0.6964971153846153,8745.633704018841,56141.56471571314,0.4043886
-0.003113889,0.01049718,3584639.0,0.6893536538461539,8862.407686508988,56891.18153216746,0.4056485
-0.003019367,0.01046672,3547100.0,0.6821346153846154,8984.67970204506,57676.09232370731,0.4069457
-0.002924548,0.01043721,3509280.0,0.6748615384615385,9102.186274820047,58430.41191714479,0.4080282
-0.00282944,0.01040864,3471174.0,0.6675334615384615,9220.224184111927,59188.14236272386,0.4090261
-0.002734053,0.01038101,3432814.0,0.6601565384615384,9337.735749884201,59942.4940081189,0.4099111
-0.002638397,0.01035433,3394088.0,0.6527092307692308,9457.406770053023,60710.70801647784,0.4107581
-0.002542478,0.01032861,3355227.0,0.6452359615384615,9563.846852357117,61393.98757874387,0.4111933
-0.002446311,0.01030384,3316221.0,0.6377348076923077,9681.320572937346,62148.09628138939,0.4117963
-0.002349903,0.01028002,3276810.0,0.6301557692307692,9794.171849384287,62872.53174876844,0.4121939
-0.002253261,0.01025717,3237201.0,0.6225386538461538,9901.399963280803,63560.86998695679,0.4123716
-0.002156399,0.01023527,3197456.0,0.6148953846153846,10010.647663236663,64262.17271980465,0.4124999
-0.002059324,0.01021433,3157380.0,0.6071884615384615,10120.52774590272,64967.534958921715,0.4125476
-0.001962045,0.01019437,3117119.0,0.5994459615384615,10223.48160028645,65628.43509197442,0.4123545
-0.001864573,0.01017537,3076680.0,0.5916692307692307,10325.666306502006,66284.39776902097,0.4120567
-0.001766917,0.01015733,3036103.0,0.5838659615384615,10424.53308087195,66919.06137366901,0.411602
-0.001669086,0.01014028,2995343.0,0.5760275,10520.929937984445,67537.86963561185,0.4110089
-0.001571091,0.01012419,2954524.0,0.5681776923076923,10613.654988358317,68133.10716699169,0.4102522
-0.001472941,0.01010907,2913515.0,0.5602913461538461,10711.879542568877,68763.648115025,0.409525
-0.001374646,0.01009493,2872338.0,0.5523726923076923,10797.80763141244,69315.2533530184,0.4084618
-0.001276215,0.01008177,2831129.0,0.5444478846153846,10886.319802478469,69883.44680225334,0.4073738
-0.001177659,0.01006958,2789773.0,0.5364948076923077,10971.714886907594,70431.63048123344,0.4061395
-0.001078986,0.01005838,2748276.0,0.5285146153846154,11055.079393861546,70966.77910745572,0.4047891
-0.0009802069,0.01004816,2706804.0,0.5205392307692308,11128.598916686758,71438.72901849113,0.4031773
-0.000881331,0.01003892,2665346.0,0.5125665384615384,11203.264179668378,71918.03387341229,0.4015168
-0.0007823684,0.01003065,2623891.0,0.504594423076923,11278.999738722963,72404.20936781813,0.3997976
-0.0006833288,0.01002337,2582215.0,0.4965798076923077,11361.290640992342,72932.46611531348,0.3981179
-0.0005842214,0.01001708,2540437.0,0.48854557692307693,11443.238597370319,73458.52136208198,0.3963327
-0.0004850564,0.01001177,2498225.0,0.4804278846153846,11538.352841079544,74069.09603846408,0.3946781
-0.0003858439,0.01000745,2455451.0,0.4722021153846154,11690.566158530042,75046.21148846441,0.3938326
-0.0002865932,0.0100041,2410581.0,0.46357326923076925,11885.870540611757,76299.94494872406,0.3934882
-0.0001873143,0.01000175,2363744.0,0.45456615384615384,12217.769171948916,78430.52909172438,0.3949444
-8.801603e-05,0.01000044,2313658.0,0.4449342307692308,12581.283271286902,80764.06500504301,0.3964568
1.129096e-05,0.009999971,2250087.0,0.43270903846153846,13488.315067730846,86586.6487105402,0.4048222
0.0001105874,0.01000122,2171672.0,0.41762923076923075,14095.833414839515,90486.54113165903,0.4069987
0.0002098418,0.01000441,2088358.0,0.4016073076923077,14405.990707325656,92477.55931255534,0.4037074
0.0003090139,0.01000956,2005157.0,0.3856071153846154,14598.336188131681,93712.29845484119,0.3983949
0.0004080636,0.01001668,1923865.0,0.3699740384615385,14662.822853044303,94126.26299920907,0.3910812
0.0005069526,0.01002577,1844116.0,0.3546376923076923,14698.665326894294,94356.34953533918,0.3831921
0.0006056422,0.01003681,1766586.0,0.33972807692307694,14655.713854748186,94080.62762258427,0.3743412
0.0007040912,0.01004983,1690935.0,0.3251798076923077,14596.403761090596,93699.893467226,0.3651968
0.0008022646,0.01006478,1617918.0,0.31113807692307693,14503.676387016574,93104.64101912692,0.3555973
0.0009001194,0.01008169,1546739.0,0.29744980769230767,14404.446118552185,92467.64400698461,0.3458439
0.0009976206,0.01010054,1478271.0,0.2842828846153846,14274.364736328036,91632.60190648017,0.3360731
0.00109473,0.01012131,1411547.0,0.27145134615384614,14152.428029495331,90849.84358963875,0.3263959
0.001191405,0.01014402,1347122.0,0.25906192307692305,13999.567210032908,89868.57157679388,0.3162271
0.001287609,0.01016864,1284629.0,0.24704403846153847,13853.12984302394,88928.53415984206,0.3061405
0.001383306,0.01019516,1224396.0,0.23546076923076922,13677.29513050977,87799.78394848267,0.2962321
0.001478459,0.01022358,1166016.0,0.22423384615384614,13507.283740661584,86708.41587058292,0.2864605
0.001573024,0.01025388,1109825.0,0.21342788461538462,13325.356934487763,85540.55818205007,0.2763913
0.001666972,0.01028606,1055272.0,0.20293692307692307,13149.758234901594,84413.32302786314,0.26642
0.001760262,0.0103201,1002794.0,0.192845,12942.929767324355,83085.61205910813,0.2567414
0.001852859,0.01035598,952158.0,0.18310730769230768,12743.930193742632,81808.15775256614,0.2472725
0.001944724,0.01039369,903687.3,0.17378601923076925,12539.935763079393,80498.63954973282,0.2375909
0.002035822,0.01043323,856737.6,0.16475723076923077,12341.83898374805,79226.98062446885,0.2280386
0.002126115,0.01047456,811758.1,0.1561073269230769,12122.81523473807,77820.98348401333,0.2189299
0.002215573,0.01051768,768330.2,0.14775580769230767,11907.91215492564,76441.4384937685,0.2099988
0.002304157,0.01056256,727002.7,0.13980821153846154,11705.027541812295,75139.0446338826,0.2011245
0.00239183,0.0106092,687003.6,0.13211607692307692,11520.391501187949,73953.79533413186,0.192497
0.002478561,0.01065756,648751.8,0.12475996153846154,11326.642500533726,72710.0464616133,0.1842341
0.002564312,0.01070765,612238.0,0.11773807692307692,11123.959513022774,71408.94691351637,0.176036
0.002649054,0.01075942,577161.4,0.11099257692307693,10717.785772033541,68801.56245890656,0.1666248
0.00273275,0.01081287,547393.2,0.10526792307692306,10273.77723582025,65951.30199594058,0.157472
0.002805451,0.01086119,529460.1,0.10181925,9237.21438838255,59297.20897640493,0.1457186
0.00288784,0.01091664,516893.0,0.0994025,8242.26712074695,52910.26226618336,0.1357047
0.002970221,0.0109721,511226.1,0.09831271153846154,7699.744714477575,49427.603626215365,0.1306651
0.003052613,0.01102754,506049.6,0.09731723076923077,7208.22551023483,46272.35402991345,0.1259902
0.003135027,0.01108295,502544.8,0.09664323076923077,6919.960016760126,44421.86767238623,0.1232652
0.003217482,0.01113829,499381.2,0.09603484615384615,6668.87160628944,42810.03521714312,0.1208764
0.003299977,0.01119357,496648.4,0.0955093076923077,6522.065299486431,41867.62943467037,0.1194751
0.003382505,0.01124881,494080.5,0.09501548076923078,6386.253766830597,40995.80330888214,0.1181546
0.003465062,0.011304,491766.7,0.09457051923076923,6297.5893609857685,40426.63260642861,0.1172945
0.00354765,0.01135915,489563.9,0.09414690384615385,6215.005847717454,39896.49747711563,0.1164912
0.003630266,0.01141425,487506.1,0.09375117307692307,6160.825464222203,39548.69289150589,0.1159676
0.003712912,0.01146931,485522.7,0.09336975,6110.489064455821,39225.56430635354,0.1154813
0.003795588,0.01152433,483626.0,0.093005,6076.9620386380575,39010.3415159446,0.1151601
0.003878293,0.0115793,481777.7,0.09264955769230769,6045.850584313958,38810.625202016,0.1148626
0.003961026,0.01163423,479976.3,0.09230313461538461,6023.226737358922,38665.394083159415,0.1146472
0.004043788,0.01168911,478201.7,0.09196186538461538,6001.933125916432,38528.70225438085,0.1144442
0.004126581,0.01174395,476449.1,0.09162482692307691,5984.034512872326,38413.80421765248,0.114273
0.004209402,0.01179875,474706.4,0.09128969230769231,5966.668938235273,38302.327958149,0.1141055
0.004292253,0.0118535,472975.3,0.09095678846153846,5950.207502418907,38196.655711234125,0.1139457
0.004375132,0.0119082,471230.7,0.09062128846153847,5934.164993933333,38093.67271894034,0.1137872
0.004458041,0.01196287,469464.3,0.09028159615384615,5917.430117350779,37986.245151257375,0.11362
0.004540979,0.01201749,467730.1,0.08994809615384615,5900.346384348294,37876.57814090634,0.1134489
0.004623945,0.01207206,466017.3,0.08961871153846154,5883.1842950134,37766.408131315264,0.113278
0.004706934,0.01212659,464291.4,0.0892868076923077,5865.916209783471,37655.55769356974,0.1131035
0.004789963,0.01218108,462570.4,0.08895584615384616,5849.05066789703,37547.29133536998,0.1129335
0.00487301,0.01223552,460772.4,0.08861007692307693,5832.1953222103475,37439.090430472745,0.1127569
0.0049561,0.01228993,458932.8,0.08825630769230769,5813.6706591153925,37320.17353923543,0.112562
0.005039213,0.01234428,457217.9,0.08792651923076923,5795.563005643555,37203.93359212082,0.1123773
0.005122354,0.01239859,455562.5,0.08760817307692308,5779.544432738669,37101.10425146598,0.1122158
0.005205522,0.01245286,453840.7,0.08727705769230769,5763.597589000793,36998.73536774405,0.1120487
0.005288718,0.01250708,452087.9,0.08693998076923078,5747.034123018515,36892.408150205396,0.1118738
0.005371942,0.01256126,450333.7,0.08660263461538462,5730.20670855332,36784.38654649225,0.1116943
0.005455195,0.0126154,448587.4,0.0862668076923077,5713.497888174479,36677.12624353777,0.1115169
0.005538476,0.01266949,446840.7,0.08593090384615384,5696.782412320958,36569.82321654807,0.1113376
0.005621782,0.01272354,445101.4,0.08559642307692308,5680.482886968028,36465.19033476885,0.1111633
0.005705118,0.01277754,443360.3,0.08526159615384615,5664.238893302377,36360.913932110605,0.1109878
0.005788487,0.01283151,441623.8,0.08492765384615385,5648.728604613653,36261.34746206999,0.1108198
0.005871883,0.01288542,439884.9,0.08459325000000001,5633.298054618347,36162.29286517298,0.1106504
0.005955306,0.0129393,438147.2,0.08425907692307692,5618.269932116214,36065.82160413429,0.1104844
0.006038761,0.01299313,436408.0,0.08392461538461539,5603.232452558517,35969.29027658032,0.1103163
0.006122238,0.01304691,434672.4,0.08359084615384615,5588.1973592787035,35872.774267455956,0.1101479
0.006205752,0.01310066,432936.1,0.0832569423076923,5573.125960176831,35776.02519738625,0.1099773
0.006289282,0.01315435,431206.2,0.08292426923076923,5558.334142820821,35681.07086937983,0.1098098
0.006372854,0.01320802,429474.9,0.08259132692307693,5543.584157508164,35586.385077244966,0.1096408
0.006456437,0.01326162,427747.9,0.08225921153846154,5529.190101436897,35493.984130921854,0.1094751
0.006540067,0.0133152,426020.3,0.08192698076923077,5514.863668929377,35402.01728609543,0.1093083
0.006623714,0.01336873,424294.9,0.08159517307692309,5500.64152573553,35310.71991422556,0.109142
0.006707388,0.01342221,422569.7,0.08126340384615385,5486.405565725626,35219.333846933594,0.1089739
0.00679109,0.01347565,420848.8,0.08093246153846154,5472.281709620916,35128.66741744735,0.1088068
0.006874819,0.01352905,419126.9,0.08060132692307692,5458.197805429404,35038.25745455874,0.1086385
0.006958577,0.0135824,417408.1,0.08027078846153846,5444.479676706263,34950.19554417541,0.1084734
0.007042362,0.01363571,415687.3,0.07993986538461538,5430.863048199455,34862.785202467014,0.1083078
0.007126176,0.01368897,413964.7,0.07960859615384616,5417.5617565187895,34777.39912834531,0.108144
0.007210017,0.0137422,412241.4,0.07927719230769231,5404.222578488996,34691.76984727103,0.1079778
0.007293886,0.01379537,410519.2,0.078946,5390.5830863919755,34604.2127354402,0.1078075
0.007377782,0.01384851,408799.2,0.07861523076923077,5376.810633311676,34515.802096249296,0.1076342
0.007461704,0.0139016,407089.1,0.07828636538461538,5362.269356902349,34422.45608631886,0.1074534
0.007545654,0.01395465,405383.5,0.07795836538461538,5347.615844113399,34328.38958817873,0.1072703
0.007629631,0.01400766,403696.0,0.07763384615384615,5332.625022336143,34232.15777474675,0.1070854
0.007713635,0.01406063,402011.3,0.07730986538461539,5317.67637754841,34136.19671152762,0.1068998
0.007797666,0.01411355,400343.8,0.0769891923076923,5303.0083818006415,34042.03724174046,0.1067183
0.007881725,0.01416643,398677.6,0.07666876923076922,5288.515087767013,33948.99924901514,0.1065373
0.007965812,0.01421926,397021.4,0.07635026923076924,5274.342642734483,33858.020908633924,0.1063595
0.008049925,0.01427205,395366.2,0.07603196153846153,5260.265941863239,33767.657186610726,0.1061811
0.008134066,0.0143248,393718.4,0.07571507692307693,5246.34373168167,33678.285199360085,0.106004
0.008218232,0.01437751,392070.7,0.07539821153846155,5232.455941847943,33589.1341694753,0.1058255
0.008302426,0.01443017,390430.2,0.07508273076923078,5218.704587065121,33500.8589683182,0.1056482
0.008386646,0.01448279,388789.7,0.07476725000000001,5205.046235896838,33413.18079290231,0.1054704
0.008470894,0.01453536,387152.6,0.07445242307692307,5191.535359532909,33326.44931461012,0.1052934
0.008555168,0.0145879,385516.3,0.07413775,5178.026607047883,33239.731470308216,0.1051147
0.008639468,0.01464039,383884.7,0.07382398076923077,5164.305620575342,33151.651214939455,0.1049333
0.008723795,0.01469284,382255.4,0.07351065384615385,5150.500013220835,33063.02774579318,0.1047495
0.008808148,0.01474524,380636.6,0.07319934615384614,5136.206079114603,32971.26952062324,0.1045611
0.008892527,0.01479761,379020.8,0.07288861538461539,5121.868711942754,32879.232482008025,0.1043711
0.008976933,0.01484993,377419.4,0.07258065384615385,5107.446310075824,32786.64957319077,0.1041813
0.009061365,0.01490221,375820.1,0.07227309615384615,5093.103191064054,32694.575611317152,0.1039912
0.009145825,0.01495445,374231.9,0.07196767307692307,5079.05955044913,32604.424115712594,0.1038046
0.009230311,0.01500664,372644.7,0.07166244230769231,5065.085963410695,32514.722320785088,0.1036172
0.009314824,0.01505879,371066.3,0.07135890384615384,5051.188015096182,32425.506079730276,0.1034304
0.009399363,0.01511089,369489.2,0.07105561538461538,5037.3247573472645,32336.512530672324,0.1032426
0.009483928,0.01516296,367920.8,0.070754,5023.4226830581165,32247.26980340967,0.1030543
0.00956852,0.01521498,366353.3,0.0704525576923077,5009.529442734858,32158.08378474978,0.1028646
0.009653138,0.01526696,364794.6,0.07015280769230768,4995.886893796074,32070.50704988355,0.1026777
0.009737783,0.0153189,363236.0,0.06985307692307692,4982.294568022395,31983.252716705905,0.1024898
0.009822453,0.01537079,361683.4,0.0695545,4968.713434016073,31896.07022775964,0.1023013
0.009907149,0.01542264,360131.9,0.06925613461538462,4955.12130322611,31808.817146256984,0.1021113
0.00999187,0.01547445,358587.4,0.06895911538461538,4941.106066751834,31718.847987685316,0.1019166
0.01007662,0.01552622,357047.5,0.06866298076923077,4927.002594781202,31628.312411745104,0.1017199
0.01016139,0.01557794,355522.4,0.06836969230769231,4912.673765362584,31536.330180230416,0.1015218
0.01024619,0.01562963,353998.9,0.06807671153846154,4898.353605706087,31444.403603231756,0.1013227
0.01033101,0.01568127,352489.6,0.06778646153846153,4884.171439474192,31353.36285875705,0.101126
0.01041586,0.01573287,350982.0,0.06749653846153846,4870.100131331189,31263.03375471715,0.1009294
0.01050073,0.01578443,349484.7,0.06720859615384615,4856.1370596055,31173.399461600384,0.1007341
0.01058563,0.01583594,347989.5,0.06692105769230769,4842.20091939446,31083.938052167487,0.1005377
0.01067056,0.01588741,346505.4,0.06663565384615384,4828.30398149298,30994.72829734004,0.1003422
0.01075551,0.01593884,345022.6,0.06635049999999999,4814.439006481653,30905.72372451847,0.1001457
0.01084049,0.01599023,343550.4,0.06606738461538463,4800.733967397095,30817.745841527147,0.09995133
0.01092549,0.01604157,342079.0,0.06578442307692307,4787.103106824126,30730.244138747566,0.09975647
0.01101052,0.01609288,340615.4,0.06550296153846154,4773.695795400109,30644.17748337995,0.09956384
0.01109558,0.01614414,339152.9,0.06522171153846154,4760.311631919335,30558.25942350554,0.09936998
0.01118066,0.01619535,337698.0,0.06494192307692308,4746.878456375742,30472.026736470907,0.09917544
0.01126577,0.01624653,336245.1,0.06466251923076922,4733.4079807736225,30385.55460610712,0.09897913
0.0113509,0.01629767,334803.0,0.06438519230769231,4719.674160822793,30297.391967737174,0.09878042
0.01143605,0.01634876,333363.4,0.06410834615384615,4705.90621031528,30209.010232281562,0.09858032
0.01152123,0.01639981,331937.3,0.06383409615384615,4692.046420356063,30120.038944290845,0.09838017
0.01160644,0.01645082,330513.1,0.06356021153846153,4678.204327784867,30031.18126259654,0.09817907
0.01169167,0.01650179,329102.6,0.06328896153846153,4664.527402052381,29943.38384995513,0.09798061
0.01177693,0.01655271,327693.2,0.06301792307692308,4650.947505489194,29856.209304629214,0.09778199
0.01186221,0.01660359,326294.0,0.06274884615384616,4637.679938674352,29771.039723308517,0.09758694
0.01194751,0.01665443,324895.6,0.06247992307692307,4624.468711441607,29686.23180729434,0.0973911
0.01203285,0.01670523,323505.7,0.06221263461538462,4611.361888487917,29602.094102243438,0.09719633
0.0121182,0.01675599,322117.5,0.06194567307692308,4598.255249523483,29517.95757828988,0.09700027
0.01220358,0.01680671,320738.8,0.06168053846153846,4584.951372405111,29432.55490725556,0.09680235
0.01228899,0.01685738,319362.7,0.06141590384615385,4571.600967484473,29346.853556478818,0.09660288
0.01237441,0.01690802,317999.5,0.06115375,4558.132757888415,29260.395972473852,0.09640314
0.01245987,0.01695861,316638.1,0.06089194230769231,4544.670447686049,29173.97625893133,0.0962025
0.01254535,0.01700916,315290.0,0.06063269230769231,4531.379681405443,29088.657751374678,0.09600466
0.01263085,0.01705967,313943.0,0.06037365384615385,4518.178650455364,29003.915289195244,0.09580674
0.01271638,0.01711013,312606.0,0.060116538461538464,4505.305027374695,28921.274583241942,0.09561264
0.01280193,0.01716056,311269.9,0.05985959615384616,4492.47848073941,28838.93607898089,0.09541768
0.01288751,0.01721094,309942.5,0.05960432692307693,4479.714459192347,28756.99894715385,0.09522343
0.01297311,0.01726128,308617.3,0.059349480769230765,4466.926916313306,28674.910822908634,0.09502769
0.01305874,0.01731158,307302.9,0.05909671153846154,4453.884480604528,28591.186444187126,0.09482969
0.01314439,0.01736184,305991.4,0.05884450000000001,4440.771883875468,28507.01167506579,0.09462989
0.01323006,0.01741206,304695.2,0.058595230769230774,4427.501399577639,28421.823365306936,0.09442981
0.01331576,0.01746224,303401.0,0.05834634615384615,4414.271524482035,28336.89574153516,0.09422932
0.01340148,0.01751237,302121.2,0.05810023076923077,4401.265603229501,28253.405763061553,0.09403248
0.01348723,0.01756247,300842.3,0.05785428846153846,4388.378815805404,28170.680550157296,0.09383602
0.013573,0.01761252,299573.0,0.05761019230769231,4375.9697670848955,28091.0221245497,0.0936451
0.0136588,0.01766253,298303.9,0.05736613461538462,4363.634306806826,28011.836091274483,0.0934536
0.01374462,0.0177125,297041.6,0.05712338461538461,4351.445839158639,27933.593659860773,0.0932635
0.01383046,0.01776243,295780.6,0.05688088461538461,4339.2437581238755,27855.263838916555,0.09307196
0.01391633,0.01781231,294527.9,0.056639980769230776,4326.822946040477,27775.529899787434,0.09287818
0.01400222,0.01786216,293277.4,0.056399500000000005,4314.329180749296,27695.32764613994,0.09268258
0.01408813,0.01791196,292039.1,0.05616136538461538,4301.687023607194,27614.172808496398,0.0924864
0.01417407,0.01796173,290802.6,0.055923576923076916,4289.049532545263,27533.047924204526,0.09228937
0.01426003,0.01801145,289578.7,0.05568821153846154,4276.47177263128,27452.3064769764,0.09209404
0.01434602,0.01806113,288356.2,0.055453115384615385,4263.947577174125,27371.908880465242,0.09189837
0.01443203,0.01811077,287144.8,0.05522015384615384,4251.680436169302,27293.161414711834,0.09170622
0.01451807,0.01816037,285934.2,0.05498734615384616,4239.45688149756,27214.693746286124,0.09151344
0.01460412,0.01820993,284733.3,0.054756403846153844,4227.356494377241,27137.01673743902,0.09132233
0.0146902,0.01825945,283534.0,0.05452576923076923,4215.259268943512,27059.36002466632,0.09113013
0.01477631,0.01830892,282345.2,0.05429715384615385,4203.087110491221,26981.222288213306,0.09093769
0.01486244,0.01835836,281158.5,0.05406894230769231,4190.883651879899,26902.883624078742,0.09074382
0.01494859,0.01840776,279984.8,0.05384323076923077,4178.444033713658,26823.028961517484,0.09054846
0.01503476,0.01845711,278813.4,0.053617961538461545,4166.012673000837,26743.22730670515,0.09035252
0.01512096,0.01850643,277655.6,0.053395307692307686,4153.655088937449,26663.89925239781,0.09015879
0.01520718,0.0185557,276499.0,0.053172884615384615,4141.369947967321,26585.036237988785,0.08996507
0.01529342,0.01860493,275353.4,0.05295257692307693,4129.522640478604,26508.98384400627,0.08977707
0.01537969,0.01865412,274208.0,0.05273230769230769,4117.784288275385,26433.63087563646,0.08958919
0.01546598,0.01870327,273069.5,0.05251336538461539,4106.3528989002325,26360.248418959738,0.08940463
0.0155523,0.01875238,271931.9,0.05229459615384616,4094.939570217591,26286.98190076978,0.08921905
0.01563864,0.01880145,270801.4,0.05207719230769231,4083.475863006308,26213.39198355332,0.08903294
0.015725,0.01885047,269672.3,0.05186005769230769,4071.946694549801,26139.381845589058,0.088845
0.01581138,0.01889946,268553.9,0.051644980769230776,4060.1451672502117,26063.623332134543,0.08865485
0.01589779,0.01894841,267437.4,0.05143026923076924,4048.3242315659913,25987.74022884256,0.08846378
0.01598422,0.01899732,266333.2,0.05121792307692308,4036.464200688766,25911.606158567225,0.0882735
0.01607067,0.01904618,265231.5,0.05100605769230769,4024.5051829574068,25834.83665384935,0.0880815
0.01615714,0.01909501,264144.8,0.050797076923076924,4013.3765597501083,25763.39776890014,0.0878999
0.01624364,0.01914379,263020.8,0.05058092307692307,4002.093229978248,25690.96576339498,0.08771276
0.01633016,0.01919254,261907.4,0.05036680769230769,3989.4805018388524,25609.999841765515,0.0875119
0.01641671,0.01924124,260857.5,0.050164903846153845,3977.6238095427348,25533.887203118084,0.08732296
0.01650328,0.0192899,259818.0,0.049965,3967.075562745785,25466.17397612618,0.08714868
0.01658987,0.01933853,258751.1,0.04975982692307693,3956.1434914746155,25395.996833163386,0.08696709
0.01667648,0.01938711,257691.7,0.04955609615384616,3944.6423476031864,25322.166595719777,0.08677993
0.01676311,0.01943565,256635.4,0.04935296153846154,3933.089255604003,25248.00288339317,0.08659156
0.01684977,0.01948415,255593.2,0.04915253846153846,3922.0136428240035,25176.904292633666,0.08640962
0.01693645,0.01953261,254526.6,0.048947423076923076,3910.941158821092,25105.825786689897,0.08622539
0.01702315,0.01958104,253467.0,0.048743653846153846,3898.9365851018333,25028.763840677384,0.08603165
0.01710988,0.01962942,252451.1,0.04854828846153846,3887.306301370131,24954.104605122455,0.08584381
0.01719662,0.01967776,251448.1,0.04835540384615385,3876.990673134061,24887.884645563387,0.08567097
0.01728339,0.01972606,250425.0,0.048158653846153844,3866.5291437017845,24820.728090472632,0.08549436
0.01737019,0.01977432,249405.5,0.047962596153846154,3855.8171344714547,24751.96360984231,0.085315
0.017457,0.01982254,248383.5,0.04776605769230769,3845.0791525715017,24683.032400720742,0.08513431
0.01754384,0.01987072,247366.5,0.04757048076923077,3833.8438531844495,24610.908720609517,0.08494848
0.01763069,0.01991886,246362.0,0.04737730769230769,3822.6264235793346,24538.899753457128,0.08476226
0.01771757,0.01996696,245371.4,0.047186807692307695,3811.3926911265357,24466.786132095647,0.08457732
0.01780447,0.02001502,244378.8,0.046995923076923074,3800.1075859579405,24394.34272964041,0.08439119
0.0178914,0.02006305,243397.7,0.04680725,3788.8653859782926,24322.17475198839,0.08420705
0.01797834,0.02011103,242417.6,0.046618769230769234,3777.7108931982243,24250.56980036603,0.08402332
0.01806531,0.02015897,241446.7,0.046432057692307696,3766.9790295310386,24181.677866518556,0.08384504
0.0181523,0.02020687,240476.1,0.046245403846153846,3756.3014501873126,24113.13440448704,0.08366633
0.01823932,0.02025473,239512.9,0.046060173076923075,3745.758927208936,24045.4579208738,0.08348936
0.01832635,0.02030255,238550.7,0.045875134615384616,3735.202989116146,23977.695320514824,0.08331127
0.01841341,0.02035033,237596.9,0.045691711538461535,3724.5260500892405,23909.155968921663,0.08313231
0.01850048,0.02039807,236644.4,0.04550853846153846,3713.819427806458,23840.426069166162,0.0829522
0.01858759,0.02044577,235701.9,0.04532728846153846,3703.1527370872022,23771.952505375993,0.08277357
0.01867471,0.02049343,234760.2,0.04514619230769231,3692.521391917337,23703.70583817396,0.08259454
0.01876186,0.02054106,233827.2,0.044966769230769234,3681.992266479547,23636.11535849335,0.08241739
0.01884901,0.02058863,232895.1,0.044787519230769235,3671.490136429656,23568.69817252341,0.08223977
0.01893621,0.02063618,231971.0,0.04460980769230769,3661.0797677559685,23501.870037892106,0.08206381
0.01902341,0.02068368,231047.8,0.04443226923076923,3650.684442661262,23435.13847374288,0.08188724
0.01911065,0.02073115,230132.5,0.04425625,3640.355124804158,23368.83063527518,0.08171202
0.01919789,0.02077857,229218.1,0.044080403846153846,3630.030390861572,23302.552222706418,0.08153611
0.01928517,0.02082596,228311.7,0.04390609615384616,3619.749270882787,23236.553784837506,0.08136131
0.01937246,0.0208733,227406.4,0.043732,3609.4673544837074,23170.550234442384,0.08118579
0.01945979,0.02092061,226509.8,0.04355957692307692,3599.0987384886153,23103.990126209934,0.08100996
0.01954712,0.02096788,225614.4,0.04338738461538461,3588.7135510894195,23037.323639802114,0.08083329
0.01963448,0.02101511,224729.1,0.043217134615384616,3578.319392950084,22970.599566785346,0.08065761
0.01972186,0.0210623,223844.7,0.0430470576923077,3567.94896914359,22904.02785352069,0.08048156
0.01980926,0.02110945,222969.7,0.04287878846153846,3557.7362836136754,22838.468722529935,0.08030828
0.01989668,0.02115656,222095.4,0.04271065384615384,3547.5700273857065,22773.2076389704,0.0801348
0.01998413,0.02120363,221229.1,0.042544057692307694,3537.517183947836,22708.67459544895,0.07996319
0.02007159,0.02125066,220363.6,0.04237761538461539,3527.474554667149,22644.20712050559,0.07979096
0.02015908,0.02129765,219506.2,0.04221273076923077,3517.4686076039607,22579.97512273374,0.07961982
0.02024659,0.0213446,218649.4,0.042047961538461534,3507.458085762853,22515.71375771426,0.07944785
0.02033412,0.02139151,217801.2,0.041884846153846154,3497.5480773929285,22452.097627075527,0.07927776
0.02042166,0.02143838,216953.5,0.041721826923076924,3487.6878195502763,22388.80086408253,0.07910766
0.02050924,0.02148522,216112.8,0.041560153846153844,3478.0240285508967,22326.765296832382,0.07894017
0.02059683,0.02153201,215272.6,0.04139857692307693,3468.3817469136347,22264.867806397044,0.07877208
0.02068444,0.02157877,214438.9,0.04123825,3458.7414342546635,22202.98295558576,0.07860439
0.02077207,0.02162548,213606.3,0.041078134615384614,3449.0675117455826,22140.882350303287,0.07843552
0.02085972,0.02167216,212782.1,0.040919634615384615,3439.1087083037883,22076.952985452157,0.07826417
0.0209474,0.0217188,211959.3,0.04076140384615384,3429.111350534866,22012.776125642424,0.07809193
0.02103509,0.0217654,211146.8,0.040605153846153846,3419.0495315282924,21948.18546451563,0.07792034
0.02112281,0.02181197,210334.9,0.04044901923076923,3409.0202176281878,21883.80346608844,0.07774865
0.02121054,0.02185849,209532.1,0.040294634615384614,3399.314086380411,21821.496100604352,0.07758172
0.0212983,0.02190497,208729.3,0.040140249999999995,3389.718239555253,21759.89669297205,0.07741547
0.02138608,0.02195141,207931.6,0.03998684615384616,3380.5195962975795,21700.847086822854,0.07725382
0.02147388,0.02199781,207134.0,0.03983346153846154,3371.3454227666916,21641.954561200513,0.07709149
0.0215617,0.02204418,206340.9,0.039680942307692306,3362.199809333113,21583.245373756476,0.0769294
0.02164954,0.0220905,205548.6,0.03952857692307692,3352.9907199473623,21524.128709919372,0.07676571
0.0217374,0.02213679,204763.8,0.03937765384615385,3343.4070105016785,21462.607216763972,0.07659827
0.02182528,0.02218304,203980.4,0.039227,3333.742068803888,21400.56426274101,0.07642942
0.02191317,0.02222926,203207.9,0.03907844230769231,3323.904719112551,21337.414555925196,0.07626013
0.02200108,0.02227543,202436.3,0.03893005769230769,3314.0851525468415,21274.37900578825,0.07609066
0.02208903,0.02232157,201674.5,0.038783557692307694,3304.486673966685,21212.762703914937,0.07592507
0.02217698,0.02236766,200913.3,0.038637173076923076,3294.9911742443896,21151.807462681554,0.07576025
0.02226498,0.02241372,200158.2,0.03849196153846154,3285.926621585853,21093.61863532827,0.07560087
0.02235298,0.02245973,199403.3,0.03834678846153846,3276.9109106472047,21035.743341638838,0.07544116
0.022441,0.02250571,198653.3,0.03820255769230769,3268.024309569058,20978.696853480724,0.07528301
0.02252905,0.02255165,197903.9,0.03805844230769231,3259.1076831127407,20921.457620946534,0.07512369
0.02261711,0.02259755,197161.1,0.037915596153846154,3250.00009783223,20862.99255074874,0.0749626
0.02270518,0.02264341,196419.3,0.037772942307692306,3240.826181690886,20804.101677408238,0.07480008
0.02279329,0.02268924,195686.6,0.03763203846153846,3231.5171318774005,20744.343329387622,0.07463718
0.0228814,0.02273502,194954.7,0.037491288461538465,3222.216619832376,20684.639788565295,0.07447396
0.02296955,0.02278078,194231.5,0.037352211538461536,3213.031747717946,20625.678584646947,0.07431318
0.0230577,0.02282648,193507.9,0.03721305769230769,3204.2525199801617,20569.321366991204,0.07415655
0.0231459,0.02287216,192786.1,0.03707425,3194.8438168534703,20508.92330627259,0.07399273
0.02323409,0.02291779,192125.0,0.036947115384615384,3181.423823312786,20422.775239551873,0.0737884
0.02332232,0.02296339,191416.3,0.03681082692307692,2975.924336472641,19103.595505991765,0.07132872
0.02341056,0.02300895,190637.3,0.036661019230769226,3126.7815359659685,20072.00551661158,0.07303718
0.02349882,0.02305446,189829.7,0.03650571153846154,3147.791851656862,20206.878761704826,0.07319523
0.02358711,0.02309994,189234.1,0.03639117307692308,3148.623460187567,20212.217174646048,0.07318112
0.0236754,0.02314539,188446.5,0.03623971153846154,3132.0570835538388,20105.871272523487,0.07292917
0.02376372,0.02319079,187197.3,0.03599948076923077,3116.5972141463467,20006.628463115823,0.07268989
0.02385206,0.02323616,186703.3,0.035904480769230765,3088.1349522198807,19823.91832752371,0.07228711
0.02394042,0.02328149,187169.3,0.035994096153846154,3125.8912303221573,20066.2903044714,0.07270494
0.0240288,0.02332678,185988.2,0.03576696153846154,3130.480035108877,20095.747595917648,0.07269937
0.0241172,0.02337203,185107.2,0.035597538461538465,3101.604403574897,19910.38388285394,0.07230943
0.02420562,0.02341724,184432.1,0.03546771153846154,3090.1780299728853,19837.033624341686,0.07212348
0.02429405,0.02346242,183768.9,0.035340173076923075,3082.664506606019,19788.801446706566,0.07198204
0.02438251,0.02350756,183103.7,0.03521225,3074.6261793368994,19737.200352279528,0.0718349
0.02447098,0.02355265,182437.4,0.03508411538461538,3066.3164771753204,19683.857198717287,0.07168399
0.02455948,0.02359772,181777.7,0.03495725,3057.9103698703175,19629.895183700104,0.0715326
0.02464799,0.02364274,181118.9,0.03483055769230769,3049.486174279689,19575.81705306541,0.07138049
0.02473653,0.02368773,180467.6,0.034705307692307695,3041.0153655185336,19521.439694676814,0.0712288
0.02482508,0.02373268,179817.1,0.03458021153846154,3032.5454657091655,19467.068171197076,0.07107669
0.02491365,0.02377759,179174.2,0.03445657692307692,3024.1600065748253,19413.238704677664,0.07092652
0.02500224,0.02382246,178531.8,0.034333038461538457,3015.809258089928,19359.632059081006,0.07077632
0.02509085,0.02386729,177895.9,0.03421075,3007.6958488724704,19307.54898493652,0.07062963
0.02517948,0.02391209,177260.2,0.0340885,2999.622780955266,19255.724877013978,0.07048278
0.02526813,0.02395685,176629.7,0.033967250000000004,2991.7030505411412,19204.885101118576,0.07033812
0.0253568,0.02400157,175999.6,0.03384607692307692,2983.792626251898,19154.10506479494,0.07019292
0.02544549,0.02404625,175374.6,0.033725884615384616,2975.88222596079,19103.325182524502,0.07004812
0.02553419,0.0240909,174750.2,0.03360580769230769,2967.950072804609,19052.40566030074,0.06990251
0.02562292,0.02413551,174131.8,0.03348688461538461,2960.017469238002,19001.483246720334,0.0697576
0.02571166,0.02418008,173513.8,0.033368038461538456,2952.0850448063316,18950.561983075542,0.06961225
0.02580042,0.02422461,172901.8,0.03325034615384615,2944.22595106856,18900.11145717675,0.06946845
0.0258892,0.02426911,172290.4,0.03313276923076923,2936.381250078865,18849.75332382776,0.06932438
0.025978,0.02431357,171684.5,0.03301625,2928.6459698288227,18800.09760401956,0.06918221
0.02606682,0.02435799,171079.0,0.032899807692307693,2920.9112137818515,18750.445249271186,0.06903949
0.02615565,0.02440237,170479.3,0.03278448076923077,2913.2099976966956,18701.008200354332,0.06889777
0.02624451,0.02444672,169880.0,0.03266923076923077,2905.5081116236533,18651.566850529212,0.06875557
0.02633338,0.02449103,169286.7,0.03255513461538462,2897.854738185032,18602.436921842578,0.06861462
0.02642228,0.0245353,168693.9,0.032441134615384615,2890.2054242586782,18553.333052716447,0.06847327
0.02651119,0.02457954,168107.1,0.032328288461538464,2882.590951760937,18504.452844034542,0.06833299
0.02660012,0.02462373,167520.8,0.03221553846153846,2874.970491118073,18455.534195160843,0.06819216
0.02668907,0.02466789,166940.8,0.032104,2867.3806262345715,18406.81195215805,0.06805245
0.02677803,0.02471201,166361.3,0.03199255769230769,2859.800727143579,18358.1536833856,0.0679124
0.02686702,0.0247561,165787.9,0.03188228846153846,2852.3139788200356,18310.093384985117,0.0677742
0.02695602,0.02480014,165214.9,0.03177209615384615,2844.857831906128,18262.229528726806,0.06763594
0.02704504,0.02484415,164646.8,0.03166284615384615,2837.6303201633214,18215.833369000164,0.06750094
0.02713408,0.02488812,164078.8,0.03155361538461538,2830.428025486675,18169.599087257404,0.06736566
0.02722314,0.02493206,163515.1,0.03144521153846154,2823.3207331153994,18123.97466161606,0.06723176
0.02731223,0.02497596,162951.7,0.03133686538461539,2816.193748255553,18078.223822365486,0.06709705
0.02740133,0.02501982,162393.6,0.03122953846153846,2808.976656916116,18031.89455519002,0.06696173
0.02749044,0.02506365,161836.1,0.031122326923076923,2801.7224469255484,17985.3270092088,0.06682553
0.02757957,0.02510744,161285.1,0.031016365384615385,2794.4161164763877,17938.424882087074,0.06668961
0.02766872,0.02515119,160734.6,0.0309105,2787.1121324276564,17891.537817406333,0.06655337
0.02775789,0.0251949,160190.7,0.030805903846153847,2779.879416947818,17845.10825290318,0.06641885
0.02784707,0.02523858,159647.3,0.030701403846153844,2772.673068083284,17798.847945779144,0.06628431
0.02793628,0.02528222,159109.6,0.030598,2765.563441758938,17753.208537601167,0.06615165
0.0280255,0.02532583,158572.4,0.030494692307692306,2758.4551804427047,17707.577891931873,0.06601846
0.02811474,0.0253694,158041.0,0.0303925,2751.362077245762,17662.04455202268,0.06588624
0.028204,0.02541293,157510.0,0.030290384615384615,2744.282967547493,17616.60104172881,0.0657538
0.02829327,0.02545642,156984.3,0.03018928846153846,2737.3121071002233,17571.852424742396,0.06562337
0.02838257,0.02549988,156459.0,0.03008826923076923,2730.3728014401004,17527.30636999271,0.06549295
0.02847188,0.0255433,155937.9,0.029988057692307692,2723.6643687242386,17484.242376895734,0.06536577
0.02856121,0.02558668,155416.9,0.029887865384615384,2716.9812457317457,17441.34085658467,0.06523836
0.02865056,0.02563002,154899.5,0.029788365384615385,2710.416671619039,17399.20034683404,0.06511256
0.02873993,0.02567333,154382.4,0.029688923076923075,2703.843291310404,17357.003306746636,0.06498612
0.02882931,0.0257166,153869.3,0.02959025,2697.2208280576897,17314.49118448512,0.06485941
0.02891871,0.02575984,153356.7,0.02949167307692308,2690.5702382833215,17271.79850733312,0.06473189
0.02900813,0.02580304,152849.3,0.029394096153846153,2683.887405263124,17228.89884846502,0.06460468
0.02909757,0.0258462,152342.2,0.029296576923076925,2677.205624707235,17186.0059457675,0.06447712
0.02918702,0.02588933,151840.2,0.029200038461538465,2670.5670289239483,17143.390262627516,0.06435076
0.02927649,0.02593242,151338.7,0.029103596153846157,2663.938600212764,17100.8398458085,0.06422417
0.02936598,0.02597547,150842.1,0.029008096153846155,2657.3967058378444,17058.844925961337,0.06409926
0.02945549,0.02601849,150345.7,0.028912634615384618,2650.8593037049186,17016.878843532155,0.06397398
0.02954501,0.02606147,149854.3,0.028818134615384614,2644.3653596185018,16975.19173491014,0.06384978
0.02963455,0.02610442,149363.2,0.02872369230769231,2637.872875120247,16933.51399594229,0.0637252
0.02972411,0.02614733,148877.1,0.02863021153846154,2631.4202920458397,16892.09239946165,0.06360174
0.02981369,0.0261902,148391.3,0.02853678846153846,2624.9727065742304,16850.7028845031,0.06347794
0.02990328,0.02623303,147910.6,0.028444346153846153,2618.55517099916,16809.50627131341,0.06335515
0.02999289,0.02627583,147430.2,0.02835196153846154,2612.138805371186,16768.317168461203,0.06323197
0.03008252,0.0263186,146955.0,0.028260576923076923,2605.7494631302916,16727.301539057105,0.06310983
0.03017217,0.02636132,146480.2,0.028169269230769234,2599.364231157509,16686.312295034673,0.06298738
0.03026183,0.02640401,146010.5,0.028078942307692308,2593.034615838745,16645.680075567187,0.06286627
0.03035151,0.02644667,145541.2,0.02798869230769231,2586.7132608492984,16605.100882310107,0.06274492
0.03044121,0.02648929,145076.8,0.027899384615384614,2580.4696157655017,16565.020538632685,0.06262516
0.03053092,0.02653187,144612.7,0.02781013461538462,2574.235489015645,16525.001296778064,0.06250514
0.03062066,0.02657441,144153.4,0.02772180769230769,2568.074172888929,16485.449454136513,0.06238658
0.0307104,0.02661692,143694.4,0.02763353846153846,2561.9238362138094,16445.96809279034,0.06226777
0.03080017,0.0266594,143239.8,0.02754611538461538,2555.837526570278,16406.897745426584,0.06215029
0.03088995,0.02670183,142785.6,0.02745876923076923,2549.762527805282,16367.900006914373,0.06203257
0.03097975,0.02674423,142335.5,0.02737221153846154,2543.769900436627,16329.431041871861,0.0619164
0.03106957,0.0267866,141885.7,0.02728571153846154,2537.788778487491,16291.035934513813,0.0618
0.0311594,0.02682893,141439.8,0.027199961538461537,2531.886602484992,16253.147611354847,0.061685
0.03124926,0.02687122,140994.1,0.02711425,2525.987950778619,16215.28191199945,0.06156971
0.03133912,0.02691348,140552.3,0.02702928846153846,2520.152232939877,16177.820209189302,0.06145561
0.03142901,0.0269557,140110.8,0.026944384615384613,2514.3163491799664,16140.357441267766,0.06134117
0.03151891,0.02699789,139673.1,0.02686021153846154,2508.5299266467073,16103.212183860733,0.06122779
0.03160883,0.02704004,139235.7,0.026776096153846157,2502.746151196129,16066.083919088956,0.06111409
0.03169876,0.02708215,138802.3,0.026692749999999998,2497.010089327354,16029.261946031564,0.06100145
0.03178871,0.02712423,138369.1,0.02660944230769231,2491.2782763505597,15992.467248235433,0.06088853
0.03187868,0.02716627,137939.7,0.02652686538461539,2485.610854833279,15956.085903823829,0.06077685
0.03196867,0.02720828,137510.6,0.026444346153846155,2479.9534933565633,15919.769138656853,0.06066497
0.03205867,0.02725025,137085.1,0.02636251923076923,2474.353325147305,15883.819518928956,0.06055418
0.03214869,0.02729219,136659.8,0.026280730769230768,2468.753746589806,15847.873684401025,0.06044304
0.03223872,0.02733409,136238.2,0.026199653846153848,2463.1686144229643,15812.020586775128,0.06033251
0.03232877,0.02737595,135816.8,0.026118615384615382,2457.5743340583176,15776.108763371716,0.06022151
0.03241884,0.02741778,135399.6,0.026038384615384616,2451.9296781404646,15739.873560042259,0.0601104
0.03250893,0.02745958,134982.7,0.02595821153846154,2446.2784993831556,15703.596484113757,0.05999892
0.03259903,0.02750134,134570.2,0.025878884615384616,2440.6358151522336,15667.373937796154,0.05988823
0.03268914,0.02754306,134158.0,0.025799615384615386,2435.0055026127507,15631.230810093488,0.05977744
0.03277928,0.02758475,133749.7,0.025721096153846157,2429.4914679633066,15595.834114600262,0.05966863
0.03286943,0.0276264,133341.6,0.025642615384615385,2424.006588915807,15560.624580057149,0.05955992
0.03295959,0.02766802,132936.5,0.02556471153846154,2418.6827312903924,15526.44870355353,0.05945349
0.03304978,0.0277096,132531.5,0.025486826923076925,2413.3669954033776,15492.324963592257,0.05934676
0.03313998,0.02775114,132129.4,0.025409499999999998,2408.0970819750123,15458.495375503195,0.05924082
0.03323019,0.02779265,131727.5,0.02533221153846154,2402.8046466746987,15424.521210911813,0.05913423
0.03332043,0.02783413,131329.4,0.025255653846153844,2397.4193999013605,15389.951254009029,0.05902692
0.03341067,0.02787557,130931.6,0.025179153846153848,2391.995200907445,15355.131247917547,0.05891882
0.03350094,0.02791697,130539.1,0.02510367307692308,2386.462082898233,15319.612049045645,0.05881022
0.03359122,0.02795834,130146.9,0.02502825,2380.9112059339736,15283.978848655062,0.05870119
0.03368151,0.02799968,129760.7,0.02495398076923077,2375.316464510471,15248.06406553867,0.05859261
0.03377182,0.02804097,129374.8,0.02487976923076923,2369.7449687142885,15212.298504986898,0.05848408
0.03386215,0.02808224,128994.0,0.024806538461538463,2364.2218756875977,15176.843660308648,0.05837697
0.0339525,0.02812347,128613.1,0.024733288461538463,2358.797859507697,15142.024827770183,0.05827073
0.03404286,0.02816466,128233.4,0.02466026923076923,2353.6530154431534,15108.99810772026,0.05816796
0.03413324,0.02820582,127852.4,0.024586999999999998,2348.75342731102,15077.54577922014,0.05806778
0.03422363,0.02824694,127462.4,0.024512,2345.0123742583028,15053.530530105885,0.05798021
0.03431404,0.02828803,127069.5,0.02443644230769231,2341.6220157381567,15031.766523207129,0.05789642
0.03440446,0.02832908,126653.9,0.02435651923076923,2340.816004318212,15026.592427901305,0.05784029
0.0344949,0.0283701,126236.0,0.024276153846153847,2339.887797776594,15020.633915415028,0.05778221
0.03458536,0.02841108,125802.8,0.024192846153846155,2341.401613718082,15030.35167841803,0.05775054
0.03467583,0.02845203,125377.6,0.024111076923076923,2341.078303504957,15028.276226613427,0.05769638
0.03476632,0.02849294,125017.4,0.024041807692307692,2334.142931662889,14983.755424545068,0.05757111
0.03485682,0.02853382,124695.2,0.023979846153846154,2321.002223314413,14899.400196196404,0.05737133
0.03494734,0.02857467,124691.5,0.023979134615384614,2273.259072208981,14592.91866515698,0.05679822
0.03503787,0.02861548,124774.6,0.023995115384615386,2214.2741382396616,14214.271834090996,0.05608163
0.03512842,0.02865625,125626.9,0.02415901923076923,2079.09260231918,13346.48989808769,0.05450518
0.03521899,0.02869699,126620.8,0.024350153846153848,1935.8304260626069,12426.83524391136,0.05275845
0.03530957,0.02873769,128759.7,0.02476148076923077,1669.1185412316333,10714.709736550221,0.04932699
0.03540017,0.02877836,131015.2,0.02519523076923077,1403.954426129141,9012.519954525558,0.04555462
0.03549078,0.028819,134622.6,0.02588896153846154,1023.14782577194,6567.976869179978,0.03932801
0.03558141,0.0288596,138162.2,0.026569653846153847,684.2285140426843,4392.324295929699,0.03251628
0.03567206,0.02890016,142190.4,0.027344307692307692,363.9678408120266,2336.4486532287483,0.02399789
0.03576272,0.02894069,146038.1,0.02808425,84.38816395737402,541.7198716973521,0.01168823
0.03585339,0.02898119,149612.7,0.02877167307692308,-112.95123647600636,-725.0771490033433,0.01365056
0.03594408,0.02902165,153000.6,0.02942319230769231,-291.52829816288425,-1871.4315476364277,0.02213126
0.03603479,0.02906208,155936.7,0.029987826923076926,-406.92537294546935,-2612.2094673580623,0.02631112
0.03612551,0.02910247,158735.9,0.030526134615384615,-517.958314173154,-3324.972346124132,0.029866
0.03621625,0.02914283,161241.5,0.03100798076923077,-587.5282630794005,-3771.568432922747,0.03197456
0.036307,0.02918316,163666.4,0.03147430769230769,-655.4648194254813,-4207.679148709246,0.03394618
0.03639777,0.02922345,165923.4,0.031908346153846155,-691.1165795708623,-4436.541420692033,0.03512601
0.03648855,0.0292637,168138.4,0.03233430769230769,-723.9594886344947,-4647.372604234617,0.03622552
0.03657935,0.02930392,170177.7,0.03272648076923077,-733.5144835757463,-4708.709768013393,0.03713639
0.03667016,0.02934411,172183.5,0.03311221153846154,-742.0448763391498,-4763.46961888126,0.03802555
0.03676099,0.02938426,174053.7,0.033471865384615385,-733.8945094900093,-4711.1492995763765,0.03916964
0.03685183,0.02942438,175883.1,0.03382367307692308,-724.822083289379,-4652.909928947674,0.04026871
0.03694269,0.02946446,177593.2,0.03415253846153846,-703.7590182347416,-4517.698065531441,0.04167576
0.03703356,0.02950451,179260.7,0.03447321153846154,-682.774352681888,-4382.989478475965,0.04301892
0.03712445,0.02954453,180802.0,0.034769615384615385,-655.070683846912,-4205.149041819353,0.04452515
0.03721535,0.02958451,182297.7,0.035057250000000005,-628.8068482335306,-4036.5514448157264,0.04597304
0.03730627,0.02962446,183666.9,0.03532055769230769,-600.4810461772106,-3854.717297275497,0.04743343
0.0373972,0.02966437,184994.0,0.03557576923076923,-573.9997351538323,-3684.7236425112064,0.04884163
0.03748815,0.02970425,186195.6,0.035806846153846154,-548.2739082133523,-3519.5797287682262,0.05017159
0.03757911,0.02974409,187353.5,0.03602951923076923,-524.2766167993943,-3365.5319450953907,0.0514584
0.03767009,0.0297839,188394.1,0.036229634615384615,-502.6842010677717,-3226.9219774027783,0.05264645
0.03776109,0.02982367,189386.0,0.03642038461538462,-482.6555704886437,-3098.3505441733582,0.05381223
0.0378521,0.02986342,190280.8,0.03659246153846154,-465.3653500110431,-2987.358011814485,0.05488855
0.03794312,0.02990312,191129.4,0.03675565384615385,-449.21828385006364,-2883.7038238476416,0.05595058
0.03803416,0.0299428,191897.3,0.03690332692307692,-435.46705533495066,-2795.4294332512213,0.05693139
0.03812521,0.02998244,192625.8,0.03704342307692308,-422.63745310521136,-2713.0713139617314,0.05791077
0.03821626,0.03002205,193292.0,0.037171538461538464,-411.684427927946,-2642.7596598685914,0.05881473
0.03830736,0.03006163,193929.5,0.03729413461538462,-401.0713543613502,-2574.630285070072,0.0596961
0.03839844,0.03010116,194504.9,0.03740478846153846,-392.4637295849959,-2519.374652398399,0.06054757
0.03848956,0.03014067,195047.7,0.03750917307692308,-384.83004737108956,-2470.3711292078183,0.06144133
0.03858069,0.03018014,195561.1,0.037607903846153846,-378.26697746917677,-2428.2402755610815,0.06226833
0.03867183,0.03021958,196041.9,0.03770036538461538,-371.6393662570272,-2385.6951065807593,0.0630647
0.03876299,0.03025898,196488.8,0.03778630769230769,-365.3057699607478,-2345.0373316973482,0.06374151
0.03885416,0.03029835,196921.1,0.037869442307692305,-358.95026045730276,-2304.2388875634456,0.06439394
0.03894534,0.03033769,197313.2,0.037944846153846155,-352.97121774381156,-2265.857127613537,0.06494824
0.03903654,0.03037699,197689.2,0.038017153846153846,-347.11687096641674,-2228.2758385274983,0.06549361
0.03912776,0.03041626,198028.4,0.038082384615384615,-341.81963245772823,-2194.2708403061065,0.06597433
0.03921898,0.03045549,198346.0,0.038143461538461536,-336.6998455862257,-2161.404971953418,0.06645467
0.03931022,0.0304947,198630.6,0.03819819230769231,-332.11115347563054,-2131.9484038182723,0.06688443
0.03940148,0.03053386,198896.8,0.038249384615384616,-328.038629522063,-2105.8053163264603,0.06735277
0.03949275,0.030573,199147.5,0.038297596153846154,-323.93766800120005,-2079.4796772233294,0.06772867
0.03958404,0.0306121,199394.0,0.038345,-320.23323163141833,-2055.6994845891727,0.06813559
0.03967534,0.03065117,199640.5,0.03839240384615385,-315.97982724335344,-2028.3952564684691,0.06840303
0.03976665,0.0306902,199892.3,0.03844082692307692,-311.6155411185086,-2000.3792361081296,0.06864744
0.03985798,0.0307292,200140.7,0.03848859615384616,-306.8292960821455,-1969.6545002515659,0.06876667
0.03994932,0.03076817,200385.7,0.03853571153846154,-301.6479135785885,-1936.3932259991766,0.06882737
0.04004068,0.0308071,200609.9,0.038578826923076924,-296.6038845908604,-1904.0136764518015,0.06882556
0.04013205,0.030846,200815.7,0.03861840384615385,-291.3961533140736,-1870.5832593553919,0.06878888
0.04022344,0.03088487,200990.5,0.03865201923076923,-286.6881961315408,-1840.3610831487076,0.0687371
0.04031483,0.0309237,201145.7,0.038681865384615384,-282.3254176346233,-1812.3547408281436,0.06871339
0.04040625,0.0309625,201279.6,0.03870761538461539,-278.3023726856971,-1786.52927797454,0.06866573
0.04049768,0.03100127,201406.5,0.03873201923076923,-274.7445465724578,-1763.6902326013164,0.06866624
0.04058912,0.03104,201529.8,0.038755730769230765,-271.1900041173868,-1740.87226628466,0.06861199
0.04068057,0.0310787,201656.9,0.03878017307692307,-267.7593415443791,-1718.8495322691954,0.06856631
0.04077204,0.03111737,201785.9,0.038804980769230765,-264.2969325790163,-1696.6230060299529,0.06846922
0.04086353,0.031156,201919.9,0.03883075,-260.720433437729,-1673.6640913541637,0.06835045
0.04095503,0.0311946,202050.6,0.03885588461538462,-257.3652725284859,-1652.1260313698606,0.06821961
0.04104654,0.03123317,202180.6,0.038880884615384616,-253.97077924355688,-1630.3354818359458,0.06807674
0.04113807,0.0312717,202303.5,0.03890451923076923,-250.97872400993424,-1611.1283359370473,0.06795355
0.04122961,0.03131021,202422.8,0.038927461538461536,-248.0890382859585,-1592.5783390390402,0.06783853
0.04132116,0.03134867,202536.9,0.03894940384615384,-245.55641855877096,-1576.3204852200706,0.0677447
0.04141273,0.03138711,202650.7,0.03897128846153847,-243.18643896121966,-1561.1066805429202,0.06766922
0.04150431,0.03142551,202764.5,0.03899317307692308,-241.0080006584455,-1547.1224526306326,0.06759836
0.04159591,0.03146388,202881.0,0.039015576923076924,-238.90508383058355,-1533.623025924833,0.06753512
0.04168752,0.03150222,203000.0,0.039038461538461536,-236.88130671852028,-1520.63162729641,0.06746461
0.04177914,0.03154052,203121.9,0.03906190384615384,-234.8472455106204,-1507.5742111269499,0.06738987
0.04187078,0.03157879,203245.3,0.03908563461538461,-232.8575710475554,-1494.8017304340945,0.06730504
0.04196243,0.03161703,203369.8,0.03910957692307692,-230.86114479587764,-1481.9859074300723,0.06721639
0.04205409,0.03165523,203494.5,0.03913355769230769,-228.86993625775008,-1469.2035789231743,0.06711345
0.04214577,0.0316934,203619.2,0.039157538461538466,-226.89620331463223,-1456.5334329385937,0.06701019
0.04223746,0.03173155,203744.3,0.03918159615384615,-224.84852768529825,-1443.3886205954682,0.06688212
0.04232917,0.03176965,203869.4,0.03920565384615385,-222.81634405995862,-1430.343257345943,0.0667535
0.04242088,0.03180773,203995.3,0.039229865384615384,-220.62223281690075,-1416.2584188408723,0.06658747
0.04251261,0.03184577,204121.0,0.03925403846153846,-218.37116476229872,-1401.8079527975895,0.06640952
0.04260436,0.03188378,204245.5,0.039277980769230766,-215.93076784107126,-1386.142112411185,0.06618939
0.04269612,0.03192175,204367.4,0.039301423076923074,-213.37136734550313,-1369.7123426062435,0.06594674
0.0427879,0.0319597,204483.5,0.03932375,-210.6467600089573,-1352.2220469585648,0.06566408
0.04287968,0.0319976,204593.5,0.03934490384615385,-207.80537871978512,-1333.9821346861386,0.06535787
0.04297148,0.03203548,204692.6,0.03936396153846154,-204.83479478472904,-1314.9128212575677,0.06501588
0.04306329,0.03207332,204783.6,0.03938146153846154,-201.81360965769358,-1295.5186794414442,0.0646597
0.04315512,0.03211114,204861.0,0.03939634615384616,-198.65737340347368,-1275.2575928328272,0.06426591
0.04324696,0.03214892,204930.6,0.03940973076923077,-195.49071699936175,-1254.9296153002003,0.06386389
0.04333882,0.03218667,204986.2,0.03942042307692308,-192.18129812231288,-1233.685190899958,0.06342237
0.04343068,0.03222438,205035.0,0.039429807692307695,-188.83674821085802,-1212.2152469652385,0.06296796
0.04352256,0.03226207,205069.2,0.039436384615384616,-185.39350679736825,-1190.1117645659667,0.06248047
0.04361445,0.03229972,205095.7,0.03944148076923077,-181.85299823306343,-1167.3838871569099,0.06196869
0.04370636,0.03233733,205104.8,0.039443230769230765,-178.35089564625275,-1144.9025523934667,0.06144614
0.04379828,0.03237492,205103.0,0.039442884615384616,-174.74285253605922,-1121.7411449273695,0.06089665
0.04389022,0.03241247,205080.0,0.03943846153846154,-171.33771581528862,-1099.8822711116109,0.06036488
0.04398216,0.03244999,205043.0,0.03943134615384616,-167.90192882183058,-1077.8266414830807,0.05981916
0.04407412,0.03248748,204983.8,0.039419961538461536,-164.80339130722254,-1057.9359451324556,0.05931678
0.04416609,0.03252493,204911.4,0.03940603846153846,-161.84338601064144,-1038.9345400266714,0.05883221
0.04425808,0.03256236,204820.5,0.039388557692307695,-160.47183731669315,-1030.1300448502195,0.05862364
0.04435008,0.03259975,204716.3,0.03936851923076923,-159.24569624498278,-1022.2589767655376,0.05843905
0.04444209,0.03263711,204600.7,0.03934628846153846,-156.8633592304247,-1006.9658451064798,0.05803139
0.04453411,0.03267444,204481.1,0.039323288461538465,-154.6532282899042,-992.7781700417887,0.05765165
0.04462615,0.03271173,204358.5,0.03929971153846154,-152.42346354714448,-978.4644580978577,0.05725734
0.0447182,0.03274899,204235.2,0.039276000000000005,-150.32194355859045,-964.9739982373499,0.05688375
0.04481027,0.03278623,204114.5,0.039252788461538464,-148.10800482534248,-950.7618794960688,0.05647869
0.04490234,0.03282342,203995.8,0.03922996153846153,-145.92855465096443,-936.7711559932892,0.05607689
0.04499443,0.03286059,203881.8,0.03920803846153846,-143.56488613835012,-921.5978645820047,0.0556295
0.04508654,0.03289773,203770.4,0.03918661538461538,-141.16647250936663,-906.2015309915927,0.05517146
0.04517866,0.03293483,203662.6,0.039165884615384616,-138.56420317719028,-889.4965697429916,0.05466267
0.04527078,0.0329719,203556.6,0.0391455,-135.87795526872983,-872.2525179224838,0.0541323
0.04536293,0.03300894,203451.1,0.03912521153846154,-133.0179374582866,-853.8929706984436,0.05355523
0.04545508,0.03304594,203345.6,0.03910492307692308,-130.03765032021843,-834.7613687018525,0.05294744
0.04554725,0.03308292,203235.9,0.03908382692307692,-126.9621466769594,-815.0185355733514,0.05230668
0.04563942,0.03311986,203123.5,0.03906221153846154,-123.74279308795377,-794.3522746737132,0.05162817
0.04573162,0.03315677,203001.6,0.03903876923076923,-120.55566304174135,-773.8928690088492,0.05094137
0.04582383,0.03319365,202873.1,0.039014057692307695,-117.2226731561149,-752.4971332973558,0.05021429
0.04591604,0.0332305,202729.8,0.0389865,-114.07638762209287,-732.2999241641584,0.04951133
0.04600827,0.03326732,202576.3,0.038956980769230765,-110.8209489666052,-711.402019433583,0.04877478
0.04610052,0.0333041,202403.8,0.03892380769230769,-107.89968693050625,-692.6493221217985,0.04809618
0.04619277,0.03334085,202218.2,0.03888811538461539,-104.93709556161093,-673.6313160296135,0.04739928
0.04628504,0.03337757,202012.2,0.0388485,-102.40423828677564,-657.3719373015189,0.0467854
0.04637733,0.03341426,201792.4,0.038806230769230766,-99.91501531492895,-641.3926638382875,0.04617436
0.04646961,0.03345091,201554.1,0.03876040384615385,-97.8728146535544,-628.2829974066433,0.04565499
0.04656193,0.03348754,201303.3,0.038712173076923075,-95.93746426048666,-615.8592436779611,0.04515572
0.04665423,0.03352412,201038.4,0.03866123076923077,-94.3840231310542,-605.8871114515672,0.04473723
0.04674657,0.03356069,200764.2,0.038608500000000004,-92.9716731666801,-596.8206973288596,0.04434938
0.04683892,0.03359722,200481.7,0.038554173076923076,-91.8199349960041,-589.427249897503,0.04401651
0.04693128,0.03363372,200194.1,0.03849886538461539,-90.81011744530194,-582.9448451578949,0.04371629
0.04702365,0.03367019,199904.0,0.03844307692307692,-89.92522635863205,-577.2643911290683,0.04344018
0.04711603,0.03370662,199612.8,0.03838707692307692,-89.15934650761012,-572.3479156996377,0.0431922
0.04720842,0.03374303,199324.3,0.038331596153846154,-88.38163835562332,-567.3555098863642,0.04293596
0.04730083,0.0337794,199037.9,0.03827651923076923,-87.68441816306247,-562.8797870415154,0.04269903
0.04739325,0.03381575,198757.8,0.038222653846153844,-86.85861775012681,-557.5786586277121,0.04242555
0.04748568,0.03385206,198482.1,0.03816963461538462,-86.05596562238158,-552.426127902202,0.04215745
0.04757812,0.03388834,198213.9,0.038118057692307694,-85.04214310665202,-545.9180137616654,0.04183226
0.04767058,0.03392458,197950.9,0.03806748076923077,-83.99865470260659,-539.2194629478013,0.04149923
0.04776305,0.0339608,197694.8,0.03801823076923077,-82.70904821815157,-530.9409861266688,0.04109945
0.04785552,0.03399698,197443.2,0.03796984615384615,-81.33881673815357,-522.1449466499108,0.04067831
0.04794802,0.03403314,197196.0,0.03792230769230769,-79.73741649747248,-511.8649465617935,0.04019231
0.04804052,0.03406926,196951.3,0.03787525,-78.0192986560705,-500.8356915933438,0.03967419
0.04813304,0.03410535,196707.2,0.037828307692307696,-76.12458214899347,-488.67278230626556,0.03910253
0.04822557,0.0341414,196462.9,0.037781326923076924,-74.09112943814152,-475.61927231188093,0.0384907
0.04831811,0.03417743,196214.4,0.03773353846153846,-71.96731554903289,-461.98569938454335,0.03784492
0.04841066,0.03421343,195962.5,0.03768509615384615,-69.70117854628364,-447.43850000480535,0.03715523
0.04850322,0.03424939,195701.4,0.03763488461538461,-67.45293034091382,-433.00613565129316,0.0364581
0.04859581,0.03428533,195434.0,0.03758346153846154,-65.0844144070954,-417.80172679095404,0.03572042
0.04868839,0.03432123,195153.5,0.03752951923076923,-62.840940359128254,-403.4000095781588,0.03500375
0.048781,0.0343571,194864.3,0.037473903846153844,-60.51308538391906,-388.45661894890725,0.0342548
0.0488736,0.03439294,194559.3,0.03741525,-58.40181240663671,-374.903550926842,0.03355377
0.04896624,0.03442875,194244.3,0.03735467307692308,-56.25295289352103,-361.1092005683171,0.03283365
0.04905887,0.03446453,193912.5,0.03729086538461539,-54.38392808340692,-349.1112161016138,0.03218291
0.04915152,0.03450028,193570.7,0.03722513461538462,-52.52564205410504,-337.1821679725553,0.03152865
0.04924419,0.034536,193212.9,0.037156326923076924,-50.97924068716295,-327.255226671692,0.03095769
0.04933686,0.03457169,192846.5,0.037085865384615384,-49.4885105899202,-317.685660524695,0.03039922
0.04942955,0.03460735,192466.4,0.03701276923076923,-48.30980606992194,-310.1191057923858,0.02992853
0.04952225,0.03464297,192080.2,0.0369385,-47.217897643100436,-303.10972834957545,0.02948257
0.04961496,0.03467857,191684.0,0.036862307692307694,-46.410387872731086,-297.9260145598098,0.0291191
0.04970768,0.03471413,191284.6,0.0367855,-45.70245268577744,-293.38150807143205,0.02878629
0.04980041,0.03474966,190879.2,0.036707538461538465,-45.23842785796301,-290.4027553838515,0.02852482
0.04989315,0.03478516,190473.8,0.03662957692307692,-44.869939915527624,-288.03729047103565,0.02829361
0.04998591,0.03482063,190066.3,0.03655121153846154,-44.70861104688559,-287.00165881461066,0.02812198
0.05007868,0.03485607,189661.6,0.036473384615384616,-44.623871008343,-286.45768012548893,0.02797453
0.05017146,0.03489148,189257.8,0.036395730769230764,-44.729342057258734,-287.13473909213826,0.02787981
0.05026425,0.03492686,188859.0,0.03631903846153846,-44.886013134614934,-288.1404706064174,0.02780053
0.05035705,0.03496221,188463.0,0.036242884615384614,-45.246075883247826,-290.45185098069516,0.0277755
0.05044987,0.03499753,188073.2,0.03616792307692308,-45.63047373997609,-292.91944771301365,0.02775632
0.05054269,0.03503281,187686.9,0.03609363461538462,-46.264755439964695,-296.9911443233507,0.02780185
0.05063553,0.03506807,187306.8,0.03602053846153846,-46.90159291292698,-301.07924741704346,0.0278448
0.05072839,0.0351033,186930.1,0.03594809615384616,-47.86662972336326,-307.2741874728175,0.02797046
0.05082125,0.03513849,186558.5,0.035876634615384616,-48.81974741804235,-313.3926141698936,0.02808657
0.0509141,0.03517365,186189.5,0.035805673076923075,-50.20398989951983,-322.2785956191734,0.02830736
0.051007,0.03520878,185823.4,0.03573526923076923,-51.57625467103754,-331.0876875711782,0.0285145
0.05109989,0.03524388,185458.8,0.035665153846153846,-53.489007352336046,-343.3663779527486,0.02884553
0.0511928,0.03527896,185094.2,0.03559503846153846,-55.406665426530985,-355.67655792581934,0.02916147
0.05128572,0.035314,184730.1,0.035525019230769235,-57.96963478023575,-372.1292375949078,0.02961384
0.05137864,0.03534901,184362.7,0.03545436538461539,-60.571717921977545,-388.8330036159605,0.03005155
0.05147159,0.035384,183995.3,0.03538371153846154,-63.8867277572214,-410.11331851332994,0.03062359
0.05156454,0.03541894,183621.4,0.03531180769230769,-67.28910475824964,-431.95447663349046,0.03118229
0.05165752,0.03545387,183248.3,0.03524005769230769,-71.40652450377408,-458.3857673699059,0.03185525
0.05175049,0.03548876,182865.6,0.03516646153846154,-75.67042480668357,-485.7573727788015,0.03251712
0.05184348,0.03552362,182486.1,0.03509348076923077,-80.54550865544057,-517.0523989201032,0.03325266
0.05193648,0.03555845,182095.1,0.03501828846153846,-85.63105370514539,-549.6984559338424,0.03398087
0.05202949,0.03559325,181711.0,0.034944423076923074,-91.09102454645999,-584.7480951832786,0.0347246
0.05212251,0.03562802,181314.7,0.03486821153846154,-96.81399191540106,-621.4860096424304,0.03546519
0.05221554,0.03566276,180930.3,0.03479428846153846,-102.51228229244138,-658.0655130607507,0.03614867
0.05230858,0.03569747,180534.5,0.03471817307692308,-108.48733884191104,-696.4216843005717,0.03683132
0.05240164,0.03573215,180156.1,0.03464540384615385,-113.87879322143579,-731.0314901995785,0.03737648
0.05249471,0.0357668,179769.0,0.034570961538461537,-119.50390379169669,-767.141224473977,0.03792024
0.05258779,0.03580142,179403.5,0.034500673076923075,-123.87236308480219,-795.1840339960751,0.03824659
0.05268088,0.03583601,179032.6,0.03442934615384616,-128.39468292209853,-824.2145331460745,0.03857117
0.05277398,0.03587057,178686.4,0.03436276923076923,-130.94693428231807,-840.5984099193137,0.03860435
0.05286709,0.03590509,178337.9,0.03429575,-133.5282583007776,-857.1689151953323,0.03863125
0.05296021,0.03593959,178014.9,0.03423363461538462,-133.45295569420685,-856.6855189883645,0.03829812
0.05305334,0.03597406,177692.9,0.03417171153846154,-133.2232608883219,-855.2110202560967,0.03794339
0.05314648,0.0360085,177391.6,0.03411376923076923,-129.69764960366766,-832.5787741778155,0.03715408
0.05323964,0.03604291,177095.2,0.03405676923076923,-125.79834305944921,-807.547635428196,0.03631213
0.05333281,0.03607729,176809.1,0.034001750000000004,-118.15673449957256,-758.4932299939369,0.03495608
0.05342599,0.03611164,176534.4,0.03394892307692308,-109.9068418353938,-705.5340164505153,0.0334868
0.05351918,0.03614596,176253.2,0.03389484615384616,-97.55290616112637,-626.2293825470933,0.03136715
0.05361238,0.03618025,175987.2,0.03384369230769231,-84.50548362814224,-542.4729914953873,0.02902595
0.05370559,0.03621451,175697.5,0.03378798076923077,-67.39200406614185,-432.61502661177025,0.02579729
0.05379881,0.03624873,175423.0,0.033735192307692306,-49.61031408651268,-318.4675637141007,0.02202829
0.05389204,0.03628293,175109.3,0.03367486538461538,-28.402869764296863,-182.32887460762205,0.01660452
0.05398529,0.0363171,174808.9,0.03361709615384615,-6.664066487965423,-42.779189326441056,0.00801247
0.05407854,0.03635124,174458.0,0.033549615384615386,17.319260467526934,111.17895115126363,0.0128794
0.05417181,0.03638535,174115.3,0.03348371153846154,41.487409895201374,266.3235377041293,0.01987571
0.05426508,0.03641943,173722.6,0.033408192307692305,66.61810054775334,427.6470441954291,0.02513072
0.05435837,0.03645348,173326.8,0.03333207692307692,91.68709459710908,588.574496614685,0.02941711
0.05445167,0.03648751,172890.6,0.03324819230769231,116.76284484841125,749.5453196759829,0.03314257
0.05454498,0.0365215,172443.5,0.033162211538461536,141.7345594571509,909.8482981925248,0.03645428
0.05463829,0.03655546,171969.7,0.03307109615384616,165.53201184198994,1062.6132387729433,0.03935369
0.05473162,0.0365894,171495.9,0.03297998076923077,189.97402353903195,1219.5158518838873,0.04211398
0.05482496,0.0366233,170965.9,0.03287805769230769,211.50776442233393,1357.7491633037057,0.04441304
0.05491832,0.03665717,170468.3,0.03278236538461538,232.7546931619672,1494.1413179737701,0.04656803
0.05501167,0.03669102,169921.2,0.03267715384615385,249.67656977035625,1602.769310280906,0.04823535
0.05510505,0.03672483,169417.2,0.03258023076923077,266.01751212044593,1707.6680635915695,0.04979677
0.05519843,0.03675862,168877.6,0.03247646153846154,276.27910148695065,1773.5411269970223,0.05078637
0.05529183,0.03679237,168404.6,0.032385500000000005,285.53786287376164,1832.9766543900955,0.05167518
0.05538523,0.0368261,167925.9,0.03229344230769231,288.8534455332237,1854.260646465015,0.05205328
0.05547865,0.03685979,167497.8,0.03221111538461538,291.148281781962,1868.9920772716016,0.05234364
0.05557208,0.03689346,167095.8,0.03213380769230769,287.5951405489046,1846.1831059344995,0.05214315
0.05566551,0.0369271,166733.1,0.03206405769230769,283.20264002875933,1817.9859665891572,0.05186634
0.05575896,0.0369607,166424.4,0.0320046923076923,274.1193191067268,1759.6766585805742,0.05118714
0.05585242,0.03699428,166150.5,0.03195201923076923,265.14468239007164,1702.0650360178115,0.05050256
0.05594589,0.03702783,165926.9,0.03190901923076923,252.36523377981464,1620.0288719769846,0.04946669
0.05603937,0.03706135,165732.4,0.03187161538461538,238.93945342546604,1533.8436574880393,0.04832692
0.05613286,0.03709484,165617.1,0.03184944230769231,223.4060715222635,1434.128943279074,0.04696003
0.05622636,0.0371283,165500.5,0.03182701923076923,208.40520842015692,1337.8326707457904,0.04557927
0.05631987,0.03716174,165452.6,0.031817807692307694,192.82670131680902,1237.8282806333962,0.04409882
0.05641339,0.03719514,165400.6,0.03180780769230769,177.56527094677494,1139.8593272366977,0.04256413
0.05650692,0.03722851,165417.2,0.031811,163.333071949422,1048.4974033214953,0.04109997
0.05660046,0.03726186,165410.2,0.03180965384615385,149.86786437568745,962.0590904449856,0.03963431
0.05669401,0.03729518,165458.0,0.031818846153846156,138.697850141776,890.3545006791912,0.03842213
0.05678757,0.03732846,165477.2,0.031822538461538465,128.17268951138487,822.789472612346,0.03721679
0.05688115,0.03736172,165539.5,0.03183451923076923,120.78737045518231,775.3802874380967,0.03643866
0.05697473,0.03739495,165562.5,0.03183894230769231,114.22909638051568,733.2802200390829,0.03573584
0.05706832,0.03742815,165608.7,0.03184782692307692,111.07639067428426,713.0417973671323,0.03557144
0.05716193,0.03746132,165624.3,0.03185082692307692,108.70922137923553,697.846033095647,0.03551855
0.05725554,0.03749446,165638.5,0.031853557692307695,109.48955043047776,702.8552634627656,0.036013
0.05734916,0.03752758,165633.4,0.03185257692307692,110.91595619712487,712.0119071514083,0.03661692
0.0574428,0.03756066,165600.8,0.03184630769230769,114.71648041350173,736.4089243909148,0.03765781
0.05753644,0.03759372,165566.5,0.03183971153846154,118.90337489484301,763.2862000049241,0.03876739
0.05763009,0.03762675,165482.6,0.03182357692307693,124.29677032191044,797.90846622984,0.04012258
0.05772376,0.03765974,165410.4,0.03180969230769231,129.68025082986006,832.4670848001498,0.04148203
0.05781744,0.03769271,165279.8,0.03178457692307692,135.0228162923829,866.7630540589962,0.04287997
0.05791112,0.03772565,165165.4,0.03176257692307692,139.93294859237704,898.2830696018563,0.04421925
0.05800482,0.03775856,165001.6,0.031731076923076924,143.96088820181814,924.1399531517019,0.04542698
0.05809852,0.03779144,164843.3,0.03170063461538461,147.3274561522654,945.7512392924683,0.04654121
0.05819224,0.03782429,164657.4,0.031664884615384616,149.65861272113784,960.7158241130825,0.04741367
0.05828596,0.03785711,164462.0,0.03162730769230769,151.66907216790256,973.6217315588734,0.04824146
0.0583797,0.03788991,164249.3,0.03158640384615384,152.78466929245212,980.7831758045639,0.04873758
0.05847344,0.03792268,164026.8,0.031543615384615385,154.0477357250435,988.8912818910319,0.04925833
0.0585672,0.03795542,163778.0,0.03149576923076923,154.49840252727688,991.7842843079044,0.04935516
0.05866097,0.03798813,163532.4,0.03144853846153846,155.52842309973843,998.3963799643682,0.04954313
0.05875474,0.03802081,163233.9,0.03139113461538461,155.28639909522892,996.8427353947719,0.04920293
0.05884851,0.03805346,162953.2,0.03133715384615385,155.36198259801643,997.3279347818942,0.04891252
0.05894232,0.03808609,162606.3,0.031270442307692305,153.04382076372713,982.446768128248,0.04792085
0.05903611,0.03811868,162270.4,0.031205846153846153,149.96863663444344,962.7059860820507,0.04681764
0.05912994,0.03815125,161896.7,0.03113398076923077,142.9859854476631,917.8816798331234,0.04482265
0.05922376,0.03818379,161476.9,0.031053249999999998,133.85198518034505,859.2470417410508,0.0425022
0.05931759,0.03821629,161100.8,0.030980923076923076,119.16601123965305,764.9721630635045,0.03904797
0.05941144,0.03824878,160575.7,0.03087994230769231,101.50792957063604,651.6181891461067,0.03506049
0.05950529,0.03828123,160173.7,0.030802634615384617,75.9957907692422,487.8460212245833,0.02934819
0.05959917,0.03831366,159572.0,0.030686923076923077,47.35155848210351,303.9677483509619,0.02238364
0.05969304,0.03834605,159109.8,0.030598038461538458,10.782366917618761,69.21613351081574,0.01030179
0.05978693,0.03837842,158472.6,0.030475500000000003,-29.403172038346113,-188.7501971503218,0.01638521
0.05988082,0.03841076,157958.2,0.030376576923076926,-73.75162050715673,-473.4398347473182,0.02507037
0.05997472,0.03844307,157314.1,0.03025271153846154,-121.9544215485954,-782.872034372031,0.031108
0.06006864,0.03847536,156770.0,0.030148076923076923,-169.22017490350865,-1086.2889668228393,0.0355745
0.06016256,0.03850761,156142.6,0.030027423076923077,-219.6376830164766,-1409.9382174458658,0.03931177
0.0602565,0.03853984,155593.3,0.029921788461538458,-265.1857215469805,-1702.3284820483054,0.04217973
0.06035044,0.03857203,155000.7,0.029807826923076926,-313.01418707360654,-2009.3576789585793,0.04472225
0.06044439,0.0386042,154467.4,0.02970526923076923,-354.6738506289228,-2276.7869787302893,0.04673085
0.06053834,0.03863634,153919.1,0.029599826923076923,-398.0520390425983,-2555.248146267831,0.04858044
0.06063232,0.03866845,153418.8,0.02950361538461538,-435.18252638181576,-2793.6029331739796,0.05007638
0.06072629,0.03870054,152928.1,0.02940925,-473.81484172347314,-3041.5985279214296,0.05150318
0.06082029,0.0387326,152487.7,0.029324557692307695,-506.0134338438261,-3248.2935947922238,0.05264681
0.0609143,0.03876463,152073.7,0.02924494230769231,-539.5957682325092,-3463.8714320529584,0.05377234
0.06100831,0.03879663,151719.6,0.029176846153846154,-567.2557457392295,-3641.4313973777266,0.05467807
0.06110233,0.0388286,151400.6,0.029115500000000002,-596.136387701828,-3826.82727429737,0.05558982
0.06119636,0.03886055,151153.1,0.029067903846153847,-619.7484893952542,-3978.402377961537,0.05632776
0.0612904,0.03889246,150944.8,0.02902784615384615,-644.2057597222138,-4135.402942048703,0.05707356
0.06138444,0.03892435,150813.4,0.029002576923076923,-664.1213020519749,-4263.248418591017,0.05768336
0.0614785,0.03895621,150721.0,0.02898480769230769,-684.6852339796561,-4395.256155731542,0.0583042
0.06157257,0.03898804,150707.7,0.02898225,-701.2866460869044,-4501.8269639467335,0.05881379
0.06166664,0.03901985,150732.5,0.02898701923076923,-718.3856729816919,-4611.592151636712,0.05933548
0.06176073,0.03905162,150836.6,0.029007038461538463,-731.9579731575997,-4698.717932849875,0.0597614
0.06185483,0.03908337,150976.0,0.029033846153846153,-745.728930065596,-4787.118967539026,0.06019189
0.06194893,0.03911509,151186.9,0.029074403846153844,-756.5282142590388,-4856.443699507956,0.06054475
0.06204305,0.03914679,151430.0,0.029121153846153845,-767.540603124518,-4927.136431800391,0.06090561
0.06213717,0.03917845,151739.1,0.029180596153846154,-775.9967100025341,-4981.419413183085,0.06120068
0.0622313,0.03921009,152077.0,0.029245576923076923,-784.5915928397408,-5036.593250478292,0.06150234
0.06232544,0.0392417,152474.7,0.029322057692307696,-790.950258544166,-5077.411955472367,0.06174609
0.06241959,0.03927328,152898.1,0.029403480769230772,-797.4037637649956,-5118.83947156327,0.06199551
0.06251376,0.03930483,153375.3,0.029495249999999997,-801.8784485255957,-5147.564182953161,0.06219264
0.06260793,0.03933636,153875.3,0.029591403846153844,-806.4096502551845,-5176.651698363825,0.06239429
0.06270211,0.03936786,154423.0,0.02969673076923077,-809.1881963411295,-5194.488247455515,0.06254834
0.0627963,0.03939933,154990.9,0.029805942307692308,-812.0011461200971,-5212.545646999403,0.06270604
0.06289049,0.03943077,155600.5,0.029923173076923076,-813.2570134725277,-5220.607539439334,0.06281994
0.0629847,0.03946219,156227.9,0.030043826923076923,-814.5312781436887,-5228.787531298364,0.06293664
0.06307892,0.03949358,156891.6,0.03017146153846154,-814.4220100141562,-5228.086097420257,0.06301281
0.06317314,0.03952493,157570.8,0.03030207692307692,-814.3134527082331,-5227.389226590525,0.06309065
0.06326738,0.03955627,158281.0,0.030438653846153844,-812.9675658879584,-5218.749464787357,0.0631305
0.06336162,0.03958757,159004.4,0.03057776923076923,-811.617706053769,-5210.084198689664,0.06317139
0.06345588,0.03961885,159754.2,0.030721961538461542,-809.1350942936365,-5194.147365120768,0.06317556
0.06355014,0.0396501,160515.2,0.030868307692307695,-806.6424480853273,-5178.146116594562,0.06318004
0.06364441,0.03968132,161298.4,0.031018923076923076,-803.1384802522776,-5155.6528081027445,0.06315005
0.06373869,0.03971252,162091.1,0.031171365384615384,-799.6370414484487,-5133.175734415913,0.06312039
0.06383298,0.03974369,162902.3,0.031327365384615384,-795.229108132843,-5104.879526059175,0.06305816
0.06392728,0.03977482,163721.6,0.03148492307692308,-790.8303544202881,-5076.642245082223,0.06299601
0.06402158,0.03980594,164556.5,0.031645480769230766,-785.6203250363508,-5043.197075557838,0.06290311
0.0641159,0.03983702,165398.7,0.03180744230769231,-780.4440977915947,-5009.968894881671,0.06281079
0.06421023,0.03986808,166254.2,0.03197196153846154,-774.5234794818331,-4971.962183505025,0.06268865
0.06430456,0.03989911,167116.2,0.03213773076923077,-768.6452730281588,-4934.227730039448,0.06256696
0.06439889,0.03993011,167990.0,0.03230576923076923,-762.0685783492451,-4892.009413742705,0.06241579
0.06449325,0.03996108,168869.8,0.032474961538461536,-755.5502499911212,-4850.165773162638,0.06226534
0.06458761,0.03999203,169760.2,0.03264619230769231,-748.3785999621401,-4804.128211123484,0.06208587
0.06468198,0.04002295,170656.3,0.03281851923076923,-741.2643817096545,-4758.4593256040625,0.06190672
0.06477637,0.04005385,171562.3,0.032992749999999994,-733.5550702787685,-4708.970309569492,0.0616998
0.06487075,0.04008471,172473.7,0.03316801923076923,-725.9228886003565,-4659.976418889649,0.06149368
0.06496516,0.04011555,173394.5,0.033345096153846156,-717.7268845967466,-4607.363137250896,0.06125997
0.06505955,0.04014636,174320.6,0.03352319230769231,-709.6143100521336,-4555.2854211903505,0.06102696
0.06515397,0.04017715,175255.8,0.03370303846153846,-700.9755397963418,-4499.829853784543,0.06076692
0.0652484,0.04020791,176196.2,0.033883884615384614,-692.4297956400032,-4444.971456459197,0.06050767
0.06534283,0.04023864,177145.2,0.034066384615384616,-683.3954843018935,-4386.97675969785,0.06022198
0.06543728,0.04026935,178099.2,0.03424984615384616,-674.4482938019604,-4329.5413248882505,0.05993651
0.06553173,0.04030002,179061.6,0.03443492307692308,-665.0629331198785,-4269.293108241436,0.05962594
0.06562619,0.04033067,180029.0,0.03462096153846154,-655.7689758865628,-4209.631645260258,0.05931546
0.06572065,0.0403613,181004.4,0.03480853846153846,-646.0747243535077,-4147.400540204564,0.0589807
0.06581513,0.04039189,181984.7,0.034997057692307695,-636.4716154124525,-4085.754514275242,0.05864566
0.06590961,0.04042246,182972.7,0.03518705769230769,-626.5033648057778,-4021.7645044626993,0.05828708
0.06600411,0.040453,183965.6,0.035378,-616.6280692179406,-3958.3712084369813,0.05792792
0.06609861,0.04048351,184966.0,0.035570384615384615,-606.4268901857266,-3892.885942051946,0.05754625
0.06619313,0.040514,185970.9,0.035763634615384614,-596.3179718237983,-3827.9929321650507,0.05716364
0.06628765,0.04054446,186983.2,0.03595830769230769,-585.9227194760286,-3761.2618350062144,0.05675964
0.06638218,0.04057489,188000.0,0.036153846153846154,-575.6204739212594,-3695.127783992339,0.05635438
0.06647671,0.0406053,189023.8,0.03635073076923077,-565.0724879259469,-3627.4162311858054,0.05592902
0.06657126,0.04063568,190052.1,0.03654848076923077,-554.6277804741267,-3560.367662815786,0.05550257
0.06666581,0.04066603,191087.6,0.036747615384615386,-543.9595716337391,-3491.884353625951,0.05505642
0.06676038,0.04069635,192127.6,0.036947615384615384,-533.3913283757569,-3424.042761709431,0.05460865
0.06685495,0.04072665,193174.8,0.037148999999999995,-522.623766493823,-3354.921667380126,0.05414174
0.06694953,0.04075692,194226.4,0.03735123076923077,-511.95429278379186,-3286.4302385087044,0.05367277
0.06704412,0.04078717,195285.2,0.037554846153846154,-501.1039849256848,-3216.777966138618,0.05318493
0.06713872,0.04081739,196348.4,0.03775930769230769,-490.3523503427036,-3147.75911522759,0.05269472
0.06723332,0.04084758,197418.9,0.03796517307692308,-479.4495960680277,-3077.7701692681953,0.05218664
0.06732794,0.04087775,198493.9,0.03817190384615385,-468.6487031160859,-3008.4351100637055,0.05167598
0.06742256,0.04090789,199576.4,0.03838007692307692,-457.72080989123634,-2938.284787576797,0.0511481
0.06751719,0.040938,200663.3,0.038589096153846154,-446.89833214244294,-2868.8111673131166,0.05061743
0.06761184,0.04096809,201758.2,0.03879965384615385,-435.96674898886937,-2798.6371577636965,0.05006988
0.06770649,0.04099815,202857.8,0.03901111538461538,-425.1414210873254,-2729.145241280381,0.0495191
0.06780114,0.04102818,203965.6,0.039224153846153846,-414.2105799110608,-2658.9759947668385,0.04895085
0.06789579,0.04105818,205078.5,0.03943817307692308,-403.38404367940865,-2589.4763215508196,0.04837876
0.06799047,0.04108815,206200.1,0.039653865384615385,-392.4478507282397,-2519.2727199490923,0.04778816
0.06808516,0.04111811,207327.1,0.03987059615384615,-381.622653455898,-2449.7816420245435,0.04719355
0.06817984,0.04114803,208463.1,0.040089057692307695,-370.69193200399206,-2379.61316406741,0.04657976
0.06827456,0.04117794,209604.9,0.040308634615384614,-359.8680722587164,-2310.1306722402073,0.04596112
0.06836927,0.04120781,210755.9,0.04052998076923077,-348.97084859064375,-2240.17722935801,0.04532437
0.06846398,0.04123766,211913.1,0.04075251923076923,-338.1816121024691,-2170.9169974487268,0.04468215
0.0685587,0.04126748,213080.1,0.04097694230769231,-327.3316517814784,-2101.2669560521945,0.04402158
0.06865343,0.04129727,214253.6,0.041202615384615386,-316.5949491486475,-2032.3439590351286,0.04335508
0.06874817,0.04132704,215437.6,0.0414303076923077,-305.8211988220384,-1963.1831387146622,0.04267068
0.06884292,0.04135678,216628.7,0.041659365384615385,-295.16174380144685,-1894.7560236391957,0.0419795
0.06893768,0.0413865,217830.8,0.04189053846153846,-284.4828921463201,-1826.204394154611,0.04127038
0.06903245,0.04141619,219040.6,0.042123192307692306,-273.9182784729542,-1758.3861019287167,0.04055349
0.06912722,0.04144585,220262.0,0.04235807692307692,-263.3575646515673,-1690.5928443429261,0.03981902
0.069222,0.04147548,221491.5,0.04259451923076923,-252.90580972563998,-1623.4990355435611,0.03907522
0.06931679,0.04150509,222733.1,0.042833288461538464,-242.47970442398406,-1556.569881483887,0.03831397
0.06941159,0.04153467,223983.4,0.04307373076923077,-232.15592252929494,-1490.2975804743835,0.03754151
0.0695064,0.04156423,225246.0,0.04331653846153846,-221.88281125106377,-1424.3505535146896,0.0367519
0.06960122,0.04159376,226517.7,0.04356109615384616,-211.7055272391931,-1359.0186783962436,0.03594886
0.06969604,0.04162326,227801.8,0.04380803846153846,-201.60658803939964,-1294.18972856443,0.03512902
0.06979087,0.04165274,229095.3,0.04405678846153846,-191.59837402106038,-1229.9431783411906,0.03429332
0.06988571,0.04168219,230401.0,0.04430788461538462,-181.69008333313008,-1166.3380741595556,0.03344054
0.06998056,0.04171162,231716.5,0.044560865384615386,-171.87283474764325,-1103.3174040234303,0.03256946
0.07007542,0.04174102,233044.4,0.04481623076923077,-162.17754168842893,-1041.0796130133217,0.03168082
0.07017028,0.04177039,234382.1,0.04507348076923077,-152.561542366489,-979.350838803299,0.03076967
0.07026515,0.04179973,235732.2,0.04533311538461539,-143.08918251175473,-918.544141222229,0.02983992
0.07036003,0.04182906,237092.5,0.045594711538461535,-133.6999597890544,-858.2711326608827,0.02888413
0.07045492,0.04185835,238465.1,0.045858673076923075,-124.48591668192748,-799.1226689933011,0.02790923
0.07054982,0.04188762,239848.1,0.046124634615384616,-115.34716210203023,-740.4575111520168,0.0269024
0.07064472,0.04191686,241243.4,0.046392961538461536,-106.42711789168288,-683.196338748682,0.02587668
0.07073963,0.04194608,242649.8,0.046663423076923075,-97.58990890152496,-626.4669172775716,0.02481338
0.07083455,0.04197527,244068.7,0.04693628846153847,-89.03698434518682,-571.5624262207809,0.02373371
0.07092948,0.04200444,245499.1,0.047211365384615386,-80.5730542853775,-517.2292248446819,0.02260885
0.07102442,0.04203358,246942.6,0.04748896153846154,-72.46199399341974,-465.1612293505709,0.0214703
0.07111936,0.04206269,248398.0,0.047768846153846155,-64.45546872956632,-413.7642841478393,0.02027771
0.07121431,0.04209178,249867.8,0.0480515,-56.87844441279198,-365.12446964963516,0.01907506
0.07130927,0.04212084,251350.8,0.0483366923076923,-49.4160824163388,-317.22071640149295,0.01780475
0.07140423,0.04214987,252849.7,0.048624942307692307,-42.47430463134321,-272.65879213757796,0.01652999
0.0714992,0.04217888,254362.9,0.048915942307692306,-35.647197588959735,-228.832983189629,0.01516481
0.0715942,0.04220787,255894.3,0.0492104423076923,-29.440456269232374,-188.98953887580646,0.013801
0.07168917,0.04223682,257441.2,0.04950792307692308,-23.351028516941604,-149.89917518040107,0.01230873
0.07178418,0.04226576,259008.9,0.049809403846153844,-17.967855745482037,-115.34253208821616,0.01081263
0.07187918,0.04229466,260593.3,0.050114096153846155,-12.696011089999086,-81.50054671430587,0.009102235
0.0719742,0.04232355,262200.2,0.050423115384615386,-8.215901367451677,-52.74101042063386,0.007332892
0.07206922,0.0423524,263826.1,0.05073578846153846,-3.8233161270438103,-24.54332722355203,0.005009684
0.07216425,0.04238123,265475.6,0.051052999999999994,-0.3276557399600164,-2.103347401914068,0.001468737
0.0722593,0.04241004,267145.4,0.051374115384615386,3.0525271697505305,19.595338365048555,0.004489725
0.07235435,0.04243882,268841.6,0.05170030769230769,5.4615823169841375,35.05998392755221,0.006014615
0.0724494,0.04246757,270558.2,0.05203042307692308,7.837143245380669,50.30961730019251,0.007215986
0.07254446,0.0424963,272302.4,0.05236584615384616,9.226805285603076,59.230388968032315,0.00784179
0.07263953,0.042525,274068.4,0.05270546153846154,10.58080523637222,67.92223205611491,0.008410695
0.07273461,0.04255368,275863.1,0.05305059615384615,10.928157893840819,70.15202149830102,0.008561184
0.07282969,0.04258233,277679.2,0.05339984615384616,11.275843824569002,72.38395034889415,0.00871029
0.07292478,0.04261096,279524.2,0.05375465384615385,10.627003748470948,68.21879795911728,0.008469657
0.07301988,0.04263956,281390.6,0.05411357692307692,10.004906052008282,64.22531512328737,0.008231494
0.07311499,0.04266813,283285.9,0.054478057692307694,8.410769069803647,53.99194066683983,0.007559725
0.07321011,0.04269668,285201.7,0.05484648076923077,6.865798019941635,44.07418111788072,0.006841613
0.07330523,0.0427252,287146.0,0.055220384615384616,4.395909031536607,28.219019882457747,0.005483602
0.07340036,0.0427537,289109.9,0.0555980576923077,1.9945010320637337,12.80346428363535,0.003699949
0.0734955,0.04278217,291101.8,0.05598111538461538,-1.2696231763095271,-8.150196329923611,0.002957033
0.07359064,0.04281062,293112.3,0.05636775,-4.443912278963759,-28.52717107117692,0.005541787
0.0736858,0.04283904,295149.7,0.05675955769230769,-8.407929625925606,-53.97371319154979,0.007635934
0.07378096,0.04286743,297204.7,0.057154750000000004,-12.275959037304608,-78.80407207353987,0.009242788
0.07387613,0.0428958,299285.6,0.05755492307692307,-16.87092518851744,-108.30091567291032,0.01085435
0.0739713,0.04292415,301383.2,0.0579583076923077,-21.365577918701863,-137.15380908992483,0.0122365
0.07406649,0.04295247,303505.7,0.058366480769230775,-26.52027813175409,-170.24379952345836,0.01365699
0.07416168,0.04298076,305643.8,0.05877765384615384,-31.579240101565173,-202.71920958916544,0.01492928
0.07425687,0.04300903,307806.3,0.05919351923076923,-37.22873898923213,-238.9855017925029,0.01623863
0.07435208,0.04303728,309983.5,0.05961221153846154,-42.776634519341215,-274.5995632179783,0.01743781
0.07444729,0.0430655,312184.8,0.06003553846153846,-48.83387190338412,-313.483284638693,0.01866497
0.07454251,0.04309369,314400.0,0.06046153846153846,-54.797418214225814,-351.7655672583528,0.01980753
0.07463773,0.04312186,316639.0,0.060892115384615385,-61.17087515584074,-392.67922285612383,0.02096552
0.07473298,0.04315001,318891.9,0.06132536538461539,-67.44044362020844,-432.92597861953385,0.02205372
0.07482821,0.04317812,321167.2,0.061762923076923076,-74.03831526185309,-475.28023793240067,0.02314922
0.07492347,0.04320621,323455.6,0.062202999999999994,-80.51812801604343,-516.8766321328474,0.02418496
0.07501873,0.04323428,325766.7,0.06264744230769231,-87.25369886791862,-560.1148352951927,0.02522193
0.075114,0.04326232,328089.2,0.06309407692307692,-93.85875613749735,-602.5152218996129,0.02620686
0.07520927,0.04329034,330433.6,0.06354492307692307,-100.60372225557106,-645.8137368659003,0.02718146
0.07530455,0.04331833,332788.2,0.06399773076923077,-107.21794313062958,-688.2729481555845,0.02811193
0.07539984,0.0433463,335163.7,0.06445455769230769,-113.85133261040897,-730.8552100438721,0.02902109
0.07549513,0.04337424,337547.7,0.06491301923076924,-120.3369866369784,-772.4891016038459,0.02989061
0.07559043,0.04340216,339951.2,0.06537523076923077,-126.70003949792007,-813.3359694320634,0.03072631
0.07568574,0.04343005,342361.7,0.06583878846153847,-132.91477879959703,-853.2307558482897,0.0315281
0.07578106,0.04345792,344790.0,0.06630576923076924,-138.86905021339945,-891.4534993596374,0.03228482
0.07587639,0.04348577,347223.6,0.06677376923076922,-144.65780164837446,-928.6137068767308,0.03301054
0.07597172,0.04351359,349672.7,0.06724475,-150.05526146869653,-963.2620639950751,0.03368119
0.07606706,0.04354138,352124.9,0.06771632692307693,-155.29132423532613,-996.8743517511001,0.03432541
0.0761624,0.04356915,354590.2,0.06819042307692308,-159.99850323319643,-1027.0915324930677,0.03490389
0.07625775,0.04359689,357057.0,0.06866480769230769,-164.5501542462041,-1056.3103196682825,0.03546
0.07635312,0.04362461,359534.2,0.0691411923076923,-168.44354536370443,-1081.3034850333358,0.03594039
0.07644848,0.0436523,362011.3,0.0696175576923077,-172.19201511985676,-1105.3663448010866,0.03640221
0.07654386,0.04367997,364496.3,0.07009544230769231,-175.15533698668546,-1124.3890402386512,0.03677821
0.07663924,0.04370761,366979.6,0.070573,-177.98818499437743,-1142.5741741164325,0.03713908
0.07673463,0.04373523,369468.2,0.07105157692307693,-179.91965347946424,-1154.9730083943914,0.03740443
0.07683003,0.04376282,371954.4,0.07152969230769231,-181.7451906490412,-1166.6918290785516,0.03765839
0.07692543,0.04379039,374443.5,0.07200836538461539,-182.59116852217454,-1172.122484319778,0.0378101
0.07702084,0.04381794,376929.1,0.07248636538461538,-183.3521531255293,-1177.0075352838116,0.03795305
0.07711626,0.04384546,379415.5,0.07296451923076923,-183.08016343725933,-1175.2615295393682,0.03798838
0.07721169,0.04387295,381897.6,0.07344184615384615,-182.72731936212892,-1172.9964885887753,0.03801513
0.07730712,0.04390042,384378.1,0.07391886538461538,-181.30321421877863,-1163.854613480212,0.03792913
0.07740256,0.04392787,386853.8,0.07439496153846153,-179.79974071925463,-1154.2032425643345,0.0378336
0.077498,0.04395529,389325.7,0.07487032692307692,-177.21563563618545,-1137.614884571858,0.03762166
0.07759346,0.04398269,391792.2,0.07534465384615385,-174.5594719300109,-1120.5639547419016,0.037399
0.07768892,0.04401006,394252.6,0.07581780769230768,-170.83436461950342,-1096.6510674402382,0.03705679
0.07778439,0.04403741,396706.9,0.07628978846153847,-167.04729795032114,-1072.3404393387073,0.03670193
0.07787986,0.04406473,399153.1,0.07676021153846153,-162.2120171638484,-1041.3009242641551,0.03622348
0.07797534,0.04409203,401592.2,0.07722926923076923,-157.32285744855363,-1009.9155397567357,0.03572901
0.07807083,0.0441193,404021.5,0.0776964423076923,-151.4171678994651,-972.0046617995779,0.03510585
0.07816632,0.04414655,406442.7,0.07816205769230769,-145.45951890803892,-933.7602363267893,0.03446091
0.07826183,0.04417378,408852.3,0.0786254423076923,-138.51849988449777,-889.2031828425959,0.03367933
0.07835734,0.04420098,411252.9,0.07908709615384615,-131.5228095510349,-844.2951733284635,0.03286705
0.07845286,0.04422815,413639.5,0.07954605769230769,-123.5899499827611,-793.3711163755349,0.03190746
0.07854838,0.04425531,416016.3,0.08000313461538461,-115.6096180001487,-742.1423158543298,0.03090542
0.07864391,0.04428243,418377.2,0.08045715384615384,-106.74602182332342,-685.2435049486642,0.02973995
0.07873945,0.04430954,420727.0,0.08090903846153846,-97.846887024769,-628.1165580497433,0.02851417
0.07883499,0.04433661,423059.3,0.0813575576923077,-88.11291905309379,-565.6304979977014,0.02709692
0.07893054,0.04436367,425379.4,0.08180373076923077,-78.34477745193563,-502.92506435923696,0.02558666
0.0790261,0.0443907,427680.2,0.08224619230769231,-67.79149581156891,-435.17951678347504,0.02383389
0.07912165,0.0444177,429967.6,0.08268607692307692,-57.22498750746732,-367.349062198893,0.02192776
0.07921722,0.04444468,432235.0,0.08312211538461539,-45.912364243766774,-294.7290105756839,0.01966758
0.07931281,0.04447164,434488.9,0.0835555576923077,-34.58631334107791,-222.0227618067041,0.01709299
0.07940838,0.04449857,436721.0,0.08398480769230769,-22.58078753442709,-144.95470398140012,0.01382948
0.07950399,0.04452548,438939.9,0.08441151923076924,-10.580381452893315,-67.9195116280234,0.009478791
0.07959959,0.04455237,441135.5,0.08483375,2.019675723792083,12.965070249846327,0.004146671
0.0796952,0.04457923,443317.3,0.08525332692307692,14.63739436962032,93.96302784712238,0.01117745
0.07979081,0.04460607,445475.3,0.08566832692307692,27.80167490990633,178.46957510265764,0.01542372
0.07988643,0.04463288,447618.5,0.08608048076923076,40.974308896168274,263.02974632001536,0.01874769
0.07998205,0.04465967,449736.2,0.08648773076923078,54.639959388741325,350.7547788878159,0.02167586
0.08007769,0.04468643,451838.5,0.08689201923076922,68.33364820091805,438.6598001434375,0.02426961
0.08017332,0.04471317,453913.3,0.08729101923076923,82.46599537769949,529.3807370660081,0.02669305
0.08026897,0.04473988,455971.6,0.08768684615384614,96.63735493088457,620.3521093405159,0.02892966
0.08036463,0.04476658,458000.3,0.08807698076923076,111.1633537349871,713.6000464849843,0.03106364
0.08046029,0.04479324,460012.0,0.08846384615384616,125.7197253101623,807.0429580533174,0.03307264
0.08055595,0.04481989,461992.0,0.08884461538461538,140.52796201217222,902.102688116041,0.0350054
0.08065163,0.0448465,463955.1,0.08922213461538461,155.3374469013093,997.1704307689037,0.03684454
0.0807473,0.0448731,465885.8,0.08959342307692307,170.26821719292073,1093.0167507670485,0.03861663
0.08084299,0.04489967,467800.2,0.08996157692307692,185.1802964899933,1188.7430861288574,0.04031557
0.08093868,0.04492621,469682.1,0.09032348076923076,200.0509046978323,1284.2032027215255,0.04194741
0.08103438,0.04495274,471549.0,0.0906825,214.8614909745493,1379.278015602137,0.043518
0.08113009,0.04497923,473384.5,0.09103548076923076,229.42607309374569,1472.7736337900378,0.04501511
0.08122581,0.04500571,475207.6,0.09138607692307692,243.88386669515629,1565.583735675168,0.04645923
0.08132152,0.04503216,477001.9,0.09173113461538462,257.8536615081866,1655.261186858674,0.04781946
0.08141722,0.04505858,478787.3,0.09207448076923076,271.6407119859374,1743.7655323219155,0.04913038
0.08151292,0.04508497,480548.7,0.09241321153846153,284.69304494944726,1827.5534453035893,0.05034684
0.08160865,0.04511135,482307.4,0.09275142307692308,297.5136939579259,1909.854090444512,0.05151899
0.08170442,0.04513771,484048.8,0.09308630769230769,309.2649859557494,1985.2901243005701,0.05257847
0.08180021,0.04516405,485794.7,0.0934220576923077,320.67592758533436,2058.5413190847953,0.05359265
0.08189594,0.04519035,487531.2,0.093756,330.63017839034524,2122.4414588207133,0.0544722
0.08199168,0.04521663,489282.8,0.09409284615384615,340.1255573181322,2183.3959246279887,0.05530424
0.08208745,0.04524289,491040.2,0.09443080769230769,347.7263839457328,2232.1885352549652,0.05597568
0.08218325,0.04526913,492826.5,0.09477432692307693,354.7627879700434,2277.3579015085747,0.05659766
0.08227908,0.04529536,494636.0,0.09512230769230769,359.3005374699551,2306.48744955904,0.05701902
0.08237487,0.04532155,496490.0,0.09547884615384615,363.15672765298604,2331.241807910139,0.05738661
0.08247067,0.04534771,498389.5,0.09584413461538462,363.82229638152046,2335.514347912426,0.05750429
0.08256648,0.04537385,500357.6,0.09622261538461538,363.6477293988551,2334.393735743404,0.05755797
0.08266229,0.04539997,502401.6,0.0966156923076923,359.2620441585877,2306.240346283921,0.05728068
0.08275811,0.04542607,504549.0,0.09702865384615385,353.73356281345684,2270.750911930565,0.05691203
0.08285393,0.04545214,506817.6,0.09746492307692307,342.45411026607223,2198.3437958109157,0.0560752
0.08294976,0.04547818,509245.9,0.09793190384615386,329.42781809829614,2114.723048648028,0.05507992
0.0830456,0.04550421,511868.5,0.09843625,308.357149778309,1979.4623769660786,0.05337565
0.08314144,0.04553021,514733.6,0.09898723076923076,284.6374194507555,1827.196363971311,0.05137184
0.08323729,0.04555618,517903.2,0.09959676923076924,250.15664335339588,1605.851086060989,0.04825422
0.08333315,0.04558214,521424.7,0.10027398076923077,212.68448843790608,1365.3030044212933,0.04458957
0.08342901,0.04560807,525422.3,0.10104275000000001,158.5362459818523,1017.7047444242244,0.0385917
0.08352488,0.04563397,529958.4,0.10191507692307693,97.81365428457698,627.9032243912213,0.03039647
0.08362076,0.04565986,535272.9,0.10293709615384616,17.23718130351651,110.65205363256408,0.01280109
0.08371663,0.04568571,541165.0,0.10407019230769231,-66.9013029583582,-429.46502868925853,0.02530778
0.08381252,0.04571155,548088.5,0.10540163461538461,-175.33885254740701,-1125.567096749737,0.04113804
0.08390842,0.04573736,555511.0,0.10682903846153846,-277.8532092940839,-1783.6459265249366,0.05200988
0.08400432,0.04576315,563962.2,0.10845426923076922,-398.24178235338036,-2556.4661810863654,0.06256751
0.08410022,0.04578892,572587.9,0.1101130576923077,-500.46397007712767,-3212.669466256811,0.07048273
0.08419613,0.04581466,581818.6,0.1118881923076923,-598.7455227045458,-3843.576308908756,0.07749039
0.08429205,0.04584038,590675.0,0.11359134615384615,-674.9457232796009,-4332.734514787986,0.08267799
0.08438798,0.04586608,599514.2,0.1152911923076923,-725.404637824492,-4656.64956912017,0.08612781
0.08448391,0.04589175,607701.0,0.11686557692307692,-761.6771705868993,-4889.496817747532,0.08865025
0.08457985,0.0459174,615453.8,0.1183565,-766.6513532073309,-4921.4279967728335,0.0893154
0.0846758,0.04594302,622280.0,0.11966923076923076,-755.4269946902426,-4849.374550286742,0.08899163
0.08477175,0.04596863,628275.0,0.12082211538461539,-717.027403497138,-4602.872900779748,0.08699073
0.0848677,0.0459942,633267.7,0.12178225,-668.7034462881546,-4292.662953418151,0.08424799
0.08496367,0.04601976,637286.9,0.12255517307692308,-596.5421752597848,-3829.432179695523,0.07976572
0.08505963,0.04604529,640325.0,0.12313942307692308,-507.2831699199976,-3256.444515869504,0.07370025
0.08515561,0.0460708,642100.1,0.12348078846153845,-405.76872407238574,-2604.784496251424,0.06600786
0.08525159,0.04609628,643185.4,0.12368950000000001,-307.6389605595463,-1974.8520459291447,0.05753712
0.08534758,0.04612175,643071.4,0.12366757692307692,-196.3442213114768,-1260.408585629329,0.04599286
0.08544357,0.04614719,642380.9,0.12353478846153847,-81.59691474089993,-523.8017763565475,0.02965879
0.08553957,0.0461726,640460.1,0.12316540384615385,41.22798764607548,264.65820715394807,0.02107755
0.08563558,0.04619799,638204.3,0.12273159615384616,152.78641998222272,980.7944141511927,0.04056063
0.08573159,0.04622336,635028.8,0.12212092307692309,267.7666037317752,1718.8961510251916,0.05365479
0.08582761,0.04624871,631759.0,0.12149211538461538,371.3958483151048,2384.1318718560315,0.06313882
0.08592363,0.04627404,627870.9,0.12074440384615386,474.82260067991024,3048.0677177577995,0.07131421
0.08601966,0.04629934,623826.3,0.11996659615384617,569.8829419191786,3658.296373587479,0.0780375
0.0861157,0.04632462,619381.6,0.11911184615384615,661.0516072504661,4243.542874637444,0.08393665
0.08621174,0.04634988,614842.7,0.11823898076923076,746.6096118231768,4792.772400275918,0.08908094
0.08630778,0.04637511,610063.8,0.11731996153846155,826.9840186390707,5308.726431104813,0.09361411
0.08640384,0.04640032,605240.3,0.11639236538461539,903.3530523273099,5798.968441253781,0.09769387
0.0864999,0.0464255,600276.9,0.1154378653846154,974.0053952043924,6252.512828566476,0.1012819
0.08659597,0.04645066,595292.9,0.11447940384615385,1042.4471143228502,6691.866377226749,0.1046132
0.08669204,0.0464758,590221.8,0.11350419230769232,1105.3661337097524,7095.767605920532,0.1075462
0.08678812,0.04650092,585154.6,0.11252973076923077,1166.6002264038375,7488.85264631197,0.1103027
0.0868842,0.04652601,580046.6,0.11154742307692307,1222.4593724164104,7847.433850026029,0.1127216
0.08698029,0.04655108,574970.6,0.11057126923076922,1277.3064952753484,8199.51849039243,0.1150295
0.08707639,0.04657613,569890.0,0.10959423076923076,1326.9601378567702,8518.264196272472,0.1170441
0.08717249,0.04660116,564850.3,0.1086250576923077,1376.1183657799277,8833.829646148279,0.1189919
0.0872686,0.04662616,559827.0,0.10765903846153846,1420.657767878147,9119.745088061574,0.1206961
0.08736471,0.04665114,554849.9,0.10670190384615386,1464.8771496213803,9403.606197026813,0.1223544
0.08746084,0.0466761,549902.0,0.10575038461538462,1505.0529743162406,9661.510168133807,0.1238104
0.08755696,0.04670104,545005.0,0.10480865384615384,1545.0233390951394,9918.095213527835,0.1252343
0.08765309,0.04672595,540145.4,0.10387411538461538,1581.4443253853726,10151.895442078869,0.1264882
0.08774923,0.04675084,535337.4,0.1029495,1617.7667749393115,10385.06312566578,0.1277205
0.08784538,0.0467757,530570.0,0.10203269230769231,1650.9297740813633,10597.949089737782,0.128807
0.08794152,0.04680055,525852.9,0.1011255576923077,1684.0682283214712,10810.67749070486,0.1298793
0.08803768,0.04682537,521176.8,0.10022630769230768,1714.3876517592798,11005.309455715542,0.1308254
0.08813384,0.04685017,516549.1,0.09933636538461538,1744.7118317059483,11199.971954574201,0.1317618
0.08823001,0.04687494,511962.2,0.09845426923076923,1772.4569145789158,11378.07824376623,0.1325862
0.08832618,0.04689969,507422.4,0.09758123076923077,1800.230250510267,11556.365900136367,0.1334042
0.08842236,0.04692442,502922.8,0.09671592307692307,1825.6444643002096,11719.509449989293,0.1341225
0.08851854,0.04694913,498469.5,0.09585951923076923,1851.0708470929042,11882.731117321026,0.1348359
0.08861474,0.04697381,494056.4,0.09501084615384615,1874.2227340220784,12031.351926551559,0.135456
0.08871093,0.04699848,489689.1,0.09417098076923076,1897.3534778531127,12179.83701015572,0.1360719
0.08880713,0.04702312,485362.8,0.09333899999999999,1918.2907914636467,12314.241626998844,0.1366006
0.08890334,0.04704773,481082.6,0.09251588461538461,1939.1704410861012,12448.276076667344,0.1371253
0.08899955,0.04707233,476845.2,0.091701,1957.8820414252957,12568.392989509774,0.137567
0.08909577,0.0470969,472654.4,0.09089507692307693,1976.4968330698111,12687.888450347546,0.1380047
0.089192,0.04712145,468509.1,0.09009790384615385,1993.0632651746005,12794.234708560041,0.1383666
0.08928822,0.04714598,464410.9,0.08930978846153846,2009.5330929468155,12899.960826646324,0.138726
0.08938445,0.04717049,460361.1,0.08853098076923077,2024.0417077538502,12993.097169270666,0.1390153
0.08948069,0.04719497,456359.3,0.08776140384615384,2038.4332619764025,13085.482055270846,0.1393023
0.08957695,0.04721943,452406.9,0.08700132692307692,2050.986247098734,13166.064463644172,0.1395259
0.08967319,0.04724386,448504.3,0.08625082692307692,2063.3992898402503,13245.748528398852,0.1397474
0.08976946,0.04726828,444655.3,0.0855106346153846,2073.9337768419623,13313.373426007092,0.1399065
0.08986573,0.04729267,440856.6,0.08478011538461538,2084.3318731641552,13380.12277972452,0.1400645
0.089962,0.04731704,437115.6,0.08406069230769231,2092.8823967295925,13435.011857903228,0.1401636
0.09005828,0.04734139,433426.1,0.08335117307692307,2101.288898580774,13488.9764056631,0.1402623
0.09015456,0.04736571,429798.2,0.0826535,2107.877625208365,13531.271959636168,0.1403056
0.09025085,0.04739001,426223.0,0.08196596153846154,2114.3509504817457,13572.826708218237,0.1403503
0.09034714,0.0474143,422711.7,0.08129071153846154,2119.141120498598,13603.576640024416,0.1403462
0.09044344,0.04743855,419252.6,0.08062549999999999,2123.8488041796227,13633.797060520405,0.1403451
0.09053975,0.04746279,415858.8,0.07997284615384616,2126.9463351317654,13653.681295361928,0.1402993
0.09063606,0.04748701,412516.1,0.07933001923076922,2130.0161322921995,13673.387496396555,0.1402587
0.09073237,0.0475112,409238.6,0.07869973076923076,2131.5902593291303,13683.492419367889,0.1401787
0.09082869,0.04753537,406009.8,0.07807880769230768,2133.174018326661,13693.659173574975,0.1401051
0.09092502,0.04755951,402844.9,0.07747017307692308,2133.362537404416,13694.869349573892,0.1399969
0.09102135,0.04758364,399725.8,0.07687034615384615,2133.594617472093,13696.359160213084,0.139896
0.09111769,0.04760774,396668.3,0.07628236538461539,2132.560175931343,13689.718684671792,0.1397656
0.09121403,0.04763182,393653.3,0.07570255769230769,2131.606511189316,13683.596746268744,0.1396439
0.09131038,0.04765588,390696.7,0.07513398076923077,2129.4907893811055,13670.015119500922,0.1394968
0.09140673,0.04767992,387779.4,0.07457296153846155,2127.4865968355766,13657.149441688935,0.1393592
0.09150309,0.04770393,384916.9,0.07402248076923078,2124.3962106737827,13637.3110719869,0.1391993
0.09159946,0.04772793,382090.8,0.073479,2121.3863329882493,13617.98951695869,0.1390477
0.09169583,0.0477519,379316.8,0.07294553846153846,2117.3797685684303,13592.269848919133,0.1388776
0.09179219,0.04777585,376577.0,0.07241865384615384,2113.4678459094775,13567.157722508036,0.138716
0.09188857,0.04779977,373886.0,0.07190115384615385,2108.620479191336,13536.040623219704,0.1385384
0.09198497,0.04782368,371227.0,0.0713898076923077,2103.8616712980574,13505.492016869157,0.138369
0.09208135,0.04784756,368615.2,0.07088753846153846,2098.225712730095,13469.312645152166,0.138186
0.09217776,0.04787142,366034.1,0.07039117307692307,2092.6280139977084,13433.378877939973,0.1380095
0.09227416,0.04789526,363499.2,0.0699036923076923,2086.1565972818607,13391.836381118024,0.13782
0.09237057,0.04791908,360995.1,0.06942213461538461,2079.7133923009496,13350.47498620319,0.1376367
0.09246699,0.04794287,358535.7,0.06894917307692308,2072.4208324599185,13303.66125787721,0.1374419
0.0925634,0.04796664,356107.2,0.06848215384615385,2065.1629408906347,13257.070078435367,0.1372535
0.09265984,0.0479904,353722.8,0.06802361538461538,2057.0507093596443,13204.99456431034,0.137054
0.09275627,0.04801412,351368.7,0.06757090384615384,2048.97424608425,13153.14866028611,0.1368609
0.0928527,0.04803783,349059.5,0.06712682692307692,2040.0937947192426,13096.14164948663,0.1366589
0.09294915,0.04806151,346780.1,0.06668848076923077,2031.2666167272416,13039.476620825833,0.1364637
0.0930456,0.04808518,344545.0,0.06625865384615384,2021.5882375429921,12977.347406442424,0.1362585
0.09314205,0.04810882,342341.4,0.06583488461538461,2011.9408320290524,12915.417023884705,0.1360595
0.0932385,0.04813244,340183.2,0.06541984615384616,2001.4279320746534,12847.930701782227,0.1358507
0.09333497,0.04815603,338055.6,0.0650106923076923,1990.9541540724524,12780.695518440582,0.1356481
0.09343144,0.04817961,335974.0,0.06461038461538461,1979.5837930940613,12707.704826363457,0.1354352
0.09352791,0.04820317,333923.6,0.06421607692307692,1968.274769262078,12635.107880867892,0.1352294
0.09362439,0.0482267,331920.0,0.06383076923076923,1956.1529141246274,12557.293060615248,0.1350167
0.09372087,0.04825021,329947.1,0.06345136538461538,1944.1387226230443,12480.16937438275,0.1348124
0.09381736,0.0482737,328020.6,0.06308088461538461,1931.3664456809631,12398.179248020455,0.1346035
0.09391385,0.04829717,326124.7,0.06271628846153847,1918.7099542938845,12316.932393380863,0.134403
0.09401036,0.04832062,324274.7,0.06236051923076923,1905.3297451186797,12231.03971770496,0.1341994
0.09410686,0.04834404,322455.2,0.062010615384615386,1892.091152466169,12146.05613260416,0.1340047
0.09420337,0.04836744,320681.4,0.0616695,1878.063747947895,12056.008862708295,0.1338049
0.09429988,0.04839082,318938.3,0.06133428846153846,1864.146826849296,11966.67082810236,0.1336127
0.09439641,0.04841417,317241.7,0.061008019230769234,1849.370579326145,11871.816448802758,0.1334135
0.09449294,0.04843751,315576.6,0.06068780769230769,1834.7016282295522,11777.650846266426,0.1332214
0.09458947,0.04846083,313959.8,0.06037688461538461,1819.0771462734149,11677.351326005602,0.1330198
0.094686,0.04848412,312376.6,0.06007242307692307,1803.4097261547786,11576.776169271736,0.1328193
0.09478254,0.04850739,310839.7,0.05977686538461539,1787.8200478881952,11476.700067193695,0.1326479
0.09487909,0.04853064,309300.0,0.05948076923076923,1772.5837753757137,11378.8926116982,0.1324875
0.09497565,0.04855388,307801.8,0.059192653846153846,1753.6423844792844,11257.300585459,0.1322147
0.0950722,0.04857708,306401.3,0.05892332692307692,1734.8898347016996,11136.92080252353,0.1319574
0.09516876,0.04860027,305076.4,0.058668538461538466,1718.0736951717709,11028.971576928348,0.1318049
0.09526533,0.04862344,303757.3,0.058414865384615385,1701.6150093684312,10923.31698339796,0.1316637
0.0953619,0.04864658,302471.9,0.05816767307692308,1683.1435830552768,10804.741839406399,0.1314723
0.09545848,0.0486697,301218.8,0.057926692307692304,1664.6988130532968,10686.337812462443,0.1312812
0.09555506,0.0486928,300019.9,0.05769613461538462,1645.3031726662712,10561.829785160715,0.1310835
0.09565164,0.04871588,298856.9,0.057472480769230776,1626.1628986481257,10438.961052163995,0.1308944
0.09574823,0.04873894,297748.0,0.05725923076923077,1605.983964329104,10309.42476179262,0.1306961
0.09584484,0.04876197,296675.1,0.057052903846153843,1586.0507925676313,10181.466115191413,0.1305048
0.09594143,0.04878499,295658.6,0.05685742307692307,1565.0751131025904,10046.81521326746,0.1303046
0.09603805,0.04880798,294678.6,0.056668961538461536,1544.390161603054,9914.03060524998,0.1301119
0.09613467,0.04883095,293756.4,0.05649161538461539,1522.683929360724,9774.690005882427,0.1299119
0.09623129,0.0488539,292871.5,0.05632144230769231,1501.3006154959305,9637.422342977101,0.1297192
0.09632791,0.04887683,292045.7,0.056162634615384614,1478.8840594715314,9493.521903816369,0.1295193
0.09642455,0.04889974,291257.8,0.05601111538461538,1456.8287245791253,9351.940281135356,0.1293267
0.09652118,0.04892262,290530.5,0.05587125,1433.7694950554219,9203.91427519772,0.129129
0.09661782,0.04894549,289841.1,0.055738673076923075,1411.1107205023393,9058.458942742385,0.1289383
0.09671446,0.04896834,289213.8,0.05561803846153846,1387.5296084312567,8907.082773306109,0.1287469
0.09681111,0.04899116,288623.9,0.05550459615384616,1364.4228272191374,8758.751514909602,0.1285641
0.09690777,0.04901396,288096.6,0.055403192307692306,1340.4983571796838,8605.171199466948,0.1283861
0.09700442,0.04903674,287605.8,0.05530880769230769,1317.101376477945,8454.977039652622,0.1282171
0.09710109,0.0490595,287177.7,0.05522648076923077,1293.0001602836842,8300.262123102239,0.1280595
0.09719776,0.04908224,286785.0,0.05515096153846154,1269.4902400246785,8149.3429611122165,0.127912
0.09729443,0.04910496,286454.0,0.05508730769230769,1245.395452235242,7994.669310948887,0.1277831
0.09739111,0.04912765,286156.9,0.05503017307692308,1221.9192298081516,7843.966468218884,0.1276639
0.09748779,0.04915033,285920.5,0.05498471153846154,1197.9733942548687,7690.248999378553,0.1275716
0.09758448,0.04917298,285716.5,0.05494548076923077,1174.7239692940043,7541.002056250386,0.1274915
0.09768118,0.04919561,285570.9,0.054917480769230774,1151.1238368205813,7389.503787583219,0.1274476
0.09777788,0.04921823,285455.2,0.05489523076923077,1128.1983529394652,7242.336346033583,0.1274132
0.09787458,0.04924082,285396.7,0.05488398076923077,1105.0448831912552,7093.705376082816,0.1274256
0.09797129,0.04926339,285365.8,0.05487803846153846,1082.622170463019,6949.765414687493,0.1274495
0.098068,0.04928593,285389.8,0.054882653846153845,1060.1166695953125,6805.29400458907,0.1275333
0.09816472,0.04930846,285438.8,0.05489207692307692,1038.3766089425546,6665.736247728127,0.1276301
0.09826144,0.04933097,285539.8,0.054911499999999995,1016.6712727615516,6526.401400520642,0.1278006
0.09835817,0.04935345,285663.2,0.05493523076923077,995.7476681250821,6392.084786820648,0.1279848
0.09845491,0.04937592,285835.5,0.054968365384615386,974.9551066822248,6258.609389455995,0.1282574
0.09855164,0.04939836,286027.2,0.05500523076923077,954.9387348287339,6130.116649670867,0.1285438
0.09864838,0.04942078,286264.5,0.055050865384615386,935.1288027911975,6002.949125951212,0.1289344
0.09874513,0.04944318,286518.2,0.05509965384615385,916.0980305136316,5880.783326471182,0.1293398
0.09884188,0.04946556,286814.5,0.055156634615384614,897.3543152596422,5760.460255718609,0.1298681
0.09893864,0.04948792,287124.4,0.055216230769230774,879.3833442547755,5645.097725589968,0.1304123
0.0990354,0.04951026,287472.9,0.055283250000000006,861.7506368084094,5531.90663850402,0.1310995
0.09913217,0.04953258,287832.4,0.05535238461538462,844.8760623110711,5423.582296523278,0.1318035
0.09922894,0.04955488,288226.8,0.055428230769230764,828.3784069566237,5317.677542552891,0.132673
0.09932572,0.04957715,288629.7,0.05550571153846154,812.6180145621265,5216.50556125277,0.1335606
0.0994225,0.04959941,289063.8,0.055589192307692305,797.235854838635,5117.7616000019125,0.1346376
0.09951928,0.04962164,289504.3,0.055673903846153845,782.5574430654992,5023.535265767641,0.1357333
0.09961606,0.04964385,289972.6,0.05576396153846153,768.2529622085206,4931.709336974429,0.1370471
0.09971287,0.04966604,290445.5,0.055854903846153846,754.6118845464453,4844.142046795611,0.1383798
0.09980966,0.04968821,290943.3,0.05595063461538461,741.3262748805307,4758.856641519159,0.1399635
0.09990647,0.04971036,291444.1,0.056046942307692305,728.6761375222138,4677.650575818254,0.141568
0.1000033,0.0497325,291967.2,0.056147538461538464,716.3757455925632,4598.689659672202,0.1434645
0.1001001,0.0497546,292492.0,0.05624846153846154,704.6821811633091,4523.62420113823,0.1453846
0.1001969,0.0497767,293035.9,0.056353057692307695,693.3215212666893,4450.69578401207,0.1476446
0.1002937,0.04979876,293580.9,0.05645786538461539,682.5293499685611,4381.416712436216,0.1499308
0.1003906,0.04982081,294141.8,0.056565730769230764,672.0688297826019,4314.266636083237,0.1526163
0.1004874,0.04984284,294703.3,0.056673711538461534,662.1355543180413,4250.501145072977,0.1553315
0.1005842,0.04986485,295277.9,0.05678421153846154,652.5182427433454,4188.763947011063,0.1585144
0.1006811,0.04988683,295852.5,0.05689471153846154,643.3909280637644,4130.1722262614385,0.1617326
0.1007779,0.0499088,296437.4,0.057007192307692314,634.5910360926039,4073.6823569952276,0.1655033
0.1008748,0.04993075,297021.9,0.05711959615384616,626.2397323410157,4020.072146929499,0.1693166
0.1009716,0.04995267,297612.9,0.057233250000000006,618.2401858428841,3968.7200010907322,0.1737777
0.1010685,0.04997457,298203.6,0.05734684615384615,610.6199732895029,3919.8029447982244,0.1782876
0.1011654,0.04999646,298797.6,0.05746107692307692,603.3588339363309,3873.190916590527,0.1835446
0.1012622,0.05001832,299392.3,0.05757544230769231,596.3998364313971,3828.5184523641565,0.1888576
0.1013591,0.05004016,299987.2,0.057689846153846154,589.7735370474115,3785.9817045101076,0.1950151
0.101456,0.05006198,300585.7,0.05780494230769231,583.3451256638795,3744.715275349926,0.2012334
0.1015528,0.05008377,301181.2,0.05791946153846154,577.2165721558538,3705.37374847733,0.2083762
0.1016497,0.05010554,301785.7,0.05803571153846154,571.1793338426057,3666.6184087342936,0.2155839
0.1017466,0.0501273,302386.5,0.05815125,565.3957334073752,3629.4912674529123,0.223771
0.1018435,0.05014905,303003.7,0.05826994230769231,559.5891335295216,3592.2164839605543,0.2320222
0.1019405,0.05017078,303618.0,0.058388076923076924,554.0055788542429,3556.3735128558033,0.2412288
0.1020373,0.05019247,304258.4,0.058511230769230774,548.3190399513394,3519.869446640559,0.2504973
0.1021342,0.05021414,304897.2,0.05863407692307693,542.7930666564135,3484.3961124198704,0.2606192
0.1022311,0.0502358,305574.4,0.0587643076923077,537.1136746064351,3447.937924584579,0.2707961
0.1023281,0.05025744,306252.2,0.05889465384615385,531.4136755050765,3411.3474522119045,0.2816048
0.102425,0.05027906,306980.4,0.05903469230769231,525.559828757754,3373.7693730099763,0.2924574
0.102522,0.05030066,307710.7,0.059175134615384616,519.4928643779754,3334.823210286657,0.3035468
0.1026189,0.05032224,308500.6,0.05932703846153846,513.3876538145047,3295.6315306952006,0.3146829
0.1027159,0.05034379,309287.8,0.059478423076923075,506.8880281442021,3253.9079498151186,0.3255341
0.1028128,0.05036533,310137.1,0.05964174999999999,500.5110429413826,3212.9716449604202,0.3364373
0.1029098,0.05038684,310967.2,0.05980138461538462,493.6761765243199,3169.096025621315,0.3464915
0.1030067,0.05040834,311850.2,0.05997119230769231,487.03864445087737,3126.4871708412943,0.3565734
0.1031037,0.05042981,312696.3,0.060133903846153844,480.0193343470925,3081.427536995641,0.3653264
0.1032006,0.05045127,313570.1,0.060301942307692306,473.25431191215824,3038.0002728673035,0.3740818
0.1032976,0.0504727,314393.5,0.06046028846153846,466.2053084935203,2992.7500262868994,0.3811958
0.1033946,0.05049411,315212.3,0.06061775,459.47464884744903,2949.543350031329,0.3883086
0.1034915,0.05051551,315963.4,0.06076219230769231,452.4229279879644,2904.275659159714,0.3936554
0.1035885,0.05053688,316695.8,0.06090303846153846,445.7236535745837,2861.270456706025,0.3990105
0.1036855,0.05055823,317336.8,0.06102630769230769,438.76778533050475,2816.618080400866,0.4027755
0.1037825,0.05057957,317953.9,0.06114498076923077,432.0289338762538,2773.3588177982538,0.4064987
0.1038795,0.05060088,318465.1,0.06124328846153846,425.1282577792575,2729.060740975797,0.4090357
0.1039765,0.05062217,318946.9,0.061335942307692314,418.32321511922083,2685.3765717295964,0.411488
0.1040735,0.05064345,319322.8,0.061408230769230764,411.42635737865675,2641.103006396187,0.413247
0.1041705,0.0506647,319665.4,0.06147411538461539,404.59766122186534,2597.266996315605,0.4149214
0.1042675,0.05068593,319906.8,0.06152053846153846,397.72819657596295,2553.1692777245544,0.4163491
0.1043645,0.05070715,320113.2,0.06156023076923077,390.9028112606038,2509.354521200298,0.4176902
0.1044615,0.05072834,320226.5,0.06158201923076923,384.04746592964057,2465.3474398872563,0.4190268
0.1045585,0.05074951,320305.0,0.06159711538461538,377.2119774689278,2421.46782741226,0.420268
0.1046556,0.05077066,320301.4,0.06159642307692308,370.2996990202533,2377.095270660773,0.4214283
0.1047526,0.05079179,320265.9,0.06158959615384616,363.39174634266624,2332.7504826869044,0.4224813
0.1048496,0.0508129,320159.8,0.061569192307692304,356.3943665174371,2287.831627679519,0.4229957
0.1049467,0.050834,320026.4,0.06154353846153847,349.38919735573205,2242.8627699447547,0.4233874
0.1050438,0.05085507,319832.0,0.06150615384615385,342.28840302153077,2197.2800576864834,0.4224841
0.1051408,0.05087612,319616.9,0.06146478846153847,335.13753009309494,2151.3758717952837,0.4214265
0.1052379,0.05089715,319346.8,0.06141284615384615,327.8557816174866,2104.631545755302,0.4183698
0.1053349,0.05091816,319061.2,0.06135792307692308,320.3793781077621,2056.6376546677866,0.4150728
0.105432,0.05093915,318731.8,0.061294576923076924,312.8242326029877,2008.1382886243618,0.4096052
0.105529,0.05096012,318393.1,0.061229442307692304,305.1395047069077,1958.8070836938184,0.4039689
0.1056261,0.05098107,318014.1,0.06115655769230769,297.41556356437576,1909.2241539497395,0.3963728
0.1057232,0.051002,317618.3,0.06108044230769231,289.44810627022156,1858.078000973553,0.3885772
0.1058203,0.05102292,317182.1,0.06099655769230769,281.5605582094521,1807.4448159021842,0.379302
0.1059174,0.05104381,316710.7,0.060905903846153846,273.19277437981765,1753.7288139179434,0.3697136
0.1060145,0.05106468,316224.9,0.06081248076923077,264.9603476106812,1700.881720629042,0.3589812
0.1061115,0.05108553,315705.8,0.06071265384615385,256.47816740072454,1646.431364565216,0.3481431
0.1062086,0.05110637,315159.2,0.06060753846153846,248.17071453410966,1593.102650086873,0.3362309
0.1063057,0.05112718,314583.6,0.06049684615384615,239.17351308812198,1535.346175903863,0.323974
0.1064028,0.05114797,313990.1,0.06038271153846153,230.770197188878,1481.4020799869263,0.3107743
0.1065,0.05116875,313373.4,0.06026411538461539,221.37439524202986,1421.086836871656,0.2971083
0.1065971,0.0511895,312768.0,0.060147692307692305,213.19914607930522,1368.6067884875947,0.282923
0.1066942,0.05121024,312148.8,0.06002861538461538,203.9543909812301,1309.2611728141412,0.2683291
0.1067913,0.05123095,311563.1,0.05991598076923076,196.61606405232746,1262.153648062135,0.2540599
0.1068884,0.05125164,310976.3,0.05980313461538461,188.33056399847675,1208.965857077755,0.2395598
0.1069856,0.05127232,310430.5,0.05969817307692308,182.36103764358953,1170.6451862702122,0.2262286
0.1070827,0.05129298,309889.4,0.05959411538461539,175.78001496214682,1128.399086871376,0.2129164
0.1071798,0.05131361,309372.6,0.059494730769230765,171.31970404105223,1099.766646649947,0.2012402
0.107277,0.05133423,308854.0,0.059395,166.31739804644673,1067.6549329390364,0.1895991
0.1073741,0.05135482,308345.1,0.05929713461538461,162.71631277092928,1044.5381904725227,0.1797327
0.1074713,0.0513754,307817.8,0.059195730769230764,158.67167183417564,1018.5740947205784,0.169903
0.1075684,0.05139596,307287.1,0.05909367307692307,155.11861658189548,995.765675326941,0.1617942
0.1076656,0.0514165,306699.5,0.058980673076923076,151.37190361863216,971.7140930840684,0.1537882
0.1077628,0.05143701,306089.6,0.05886338461538461,147.12780093974402,944.4695761890332,0.14697
0.1078599,0.05145751,305454.2,0.05874119230769231,142.55138398038005,915.0918069403447,0.1401412
0.1079571,0.05147799,304763.9,0.05860844230769231,137.24602686398003,881.0346922736887,0.1340718
0.1080543,0.05149845,304039.0,0.05846903846153846,131.32590853979443,843.0311904955138,0.1278111
0.1081515,0.05151889,303259.1,0.05831905769230769,124.5176672407781,799.3264879634064,0.1218823
0.1082486,0.05153931,302443.4,0.05816219230769231,116.75831559580908,749.516244672766,0.1155447
0.1083458,0.05155971,301592.6,0.05799857692307692,108.19446787552987,694.5416336525682,0.1092782
0.108443,0.05158009,300710.7,0.05782898076923077,98.19651312038516,630.3609415601477,0.1022556
0.1085402,0.05160045,299841.5,0.05766182692307692,87.83279854626635,563.8322974219072,0.09524367
0.1086374,0.0516208,298964.7,0.05749321153846154,75.98523566637438,487.7782639858525,0.0872281
0.1087346,0.05164112,298155.9,0.057337673076923085,64.51940392212768,414.1747085804503,0.07931546
0.1088319,0.05166142,297371.4,0.057186807692307697,51.88370628752488,333.06133698391807,0.07017722
0.1089291,0.0516817,296699.4,0.057057576923076926,40.411276598262646,259.4154268481879,0.06122157
0.1090263,0.05170197,296080.0,0.056938461538461535,28.30460606980434,181.69808240316212,0.05064416
0.1091235,0.05172221,295594.7,0.05684513461538462,17.94869313968538,115.21951999899953,0.03992793
0.1092207,0.05174244,295179.8,0.05676534615384615,7.569207761439863,48.58963704257134,0.02567094
0.109318,0.05176264,294893.3,0.05671025,-0.785453752976009,-5.042127785850311,0.008199073
0.1094152,0.05178283,294680.1,0.05666925,-8.643636238879434,-55.486804010684835,0.02696803
0.1095124,0.05180299,294566.4,0.05664738461538462,-14.582992985218578,-93.61380457224278,0.03477508
0.1096096,0.05182313,294511.2,0.056636769230769234,-19.735321754114366,-126.68857179953602,0.04016254
0.1097068,0.05184325,294513.3,0.05663717307692308,-23.42597473056535,-150.38028356485373,0.04348651
0.1098041,0.05186336,294547.9,0.05664382692307693,-26.35066070995133,-169.15496047698926,0.04583661
0.1099014,0.05188346,294598.4,0.056653538461538464,-28.437832073840628,-182.55331103273326,0.04736216
0.1099987,0.05190354,294654.3,0.05666428846153846,-29.97433609282485,-192.41671747498071,0.04836378
0.1100959,0.05192358,294694.9,0.056672096153846156,-31.262655855977293,-200.68693434037704,0.0491565
0.1101931,0.05194361,294720.2,0.056676961538461544,-32.319218951785864,-207.46941659690162,0.0497404
0.1102904,0.05196362,294714.8,0.056675923076923075,-33.53932613753479,-215.30175086186784,0.05044642
0.1103877,0.05198362,294683.6,0.05666992307692307,-34.86007587610411,-223.78014813193383,0.05120069
0.110485,0.05200361,294622.5,0.05665817307692308,-36.49757252883893,-234.29186488254857,0.05216479
0.1105823,0.05202356,294537.6,0.05664184615384615,-38.460544636247604,-246.8929329506729,0.05331774
0.1106796,0.0520435,294435.4,0.05662219230769231,-40.62861664382875,-260.81061565284347,0.05456214
0.1107769,0.05206341,294320.6,0.05660011538461538,-43.17039208117753,-277.12724347401013,0.05599744
0.1108742,0.05208331,294205.3,0.05657794230769231,-45.663236733143556,-293.1297658858805,0.05732774
0.1109715,0.05210319,294091.2,0.056556,-48.39651055553864,-310.67569501795055,0.05874729
0.1110688,0.05212305,293988.0,0.05653615384615385,-50.85812239601426,-326.47772207786755,0.05992285
0.1111661,0.05214289,293895.1,0.05651828846153846,-53.38606364314615,-342.70554294557195,0.06108764
0.1112634,0.05216271,293816.5,0.056503173076923076,-55.5513145506638,-356.6051159284077,0.06197245
0.1113607,0.05218251,293750.7,0.05649051923076923,-57.68130714445425,-370.2783523221668,0.06280251
0.111458,0.05220229,293697.3,0.056480249999999996,-59.47400333094144,-381.78635418634667,0.06339039
0.1115553,0.05222206,293654.5,0.05647201923076923,-61.23417565413042,-393.0855729436691,0.06393688
0.1116527,0.0522418,293621.7,0.05646571153846154,-62.716284365293234,-402.59979511892817,0.06430166
0.11175,0.05226153,293595.8,0.05646073076923077,-64.21955391163684,-412.24985678140416,0.06466006
0.1118473,0.05228123,293579.8,0.056457653846153845,-65.46620641579084,-420.25259558897693,0.06488392
0.1119447,0.05230092,293569.4,0.05645565384615385,-66.77303852248019,-428.6416502616598,0.06512523
0.112042,0.05232059,293571.3,0.056456019230769226,-67.78144980925238,-435.1150276557257,0.06525205
0.1121394,0.05234024,293580.6,0.05645780769230769,-68.79361813548556,-441.6125229217694,0.06537335
0.1122367,0.05235987,293601.9,0.05646190384615385,-69.42758732005791,-445.682213376228,0.06538336
0.1123341,0.05237948,293628.5,0.05646701923076923,-69.941017628045,-448.97811872035646,0.06533451
0.1124314,0.05239907,293662.1,0.05647348076923076,-70.09597308025994,-449.9728369812619,0.06522036
0.1125288,0.05241865,293699.9,0.05648075,-69.93185758096888,-448.9193168778454,0.06495883
0.1126261,0.0524382,293731.5,0.056486826923076924,-69.51466200917116,-446.24117907950296,0.06471029
0.1127235,0.05245774,293761.8,0.056492653846153845,-68.7702835741456,-441.4627294556907,0.06430935
0.1128209,0.05247726,293770.9,0.056494403846153854,-67.96263770265818,-436.27814198083985,0.06403113
0.1129182,0.05249676,293766.3,0.05649351923076923,-66.7817971809509,-428.69787543733,0.06357202
0.1130156,0.05251624,293724.1,0.056485403846153845,-65.87861674698581,-422.900015099306,0.06341168
0.113113,0.0525357,293655.6,0.05647223076923077,-64.68742745689963,-415.2533158569965,0.06310394
0.1132104,0.05255514,293535.2,0.05644907692307693,-64.15828932894148,-411.8565760140434,0.06328899
0.1133078,0.05257457,293376.3,0.05641851923076923,-63.49153641005526,-407.5764342413735,0.06340046
0.1134052,0.05259397,293158.1,0.05637655769230769,-63.837127123748786,-409.7949130931757,0.06418807
0.1135026,0.05261335,292895.2,0.056326,-64.25819094286216,-412.4978826492109,0.06501762
0.1136,0.05263272,292576.1,0.05626463461538461,-65.8687286499226,-422.83653962571805,0.06661628
0.1136974,0.05265206,292212.0,0.056194615384615385,-67.77037595634779,-435.043940362279,0.06837397
0.1137948,0.05267139,291807.0,0.056116730769230766,-70.79407062316777,-454.4541918732499,0.07084999
0.1138922,0.0526907,291368.5,0.05603240384615384,-74.21715014033057,-476.42824735553216,0.0735386
0.1139896,0.05270999,290913.9,0.055944980769230775,-78.40411932508121,-503.3060025192726,0.07673213
0.114087,0.05272926,290444.2,0.055854653846153846,-82.86714617731576,-531.955877340528,0.08007447
0.1141845,0.05274852,289981.6,0.0557656923076923,-87.61340957489081,-562.4239557795247,0.08365229
0.1142819,0.05276775,289520.8,0.05567707692307692,-92.41794671591707,-593.2661156458845,0.08727925
0.1143793,0.05278697,289081.9,0.05559267307692308,-97.10108594883341,-623.3289759502957,0.09092075
0.1144767,0.05280617,288655.8,0.055510730769230764,-101.68333413874913,-652.7441780961844,0.09454638
0.1145742,0.05282534,288258.2,0.05543426923076923,-105.87144580921185,-679.6292673122889,0.09803163
0.1146716,0.0528445,287878.4,0.055361230769230774,-109.91354260292843,-705.5770312378849,0.1014871
0.1147691,0.05286365,287529.7,0.05529417307692308,-113.36285560728604,-727.7194894990748,0.1046777
0.1148665,0.05288277,287202.0,0.055231153846153846,-116.6630040743772,-748.9044035952965,0.1078384
0.114964,0.05290188,286906.1,0.055174249999999994,-119.18449999633656,-765.0908494577658,0.1106117
0.1150614,0.05292096,286634.6,0.05512203846153846,-121.48006850430886,-779.8269809161937,0.113315
0.1151589,0.05294003,286390.2,0.05507503846153847,-122.85911841136004,-788.6796292459923,0.1155244
0.1152563,0.05295908,286170.7,0.05503282692307693,-123.80911842629455,-794.7780423654287,0.1175565
0.1153538,0.05297811,285960.8,0.05499246153846154,-123.89549464380815,-795.3325243125986,0.1190718
0.1154513,0.05299712,285769.8,0.054955730769230764,-123.30466061253304,-791.5397348903941,0.1202681
0.1155488,0.05301611,285555.2,0.054914461538461544,-122.2409119764683,-784.7111259051542,0.121085
0.1156462,0.05303509,285342.8,0.05487361538461538,-120.22180355147624,-771.7496973630872,0.1214133
0.1157437,0.05305404,285055.4,0.054818346153846155,-118.59556325121412,-761.3102394403854,0.1217538
0.1158412,0.05307298,284739.8,0.054757653846153845,-116.0806740593442,-745.1662047029905,0.1216104
0.1159387,0.0530919,284297.5,0.054672596153846155,-115.16735038506947,-739.3032310293817,0.1221048
0.1160362,0.0531108,283791.9,0.05457536538461539,-113.841716680506,-730.793481715289,0.1223661
0.1161337,0.05312968,283132.8,0.05444861538461538,-115.27412836117216,-739.9886796610604,0.1239164
0.1162312,0.05314854,282384.1,0.05430463461538461,-117.08982796229415,-751.6443492340774,0.1256715
0.1163287,0.05316739,281497.4,0.05413411538461539,-122.37991624675436,-785.6034474338319,0.1290803
0.1164262,0.05318621,280519.6,0.053946076923076916,-129.1238276124353,-828.8951915414575,0.133199
0.1165237,0.05320502,279480.1,0.05374617307692307,-139.056066613938,-892.6540290992843,0.1386558
0.1166212,0.05322381,278395.5,0.05353759615384615,-151.58864782528545,-973.1054569710545,0.1452129
0.1167187,0.05324258,277393.1,0.05334482692307692,-165.37311789173404,-1061.5932377880943,0.1519365
0.1168162,0.05326134,276437.8,0.05316111538461538,-181.10264290853402,-1162.5670695954232,0.1592819
0.1169138,0.05328007,275686.7,0.05301667307692308,-195.7517311266666,-1256.605164724717,0.1657033
0.1170113,0.05329879,275044.6,0.0528931923076923,-210.52631452657695,-1351.4488613813246,0.1719668
0.1171088,0.05331749,274624.9,0.05281248076923077,-223.20515945213796,-1432.839211926395,0.1770017
0.1172064,0.05333617,274321.2,0.052754076923076924,-234.81641537898966,-1507.3763007308917,0.1814945
0.1173039,0.05335483,274180.5,0.05272701923076923,-244.57306398067632,-1570.0079564139278,0.1849667
0.1174014,0.05337347,274120.4,0.052715461538461544,-252.68580273090143,-1622.0867265730462,0.1877566
0.117499,0.0533921,274126.5,0.05271663461538462,-260.0570702492292,-1669.405709556162,0.190001
0.1175965,0.05341071,274159.8,0.05272303846153846,-265.9343282641147,-1707.1340746307267,0.191659
0.1176941,0.05342929,274164.0,0.052723846153846156,-272.5238868868735,-1749.4349694987106,0.1933193
0.1177916,0.05344785,274139.4,0.05271911538461539,-278.03411490407166,-1784.8072287649213,0.1945505
0.1178891,0.0534664,274011.8,0.05269457692307692,-285.82246838009723,-1834.8036458915856,0.1963252
0.1179867,0.05348493,273801.9,0.052654211538461546,-293.84691011409643,-1886.315603762605,0.1981012
0.1180843,0.05350345,273485.2,0.052593307692307696,-305.1789340417698,-1959.060195661433,0.2007369
0.1181819,0.05352196,273086.0,0.05251653846153846,-319.24767423670903,-2049.372815061418,0.2041204
0.1182794,0.05354043,272707.8,0.05244380769230769,-335.4544818059385,-2153.4105059568064,0.2079208
0.118377,0.05355889,272322.1,0.05236963461538461,-354.5953149388391,-2276.2828281247935,0.2124152
0.1184745,0.05357733,272106.3,0.05232813461538461,-373.2314205032924,-2395.9151111593355,0.2165197
0.1185721,0.05359576,271965.7,0.052301096153846156,-393.4360717665315,-2525.6164884228615,0.2208782
0.1186698,0.05361417,272083.8,0.05232380769230769,-411.012226110789,-2638.444539535734,0.2243541
0.1187674,0.05363256,272343.8,0.05237380769230769,-429.4355076706363,-2756.7106239582586,0.2279297
0.118865,0.05365093,272904.9,0.05248171153846154,-443.7162842267628,-2848.3843857861743,0.2303771
0.1189626,0.05366929,273616.8,0.05261861538461538,-457.48132710401677,-2936.7474560520604,0.2326353
0.1190602,0.05368762,274605.7,0.05280878846153846,-466.75392942646994,-2996.2718337000583,0.2338232
0.1191578,0.05370593,275741.8,0.05302726923076923,-475.1198708741694,-3049.976008730629,0.234787
0.1192554,0.05372423,277111.9,0.053290750000000005,-478.74715742786805,-3073.260947214084,0.2347212
0.119353,0.05374251,278609.5,0.05357875,-481.0127596903666,-3087.8047138918123,0.234356
0.1194506,0.05376077,280280.8,0.05390015384615384,-478.33852371381494,-3070.6377712523476,0.2329658
0.1195482,0.05377902,282048.2,0.054240038461538465,-474.11065252590674,-3043.4974505004534,0.2312346
0.1196458,0.05379724,283924.1,0.05460078846153846,-464.7838539864959,-2983.6251666258,0.228438
0.1197435,0.05381545,285860.9,0.05497325,-453.55894718263266,-2911.5682004773835,0.2251834
0.1198411,0.05383364,287824.4,0.05535084615384616,-437.3953576423087,-2807.8079426244476,0.2208336
0.1199387,0.05385181,289802.3,0.055731211538461535,-418.8793544937949,-2688.9466428925653,0.2158273
0.1200364,0.05386997,291702.1,0.05609655769230769,-396.4227748302916,-2544.789276698187,0.2098325
0.120134,0.0538881,293548.7,0.05645167307692308,-371.63532891830715,-2385.669189360727,0.2030379
0.1202316,0.05390622,295211.3,0.056771403846153846,-344.4214842976922,-2210.97312151266,0.1954538
0.1203293,0.05392432,296757.6,0.05706876923076923,-315.48176359714216,-2025.1979955983434,0.1870382
0.1204269,0.0539424,298041.3,0.057315634615384616,-285.59039618617516,-1833.3138857970364,0.1780151
0.1205246,0.05396046,299170.1,0.05753271153846153,-255.02974947160183,-1637.1334163941333,0.1682546
0.1206222,0.05397851,300006.4,0.05769353846153846,-224.49055768834464,-1441.090674393923,0.157946
0.1207199,0.05399654,300684.8,0.057824,-194.38323066024378,-1247.8202372855703,0.1470344
0.1208176,0.05401455,301094.8,0.05790284615384615,-164.51236425741237,-1056.0677312895373,0.1353596
0.1209152,0.05403254,301371.9,0.05795613461538462,-135.7907375219911,-871.6926338776441,0.1230483
0.1210129,0.05405051,301443.1,0.057969826923076916,-106.77342579997396,-685.4194215466675,0.1092022
0.1211106,0.05406847,301422.5,0.057965865384615387,-78.95707649499617,-506.8556458945186,0.09397675
0.1212082,0.05408641,301263.5,0.05793528846153846,-49.90251101952925,-320.34328748436843,0.07478698
0.1213059,0.05410433,301054.1,0.05789501923076923,-21.608773347818737,-138.71497348171232,0.04926076
0.1214036,0.05412223,300749.9,0.05783651923076923,8.701790819082738,55.86012048362363,0.03129973
0.1215013,0.05414012,300435.2,0.057776,38.71116542015725,248.50176353232652,0.06609996
0.121599,0.05415799,300040.4,0.05770007692307693,71.0298698751832,455.9678773779215,0.08967993
0.1216966,0.05417584,299650.3,0.05762505769230769,103.27743528368616,662.9773224995167,0.1083109
0.1217943,0.05419367,299183.3,0.057535249999999996,137.2727594147064,881.2062987321127,0.1251103
0.121892,0.05421149,298726.9,0.05744748076923077,171.1208269485943,1098.4899785965424,0.1399555
0.1219897,0.05422928,298197.1,0.05734559615384615,205.59129906849859,1319.769111338119,0.1537505
0.1220874,0.05424706,297670.5,0.057244326923076926,239.601721916074,1538.0950120019563,0.1663562
0.1221851,0.05426483,297085.7,0.057131865384615385,272.9857391529372,1752.399775682212,0.1780279
0.1222829,0.05428257,296500.9,0.05701940384615385,305.8934063267964,1963.6466662803628,0.1889432
0.1223806,0.0543003,295869.3,0.0568979423076923,337.39878393428035,2165.8917242949406,0.1990194
0.1224783,0.054318,295234.2,0.056775807692307695,368.49348428075564,2365.500488038974,0.2086026
0.122576,0.05433569,294553.6,0.05664492307692307,397.97188982327606,2554.733637801575,0.2175052
0.1226737,0.05435337,293856.5,0.05651086538461538,427.3570194392738,2743.36801374829,0.2261398
0.1227715,0.05437102,293094.6,0.05636434615384615,455.2709234242127,2922.558030169686,0.2342722
0.1228692,0.05438866,292298.8,0.05621130769230769,483.55606989619133,3104.1311939783077,0.2423302
0.1229669,0.05440628,291390.4,0.056036615384615386,510.4385831754256,3276.7003193343835,0.2499945
0.1230646,0.05442388,290434.8,0.05585284615384615,537.8641361939981,3452.7554242890847,0.2576687
0.1231624,0.05444147,289305.2,0.05563561538461539,563.5661759185134,3617.746638802978,0.2649453
0.1232601,0.05445903,288123.1,0.05540828846153846,589.2080413586386,3782.351571590967,0.2721266
0.1233579,0.05447658,286732.8,0.055140923076923073,612.4337982254219,3931.446580178938,0.2788303
0.1234556,0.05449411,285295.7,0.05486455769230769,634.4798933692311,4072.9688893829216,0.2852309
0.1235534,0.05451163,283672.7,0.05455244230769231,653.3451381182947,4194.072104404449,0.2910756
0.1236511,0.05452912,282023.3,0.05423525,670.2261370423882,4302.437687235501,0.2964904
0.1237489,0.0545466,280253.3,0.05389486538461538,683.4353445282734,4387.232637722774,0.3013289
0.1238466,0.05456407,278478.9,0.05355363461538462,694.3163086943547,4457.0817046484435,0.3057007
0.1239444,0.05458151,276672.8,0.05320630769230769,702.0913470789054,4506.992647114834,0.3096818
0.1240422,0.05459894,274853.7,0.052856480769230774,707.9721794488905,4544.743957340651,0.3133005
0.1241399,0.05461635,273081.4,0.05251565384615385,713.5298477262129,4580.420753764949,0.317111
0.1242377,0.05463375,271181.7,0.052150326923076924,716.688586189441,4600.69790300936,0.32041
0.1243355,0.05465112,269431.7,0.05181378846153847,728.1980162055219,4674.581332381876,0.3258257
0.1244333,0.05466847,267338.3,0.05141121153846154,741.7111982221611,4761.327611539868,0.3316682
0.1245311,0.05468579,265357.9,0.05103036538461539,789.9572934859457,5071.037733321843,0.344169
0.1246288,0.05470309,262689.0,0.05051711538461538,847.3370503858044,5439.380319392536,0.3581566
0.1247266,0.05472038,260340.6,0.0500655,1060.5023901487325,6807.770092216896,0.4013383
0.1248244,0.05473767,258478.5,0.049707403846153846,1272.9439957363704,8171.513938809478,0.4407378
0.1249222,0.05475496,259177.7,0.04984186538461539,2631.100065675433,16890.036744021883,0.6141123
0.12502,0.05477226,181377.8,0.03488034615384615,4798.484163263047,30803.303489072885,0.7222432
