x_m,r_m,pressure_pa,pressure_over_pc,tau_wall_pa,su2_cf_t,yplus
-0.02268,0.02,5179941.0,0.9961425,2128.6830898098146,13664.830187306512,0.4063499
-0.02258069,0.01999946,5179278.0,0.996015,1371.208855929431,8802.313626346599,0.3258253
-0.0224814,0.01999803,5178030.0,0.995775,835.3033898105006,5362.131653736106,0.2540212
-0.02238212,0.01999557,5177273.0,0.995629423076923,682.914376189686,4383.8883428797135,0.2294692
-0.02228287,0.01999211,5177429.0,0.9956594230769231,572.9588639738869,3678.0418926589605,0.2099748
-0.02218367,0.01998767,5176905.0,0.9955586538461538,533.2283806930919,3422.9967382671957,0.2023792
-0.02208451,0.01998225,5177048.0,0.9955861538461539,501.488553720528,3219.246660188017,0.1960681
-0.02198541,0.01997585,5176785.0,0.9955355769230769,493.1503653273396,3165.7206426196294,0.1942415
-0.02188638,0.01996846,5176914.0,0.9955603846153847,488.4539373619973,3135.572476863752,0.193108
-0.02178742,0.01996008,5176710.0,0.9955211538461538,493.5043911703712,3167.9932697899694,0.1938382
-0.02168856,0.01995073,5176815.0,0.9955413461538462,499.7681925681306,3208.203004549051,0.1947766
-0.02158979,0.0199404,5176706.0,0.9955203846153846,509.9294531155218,3273.4320189259556,0.196416
-0.02149113,0.01992908,5176826.0,0.9955434615384615,520.7229350421167,3342.719503926768,0.1981289
-0.02139259,0.01991678,5176776.0,0.9955338461538461,532.9392990774187,3421.141012909411,0.2000241
-0.02129417,0.01990351,5176889.0,0.995555576923077,545.1037130926663,3499.2290348616607,0.2018514
-0.02119589,0.01988926,5176912.0,0.99556,556.6938360137842,3573.630462826795,0.2035106
-0.02109776,0.01987403,5177060.0,0.9955884615384616,568.8618045147676,3651.741302381258,0.2052225
-0.02099978,0.01985783,5177122.0,0.9956003846153846,579.1100102235206,3717.528450973304,0.2065126
-0.02090197,0.01984066,5177292.0,0.9956330769230769,589.331153054121,3783.14187260895,0.2077473
-0.02080434,0.01982252,5177415.0,0.9956567307692308,598.8601515583908,3844.3121553247197,0.2088183
-0.02070689,0.01980341,5177611.0,0.9956944230769231,608.0254252769464,3903.147549650812,0.2097785
-0.02060963,0.01978333,5177784.0,0.9957276923076923,616.4946228566465,3957.5145652499673,0.2105603
-0.02051258,0.01976229,5178019.0,0.9957728846153846,624.8479701785358,4011.1378937743684,0.2112796
-0.02041574,0.01974028,5178221.0,0.9958117307692308,631.9980927867555,4057.0372630733805,0.211765
-0.02031912,0.01971732,5178466.0,0.9958588461538461,638.3195296678987,4097.616982024554,0.2120666
-0.02022274,0.01969339,5178711.0,0.9959059615384616,645.466651545525,4143.497088487218,0.212459
-0.0201266,0.01966851,5178964.0,0.9959546153846154,652.7234447308379,4190.081216982627,0.2128338
-0.02003071,0.01964268,5179213.0,0.9960025,657.62872271907,4221.570070843308,0.2127863
-0.01993509,0.0196159,5179502.0,0.9960580769230769,663.9489156438101,4262.141804362977,0.2129384
-0.01983973,0.01958816,5179724.0,0.9961007692307692,669.9336721267068,4300.560243182103,0.2129888
-0.01974466,0.01955948,5179975.0,0.9961490384615385,676.0080277723749,4339.553853265592,0.2130147
-0.01964987,0.01952986,5180195.0,0.9961913461538462,682.243661981545,4379.582772077589,0.2130357
-0.01955538,0.0194993,5180431.0,0.9962367307692308,688.9108447143973,4422.38196577077,0.2130896
-0.0194612,0.01946781,5180602.0,0.9962696153846153,694.548176048996,4458.570149801374,0.2129329
-0.01936734,0.01943538,5180793.0,0.9963063461538462,700.1919418060928,4494.799638848781,0.2127342
-0.01927381,0.01940202,5180926.0,0.9963319230769231,707.7037252592685,4543.020647313049,0.2127901
-0.01918061,0.01936772,5181077.0,0.9963609615384615,715.4619389803806,4592.823585835617,0.2128437
-0.01908775,0.01933251,5181127.0,0.996370576923077,723.1352028695494,4642.081198925056,0.2128325
-0.01899525,0.01929638,5181199.0,0.9963844230769231,731.0518616821802,4692.901257036716,0.2128136
-0.01890312,0.01925933,5181170.0,0.9963788461538462,738.9591323834418,4743.661049274018,0.2127517
-0.01881135,0.01922136,5181180.0,0.9963807692307692,747.665945512118,4799.553409882098,0.2127638
-0.01871997,0.01918249,5181024.0,0.9963507692307693,756.6782263489177,4857.406684437019,0.2127652
-0.01862898,0.01914271,5180901.0,0.9963271153846154,765.8698360245393,4916.411139335279,0.2127446
-0.01853839,0.01910203,5180609.0,0.9962709615384615,774.1870402497241,4969.80245151057,0.212555
-0.0184482,0.01906045,5180320.0,0.9962153846153846,782.6801552861841,5024.323002404247,0.2123469
-0.01835843,0.01901799,5179850.0,0.996125,788.7871105831256,5063.525882106567,0.2117851
-0.01826909,0.01897463,5179306.0,0.9960203846153847,793.9035364860732,5096.370175117774,0.2110439
-0.01818019,0.01893038,5178668.0,0.9958976923076923,796.6264668054604,5113.849705351473,0.2099244
-0.01809173,0.01888525,5177800.0,0.9957307692307692,798.12817756168,5123.489760544482,0.2086127
-0.01800372,0.01883925,5176909.0,0.995559423076923,796.0091101422701,5109.88665701991,0.206771
-0.01791617,0.01879238,5175794.0,0.995345,794.7866764434812,5102.039387978709,0.2050232
-0.01782909,0.01874464,5174459.0,0.9950882692307692,813.9609958658169,5225.126671434698,0.2060075
-0.01774245,0.01869611,5173605.0,0.9949240384615384,816.0999291637362,5238.857301624772,0.2045462
-0.01765635,0.01864663,5172052.0,0.9946253846153846,983.678958501918,6314.61112793271,0.223886
-0.01757033,0.01859701,5169303.0,0.9940967307692308,1104.4064125011425,7089.606788744134,0.236642
-0.01748433,0.01854735,5167942.0,0.993835,1119.1249039258992,7184.090409577799,0.237669
-0.01739833,0.01849767,5165574.0,0.9933796153846154,1128.1271117257334,7241.879021459228,0.2380829
-0.01731234,0.018448,5164052.0,0.993086923076923,1116.3851985914168,7166.503194111967,0.236278
-0.01722634,0.01839834,5161959.0,0.9926844230769231,1103.9400730844877,7086.6131778263125,0.2343818
-0.01714034,0.01834869,5160218.0,0.9923496153846154,1090.4829586695437,7000.226818028718,0.232327
-0.01705434,0.01829904,5158276.0,0.9919761538461539,1078.7545002114919,6924.937361389837,0.2304535
-0.01696833,0.01824939,5156327.0,0.9916013461538462,1072.458200765535,6884.519009240893,0.2291551
-0.01688233,0.01819973,5154344.0,0.99122,1067.023607510924,6849.632278418047,0.2279504
-0.01679633,0.01815008,5152247.0,0.9908167307692308,1064.8470529628962,6835.660143047316,0.2271115
-0.01671032,0.01810043,5150150.0,0.9904134615384615,1063.1385384406283,6824.6925354541045,0.2263238
-0.01662432,0.01805078,5147893.0,0.9899794230769231,1063.7291192383711,6828.483699273498,0.2258018
-0.01653832,0.01800113,5145640.0,0.9895461538461539,1064.6183367056276,6834.19192599255,0.2253116
-0.01645231,0.01795147,5143205.0,0.9890778846153846,1067.1257363247455,6850.287882300458,0.2250074
-0.01636631,0.01790182,5140766.0,0.9886088461538461,1069.8431792660554,6867.732186957386,0.2247241
-0.0162803,0.01785217,5138134.0,0.9881026923076923,1073.6424464814443,6892.121135027213,0.2245617
-0.0161943,0.01780252,5135489.0,0.9875940384615385,1077.5922784830852,6917.476615995325,0.2244121
-0.0161083,0.01775287,5132643.0,0.9870467307692308,1082.4046019820898,6948.368759468949,0.2243538
-0.01602229,0.01770322,5129777.0,0.9864955769230769,1087.350587592476,6980.118931111843,0.2243053
-0.01593629,0.01765357,5126701.0,0.9859040384615385,1093.0852509992942,7016.931926907536,0.2243359
-0.01585028,0.01760391,5123600.0,0.9853076923076923,1098.9424544075307,7054.5315537985525,0.2243747
-0.01576428,0.01755426,5120281.0,0.9846694230769231,1105.3882606305308,7095.9096470803715,0.2244687
-0.01567828,0.01750461,5116932.0,0.9840253846153846,1111.9134167760103,7137.797117836576,0.2245656
-0.01559227,0.01745496,5113363.0,0.9833390384615385,1118.8751118892542,7182.486899041526,0.2246999
-0.01550627,0.01740531,5109759.0,0.9826459615384615,1125.8966019330185,7227.560526754929,0.2248345
-0.01542027,0.01735565,5105934.0,0.9819103846153846,1133.2111103767008,7274.515151548547,0.2249903
-0.01533426,0.017306,5102071.0,0.9811675,1140.5650602330893,7321.722965842076,0.2251434
-0.01524826,0.01725635,5097987.0,0.9803821153846154,1148.2403278195893,7370.993441430355,0.2253192
-0.01516226,0.0172067,5093865.0,0.9795894230769231,1155.96974522219,7420.611525380461,0.2254934
-0.01507625,0.01715704,5089521.0,0.9787540384615384,1164.1344831212693,7473.024097946512,0.2257002
-0.01499025,0.01710739,5085141.0,0.9779117307692308,1172.3725937288891,7525.907677966603,0.2259069
-0.01490425,0.01705774,5080538.0,0.9770265384615384,1181.2193030468627,7582.698085672323,0.2261622
-0.01481824,0.01700808,5075900.0,0.9761346153846154,1190.1121526472139,7639.784685482215,0.2264147
-0.01473224,0.01695843,5071042.0,0.9752003846153846,1199.3709020769381,7699.220136118179,0.2266915
-0.01464624,0.01690878,5066148.0,0.9742592307692308,1208.6582298202463,7758.839041869671,0.2269631
-0.01456024,0.01685912,5061040.0,0.973276923076923,1218.090974495174,7819.391434473411,0.2272369
-0.01447423,0.01680947,5055896.0,0.9722876923076923,1227.5660258288794,7880.215409686492,0.227506
-0.01438823,0.01675982,5050542.0,0.971258076923077,1237.3937360260145,7943.303236905484,0.2277961
-0.01430223,0.01671017,5045154.0,0.9702219230769231,1247.2691242546096,8006.697127627627,0.2280817
-0.01421622,0.01666052,5039559.0,0.9691459615384616,1257.6028234115577,8073.033091333255,0.2283971
-0.01413022,0.01661086,5033931.0,0.9680636538461539,1267.9991052979008,8139.770797493613,0.2287094
-0.01404421,0.01656121,5028101.0,0.9669425,1278.7566278402492,8208.827445465786,0.229042
-0.01395821,0.01651156,5022240.0,0.9658153846153846,1289.5416461509824,8278.06059928218,0.2293676
-0.01387221,0.01646191,5016186.0,0.9646511538461539,1300.6354107303114,8349.275713377923,0.2297083
-0.0137862,0.01641226,5010102.0,0.9634811538461538,1311.751242715325,8420.632486583376,0.2300412
-0.0137002,0.0163626,5003835.0,0.9622759615384615,1323.1919972629219,8494.075061880732,0.2303899
-0.0136142,0.01631295,4997539.0,0.9610651923076923,1334.66625840415,8567.732728806484,0.2307318
-0.01352819,0.0162633,4991073.0,0.9598217307692307,1346.4944161777166,8643.662193449762,0.2310917
-0.01344219,0.01621365,4984580.0,0.9585730769230769,1358.3332906908695,8719.660452939632,0.2314425
-0.01335619,0.016164,4977931.0,0.957294423076923,1370.4383189974542,8797.36725533491,0.2318036
-0.01327018,0.01611434,4971257.0,0.9560109615384615,1382.543321076946,8875.073889368456,0.2321544
-0.01318418,0.01606469,4964445.0,0.9547009615384615,1394.7567423077664,8953.476507364596,0.2325017
-0.01309817,0.01601504,4957611.0,0.9533867307692308,1406.968861463573,9031.870766843662,0.2328383
-0.01301217,0.01596539,4950657.0,0.9520494230769231,1419.416029472289,9111.773894728787,0.2331819
-0.01292617,0.01591574,4943685.0,0.9507086538461539,1431.8693169005662,9191.71630550649,0.2335155
-0.01284016,0.01586609,4936612.0,0.9493484615384615,1444.7127423553545,9274.16316135984,0.2338687
-0.01275416,0.01581644,4929524.0,0.9479853846153846,1457.5657259582094,9356.671374618085,0.2342124
-0.01266816,0.01576678,4922358.0,0.9466073076923077,1470.6824895388622,9440.872892352076,0.2345654
-0.01258215,0.01571713,4915182.0,0.9452273076923077,1483.795244630399,9525.048678062667,0.2349078
-0.01249615,0.01566748,4907952.0,0.9438369230769231,1497.0855820613779,9610.364432669687,0.2352525
-0.01241015,0.01561783,4900714.0,0.942445,1510.3599184483298,9695.57747046062,0.2355855
-0.01232414,0.01556818,4893450.0,0.9410480769230769,1523.8356535050214,9782.083363273097,0.2359228
-0.01223814,0.01551852,4886183.0,0.939650576923077,1537.3227123872657,9868.661948048973,0.2362506
-0.01215213,0.01546887,4878916.0,0.9382530769230769,1551.0738657974518,9956.935856518168,0.2365875
-0.01206613,0.01541922,4871653.0,0.9368563461538462,1564.8338683674474,10045.26657112571,0.2369148
-0.01198013,0.01536957,4864416.0,0.9354646153846153,1578.8504236943372,10135.244195916279,0.237251
-0.01189412,0.01531992,4857187.0,0.9340744230769231,1592.8508029899353,10225.117980580639,0.2375756
-0.01180812,0.01527026,4850017.0,0.9326955769230769,1606.9786204128936,10315.809839282463,0.237899
-0.01172212,0.01522061,4842859.0,0.9313190384615384,1621.1146461844264,10406.554390510444,0.2382126
-0.01163611,0.01517096,4835789.0,0.929959423076923,1635.5245957536424,10499.057363270274,0.2385362
-0.01155011,0.01512131,4828740.0,0.9286038461538462,1649.9462338231535,10591.635368980025,0.2388501
-0.01146411,0.01507165,4821807.0,0.9272705769230769,1664.9620501964691,10688.027632275294,0.2391975
-0.0113781,0.015022,4814902.0,0.9259426923076923,1680.014574576634,10784.655538293762,0.2395375
-0.0112921,0.01497235,4808145.0,0.9246432692307692,1695.480565332352,10883.937642974839,0.239898
-0.0112061,0.01492269,4801420.0,0.92335,1710.9552192550677,10983.275359835334,0.2402491
-0.0111201,0.01487304,4794879.0,0.9220921153846153,1726.520743652816,11083.196408999402,0.2405975
-0.01103409,0.01482339,4788374.0,0.9208411538461538,1742.0637255392278,11182.972749169028,0.2409337
-0.01094809,0.01477373,4782087.0,0.9196321153846154,1757.885539863794,11284.539021309429,0.2412803
-0.01086209,0.01472408,4775844.0,0.9184315384615385,1773.7465767275648,11386.357077917095,0.241619
-0.01077608,0.01467443,4769848.0,0.9172784615384615,1790.1048825539895,11491.367294017458,0.2419829
-0.01069008,0.01462478,4763904.0,0.9161353846153846,1806.533723018172,11596.830298910996,0.2423411
-0.01060408,0.01457513,4758236.0,0.9150453846153846,1823.536483856209,11705.97751799654,0.2427298
-0.01051807,0.01452547,4752626.0,0.9139665384615384,1840.5829418018368,11815.405245513686,0.2431105
-0.01043207,0.01447582,4747325.0,0.9129471153846154,1858.0796863203734,11927.723534610373,0.243513
-0.01034606,0.01442617,4742087.0,0.9119398076923076,1875.6498136603452,12040.512896079636,0.2439093
-0.01026006,0.01437652,4737188.0,0.9109976923076923,1893.7276527050844,12156.56145299371,0.2443308
-0.01017406,0.01432687,4732359.0,0.9100690384615384,1911.9048483846093,12273.24781811363,0.2447474
-0.01008805,0.01427721,4727896.0,0.9092107692307693,1930.761482968116,12394.295761192247,0.2451997
-0.01000205,0.01422756,4723509.0,0.9083671153846153,1949.7412694677464,12516.13426348051,0.2456486
-0.009916048,0.01417791,4719512.0,0.9075984615384616,1969.3704969406956,12642.141775547432,0.2461306
-0.009830044,0.01412826,4715596.0,0.9068453846153847,1989.151705153858,12769.124910062194,0.2466104
-0.00974404,0.01407861,4712090.0,0.9061711538461539,2009.4547915755502,12899.458180222862,0.2471145
-0.009658036,0.01402896,4708668.0,0.9055130769230769,2029.915515338679,13030.803384716182,0.2476158
-0.009572032,0.0139793,4705673.0,0.9049371153846154,2051.015745439907,13166.253824768362,0.2481475
-0.009486028,0.01392965,4702767.0,0.9043782692307692,2072.349334352463,13303.202284203877,0.2486806
-0.009400024,0.01388,4700293.0,0.9039025,2094.6383775229033,13446.284169628552,0.2492618
-0.00931402,0.01383035,4697914.0,0.903445,2117.2405947776488,13591.376439173617,0.2498485
-0.009228016,0.0137807,4695966.0,0.9030703846153846,2140.8415222461977,13742.879811218289,0.2504846
-0.009142013,0.01373105,4694115.0,0.9027144230769231,2164.754221407067,13896.384564893302,0.251125
-0.00905601,0.01368139,4692692.0,0.9024407692307692,2189.5988133677256,14055.871494554427,0.2518088
-0.008970006,0.01363174,4691364.0,0.9021853846153847,2214.803675534521,14217.671136338822,0.2524985
-0.008884003,0.01358209,4690449.0,0.9020094230769231,2240.958568774289,14385.569390616065,0.2532304
-0.008797999,0.01353244,4689628.0,0.9018515384615384,2267.5567947364816,14556.31356704932,0.2539715
-0.008711996,0.01348279,4689190.0,0.9017673076923077,2295.3728932859663,14734.875733006136,0.2547673
-0.008625992,0.01343313,4688844.0,0.9017007692307693,2323.6885810340436,14916.644952936776,0.2555738
-0.008539988,0.01338348,4688838.0,0.9016996153846154,2353.3804285159504,15107.248268070882,0.2564405
-0.008453985,0.01333383,4688917.0,0.9017148076923077,2383.6462845544,15301.536363475365,0.2573202
-0.008367981,0.01328418,4689281.0,0.9017848076923077,2415.155365448981,15503.805194304952,0.2582489
-0.008281978,0.01323453,4689723.0,0.9018698076923077,2447.283892603857,15710.050487388424,0.2591906
-0.008195974,0.01318487,4690380.0,0.9019961538461538,2480.9222687174274,15925.988077896436,0.2601913
-0.008109971,0.01313522,4691102.0,0.902135,2515.267591271542,16146.463827751799,0.2612072
-0.008023968,0.01308557,4691949.0,0.9022978846153846,2551.634105386505,16379.914378594316,0.2623034
-0.007937965,0.01303592,4692851.0,0.9024713461538462,2588.8701069082417,16618.946501358198,0.263421
-0.007851962,0.01298626,4693768.0,0.9026476923076923,2628.401883856801,16872.716083871677,0.2646272
-0.00776596,0.01293661,4694722.0,0.9028311538461539,2668.8163259943867,17132.15183152643,0.2658519
-0.007679957,0.01288695,4695573.0,0.9029948076923077,2711.4173258432625,17405.6239286794,0.2671525
-0.007593954,0.0128373,4696437.0,0.9031609615384616,2755.073291418873,17685.868253966408,0.2684757
-0.007507951,0.01278765,4697066.0,0.9032819230769231,2800.8681522420693,17979.84296518386,0.2698639
-0.007421947,0.012738,4697689.0,0.9034017307692308,2847.6862983678698,18280.386535786813,0.2712691
-0.007335944,0.01268834,4697923.0,0.9034467307692308,2897.357264920278,18599.243450856626,0.2727653
-0.00724994,0.01263869,4698128.0,0.9034861538461538,2948.1317768637546,18925.184445489587,0.2742775
-0.007163936,0.01258904,4697781.0,0.903419423076923,3002.3928249179016,19273.50684772723,0.2759002
-0.007077933,0.01253939,4697380.0,0.9033423076923077,3057.839776551243,19629.442018209134,0.2775379
-0.00699193,0.01248974,4696258.0,0.9031265384615385,3117.069284038261,20009.65886014412,0.2792878
-0.006905926,0.01244008,4695055.0,0.9028951923076923,3177.524447839465,20397.743658320003,0.2810485
-0.006819923,0.01239043,4692959.0,0.9024921153846154,3242.242244320877,20813.19192455026,0.2829298
-0.006733919,0.01234078,4690754.0,0.9020680769230769,3308.2621413259603,21236.99887161373,0.2848188
-0.006647915,0.01229113,4687477.0,0.9014378846153847,3379.050150567354,21691.41415316114,0.2868354
-0.006561911,0.01224148,4684066.0,0.9007819230769231,3451.230149644347,22154.765149384428,0.2888555
-0.006475907,0.01219183,4679402.0,0.899885,3529.400027980353,22656.5674694843,0.2910376
-0.006389903,0.01214218,4674580.0,0.8989576923076923,3609.1093354762784,23168.25197362387,0.2932206
-0.006303899,0.01209252,4668309.0,0.8977517307692308,3696.4883866698883,23729.171493398568,0.2956135
-0.006217895,0.01204287,4661854.0,0.8965103846153846,3785.5534758999625,24300.91433561516,0.2980027
-0.006131892,0.01199322,4653741.0,0.8949501923076923,3882.908890186812,24925.87594235369,0.3006017
-0.006045888,0.01194357,4645409.0,0.8933478846153846,3981.6639718120027,25559.822548592005,0.3031739
-0.005959885,0.01189392,4635186.0,0.8913819230769231,4082.9724485229212,26210.16037361465,0.3057152
-0.005873881,0.01184426,4624645.0,0.8893548076923077,4183.402566188487,26854.859676277774,0.3081125
-0.005787885,0.0117946,4612039.0,0.886930576923077,4323.93538585566,27756.993547537517,0.3118194
-0.005701897,0.01174492,4599263.0,0.8844736538461538,4472.596204416346,28711.30414964751,0.3157293
-0.005615904,0.01169525,4583622.0,0.8814657692307692,4642.296985568686,29800.678311635693,0.3201892
-0.005529897,0.01164561,4567541.0,0.8783732692307692,4812.291372675445,30891.93724244096,0.3245172
-0.005443868,0.011596,4548701.0,0.8747501923076924,4936.556644858814,31689.64351008312,0.3270639
-0.005357828,0.01154641,4529175.0,0.8709951923076923,5061.588824474959,32492.272849594658,0.3294851
-0.005271787,0.01149682,4505954.0,0.8665296153846154,5235.036045794114,33605.69684264107,0.3332681
-0.00518574,0.01144724,4481534.0,0.8618334615384615,5415.025424870153,34761.11744628412,0.337102
-0.005099683,0.01139769,4451801.0,0.8561155769230769,5734.984512113475,36815.05709328729,0.3448668
-0.005013605,0.01134816,4421044.0,0.8502007692307693,6054.176844720523,38864.07464928021,0.3522914
-0.004927488,0.01129871,4387938.0,0.8438342307692308,6855.039188666041,44005.11606864974,0.3728024
-0.004841241,0.01124947,4343448.0,0.8352784615384615,8053.37853005983,51697.71422255243,0.4064544
-0.004753901,0.01120225,4294681.0,0.8259001923076923,7461.070699277762,47895.463918129724,0.3893957
-0.0046663,0.01115547,4261578.0,0.8195342307692308,7508.595111677083,48200.54128182798,0.3902618
-0.004578239,0.01110957,4224632.0,0.8124292307692308,7476.325394709847,47993.389637386106,0.3889994
-0.004489727,0.01106455,4188537.0,0.8054878846153846,7487.940896286722,48067.95398064049,0.3888613
-0.004400772,0.0110204,4151838.0,0.7984303846153846,7561.478598534362,48540.02059233537,0.3903214
-0.004311381,0.01097714,4114633.0,0.7912755769230769,7626.485479387391,48957.32460161487,0.3914735
-0.004221566,0.01093477,4078088.0,0.7842476923076923,7703.5766252897,49452.20212600674,0.3929234
-0.004131335,0.0108933,4041162.0,0.7771465384615385,7783.859335478375,49967.56752114548,0.3943906
-0.004040696,0.01085272,4004100.0,0.7700192307692307,7879.339525804163,50580.49134869849,0.3961583
-0.003949659,0.01081305,3966774.0,0.7628411538461538,7977.556035236556,51210.98065422661,0.3979228
-0.003858234,0.01077427,3929300.0,0.7556346153846154,8090.217662139205,51934.19868871004,0.3999354
-0.003766427,0.01073641,3891491.0,0.7483636538461539,8205.494338311002,52674.2037237411,0.4019344
-0.003674248,0.01069947,3853559.0,0.7410690384615385,8327.394261707233,53456.72591364772,0.4039495
-0.003581707,0.01066344,3815442.0,0.7337388461538461,8453.877125700814,54268.66775052814,0.4059896
-0.003488814,0.01062833,3777132.0,0.7263715384615385,8591.552726380445,55152.46004127757,0.4081516
-0.003395578,0.01059414,3738521.0,0.7189463461538461,8732.08540177686,56054.592986408185,0.4102888
-0.003302005,0.01056089,3699664.0,0.7114738461538461,8875.007916952332,56972.06722631022,0.4123384
-0.003208104,0.01052857,3660589.0,0.703959423076923,9016.54398220724,57880.641314367946,0.4142399
-0.003113889,0.01049718,3621511.0,0.6964444230769231,9162.992850005481,58820.7525592809,0.416115
-0.003019367,0.01046672,3582126.0,0.6888703846153846,9313.541063571764,59787.179071162194,0.4179843
-0.002924548,0.01043721,3542474.0,0.681245,9457.216361725237,60709.48571266103,0.4195567
-0.00282944,0.01040864,3502631.0,0.6735828846153846,9602.87858768358,61644.54720300417,0.4210671
-0.002734053,0.01038101,3462664.0,0.665896923076923,9742.20219741021,62538.918693580104,0.4223138
-0.002638397,0.01035433,3422365.0,0.6581471153846153,9886.148504969857,63462.965048018,0.4235663
-0.002542478,0.01032861,3382093.0,0.6504025,10008.371235034318,64247.55945728213,0.4242176
-0.002446311,0.01030384,3341781.0,0.6426501923076923,10144.403407180374,65120.801952271075,0.4250876
-0.002349903,0.01028002,3301134.0,0.6348334615384615,10265.349727252902,65897.20259804235,0.4255276
-0.002253261,0.01025717,3260440.0,0.6270076923076923,10385.492421457368,66668.44446227691,0.4258506
-0.002156399,0.01023527,3219652.0,0.6191638461538461,10503.013900859216,67422.85974704848,0.4260223
-0.002059324,0.01021433,3178675.0,0.6112836538461538,10620.835929617646,68179.2043729889,0.4261099
-0.001962045,0.01019437,3137580.0,0.6033807692307692,10726.19091165517,68855.51826199438,0.4258488
-0.001864573,0.01017537,3096449.0,0.5954709615384616,10833.478972470617,69544.24132236288,0.425542
-0.001766917,0.01015733,3055253.0,0.5875486538461538,10932.053887920512,70177.03137307506,0.4249769
-0.001669086,0.01014028,3014022.0,0.5796196153846154,11031.562986912746,70815.81830492514,0.4243469
-0.001571091,0.01012419,2972743.0,0.5716813461538461,11124.135635125815,71410.07750859733,0.423492
-0.001472941,0.01010907,2931395.0,0.5637298076923077,11224.372244885368,72053.53461006658,0.4227115
-0.001374646,0.01009493,2889875.0,0.5557451923076923,11307.105018299404,72584.62789729174,0.4215041
-0.001276215,0.01008177,2848478.0,0.5477842307692308,11397.45436362477,73164.61487013688,0.4203719
-0.001177659,0.01006958,2806887.0,0.5397859615384616,11478.722413853757,73686.30553952244,0.4189836
-0.001078986,0.01005838,2765301.0,0.5317886538461538,11563.072724040703,74227.78241340235,0.4175812
-0.0009802069,0.01004816,2723686.0,0.5237857692307692,11631.825977143828,74669.1358177567,0.4158183
-0.000881331,0.01003892,2682225.0,0.5158125,11706.325694597146,75147.37797267178,0.4140961
-0.0007823684,0.01003065,2640638.0,0.507815,11776.406526783581,75597.25361446978,0.4122118
-0.0006833288,0.01002337,2599041.0,0.49981557692307693,11855.032722988637,76101.98521334387,0.4104121
-0.0005842214,0.01001708,2557093.0,0.49174865384615385,11924.205228638286,76546.02996000336,0.4083442
-0.0004850564,0.01001177,2515284.0,0.48370846153846153,12005.745691805208,77069.4693521347,0.4064232
-0.0003858439,0.01000745,2472331.0,0.4754482692307692,12139.712373748587,77929.45267622675,0.4051863
-0.0002865932,0.0100041,2429021.0,0.46711942307692306,12293.764372138894,78918.371321795,0.4041639
-0.0001873143,0.01000175,2381021.0,0.45788865384615385,12672.617887848528,81350.37681045548,0.4061875
-8.801603e-05,0.01000044,2333740.0,0.44879615384615384,13017.110638054855,83561.80741506851,0.4074074
1.129096e-05,0.009999971,2268930.0,0.4363326923076923,13898.943475402439,89222.62937284618,0.4150118
0.0001105874,0.01000122,2193546.0,0.4218357692307692,14533.233924304634,93294.38214580277,0.4175098
0.0002098418,0.01000441,2108788.0,0.4055361538461538,14872.823805586087,95474.3393612534,0.414452
0.0003090139,0.01000956,2023428.0,0.3891207692307692,15165.657278708568,97354.14932570206,0.4103004
0.0004080636,0.01001668,1942625.0,0.3735817307692308,15184.848586966647,97477.34566698664,0.4023213
0.0005069526,0.01002577,1862425.0,0.35815865384615386,15219.201186739187,97697.86813208791,0.3943113
0.0006056422,0.01003681,1784616.0,0.3431953846153846,15163.016866314454,97337.19950956327,0.3851205
0.0007040912,0.01004983,1708056.0,0.3284723076923077,15116.31020701957,97037.37161553044,0.3759071
0.0008022646,0.01006478,1634629.0,0.3143517307692308,15019.191115065752,96413.92705215352,0.3661984
0.0009001194,0.01008169,1562527.0,0.3004859615384615,14934.086127815674,95867.60561782056,0.3565304
0.0009976206,0.01010054,1493546.0,0.2872203846153846,14814.765386868457,95101.64018563734,0.3466326
0.00109473,0.01012131,1425699.0,0.27417288461538464,14708.077040998707,94416.76692467438,0.3368003
0.001191405,0.01014402,1360980.0,0.2617269230769231,14566.126089458065,93505.529523008,0.3267739
0.001287609,0.01016864,1297433.0,0.24950634615384615,14434.454874590663,92660.28167924365,0.3168179
0.001383306,0.01019516,1237039.0,0.23789211538461538,14280.229690568445,91670.25128892472,0.3068742
0.001478459,0.01022358,1177683.0,0.2264775,14132.467420847162,90721.7088151774,0.2969629
0.001573024,0.01025388,1121366.0,0.2156473076923077,13968.79112656848,89671.0081365688,0.2871623
0.001666972,0.01028606,1065921.0,0.2049848076923077,13806.776615333167,88630.97507833286,0.2773504
0.001760262,0.0103201,1013563.0,0.19491596153846155,13632.540933336386,87512.48965490224,0.2677247
0.001852859,0.01035598,961915.5,0.18498375,13454.476450468934,86369.42569558283,0.2580519
0.001944724,0.01039369,913382.9,0.1756505576923077,13271.397089444814,85194.16931704002,0.2486704
0.002035822,0.01043323,865421.4,0.16642719230769232,13079.103776286243,83959.76505881801,0.2391968
0.002126115,0.01047456,820555.0,0.15779903846153845,12890.739631972841,82750.58363686671,0.2301195
0.002215573,0.01051768,776125.2,0.14925484615384615,12688.255781649199,81450.76242647142,0.2209265
0.002304157,0.01056256,734752.8,0.14129861538461538,12504.6241709264,80271.96094608158,0.2122642
0.00239183,0.0106092,693715.4,0.1334068076923077,12302.572526154654,78974.91422828267,0.203449
0.002478561,0.01065756,655646.8,0.1260859230769231,12086.050134774907,77584.97425829958,0.1949037
0.002564312,0.01070765,617888.9,0.11882478846153846,11825.790640165755,75914.26910942464,0.1860341
0.002649054,0.01075942,586535.5,0.11279528846153847,11500.592949075328,73826.70086249885,0.1775834
0.00273275,0.01081287,555548.5,0.10683625,11123.24971334675,71404.39043816016,0.1688189
0.002805451,0.01086119,538715.8,0.10359919230769232,10066.279183517234,64619.292706962355,0.1572129
0.00288784,0.01091664,522473.5,0.10047567307692308,8912.365486487091,57211.87974060448,0.1459124
0.002970221,0.0109721,516643.2,0.09935446153846154,8286.345725275736,53193.21967241386,0.1404238
0.003052613,0.01102754,510818.1,0.09823425,7669.125069188929,49231.04442242036,0.1348565
0.003135027,0.01108295,507752.5,0.09764471153846153,7371.069068661434,47317.70905887414,0.1323028
0.003217482,0.01113829,504697.6,0.09705723076923077,7082.820022291163,45467.32828159521,0.1298089
0.003299977,0.01119357,502488.7,0.09663244230769232,6925.15731969402,44455.23114596463,0.1285752
0.003382505,0.01124881,500279.9,0.09620767307692309,6769.901769449853,43458.5864411331,0.1273248
0.003465062,0.011304,498388.3,0.09584390384615385,6664.447582278576,42781.635716464785,0.1265638
0.00354765,0.01135915,496497.6,0.09548030769230768,6560.213837708939,42112.51947922421,0.1258026
0.003630266,0.01141425,494795.0,0.09515288461538461,6490.844225340915,41667.20942921907,0.125368
0.003712912,0.01146931,493092.9,0.0948255576923077,6422.449870194445,41228.15992799418,0.1249368
0.003795588,0.01152433,491456.4,0.09451084615384615,6374.559870063608,40920.73571694526,0.1246749
0.003878293,0.0115793,489819.8,0.09419611538461538,6327.314526960394,40617.44980569947,0.1244158
0.003961026,0.01163423,488163.7,0.09387763461538462,6290.119581564491,40378.681237896104,0.1242165
0.004043788,0.01168911,486507.1,0.09355905769230768,6253.230947014243,40141.878996461564,0.1240176
0.004126581,0.01174395,484799.3,0.09323063461538461,6220.798021172279,39933.67965188579,0.1238264
0.004209402,0.01179875,483090.9,0.09290209615384616,6188.443637549863,39725.984499830636,0.1236335
0.004292253,0.0118535,481339.5,0.09256528846153846,6158.2269129381575,39532.01179782902,0.1234333
0.004375132,0.0119082,479587.8,0.09222842307692307,6127.998339395933,39337.96303301457,0.1232306
0.004458041,0.01196287,477813.6,0.09188723076923076,6099.134842188682,39152.67721483103,0.1230216
0.004540979,0.01201749,476039.2,0.091546,6070.250398751838,38967.25693479554,0.12281
0.004623945,0.01207206,474257.5,0.09120336538461539,6042.626958188279,38789.93151407079,0.122598
0.004706934,0.01212659,472475.8,0.09086073076923076,6015.013730377804,38612.671652910685,0.122384
0.004789963,0.01218108,470693.8,0.09051803846153846,5989.0088926230865,38445.736662132695,0.1221774
0.00487301,0.01223552,468911.7,0.09017532692307692,5963.056575971282,38279.138824384194,0.1219693
0.0049561,0.01228993,467127.4,0.08983219230769231,5938.979565878117,38124.57929604662,0.1217733
0.005039213,0.01234428,465342.9,0.08948901923076924,5914.966970430248,37970.43326993198,0.1215758
0.005122354,0.01239859,463554.0,0.089145,5892.49643617099,37826.186323854985,0.1213882
0.005205522,0.01245286,461764.9,0.08880094230769231,5870.073384681749,37682.24418782332,0.1211989
0.005288718,0.01250708,459973.2,0.08845638461538462,5848.687678073309,37544.96116498219,0.1210157
0.005371942,0.01256126,458181.5,0.08811182692307692,5827.314952844949,37407.761474580366,0.1208305
0.005455195,0.0126154,456392.6,0.08776780769230769,5806.721025336475,37275.561184344515,0.1206502
0.005538476,0.01266949,454603.7,0.08742378846153846,5786.15409999582,37143.53423134224,0.1204685
0.005621782,0.01272354,452821.4,0.08708103846153846,5766.77179540139,37019.11181158919,0.1202965
0.005705118,0.01277754,451039.0,0.08673826923076923,5747.448896119908,36895.07073724051,0.1201235
0.005788487,0.01283151,449260.2,0.08639619230769231,5729.656910356347,36780.857181771455,0.1199632
0.005871883,0.01288542,447481.3,0.08605409615384615,5711.93683814248,36667.10526685821,0.1198018
0.005955306,0.0129393,445704.5,0.08571240384615385,5695.243607767756,36559.94504209757,0.1196472
0.006038761,0.01299313,443927.6,0.0853706923076923,5678.59842759508,36453.093269945304,0.1194911
0.006122238,0.01304691,442156.8,0.08503015384615384,5662.400712789742,36349.11394897596,0.1193362
0.006205752,0.01310066,440386.2,0.08468965384615385,5646.226334536676,36245.28443425324,0.1191798
0.006289282,0.01315435,438625.6,0.08435107692307692,5630.72130064726,36145.7516967774,0.1190275
0.006372854,0.01320802,436865.0,0.0840125,5615.256807726698,36046.479207272554,0.1188739
0.006456437,0.01326162,435115.3,0.08367601923076923,5600.474919186803,35951.58861613087,0.1187241
0.006540067,0.0133152,433365.7,0.08333955769230769,5585.7325942446605,35856.9519988416,0.118573
0.006623714,0.01336873,431630.3,0.08300582692307693,5571.266984548547,35764.09172245781,0.1184214
0.006707388,0.01342221,429895.2,0.08267215384615385,5556.8065751576405,35671.264828820335,0.1182683
0.00679109,0.01347565,428178.0,0.08234192307692308,5542.5373807980895,35579.66541753814,0.1181143
0.006874819,0.01352905,426461.1,0.08201175,5528.3012283014405,35488.27811460021,0.1179593
0.006958577,0.0135824,424760.5,0.08168471153846153,5514.654768186178,35400.676272397584,0.1178072
0.007042362,0.01363571,423059.9,0.08135767307692308,5501.085574509879,35313.57043299249,0.1176545
0.007126176,0.01368897,421369.1,0.08103251923076922,5488.197813396639,35230.83896960555,0.1175043
0.007210017,0.0137422,419678.2,0.08070734615384616,5475.368960035514,35148.48565758987,0.1173528
0.007293886,0.01379537,417993.8,0.08038342307692307,5462.507800732993,35065.92496139128,0.1171957
0.007377782,0.01384851,416309.4,0.0800595,5449.671405790982,34983.523237086025,0.1170369
0.007461704,0.0139016,414634.8,0.07973746153846153,5436.117224384091,34896.5137671749,0.116866
0.007545654,0.01395465,412960.2,0.07941542307692308,5422.552863990279,34809.438954457044,0.1166934
0.007629631,0.01400766,411300.0,0.07909615384615384,5408.726010643589,34720.67909916821,0.1165145
0.007713635,0.01406063,409639.8,0.07877688461538461,5394.910300376274,34631.99077556399,0.1163344
0.007797666,0.01411355,407994.1,0.07846040384615384,5381.562841533595,34546.30833678746,0.1161555
0.007881725,0.01416643,406348.5,0.07814394230769231,5368.265263229708,34460.94610025028,0.1159756
0.007965812,0.01421926,404715.9,0.07782998076923077,5355.397042451164,34378.340073738706,0.1157959
0.008049925,0.01427205,403083.4,0.07751603846153847,5342.554573264024,34295.899356532806,0.1156145
0.008134066,0.0143248,401464.4,0.07720469230769231,5329.747391776569,34213.68516455568,0.1154293
0.008218232,0.01437751,399845.3,0.07689332692307692,5316.962597091783,34131.61468201956,0.1152423
0.008302426,0.01443017,398239.1,0.0765844423076923,5304.150456143769,34049.368653369944,0.1150509
0.008386646,0.01448279,396632.8,0.07627553846153846,5291.389398903396,33967.450550560294,0.1148585
0.008470894,0.01453536,395035.4,0.07596834615384616,5278.758170677814,33886.36586980816,0.1146628
0.008555168,0.0145879,393437.9,0.07566113461538462,5266.155510729839,33805.46457974679,0.1144655
0.008639468,0.01464039,391847.1,0.07535521153846153,5253.208375394175,33722.351970537435,0.1142597
0.008723795,0.01469284,390256.3,0.07504928846153847,5240.256558237834,33639.20930693209,0.1140519
0.008808148,0.01474524,388675.1,0.07474521153846153,5226.529953091802,33551.09298315113,0.1138318
0.008892527,0.01479761,387093.9,0.07444113461538462,5212.790151400555,33462.89194570364,0.11361
0.008976933,0.01484993,385524.3,0.07413928846153846,5198.771323889548,33372.89973489495,0.113382
0.009061365,0.01490221,383954.6,0.07383742307692308,5184.7548542455925,33282.92266013588,0.1131524
0.009145825,0.01495445,382393.3,0.07353717307692308,5170.914705945014,33194.077459457636,0.112921
0.009230311,0.01500664,380831.9,0.07323690384615385,5157.084526315257,33105.29625148672,0.1126877
0.009314824,0.01505879,379276.3,0.07293775,5143.043849084561,33015.16377897791,0.112448
0.009399363,0.01511089,377720.5,0.07263855769230769,5129.0002296816465,32925.012419541345,0.1122063
0.009483928,0.01516296,376171.2,0.07234061538461539,5114.5849178114195,32832.47502412223,0.1119569
0.00956852,0.01521498,374621.8,0.07204265384615384,5100.144275022025,32739.775019853274,0.1117053
0.009653138,0.01526696,373078.0,0.07174576923076922,5085.806062888099,32647.7325571036,0.1114514
0.009737783,0.0153189,371533.9,0.07144882692307693,5071.471355242407,32555.712591003074,0.1111954
0.009822453,0.01537079,369993.3,0.07115255769230769,5056.999878153129,32462.814649580454,0.110934
0.009907149,0.01542264,368452.4,0.07085623076923077,5042.508857889317,32369.79125305246,0.1106703
0.00999187,0.01547445,366917.3,0.07056101923076923,5027.299297886375,32272.15527536335,0.1103954
0.01007662,0.01552622,365381.9,0.07026575,5012.029584118864,32174.13314767291,0.110118
0.01016139,0.01557794,363856.3,0.06997236538461538,4996.138055166651,32072.11935069759,0.1098319
0.01024619,0.01562963,362330.5,0.06967894230769231,4980.20581139047,31969.844189708867,0.1095437
0.01033101,0.01568127,360814.3,0.06938736538461539,4964.1775598018285,31866.952717884476,0.109253
0.01041586,0.01573287,359297.8,0.06909573076923077,4948.142104673186,31764.015003784138,0.1089605
0.01050073,0.01578443,357789.0,0.06880557692307693,4931.882298926069,31659.63709733269,0.1086637
0.01058563,0.01583594,356279.9,0.06851536538461539,4915.579202790567,31554.981293335644,0.1083646
0.01067056,0.01588741,354778.1,0.06822655769230769,4898.874244229805,31447.745780867135,0.1080599
0.01075551,0.01593884,353276.1,0.06793771153846154,4882.127023757626,31340.238973039694,0.1077529
0.01084049,0.01599023,351780.6,0.06765011538461538,4865.218894964003,31231.69923320899,0.1074433
0.01092549,0.01604157,350284.8,0.06736246153846154,4848.284795468268,31122.992777517255,0.1071316
0.01101052,0.01609288,348792.6,0.0670755,4831.337564760071,31014.202027554882,0.1068186
0.01109558,0.01614414,347300.0,0.06678846153846153,4814.34724545583,30905.134675429057,0.1065031
0.01118066,0.01619535,345810.0,0.06650192307692308,4796.959030483269,30793.513078960397,0.1061823
0.01126577,0.01624653,344319.5,0.06621528846153846,4779.504410542358,30681.465203624553,0.1058588
0.0113509,0.01629767,342833.6,0.06592953846153846,4761.384922326106,30565.149284763138,0.1055279
0.01143605,0.01634876,341347.3,0.06564371153846153,4743.188569593688,30448.33994320021,0.1051944
0.01152123,0.01639981,339867.3,0.06535909615384615,4724.579796194523,30328.883115779092,0.1048571
0.01160644,0.01645082,338386.8,0.06507438461538462,4705.898960261805,30208.963691417845,0.1045173
0.01169167,0.01650179,336911.7,0.06479071153846154,4687.0482776066865,30087.95395604196,0.1041765
0.01177693,0.01655271,335436.0,0.06450692307692307,4668.14287154253,29966.592930192004,0.1038333
0.01186221,0.01660359,333962.9,0.06422363461538462,4649.198743034104,29844.983330175277,0.1034905
0.01194751,0.01665443,332489.4,0.06394026923076923,4630.187779268945,29722.94468910581,0.1031449
0.01203285,0.01670523,331017.2,0.06365715384615385,4610.851885400205,29598.820197535897,0.1027964
0.0121182,0.01675599,329544.4,0.06337392307692308,4591.427444170258,29474.127286617793,0.102445
0.01220358,0.01680671,328075.0,0.06309134615384615,4571.331802367914,29345.125682739545,0.1020875
0.01228899,0.01685738,326605.1,0.06280867307692307,4551.122279976305,29215.393035841607,0.1017269
0.01237441,0.01690802,325140.9,0.06252709615384616,4530.408591847155,29082.423956417504,0.1013628
0.01245987,0.01695861,323676.2,0.06224542307692308,4509.593880161853,28948.80636818233,0.100996
0.01254535,0.01700916,322216.5,0.06196471153846154,4488.715032124044,28814.777064191974,0.1006305
0.01263085,0.01705967,320756.2,0.06168388461538462,4467.758085232339,28680.246413814544,0.1002626
0.01271638,0.01711013,319297.4,0.061403346153846156,4446.967107003475,28546.781179705507,0.09989789
0.01280193,0.01716056,317838.0,0.06112269230769231,4426.093825806794,28412.787611395615,0.09953034
0.01288751,0.01721094,316378.3,0.060841980769230766,4405.041213530167,28277.642848355754,0.09916181
0.01297311,0.01726128,314918.0,0.06056115384615385,4383.881895043974,28141.813097381033,0.09879012
0.01305874,0.01731158,313459.6,0.060280692307692306,4362.128825764241,28002.17183317255,0.0984131
0.01314439,0.01736184,312000.7,0.060000134615384615,4340.232036140367,27861.60797315516,0.09803262
0.01323006,0.01741206,310547.2,0.059720615384615386,4317.824032678377,27717.762436160723,0.09764847
0.01331576,0.01746224,309093.2,0.059441,4295.290895476727,27573.113617874045,0.09726136
0.01340148,0.01751237,307644.7,0.05916244230769231,4272.789172352371,27428.66645855378,0.09687648
0.01348723,0.01756247,306195.5,0.05888375,4250.190032848827,27283.59394626978,0.09648895
0.013573,0.01761252,304747.6,0.058605307692307686,4228.020945447237,27141.28210276406,0.09610714
0.0136588,0.01766253,303298.9,0.05832671153846154,4205.7604657278325,26998.383577046538,0.09572235
0.01374462,0.0177125,301848.8,0.05804784615384615,4183.535925894874,26855.715763193824,0.09533792
0.01383046,0.01776243,300398.0,0.05776884615384616,4161.196357812783,26712.309539054175,0.09495023
0.01391633,0.01781231,298947.7,0.05748994230769231,4138.449508429604,26566.28882060841,0.09455797
0.01400222,0.01786216,297496.7,0.05721090384615385,4115.553962846681,26419.313564435204,0.0941622
0.01408813,0.01791196,296049.5,0.05693259615384615,4092.3970316815507,26270.66037432651,0.09376408
0.01417407,0.01796173,294601.6,0.05665415384615384,4069.1008252274323,26121.11312291653,0.09336278
0.01426003,0.01801145,293158.2,0.056376576923076925,4045.8817527383053,25972.061023903036,0.09296285
0.01434602,0.01806113,291714.1,0.05609886538461538,4022.5402164498555,25822.22278296459,0.09255991
0.01443203,0.01811077,290272.4,0.055821615384615386,3999.573593668445,25674.791255093554,0.09216128
0.01451807,0.01816037,288830.0,0.05554423076923077,3976.4953777604796,25526.643368300072,0.09175962
0.01460412,0.01820993,287388.1,0.0552669423076923,3953.6400103217184,25379.926030987514,0.09135996
0.0146902,0.01825945,285945.5,0.05498951923076923,3930.6563807474604,25232.385330014382,0.090957
0.01477631,0.01830892,284504.5,0.05471240384615385,3907.598936638937,25084.370785339048,0.09055287
0.01486244,0.01835836,283062.8,0.05443515384615384,3884.3947953149386,24935.414535180164,0.09014519
0.01494859,0.01840776,281626.7,0.05415898076923077,3860.8846976105615,24784.494234100493,0.08973443
0.01503476,0.01845711,280190.0,0.053882692307692305,3837.2187573652923,24632.573520198715,0.08932038
0.01512096,0.01850643,278761.2,0.05360792307692308,3813.7283547520183,24481.779649434924,0.0889095
0.01520718,0.0185557,277331.8,0.05333303846153846,3790.1051219417604,24330.13309087828,0.08849562
0.01529342,0.01860493,275907.8,0.05305919230769231,3767.196713764325,24183.075264795712,0.08809091
0.01537969,0.01865412,274483.2,0.05278523076923077,3744.188300530922,24035.375468043945,0.08768339
0.01546598,0.01870327,273060.7,0.05251167307692308,3721.743931271093,23891.29648509672,0.08728259
0.0155523,0.01875238,271637.7,0.052238019230769234,3699.181302185017,23746.458347134172,0.08687857
0.01563864,0.01880145,270217.5,0.05196490384615385,3676.718706017422,23602.26235870094,0.08647619
0.015725,0.01885047,268796.9,0.05169171153846154,3654.108617477392,23457.11956036778,0.08607028
0.01581138,0.01889946,267383.2,0.051419846153846156,3631.387188439452,23311.262024831984,0.08566453
0.01589779,0.01894841,265969.1,0.05114790384615384,3608.515607874004,23164.4406092637,0.08525558
0.01598422,0.01899732,264564.8,0.05087784615384615,3585.9487176389225,23019.575117357374,0.08485247
0.01607067,0.01904618,263160.1,0.05060771153846153,3563.249841904527,22873.862360095325,0.08444642
0.01615714,0.01909501,261764.4,0.05033930769230769,3541.2444016884233,22732.601030407754,0.08405079
0.01624364,0.01914379,260368.3,0.05007082692307692,3519.1327859339444,22590.658119366486,0.08365246
0.01633016,0.01919254,258979.4,0.04980373076923077,3497.6862545320632,22452.984638933274,0.0832639
0.01641671,0.01924124,257590.2,0.049536576923076926,3476.1290011175242,22314.6003915906,0.08287239
0.01650328,0.0192899,256208.8,0.04927092307692307,3454.989075855388,22178.895133131835,0.08248791
0.01658987,0.01933853,254827.0,0.049005192307692305,3433.7250478626634,22042.393211822036,0.0821004
0.01667648,0.01938711,253455.8,0.0487415,3412.7264874955667,21907.59542864431,0.08171863
0.01676311,0.01943565,252084.2,0.04847773076923077,3391.602365225869,21771.991615632807,0.08133399
0.01684977,0.01948415,250725.2,0.04821638461538462,3370.942014926757,21639.36493212171,0.08095797
0.01693645,0.01953261,249365.9,0.04795498076923077,3350.170172069864,21506.022535277552,0.08057927
0.01702315,0.01958104,248019.1,0.04769598076923077,3330.053788619557,21376.887782835027,0.08021158
0.01710988,0.01962942,246672.2,0.04743696153846154,3309.8432960942505,21247.148908278166,0.07984143
0.01719662,0.01967776,245336.5,0.047180096153846156,3290.492974216344,21122.931797804038,0.07948454
0.01728339,0.01972606,244000.7,0.04692321153846154,3271.0576077800665,20998.168753811646,0.07912516
0.01737019,0.01977432,242675.9,0.04666844230769231,3252.2463331799936,20877.411993800102,0.07877594
0.017457,0.01982254,241351.0,0.04641365384615385,3233.335274474431,20756.014681484918,0.07842412
0.01754384,0.01987072,240040.2,0.04616157692307692,3214.69041015965,20636.32617268504,0.07807857
0.01763069,0.01991886,238729.5,0.04590951923076923,3195.920375860703,20515.834149925588,0.07773013
0.01771757,0.01996696,237437.2,0.045661,3177.4079882819406,20396.996059917554,0.07738882
0.01780447,0.02001502,236145.0,0.0454125,3158.7914215204532,20277.489203925616,0.07704523
0.0178914,0.02006305,234871.8,0.045167653846153843,3140.9773079591846,20163.133601667378,0.07671547
0.01797834,0.02011103,233598.7,0.044922826923076926,3123.095110420864,20048.340942343504,0.07638392
0.01806531,0.02015897,232341.6,0.04468107692307693,3106.3363863749105,19940.760288680143,0.07606942
0.0181523,0.02020687,231084.6,0.044439346153846156,3089.52633391069,19832.850138285794,0.07575299
0.01823932,0.02025473,229842.0,0.044200384615384614,3073.4611728345726,19729.721730357076,0.07544845
0.01832635,0.02030255,228599.6,0.04396146153846154,3057.3333505730025,19626.191076334213,0.07514188
0.01841341,0.02035033,227373.3,0.04372563461538461,3041.6309006187707,19525.391049699705,0.07484349
0.01850048,0.02039807,226147.2,0.04348984615384616,3025.850029465472,19424.087607421287,0.07454301
0.01858759,0.02044577,224939.3,0.04325755769230769,3010.6663326627763,19326.61765549767,0.0742533
0.01867471,0.02049343,223731.6,0.043025307692307696,2995.4217395508563,19228.756786894828,0.0739618
0.01876186,0.02054106,222542.6,0.042796653846153845,2980.839857842384,19135.15011603267,0.07368176
0.01884901,0.02058863,221353.8,0.04256803846153846,2966.205832284128,19041.20871387302,0.07340007
0.01893621,0.02063618,220183.9,0.042343057692307694,2952.2155243492607,18951.39958112176,0.07312955
0.01902341,0.02068368,219014.3,0.04211813461538461,2938.176459224836,18861.277457339147,0.07285747
0.01911065,0.02073115,217864.1,0.04189694230769231,2924.7681605173716,18775.204464221813,0.07259639
0.01919789,0.02077857,216714.1,0.041675788461538466,2911.314491770021,18688.840223481195,0.07233382
0.01928517,0.02082596,215583.9,0.04145844230769231,2898.4784174092892,18606.44055710967,0.07208208
0.01937246,0.0208733,214454.1,0.04124117307692308,2885.603881127844,18523.793988971625,0.07182896
0.01945979,0.02092061,213345.2,0.04102792307692308,2873.1899926579085,18444.104495163047,0.07158476
0.01954712,0.02096788,212236.5,0.040814711538461536,2860.733943645673,18364.14435672263,0.07133919
0.01963448,0.02101511,211149.9,0.040605749999999996,2848.8087847191177,18287.59220461126,0.0711037
0.01972186,0.0210623,210063.7,0.040396865384615385,2836.851023775549,18210.83076769447,0.07086705
0.01980926,0.02110945,208998.8,0.04019207692307692,2825.5970049459033,18138.586920327976,0.07064245
0.01989668,0.02115656,207934.2,0.03998734615384616,2814.327373464059,18066.242849380953,0.07041686
0.01998413,0.02120363,206890.0,0.03978653846153846,2803.683680283488,17997.91691557965,0.07020198
0.02007159,0.02125066,205846.2,0.0395858076923077,2793.0216068716154,17929.47299204999,0.06998607
0.02015908,0.02129765,204822.7,0.03938898076923077,2782.887410174372,17864.417710869093,0.06977964
0.02024659,0.0213446,203799.5,0.03919221153846154,2772.7397112692593,17799.275753856284,0.06957223
0.02033412,0.02139151,202796.2,0.03899926923076923,2763.1874232175455,17737.955966635836,0.06937509
0.02042166,0.02143838,201793.3,0.038806403846153845,2753.6338071749,17676.62765453413,0.0691773
0.02050924,0.02148522,200809.3,0.03861717307692308,2744.751205972934,17619.606843109694,0.06899036
0.02059683,0.02153201,199825.7,0.03842801923076923,2735.8630987278975,17562.550686290768,0.06880252
0.02068444,0.02157877,198861.8,0.03824265384615384,2727.363953164978,17507.9914231433,0.06862205
0.02077207,0.02162548,197898.1,0.03805732692307692,2718.848303174382,17453.32621176774,0.06844055
0.02085972,0.02167216,196956.7,0.03787628846153846,2710.4177996986587,17399.207588408193,0.06826301
0.0209474,0.0217188,196015.7,0.03769532692307693,2701.961814598834,17344.92538876624,0.06808464
0.02103509,0.0217654,195097.8,0.03751880769230769,2693.86669686224,17292.959734627144,0.06791415
0.02112281,0.02181197,194180.4,0.03734238461538462,2685.771148441191,17240.991315759948,0.06774319
0.02121054,0.02185849,193283.5,0.037169903846153846,2678.450426907699,17193.99680676863,0.06758488
0.0212983,0.02190497,192387.0,0.0369975,2671.1588707552664,17147.189521503307,0.06742643
0.02138608,0.02195141,191507.6,0.03682838461538462,2664.6801555498564,17105.600172887887,0.06728017
0.02147388,0.02199781,190628.6,0.036659346153846153,2658.2222651332618,17064.144506549652,0.0671333
0.0215617,0.02204418,189766.4,0.03649353846153846,2652.1136912971765,17024.931236826076,0.06699262
0.02164954,0.0220905,188904.5,0.03632778846153846,2646.0024450331434,16985.700811766288,0.06685107
0.0217374,0.02213679,188062.7,0.03616590384615385,2639.7991858376204,16945.879720538356,0.06671068
0.02182528,0.02218304,187221.3,0.03600409615384615,2633.5744227249256,16905.920587448807,0.0665695
0.02191317,0.02222926,186402.1,0.03584655769230769,2627.482568133574,16866.814644946102,0.06643307
0.02200108,0.02227543,185583.3,0.035689096153846155,2621.3934854461204,16827.726496353745,0.06629632
0.02208903,0.02232157,184784.8,0.03553553846153846,2615.863450418806,16792.227088320746,0.06616939
0.02217698,0.02236766,183986.6,0.035382038461538465,2610.363484692555,16756.920706621655,0.06604248
0.02226498,0.02241372,183205.1,0.03523175,2605.637443872597,16726.582444636035,0.06592724
0.02235298,0.02245973,182423.8,0.035081499999999995,2600.9438739797733,16696.45262593981,0.06581169
0.022441,0.02250571,181657.9,0.03493421153846154,2596.6610346802304,16668.959443874366,0.06570279
0.02252905,0.02255165,180892.2,0.03478696153846154,2592.392765431238,16641.559792531058,0.06559334
0.02261711,0.02259755,180143.5,0.034642980769230766,2588.163796483187,16614.41242483732,0.06548615
0.02270518,0.02264341,179395.1,0.03449905769230769,2583.9309372066423,16587.240083638368,0.06537829
0.02279329,0.02268924,178665.4,0.034358730769230766,2579.763950670017,16560.490604728915,0.06527362
0.0228814,0.02273502,177935.8,0.03421842307692308,2575.6059001704175,16533.79848965586,0.06516866
0.02296955,0.02278078,177224.5,0.03408163461538462,2571.761227042903,16509.118063685135,0.06506997
0.0230577,0.02282648,176513.5,0.03394490384615385,2567.9400164519006,16484.588252702022,0.06497119
0.0231459,0.02287216,175818.4,0.03381123076923077,2564.6464820799106,16463.4457970097,0.06488092
0.02323409,0.02291779,175123.5,0.033677596153846155,2561.385082037358,16442.509623857528,0.06479052
0.02332232,0.02296339,174443.1,0.03354675,2558.5012871882095,16423.997442736116,0.06470628
0.02341056,0.02300895,173762.8,0.03341592307692307,2555.64168111333,16405.640538599997,0.06462174
0.02349882,0.02305446,173097.4,0.03328796153846154,2552.9485203131158,16388.352110285698,0.06454074
0.02358711,0.02309994,172432.2,0.03316003846153846,2550.267792595652,16371.143494680628,0.06445933
0.0236754,0.02314539,171782.9,0.03303517307692307,2547.605081554028,16354.050535002489,0.06437988
0.02376372,0.02319079,171133.8,0.03291034615384615,2544.957401808548,16337.054066958208,0.06430021
0.02385206,0.02323616,170500.8,0.03278861538461538,2542.4757439424175,16321.12335679942,0.06422457
0.02394042,0.02328149,169868.0,0.03266692307692308,2540.0195120358703,16305.355865591227,0.06414887
0.0240288,0.02332678,169249.7,0.032548019230769235,2537.918899799407,16291.871232938269,0.06407929
0.0241172,0.02337203,168631.6,0.03242915384615385,2535.8537789924026,16278.614433333349,0.06400975
0.02420562,0.02341724,168026.5,0.03231278846153846,2534.138262324404,16267.601876290963,0.0639458
0.02429405,0.02346242,167421.6,0.03219646153846154,2532.450748893418,16256.76908272784,0.06388167
0.02438251,0.02350756,166829.2,0.03208253846153846,2530.964148228933,16247.226024987694,0.06382117
0.02447098,0.02355265,166237.0,0.03196865384615385,2529.4998102253658,16237.825879775213,0.06376042
0.02455948,0.02359772,165658.0,0.03185730769230769,2528.0856371211325,16228.747762221074,0.06370153
0.02464799,0.02364274,165079.2,0.031746,2526.688911114627,16219.781644254306,0.06364243
0.02473653,0.02368773,164513.9,0.03163728846153846,2525.3882665316264,16211.432309660622,0.06358601
0.02482508,0.02373268,163948.8,0.031528615384615384,2524.113692621291,16203.250332677162,0.06352952
0.02491365,0.02377759,163396.5,0.03142240384615384,2523.066187628338,16196.52599784424,0.06347724
0.02500224,0.02382246,162844.4,0.03131623076923077,2522.0504125032817,16190.005349158284,0.06342499
0.02509085,0.02386729,162303.4,0.031212192307692305,2521.4062364482616,16185.87013690207,0.06337839
0.02517948,0.02391209,161762.6,0.03110819230769231,2520.796633512916,16181.956862712472,0.06333173
0.02526813,0.02395685,161232.0,0.031006153846153846,2520.4317861846066,16179.614768292922,0.06328882
0.0253568,0.02400157,160701.6,0.03090415384615385,2520.0919501865624,16177.433231159923,0.06324571
0.02544549,0.02404625,160181.9,0.030804211538461537,2519.806854156425,16175.603090798702,0.06320405
0.02553419,0.0240909,159662.3,0.03070428846153846,2519.53871262809,16173.881787863378,0.06316212
0.02562292,0.02413551,159154.0,0.030606538461538463,2519.3245061332627,16172.50671451834,0.06312192
0.02571166,0.02418008,158645.9,0.030508826923076923,2519.135329932007,16171.292320192568,0.06308165
0.02580042,0.02422461,158148.9,0.03041325,2519.093314436992,16171.02260667468,0.06304423
0.0258892,0.02426911,157652.0,0.03031769230769231,2519.0798201786774,16170.935981873998,0.06300678
0.025978,0.02431357,157165.6,0.03022415384615385,2519.2557131394815,16172.065106003389,0.06297257
0.02606682,0.02435799,156679.4,0.030130653846153845,2519.4582498259924,16173.365266389459,0.06293822
0.02615565,0.02440237,156203.3,0.030039096153846152,2519.755422487948,16175.272931265165,0.06290588
0.02624451,0.02444672,155727.4,0.02994757692307692,2520.0816060910847,16177.366828458262,0.06287347
0.02633338,0.02449103,155261.6,0.029858000000000003,2520.5415811373537,16180.319584050558,0.06284352
0.02642228,0.0245353,154795.8,0.029768423076923074,2521.030079989821,16183.455444854646,0.06281353
0.02651119,0.02457954,154339.8,0.02968073076923077,2521.6314636356965,16187.315956284296,0.06278564
0.02660012,0.02462373,153883.9,0.029593057692307693,2522.2594861785046,16191.347472972879,0.06275763
0.02668907,0.02466789,153437.6,0.02950723076923077,2522.965500374599,16195.87964788686,0.06273132
0.02677803,0.02471201,152991.4,0.029421423076923074,2523.7022711385453,16200.609260962896,0.06270499
0.02686702,0.0247561,152554.3,0.029337365384615382,2524.5651789825474,16206.148596156581,0.06268086
0.02695602,0.02480014,152117.2,0.029253307692307693,2525.4621404005707,16211.906534254802,0.06265675
0.02704504,0.02484415,151687.8,0.029170730769230768,2526.6575824735196,16219.580533735423,0.06263673
0.02713408,0.02488812,151258.5,0.029088173076923077,2527.887840969277,16227.478033138454,0.06261663
0.02722314,0.02493206,150836.1,0.02900694230769231,2529.2850613979385,16236.447324989973,0.06259864
0.02731223,0.02497596,150413.8,0.028925730769230766,2530.7088446961548,16245.587134051633,0.06258043
0.02740133,0.02501982,149999.2,0.028846000000000004,2532.077072276549,16254.370309731086,0.06256177
0.02749044,0.02506365,149584.8,0.02876630769230769,2533.4651033118917,16263.280611355345,0.06254291
0.02757957,0.02510744,149178.7,0.02868821153846154,2534.836466815496,16272.083917724212,0.06252439
0.02766872,0.02515119,148772.7,0.028610134615384617,2536.236101455574,16281.068707321356,0.06250586
0.02775789,0.0251949,148374.7,0.028533596153846156,2537.752501905277,16290.803061270208,0.06248924
0.02784707,0.02523858,147976.9,0.028457096153846152,2539.298560886274,16300.727804664855,0.06247262
0.02793628,0.02528222,147586.6,0.028382038461538462,2540.966800387504,16311.436871507727,0.06245783
0.0280255,0.02532583,147196.4,0.028307,2542.657327580709,16322.289011562183,0.06244279
0.02811474,0.0253694,146813.9,0.028233442307692307,2544.3346967982366,16333.056685542708,0.06242799
0.028204,0.02541293,146431.5,0.028159903846153845,2546.0392389574376,16343.998793019435,0.06241319
0.02829327,0.02545642,146056.3,0.028087749999999998,2547.851451715212,16355.632079212577,0.06240004
0.02838257,0.02549988,145681.2,0.028015615384615385,2549.6987427136155,16367.490546036764,0.06238695
0.02847188,0.0255433,145311.8,0.02794457692307692,2551.818543805213,16381.098359283467,0.06237724
0.02856121,0.02558668,144942.5,0.027873557692307694,2553.9753497540696,16394.943720849587,0.06236748
0.02865056,0.02563002,144578.1,0.02780348076923077,2556.284365091552,16409.76617264508,0.06235926
0.02873993,0.02567333,144213.7,0.02773340384615385,2558.619395862704,16424.755627450573,0.06235084
0.02882931,0.0257166,143854.9,0.027664403846153846,2560.8889191133835,16439.324564449762,0.06234143
0.02891871,0.02575984,143496.1,0.027595403846153846,2563.1757990675105,16454.0049207609,0.06233175
0.02900813,0.02580304,143143.4,0.027527576923076922,2565.405720639895,16468.319639454123,0.0623215
0.02909757,0.0258462,142790.8,0.02745976923076923,2567.661490796157,16482.800290084775,0.0623112
0.02918702,0.02588933,142444.2,0.027393115384615387,2569.948132996165,16497.47912016137,0.06230135
0.02927649,0.02593242,142097.8,0.027326499999999997,2572.2639804512996,16512.34542993083,0.06229147
0.02936598,0.02597547,141756.8,0.027260923076923075,2574.6625633743297,16527.742850284416,0.06228257
0.02945549,0.02601849,141415.9,0.027195365384615384,2577.091381747553,16543.33436354667,0.06227357
0.02954501,0.02606147,141080.2,0.027130807692307694,2579.537972186997,16559.03996249324,0.06226466
0.02963455,0.02610442,140744.5,0.02706625,2582.0122456066015,16574.923269067953,0.06225566
0.02972411,0.02614733,140413.9,0.027002673076923077,2584.5031480148655,16590.91332347531,0.06224671
0.02981369,0.0261902,140083.4,0.026939115384615384,2587.021932097337,16607.08236100383,0.06223766
0.02990328,0.02623303,139757.8,0.026876499999999998,2589.5324364884277,16623.19824802946,0.06222835
0.02999289,0.02627583,139432.2,0.026813884615384618,2592.068744032307,16639.479775353,0.06221892
0.03008252,0.0263186,139111.5,0.026752211538461537,2594.5831722853354,16655.620851147833,0.06220907
0.03017217,0.02636132,138790.8,0.02669053846153846,2597.1244768135034,16671.93445602302,0.06219914
0.03026183,0.02640401,138474.7,0.02662975,2599.674782359916,16688.30584187388,0.0621891
0.03035151,0.02644667,138158.7,0.026568980769230772,2602.2525724821917,16704.853661719884,0.062179
0.03044121,0.02648929,137846.8,0.026508999999999998,2604.8611981337717,16721.59942661168,0.06216895
0.03053092,0.02653187,137534.9,0.02644901923076923,2607.498107531696,16738.526755679326,0.06215879
0.03062066,0.02657441,137226.9,0.02638978846153846,2610.129280407373,16755.41725981857,0.06214821
0.0307104,0.02661692,136918.8,0.02633053846153846,2612.7885318942617,16772.488011292866,0.06213749
0.03080017,0.0266594,136614.5,0.02627201923076923,2615.404944105316,16789.283761085404,0.06212589
0.03088995,0.02670183,136310.3,0.026213519230769228,2618.046958827383,16806.24386317962,0.06211416
0.03097975,0.02674423,136009.6,0.02615569230769231,2620.6606722476777,16823.022288402983,0.06210172
0.03106957,0.0267866,135708.9,0.026097865384615383,2623.3003902278906,16839.967646833586,0.06208916
0.0311594,0.02682893,135411.6,0.02604069230769231,2625.907313442169,16856.70248312979,0.0620758
0.03124926,0.02687122,135114.3,0.02598351923076923,2628.5415863637477,16873.612887648298,0.06206231
0.03133912,0.02691348,134820.1,0.025926942307692307,2631.126181913476,16890.20439413368,0.06204782
0.03142901,0.0269557,134526.0,0.025870384615384615,2633.736451553616,16906.960712416258,0.06203319
0.03151891,0.02699789,134235.0,0.02581442307692308,2636.2864642517984,16923.330218362422,0.06201744
0.03160883,0.02704004,133944.0,0.02575846153846154,2638.8635622261913,16939.873595046676,0.06200155
0.03169876,0.02708215,133655.9,0.02570305769230769,2641.3733080988527,16955.984612852655,0.06198442
0.03178871,0.02712423,133367.8,0.025647653846153844,2643.908531044735,16972.259177727195,0.06196717
0.03187868,0.02716627,133082.2,0.02559273076923077,2646.3981792186387,16988.241180724912,0.06194889
0.03196867,0.02720828,132796.7,0.025537826923076927,2648.9142296407936,17004.392669843248,0.0619305
0.03205867,0.02725025,132513.4,0.02548334615384615,2651.383133142574,17020.241504863443,0.06191099
0.03214869,0.02729219,132230.2,0.025428884615384617,2653.877021942176,17036.25073005799,0.0618913
0.03223872,0.02733409,131949.1,0.025374826923076924,2656.2676227777424,17051.596910341956,0.06186986
0.03232877,0.02737595,131668.0,0.02532076923076923,2658.679029572029,17067.076652025524,0.0618482
0.03241884,0.02741778,131389.7,0.02526725,2660.8670823495977,17081.1225989255,0.06182349
0.03250893,0.02745958,131111.3,0.025213711538461536,2663.073350601961,17095.28547791886,0.0617986
0.03259903,0.02750134,130836.0,0.02516076923076923,2665.0979300306594,17108.282026924353,0.06177137
0.03268914,0.02754306,130560.8,0.025107846153846154,2667.148265813768,17121.443915811084,0.06174404
0.03277928,0.02758475,130288.0,0.025055384615384615,2669.1393516396124,17134.225456580945,0.06171573
0.03286943,0.0276264,130015.2,0.025002923076923075,2671.161585354386,17147.206947552386,0.06168738
0.03295959,0.02766802,129743.8,0.02495073076923077,2673.208835066556,17160.34902577048,0.06165869
0.03304978,0.0277096,129472.4,0.02489853846153846,2675.282134219111,17173.65832530068,0.06162978
0.03313998,0.02775114,129202.0,0.02484653846153846,2677.2401868361603,17186.227813280304,0.06159879
0.03323019,0.02779265,128931.5,0.02479451923076923,2679.215824208638,17198.910184524684,0.06156747
0.03332043,0.02783413,128662.7,0.024742826923076923,2680.8876894244704,17209.642526215084,0.06153207
0.03341067,0.02787557,128393.9,0.024691134615384615,2682.5677430036285,17220.42743213869,0.06149631
0.03350094,0.02791697,128127.7,0.024639942307692307,2683.923855304357,17229.132835208355,0.06145663
0.03359122,0.02795834,127861.5,0.02458875,2685.296652848156,17237.945347229223,0.06141679
0.03368151,0.02799968,127597.9,0.024538057692307692,2686.478965112009,17245.53506144796,0.06137462
0.03377182,0.02804097,127334.4,0.024487384615384616,2687.682043271566,17253.2580798865,0.06133236
0.03386215,0.02808224,127072.6,0.02443703846153846,2688.8416384517573,17260.701964464333,0.06128924
0.0339525,0.02812347,126810.7,0.024386673076923077,2690.0244819993154,17268.295089196195,0.06124593
0.03404286,0.02816466,126549.9,0.02433651923076923,2691.0795347896615,17275.067876224824,0.06120057
0.03413324,0.02820582,126289.0,0.024286346153846155,2692.1500848908313,17281.940146413617,0.06115491
0.03422363,0.02824694,126029.1,0.024236365384615387,2692.9641609882865,17287.16601196614,0.06110573
0.03431404,0.02828803,125769.3,0.024186403846153847,2693.7872077328616,17292.449463530476,0.06105619
0.03440446,0.02832908,125511.0,0.024136730769230768,2694.284926432719,17295.644510058144,0.06100256
0.0344949,0.0283701,125252.7,0.024087057692307692,2694.7935510721845,17298.90956597964,0.06094869
0.03458536,0.02841108,124996.3,0.02403775,2695.044860723874,17300.52281866681,0.06089158
0.03467583,0.02845203,124739.8,0.023988423076923077,2695.3063060866084,17302.201136356336,0.06083423
0.03476632,0.02849294,124485.0,0.023939423076923077,2695.3485993698964,17302.472633103298,0.06077405
0.03485682,0.02853382,124230.1,0.023890403846153846,2695.4030164617925,17302.821957210585,0.06071363
0.03494734,0.02857467,123977.0,0.023841730769230768,2695.153116076818,17301.217751144985,0.06064943
0.03503787,0.02861548,123723.8,0.023793038461538463,2694.9096160594304,17299.654631484693,0.06058493
0.03512842,0.02865625,123472.4,0.023744692307692307,2694.3679996242413,17296.177788619287,0.06051687
0.03521899,0.02869699,123221.0,0.023696346153846155,2693.8358850989675,17292.761942144596,0.06044857
0.03530957,0.02873769,122971.1,0.023648288461538464,2693.0806985937033,17287.914111387832,0.06037753
0.03540017,0.02877836,122721.2,0.02360023076923077,2692.3377151942136,17283.144617030208,0.06030629
0.03549078,0.028819,122471.9,0.02355228846153846,2691.445814005667,17277.419162478665,0.06023295
0.03558141,0.0288596,122222.6,0.023504346153846153,2690.560576429971,17271.73648420438,0.06015926
0.03567206,0.02890016,121973.6,0.02345646153846154,2689.401583744347,17264.2964672694,0.06008195
0.03576272,0.02894069,121724.5,0.023408557692307694,2688.240786908837,17256.844868806886,0.06000422
0.03585339,0.02898119,121476.2,0.02336080769230769,2686.6525001209184,17246.649048983094,0.05992131
0.03594408,0.02902165,121227.9,0.023313057692307692,2685.056018980455,17236.40062647901,0.05983799
0.03603479,0.02906208,120980.9,0.02326555769230769,2683.0624030238596,17223.60284383302,0.05975011
0.03612551,0.02910247,120734.0,0.023218076923076925,2681.066037094627,17210.787408061828,0.05966191
0.03621625,0.02914283,120488.3,0.023170826923076922,2678.753245106569,17195.940712503118,0.05957009
0.036307,0.02918316,120242.6,0.023123576923076924,2676.441255512263,17181.099167816523,0.05947796
0.03639777,0.02922345,119997.6,0.02307646153846154,2673.9040771880004,17164.812050620953,0.05938316
0.03648855,0.0292637,119752.5,0.023029326923076923,2671.368265321799,17148.53370524184,0.05928801
0.03657935,0.02930392,119507.3,0.022982173076923077,2668.5621409642504,17130.52012068624,0.05918947
0.03667016,0.02934411,119262.1,0.02293501923076923,2665.748633106447,17112.459138621045,0.05909049
0.03676099,0.02938426,119016.7,0.022887826923076924,2662.5745437478095,17092.083446112963,0.05898713
0.03685183,0.02942438,118771.2,0.022840615384615383,2659.386912276087,17071.620821606142,0.05888326
0.03694269,0.02946446,118526.2,0.022793499999999998,2655.6500262078516,17047.632321957604,0.05877307
0.03703356,0.02950451,118281.2,0.022746384615384616,2651.890809835337,17023.50047555282,0.05866236
0.03712445,0.02954453,118037.8,0.022699576923076923,2647.675703635134,16996.442098134892,0.05854681
0.03721535,0.02958451,117794.4,0.02265276923076923,2643.4508195534254,16969.320952759153,0.05843093
0.03730627,0.02962446,117551.6,0.022606076923076923,2638.9744221212727,16940.585247076106,0.05831236
0.0373972,0.02966437,117308.8,0.022559384615384617,2634.4934995709755,16911.8204929305,0.05819352
0.03748815,0.02970425,117064.8,0.02251246153846154,2629.925486303557,16882.496670191715,0.05807343
0.03757911,0.02974409,116820.9,0.02246555769230769,2625.3477279849317,16853.110290245353,0.05795282
0.03767009,0.0297839,116574.7,0.02241821153846154,2620.4715038043983,16821.807943878623,0.05782813
0.03776109,0.02982367,116328.5,0.022370865384615385,2615.573818884392,16790.367832824424,0.05770277
0.0378521,0.02986342,116080.6,0.022323192307692308,2610.087307042293,16755.14781674884,0.05757055
0.03794312,0.02990312,115832.6,0.0222755,2604.5589675193087,16719.659292806035,0.0574375
0.03803416,0.0299428,115584.6,0.022227807692307693,2598.4402726066396,16680.3810520243,0.05729795
0.03812521,0.02998244,115336.5,0.022180096153846154,2592.289064875696,16640.894099037934,0.05715786
0.03821626,0.03002205,115088.6,0.022132423076923077,2585.7514372781043,16598.926569264902,0.0570136
0.03830736,0.03006163,114840.6,0.02208473076923077,2579.1880250282206,16556.79351795572,0.05686884
0.03839844,0.03010116,114591.7,0.022036865384615384,2572.413734242517,16513.306756742077,0.05672174
0.03848956,0.03014067,114342.8,0.021989,2565.6155144681434,16469.66638620618,0.05657404
0.03858069,0.03018014,114092.1,0.021940788461538463,2558.510431016595,16424.056140464654,0.05642268
0.03867183,0.03021958,113841.4,0.02189257692307692,2551.3741968611935,16378.245926451478,0.05627063
0.03876299,0.03025898,113588.6,0.02184396153846154,2543.8610805699473,16330.016361990316,0.05611416
0.03885416,0.03029835,113335.7,0.021795326923076924,2536.31164288213,16281.55363660507,0.05595696
0.03894534,0.03033769,113081.0,0.021746346153846154,2528.347990176994,16230.431906739637,0.05579498
0.03903654,0.03037699,112826.1,0.021697326923076923,2520.345783847755,16179.062686428591,0.0556323
0.03912776,0.03041626,112569.3,0.02164794230769231,2511.98718195071,16125.405626778333,0.05546561
0.03921898,0.03045549,112312.5,0.02159855769230769,2503.5890212877316,16071.494624292958,0.05529818
0.03931022,0.0304947,112053.7,0.02154878846153846,2494.858494888173,16015.450039137531,0.05512703
0.03940148,0.03053386,111794.7,0.02149898076923077,2486.085355117541,15959.131902469331,0.05495511
0.03949275,0.030573,111533.7,0.02144878846153846,2477.005550844552,15900.845169174776,0.05477977
0.03958404,0.0306121,111272.6,0.021398576923076923,2467.880508534309,15842.26803563227,0.05460363
0.03967534,0.03065117,111009.4,0.021347961538461538,2458.4641936969433,15781.82111243418,0.05442426
0.03976665,0.0306902,110746.1,0.021297326923076926,2448.9993977330114,15721.062970358558,0.05424407
0.03985798,0.0307292,110480.9,0.021246326923076923,2439.262260071559,15658.556562856604,0.05406096
0.03994932,0.03076817,110215.5,0.02119528846153846,2429.473581653257,15595.719295541157,0.05387698
0.04004068,0.0308071,109948.7,0.02114398076923077,2419.419564411832,15531.178716926144,0.0536903
0.04013205,0.030846,109681.8,0.021092653846153848,2409.310976181422,15466.287826279617,0.05350273
0.04022344,0.03088487,109414.1,0.02104117307692308,2398.9953838678393,15400.06809732072,0.05331331
0.04031483,0.0309237,109146.4,0.020989692307692306,2388.623597269042,15333.487635771504,0.05312297
0.04040625,0.0309625,108878.4,0.020938153846153846,2378.1212596958317,15266.06911763008,0.05293179
0.04049768,0.03100127,108610.3,0.020886596153846155,2367.5647640630045,15198.302938208551,0.05273969
0.04058912,0.03104,108342.3,0.020835057692307694,2356.9298561149344,15130.033400171775,0.05254737
0.04068057,0.0310787,108074.3,0.02078351923076923,2346.2388207091576,15061.40355853599,0.05235411
0.04077204,0.03111737,107806.8,0.020732076923076923,2335.463015410063,14992.229546561872,0.05216061
0.04086353,0.031156,107539.2,0.020680615384615384,2324.629510776609,14922.68514051185,0.05196615
0.04095503,0.0311946,107272.7,0.020629365384615385,2313.7004905215854,14852.527583187582,0.05177142
0.04104654,0.03123317,107006.0,0.020578076923076925,2302.711415532848,14781.984511578888,0.05157573
0.04113807,0.0312717,106740.9,0.020527096153846153,2291.661193222838,14711.048911948712,0.05138029
0.04122961,0.03131021,106475.8,0.020476115384615384,2280.55396101548,14639.747344002266,0.05118389
0.04132116,0.03134867,106212.8,0.020425538461538464,2269.4202111704294,14568.27554920628,0.05098827
0.04141273,0.03138711,105949.7,0.020374942307692306,2258.2295018310824,14496.438109650475,0.0507917
0.04150431,0.03142551,105689.3,0.020324865384615386,2247.065164388674,14424.769961378612,0.05059656
0.04159591,0.03146388,105428.9,0.020274788461538462,2235.845416797763,14352.746114189624,0.05040051
0.04168752,0.03150222,105171.6,0.020225307692307692,2224.712018786852,14281.276577951428,0.05020665
0.04177914,0.03154052,104914.4,0.020175846153846152,2213.523323289148,14209.452066014677,0.05001181
0.04187078,0.03157879,104660.8,0.020127076923076925,2202.3889654565123,14137.976368314055,0.04981881
0.04196243,0.03161703,104407.3,0.020078326923076924,2191.1945592032052,14066.115196854837,0.04962479
0.04205409,0.03165523,104158.7,0.02003051923076923,2179.9804160714802,13994.127326830998,0.04943189
0.04214577,0.0316934,103910.0,0.01998269230769231,2168.7006378754954,13921.718120248544,0.04923792
0.04223746,0.03173155,103667.4,0.01993603846153846,2157.409566227383,13849.236416681317,0.04904539
0.04232917,0.03176965,103424.8,0.019889384615384614,2146.061489788006,13776.388777575714,0.04885194
0.04242088,0.03180773,103188.6,0.01984396153846154,2134.8425055933044,13704.369830918715,0.04866158
0.04251261,0.03184577,102952.4,0.01979853846153846,2123.5767720269864,13632.050782180968,0.04847042
0.04260436,0.03188378,102721.8,0.01975419230769231,2112.5673822601184,13561.377302248562,0.04828356
0.04269612,0.03192175,102491.3,0.019709865384615385,2101.51690094252,13490.440039949703,0.04809589
0.0427879,0.0319597,102265.5,0.01966644230769231,2090.618533945765,13420.479257603796,0.04791095
0.04287968,0.0319976,102039.7,0.01962301923076923,2079.6734692757786,13350.218705048828,0.04772511
0.04297148,0.03203548,101818.0,0.019580384615384614,2068.720102161066,13279.90485592855,0.04753998
0.04306329,0.03207332,101596.4,0.01953776923076923,2057.7172645501178,13209.27343678877,0.04735391
0.04315512,0.03211114,101378.8,0.019495923076923077,2046.5777996697398,13137.764954997134,0.04716701
0.04324696,0.03214892,101161.2,0.01945407692307692,2035.38752405629,13065.9302996936,0.04697926
0.04333882,0.03218667,100947.2,0.019412923076923078,2024.129127427521,12993.658349561645,0.04679144
0.04343068,0.03222438,100733.2,0.01937176923076923,2012.8263382563066,12921.101426736006,0.04660284
0.04352256,0.03226207,100521.4,0.019331038461538462,2001.5248687751396,12848.552975505076,0.04641474
0.04361445,0.03229972,100309.7,0.019290326923076924,1990.1835477179186,12775.748701778968,0.04622591
0.04370636,0.03233733,100098.2,0.019249653846153847,1978.8771110349103,12703.168364181302,0.04603759
0.04379828,0.03237492,99886.7,0.01920898076923077,1967.5312896357998,12630.33520104089,0.04584843
0.04389022,0.03241247,99673.74,0.019168026923076925,1956.0878237334164,12556.87522052107,0.04565787
0.04398216,0.03244999,99460.74,0.019127065384615387,1944.5984161156546,12483.120322574523,0.0454664
0.04407412,0.03248748,99245.05,0.019085586538461537,1932.8679098216485,12407.817720094112,0.04527162
0.04416609,0.03252493,99029.3,0.019044096153846155,1921.1720054111772,12332.737240326529,0.04507687
0.04425808,0.03256236,98809.86,0.019001896153846155,1915.5559939259406,12296.685916555936,0.04495302
0.04435008,0.03259975,98590.16,0.018959646153846155,1906.6143940268787,12239.286369949665,0.04479003
0.04444209,0.03263711,98366.19,0.018916575,1894.2190165221339,12159.71570510024,0.04458583
0.04453411,0.03267444,98142.14,0.01887348846153846,1881.7789452603176,12079.858133945343,0.04438077
0.04462615,0.03271173,97912.11,0.018829251923076922,1869.1920086902396,11999.057778255064,0.04417323
0.0447182,0.03274899,97681.98,0.018784996153846153,1856.5506789552705,11917.908252054087,0.04396467
0.04481027,0.03278623,97444.51,0.018739328846153844,1843.7478603222169,11835.72206690654,0.04375322
0.04490234,0.03282342,97206.94,0.01869364230769231,1830.8843875475502,11753.146519646207,0.04354065
0.04499443,0.03286059,96961.08,0.01864636153846154,1817.8358644886732,11669.38306389825,0.04332485
0.04508654,0.03289773,96715.1,0.018599057692307693,1804.723086249766,11585.207129595845,0.04310784
0.04517866,0.03293483,96460.34,0.018550065384615386,1791.4284831145553,11499.863991803306,0.04288766
0.04527078,0.0329719,96205.45,0.018501048076923075,1778.0638793724697,11414.0714933659,0.0426662
0.04536293,0.03300894,95941.61,0.018450309615384616,1764.5721667418002,11327.463034400545,0.0424423
0.04545508,0.03304594,95677.65,0.018399548076923077,1751.0057029736677,11240.374719319158,0.04221706
0.04554725,0.03308292,95404.81,0.018347078846153844,1737.379231627471,11152.901192663478,0.0419903
0.04563942,0.03311986,95131.85,0.01829458653846154,1723.6747004525937,11064.926570138488,0.04176214
0.04573162,0.03315677,94850.42,0.018240465384615386,1709.971363602197,10976.959614438727,0.04153337
0.04582383,0.03319365,94568.86,0.01818631923076923,1696.1853844376187,10888.46214614412,0.0413031
0.04591604,0.0332305,94279.72,0.018130715384615383,1682.4501104374262,10800.290173675676,0.04107309
0.04600827,0.03326732,93990.46,0.018075088461538463,1668.6295852638766,10711.570941348413,0.04084155
0.04610052,0.0333041,93694.84,0.01801823846153846,1654.9767106773468,10623.927922203562,0.04061201
0.04619277,0.03334085,93399.11,0.017961367307692308,1641.2377945332921,10535.732569421893,0.04038093
0.04628504,0.03337757,93098.22,0.017903503846153846,1627.807605454944,10449.519053648888,0.04015387
0.04637733,0.03341426,92797.24,0.017845623076923077,1614.2943708113041,10362.77243665807,0.03992534
0.04646961,0.03345091,92492.43,0.017787005769230767,1601.1766468694798,10278.564753998735,0.03970212
0.04656193,0.03348754,92187.56,0.01772837692307692,1587.973910041922,10193.811341139899,0.03947733
0.04665423,0.03352412,91880.74,0.017669373076923078,1575.147687784581,10111.474919184822,0.03925797
0.04674657,0.03356069,91573.88,0.01761036153846154,1562.2318051118905,10028.562932761677,0.039037
0.04683892,0.03359722,91267.68,0.01755147692307692,1549.6879520407997,9948.039146514899,0.03882184
0.04693128,0.03363372,90961.45,0.017492586538461537,1537.0511328421387,9866.918575170093,0.03860509
0.04702365,0.03367019,90658.71,0.01743436730769231,1524.9157242921622,9789.01675038328,0.03839634
0.04711603,0.03370662,90355.96,0.017376146153846157,1512.6926186106364,9710.55196419734,0.03818609
0.04720842,0.03374303,90059.18,0.017319073076923076,1501.1059036026836,9636.17241292908,0.03798592
0.04730083,0.0337794,89762.41,0.017262001923076923,1489.438911534436,9561.277532534506,0.03778437
0.04739325,0.03381575,89473.87,0.01720651346153846,1478.464943106944,9490.831435715116,0.03759391
0.04748568,0.03385206,89185.39,0.017151036538461537,1467.4163401789076,9419.906231516645,0.03740209
0.04757812,0.03388834,88907.37,0.017097571153846153,1457.0389018671451,9353.289489462217,0.03722138
0.04767058,0.03392458,88629.43,0.017044121153846153,1446.593174005945,9286.234370694458,0.03703944
0.04776305,0.0339608,88364.09,0.01699309423076923,1436.8469625690893,9223.669715160826,0.03686921
0.04785552,0.03399698,88098.83,0.01694208269230769,1427.0410822274132,9160.72202212587,0.0366979
0.04794802,0.03403314,87847.88,0.016893823076923078,1417.9623446074702,9102.442136084817,0.0365388
0.04804052,0.03406926,87597.04,0.016845584615384615,1408.8345278374047,9043.847192224508,0.03637876
0.04813304,0.03410535,87361.92,0.01680036923076923,1400.397574080558,8989.687162045582,0.03623049
0.04822557,0.0341414,87126.91,0.016755175,1391.919105167916,8935.260630217419,0.03608139
0.04831811,0.03417743,86908.81,0.016713232692307692,1384.0596675403467,8884.807896758603,0.03594313
0.04841066,0.03421343,86690.84,0.016671315384615384,1376.1653248406724,8834.131094303668,0.03580415
0.04850322,0.03424939,86490.43,0.016632775,1368.848426108755,8787.161125336468,0.03567543
0.04859581,0.03428533,86290.16,0.01659426153846154,1361.5086341986294,8740.044196310178,0.03554619
0.04868839,0.03432123,86107.47,0.016559128846153848,1354.7110100305142,8696.40764919845,0.0354266
0.048781,0.0343571,85924.9,0.01652401923076923,1347.9007559293013,8652.690025719892,0.03530662
0.0488736,0.03439294,85759.39,0.016492190384615385,1341.5706461193968,8612.054631924811,0.03519524
0.04896624,0.03442875,85594.0,0.016460384615384616,1335.2340526307592,8571.377616918337,0.03508357
0.04905887,0.03446453,85444.89,0.016431709615384614,1329.291914517978,8533.232761702744,0.03497912
0.04915152,0.03450028,85295.88,0.016403053846153846,1323.3483275857031,8495.078605961182,0.03487446
0.04924419,0.034536,85162.02,0.016377311538461538,1317.7542963345495,8459.168381712476,0.03477618
0.04933686,0.03457169,85028.26,0.01635158846153846,1312.1649542169696,8423.288258804037,0.0346778
0.04942955,0.03460735,84907.98,0.01632845769230769,1306.8874766045333,8389.410113326921,0.03458495
0.04952225,0.03464297,84787.79,0.01630534423076923,1301.6204581322165,8355.599109066985,0.0344921
0.04961496,0.03467857,84678.99,0.016284421153846155,1296.5943575823298,8323.33464901311,0.03440343
0.04970768,0.03471413,84570.26,0.016263511538461537,1291.5808912285559,8291.151292691988,0.03431478
0.04980041,0.03474966,84470.59,0.01624434423076923,1286.708361565168,8259.872662842601,0.0342286
0.04989315,0.03478516,84370.98,0.01622518846153846,1281.8488619343614,8228.67767775152,0.03414244
0.04998591,0.03482063,84277.97,0.016207301923076924,1277.032598648869,8197.76024328292,0.03405708
0.05007868,0.03485607,84184.99,0.016189421153846154,1272.2282772073577,8166.919468074173,0.03397173
0.05017146,0.03489148,84096.1,0.016172326923076925,1267.3847292831597,8135.82688308344,0.03388576
0.05026425,0.03492686,84007.23,0.01615523653846154,1262.5525642088842,8104.80736895609,0.03379981
0.05035705,0.03496221,83919.8,0.016138423076923078,1257.6236073025577,8073.166511071734,0.03371214
0.05044987,0.03499753,83832.36,0.016121607692307693,1252.70466601814,8041.589947291681,0.03362446
0.05054269,0.03503281,83743.7,0.016104557692307692,1247.6387359844662,8009.069806561333,0.03353408
0.05063553,0.03506807,83655.02,0.016087503846153848,1242.5808706442,7976.60143617973,0.03344367
0.05072839,0.0351033,83562.46,0.016069703846153846,1237.3276535066004,7942.879027961248,0.03334961
0.05082125,0.03513849,83469.86,0.016051896153846154,1232.0780010177236,7909.179502585076,0.03325542
0.0509141,0.03517365,83371.01,0.01603288653846154,1226.5594242820932,7873.753649704952,0.03315632
0.051007,0.03520878,83272.11,0.016013867307692307,1221.0386431281597,7838.313645821367,0.03305702
0.05109989,0.03524388,83165.0,0.01599326923076923,1215.1883619313958,7800.758455250978,0.03295182
0.0511928,0.03527896,83057.82,0.015972657692307695,1209.329921862162,7763.150889760455,0.03284633
0.05128572,0.035314,82940.87,0.015950167307692307,1203.1373970164148,7723.398706425653,0.0327348
0.05137864,0.03534901,82823.85,0.015927663461538462,1196.9320068917996,7683.563935949587,0.0326229
0.05147159,0.035384,82695.81,0.015903040384615385,1190.3920389928476,7641.581382887826,0.03250487
0.05156454,0.03541894,82567.69,0.015878401923076924,1183.8335858353266,7599.480165887537,0.03238638
0.05165752,0.03545387,82427.72,0.015851484615384617,1176.9457836644563,7555.264731716397,0.03226181
0.05175049,0.03548876,82287.67,0.015824551923076923,1170.0332739763464,7510.890690550612,0.03213666
0.05184348,0.03552362,82135.47,0.01579528269230769,1162.8018001619917,7464.4690967726765,0.03200564
0.05193648,0.03555845,81983.18,0.015765996153846152,1155.5410211109063,7417.859381481756,0.03187399
0.05202949,0.03559325,81818.72,0.01573436923076923,1148.033951360464,7369.668632076579,0.03173756
0.05212251,0.03562802,81654.16,0.015702723076923077,1140.4933995251224,7321.262948373924,0.03160043
0.05221554,0.03566276,81477.6,0.015668769230769233,1132.7927945038434,7271.829822109602,0.03145982
0.05230858,0.03569747,81300.93,0.01563479423076923,1125.0558390462822,7222.163348504188,0.03131844
0.05240164,0.03573215,81112.7,0.015598596153846154,1117.2139347995278,7171.823168516856,0.03117443
0.05249471,0.0357668,80924.37,0.015562378846153845,1109.3306337809315,7121.21724683212,0.03102954
0.05258779,0.03580142,80725.33,0.015524101923076924,1101.3587085748902,7070.042412622206,0.03088241
0.05268088,0.03583601,80526.2,0.015485807692307691,1093.3400521146843,7018.567592634393,0.0307343
0.05277398,0.03587057,80317.75,0.015445721153846154,1085.2554996952676,6966.6697613035785,0.03058451
0.05286709,0.03590509,80109.21,0.015405617307692309,1077.119076769786,6914.438953373054,0.03043367
0.05296021,0.03593959,79893.0,0.015364038461538462,1068.9951866958318,6862.288598605662,0.03028256
0.05305334,0.03597406,79676.72,0.015322446153846155,1060.8181725946029,6809.797220406906,0.0301304
0.05314648,0.0360085,79454.4,0.015279692307692307,1052.7579810727607,6758.0557709866525,0.0299797
0.05323964,0.03604291,79232.02,0.015236926923076924,1044.6447733044859,6705.973990021448,0.02982795
0.05333281,0.03607729,79005.13,0.015193294230769231,1036.7357685318923,6655.203066117625,0.02967913
0.05342599,0.03611164,78778.18,0.015149649999999999,1028.7748381564725,6604.098811926926,0.02952925
0.05351918,0.03614596,78548.23,0.015105428846153846,1021.0430158653454,6554.465290078391,0.02938282
0.05361238,0.03618025,78318.24,0.0150612,1013.2594599525228,6504.49967034322,0.02923533
0.05370559,0.03621451,78086.86,0.015016703846153846,1005.7217983161621,6456.1125399322555,0.02909173
0.05379881,0.03624873,77855.44,0.0149722,998.1335652273556,6407.400772043167,0.02894709
0.05389204,0.03628293,77624.15,0.014927721153846153,990.8140108244625,6360.413755309163,0.02880686
0.05398529,0.0363171,77392.83,0.014883236538461539,983.4452975612301,6313.111169065562,0.02866565
0.05407854,0.03635124,77163.02,0.01483904230769231,976.3903783270363,6267.822946604494,0.02852967
0.05417181,0.03638535,76933.2,0.014794846153846153,969.2898926654843,6222.242215833911,0.02839274
0.05426508,0.03641943,76706.05,0.014751163461538461,962.5045256125708,6178.684351828475,0.02826117
0.05435837,0.03645348,76478.9,0.014707480769230768,955.6767394329477,6134.8541832390665,0.02812871
0.05445167,0.03648751,76255.48,0.014664515384615384,949.1509027820313,6092.96234405842,0.02800152
0.05454498,0.0365215,76032.07,0.014621551923076924,942.5843699828589,6050.809260750897,0.02787347
0.05463829,0.03655546,75813.33,0.014579486538461538,936.3238788566517,6010.620775889864,0.02775087
0.05473162,0.0365894,75594.59,0.014537421153846153,930.0268687993242,5970.197862054986,0.02762751
0.05482496,0.0366233,75381.14,0.014496373076923077,924.0679602719545,5931.94535113967,0.02751012
0.05491832,0.03665717,75167.7,0.014455326923076923,918.0780177548475,5893.493621185208,0.02739208
0.05501167,0.03669102,74959.85,0.01441535576923077,912.4360765446459,5857.275844601537,0.02728015
0.05510505,0.03672483,74752.01,0.014375386538461538,906.7687359454169,5820.895019633828,0.02716763
0.05519843,0.03675862,74549.9,0.014336519230769229,901.4120472660945,5786.50838804944,0.02706063
0.05529183,0.03679237,74347.82,0.014297657692307694,896.0332822555854,5751.980040059134,0.0269531
0.05538523,0.0368261,74151.53,0.014259909615384616,890.9439110409126,5719.309421430373,0.02685077
0.05547865,0.03685979,73955.27,0.014222167307692308,885.8355479486854,5686.516886682222,0.02674797
0.05557208,0.03689346,73764.77,0.014185532692307693,881.003230285748,5655.496393029943,0.02665014
0.05566551,0.0369271,73574.29,0.014148901923076922,876.1555537682166,5624.377305020943,0.02655192
0.05575896,0.0369607,73389.4,0.014113346153846153,871.5748899984027,5594.9722738731425,0.02645848
0.05585242,0.03699428,73204.53,0.014077794230769231,866.9814012762818,5565.484914455683,0.02636468
0.05594589,0.03702783,73025.05,0.014043278846153846,862.617123254843,5537.468946114203,0.02627505
0.05603937,0.03706135,72845.6,0.014008769230769233,858.2415857616859,5509.380698921181,0.0261851
0.05613286,0.03709484,72671.37,0.01397526346153846,854.0674316302085,5482.585208481419,0.02609886
0.05622636,0.0371283,72497.15,0.013941759615384615,849.8833540389323,5455.726015561156,0.02601234
0.05631987,0.03716174,72327.9,0.013909211538461537,845.899557189153,5430.152501253855,0.02592951
0.05641339,0.03719514,72158.67,0.013876667307692308,841.9080563671471,5404.529532204911,0.02584643
0.05650692,0.03722851,71994.08,0.013845015384615385,838.1104741014731,5380.151400471174,0.02576692
0.05660046,0.03726186,71829.51,0.013813367307692307,834.3068092725196,5355.734222439416,0.02568719
0.05669401,0.03729518,71669.22,0.013782542307692307,830.6919377246957,5332.528980622818,0.0256109
0.05678757,0.03732846,71508.96,0.013751723076923078,827.0716829400856,5309.289181752193,0.02553442
0.05688115,0.03736172,71352.71,0.013721675000000001,823.6236189973408,5287.154741694801,0.02546109
0.05697473,0.03739495,71196.49,0.013691632692307693,820.1703162857968,5264.986671978594,0.02538756
0.05706832,0.03742815,71044.13,0.013662332692307693,816.8708208608175,5243.805950009235,0.0253169
0.05716193,0.03746132,70891.8,0.013633038461538462,813.5660838287523,5222.591580161016,0.02524605
0.05725554,0.03749446,70743.3,0.01360448076923077,810.3904292816466,5202.205840110051,0.02517767
0.05734916,0.03752758,70594.82,0.013575926923076924,807.2086310757393,5181.780661565563,0.02510909
0.0574428,0.03756066,70450.17,0.013548109615384616,804.1472261187479,5162.128333291746,0.02504289
0.05753644,0.03759372,70305.54,0.013520296153846152,801.0809718964152,5142.444875730653,0.02497654
0.05763009,0.03762675,70164.61,0.01349319423076923,798.1609768239363,5123.7003115424895,0.02491298
0.05772376,0.03765974,70023.7,0.013466096153846153,795.237853500241,5104.935665914371,0.0248493
0.05781744,0.03769271,69886.24,0.01343966153846154,792.4852374117758,5087.2655713851345,0.02478876
0.05791112,0.03772565,69748.8,0.01341323076923077,789.732065382383,5069.591908058644,0.02472812
0.05800482,0.03775856,69614.6,0.013387423076923078,787.1240904431852,5052.850320338288,0.02467015
0.05809852,0.03779144,69480.41,0.013361617307692308,784.5149896122884,5036.101505088879,0.02461204
0.05819224,0.03782429,69349.43,0.013336428846153844,781.9976245933398,5019.941577071378,0.02455573
0.05828596,0.03785711,69218.46,0.013311242307692308,779.4774428627862,5003.7635675057345,0.02449927
0.0583797,0.03788991,69090.86,0.013286703846153847,777.0110702661831,4987.930979333007,0.02444404
0.05847344,0.03792268,68963.28,0.01326216923076923,774.5402830275028,4972.070051885818,0.02438867
0.0585672,0.03795542,68839.16,0.013238300000000001,772.148037029826,4956.713310677602,0.02433498
0.05866097,0.03798813,68715.05,0.013214432692307694,769.7529443192384,4941.338295331396,0.02428119
0.05875474,0.03802081,68594.34,0.01319121923076923,767.4640823043476,4926.64521541481,0.02422952
0.05884851,0.03805346,68473.65,0.013168009615384614,765.1741544975122,4911.945293772462,0.02417779
0.05894232,0.03808609,68356.09,0.013145401923076923,763.0061003437237,4898.0277256806085,0.02412835
0.05903611,0.03811868,68238.55,0.013122798076923077,760.8384513592214,4884.112758525231,0.02407885
0.05912994,0.03815125,68123.94,0.013100757692307693,758.7612631064338,4870.778493374496,0.02403109
0.05922376,0.03818379,68009.35,0.013078721153846154,756.6841306125482,4857.4445861614595,0.02398326
0.05931759,0.03821629,67897.57,0.013057225000000002,754.6721803388717,4844.529108528032,0.0239367
0.05941144,0.03824878,67785.8,0.01303573076923077,752.6598851280994,4831.611416611576,0.02389007
0.05950529,0.03828123,67676.78,0.013014765384615384,750.686645464891,4818.944437179231,0.02384442
0.05959917,0.03831366,67567.77,0.012993801923076923,748.7125948427143,4806.272251891377,0.0237987
0.05969304,0.03834605,67461.38,0.012973342307692308,746.7814267963549,4793.8753462444165,0.02375416
0.05978693,0.03837842,67355.01,0.012952886538461538,744.8506266475779,4781.480802272621,0.02370956
0.05988082,0.03841076,67250.95,0.012932875,742.9699505336733,4769.4080236345735,0.02366619
0.05997472,0.03844307,67146.89,0.012912863461538462,741.0902821213767,4757.34171381822,0.02362277
0.06006864,0.03847536,67044.76,0.012893223076923076,739.2665576569722,4745.634529581251,0.02358052
0.06016256,0.03850761,66942.64,0.012873584615384615,737.4445907613842,4733.938627850135,0.02353823
0.0602565,0.03853984,66842.01,0.01285423269230769,735.6662595927417,4722.522840524805,0.02349674
0.06035044,0.03857203,66741.39,0.012834882692307693,733.8891491237935,4711.114889337279,0.02345521
0.06044439,0.0386042,66641.88,0.012815746153846154,732.1366540011087,4699.8649534636825,0.02341407
0.06053834,0.03863634,66542.37,0.012796609615384615,730.3845386889382,4688.617455738914,0.02337287
0.06063232,0.03866845,66443.6,0.012777615384615386,728.6384607441015,4677.408714182121,0.02333171
0.06072629,0.03870054,66344.83,0.012758621153846154,726.8923063733595,4666.199482018236,0.02329049
0.06082029,0.0387326,66246.44,0.0127397,725.1518838850023,4655.027044997705,0.02324927
0.0609143,0.03876463,66148.03,0.012720775,723.4115758347871,4643.855342599337,0.02320801
0.06100831,0.03879663,66049.58,0.012701842307692309,721.6815331404191,4632.749537442854,0.02316679
0.06110233,0.0388286,65951.11,0.012682905769230769,719.9513611264207,4621.642902134246,0.02312552
0.06119636,0.03886055,65852.13,0.012663871153846155,718.233032490104,4610.612293992688,0.02308427
0.0612904,0.03889246,65753.14,0.012644834615384615,716.51433458248,4599.579315357499,0.02304295
0.06138444,0.03892435,65653.15,0.012625605769230767,714.79418357874,4588.537008743068,0.02300138
0.0614785,0.03895621,65553.16,0.012606376923076923,713.0730711516178,4577.488530384559,0.02295973
0.06157257,0.03898804,65451.72,0.01258686923076923,711.3388281407487,4566.3557617913875,0.0229176
0.06166664,0.03901985,65350.27,0.012567359615384615,709.6030790971485,4555.213325398615,0.02287537
0.06176073,0.03905162,65246.95,0.012547490384615384,707.8475934882778,4543.944192451436,0.02283253
0.06185483,0.03908337,65143.62,0.012527619230769232,706.0899070609381,4532.660931609506,0.02278961
0.06194893,0.03911509,65038.02,0.012507311538461538,704.3197743328168,4521.297773206753,0.02274615
0.06204305,0.03914679,64932.41,0.012487001923076923,702.5464079275008,4509.913856594401,0.02270259
0.06213717,0.03917845,64824.17,0.012466186538461538,700.7570477927959,4498.427270121418,0.02265842
0.0622313,0.03921009,64715.92,0.01244536923076923,698.9633184669161,4486.912636140683,0.02261412
0.06232544,0.0392417,64604.78,0.012423996153846154,697.1461069493608,4475.247260998332,0.02256908
0.06241959,0.03927328,64493.62,0.012402619230769232,695.3230953869536,4463.544653151705,0.02252389
0.06251376,0.03930483,64379.42,0.012380657692307692,693.4715737340547,4451.659028139648,0.0224779
0.06260793,0.03933636,64265.21,0.01235869423076923,691.6135102506063,4439.731408617465,0.02243175
0.06270211,0.03936786,64147.83,0.012336121153846155,689.744226371752,4427.731761089521,0.02238511
0.0627963,0.03939933,64030.43,0.012313544230769231,687.8685006582305,4415.690760963228,0.02233832
0.06289049,0.03943077,63909.7,0.012290326923076923,685.9987966332043,4403.688416356456,0.02229132
0.0629847,0.03946219,63788.95,0.012267105769230768,684.1230455161839,4391.647253155397,0.02224417
0.06307892,0.03949358,63664.72,0.012243215384615385,682.2586359259902,4379.678895548977,0.02219687
0.06317314,0.03952493,63540.48,0.012219323076923078,680.3873391231575,4367.666326292817,0.0221494
0.06326738,0.03955627,63412.7,0.012194749999999999,678.5176257993555,4355.66392199365,0.02210162
0.06336162,0.03958757,63284.91,0.012170175,676.639543679027,4343.6077951916095,0.02205364
0.06345588,0.03961885,63153.71,0.012144944230769231,674.7560469052661,4331.516909660085,0.02200529
0.06355014,0.0396501,63022.49,0.012119709615384614,672.8623575043364,4319.360593759854,0.02195671
0.06364441,0.03968132,62888.11,0.012093867307692309,670.9735510722626,4307.235623502639,0.02190801
0.06373869,0.03971252,62753.71,0.012068021153846155,669.0737173046972,4295.039864565027,0.02185908
0.06383298,0.03974369,62616.41,0.012041617307692308,667.2046300274776,4283.041479098103,0.02181052
0.06392728,0.03977482,62479.09,0.012015209615384615,665.3248626732134,4270.974534135451,0.02176173
0.06402158,0.03980594,62339.1,0.011988288461538462,663.4965807031689,4259.238093528219,0.0217137
0.0641159,0.03983702,62199.1,0.011961365384615385,661.6582053786748,4247.436859821801,0.02166545
0.06421023,0.03986808,62056.72,0.011933984615384616,659.874904980893,4235.989173115734,0.02161803
0.06430456,0.03989911,61914.33,0.011906601923076923,658.0813067415319,4224.475380629455,0.02157038
0.06439889,0.03993011,61769.95,0.011878836538461538,656.3355878392244,4213.268943903858,0.02152348
0.06449325,0.03996108,61625.56,0.01185106923076923,654.5793227624481,4201.994807254335,0.02147635
0.06458761,0.03999203,61479.63,0.011823005769230769,652.8707883630958,4191.027072062523,0.02143002
0.06468198,0.04002295,61333.7,0.011794942307692307,651.1506279889971,4179.98470529618,0.02138345
0.06477637,0.04005385,61186.71,0.011766674999999999,649.4950528568825,4169.356935878096,0.02133807
0.06487075,0.04008471,61039.7,0.011738403846153846,647.8282439870273,4158.657052804706,0.02129245
0.06496516,0.04011555,60892.11,0.011710021153846154,646.2374444748601,4148.445102843776,0.02124826
0.06505955,0.04014636,60744.51,0.01168163653846154,644.6363950723162,4138.167354919728,0.02120387
0.06515397,0.04017715,60596.79,0.011653228846153846,643.1193349766245,4128.428766451202,0.0211611
0.0652484,0.04020791,60449.06,0.01162481923076923,641.5932024994363,4118.631938899021,0.02111813
0.06534283,0.04023864,60301.74,0.01159648846153846,640.1502201724161,4109.368883934942,0.02107682
0.06543728,0.04026935,60154.41,0.01156815576923077,638.6973378267734,4100.042276968229,0.02103532
0.06553173,0.04030002,60007.98,0.011539996153846155,637.3437240553201,4091.352912912746,0.02099583
0.06562619,0.04033067,59861.55,0.011511836538461538,635.9809520794026,4082.6047588431816,0.02095615
0.06572065,0.0403613,59716.5,0.011483942307692308,634.7325246524435,4074.590626127872,0.02091877
0.06581513,0.04039189,59571.46,0.01145605,633.4765565641254,4066.5280870257848,0.02088123
0.06590961,0.04042246,59428.32,0.011428523076923077,632.3326045585382,4059.1846219634604,0.02084598
0.06600411,0.040453,59285.19,0.011400998076923078,631.1818954532093,4051.797780495804,0.02081057
0.06609861,0.04048351,59144.51,0.01137394423076923,630.1368498593866,4045.089233485711,0.0207774
0.06619313,0.040514,59003.84,0.011346892307692306,629.0864757666628,4038.3464808049916,0.02074409
0.06628765,0.04054446,58866.14,0.011320411538461538,628.1417683418065,4032.2820428437244,0.02071307
0.06638218,0.04057489,58728.45,0.011293932692307692,627.1923825658106,4026.187572758754,0.02068193
0.06647671,0.0406053,58594.12,0.0112681,626.3657180261629,4020.8808971853773,0.0206534
0.06657126,0.04063568,58459.8,0.011242269230769231,625.538051860724,4015.567791793296,0.0206248
0.06666581,0.04066603,58329.15,0.01121714423076923,624.8301758549648,4011.0236652116196,0.02059874
0.06676038,0.04069635,58198.5,0.011192019230769231,624.1227195624823,4006.4822329298527,0.02057264
0.06685495,0.04072665,58071.82,0.011167657692307693,623.5247542971791,4002.6436653913634,0.0205489
0.06694953,0.04075692,57945.15,0.011143298076923077,622.9274542070979,3998.809367866807,0.02052513
0.06704412,0.04078717,57822.8,0.011119769230769232,622.4275892304225,3995.600543568089,0.02050356
0.06713872,0.04081739,57700.47,0.011096244230769232,621.9268522721882,3992.386121686534,0.02048195
0.06723332,0.04084758,57582.78,0.011073611538461538,621.5390544153545,3989.8966990542967,0.02046287
0.06732794,0.04087775,57465.12,0.011050984615384616,621.1518714536062,3987.4112236685824,0.02044377
0.06742256,0.04090789,57352.37,0.011029301923076924,620.8917736058022,3985.74155619232,0.02042744
0.06751719,0.040938,57239.64,0.011007623076923077,620.6351482946123,3984.0941802555444,0.02041115
0.06761184,0.04096809,57131.98,0.010986919230769231,620.5181945439788,3983.343409438682,0.0203978
0.06770649,0.04099815,57024.34,0.01096621923076923,620.4090987796246,3982.6430820385212,0.02038454
0.06780114,0.04102818,56921.85,0.010946509615384615,620.4177148304796,3982.698391761411,0.02037379
0.06789579,0.04105818,56819.38,0.010926803846153845,620.4351153502222,3982.8100923469005,0.02036312
0.06799047,0.04108815,56722.1,0.010908096153846154,620.552539230943,3983.563881108443,0.02035466
0.06808516,0.04111811,56624.84,0.010889392307692307,620.679290859404,3984.3775482471433,0.02034628
0.06817984,0.04114803,56532.86,0.010871703846153847,620.8913157231092,3985.738616868343,0.02033986
0.06827456,0.04117794,56440.89,0.010854017307692308,621.1114393491164,3987.1516745395393,0.02033355
0.06836927,0.04120781,56354.22,0.01083735,621.4333261937911,3989.217989198149,0.02032949
0.06846398,0.04123766,56267.58,0.010820688461538462,621.7645028312609,3991.3439385866186,0.02032555
0.0685587,0.04126748,56186.18,0.010805034615384615,622.2073513272525,3994.1867523081155,0.02032401
0.06865343,0.04129727,56104.8,0.010789384615384616,622.661165638884,3997.0999597905725,0.02032262
0.06874817,0.04132704,56028.55,0.010774721153846154,623.2341100618058,4000.7779089806,0.02032369
0.06884292,0.04135678,55952.32,0.010760061538461539,623.8196041538743,4004.536419292486,0.02032491
0.06893768,0.0413865,55881.09,0.01074636346153846,624.5066360448087,4008.946739535938,0.02032825
0.06903245,0.04141619,55809.88,0.01073266923076923,625.2059373325892,4013.435821726251,0.02033175
0.06912722,0.04144585,55743.57,0.010719917307692308,626.00284435762,4018.5514724420605,0.02033727
0.069222,0.04147548,55677.26,0.010707165384615386,626.8125595071198,4023.749343403206,0.02034295
0.06931679,0.04150509,55615.71,0.010695328846153845,627.7156523008442,4029.546641145035,0.02035055
0.06941159,0.04153467,55554.17,0.01068349423076923,628.6319157046483,4035.4284860658527,0.02035832
0.0695064,0.04156423,55497.19,0.010672536538461539,629.6440103285137,4041.9255082082327,0.020368
0.06960122,0.04159376,55440.23,0.010661582692307693,630.6689126345794,4048.5047477568587,0.02037784
0.06969604,0.04162326,55387.66,0.010651473076923077,631.7792004963769,4055.6321098161147,0.02038939
0.06979087,0.04165274,55335.11,0.010641367307692308,632.9024440937433,4062.8426396927634,0.02040109
0.06988571,0.04168219,55286.79,0.010632075,634.1012787986078,4070.5384177740784,0.02041431
0.06998056,0.04171162,55238.49,0.010622786538461538,635.3131923710308,4078.318154104079,0.02042768
0.07007542,0.04174102,55194.22,0.010614273076923078,636.6050842031443,4086.6113014451316,0.02044262
0.07017028,0.04177039,55149.96,0.010605761538461538,637.9105265075257,4094.9914344457143,0.02045772
0.07026515,0.04179973,55109.45,0.010597971153846154,639.2916072668437,4103.857119592263,0.02047425
0.07036003,0.04182906,55068.96,0.010590184615384616,640.6855969269279,4112.8056719057095,0.02049093
0.07045492,0.04185835,55031.92,0.010583061538461539,642.151570394366,4122.216315785738,0.02050895
0.07054982,0.04188762,54994.89,0.010575940384615385,643.6292732715397,4131.702255229019,0.02052708
0.07064472,0.04191686,54961.07,0.010569436538461539,645.1678037198894,4141.578670095723,0.02054635
0.07073963,0.04194608,54927.25,0.010562932692307693,646.7178570053179,4151.529054456859,0.02056574
0.07083455,0.04197527,54896.4,0.010557,648.3327025485166,4161.895365079691,0.02058631
0.07092948,0.04200444,54865.55,0.010551067307692308,649.9592223719618,4172.336617368519,0.020607
0.07102442,0.04203358,54837.4,0.010545653846153847,651.6573858245538,4183.237777490025,0.02062894
0.07111936,0.04206269,54809.25,0.010540240384615384,653.3666184361604,4194.209994773105,0.02065099
0.07121431,0.04209178,54783.51,0.010535290384615386,655.1453293133438,4205.628219592657,0.02067419
0.07130927,0.04212084,54757.79,0.01053034423076923,656.9335955158018,4217.107783696523,0.02069745
0.07140423,0.04214987,54734.25,0.010525817307692307,658.775030252461,4228.928656938722,0.02072156
0.0714992,0.04217888,54710.71,0.010521290384615384,660.6250796784088,4240.8048311633975,0.02074572
0.0715942,0.04220787,54689.14,0.010517142307692308,662.5153893180591,4252.939451084467,0.02077049
0.07168917,0.04223682,54667.58,0.010512996153846155,664.4138003355741,4265.1260768458305,0.0207953
0.07178418,0.04226576,54647.73,0.010509178846153848,666.351226969547,4277.563158758277,0.02082068
0.07187918,0.04229466,54627.89,0.010505363461538462,668.2965162049238,4290.050713713671,0.02084611
0.0719742,0.04232355,54609.52,0.010501830769230768,670.2806147641352,4302.787400548969,0.02087209
0.07206922,0.0423524,54591.14,0.010498296153846154,672.2722785582804,4315.572651518212,0.02089809
0.07216425,0.04238123,54573.97,0.01049499423076923,674.2990980132583,4328.583580108375,0.02092455
0.0722593,0.04241004,54556.79,0.010491690384615384,676.3326339169604,4341.6376241494545,0.02095102
0.07235435,0.04243882,54540.53,0.010488563461538461,678.3913139560176,4354.85307800371,0.02097776
0.0724494,0.04246757,54524.27,0.010485436538461538,680.455947795829,4368.106751580132,0.0210045
0.07254446,0.0424963,54508.65,0.010482432692307692,682.5444850208322,4381.513870120303,0.02103148
0.07263953,0.042525,54493.02,0.010479426923076922,684.6389466694691,4394.959019799679,0.02105846
0.07273461,0.04255368,54477.77,0.01047649423076923,686.7618498128052,4408.5867463018785,0.02108571
0.07282969,0.04258233,54462.51,0.010473559615384615,688.8898888289162,4422.247441933993,0.02111297
0.07292478,0.04261096,54447.36,0.010470646153846155,691.0470291691852,4436.094950086368,0.02114046
0.07301988,0.04263956,54432.2,0.010467730769230769,693.2076819661366,4449.965006040403,0.02116791
0.07311499,0.04266813,54416.91,0.010464790384615385,695.3857976073349,4463.947162664736,0.02119539
0.07321011,0.04269668,54401.61,0.010461848076923077,697.566440561739,4477.9455430783,0.02122281
0.07330523,0.0427252,54386.0,0.010458846153846154,699.7529677116061,4491.981696391069,0.02125005
0.07340036,0.0427537,54370.38,0.010455842307692307,701.9415894102458,4506.031295412799,0.02127723
0.0734955,0.04278217,54354.33,0.01045275576923077,704.1263232015589,4520.055936471714,0.02130409
0.07359064,0.04281062,54338.27,0.010449667307692307,706.3137203330856,4534.097674529202,0.0213309
0.0736858,0.04283904,54321.64,0.01044646923076923,708.5021080407726,4548.145771473592,0.02135745
0.07378096,0.04286743,54304.99,0.010443267307692307,710.6925160766135,4562.20683767643,0.02138392
0.07387613,0.0428958,54287.53,0.010439909615384615,712.8755723681314,4576.220710223136,0.02140998
0.0739713,0.04292415,54270.07,0.010436551923076923,715.0600059750346,4590.243424283614,0.02143595
0.07406649,0.04295247,54251.52,0.010432984615384614,717.2281032417912,4604.161269134084,0.02146135
0.07416168,0.04298076,54232.95,0.01042941346153846,719.3967132663856,4618.082405573055,0.02148666
0.07425687,0.04300903,54213.06,0.010425588461538461,721.5406697322248,4631.845281397511,0.02151127
0.07435208,0.04303728,54193.16,0.010421761538461539,723.685775246523,4645.61553340311,0.02153583
0.07444729,0.0430655,54171.77,0.010417648076923077,725.8215876658934,4659.326129481197,0.02155995
0.07454251,0.04309369,54150.36,0.01041353076923077,727.9577627600576,4673.0390537073745,0.02158399
0.07463773,0.04312186,54127.33,0.010409101923076923,730.0947502160931,4686.757192794832,0.02160773
0.07473298,0.04315001,54104.29,0.010404671153846154,732.2313073724011,4700.472569623908,0.02163137
0.07482821,0.04317812,54079.58,0.01039991923076923,734.3660644508867,4714.176391065578,0.02165462
0.07492347,0.04320621,54054.86,0.010395165384615384,736.498732277477,4727.866800800966,0.02167772
0.07501873,0.04323428,54028.43,0.010390082692307692,738.5998839153734,4741.354896077845,0.02169996
0.075114,0.04326232,54001.97,0.010384994230769232,740.6990909018168,4754.8305078939375,0.02172206
0.07520927,0.04329034,53973.75,0.010379567307692308,742.7455300521372,4767.9673828057785,0.021743
0.07530455,0.04331833,53945.52,0.010374138461538462,744.7905401436275,4781.095084042903,0.02176381
0.07539984,0.0433463,53915.39,0.01036834423076923,746.7814200404838,4793.875302875897,0.02178349
0.07549513,0.04337424,53885.24,0.010362546153846153,748.771621518403,4806.65116667849,0.02180309
0.07559043,0.04340216,53853.09,0.01035636346153846,750.7276789109985,4819.207846549909,0.02182188
0.07568574,0.04343005,53820.92,0.010350176923076923,752.6825695510549,4831.757036590927,0.02184057
0.07578106,0.04345792,53786.64,0.010343584615384616,754.6158824003224,4844.167710547349,0.02185864
0.07587639,0.04348577,53752.35,0.010336990384615384,756.5481261095196,4856.571521285108,0.02187661
0.07597172,0.04351359,53715.9,0.01032998076923077,758.4546645332543,4868.810319972723,0.02189387
0.07606706,0.04354138,53679.44,0.010322969230769231,760.3594358501249,4881.037774926111,0.021911
0.0761624,0.04356915,53640.79,0.01031553653846154,762.2285430609512,4893.036288354473,0.02192728
0.07625775,0.04359689,53602.12,0.0103081,764.0957527511979,4905.022620873136,0.02194344
0.07635312,0.04362461,53561.22,0.010300234615384615,765.9267002719072,4916.776172668672,0.02195876
0.07644848,0.0436523,53520.3,0.010292365384615386,767.7549782300061,4928.512587521693,0.02197394
0.07654386,0.04367997,53477.17,0.010284071153846153,769.547226103908,4940.017711496073,0.02198829
0.07663924,0.04370761,53434.03,0.010275775,771.3375340467817,4951.510382311879,0.02200254
0.07673463,0.04373523,53388.73,0.010267063461538462,773.0922026904607,4962.774270847305,0.02201596
0.07683003,0.04376282,53343.42,0.01025835,774.8446988473258,4974.024213359701,0.02202927
0.07692543,0.04379039,53296.01,0.010249232692307693,776.5572541497553,4985.017760264873,0.02204171
0.07702084,0.04381794,53248.58,0.010240111538461539,778.2682356329872,4996.001204223211,0.02205404
0.07711626,0.04384546,53199.09,0.010230594230769231,779.935507968572,5006.704062460224,0.02206548
0.07721169,0.04387295,53149.59,0.010221075,781.6006674826253,5017.393357688454,0.0220768
0.07730712,0.04390042,53098.08,0.010211169230769231,783.2269752865739,5027.833248943113,0.02208734
0.07740256,0.04392787,53046.56,0.010201261538461537,784.8511505535353,5038.2594506279465,0.02209777
0.077498,0.04395529,52993.12,0.010190984615384617,786.439278313781,5048.454249592335,0.02210746
0.07759346,0.04398269,52939.67,0.01018070576923077,788.025766582418,5058.6385240335885,0.02211705
0.07768892,0.04401006,52884.38,0.010170073076923077,789.5826490576377,5068.6327475736325,0.02212603
0.07778439,0.04403741,52829.07,0.010159436538461538,791.1383636994392,5078.619474344701,0.0221349
0.07787986,0.04406473,52771.98,0.010148457692307693,792.6623542907708,5088.4025523130895,0.02214314
0.07797534,0.04409203,52714.87,0.010137475,794.1849629617199,5098.176759206469,0.02215128
0.07807083,0.0441193,52656.06,0.010126165384615384,795.6789724333318,5107.767376910689,0.02215887
0.07816632,0.04414655,52597.23,0.010114851923076923,797.1714939016928,5117.348442553431,0.02216635
0.07826183,0.04417378,52536.82,0.010103234615384616,798.6420719304804,5126.788644872303,0.02217338
0.07835734,0.04420098,52476.4,0.010091615384615385,800.1118468054538,5136.223691439933,0.02218033
0.07845286,0.04422815,52414.5,0.010079711538461539,801.5639371353337,5145.545214154811,0.0221869
0.07854838,0.04425531,52352.6,0.010067807692307692,803.0155023641147,5154.863366045078,0.02219338
0.07864391,0.04428243,52289.34,0.010055642307692307,804.4480332265555,5164.059329064204,0.02219949
0.07873945,0.04430954,52226.07,0.010043475,805.8801890406323,5173.252884504564,0.02220551
0.07883499,0.04433661,52161.59,0.010031074999999999,807.2927329626317,5182.320543715385,0.02221118
0.07893054,0.04436367,52097.1,0.010018673076923076,808.704709241438,5191.384559007636,0.02221676
0.0790261,0.0443907,52031.54,0.010006065384615384,810.1026174013955,5200.358265669146,0.02222209
0.07912165,0.0444177,51965.98,0.009993457692307693,811.500515519866,5209.3319078705135,0.02222734
0.07921722,0.04444468,51899.48,0.009980669230769231,812.8897584197772,5218.249988916529,0.02223244
0.07931281,0.04447164,51832.98,0.00996788076923077,814.2795686350335,5227.171711776534,0.02223747
0.07940838,0.04449857,51765.68,0.009954938461538462,815.6629496192058,5236.052162945408,0.02224239
0.07950399,0.04452548,51698.38,0.009941996153846153,817.0473903269188,5244.939416884642,0.02224725
0.07959959,0.04455237,51630.43,0.009928928846153847,818.426812521148,5253.794455068098,0.02225205
0.0796952,0.04457923,51562.48,0.009915861538461539,819.8072524133827,5262.656026243944,0.02225679
0.07979081,0.04460607,51494.01,0.009902694230769232,821.1864656449163,5271.509723016007,0.02226154
0.07988643,0.04463288,51425.54,0.009889526923076923,822.567147043131,5280.3728445110255,0.02226624
0.07998205,0.04465967,51356.69,0.009876286538461539,823.9545411663893,5289.2790575532335,0.02227108
0.08007769,0.04468643,51287.84,0.009863046153846153,825.3441962538656,5298.199784588739,0.02227587
0.08017332,0.04471317,51218.7,0.009849749999999999,826.7463368667818,5307.200660983139,0.02228089
0.08026897,0.04473988,51149.56,0.009836453846153845,828.151206520632,5316.219056134141,0.02228587
0.08036463,0.04476658,51080.23,0.009823121153846155,829.5685020851071,5325.31721795376,0.02229109
0.08046029,0.04479324,51010.9,0.009809788461538462,830.9889596866883,5334.435678097872,0.02229628
0.08055595,0.04481989,50941.43,0.009796428846153846,832.4317752790062,5343.697662728183,0.02230185
0.08065163,0.0448465,50871.97,0.009783071153846154,833.8779458310106,5352.981184126754,0.0223074
0.0807473,0.0448731,50802.47,0.00976970576923077,835.3530875635454,5362.450682603907,0.02231342
0.08084299,0.04489967,50732.97,0.009756340384615385,836.8320362174101,5371.944619163816,0.02231942
0.08093868,0.04492621,50663.56,0.009742992307692308,838.3455522586621,5381.660456992604,0.02232597
0.08103438,0.04495274,50594.14,0.009729642307692308,839.8635909142816,5391.405327211242,0.0223325
0.08113009,0.04497923,50524.95,0.009716336538461538,841.4090655152256,5401.326319247019,0.02233949
0.08122581,0.04500571,50455.77,0.009703032692307692,842.9594031488264,5411.27852894773,0.02234646
0.08132152,0.04503216,50386.95,0.009689798076923077,844.5320235519573,5421.373780260971,0.02235384
0.08141722,0.04505858,50318.14,0.009676565384615384,846.1094330070895,5431.49977432905,0.0223612
0.08151292,0.04508497,50249.8,0.009663423076923078,847.7181916328483,5441.827010702841,0.02236912
0.08160865,0.04511135,50181.46,0.009650280769230768,849.3328071654984,5452.191844800068,0.02237704
0.08170442,0.04513771,50113.67,0.00963724423076923,850.9835830626901,5462.78880609525,0.02238558
0.08180021,0.04516405,50045.89,0.009624209615384615,852.6404494536818,5473.424864597495,0.02239412
0.08189594,0.04519035,49978.85,0.009611317307692307,854.3343101837906,5484.298403899183,0.02240332
0.08199168,0.04521663,49911.82,0.009598426923076922,856.0356692602273,5495.220077951292,0.02241254
0.08208745,0.04524289,49845.52,0.009585676923076922,857.7725616851855,5506.369854145922,0.02242238
0.08218325,0.04526913,49779.23,0.009572928846153846,859.5167319656106,5517.566349675882,0.02243224
0.08227908,0.04529536,49713.7,0.009560326923076923,861.3069408302655,5529.058384470739,0.02244288
0.08237487,0.04532155,49648.17,0.009547725,863.1046064134079,5540.598286791004,0.02245355
0.08247067,0.04534771,49583.42,0.009535273076923076,864.9589694117926,5552.502151485498,0.02246513
0.08256648,0.04537385,49518.67,0.009522821153846154,866.8210934918505,5564.455837528994,0.02247674
0.08266229,0.04539997,49454.71,0.009510521153846154,868.7503951665442,5576.840762223036,0.02248939
0.08275811,0.04542607,49390.76,0.009498223076923077,870.6883323256316,5589.281121391279,0.02250206
0.08285393,0.04545214,49327.71,0.009486098076923077,872.6857420852696,5602.103257908726,0.02251564
0.08294976,0.04547818,49264.66,0.009473973076923077,874.6921400437164,5614.983093108988,0.02252925
0.0830456,0.04550421,49202.64,0.009462046153846155,876.7498789615275,5628.192505546333,0.02254367
0.08314144,0.04553021,49140.63,0.009450121153846153,878.8170562535918,5641.4625065146965,0.02255812
0.08323729,0.04555618,49079.73,0.009438409615384617,880.9296595510493,5655.0241143703215,0.02257332
0.08333315,0.04558214,49018.84,0.0094267,883.0515798161958,5668.645531401836,0.02258856
0.08342901,0.04560807,48959.12,0.009415215384615386,885.2310348856499,5682.636286327979,0.02260473
0.08352488,0.04563397,48899.41,0.009403732692307694,887.4201915115462,5696.689319252181,0.02262093
0.08362076,0.04565986,48840.9,0.00939248076923077,889.6704764339221,5711.134758070446,0.02263811
0.08371663,0.04568571,48782.41,0.009381232692307694,891.9307644976004,5725.644410875232,0.02265533
0.08381252,0.04571155,48725.17,0.009370225,894.2563483447042,5740.573222265309,0.02267358
0.08390842,0.04573736,48667.95,0.009359221153846154,896.5932030304434,5755.574385475513,0.02269186
0.08400432,0.04576315,48612.04,0.009348469230769232,898.9868950000556,5770.940408930132,0.02271107
0.08410022,0.04578892,48556.13,0.009337717307692308,901.3916046732976,5786.377159234547,0.02273032
0.08419613,0.04581466,48501.53,0.009327217307692308,903.8629134698258,5802.241434760865,0.02275061
0.08429205,0.04584038,48446.94,0.009316719230769231,906.3455019385964,5818.178118813607,0.02277096
0.08438798,0.04586608,48393.64,0.009306469230769231,908.904706536754,5834.606631078213,0.02279246
0.08448391,0.04589175,48340.34,0.00929621923076923,911.4756951376272,5851.110789359271,0.02281401
0.08457985,0.0459174,48288.34,0.00928621923076923,914.1260410645198,5868.1243726408675,0.02283674
0.0846758,0.04594302,48236.35,0.009276221153846154,916.7887146346677,5885.217091775284,0.0228595
0.08477175,0.04596863,48185.67,0.009266475,919.5277251526005,5902.7998469481745,0.02288339
0.0848677,0.0459942,48135.01,0.009256732692307692,922.2791727563124,5920.462440527265,0.02290733
0.08496367,0.04601976,48085.66,0.009247242307692308,925.107068072592,5938.615781186299,0.02293237
0.08505963,0.04604529,48036.32,0.009237753846153846,927.9472806733431,5956.848191201158,0.02295746
0.08515561,0.0460708,47988.29,0.009228517307692308,930.8702241462419,5975.6116822982885,0.02298373
0.08525159,0.04609628,47940.27,0.00921928269230769,933.8055969974636,5994.454962324512,0.02301005
0.08534758,0.04612175,47893.64,0.009210315384615385,936.827892915173,6013.856234730439,0.02303759
0.08544357,0.04614719,47847.01,0.009201348076923077,939.8620755791906,6033.3338127032,0.02306514
0.08553957,0.0461726,47801.92,0.009192676923076923,942.9665921255007,6053.262890743089,0.02309372
0.08563558,0.04619799,47756.85,0.009184009615384615,946.0833349539384,6073.2704539599845,0.02312232
0.08573159,0.04622336,47713.48,0.009175669230769231,949.2579078294632,6093.649250347732,0.02315181
0.08582761,0.04624871,47670.11,0.009167328846153846,952.4457803672792,6114.1134223499275,0.02318133
0.08592363,0.04627404,47628.45,0.009159317307692308,955.6925684822759,6134.9557959554595,0.0232118
0.08601966,0.04629934,47586.8,0.009151307692307693,958.9541322323546,6155.893020008798,0.02324235
0.0861157,0.04632462,47546.68,0.009143592307692308,962.3043400786577,6177.399284389375,0.02327419
0.08621174,0.04634988,47506.56,0.009135876923076923,965.6692892938398,6199.000179249907,0.02330609
0.08630778,0.04637511,47467.76,0.009128415384615386,969.1466189513225,6221.322487113513,0.02333953
0.08640384,0.04640032,47428.97,0.00912095576923077,972.6376939442605,6243.733031537911,0.02337301
0.0864999,0.0464255,47391.45,0.009113740384615383,976.2483403904929,6266.911150812855,0.02340802
0.08659597,0.04645066,47353.94,0.009106526923076924,979.8713815514114,6290.168836497763,0.02344304
0.08669204,0.0464758,47317.86,0.009099588461538462,983.5847232618531,6314.006195916614,0.02347921
0.08678812,0.04650092,47281.79,0.009092651923076922,987.3102659963164,6337.9218783710385,0.02351538
0.0868842,0.04652601,47247.38,0.009086034615384615,991.1051741518469,6362.282843969906,0.02355249
0.08698029,0.04655108,47212.98,0.009079419230769232,994.913098558317,6386.727365857456,0.0235896
0.08707639,0.04657613,47180.36,0.009073146153846154,998.7794621697248,6411.547031332879,0.02362757
0.08717249,0.04660116,47147.75,0.009066875,1002.6601614699741,6436.458723073073,0.02366559
0.0872686,0.04662616,47116.86,0.009060934615384616,1006.6253218505673,6461.912602763113,0.02370481
0.08736471,0.04665114,47085.97,0.00905499423076923,1010.605464718617,6487.462660765395,0.02374407
0.08746084,0.0466761,47056.66,0.009049357692307693,1014.6865819250393,6513.660911631022,0.02378468
0.08755696,0.04670104,47027.37,0.009043725,1018.7818200550137,6539.949810100959,0.02382533
0.08765309,0.04672595,46999.57,0.009038378846153846,1022.990189769247,6566.964943441235,0.02386744
0.08774923,0.04675084,46971.78,0.009033034615384615,1027.2122168116287,6594.067748389771,0.02390954
0.08784538,0.0467757,46945.52,0.009027984615384614,1031.5300744164012,6621.785726338034,0.02395286
0.08794152,0.04680055,46919.26,0.009022934615384616,1035.8619578640323,6649.5937415313,0.02399619
0.08803768,0.04682537,46894.52,0.009018176923076923,1040.292654784531,6678.036078166503,0.02404077
0.08813384,0.04685017,46869.78,0.00901341923076923,1044.7380596904814,6706.572830980686,0.02408536
0.08823001,0.04687494,46846.52,0.009008946153846153,1049.2843452985755,6735.757175571479,0.0241312
0.08832618,0.04689969,46823.25,0.009004471153846155,1053.8448372693308,6765.03271623287,0.02417706
0.08842236,0.04692442,46801.39,0.009000267307692308,1058.5257516071892,6795.081294085706,0.02422437
0.08851854,0.04694913,46779.53,0.00899606346153846,1063.219381229125,6825.211496205925,0.02427165
0.08861474,0.04697381,46759.14,0.008992142307692307,1068.0166651647303,6856.007094975021,0.02432016
0.08871093,0.04699848,46738.75,0.008988221153846154,1072.8259805903501,6886.879928476113,0.02436863
0.08880713,0.04702312,46720.01,0.008984617307692308,1077.722631507519,6918.313401870976,0.02441817
0.08890334,0.04704773,46701.27,0.008981013461538461,1082.6323351849837,6949.83066592203,0.02446768
0.08899955,0.04707233,46684.33,0.00897775576923077,1087.6049890995566,6981.752031600259,0.02451802
0.08909577,0.0470969,46667.39,0.008974498076923076,1092.5926347098446,7013.769634702062,0.02456838
0.089192,0.04712145,46652.17,0.008971571153846154,1097.6694412128677,7046.35959564539,0.0246199
0.08928822,0.04714598,46636.95,0.00896864423076923,1102.7624132957949,7079.053329623476,0.02467145
0.08938445,0.04717049,46623.2,0.008966,1107.9749299792177,7112.514466073731,0.02472446
0.08948069,0.04719497,46609.45,0.008963355769230769,1113.2026005244354,7146.072880953592,0.02477748
0.08957695,0.04721943,46596.93,0.008960948076923077,1118.5792258455886,7180.5874934602825,0.02483219
0.08967319,0.04724386,46584.42,0.008958542307692307,1123.9686108641858,7215.184015340731,0.02488685
0.08976946,0.04726828,46573.11,0.008956367307692307,1129.4850467261426,7250.596125134652,0.02494289
0.08986573,0.04729267,46561.81,0.00895419423076923,1135.0128805836935,7286.081403017807,0.02499885
0.089962,0.04731704,46551.85,0.008952278846153846,1140.6472841480825,7322.250792572647,0.02505597
0.09005828,0.04734139,46541.9,0.008950365384615385,1146.293764197253,7358.497705698086,0.02511301
0.09015456,0.04736571,46533.41,0.008948732692307693,1152.0259112516578,7395.294548066065,0.02517102
0.09025085,0.04739001,46524.92,0.0089471,1157.7712197292224,7432.175878638679,0.02522898
0.09034714,0.0474143,46517.87,0.008945744230769232,1163.6258465822432,7469.758965637187,0.02528819
0.09044344,0.04743855,46510.83,0.008944390384615385,1169.4937516458726,7507.4272905435955,0.02534734
0.09053975,0.04746279,46505.16,0.008943300000000001,1175.4745303789107,7545.820194666359,0.02540776
0.09063606,0.04748701,46499.5,0.008942211538461538,1181.4685156846654,7584.297876826021,0.02546811
0.09073237,0.0475112,46495.16,0.008941376923076923,1187.5800617145887,7623.530226197609,0.02552976
0.09082869,0.04753537,46490.82,0.008940542307692308,1193.7043239811667,7662.844205951539,0.02559133
0.09092502,0.04755951,46487.75,0.008939951923076924,1199.947397593802,7702.920881137199,0.02565418
0.09102135,0.04758364,46484.69,0.008939363461538462,1206.2026608465599,7743.075806280835,0.02571694
0.09111769,0.04760774,46482.9,0.008939019230769231,1212.574127795863,7783.97668735752,0.02578094
0.09121403,0.04763182,46481.11,0.008938675,1218.9569554160391,7824.950496921794,0.02584484
0.09131038,0.04765588,46480.6,0.008938576923076922,1225.4557988861782,7866.669056560124,0.02590996
0.09140673,0.04767992,46480.1,0.00893848076923077,1231.965626348437,7908.458126641184,0.02597497
0.09150309,0.04770393,46480.93,0.008938640384615384,1238.5813832029937,7950.927197970213,0.0260411
0.09159946,0.04772793,46481.77,0.008938801923076922,1245.2085411949283,7993.4694575567855,0.02610712
0.09169583,0.0477519,46483.95,0.008939221153846153,1251.9440512780136,8036.7072706210465,0.0261743
0.09179219,0.04777585,46486.13,0.008939640384615383,1258.6914578642636,8080.0214518851335,0.02624139
0.09188857,0.04779977,46489.6,0.008940307692307692,1265.5615008403443,8124.122882998597,0.02630976
0.09198497,0.04782368,46493.07,0.008940975,1272.4429533053376,8168.297555981298,0.02637802
0.09208135,0.04784756,46497.75,0.008941875,1279.4561860547358,8213.318176966804,0.02644763
0.09217776,0.04787142,46502.44,0.008942776923076923,1286.4795788505623,8258.404019172793,0.0265171
0.09227416,0.04789526,46508.34,0.008943911538461538,1293.6237966947403,8304.265483535033,0.02658779
0.09237057,0.04791908,46514.25,0.008945048076923076,1300.7785944382438,8350.194864313942,0.02665835
0.09246699,0.04794287,46521.36,0.008946415384615384,1308.058640151365,8396.928259670842,0.02673015
0.0925634,0.04796664,46528.48,0.008947784615384617,1315.3492297575442,8443.72934030642,0.02680182
0.09265984,0.0479904,46536.73,0.008949371153846154,1322.7717612102751,8491.377406073962,0.02687479
0.09275627,0.04801412,46544.99,0.008950959615384614,1330.2049569428732,8539.093929929111,0.02694763
0.0928527,0.04803783,46554.24,0.008952738461538462,1337.7989603789065,8587.84273988207,0.027022
0.09294915,0.04806151,46563.49,0.008954517307692308,1345.4018397826285,8636.648528063397,0.02709621
0.0930456,0.04808518,46573.68,0.008956476923076924,1353.153879942727,8686.411836138715,0.02717178
0.09314205,0.04810882,46583.88,0.008958438461538461,1360.91279552414,8736.219280170757,0.02724715
0.0932385,0.04813244,46595.15,0.00896060576923077,1368.7997492207678,8786.848649791576,0.02732367
0.09333497,0.04815603,46606.42,0.008962773076923076,1376.69300786011,8837.518493248986,0.02739998
0.09343144,0.04817961,46618.99,0.008965190384615384,1384.6759656743352,8888.764149986724,0.02747712
0.09352791,0.04820317,46631.57,0.008967609615384616,1392.6670741001408,8940.062128614789,0.02755409
0.09362439,0.0482267,46645.54,0.008970296153846154,1400.7623425256395,8992.028750083553,0.0276321
0.09372087,0.04825021,46659.52,0.008972984615384615,1408.868303173763,9044.064009015165,0.02770997
0.09381736,0.0482737,46674.73,0.008975909615384615,1417.1113804014672,9096.979471667471,0.02778918
0.09391385,0.04829717,46689.95,0.008978836538461538,1425.3655365451252,9149.966054114875,0.02786825
0.09401036,0.04832062,46706.08,0.008981938461538462,1433.809627552063,9204.171901029493,0.02794906
0.09410686,0.04834404,46722.22,0.008985042307692308,1442.2623092365288,9258.43289478592,0.0280297
0.09420337,0.04836744,46739.02,0.008988273076923077,1450.9079467185936,9313.932545541347,0.02811197
0.09429988,0.04839082,46755.84,0.008991507692307691,1459.5576953421871,9369.458587285237,0.02819398
0.09439641,0.04841417,46773.35,0.008994875,1468.3714901447272,9426.037704138764,0.02827731
0.09449294,0.04843751,46790.86,0.008998242307692307,1477.1872775179354,9482.62961206483,0.02836035
0.09458947,0.04846083,46809.29,0.009001786538461539,1486.1204527236312,9539.975077345054,0.0284443
0.094686,0.04848412,46827.72,0.00900533076923077,1495.0567087484428,9597.340319580457,0.02852799
0.09478254,0.04850739,46847.25,0.009009086538461539,1504.0988074791453,9655.385006590654,0.02861255
0.09487909,0.04853064,46866.79,0.009012844230769231,1513.1471222029995,9713.469596436209,0.02869691
0.09497565,0.04855388,46887.42,0.009016811538461539,1522.326830652442,9772.39765281581,0.0287824
0.0950722,0.04857708,46908.04,0.009020776923076923,1531.51351812466,9831.370510209501,0.02886769
0.09516876,0.04860027,46929.56,0.009024915384615384,1540.8630460957856,9891.38870299193,0.02895435
0.09526533,0.04862344,46951.08,0.009029053846153847,1550.2180652062673,9951.442145496216,0.02904078
0.0953619,0.04864658,46973.33,0.009033332692307692,1559.7432829106544,10012.588157812781,0.02912857
0.09545848,0.0486697,46995.57,0.009037609615384615,1569.2708716952368,10073.74939099918,0.02921607
0.09555506,0.0486928,47018.5,0.00904201923076923,1578.945854984238,10135.856805833317,0.02930468
0.09565164,0.04871588,47041.42,0.009046426923076922,1588.622919283275,10197.97757946609,0.02939302
0.09574823,0.04873894,47065.0,0.009050961538461539,1598.4485576034615,10261.052106515222,0.02948245
0.09584484,0.04876197,47088.58,0.009055496153846154,1608.276885779033,10324.143900773946,0.0295716
0.09594143,0.04878499,47112.72,0.009060138461538463,1618.255845133726,10388.202654132154,0.02966186
0.09603805,0.04880798,47136.86,0.009064780769230769,1628.238420277091,10452.28461861955,0.02975184
0.09613467,0.04883095,47161.39,0.009069498076923076,1638.3933679038105,10517.473107946304,0.02984304
0.09623129,0.0488539,47185.93,0.009074217307692308,1648.5493703821858,10582.66836876893,0.02993393
0.09632791,0.04887683,47210.76,0.009078992307692308,1658.8587281389464,10648.848075725173,0.03002583
0.09642455,0.04889974,47235.6,0.00908376923076923,1669.1675899173983,10715.024598807126,0.0301174
0.09652118,0.04892262,47260.74,0.009088603846153846,1679.6040102591912,10782.019969051125,0.03020973
0.09661782,0.04894549,47285.89,0.009093440384615384,1690.0379501781115,10848.999416512863,0.03030173
0.09671446,0.04896834,47311.36,0.009098338461538461,1700.590727178761,10916.741724613441,0.03039442
0.09681111,0.04899116,47336.83,0.009103236538461538,1711.1438083365417,10984.485985214873,0.0304868
0.09690777,0.04901396,47362.56,0.009108184615384615,1721.8205266077841,11053.023919693074,0.03057991
0.09700442,0.04903674,47388.29,0.009113132692307693,1732.4975915396044,11121.564079517995,0.0306727
0.09710109,0.0490595,47414.16,0.009118107692307692,1743.303059137486,11190.928505122882,0.03076622
0.09719776,0.04908224,47440.02,0.009123080769230768,1754.1059520598997,11260.27640290208,0.03085942
0.09729443,0.04910496,47465.9,0.009128057692307692,1765.0313287720737,11330.410570932489,0.03095324
0.09739111,0.04912765,47491.79,0.009133036538461538,1775.9542046384622,11400.528685078152,0.03104671
0.09748779,0.04915033,47517.62,0.009138003846153847,1786.9800850221595,11471.308024581544,0.03114063
0.09758448,0.04917298,47543.45,0.009142971153846153,1798.0032172622398,11542.06972270091,0.0312342
0.09768118,0.04919561,47569.15,0.009147913461538463,1809.1291825985681,11613.49154576071,0.03132818
0.09777788,0.04921823,47594.86,0.009152857692307692,1820.2493686942596,11684.87626966644,0.03142181
0.09787458,0.04924082,47620.3,0.009157750000000001,1831.4723207208917,11756.920687352831,0.03151582
0.09797129,0.04926339,47645.75,0.009162644230769231,1842.6911198200537,11828.938445810832,0.03160947
0.098068,0.04928593,47670.79,0.009167459615384616,1854.0097942835912,11901.597342398141,0.03170343
0.09816472,0.04930846,47695.83,0.009172275,1865.3229789126713,11974.220997640236,0.03179702
0.09826144,0.04933097,47720.36,0.009176992307692308,1876.7201274536499,12047.383649317942,0.03189075
0.09835817,0.04935345,47744.89,0.009181709615384614,1888.111681847657,12120.510390028548,0.0319841
0.09845491,0.04937592,47768.84,0.009186315384615383,1899.5649692539403,12194.033418534995,0.0320774
0.09855164,0.04939836,47792.79,0.009190921153846154,1911.0125950061422,12267.520102720404,0.03217032
0.09864838,0.04942078,47816.16,0.009195415384615385,1922.4975036954252,12341.246120325868,0.03226298
0.09874513,0.04944318,47839.53,0.009199909615384616,1933.976367133479,12414.933331153621,0.03235527
0.09884188,0.04946556,47862.28,0.009204284615384615,1945.4842968058279,12488.807129246396,0.03244724
0.09893864,0.04948792,47885.02,0.009208657692307692,1956.986150047226,12562.64192040691,0.03253886
0.0990354,0.04951026,47907.05,0.009212894230769231,1968.5170039853954,12636.662878122037,0.03263014
0.09913217,0.04953258,47929.08,0.00921713076923077,1980.0433040424955,12710.654602734407,0.03272106
0.09922894,0.04955488,47950.21,0.00922119423076923,1991.6037594311722,12784.865583471945,0.03281167
0.09932572,0.04957715,47971.33,0.00922525576923077,2003.160119061247,12859.050271969905,0.03290192
0.0994225,0.04959941,47991.39,0.00922911346153846,2014.7399381310536,12933.38555557606,0.03299169
0.09951928,0.04962164,48011.44,0.00923296923076923,2026.3128366177218,13007.676413314488,0.03308108
0.09961606,0.04964385,48030.33,0.009236601923076923,2037.88198932963,13081.943225493358,0.03316974
0.09971287,0.04966604,48049.22,0.009240234615384615,2049.4442221955196,13156.165616536355,0.03325803
0.09980966,0.04968821,48066.95,0.00924364423076923,2060.9641809377104,13230.116633825111,0.03334531
0.09990647,0.04971036,48084.67,0.009247051923076923,2072.478077624046,13304.028736460841,0.03343222
0.1000033,0.0497325,48101.2,0.00925023076923077,2083.9508744245754,13377.67700322408,0.03351815
0.1001001,0.0497546,48117.72,0.009253407692307692,2095.417854599444,13451.287930844497,0.03360372
0.1001969,0.0497767,48132.96,0.009256338461538461,2106.8327950216317,13524.564795406497,0.0336882
0.1002937,0.04979876,48148.19,0.009259267307692309,2118.240437792074,13597.794813553292,0.03377233
0.1003906,0.04982081,48162.06,0.009261934615384614,2129.583280158732,13670.608853146014,0.03385525
0.1004874,0.04984284,48175.92,0.0092646,2140.919086275313,13743.377724360726,0.03393782
0.1005842,0.04986485,48188.42,0.009267003846153846,2152.145708624697,13815.445703251402,0.03401885
0.1006811,0.04988683,48200.92,0.009269407692307692,2163.3647188186146,13887.464816807305,0.03409954
0.1007779,0.0499088,48212.11,0.009271559615384615,2174.454500078366,13958.654360452536,0.03417858
0.1008748,0.04993075,48223.29,0.009273709615384616,2185.539588050834,14029.813776093246,0.03425731
0.1009716,0.04995267,48233.12,0.0092756,2196.500217341099,14100.17424389349,0.03433444
0.1010685,0.04997457,48242.95,0.009277490384615384,2207.454633007929,14170.494824070494,0.03441127
0.1011654,0.04999646,48251.25,0.009279086538461538,2218.302414681693,14240.13087989795,0.03448661
0.1012622,0.05001832,48259.54,0.009280680769230769,2229.1447494137715,14309.731969725288,0.03456164
0.1013591,0.05004016,48266.11,0.00928194423076923,2239.8702172932085,14378.582846567184,0.03463504
0.101456,0.05006198,48272.66,0.009283203846153847,2250.5905830599645,14447.400970998107,0.03470812
0.1015528,0.05008377,48277.4,0.009284115384615385,2261.1574190584347,14515.233529178062,0.03477927
0.1016497,0.05010554,48282.12,0.009285023076923077,2271.717656546121,14583.023728995808,0.0348501
0.1017466,0.0501273,48285.04,0.009285584615384616,2282.0956482373886,14649.64402340474,0.0349188
0.1018435,0.05014905,48287.94,0.009286142307692308,2292.469710913552,14716.239095964325,0.0349872
0.1019405,0.05017078,48289.09,0.00928636346153846,2302.6144730167694,14781.362200523528,0.03505316
0.1020373,0.05019247,48290.22,0.00928658076923077,2312.751585390146,14846.436198543688,0.03511883
0.1021342,0.05021414,48289.99,0.009286536538461537,2322.6512642653893,14909.986020208853,0.03518237
0.1022311,0.0502358,48289.75,0.009286490384615384,2332.544815003993,14973.496503023183,0.03524563
0.1023281,0.05025744,48288.36,0.009286223076923077,2342.2791670416664,15035.985028541632,0.03530759
0.102425,0.05027906,48286.97,0.00928595576923077,2352.0218983432887,15098.527343757336,0.03536939
0.102522,0.05030066,48282.43,0.009285082692307692,2361.4159208641363,15158.831164057137,0.03542677
0.1026189,0.05032224,48277.88,0.009284207692307691,2370.795279946805,15219.040854143925,0.03548383
0.1027159,0.05034379,48271.89,0.00928305576923077,2379.95242186737,15277.824047351312,0.03553867
0.1028128,0.05036533,48265.89,0.009281901923076923,2389.1061542157972,15336.585353212247,0.03559327
0.1029098,0.05038684,48258.06,0.009280396153846153,2398.0186751947817,15393.79823111861,0.03564555
0.1030067,0.05040834,48250.22,0.009278888461538461,2406.929307154883,15450.998982690913,0.03569761
0.1031037,0.05042981,48240.43,0.009277005769230769,2415.537867258489,15506.26061958563,0.03574682
0.1032006,0.05045127,48230.64,0.009275123076923077,2424.1422775939623,15561.495617532953,0.03579583
0.1032976,0.0504727,48218.92,0.00927286923076923,2432.4507607625737,15614.830945913523,0.03584204
0.1033946,0.05049411,48207.19,0.009270613461538462,2440.7557200692354,15668.143653277662,0.03588805
0.1034915,0.05051551,48193.49,0.009267978846153846,2448.758769950883,15719.518288673968,0.0359312
0.1035885,0.05053688,48179.78,0.009265342307692307,2456.758349182539,15770.870644641735,0.03597416
0.1036855,0.05055823,48164.07,0.009262321153846153,2464.429031522706,15820.111685781643,0.03601408
0.1037825,0.05057957,48148.35,0.009259298076923076,2472.0964684940136,15869.33189365869,0.03605381
0.1038795,0.05060088,48130.73,0.009255909615384616,2479.38410749325,15916.114033220789,0.03609019
0.1039765,0.05062217,48113.1,0.00925251923076923,2486.6676758480858,15962.87004176096,0.03612639
0.1040735,0.05064345,48093.71,0.009248790384615384,2493.5593281239485,16007.110191227288,0.03615923
0.1041705,0.0506647,48074.31,0.009245059615384615,2500.4466439393123,16051.322503296578,0.03619192
0.1042675,0.05068593,48053.25,0.009241009615384616,2506.9788145233074,16093.255002414044,0.03622158
0.1043645,0.05070715,48032.18,0.009236957692307693,2513.5114522074828,16135.19050002606,0.0362511
0.1044615,0.05072834,48009.29,0.00923255576923077,2519.700841470766,16174.922554858826,0.03627767
0.1045585,0.05074951,47986.4,0.009228153846153846,2525.888776301866,16214.645273135622,0.03630409
0.1046556,0.05077066,47961.61,0.00922338653846154,2531.687534320114,16251.869716734564,0.03632718
0.1047526,0.05079179,47936.81,0.009218617307692308,2537.48282566659,16289.071906442678,0.03635014
0.1048496,0.0508129,47910.18,0.009213496153846154,2542.876030636087,16323.692950047667,0.03636972
0.1049467,0.050834,47883.55,0.009208375000000001,2548.2673134968227,16358.301654902027,0.03638917
0.1050438,0.05085507,47855.13,0.009202909615384615,2553.24861631685,16390.278541209376,0.03640523
0.1051408,0.05087612,47826.71,0.009197444230769231,2558.227573627351,16422.240370794785,0.03642118
0.1052379,0.05089715,47796.45,0.009191625,2562.831447189809,16451.794394470726,0.036434
0.1053349,0.05091816,47766.18,0.009185803846153846,2567.435563380143,16481.34997566772,0.03644672
0.105432,0.05093915,47733.97,0.009179609615384615,2571.656119461224,16508.44333795357,0.03645619
0.105529,0.05096012,47701.74,0.009173411538461539,2575.874067799527,16535.519960142028,0.03646555
0.1056261,0.05098107,47667.6,0.009166846153846154,2579.674927613593,16559.919131711344,0.03647144
0.1057232,0.051002,47633.44,0.009160276923076924,2583.4715971074083,16584.291404013722,0.03647721
0.1058203,0.05102292,47597.53,0.009153371153846153,2586.812427002865,16605.73746774422,0.03647933
0.1059174,0.05104381,47561.6,0.009146461538461537,2590.1510167470515,16627.169151087684,0.03648137
0.1060145,0.05106468,47524.06,0.009139242307692308,2593.052705493179,16645.7961999716,0.03647996
0.1061115,0.05108553,47486.51,0.009132021153846153,2595.9524432732023,16664.410724858568,0.03647847
0.1062086,0.05110637,47447.38,0.009124496153846154,2598.424939948613,16680.282625833355,0.03647362
0.1063057,0.05112718,47408.24,0.009116969230769231,2600.8924668782274,16696.122624110787,0.03646868
0.1064028,0.05114797,47367.56,0.009109146153846153,2602.942379025389,16709.28179351649,0.03646046
0.1065,0.05116875,47326.86,0.00910131923076923,2604.987543281882,16722.41048439768,0.03645216
0.1065971,0.0511895,47284.62,0.009093196153846154,2606.6170806605514,16732.87110752659,0.0364406
0.1066942,0.05121024,47242.37,0.009085071153846155,2608.2419885557574,16743.302012232085,0.03642896
0.1067913,0.05123095,47198.61,0.009076655769230769,2609.4465378921923,16751.03447471718,0.0364141
0.1068884,0.05125164,47154.84,0.009068238461538461,2610.6449967204862,16758.727839903157,0.03639916
0.1069856,0.05127232,47109.58,0.009059534615384616,2611.426274083033,16763.743157842917,0.03638104
0.1070827,0.05129298,47064.31,0.009050828846153845,2612.2015542273807,16768.71997734734,0.03636283
0.1071798,0.05131361,47017.64,0.009041853846153846,2612.545718170883,16770.929297216073,0.03634135
0.107277,0.05133423,46970.96,0.009032876923076923,2612.882071943272,16773.08848061193,0.03631978
0.1073741,0.05135482,46923.0,0.009023653846153846,2612.7817882724016,16772.444721407206,0.03629494
0.1074713,0.0513754,46875.04,0.00901443076923077,2612.6763922176738,16771.768143856905,0.03627003
0.1075684,0.05139596,46825.9,0.00900498076923077,2612.1583504081414,16768.442635522162,0.03624205
0.1076656,0.0514165,46776.75,0.008995528846153846,2611.635250147195,16765.084655054812,0.03621401
0.1077628,0.05143701,46726.39,0.00898584423076923,2610.7331854775257,16759.293957234167,0.03618313
0.1078599,0.05145751,46676.03,0.008976159615384616,2609.825208635906,16753.465306922557,0.03615217
0.1079571,0.05147799,46624.43,0.008966236538461538,2608.529418259076,16745.14713333322,0.03611829
0.1080543,0.05149845,46572.82,0.008956311538461539,2607.2259835138525,16736.77988762202,0.03608432
0.1081515,0.05151889,46520.03,0.008946159615384615,2605.5328771725303,16725.911191030227,0.03604744
0.1082486,0.05153931,46467.23,0.00893600576923077,2603.8320984698653,16714.993242619137,0.03601047
0.1083458,0.05155971,46413.29,0.008925632692307693,2601.7480787923614,16701.615123942654,0.03597065
0.108443,0.05158009,46359.35,0.008915259615384615,2599.6562797400156,16688.18706648633,0.03593075
0.1085402,0.05160045,46304.28,0.00890466923076923,2597.203341918128,16672.440721266332,0.03588815
0.1086374,0.0516208,46249.2,0.008894076923076923,2594.741267021132,16656.635721669663,0.03584548
0.1087346,0.05164112,46192.95,0.008883259615384614,2591.9346296541175,16638.618843910266,0.0358002
0.1088319,0.05166142,46136.7,0.008872442307692307,2589.119247713259,16620.545831389798,0.03575483
0.1089291,0.0516817,46079.28,0.0088614,2585.949789904579,16600.19987057075,0.03570678
0.1090263,0.05170197,46021.85,0.008850355769230768,2582.768478689005,16579.7778182033,0.03565863
0.1091235,0.05172221,45963.33,0.008839101923076924,2579.2248502662233,16557.02991323049,0.03560776
0.1092207,0.05174244,45904.81,0.008827848076923077,2575.667186093102,16534.191907412765,0.03555679
0.109318,0.05176264,45845.27,0.008816398076923077,2571.7756392105084,16509.210580896317,0.03550334
0.1094152,0.05178283,45785.73,0.008804948076923077,2567.87046484029,16484.14177432933,0.03544979
0.1095124,0.05180299,45725.17,0.008793301923076922,2563.6460590001607,16457.023698969042,0.03539384
0.1096096,0.05182313,45664.6,0.008781653846153845,2559.40951503752,16429.827704362015,0.03533779
0.1097068,0.05184325,45603.01,0.008769809615384616,2554.855444785812,16400.593387169116,0.03527935
0.1098041,0.05186336,45541.42,0.008757965384615384,2550.2863154756874,16371.262400125725,0.0352208
0.1099014,0.05188346,45478.87,0.008745936538461539,2545.388636823368,16339.822329306202,0.0351598
0.1099987,0.05190354,45416.31,0.00873390576923077,2540.4754828141236,16308.282916256978,0.03509866
0.1100959,0.05192358,45353.0,0.00872173076923077,2535.242799020206,16274.692319418,0.03503525
0.1101931,0.05194361,45289.69,0.00870955576923077,2529.995925223527,16241.010631528869,0.03497172
0.1102904,0.05196362,45225.58,0.008697226923076923,2524.456589258423,16205.451517222027,0.03490606
0.1103877,0.05198362,45161.46,0.008684896153846154,2518.903025352261,16169.80106832461,0.03484028
0.110485,0.05200361,45096.51,0.00867240576923077,2513.0970096507313,16132.530034883308,0.03477264
0.1105823,0.05202356,45031.55,0.008659913461538462,2507.2772611216815,16095.170845174425,0.03470488
0.1106796,0.0520435,44965.68,0.008647246153846154,2501.2216613761016,16056.297636380797,0.03463532
0.1107769,0.05206341,44899.8,0.008634576923076924,2495.1495917621146,16017.318701208229,0.03456563
0.1108742,0.05208331,44832.95,0.008621721153846153,2488.8368379557332,15976.794722232016,0.03449407
0.1109715,0.05210319,44766.1,0.008608865384615385,2482.5044944500446,15936.144989490138,0.03442236
0.1110688,0.05212305,44698.32,0.00859583076923077,2475.9251073033433,15893.909389213793,0.03434875
0.1111661,0.05214289,44630.54,0.008582796153846155,2469.326034297867,15851.547417887414,0.03427499
0.1112634,0.05216271,44561.94,0.008569603846153847,2462.474775258434,15807.566568041198,0.03419933
0.1113607,0.05218251,44493.33,0.008556409615384616,2455.603299710226,15763.455940699823,0.0341235
0.111458,0.05220229,44424.01,0.008543078846153846,2448.5002238188176,15717.858582253986,0.03404598
0.1115553,0.05222206,44354.67,0.00852974423076923,2441.3754391977927,15672.121867177184,0.03396829
0.1116527,0.0522418,44284.63,0.008516275,2434.0444123504108,15625.06120443804,0.03388906
0.11175,0.05226153,44214.59,0.008502805769230768,2426.6931990520575,15577.870957156261,0.03380967
0.1118473,0.05228123,44143.78,0.008489188461538462,2419.1675783720043,15529.561122245044,0.03372896
0.1119447,0.05230092,44072.97,0.008475571153846154,2411.6233006718003,15481.131520792072,0.0336481
0.112042,0.05232059,44001.24,0.008461776923076923,2403.9498341611493,15431.872606997911,0.03356616
0.1121394,0.05234024,43929.5,0.008447980769230768,2396.257134083804,15382.490225589418,0.03348405
0.1122367,0.05235987,43856.74,0.008433988461538462,2388.4244614954014,15332.20930714474,0.03340074
0.1123341,0.05237948,43783.97,0.00841999423076923,2380.567844851071,15281.77468265532,0.03331723
0.1124314,0.05239907,43710.25,0.008405817307692307,2372.5520314257524,15230.318113194855,0.03323239
0.1125288,0.05241865,43636.53,0.008391640384615385,2364.5108653235056,15178.698795213171,0.03314734
0.1126261,0.0524382,43562.12,0.00837733076923077,2356.2594466109476,15125.729785382053,0.03306072
0.1127235,0.05245774,43487.7,0.00836301923076923,2347.981072321353,15072.587737401402,0.03297386
0.1128209,0.05247726,43412.9,0.008348634615384615,2339.5228097220124,15018.290917619759,0.03288579
0.1129182,0.05249676,43338.09,0.008334248076923076,2331.0372615096035,14963.818941061176,0.03279749
0.1130156,0.05251624,43262.92,0.008319792307692307,2322.4449653710262,14908.661708772926,0.0327085
0.113113,0.0525357,43187.74,0.008305334615384616,2313.828503639358,14853.349348308227,0.0326193
0.1132104,0.05255514,43111.97,0.008290763461538462,2305.1851911476497,14797.864622554347,0.03252989
0.1133078,0.05257457,43036.2,0.008276192307692307,2296.519144093348,14742.23395495562,0.03244027
0.1134052,0.05259397,42959.58,0.008261457692307692,2287.829380891222,14686.451044341358,0.03235034
0.1135026,0.05261335,42882.95,0.008246721153846153,2279.117250725834,14630.524551642822,0.03226018
0.1136,0.05263272,42805.43,0.008231813461538461,2270.349503287029,14574.241030413197,0.03216947
0.1136974,0.05265206,42727.9,0.008216903846153846,2261.556261012185,14517.79384808869,0.03207852
0.1137948,0.05267139,42649.61,0.008201848076923077,2252.6851249891074,14460.846636028728,0.03198689
0.1138922,0.0526907,42571.32,0.008186792307692307,2243.7848583931127,14403.712423689545,0.03189501
0.1139896,0.05270999,42492.28,0.008171592307692307,2234.8577877305793,14346.406145804609,0.03180286
0.114087,0.05272926,42413.25,0.008156394230769231,2225.9074527774806,14288.95052554855,0.0317105
0.1141845,0.05274852,42333.0,0.008140961538461538,2217.0898113960257,14232.346716035076,0.03161889
0.1142819,0.05276775,42252.75,0.008125528846153847,2208.2461792182503,14175.576061668155,0.03152705
0.1143793,0.05278697,42170.74,0.008109757692307693,2199.5781853087537,14119.932896461982,0.03143606
0.1144767,0.05280617,42088.73,0.008093986538461538,2190.8539673823107,14063.928807806138,0.03134462
0.1145742,0.05282534,42007.35,0.008078336538461538,2181.6497014284064,14004.843107421237,0.03124977
0.1146716,0.0528445,41925.97,0.008062686538461539,2172.3306918973494,13945.020824167623,0.03115404
0.1147691,0.05286365,41854.49,0.008048940384615384,2160.7436853659037,13870.639401498658,0.03104401
0.1148665,0.05288277,41783.03,0.008035198076923076,2149.0540059340196,13795.598882247381,0.03093314
0.114964,0.05290188,41732.53,0.008025486538461538,2134.050390770574,13699.284943180714,0.03080672
0.1150614,0.05292096,41682.06,0.00801578076923077,2119.123646734225,13603.464469253655,0.03068059
0.1151589,0.05294003,41643.99,0.008008459615384616,2102.5184051542324,13496.86907818956,0.03054331
0.1152563,0.05295908,41605.69,0.00800109423076923,2085.7601645715768,13389.291528061853,0.03040468
0.1153538,0.05297811,41631.03,0.008005967307692307,2065.0227659368848,13256.170241842181,0.03046532
0.1154513,0.05299712,41656.21,0.008010809615384615,2045.3079705698399,13129.613436764994,0.03053087
0.1155488,0.05301611,41565.51,0.007993367307692309,2036.7853863103007,13074.903711667295,0.03058979
0.1156462,0.05303509,41474.91,0.007975944230769232,2027.9242837928912,13018.020908514321,0.03064586
0.1157437,0.05305404,41345.14,0.007950988461538461,2022.7618030898648,12984.880972142484,0.03058623
0.1158412,0.05307298,41215.35,0.007926028846153847,2017.4097125209034,12950.52385758558,0.03052516
0.1159387,0.0530919,41088.5,0.007901634615384616,2012.505797666302,12919.04375420057,0.03040029
0.1160362,0.0531108,40961.58,0.007877226923076923,2007.410059131485,12886.332261310657,0.03027398
0.1161337,0.05312968,40857.87,0.007857282692307692,1999.5665157442995,12835.981559054533,0.0301211
0.1162312,0.05314854,40754.12,0.00783733076923077,1991.5778111462334,12784.699011515302,0.02996725
0.1163287,0.05316739,40682.18,0.007823496153846154,1979.783714512917,12708.988198347077,0.0298061
0.1164262,0.05318621,40610.24,0.007809661538461538,1968.0398206389839,12633.599655875316,0.02964539
0.1165237,0.05320502,40556.3,0.007799288461538462,1954.3425934020966,12545.67192011934,0.02948387
0.1166212,0.05322381,40502.14,0.007788873076923076,1940.4245660461818,12456.32678402496,0.02932079
0.1167187,0.05324258,40511.48,0.007790669230769231,1922.7037873981226,12342.570334240689,0.02936729
0.1168162,0.05326134,40520.71,0.007792444230769231,1905.9171106265635,12234.810241350087,0.02941889
0.1169138,0.05328007,40418.56,0.0077728,1899.2118598907564,12191.766674599012,0.02946491
0.1170113,0.05329879,40316.5,0.007753173076923077,1892.1594508445596,12146.494565993915,0.02950812
0.1171088,0.05331749,40180.08,0.007726938461538462,1887.776650401583,12118.35969515061,0.02943628
0.1172064,0.05333617,40043.63,0.007700698076923076,1883.1972221236679,12088.962595097426,0.02936294
0.1173039,0.05335483,39913.85,0.007675740384615384,1878.76695377101,12060.52300960296,0.02922909
0.1174014,0.05337347,39783.99,0.0076507673076923076,1874.1419473559945,12030.833326070953,0.02909375
0.117499,0.0533921,39678.75,0.007630528846153846,1866.978639401111,11984.849314993187,0.02893635
0.1175965,0.05341071,39573.48,0.007610284615384616,1859.660947450329,11937.874254050985,0.02877787
0.1176941,0.05342929,39500.89,0.007596325,1848.9316304989306,11868.998668545324,0.02861628
0.1177916,0.05344785,39428.33,0.007582371153846154,1838.263772486379,11800.51761145343,0.02845528
0.1178891,0.0534664,39374.3,0.00757198076923077,1825.9179406622866,11721.264999261006,0.02829681
0.1179867,0.05348493,39320.05,0.007561548076923078,1813.3387454245592,11640.514338141282,0.0281367
0.1180843,0.05350345,39322.62,0.007562042307692308,1797.5434684159766,11539.118419172888,0.02818612
0.1181819,0.05352196,39325.04,0.0075625076923076925,1782.6308156822417,11443.388402702016,0.0282407
0.1182794,0.05354043,39216.49,0.007541632692307692,1776.919334046543,11406.724219553591,0.02828401
0.118377,0.05355889,39107.99,0.007520767307692308,1770.9242845510503,11368.239705953341,0.02832504
0.1184745,0.05357733,38968.7,0.007493980769230768,1769.5348703738466,11359.320525412935,0.02827169
0.1185721,0.05359576,38829.32,0.007467176923076923,1768.636868988687,11353.555911368263,0.02822226
0.1186698,0.05361417,38672.62,0.007437042307692308,1798.309794497645,11544.037759127355,0.02835674
0.1187674,0.05363256,38516.25,0.007406971153846154,1823.7370076358457,11707.264756764192,0.02845414
0.118865,0.05365093,38526.64,0.007408969230769231,1682.188813721642,10798.612810207724,0.02720548
0.1189626,0.05366929,38568.04,0.00741693076923077,1293.6293574069837,8304.301179871838,0.02375354
0.1190602,0.05368762,47583.75,0.009150721153846153,-5404.388013783616,-34692.831839645,0.04858985
0.1191578,0.05370593,57878.5,0.01113048076923077,-10841.78006181267,-69597.52918694536,0.07108248
0.1192554,0.05372423,154718.7,0.029753596153846155,-37012.404501844605,-237596.76805004966,0.2556762
0.119353,0.05374251,264433.8,0.050852653846153846,-40539.80414670325,-260240.4942958692,0.36594
0.1194506,0.05376077,321258.9,0.0617805576923077,-32393.343190714513,-207945.2484116852,0.4241151
0.1195482,0.05377902,363530.0,0.06990961538461539,-26616.906570235093,-170864.09439469984,0.4581589
0.1196458,0.05379724,347589.7,0.06684417307692309,-21364.991710291564,-137150.04599413127,0.443717
0.1197435,0.05381545,332012.1,0.06384848076923076,-17150.583089369688,-110096.14660417402,0.4309268
0.1198411,0.05383364,322243.8,0.061969961538461536,-14089.286274601818,-90444.5125366141,0.4338173
0.1199387,0.05385181,312003.0,0.06000057692307692,-11592.79121833598,-74418.55678461403,0.435394
0.1200364,0.05386997,305419.8,0.058734576923076924,-9746.68688817609,-62567.707637341475,0.4414262
0.120134,0.0538881,298395.5,0.05738375,-8238.020479979876,-52883.00145633038,0.4466629
0.1202316,0.05390622,295044.0,0.05673923076923077,-7207.7147455765535,-46269.07523639344,0.455757
0.1203293,0.05392432,291623.1,0.05608136538461538,-6340.058394841772,-40699.25756344516,0.4647666
0.1204269,0.0539424,290846.1,0.0559319423076923,-5707.6841127171165,-36639.80539725854,0.4769819
0.1205246,0.05396046,289919.2,0.05575369230769231,-5156.586361250983,-33102.09833957529,0.4885989
0.1206222,0.05397851,290065.8,0.055781884615384615,-4680.19338163747,-30043.949759353687,0.4981363
0.1207199,0.05399654,289975.8,0.055764576923076924,-4248.376139527339,-27271.949871895966,0.506286
0.1208176,0.05401455,289050.0,0.055586538461538465,-3841.6695785865086,-24661.145042410328,0.5074702
0.1209152,0.05403254,287891.5,0.05536375,-3465.3592346994214,-22245.465145501206,0.5071532
0.1210129,0.05405051,284882.8,0.054785153846153845,-3115.2055686507806,-19997.694958890195,0.4996218
0.1211106,0.05406847,281635.5,0.05416067307692308,-2783.1362436732848,-17866.015068185377,0.4904241
0.1212082,0.05408641,275962.9,0.05306978846153847,-2475.9677941505743,-15894.183412398095,0.4759127
0.1213059,0.05410433,270075.5,0.051937596153846154,-2181.47412577026,-14003.716020178856,0.4597363
0.1214036,0.05412223,261793.7,0.05034494230769231,-1911.9768193851999,-12273.709827468705,0.4413095
0.1215013,0.05414012,253368.1,0.048724634615384614,-1655.6181902214037,-10628.045824525487,0.4214815
0.121599,0.05415799,243241.6,0.04677723076923077,-1428.6064691376214,-9170.770838883906,0.4032852
0.1216966,0.05417584,233076.1,0.04482232692307692,-1218.0547232687939,-7819.158723998593,0.3842717
0.1217943,0.05419367,222366.5,0.04276278846153846,-1044.1720110248768,-6702.939148291955,0.3714293
0.121892,0.05421149,211737.4,0.04071873076923077,-891.1269741289742,-5720.484573346551,0.3591997
0.1219897,0.05422928,202120.5,0.03886932692307692,-775.8483028785553,-4980.466731143441,0.3564157
0.1220874,0.05424706,192663.8,0.037050730769230766,-678.2811699139683,-4354.146021308445,0.3553947
0.1221851,0.05426483,185208.2,0.03561696153846154,-614.7950629562513,-3946.6044407963877,0.3634963
0.1222829,0.05428257,177903.8,0.03421226923076923,-558.7392775158942,-3586.760933453542,0.372977
0.1223806,0.0543003,172335.9,0.03314151923076923,-532.2715845966538,-3416.8546985036005,0.388562
0.1224783,0.054318,166920.9,0.032100173076923075,-509.9086443700699,-3273.2984396372526,0.4064186
0.122576,0.05433569,163324.4,0.03140853846153846,-512.815174761838,-3291.9565688946727,0.430076
0.1226737,0.05435337,159874.9,0.030745173076923076,-516.7372015209402,-3317.1335573857086,0.4557724
0.1227715,0.05437102,158339.6,0.03044992307692308,-537.5328576403637,-3450.6288206618083,0.4888032
0.1228692,0.05438866,156928.4,0.03017853846153846,-556.6736116233405,-3573.500634736189,0.5228273
0.1229669,0.05440628,157280.6,0.030246269230769233,-584.4553129513026,-3751.8419917838405,0.5651957
0.1230646,0.05442388,157722.5,0.03033125,-608.523633127507,-3906.345736223761,0.6075093
0.1231624,0.05444147,159514.3,0.03067582692307692,-634.9356126128957,-4075.894325352031,0.6561387
0.1232601,0.05445903,161360.1,0.031030788461538464,-656.7508541080629,-4215.93469676926,0.7038862
0.1233579,0.05447658,163938.6,0.03152665384615385,-678.416482429007,-4355.014644049459,0.7539998
0.1234556,0.05449411,166567.9,0.03203228846153846,-697.6413825938434,-4478.426624619982,0.8038662
0.1235534,0.05451163,169854.7,0.03266436538461539,-715.8980611050581,-4595.6232204093,0.85273
0.1236511,0.05452912,173132.0,0.03329461538461539,-731.4636288493975,-4695.544547831701,0.9005952
0.1237489,0.0545466,176843.1,0.034008288461538465,-737.3319261312571,-4733.215390536806,0.94072
0.1238466,0.05456407,180408.8,0.034693999999999996,-738.5019730723028,-4740.726368961497,0.9775411
0.1239444,0.05458151,183337.7,0.035257250000000004,-712.7145682701173,-4575.187163393476,0.9929714
0.1240422,0.05459894,186033.2,0.035775615384615385,-684.4550030955718,-4393.778215708461,1.004638
0.1241399,0.05461635,187665.5,0.03608951923076923,-610.8605808042993,-3921.347496379069,0.9765542
0.1242377,0.05463375,188969.1,0.036340211538461537,-534.608010184729,-3431.8531071719276,0.9389589
0.1243355,0.05465112,187958.6,0.036145884615384614,-401.1008674986328,-2574.8197411761466,0.8307209
0.1244333,0.05466847,186690.0,0.035901923076923074,-269.3841668224597,-1729.2799066237915,0.6951552
0.1245311,0.05468579,183465.3,0.03528178846153846,-90.32057164546174,-579.8022635985501,0.4073245
0.1246288,0.05470309,180314.0,0.03467576923076923,93.26575480724533,598.7085197570856,0.4190433
0.1247266,0.05472038,169735.9,0.03264151923076923,134.80679758053026,865.3763474003686,0.5019198
0.1248244,0.05473767,160296.1,0.030826173076923077,140.91469921591633,904.585302010789,0.5125593
0.1249222,0.05475496,154907.8,0.029789961538461536,-154.84667750377696,-994.0199944683995,0.549871
0.12502,0.05477226,200695.2,0.03859523076923077,51.221872101816636,328.8127704391134,0.3447095
