x_m,r_m,pressure_pa,pressure_over_pc,tau_wall_pa,su2_cf_t,yplus
-0.02268,0.02,5180063.0,0.9961659615384615,2192.92385827962,14077.216228443522,0.4124386
-0.02258069,0.01999946,5179312.0,0.9960215384615385,1424.8663454503762,9146.761555721754,0.3321398
-0.0224814,0.01999803,5178015.0,0.9957721153846154,860.0812574837338,5521.1902546988895,0.257761
-0.02238212,0.01999557,5177285.0,0.9956317307692307,706.2838589106747,4533.905982647799,0.2333625
-0.02228287,0.01999211,5177411.0,0.9956559615384616,591.8856112555759,3799.5399159393787,0.2134145
-0.02218367,0.01998767,5176925.0,0.9955625,551.509215959959,3540.348405502068,0.2058194
-0.02208451,0.01998225,5177039.0,0.9955844230769231,518.5377097322422,3328.6917076223845,0.1993731
-0.02198541,0.01997585,5176802.0,0.9955388461538461,510.1243084105366,3274.682869524723,0.1975563
-0.02188638,0.01996846,5176912.0,0.99556,505.0991905817775,3242.424717933293,0.1963709
-0.02178742,0.01996008,5176729.0,0.9955248076923077,510.3872407531524,3276.3707327063285,0.1971263
-0.02168856,0.01995073,5176819.0,0.9955421153846153,516.8275024966224,3317.7132338553306,0.1980732
-0.02158979,0.0199404,5176725.0,0.9955240384615385,527.3589804647991,3385.318815327466,0.199745
-0.02149113,0.01992908,5176834.0,0.995545,538.4987204294175,3456.82906298996,0.2014824
-0.02139259,0.01991678,5176794.0,0.9955373076923076,551.1037577993231,3537.745614631192,0.2034046
-0.02129417,0.01990351,5176901.0,0.9955578846153846,563.6932508408966,3618.562381288904,0.2052647
-0.02119589,0.01988926,5176930.0,0.9955634615384615,575.6885711351266,3695.5649260301457,0.2069537
-0.02109776,0.01987403,5177072.0,0.9955907692307693,588.2346350867693,3776.102904764032,0.2086879
-0.02099978,0.01985783,5177140.0,0.9956038461538461,598.8152972618017,3844.024218454738,0.209997
-0.02090197,0.01984066,5177305.0,0.9956355769230769,609.3950594148315,3911.9397545602847,0.2112544
-0.02080434,0.01982252,5177432.0,0.99566,619.1979314267351,3974.8681359768584,0.2123348
-0.02070689,0.01980341,5177624.0,0.995696923076923,628.6865196825768,4035.7790098659966,0.2133131
-0.02060963,0.01978333,5177801.0,0.9957309615384615,637.4123578005929,4091.79349915067,0.2141029
-0.02051258,0.01976229,5178032.0,0.9957753846153846,646.0466675320255,4147.220432746114,0.214834
-0.02041574,0.01974028,5178238.0,0.995815,653.3603113883466,4194.169507423076,0.2153144
-0.02031912,0.01971732,5178481.0,0.9958617307692308,659.9331514831388,4236.36307967139,0.2156272
-0.02022274,0.01969339,5178728.0,0.9959092307692308,667.2599393977958,4283.396531081549,0.2160162
-0.0201266,0.01966851,5178981.0,0.9959578846153846,674.7064560948404,4331.198567297823,0.2163883
-0.02003071,0.01964268,5179231.0,0.9960059615384615,679.8195493564057,4364.021466810494,0.2163469
-0.01993509,0.0196159,5179518.0,0.9960611538461539,686.2481479046857,4405.289097452714,0.216485
-0.01983973,0.01958816,5179743.0,0.996104423076923,692.3918322963953,4444.727755249642,0.2165297
-0.01974466,0.01955948,5179996.0,0.996153076923077,698.6456818663398,4484.873605423088,0.2165522
-0.01964987,0.01952986,5180217.0,0.9961955769230769,705.054680110661,4526.015414224331,0.2165682
-0.01955538,0.0194993,5180454.0,0.9962411538461539,711.8765939650735,4569.807886114221,0.2166127
-0.0194612,0.01946781,5180628.0,0.9962746153846154,717.6399117058004,4606.804825028956,0.216444
-0.01936734,0.01943538,5180821.0,0.9963117307692307,723.4305847478904,4643.977368076425,0.216236
-0.01927381,0.01940202,5180956.0,0.9963376923076923,731.1347589266677,4693.433406126612,0.2162844
-0.01918061,0.01936772,5181109.0,0.9963671153846154,739.0804171070362,4744.43962226131,0.2163287
-0.01908775,0.01933251,5181163.0,0.9963775,746.9347318334341,4794.859469859892,0.216307
-0.01899525,0.01929638,5181237.0,0.9963917307692308,755.0371605077129,4846.8720557017205,0.2162771
-0.01890312,0.01925933,5181212.0,0.9963869230769231,763.1641670820292,4899.042416475845,0.2162086
-0.01881135,0.01922136,5181222.0,0.9963888461538462,772.044509468264,4956.048727698941,0.2162053
-0.01871997,0.01918249,5181072.0,0.99636,781.2617111790327,5015.217467650296,0.2161944
-0.01862898,0.01914271,5180951.0,0.9963367307692308,790.6741095287025,5075.639249417263,0.2161628
-0.01853839,0.01910203,5180662.0,0.9962811538461539,799.1579282568377,5130.100123755405,0.2159564
-0.0184482,0.01906045,5180378.0,0.9962265384615384,807.8367912884868,5185.813062010095,0.2157333
-0.01835843,0.01901799,5179908.0,0.9961361538461538,813.9647980756082,5225.1510792722875,0.2151393
-0.01826909,0.01897463,5179375.0,0.9960336538461538,819.2269348355652,5258.930745955137,0.2143843
-0.01818019,0.01893038,5178730.0,0.9959096153846154,821.7899997765643,5275.384039235595,0.2132149
-0.01809173,0.01888525,5177880.0,0.9957461538461538,823.2531058940926,5284.776276500852,0.2118718
-0.01800372,0.01883925,5176985.0,0.9955740384615385,820.8609728777499,5269.420260562992,0.2099748
-0.01791617,0.01879238,5175883.0,0.9953621153846154,819.2392017170349,5259.009491754836,0.2081542
-0.01782909,0.01874464,5174552.0,0.9951061538461539,838.560027351953,5383.03725457382,0.2090984
-0.01774245,0.01869611,5173652.0,0.994933076923077,841.9689995546881,5404.920749813962,0.2077634
-0.01765635,0.01864663,5172111.0,0.9946367307692308,1012.3773874127386,6498.8373096439045,0.2271293
-0.01757033,0.01859701,5169433.0,0.9941217307692307,1139.6300806227662,7315.720974439587,0.2403879
-0.01748433,0.01854735,5168038.0,0.9938534615384615,1154.0314468444717,7408.168847411792,0.2413485
-0.01739833,0.01849767,5165717.0,0.9934071153846153,1163.067384014959,7466.173981012451,0.2417438
-0.01731234,0.018448,5164170.0,0.9931096153846154,1150.6942431134776,7386.746061416647,0.2398828
-0.01722634,0.01839834,5162108.0,0.992713076923077,1137.6137689801494,7302.777499512323,0.2379317
-0.01714034,0.01834869,5160356.0,0.9923761538461539,1123.7249726964858,7213.620008840795,0.2358434
-0.01705434,0.01829904,5158429.0,0.9920055769230769,1111.371463685806,7134.318113853983,0.2339135
-0.01696833,0.01824939,5156483.0,0.9916313461538462,1104.8557426609016,7092.4912107421915,0.2325926
-0.01688233,0.01819973,5154511.0,0.9912521153846154,1099.1137152114227,7055.630942342638,0.2313549
-0.01679633,0.01815008,5152421.0,0.9908501923076923,1096.804417885314,7040.806680354399,0.2304964
-0.01671032,0.01810043,5150335.0,0.9904490384615384,1094.919473465046,7028.706501826756,0.229684
-0.01662432,0.01805078,5148088.0,0.9900169230769231,1095.4449387867764,7032.079664523043,0.2291458
-0.01653832,0.01800113,5145846.0,0.9895857692307692,1096.2448877516783,7037.214842613302,0.2286364
-0.01645231,0.01795147,5143423.0,0.9891198076923077,1098.7371385399724,7053.21355278733,0.2283186
-0.01636631,0.01790182,5140997.0,0.9886532692307692,1101.4245745032417,7070.465231185647,0.2280199
-0.0162803,0.01785217,5138378.0,0.9881496153846154,1105.2407861037727,7094.962951738659,0.2278454
-0.0161943,0.01780252,5135748.0,0.9876438461538461,1109.1987140806855,7120.370403865756,0.2276827
-0.0161083,0.01775287,5132915.0,0.9870990384615385,1114.0547246763263,7151.542991506842,0.2276138
-0.01602229,0.01770322,5130065.0,0.9865509615384616,1119.03707470815,7183.526600266881,0.2275539
-0.01593629,0.01765357,5127003.0,0.9859621153846154,1124.8410469241499,7220.784515793693,0.2275753
-0.01585028,0.01760391,5123919.0,0.9853690384615384,1130.7612795901962,7258.788751575964,0.227604
-0.01576428,0.01755426,5120616.0,0.9847338461538462,1137.2932819908763,7300.720171060462,0.2276896
-0.01567828,0.01750461,5117285.0,0.9840932692307692,1143.9022573829643,7343.145709590502,0.2277777
-0.01559227,0.01745496,5113731.0,0.9834098076923077,1150.962147285974,7388.465840674142,0.227904
-0.01550627,0.01740531,5110147.0,0.9827205769230769,1158.0811366861758,7434.165354013952,0.2280305
-0.01542027,0.01735565,5106337.0,0.9819878846153847,1165.500814912839,7481.795103833059,0.2281786
-0.01533426,0.017306,5102494.0,0.9812488461538461,1172.9605729149073,7529.682141046182,0.2283241
-0.01524826,0.01725635,5098426.0,0.9804665384615384,1180.7502272450927,7579.686908852793,0.2284926
-0.01516226,0.0172067,5094323.0,0.9796775,1188.5929312413925,7630.032222738066,0.2286594
-0.01507625,0.01715704,5089996.0,0.9788453846153846,1196.8866442034503,7683.272735518625,0.2288595
-0.01499025,0.01710739,5085635.0,0.9780067307692307,1205.2506784147793,7736.964667270123,0.2290593
-0.01490425,0.01705774,5081048.0,0.9771246153846154,1214.2445839561196,7794.699983781737,0.229309
-0.01481824,0.01700808,5076430.0,0.9762365384615385,1223.284204181806,7852.728760321124,0.2295557
-0.01473224,0.01695843,5071588.0,0.9753053846153846,1232.6979551136787,7913.159224830114,0.2298269
-0.01464624,0.01690878,5066713.0,0.9743678846153846,1242.1418879677276,7973.783438630972,0.2300932
-0.01456024,0.01685912,5061620.0,0.9733884615384616,1251.73185530217,8035.345103565644,0.2303614
-0.01447423,0.01680947,5056495.0,0.9724028846153846,1261.3645548713066,8097.181083044088,0.2306249
-0.01438823,0.01675982,5051155.0,0.9713759615384615,1271.3585127697238,8161.336117785856,0.2309097
-0.01430223,0.01671017,5045785.0,0.9703432692307692,1281.3997230885154,8225.794483870577,0.23119
-0.01421622,0.01666052,5040203.0,0.9692698076923076,1291.913272175609,8293.284973003876,0.2315007
-0.01413022,0.01661086,5034592.0,0.9681907692307692,1302.488013168658,8361.16827636477,0.231808
-0.01404421,0.01656121,5028774.0,0.967071923076923,1313.4324384909116,8431.424724702325,0.232136
-0.01395821,0.01651156,5022928.0,0.9659476923076923,1324.406310918936,8501.87020526445,0.2324572
-0.01387221,0.01646191,5016885.0,0.9647855769230769,1335.6924275089464,8574.320100420244,0.2327932
-0.0137862,0.01641226,5010814.0,0.9636180769230769,1347.0024849606484,8646.92368111576,0.2331216
-0.0137002,0.0163626,5004556.0,0.9624146153846154,1358.6432618852498,8721.650276485674,0.233466
-0.0136142,0.01631295,4998272.0,0.9612061538461538,1370.3184536590252,8796.597793923384,0.2338035
-0.01352819,0.0162633,4991812.0,0.9599638461538461,1382.3536088089156,8873.856053825206,0.2341591
-0.01344219,0.01621365,4985329.0,0.9587171153846153,1394.4022832134424,8951.201098988651,0.2345059
-0.01335619,0.016164,4978685.0,0.9574394230769231,1406.7176510299937,9030.258151075455,0.2348625
-0.01327018,0.01611434,4972019.0,0.9561575,1419.0369731567312,9109.340587390405,0.2352093
-0.01318418,0.01606469,4965210.0,0.9548480769230769,1431.4591303002014,9189.083160974114,0.2355518
-0.01309817,0.01601504,4958380.0,0.9535346153846154,1443.8839088641362,9268.84256245751,0.2358841
-0.01301217,0.01596539,4951426.0,0.9521973076923077,1456.5428851014178,9350.105368300092,0.2362229
-0.01292617,0.01591574,4944456.0,0.950856923076923,1469.2108611462165,9431.425947346223,0.2365519
-0.01284016,0.01586609,4937380.0,0.9494961538461538,1482.2744244533617,9515.285952195143,0.2369005
-0.01275416,0.01581644,4930292.0,0.9481330769230769,1495.3498449208798,9599.222072687477,0.2372398
-0.01266816,0.01576678,4923121.0,0.9467540384615385,1508.689450142673,9684.854096070438,0.2375881
-0.01258215,0.01571713,4915940.0,0.9453730769230769,1522.0286796669013,9770.483707707166,0.237926
-0.01249615,0.01566748,4908701.0,0.9439809615384616,1535.5404679055234,9857.221039671462,0.2382657
-0.01241015,0.01561783,4901456.0,0.9425876923076923,1549.0408531289715,9943.885171323922,0.2385941
-0.01232414,0.01556818,4894181.0,0.9411886538461538,1562.7396426034773,10031.82293568015,0.2389261
-0.01223814,0.01551852,4886903.0,0.9397890384615385,1576.4519200155164,10119.84728426155,0.2392489
-0.01215213,0.01546887,4879621.0,0.9383886538461539,1590.4294699746208,10209.57451869118,0.2395806
-0.01206613,0.01541922,4872343.0,0.9369890384615385,1604.4181890022217,10299.373451639527,0.2399029
-0.01198013,0.01536957,4865088.0,0.9355938461538461,1618.661275782492,10390.805268393826,0.2402336
-0.01189412,0.01531992,4857841.0,0.9342001923076924,1632.8926705564988,10482.16202969205,0.2405529
-0.01180812,0.01527026,4850649.0,0.9328171153846154,1647.2446424866303,10574.292821831597,0.2408705
-0.01172212,0.01522061,4843469.0,0.9314363461538462,1661.6069508016565,10666.489967175627,0.2411784
-0.01163611,0.01517096,4836374.0,0.9300719230769231,1676.2425444885894,10760.441435752484,0.241496
-0.01155011,0.01512131,4829298.0,0.9287111538461539,1690.8910825854127,10854.475999442875,0.2418039
-0.01146411,0.01507165,4822337.0,0.9273725,1706.1452580022371,10952.398380522585,0.2421457
-0.0113781,0.015022,4815401.0,0.9260386538461538,1721.4349424667578,11050.548707748532,0.24248
-0.0112921,0.01497235,4808612.0,0.9247330769230769,1737.1435996417706,11151.388580905199,0.2428347
-0.0112061,0.01492269,4801852.0,0.923433076923077,1752.8624456757288,11252.293860240907,0.2431801
-0.0111201,0.01487304,4795274.0,0.9221680769230769,1768.6616114018168,11353.714742372964,0.2435221
-0.01103409,0.01482339,4788730.0,0.9209096153846154,1784.4420023841103,11455.01510225021,0.243852
-0.01094809,0.01477373,4782403.0,0.9196928846153846,1800.4989267150402,11558.090635364062,0.2441921
-0.01086209,0.01472408,4776115.0,0.9184836538461538,1816.5923699185275,11661.400597075819,0.2445239
-0.01077608,0.01467443,4770076.0,0.9173223076923077,1833.1934200142548,11767.96908140072,0.2448814
-0.01069008,0.01462478,4764083.0,0.9161698076923077,1849.8602509344707,11874.959837974848,0.2452327
-0.01060408,0.01457513,4758368.0,0.9150707692307692,1867.1113401896387,11985.70117206371,0.2456149
-0.01051807,0.01452547,4752704.0,0.9139815384615385,1884.4028052896797,12096.701694129635,0.2459887
-0.01043207,0.01447582,4747352.0,0.9129523076923077,1902.1526264743165,12210.644579054224,0.2463845
-0.01034606,0.01442617,4742057.0,0.9119340384615384,1919.9676830569915,12325.006234927227,0.2467736
-0.01026006,0.01437652,4737103.0,0.9109813461538462,1938.3023874063322,12442.703708387493,0.2471882
-0.01017406,0.01432687,4732212.0,0.9100407692307693,1956.726095084941,12560.972528229182,0.2475972
-0.01008805,0.01427721,4727691.0,0.9091713461538462,1975.845511514923,12683.707368397167,0.2480427
-0.01000205,0.01422756,4723239.0,0.9083151923076923,1995.0788420208753,12807.1734665488,0.248484
-0.009916048,0.01417791,4719180.0,0.9075346153846154,2014.9782727461688,12934.915516545308,0.2489591
-0.009830044,0.01412826,4715195.0,0.9067682692307693,2035.0197454196484,13063.569388085722,0.2494311
-0.00974404,0.01407861,4711626.0,0.906081923076923,2055.5945399719462,13195.646856564596,0.249928
-0.009658036,0.01402896,4708132.0,0.90541,2076.315917601942,13328.665297833017,0.2504212
-0.009572032,0.0139793,4705072.0,0.9048215384615385,2097.695043606906,13465.906077265789,0.2509458
-0.009486028,0.01392965,4702091.0,0.9042482692307693,2119.290791297515,13604.537434076377,0.2514703
-0.009400024,0.01388,4699551.0,0.9037598076923077,2141.8768166068576,13749.525761336468,0.2520448
-0.00931402,0.01383035,4697096.0,0.9032876923076923,2164.751131411714,13896.364729032352,0.252623
-0.009228016,0.0137807,4695082.0,0.9029003846153846,2188.664843546808,14049.875985376002,0.2532525
-0.009142013,0.01373105,4693155.0,0.9025298076923077,2212.8670255130423,14205.239039798742,0.2538846
-0.00905601,0.01368139,4691665.0,0.9022432692307693,2238.035612171374,14366.805815232343,0.2545619
-0.008970006,0.01363174,4690262.0,0.9019734615384616,2263.539039248035,14530.522059263794,0.2552433
-0.008884003,0.01358209,4689283.0,0.9017851923076923,2290.0323805816515,14700.592941186647,0.2559689
-0.008797999,0.01353244,4688388.0,0.9016130769230769,2316.939680498241,14873.321181439627,0.2567016
-0.008711996,0.01348279,4687889.0,0.9015171153846154,2345.117217409047,15054.203558354233,0.2574915
-0.008625992,0.01343313,4687473.0,0.9014371153846154,2373.7587941571314,15238.064784307902,0.2582898
-0.008539988,0.01338348,4687410.0,0.901425,2403.839092557451,15431.161714326076,0.2591512
-0.008453985,0.01333383,4687424.0,0.9014276923076923,2434.4541393972013,15627.691398920413,0.2600232
-0.008367981,0.01328418,4687738.0,0.901488076923077,2466.374895156654,15832.60292802096,0.260947
-0.008281978,0.01323453,4688122.0,0.9015619230769231,2498.875681275187,16041.237893643487,0.2618814
-0.008195974,0.01318487,4688735.0,0.9016798076923077,2532.9531342255436,16259.994086151295,0.2628777
-0.008109971,0.01313522,4689408.0,0.9018092307692308,2567.6941733534495,16483.010091909022,0.2638866
-0.008023968,0.01308557,4690222.0,0.9019657692307692,2604.548340128705,16719.591071524705,0.2649797
-0.007937965,0.01303592,4691085.0,0.9021317307692308,2642.2165422929043,16961.397655369416,0.266091
-0.007851962,0.01298626,4691979.0,0.9023036538461539,2682.2844698626322,17218.60899359945,0.2672951
-0.00776596,0.01293661,4692907.0,0.9024821153846154,2723.1950236198563,17481.229471319828,0.2685153
-0.007679957,0.01288695,4693747.0,0.9026436538461539,2766.4125885863746,17758.659535571016,0.2698164
-0.007593954,0.0128373,4694599.0,0.9028075,2810.611658888096,18042.390257631578,0.2711361
-0.007507951,0.01278765,4695231.0,0.9029290384615385,2857.0394325714415,18340.427878353363,0.2725243
-0.007421947,0.012738,4695857.0,0.903049423076923,2904.4387501935707,18644.702210874355,0.2739266
-0.007335944,0.01268834,4696107.0,0.9030975,2954.807397372501,18968.03780449056,0.275424
-0.00724994,0.01263869,4696331.0,0.9031405769230769,3006.2261101012837,19298.114170132892,0.2769346
-0.007163936,0.01258904,4696014.0,0.9030796153846153,3061.2622435886997,19651.412141950135,0.2785601
-0.007077933,0.01253939,4695647.0,0.9030090384615385,3117.430021925225,20011.974574489337,0.2801978
-0.00699193,0.01248974,4694568.0,0.9028015384615384,3177.5128763522357,20397.669376521666,0.2819519
-0.006905926,0.01244008,4693415.0,0.9025798076923077,3238.7720324139586,20790.915308247437,0.2837141
-0.006819923,0.01239043,4691374.0,0.9021873076923077,3304.431401223608,21212.40788705575,0.2856011
-0.006733919,0.01234078,4689232.0,0.9017753846153846,3371.337599322754,21641.904339524306,0.2874928
-0.006647915,0.01229113,4686022.0,0.9011580769230769,3443.140977924802,22102.837665000916,0.2895155
-0.006561911,0.01224148,4682688.0,0.9005169230769231,3516.2847607722906,22572.375557537776,0.2915391
-0.006475907,0.01219183,4678098.0,0.8996342307692308,3595.5845982291935,23081.431517026045,0.2937289
-0.006389903,0.01214218,4673363.0,0.8987236538461538,3676.368023333547,23600.01119254675,0.2959167
-0.006303899,0.01209252,4667173.0,0.8975332692307693,3765.024266039383,24169.129492691707,0.2983193
-0.006217895,0.01204287,4660813.0,0.8963101923076923,3855.3093562048675,24748.703987111745,0.3007153
-0.006131892,0.01199322,4652784.0,0.8947661538461539,3954.103102610392,25382.898797349997,0.3033259
-0.006045888,0.01194357,4644553.0,0.8931832692307692,4054.265222842791,26025.877722079746,0.3059082
-0.005959885,0.01189392,4634413.0,0.8912332692307692,4156.703658687682,26683.46918657472,0.3084475
-0.005873881,0.01184426,4623980.0,0.8892269230769231,4258.383360311577,27336.190046169966,0.3108477
-0.005787885,0.0117946,4611456.0,0.8868184615384616,4401.381927780871,28254.152494807906,0.3145873
-0.005701897,0.01174492,4598770.0,0.8843788461538461,4551.9502306641725,29220.70796769188,0.3185073
-0.005615904,0.01169525,4583213.0,0.8813871153846153,4724.240886453863,30326.707524646194,0.3229938
-0.005529897,0.01164561,4567246.0,0.8783165384615385,4897.037615696221,31435.95576047907,0.3273556
-0.005443868,0.011596,4548465.0,0.8747048076923077,5022.402594703496,32240.72146645492,0.32989
-0.005357828,0.01154641,4529055.0,0.8709721153846154,5148.633086084857,33051.04322709834,0.3323032
-0.005271787,0.01149682,4505881.0,0.8665155769230769,5323.722079917251,34175.00638527788,0.3360772
-0.00518574,0.01144724,4481583.0,0.8618428846153846,5504.832085033032,35337.62071569494,0.3398868
-0.005099683,0.01139769,4451879.0,0.8561305769230769,5828.7930481234725,37417.24993299786,0.3476774
-0.005013605,0.01134816,4421195.0,0.8502298076923077,6152.319139487708,39494.0875425127,0.3551387
-0.004927488,0.01129871,4388072.0,0.84386,6977.56604486326,44791.662779775776,0.3761223
-0.004841241,0.01124947,4343670.0,0.8353211538461538,8173.018723337359,52465.73034131627,0.4094683
-0.004753901,0.01120225,4295204.0,0.8260007692307693,7597.956988792177,48774.189318890094,0.3929657
-0.0046663,0.01115547,4261763.0,0.8195698076923077,7628.730935567255,48971.73904288974,0.393376
-0.004578239,0.01110957,4224916.0,0.8124838461538462,7596.429965492048,48764.386772805046,0.3921194
-0.004489727,0.01106455,4188973.0,0.8055717307692307,7608.3792652433085,48841.09389409513,0.3919884
-0.004400772,0.0110204,4152269.0,0.7985132692307693,7682.183902538907,49314.874063866766,0.393437
-0.004311381,0.01097714,4115102.0,0.7913657692307692,7747.973469051222,49737.20243148095,0.3945931
-0.004221566,0.01093477,4078541.0,0.7843348076923077,7825.500615359243,50234.87880908595,0.3960342
-0.004131335,0.0108933,4041639.0,0.7772382692307692,7906.160480941619,50752.665308819276,0.3974915
-0.004040696,0.01085272,4004565.0,0.7701086538461539,8002.366244686225,51370.2468694111,0.3992537
-0.003949659,0.01081305,3967248.0,0.7629323076923077,8101.306546068201,52005.38247204626,0.4010124
-0.003858234,0.01077427,3929761.0,0.7557232692307693,8214.81051791817,52734.007840631864,0.4030181
-0.003766427,0.01073641,3891957.0,0.7484532692307693,8330.925655068497,53479.39527708526,0.4050101
-0.003674248,0.01069947,3854010.0,0.7411557692307692,8453.855122067205,54268.52650079576,0.4070202
-0.003581707,0.01066344,3815887.0,0.7338244230769231,8581.279365986069,55086.51141514614,0.4090524
-0.003488814,0.01062833,3777561.0,0.7264540384615384,8719.99622710069,55976.98795452469,0.4112058
-0.003395578,0.01059414,3738942.0,0.7190273076923077,8861.570121884197,56885.804884782294,0.4133343
-0.003302005,0.01056089,3700072.0,0.7115523076923077,9005.350983713413,57808.78917985478,0.4153696
-0.003208104,0.01052857,3660991.0,0.7040367307692308,9148.130575712637,58725.34594127322,0.4172659
-0.003113889,0.01049718,3621892.0,0.6965176923076923,9295.524994558069,59671.52703968158,0.4191272
-0.003019367,0.01046672,3582499.0,0.6889421153846154,9446.980634851318,60643.77867047832,0.4209815
-0.002924548,0.01043721,3542831.0,0.6813136538461538,9591.432941809526,61571.07322841317,0.4225365
-0.00282944,0.01040864,3502981.0,0.6736501923076923,9738.08482775466,62512.48772439037,0.4240339
-0.002734053,0.01038101,3462994.0,0.6659603846153846,9877.947090484822,63410.31703443148,0.4252581
-0.002638397,0.01035433,3422691.0,0.6582098076923077,10022.45920821515,64337.99554056806,0.4264887
-0.002542478,0.01032861,3382397.0,0.6504609615384616,10145.403620494033,65127.222703743035,0.4271233
-0.002446311,0.01030384,3342067.0,0.6427051923076923,10281.617684928153,66001.63283483557,0.4279636
-0.002349903,0.01028002,3301403.0,0.6348851923076924,10402.580664433346,66778.1404238712,0.4283726
-0.002253261,0.01025717,3260699.0,0.6270575,10523.251639462045,67552.7735245885,0.4286755
-0.002156399,0.01023527,3219886.0,0.6192088461538462,10640.581778817826,68305.96052448759,0.4288122
-0.002059324,0.01021433,3178898.0,0.6113265384615385,10758.50886483192,69062.97955309764,0.4288711
-0.001962045,0.01019437,3137781.0,0.6034194230769231,10863.559352696631,69737.33877765146,0.4285746
-0.001864573,0.01017537,3096639.0,0.5955075,10970.805183001868,70425.79074423738,0.4282377
-0.001766917,0.01015733,3055421.0,0.5875809615384615,11068.816395653665,71054.96217128077,0.427633
-0.001669086,0.01014028,3014180.0,0.57965,11168.105820329793,71692.3389297516,0.4269707
-0.001571091,0.01012419,2972877.0,0.5717071153846154,11260.163406017615,72283.29175025337,0.426078
-0.001472941,0.01010907,2931517.0,0.5637532692307692,11359.760723821912,72922.64499236913,0.4252573
-0.001374646,0.01009493,2889979.0,0.5557651923076923,11441.905168485884,73449.96157252953,0.4240125
-0.001276215,0.01008177,2848569.0,0.5478017307692308,11531.634757488113,74025.97009270893,0.4228418
-0.001177659,0.01006958,2806961.0,0.5398001923076923,11611.956959094114,74541.58899834634,0.4214101
-0.001078986,0.01005838,2765369.0,0.5318017307692308,11695.583118737644,75078.41727316836,0.4199687
-0.0009802069,0.01004816,2723741.0,0.5237963461538462,11763.353193896104,75513.45928259406,0.4181638
-0.000881331,0.01003892,2682273.0,0.5158217307692308,11836.933583722486,75985.7999221691,0.4164005
-0.0007823684,0.01003065,2640672.0,0.5078215384615384,11905.954953904644,76428.87447250936,0.4144732
-0.0006833288,0.01002337,2599074.0,0.4998219230769231,11983.399626363844,76926.02141896304,0.4126285
-0.0005842214,0.01001708,2557122.0,0.49175423076923075,12051.685790753101,77364.37640237443,0.4105217
-0.0004850564,0.01001177,2515315.0,0.4837144230769231,12132.095109901853,77880.554548809,0.408557
-0.0003858439,0.01000745,2472346.0,0.47545115384615383,12265.704785818472,78738.24611479254,0.4072838
-0.0002865932,0.0100041,2429050.0,0.467125,12418.65950271739,79720.1208911633,0.406213
-0.0001873143,0.01000175,2381024.0,0.45788923076923077,12799.785757181417,82166.71595837004,0.4082207
-8.801603e-05,0.01000044,2333673.0,0.4487832692307692,13149.172266993202,84409.56147594322,0.4094656
1.129096e-05,0.009999971,2268646.0,0.4362780769230769,14025.073425368419,90032.30571972436,0.4168752
0.0001105874,0.01000122,2193641.0,0.42185403846153846,14668.425543030664,94162.22880718783,0.4194539
0.0002098418,0.01000441,2108868.0,0.40555153846153846,15006.13007285215,96330.08323116743,0.4163112
0.0003090139,0.01000956,2023571.0,0.38914826923076923,15301.492262145839,98226.12599101759,0.4121434
0.0004080636,0.01001668,1942696.0,0.3735953846153846,15315.738729299019,98317.57950767734,0.4040565
0.0005069526,0.01002577,1862448.0,0.3581630769230769,15346.108326578393,98512.53355774996,0.3959528
0.0006056422,0.01003681,1784607.0,0.34319365384615386,15285.084913046025,98120.80094740442,0.3866664
0.0007040912,0.01004983,1707976.0,0.3284569230769231,15234.028623895601,97793.05111720454,0.3773615
0.0008022646,0.01006478,1634554.0,0.31433730769230767,15132.493803130252,97141.26030320363,0.3675712
0.0009001194,0.01008169,1562395.0,0.3004605769230769,15042.871281030797,96565.93908638661,0.3578168
0.0009976206,0.01010054,1493446.0,0.28720115384615386,14919.864124931275,95776.30914665066,0.3478528
0.00109473,0.01012131,1425561.0,0.27414634615384614,14808.805695742962,95063.3826509256,0.3379421
0.001191405,0.01014402,1360902.0,0.2617119230769231,14663.982559633192,94133.7075989619,0.3278648
0.001287609,0.01016864,1297331.0,0.24948673076923078,14528.354255561502,93263.05768747245,0.3178403
0.001383306,0.01019516,1237001.0,0.2378848076923077,14371.686151161575,92257.34525773568,0.3078536
0.001478459,0.01022358,1177629.0,0.2264671153846154,14220.379614089205,91286.05077749059,0.2978823
0.001573024,0.01025388,1121369.0,0.21564788461538462,14054.689349203876,90222.4216519592,0.2880452
0.001666972,0.01028606,1065903.0,0.20498134615384617,13889.38090836031,89161.24360085835,0.2781787
0.001760262,0.0103201,1013589.0,0.19492096153846153,13713.250981177955,88030.59829373346,0.268519
0.001852859,0.01035598,961915.3,0.18498371153846155,13532.023028105781,86867.22681031286,0.2587959
0.001944724,0.01039369,913417.2,0.17565715384615382,13347.028975989853,85679.6792979907,0.2493819
0.002035822,0.01043323,865433.3,0.16642948076923078,13151.799167894735,84426.42455664798,0.2398633
0.002126115,0.01047456,820592.7,0.15780628846153846,12961.63214061082,83205.66973997315,0.2307561
0.002215573,0.01051768,776145.7,0.14925878846153845,12756.537684571202,81889.09005389609,0.221524
0.002304157,0.01056256,734793.8,0.1413065,12571.37003878695,80700.42817748159,0.2128354
0.00239183,0.0106092,693744.6,0.13341242307692308,12367.19433078626,79389.74628614765,0.2039876
0.002478561,0.01065756,655694.9,0.12609517307692308,12148.825873179137,77987.95571161363,0.1954158
0.002564312,0.01070765,617928.1,0.11883232692307692,11886.993852946207,76307.15591985032,0.186521
0.002649054,0.01075942,586602.3,0.11280813461538462,11559.805639579774,74206.80974979643,0.178048
0.00273275,0.01081287,555610.7,0.10684821153846152,11180.330586597287,71770.81437587344,0.1692594
0.002805451,0.01086119,538795.6,0.10361453846153845,10118.571693739212,64954.9783126178,0.1576294
0.00288784,0.01091664,522522.0,0.100485,8957.680313188303,57502.77292935744,0.146289
0.002970221,0.0109721,516695.3,0.09936448076923077,8328.606781758315,53464.50954319599,0.1407875
0.003052613,0.01102754,510872.0,0.09824461538461539,7707.326910235417,49476.27663816995,0.1351979
0.003135027,0.01108295,507809.3,0.09765563461538461,7408.350990728101,47557.03596316355,0.1326431
0.003217482,0.01113829,504756.1,0.09706848076923076,7118.5594245480925,45696.75316178271,0.1301421
0.003299977,0.01119357,502547.6,0.09664376923076923,6960.198468356924,44680.17366950839,0.1289062
0.003382505,0.01124881,500339.0,0.09621903846153847,6804.128033821603,43678.29791102015,0.1276523
0.003465062,0.011304,498446.1,0.09585501923076922,6698.13937614439,42997.91621593698,0.1268893
0.00354765,0.01135915,496554.1,0.09549117307692308,6593.3072264927605,42324.958587806526,0.1261254
0.003630266,0.01141425,494849.4,0.09516334615384615,6523.597585695994,41877.46576538219,0.1256897
0.003712912,0.01146931,493145.2,0.0948356153846154,6454.815686016935,41435.9284677102,0.1252568
0.003795588,0.01152433,491506.8,0.09452053846153846,6406.706650180274,41127.098182765454,0.1249944
0.003878293,0.0115793,489868.2,0.09420542307692308,6359.207718545732,40822.18438983328,0.1247344
0.003961026,0.01163423,488210.9,0.09388671153846154,6321.856400970877,40582.4120092587,0.1245349
0.004043788,0.01168911,486553.2,0.09356792307692308,6284.795850724021,40344.506175273484,0.1243356
0.004126581,0.01174395,484845.2,0.09323946153846153,6252.240708005469,40135.522273864146,0.1241443
0.004209402,0.01179875,483136.8,0.09291092307692307,6219.759360496457,39927.01209210421,0.1239513
0.004292253,0.0118535,481386.1,0.09257425,6189.433389466746,39732.33809559908,0.1237511
0.004375132,0.0119082,479635.1,0.09223751923076923,6159.098177894648,39537.60478052127,0.1235484
0.004458041,0.01196287,477861.9,0.09189651923076923,6130.125450748528,39351.617773620084,0.1233393
0.004540979,0.01201749,476088.6,0.0915555,6101.137401923473,39165.53241100694,0.1231277
0.004623945,0.01207206,474308.0,0.09121307692307692,6073.406049103777,38987.51426027353,0.1229156
0.004706934,0.01212659,472527.3,0.09087063461538461,6045.6849180568315,38809.56172700545,0.1227014
0.004789963,0.01218108,470746.1,0.09052809615384615,6019.575197533895,38641.9534536594,0.1224946
0.00487301,0.01223552,468964.9,0.0901855576923077,5993.514995056973,38474.66305557305,0.1222863
0.0049561,0.01228993,467181.3,0.08984255769230769,5969.337881402244,38319.460924221225,0.1220901
0.005039213,0.01234428,465397.5,0.08949951923076924,5945.223887274174,38164.66398123088,0.1218923
0.005122354,0.01239859,463609.1,0.08915559615384615,5922.658883250813,38019.810597638374,0.1217045
0.005205522,0.01245286,461820.6,0.08881165384615385,5900.141370940352,37875.26208149898,0.121515
0.005288718,0.01250708,460029.3,0.08846717307692308,5878.665523617782,37737.40041096837,0.1213315
0.005371942,0.01256126,458237.9,0.08812267307692308,5857.204821117385,37599.635960838576,0.1211461
0.005455195,0.0126154,456449.5,0.08777875,5836.5285404070355,37466.90701393026,0.1209656
0.005538476,0.01266949,454661.2,0.08743484615384615,5815.878421432641,37334.346009202214,0.1207837
0.005621782,0.01272354,452879.4,0.08709219230769231,5796.422857767215,37209.45331147795,0.1206116
0.005705118,0.01277754,451097.6,0.08674953846153846,5777.025400127522,37084.93361853692,0.1204385
0.005788487,0.01283151,449319.5,0.08640759615384615,5759.170095669046,36970.313596169224,0.1202782
0.005871883,0.01288542,447541.3,0.0860656346153846,5741.385021197777,36856.1444069264,0.1201166
0.005955306,0.0129393,445765.3,0.08572409615384616,5724.634948964355,36748.619292553805,0.119962
0.006038761,0.01299313,443989.2,0.08538253846153847,5707.931244697582,36641.39183187771,0.1198058
0.006122238,0.01304691,442219.5,0.08504221153846153,5691.675857979507,36537.04229286233,0.1196509
0.006205752,0.01310066,440449.8,0.08470188461538461,5675.445125379395,36432.85101805123,0.1194945
0.006289282,0.01315435,438690.2,0.08436350000000001,5659.881592865939,36332.942755553595,0.1193421
0.006372854,0.01320802,436930.7,0.08402513461538462,5644.360292879507,36233.30559978524,0.1191884
0.006456437,0.01326162,435182.1,0.08368886538461538,5629.521233621141,36138.04800795504,0.1190385
0.006540067,0.0133152,433433.5,0.08335259615384616,5614.723427739101,36043.05523731164,0.1188873
0.006623714,0.01336873,431699.2,0.08301907692307693,5600.196728650786,35949.80280477521,0.1187356
0.006707388,0.01342221,429965.1,0.08268559615384614,5585.674398550298,35856.57841844117,0.1185823
0.00679109,0.01347565,428249.0,0.08235557692307692,5571.337201403117,35764.54247127927,0.1184281
0.006874819,0.01352905,426533.0,0.08202557692307692,5557.033529161885,35672.72173329953,0.1182728
0.006958577,0.0135824,424833.1,0.08169867307692308,5543.31693009799,35584.66964238343,0.1181203
0.007042362,0.01363571,423133.4,0.0813718076923077,5529.675454321179,35497.099796553994,0.1179672
0.007126176,0.01368897,421443.2,0.08104676923076923,5516.715418939588,35413.904377020335,0.1178166
0.007210017,0.0137422,419753.0,0.08072173076923077,5503.810833889287,35331.06491435247,0.1176646
0.007293886,0.01379537,418069.0,0.08039788461538462,5490.867019478514,35247.97362342902,0.117507
0.007377782,0.01384851,416385.0,0.08007403846153846,5477.949292624696,35165.0497985025,0.1173477
0.007461704,0.0139016,414710.6,0.07975203846153846,5464.3012404070705,35077.437735986416,0.117176
0.007545654,0.01395465,413036.3,0.0794300576923077,5450.645165472012,34989.77417258141,0.1170028
0.007629631,0.01400766,411376.1,0.07911078846153846,5436.720158397953,34900.384231009106,0.1168231
0.007713635,0.01406063,409716.1,0.07879155769230768,5422.804984984893,34811.057415464486,0.1166422
0.007797666,0.01411355,408070.4,0.07847507692307693,5409.36021888395,34724.75032421313,0.1164625
0.007881725,0.01416643,406424.7,0.07815859615384615,5395.961873856505,34638.74122757144,0.1162818
0.007965812,0.01421926,404792.0,0.07784461538461539,5382.992893343797,34555.48838582294,0.1161012
0.008049925,0.01427205,403159.3,0.07753063461538462,5370.05099118262,34472.40937036037,0.1159189
0.008134066,0.0143248,401539.9,0.07721921153846155,5357.1348100941605,34389.49546829237,0.1157327
0.008218232,0.01437751,399920.6,0.07690780769230769,5344.241515574855,34306.72848385741,0.1155448
0.008302426,0.01443017,398313.8,0.07659880769230769,5331.3147733801425,34223.74678601266,0.1153523
0.008386646,0.01448279,396706.9,0.07628978846153847,5318.43961722203,34141.09623864942,0.1151587
0.008470894,0.01453536,395108.8,0.07598246153846154,5305.688186980115,34059.23993522164,0.1149618
0.008555168,0.0145879,393510.6,0.07567511538461538,5292.964507675509,33977.561775664915,0.1147633
0.008639468,0.01464039,391919.0,0.07536903846153846,5279.888924857051,33893.62461297986,0.1145561
0.008723795,0.01469284,390327.2,0.07506292307692308,5266.808343522434,33809.6553629095,0.114347
0.008808148,0.01474524,388745.0,0.07475865384615385,5252.944220659952,33720.65626035699,0.1141255
0.008892527,0.01479761,387162.8,0.07445438461538462,5239.066085384335,33631.56720677001,0.1139023
0.008976933,0.01484993,385592.0,0.0741523076923077,5224.9024969367365,33540.64572019183,0.1136727
0.009061365,0.01490221,384021.1,0.07385021153846154,5210.742094338002,33449.744684794925,0.1134416
0.009145825,0.01495445,382458.6,0.07354973076923077,5196.75587602594,33359.96180489522,0.1132086
0.009230311,0.01500664,380895.9,0.07324921153846155,5182.779126926006,33270.23971148664,0.1129737
0.009314824,0.01505879,379338.9,0.07294978846153846,5168.586272632241,33179.13035625856,0.1127324
0.009399363,0.01511089,377781.7,0.07265032692307692,5154.390482111051,33088.00215226462,0.1124891
0.009483928,0.01516296,376231.0,0.07235211538461539,5139.817392208937,32994.45191936709,0.1122379
0.00956852,0.01521498,374680.2,0.07205388461538462,5125.218977712864,32900.73911822365,0.1119846
0.009653138,0.01526696,373134.8,0.0717566923076923,5110.719530230161,32807.66162415731,0.1117288
0.009737783,0.0153189,371589.2,0.07145946153846154,5096.22145116589,32714.59291449179,0.111471
0.009822453,0.01537079,370046.9,0.07116286538461539,5081.583139149767,32620.623995921105,0.1112077
0.009907149,0.01542264,368504.3,0.07086621153846154,5066.926103748394,32526.53488478573,0.110942
0.00999187,0.01547445,366967.4,0.07057065384615385,5051.539309548722,32427.7611730613,0.1106652
0.01007662,0.01552622,365430.2,0.07027503846153846,5036.094508987814,32328.615096338122,0.1103858
0.01016139,0.01557794,363902.7,0.06998128846153846,5020.02095693387,32225.432823516287,0.1100976
0.01024619,0.01562963,362374.9,0.06968748076923077,5003.905884911519,32121.98401815122,0.1098073
0.01033101,0.01568127,360856.7,0.06939551923076924,4987.6913404881425,32017.896661432576,0.1095144
0.01041586,0.01573287,359338.2,0.0691035,4971.466936738171,31913.74601392898,0.1092197
0.01050073,0.01578443,357827.2,0.06881292307692308,4955.014715875848,31808.132921325425,0.1089208
0.01058563,0.01583594,356316.0,0.06852230769230769,4938.519733813517,31702.245328238674,0.1086194
0.01067056,0.01588741,354812.0,0.06823307692307692,4921.616759912885,31593.738679635924,0.1083124
0.01075551,0.01593884,353307.8,0.06794380769230769,4904.670723163031,31484.95559414841,0.1080031
0.01084049,0.01599023,351809.9,0.06765575,4887.561924437877,31375.127677345197,0.1076911
0.01092549,0.01604157,350311.8,0.06736765384615384,4870.424215395875,31265.114174170638,0.107377
0.01101052,0.01609288,348817.1,0.06708021153846154,4853.271242889843,31155.002688987843,0.1070616
0.01109558,0.01614414,347322.1,0.06679271153846153,4836.073323631052,31044.602673423575,0.1067437
0.01118066,0.01619535,345829.4,0.06650565384615385,4818.473236996805,30931.620991796015,0.1064204
0.01126577,0.01624653,344336.3,0.06621851923076923,4800.806750684362,30818.2130652608,0.1060944
0.0113509,0.01629767,342847.7,0.06593225,4782.469257445533,30700.497688853186,0.105761
0.01143605,0.01634876,341358.7,0.06564590384615385,4764.056774252599,30582.30092327426,0.1054249
0.01152123,0.01639981,339875.9,0.06536075000000001,4745.2243948528585,30461.408683488873,0.105085
0.01160644,0.01645082,338392.7,0.06507551923076924,4726.321294063254,30340.06245607718,0.1047425
0.01169167,0.01650179,336914.6,0.06479126923076922,4707.247014695248,30217.61736795825,0.1043991
0.01177693,0.01655271,335436.1,0.0645069423076923,4688.114542946821,30094.798720712333,0.1040532
0.01186221,0.01660359,333960.0,0.06422307692307692,4668.943353428682,29971.731529307413,0.1037077
0.01194751,0.01665443,332483.5,0.06393913461538461,4649.704536194769,29848.23020975236,0.1033594
0.01203285,0.01670523,331008.2,0.06365542307692308,4630.138914145587,29722.63100520614,0.1030082
0.0121182,0.01675599,329532.4,0.06337161538461539,4610.485291465219,29596.466890980657,0.1026541
0.01220358,0.01680671,328059.8,0.06308842307692307,4590.155116031022,29465.959726097193,0.1022937
0.01228899,0.01685738,326586.7,0.06280513461538462,4569.7116081606055,29334.725036997905,0.1019304
0.01237441,0.01690802,325119.3,0.0625229423076923,4548.759124846407,29200.223040030152,0.1015635
0.01245987,0.01695861,323651.3,0.062240634615384614,4527.708303565516,29065.089774076314,0.1011938
0.01254535,0.01700916,322188.3,0.06195928846153846,4506.591462373738,28929.5327010863,0.1008256
0.01263085,0.01705967,320724.7,0.061677826923076925,4485.3978670622855,28793.482914072032,0.1004548
0.01271638,0.01711013,319262.5,0.06139663461538462,4464.371586474247,28658.50718420335,0.1000873
0.01280193,0.01716056,317799.8,0.06111534615384615,4443.261665840533,28522.994536920098,0.09971694
0.01288751,0.01721094,316336.6,0.06083396153846153,4421.9732087177035,28386.33579568905,0.09934559
0.01297311,0.01726128,314872.9,0.060552480769230775,4400.578048779298,28248.99208831047,0.09897109
0.01305874,0.01731158,313411.1,0.06027136538461538,4378.587009570565,28107.823204192267,0.09859123
0.01314439,0.01736184,311948.7,0.05999013461538462,4356.453042367197,27965.73681065942,0.09820792
0.01323006,0.01741206,310491.8,0.05970996153846154,4333.807077033516,27820.363705478212,0.09782094
0.01331576,0.01746224,309034.3,0.059429673076923074,4311.035424891664,27674.183768646646,0.09743099
0.01340148,0.01751237,307582.2,0.05915042307692308,4288.300010299097,27528.236454491398,0.09704333
0.01348723,0.01756247,306129.6,0.05887107692307692,4265.466397705,27381.65876983992,0.096653
0.013573,0.01761252,304678.1,0.0585919423076923,4243.067888330551,27237.874179021383,0.09626845
0.0136588,0.01766253,303226.0,0.05831269230769231,4220.578773868193,27093.50795952063,0.09588091
0.01374462,0.0177125,301772.3,0.05803313461538461,4198.127510568371,26949.384721096263,0.09549377
0.01383046,0.01776243,300318.0,0.05775346153846154,4175.562006858093,26804.528129822487,0.09510337
0.01391633,0.01781231,298864.3,0.05747390384615384,4152.591354993361,26657.07073772598,0.09470842
0.01400222,0.01786216,297409.9,0.05719421153846154,4129.472791914999,26508.663847027852,0.09430997
0.01408813,0.01791196,295959.2,0.056915230769230774,4106.094193441495,26358.58768976097,0.09390922
0.01417407,0.01796173,294508.0,0.05663615384615384,4082.5797996790675,26207.63981064302,0.09350527
0.01426003,0.01801145,293061.2,0.056357923076923076,4059.1460203789193,26057.209426563655,0.09310278
0.01434602,0.01806113,291613.8,0.05607957692307692,4035.5892111088124,25905.98926609367,0.09269726
0.01443203,0.01811077,290168.8,0.0558016923076923,4012.4156210139827,25757.229135949365,0.09229615
0.01451807,0.01816037,288723.1,0.055523673076923075,3989.1312187946705,25607.75766043336,0.091892
0.01460412,0.01820993,287277.9,0.05524575,3966.0758447170087,25459.756404077147,0.09148994
0.0146902,0.01825945,285832.2,0.05496773076923077,3942.8937653452235,25310.941778020053,0.09108459
0.01477631,0.01830892,284388.1,0.05469001923076923,3919.64540310829,25161.701656922894,0.09067816
0.01486244,0.01835836,282943.4,0.054412192307692314,3896.2497715882996,25011.516158021775,0.09026817
0.01494859,0.01840776,281504.3,0.05413544230769231,3872.5537896828055,24859.402595223193,0.0898552
0.01503476,0.01845711,280064.7,0.05385859615384615,3848.7011932603305,24706.283663992996,0.08943894
0.01512096,0.01850643,278633.0,0.05358326923076923,3825.03534472755,24554.36353882873,0.08902596
0.01520718,0.0185557,277200.9,0.05330786538461539,3801.2353160261127,24401.58205988758,0.08860997
0.01529342,0.01860493,275774.2,0.053033500000000004,3778.163254431932,24253.47367998603,0.08820331
0.01537969,0.01865412,274346.9,0.052759019230769234,3754.989256464688,24104.710931552832,0.08779382
0.01546598,0.01870327,272922.0,0.052485,3732.3905095014848,23959.640939135283,0.0873912
0.0155523,0.01875238,271496.5,0.05221086538461538,3709.6740878136466,23813.815547693248,0.08698535
0.01563864,0.01880145,270074.0,0.05193730769230769,3687.0667828857436,23668.69061843003,0.08658127
0.015725,0.01885047,268651.0,0.051663653846153845,3664.3119885728775,23522.61889844461,0.08617366
0.01581138,0.01889946,267235.2,0.05139138461538462,3641.4557054837,23375.89568322213,0.08576634
0.01589779,0.01894841,265819.0,0.05111903846153846,3618.447149464193,23228.1949698718,0.08535581
0.01598422,0.01899732,264412.9,0.05084863461538462,3595.7558452122535,23082.53081684893,0.0849513
0.01607067,0.01904618,263006.3,0.050578134615384615,3572.934680339078,22936.033038874695,0.08454381
0.01615714,0.01909501,261608.9,0.050309403846153844,3550.8173896625954,22794.053698340525,0.08414695
0.01624364,0.01914379,260211.1,0.05004059615384616,3528.5946908461415,22651.397702676262,0.08374736
0.01633016,0.01919254,258820.8,0.049773230769230764,3507.0488723057197,22513.086860160154,0.0833577
0.01641671,0.01924124,257430.2,0.049505807692307696,3485.3923342740945,22374.065266920767,0.0829651
0.01650328,0.0192899,256047.5,0.04923990384615384,3464.1629696726523,22237.785863165536,0.08257968
0.01658987,0.01933853,254664.6,0.04897396153846154,3442.810861945672,22100.71852438364,0.08219123
0.01667648,0.01938711,253292.4,0.048710076923076925,3421.7346619466107,21965.42234273989,0.08180867
0.01676311,0.01943565,251919.9,0.04844613461538461,3400.532902484411,21829.32014692221,0.08142323
0.01684977,0.01948415,250560.1,0.048184634615384615,3379.804757102426,21696.25826086761,0.08104657
0.01693645,0.01953261,249200.2,0.04792311538461538,3358.965720186452,21562.484519681348,0.08066723
0.01702315,0.01958104,247852.9,0.04766401923076923,3338.795463549331,21433.003934666096,0.08029906
0.01710988,0.01962942,246505.6,0.04740492307692308,3318.526861103983,21302.89203032694,0.07992841
0.01719662,0.01967776,245169.6,0.047148,3299.133867502883,21178.400993755484,0.0795712
0.01728339,0.01972606,243833.6,0.046891076923076924,3279.6537116028417,21053.35042907979,0.07921148
0.01737019,0.01977432,242508.8,0.04663630769230769,3260.8080890463907,20932.37317641087,0.07886209
0.017457,0.01982254,241183.9,0.04638151923076923,3241.864046310418,20810.764127000293,0.07851008
0.01754384,0.01987072,239873.5,0.04612951923076923,3223.1925540273783,20690.904683096815,0.07816448
0.01763069,0.01991886,238563.0,0.0458775,3204.3989955479965,20570.261649633852,0.07781598
0.01771757,0.01996696,237271.3,0.04562909615384615,3185.870046107892,20451.317242709083,0.07747474
0.01780447,0.02001502,235979.5,0.045380673076923075,3167.2338160207114,20331.68416031557,0.07713121
0.0178914,0.02006305,234707.1,0.04513598076923077,3149.4123724545325,20217.281503954797,0.07680166
0.01797834,0.02011103,233434.7,0.04489128846153846,3131.5220940661493,20102.43697056644,0.07647029
0.01806531,0.02015897,232178.6,0.04464973076923077,3114.765120884265,19994.867556368594,0.07615612
0.0181523,0.02020687,230922.6,0.04440819230769231,3097.9562947598015,19886.965278317766,0.07584
0.01823932,0.02025473,229681.2,0.04416946153846154,3081.899923806638,19783.89329754726,0.07553589
0.01832635,0.02030255,228439.9,0.04393075,3065.7821085123123,19680.426882071104,0.07522974
0.01841341,0.02035033,227215.0,0.04369519230769231,3050.095338498455,19579.727510965637,0.07493188
0.01850048,0.02039807,225990.3,0.043459673076923076,3034.3299244280993,19478.523293609247,0.0746319
0.01858759,0.02044577,224783.9,0.04322767307692307,3019.167282106354,19381.188498444397,0.0743428
0.01867471,0.02049343,223577.8,0.042995730769230765,3003.9422288112605,19283.453063392517,0.0740519
0.01876186,0.02054106,222390.5,0.042767403846153844,2989.388217276723,19190.025301826878,0.07377255
0.01884901,0.02058863,221203.4,0.042539115384615384,2974.78191475602,19096.261864439086,0.07349154
0.01893621,0.02063618,220035.4,0.0423145,2960.82333509725,19006.656407616425,0.07322178
0.01902341,0.02068368,218867.7,0.04208994230769231,2946.8158508124593,18916.73701331141,0.07295045
0.01911065,0.02073115,217719.4,0.04186911538461539,2933.4429136363315,18830.89101937643,0.07269018
0.01919789,0.02077857,216571.4,0.041648346153846154,2920.0259022350942,18744.762096148388,0.07242843
0.01928517,0.02082596,215443.5,0.04143144230769231,2907.2301915993257,18662.621539951593,0.07217756
0.01937246,0.0208733,214315.8,0.04121457692307692,2894.3945028696508,18580.224349093183,0.0719253
0.01945979,0.02092061,213209.1,0.041001750000000003,2882.0243146451867,18500.81538385946,0.07168202
0.01954712,0.02096788,212102.8,0.040789,2869.609079437732,18421.117244828114,0.07143735
0.01963448,0.02101511,211018.6,0.0405805,2857.7294392626195,18344.85729497634,0.07120281
0.01972186,0.0210623,209934.7,0.04037205769230769,2845.815680260579,18268.378323336685,0.07096709
0.01980926,0.02110945,208872.2,0.04016773076923077,2834.610517748397,18196.448103341456,0.07074347
0.01989668,0.02115656,207810.1,0.03996348076923077,2823.3881517696,18124.407447720067,0.07051884
0.01998413,0.02120363,206768.4,0.039763153846153844,2812.793762150917,18056.398012322898,0.07030496
0.02007159,0.02125066,205727.1,0.039562903846153845,2802.180846306557,17988.269650003684,0.07009004
0.02015908,0.02129765,204706.2,0.03936657692307693,2792.0988486428078,17923.549454365606,0.06988462
0.02024659,0.0213446,203685.5,0.039170288461538465,2782.0004583331915,17858.724028069588,0.06967822
0.02033412,0.02139151,202684.9,0.03897786538461538,2772.5007415554137,17797.741715945598,0.06948209
0.02042166,0.02143838,201684.5,0.03878548076923077,2762.9994046197367,17736.749003408942,0.06928531
0.02050924,0.02148522,200703.3,0.03859678846153846,2754.1708992704584,17680.07545393456,0.0690994
0.02059683,0.02153201,199722.3,0.038408134615384615,2745.3355892492905,17623.35822267105,0.06891259
0.02068444,0.02157877,198761.0,0.03822326923076923,2736.8905434592084,17569.14624663858,0.06873313
0.02077207,0.02162548,197800.0,0.03803846153846154,2728.4290686061713,17514.828806172958,0.06855266
0.02085972,0.02167216,196861.3,0.03785794230769231,2720.049625997098,17461.037962028327,0.06837613
0.0209474,0.0217188,195922.9,0.03767748076923077,2711.646005329863,17407.091909689196,0.06819876
0.02103509,0.0217654,195007.7,0.03750148076923077,2703.603107854378,17355.461477361085,0.06802927
0.02112281,0.02181197,194092.9,0.03732555769230769,2695.558259783129,17303.818523413385,0.06785929
0.02121054,0.02185849,193198.7,0.037153596153846155,2688.2899815110313,17257.160667757107,0.06770198
0.0212983,0.02190497,192304.9,0.03698171153846154,2681.050578841868,17210.688175630305,0.06754451
0.02138608,0.02195141,191428.1,0.036813096153846155,2674.627283309104,17169.45458707112,0.06739923
0.02147388,0.02199781,190551.6,0.036644538461538465,2668.222133074734,17128.337480116195,0.06725335
0.0215617,0.02204418,189692.0,0.03647923076923077,2662.1673148614323,17089.469288276905,0.06711362
0.02164954,0.0220905,188832.7,0.03631398076923077,2656.1101898146017,17050.586287991686,0.06697306
0.0217374,0.02213679,187993.5,0.03615259615384615,2649.9559749549303,17011.080031096903,0.06683359
0.02182528,0.02218304,187154.6,0.03599126923076923,2643.783232482836,16971.454838378017,0.06669334
0.02191317,0.02222926,186338.0,0.03583423076923077,2637.7401356127198,16932.661890319712,0.06655783
0.02200108,0.02227543,185521.6,0.035677230769230774,2631.6995952880434,16893.88535370352,0.06642198
0.02208903,0.02232157,184725.6,0.035524153846153844,2626.2182494429953,16858.69850013709,0.06629594
0.02217698,0.02236766,183929.8,0.03537111538461538,2620.7667579545896,16823.70329309419,0.06616991
0.02226498,0.02241372,183150.7,0.035221288461538464,2616.0909349594804,16793.687398516016,0.06605555
0.02235298,0.02245973,182371.8,0.0350715,2611.446132344635,16763.870635612577,0.06594087
0.022441,0.02250571,181608.2,0.03492465384615385,2607.2132987451714,16736.698459244624,0.06583282
0.02252905,0.02255165,180844.9,0.034777865384615386,2602.993944612317,16709.612812723743,0.06572422
0.02261711,0.02259755,180098.4,0.03463430769230769,2598.8117189235963,16682.76550787365,0.06561785
0.02270518,0.02264341,179352.3,0.03449082692307692,2594.6258207055207,16655.894627654245,0.06551082
0.02279329,0.02268924,178624.7,0.03435090384615385,2590.5037680347814,16629.433596400497,0.06540693
0.0228814,0.02273502,177897.4,0.03421103846153846,2586.390797102735,16603.030864297823,0.06530277
0.02296955,0.02278078,177188.2,0.03407465384615385,2582.5908466891924,16578.637530517975,0.06520484
0.0230577,0.02282648,176479.3,0.03393832692307692,2578.8144329067545,16554.395287367246,0.06510682
0.0231459,0.02287216,175786.2,0.03380503846153846,2575.564242575174,16533.53107363337,0.06501731
0.02323409,0.02291779,175093.5,0.03367182692307692,2572.347643589397,16512.882495584476,0.06492765
0.02332232,0.02296339,174415.0,0.03354134615384615,2569.5085090176567,16494.657005849782,0.06484413
0.02341056,0.02300895,173736.7,0.03341090384615385,2566.6922527476827,16476.578380676616,0.06476032
0.02349882,0.02305446,173073.2,0.033283307692307695,2564.04070183688,16459.557062142838,0.06468001
0.02358711,0.02309994,172409.9,0.03315575,2561.404498283123,16442.634264158623,0.0645993
0.0236754,0.02314539,171762.5,0.03303125,2558.7830446255543,16425.806151394423,0.06452053
0.02376372,0.02319079,171115.2,0.03290676923076923,2556.1753812635006,16409.066563806817,0.06444153
0.02385206,0.02323616,170484.0,0.03278538461538461,2553.7331720071666,16393.389089348817,0.06436653
0.02394042,0.02328149,169852.9,0.03266401923076923,2551.3179192641446,16377.884659050658,0.06429147
0.0240288,0.02332678,169236.4,0.03254546153846154,2549.2553027312674,16364.643935338323,0.06422251
0.0241172,0.02337203,168620.0,0.032426923076923075,2547.229495182237,16351.639502559115,0.06415359
0.02420562,0.02341724,168016.5,0.03231086538461538,2545.553223286101,16340.878872703921,0.06409023
0.02429405,0.02346242,167413.2,0.03219484615384616,2543.9036405416678,16330.289570712237,0.0640267
0.02438251,0.02350756,166822.4,0.032081230769230765,2542.4546892224894,16320.98819850656,0.06396677
0.02447098,0.02355265,166231.7,0.03196763461538462,2541.028073482515,16311.830206918894,0.06390659
0.02455948,0.02359772,165654.2,0.031856576923076925,2539.6483534643157,16302.973256889565,0.06384824
0.02464799,0.02364274,165076.9,0.03174555769230769,2538.2890712524036,16294.247504948697,0.06378968
0.02473653,0.02368773,164513.0,0.03163711538461538,2537.022671884442,16286.118003476473,0.06373377
0.02482508,0.02373268,163949.4,0.03152873076923077,2535.7824156609313,16278.156324838561,0.0636778
0.02491365,0.02377759,163398.4,0.031422769230769226,2534.768948517548,16271.650491968912,0.06362602
0.02500224,0.02382246,162847.6,0.03131684615384615,2533.788673762344,16265.357733722796,0.06357426
0.02509085,0.02386729,162307.9,0.031213057692307693,2533.1771502557726,16261.432130652596,0.06352815
0.02517948,0.02391209,161768.4,0.03110930769230769,2532.6017324671116,16257.73830398274,0.06348196
0.02526813,0.02395685,161239.1,0.03100751923076923,2532.2708617524177,16255.614318429472,0.06343951
0.0253568,0.02400157,160709.9,0.03090575,2531.9666061325966,16253.66118534062,0.06339687
0.02544549,0.02404625,160191.3,0.030806019230769227,2531.712428593312,16252.029522587069,0.06335564
0.02553419,0.0240909,159672.9,0.030706326923076923,2531.4782004215867,16250.52592244714,0.06331416
0.02562292,0.02413551,159165.7,0.030608788461538465,2531.2947062007443,16249.34800292489,0.06327437
0.02571166,0.02418008,158658.7,0.030511288461538465,2531.136383949526,16248.33167189463,0.06323452
0.02580042,0.02422461,158162.8,0.030415923076923073,2531.124874942987,16248.257791183716,0.0631975
0.0258892,0.02426911,157666.9,0.030320557692307692,2531.1433519665025,16248.376402258289,0.06316045
0.025978,0.02431357,157181.6,0.03022723076923077,2531.348363013833,16249.69244651199,0.06312662
0.02606682,0.02435799,156696.3,0.030133903846153845,2531.5814824377117,16251.188929175809,0.06309265
0.02615565,0.02440237,156221.2,0.030042538461538464,2531.9088919501755,16253.290695949332,0.06306067
0.02624451,0.02444672,155746.3,0.029951211538461538,2532.2639905974534,16255.570209860081,0.06302862
0.02633338,0.02449103,155281.3,0.02986178846153846,2532.7527436598484,16258.707702534835,0.06299902
0.02642228,0.0245353,154816.5,0.029772403846153848,2533.2714866516844,16262.037712026726,0.06296937
0.02651119,0.02457954,154361.3,0.029684865384615382,2533.899980531082,16266.07225440499,0.06294181
0.02660012,0.02462373,153906.3,0.02959736538461538,2534.5567183539815,16270.288105449452,0.06291413
0.02668907,0.02466789,153460.8,0.029511692307692305,2535.289708389795,16274.993448586873,0.06288813
0.02677803,0.02471201,153015.4,0.029426038461538462,2536.053595567282,16279.897132283422,0.06286211
0.02686702,0.0247561,152579.0,0.029342115384615383,2536.943414417169,16285.609219507387,0.06283827
0.02695602,0.02480014,152142.7,0.029258211538461542,2537.8657546823138,16291.5300741233,0.06281445
0.02704504,0.02484415,151714.0,0.02917576923076923,2539.0881811632303,16299.377296830218,0.06279471
0.02713408,0.02488812,151285.3,0.02909332692307692,2540.346892044337,16307.45744296732,0.06277489
0.02722314,0.02493206,150863.6,0.02901223076923077,2541.7695664385237,16316.59013355027,0.06275715
0.02731223,0.02497596,150442.0,0.028931153846153846,2543.220340591293,16325.903207221321,0.06273922
0.02740133,0.02501982,150028.1,0.028851557692307694,2544.613750759698,16334.848039556242,0.06272079
0.02749044,0.02506365,149614.2,0.02877196153846154,2546.027104021546,16343.920894228822,0.06270217
0.02757957,0.02510744,149208.7,0.02869398076923077,2547.423448435389,16352.88456260647,0.06268388
0.02766872,0.02515119,148803.3,0.02861601923076923,2548.8466679262983,16362.020752373577,0.06266557
0.02775789,0.0251949,148405.9,0.02853959615384615,2550.3865866434967,16371.906079068522,0.06264915
0.02784707,0.02523858,148008.6,0.028463192307692307,2551.956165952577,16381.981808436958,0.06263274
0.02793628,0.02528222,147618.8,0.028388230769230766,2553.6477225421627,16392.840556580148,0.06261814
0.0280255,0.02532583,147229.1,0.028313288461538463,2555.3617743154778,16403.84370990378,0.06260329
0.02811474,0.0253694,146847.1,0.028239826923076923,2557.060860277843,16414.75079196804,0.06258867
0.028204,0.02541293,146465.1,0.028166365384615387,2558.7885898612426,16425.841748381306,0.06257404
0.02829327,0.02545642,146090.3,0.02809428846153846,2560.6210550793967,16437.6050428567,0.06256105
0.02838257,0.02549988,145715.6,0.02802223076923077,2562.4900010689,16449.602521343782,0.06254812
0.02847188,0.0255433,145346.6,0.02795126923076923,2564.6329285977567,16463.35879202856,0.06253857
0.02856121,0.02558668,144977.7,0.027880326923076924,2566.8115302469564,16477.344068523973,0.06252896
0.02865056,0.02563002,144613.7,0.027810326923076924,2569.1422073312606,16492.305575349917,0.06252088
0.02873993,0.02567333,144249.7,0.027740326923076927,2571.4991057598913,16507.435407005058,0.0625126
0.02882931,0.0257166,143891.2,0.02767138461538462,2573.788689156882,16522.133117749003,0.06250329
0.02891871,0.02575984,143532.7,0.02760244230769231,2576.0971693268307,16536.952134099593,0.06249374
0.02900813,0.02580304,143180.3,0.027534673076923075,2578.345481346953,16551.384908104388,0.06248359
0.02909757,0.0258462,142828.0,0.027466923076923076,2580.62118226974,16565.99350194151,0.06247339
0.02918702,0.02588933,142481.7,0.027400326923076927,2582.9274868850116,16580.79855257528,0.06246363
0.02927649,0.02593242,142135.5,0.02733375,2585.2617308643808,16595.782956663665,0.06245383
0.02936598,0.02597547,141794.8,0.027268230769230767,2587.6785096105064,16611.297182958875,0.062445
0.02945549,0.02601849,141454.1,0.02720271153846154,2590.1255934194855,16627.00594903302,0.06243607
0.02954501,0.02606147,141118.6,0.027138192307692308,2592.5901817317613,16642.82708320282,0.06242722
0.02963455,0.02610442,140783.1,0.02707367307692308,2595.0825228362637,16658.826373151103,0.06241828
0.02972411,0.02614733,140452.7,0.027010134615384616,2597.590023019708,16674.92297501985,0.06240936
0.02981369,0.0261902,140122.3,0.02694659615384615,2600.1252723245266,16691.197709102475,0.06240035
0.02990328,0.02623303,139796.9,0.02688401923076923,2602.6521769275705,16707.418875355645,0.06239107
0.02999289,0.02627583,139471.4,0.026821423076923076,2605.2048197895347,16723.80526532819,0.06238166
0.03008252,0.0263186,139150.9,0.02675978846153846,2607.7325723869462,16740.03187518125,0.06237182
0.03017217,0.02636132,138830.3,0.026698134615384613,2610.2900825630263,16756.44951030305,0.0623619
0.03026183,0.02640401,138514.4,0.026637384615384615,2612.853515307864,16772.905164656895,0.06235185
0.03035151,0.02644667,138198.4,0.026576615384615383,2615.4473151995244,16789.555757330396,0.06234174
0.03044121,0.02648929,137886.6,0.026516653846153846,2618.067531561003,16806.375927418187,0.06233167
0.03053092,0.02653187,137574.8,0.026456692307692306,2620.7175741912165,16823.387563722503,0.06232148
0.03062066,0.02657441,137266.8,0.026397461538461536,2623.361548697905,16840.3602464231,0.06231086
0.0307104,0.02661692,136958.8,0.026338230769230767,2626.033670886934,16857.513619852714,0.0623001
0.03080017,0.0266594,136654.5,0.02627971153846154,2628.6614147472146,16874.3821118318,0.06228844
0.03088995,0.02670183,136350.3,0.026221211538461537,2631.314696577658,16891.414541800186,0.06227665
0.03097975,0.02674423,136049.6,0.026163384615384616,2633.938071011923,16908.25498476399,0.06226413
0.03106957,0.0267866,135748.9,0.026105557692307692,2636.588927406333,16925.271844931645,0.0622515
0.0311594,0.02682893,135451.5,0.026048365384615385,2639.205316609146,16942.06744702549,0.06223805
0.03124926,0.02687122,135154.2,0.02599119230769231,2641.847780814468,16959.030434524484,0.06222446
0.03133912,0.02691348,134860.1,0.025934634615384616,2644.4402378735613,16975.6724070426,0.06220986
0.03142901,0.0269557,134565.9,0.02587805769230769,2647.0598473882783,16992.488681549134,0.06219513
0.03151891,0.02699789,134274.8,0.02582207692307692,2649.617593624717,17008.90783203258,0.06217925
0.03160883,0.02704004,133983.7,0.025766096153846157,2652.202427434862,17025.500868002626,0.06216323
0.03169876,0.02708215,133695.5,0.025710673076923075,2654.716891511453,17041.642173762597,0.06214597
0.03178871,0.02712423,133407.3,0.025655249999999998,2657.259590568535,17057.964730651773,0.06212857
0.03187868,0.02716627,133121.7,0.025600326923076927,2659.7538288044507,17073.976199011548,0.06211015
0.03196867,0.02720828,132836.1,0.025545403846153846,2662.2758168890127,17090.165804253833,0.0620916
0.03205867,0.02725025,132552.7,0.025490903846153847,2664.747704960783,17106.033798369284,0.06207193
0.03214869,0.02729219,132269.3,0.025436403846153845,2667.2459921236014,17122.071258338066,0.06205206
0.03223872,0.02733409,131988.1,0.025382326923076924,2669.639383873994,17137.435354570793,0.06203044
0.03232877,0.02737595,131706.9,0.02532825,2672.0550618772636,17152.942514776983,0.06200859
0.03241884,0.02741778,131428.3,0.025274673076923073,2674.2441687112737,17166.99522806804,0.06198368
0.03250893,0.02745958,131149.8,0.025221115384615383,2676.4529062032743,17181.173958054205,0.06195859
0.03259903,0.02750134,130874.4,0.025168153846153844,2678.4768030014475,17194.166124993502,0.06193114
0.03268914,0.02754306,130598.9,0.025115173076923077,2680.52510981983,17207.314989180326,0.0619036
0.03277928,0.02758475,130326.0,0.025062692307692307,2682.5167999811392,17220.100409410472,0.06187505
0.03286943,0.0276264,130053.0,0.025010192307692306,2684.5368122353584,17233.067639977726,0.06184647
0.03295959,0.02766802,129781.5,0.02495798076923077,2686.5831914679056,17246.204130254486,0.06181754
0.03304978,0.0277096,129509.9,0.024905749999999997,2688.654272873177,17259.499193217405,0.06178839
0.03313998,0.02775114,129239.2,0.024853692307692306,2690.611198846816,17272.06144884245,0.06175714
0.03323019,0.02779265,128968.5,0.024801634615384614,2692.5830769920294,17284.71968817051,0.06172557
0.03332043,0.02783413,128699.5,0.024749903846153845,2694.2493136594326,17295.415898057705,0.06168988
0.03341067,0.02787557,128430.4,0.024698153846153845,2695.925156162378,17306.17377147392,0.06165385
0.03350094,0.02791697,128164.0,0.024646923076923077,2697.2752540363776,17314.840565640123,0.06161388
0.03359122,0.02795834,127897.6,0.024595692307692308,2698.64055834054,17323.604975692368,0.06157374
0.03368151,0.02799968,127633.8,0.02454496153846154,2699.813768368477,17331.136259180526,0.06153126
0.03377182,0.02804097,127370.0,0.024494230769230768,2701.009033385874,17338.8091220739,0.06148869
0.03386215,0.02808224,127107.9,0.024443826923076922,2702.1594008817115,17346.193770619695,0.06144525
0.0339525,0.02812347,126845.8,0.024393423076923076,2703.3316014806146,17353.718574197148,0.06140162
0.03404286,0.02816466,126584.7,0.02434321153846154,2704.377236659655,17360.430905980054,0.06135593
0.03413324,0.02820582,126323.5,0.024292980769230768,2705.4384360524446,17367.243150398568,0.06130993
0.03422363,0.02824694,126063.4,0.024242961538461536,2706.2399406878167,17372.388314932043,0.06126041
0.03431404,0.02828803,125803.3,0.024192942307692308,2707.050546753615,17377.591905025354,0.06121052
0.03440446,0.02832908,125544.8,0.02414323076923077,2707.5339573341744,17380.695102267684,0.06115652
0.0344949,0.0283701,125286.2,0.0240935,2708.0283401635033,17383.86873456769,0.06110229
0.03458536,0.02841108,125029.5,0.024044134615384617,2708.2636695301076,17385.379403698353,0.0610448
0.03467583,0.02845203,124772.7,0.02399475,2708.5091365573653,17386.95515034665,0.06098706
0.03476632,0.02849294,124517.6,0.02394569230769231,2708.5337772975186,17387.113328673662,0.0609265
0.03485682,0.02853382,124262.5,0.023896634615384615,2708.570607854959,17387.349758095934,0.06086569
0.03494734,0.02857467,124009.0,0.023847884615384615,2708.30131843087,17385.621086379124,0.06080107
0.03503787,0.02861548,123755.5,0.023799134615384614,2708.039915636719,17383.9430419536,0.06073617
0.03512842,0.02865625,123503.8,0.02375073076923077,2707.4757535560407,17380.32146997443,0.06066769
0.03521899,0.02869699,123252.2,0.023702346153846154,2706.9225796203705,17376.77043509697,0.06059897
0.03530957,0.02873769,123002.0,0.023654230769230768,2706.144723143866,17371.777077131937,0.06052749
0.03540017,0.02877836,122751.8,0.023606115384615385,2705.380301538932,17366.869962741384,0.06045582
0.03549078,0.028819,122502.2,0.023558115384615386,2704.4641217332246,17360.988654468696,0.06038204
0.03558141,0.0288596,122252.6,0.023510115384615386,2703.5560289673085,17355.15925999473,0.0603079
0.03567206,0.02890016,122003.2,0.023462153846153844,2702.37102116895,17347.552242109952,0.06023014
0.03576272,0.02894069,121753.8,0.02341419230769231,2701.1857603115263,17339.943599742335,0.06015195
0.03585339,0.02898119,121505.2,0.023366384615384615,2699.5681725704517,17329.559685903463,0.06006856
0.03594408,0.02902165,121256.6,0.023318576923076925,2697.9453643778847,17319.142259991568,0.05998476
0.03603479,0.02906208,121009.3,0.02327101923076923,2695.920647628645,17306.144829473044,0.05989639
0.03612551,0.02910247,120762.0,0.02322346153846154,2693.8932459808157,17293.130163564496,0.05980769
0.03621625,0.02914283,120516.0,0.023176153846153846,2691.5476800555825,17278.073079579153,0.05971536
0.036307,0.02918316,120270.0,0.023128846153846153,2689.2029182524325,17263.021157560743,0.05962273
0.03639777,0.02922345,120024.7,0.023081673076923076,2686.6326535846606,17246.5216464829,0.0595274
0.03648855,0.0292637,119779.2,0.02303446153846154,2684.0624597146866,17230.022589883174,0.05943173
0.03657935,0.02930392,119533.7,0.02298725,2681.220152164147,17211.776731585076,0.05933265
0.03667016,0.02934411,119288.2,0.02294003846153846,2678.3719505671193,17193.49303715028,0.05923313
0.03676099,0.02938426,119042.4,0.02289276923076923,2675.158580188974,17172.86518476752,0.05912921
0.03685183,0.02942438,118796.6,0.0228455,2671.9330941259536,17152.159557173778,0.05902479
0.03694269,0.02946446,118551.2,0.02279830769230769,2668.1548760278165,17127.905731431092,0.05891402
0.03703356,0.02950451,118305.9,0.022751134615384614,2664.352966768071,17103.499823068934,0.05880273
0.03712445,0.02954453,118062.1,0.022704250000000002,2660.094729834511,17076.16457299204,0.05868657
0.03721535,0.02958451,117818.3,0.022657365384615387,2655.825228414256,17048.757011870544,0.05857009
0.03730627,0.02962446,117575.2,0.022610615384615385,2651.302538590531,17019.72413763628,0.0584509
0.0373972,0.02966437,117332.0,0.022563846153846153,2646.775200261971,16990.66142287314,0.05833144
0.03748815,0.02970425,117087.7,0.022516865384615385,2642.1593464464836,16961.030493374987,0.05821073
0.03757911,0.02974409,116843.3,0.022469865384615387,2637.5351761635525,16931.34617729434,0.05808948
0.03767009,0.0297839,116596.8,0.02242246153846154,2632.609375458356,16899.72558027112,0.05796414
0.03776109,0.02982367,116350.2,0.02237503846153846,2627.6621780380574,16867.967629557326,0.05783813
0.0378521,0.02986342,116101.9,0.02232728846153846,2622.1211866751178,16832.3978886192,0.05770523
0.03794312,0.02990312,115853.5,0.02227951923076923,2616.541411700052,16796.579180854453,0.05757151
0.03803416,0.0299428,115605.0,0.022231730769230768,2610.3634581634483,16756.92053632118,0.05743125
0.03812521,0.02998244,115356.6,0.02218396153846154,2604.157340042921,16717.081092561166,0.05729045
0.03821626,0.03002205,115108.2,0.022136192307692308,2597.5600836526487,16674.730782781964,0.05714547
0.03830736,0.03006163,114859.8,0.02208842307692308,2590.9355532638624,16632.205390784085,0.05699998
0.03839844,0.03010116,114610.5,0.02204048076923077,2584.101388698563,16588.334276899648,0.05685215
0.03848956,0.03014067,114361.1,0.021992519230769232,2577.2419297981332,16544.300789012283,0.05670371
0.03858069,0.03018014,114110.0,0.021944230769230768,2570.0738078301333,16498.285874944744,0.05655159
0.03867183,0.03021958,113858.7,0.021895903846153846,2562.8731070710105,16452.061825167653,0.05639879
0.03876299,0.03025898,113605.5,0.021847211538461538,2555.2952165427346,16403.416450126813,0.05624154
0.03885416,0.03029835,113352.2,0.0217985,2547.6796379486764,16354.529140989976,0.05608357
0.03894534,0.03033769,113096.9,0.021749403846153845,2539.649352184802,16302.97966805801,0.05592079
0.03903654,0.03037699,112841.6,0.021700307692307692,2531.577838444805,16251.16553699286,0.05575732
0.03912776,0.03041626,112584.3,0.021650826923076922,2523.150930056877,16197.06999187566,0.05558983
0.03921898,0.03045549,112327.0,0.021601346153846155,2514.6816642663935,16142.702538405421,0.0554216
0.03931022,0.0304947,112067.6,0.02155146153846154,2505.879911040719,16086.200721035246,0.05524964
0.03940148,0.03053386,111808.2,0.021501576923076922,2497.033991437536,16029.415382810537,0.0550769
0.03949275,0.030573,111546.7,0.021451288461538463,2487.882840421514,15970.670647508721,0.05490074
0.03958404,0.0306121,111285.1,0.02140098076923077,2478.6848370906077,15911.625149293977,0.05472378
0.03967534,0.03065117,111021.4,0.021350269230769228,2469.1956241012763,15850.71026500184,0.05454361
0.03976665,0.0306902,110757.6,0.021299538461538464,2459.6579315281897,15789.484171736069,0.0543626
0.03985798,0.0307292,110491.8,0.021248423076923078,2449.8464049242375,15726.500233185956,0.05417869
0.03994932,0.03076817,110226.0,0.021197307692307692,2439.9833388265006,15663.18544293045,0.0539939
0.04004068,0.0308071,109958.7,0.021145903846153846,2429.8564294192106,15598.176941648459,0.05380644
0.04013205,0.030846,109691.4,0.0210945,2419.6735782602527,15532.809328885485,0.05361807
0.04022344,0.03088487,109423.2,0.021042923076923077,2409.285279666666,15466.122870531986,0.05342788
0.04031483,0.0309237,109155.0,0.020991346153846156,2398.8407881850385,15399.075688557163,0.05323678
0.04040625,0.0309625,108886.6,0.02093973076923077,2388.267485419353,15331.201617727304,0.05304486
0.04049768,0.03100127,108618.2,0.020888115384615383,2377.6399651851775,15262.979504249086,0.05285201
0.04058912,0.03104,108349.8,0.0208365,2366.9343378103167,15194.25599118772,0.05265899
0.04068057,0.0310787,108081.5,0.020784903846153845,2356.174018728737,15125.181391161579,0.05246502
0.04077204,0.03111737,107813.6,0.020733384615384615,2345.330669343191,15055.573787885904,0.05227084
0.04086353,0.031156,107545.8,0.020681884615384616,2334.429682628387,14985.596188568767,0.0520757
0.04095503,0.0311946,107278.9,0.02063055769230769,2323.4334842746453,14915.007389358054,0.05188032
0.04104654,0.03123317,107012.0,0.02057923076923077,2312.379982328262,14844.050736488753,0.05168397
0.04113807,0.0312717,106746.7,0.020528211538461537,2301.264322137248,14772.695066094633,0.05148791
0.04122961,0.03131021,106481.4,0.020477192307692307,2290.0915925198888,14700.973045244857,0.0512909
0.04132116,0.03134867,106218.1,0.020426557692307692,2278.897077242832,14629.111173920526,0.05109469
0.04141273,0.03138711,105954.9,0.020375942307692307,2267.644047026943,14556.873672843514,0.05089753
0.04150431,0.03142551,105694.4,0.020325846153846153,2256.420805403874,14484.827396126931,0.05070185
0.04159591,0.03146388,105433.8,0.020275730769230768,2245.1406578670403,14412.415818604431,0.05050525
0.04168752,0.03150222,105176.5,0.02022625,2233.951653216425,14340.589322097005,0.05031087
0.04177914,0.03154052,104919.1,0.02017675,2222.7058551863747,14268.39824718453,0.05011552
0.04187078,0.03157879,104665.6,0.020128,2211.5162536281537,14196.567918899085,0.04992204
0.04196243,0.03161703,104412.1,0.02007925,2200.266544630482,14124.35173799095,0.04972755
0.04205409,0.03165523,104163.4,0.020031423076923075,2188.9988972147876,14052.020403522716,0.04953419
0.04214577,0.0316934,103914.8,0.019983615384615384,2177.66699401948,13979.27658665108,0.04933977
0.04223746,0.03173155,103672.3,0.01993698076923077,2166.3240380029533,13906.461817496422,0.0491468
0.04232917,0.03176965,103429.7,0.019890326923076924,2154.9240782396964,13833.28111950866,0.04895292
0.04242088,0.03180773,103193.6,0.01984492307692308,2143.6562088597584,13760.948360167125,0.04876214
0.04251261,0.03184577,102957.5,0.01979951923076923,2132.33871377471,13688.297034461015,0.04857054
0.04260436,0.03188378,102727.1,0.01975521153846154,2121.280680309676,13617.311292041863,0.04838327
0.04269612,0.03192175,102496.7,0.019710903846153847,2110.1801171503016,13546.052535262867,0.04819519
0.0427879,0.0319597,102271.0,0.0196675,2099.231669273259,13475.77026460898,0.04800982
0.04287968,0.0319976,102045.3,0.019624096153846155,2088.2380240610073,13405.197854989126,0.04782356
0.04297148,0.03203548,101823.7,0.019581480769230768,2077.2330786753737,13334.552905238199,0.04763799
0.04306329,0.03207332,101602.2,0.019538884615384614,2066.1800444894184,13263.599255101828,0.04745148
0.04315512,0.03211114,101384.7,0.019497057692307692,2054.9857069194463,13191.738524547181,0.0472641
0.04324696,0.03214892,101167.2,0.01945523076923077,2043.7434407021976,13119.570121690691,0.04707587
0.04333882,0.03218667,100953.2,0.019414076923076923,2032.4283769353851,13046.934403545416,0.04688754
0.04343068,0.03222438,100739.3,0.01937294230769231,2021.0688623503383,12974.013338611901,0.04669841
0.04352256,0.03226207,100527.5,0.019332211538461538,2009.70887251058,12901.089222836785,0.04650976
0.04361445,0.03229972,100315.7,0.01929148076923077,1998.3089732433507,12827.90891319614,0.04632037
0.04370636,0.03233733,100104.1,0.01925078846153846,1986.9407811464646,12754.93214399819,0.04613145
0.04379828,0.03237492,99892.56,0.01921010769230769,1975.531704395282,12681.692920581056,0.04594168
0.04389022,0.03241247,99679.46,0.019169126923076926,1964.0230117065287,12607.81422439441,0.04575047
0.04398216,0.03244999,99466.33,0.019128140384615386,1952.4684373630448,12533.640996333288,0.04555833
0.04407412,0.03248748,99250.42,0.01908661923076923,1940.6694688014663,12457.898908395839,0.04536285
0.04416609,0.03252493,99034.46,0.019045088461538462,1928.886882819689,12382.261986498408,0.04516721
0.04425808,0.03256236,98814.76,0.01900283846153846,1922.1616504651554,12339.090150101149,0.04503031
0.04435008,0.03259975,98594.83,0.01896054423076923,1912.5212004649734,12277.20441764415,0.04485913
0.04444209,0.03263711,98370.49,0.018917401923076924,1900.057774864132,12197.196926062657,0.04465419
0.04453411,0.03267444,98146.08,0.018874246153846155,1887.5479784055167,12116.891762225414,0.04444838
0.04462615,0.03271173,97915.6,0.018829923076923077,1874.887903308964,12035.621902385265,0.04424003
0.0447182,0.03274899,97685.04,0.018785584615384616,1862.1718749466029,11953.992857150464,0.04403065
0.04481027,0.03278623,97447.06,0.01873981923076923,1849.2926221517057,11871.316011910252,0.04381835
0.04490234,0.03282342,97208.99,0.01869403653846154,1836.351154839722,11788.239787910825,0.04360492
0.04499443,0.03286059,96962.56,0.018646646153846154,1823.2244629861577,11703.974536799124,0.04338824
0.04508654,0.03289773,96716.02,0.018599234615384617,1810.030510657396,11619.27751499488,0.04317034
0.04517866,0.03293483,96460.64,0.018550123076923077,1796.656120652799,11533.422194798788,0.04294925
0.04527078,0.0329719,96205.15,0.018500990384615383,1783.21016936477,11447.107495378628,0.04272688
0.04536293,0.03300894,95940.66,0.018450126923076925,1769.6371679376002,11359.977212565645,0.04250207
0.04545508,0.03304594,95676.05,0.018399240384615385,1755.9892999416882,11272.366332639138,0.04227592
0.04554725,0.03308292,95402.54,0.018346642307692305,1742.2817730563288,11184.372479503812,0.04204826
0.04563942,0.03311986,95128.92,0.018294023076923075,1728.495954897984,11095.876044769744,0.0418192
0.04573162,0.03315677,94846.82,0.01823977307692308,1714.7147452073577,11007.409193550997,0.04158956
0.04582383,0.03319365,94564.61,0.018185501923076924,1700.8492738734253,10918.401434644958,0.04135842
0.04591604,0.0332305,94274.81,0.018129771153846154,1687.0394838163572,10829.751115132602,0.04112759
0.04600827,0.03326732,93984.91,0.018074021153846154,1673.1428809564907,10740.5435110653,0.04089522
0.04610052,0.0333041,93688.68,0.018017053846153847,1659.4193096144593,10652.446662431528,0.04066492
0.04619277,0.03334085,93392.36,0.017960069230769232,1645.609003066142,10563.793027364476,0.04043308
0.04628504,0.03337757,93090.92,0.0179021,1632.1141352771317,10477.164314232052,0.04020534
0.04637733,0.03341426,92789.4,0.017844115384615382,1618.535498674332,10389.997857073331,0.03997611
0.04646961,0.03345091,92484.12,0.01778540769230769,1605.3598657125858,10305.418434286341,0.03975231
0.04656193,0.03348754,92178.78,0.01772668846153846,1592.0987285414799,10220.290127305741,0.03952694
0.04665423,0.03352412,91871.59,0.017667613461538462,1579.222060856486,10137.629876873847,0.03930709
0.04674657,0.03356069,91564.36,0.01760853076923077,1566.2551839715627,10054.390539115957,0.03908563
0.04683892,0.03359722,91257.9,0.017549596153846152,1553.668581176513,9973.592326055132,0.0388701
0.04693128,0.03363372,90951.42,0.017490657692307694,1540.9885208338756,9892.1941732834,0.03865297
0.04702365,0.03367019,90648.54,0.017432411538461538,1528.8187523126642,9814.071778711252,0.03844396
0.04711603,0.03370662,90345.66,0.017374165384615385,1516.560738092898,9735.382901278745,0.03823344
0.04720842,0.03374303,90048.86,0.01731708846153846,1504.9483119988834,9660.838300724074,0.03803314
0.04730083,0.0337794,89752.09,0.017260017307692308,1493.2552930796687,9585.776344027501,0.03783145
0.04739325,0.03381575,89463.68,0.017204553846153846,1482.2639460781652,9515.218687500656,0.03764096
0.04748568,0.03385206,89175.32,0.0171491,1471.198109958233,9444.182856858084,0.03744912
0.04757812,0.03388834,88897.56,0.017095684615384615,1460.8110768672564,9377.504522249426,0.03726848
0.04767058,0.03392458,88619.88,0.017042284615384616,1450.3558115944456,9310.388179192007,0.03708663
0.04776305,0.0339608,88354.92,0.01699133076923077,1440.6076129993157,9247.81076733006,0.03691658
0.04785552,0.03399698,88090.04,0.016940392307692308,1430.7996008242917,9184.849389242207,0.03674544
0.04794802,0.03403314,87839.59,0.016892228846153847,1421.725184173426,9126.597241152833,0.03658659
0.04804052,0.03406926,87589.24,0.016844084615384617,1412.6016888601318,9068.030038374898,0.03642681
0.04813304,0.03410535,87354.71,0.016798982692307694,1404.1744370591712,9013.932288758215,0.03627887
0.04822557,0.0341414,87120.3,0.016753903846153845,1395.706017386051,8959.570266838657,0.03613009
0.04831811,0.03417743,86902.87,0.016712090384615384,1387.8601299927113,8909.204517511313,0.0359922
0.04841066,0.03421343,86685.57,0.016670301923076926,1379.9800316083463,8858.61915475953,0.0358536
0.04850322,0.03424939,86485.9,0.016631903846153845,1372.6794908932573,8811.754194153242,0.03572528
0.04859581,0.03428533,86286.34,0.01659352692307692,1365.3566058522463,8764.745796780422,0.03559644
0.04868839,0.03432123,86104.42,0.016558542307692308,1358.5768167293252,8721.223739639101,0.03547725
0.048781,0.0343571,85922.6,0.016523576923076926,1351.784801210494,8677.62319659036,0.03535768
0.0488736,0.03439294,85757.87,0.016491898076923077,1345.4726726777708,8637.103231484694,0.03524669
0.04896624,0.03442875,85593.24,0.016460238461538462,1339.1543185994146,8596.543302222643,0.03513542
0.04905887,0.03446453,85444.88,0.016431707692307694,1333.2290332545251,8558.506631364096,0.03503132
0.04915152,0.03450028,85296.62,0.016403196153846153,1327.302500937748,8520.461955716497,0.03492703
0.04924419,0.034536,85163.49,0.016377594230769232,1321.723153578626,8484.645992981898,0.03482906
0.04933686,0.03457169,85030.44,0.016352007692307692,1316.1486411692445,8448.861067637263,0.034731
0.04942955,0.03460735,84910.83,0.01632900576923077,1310.8824930728638,8415.055650653056,0.03463841
0.04952225,0.03464297,84791.3,0.01630601923076923,1305.6271512712235,8381.3196034042,0.03454581
0.04961496,0.03467857,84683.09,0.016285209615384613,1300.6081870957669,8349.100954464813,0.03445733
0.04970768,0.03471413,84574.94,0.01626441153846154,1295.6017121521934,8316.962478677397,0.03436885
0.04980041,0.03474966,84475.78,0.01624534230769231,1290.731051786097,8285.695848561638,0.03428277
0.04989315,0.03478516,84376.66,0.01622628076923077,1285.8735116455373,8254.513442187234,0.03419671
0.04998591,0.03482063,84284.05,0.016208471153846153,1281.053045783045,8223.56902977094,0.03411135
0.05007868,0.03485607,84191.48,0.01619066923076923,1276.2444322856238,8192.700702215183,0.034026
0.05017146,0.03489148,84102.88,0.01617363076923077,1271.390027942769,8161.538425724528,0.03393993
0.05026425,0.03492686,84014.3,0.016156596153846153,1266.5470069102187,8130.449223052624,0.03385388
0.05035705,0.03496221,83927.05,0.01613981730769231,1261.6005397468327,8098.695960137008,0.033766
0.05044987,0.03499753,83839.8,0.016123038461538463,1256.6637420721145,8067.004769364152,0.03367812
0.05054269,0.03503281,83751.2,0.016106,1251.5735022851943,8034.328575038227,0.03358744
0.05063553,0.03506807,83662.59,0.016088959615384615,1246.4906897578715,8001.700059129837,0.03349672
0.05072839,0.0351033,83569.98,0.01607115,1241.2065992822302,7967.779463156834,0.03340226
0.05082125,0.03513849,83477.34,0.016053334615384614,1235.925491286052,7933.8780128592,0.03330766
0.0509141,0.03517365,83378.34,0.016034296153846155,1230.3696433717466,7898.212902040724,0.03320808
0.051007,0.03520878,83279.28,0.016015246153846155,1224.8112449135276,7862.531418306226,0.03310828
0.05109989,0.03524388,83171.92,0.0159946,1218.9178772456441,7824.699639213085,0.03300251
0.0511928,0.03527896,83064.5,0.015973942307692307,1213.015858860163,7786.812327857984,0.03289645
0.05128572,0.035314,82947.21,0.01595138653846154,1206.7754167104924,7746.7525450386565,0.03278427
0.05137864,0.03534901,82829.86,0.01592881923076923,1200.5216174527222,7706.607017838283,0.03267173
0.05147159,0.035384,82701.41,0.015904117307692308,1193.9297950635596,7664.291590988701,0.032553
0.05156454,0.03541894,82572.88,0.015879400000000002,1187.3188496847533,7621.853406361125,0.03243381
0.05165752,0.03545387,82432.44,0.01585239230769231,1180.3761853627595,7577.285791077446,0.03230851
0.05175049,0.03548876,82291.92,0.01582536923076923,1173.408230519142,7532.555826271196,0.03218263
0.05184348,0.03552362,82139.2,0.015796,1166.1199262098603,7485.769415829683,0.03205085
0.05193648,0.03555845,81986.4,0.015766615384615382,1158.8018247832088,7438.7917263054,0.03191843
0.05202949,0.03559325,81821.39,0.015734882692307692,1151.2369953408422,7390.230195366047,0.03178124
0.05212251,0.03562802,81656.28,0.01570313076923077,1143.638337765314,7341.451508713183,0.03164334
0.05221554,0.03566276,81479.15,0.015669067307692307,1135.88032008931,7291.649828679079,0.03150197
0.05230858,0.03569747,81301.92,0.015634984615384616,1128.0854600051407,7241.611643148369,0.03135983
0.05240164,0.03573215,81113.11,0.015598675,1120.1875291323595,7190.911806839112,0.03121509
0.05249471,0.0357668,80924.21,0.015562348076923077,1112.2478554395343,7139.944007416807,0.03106945
0.05258779,0.03580142,80724.61,0.015523963461538462,1104.2218734939383,7088.422162338986,0.03092162
0.05268088,0.03583601,80524.93,0.015485563461538461,1096.1488685834313,7036.598458880512,0.0307728
0.05277398,0.03587057,80315.94,0.015445373076923077,1088.0130304093097,6984.371404692419,0.03062235
0.05286709,0.03590509,80106.87,0.015405167307692307,1079.8250675827085,6931.80974244166,0.03047085
0.05296021,0.03593959,79890.16,0.015363492307692309,1071.6534847545572,6879.353229660242,0.03031913
0.05305334,0.03597406,79673.38,0.015321803846153847,1063.428339928114,6826.552881944137,0.03016636
0.05314648,0.0360085,79450.61,0.015278963461538462,1055.3246492660624,6774.532194920552,0.03001512
0.05323964,0.03604291,79227.78,0.015236111538461538,1047.1673041479569,6722.167079440575,0.02986282
0.05333281,0.03607729,79000.49,0.015192401923076923,1039.2193399300997,6671.14605997003,0.02971352
0.05342599,0.03611164,78773.14,0.015148680769230769,1031.2189579558735,6619.788550890951,0.02956316
0.05351918,0.03614596,78542.85,0.015104394230769232,1023.4526080676787,6569.933383202805,0.02941632
0.05361238,0.03618025,78312.53,0.015060101923076923,1015.634086270573,6519.7433040949045,0.02926842
0.05370559,0.03621451,78080.86,0.01501555,1008.0664365824274,6471.163668920196,0.02912448
0.05379881,0.03624873,77849.17,0.01497099423076923,1000.4478695435246,6422.257175813926,0.0289795
0.05389204,0.03628293,77617.66,0.014926473076923078,993.1027201749699,6375.105855214734,0.02883899
0.05398529,0.0363171,77386.13,0.014881948076923078,985.7080123753663,6327.636400108871,0.0286975
0.05407854,0.03635124,77156.16,0.014837723076923078,978.6315840507403,6282.21010257705,0.02856131
0.05417181,0.03638535,76926.18,0.014793496153846153,971.5095895525334,6236.4912983648055,0.02842416
0.05426508,0.03641943,76698.94,0.014749796153846154,964.706613794892,6192.820397354905,0.02829243
0.05435837,0.03645348,76471.7,0.014706096153846153,957.8611122465212,6148.87650704393,0.02815981
0.05445167,0.03648751,76248.24,0.014663123076923077,951.321114195692,6106.893760425747,0.02803251
0.05454498,0.0365215,76024.78,0.01462015,944.7404201825944,6064.649770874613,0.02790436
0.05463829,0.03655546,75806.04,0.014578084615384615,938.4688690261145,6024.390287452888,0.02778169
0.05473162,0.0365894,75587.31,0.014536021153846154,932.1605064012965,5983.894497149132,0.02765826
0.05482496,0.0366233,75373.9,0.014494980769230769,926.1932533244162,5945.588419381804,0.02754085
0.05491832,0.03665717,75160.51,0.01445394423076923,920.1949133303513,5907.082782813821,0.02742278
0.05501167,0.03669102,74952.73,0.014413986538461538,914.5470902248771,5870.827248096746,0.02731086
0.05510505,0.03672483,74744.98,0.014374034615384614,908.8737744958044,5834.408066487294,0.02719834
0.05519843,0.03675862,74542.98,0.01433518846153846,903.513027639366,5799.995383913246,0.02709137
0.05529183,0.03679237,74341.0,0.014296346153846154,898.1301517494394,5765.4406466170685,0.02698388
0.05538523,0.0368261,74144.84,0.014258623076923077,893.0383996568073,5732.7547442228815,0.0268816
0.05547865,0.03685979,73948.7,0.014220903846153845,887.9274564989619,5699.945647047607,0.02677884
0.05557208,0.03689346,73758.35,0.014184298076923079,883.0939426602725,5668.917474686081,0.02668108
0.05566551,0.0369271,73568.01,0.014147694230769229,878.2450173762287,5637.790370367647,0.02658293
0.05575896,0.0369607,73383.27,0.01411216730769231,873.6641427309604,5608.383985529723,0.02648956
0.05585242,0.03699428,73198.56,0.014076646153846153,869.0703906507158,5578.89493551583,0.02639584
0.05594589,0.03702783,73019.24,0.01404216153846154,864.7065412423487,5550.881718605444,0.02630629
0.05603937,0.03706135,72839.95,0.014007682692307693,860.3314325645532,5522.796224142091,0.02621642
0.05613286,0.03709484,72665.88,0.013974207692307693,856.1581999446605,5496.006649237328,0.02613027
0.05622636,0.0371283,72491.83,0.013940736538461538,851.9750440703633,5469.153373170569,0.02604384
0.05631987,0.03716174,72322.74,0.013908219230769231,847.992514958275,5443.587996955947,0.02596109
0.05641339,0.03719514,72153.67,0.01387570576923077,844.002082972856,5417.97188917749,0.02587811
0.05650692,0.03722851,71989.24,0.013844084615384616,840.2061146160759,5393.6041177416655,0.02579868
0.05660046,0.03726186,71824.83,0.013812467307692308,836.4038648234905,5369.1960233690825,0.02571904
0.05669401,0.03729518,71664.7,0.013781673076923077,832.790607529789,5346.001144066551,0.02564284
0.05678757,0.03732846,71504.6,0.013750884615384616,829.1722606980313,5322.773593074372,0.02556645
0.05688115,0.03736172,71348.5,0.013720865384615385,825.725958139391,5300.650460014623,0.0254932
0.05697473,0.03739495,71192.43,0.013690851923076923,822.2744169965875,5278.49369848131,0.02541976
0.05706832,0.03742815,71040.23,0.013661582692307692,818.9767780919685,5257.324894225577,0.02534918
0.05716193,0.03746132,70888.04,0.013632315384615384,815.6740019084059,5236.1231118131955,0.02527842
0.05725554,0.03749446,70739.69,0.013603786538461539,812.5001095176416,5215.748683717159,0.02521012
0.05734916,0.03752758,70591.35,0.013575259615384616,809.3203673926411,5195.336703941701,0.02514163
0.0574428,0.03756066,70446.85,0.013547471153846155,806.2607768655744,5175.696023186919,0.02507551
0.05753644,0.03759372,70302.36,0.013519684615384615,803.1963804050331,5156.024491308672,0.02500924
0.05763009,0.03762675,70161.57,0.013492609615384617,800.278295192429,5137.292187240861,0.02494576
0.05772376,0.03765974,70020.8,0.013465538461538463,797.3570819379637,5118.539803077023,0.02488216
0.05781744,0.03769271,69883.48,0.013439130769230768,794.6064278254271,5100.882303221003,0.0248217
0.05791112,0.03772565,69746.17,0.013412725,791.8554085317016,5083.222459127385,0.02476114
0.05800482,0.03775856,69612.1,0.013386942307692308,789.2493959348928,5066.4934684326945,0.02470324
0.05809852,0.03779144,69478.04,0.013361161538461537,786.6423530101939,5049.757863669558,0.02464521
0.05819224,0.03782429,69347.2,0.013335999999999999,784.1269506324797,5033.610534596125,0.02458898
0.05828596,0.03785711,69216.36,0.013310838461538462,781.6088786986621,5017.446068621946,0.02453259
0.0583797,0.03788991,69088.89,0.013286325,779.1440720644106,5001.623532959955,0.02447743
0.05847344,0.03792268,68961.44,0.013261815384615384,776.6750494665075,4985.773933416238,0.02442213
0.0585672,0.03795542,68837.44,0.01323796923076923,774.2841714651697,4970.425973899273,0.0243685
0.05866097,0.03798813,68713.46,0.013214126923076924,771.8905496196219,4955.060400597819,0.02431477
0.05875474,0.03802081,68592.87,0.013190936538461538,769.6029602337319,4940.3754901731,0.02426316
0.05884851,0.03805346,68472.3,0.01316775,767.3141069034921,4925.682466006609,0.02421147
0.05894232,0.03808609,68354.85,0.013145163461538463,765.1467820236469,4911.769579402875,0.02416209
0.05903611,0.03811868,68237.42,0.01312258076923077,762.9802590989051,4897.861840855401,0.02411264
0.05912994,0.03815125,68122.93,0.013100563461538461,760.9035062343173,4884.5303706278955,0.02406492
0.05922376,0.03818379,68008.45,0.013078548076923076,758.8269565092303,4871.200204430471,0.02401712
0.05931759,0.03821629,67896.77,0.013057071153846155,756.8149494473023,4858.284362251557,0.0239706
0.05941144,0.03824878,67785.1,0.013035596153846155,754.8027448547199,4845.3672520478885,0.023924
0.05950529,0.03828123,67676.17,0.013014648076923076,752.8288089851636,4832.695803400956,0.02387836
0.05959917,0.03831366,67567.25,0.012993701923076924,750.8540623096187,4820.019149880549,0.02383266
0.05969304,0.03834605,67460.95,0.012973259615384616,748.9215077227115,4807.613343499972,0.02378812
0.05978693,0.03837842,67354.65,0.012952817307692306,746.9891739686034,4795.20895472952,0.02374352
0.05988082,0.03841076,67250.67,0.012932821153846153,745.1062738369367,4783.121899271593,0.02370014
0.05997472,0.03844307,67146.68,0.012912823076923076,743.2244323098454,4771.041639400961,0.02365671
0.06006864,0.03847536,67044.61,0.01289319423076923,741.397793722742,4759.315748296814,0.02361443
0.06016256,0.03850761,66942.54,0.012873565384615383,739.572668895565,4747.599574596087,0.02357211
0.0602565,0.03853984,66841.96,0.012854223076923079,737.7904894599195,4736.159083774327,0.02353058
0.06035044,0.03857203,66741.38,0.01283488076923077,736.009530927343,4724.72643039591,0.023489
0.06044439,0.0386042,66641.9,0.012815749999999999,734.2520553610708,4713.444523151748,0.0234478
0.06053834,0.03863634,66542.42,0.01279661923076923,732.4951071777509,4702.166001380287,0.02340654
0.06063232,0.03866845,66443.67,0.012777628846153846,730.7429165298895,4690.91802004693,0.02336529
0.06072629,0.03870054,66344.91,0.01275863653846154,728.9908941413091,4679.671118834195,0.02332399
0.06082029,0.0387326,66246.51,0.01273971346153846,727.2435215494665,4668.454066443547,0.02328267
0.0609143,0.03876463,66148.1,0.012720788461538462,725.4959686327209,4657.235856478439,0.02324131
0.06100831,0.03879663,66049.62,0.012701849999999999,723.7581384025675,4646.080060153898,0.02319997
0.06110233,0.0388286,65951.13,0.012682909615384616,722.0196864463813,4634.920272732372,0.02315858
0.06119636,0.03886055,65852.11,0.012663867307692308,720.2922403588146,4623.831136187187,0.02311719
0.0612904,0.03889246,65753.08,0.012644823076923077,718.5644752699014,4612.73995185046,0.02307573
0.06138444,0.03892435,65653.04,0.012625584615384614,716.8342220111675,4601.632795000849,0.02303401
0.0614785,0.03895621,65552.99,0.012606344230769232,715.1030575149005,4590.5197885693005,0.0229922
0.06157257,0.03898804,65451.47,0.012586821153846154,713.3580724911947,4579.318062890885,0.02294989
0.06166664,0.03901985,65349.95,0.012567298076923077,711.6111388978024,4568.103828599044,0.0229075
0.06176073,0.03905162,65246.54,0.012547411538461539,709.8439264184142,4556.759416388823,0.02286447
0.06185483,0.03908337,65143.13,0.012527525,708.0743657223638,4545.399930078524,0.02282136
0.06194893,0.03911509,65037.42,0.012507196153846153,706.2917186679628,4533.95643743328,0.02277771
0.06204305,0.03914679,64931.71,0.012486867307692308,704.5057883945377,4522.491868550505,0.02273394
0.06213717,0.03917845,64823.35,0.012466028846153845,702.7034216745868,4510.921787836621,0.02268956
0.0622313,0.03921009,64714.98,0.012445188461538461,700.8964886437543,4499.322394228262,0.02264505
0.06232544,0.0392417,64603.71,0.012423790384615385,699.0658278442173,4487.570683005495,0.0225998
0.06241959,0.03927328,64492.42,0.01240238846153846,697.2290221530765,4475.779525375376,0.02255439
0.06251376,0.03930483,64378.09,0.012380401923076923,695.3636075452437,4463.804716176683,0.02250817
0.06260793,0.03933636,64263.74,0.012358411538461537,693.4916025238593,4451.7876005950075,0.0224618
0.06270211,0.03936786,64146.21,0.012335809615384614,691.6083278071746,4439.69814053271,0.02241494
0.0627963,0.03939933,64028.66,0.012313203846153847,689.718463679176,4427.566380521176,0.02236792
0.06289049,0.03943077,63907.78,0.012289957692307693,687.8349662388096,4415.475490710455,0.0223207
0.0629847,0.03946219,63786.89,0.012266709615384615,685.9450277438972,4403.343253309285,0.02227332
0.06307892,0.03949358,63662.5,0.012242788461538461,684.0671698697184,4391.288566028971,0.02222581
0.06317314,0.03952493,63538.1,0.012218865384615384,682.182030922099,4379.187138755924,0.02217811
0.06326738,0.03955627,63410.17,0.01219426346153846,680.2990665464142,4367.099670891096,0.02213013
0.06336162,0.03958757,63282.23,0.012169659615384616,678.4076352609057,4354.957850696648,0.02208194
0.06345588,0.03961885,63150.88,0.0121444,676.5115281083245,4342.786014324671,0.02203339
0.06355014,0.0396501,63019.51,0.012119136538461538,674.6048836780151,4330.546535140345,0.0219846
0.06364441,0.03968132,62884.98,0.012093265384615385,672.7040586117137,4318.344412677342,0.02193571
0.06373869,0.03971252,62750.43,0.012067390384615385,670.7921074359233,4306.070867465908,0.02188659
0.06383298,0.03974369,62612.99,0.012040959615384615,668.9120359818965,4294.001970370674,0.02183786
0.06392728,0.03977482,62475.54,0.012014526923076923,667.0209399088898,4281.86230203337,0.0217889
0.06402158,0.03980594,62335.42,0.011987580769230769,665.1829551545596,4270.063575546083,0.02174072
0.0641159,0.03983702,62195.29,0.011960632692307693,663.334285406773,4258.196258002741,0.02169232
0.06421023,0.03986808,62052.79,0.011933228846153845,661.5423164749826,4246.692924664366,0.02164476
0.06430456,0.03989911,61910.28,0.011905823076923077,659.7400011496328,4235.123173872064,0.02159698
0.06439889,0.03993011,61765.79,0.011878036538461539,657.9868951842403,4223.869316765706,0.02154997
0.06449325,0.03996108,61621.3,0.011850250000000001,656.2230951988598,4212.546810658537,0.02150273
0.06458761,0.03999203,61475.28,0.01182216923076923,654.5085038550158,4201.540193625492,0.02145632
0.06468198,0.04002295,61329.26,0.011794088461538461,652.7822381878609,4190.4586346500055,0.02140967
0.06477637,0.04005385,61182.19,0.01176580576923077,651.121984633136,4179.80083264942,0.02136422
0.06487075,0.04008471,61035.12,0.011737523076923077,649.4507451014576,4169.072507464698,0.02131855
0.06496516,0.04011555,60887.47,0.011709128846153846,647.8568448253775,4158.840652515316,0.02127433
0.06505955,0.04014636,60739.82,0.011680734615384615,646.2528428851472,4148.5439511236045,0.0212299
0.06515397,0.04017715,60592.06,0.01165231923076923,644.7343082228883,4138.795896848809,0.02118713
0.0652484,0.04020791,60444.3,0.011623903846153846,643.2068976876141,4128.990864953389,0.02114415
0.06534283,0.04023864,60296.96,0.01159556923076923,641.7641152035967,4119.7290928579105,0.02110288
0.06543728,0.04026935,60149.61,0.011567232692307692,640.3113846493039,4110.403460297877,0.0210614
0.06553173,0.04030002,60003.19,0.011539075000000001,638.9595969087156,4101.725818232298,0.02102195
0.06562619,0.04033067,59856.76,0.011510915384615385,637.5986030164323,4092.9890783610404,0.02098232
0.06572065,0.0403613,59711.74,0.011483026923076923,636.3536758955707,4084.9974154481424,0.02094502
0.06581513,0.04039189,59566.73,0.011455140384615385,635.1013083881636,4076.957989850813,0.02090756
0.06590961,0.04042246,59423.63,0.011427621153846153,633.9622866851022,4069.6461742844194,0.02087242
0.06600411,0.040453,59280.54,0.011400103846153847,632.816852358604,4062.293193637729,0.02083711
0.06609861,0.04048351,59139.92,0.011373061538461538,631.7783154798044,4055.6264285565444,0.02080407
0.06619313,0.040514,58999.32,0.011346023076923078,630.7344981239489,4048.925766075309,0.0207709
0.06628765,0.04054446,58861.7,0.011319557692307691,629.7977248222584,4042.9122602825105,0.02074003
0.06638218,0.04057489,58724.09,0.01129309423076923,628.8564743339543,4036.870013717972,0.02070905
0.06647671,0.0406053,58589.86,0.011267280769230769,628.0391741450701,4031.6234514905464,0.02068069
0.06657126,0.04063568,58455.65,0.011241471153846154,627.2209731003053,4026.371106324979,0.02065227
0.06666581,0.04066603,58325.11,0.011216367307692307,626.5235951676824,4021.8943708863944,0.0206264
0.06676038,0.04069635,58194.58,0.011191265384615385,625.8269337430693,4017.422234986524,0.02060049
0.06685495,0.04072665,58068.03,0.011166928846153846,625.2406003002511,4013.658336561435,0.02057697
0.06694953,0.04075692,57941.49,0.01114259423076923,624.6554247304572,4009.9018709657466,0.02055341
0.06704412,0.04078717,57819.29,0.011119094230769231,624.1681769642128,4006.7740413622005,0.02053207
0.06713872,0.04081739,57697.1,0.011095596153846154,623.6805025133124,4003.6434727067995,0.02051069
0.06723332,0.04084758,57579.57,0.011072994230769231,623.3061588519541,4001.240417696571,0.02049184
0.06732794,0.04087775,57462.06,0.011050396153846153,622.932828122527,3998.8438650834805,0.02047299
0.06742256,0.04090789,57349.49,0.011028748076923077,622.687122563611,3997.266587209316,0.02045691
0.06751719,0.040938,57236.92,0.011007099999999999,622.445382243384,3995.714763717534,0.02044087
0.06761184,0.04096809,57129.44,0.01098643076923077,622.343462076367,3995.0604992186913,0.02042778
0.06770649,0.04099815,57021.98,0.010965765384615385,622.2497441342035,3994.4588879355,0.02041478
0.06780114,0.04102818,56919.67,0.010946090384615385,622.2743320875616,3994.6167274039017,0.02040429
0.06789579,0.04105818,56817.38,0.01092641923076923,622.307603272724,3994.83030785538,0.0203939
0.06799047,0.04108815,56720.29,0.010907748076923077,622.4413434796592,3995.6888373498514,0.0203857
0.06808516,0.04111811,56623.22,0.01088908076923077,622.5844585749886,3996.6075478353528,0.02037759
0.06817984,0.04114803,56531.42,0.010871426923076922,622.8129955470185,3998.074613989662,0.02037145
0.06827456,0.04117794,56439.64,0.010853776923076923,623.0499285107627,3999.5955772231455,0.02036541
0.06836927,0.04120781,56353.17,0.010837148076923077,623.388476289788,4001.768844785995,0.02036161
0.06846398,0.04123766,56266.72,0.010820523076923078,623.7364625792383,4004.0027017540015,0.02035795
0.0685587,0.04126748,56185.51,0.01080490576923077,624.1961208858083,4006.9534240731355,0.02035667
0.06865343,0.04129727,56104.33,0.010789294230769231,624.6669404860099,4009.9757950011563,0.02035555
0.06874817,0.04132704,56028.27,0.010774667307692307,625.2569922387786,4013.763562678695,0.02035689
0.06884292,0.04135678,55952.23,0.010760044230769232,625.8594452236246,4017.630938603823,0.02035838
0.06893768,0.0413865,55881.19,0.010746382692307693,626.5632409340213,4022.148872210363,0.02036198
0.06903245,0.04141619,55810.17,0.010732725,627.2796501392371,4026.747776660143,0.02036574
0.06912722,0.04144585,55744.04,0.010720007692307692,628.0932657490814,4031.970686166723,0.02037151
0.069222,0.04147548,55677.92,0.010707292307692308,628.9198939513905,4037.2771284768373,0.02037744
0.06931679,0.04150509,55616.54,0.010695488461538461,629.8396026309738,4043.1810899394245,0.02038529
0.06941159,0.04153467,55555.18,0.010683688461538462,630.7724820995954,4049.1695997298034,0.0203933
0.0695064,0.04156423,55498.38,0.010672765384615384,631.8007004449565,4055.770126201824,0.02040322
0.06960122,0.04159376,55441.59,0.01066184423076923,632.8419216909709,4062.4541232619376,0.0204133
0.06969604,0.04162326,55389.19,0.010651767307692309,633.9681848465729,4069.684036836765,0.02042507
0.06979087,0.04165274,55336.81,0.01064169423076923,635.1074038823839,4076.997119157485,0.02043699
0.06988571,0.04168219,55288.65,0.010632432692307693,636.321675479028,4084.7919925460333,0.02045043
0.06998056,0.04171162,55240.51,0.010623175,637.5490723069167,4092.6711218094865,0.02046401
0.07007542,0.04174102,55196.39,0.010614690384615384,638.8561038332672,4101.061456633178,0.02047916
0.07017028,0.04177039,55152.28,0.010606207692307692,640.1763423143152,4109.536571945848,0.02049445
0.07026515,0.04179973,55111.91,0.010598444230769232,641.5719217909356,4118.495329899157,0.02051118
0.07036003,0.04182906,55071.56,0.010590684615384614,642.9805591488421,4127.53791138225,0.02052804
0.07045492,0.04185835,55034.65,0.010583586538461538,644.4603443485864,4137.037218049831,0.02054624
0.07054982,0.04188762,54997.76,0.010576492307692307,645.9522027776807,4146.614027390152,0.02056455
0.07064472,0.04191686,54964.06,0.010570011538461538,647.503903972346,4156.574990310394,0.02058397
0.07073963,0.04194608,54930.36,0.01056353076923077,649.0674259546589,4166.611835383625,0.02060353
0.07083455,0.04197527,54899.62,0.01055761923076923,650.6948012300552,4177.0585791454205,0.02062424
0.07092948,0.04200444,54868.89,0.010551709615384616,652.3339998474088,4187.581221457295,0.02064508
0.07102442,0.04203358,54840.83,0.010546313461538462,654.044200864877,4198.5596553076575,0.02066716
0.07111936,0.04206269,54812.78,0.010540919230769231,655.7656201298382,4209.610103375508,0.02068934
0.07121431,0.04209178,54787.14,0.010535988461538462,657.555830804671,4221.102149790589,0.02071266
0.07130927,0.04212084,54761.51,0.010531059615384615,659.355448073531,4232.654580727273,0.02073604
0.07140423,0.04214987,54738.05,0.010526548076923077,661.2076381668015,4244.544496713506,0.02076026
0.0714992,0.04217888,54714.59,0.010522036538461538,663.0685465565948,4256.490378776642,0.02078452
0.0715942,0.04220787,54693.09,0.010517901923076922,664.9689249103913,4268.689633621374,0.02080938
0.07168917,0.04223682,54671.6,0.010513769230769231,666.877404802763,4280.940895338062,0.02083428
0.07178418,0.04226576,54651.81,0.01050996346153846,668.8240646061531,4293.437248493269,0.02085974
0.07187918,0.04229466,54632.03,0.010506159615384616,670.7787362443879,4305.985032677908,0.02088525
0.0719742,0.04232355,54613.7,0.010502634615384615,672.7715759352062,4318.77783217724,0.02091128
0.07206922,0.0423524,54595.37,0.010499109615384616,674.7717281735884,4331.617573713729,0.02093735
0.07216425,0.04238123,54578.23,0.010495813461538462,676.8064081031596,4344.6789616940305,0.02096386
0.0722593,0.04241004,54561.09,0.010492517307692307,678.8480442069643,4357.7850040149,0.02099039
0.07235435,0.04243882,54544.86,0.010489396153846154,680.9138848993723,4371.046424839314,0.02101716
0.0724494,0.04246757,54528.62,0.010486273076923078,682.9856344172309,4384.345776672236,0.02104394
0.07254446,0.0424963,54513.02,0.010483273076923077,685.0807950905731,4397.795413658313,0.02107093
0.07263953,0.042525,54497.41,0.010480271153846154,687.1815821080824,4411.281168297594,0.02109794
0.07273461,0.04255368,54482.16,0.010477338461538463,689.3104225393055,4424.947008519558,0.0211252
0.07282969,0.04258233,54466.91,0.01047440576923077,691.4442948611498,4438.645150370256,0.02115247
0.07292478,0.04261096,54451.75,0.010471490384615385,693.6065821975652,4452.525699057716,0.02117996
0.07301988,0.04263956,54436.59,0.010468574999999999,695.7724270435017,4466.429084758224,0.02120741
0.07311499,0.04266813,54421.28,0.01046563076923077,697.9550484733002,4480.44016576138,0.02123487
0.07321011,0.04269668,54405.97,0.010462686538461538,700.1401526488988,4494.467184458558,0.02126228
0.07330523,0.0427252,54390.34,0.010459680769230768,702.3306936255028,4508.529104058955,0.0212895
0.07340036,0.0427537,54374.7,0.010456673076923077,704.5232248003738,4522.603799502543,0.02131666
0.0734955,0.04278217,54358.61,0.010453578846153846,706.7111372549347,4536.6488456155075,0.02134348
0.07359064,0.04281062,54342.52,0.010450484615384614,708.9017132862309,4550.710990245369,0.02137026
0.0736858,0.04283904,54325.84,0.010447276923076922,711.0928323284099,4564.776620669589,0.02139676
0.07378096,0.04286743,54309.16,0.010444069230769232,713.2856732959864,4578.853304790933,0.02142319
0.07387613,0.0428958,54291.65,0.010440701923076924,715.4707750887328,4592.880308191673,0.02144919
0.0739713,0.04292415,54274.14,0.010437334615384616,717.6572988693902,4606.916439876197,0.02147511
0.07406649,0.04295247,54255.52,0.010433753846153845,719.826800384498,4620.843299133439,0.02150045
0.07416168,0.04298076,54236.9,0.010430173076923076,721.9968592332841,4634.773736128536,0.02152569
0.07425687,0.04300903,54216.95,0.010426336538461537,724.1417279865199,4648.542468274402,0.02155024
0.07435208,0.04303728,54196.99,0.010422498076923076,726.2876409480388,4662.317903592261,0.02157473
0.07444729,0.0430655,54175.52,0.01041836923076923,728.4237243440133,4676.030239172719,0.02159876
0.07454251,0.04309369,54154.04,0.010414238461538461,730.5601706229996,4689.744904237898,0.02162273
0.07463773,0.04312186,54130.93,0.01040979423076923,732.6972800814667,4703.463826505584,0.02164638
0.07473298,0.04315001,54107.82,0.01040535,734.8337658963203,4717.178745366602,0.02166994
0.07482821,0.04317812,54083.03,0.010400582692307692,736.9681530511104,4730.880192126712,0.0216931
0.07492347,0.04320621,54058.22,0.010395811538461539,739.1004511444203,4744.568228402887,0.02171611
0.07501873,0.04323428,54031.7,0.010390711538461538,741.2007409317395,4758.050791131572,0.02173825
0.075114,0.04326232,54005.16,0.010385607692307694,743.2991302350184,4771.521153926969,0.02176026
0.07520927,0.04329034,53976.84,0.010380161538461538,745.3442155963633,4784.649338350054,0.02178109
0.07530455,0.04331833,53948.51,0.010374713461538463,747.3879159989616,4797.76863219371,0.0218018
0.07539984,0.0433463,53918.29,0.010368901923076924,749.3772930070824,4810.539203409611,0.02182138
0.07549513,0.04337424,53888.05,0.01036308653846154,751.365692802669,4823.303501524834,0.02184088
0.07559043,0.04340216,53855.79,0.010356882692307692,753.3197553772686,4835.847375897257,0.02185956
0.07568574,0.04343005,53823.52,0.010350676923076922,755.2726513961953,4848.383761703039,0.02187815
0.07578106,0.04345792,53789.14,0.010344065384615384,757.2039698194321,4860.78163267664,0.0218961
0.07587639,0.04348577,53754.75,0.010337451923076923,759.1339202311141,4873.170721861311,0.02191396
0.07597172,0.04351359,53718.2,0.010330423076923076,761.0383150563581,4885.39575997108,0.02193111
0.07606706,0.04354138,53681.63,0.010323390384615385,762.9406002538444,4897.607255574119,0.02194813
0.0761624,0.04356915,53642.87,0.010315936538461539,764.8072650927844,4909.59009048404,0.0219643
0.07625775,0.04359689,53604.1,0.01030848076923077,766.6720325386494,4921.5607453027615,0.02198036
0.07635312,0.04362461,53563.09,0.01030059423076923,768.5004944899486,4933.298341278443,0.02199556
0.07644848,0.0436523,53522.07,0.010292705769230769,770.3261374833228,4945.017841285997,0.02201064
0.07654386,0.04367997,53478.83,0.010284390384615386,772.115900195381,4956.507012056848,0.02202488
0.07663924,0.04370761,53435.59,0.010276074999999999,773.9035735604625,4967.982770511054,0.02203902
0.07673463,0.04373523,53390.18,0.010267342307692308,775.655651117249,4979.230025869585,0.02205233
0.07683003,0.04376282,53344.76,0.010258607692307693,777.4055130360074,4990.463058200952,0.02206553
0.07692543,0.04379039,53297.24,0.01024946923076923,779.1154342887436,5001.439696134593,0.02207787
0.07702084,0.04381794,53249.71,0.010240328846153847,780.8238251049042,5012.40650961103,0.02209009
0.07711626,0.04384546,53200.12,0.010230792307692308,782.4885702666882,5023.093144953706,0.02210142
0.07721169,0.04387295,53150.51,0.010221251923076923,784.1511394222781,5033.765811681104,0.02211265
0.07730712,0.04390042,53098.9,0.010211326923076924,785.7751563971287,5044.19099722839,0.02212309
0.07740256,0.04392787,53047.28,0.0102014,787.3968912782901,5054.601533144229,0.02213342
0.077498,0.04395529,52993.74,0.010191103846153847,788.9828782431564,5064.782589525014,0.02214302
0.07759346,0.04398269,52940.19,0.01018080576923077,790.5668834660017,5074.9509243464845,0.02215251
0.07768892,0.04401006,52884.8,0.010170153846153846,792.1218181958151,5084.932644564473,0.0221614
0.07778439,0.04403741,52829.41,0.010159501923076924,793.6755852208104,5094.906868839019,0.02217018
0.07787986,0.04406473,52772.22,0.010148503846153846,795.1977352546373,5104.6781315654525,0.02217834
0.07797534,0.04409203,52715.02,0.010137503846153846,796.7185463982206,5114.440799443782,0.0221864
0.07807083,0.0441193,52656.12,0.010126176923076923,798.2112506386641,5124.023038370364,0.0221939
0.07816632,0.04414655,52597.21,0.010114848076923076,799.7022744881164,5133.594490225046,0.02220131
0.07826183,0.04417378,52536.71,0.010103213461538462,801.171697411506,5143.027277480967,0.02220827
0.07835734,0.04420098,52476.21,0.010091578846153845,802.6401675128294,5152.453948207944,0.02221514
0.07845286,0.04422815,52414.24,0.010079661538461538,804.0915525687781,5161.7709434999515,0.02222164
0.07854838,0.04425531,52352.26,0.010067742307692308,805.5423054735163,5171.083880771775,0.02222806
0.07864391,0.04428243,52288.93,0.010055563461538462,806.9746235782524,5180.278478017893,0.02223411
0.07873945,0.04430954,52225.59,0.010043382692307692,808.406416982807,5189.469707013042,0.02224008
0.07883499,0.04433661,52161.04,0.01003096923076923,809.8191332477635,5198.538472559163,0.0222457
0.07893054,0.04436367,52096.48,0.010018553846153846,811.2311320890145,5207.602632688368,0.02225123
0.0790261,0.0443907,52030.86,0.010005934615384616,812.6296201220647,5216.580061776847,0.02225651
0.07912165,0.0444177,51965.24,0.009993315384615384,814.0280331363796,5225.557009291397,0.02226173
0.07921722,0.04444468,51898.69,0.009980517307692309,815.4181984766515,5234.48101183458,0.02226678
0.07931281,0.04447164,51832.13,0.009967717307692307,816.8089736142763,5243.408928899994,0.02227178
0.07940838,0.04449857,51764.79,0.009954767307692307,818.1939194408161,5252.299425389999,0.02227668
0.07950399,0.04452548,51697.44,0.009941815384615384,819.5798174503051,5261.196034306211,0.02228151
0.07959959,0.04455237,51629.45,0.009928740384615385,820.9613390941471,5270.064549658995,0.02228629
0.0796952,0.04457923,51561.45,0.00991566346153846,822.3438364548399,5278.939328511095,0.02229101
0.07979081,0.04460607,51492.95,0.009902490384615385,823.7256414877451,5287.809663046566,0.02229575
0.07988643,0.04463288,51424.45,0.009889317307692307,825.1088727695159,5296.689153218519,0.02230043
0.07998205,0.04465967,51355.57,0.009876071153846153,826.499351006241,5305.615164363603,0.02230527
0.08007769,0.04468643,51286.69,0.009862825,827.8921983743771,5314.556383868531,0.02231006
0.08017332,0.04471317,51217.53,0.009849525,829.2978734607366,5323.5799493985905,0.02231509
0.08026897,0.04473988,51148.37,0.009836225,830.7064696890259,5332.622266854954,0.02232007
0.08036463,0.04476658,51079.02,0.00982288846153846,832.1280921512674,5341.748204684774,0.0223253
0.08046029,0.04479324,51009.67,0.009809551923076922,833.552726789209,5350.893478821454,0.02233051
0.08055595,0.04481989,50940.19,0.009796190384615384,835.0004034371182,5360.186668425161,0.0223361
0.08065163,0.0448465,50870.72,0.009782830769230769,836.4513934194508,5369.501127588657,0.02234167
0.0807473,0.0448731,50801.22,0.009769465384615384,837.9319968373784,5379.005686711422,0.02234772
0.08084299,0.04489967,50731.71,0.009756098076923077,839.4165991417676,5388.535916214478,0.02235375
0.08093868,0.04492621,50662.3,0.009742750000000001,840.9360691975587,5398.289975137799,0.02236034
0.08103438,0.04495274,50592.89,0.009729401923076923,842.4602537571283,5408.074298262428,0.02236691
0.08113009,0.04497923,50523.7,0.009716096153846153,844.0124749271642,5418.038599103273,0.02237394
0.08122581,0.04500571,50454.52,0.009702792307692307,845.5696008429283,5428.034385381196,0.02238095
0.08132152,0.04503216,50385.72,0.009689561538461539,847.1494601267287,5438.17610583565,0.02238839
0.08141722,0.04505858,50316.92,0.00967633076923077,848.7341500874926,5448.348836251478,0.0223958
0.08151292,0.04508497,50248.6,0.009663192307692307,850.3507900405086,5458.726665876626,0.02240378
0.08160865,0.04511135,50180.28,0.009650053846153845,851.9731369063647,5469.141130356077,0.02241177
0.08170442,0.04513771,50112.52,0.009637023076923077,853.6324779423646,5479.793074550266,0.02242037
0.08180021,0.04516405,50044.76,0.009623992307692309,855.297868312243,5490.483851730253,0.02242898
0.08189594,0.04519035,49977.74,0.009611103846153846,857.0007451180164,5501.415268666945,0.02243825
0.08199168,0.04521663,49910.74,0.00959821923076923,858.711270681004,5512.395785899014,0.02244755
0.08208745,0.04524289,49844.47,0.009585475,860.4577126233098,5523.606864094657,0.02245747
0.08218325,0.04526913,49778.21,0.009572732692307693,862.2115416204078,5534.865362617826,0.02246741
0.08227908,0.04529536,49712.72,0.009560138461538461,864.0119012606697,5546.422559120221,0.02247814
0.08237487,0.04532155,49647.23,0.009547544230769232,865.8197177943902,5558.027624271231,0.02248889
0.08247067,0.04534771,49582.52,0.0095351,867.6848740487039,5570.00077499996,0.02250057
0.08256648,0.04537385,49517.81,0.009522655769230769,869.5577915571422,5582.023748184723,0.02251227
0.08266229,0.04539997,49453.89,0.009510363461538461,871.4985699302628,5594.482346191559,0.02252502
0.08275811,0.04542607,49389.99,0.009498075,873.4477926663068,5606.995151790846,0.02253778
0.08285393,0.04545214,49326.98,0.009485957692307694,875.4571303036511,5619.89385791329,0.02255147
0.08294976,0.04547818,49263.98,0.009473842307692309,877.475565797127,5632.850966650808,0.02256519
0.0830456,0.04550421,49202.01,0.009461925000000001,879.5457247776253,5646.140108216621,0.02257972
0.08314144,0.04553021,49140.05,0.009450009615384615,881.6254726234032,5659.490804372859,0.02259427
0.08323729,0.04555618,49079.21,0.009438309615384615,883.7509473518181,5673.1350388623605,0.02260959
0.08333315,0.04558214,49018.37,0.009426609615384616,885.8859303021147,5686.8403102614975,0.02262495
0.08342901,0.04560807,48958.71,0.009415136538461539,888.0787489551536,5700.916851137299,0.02264123
0.08352488,0.04563397,48899.05,0.009403663461538462,890.2814197312754,5715.056636555962,0.02265756
0.08362076,0.04565986,48840.6,0.009392423076923076,892.5455603770545,5729.59102055744,0.02267486
0.08371663,0.04568571,48782.16,0.009381184615384616,894.8198547307028,5744.190585089768,0.0226922
0.08381252,0.04571155,48724.99,0.009370190384615383,897.1599368081858,5759.212466160859,0.02271058
0.08390842,0.04573736,48667.82,0.009359196153846153,899.5114403110659,5774.3076657260435,0.022729
0.08400432,0.04576315,48611.98,0.009348457692307693,901.9199721495768,5789.768951969884,0.02274833
0.08410022,0.04578892,48556.13,0.009337717307692308,904.3395914540105,5805.301412894337,0.02276771
0.08419613,0.04581466,48501.6,0.009327230769230768,906.8262321765377,5821.264109912432,0.02278815
0.08429205,0.04584038,48447.07,0.00931674423076923,909.3242628095779,5837.299923118537,0.02280863
0.08438798,0.04586608,48393.83,0.009306505769230769,911.8994014856245,5853.830722318001,0.02283027
0.08448391,0.04589175,48340.6,0.009296269230769231,914.486133596371,5870.4359442050045,0.02285196
0.08457985,0.0459174,48288.67,0.009286282692307692,917.1529056771054,5887.55497324504,0.02287483
0.0846758,0.04594302,48236.75,0.009276298076923076,919.8320055546319,5904.753139123505,0.02289774
0.08477175,0.04596863,48186.14,0.009266565384615384,922.5877034198744,5922.443016755514,0.02292178
0.0848677,0.0459942,48135.55,0.009256836538461538,925.3560693693895,5940.2142156613245,0.02294586
0.08496367,0.04601976,48086.27,0.009247359615384615,928.201184232831,5958.478095173696,0.02297105
0.08505963,0.04604529,48037.0,0.009237884615384615,931.0587670922675,5976.822011516756,0.02299629
0.08515561,0.0460708,47989.04,0.009228661538461538,933.9995726671183,5995.700166271962,0.02302272
0.08525159,0.04609628,47941.1,0.009219442307692307,936.952617261892,6014.656887972951,0.02304919
0.08534758,0.04612175,47894.53,0.009210486538461538,939.993076780034,6034.174759470912,0.02307688
0.08544357,0.04614719,47847.97,0.009201532692307692,943.0454232501165,6053.768937855741,0.02310459
0.08553957,0.0461726,47802.96,0.009192876923076923,946.1685954218278,6073.8177734839555,0.02313332
0.08563558,0.04619799,47757.96,0.009184223076923077,949.3039940535324,6093.945095430964,0.02316208
0.08573159,0.04622336,47714.66,0.009175896153846154,952.4975639089675,6114.445840692074,0.02319173
0.08582761,0.04624871,47671.37,0.009167571153846154,955.70424319315,6135.030740385819,0.02322142
0.08592363,0.04627404,47629.79,0.009159575,958.970480477123,6155.997965639122,0.02325205
0.08601966,0.04629934,47588.21,0.009151578846153845,962.2511526233985,6177.057853789541,0.02328276
0.0861157,0.04632462,47548.16,0.009143876923076924,965.6211113211688,6198.690906433079,0.02331476
0.08621174,0.04634988,47508.11,0.009136175,969.0057005472785,6220.417878028795,0.02334683
0.08630778,0.04637511,47469.39,0.009128728846153846,972.5030827806211,6242.868911039537,0.02338043
0.08640384,0.04640032,47430.68,0.009121284615384615,976.0143612812399,6265.409149500107,0.02341408
0.0864999,0.0464255,47393.23,0.009114082692307693,979.6456313325001,6288.719659576624,0.02344926
0.08659597,0.04645066,47355.79,0.009106882692307692,983.2895186882539,6312.111164952136,0.02348445
0.08669204,0.0464758,47319.79,0.009099959615384616,987.0238969682347,6336.083566149565,0.02352079
0.08678812,0.04650092,47283.79,0.009093036538461538,990.77066657685,6360.135512020598,0.02355713
0.0868842,0.04652601,47249.46,0.009086434615384616,994.5867624034348,6384.63248937641,0.02359441
0.08698029,0.04655108,47215.13,0.009079832692307692,998.4161761691639,6409.214959672774,0.02363169
0.08707639,0.04657613,47182.59,0.009073574999999999,1002.3040686568344,6434.172827231758,0.02366984
0.08717249,0.04660116,47150.06,0.009067319230769231,1006.2064477657933,6459.223689948566,0.02370803
0.0872686,0.04662616,47119.24,0.009061392307692307,1010.1936288707993,6484.8189290833925,0.02374742
0.08736471,0.04665114,47088.42,0.009055465384615385,1014.195904220311,6510.511063941666,0.02378685
0.08746084,0.0466761,47059.2,0.009049846153846153,1018.2991932742248,6536.85164436887,0.02382765
0.08755696,0.04670104,47029.97,0.009044225,1022.4168658965599,6563.284558418165,0.02386847
0.08765309,0.04672595,47002.25,0.00903889423076923,1026.6480110378848,6590.445895928117,0.02391075
0.08774923,0.04675084,46974.54,0.009033565384615385,1030.8930035638102,6617.696125091322,0.02395303
0.08784538,0.0467757,46948.35,0.009028528846153846,1035.2339776449667,6645.5624965349925,0.02399653
0.08794152,0.04680055,46922.16,0.009023492307692308,1039.5891285799225,6673.519874620604,0.02404004
0.08803768,0.04682537,46897.49,0.009018748076923077,1044.0432440273787,6702.112543729272,0.02408479
0.08813384,0.04685017,46872.83,0.00901400576923077,1048.5122185198366,6730.800598725893,0.02412956
0.08823001,0.04687494,46849.64,0.009009546153846153,1053.0824144988844,6760.138433124708,0.02417558
0.08832618,0.04689969,46826.45,0.009005086538461538,1057.6669290933257,6789.568184187309,0.02422162
0.08842236,0.04692442,46804.66,0.009000896153846154,1062.372094748487,6819.772440513068,0.02426911
0.08851854,0.04694913,46782.87,0.00899670576923077,1067.090238865954,6850.060010547829,0.02431657
0.08861474,0.04697381,46762.55,0.008992798076923077,1071.9120762495577,6881.013227282237,0.02436526
0.08871093,0.04699848,46742.24,0.008988892307692307,1076.7460961998208,6912.044648567356,0.02441391
0.08880713,0.04702312,46723.56,0.0089853,1081.6677536537768,6943.638648477604,0.02446363
0.08890334,0.04704773,46704.9,0.008981711538461539,1086.602464094724,6975.316440499289,0.02451332
0.08899955,0.04707233,46688.02,0.008978465384615384,1091.600275916115,7007.399304394976,0.02456385
0.08909577,0.0470969,46671.16,0.008975223076923078,1096.6132691291514,7039.5796234449035,0.02461438
0.089192,0.04712145,46656.0,0.008972307692307693,1101.715384920906,7072.332054384039,0.02466609
0.08928822,0.04714598,46640.86,0.008969396153846154,1106.8340068991417,7105.190444841706,0.02471782
0.08938445,0.04717049,46627.17,0.008966763461538461,1112.0721352611768,7138.815992443965,0.02477101
0.08948069,0.04719497,46613.49,0.008964132692307692,1117.3257580899824,7172.541004949327,0.02482421
0.08957695,0.04721943,46601.04,0.008961738461538462,1122.7286378917854,7207.224154999934,0.0248791
0.08967319,0.04724386,46588.6,0.008959346153846153,1128.1444669577063,7241.990431325219,0.02493394
0.08976946,0.04726828,46577.36,0.008957184615384615,1133.687649075285,7277.574235554524,0.02499017
0.08986573,0.04729267,46566.13,0.008955025,1139.2424186785292,7313.232424282245,0.02504631
0.089962,0.04731704,46556.23,0.008953121153846154,1144.9040602082766,7349.576664745165,0.02510362
0.09005828,0.04734139,46546.34,0.00895121923076923,1150.5775892275533,7385.997215545942,0.02516084
0.09015456,0.04736571,46537.92,0.0089496,1156.3369746827975,7422.968911617519,0.02521903
0.09025085,0.04739001,46529.5,0.008947980769230769,1162.109785753521,7460.02679184519,0.02527718
0.09034714,0.0474143,46522.51,0.008946636538461538,1167.9919916488036,7497.786919254756,0.02533657
0.09044344,0.04743855,46515.54,0.008945296153846155,1173.8875889313897,7535.6330110966765,0.0253959
0.09053975,0.04746279,46509.94,0.008944219230769232,1179.8965513460384,7574.206837041534,0.0254565
0.09063606,0.04748701,46504.34,0.008943142307692307,1185.918569473812,7612.864472597918,0.02551704
0.09073237,0.0475112,46500.06,0.00894231923076923,1192.0585638556506,7652.27944281142,0.02557887
0.09082869,0.04753537,46495.78,0.008941496153846153,1198.2111615863641,7691.775318737469,0.02564063
0.09092502,0.04755951,46492.78,0.00894091923076923,1204.4832131807243,7732.038014661181,0.02570366
0.09102135,0.04758364,46489.78,0.008940342307692308,1210.7671145747668,7772.376778977216,0.02576661
0.09111769,0.04760774,46488.04,0.008940007692307692,1217.1677110780427,7813.464653792132,0.02583078
0.09121403,0.04763182,46486.32,0.008939676923076923,1223.5798196152543,7854.626428751974,0.02589487
0.09131038,0.04765588,46485.87,0.008939590384615385,1230.1080953814128,7896.533925545418,0.02596017
0.09140673,0.04767992,46485.43,0.00893950576923077,1236.6475065454829,7938.512904713229,0.02602537
0.09150309,0.04770393,46486.32,0.008939676923076923,1243.2931873370978,7981.174069229069,0.02609168
0.09159946,0.04772793,46487.22,0.008939850000000001,1249.9500807020356,8023.9072115377285,0.02615789
0.09169583,0.0477519,46489.45,0.008940278846153846,1256.715666372934,8067.338091292949,0.02622525
0.09179219,0.04777585,46491.7,0.008940711538461538,1263.4932999665941,8110.84631126825,0.02629252
0.09188857,0.04779977,46495.22,0.008941388461538462,1270.393910093782,8155.143964605298,0.02636107
0.09198497,0.04782368,46498.75,0.008942067307692307,1277.305892439638,8199.514620559643,0.02642952
0.09208135,0.04784756,46503.49,0.008942978846153846,1284.3499952051611,8244.733407975016,0.02649931
0.09217776,0.04787142,46508.23,0.008943890384615386,1291.4042208392561,8290.017177952004,0.02656897
0.09227416,0.04789526,46514.19,0.00894503653846154,1298.5799514797784,8336.080934995965,0.02663984
0.09237057,0.04791908,46520.15,0.008946182692307693,1305.7658850849778,8382.21018876905,0.02671058
0.09246699,0.04794287,46527.32,0.008947561538461539,1313.0775953262425,8429.146850832072,0.02678257
0.0925634,0.04796664,46534.5,0.008948942307692307,1320.4000009436206,8476.15217060139,0.02685443
0.09265984,0.0479904,46542.81,0.008950540384615385,1327.8544999102457,8524.005448056365,0.02692758
0.09275627,0.04801412,46551.12,0.008952138461538462,1335.3199287466286,8571.928888521948,0.0270006
0.0928527,0.04803783,46560.42,0.008953926923076923,1342.946579698674,8620.887275355786,0.02707517
0.09294915,0.04806151,46569.72,0.008955715384615384,1350.581844099431,8669.900955208363,0.02714956
0.0930456,0.04808518,46579.97,0.008957686538461539,1358.3669860946784,8719.876756612708,0.02722531
0.09314205,0.04810882,46590.22,0.008959657692307693,1366.1588153596997,8769.89548615714,0.02730086
0.0932385,0.04813244,46601.54,0.008961834615384615,1374.0793252770095,8820.740265981358,0.02737757
0.09333497,0.04815603,46612.86,0.008964011538461538,1382.0059890698924,8871.62454988446,0.02745407
0.09343144,0.04817961,46625.48,0.008966438461538462,1390.0224666289485,8923.085382673169,0.02753139
0.09352791,0.04820317,46638.11,0.008968867307692308,1398.0472833915526,8974.599747996113,0.02760855
0.09362439,0.0482267,46652.13,0.00897156346153846,1406.1764486419424,9026.783966136849,0.02768674
0.09372087,0.04825021,46666.16,0.00897426153846154,1414.3162325902924,9079.036349757514,0.02776479
0.09381736,0.0482737,46681.42,0.008977196153846154,1422.5934729963171,9132.171118906239,0.02784418
0.09391385,0.04829717,46696.68,0.008980130769230769,1430.8818294064429,9185.377245933048,0.02792343
0.09401036,0.04832062,46712.86,0.008983242307692308,1439.3608410230795,9239.807261585538,0.02800443
0.09410686,0.04834404,46729.04,0.008986353846153846,1447.8481409076664,9294.290482797198,0.02808525
0.09420337,0.04836744,46745.9,0.008989596153846154,1456.5292639627132,9350.0179290057,0.0281677
0.09429988,0.04839082,46762.76,0.008992838461538461,1465.214425035804,9405.771296795076,0.0282499
0.09439641,0.04841417,46780.31,0.008996213461538461,1474.0638206540357,9462.578948888668,0.02833341
0.09449294,0.04843751,46797.86,0.008999588461538461,1482.9155119519921,9519.401337827663,0.02841664
0.09458947,0.04846083,46816.33,0.009003140384615384,1491.8847428109184,9576.978258123923,0.02850077
0.094686,0.04848412,46834.8,0.009006692307692308,1500.8569398798777,9634.574219655864,0.02858463
0.09478254,0.04850739,46854.38,0.009010457692307692,1509.9350948297558,9692.850365315115,0.02866938
0.09487909,0.04853064,46873.96,0.009014223076923077,1519.0196539791436,9751.167621978255,0.02875391
0.09497565,0.04855388,46894.62,0.009018196153846154,1528.235873590402,9810.330057457564,0.02883958
0.0950722,0.04857708,46915.28,0.00902216923076923,1537.4589210918075,9869.536323772869,0.02892504
0.09516876,0.04860027,46936.84,0.009026315384615385,1546.8451487088248,9929.790105606317,0.02901188
0.09526533,0.04862344,46958.4,0.00903046153846154,1556.2370192319772,9990.080111410569,0.02909849
0.0953619,0.04864658,46980.67,0.009034744230769231,1565.7993916111686,10051.464633782622,0.02918645
0.09545848,0.0486697,47002.95,0.009039028846153846,1575.3639838839529,10112.863406499935,0.02927413
0.09555506,0.0486928,47025.91,0.009043444230769231,1585.076425474683,10175.211280486812,0.02936292
0.09565164,0.04871588,47048.86,0.009047857692307693,1594.7909484031902,10237.572515376223,0.02945142
0.09574823,0.04873894,47072.47,0.009052398076923077,1604.6546879428433,10300.891628712734,0.02954102
0.09584484,0.04876197,47096.08,0.009056938461538462,1614.5192992489383,10364.216338251163,0.02963035
0.09594143,0.04878499,47120.24,0.009061584615384616,1624.53783967223,10428.52917761382,0.02972077
0.09603805,0.04880798,47144.41,0.009066232692307693,1634.5584809423715,10492.855503115206,0.02981091
0.09613467,0.04883095,47168.97,0.00907095576923077,1644.751531063308,10558.28858691245,0.02990229
0.09623129,0.0488539,47193.52,0.009075676923076922,1654.944120679287,10623.718714552399,0.02999334
0.09632791,0.04887683,47218.38,0.009080457692307692,1665.2915814397506,10690.143019249716,0.0300854
0.09642455,0.04889974,47243.23,0.00908523653846154,1675.638546495783,10756.564141830864,0.03017713
0.09652118,0.04892262,47268.39,0.009090075,1686.1130345266804,10823.803883118035,0.03026962
0.09661782,0.04894549,47293.55,0.009094913461538462,1696.5865942685953,10891.0376653635,0.03036177
0.09671446,0.04896834,47319.04,0.009099815384615385,1707.1774755025301,10959.024579098312,0.03045462
0.09681111,0.04899116,47344.52,0.009104715384615384,1717.768625354009,11027.013217191783,0.03054716
0.09690777,0.04901396,47370.26,0.009109665384615386,1728.484964601065,11095.805493854099,0.03064042
0.09700442,0.04903674,47396.0,0.009114615384615384,1739.1985826313778,11164.580301986281,0.03073335
0.09710109,0.0490595,47421.87,0.009119590384615385,1750.0421198433169,11234.189110991347,0.03082702
0.09719776,0.04908224,47447.74,0.009124565384615384,1760.884599116521,11303.791128683404,0.03092036
0.09729443,0.04910496,47473.63,0.00912954423076923,1771.8480461345155,11374.169684554683,0.03101433
0.09739111,0.04912765,47499.51,0.009134521153846154,1782.808992595227,11444.532188393225,0.03110793
0.09748779,0.04915033,47525.34,0.009139488461538461,1793.8729083104256,11515.555691223966,0.03120199
0.09758448,0.04917298,47551.17,0.009144455769230769,1804.9341117466195,11586.561782899335,0.0312957
0.09768118,0.04919561,47576.87,0.009149398076923077,1816.0980775957405,11658.22754577189,0.03138981
0.09777788,0.04921823,47602.56,0.009154338461538462,1827.256300051893,11729.856439610257,0.03148357
0.09787458,0.04924082,47628.0,0.009159230769230768,1838.5172887932167,11802.145029503225,0.03157771
0.09797129,0.04926339,47653.44,0.009164123076923077,1849.774089543157,11874.406735079147,0.03167149
0.098068,0.04928593,47678.47,0.009168936538461538,1861.129284251024,11947.300069070288,0.03176557
0.09816472,0.04930846,47703.5,0.00917375,1872.4804358653391,12020.167448898934,0.03185928
0.09826144,0.04933097,47728.01,0.009178463461538462,1883.9140698475014,12093.564314565783,0.03195312
0.09835817,0.04935345,47752.52,0.009183176923076922,1895.3435920059926,12166.934784865236,0.03204659
0.09845491,0.04937592,47776.45,0.009187778846153846,1906.8332949443468,12240.691578587515,0.03213999
0.09855164,0.04939836,47800.38,0.00919238076923077,1918.3188892843593,12314.421997647021,0.03223302
0.09864838,0.04942078,47823.72,0.009196869230769232,1929.8386966303892,12388.37204306597,0.03232578
0.09874513,0.04944318,47847.06,0.009201357692307692,1941.3539765811884,12462.293025404879,0.03241817
0.09884188,0.04946556,47869.79,0.009205728846153846,1952.8982529114553,12536.400146583981,0.03251024
0.09893864,0.04948792,47892.5,0.009210096153846154,1964.4364883177009,12610.46848876337,0.03260196
0.0990354,0.04951026,47914.5,0.009214326923076922,1976.0021718824416,12684.713031160907,0.03269332
0.09913217,0.04953258,47936.49,0.00921855576923077,1987.5617488996509,12758.918373296343,0.03278434
0.09922894,0.04955488,47957.59,0.009222613461538461,1999.158517534804,12833.362462639398,0.03287503
0.09932572,0.04957715,47978.67,0.009226667307692307,2010.7496378634492,12907.770293344589,0.03296536
0.0994225,0.04959941,47998.69,0.009230517307692308,2022.3642529280899,12982.32894573818,0.0330552
0.09951928,0.04962164,48018.7,0.009234365384615384,2033.970359758562,13056.832980525392,0.03314467
0.09961606,0.04964385,48037.55,0.009237990384615384,2045.572721119031,13131.312971709398,0.0332334
0.09971287,0.04966604,48056.39,0.009241613461538461,2057.1681281532196,13205.748320415552,0.03332175
0.09980966,0.04968821,48074.07,0.009245013461538462,2068.7212266697925,13279.912074579772,0.03340909
0.09990647,0.04971036,48091.74,0.009248411538461537,2080.268298282631,13354.037139745862,0.03349606
0.1000033,0.0497325,48108.22,0.00925158076923077,2091.7726476392772,13427.887954423995,0.03358204
0.1001001,0.0497546,48124.69,0.009254748076923077,2103.269696704422,13501.69190574132,0.03366767
0.1001969,0.0497767,48139.88,0.00925766923076923,2114.7146715851427,13575.161572969713,0.03375219
0.1002937,0.04979876,48155.05,0.009260586538461539,2126.1538332786336,13648.593923127884,0.03383636
0.1003906,0.04982081,48168.86,0.009263242307692307,2137.526641581404,13721.600325515397,0.03391932
0.1004874,0.04984284,48182.66,0.009265896153846154,2148.892413928084,13794.561561412114,0.03400193
0.1005842,0.04986485,48195.1,0.009268288461538461,2160.147414850369,13866.811713206547,0.03408299
0.1006811,0.04988683,48207.54,0.00927068076923077,2171.3948039263605,13939.013001650908,0.0341637
0.1007779,0.0499088,48218.66,0.009272819230769232,2182.512929959354,14010.38450122697,0.03424277
0.1008748,0.04993075,48229.78,0.009274957692307692,2193.626328701704,14081.72565451795,0.03432151
0.1009716,0.04995267,48239.54,0.009276834615384616,2204.6121617065146,14152.24791459296,0.03439866
0.1010685,0.04997457,48249.3,0.00927871153846154,2215.593335160884,14222.740263233134,0.0344755
0.1011654,0.04999646,48257.53,0.00928029423076923,2226.4662525394774,14292.537674754998,0.03455084
0.1012622,0.05001832,48265.75,0.009281875,2237.333791978484,14362.300563227584,0.03462588
0.1013591,0.05004016,48272.24,0.009283123076923076,2248.0843278445836,14431.312361055096,0.03469927
0.101456,0.05006198,48278.72,0.00928436923076923,2258.826791065689,14500.27233748959,0.03477234
0.1015528,0.05008377,48283.38,0.009285265384615384,2269.4171418999094,14568.255846385953,0.03484348
0.1016497,0.05010554,48288.03,0.009286159615384615,2279.9993747569642,14636.187242884766,0.0349143
0.1017466,0.0501273,48290.86,0.009286703846153847,2290.400813895924,14702.95805542041,0.03498298
0.1018435,0.05014905,48293.68,0.009287246153846154,2300.7953186095806,14769.684353230185,0.03505136
0.1019405,0.05017078,48294.75,0.009287451923076923,2310.960420786533,14834.938028495244,0.03511728
0.1020373,0.05019247,48295.8,0.009287653846153847,2321.1178736298198,14900.142599764464,0.03518292
0.1021342,0.05021414,48295.48,0.009287592307692308,2331.0362711840644,14963.812583783108,0.03524642
0.1022311,0.0502358,48295.16,0.00928753076923077,2340.947088616146,15027.433908100997,0.03530964
0.1023281,0.05025744,48293.69,0.009287248076923077,2350.7001261735913,15090.042383111158,0.03537155
0.102425,0.05027906,48292.2,0.009286961538461537,2360.4600230239985,15152.694890543982,0.03543331
0.102522,0.05030066,48287.58,0.009286073076923078,2369.868034940615,15213.088514120993,0.03549062
0.1026189,0.05032224,48282.93,0.009285178846153846,2379.2629381838606,15273.397988114417,0.03554763
0.1027159,0.05034379,48276.85,0.009284009615384616,2388.434070202543,15332.270989107656,0.0356024
0.1028128,0.05036533,48270.76,0.009282838461538462,2397.600204699657,15391.111909100244,0.03565693
0.1029098,0.05038684,48262.84,0.009281315384615385,2406.526615226166,15448.413949319784,0.03570914
0.1030067,0.05040834,48254.9,0.009279788461538463,2415.4496500600258,15505.69431967825,0.03576112
0.1031037,0.05042981,48245.03,0.009277890384615385,2424.0674367518372,15561.015185568416,0.03581025
0.1032006,0.05045127,48235.14,0.00927598846153846,2432.682628621752,15616.319394305268,0.03585917
0.1032976,0.0504727,48223.33,0.009273717307692308,2441.0002716938716,15669.71352360673,0.03590529
0.1033946,0.05049411,48211.5,0.009271442307692307,2449.314391430074,15723.085035268568,0.03595121
0.1034915,0.05051551,48197.7,0.00926878846153846,2457.3250137572118,15774.508281086131,0.03599426
0.1035885,0.05053688,48183.89,0.009266132692307692,2465.3321658355694,15825.90925005069,0.03603712
0.1036855,0.05055823,48168.09,0.00926309423076923,2473.0073117088505,15875.17894431531,0.03607692
0.1037825,0.05057957,48152.27,0.009260051923076922,2480.6807004375983,15924.43735879771,0.03611655
0.1038795,0.05060088,48134.54,0.009256642307692308,2487.9727032703263,15971.247511474541,0.03615281
0.1039765,0.05062217,48116.81,0.009253232692307692,2495.2606692806303,16018.031750245642,0.03618889
0.1040735,0.05064345,48097.32,0.009249484615384615,2502.1535428405705,16062.27973960115,0.0362216
0.1041705,0.0506647,48077.82,0.009245734615384615,2509.042113597289,16106.500107618549,0.03625417
0.1042675,0.05068593,48056.66,0.009241665384615386,2515.575439521681,16148.440023307512,0.03628369
0.1043645,0.05070715,48035.49,0.00923759423076923,2522.107677883071,16190.372957513977,0.03631308
0.1044615,0.05072834,48012.5,0.009233173076923076,2528.295113073708,16230.092468407713,0.0363395
0.1045585,0.05074951,47989.51,0.009228751923076924,2534.482582921618,16269.812201779732,0.03636579
0.1046556,0.05077066,47964.62,0.009223965384615385,2540.2777991739617,16307.013909429917,0.03638873
0.1047526,0.05079179,47939.72,0.009219176923076923,2546.069549075502,16344.193365249697,0.03641153
0.1048496,0.0508129,47912.99,0.009214036538461538,2551.4575582811085,16378.781055260817,0.03643095
0.1049467,0.050834,47886.25,0.00920889423076923,2556.843711878479,16413.35683341359,0.03645025
0.1050438,0.05085507,47857.74,0.009203411538461537,2561.8182313333796,16445.29017470806,0.03646615
0.1051408,0.05087612,47829.21,0.009197925,2566.790438647818,16477.208673489367,0.03648194
0.1052379,0.05089715,47798.85,0.009192086538461538,2571.3874636352957,16506.718733545466,0.03649458
0.1053349,0.05091816,47768.48,0.009186246153846155,2575.981719631981,16536.211018391554,0.03650713
0.105432,0.05093915,47736.17,0.009180032692307692,2580.1923169825773,16563.24045178089,0.03651642
0.105529,0.05096012,47703.84,0.009173815384615385,2584.4018296561776,16590.2629222141,0.03652561
0.1056261,0.05098107,47669.6,0.00916723076923077,2588.189653223977,16614.578409137088,0.03653131
0.1057232,0.051002,47635.34,0.009160642307692307,2591.974809520182,16638.876773824468,0.03653691
0.1058203,0.05102292,47599.33,0.009153717307692308,2595.3025052701446,16660.238524456086,0.03653884
0.1059174,0.05104381,47563.3,0.009146788461538461,2598.627961233082,16681.585897038898,0.03654068
0.1060145,0.05106468,47525.66,0.009139550000000001,2601.51645111342,16700.128217359626,0.03653908
0.1061115,0.05108553,47488.01,0.009132309615384616,2604.399977070026,16718.638672357058,0.03653739
0.1062086,0.05110637,47448.78,0.009124765384615385,2606.854641022587,16734.396098269455,0.03653234
0.1063057,0.05112718,47409.55,0.009117221153846155,2609.3073818386324,16750.141178833666,0.0365272
0.1064028,0.05114797,47368.77,0.009109378846153846,2611.337840691171,16763.175470107497,0.03651877
0.1065,0.05116875,47327.97,0.009101532692307693,2613.366663838761,16776.199261166206,0.03651026
0.1065971,0.0511895,47285.64,0.009093392307692308,2614.97668352403,16786.53459276288,0.03649849
0.1066942,0.05121024,47243.29,0.009085248076923078,2616.5821716891955,16796.840834800383,0.03648664
0.1067913,0.05123095,47199.44,0.009076815384615385,2617.764124524225,16804.428241708156,0.03647157
0.1068884,0.05125164,47155.57,0.009068378846153847,2618.943034285598,16811.99611396328,0.03645642
0.1069856,0.05127232,47110.22,0.009059657692307693,2619.7016833052558,16816.866171923066,0.03643807
0.1070827,0.05129298,47064.86,0.009050934615384615,2620.454335383478,16821.697733224166,0.03641964
0.1071798,0.05131361,47018.09,0.009041940384615385,2620.7742830399484,16823.75159949267,0.03639794
0.107277,0.05133423,46971.32,0.009032946153846155,2621.0879447007924,16825.765113553178,0.03637615
0.1073741,0.05135482,46923.28,0.009023707692307693,2620.963413100534,16824.96569762385,0.03635108
0.1074713,0.0513754,46875.22,0.009014465384615386,2620.8322454706645,16824.123682484624,0.03632594
0.1075684,0.05139596,46825.99,0.009004998076923076,2620.289891900965,16820.642107671116,0.03629773
0.1076656,0.0514165,46776.75,0.008995528846153846,2619.7393998674634,16817.108288948508,0.03626946
0.1077628,0.05143701,46726.31,0.008985828846153846,2618.8114680040526,16811.15153972661,0.03623834
0.1078599,0.05145751,46675.86,0.008976126923076923,2617.8761000574195,16805.14705544495,0.03620715
0.1079571,0.05147799,46624.17,0.008966186538461538,2616.5513624579676,16796.643058571997,0.03617303
0.1080543,0.05149845,46572.48,0.008956246153846154,2615.220473045498,16788.09957086049,0.03613883
0.1081515,0.05151889,46519.6,0.008946076923076923,2613.498355909512,16777.04464289186,0.0361017
0.1082486,0.05153931,46466.71,0.008935905769230769,2611.7685667969918,16765.940465574156,0.03606449
0.1083458,0.05155971,46412.7,0.00892551923076923,2609.654012542168,16752.366333777678,0.03602443
0.108443,0.05158009,46358.67,0.008915128846153846,2607.5316471510932,16738.742059312735,0.03598429
0.1085402,0.05160045,46303.52,0.008904523076923077,2605.046586652847,16722.78950635815,0.03594145
0.1086374,0.0516208,46248.36,0.008893915384615385,2602.5539140996007,16706.788088713725,0.03589854
0.1087346,0.05164112,46192.03,0.008883082692307693,2599.7166794333443,16688.574795198347,0.03585301
0.1088319,0.05166142,46135.69,0.008872248076923077,2596.86911203707,16670.295171940532,0.03580739
0.1089291,0.0516817,46078.19,0.008861190384615384,2593.6659759572617,16649.73301742963,0.03575909
0.1090263,0.05170197,46020.68,0.008850130769230769,2590.4524799189467,16629.104358386223,0.0357107
0.1091235,0.05172221,45962.09,0.00883886346153846,2586.8736168849314,16606.130268979698,0.03565958
0.1092207,0.05174244,45903.49,0.008827594230769231,2583.283736830713,16583.085457110556,0.03560835
0.109318,0.05176264,45843.87,0.008816128846153846,2579.356924054361,16557.87774534591,0.03555465
0.1094152,0.05178283,45784.25,0.008804663461538461,2575.4195345709936,16532.602137657257,0.03550085
0.1095124,0.05180299,45723.61,0.008793001923076924,2571.159831793443,16505.257477767642,0.03544465
0.1096096,0.05182313,45662.97,0.008781340384615385,2566.8864657259687,16477.82510799885,0.03538835
0.1097068,0.05184325,45601.31,0.008769482692307692,2562.297098982824,16448.364209139574,0.03532966
0.1098041,0.05186336,45539.64,0.008757623076923076,2557.6926419523006,16418.806439959157,0.03527085
0.1099014,0.05188346,45477.01,0.008745578846153847,2552.759635928636,16387.139589243317,0.03520959
0.1099987,0.05190354,45414.38,0.008733534615384614,2547.808072091321,16355.353608830159,0.0351482
0.1100959,0.05192358,45351.0,0.008721346153846154,2542.5400615135563,16321.536235866239,0.03508454
0.1101931,0.05194361,45287.61,0.008709155769230769,2537.256304119276,16287.617778069774,0.03502075
0.1102904,0.05196362,45223.42,0.008696811538461538,2531.6800848394837,16251.821895671726,0.03495484
0.1103877,0.05198362,45159.23,0.008684467307692309,2526.088080656814,16215.924683950221,0.0348888
0.110485,0.05200361,45094.21,0.008671963461538462,2520.2451509119833,16178.416685159002,0.0348209
0.1105823,0.05202356,45029.18,0.008659457692307693,2514.3869939481533,16140.810937030248,0.03475288
0.1106796,0.0520435,44963.24,0.008646776923076922,2508.2929547059825,16101.690970419115,0.03468307
0.1107769,0.05206341,44897.29,0.00863409423076923,2502.184003248948,16062.475276602367,0.03461312
0.1108742,0.05208331,44830.37,0.008621225,2495.831253083489,16021.69454571342,0.03454131
0.1109715,0.05210319,44763.45,0.00860835576923077,2489.4620283193112,15980.808058079861,0.03446935
0.1110688,0.05212305,44695.6,0.008595307692307692,2482.8442027653673,15938.325706978956,0.03439548
0.1111661,0.05214289,44627.75,0.008582259615384615,2476.2066605191267,15895.716786895857,0.03432146
0.1112634,0.05216271,44559.09,0.008569055769230768,2469.315437190924,15851.479391008474,0.03424554
0.1113607,0.05218251,44490.41,0.008555848076923077,2462.405524042818,15807.122018025188,0.03416947
0.111458,0.05220229,44421.02,0.008542503846153845,2455.262484254134,15761.268116051333,0.03409169
0.1115553,0.05222206,44351.62,0.008529157692307693,2448.0992315547687,15715.284459679855,0.03401374
0.1116527,0.0522418,44281.51,0.008515675,2440.729767960593,15667.977056775206,0.03393427
0.11175,0.05226153,44211.4,0.008502192307692308,2433.3385914396963,15620.530270296771,0.03385462
0.1118473,0.05228123,44140.53,0.008488563461538461,2425.7745036630927,15571.973500393364,0.03377366
0.1119447,0.05230092,44069.65,0.008474932692307693,2418.1902632045926,15523.287362723917,0.03369255
0.112042,0.05232059,43997.86,0.008461126923076923,2410.4783919231895,15473.78191403068,0.03361037
0.1121394,0.05234024,43926.06,0.00844731923076923,2402.745729511759,15424.14299912888,0.033528
0.1122367,0.05235987,43853.23,0.008433313461538462,2394.8730947924405,15373.605548495123,0.03344445
0.1123341,0.05237948,43780.39,0.00841930576923077,2386.9796012472007,15322.93419708699,0.03336069
0.1124314,0.05239907,43706.61,0.008405117307692308,2378.923856916322,15271.221295884941,0.03327561
0.1125288,0.05241865,43632.83,0.008390928846153847,2370.842760078981,15219.34564725595,0.03319031
0.1126261,0.0524382,43558.36,0.008376607692307693,2362.552968760204,15166.130309002185,0.03310345
0.1127235,0.05245774,43483.88,0.008362284615384614,2354.2346334446142,15112.731735925363,0.03301635
0.1128209,0.05247726,43409.02,0.008347888461538461,2345.737998708326,15058.188590733504,0.03292803
0.1129182,0.05249676,43334.15,0.008333490384615385,2337.2140480007793,15003.470093883885,0.03283949
0.1130156,0.05251624,43258.91,0.008319021153846154,2328.584907778576,14948.076345343608,0.03275027
0.113113,0.0525357,43183.68,0.008304553846153846,2319.9285470853397,14892.50785819801,0.03266083
0.1132104,0.05255514,43107.85,0.008289971153846153,2311.2468634473003,14836.776813393062,0.03257119
0.1133078,0.05257457,43032.02,0.00827538846153846,2302.5424759458947,14780.90002381334,0.03248133
0.1134052,0.05259397,42955.34,0.008260642307692308,2293.8159002819684,14724.88079993963,0.03239118
0.1135026,0.05261335,42878.66,0.008245896153846154,2285.0654605194622,14668.708383297946,0.03230079
0.1136,0.05263272,42801.08,0.008230976923076923,2276.260961899513,14612.188942192823,0.03220986
0.1136974,0.05265206,42723.5,0.008216057692307693,2267.4309383213426,14555.505646627022,0.03211868
0.1137948,0.05267139,42645.16,0.008200992307692308,2258.5230515659305,14498.322517572644,0.03202683
0.1138922,0.0526907,42566.81,0.008185925,2249.586034461843,14440.952389678541,0.03193473
0.1139896,0.05270999,42487.73,0.008170717307692308,2240.6238021424965,14383.420395682195,0.03184237
0.114087,0.05272926,42408.64,0.008155507692307691,2231.636717133168,14325.728862771895,0.03174979
0.1141845,0.05274852,42328.34,0.008140065384615383,2222.782416465934,14268.88972329439,0.03165797
0.1142819,0.05276775,42248.04,0.008124623076923077,2213.9051817089144,14211.903361130744,0.03156593
0.1143793,0.05278697,42165.98,0.008108842307692309,2205.2020571261855,14156.034678708605,0.03147473
0.1144767,0.05280617,42083.92,0.008093061538461538,2196.4458257845167,14099.82508370714,0.0313831
0.1145742,0.05282534,42002.49,0.008077401923076922,2187.2048710234803,14040.503863849362,0.03128803
0.1146716,0.0528445,41921.07,0.008061744230769231,2177.852350098756,13980.466458154082,0.03119211
0.1147691,0.05286365,41849.54,0.008047988461538461,2166.2222705387235,13905.808533255122,0.03108184
0.1148665,0.05288277,41778.02,0.008034234615384614,2154.4926955294586,13830.511909047336,0.03097075
0.114964,0.05290188,41727.49,0.008024517307692308,2139.4428305151855,13733.901074514753,0.03084412
0.1150614,0.05292096,41676.97,0.008014801923076924,2124.4635122987856,13637.743106835767,0.03071772
0.1151589,0.05294003,41638.89,0.008007478846153847,2107.8024895854314,13530.789635360978,0.03058018
0.1152563,0.05295908,41600.58,0.008000111538461538,2090.991675221034,13422.874594038245,0.03044131
0.1153538,0.05297811,41625.9,0.00800498076923077,2070.225532199592,13289.568786615935,0.03050228
0.1154513,0.05299712,41651.06,0.00800981923076923,2050.4549563911796,13162.653905570225,0.03056793
0.1155488,0.05301611,41560.29,0.007992363461538463,2041.9083343969023,13107.7898730677,0.03062689
0.1156462,0.05303509,41469.61,0.007974925,2033.037491918067,13050.844545380402,0.03068312
0.1157437,0.05305404,41339.77,0.00794995576923077,2027.8463270978677,13017.52047469937,0.03062328
0.1158412,0.05307298,41209.92,0.007924984615384614,2022.473436093758,12983.029834200775,0.03056205
0.1159387,0.0530919,41083.03,0.007900582692307692,2017.5407779224581,12951.36521648219,0.03043688
0.1160362,0.0531108,40956.06,0.007876165384615384,2012.4226506570592,12918.510001775267,0.03031032
0.1161337,0.05312968,40852.32,0.007856215384615384,2004.545568886592,12867.944003820832,0.03015713
0.1162312,0.05314854,40748.54,0.007836257692307693,1996.5265329256536,12816.4667476728,0.03000299
0.1163287,0.05316739,40676.58,0.00782241923076923,1984.6973097731325,12740.530443954898,0.02984159
0.1164262,0.05318621,40604.62,0.00780858076923077,1972.9089056479067,12664.856173171385,0.02968059
0.1165237,0.05320502,40550.69,0.007798209615384616,1959.1670207101022,12576.64176256817,0.0295188
0.1166212,0.05322381,40496.55,0.007787798076923078,1945.2075720550006,12487.030727325986,0.02935548
0.1167187,0.05324258,40505.88,0.007789592307692307,1927.466082824729,12373.14132840036,0.02940229
0.1168162,0.05326134,40515.1,0.007791365384615384,1910.6331898257727,12265.084555885483,0.02945399
0.1169138,0.05328007,40412.88,0.007771707692307692,1903.9086997195295,12221.917484263637,0.02950003
0.1170113,0.05329879,40310.75,0.007752067307692308,1896.8513487570829,12176.613651609678,0.0295434
0.1171088,0.05331749,40174.29,0.007725825,1892.4446023035666,12148.325062174228,0.02947136
0.1172064,0.05333617,40037.79,0.007699575,1887.8491124474988,12118.824856713269,0.02939785
0.1173039,0.05335483,39908.0,0.007674615384615385,1883.3949276287472,12090.231742283748,0.02926374
0.1174014,0.05337347,39778.14,0.007649642307692307,1878.753860026173,12060.438955851338,0.02912817
0.117499,0.0533921,39672.89,0.007629401923076923,1871.5634587160368,12014.281022173021,0.02897051
0.1175965,0.05341071,39567.62,0.007609157692307693,1864.221792310913,11967.152060047038,0.02881179
0.1176941,0.05342929,39495.05,0.007595201923076923,1853.4653822459002,11898.102553491992,0.02865001
0.1177916,0.05344785,39422.5,0.00758125,1842.7625175682585,11829.396775239786,0.02848876
0.1178891,0.0534664,39368.5,0.007570865384615384,1830.3815918716575,11749.918882069305,0.02833009
0.1179867,0.05348493,39314.31,0.0075604442307692305,1817.7705382419788,11668.963709757596,0.0281698
0.1180843,0.05350345,39316.88,0.007560938461538461,1801.9655846875576,11567.505673343765,0.02821957
0.1181819,0.05352196,39319.31,0.007561405769230769,1787.0146906345935,11471.530171231603,0.02827428
0.1182794,0.05354043,39210.71,0.007540521153846153,1781.2856480301516,11434.753257514241,0.02831762
0.118377,0.05355889,39102.17,0.007519648076923077,1775.2841285056325,11396.227210325278,0.02835878
0.1184745,0.05357733,38962.91,0.0074928673076923085,1773.8739475184054,11387.17471969571,0.0283052
0.1185721,0.05359576,38823.57,0.007466071153846154,1772.9282320934865,11381.103810996854,0.02825533
0.1186698,0.05361417,38667.1,0.007435980769230769,1802.8101804437426,11572.927456248151,0.02839105
0.1187674,0.05363256,38510.93,0.007405948076923077,1828.7493361643878,11739.440808950354,0.02849213
0.118865,0.05365093,38518.57,0.007407417307692308,1685.5492363230362,10820.184647004597,0.02723221
0.1189626,0.05366929,38554.91,0.00741440576923077,1309.102186195393,8403.62718049778,0.02389512
0.1190602,0.05368762,47448.02,0.00912461923076923,-5322.717777622306,-34168.55938507252,0.04819512
0.1191578,0.05370593,57470.4,0.011052000000000001,-10613.991957924487,-68135.27030340313,0.07016706
0.1192554,0.05372423,153257.1,0.029472519230769233,-37096.35648812057,-238135.68793053343,0.2543851
0.119353,0.05374251,261708.5,0.05032855769230769,-40984.66745404248,-263096.2418613263,0.3649902
0.1194506,0.05376077,319138.6,0.061372807692307685,-32772.819135163336,-210381.24950827126,0.4240441
0.1195482,0.05377902,362350.8,0.06968284615384615,-26978.288000211454,-173183.93988842913,0.4592261
0.1196458,0.05379724,346356.8,0.06660707692307692,-21627.03341246304,-138832.19181438387,0.4444921
0.1197435,0.05381545,330618.9,0.0635805576923077,-17300.93163616226,-111061.29137873618,0.4309018
0.1198411,0.05383364,321056.7,0.061741673076923076,-14227.322494667185,-91330.61978100408,0.4341926
0.1199387,0.05385181,311002.5,0.05980817307692308,-11716.054918335016,-75209.8335776741,0.4361111
0.1200364,0.05386997,304631.2,0.05858292307692308,-9866.851862157524,-63339.09252397818,0.442716
0.120134,0.0538881,297792.2,0.05726773076923077,-8351.534770832066,-53611.69306653446,0.4484603
0.1202316,0.05390622,294469.8,0.05662880769230769,-7312.441525458305,-46941.35645570608,0.4578474
0.1203293,0.05392432,291059.1,0.05597290384615384,-6436.776188716015,-41320.12604110123,0.467138
0.1204269,0.0539424,290315.8,0.05582996153846154,-5801.618254251183,-37242.80454682576,0.4797786
0.1205246,0.05396046,289421.1,0.05565790384615384,-5248.408719907991,-33691.54114787894,0.491864
0.1206222,0.05397851,289604.2,0.05569311538461539,-4769.455869542365,-30616.959779095923,0.5018501
0.1207199,0.05399654,289562.4,0.05568507692307693,-4336.409557311794,-27837.070020870447,0.5105495
0.1208176,0.05401455,288662.9,0.055512096153846155,-3925.2346963471723,-25197.581466060295,0.5120568
0.1209152,0.05403254,287545.2,0.05529715384615385,-3545.5398163831596,-22760.174938740383,0.5121442
0.1210129,0.05405051,284548.6,0.05472088461538461,-3189.5340669054217,-20474.83799234095,0.5047492
0.1211106,0.05406847,281331.3,0.054102173076923075,-2852.4208220365554,-18310.779252419965,0.4957471
0.1212082,0.05408641,275666.6,0.053012807692307685,-2539.098479486672,-16299.443405703692,0.481239
0.1213059,0.05410433,269803.6,0.05188530769230769,-2238.761831091287,-14371.467691989354,0.4650802
0.1214036,0.05412223,261534.0,0.050295,-1963.5977217151708,-12605.08412542379,0.4466175
0.1215013,0.05414012,253131.1,0.048679057692307695,-1701.3477455638629,-10921.601314906899,0.4267006
0.121599,0.05415799,243025.3,0.046735634615384616,-1469.6871500756702,-9434.483427988707,0.4085271
0.1216966,0.05417584,232881.2,0.044784846153846154,-1253.8758949745832,-8049.108513524892,0.3894111
0.1217943,0.05419367,222200.0,0.04273076923076923,-1076.72127931392,-6911.885339493479,0.3767501
0.121892,0.05421149,211589.1,0.040690211538461536,-919.5056334777203,-5902.658032045225,0.3644893
0.1219897,0.05422928,202004.8,0.03884707692307692,-802.1424295686503,-5149.258778143624,0.3620616
0.1220874,0.05424706,192563.2,0.03703138461538462,-701.7149126794026,-4504.576170857522,0.3611705
0.1221851,0.05426483,185130.6,0.03560203846153846,-636.8600695342767,-4088.2481497232325,0.3696817
0.1222829,0.05428257,177833.0,0.034198653846153844,-579.178837179992,-3717.970277507744,0.3794824
0.1223806,0.0543003,172279.4,0.033130653846153844,-552.1888084834073,-3544.7109696028215,0.3955301
0.1224783,0.054318,166862.0,0.032088846153846155,-528.9107942029731,-3395.2805007074967,0.4137004
0.122576,0.05433569,163275.5,0.031399134615384613,-532.0527402788515,-3415.449853200633,0.4378534
0.1226737,0.05435337,159819.5,0.030734519230769232,-535.8045925910031,-3439.5344268879194,0.4638872
0.1227715,0.05437102,158289.5,0.030440288461538463,-557.3038894872988,-3577.5466291930607,0.4974863
0.1228692,0.05438866,156869.5,0.03016721153846154,-576.825789230543,-3702.8651635498536,0.5319642
0.1229669,0.05440628,157225.1,0.030235596153846155,-605.4314998695527,-3886.496151243855,0.574994
0.1230646,0.05442388,157660.0,0.03031923076923077,-630.0635657449233,-4044.6187947509065,0.6178926
0.1231624,0.05444147,159459.3,0.030665249999999998,-657.0471643032009,-4217.8368251408865,0.6671874
0.1232601,0.05445903,161306.2,0.03102042307692308,-679.2303076375323,-4360.238899050067,0.7155461
0.1233579,0.05447658,163899.1,0.03151905769230769,-701.8054025602582,-4505.157059981639,0.7666151
0.1234556,0.05449411,166534.8,0.03202592307692308,-721.7357317193879,-4633.0974588321615,0.8173664
0.1235534,0.05451163,169823.9,0.032658442307692305,-740.552992987257,-4753.892649551971,0.8670336
0.1236511,0.05452912,173106.2,0.03328965384615385,-756.6159711628915,-4857.007044608337,0.9157052
0.1237489,0.0545466,176807.4,0.034001423076923075,-762.3704990976989,-4893.947558400027,0.9563074
0.1238466,0.05456407,180390.0,0.034690384615384616,-763.8013297451779,-4903.132607089609,0.993916
0.1239444,0.05458151,183309.9,0.03525190384615384,-736.8557862229515,-4730.158866518016,1.009399
0.1240422,0.05459894,186037.0,0.03577634615384615,-707.9171122507036,-4544.390459952657,1.021491
0.1241399,0.05461635,187641.9,0.036084980769230765,-631.3676950019081,-4052.9904987984964,0.9925481
0.1242377,0.05463375,188971.9,0.03634075,-553.0533061798271,-3550.260510666705,0.9547813
0.1243355,0.05465112,187938.8,0.03614207692307692,-414.89103276253275,-2663.3440816419325,0.8446479
0.1244333,0.05466847,186681.6,0.0359003076923077,-279.0841566269464,-1791.5478478365712,0.7073757
0.1245311,0.05468579,183471.3,0.03528294230769231,-93.66515638745965,-601.272431123835,0.4147085
0.1246288,0.05470309,180297.8,0.034672653846153846,95.32831708042926,611.9488951557182,0.4235611
0.1247266,0.05472038,169791.9,0.03265228846153846,135.96697692870657,872.8239819757275,0.5040446
0.1248244,0.05473767,160211.4,0.030809884615384614,143.6969499916299,922.4456329217771,0.517503
0.1249222,0.05475496,155263.2,0.029858307692307694,-159.75583707265415,-1025.53376567851,0.5589021
0.12502,0.05477226,200699.9,0.038596134615384615,48.73074149011334,312.82125110667585,0.3365499
