x_m,r_m,pressure_pa,pressure_over_pc,tau_wall_pa,su2_cf_t,yplus
-0.02268,0.02,5181837.0,0.9965071153846153,1969.4037450864182,12642.355208099942,0.3908947
-0.02258069,0.01999946,5177801.0,0.9957309615384615,1063.694209942902,6828.2596031659905,0.2869494
-0.0224814,0.01999803,5176533.0,0.9954871153846154,729.5278453618,4683.118013903733,0.2373744
-0.02238212,0.01999557,5175533.0,0.9952948076923077,581.5106674611905,3732.939187145224,0.2117263
-0.02228287,0.01999211,5175474.0,0.9952834615384616,495.2449549297133,3179.1666136829367,0.195192
-0.02218367,0.01998767,5176179.0,0.9954190384615385,450.3267809776304,2890.819690499577,0.1859715
-0.02208451,0.01998225,5176894.0,0.9955565384615385,428.6953342233672,2751.9591677577073,0.1812736
-0.02198541,0.01997585,5177176.0,0.9956107692307692,418.80552808022355,2688.472722932558,0.1789995
-0.02188638,0.01996846,5177070.0,0.9955903846153846,416.61001055888454,2674.3788569898197,0.1783352
-0.02178742,0.01996008,5176846.0,0.9955473076923077,418.02713012272227,2683.4758889940917,0.1783939
-0.02168856,0.01995073,5176682.0,0.9955157692307692,422.97194996976486,2715.2185771566105,0.1791783
-0.02158979,0.0199404,5176628.0,0.9955053846153846,430.35274384920586,2762.5987134920215,0.1804317
-0.02149113,0.01992908,5176642.0,0.995508076923077,439.7307693036312,2822.7998425094975,0.1820597
-0.02139259,0.01991678,5176682.0,0.9955157692307692,449.96423107291133,2888.492344119965,0.1837862
-0.02129417,0.01990351,5176725.0,0.9955240384615385,460.06281585007355,2953.319018777473,0.1854304
-0.02119589,0.01988926,5176777.0,0.9955340384615384,469.49579235156193,3013.872899564494,0.1868856
-0.02109776,0.01987403,5176836.0,0.9955453846153847,480.0952659369769,3081.914970886852,0.188523
-0.02099978,0.01985783,5176905.0,0.9955586538461538,488.7926179815438,3137.7465971806696,0.1897183
-0.02090197,0.01984066,5176982.0,0.9955734615384615,497.302443578783,3192.374419549596,0.1908296
-0.02080434,0.01982252,5177063.0,0.9955890384615385,505.8613674323287,3247.3174223876736,0.1919111
-0.02070689,0.01980341,5177147.0,0.9956051923076923,513.5136058695722,3296.4400650667467,0.1927754
-0.02060963,0.01978333,5177225.0,0.9956201923076923,521.0281699503128,3344.6789234419152,0.1935605
-0.02051258,0.01976229,5177306.0,0.9956357692307692,528.18837888459,3390.643040722179,0.1942389
-0.02041574,0.01974028,5177377.0,0.9956494230769231,535.1803151026761,3435.5269511351485,0.194856
-0.02031912,0.01971732,5177449.0,0.9956632692307692,540.222104888483,3467.8921263897246,0.1950752
-0.02022274,0.01969339,5177501.0,0.9956732692307693,547.1259935372598,3512.2108258096728,0.1955874
-0.0201266,0.01966851,5177544.0,0.9956815384615385,553.9423091279874,3555.967360305705,0.1960479
-0.02003071,0.01964268,5177556.0,0.9956838461538462,557.9366391445317,3581.60849103551,0.1959716
-0.01993509,0.0196159,5177560.0,0.9956846153846154,564.6413742764238,3624.648747928028,0.1963418
-0.01983973,0.01958816,5177528.0,0.9956784615384615,570.4114810429721,3661.689268193802,0.1965029
-0.01974466,0.01955948,5177481.0,0.9956694230769231,575.9760305709063,3697.4102379953106,0.1965905
-0.01964987,0.01952986,5177400.0,0.9956538461538461,581.9088522832363,3735.4952876763305,0.1967109
-0.01955538,0.0194993,5177297.0,0.9956340384615384,588.5434899016619,3778.0855618435394,0.1969153
-0.0194612,0.01946781,5177145.0,0.9956048076923077,594.3710459285219,3815.4948708643437,0.1969348
-0.01936734,0.01943538,5176960.0,0.9955692307692308,599.8949633734119,3850.9550077980507,0.1968608
-0.01927381,0.01940202,5176728.0,0.9955246153846153,607.2079236270589,3897.8996941682212,0.1970504
-0.01918061,0.01936772,5176461.0,0.9954732692307692,614.7732310645824,3946.4642935411425,0.1972409
-0.01908775,0.01933251,5176137.0,0.9954109615384615,622.4035459884639,3995.4462008103105,0.197391
-0.01899525,0.01929638,5175768.0,0.99534,630.2265295825648,4045.6649218981106,0.1975268
-0.01890312,0.01925933,5175335.0,0.9952567307692308,637.8575971011012,4094.6516603599575,0.1975904
-0.01881135,0.01922136,5174855.0,0.9951644230769231,646.8611518562583,4152.4489188623165,0.1978235
-0.01871997,0.01918249,5174305.0,0.9950586538461539,655.89888175641,4210.465560679746,0.1980078
-0.01862898,0.01914271,5173699.0,0.9949421153846154,664.848952101173,4267.919482313784,0.1981295
-0.01853839,0.01910203,5173008.0,0.9948092307692308,673.5398643172268,4323.709768887524,0.1981647
-0.0184482,0.01906045,5172227.0,0.9946590384615385,682.3782311335732,4380.446622887378,0.1981753
-0.01835843,0.01901799,5171336.0,0.9944876923076923,690.0892932369691,4429.946877157774,0.1979882
-0.01826909,0.01897463,5170366.0,0.9943011538461538,695.3933088764451,4463.995380371436,0.1974077
-0.01818019,0.01893038,5169345.0,0.9941048076923077,700.8895331979402,4499.277744563696,0.196795
-0.01809173,0.01888525,5168265.0,0.9938971153846153,703.7796713549144,4517.830645802009,0.1957825
-0.01800372,0.01883925,5166997.0,0.9936532692307692,706.8463985936455,4537.517139836117,0.1947325
-0.01791617,0.01879238,5165366.0,0.9933396153846153,714.4521649955011,4586.341460761672,0.1942668
-0.01782909,0.01874464,5163381.0,0.9929578846153846,738.5174580555508,4740.825772986244,0.1960985
-0.01774245,0.01869611,5161189.0,0.9925363461538461,730.6927144101875,4690.595753456823,0.1934024
-0.01765635,0.01864663,5158968.0,0.9921092307692307,894.188079682223,5740.134979633333,0.2132881
-0.01757033,0.01859701,5156571.0,0.9916482692307692,951.2903050814696,6106.695984948465,0.2194527
-0.01748433,0.01854735,5154345.0,0.9912201923076923,976.9757260735834,6271.580517468555,0.221876
-0.01739833,0.01849767,5152077.0,0.9907840384615385,988.2826289353414,6344.163847645757,0.2226528
-0.01731234,0.018448,5149641.0,0.9903155769230769,989.2325748323547,6350.261913361577,0.2222216
-0.01722634,0.01839834,5147044.0,0.9898161538461538,982.2811797702587,6305.638252120904,0.2208927
-0.01714034,0.01834869,5144390.0,0.9893057692307692,973.5352429171803,6249.494741375535,0.2193113
-0.01705434,0.01829904,5141716.0,0.9887915384615384,967.3884952548186,6210.036419273723,0.2180233
-0.01696833,0.01824939,5139004.0,0.98827,963.1382710537001,6182.752605988274,0.2169438
-0.01688233,0.01819973,5136222.0,0.987735,960.8184006833559,6167.860471588809,0.2160823
-0.01679633,0.01815008,5133352.0,0.9871830769230769,960.1473854552657,6163.552968424602,0.2154216
-0.01671032,0.01810043,5130383.0,0.9866121153846154,960.8827490015626,6168.273548032805,0.214918
-0.01662432,0.01805078,5127309.0,0.9860209615384615,962.8020915467297,6180.594541268732,0.2145654
-0.01653832,0.01800113,5124126.0,0.9854088461538462,965.6932145792015,6199.1537647992145,0.2143188
-0.01645231,0.01795147,5120833.0,0.9847755769230769,969.426022639678,6223.116086157617,0.2141786
-0.01636631,0.01790182,5117425.0,0.9841201923076923,973.8616852389205,6251.590299382213,0.2141122
-0.0162803,0.01785217,5113900.0,0.9834423076923077,978.8628462649306,6283.694663102183,0.2141138
-0.0161943,0.01780252,5110253.0,0.9827409615384616,984.3485931892405,6318.909768878182,0.2141627
-0.0161083,0.01775287,5106483.0,0.9820159615384615,990.297752042779,6357.099692911533,0.2142625
-0.01602229,0.01770322,5102585.0,0.9812663461538461,996.6394104808545,6397.80922176392,0.2143977
-0.01593629,0.01765357,5098560.0,0.9804923076923077,1003.3810051229258,6441.086093937405,0.2145729
-0.01585028,0.01760391,5094407.0,0.9796936538461538,1010.4670731515346,6486.574272412714,0.2147775
-0.01576428,0.01755426,5090128.0,0.9788707692307692,1017.8131150873045,6533.731322741937,0.2150044
-0.01567828,0.01750461,5085730.0,0.978025,1025.3420731346962,6582.062581489408,0.2152427
-0.01559227,0.01745496,5081214.0,0.9771565384615385,1033.0466255562808,6631.521047624712,0.2154926
-0.01550627,0.01740531,5076575.0,0.9762644230769231,1040.9259980765487,6682.101750777481,0.2157524
-0.01542027,0.01735565,5071806.0,0.9753473076923077,1048.9610480354258,6733.6818068977145,0.2160202
-0.01533426,0.017306,5066916.0,0.9744069230769231,1057.0789358869556,6785.793631105735,0.2162874
-0.01524826,0.01725635,5061912.0,0.9734446153846154,1065.3246684168312,6838.726139157351,0.2165588
-0.01516226,0.0172067,5056801.0,0.9724617307692308,1073.7286774381919,6892.674684490018,0.2168372
-0.01507625,0.01715704,5051582.0,0.971458076923077,1082.3257452780874,6947.86254815244,0.2171256
-0.01499025,0.01710739,5046257.0,0.9704340384615384,1091.1337394836955,7004.404428757677,0.217426
-0.01490425,0.01705774,5040825.0,0.9693894230769231,1100.2119260116779,7062.680777128846,0.2177438
-0.01481824,0.01700808,5035291.0,0.9683251923076923,1109.4198022713822,7121.789653446283,0.2180654
-0.01473224,0.01695843,5029659.0,0.9672421153846154,1118.7717437251447,7181.823339296025,0.2183915
-0.01464624,0.01690878,5023935.0,0.9661413461538462,1128.2021731445602,7242.360869389903,0.2187159
-0.01456024,0.01685912,5018123.0,0.9650236538461539,1137.6436730143564,7302.969464935127,0.219031
-0.01447423,0.01680947,5012229.0,0.9638901923076924,1147.1854643382494,7364.221869648579,0.219346
-0.01438823,0.01675982,5006256.0,0.9627415384615384,1156.8687237737822,7426.382412229867,0.2196641
-0.01430223,0.01671017,5000209.0,0.9615786538461538,1166.6702051510958,7489.301866631604,0.2199835
-0.01421622,0.01666052,4994095.0,0.9604028846153846,1176.643835878589,7553.326413495587,0.2203089
-0.01413022,0.01661086,4987918.0,0.959215,1186.7868435812834,7618.438255887421,0.2206405
-0.01404421,0.01656121,4981685.0,0.9580163461538461,1197.037682859198,7684.242310366282,0.220972
-0.01395821,0.01651156,4975402.0,0.9568080769230769,1207.375606229824,7750.605390913708,0.2213018
-0.01387221,0.01646191,4969076.0,0.9555915384615384,1217.8233174971106,7817.673241923055,0.2216315
-0.0137862,0.01641226,4962714.0,0.9543680769230769,1228.3437581965359,7885.207970949403,0.2219582
-0.0137002,0.0163626,4956322.0,0.9531388461538461,1238.9603480700725,7953.359918265862,0.2222835
-0.0136142,0.01631295,4949902.0,0.9519042307692308,1249.7052762056092,8022.335717928008,0.2226108
-0.01352819,0.0162633,4943465.0,0.9506663461538462,1260.5592134932276,8092.011288993042,0.2229381
-0.01344219,0.01621365,4937025.0,0.9494278846153846,1271.4499926812546,8161.923362295197,0.2232594
-0.01335619,0.016164,4930591.0,0.948190576923077,1282.3944012159855,8232.17970286723,0.2235761
-0.01327018,0.01611434,4924164.0,0.9469546153846153,1293.373409405902,8302.658151847469,0.2238869
-0.01318418,0.01606469,4917751.0,0.9457213461538462,1304.331996564669,8373.005510425268,0.2241863
-0.01309817,0.01601504,4911359.0,0.9444921153846154,1315.3315000568894,8443.615526582866,0.2244802
-0.01301217,0.01596539,4905001.0,0.9432694230769231,1326.3800369637606,8514.54030696625,0.2247691
-0.01292617,0.01591574,4898684.0,0.9420546153846154,1337.4796363131707,8585.792876680784,0.2250536
-0.01284016,0.01586609,4892419.0,0.9408498076923076,1348.721818560258,8657.960740500723,0.2253415
-0.01275416,0.01581644,4886214.0,0.9396565384615385,1360.046209982832,8730.656336432707,0.2256283
-0.01266816,0.01576678,4880080.0,0.9384769230769231,1371.4411418601003,8803.804758499005,0.2259126
-0.01258215,0.01571713,4874022.0,0.9373119230769231,1382.8811238007631,8877.242374137215,0.2261929
-0.01249615,0.01566748,4868051.0,0.9361636538461539,1394.362893762302,8950.948243049888,0.2264684
-0.01241015,0.01561783,4862171.0,0.9350328846153846,1405.8338213087538,9024.584510356905,0.2267356
-0.01232414,0.01556818,4856396.0,0.9339223076923077,1417.3547009063552,9098.54143896843,0.2269988
-0.01223814,0.01551852,4850734.0,0.9328334615384616,1428.9300309426187,9172.847905752878,0.2272593
-0.01215213,0.01546887,4845196.0,0.9317684615384615,1440.5796932117405,9247.631539544625,0.2275182
-0.01206613,0.01541922,4839791.0,0.9307290384615384,1452.282317276871,9322.755155343246,0.2277746
-0.01198013,0.01536957,4834529.0,0.9297171153846154,1464.0993994855796,9398.613521703393,0.2280329
-0.01189412,0.01531992,4829419.0,0.9287344230769231,1475.9090399818674,9474.42411686781,0.2282841
-0.01180812,0.01527026,4824472.0,0.9277830769230769,1487.7527139075312,9550.453185620589,0.2285309
-0.01172212,0.01522061,4819695.0,0.9268644230769231,1499.6614027223382,9626.89960979092,0.2287763
-0.01163611,0.01517096,4815099.0,0.9259805769230769,1511.6821529977942,9704.065399299212,0.2290235
-0.01155011,0.01512131,4810691.0,0.9251328846153846,1523.8021578989174,9781.868342177839,0.229272
-0.01146411,0.01507165,4806480.0,0.9243230769230769,1536.2285967099406,9861.638401421724,0.2295373
-0.0113781,0.015022,4802476.0,0.923553076923077,1548.8414517747497,9942.605137833918,0.2298112
-0.0112921,0.01497235,4798686.0,0.9228242307692308,1561.62298420648,10024.654678721072,0.2300917
-0.0112061,0.01492269,4795120.0,0.9221384615384616,1574.515454004033,10107.416368951946,0.2303752
-0.0111201,0.01487304,4791786.0,0.9214973076923076,1587.459321390883,10190.507999949083,0.2306564
-0.01103409,0.01482339,4788691.0,0.9209021153846154,1600.4281580154936,10273.7599180249,0.2309336
-0.01094809,0.01477373,4785841.0,0.9203540384615385,1613.5984224784142,10358.304878366464,0.231219
-0.01086209,0.01472408,4783241.0,0.9198540384615385,1626.9586395480162,10444.069217076918,0.2315124
-0.01077608,0.01467443,4780896.0,0.9194030769230769,1640.5820949062913,10531.52338295363,0.2318181
-0.01069008,0.01462478,4778811.0,0.9190021153846154,1654.4978054723363,10620.85364668852,0.232139
-0.01060408,0.01457513,4776989.0,0.9186517307692308,1668.7775587058077,10712.520839417271,0.232479
-0.01051807,0.01452547,4775433.0,0.9183525,1683.2958575899356,10805.719347833052,0.2328299
-0.01043207,0.01447582,4774144.0,0.9181046153846154,1698.1499937298624,10901.073723927318,0.2331972
-0.01034606,0.01442617,4773121.0,0.9179078846153846,1713.3251665432322,10998.488957106183,0.2335803
-0.01026006,0.01437652,4772363.0,0.9177621153846154,1728.8738186437072,11098.301696546641,0.2339815
-0.01017406,0.01432687,4771867.0,0.9176667307692308,1744.8144813636175,11200.630901952301,0.2344024
-0.01008805,0.01427721,4771629.0,0.9176209615384615,1761.271833189204,11306.27693216974,0.2348501
-0.01000205,0.01422756,4771642.0,0.9176234615384615,1778.177893475807,11414.803393463439,0.2353203
-0.009916048,0.01417791,4771900.0,0.9176730769230769,1795.603496206443,11526.664996238176,0.2358159
-0.009830044,0.01412826,4772394.0,0.9177680769230769,1813.5272134565582,11641.724186457986,0.2363361
-0.00974404,0.01407861,4773112.0,0.9179061538461538,1831.9562901077993,11760.027471786647,0.236879
-0.009658036,0.01402896,4774043.0,0.9180851923076923,1850.8654940207748,11881.412877479444,0.2374432
-0.009572032,0.0139793,4775170.0,0.918301923076923,1870.4150080579955,12006.908678541524,0.2380367
-0.009486028,0.01392965,4776477.0,0.9185532692307692,1890.6257476250883,12136.64913895401,0.238661
-0.009400024,0.01388,4777942.0,0.918835,1911.6319942834878,12271.496263372774,0.2393222
-0.00931402,0.01383035,4779546.0,0.9191434615384615,1933.4910426944436,12411.817848122391,0.2400242
-0.009228016,0.0137807,4781265.0,0.9194740384615384,1956.2033853384742,12557.617054623499,0.240764
-0.009142013,0.01373105,4783075.0,0.9198221153846153,1979.735781035022,12708.680495035645,0.2415396
-0.00905601,0.01368139,4784949.0,0.9201825,2004.1794408422459,12865.593687995639,0.2423534
-0.008970006,0.01363174,4786858.0,0.9205496153846154,2029.50143521193,13028.145246150112,0.2432032
-0.008884003,0.01358209,4788773.0,0.9209178846153846,2055.7518194800327,13196.656493828234,0.2440886
-0.008797999,0.01353244,4790662.0,0.9212811538461538,2083.013525783167,13371.65980410578,0.2450143
-0.008711996,0.01348279,4792493.0,0.9216332692307693,2111.387338267789,13553.802148931507,0.2459827
-0.008625992,0.01343313,4794233.0,0.9219678846153846,2140.834567896169,13742.835168587988,0.246991
-0.008539988,0.01338348,4795848.0,0.9222784615384615,2171.4957262468442,13939.660860591548,0.2480435
-0.008453985,0.01333383,4797306.0,0.9225588461538462,2203.328646049788,14144.008537122503,0.2491376
-0.008367981,0.01328418,4798571.0,0.9228021153846154,2236.2806264992423,14355.539891570135,0.2502657
-0.008281978,0.01323453,4799610.0,0.9230019230769231,2270.4179924938953,14574.680688803857,0.2514311
-0.008195974,0.01318487,4800387.0,0.9231513461538462,2305.9160028227734,14802.555981962083,0.252639
-0.008109971,0.01313522,4800871.0,0.9232444230769231,2342.732309150356,15038.893920896535,0.253887
-0.008023968,0.01308557,4801023.0,0.9232736538461539,2381.1125661120336,15285.271456583809,0.2551828
-0.007937965,0.01303592,4800814.0,0.9232334615384615,2421.1275098540837,15542.142671377267,0.2565311
-0.007851962,0.01298626,4800211.0,0.9231175,2462.8192244409815,15809.77771896836,0.2579281
-0.00776596,0.01293661,4799189.0,0.9229209615384616,2505.953368217184,16086.67227072117,0.2593616
-0.007679957,0.01288695,4797719.0,0.9226382692307692,2550.7114517743366,16373.991512484117,0.2608351
-0.007593954,0.0128373,4795779.0,0.9222651923076923,2596.7571048963,16669.576155302635,0.2623315
-0.007507951,0.01278765,4793341.0,0.9217963461538462,2644.464587469782,16975.828716405453,0.2638631
-0.007421947,0.012738,4790384.0,0.9212276923076923,2693.7995950607783,17292.528982521944,0.2654292
-0.007335944,0.01268834,4786883.0,0.920554423076923,2745.107375087677,17621.89322876016,0.2670397
-0.00724994,0.01263869,4782820.0,0.919773076923077,2798.2044450739263,17962.743610988946,0.2686865
-0.007163936,0.01258904,4778172.0,0.9188792307692307,2853.6143424054876,18318.44091574816,0.270387
-0.007077933,0.01253939,4772926.0,0.9178703846153846,2911.016029874048,18686.924282519678,0.2721273
-0.00699193,0.01248974,4767062.0,0.9167426923076923,2970.828525288795,19070.883546739977,0.2739182
-0.006905926,0.01244008,4760568.0,0.9154938461538461,3032.7411978692867,19468.32465072804,0.2757466
-0.006819923,0.01239043,4753425.0,0.9141201923076923,3097.357172243692,19883.11928194413,0.2776304
-0.006733919,0.01234078,4745625.0,0.9126201923076923,3164.3320046111603,20313.056324008267,0.2795559
-0.006647915,0.01229113,4737142.0,0.9109888461538461,3234.276995118001,20762.05994615577,0.2815385
-0.006561911,0.01224148,4727973.0,0.9092255769230769,3306.886132231566,21228.165743422363,0.2835668
-0.006475907,0.01219183,4718092.0,0.9073253846153846,3383.1410021468278,21717.674892687177,0.2856702
-0.006389903,0.01214218,4707486.0,0.9052857692307692,3462.6213387498588,22227.889545168593,0.2878327
-0.006303899,0.01209252,4696118.0,0.9030996153846154,3546.67273791517,22767.44759497774,0.2900948
-0.006217895,0.01204287,4683966.0,0.9007626923076923,3634.565934697016,23331.667611753815,0.2924287
-0.006131892,0.01199322,4670982.0,0.8982657692307693,3727.4057683933293,23927.641981142566,0.2948605
-0.006045888,0.01194357,4657159.0,0.8956075,3824.000834469686,24547.722622166024,0.2973459
-0.005959885,0.01189392,4642478.0,0.8927842307692307,3925.9828861229644,25202.384382136916,0.2999294
-0.005873881,0.01184426,4626905.0,0.8897894230769231,4026.3431979271463,25846.635574300897,0.3023225
-0.005787885,0.0117946,4610244.0,0.8865853846153846,4150.643011108467,26644.56357380806,0.3054747
-0.005701897,0.01174492,4592318.0,0.8831380769230769,4299.233661199436,27598.423737697456,0.3094096
-0.005615904,0.01169525,4573101.0,0.8794425,4455.032531912712,28598.556224239288,0.313447
-0.005529897,0.01164561,4552717.0,0.8755225,4609.890682442524,29592.64986844599,0.3173054
-0.005443868,0.011596,4530994.0,0.871345,4740.488446913046,30431.006823915097,0.320122
-0.005357828,0.01154641,4507639.0,0.8668536538461539,4876.604212552173,31304.785937479657,0.3229366
-0.005271787,0.01149682,4482334.0,0.8619873076923077,5058.402268522214,32471.81712925514,0.3270703
-0.00518574,0.01144724,4455012.0,0.8567330769230769,5267.441849737811,33813.72208138778,0.3318691
-0.005099683,0.01139769,4424884.0,0.8509392307692307,5542.267392049533,35577.932256590335,0.3383896
-0.005013605,0.01134816,4389672.0,0.8441676923076923,5880.925587178684,37751.90862260404,0.3464492
-0.004927488,0.01129871,4346864.0,0.8359353846153846,6439.99297563925,41340.77582559249,0.3603075
-0.004841241,0.01124947,4297121.0,0.8263694230769231,7917.639161061001,50826.35134285442,0.4016725
-0.004753901,0.01120225,4255242.0,0.8183157692307692,6741.521555872861,43276.4030052494,0.369088
-0.0046663,0.01115547,4224175.0,0.8123413461538461,7119.656023892664,45703.7926520191,0.3789857
-0.004578239,0.01110957,4186806.0,0.805155,7159.706558519983,45960.89233830545,0.379594
-0.004489727,0.01106455,4149308.0,0.7979438461538462,7178.357874664678,46080.622263866986,0.3795956
-0.004400772,0.0110204,4112095.0,0.7907875,7235.888418438782,46449.932808503654,0.3806427
-0.004311381,0.01097714,4075602.0,0.7837696153846154,7294.263969467379,46824.6677776096,0.3816649
-0.004221566,0.01093477,4039398.0,0.7768073076923077,7372.485462463145,47326.801431933985,0.3831841
-0.004131335,0.0108933,4002912.0,0.7697907692307693,7459.157820111263,47883.184415791315,0.3848606
-0.004040696,0.01085272,3966190.0,0.7627288461538462,7549.135303161186,48460.784262590634,0.3865393
-0.003949659,0.01081305,3929320.0,0.7556384615384616,7646.694346702878,49087.05304332885,0.3883443
-0.003858234,0.01077427,3892377.0,0.7485340384615384,7754.6499633031435,49780.06139937325,0.3903107
-0.003766427,0.01073641,3855400.0,0.741423076923077,7869.189811639472,50515.33645496436,0.3923726
-0.003674248,0.01069947,3818486.0,0.7343242307692308,7984.285088799917,51254.17702042353,0.3943177
-0.003581707,0.01066344,3781493.0,0.7272101923076923,8110.434830719906,52063.9804194176,0.396452
-0.003488814,0.01062833,3744264.0,0.7200507692307693,8245.70636858133,52932.34011227226,0.3986682
-0.003395578,0.01059414,3706735.0,0.7128336538461538,8385.744859679658,53831.30069955079,0.4009044
-0.003302005,0.01056089,3669015.0,0.7055798076923077,8529.181901761438,54752.0778842806,0.4030847
-0.003208104,0.01052857,3631316.0,0.69833,8662.581471785934,55608.42070025483,0.404921
-0.003113889,0.01049718,3593557.0,0.6910686538461538,8808.001699166609,56541.92870925299,0.4069035
-0.003019367,0.01046672,3555440.0,0.6837384615384615,8960.031923699278,57517.86881584848,0.4089349
-0.002924548,0.01043721,3517103.0,0.6763659615384615,9104.313567241152,58444.067820098266,0.4106514
-0.00282944,0.01040864,3478576.0,0.6689569230769231,9244.82355184152,59346.05510433823,0.4121771
-0.002734053,0.01038101,3439813.0,0.6615025,9387.001198999353,60258.74775179855,0.4136139
-0.002638397,0.01035433,3400753.0,0.6539909615384616,9531.49472093472,61186.30688442127,0.4150057
-0.002542478,0.01032861,3361848.0,0.6465092307692307,9644.818718143697,61913.77692701264,0.4155947
-0.002446311,0.01030384,3322678.0,0.6389765384615385,9786.71761200104,62824.680150517124,0.4167149
-0.002349903,0.01028002,3283141.0,0.6313732692307692,9915.526420388778,63651.553113276925,0.4174391
-0.002253261,0.01025717,3243535.0,0.6237567307692308,10026.52368611447,64364.08697736302,0.4176894
-0.002156399,0.01023527,3203806.0,0.6161165384615385,10150.554359268555,65160.28726418886,0.4181131
-0.002059324,0.01021433,3163751.0,0.6084136538461539,10267.874718793386,65913.4114836159,0.4183017
-0.001962045,0.01019437,3123633.0,0.6006986538461538,10378.110533318875,66621.0573014745,0.4182499
-0.001864573,0.01017537,3083352.0,0.5929523076923077,10482.455438677605,67290.88712229814,0.4179907
-0.001766917,0.01015733,3043017.0,0.5851955769230769,10588.938627103302,67974.44339923089,0.4176863
-0.001669086,0.01014028,3002517.0,0.5774071153846154,10685.395209854654,68593.6350628725,0.417096
-0.001571091,0.01012419,2962090.0,0.5696326923076923,10780.425833172607,69203.67294800915,0.4163924
-0.001472941,0.01010907,2921298.0,0.561788076923077,10886.738104769445,69886.132044505,0.4158198
-0.001374646,0.01009493,2880535.0,0.5539490384615384,10970.264854852325,70422.32217136983,0.414724
-0.001276215,0.01008177,2839621.0,0.5460809615384615,11060.41147271533,71001.00775916582,0.4136745
-0.001177659,0.01006958,2798648.0,0.5382015384615385,11149.942940902467,71575.74446612522,0.4125289
-0.001078986,0.01005838,2757383.0,0.5302659615384615,11234.580379154926,72119.06452477793,0.4112077
-0.0009802069,0.01004816,2716323.0,0.5223698076923077,11306.349896141664,72579.78047960633,0.4095826
-0.000881331,0.01003892,2675199.0,0.5144613461538462,11380.697372012679,73057.0453376285,0.407932
-0.0007823684,0.01003065,2634143.0,0.5065659615384616,11455.539506804455,73537.48560028708,0.4062141
-0.0006833288,0.01002337,2592673.0,0.49859096153846155,11543.195949118906,74100.18579966595,0.4046355
-0.0005842214,0.01001708,2551190.0,0.4906134615384615,11608.865804477407,74521.74569563857,0.4025838
-0.0004850564,0.01001177,2509497.0,0.4825955769230769,11695.743350584135,75079.4458626204,0.4008164
-0.0003858439,0.01000745,2467139.0,0.4744498076923077,11817.322457552178,75859.90860928087,0.3994708
-0.0002865932,0.0100041,2423679.0,0.46609211538461537,11996.908176123932,77012.73796189611,0.3989361
-0.0001873143,0.01000175,2377237.0,0.45716096153846153,12301.71679402017,78969.42095671044,0.3999637
-8.801603e-05,0.01000044,2330995.0,0.44826826923076923,12528.656154381106,80426.23143122086,0.3995096
1.129096e-05,0.009999971,2267820.0,0.43611923076923076,13716.572469496561,88051.92019649116,0.4121773
0.0001105874,0.01000122,2186205.0,0.4204240384615385,14276.713735656336,91647.68103079179,0.41332
0.0002098418,0.01000441,2100142.0,0.40387346153846154,14570.11992334842,93531.16746891421,0.409643
0.0003090139,0.01000956,2015620.0,0.38761923076923077,14735.152888667948,94590.57713735879,0.40391
0.0004080636,0.01001668,1935759.0,0.37226134615384615,14798.455146252236,94996.93851848843,0.3967084
0.0005069526,0.01002577,1856633.0,0.3570448076923077,14841.912082504557,95275.90519849416,0.3890015
0.0006056422,0.01003681,1780164.0,0.3423392307692308,14824.53861933598,95164.37829949237,0.3804858
0.0007040912,0.01004983,1704230.0,0.32773653846153844,14771.696794804928,94825.16643537745,0.3713307
0.0008022646,0.01006478,1631100.0,0.31367307692307694,14693.90200538312,94325.77195435057,0.3619548
0.0009001194,0.01008169,1559041.0,0.2998155769230769,14595.80326378104,93696.03864552786,0.35222
0.0009976206,0.01010054,1490233.0,0.2865832692307692,14483.811885146686,92977.12319080063,0.3424912
0.00109473,0.01012131,1422671.0,0.2735905769230769,14378.061099616356,92298.26848792641,0.3327717
0.001191405,0.01014402,1357926.0,0.2611396153846154,14242.471536155288,91427.86726722048,0.3228766
0.001287609,0.01016864,1294804.0,0.24900076923076922,14110.456151803215,90580.41006801651,0.3130239
0.001383306,0.01019516,1234431.0,0.2373905769230769,13964.37782569842,89642.67747182892,0.303227
0.001478459,0.01022358,1175524.0,0.2260623076923077,13822.245848939308,88730.27800011,0.2934808
0.001573024,0.01025388,1119151.0,0.21522134615384617,13665.757184091297,87725.71746142622,0.2838036
0.001666972,0.01028606,1064130.0,0.2046403846153846,13511.375807978282,86734.68441439078,0.2741692
0.001760262,0.0103201,1011624.0,0.19454307692307693,13340.138574299215,85635.44717650882,0.2646125
0.001852859,0.01035598,960482.8,0.1847082307692308,13173.307406201477,84564.49415728355,0.2551528
0.001944724,0.01039369,911756.4,0.17533776923076924,12993.486718263262,83410.15644651616,0.2458342
0.002035822,0.01043323,864276.9,0.16620709615384616,12813.419665050209,82254.23722290598,0.2365718
0.002126115,0.01047456,819240.5,0.15754625,12625.396809034053,81047.24666095122,0.2275287
0.002215573,0.01051768,775360.4,0.14910776923076924,12440.36011241363,79859.42539725896,0.2185896
0.002304157,0.01056256,733766.5,0.1411089423076923,12253.940305223183,78662.72541828958,0.2099241
0.00239183,0.0106092,693242.1,0.13331578846153846,12064.052084590523,77443.76036804957,0.2013059
0.002478561,0.01065756,654974.1,0.12595655769230768,11856.702881992796,76112.70660220954,0.1928505
0.002564312,0.01070765,617805.7,0.11880878846153846,11619.495549973026,74589.98209392033,0.1842569
0.002649054,0.01075942,583667.6,0.11224376923076923,11257.493377202787,72266.15181499269,0.1752787
0.00273275,0.01081287,552553.4,0.10626026923076924,10861.526145285516,69724.28684232982,0.166395
0.002805451,0.01086119,533960.1,0.10268463461538462,9759.88802115309,62652.45075447071,0.1542518
0.00288784,0.01091664,521295.9,0.10024921153846154,8745.43054582862,56140.260565657256,0.1443345
0.002970221,0.0109721,515368.4,0.09910930769230769,8144.363290971356,52281.78017085654,0.1390015
0.003052613,0.01102754,510347.0,0.09814365384615385,7619.905826891452,48915.087297960374,0.1342658
0.003135027,0.01108295,506518.9,0.09740748076923077,7284.790959271706,46763.856905241526,0.1313104
0.003217482,0.01113829,503532.0,0.09683307692307692,7014.176785591996,45026.68111457844,0.1289663
0.003299977,0.01119357,500675.1,0.09628367307692308,6843.543122530106,43931.31842713062,0.1275549
0.003382505,0.01124881,498293.7,0.09582571153846155,6691.66931942267,42956.382449437035,0.1263135
0.003465062,0.011304,495974.4,0.09537969230769232,6581.06470611017,42246.369171235514,0.1254653
0.00354765,0.01135915,493967.2,0.0949936923076923,6481.818591694851,41609.27043787897,0.1247357
0.003630266,0.01141425,492028.2,0.0946208076923077,6410.1388117731685,41149.13053956239,0.1242568
0.003712912,0.01146931,490278.4,0.0942843076923077,6345.458786479252,40733.92474101818,0.123853
0.003795588,0.01152433,488606.0,0.0939626923076923,6297.997779102231,40429.25439838703,0.1235898
0.003878293,0.0115793,487016.2,0.09365696153846154,6254.306437400359,40148.78298022726,0.1233658
0.003961026,0.01163423,485460.7,0.09335782692307693,6219.182675283267,39923.31012935199,0.1231923
0.004043788,0.01168911,483917.7,0.09306109615384615,6185.426763350284,39706.61803150519,0.1230304
0.004126581,0.01174395,482357.5,0.09276105769230769,6155.07622879566,39511.78635234718,0.122869
0.004209402,0.01179875,480784.4,0.09245853846153847,6124.8897658774695,39318.00791172014,0.1227056
0.004292253,0.0118535,479163.1,0.09214675,6095.724094103856,39130.782319525126,0.1225237
0.004375132,0.0119082,477533.6,0.09183338461538461,6066.651554698429,38944.154579590184,0.1223395
0.004458041,0.01196287,475829.4,0.09150565384615385,6037.774494382781,38758.78169463097,0.1221341
0.004540979,0.01201749,474141.0,0.09118096153846154,6008.552866667416,38571.19689986341,0.1219237
0.004623945,0.01207206,472425.1,0.09085098076923076,5980.01498667031,38388.001342979915,0.1217049
0.004706934,0.01212659,470720.4,0.09052315384615385,5951.9055298320345,38207.555998066324,0.1214888
0.004789963,0.01218108,468966.5,0.09018586538461539,5924.669495476616,38032.71748583119,0.1212694
0.00487301,0.01223552,467206.6,0.08984742307692307,5898.301702014451,37863.4525436708,0.1210566
0.0049561,0.01228993,465344.6,0.08948934615384616,5871.938772571961,37694.218825511394,0.1208304
0.005039213,0.01234428,463570.6,0.0891481923076923,5845.482076711123,37524.38318488165,0.1206069
0.005122354,0.01239859,461843.8,0.08881611538461538,5821.494636756162,37370.39864148865,0.1204051
0.005205522,0.01245286,460082.5,0.08847740384615385,5798.241220976905,37221.12607977221,0.1202063
0.005288718,0.01250708,458264.7,0.08812782692307693,5775.214953744521,37073.31167137843,0.120002
0.005371942,0.01256126,456456.6,0.08778011538461539,5752.183492833718,36925.46392277823,0.1197963
0.005455195,0.0126154,454634.3,0.08742967307692308,5729.735480609398,36781.361554249845,0.1195921
0.005538476,0.01266949,452823.9,0.08708151923076923,5707.584946259636,36639.16880987349,0.1193901
0.005621782,0.01272354,451001.8,0.08673111538461538,5686.284512762779,36502.43318772103,0.119193
0.005705118,0.01277754,449190.1,0.08638271153846154,5665.359735786976,36368.10904832686,0.1189988
0.005788487,0.01283151,447364.8,0.08603169230769231,5645.591184224711,36241.2071616907,0.1188122
0.005871883,0.01288542,445548.1,0.08568232692307692,5626.165020397574,36116.503192762975,0.1186277
0.005955306,0.0129393,443717.1,0.08533021153846153,5607.473094694316,35996.51257892689,0.1184458
0.006038761,0.01299313,441894.0,0.08497961538461539,5588.991215014149,35877.87033077793,0.1182646
0.006122238,0.01304691,440061.4,0.0846271923076923,5570.794291437342,35761.05732474673,0.1180818
0.006205752,0.01310066,438237.0,0.08427634615384616,5552.740768274617,35645.16486077114,0.1178992
0.006289282,0.01315435,436408.0,0.08392461538461539,5535.194921083053,35532.53136285268,0.1177179
0.006372854,0.01320802,434586.6,0.08357434615384615,5517.858064593547,35421.239456112366,0.1175375
0.006456437,0.01326162,432760.5,0.08322317307692308,5500.977374024233,35312.87585272847,0.1173574
0.006540067,0.0133152,430942.1,0.08287348076923076,5484.306374801746,35205.858338229235,0.1171783
0.006623714,0.01336873,429120.5,0.08252317307692307,5467.77335054964,35099.72653778926,0.116996
0.006707388,0.01342221,427307.4,0.0821745,5451.313726437924,34994.06592089884,0.1168133
0.00679109,0.01347565,425496.4,0.08182623076923078,5434.998577528819,34889.33274554231,0.1166283
0.006874819,0.01352905,423693.8,0.08147957692307692,5418.865909841252,34785.77098687839,0.1164442
0.006958577,0.0135824,421894.1,0.08113348076923077,5403.180251360484,34685.07875112858,0.1162608
0.007042362,0.01363571,420102.5,0.0807889423076923,5387.8249994127955,34586.50752117287,0.1160799
0.007126176,0.01368897,418309.4,0.08044411538461539,5373.0530589662,34491.68079064354,0.1159001
0.007210017,0.0137422,416522.8,0.08010053846153846,5358.452301411205,34397.952948509526,0.1157204
0.007293886,0.01379537,414735.8,0.07975688461538462,5343.965683530685,34304.95781256217,0.1155366
0.007377782,0.01384851,412955.0,0.07941442307692308,5329.49340259041,34212.054710912824,0.1153513
0.007461704,0.0139016,411181.0,0.07907326923076922,5314.611434548542,34116.52167120459,0.1151571
0.007545654,0.01395465,409413.8,0.07873342307692308,5299.699293642105,34020.79494034872,0.1149616
0.007629631,0.01400766,407660.5,0.07839625,5284.754979518741,33924.86167731905,0.1147624
0.007713635,0.01406063,405913.5,0.07806028846153847,5269.917228990745,33829.6124867292,0.1145633
0.007797666,0.01411355,404179.7,0.07772686538461539,5255.538615808357,33737.310674210996,0.1143657
0.007881725,0.01416643,402452.2,0.07739465384615385,5241.429312215861,33646.737662861604,0.1141698
0.007965812,0.01421926,400733.3,0.07706409615384616,5227.714324197571,33558.69591386287,0.1139736
0.008049925,0.01427205,399021.3,0.07673486538461538,5214.141794043287,33471.56865633063,0.1137776
0.008134066,0.0143248,397319.2,0.07640753846153846,5200.769150492875,33385.72454729133,0.1135795
0.008218232,0.01437751,395624.3,0.07608159615384615,5187.483258857597,33300.43733194579,0.113381
0.008302426,0.01443017,393942.7,0.07575821153846155,5174.367476992979,33216.242116222165,0.1131806
0.008386646,0.01448279,392269.2,0.07543638461538461,5161.49296863773,33133.595727353044,0.1129818
0.008470894,0.01453536,390607.5,0.07511682692307692,5148.931047831711,33052.95595741154,0.1127824
0.008555168,0.0145879,388953.4,0.07479873076923077,5136.493271918614,32973.11312097719,0.112583
0.008639468,0.01464039,387311.6,0.074483,5124.062371575071,32893.31442145118,0.1123797
0.008723795,0.01469284,385676.8,0.07416861538461539,5111.6272564671835,32813.48866574225,0.112175
0.008808148,0.01474524,384058.1,0.07385732692307692,5098.815437540872,32731.244704272995,0.1119631
0.008892527,0.01479761,382446.2,0.07354734615384616,5086.0267189190145,32649.14903248535,0.1117504
0.008976933,0.01484993,380852.0,0.07324076923076923,5073.20580810921,32566.846706741675,0.1115349
0.009061365,0.01490221,379263.7,0.07293532692307693,5060.485805242608,32485.192147645375,0.1113194
0.009145825,0.01495445,377689.1,0.07263251923076923,5048.105576548885,32405.71872880272,0.1111045
0.009230311,0.01500664,376118.7,0.07233051923076923,5035.782841507952,32326.61438368737,0.1108887
0.009314824,0.01505879,374559.9,0.07203075,5023.475316803344,32247.60767953322,0.1106697
0.009399363,0.01511089,373005.1,0.07173175,5011.186961964291,32168.724034071445,0.1104493
0.009483928,0.01516296,371462.3,0.0714350576923077,4998.795897435971,32089.181055865807,0.1102248
0.00956852,0.01521498,369923.1,0.07113905769230769,4986.366103799535,32009.38946071562,0.1099982
0.009653138,0.01526696,368395.7,0.07084532692307692,4974.23292131272,31931.50192587888,0.1097722
0.009737783,0.0153189,366870.7,0.0705520576923077,4962.15903925822,31853.995063177663,0.109545
0.009822453,0.01537079,365354.1,0.07026040384615384,4950.122777437674,31776.729699134004,0.109315
0.009907149,0.01542264,363840.0,0.06996923076923077,4938.07093167582,31699.36429581601,0.1090829
0.00999187,0.01547445,362334.9,0.06967978846153847,4925.578623534247,31619.171396168666,0.1088433
0.01007662,0.01552622,360833.8,0.06939111538461538,4912.944093692686,31538.06552108192,0.1086005
0.01016139,0.01557794,359349.0,0.06910557692307692,4900.04890685192,31455.2863891124,0.1083537
0.01024619,0.01562963,357866.7,0.06882051923076923,4887.135138264428,31372.38797381,0.1081053
0.01033101,0.01568127,356399.1,0.06853828846153846,4874.230054840613,31289.545311892103,0.1078562
0.01041586,0.01573287,354934.0,0.06825653846153847,4861.428595046296,31207.36784964966,0.1076068
0.01050073,0.01578443,353480.7,0.06797705769230769,4848.546475966055,31124.672604628533,0.1073553
0.01058563,0.01583594,352029.6,0.067698,4835.615149082093,31041.661475911536,0.1071017
0.01067056,0.01588741,350591.8,0.0674215,4822.533323450794,30957.68423822529,0.1068458
0.01075551,0.01593884,349155.6,0.06714530769230768,4809.427101541221,30873.55039150625,0.1065881
0.01084049,0.01599023,347731.9,0.06687151923076924,4796.301533581481,30789.29235509848,0.10633
0.01092549,0.01604157,346309.5,0.06659798076923076,4783.232782618754,30705.399048706022,0.1060709
0.01101052,0.01609288,344896.5,0.06632625,4770.274302177339,30622.21361092755,0.1058126
0.01109558,0.01614414,343484.1,0.0660546346153846,4757.289275264882,30538.857761207244,0.1055521
0.01118066,0.01619535,342080.4,0.06578469230769231,4744.147570258919,30454.496134933317,0.1052897
0.01126577,0.01624653,340677.1,0.06551482692307692,4730.887617172236,30369.375429043102,0.1050241
0.0113509,0.01629767,339285.1,0.06524713461538462,4717.239020266493,30281.759869965852,0.1047549
0.01143605,0.01634876,337893.9,0.06497959615384616,4703.494312536789,30193.527338782766,0.104483
0.01152123,0.01639981,336515.5,0.06471451923076924,4689.542352746074,30103.964377422802,0.1042104
0.01160644,0.01645082,335137.6,0.06444953846153846,4675.53195007627,30014.02624888918,0.1039355
0.01169167,0.01650179,333771.8,0.06418688461538462,4661.487679729276,29923.87071079382,0.1036618
0.01177693,0.01655271,332406.3,0.06392428846153846,4647.447468189096,29833.74122773039,0.1033867
0.01186221,0.01660359,331050.3,0.06366351923076922,4633.485015719466,29744.1109098549,0.1031139
0.01194751,0.01665443,329694.0,0.06340269230769231,4619.469901570936,29654.142536538937,0.1028386
0.01203285,0.01670523,328346.2,0.0631435,4605.319551374445,29563.30603135336,0.1025633
0.0121182,0.01675599,326998.1,0.06288424999999999,4591.050216637516,29471.705718935136,0.1022849
0.01220358,0.01680671,325660.2,0.06262696153846153,4576.357355166797,29377.386626570413,0.1020038
0.01228899,0.01685738,324322.3,0.06236967307692307,4561.481715597161,29281.894211743736,0.1017191
0.01237441,0.01690802,322997.6,0.062114923076923075,4546.313257318683,29184.522081730167,0.101434
0.01245987,0.01695861,321672.7,0.061860134615384615,4531.046758404174,29086.520591409644,0.1011464
0.01254535,0.01700916,320360.4,0.06160776923076924,4515.790436896407,28988.584433752087,0.1008619
0.01263085,0.01705967,319047.8,0.06135534615384615,4500.53752716938,28890.670177618842,0.1005758
0.01271638,0.01711013,317743.9,0.061104596153846155,4485.490466147845,28794.077342987133,0.1002943
0.01280193,0.01716056,316439.1,0.06085367307692307,4470.383303418098,28697.09869252374,0.1000103
0.01288751,0.01721094,315141.5,0.060604134615384615,4455.223503676285,28599.782144965713,0.09972753
0.01297311,0.01726128,313843.2,0.06035446153846154,4439.924467224373,28501.571783759027,0.09944139
0.01305874,0.01731158,312553.5,0.060106442307692305,4424.239340868938,28400.882963925058,0.09915301
0.01314439,0.01736184,311263.3,0.059858326923076924,4408.3047545378495,28298.592765181224,0.09886018
0.01323006,0.01741206,309985.8,0.05961265384615384,4392.034555278684,28194.148138804263,0.09856646
0.01331576,0.01746224,308707.9,0.059366903846153854,4375.6310392654495,28088.847701238592,0.0982699
0.01340148,0.01751237,307442.6,0.05912357692307692,4359.264892323653,27983.787150022334,0.09797642
0.01348723,0.01756247,306176.7,0.05888013461538462,4342.874902025305,27878.573539189103,0.09768132
0.013573,0.01761252,304919.4,0.05863834615384616,4326.874728999716,27775.86231439062,0.09739225
0.0136588,0.01766253,303660.8,0.05839630769230769,4310.82220840388,27672.815050535126,0.09710076
0.01374462,0.0177125,302407.8,0.058155346153846155,4294.843445003732,27570.241262303607,0.09681082
0.01383046,0.01776243,301153.6,0.057914153846153844,4278.717951594739,27466.725558075366,0.0965174
0.01391633,0.01781231,299906.2,0.05767426923076923,4262.299361492624,27361.328354172907,0.09622142
0.01400222,0.01786216,298657.8,0.057434192307692304,4245.637584262916,27254.37003916932,0.09592104
0.01408813,0.01791196,297419.3,0.05719601923076923,4228.781638144776,27146.165279873112,0.09561977
0.01417407,0.01796173,296179.8,0.056957653846153845,4211.768636579074,27036.952321643403,0.09531526
0.01426003,0.01801145,294950.1,0.05672117307692307,4194.77653605614,26927.873535194132,0.09501209
0.01434602,0.01806113,293719.4,0.05648450000000001,4177.684785362934,26818.155056222564,0.09470632
0.01443203,0.01811077,292496.5,0.05624932692307692,4160.867092517646,26710.195859302516,0.09440425
0.01451807,0.01816037,291272.1,0.05601386538461538,4143.968930046711,26601.720097105586,0.09409959
0.01460412,0.01820993,290053.3,0.05577948076923077,4127.205328583717,26494.108133438436,0.09379641
0.0146902,0.01825945,288833.1,0.05554482692307692,4110.2895321264405,26385.519171944696,0.09348976
0.01477631,0.01830892,287618.7,0.05531128846153846,4093.2674832003427,26276.248135251335,0.09318197
0.01486244,0.01835836,286403.0,0.0550775,4076.0093113819207,26165.461335482487,0.09286974
0.01494859,0.01840776,285195.9,0.05484536538461539,4058.3882105613716,26052.344755762897,0.09255409
0.01503476,0.01845711,283988.0,0.054613076923076924,4040.570535646708,25937.966291816316,0.09223487
0.01512096,0.01850643,282790.1,0.05438271153846153,4022.743915425417,25823.530404528225,0.09191685
0.01520718,0.0185557,281591.0,0.05415211538461538,4004.81272086561,25708.423214600196,0.09159625
0.01529342,0.01860493,280399.4,0.053922961538461545,3987.302322984073,25596.01727934905,0.09128144
0.01537969,0.01865412,279205.9,0.05369344230769231,3969.771967294178,25483.483227299574,0.09096476
0.01546598,0.01870327,278015.6,0.05346453846153846,3952.5313394306577,25372.80904888131,0.09065153
0.0155523,0.01875238,276823.5,0.05323528846153846,3935.152799387211,25261.249559479707,0.09033487
0.01563864,0.01880145,275634.4,0.05300661538461539,3917.707993968025,25149.264687309245,0.09001781
0.015725,0.01885047,274443.4,0.05277757692307693,3900.0137363571903,25035.678486197405,0.08969606
0.01581138,0.01889946,273258.8,0.052549769230769226,3882.0105397086077,24920.109087347362,0.08937204
0.01589779,0.01894841,272072.7,0.05232167307692308,3863.80605967116,24803.24757350776,0.08904431
0.01598422,0.01899732,270894.6,0.05209511538461538,3845.5900445100965,24686.312011301754,0.08871835
0.01607067,0.01904618,269715.4,0.05186834615384616,3827.202123175758,24568.272917678976,0.08838904
0.01615714,0.01909501,268543.4,0.05164296153846154,3809.323203324065,24453.50129907807,0.08806751
0.01624364,0.01914379,267355.0,0.05141442307692308,3791.5076283356325,24339.13631536041,0.08774433
0.01633016,0.01919254,266159.4,0.05118450000000001,3773.0295927779885,24220.51874410288,0.08741419
0.01641671,0.01924124,265000.3,0.05096159615384615,3754.5593566428524,24101.951240318824,0.08708477
0.01650328,0.0192899,263855.2,0.05074138461538462,3737.1955555212326,23990.486365688612,0.08677003
0.01658987,0.01933853,262683.1,0.050515980769230764,3719.4530539168954,23876.590467947,0.0864478
0.01667648,0.01938711,261514.4,0.05029123076923077,3701.233749255976,23759.633789184398,0.08612188
0.01676311,0.01943565,260345.4,0.05006642307692308,3682.875623951164,23641.78596766111,0.08579297
0.01684977,0.01948415,259182.3,0.04984275,3664.667363421561,23524.900185397724,0.08546803
0.01693645,0.01953261,258011.1,0.04961751923076923,3646.491857016481,23408.224664375986,0.08514177
0.01702315,0.01958104,256834.5,0.04939125,3627.9292248919137,23289.064035428484,0.08481278
0.01710988,0.01962942,255677.6,0.04916876923076923,3609.2793501853457,23169.343363009106,0.08448228
0.01719662,0.01967776,254533.7,0.04894878846153847,3591.7582811155075,23056.86892532247,0.08416707
0.01728339,0.01972606,253373.6,0.04872569230769231,3574.043288734466,22943.149619797292,0.08384744
0.01737019,0.01977432,252213.9,0.048502673076923075,3556.264922895781,22829.0234958306,0.08352862
0.017457,0.01982254,251052.1,0.04827925,3538.406355072259,22714.382524675642,0.08320728
0.01754384,0.01987072,249890.7,0.048055903846153845,3520.2576938303955,22597.87933301494,0.08288435
0.01763069,0.01991886,248732.5,0.04783317307692308,3501.91652016022,22480.14033051211,0.08255764
0.01771757,0.01996696,247584.3,0.047612365384615385,3483.629778178368,22362.750745816615,0.08223429
0.01780447,0.02001502,246432.5,0.047390865384615385,3465.205487209308,22244.47818161063,0.08190816
0.0178914,0.02006305,245287.4,0.04717065384615385,3446.99377809313,22127.57026155221,0.08158731
0.01797834,0.02011103,244140.9,0.04695017307692308,3428.8003768830677,22010.77986693915,0.08126552
0.01806531,0.02015897,242998.7,0.046730519230769235,3411.2151662321835,21897.893679933353,0.08095295
0.0181523,0.02020687,241854.4,0.046510461538461535,3393.633457957406,21785.029976018148,0.08063882
0.01823932,0.02025473,240712.1,0.04629078846153846,3376.3522300472937,21674.095170386314,0.08032961
0.01832635,0.02030255,239567.9,0.04607075,3359.0074144275304,21562.752170947453,0.08001808
0.01841341,0.02035033,238426.7,0.045851288461538464,3341.6937090432857,21451.60887999854,0.07970842
0.01850048,0.02039807,237283.9,0.04563151923076923,3324.262605798931,21339.711967324332,0.07939596
0.01858759,0.02044577,236146.0,0.04541269230769231,3307.031248829001,21229.097302314713,0.07908787
0.01867471,0.02049343,235006.6,0.04519357692307693,3289.7608194124646,21118.231816339572,0.078778
0.01876186,0.02054106,233872.0,0.04497538461538462,3272.727300328342,21008.887148318754,0.07847274
0.01884901,0.02058863,232736.0,0.044756923076923076,3255.6727054160856,20899.40718650344,0.07816595
0.01893621,0.02063618,231605.2,0.04453946153846154,3238.8595988591737,20791.477430721043,0.07786379
0.01902341,0.02068368,230473.1,0.04432175,3222.0340960306853,20683.46809853441,0.07756022
0.01911065,0.02073115,229346.4,0.04410507692307692,3205.4548289198337,20577.039447513358,0.07726135
0.01919789,0.02077857,228218.6,0.04388819230769231,3188.870328928078,20470.57720463014,0.07696117
0.01928517,0.02082596,227096.6,0.04367242307692308,3172.533407928919,20365.70426590778,0.07666569
0.01937246,0.0208733,225973.7,0.04345648076923077,3156.2027537515064,20260.87155630895,0.07636912
0.01945979,0.02092061,224857.3,0.043241788461538457,3139.9920958315456,20156.809148540884,0.07607567
0.01954712,0.02096788,223740.2,0.04302696153846154,3123.767889703783,20052.65976964976,0.07578097
0.01963448,0.02101511,222631.4,0.04281373076923077,3107.7609194920096,19949.904911115744,0.07549095
0.01972186,0.0210623,221521.8,0.04260034615384615,3091.7865861859455,19847.35956135102,0.0752003
0.01980926,0.02110945,220420.1,0.04238848076923077,3076.199078409181,19747.297392476536,0.07491626
0.01989668,0.02115656,219317.7,0.04217648076923077,3060.683488196775,19647.696889929535,0.07463203
0.01998413,0.02120363,218222.4,0.04196584615384615,3045.5013918382097,19550.237211868363,0.07435344
0.02007159,0.02125066,217126.4,0.04175507692307692,3030.369700876983,19453.10110531413,0.07407436
0.02015908,0.02129765,216037.7,0.04154571153846154,3015.524511481149,19357.804161789016,0.07380037
0.02024659,0.0213446,214948.4,0.04133623076923077,3000.7266330797506,19262.810925616133,0.07352591
0.02033412,0.02139151,213866.8,0.041128230769230764,2986.279080915048,19170.06656742679,0.07325734
0.02042166,0.02143838,212784.7,0.040920134615384615,2971.9486070432063,19078.073779538463,0.07298931
0.02050924,0.02148522,211709.5,0.04071336538461538,2958.0537919223825,18988.877651651226,0.07272791
0.02059683,0.02153201,210634.1,0.040506557692307696,2944.2153717752954,18900.04354465062,0.07246618
0.02068444,0.02157877,209566.4,0.04030123076923077,2930.607226386136,18812.68765931606,0.07220861
0.02077207,0.02162548,208498.9,0.040095942307692305,2917.004773125845,18725.368313931842,0.07195011
0.02085972,0.02167216,207442.3,0.03989275,2903.354613555543,18637.742723513646,0.0716929
0.0209474,0.0217188,206386.3,0.039689673076923074,2889.7277022269554,18550.266372442868,0.07143531
0.02103509,0.0217654,205343.5,0.03948913461538461,2876.3283613857448,18464.250883292087,0.07118301
0.02112281,0.02181197,204301.1,0.039288673076923075,2863.047048174355,18378.993058599033,0.07093157
0.02121054,0.02185849,203270.3,0.039090442307692305,2850.371342104143,18297.6228575659,0.07068973
0.0212983,0.02190497,202239.8,0.03889226923076923,2837.910514309521,18217.63204229523,0.0704499
0.02138608,0.02195141,201217.5,0.03869567307692308,2826.1107955717453,18141.885138690104,0.07021943
0.02147388,0.02199781,200195.6,0.03849915384615385,2814.4217674442402,18066.848800410517,0.06998936
0.0215617,0.02204418,199181.9,0.03830421153846154,2803.0264446863675,17993.69786913225,0.06976396
0.02164954,0.0220905,198169.1,0.03810944230769231,2791.644083304173,17920.6301418774,0.06953782
0.0217374,0.02213679,197168.2,0.03791696153846154,2780.156679165645,17846.888105029644,0.06931205
0.02182528,0.02218304,196168.8,0.03772476923076923,2768.66491986721,17773.118110746207,0.06908567
0.02191317,0.02222926,195184.9,0.037535557692307694,2757.2911477054404,17700.10552097946,0.0688634
0.02200108,0.02227543,194202.3,0.037346596153846154,2746.023776793065,17627.77596149169,0.06864206
0.02208903,0.02232157,193234.3,0.037160442307692304,2735.2437188734725,17558.574650321545,0.06842919
0.02217698,0.02236766,192267.7,0.036974557692307695,2724.6702696232537,17490.69963915149,0.06821855
0.02226498,0.02241372,191312.2,0.03679080769230769,2714.797553169091,17427.322899570394,0.06801821
0.02235298,0.02245973,190357.9,0.03660728846153846,2705.071151478728,17364.885410369403,0.06781896
0.022441,0.02250571,189413.8,0.036425730769230766,2695.745763920115,17305.02218411967,0.0676259
0.02252905,0.02255165,188471.2,0.03624446153846154,2686.483413010362,17245.563614207163,0.06743291
0.02261711,0.02259755,187541.0,0.03606557692307692,2677.306435797956,17186.65309068179,0.06724253
0.02270518,0.02264341,186612.7,0.0358870576923077,2668.136666745222,17127.788839087803,0.06705168
0.02279329,0.02268924,185699.5,0.035711442307692305,2659.0874018853146,17069.698149955846,0.06686458
0.0228814,0.02273502,184788.3,0.03553621153846154,2650.121145547473,17012.140324247084,0.06667822
0.02296955,0.02278078,183892.6,0.03536396153846154,2641.477256940399,16956.65190018852,0.06649817
0.0230577,0.02282648,182998.8,0.03519207692307692,2632.973052198011,16902.06016023478,0.06631957
0.0231459,0.02287216,182118.8,0.035022846153846154,2624.9968018901673,16850.857561543646,0.0661495
0.02323409,0.02291779,181240.7,0.03485398076923077,2617.158882271197,16800.542960404706,0.06598072
0.02332232,0.02296339,180375.1,0.03468751923076923,2609.7159690247768,16752.76405611498,0.06581833
0.02341056,0.02300895,179511.5,0.03452144230769231,2602.364335280002,16705.571109826953,0.06565659
0.02349882,0.02305446,178661.4,0.03435796153846154,2595.2357138709854,16659.80976494188,0.06549921
0.02358711,0.02309994,177813.4,0.03419488461538461,2588.1493248893557,16614.319526146486,0.06534191
0.0236754,0.02314539,176980.7,0.03403475,2581.153188116163,16569.40865076513,0.06518767
0.02376372,0.02319079,176150.4,0.033875076923076924,2574.221603910948,16524.9121629851,0.065034
0.02385206,0.02323616,175336.1,0.03371848076923077,2567.5171103033304,16481.873456529192,0.06488534
0.02394042,0.02328149,174524.0,0.03356230769230769,2560.9201508102387,16439.525052646448,0.06473778
0.0240288,0.02332678,173726.9,0.03340901923076923,2554.71076701511,16399.664645273253,0.06459706
0.0241172,0.02337203,172931.9,0.03325613461538461,2548.634581711709,16360.659289917608,0.06445773
0.02420562,0.02341724,172150.7,0.03310590384615385,2542.9432217738663,16324.124275636828,0.06432475
0.02429405,0.02346242,171371.5,0.032956057692307694,2537.3409948753824,16288.161440396107,0.0641925
0.02438251,0.02350756,170606.0,0.032808846153846154,2532.0062457159993,16253.915646973957,0.06406506
0.02447098,0.02355265,169842.8,0.03266207692307692,2526.7270896693076,16220.026726985974,0.06393796
0.02455948,0.02359772,169094.0,0.03251807692307692,2521.5800501861927,16186.985913705304,0.06381412
0.02464799,0.02364274,168347.7,0.032374557692307696,2516.479806184604,16154.245498502512,0.06369058
0.02473653,0.02368773,167616.6,0.03223396153846154,2511.5522964202205,16122.613930375284,0.06357108
0.02482508,0.02373268,166887.9,0.03209382692307692,2506.701806822075,16091.476784126862,0.06345235
0.02491365,0.02377759,166173.9,0.03195651923076923,2502.130229028337,16062.130079331517,0.06333888
0.02500224,0.02382246,165462.2,0.03181965384615385,2497.661873394089,16033.445997022229,0.0632265
0.02509085,0.02386729,164763.8,0.031685346153846154,2493.599962157194,16007.371036614177,0.06312069
0.02517948,0.02391209,164067.5,0.03155144230769231,2489.6314987777096,15981.895953712079,0.06301568
0.02526813,0.02395685,163383.8,0.031419961538461535,2485.956495166663,15958.304701203384,0.06291551
0.0253568,0.02400157,162702.1,0.03128886538461539,2482.3354156872056,15935.059608301393,0.06281565
0.02544549,0.02404625,162033.5,0.03116028846153846,2478.8507980589643,15912.690516168535,0.06271871
0.02553419,0.0240909,161367.2,0.031032153846153848,2475.3895439153257,15890.471403171234,0.06262175
0.02562292,0.02413551,160714.7,0.030906673076923078,2472.065684779639,15869.134281232737,0.06252802
0.02571166,0.02418008,160064.4,0.030781615384615383,2468.7945809090725,15848.13581550042,0.06243475
0.02580042,0.02422461,159428.0,0.03065923076923077,2465.727479655645,15828.446920523054,0.06234549
0.0258892,0.02426911,158793.6,0.03053723076923077,2462.726791587874,15809.18435716289,0.06225686
0.025978,0.02431357,158172.5,0.03041778846153846,2459.97239970564,15791.50286313487,0.06217264
0.02606682,0.02435799,157553.5,0.03029875,2457.2651933880766,15774.124271277491,0.06208872
0.02615565,0.02440237,156947.6,0.03018223076923077,2454.7232532817793,15757.80658638342,0.06200813
0.02624451,0.02444672,156343.7,0.030066096153846155,2452.2357399435386,15741.838287711607,0.06192797
0.02633338,0.02449103,155752.8,0.029952461538461535,2449.937735552701,15727.086519390241,0.06185147
0.02642228,0.0245353,155163.9,0.029839211538461537,2447.698614492786,15712.712745671162,0.06177545
0.02651119,0.02457954,154587.6,0.029728384615384615,2445.6340869018054,15699.459754146585,0.06170276
0.02660012,0.02462373,154013.3,0.029617942307692307,2443.609902425958,15686.465740494366,0.06163031
0.02668907,0.02466789,153451.7,0.02950994230769231,2441.732728374938,15674.415442936217,0.06156088
0.02677803,0.02471201,152891.8,0.02940226923076923,2439.911441150461,15662.723904273687,0.0614919
0.02686702,0.0247561,152344.1,0.02929694230769231,2438.274580784639,15652.216272091911,0.0614263
0.02695602,0.02480014,151798.1,0.029191942307692308,2436.7046979093493,15642.138594015973,0.06136132
0.02704504,0.02484415,151263.0,0.02908903846153846,2435.4705445069962,15634.216091719143,0.06130139
0.02713408,0.02488812,150729.4,0.028986423076923076,2434.2996096397205,15626.699413356679,0.06124187
0.02722314,0.02493206,150205.9,0.028885749999999998,2433.3469551589437,15620.583960206648,0.06118559
0.02731223,0.02497596,149684.1,0.028785403846153846,2432.4197945505293,15614.632161965288,0.06112925
0.02740133,0.02501982,149173.1,0.028687134615384618,2431.5316599840344,15608.930886800033,0.06107407
0.02749044,0.02506365,148663.8,0.028589192307692305,2430.6486692785797,15603.262632044421,0.06101865
0.02757957,0.02510744,148166.0,0.028493461538461537,2429.838228428419,15598.06010253342,0.06096511
0.02766872,0.02515119,147669.8,0.02839803846153846,2429.0659852300723,15593.102778345885,0.06091185
0.02775789,0.0251949,147184.8,0.028304769230769227,2428.4618189786497,15589.224404307912,0.06086157
0.02784707,0.02523858,146701.3,0.02821178846153846,2427.910481768415,15585.685160072891,0.06081173
0.02793628,0.02528222,146228.5,0.028120865384615383,2427.5430151302444,15583.32625130242,0.06076493
0.0280255,0.02532583,145757.1,0.02803021153846154,2427.188051676094,15581.047605248017,0.06071789
0.02811474,0.0253694,145296.4,0.027941615384615384,2426.9060680440452,15579.237444559472,0.0606726
0.028204,0.02541293,144837.2,0.027853307692307695,2426.6672529087327,15577.704398947459,0.0606276
0.02829327,0.02545642,144388.1,0.02776694230769231,2426.587275900955,15577.190995972913,0.06058531
0.02838257,0.02549988,143940.4,0.027680846153846153,2426.57158453916,15577.090267125412,0.06054361
0.02847188,0.0255433,143501.3,0.027596403846153843,2426.857919556877,15578.928361021355,0.06050608
0.02856121,0.02558668,143063.4,0.027512192307692307,2427.204286574771,15581.15182326647,0.0604689
0.02865056,0.02563002,142633.3,0.02742948076923077,2427.7488011858286,15584.647270630254,0.06043431
0.02873993,0.02567333,142204.4,0.027347,2428.3176359651784,15588.298838447774,0.0603996
0.02882931,0.0257166,141783.7,0.027266096153846155,2428.914983753249,15592.133442163953,0.06036543
0.02891871,0.02575984,141364.2,0.02718542307692308,2429.5074344549785,15595.936609611581,0.06033084
0.02900813,0.02580304,140953.6,0.02710646153846154,2430.130861130562,15599.938623672233,0.06029715
0.02909757,0.0258462,140544.2,0.027027730769230773,2430.7821262734888,15604.119343492674,0.06026352
0.02918702,0.02588933,140143.4,0.026950653846153846,2431.5237895956047,15608.880363769193,0.06023145
0.02927649,0.02593242,139743.8,0.02687380769230769,2432.305557383105,15613.898829934136,0.06019959
0.02936598,0.02597547,139352.2,0.026798500000000003,2433.2244954330404,15619.79784443053,0.06016977
0.02945549,0.02601849,138961.7,0.026723403846153848,2434.179207177899,15625.926503944844,0.06014002
0.02954501,0.02606147,138578.8,0.026649769230769227,2435.2177745510808,15632.59346478112,0.06011153
0.02963455,0.02610442,138197.0,0.026576346153846155,2436.287619046168,15639.461205414837,0.06008309
0.02972411,0.02614733,137822.7,0.026504365384615387,2437.4375001518692,15646.842731636481,0.06005585
0.02981369,0.0261902,137449.3,0.02643255769230769,2438.615709310265,15654.406106453373,0.06002864
0.02990328,0.02623303,137083.3,0.026362173076923075,2439.8598217251483,15662.392539457269,0.06000238
0.02999289,0.02627583,136718.3,0.026291980769230765,2441.1270362826376,15670.527273942582,0.05997609
0.03008252,0.0263186,136360.4,0.026223153846153844,2442.445081393047,15678.988309170969,0.05995058
0.03017217,0.02636132,136003.4,0.026154499999999997,2443.7924569936154,15687.63762802375,0.05992514
0.03026183,0.02640401,135653.2,0.026087153846153847,2445.209821823344,15696.736234483498,0.05990067
0.03035151,0.02644667,135303.9,0.026019980769230767,2446.6632186141082,15706.066143870032,0.0598763
0.03044121,0.02648929,134960.9,0.02595401923076923,2448.2050224916684,15715.963572129713,0.05985305
0.03053092,0.02653187,134618.7,0.02588821153846154,2449.7773603015544,15726.057009368928,0.05982981
0.03062066,0.02657441,134282.5,0.02582355769230769,2451.41265229552,15736.554573572435,0.05980728
0.0307104,0.02661692,133947.0,0.02575903846153846,2453.074656834489,15747.223615809988,0.0597847
0.03080017,0.0266594,133617.4,0.025695653846153844,2454.76686210365,15758.08652807525,0.05976244
0.03088995,0.02670183,133288.5,0.025632403846153846,2456.481294977608,15769.09212782954,0.05974008
0.03097975,0.02674423,132965.4,0.02557026923076923,2458.2385907927005,15780.372881182191,0.05971819
0.03106957,0.0267866,132642.9,0.02550825,2460.021931715696,15791.820828035092,0.05969625
0.0311594,0.02682893,132325.8,0.025447269230769228,2461.8402914675216,15803.493574131997,0.05967464
0.03124926,0.02687122,132009.4,0.025386423076923077,2463.685908086139,15815.34129247251,0.05965297
0.03133912,0.02691348,131698.1,0.025326557692307693,2465.5527442709076,15827.32522731678,0.05963143
0.03142901,0.0269557,131387.5,0.025266826923076923,2467.443553393344,15839.46305360872,0.0596098
0.03151891,0.02699789,131081.9,0.025208057692307693,2469.346610718269,15851.679505792841,0.05958818
0.03160883,0.02704004,130776.8,0.025149384615384615,2471.2720987720145,15864.039949396718,0.05956646
0.03169876,0.02708215,130476.5,0.025091634615384616,2473.204083501543,15876.442097645024,0.05954462
0.03178871,0.02712423,130176.8,0.025034,2475.159975970049,15888.997718805687,0.0595227
0.03187868,0.02716627,129881.4,0.024977192307692308,2477.13442193826,15901.672441970808,0.05950079
0.03196867,0.02720828,129586.6,0.0249205,2479.1385935054254,15914.537985114663,0.05947887
0.03205867,0.02725025,129295.7,0.024864557692307693,2481.160893947858,15927.519904436445,0.05945684
0.03214869,0.02729219,129005.3,0.02480871153846154,2483.200171864987,15940.610808655912,0.05943462
0.03223872,0.02733409,128718.9,0.024753634615384615,2485.2148389606996,15953.543726608166,0.05941179
0.03232877,0.02737595,128432.9,0.024698634615384615,2487.237967906977,15966.530964412725,0.05938863
0.03241884,0.02741778,128151.2,0.02464446153846154,2489.1326149076394,15978.693427511571,0.05936374
0.03250893,0.02745958,127870.0,0.024590384615384615,2491.0285009384193,15990.863844418207,0.05933851
0.03259903,0.02750134,127593.4,0.024537192307692305,2492.830212303811,16002.429718160745,0.05931212
0.03268914,0.02754306,127317.1,0.024484057692307694,2494.6549570565344,16014.143452018317,0.05928568
0.03277928,0.02758475,127044.9,0.024431711538461538,2496.473671265932,16025.818473513826,0.05925904
0.03286943,0.0276264,126772.9,0.024379403846153846,2498.3406528572723,16037.803341778446,0.05923261
0.03295959,0.02766802,126503.9,0.024327673076923077,2500.2754250295884,16050.22338368717,0.05920658
0.03304978,0.0277096,126235.2,0.024276,2502.2346091955324,16062.800135511545,0.05918036
0.03313998,0.02775114,125968.9,0.02422478846153846,2504.158315247763,16075.149139766738,0.05915316
0.03323019,0.02779265,125703.0,0.024173653846153845,2506.0774064454713,16087.468519507283,0.05912543
0.03332043,0.02783413,125440.1,0.024123096153846155,2507.8092465108434,16098.58586267507,0.0590951
0.03341067,0.02787557,125177.5,0.024072596153846153,2509.5143702707164,16109.531703668756,0.05906402
0.03350094,0.02791697,124918.8,0.024022846153846155,2511.007502184513,16119.116687994021,0.05903041
0.03359122,0.02795834,124660.4,0.023973153846153845,2512.5035626647164,16128.720471906141,0.0589965
0.03368151,0.02799968,124405.8,0.02392419230769231,2513.881504671283,16137.566008199365,0.0589612
0.03377182,0.02804097,124151.5,0.02387528846153846,2515.2852133028605,16146.576950304738,0.05892588
0.03386215,0.02808224,123900.1,0.02382694230769231,2516.6918898887157,16155.606944842766,0.0588904
0.0339525,0.02812347,123648.8,0.023778615384615384,2518.126685877223,16164.817448571685,0.05885481
0.03404286,0.02816466,123399.7,0.023730711538461537,2519.4999296150663,16173.632824882625,0.05881804
0.03413324,0.02820582,123150.7,0.02368282692307692,2520.8778142475226,16182.477992869513,0.05878086
0.03422363,0.02824694,122903.9,0.023635365384615383,2522.094860234869,16190.290676132157,0.05874136
0.03431404,0.02828803,122657.2,0.023587923076923076,2523.2934554362023,16197.984916748785,0.0587012
0.03440446,0.02832908,122413.2,0.023541,2524.26886928539,16204.246470981681,0.05865815
0.0344949,0.0283701,122169.3,0.023494096153846154,2525.238274859338,16210.469455799876,0.0586147
0.03458536,0.02841108,121928.0,0.02344769230769231,2526.0306592597935,16215.556074060303,0.05856895
0.03467583,0.02845203,121687.0,0.023401346153846155,2526.824002690721,16220.648848703808,0.05852285
0.03476632,0.02849294,121448.3,0.02335544230769231,2527.466627167035,16224.774100783401,0.05847476
0.03485682,0.02853382,121209.8,0.023309576923076922,2528.112713074397,16228.921573111615,0.05842635
0.03494734,0.02857467,120973.7,0.023264173076923075,2528.537807748606,16231.65041826682,0.0583751
0.03503787,0.02861548,120737.8,0.02321880769230769,2528.9519394328745,16234.308887800307,0.05832338
0.03512842,0.02865625,120504.4,0.023173923076923075,2529.153214351098,16235.600948413581,0.05826905
0.03521899,0.02869699,120271.0,0.02312903846153846,2529.35371684596,16236.888050546135,0.05821438
0.03530957,0.02873769,120039.8,0.023084576923076923,2529.3938484801115,16237.145670841257,0.05815767
0.03540017,0.02877836,119808.7,0.023040134615384615,2529.4493837880173,16237.502173204415,0.05810083
0.03549078,0.028819,119579.0,0.022995961538461538,2529.4086452572697,16237.240657008128,0.05804252
0.03558141,0.0288596,119349.2,0.02295176923076923,2529.36675778356,16236.971765307922,0.05798375
0.03567206,0.02890016,119120.5,0.022907788461538462,2529.1329600485824,16235.470928305956,0.05792235
0.03576272,0.02894069,118891.8,0.022863807692307694,2528.8727200844382,16233.800348530598,0.05786022
0.03585339,0.02898119,118664.6,0.022820115384615387,2528.295589806238,16230.095528735998,0.05779415
0.03594408,0.02902165,118437.4,0.022776423076923076,2527.678986654137,16226.137317480057,0.0577273
0.03603479,0.02906208,118212.2,0.022733115384615383,2526.7641135789077,16220.264397609648,0.05765698
0.03612551,0.02910247,117987.1,0.022689826923076924,2525.8291322375935,16214.262395095266,0.05758612
0.03621625,0.02914283,117763.8,0.022646884615384617,2524.654224228462,16206.720211616974,0.05751249
0.036307,0.02918316,117540.6,0.022603961538461538,2523.472946764643,16199.137140175078,0.05743848
0.03639777,0.02922345,117318.7,0.022561288461538462,2522.128872240455,16190.509012193024,0.05736249
0.03648855,0.0292637,117096.7,0.022518596153846153,2520.7807964923927,16181.855198825933,0.05728609
0.03657935,0.02930392,116875.3,0.02247601923076923,2519.2336893495954,16171.923726880157,0.05720715
0.03667016,0.02934411,116654.0,0.022433461538461538,2517.6661162436044,16161.86087609598,0.05712759
0.03676099,0.02938426,116433.1,0.02239098076923077,2515.829742934849,16150.07249409362,0.05704471
0.03685183,0.02942438,116212.2,0.0223485,2513.9466271783026,16137.984054457194,0.05696093
0.03694269,0.02946446,115992.6,0.02230626923076923,2511.646344240367,16123.217659271304,0.05687229
0.03703356,0.02950451,115773.1,0.022264057692307694,2509.2744562995504,16107.9916042095,0.05678258
0.03712445,0.02954453,115556.1,0.022222326923076925,2506.5587079313186,16090.558177664707,0.05668927
0.03721535,0.02958451,115339.0,0.022180576923076924,2503.8360131634254,16073.08015952606,0.05659564
0.03730627,0.02962446,115123.3,0.022139096153846155,2500.90774873631,16054.282511190517,0.05649988
0.0373972,0.02966437,114907.6,0.022097615384615386,2497.988227956574,16035.540991668711,0.056404
0.03748815,0.02970425,114691.7,0.022056096153846152,2495.016559963817,16016.464719259508,0.05630736
0.03757911,0.02974409,114475.6,0.022014538461538464,2492.034064314043,15997.318939982339,0.05621016
0.03767009,0.0297839,114258.5,0.02197278846153846,2488.8338260787264,15976.77538784258,0.0561099
0.03776109,0.02982367,114041.3,0.02193101923076923,2485.574030412648,15955.84951379608,0.05600853
0.0378521,0.02986342,113823.6,0.021889153846153846,2481.8791161449085,15932.130447173613,0.05590205
0.03794312,0.02990312,113605.8,0.021847269230769233,2478.073658430018,15907.701759921909,0.05579394
0.03803416,0.0299428,113389.0,0.021805576923076924,2473.8156573131782,15880.368023642652,0.05568092
0.03812521,0.02998244,113172.3,0.021763903846153846,2469.4970500546256,15852.645233380308,0.055567
0.03821626,0.03002205,112956.7,0.021722442307692307,2464.873125264857,15822.962493214083,0.05544989
0.03830736,0.03006163,112741.1,0.021680980769230772,2460.21153518353,15793.037965148302,0.05533214
0.03839844,0.03010116,112526.0,0.021639615384615386,2455.399175777092,15762.145591171142,0.05521283
0.03848956,0.03014067,112310.6,0.021598192307692308,2450.5539273880595,15731.042090246838,0.05509281
0.03858069,0.03018014,112095.0,0.02155673076923077,2445.4806230375902,15698.47461095903,0.05497013
0.03867183,0.03021958,111879.2,0.02151523076923077,2440.3535450844397,15665.561938367104,0.05484649
0.03876299,0.03025898,111663.0,0.021473653846153847,2434.9437986026246,15630.834708473532,0.05471958
0.03885416,0.03029835,111446.5,0.02143201923076923,2429.4697074897213,15595.694425804986,0.0545916
0.03894534,0.03033769,111229.7,0.02139032692307692,2423.674001862823,15558.489576672533,0.05445994
0.03903654,0.03037699,111012.7,0.021348596153846152,2417.8153843718796,15520.880872244259,0.05432729
0.03912776,0.03041626,110795.2,0.02130676923076923,2411.6760165228,15481.469923983954,0.05419152
0.03921898,0.03045549,110577.5,0.021264903846153847,2405.4742257540324,15441.658259148495,0.05405472
0.03931022,0.0304947,110359.1,0.021222903846153846,2399.0055297509934,15400.133227621734,0.05391496
0.03940148,0.03053386,110140.5,0.021180865384615385,2392.470049521299,15358.179482623811,0.05377413
0.03949275,0.030573,109921.0,0.021138653846153845,2385.684489178898,15314.62037781929,0.05363047
0.03958404,0.0306121,109701.2,0.021096384615384614,2378.8325079997767,15270.634892282465,0.05348575
0.03967534,0.03065117,109480.3,0.021053903846153847,2371.731052242699,15225.047934098004,0.0533382
0.03976665,0.0306902,109259.0,0.021011346153846155,2364.561611882082,15179.024556764458,0.05318955
0.03985798,0.0307292,109036.5,0.020968557692307693,2357.144611196291,15131.411995103375,0.05303811
0.03994932,0.03076817,108813.5,0.020925673076923078,2349.6581846537983,15083.353762338422,0.05288555
0.04004068,0.0308071,108589.2,0.02088253846153846,2341.912507286937,15033.631299464305,0.05273011
0.04013205,0.030846,108364.5,0.020839326923076922,2334.093003912107,14983.434919233903,0.05257352
0.04022344,0.03088487,108138.5,0.020795865384615385,2326.0471812503424,14931.785709017262,0.05241452
0.04031483,0.0309237,107912.2,0.020752346153846152,2317.9324986830024,14879.694460753291,0.05225443
0.04040625,0.0309625,107684.6,0.020708576923076923,2309.6392531220977,14826.456948399342,0.05209255
0.04049768,0.03100127,107456.6,0.020664730769230772,2301.284400594794,14772.823957386203,0.05192965
0.04058912,0.03104,107227.3,0.020620634615384617,2292.786350797908,14718.27172837963,0.05176539
0.04068057,0.0310787,106997.7,0.020576480769230767,2284.224544035925,14663.310219050647,0.05160005
0.04077204,0.03111737,106766.9,0.020532096153846154,2275.511203214568,14607.375954688821,0.05143328
0.04086353,0.031156,106535.8,0.020487653846153846,2266.731161607154,14551.01351249292,0.05126542
0.04095503,0.0311946,106303.7,0.02044301923076923,2257.7855478275847,14493.588199253849,0.05109602
0.04104654,0.03123317,106071.3,0.020398326923076925,2248.7739924532,14435.73958171939,0.05092556
0.04113807,0.0312717,105838.2,0.0203535,2239.6149437852246,14376.944148371751,0.05075389
0.04122961,0.03131021,105604.7,0.020308596153846153,2230.399891042195,14317.7892034655,0.05058127
0.04132116,0.03134867,105370.6,0.020263576923076926,2221.0578307565565,14257.818948609836,0.05040771
0.04141273,0.03138711,105136.1,0.02021848076923077,2211.666589481978,14197.532982192635,0.05023329
0.04150431,0.03142551,104901.2,0.020173307692307692,2202.1749938924972,14136.602803079675,0.05005831
0.04159591,0.03146388,104665.9,0.02012805769230769,2192.645953357702,14075.432250553902,0.04988262
0.04168752,0.03150222,104430.2,0.02008273076923077,2183.065568922331,14013.932101910283,0.04970694
0.04177914,0.03154052,104194.2,0.020037346153846152,2173.4428818662764,13952.160396579393,0.04953045
0.04187078,0.03157879,103958.1,0.019991942307692308,2163.7376218899826,13889.858624119894,0.0493537
0.04196243,0.03161703,103721.8,0.0199465,2153.9768012630666,13827.200186612656,0.04917599
0.04205409,0.03165523,103486.3,0.019901211538461538,2144.076289519589,13763.645018448029,0.04899755
0.04214577,0.0316934,103250.7,0.019855903846153846,2134.1058244853307,13699.640793378627,0.04881798
0.04223746,0.03173155,103017.2,0.019811,2124.0057904340774,13634.804815276919,0.0486381
0.04232917,0.03176965,102783.5,0.019766057692307694,2113.8654638368134,13569.710183925372,0.04845754
0.04242088,0.03180773,102552.6,0.019721653846153847,2103.713786316061,13504.542686658426,0.04827818
0.04251261,0.03184577,102321.6,0.01967723076923077,2093.553821867322,13439.321992434045,0.04809848
0.04260436,0.03188378,102093.1,0.019633288461538462,2083.5067020152987,13374.825690797301,0.04792134
0.04269612,0.03192175,101864.5,0.019589326923076925,2073.4569536423683,13310.312515680414,0.04774386
0.0427879,0.0319597,101638.1,0.01954578846153846,2063.454466798002,13246.102730375434,0.04756792
0.04287968,0.0319976,101411.7,0.01950225,2053.421698614635,13181.698557583995,0.04739131
0.04297148,0.03203548,101187.8,0.01945919230769231,2043.3298781806777,13116.91530583038,0.047215
0.04306329,0.03207332,100964.0,0.019416153846153847,2033.184872396211,13051.79063698812,0.04703776
0.04315512,0.03211114,100743.5,0.01937375,2022.8912551222961,12985.711974206175,0.04685988
0.04324696,0.03214892,100523.1,0.019331365384615384,2012.5480277253773,12919.314845087149,0.04668119
0.04333882,0.03218667,100306.5,0.019289711538461537,2002.1349989672306,12852.4696343572,0.04650289
0.04343068,0.03222438,100090.0,0.019248076923076923,1991.690818997997,12785.42445209947,0.04632401
0.04352256,0.03226207,99877.02,0.019207119230769232,1981.2577267192942,12718.4504459642,0.04614633
0.04361445,0.03229972,99664.09,0.019166171153846154,1970.80809130143,12651.370243097019,0.04596823
0.04370636,0.03233733,99453.67,0.01912570576923077,1960.4235958040606,12584.708198271417,0.0457917
0.04379828,0.03237492,99243.29,0.019085248076923075,1950.0111622765244,12517.866808554214,0.04561451
0.04389022,0.03241247,99034.54,0.019045103846153846,1939.576285570954,12450.881347500996,0.04543755
0.04398216,0.03244999,98825.81,0.01900496346153846,1929.068444668035,12383.427501383183,0.04525941
0.04407412,0.03248748,98618.44,0.018965084615384615,1918.3459941238066,12314.595993969007,0.04507909
0.04416609,0.03252493,98410.1,0.01892501923076923,1908.3021908619812,12250.12098279211,0.04490637
0.04425808,0.03256236,98199.94,0.018884603846153848,1913.1546431192758,12281.270728099604,0.04490881
0.04435008,0.03259975,97991.6,0.01884453846153846,1917.3923968333725,12308.474488563512,0.04490428
0.04444209,0.03263711,97786.12,0.018805023076923076,1906.6078666807803,12239.244468420764,0.04472377
0.04453411,0.03267444,97579.86,0.018765357692307694,1895.2449193293114,12166.301367247823,0.04453615
0.04462615,0.03271173,97373.25,0.018725625,1883.9486527965387,12093.786315730838,0.04434937
0.0447182,0.03274899,97166.46,0.018685857692307694,1872.6039459368128,12020.960307244635,0.04416166
0.04481027,0.03278623,96958.06,0.01864578076923077,1861.2071577540403,11947.799968843958,0.04397312
0.04490234,0.03282342,96749.41,0.01860565576923077,1849.7288835262948,11874.116540382329,0.04378321
0.04499443,0.03286059,96538.19,0.01856503653846154,1838.1760610911497,11799.954558490292,0.04359201
0.04508654,0.03289773,96326.64,0.018524353846153845,1826.5282033044791,11725.182508360946,0.04339926
0.04517866,0.03293483,96111.79,0.018483036538461537,1814.7923623751333,11649.845660817764,0.04320496
0.04527078,0.0329719,95896.54,0.018441642307692307,1802.950824758836,11573.830305851157,0.04300899
0.04536293,0.03300894,95677.39,0.018399498076923076,1791.0505051391453,11497.437606742398,0.04281173
0.04545508,0.03304594,95457.77,0.018357263461538462,1779.0430371653722,11420.357081404176,0.04261277
0.04554725,0.03308292,95233.65,0.01831416346153846,1767.008830480492,11343.104910061691,0.04241284
0.04563942,0.03311986,95009.01,0.01827096346153846,1754.865729780377,11265.153706423738,0.04221115
0.04573162,0.03315677,94779.37,0.01822680192307692,1742.7235376230583,11187.208335069174,0.04200881
0.04582383,0.03319365,94549.16,0.018182530769230768,1730.4648040870195,11108.514840070642,0.04180458
0.04591604,0.0332305,94313.77,0.01813726346153846,1718.2209102882896,11029.916607016605,0.04159991
0.04600827,0.03326732,94077.76,0.018091876923076924,1705.8627847393761,10950.585076706753,0.0413934
0.04610052,0.0333041,93836.58,0.018045496153846156,1693.589612562339,10871.798894554213,0.04118737
0.04619277,0.03334085,93594.76,0.017998992307692308,1681.2140597735468,10792.355492132107,0.04097965
0.04628504,0.03337757,93347.66,0.017951473076923078,1669.0145225473357,10714.042000867048,0.04077361
0.04637733,0.03341426,93099.89,0.017903824999999998,1656.7357066010882,10635.219589203292,0.04056615
0.04646961,0.03345091,92846.75,0.01785514423076923,1644.6832700811624,10557.850393583483,0.04036102
0.04656193,0.03348754,92592.93,0.01780633269230769,1632.544814522384,10479.929008882817,0.04015432
0.04665423,0.03352412,92334.14,0.017756565384615383,1620.5997114821207,10403.24882788431,0.03994969
0.04674657,0.03356069,92074.7,0.017706673076923075,1608.560674050166,10325.96564613038,0.0397434
0.04683892,0.03359722,91811.39,0.01765603653846154,1596.6857996905085,10249.736289869174,0.03953913
0.04693128,0.03363372,91547.49,0.01760528653846154,1584.726818181344,10172.96701767541,0.03933337
0.04702365,0.03367019,91281.12,0.01755406153846154,1573.0267849000231,10097.86003310808,0.03913124
0.04711603,0.03370662,91014.22,0.017502734615384617,1561.2718948014747,10022.400901668525,0.03892803
0.04720842,0.03374303,90746.03,0.017451159615384616,1549.8828116547752,9949.290024838725,0.03873009
0.04730083,0.0337794,90477.41,0.017399501923076925,1538.4656171053612,9875.998690172688,0.03853142
0.04739325,0.03381575,90208.68,0.017347823076923074,1527.466347489331,9805.390175355726,0.03833895
0.04748568,0.03385206,89939.6,0.017296076923076924,1516.4466601306021,9734.650591246149,0.0381458
0.04757812,0.03388834,89671.86,0.017244588461538462,1505.829894457815,9666.497515407122,0.03795897
0.04767058,0.03392458,89403.89,0.017193055769230768,1495.2129699431932,9598.343419901661,0.03777181
0.04776305,0.0339608,89138.82,0.01714208076923077,1485.0286752563695,9532.966540581701,0.03759165
0.04785552,0.03399698,88873.64,0.017091084615384614,1474.8654251901492,9467.724754723178,0.03741146
0.04794802,0.03403314,88612.8,0.01704092307692308,1465.171513448426,9405.495830917887,0.03723903
0.04804052,0.03406926,88351.98,0.016990765384615383,1455.516987472763,9343.519739395424,0.03706682
0.04813304,0.03410535,88096.97,0.016941725,1446.3124102736151,9284.432041008367,0.03690234
0.04822557,0.0341414,87842.11,0.01689271346153846,1437.1510480109343,9225.62175581222,0.03673814
0.04831811,0.03417743,87594.68,0.01684513076923077,1428.3940969918763,9169.407540926584,0.03658132
0.04841066,0.03421343,87347.55,0.01679760576923077,1419.6830662848831,9113.488106071625,0.03642486
0.04850322,0.03424939,87109.41,0.016751809615384618,1411.3597341137136,9060.057456269386,0.03627579
0.04859581,0.03428533,86871.66,0.01670608846153846,1403.099398936969,9007.031208247407,0.03612735
0.04868839,0.03432123,86644.09,0.016662325,1395.2192563582184,8956.445561794973,0.03598629
0.048781,0.0343571,86417.01,0.01661865576923077,1387.4080014277433,8906.302131480863,0.03584596
0.0488736,0.03439294,86200.89,0.01657709423076923,1379.9440165566475,8858.387960380242,0.03571261
0.04896624,0.03442875,85985.34,0.016535642307692305,1372.5458375373569,8810.89622218875,0.03557997
0.04905887,0.03446453,85781.43,0.016496428846153845,1365.4404211015128,8765.28383889379,0.03545356
0.04915152,0.03450028,85578.14,0.016457334615384615,1358.3936088188761,8720.047658052677,0.03532779
0.04924419,0.034536,85386.98,0.016420573076923076,1351.6274953891882,8676.613390412114,0.03520805
0.04933686,0.03457169,85196.47,0.016383936538461537,1344.9197595620512,8633.553870910164,0.03508897
0.04942955,0.03460735,85018.15,0.01634964423076923,1338.4869394543007,8592.259140464517,0.0349757
0.04952225,0.03464297,84840.49,0.016315478846153846,1332.1104820318158,8551.326223633469,0.03486306
0.04961496,0.03467857,84674.64,0.016283584615384615,1325.9765003412233,8511.949851182704,0.03475555
0.04970768,0.03471413,84509.44,0.016251815384615384,1319.8867062020227,8472.857135509717,0.03464849
0.04980041,0.03474966,84355.4,0.016222192307692306,1313.985081847184,8434.972353587882,0.03454557
0.04989315,0.03478516,84202.0,0.016192692307692307,1308.1149998211952,8397.290053928207,0.03444294
0.04998591,0.03482063,84058.87,0.016165167307692307,1302.3783232238372,8360.464134693138,0.03434343
0.05007868,0.03485607,83916.34,0.016137757692307693,1296.660579635323,8323.75975367671,0.03424404
0.05017146,0.03489148,83782.99,0.01611211346153846,1291.0328118901998,8287.632961981484,0.0341469
0.05026425,0.03492686,83650.17,0.016086571153846152,1285.4176360177853,8251.587002328908,0.03404979
0.05035705,0.03496221,83525.09,0.016062517307692308,1279.867270601342,8215.957085759235,0.03395428
0.05044987,0.03499753,83400.48,0.016038553846153845,1274.3228402082325,8180.365268372294,0.03385872
0.05054269,0.03503281,83281.88,0.016015746153846155,1268.8184565551398,8145.030526312583,0.03376406
0.05063553,0.03506807,83163.65,0.015993009615384614,1263.3154851409129,8109.704849953811,0.03366928
0.05072839,0.0351033,83049.46,0.01597105,1257.8225742449847,8074.443755906425,0.03357464
0.05082125,0.03513849,82935.54,0.015949142307692305,1252.3222007724821,8039.134756728332,0.03347972
0.0509141,0.03517365,82823.61,0.015927617307692307,1246.7690884295514,8003.487206587854,0.03338376
0.051007,0.03520878,82711.86,0.015906126923076924,1241.1951954852343,7967.706257826184,0.03328733
0.05109989,0.03524388,82600.19,0.015884651923076924,1235.5112877345605,7931.219081982544,0.0331888
0.0511928,0.03527896,82488.62,0.015863196153846154,1229.7933326184923,7894.513343089916,0.03308963
0.05128572,0.035314,82375.37,0.015841417307692306,1223.9495830046615,7857.0000812462895,0.03298795
0.05137864,0.03534901,82262.13,0.015819640384615384,1218.0667332759595,7819.235820823975,0.03288553
0.05147159,0.035384,82145.54,0.015797219230769228,1212.0366281454526,7780.526271706757,0.03278011
0.05156454,0.03541894,82028.87,0.01577478269230769,1205.9566799490274,7741.496760902876,0.0326738
0.05165752,0.03545387,81907.45,0.015751432692307693,1199.7121150654045,7701.410512678888,0.03256409
0.05175049,0.03548876,81785.87,0.015728051923076924,1193.4047755357205,7660.921290013753,0.03245328
0.05184348,0.03552362,81658.54,0.015703565384615384,1186.9149078193334,7619.2603491686605,0.03233877
0.05193648,0.03555845,81530.97,0.015679032692307693,1180.3590903222605,7577.1760514799535,0.03222313
0.05202949,0.03559325,81396.81,0.015653232692307693,1173.6581205172902,7534.159965659791,0.03210426
0.05212251,0.03562802,81262.35,0.015627375000000002,1166.892694888108,7490.730113273505,0.03198425
0.05221554,0.03566276,81120.52,0.0156001,1160.0290640497917,7446.669844122622,0.03186164
0.05230858,0.03569747,80978.33,0.01557275576923077,1153.1026863369607,7402.206778806762,0.0317379
0.05240164,0.03573215,80828.22,0.015543888461538462,1146.101866283998,7357.26583966294,0.03161183
0.05249471,0.0357668,80677.68,0.015514938461538461,1139.0295154360024,7311.865717011734,0.03148446
0.05258779,0.03580142,80519.05,0.015484432692307693,1131.8748350548071,7265.937089626329,0.0313547
0.05268088,0.03583601,80359.97,0.015453840384615385,1124.6402441907696,7219.495486315362,0.03122351
0.05277398,0.03587057,80193.11,0.015421751923076923,1117.3226957542533,7172.52134664607,0.03109004
0.05286709,0.03590509,80025.8,0.015389576923076924,1109.9209199817487,7125.006519521272,0.03095508
0.05296021,0.03593959,79851.33,0.015356025,1102.4856270106955,7077.27653269106,0.03081875
0.05305334,0.03597406,79676.41,0.01532238653846154,1094.9769948217634,7029.075753396164,0.0306811
0.05314648,0.0360085,79495.0,0.0152875,1087.5104550126553,6981.145181172122,0.03054333
0.05323964,0.03604291,79313.13,0.015252525000000001,1079.9817161579206,6932.815329506078,0.03040438
0.05333281,0.03607729,79125.41,0.015216425,1072.563432823408,6885.194534032715,0.03026644
0.05342599,0.03611164,78937.24,0.015180238461538462,1065.090950316686,6837.225813361805,0.03012741
0.05351918,0.03614596,78743.97,0.015143071153846154,1057.745058265812,6790.069725201004,0.02998973
0.05361238,0.03618025,78550.27,0.015105821153846155,1050.3475287976146,6742.582156726194,0.02985101
0.05370559,0.03621451,78352.43,0.015067774999999999,1043.0897832776589,6695.991914830798,0.02971402
0.05379881,0.03624873,78154.19,0.015029651923076924,1035.7870863220417,6649.113112492595,0.02957607
0.05389204,0.03628293,77952.82,0.014990926923076924,1028.6413416025225,6603.241846534074,0.0294403
0.05398529,0.0363171,77751.11,0.014952136538461539,1021.4603361948208,6557.14422874394,0.02930375
0.05407854,0.03635124,77547.27,0.01491293653846154,1014.4799213290721,6512.334278294281,0.02917019
0.05417181,0.03638535,77343.13,0.014873678846153846,1007.4708998311687,6467.340690941366,0.02903593
0.05426508,0.03641943,77137.84,0.014834199999999999,1000.6685319873715,6423.673692362734,0.0289049
0.05435837,0.03645348,76932.29,0.014794671153846153,993.843113345632,6379.858721903707,0.02877326
0.05445167,0.03648751,76726.57,0.014755109615384617,987.2182867189305,6337.33142824145,0.02864492
0.05454498,0.0365215,76520.64,0.014715507692307693,980.5728243287133,6294.67166572764,0.02851602
0.05463829,0.03655546,76315.51,0.014676059615384615,974.1360250958782,6253.351391757533,0.0283907
0.05473162,0.0365894,76110.25,0.01463658653846154,967.6904601354042,6211.974847232063,0.02826505
0.05482496,0.0366233,75906.54,0.014597411538461537,961.4867627482232,6172.150943084434,0.02814358
0.05491832,0.03665717,75702.74,0.014558219230769233,955.2848022097357,6132.338188432271,0.02802194
0.05501167,0.03669102,75501.03,0.014519428846153846,949.343632371614,6094.199548941723,0.02790483
0.05510505,0.03672483,75299.21,0.014480617307692309,943.4127482678282,6056.126937510367,0.02778766
0.05519843,0.03675862,75099.85,0.014442278846153848,937.7132904965822,6019.539940142544,0.02767461
0.05529183,0.03679237,74900.57,0.01440395576923077,932.0159558682228,5982.966572040226,0.02756139
0.05538523,0.0368261,74704.28,0.014366207692307693,926.5369209521199,5947.794553209768,0.02745213
0.05547865,0.03685979,74507.97,0.01432845576923077,921.0668458986571,5912.680051161429,0.02734283
0.05557208,0.03689346,74314.92,0.014291330769230769,915.8061540454627,5878.90965988723,0.02723737
0.05566551,0.0369271,74121.92,0.014254215384615384,910.560317849674,5845.234632754712,0.02713199
0.05575896,0.0369607,73932.36,0.014217761538461538,905.5226705139074,5812.8960494698995,0.02703044
0.05585242,0.03699428,73742.85,0.014181317307692308,900.4969951971631,5780.634319150058,0.0269289
0.05594589,0.03702783,73556.96,0.014145569230769232,895.6518079668573,5749.531210826992,0.02683076
0.05603937,0.03706135,73371.14,0.014109834615384615,890.8164171159584,5718.49098920683,0.02673261
0.05613286,0.03709484,73189.08,0.014074823076923077,886.1402356984904,5688.472793778572,0.02663755
0.05622636,0.0371283,73007.12,0.014039830769230769,881.4752804171611,5658.526663208033,0.02654252
0.05631987,0.03716174,72828.96,0.014005569230769233,876.9733151209148,5629.626827635116,0.02645064
0.05641339,0.03719514,72650.91,0.013971328846153847,872.4839568000025,5600.807921054372,0.02635881
0.05650692,0.03722851,72476.6,0.013937807692307694,868.1567482769065,5573.029915988124,0.02627009
0.05660046,0.03726186,72302.39,0.01390430576923077,863.8433696379877,5545.340690233225,0.02618145
0.05669401,0.03729518,72131.79,0.013871498076923075,859.6921393680186,5518.692356820381,0.02609588
0.05678757,0.03732846,71961.3,0.01383871153846154,855.5531745222415,5492.122759852414,0.02601038
0.05688115,0.03736172,71794.32,0.013806600000000002,851.5665036691539,5466.530796219634,0.02592775
0.05697473,0.03739495,71627.45,0.013774509615384616,847.5883022584989,5440.993201174257,0.02584514
0.05706832,0.03742815,71464.07,0.013743090384615386,843.7499212439677,5416.353166681177,0.0257652
0.05716193,0.03746132,71300.82,0.013711696153846155,839.9175958864582,5391.752005764568,0.02568524
0.05725554,0.03749446,71141.1,0.01368098076923077,836.2061813261763,5367.927017459014,0.02560767
0.05734916,0.03752758,70981.52,0.013650292307692309,832.4969556681441,5344.116080553446,0.02553001
0.0574428,0.03756066,70825.54,0.013620296153846153,828.9038485880062,5321.050553171783,0.02545469
0.05753644,0.03759372,70669.7,0.013590326923076922,825.3191499102819,5298.039002538315,0.02537942
0.05763009,0.03762675,70517.38,0.013561034615384616,821.8753466930932,5275.931913706418,0.02530687
0.05772376,0.03765974,70365.2,0.013531769230769231,818.4453711149268,5253.913589773361,0.02523445
0.05781744,0.03769271,70216.33,0.013503140384615385,815.1810831389014,5232.958877872662,0.02516511
0.05791112,0.03772565,70067.58,0.013474534615384616,811.9339812870411,5212.1144902703145,0.02509594
0.05800482,0.03775856,69921.95,0.013446528846153846,808.8315941431973,5192.199081678566,0.02502944
0.05809852,0.03779144,69776.43,0.01341854423076923,805.7382875949644,5172.341964900012,0.02496295
0.05819224,0.03782429,69634.02,0.013391157692307693,802.7447543774924,5153.125331258003,0.02489841
0.05828596,0.03785711,69491.73,0.01336379423076923,799.7525528121892,5133.917246000128,0.02483378
0.0583797,0.03788991,69352.75,0.013337067307692308,796.8254469023669,5115.127034629794,0.02477058
0.05847344,0.03792268,69213.89,0.01331036346153846,793.8989566072,5096.340775125178,0.02470733
0.0585672,0.03795542,69078.48,0.013284323076923076,791.0608162826711,5078.121667843267,0.02464594
0.05866097,0.03798813,68943.2,0.013258307692307693,788.2289982596856,5059.9431458309045,0.0245846
0.05875474,0.03802081,68811.35,0.013232951923076924,785.5117930385328,5042.500367190504,0.02452554
0.05884851,0.03805346,68679.63,0.013207621153846156,782.8058379970496,5025.129807752435,0.02446661
0.05894232,0.03808609,68551.13,0.013182909615384616,780.2298954679126,5008.593848312807,0.02441016
0.05903611,0.03811868,68422.76,0.013158223076923076,777.6657400843116,4992.133555064596,0.02435382
0.05912994,0.03815125,68297.49,0.013134132692307694,775.203433535526,4976.327068406569,0.02429945
0.05922376,0.03818379,68172.33,0.013110063461538462,772.7489693944323,4960.570925160336,0.02424513
0.05931759,0.03821629,68050.23,0.013086582692307691,770.3744722109974,4945.328120373093,0.02419241
0.05941144,0.03824878,67928.25,0.013063125,768.004313899448,4930.113168462497,0.02413967
0.05950529,0.03828123,67809.34,0.013040257692307692,765.6903112717316,4915.2587013452,0.02408829
0.05959917,0.03831366,67690.55,0.013017413461538462,763.3791960657206,4900.422769691201,0.02403689
0.05969304,0.03834605,67574.82,0.012995157692307694,761.1286014534187,4885.975342854959,0.02398705
0.05978693,0.03837842,67459.21,0.012972925000000001,758.8836015789905,4871.563830779046,0.02393724
0.05988082,0.03841076,67346.45,0.012951240384615384,756.7043933358251,4857.57466032517,0.02388901
0.05997472,0.03844307,67233.81,0.012929578846153846,754.5331917560662,4843.636887703286,0.02384085
0.06006864,0.03847536,67123.75,0.01290841346153846,752.4334543790727,4830.157871107575,0.02379422
0.06016256,0.03850761,67013.78,0.012887265384615385,750.3413408240013,4816.7277947380735,0.02374766
0.0602565,0.03853984,66906.1,0.012866557692307693,748.3107492375464,4803.6926513945145,0.0237023
0.06035044,0.03857203,66798.51,0.012845867307692306,746.2837919698394,4790.680838131782,0.02365694
0.06044439,0.0386042,66692.94,0.012825565384615385,744.302540037946,4777.96242488502,0.02361244
0.06053834,0.03863634,66587.45,0.012805278846153846,742.321618552468,4765.246132900071,0.02356789
0.06063232,0.03866845,66483.72,0.012785330769230769,740.3694492337821,4752.714412060829,0.02352387
0.06072629,0.03870054,66380.07,0.012765398076923078,738.4164637847565,4740.177452169068,0.02347979
0.06082029,0.0387326,66277.91,0.012745751923076924,736.4915293062353,4727.8205621760935,0.02343621
0.0609143,0.03876463,66175.82,0.012726119230769233,734.5664655871279,4715.462842538411,0.02339258
0.06100831,0.03879663,66074.9,0.012706711538461537,732.6741804968619,4703.31554144496,0.02334949
0.06110233,0.0388286,65974.02,0.012687311538461539,730.7812745229666,4691.164254662234,0.02330633
0.06119636,0.03886055,65873.93,0.01266806346153846,728.92184035097,4679.2278361664785,0.02326368
0.0612904,0.03889246,65773.87,0.012648821153846152,727.0618903739754,4667.288106521336,0.02322096
0.06138444,0.03892435,65674.16,0.012629646153846154,725.2220655026557,4655.477567619929,0.02317845
0.0614785,0.03895621,65574.48,0.012610476923076923,723.3793597132253,4643.648535004283,0.02313583
0.06157257,0.03898804,65474.74,0.012591296153846153,721.5454464488214,4631.875944966671,0.02309319
0.06166664,0.03901985,65375.0,0.012572115384615385,719.7070723538865,4620.074719153263,0.02305041
0.06176073,0.03905162,65274.79,0.01255284423076923,717.8696522013273,4608.279617060495,0.02300745
0.06185483,0.03908337,65174.57,0.012533571153846153,716.0274713082615,4596.453953955192,0.02296435
0.06194893,0.03911509,65073.47,0.012514128846153846,714.1915641884569,4584.668564597851,0.02292112
0.06204305,0.03914679,64972.33,0.012494678846153847,712.3488283819579,4572.839339291172,0.02287771
0.06213717,0.03917845,64869.93,0.012474986538461538,710.5078337738132,4561.021291402094,0.02283404
0.0622313,0.03921009,64767.48,0.012455284615384615,708.6574467105518,4549.142949754481,0.02279016
0.06232544,0.0392417,64663.42,0.012435273076923077,706.8012142352029,4537.227084172971,0.02274588
0.06241959,0.03927328,64559.31,0.012415251923076923,704.9318914209829,4525.227186704036,0.02270131
0.06251376,0.03930483,64453.35,0.012394875,703.0491826997013,4513.1413599825155,0.02265621
0.06260793,0.03933636,64347.33,0.012374486538461538,701.1548591295324,4500.980973107603,0.02261087
0.06270211,0.03936786,64239.22,0.012353696153846154,699.259020532673,4488.810860697428,0.0225652
0.0627963,0.03939933,64131.02,0.01233288846153846,697.3540807431423,4476.582324253655,0.02251933
0.06289049,0.03943077,64020.45,0.012311625,695.4597941178736,4464.4221745421755,0.0224733
0.0629847,0.03946219,63909.77,0.012290340384615383,693.5583282173479,4452.215938319405,0.02242709
0.06307892,0.03949358,63796.42,0.012268542307692308,691.6704707093193,4440.0970595682475,0.02238073
0.06317314,0.03952493,63682.95,0.012246721153846153,689.7723277326756,4427.912154463665,0.02233413
0.06326738,0.03955627,63566.59,0.01222434423076923,687.8775916504529,4415.749119516246,0.02228719
0.06336162,0.03958757,63450.12,0.012201946153846155,685.9685270944628,4403.494104620374,0.02223995
0.06345588,0.03961885,63330.7,0.012178980769230768,684.0546394450146,4391.208128444545,0.02219225
0.06355014,0.0396501,63211.16,0.012155992307692308,682.1231706705772,4378.809292309134,0.02214419
0.06364441,0.03968132,63088.75,0.012132451923076923,680.1935809512906,4366.422518546779,0.02209586
0.06373869,0.03971252,62966.21,0.012108886538461539,678.248728008214,4353.937764318381,0.02204722
0.06383298,0.03974369,62840.88,0.012084784615384614,676.3259032185824,4341.5944172245645,0.02199868
0.06392728,0.03977482,62715.42,0.012060657692307693,674.3913148720449,4329.17555536376,0.0219499
0.06402158,0.03980594,62587.2,0.012036,672.4955038920104,4317.005620236538,0.0219015
0.0641159,0.03983702,62458.85,0.012011317307692308,670.5895499658612,4304.770573662279,0.02185289
0.06421023,0.03986808,62327.85,0.011986125,668.7250265522785,4292.80148538003,0.02180472
0.06430456,0.03989911,62196.72,0.011960907692307692,666.8487282404103,4280.756809526143,0.02175628
0.06439889,0.03993011,62063.15,0.011935221153846154,665.0060730131913,4268.928101488655,0.0217082
0.06449325,0.03996108,61929.45,0.011909509615384615,663.1512951130021,4257.021573380932,0.02165984
0.06458761,0.03999203,61793.59,0.011883382692307692,661.3290262639352,4245.323733295049,0.02161186
0.06468198,0.04002295,61657.6,0.01185723076923077,659.4939503722392,4233.543679908574,0.02156361
0.06477637,0.04005385,61519.75,0.011830721153846153,657.7056754800743,4222.064060022159,0.02151606
0.06487075,0.04008471,61381.79,0.011804190384615386,655.9076453104515,4210.521817281956,0.0214683
0.06496516,0.04011555,61242.28,0.011777361538461538,654.1646396264189,4199.332797741267,0.02142143
0.06505955,0.04014636,61102.67,0.01175051346153846,652.4150294064747,4188.10138116077,0.0213744
0.06515397,0.04017715,60961.85,0.011723432692307693,650.726697893145,4177.263336014468,0.02132842
0.0652484,0.04020791,60820.94,0.011696334615384616,649.0337280390917,4166.3955155866115,0.02128232
0.06534283,0.04023864,60679.22,0.01166908076923077,647.4013938951861,4155.916938952922,0.02123731
0.06543728,0.04026935,60537.42,0.011641811538461538,645.7643344239642,4145.408028637499,0.02119219
0.06553173,0.04030002,60395.2,0.011614461538461537,644.2033882103811,4135.387718408024,0.0211485
0.06562619,0.04033067,60252.92,0.0115871,642.6401807312876,4125.35289225114,0.02110474
0.06572065,0.0403613,60110.64,0.011559738461538462,641.1670809805211,4115.896502035259,0.0210627
0.06581513,0.04039189,59968.31,0.011532367307692307,639.6940742906451,4106.440709212796,0.02102062
0.06590961,0.04042246,59826.42,0.011505080769230768,638.30953554156,4097.55282590853,0.02098026
0.06600411,0.040453,59684.51,0.011477790384615385,636.9248400421832,4088.663936364243,0.02093987
0.06609861,0.04048351,59543.53,0.011450678846153845,635.6234411256727,4080.309759415504,0.02090117
0.06619313,0.040514,59402.55,0.011423567307692308,634.3243517323392,4071.9704081785753,0.02086247
0.06628765,0.04054446,59262.99,0.011396728846153845,633.1075719134087,4064.159433552704,0.02082553
0.06638218,0.04057489,59123.44,0.011369892307692309,631.8963152238797,4056.3839140050136,0.02078864
0.06647671,0.0406053,58985.71,0.011343405769230768,630.7827485282284,4049.2355038583087,0.02075381
0.06657126,0.04063568,58848.0,0.011316923076923077,629.6801032386633,4042.157202390669,0.02071913
0.06666581,0.04066603,58712.4,0.011290846153846155,628.6721688521989,4035.6868864019175,0.02068644
0.06676038,0.04069635,58576.85,0.011264778846153846,627.6744585590758,4029.2822027752563,0.02065389
0.06685495,0.04072665,58443.76,0.011239184615384616,626.7635751854621,4023.434894324103,0.02062324
0.06694953,0.04075692,58310.74,0.011213603846153846,625.8609892887915,4017.640850548163,0.02059269
0.06704412,0.04078717,58180.61,0.011188578846153846,625.0342602196204,4012.333760735117,0.02056392
0.06713872,0.04081739,58050.55,0.011163567307692308,624.2154247682033,4007.0773430708227,0.02053526
0.06723332,0.04084758,57923.81,0.01113919423076923,623.4873090989805,4002.40329035519,0.02050871
0.06732794,0.04087775,57797.15,0.011114836538461539,622.7700041089889,3997.798635520628,0.02048233
0.06742256,0.04090789,57674.17,0.011091186538461539,622.1564785898399,3993.8601807666614,0.02045831
0.06751719,0.040938,57551.28,0.011067553846153846,621.5595294033643,3990.0281358264406,0.02043456
0.06761184,0.04096809,57432.29,0.011044671153846154,621.0776639399581,3986.9348572815534,0.02041334
0.06770649,0.04099815,57313.41,0.011021809615384615,620.6155252164837,3983.968212218468,0.0203924
0.06780114,0.04102818,57198.61,0.010999732692307692,620.2493713214227,3981.617730447658,0.02037364
0.06789579,0.04105818,57083.92,0.010977676923076923,619.9011106380382,3979.382112040134,0.02035512
0.06799047,0.04108815,56973.46,0.010956434615384616,619.6329679761276,3977.6608018279558,0.02033851
0.06808516,0.04111811,56863.13,0.010935217307692308,619.3818854019693,3976.0490068382314,0.02032213
0.06817984,0.04114803,56757.23,0.010914851923076924,619.197890750965,3974.867874863547,0.02030746
0.06827456,0.04117794,56651.46,0.010894511538461538,619.0295315559779,3973.7871128558136,0.02029303
0.06836927,0.04120781,56550.29,0.01087505576923077,618.9461808226102,3973.252052647505,0.02028065
0.06846398,0.04123766,56449.26,0.010855626923076924,618.8806884464681,3972.8316320584418,0.02026854
0.0685587,0.04126748,56352.89,0.01083709423076923,618.9093232504837,3973.015449807638,0.02025862
0.06865343,0.04129727,56256.67,0.010818590384615384,618.9581800508986,3973.329080279154,0.02024902
0.06874817,0.04132704,56165.09,0.010800978846153846,619.1098109194606,3974.302456767168,0.02024171
0.06884292,0.04135678,56073.66,0.010783396153846155,619.2806828009006,3975.3993486694153,0.02023467
0.06893768,0.0413865,55986.88,0.010766707692307692,619.5396916464401,3977.062025424001,0.02022964
0.06903245,0.04141619,55900.25,0.010750048076923077,619.8169731399541,3978.842001288464,0.02022487
0.06912722,0.04144585,55818.27,0.010734282692307692,620.1802253474839,3981.173856018189,0.02022205
0.069222,0.04147548,55736.43,0.01071854423076923,620.5617030013618,3983.622706852514,0.0202195
0.06931679,0.04150509,55659.21,0.01070369423076923,621.0266515499477,3986.6073892567083,0.02021882
0.06941159,0.04153467,55582.13,0.010688871153846154,621.5099369901473,3989.7097831752476,0.02021842
0.0695064,0.04156423,55509.61,0.010674925,622.0808193619052,3993.374495270883,0.02021993
0.06960122,0.04159376,55437.22,0.010661003846153847,622.6681052085529,3997.1445075400957,0.02022166
0.06969604,0.04162326,55369.32,0.010647946153846153,623.3361847985378,4001.433165721509,0.02022516
0.06979087,0.04165274,55301.56,0.010634915384615385,624.0197282815553,4005.821092541517,0.02022887
0.06988571,0.04168219,55238.21,0.010622732692307691,624.776789617337,4010.680958551801,0.0202342
0.06998056,0.04171162,55175.0,0.010610576923076922,625.5501253032152,4015.645295834272,0.02023976
0.07007542,0.04174102,55116.08,0.010599246153846154,626.402202052693,4021.1151020933185,0.020247
0.07017028,0.04177039,55057.29,0.010587940384615385,627.2716658094743,4026.6965221963424,0.02025448
0.07026515,0.04179973,55002.59,0.010577421153846153,628.217008108022,4032.765035654439,0.02026353
0.07036003,0.04182906,54948.01,0.010566925,629.1779157922771,4038.9334692713924,0.02027279
0.07045492,0.04185835,54897.3,0.010557173076923077,630.2139562235308,4045.5842087018123,0.02028358
0.07054982,0.04188762,54846.71,0.010547444230769231,631.2628020340978,4052.3171507553648,0.02029452
0.07064472,0.04191686,54799.82,0.010538426923076922,632.3788768480399,4059.4816614718056,0.02030683
0.07073963,0.04194608,54753.04,0.010529430769230769,633.5073555353534,4066.7257973913106,0.0203193
0.07083455,0.04197527,54709.77,0.010521109615384616,634.7086999248819,4074.4376860975085,0.02033321
0.07092948,0.04200444,54666.62,0.01051281153846154,635.9231376302687,4082.233625801551,0.02034729
0.07102442,0.04203358,54626.75,0.010505144230769231,637.2173953107408,4090.5419604272797,0.02036288
0.07111936,0.04206269,54586.99,0.010497498076923076,638.5242898338672,4098.931415774923,0.02037863
0.07121431,0.04209178,54550.29,0.010490440384615385,639.9106597685723,4107.831054159435,0.02039581
0.07130927,0.04212084,54513.69,0.010483401923076924,641.3062859793396,4116.790112117091,0.02041307
0.07140423,0.04214987,54479.98,0.010476919230769231,642.7683759989312,4126.175826661411,0.02043152
0.0714992,0.04217888,54446.36,0.010470453846153846,644.2384380903482,4135.612716981145,0.02045003
0.0715942,0.04220787,54415.44,0.010464507692307693,645.7656061737113,4145.416192485099,0.02046953
0.07168917,0.04223682,54384.6,0.010458576923076923,647.2998313801576,4155.264970358863,0.02048908
0.07178418,0.04226576,54356.23,0.010453121153846154,648.889677957215,4165.470803065177,0.02050959
0.07187918,0.04229466,54327.94,0.01044768076923077,650.487625657139,4175.7286399748555,0.02053016
0.0719742,0.04232355,54301.9,0.010442673076923077,652.141377132804,4186.344702645316,0.02055165
0.07206922,0.0423524,54275.93,0.010437678846153845,653.8029321310753,4197.010859109347,0.0205732
0.07216425,0.04238123,54251.95,0.010433067307692306,655.5168899629766,4208.013409387147,0.02059558
0.0722593,0.04241004,54228.04,0.010428469230769231,657.2386381787848,4219.0659691161845,0.02061801
0.07235435,0.04243882,54205.85,0.010424201923076923,659.005434033146,4230.407706851152,0.02064111
0.0724494,0.04246757,54183.72,0.010419946153846154,660.7772425529762,4241.781622801255,0.02066422
0.07254446,0.0424963,54163.04,0.01041596923076923,662.5942900522425,4253.445945047533,0.02068799
0.07263953,0.042525,54142.42,0.010412003846153846,664.41670908276,4265.144749205536,0.02071177
0.07273461,0.04255368,54122.99,0.010408267307692308,666.2882185528194,4277.158683653892,0.02073624
0.07282969,0.04258233,54103.61,0.010404540384615385,668.1646540399253,4289.204240088047,0.02076072
0.07292478,0.04261096,54085.15,0.010400990384615385,670.0906905630793,4301.568204526644,0.02078585
0.07301988,0.04263956,54066.73,0.010397448076923077,672.0194921177934,4313.9499187594265,0.02081093
0.07311499,0.04266813,54049.02,0.010394042307692307,673.9882257732002,4326.58797240581,0.02083646
0.07321011,0.04269668,54031.34,0.010390642307692308,675.9571724468374,4339.227393497617,0.02086191
0.07330523,0.0427252,54014.17,0.010387340384615385,677.9571284976222,4352.06587563095,0.02088765
0.07340036,0.0427537,53997.03,0.01038404423076923,679.9564618562539,4364.900360465403,0.0209133
0.0734955,0.04278217,53980.27,0.010380821153846153,681.9761073978863,4377.865236964432,0.02093905
0.07359064,0.04281062,53963.53,0.010377601923076922,683.9981162410849,4390.845284399304,0.02096477
0.0736858,0.04283904,53946.99,0.010374421153846153,686.0432862633106,4403.974012292934,0.02099062
0.07378096,0.04286743,53930.47,0.010371244230769232,688.0911166265458,4417.1198179321,0.02101641
0.07387613,0.0428958,53913.89,0.010368055769230769,690.1535274339227,4430.359221013838,0.02104217
0.0739713,0.04292415,53897.32,0.01036486923076923,692.21755222936,4443.608984901688,0.02106785
0.07406649,0.04295247,53880.4,0.010361615384615384,694.2897394924805,4456.911146788722,0.02109338
0.07416168,0.04298076,53863.48,0.01035836153846154,696.3601699210867,4470.202030883669,0.02111877
0.07425687,0.04300903,53845.97,0.010354994230769231,698.4310267698428,4483.495652332506,0.0211439
0.07435208,0.04303728,53828.45,0.010351625,700.5004200093573,4496.779878314333,0.02116893
0.07444729,0.0430655,53810.15,0.01034810576923077,702.5836748830011,4510.153087422582,0.02119389
0.07454251,0.04309369,53791.83,0.010344582692307692,704.6648290713962,4523.512811429485,0.02121875
0.07463773,0.04312186,53772.6,0.010340884615384615,706.7677872681578,4537.01250369806,0.02124364
0.07473298,0.04315001,53753.35,0.010337182692307692,708.8690299903609,4550.501183679909,0.02126842
0.07482821,0.04317812,53733.09,0.010333286538461538,710.9897188734748,4564.114695999608,0.02129315
0.07492347,0.04320621,53712.81,0.010329386538461539,713.1066904452714,4577.704345477465,0.02131771
0.07501873,0.04323428,53691.43,0.010325275,715.215510828003,4591.241669357898,0.02134176
0.075114,0.04326232,53670.02,0.010321157692307691,717.3204157175359,4604.753858191262,0.02136564
0.07520927,0.04329034,53647.4,0.010316807692307693,719.3973508154068,4618.086498243849,0.02138871
0.07530455,0.04331833,53624.75,0.010312451923076922,721.4692598095943,4631.386873816266,0.02141161
0.07539984,0.0433463,53600.74,0.010307834615384615,723.5102543448266,4644.488797663307,0.0214337
0.07549513,0.04337424,53576.69,0.010303209615384615,725.5476590714364,4657.567677157025,0.02145566
0.07559043,0.04340216,53551.14,0.010298296153846153,727.5714187811053,4670.5589640728285,0.0214771
0.07568574,0.04343005,53525.54,0.010293373076923077,729.5921905257582,4683.531070099402,0.02149841
0.07578106,0.04345792,53498.3,0.010288134615384616,731.6087365670192,4696.476049721136,0.02151932
0.07587639,0.04348577,53471.02,0.01028288846153846,733.6244487531759,4709.415676508314,0.02154014
0.07597172,0.04351359,53441.99,0.010277305769230768,735.6320194523937,4722.303039979724,0.02156047
0.07606706,0.04354138,53412.91,0.010271713461538462,737.6357465318682,4735.16572978724,0.02158065
0.0761624,0.04356915,53382.01,0.010265771153846154,739.6218034242827,4747.914987911707,0.02160019
0.07625775,0.04359689,53351.06,0.01025981923076923,741.6039922094183,4760.63941517743,0.02161958
0.07635312,0.04362461,53318.2,0.010253499999999999,743.5668848440083,4773.239973079163,0.02163833
0.07644848,0.0436523,53285.29,0.010247171153846154,745.5240468275214,4785.803743741779,0.02165689
0.07654386,0.04367997,53250.46,0.010240473076923077,747.4612038125346,4798.239094674512,0.0216748
0.07663924,0.04370761,53215.57,0.010233763461538462,749.3947496846873,4810.651264493879,0.02169257
0.07673463,0.04373523,53178.75,0.010226682692307693,751.3070984896544,4822.927362238945,0.02170968
0.07683003,0.04376282,53141.87,0.010219590384615385,753.2146625551468,4835.172744912929,0.02172662
0.07692543,0.04379039,53103.08,0.01021213076923077,755.095806736694,4847.248528256038,0.02174283
0.07702084,0.04381794,53064.22,0.010204657692307693,756.9734500549908,4859.301838220157,0.02175888
0.07711626,0.04384546,53023.43,0.010196813461538461,758.8194719846756,4871.1521584072925,0.02177415
0.07721169,0.04387295,52982.58,0.010188957692307692,760.6609187603133,4882.973108932295,0.02178927
0.07730712,0.04390042,52939.81,0.010180732692307692,762.4747466358092,4894.616763183276,0.02180368
0.07740256,0.04392787,52896.98,0.010172496153846154,764.284428745729,4906.233804180802,0.02181794
0.077498,0.04395529,52852.27,0.010163898076923077,766.0675837853279,4917.6805577771465,0.02183153
0.07759346,0.04398269,52807.5,0.010155288461538462,767.8474717247246,4929.106338608836,0.02184498
0.07768892,0.04401006,52760.87,0.010146321153846154,769.604856476583,4940.387662880573,0.02185784
0.07778439,0.04403741,52714.18,0.010137342307692308,771.360344335878,4951.656810274086,0.02187057
0.07787986,0.04406473,52665.63,0.010128005769230768,773.0900768247265,4962.7606241028,0.02188267
0.07797534,0.04409203,52617.03,0.010118659615384615,774.816842693775,4973.845394065384,0.02189464
0.07807083,0.0441193,52566.62,0.010108965384615386,776.520443075938,4984.781455915421,0.02190603
0.07816632,0.04414655,52516.15,0.010099259615384616,778.2208852234652,4995.6972438504745,0.0219173
0.07826183,0.04417378,52463.95,0.010089221153846153,779.9024426142712,5006.491803315701,0.02192807
0.07835734,0.04420098,52411.69,0.010079171153846154,781.5828533192919,5017.279001766688,0.02193873
0.07845286,0.04422815,52357.77,0.010068801923076923,783.2468621115343,5027.960910071888,0.02194896
0.07854838,0.04425531,52303.8,0.010058423076923078,784.9096600022959,5038.635045137761,0.02195907
0.07864391,0.04428243,52248.24,0.01004773846153846,786.5539791724885,5049.190558235026,0.02196873
0.07873945,0.04430954,52192.63,0.01003704423076923,788.1964458499383,5059.734179473482,0.02197827
0.07883499,0.04433661,52135.55,0.010026067307692309,789.8191496157781,5070.15093503031,0.02198736
0.07893054,0.04436367,52078.4,0.010015076923076923,791.4399581563213,5080.555524411738,0.02199634
0.0790261,0.0443907,52019.91,0.010003828846153846,793.0443444575645,5090.854693163667,0.02200494
0.07912165,0.0444177,51961.37,0.009992571153846155,794.6490618239727,5101.1559871494,0.02201346
0.07921722,0.04444468,51901.57,0.009981071153846154,796.2403942928638,5111.3713583632,0.02202168
0.07931281,0.04447164,51841.72,0.00996956153846154,797.8328926959075,5121.594214153863,0.02202982
0.07940838,0.04449857,51780.73,0.009957832692307694,799.4129483012492,5131.73719487131,0.02203769
0.07950399,0.04452548,51719.69,0.009946094230769231,800.99387041502,5141.885738037481,0.02204549
0.07959959,0.04455237,51657.63,0.009934159615384614,802.5632684653835,5151.960303836951,0.02205305
0.0796952,0.04457923,51595.52,0.009922215384615385,804.1334910861218,5162.04016286875,0.02206054
0.07979081,0.04460607,51532.51,0.009910098076923078,805.6942054925443,5172.05898503948,0.02206784
0.07988643,0.04463288,51469.45,0.009897971153846153,807.2573290994825,5182.093272788949,0.0220751
0.07998205,0.04465967,51405.61,0.00988569423076923,808.8168078436009,5192.104162771167,0.02208228
0.08007769,0.04468643,51341.72,0.009873407692307693,810.3804726700675,5202.141924815605,0.02208943
0.08017332,0.04471317,51277.13,0.009860986538461538,811.9444054462999,5212.181406931982,0.02209658
0.08026897,0.04473988,51212.5,0.009848557692307693,813.513034407467,5222.251035654007,0.0221037
0.08036463,0.04476658,51147.23,0.00983600576923077,815.0811216453549,5232.317186847295,0.02211081
0.08046029,0.04479324,51081.92,0.009823446153846154,816.6544462119069,5242.416958454618,0.02211792
0.08055595,0.04481989,51016.05,0.009810778846153848,818.2357270242767,5252.567804244167,0.02212515
0.08065163,0.0448465,50950.14,0.009798103846153846,819.8229301271202,5262.756667479352,0.02213237
0.0807473,0.0448731,50883.76,0.009785338461538461,821.4232267502267,5273.029583024532,0.02213981
0.08084299,0.04489967,50817.34,0.009772565384615383,823.0300477948159,5283.3443813243875,0.02214725
0.08093868,0.04492621,50750.55,0.009759721153846154,824.6544662516287,5293.772144137807,0.02215496
0.08103438,0.04495274,50683.74,0.009746873076923077,826.2850324282015,5304.239371513594,0.02216266
0.08113009,0.04497923,50616.7,0.009733980769230769,827.9257897334346,5314.772019638589,0.02217055
0.08122581,0.04500571,50549.63,0.009721082692307691,829.5729266595957,5325.345620988166,0.02217842
0.08132152,0.04503216,50482.47,0.009708167307692308,831.224993087734,5335.950866694644,0.02218644
0.08141722,0.04505858,50415.3,0.00969525,832.8834737420193,5346.59728776983,0.02219445
0.08151292,0.04508497,50348.14,0.009682334615384616,834.553273279282,5357.316369080133,0.02220271
0.08160865,0.04511135,50280.97,0.009669417307692309,836.2312643882565,5368.088035219499,0.022211
0.08170442,0.04513771,50213.89,0.009656517307692307,837.9244845019255,5378.95746215946,0.0222196
0.08180021,0.04516405,50146.8,0.009643615384615386,839.6258295195638,5389.879045962771,0.02222822
0.08189594,0.04519035,50080.01,0.009630771153846154,841.3422122975571,5400.89716289618,0.02223718
0.08199168,0.04521663,50013.21,0.009617925,843.0701368247516,5411.989370728161,0.02224621
0.08208745,0.04524289,49946.69,0.009605132692307693,844.8100121497788,5423.15829529819,0.02225553
0.08218325,0.04526913,49880.18,0.009592342307692308,846.5605665649357,5434.395773028563,0.02226491
0.08227908,0.04529536,49813.98,0.00957961153846154,848.3346699015019,5445.7844202842125,0.02227475
0.08237487,0.04532155,49747.79,0.009566882692307693,850.1199728383781,5457.244962053956,0.02228467
0.08247067,0.04534771,49681.95,0.009554221153846153,851.9369560879592,5468.908871856953,0.02229516
0.08256648,0.04537385,49616.11,0.009541559615384616,853.76495128483,5480.643471557599,0.02230572
0.08266229,0.04539997,49550.67,0.009528975,855.6360906258654,5492.655030006312,0.02231699
0.08275811,0.04542607,49485.24,0.009516392307692308,857.5177500845103,5504.734121110014,0.02232832
0.08285393,0.04545214,49420.32,0.009503907692307693,859.4359826766428,5517.047989133265,0.02234025
0.08294976,0.04547818,49355.42,0.009491426923076923,861.3644461326843,5529.427532981471,0.02235223
0.0830456,0.04550421,49291.16,0.009479069230769232,863.3215830645148,5541.991142827763,0.02236473
0.08314144,0.04553021,49226.93,0.009466717307692307,865.289401046023,5554.623318413486,0.02237727
0.08323729,0.04555618,49163.45,0.009454509615384615,867.2787618955039,5567.393785900904,0.02239026
0.08333315,0.04558214,49099.97,0.009442301923076924,869.3037803569048,5580.393153225082,0.02240362
0.08342901,0.04560807,49037.35,0.009430259615384615,871.8383626151788,5596.663605281037,0.02242374
0.08352488,0.04563397,48974.78,0.009418226923076922,874.246565597119,5612.122780468885,0.02244212
0.08362076,0.04565986,48913.07,0.009406359615384616,876.347003514943,5625.606294103885,0.02245674
0.08371663,0.04568571,48851.37,0.009394494230769232,878.4447505912716,5639.072534199075,0.02247124
0.08381252,0.04571155,48790.62,0.009382811538461539,880.5874220210118,5652.827160885759,0.02248652
0.08390842,0.04573736,48729.89,0.009371132692307693,882.7445455103067,5666.674560865293,0.0225019
0.08400432,0.04576315,48670.18,0.00935965,884.9352652312389,5680.737627893835,0.0225179
0.08410022,0.04578892,48610.49,0.009348171153846153,887.1402127750541,5694.892028754344,0.022534
0.08419613,0.04581466,48551.82,0.009336888461538462,889.3889001751031,5709.327212466332,0.02255087
0.08429205,0.04584038,48493.18,0.009325611538461539,891.6516663504285,5723.852773216741,0.02256784
0.08438798,0.04586608,48435.56,0.009314530769230769,893.9679984247643,5738.72219394204,0.02258568
0.08448391,0.04589175,48377.97,0.00930345576923077,896.2992144277903,5753.687160293197,0.02260363
0.08457985,0.0459174,48321.43,0.009292582692307693,898.6870787244007,5769.015773687889,0.02262249
0.0846758,0.04594302,48264.91,0.009281713461538462,901.0897282656832,5784.439299218018,0.02264143
0.08477175,0.04596863,48209.48,0.009271053846153846,903.5469890326042,5800.213395074112,0.02266124
0.0848677,0.0459942,48154.07,0.009260398076923077,906.0192949045116,5816.084071208301,0.02268114
0.08496367,0.04601976,48099.77,0.009249955769230768,908.5474565550184,5832.313306929491,0.02270193
0.08505963,0.04604529,48045.49,0.009239517307692307,911.089369492461,5848.630817416302,0.02272278
0.08515561,0.0460708,47992.33,0.00922929423076923,913.6936518981062,5865.3487013527565,0.02274459
0.08525159,0.04609628,47939.2,0.009219076923076922,916.3111554314294,5882.151456759965,0.02276648
0.08534758,0.04612175,47887.29,0.009209094230769231,918.9966154801687,5899.390451007858,0.02278937
0.08544357,0.04614719,47835.4,0.009199115384615385,921.692225031426,5916.694598790845,0.02281229
0.08553957,0.0461726,47784.91,0.00918940576923077,924.4417707148898,5934.344983217082,0.02283604
0.08563558,0.04619799,47734.45,0.009179701923076922,927.2033910260548,5952.072879292612,0.02285984
0.08573159,0.04622336,47685.52,0.009170292307692307,930.0059917274331,5970.06384415276,0.02288436
0.08582761,0.04624871,47636.63,0.009160890384615384,932.8238972681336,5988.153056624958,0.02290894
0.08592363,0.04627404,47589.28,0.009151784615384614,935.6826551753076,6006.504516048465,0.02293429
0.08601966,0.04629934,47541.96,0.009142684615384615,938.5618965849162,6024.987466901463,0.02295979
0.0861157,0.04632462,47496.01,0.009133848076923077,941.5091182713027,6043.906809128406,0.02298636
0.08621174,0.04634988,47450.1,0.00912501923076923,944.4761069982794,6062.953043542479,0.02301309
0.08630778,0.04637511,47405.38,0.00911641923076923,947.5349231058524,6082.588753002602,0.02304112
0.08640384,0.04640032,47360.69,0.009107825,950.6096397807661,6102.32653428057,0.02306925
0.0864999,0.0464255,47317.17,0.009099455769230769,953.7867760641401,6122.721786162857,0.02309875
0.08659597,0.04645066,47273.7,0.009091096153846153,956.9741887751735,6143.1830063612215,0.02312824
0.08669204,0.0464758,47231.58,0.009082996153846154,960.2384529244978,6164.137565309221,0.02315878
0.08678812,0.04650092,47189.5,0.009074903846153845,963.5128392783325,6185.1571025559715,0.0231893
0.0868842,0.04652601,47149.0,0.009067115384615385,966.8442362096476,6206.542612485025,0.02322066
0.08698029,0.04655108,47108.55,0.009059336538461539,970.1886481184891,6228.0116705282335,0.02325204
0.08707639,0.04657613,47069.79,0.009051882692307693,973.5782399031,6249.770755458595,0.02328417
0.08717249,0.04660116,47031.07,0.009044436538461539,976.9856065998763,6271.643944342475,0.0233164
0.0872686,0.04662616,46993.98,0.009037303846153847,980.4616056859729,6293.9577107599025,0.02334968
0.08736471,0.04665114,46956.94,0.00903018076923077,983.9561378284639,6316.390447948363,0.02338307
0.08746084,0.0466761,46921.4,0.009023346153846154,987.5358545081288,6339.370017232515,0.02341767
0.08755696,0.04670104,46885.91,0.009016521153846154,991.1319580077715,6362.454779776002,0.02345236
0.08765309,0.04672595,46851.87,0.009009975,994.8266092995653,6386.172158255383,0.02348837
0.08774923,0.04675084,46817.87,0.00900343653846154,998.5357875376079,6409.982790753917,0.02352442
0.08784538,0.0467757,46785.35,0.008997182692307691,1002.327988319192,6434.326376684853,0.02356158
0.08794152,0.04680055,46752.87,0.008990936538461539,1006.1365197545972,6458.774795323102,0.0235988
0.08803768,0.04682537,46721.87,0.008984975000000001,1010.0299617036701,6483.768286995444,0.02363716
0.08813384,0.04685017,46690.9,0.008979019230769231,1013.9413213231903,6508.876799041268,0.02367559
0.08823001,0.04687494,46661.38,0.008973342307692308,1017.9398482737719,6534.544871494433,0.02371517
0.08832618,0.04689969,46631.89,0.008967671153846155,1021.954847189185,6560.318683784285,0.0237548
0.08842236,0.04692442,46603.79,0.008962267307692309,1026.0770462234857,6586.780654601665,0.02379579
0.08851854,0.04694913,46575.73,0.008956871153846154,1030.2115060558697,6613.321332167161,0.02383677
0.08861474,0.04697381,46549.15,0.008951759615384615,1034.4396824748699,6640.4636123140735,0.02387893
0.08871093,0.04699848,46522.61,0.008946655769230769,1038.6778882758892,6667.6702748966945,0.02392104
0.08880713,0.04702312,46497.73,0.008941871153846155,1042.9948884865694,6695.382748904642,0.02396419
0.08890334,0.04704773,46472.88,0.008937092307692308,1047.3255083249846,6723.182652507489,0.02400733
0.08899955,0.04707233,46449.83,0.008932659615384616,1051.7106531910908,6751.332573098738,0.02405126
0.08909577,0.0470969,46426.81,0.008928232692307692,1056.1148696195373,6779.604921336466,0.02409527
0.089192,0.04712145,46405.5,0.008924134615384615,1060.5959677021167,6808.370802290866,0.02414036
0.08928822,0.04714598,46384.23,0.008920044230769232,1065.099918638762,6837.283384448277,0.02418557
0.08938445,0.04717049,46364.41,0.008916232692307693,1069.70856540469,6866.868049141278,0.02423213
0.08948069,0.04719497,46344.62,0.008912426923076923,1074.3374280234696,6896.582487118819,0.02427878
0.08957695,0.04721943,46326.09,0.008908863461538461,1079.1006983563618,6927.159739574478,0.02432702
0.08967319,0.04724386,46307.58,0.008905303846153846,1083.878540324449,6957.830532924714,0.02437526
0.08976946,0.04726828,46290.33,0.008901986538461538,1088.772701348925,6989.248022746919,0.02442482
0.08986573,0.04729267,46273.11,0.008898675,1093.6781836664222,7020.7381882752325,0.02447433
0.089962,0.04731704,46257.27,0.008895628846153846,1098.6818837289816,7052.858851041054,0.02452496
0.09005828,0.04734139,46241.46,0.008892588461538462,1103.6985277778601,7085.062606201345,0.02457555
0.09015456,0.04736571,46227.16,0.008889838461538463,1108.7935075931794,7117.769228580871,0.02462708
0.09025085,0.04739001,46212.89,0.00888709423076923,1113.904253880426,7150.577061968542,0.02467862
0.09034714,0.0474143,46200.09,0.008884632692307692,1119.1138899341124,7184.019706555742,0.02473135
0.09044344,0.04743855,46187.32,0.008882176923076922,1124.340353481287,7217.570373253935,0.02478409
0.09053975,0.04746279,46175.97,0.00887999423076923,1129.6693366932018,7251.779152855943,0.02483803
0.09063606,0.04748701,46164.64,0.008877815384615384,1135.014660387555,7286.092828258912,0.02489198
0.09073237,0.0475112,46154.67,0.008875898076923077,1140.4670015172735,7321.093489474069,0.02494716
0.09082869,0.04753537,46144.73,0.00887398653846154,1145.9351926667791,7356.19589802301,0.02500233
0.09092502,0.04755951,46136.11,0.008872328846153845,1151.5120295749769,7391.995745213809,0.02505872
0.09102135,0.04758364,46127.51,0.008870675,1157.1033205116096,7427.888378336449,0.02511508
0.09111769,0.04760774,46120.23,0.008869275000000001,1162.8017450532054,7464.4687430083195,0.02517264
0.09121403,0.04763182,46112.97,0.008867878846153846,1168.513341194313,7501.133661210719,0.02523014
0.09131038,0.04765588,46107.05,0.008866740384615384,1174.3312783535282,7538.481223044453,0.02528883
0.09140673,0.04767992,46101.16,0.008865607692307693,1180.1626148381342,7575.914800268157,0.02534746
0.09150309,0.04770393,46096.64,0.00886473846153846,1186.0913013881766,7613.973304762282,0.02540717
0.09159946,0.04772793,46092.16,0.008863876923076924,1192.0338796942228,7652.120985746655,0.02546684
0.09169583,0.0477519,46089.06,0.008863280769230769,1198.075588170075,7690.90502117163,0.02552761
0.09179219,0.04777585,46085.98,0.008862688461538462,1204.1331568057687,7729.790869023273,0.02558837
0.09188857,0.04779977,46084.22,0.00886235,1210.3017216481865,7769.3892439408655,0.02565035
0.09198497,0.04782368,46082.49,0.008862017307692307,1216.485621780579,7809.086061944881,0.02571228
0.09208135,0.04784756,46082.01,0.008861925,1222.7893219319822,7849.5519220501155,0.02577551
0.09217776,0.04787142,46081.57,0.008861840384615384,1229.1064654849208,7890.104080486935,0.02583866
0.09227416,0.04789526,46082.38,0.008861996153846153,1235.5340781019975,7931.365382060007,0.02590298
0.09237057,0.04791908,46083.21,0.00886215576923077,1241.9755537438805,7972.71567568679,0.02596723
0.09246699,0.04794287,46085.29,0.008862555769230769,1248.5305226628204,8014.794526028195,0.02603268
0.0925634,0.04796664,46087.4,0.008862961538461538,1255.1016616825702,8056.97717842578,0.02609808
0.09265984,0.0479904,46090.68,0.008863592307692307,1261.7912491920515,8099.920196941681,0.0261647
0.09275627,0.04801412,46093.98,0.008864226923076923,1268.497315604546,8142.968999833107,0.02623128
0.0928527,0.04803783,46098.31,0.008865059615384615,1275.3482781290606,8186.9479462367535,0.02629931
0.09294915,0.04806151,46102.67,0.008865898076923076,1282.212118348556,8231.009559485436,0.02636724
0.0930456,0.04808518,46108.03,0.008866928846153846,1289.2124960364924,8275.947658919113,0.02643648
0.09314205,0.04810882,46113.42,0.008867965384615385,1296.2200455250465,8320.931796881516,0.02650555
0.0932385,0.04813244,46119.95,0.008869221153846153,1303.3462983007191,8366.677936604026,0.02657576
0.09333497,0.04815603,46126.5,0.00887048076923077,1310.478963885856,8412.465242601018,0.02664579
0.09343144,0.04817961,46134.42,0.008872003846153846,1317.695393632266,8458.790262758024,0.02671666
0.09352791,0.04820317,46142.37,0.008873532692307692,1324.922045389616,8505.180901909393,0.0267874
0.09362439,0.0482267,46151.75,0.008875336538461539,1332.242422418534,8552.173199394201,0.02685915
0.09372087,0.04825021,46161.17,0.008877148076923077,1339.5810810792339,8599.282853659379,0.02693086
0.09381736,0.0482737,46171.85,0.008879201923076922,1347.0403747215323,8647.166909969692,0.02700383
0.09391385,0.04829717,46182.56,0.008881261538461537,1354.5211304676718,8695.188739725874,0.02707678
0.09401036,0.04832062,46194.23,0.00888350576923077,1362.1685028856473,8744.280145567815,0.02715134
0.09410686,0.04834404,46205.92,0.008885753846153846,1369.8345872183254,8793.491670340614,0.02722585
0.09420337,0.04836744,46218.37,0.008888148076923078,1377.673708514139,8843.81398550241,0.0273019
0.09429988,0.04839082,46230.84,0.008890546153846154,1385.5210569468925,8894.189113800056,0.02737776
0.09439641,0.04841417,46244.11,0.008893098076923078,1393.518882040853,8945.530209287648,0.02745491
0.09449294,0.04843751,46257.4,0.008895653846153847,1401.5195630137669,8996.88963775356,0.02753181
0.09458947,0.04846083,46271.71,0.00889840576923077,1409.6323385388166,9048.96864398433,0.02760966
0.094686,0.04848412,46286.06,0.008901165384615384,1417.747319387702,9101.061807031523,0.02768726
0.09478254,0.04850739,46301.61,0.00890415576923077,1425.9617112474864,9153.793127345612,0.02776577
0.09487909,0.04853064,46317.18,0.00890715,1434.1955730123577,9206.64943242049,0.02784422
0.09497565,0.04855388,46333.91,0.008910367307692308,1442.6339699986056,9260.818727240443,0.02792462
0.0950722,0.04857708,46350.68,0.008913592307692307,1451.048241169424,9314.833149231956,0.02800453
0.09516876,0.04860027,46368.47,0.008917013461538462,1459.5571055921077,9369.454801454116,0.02808526
0.09526533,0.04862344,46386.26,0.008920434615384616,1468.0777643743936,9424.152166177542,0.02816585
0.0953619,0.04864658,46404.91,0.008924021153846155,1476.7547483705084,9479.853042185103,0.02824777
0.09545848,0.0486697,46423.57,0.008927609615384616,1485.4391220894495,9535.601355647319,0.02832948
0.09555506,0.0486928,46443.06,0.008931357692307691,1494.2615125751677,9592.235651475834,0.02841233
0.09565164,0.04871588,46462.57,0.008935109615384615,1503.0916811255645,9648.919877673754,0.02849497
0.09574823,0.04873894,46482.88,0.008939015384615384,1512.0607787700571,9706.49594281566,0.02857874
0.09584484,0.04876197,46503.21,0.008942925,1521.0401174698477,9764.137749204938,0.02866232
0.09594143,0.04878499,46524.26,0.008946973076923078,1530.1599154357973,9822.6812172974,0.02874702
0.09603805,0.04880798,46545.33,0.008951025,1539.292121533974,9881.30433793215,0.02883156
0.09613467,0.04883095,46566.98,0.008955188461538461,1548.585358769308,9940.961178971149,0.02891734
0.09623129,0.0488539,46588.63,0.008959351923076923,1557.885722303363,10000.663766444814,0.0290029
0.09632791,0.04887683,46610.79,0.008963613461538462,1567.335092515767,10061.322884726731,0.02908953
0.09642455,0.04889974,46632.96,0.008967876923076924,1576.7877361595247,10122.003016415387,0.02917591
0.09652118,0.04892262,46655.66,0.00897224230769231,1586.368157327311,10183.503400858415,0.02926316
0.09661782,0.04894549,46678.37,0.008976609615384617,1595.9509286024493,10245.018871538581,0.02935014
0.09671446,0.04896834,46701.63,0.008981082692307692,1605.6534336887644,10307.302959306582,0.02943794
0.09681111,0.04899116,46724.9,0.008985557692307692,1615.3630359075921,10369.632606280209,0.02952551
0.09690777,0.04901396,46748.66,0.008990126923076923,1625.194897560064,10432.747083277403,0.02961393
0.09700442,0.04903674,46772.43,0.008994698076923076,1635.0351469976497,10495.915404672469,0.02970211
0.09710109,0.0490595,46796.57,0.008999340384615384,1645.0054892639641,10559.918841647526,0.02979116
0.09719776,0.04908224,46820.72,0.009003984615384616,1654.979745772703,10623.947405640454,0.02987997
0.09729443,0.04910496,46845.14,0.00900868076923077,1665.0828679065196,10688.803207324188,0.02996956
0.09739111,0.04912765,46869.57,0.009013378846153846,1675.1868736552742,10753.664681269864,0.03005887
0.09748779,0.04915033,46894.21,0.009018117307692308,1685.4049935301418,10819.2586973975,0.03014882
0.09758448,0.04917298,46918.85,0.009022855769230769,1695.6238560467,10884.85748082593,0.0302385
0.09768118,0.04919561,46943.64,0.009027623076923078,1705.95521525402,10951.17842350073,0.03032878
0.09777788,0.04921823,46968.44,0.009032392307692308,1716.2903526597556,11017.523619874924,0.0304188
0.09787458,0.04924082,46993.25,0.009037163461538461,1726.7379904518496,11084.590999218932,0.0305094
0.09797129,0.04926339,47018.07,0.009041936538461538,1737.189480426806,11151.68310719677,0.03059972
0.098068,0.04928593,47042.77,0.009046686538461537,1747.7537556475982,11219.49922676626,0.03069058
0.09816472,0.04930846,47067.48,0.009051438461538462,1758.3174409576923,11287.311559473557,0.03078114
0.09826144,0.04933097,47091.97,0.009056148076923077,1768.9842804813386,11355.786078495972,0.03087209
0.09835817,0.04935345,47116.46,0.009060857692307692,1779.650390331823,11424.255913467532,0.03096273
0.09845491,0.04937592,47140.68,0.009065515384615384,1790.4006346800772,11493.265839930596,0.03105361
0.09855164,0.04939836,47164.91,0.009070175000000002,1801.1500464830915,11562.270421967625,0.03114415
0.09864838,0.04942078,47188.85,0.009074778846153845,1811.9624591987365,11631.679430937374,0.03123475
0.09874513,0.04944318,47212.8,0.009079384615384616,1822.772102757371,11701.070663630095,0.03132503
0.09884188,0.04946556,47236.44,0.00908393076923077,1833.6396708137818,11770.833735808734,0.03141532
0.09893864,0.04948792,47260.07,0.009088475,1844.505991163321,11840.588798480178,0.03150531
0.0990354,0.04951026,47283.29,0.009092940384615385,1855.4317932443219,11910.725697115633,0.03159529
0.09913217,0.04953258,47306.5,0.009097403846153845,1866.357904993726,11980.8645836309,0.03168497
0.09922894,0.04955488,47329.13,0.009101755769230769,1877.3485477815568,12051.417719541081,0.03177466
0.09932572,0.04957715,47351.75,0.009106105769230769,1888.3400280956914,12121.976231852648,0.03186405
0.0994225,0.04959941,47373.62,0.009110311538461539,1899.390072566491,12192.910689864973,0.03195332
0.09951928,0.04962164,47395.48,0.009114515384615385,1910.436401977422,12263.821299488367,0.03204225
0.09961606,0.04964385,47416.5,0.009118557692307693,1921.5174408210214,12334.954722223576,0.03213085
0.09971287,0.04966604,47437.51,0.009122598076923078,1932.593142402708,12406.05388303504,0.03221909
0.09980966,0.04968821,47457.68,0.009126476923076924,1943.6744486503565,12477.189022339022,0.03230675
0.09990647,0.04971036,47477.84,0.009130353846153846,1954.7497919413545,12548.285883145641,0.03239406
0.1000033,0.0497325,47497.11,0.009134059615384615,1965.828911682202,12619.40698642694,0.03248081
0.1001001,0.0497546,47516.38,0.009137765384615384,1976.9037975108315,12690.500910607805,0.03256722
0.1001969,0.0497767,47534.67,0.009141282692307693,1987.9762144519127,12761.578986056062,0.03265298
0.1002937,0.04979876,47552.94,0.009144796153846155,1999.0413283789587,12832.610180666527,0.0327384
0.1003906,0.04982081,47570.17,0.009148109615384615,2010.0943537304959,12903.56377409139,0.03282306
0.1004874,0.04984284,47587.37,0.009151417307692308,2021.1387850401607,12974.462199077434,0.03290736
0.1005842,0.04986485,47603.52,0.009154523076923077,2032.1330960253383,13045.038882548111,0.03299062
0.1006811,0.04988683,47619.66,0.009157626923076924,2043.1166139678107,13115.546281353318,0.0330735
0.1007779,0.0499088,47634.78,0.009160534615384614,2054.0317283571108,13185.614571611655,0.03315525
0.1008748,0.04993075,47649.89,0.009163440384615385,2064.94052126708,13255.642281878541,0.03323665
0.1009716,0.04995267,47663.93,0.009166140384615384,2075.782469836157,13325.240892778009,0.03331695
0.1010685,0.04997457,47677.95,0.009168836538461537,2086.621341308615,13394.819750618428,0.03339694
0.1011654,0.04999646,47690.72,0.009171292307692308,2097.4095356667176,13464.073292696548,0.0334759
0.1012622,0.05001832,47703.48,0.009173746153846155,2108.1938997240095,13533.302246610094,0.03355456
0.1013591,0.05004016,47714.79,0.009175921153846155,2118.9219473397234,13602.169683764945,0.03363206
0.101456,0.05006198,47726.08,0.009178092307692308,2129.6402252134394,13670.974405212597,0.03370922
0.1015528,0.05008377,47735.83,0.009179967307692308,2140.2750529049786,13739.243428052034,0.03378498
0.1016497,0.05010554,47745.55,0.00918183653846154,2150.8968559237715,13807.428840539993,0.03386036
0.1017466,0.0501273,47753.75,0.009183413461538462,2161.4098399048817,13874.915702042039,0.03393417
0.1018435,0.05014905,47761.92,0.009184984615384615,2171.9109485102617,13942.326330969338,0.03400762
0.1019405,0.05017078,47768.59,0.009186267307692307,2182.2624684630064,14008.776693173046,0.0340792
0.1020373,0.05019247,47775.23,0.00918754423076923,2192.5967361733688,14075.1163066403,0.0341504
0.1021342,0.05021414,47780.7,0.009188596153846153,2202.7734182104696,14140.444317452666,0.03422002
0.1022311,0.0502358,47786.16,0.009189646153846154,2212.928016794973,14205.630566144057,0.03428923
0.1023281,0.05025744,47790.71,0.009190521153846153,2222.9776827866363,14270.14321242411,0.03435752
0.102425,0.05027906,47795.23,0.009191390384615385,2233.054849451405,14334.832396033658,0.03442577
0.102522,0.05030066,47796.97,0.009191725,2242.8822479965406,14397.918222639375,0.0344904
0.1026189,0.05032224,47798.66,0.00919205,2252.674059650455,14460.775603391521,0.03455451
0.1027159,0.05034379,47799.08,0.009192130769230769,2262.318770792978,14522.688689749513,0.0346169
0.1028128,0.05036533,47799.46,0.009192203846153846,2271.9534774657827,14584.53755359338,0.03467898
0.1029098,0.05038684,47798.24,0.00919196923076923,2281.418744125208,14645.298717243239,0.03473922
0.1030067,0.05040834,47796.98,0.009191726923076923,2290.8756623523914,14706.00628911635,0.03479917
0.1031037,0.05042981,47793.99,0.009191151923076922,2300.1149865668217,14765.317041872384,0.03485685
0.1032006,0.05045127,47790.97,0.009190571153846154,2309.338936950425,14824.529104133535,0.0349142
0.1032976,0.0504727,47786.22,0.009189657692307692,2318.3483292375654,14882.363835984392,0.03496932
0.1033946,0.05049411,47781.43,0.009188736538461539,2327.346048704472,14940.123635541631,0.03502414
0.1034915,0.05051551,47774.86,0.009187473076923077,2336.121606040945,14996.457291488789,0.03507663
0.1035885,0.05053688,47768.26,0.009186203846153847,2344.882435208883,15052.696401694042,0.03512882
0.1036855,0.05055823,47759.84,0.009184584615384614,2353.4003670972047,15107.376261443083,0.03517853
0.1037825,0.05057957,47751.37,0.009182955769230769,2361.900620204377,15161.942634340334,0.03522792
0.1038795,0.05060088,47741.18,0.009180996153846153,2370.1118406927544,15214.653596409486,0.03527453
0.1039765,0.05062217,47730.94,0.009179026923076924,2378.3030354095536,15267.236005398427,0.03532081
0.1040735,0.05064345,47719.09,0.009176748076923076,2386.1883813201794,15317.855054026515,0.0353643
0.1041705,0.0506647,47707.2,0.009174461538461538,2394.056512428311,15368.3635942591,0.03540749
0.1042675,0.05068593,47693.78,0.00917188076923077,2401.646002180016,15417.08342914754,0.03544811
0.1043645,0.05070715,47680.32,0.009169292307692308,2409.226290966186,15465.744199522247,0.03548852
0.1044615,0.05072834,47665.16,0.009166376923076924,2416.5382132713353,15512.682222904381,0.03552641
0.1045585,0.05074951,47649.95,0.009163451923076922,2423.83573732333,15559.527818397508,0.03556404
0.1046556,0.05077066,47632.97,0.009160186538461538,2430.826908674448,15604.406818837131,0.03559884
0.1047526,0.05079179,47615.94,0.00915691153846154,2437.798526084006,15649.16029505373,0.03563335
0.1048496,0.0508129,47597.19,0.00915330576923077,2444.4477048373724,15691.843914322728,0.03566497
0.1049467,0.050834,47578.39,0.009149690384615385,2451.080463403311,15734.422126133983,0.03569632
0.1050438,0.05085507,47557.9,0.009145750000000001,2457.3796793974752,15774.859200720368,0.03572474
0.1051408,0.05087612,47537.36,0.0091418,2463.662052011673,15815.18815121439,0.03575291
0.1052379,0.05089715,47515.06,0.009137511538461538,2469.640915036184,15853.56875767207,0.03577835
0.1053349,0.05091816,47492.72,0.009133215384615385,2475.6055888966007,15891.858278463322,0.03580356
0.105432,0.05093915,47468.49,0.00912855576923077,2481.2566229004765,15928.134425164217,0.03582592
0.105529,0.05096012,47444.22,0.009123888461538462,2486.8873750571706,15964.28037493775,0.03584803
0.1056261,0.05098107,47418.09,0.009118863461538462,2492.1742351692524,15998.218750265425,0.03586708
0.1057232,0.051002,47391.9,0.009113826923076924,2497.4360211882213,16031.996165407843,0.03588584
0.1058203,0.05102292,47364.0,0.00910846153846154,2502.316654595764,16063.326816287643,0.03590136
0.1059174,0.05104381,47336.04,0.009103084615384616,2507.1742633893778,16094.509663372237,0.03591663
0.1060145,0.05106468,47306.5,0.009097403846153845,2511.661683361362,16123.316126950513,0.03592881
0.1061115,0.05108553,47276.9,0.009091711538461538,2516.1264665407725,16151.977276307054,0.03594074
0.1062086,0.05110637,47245.74,0.009085719230769231,2520.224333624156,16178.283051033526,0.03594964
0.1063057,0.05112718,47214.54,0.00907971923076923,2524.3011148528562,16204.453467601248,0.0359583
0.1064028,0.05114797,47181.78,0.009073419230769231,2528.012796148615,16228.280168183755,0.03596396
0.1065,0.05116875,47148.97,0.009067109615384615,2531.70669238212,16251.992699655448,0.0359694
0.1065971,0.0511895,47114.61,0.009060501923076923,2535.032743723274,16273.34389419855,0.03597184
0.1066942,0.05121024,47080.2,0.009053884615384615,2538.3395733963193,16294.571697508878,0.03597405
0.1067913,0.05123095,47044.26,0.009046973076923077,2541.270617092244,16313.387187032951,0.03597329
0.1068884,0.05125164,47008.27,0.009040051923076923,2544.180913822489,16332.069493856285,0.0359723
0.1069856,0.05127232,46970.77,0.009032840384615383,2546.7154572777686,16348.339696820993,0.03596833
0.1070827,0.05129298,46933.22,0.00902561923076923,2549.22775935121,16364.467123856579,0.03596413
0.1071798,0.05131361,46894.22,0.009018119230769232,2551.350276302539,16378.092371244711,0.03595687
0.107277,0.05133423,46855.18,0.00901061153846154,2553.4456596617288,16391.543437736338,0.03594934
0.1073741,0.05135482,46814.83,0.009002851923076923,2555.1425278048127,16402.436282771137,0.03593873
0.1074713,0.0513754,46774.43,0.008995082692307692,2556.815025112766,16413.1726821024,0.0359279
0.1075684,0.05139596,46732.8,0.008987076923076924,2558.1065482548124,16421.463462681026,0.03591415
0.1076656,0.0514165,46691.12,0.00897906153846154,2559.3754081672905,16429.60875932875,0.03590019
0.1077628,0.05143701,46648.18,0.008970803846153846,2560.2890001373007,16435.473455295207,0.03588347
0.1078599,0.05145751,46605.2,0.008962538461538461,2561.1821561796755,16441.206965232992,0.03586657
0.1079571,0.05147799,46560.92,0.008954023076923076,2561.7096719736037,16444.593290693865,0.03584681
0.1080543,0.05149845,46516.6,0.0089455,2562.2102861935527,16447.806924671462,0.03582684
0.1081515,0.05151889,46471.03,0.008936736538461538,2562.343306420656,16448.66083234027,0.03580403
0.1082486,0.05153931,46425.42,0.008927965384615384,2562.4509860974385,16449.352069333177,0.03578099
0.1083458,0.05155971,46378.62,0.008918965384615386,2562.191212586648,16447.684483900142,0.03575516
0.108443,0.05158009,46331.77,0.008909955769230768,2561.9044993703865,16445.84396220322,0.03572911
0.1085402,0.05160045,46283.73,0.008900717307692308,2561.2690667784627,16441.76487757776,0.03570038
0.1086374,0.0516208,46235.64,0.008891469230769231,2560.6100708888844,16437.534531140413,0.03567146
0.1087346,0.05164112,46186.33,0.008881986538461539,2559.61111759553,16431.121868220278,0.03563992
0.1088319,0.05166142,46136.96,0.008872492307692308,2558.5858164280316,16424.5400682277,0.03560816
0.1089291,0.0516817,46086.38,0.008862765384615385,2557.214189947326,16415.735073708325,0.03557373
0.1090263,0.05170197,46035.74,0.008853026923076922,2555.811455310764,16406.73038404915,0.03553906
0.1091235,0.05172221,45983.97,0.008843071153846154,2554.049515998293,16395.419822312408,0.03550165
0.1092207,0.05174244,45932.15,0.00883310576923077,2552.257400089299,16383.9155454712,0.03546401
0.109318,0.05176264,45879.24,0.008822930769230769,2550.129685153527,16370.256930234624,0.03542384
0.1094152,0.05178283,45826.3,0.008812750000000001,2547.972234280362,16356.407428652925,0.03538345
0.1095124,0.05180299,45772.28,0.008802361538461537,2545.4890702191783,16340.467049652529,0.0353406
0.1096096,0.05182313,45718.22,0.008791965384615385,2542.976229525058,16324.336165004983,0.03529752
0.1097068,0.05184325,45663.08,0.008781361538461539,2540.139254737263,16306.124539748753,0.03525197
0.1098041,0.05186336,45607.9,0.00877075,2537.2711450447173,16287.713047641346,0.03520619
0.1099014,0.05188346,45551.7,0.008759942307692307,2534.0648908180997,16267.130876554535,0.03515788
0.1099987,0.05190354,45495.47,0.008749128846153847,2530.8254656716126,16246.33576865748,0.0351093
0.1100959,0.05192358,45438.42,0.008738157692307692,2527.253675684051,16223.407083838963,0.03505833
0.1101931,0.05194361,45381.33,0.008727178846153847,2523.6532092826255,16200.294314161736,0.03500714
0.1102904,0.05196362,45323.4,0.008716038461538463,2519.741122966881,16175.181137175157,0.03495368
0.1103877,0.05198362,45265.42,0.008704888461538461,2515.8019427186746,16149.894033882696,0.0349
0.110485,0.05200361,45206.56,0.00869356923076923,2511.587850558857,16122.8421659775,0.03484429
0.1105823,0.05202356,45147.66,0.008682242307692309,2507.348842609355,16095.630354097242,0.03478838
0.1106796,0.0520435,45087.8,0.008670730769230769,2502.846789251589,16066.72995322378,0.03473049
0.1107769,0.05206341,45027.9,0.00865921153846154,2498.3169895160745,16037.651437748822,0.03467237
0.1108742,0.05208331,44966.98,0.008647496153846154,2493.520994148772,16006.864110792065,0.0346122
0.1109715,0.05210319,44906.02,0.008635773076923077,2488.69251311879,15975.868245952817,0.03455179
0.1110688,0.05212305,44844.1,0.008623865384615384,2483.591446134176,15943.122547707497,0.03448929
0.1111661,0.05214289,44782.13,0.008611948076923077,2478.4546828377943,15910.147701196307,0.03442653
0.1112634,0.05216271,44719.31,0.008599867307692308,2473.0401603933637,15875.38981257367,0.03436168
0.1113607,0.05218251,44656.45,0.008587778846153846,2467.589473445748,15840.39977018554,0.03429658
0.111458,0.05220229,44592.82,0.008575542307692308,2461.876847454251,15803.728240979957,0.03422954
0.1115553,0.05222206,44529.15,0.008563298076923078,2456.131175823814,15766.84457919028,0.03416226
0.1116527,0.0522418,44464.73,0.008550909615384615,2450.142693204125,15728.402220875216,0.03409319
0.11175,0.05226153,44400.28,0.008538515384615385,2444.1244000686615,15689.7684974679,0.03402389
0.1118473,0.05228123,44335.02,0.008525965384615385,2437.891798962368,15649.759049302307,0.033953
0.1119447,0.05230092,44269.72,0.008513407692307693,2431.6340944092544,15609.588452518796,0.0338819
0.112042,0.05232059,44203.47,0.008500667307692307,2425.204247045096,15568.312805250242,0.03380942
0.1121394,0.05234024,44137.17,0.008487917307692307,2418.7470387566104,15526.861517753001,0.03373671
0.1122367,0.05235987,44069.81,0.00847496346153846,2412.1085236278186,15484.246352365037,0.03366252
0.1123341,0.05237948,44002.41,0.008462001923076924,2405.4347910315714,15441.405112595825,0.03358805
0.1124314,0.05239907,43934.02,0.008448849999999999,2398.5637353925795,15397.297180812166,0.03351198
0.1125288,0.05241865,43865.59,0.008435690384615384,2391.6513187718947,15352.923737081746,0.03343558
0.1126261,0.0524382,43796.43,0.008422390384615385,2384.4951358168364,15306.985464100535,0.03335736
0.1127235,0.05245774,43727.23,0.008409082692307692,2377.292904066654,15260.751586306795,0.03327879
0.1128209,0.05247726,43657.58,0.008395688461538462,2369.8709467524704,15213.107206153985,0.0331987
0.1129182,0.05249676,43587.9,0.008382288461538462,2362.41208139576,15165.225899172523,0.03311833
0.1130156,0.05251624,43517.81,0.008368809615384614,2354.795541379302,15116.33241829791,0.0330369
0.113113,0.0525357,43447.68,0.008355323076923077,2347.1515986613176,15067.263029010808,0.03295525
0.1132104,0.05255514,43376.91,0.008341713461538463,2339.423524214419,15017.65356600654,0.03287296
0.1133078,0.05257457,43306.1,0.008328096153846153,2331.674244171907,14967.907976180732,0.03279048
0.1134052,0.05259397,43234.39,0.008314305769230769,2323.8471444856323,14917.662832324386,0.03270729
0.1135026,0.05261335,43162.64,0.008300507692307692,2315.991294374706,14867.233128505799,0.03262384
0.1136,0.05263272,43089.94,0.008286526923076923,2308.033727634154,14816.150466772664,0.03253948
0.1136974,0.05265206,43017.2,0.008272538461538461,2300.037928011718,14764.82237356078,0.03245481
0.1137948,0.05267139,42943.64,0.008258392307692307,2291.9212520005685,14712.718328619245,0.03236911
0.1138922,0.0526907,42870.03,0.008244236538461538,2283.7674128938293,14660.37571956598,0.03228312
0.1139896,0.05270999,42795.61,0.008229925,2275.529641096706,14607.494314499936,0.03219642
0.114087,0.05272926,42721.15,0.00821560576923077,2267.2780172822604,14554.523988041426,0.03210959
0.1141845,0.05274852,42645.38,0.008201034615384614,2259.0861323919466,14501.937148564957,0.03202295
0.1142819,0.05276775,42569.57,0.00818645576923077,2250.8760201915584,14449.233301019918,0.03193614
0.1143793,0.05278697,42491.96,0.008171530769230769,2242.803360378312,14397.411812872633,0.03184984
0.1144767,0.05280617,42414.33,0.008156601923076923,2234.59669605732,14344.730098582977,0.03176256
0.1145742,0.05282534,42337.37,0.008141801923076923,2225.989416293283,14289.476680677208,0.03167248
0.1146716,0.0528445,42260.48,0.008127015384615386,2217.032308239614,14231.977581300383,0.03157985
0.1147691,0.05286365,42193.34,0.008114103846153846,2206.00722106814,14161.203333729363,0.03147451
0.1148665,0.05288277,42126.35,0.008101221153846153,2194.661941335208,14088.373647751141,0.0313668
0.114964,0.05290188,42079.4,0.008092192307692307,2179.970835223069,13994.065823703919,0.03124337
0.1150614,0.05292096,42032.57,0.008083186538461538,2165.5424405847143,13901.44444499687,0.03112159
0.1151589,0.05294003,41996.95,0.008076336538461537,2149.451316522014,13798.14937073604,0.03098806
0.1152563,0.05295908,41960.47,0.008069321153846154,2133.1277643667227,13693.362251731103,0.03085311
0.1153538,0.05297811,41989.0,0.008074807692307692,2111.4855476385696,13554.432592411302,0.0309058
0.1154513,0.05299712,42016.53,0.008080101923076923,2092.2196523073126,13430.757448202039,0.03097334
0.1155488,0.05301611,41932.54,0.00806395,2083.585844969619,13375.333739663985,0.03103366
0.1156462,0.05303509,41848.75,0.008047836538461538,2073.9564312134994,13313.518853074906,0.03108586
0.1157437,0.05305404,41724.3,0.008023903846153847,2069.170017798462,13282.793036331288,0.03103165
0.1158412,0.05307298,41600.16,0.00800003076923077,2063.890839214148,13248.903971665697,0.03097349
0.1159387,0.0530919,41477.01,0.007976348076923077,2059.565980182755,13221.141048884503,0.03085425
0.1160362,0.0531108,41353.98,0.007952688461538461,2054.677980690291,13189.763112290788,0.03073072
0.1161337,0.05312968,41253.3,0.007933326923076923,2047.3055306830292,13142.436538459342,0.03058177
0.1162312,0.05314854,41152.71,0.007913982692307692,2039.5689013983128,13092.772158682059,0.03043022
0.1163287,0.05316739,41082.88,0.007900553846153846,2027.8650811929526,13017.640864402223,0.03026982
0.1164262,0.05318621,41013.11,0.007887136538461539,2016.482820212891,12944.573781667026,0.03011195
0.1165237,0.05320502,40960.05,0.007876932692307693,2003.1026583084767,12858.68140944039,0.02995197
0.1166212,0.05322381,40906.07,0.007866551923076923,1989.379612230466,12770.587932677086,0.02979007
0.1167187,0.05324258,40918.46,0.007868934615384616,1970.6323092219948,12650.241830757506,0.02982734
0.1168162,0.05326134,40930.0,0.007871153846153845,1954.1960634204152,12544.731288173414,0.02988016
0.1169138,0.05328007,40834.03,0.007852698076923077,1947.3653452543479,12500.88229804262,0.02992699
0.1170113,0.05329879,40738.26,0.00783428076923077,1939.5577420100494,12450.762309297497,0.02996583
0.1171088,0.05331749,40605.67,0.007808782692307692,1935.4952532680154,12424.683641663274,0.02989828
0.1172064,0.05333617,40473.35,0.0077833365384615385,1930.9108603521913,12395.254671702216,0.02982649
0.1173039,0.05335483,40345.19,0.007758690384615385,1926.872217193044,12369.329077976658,0.02969601
0.1174014,0.05337347,40217.14,0.007734065384615385,1922.2612834288864,12339.729732168089,0.02956107
0.117499,0.0533921,40112.73,0.007713986538461539,1915.2786453481183,12294.905510051663,0.02940456
0.1175965,0.05341071,40008.43,0.007693928846153846,1907.917957811847,12247.654444016296,0.0292453
0.1176941,0.05342929,39935.88,0.007679976923076923,1896.9030627003726,12176.945623173107,0.0290808
0.1177916,0.05344785,39863.42,0.007666042307692307,1886.295381874839,12108.850866440194,0.0289196
0.1178891,0.0534664,39807.97,0.007655378846153847,1873.9526279305692,12029.618012334502,0.02875955
0.1179867,0.05348493,39751.61,0.007644540384615385,1861.205238486179,11947.787648330146,0.02859706
0.1180843,0.05350345,39756.51,0.007645482692307692,1844.2238625120467,11838.777706857807,0.02863552
0.1181819,0.05352196,39760.57,0.0076462634615384615,1829.5315179264262,11744.46193257605,0.02869002
0.1182794,0.05354043,39657.03,0.007626351923076923,1823.7264511379813,11707.196990570446,0.02873393
0.118377,0.05355889,39553.47,0.007606436538461539,1817.9675695756475,11670.228529180013,0.0287779
0.1184745,0.05357733,39408.37,0.007578532692307693,1817.8495606667643,11669.470984899139,0.02873631
0.1185721,0.05359576,39263.22,0.007550619230769231,1818.83154939322,11675.774745781679,0.02870319
0.1186698,0.05361417,39098.27,0.007518898076923076,1848.3869236699068,11865.501987260961,0.028828
0.1187674,0.05363256,38952.18,0.0074908038461538465,1809.2913912585961,11614.532825134236,0.02841122
0.118865,0.05365093,39518.19,0.007599651923076924,1703.5148811882336,10935.512986607422,0.02734908
0.1189626,0.05366929,40671.94,0.007821526923076923,119.70522779787258,768.4336002015766,0.007202689
0.1190602,0.05368762,66273.88,0.012744976923076924,-14206.053936938457,-91194.08878158793,0.08933954
0.1191578,0.05370593,135520.0,0.026061538461538462,-33077.56627751727,-212337.53786808788,0.1969901
0.1192554,0.05372423,313214.6,0.06023357692307692,-29066.798044048475,-186590.8839423074,0.3772953
0.119353,0.05374251,358401.5,0.06892336538461538,-21137.060594383023,-135686.86906178115,0.3805865
0.1194506,0.05376077,380112.5,0.07309855769230769,-17619.3614592362,-113105.41409465828,0.4198827
0.1195482,0.05377902,405417.2,0.07796484615384616,-15487.324937195177,-99419.05694441234,0.4555697
0.1196458,0.05379724,424645.7,0.08166263461538462,-14542.89278820801,-93356.38608414088,0.5008644
0.1197435,0.05381545,437448.7,0.08412475,-13283.086279673716,-85269.20669591043,0.5402447
0.1198411,0.05383364,437225.2,0.08408176923076924,-11808.42178965586,-75802.77182084158,0.5641548
0.1199387,0.05385181,431729.8,0.08302496153846153,-10263.120029383608,-65882.88931538475,0.5765074
0.1200364,0.05386997,413537.9,0.07952651923076924,-8821.217971105038,-56626.769009160686,0.5707378
0.120134,0.0538881,394712.3,0.07590621153846154,-7664.4757805491745,-49201.19886200879,0.5675325
0.1202316,0.05390622,376485.8,0.07240111538461538,-6645.313543736545,-42658.80701137201,0.5603738
0.1203293,0.05392432,363781.4,0.06995796153846154,-5920.511446913267,-38006.02538318766,0.5631919
0.1204269,0.0539424,357470.3,0.06874428846153846,-5320.820027522665,-34156.37700199555,0.569601
0.1205246,0.05396046,354416.5,0.06815701923076924,-4825.2245265382235,-30974.960099233125,0.5781117
0.1206222,0.05397851,354037.2,0.06808407692307693,-4410.199191968579,-28310.75388297058,0.586745
0.1207199,0.05399654,352238.1,0.06773809615384616,-3988.8157925237156,-25605.732818666234,0.5894433
0.1208176,0.05401455,349767.4,0.06726296153846155,-3621.64870650693,-23248.746987940347,0.5880876
0.1209152,0.05403254,346078.0,0.06655346153846153,-3260.924121413589,-20933.118032515376,0.5823121
0.1210129,0.05405051,340823.5,0.06554298076923076,-2931.3286401556143,-18817.318689976233,0.5709484
0.1211106,0.05406847,334366.8,0.06430130769230769,-2606.8600818520326,-16734.43102503277,0.555716
0.1212082,0.05408641,326087.3,0.06270909615384615,-2306.8800187237516,-14808.744368409925,0.5359506
0.1213059,0.05410433,316776.0,0.06091846153846154,-2017.0292637125242,-12948.081611303664,0.5134853
0.1214036,0.05412223,305833.6,0.05881415384615384,-1746.8010340506578,-11213.38334277193,0.4882763
0.1215013,0.05414012,294024.5,0.056543173076923074,-1492.244956682049,-9579.290608611262,0.4614046
0.121599,0.05415799,280952.5,0.05402932692307692,-1258.1450404459881,-8076.513789674697,0.4342828
0.1216966,0.05417584,267537.5,0.05144951923076923,-1050.937353123105,-6746.368464461127,0.4077049
0.1217943,0.05419367,253544.2,0.0487585,-868.2834977428348,-5573.8435692447,0.3840637
0.121892,0.05421149,239883.5,0.04613144230769231,-722.6140855715622,-4638.735947854687,0.3644303
0.1219897,0.05422928,226570.7,0.04357128846153847,-605.9708878676803,-3889.958688920209,0.3513624
0.1220874,0.05424706,214366.5,0.041224326923076926,-528.1544458594143,-3390.4252116667476,0.3467753
0.1221851,0.05426483,203449.6,0.03912492307692308,-476.756668094442,-3060.4832355569947,0.3502583
0.1222829,0.05428257,194116.8,0.037330153846153846,-450.2077675320568,-2890.0556977138235,0.3629292
0.1223806,0.0543003,186428.9,0.03585171153846154,-439.37013026397744,-2820.4847627029385,0.3798708
0.1224783,0.054318,180074.1,0.03462963461538462,-438.0793402331178,-2812.1986882451665,0.4026308
0.122576,0.05433569,175020.4,0.03365776923076923,-448.2931926457209,-2877.7653099017994,0.4279433
0.1226737,0.05435337,171008.3,0.03288621153846154,-465.26827902935617,-2986.7348760892955,0.4587421
0.1227715,0.05437102,168121.8,0.03233111538461538,-484.8766511453265,-3112.6085096503107,0.4910742
0.1228692,0.05438866,166016.7,0.031926288461538464,-502.7877812788858,-3227.586898359033,0.5247504
0.1229669,0.05440628,164745.1,0.03168175,-517.2403312792096,-3320.363339565049,0.5596076
0.1230646,0.05442388,164214.6,0.03157973076923077,-526.4615181147192,-3379.5576615549526,0.5933029
0.1231624,0.05444147,164211.4,0.031579115384615386,-536.3475150259935,-3443.019653465111,0.6300277
0.1232601,0.05445903,165072.5,0.03174471153846154,-547.8724423422099,-3517.002565929181,0.6690088
0.1233579,0.05447658,166765.0,0.032070192307692306,-560.340890991414,-3597.0423023775725,0.7098653
0.1234556,0.05449411,169164.3,0.032531596153846154,-575.4870076640608,-3694.271013085911,0.7536231
0.1235534,0.05451163,172287.3,0.03313217307692307,-584.3704900292199,-3751.2974810336027,0.7928518
0.1236511,0.05452912,175382.9,0.03372748076923077,-585.5789721630729,-3759.055189648166,0.8268758
0.1237489,0.0545466,178547.9,0.034336134615384616,-575.8928385345308,-3696.876196523637,0.8514466
0.1238466,0.05456407,181301.8,0.03486573076923077,-556.2669149123539,-3570.889893137323,0.8670953
0.1239444,0.05458151,183810.6,0.03534819230769231,-526.5136854537483,-3379.8925436388895,0.8723152
0.1240422,0.05459894,185848.1,0.035740019230769235,-484.343563158206,-3109.1864141520346,0.8634424
0.1241399,0.05461635,187358.3,0.036030442307692305,-428.23151538802193,-2748.9817374145023,0.836032
0.1242377,0.05463375,188270.0,0.03620576923076923,-351.49140431451235,-2256.357639729657,0.7783831
0.1243355,0.05465112,187645.8,0.036085730769230766,-255.46553785155794,-1639.9309085329155,0.6777583
0.1244333,0.05466847,185253.1,0.035625596153846154,-133.16402397846974,-854.8307558955513,0.4984517
0.1245311,0.05468579,179528.5,0.03452471153846154,5.264970291423464,33.797856204111234,0.09970075
0.1246288,0.05470309,173485.5,0.03336259615384615,122.70646626676155,787.6996967968399,0.4840366
0.1247266,0.05472038,168138.6,0.03233434615384616,135.06982526214117,867.0648225994153,0.5065823
0.1248244,0.05473767,164844.1,0.03170078846153846,92.61286897734846,594.5173961276699,0.4207037
0.1249222,0.05475496,154470.7,0.029705903846153847,108.36631084547417,695.6447593430067,0.4614239
0.12502,0.05477226,171806.2,0.03303965384615385,96.0509343849249,616.5876517670766,0.4433898
