x_m,r_m,pressure_pa,pressure_over_pc,tau_wall_pa,su2_cf_t,yplus
-0.02268,0.02,5179764.0,0.9961084615384616,1792.4199449331363,11506.228564084151,0.3728495
-0.02258069,0.01999946,5176277.0,0.9954378846153846,1021.2310270647284,6555.672205811964,0.2811487
-0.0224814,0.01999803,5176390.0,0.9954596153846154,678.3587155966914,4354.643816678381,0.2289308
-0.02238212,0.01999557,5176285.0,0.9954394230769231,573.8496741843201,3683.760343805099,0.2103555
-0.02228287,0.01999211,5176421.0,0.9954655769230769,473.32723841438536,3038.4684159525086,0.1908407
-0.02218367,0.01998767,5176418.0,0.995465,424.21575828095825,2723.2030580027176,0.1804535
-0.02208451,0.01998225,5176473.0,0.995475576923077,378.7385665189467,2431.267585879911,0.1702831
-0.02198541,0.01997585,5176399.0,0.9954613461538462,357.4472045083661,2294.5901970643467,0.1651897
-0.02188638,0.01996846,5176589.0,0.9954978846153846,334.8045598375795,2149.2384084871833,0.1596267
-0.02178742,0.01996008,5176721.0,0.9955232692307693,321.04267446637704,2060.8956074592197,0.1560514
-0.02168856,0.01995073,5176897.0,0.9955571153846153,305.7940317139166,1963.0087426662592,0.1520282
-0.02158979,0.0199404,5176985.0,0.9955740384615385,296.8020157598245,1905.2855561372594,0.1494891
-0.02149113,0.01992908,5177132.0,0.9956023076923077,287.23020492240477,1843.8404446951206,0.1467595
-0.02139259,0.01991678,5177255.0,0.9956259615384615,280.43551841224905,1800.222755532402,0.1447006
-0.02129417,0.01990351,5177386.0,0.9956511538461539,273.2041630287037,1753.801922007088,0.142497
-0.02119589,0.01988926,5177485.0,0.9956701923076923,268.35122528537204,1722.6490601792045,0.1408844
-0.02109776,0.01987403,5177603.0,0.9956928846153846,263.70483089124184,1692.8220790362693,0.1393069
-0.02099978,0.01985783,5177712.0,0.9957138461538462,260.2340319387367,1670.5416942634934,0.138019
-0.02090197,0.01984066,5177826.0,0.9957357692307692,256.8145243976088,1648.590568660339,0.1367266
-0.02080434,0.01982252,5177922.0,0.9957542307692308,254.76385512927808,1635.4265390045337,0.1357829
-0.02070689,0.01980341,5178034.0,0.9957757692307693,252.79441600372877,1622.7839566757225,0.1348451
-0.02060963,0.01978333,5178131.0,0.9957944230769231,251.68381101370807,1615.6545588492174,0.1341217
-0.02051258,0.01976229,5178236.0,0.9958146153846154,250.79344512463055,1609.9389599716496,0.1334427
-0.02041574,0.01974028,5178324.0,0.9958315384615385,250.6978702836775,1609.3254285455514,0.1329616
-0.02031912,0.01971732,5178424.0,0.9958507692307692,250.50877208373805,1608.1115349400318,0.1324362
-0.02022274,0.01969339,5178506.0,0.9958665384615385,251.25432114678594,1612.8974992724516,0.1321437
-0.0201266,0.01966851,5178600.0,0.9958846153846154,252.04510379688662,1617.973835285277,0.1318488
-0.02003071,0.01964268,5178676.0,0.9958992307692308,253.2568979433475,1625.7528049743908,0.1316392
-0.01993509,0.0196159,5178757.0,0.9959148076923077,255.04846598457848,1637.2535648430728,0.1315643
-0.01983973,0.01958816,5178818.0,0.9959265384615384,257.47476298055,1652.8288924212538,0.131631
-0.01974466,0.01955948,5178890.0,0.9959403846153846,259.8592329306232,1668.1357162084419,0.1316624
-0.01964987,0.01952986,5178931.0,0.9959482692307692,262.9333110549772,1687.869398386358,0.1318429
-0.01955538,0.0194993,5178979.0,0.9959575,266.2147994404357,1708.934526288001,0.1320505
-0.0194612,0.01946781,5179004.0,0.9959623076923076,270.02210333387427,1733.3750648652854,0.1323574
-0.01936734,0.01943538,5179036.0,0.9959684615384615,273.93845090524735,1758.5155964800992,0.1326556
-0.01927381,0.01940202,5179034.0,0.9959680769230769,278.7250707663303,1789.2427384797716,0.1331319
-0.01918061,0.01936772,5179032.0,0.9959676923076923,283.8012602476219,1821.828738524822,0.1336411
-0.01908775,0.01933251,5178997.0,0.9959609615384616,289.5774752717468,1858.908470030129,0.1342743
-0.01899525,0.01929638,5178963.0,0.9959544230769231,295.47180239933107,1896.7464082617282,0.1348908
-0.01890312,0.01925933,5178886.0,0.9959396153846154,302.1070868442866,1939.3408346556046,0.1356259
-0.01881135,0.01922136,5178817.0,0.9959263461538461,309.0072175425661,1983.6354103552849,0.1363727
-0.01871997,0.01918249,5178729.0,0.9959094230769231,316.8159375576635,2033.762568078918,0.1372666
-0.01862898,0.01914271,5178622.0,0.9958888461538462,324.6595883398538,2084.113959744617,0.1381109
-0.01853839,0.01910203,5178439.0,0.9958536538461539,334.8675638347126,2149.6428552205025,0.1393894
-0.0184482,0.01906045,5178218.0,0.9958111538461538,346.18147219189814,2222.2711563498647,0.1408191
-0.01835843,0.01901799,5177938.0,0.9957573076923077,358.52764992922476,2301.5259890915227,0.1423697
-0.01826909,0.01897463,5177565.0,0.9956855769230769,370.190426437846,2376.3938081979613,0.1436902
-0.01818019,0.01893038,5177139.0,0.9956036538461538,384.96945451929616,2471.2660369638197,0.1455235
-0.01809173,0.01888525,5176694.0,0.9955180769230769,399.7320004904646,2566.0324607654698,0.1472441
-0.01800372,0.01883925,5176240.0,0.9954307692307692,416.61652045946954,2674.4206465293037,0.1492374
-0.01791617,0.01879238,5175892.0,0.9953638461538461,435.17292495203475,2793.5412979272205,0.1514001
-0.01782909,0.01874464,5175314.0,0.9952526923076923,455.5285836936571,2924.212049898986,0.1538085
-0.01774245,0.01869611,5174518.0,0.9950996153846153,482.07157298441393,3094.6016410307,0.1569
-0.01765635,0.01864663,5173467.0,0.9948975,528.4927429461858,3392.5968699402233,0.163763
-0.01757033,0.01859701,5172306.0,0.9946742307692308,556.1852670115237,3570.365764061776,0.1675752
-0.01748433,0.01854735,5171160.0,0.9944538461538461,564.610519142236,3624.4506770310013,0.1684429
-0.01739833,0.01849767,5169905.0,0.9942125,572.9044800620081,3677.692781546883,0.1692896
-0.01731234,0.018448,5168888.0,0.9940169230769231,575.278518590346,3692.932642051792,0.1692708
-0.01722634,0.01839834,5167840.0,0.9938153846153847,579.663144453586,3721.0792309653157,0.1695377
-0.01714034,0.01834869,5166935.0,0.9936413461538461,581.3703119578031,3732.038191534922,0.1694029
-0.01705434,0.01829904,5165956.0,0.9934530769230769,585.0016302332584,3755.3490111809756,0.169545
-0.01696833,0.01824939,5165044.0,0.9932776923076924,587.9614865280682,3774.3494597874515,0.1695872
-0.01688233,0.01819973,5164092.0,0.9930946153846154,591.8857852798145,3799.5410330674667,0.1697644
-0.01679633,0.01815008,5163164.0,0.9929161538461538,595.7132447250116,3824.110957833531,0.1699236
-0.01671032,0.01810043,5162200.0,0.9927307692307692,599.9579836717307,3851.35955917491,0.1701375
-0.01662432,0.01805078,5161238.0,0.9925457692307692,604.3298606278341,3879.4243079817834,0.1703646
-0.01653832,0.01800113,5160246.0,0.992355,609.0062701855451,3909.44396792944,0.1706292
-0.01645231,0.01795147,5159245.0,0.9921625,613.9051319976777,3940.8916339039242,0.1709193
-0.01636631,0.01790182,5158210.0,0.9919634615384615,618.9990078944103,3973.5911698082023,0.1712305
-0.0162803,0.01785217,5157157.0,0.9917609615384615,624.3267379838595,4007.791905138247,0.1715673
-0.0161943,0.01780252,5156068.0,0.9915515384615384,629.8183235495059,4043.044491384105,0.1719194
-0.0161083,0.01775287,5154953.0,0.9913371153846153,635.5918258119958,4080.1068086358496,0.1723025
-0.01602229,0.01770322,5153800.0,0.9911153846153846,641.5218038448123,4118.173603651418,0.1726989
-0.01593629,0.01765357,5152614.0,0.9908873076923077,647.7672396178748,4158.265442447512,0.1731296
-0.01585028,0.01760391,5151387.0,0.9906513461538462,654.1316603408997,4199.121091105143,0.1735679
-0.01576428,0.01755426,5150125.0,0.9904086538461538,660.7970382624155,4241.908699024682,0.1740374
-0.01567828,0.01750461,5148824.0,0.9901584615384615,667.4671279129063,4284.7265533330055,0.1744988
-0.01559227,0.01745496,5147480.0,0.9899,674.5617007362381,4330.269327335579,0.1750063
-0.01550627,0.01740531,5146087.0,0.9896321153846154,682.0317755243715,4378.222591940806,0.1755527
-0.01542027,0.01735565,5144643.0,0.9893544230769231,689.8138625774773,4428.178782504159,0.1761284
-0.01533426,0.017306,5143143.0,0.9890659615384615,697.453839105768,4477.22271130402,0.176675
-0.01524826,0.01725635,5141588.0,0.988766923076923,705.3022875114823,4527.604900748436,0.1772371
-0.01516226,0.0172067,5139989.0,0.988459423076923,713.261303188748,4578.696863760019,0.177802
-0.01507625,0.01715704,5138345.0,0.9881432692307692,721.6608131151057,4632.616527682622,0.1784102
-0.01499025,0.01710739,5136654.0,0.9878180769230769,730.1864232216909,4687.345676848777,0.1790224
-0.01490425,0.01705774,5134908.0,0.9874823076923077,739.0993007820305,4744.560843787119,0.1796701
-0.01481824,0.01700808,5133111.0,0.9871367307692308,748.0628861674784,4802.101523631816,0.1803121
-0.01473224,0.01695843,5131258.0,0.9867803846153846,757.3702170997399,4861.84883749702,0.180983
-0.01464624,0.01690878,5129357.0,0.9864148076923077,766.7025979385903,4921.75695628494,0.1816445
-0.01456024,0.01685912,5127399.0,0.9860382692307692,776.35674735701,4983.730630542566,0.1823306
-0.01447423,0.01680947,5125394.0,0.9856526923076923,786.045761425851,5045.928114314077,0.1830074
-0.01438823,0.01675982,5123333.0,0.9852563461538462,796.1038541302646,5110.494854883374,0.1837133
-0.01430223,0.01671017,5121224.0,0.9848507692307692,806.20467380026,5175.335876171997,0.1844103
-0.01421622,0.01666052,5119060.0,0.9844346153846154,816.6988598292742,5242.702066436277,0.185138
-0.01413022,0.01661086,5116850.0,0.9840096153846154,827.2398622598774,5310.368789072312,0.185857
-0.01404421,0.01656121,5114585.0,0.9835740384615385,838.1634197655443,5380.491278920978,0.1866044
-0.01395821,0.01651156,5112275.0,0.9831298076923077,849.105603561705,5450.7333380459895,0.1873394
-0.01387221,0.01646191,5109913.0,0.9826755769230769,860.4315617843529,5523.43899186637,0.1881015
-0.0137862,0.01641226,5107507.0,0.9822128846153846,871.7744286408257,5596.253188668571,0.1888507
-0.0137002,0.0163626,5105050.0,0.9817403846153846,883.5071002836661,5671.569691350595,0.1896265
-0.0136142,0.01631295,5102553.0,0.9812601923076923,895.270553338129,5747.083791676328,0.1903905
-0.01352819,0.0162633,5100006.0,0.9807703846153846,907.4348393170858,5825.170991714699,0.1911814
-0.01344219,0.01621365,5097420.0,0.980273076923077,919.6195053168029,5903.3890188941505,0.1919591
-0.01335619,0.016164,5094787.0,0.9797667307692308,932.2008678865521,5984.153592946325,0.1927621
-0.01327018,0.01611434,5092119.0,0.9792536538461538,944.7998856776123,6065.031502610686,0.1935512
-0.01318418,0.01606469,5089405.0,0.9787317307692308,957.7943505179354,6148.447937996474,0.194364
-0.01309817,0.01601504,5086656.0,0.978203076923077,970.8142143570728,6232.027419261372,0.195163
-0.01301217,0.01596539,5083864.0,0.9776661538461539,984.267810098777,6318.391191350849,0.1959885
-0.01292617,0.01591574,5081040.0,0.9771230769230769,997.7715183990888,6405.076655103543,0.1968023
-0.01284016,0.01586609,5078175.0,0.9765721153846154,1011.7612396088401,6494.882021442077,0.1976466
-0.01275416,0.01581644,5075279.0,0.9760151923076923,1025.8111451679752,6585.0737341175545,0.1984801
-0.01266816,0.01576678,5072343.0,0.9754505769230769,1040.3376451920822,6678.324888784762,0.1993419
-0.01258215,0.01571713,5069376.0,0.97488,1054.9169077397287,6771.914746252718,0.2001915
-0.01249615,0.01566748,5066370.0,0.9743019230769231,1069.9791990702438,6868.60535005773,0.2010688
-0.01241015,0.01561783,5063335.0,0.9737182692307692,1085.0977929030907,6965.657381140089,0.2019335
-0.01232414,0.01556818,5060261.0,0.9731271153846154,1100.7279231248242,7065.993159776145,0.202827
-0.01223814,0.01551852,5057158.0,0.9725303846153847,1116.4471867536754,7166.901119813045,0.2037105
-0.01215213,0.01546887,5054016.0,0.9719261538461539,1132.7144645270737,7271.326992056477,0.2046246
-0.01206613,0.01541922,5050844.0,0.9713161538461539,1149.085018311334,7376.4158324785,0.2055292
-0.01198013,0.01536957,5047632.0,0.9706984615384615,1166.0322741743025,7485.206743918959,0.2064657
-0.01189412,0.01531992,5044390.0,0.970075,1183.0714818801994,7594.5879293767375,0.2073908
-0.01180812,0.01527026,5041105.0,0.9694432692307692,1200.6855860023973,7707.6595946159605,0.2083456
-0.01172212,0.01522061,5037789.0,0.9688055769230769,1218.419943824799,7821.503214309348,0.2092905
-0.01163611,0.01517096,5034429.0,0.968159423076923,1236.7851592833642,7939.396550238939,0.2102683
-0.01155011,0.01512131,5031036.0,0.9675069230769231,1255.2913234073976,8058.194689512895,0.211237
-0.01146411,0.01507165,5027596.0,0.9668453846153846,1274.515212248131,8181.600178007543,0.2122443
-0.0113781,0.015022,5024119.0,0.9661767307692307,1293.899050429449,8306.032442440857,0.213244
-0.0112921,0.01497235,5020592.0,0.9654984615384615,1313.9602627254005,8434.813030161022,0.2142773
-0.0112061,0.01492269,5017027.0,0.9648128846153846,1334.14914977627,8564.413210921366,0.2152993
-0.0111201,0.01487304,5013410.0,0.9641173076923077,1354.962375070293,8698.021257442932,0.2163484
-0.01103409,0.01482339,5009752.0,0.9634138461538462,1375.894088274782,8832.38992313957,0.2173841
-0.01094809,0.01477373,5006040.0,0.9627,1397.5272438917807,8971.261415724346,0.2184509
-0.01086209,0.01472408,5002284.0,0.9619776923076923,1419.3376939052723,9111.271028789732,0.2195079
-0.01077608,0.01467443,4998468.0,0.9612438461538462,1441.9264105676912,9256.276632873669,0.2206001
-0.01069008,0.01462478,4994605.0,0.9605009615384615,1464.7202780051027,9402.599178176564,0.2216839
-0.01060408,0.01457513,4990677.0,0.9597455769230769,1488.3437740835277,9554.247426752176,0.2228048
-0.01051807,0.01452547,4986698.0,0.9589803846153846,1512.1342079346084,9706.967312682407,0.2239133
-0.01043207,0.01447582,4982650.0,0.9582019230769231,1536.734721433979,9864.887409430803,0.2250552
-0.01034606,0.01442617,4978546.0,0.9574126923076923,1561.51089177439,10023.935114565598,0.2261842
-0.01026006,0.01437652,4974369.0,0.9566094230769231,1587.0954248536514,10188.172009020784,0.2273444
-0.01017406,0.01432687,4970132.0,0.9557946153846154,1612.868775140538,10353.620993284449,0.2284916
-0.01008805,0.01427721,4965816.0,0.9549646153846154,1639.4763947317654,10524.425471012064,0.2296699
-0.01000205,0.01422756,4961435.0,0.9541221153846153,1666.2682802853897,10696.41282236587,0.2308342
-0.009916048,0.01417791,4956969.0,0.9532632692307692,1693.8708156206685,10873.604044441774,0.2320258
-0.009830044,0.01412826,4952435.0,0.9523913461538461,1721.6543887384512,11051.957417223552,0.2332024
-0.00974404,0.01407861,4947810.0,0.951501923076923,1750.2009653826285,11235.208801207846,0.2344012
-0.009658036,0.01402896,4943112.0,0.9505984615384615,1778.91263710691,11419.519993599124,0.2355825
-0.009572032,0.0139793,4938317.0,0.9496763461538461,1808.4195842708289,11608.936362936092,0.236786
-0.009486028,0.01392965,4933444.0,0.9487392307692307,1838.126094543483,11799.6338041271,0.2379736
-0.009400024,0.01388,4928466.0,0.9477819230769231,1868.7481760223866,11996.208646758309,0.2391893
-0.00931402,0.01383035,4923403.0,0.9468082692307692,1899.6116318053705,12194.332963283789,0.2403913
-0.009228016,0.0137807,4918229.0,0.9458132692307692,1931.4470189074402,12398.696478350665,0.2416231
-0.009142013,0.01373105,4912963.0,0.944800576923077,1963.4859718125726,12604.366760096014,0.2428377
-0.00905601,0.01368139,4907579.0,0.9437651923076923,1996.5455880615534,12816.58906987168,0.244083
-0.008970006,0.01363174,4902098.0,0.9427111538461539,2029.8144535286012,13030.154630338537,0.2453103
-0.008884003,0.01358209,4896490.0,0.9416326923076923,2064.186421126575,13250.801424912303,0.2465706
-0.008797999,0.01353244,4890777.0,0.9405340384615385,2098.811932729033,13473.075815337637,0.2478142
-0.008711996,0.01348279,4884930.0,0.9394096153846154,2134.6899845331322,13703.390739950586,0.2490972
-0.008625992,0.01343313,4878970.0,0.9382634615384615,2170.83966709235,13935.449366178918,0.2503632
-0.008539988,0.01338348,4872864.0,0.9370892307692308,2208.388577513293,14176.490170738705,0.251674
-0.008453985,0.01333383,4866636.0,0.9358915384615385,2246.2362334448467,14419.448736890745,0.2529679
-0.008367981,0.01328418,4860253.0,0.9346640384615384,2285.55198505573,14671.831570211903,0.2543069
-0.008281978,0.01323453,4853738.0,0.9334111538461538,2325.179068674447,14926.212962660671,0.2556275
-0.008195974,0.01318487,4847056.0,0.9321261538461538,2366.4712781225885,15191.283434103163,0.2570002
-0.008109971,0.01313522,4840230.0,0.9308134615384616,2408.1188036817534,15458.634815439284,0.2583549
-0.008023968,0.01308557,4833222.0,0.9294657692307692,2451.6961299352583,15738.374324867247,0.2597718
-0.007937965,0.01303592,4826058.0,0.9280880769230769,2495.728103181845,16021.032387078089,0.2611745
-0.007851962,0.01298626,4818694.0,0.926671923076923,2541.8772731635418,16317.281544176138,0.2626451
-0.00776596,0.01293661,4811160.0,0.9252230769230769,2588.4236615235113,16616.080597833407,0.2640959
-0.007679957,0.01288695,4803411.0,0.9237328846153846,2637.1226409595783,16928.697956177923,0.2656113
-0.007593954,0.0128373,4795480.0,0.9222076923076923,2686.192969499482,17243.699146323626,0.2671025
-0.007507951,0.01278765,4787316.0,0.9206376923076923,2737.598936085242,17573.69368960321,0.2686612
-0.007421947,0.012738,4778949.0,0.9190286538461538,2789.5435450804744,17907.14598434066,0.2702008
-0.007335944,0.01268834,4770328.0,0.9173707692307692,2844.2257365582623,18258.171867146215,0.2718213
-0.00724994,0.01263869,4761481.0,0.9156694230769231,2899.5567498455166,18613.362785081063,0.2734245
-0.007163936,0.01258904,4752352.0,0.9139138461538462,2958.064212804076,18988.944547272946,0.2751223
-0.007077933,0.01253939,4742973.0,0.9121101923076923,3017.3098098738874,19369.2646743882,0.2768032
-0.00699193,0.01248974,4733280.0,0.9102461538461538,3080.070354782419,19772.148594847462,0.278586
-0.006905926,0.01244008,4723310.0,0.9083288461538461,3143.619762947279,20180.096529997463,0.2803492
-0.006819923,0.01239043,4712988.0,0.9063438461538461,3211.3205102041884,20614.693497130826,0.2822331
-0.006733919,0.01234078,4702337.0,0.9042955769230769,3279.5038998153454,21052.388729968265,0.2840783
-0.006647915,0.01229113,4691412.0,0.9021946153846154,3351.7938156185123,21516.44532365935,0.2860336
-0.006561911,0.01224148,4680118.0,0.9000226923076923,3426.5274188695016,21996.188880884463,0.2880272
-0.006475907,0.01219183,4668219.0,0.8977344230769231,3507.1979666801717,22514.043953923207,0.2901882
-0.006389903,0.01214218,4655855.0,0.8953567307692307,3588.3282210030907,23034.850058731758,0.2922937
-0.006303899,0.01209252,4643052.0,0.8928946153846153,3675.3206376947765,23593.287623893935,0.2945526
-0.006217895,0.01204287,4629841.0,0.8903540384615385,3764.5211790308713,24165.8999849394,0.2968212
-0.006131892,0.01199322,4616049.0,0.8877017307692308,3861.8611274055884,24790.762310077956,0.2993121
-0.006045888,0.01194357,4601674.0,0.8849373076923077,3961.728004026667,25431.845953245174,0.3018086
-0.005959885,0.01189392,4586578.0,0.8820342307692308,4068.723174904035,26118.6888411791,0.3044635
-0.005873881,0.01184426,4570843.0,0.8790082692307692,4175.738068065613,26805.658333991843,0.3069905
-0.005787885,0.0117946,4554251.0,0.8758175,4303.618179613883,27626.56963685611,0.3101488
-0.005701897,0.01174492,4536608.0,0.8724246153846154,4443.501716527831,28524.535514012452,0.3136429
-0.005615904,0.01169525,4517768.0,0.8688015384615385,4599.222989089278,29524.169868365097,0.3175533
-0.005529897,0.01164561,4497943.0,0.8649890384615384,4755.657975725023,30528.385826092283,0.3213509
-0.005443868,0.011596,4476911.0,0.8609444230769231,4913.692477958828,31542.869685666417,0.3249705
-0.005357828,0.01154641,4454483.0,0.8566313461538462,5080.090456372889,32611.041894777354,0.3286473
-0.005271787,0.01149682,4430176.0,0.8519569230769231,5290.2914738431955,33960.40255004869,0.3334995
-0.00518574,0.01144724,4403930.0,0.8469096153846154,5511.979688063486,35383.503910861466,0.3384762
-0.005099683,0.01139769,4375776.0,0.8414953846153846,5797.3118982247,37215.16040190363,0.3450742
-0.005013605,0.01134816,4344182.0,0.8354196153846154,6124.120264022582,39313.068185263815,0.3525594
-0.004927488,0.01129871,4306276.0,0.82813,6714.569226242049,43103.385702053616,0.3670887
-0.004841241,0.01124947,4260872.0,0.8193984615384615,7431.929216308706,47708.39360311443,0.388524
-0.004753901,0.01120225,4220387.0,0.8116128846153846,7023.850703080271,45088.78168763044,0.376069
-0.0046663,0.01115547,4190353.0,0.8058371153846153,7088.269512545681,45502.31064195305,0.3774562
-0.004578239,0.01110957,4154407.0,0.7989244230769231,7208.183709640268,46272.08569592369,0.3801161
-0.004489727,0.01106455,4119370.0,0.7921865384615384,7262.976628888086,46623.822382597486,0.3810373
-0.004400772,0.0110204,4084450.0,0.7854711538461538,7357.183809278231,47228.574272918224,0.3829275
-0.004311381,0.01097714,4049601.0,0.7787694230769231,7448.317766878436,47813.5979717795,0.3846505
-0.004221566,0.01093477,4014865.0,0.7720894230769231,7543.377899555736,48423.82528877021,0.3864181
-0.004131335,0.0108933,3980037.0,0.7653917307692307,7645.616344655379,49080.13293624896,0.3883005
-0.004040696,0.01085272,3945241.0,0.7587001923076923,7749.8096756028535,49748.98974300561,0.3901515
-0.003949659,0.01081305,3910279.0,0.7519767307692308,7860.345504406528,50458.56146716035,0.3920829
-0.003858234,0.01077427,3875092.0,0.74521,7973.342063371361,51183.92955853856,0.39399
-0.003766427,0.01073641,3839609.0,0.7383863461538461,8088.916355651461,51925.84510509688,0.3958784
-0.003674248,0.01069947,3803968.0,0.7315323076923077,8201.335493208959,52647.50650781132,0.3975879
-0.003581707,0.01066344,3768112.0,0.7246369230769231,8318.825430582423,53401.71931224953,0.3993337
-0.003488814,0.01062833,3731967.0,0.7176859615384615,8438.603265237529,54170.619003612956,0.4010381
-0.003395578,0.01059414,3695461.0,0.710665576923077,8560.9423676127,54955.96045120889,0.4027146
-0.003302005,0.01056089,3658673.0,0.7035909615384616,8680.575697349288,55723.93251028067,0.4042321
-0.003208104,0.01052857,3621693.0,0.6964794230769231,8795.87696385258,56464.09540004628,0.4055437
-0.003113889,0.01049718,3584559.0,0.6893382692307692,8914.294408193786,57224.262226138744,0.4068305
-0.003019367,0.01046672,3547043.0,0.6821236538461538,9037.714591333965,58016.54354427873,0.4081416
-0.002924548,0.01043721,3509207.0,0.6748475,9156.244832479091,58777.43445615859,0.4092347
-0.00282944,0.01040864,3471135.0,0.6675259615384616,9274.222408472071,59534.77759923686,0.4102195
-0.002734053,0.01038101,3432772.0,0.6601484615384615,9393.393365286727,60299.78150983616,0.4111289
-0.002638397,0.01035433,3394090.0,0.6527096153846154,9513.48733675457,61070.710604205924,0.4119732
-0.002542478,0.01032861,3355246.0,0.6452396153846154,9619.58204907676,61751.773104581865,0.4123902
-0.002446311,0.01030384,3316255.0,0.6377413461538461,9738.599767387082,62515.79331866481,0.4130135
-0.002349903,0.01028002,3276820.0,0.6301576923076924,9853.088639262562,63250.74113687409,0.413432
-0.002253261,0.01025717,3237252.0,0.6225484615384616,9958.792651974543,63929.29558715404,0.4135663
-0.002156399,0.01023527,3197527.0,0.6149090384615384,10069.971400383269,64642.99445793252,0.4137232
-0.002059324,0.01021433,3157473.0,0.6072063461538462,10180.222701594805,65350.73969074678,0.4137657
-0.001962045,0.01019437,3117199.0,0.5994613461538462,10284.257486039833,66018.57872691883,0.4135815
-0.001864573,0.01017537,3076780.0,0.5916884615384616,10385.785513470393,66670.32593190779,0.413258
-0.001766917,0.01015733,3036201.0,0.5838848076923077,10486.137334164277,67314.52261639007,0.4128203
-0.001669086,0.01014028,2995482.0,0.5760542307692308,10581.871430167721,67929.07636151294,0.4122026
-0.001571091,0.01012419,2954663.0,0.5682044230769231,10675.445396680992,68529.76340998797,0.4114503
-0.001472941,0.01010907,2913664.0,0.56032,10774.372428685878,69164.81383142095,0.4107234
-0.001374646,0.01009493,2872477.0,0.552399423076923,10860.423573741939,69717.20901426586,0.4096499
-0.001276215,0.01008177,2831288.0,0.5444784615384616,10948.620355412411,70283.37785845094,0.4085438
-0.001177659,0.01006958,2789918.0,0.5365226923076923,11035.688106700585,70842.2990251756,0.4073274
-0.001078986,0.01005838,2748438.0,0.5285457692307692,11118.632422386207,71374.75028307873,0.4059568
-0.0009802069,0.01004816,2706965.0,0.5205701923076923,11192.218042057784,71847.12449502855,0.4043343
-0.000881331,0.01003892,2665550.0,0.5126057692307693,11266.522589068165,72324.1137762899,0.4026569
-0.0007823684,0.01003065,2624073.0,0.504629423076923,11342.79187864598,72813.71549087884,0.4009341
-0.0006833288,0.01002337,2582387.0,0.4966128846153846,11426.221240694656,73349.28044673722,0.3992606
-0.0005842214,0.01001708,2540577.0,0.4885725,11504.949521579156,73854.66736617827,0.3974058
-0.0004850564,0.01001177,2498464.0,0.48047384615384614,11601.543925369768,74474.74375573646,0.3957676
-0.0003858439,0.01000745,2455611.0,0.4722328846153846,11746.664814010399,75406.33019497595,0.3947844
-0.0002865932,0.0100041,2410955.0,0.4636451923076923,11941.917662710674,76659.73284276768,0.3944317
-0.0001873143,0.01000175,2364551.0,0.45472134615384613,12242.886462339648,78591.76657681442,0.3953975
-8.801603e-05,0.01000044,2314542.0,0.4451042307692308,12603.577589839228,80907.18075515989,0.396857
1.129096e-05,0.009999971,2250704.0,0.4328276923076923,13581.05057630645,87181.95337711336,0.4062516
0.0001105874,0.01000122,2170611.0,0.4174251923076923,14199.20717769106,91150.13681762629,0.408408
0.0002098418,0.01000441,2087748.0,0.40149,14482.181973537308,92966.6601653418,0.4047375
0.0003090139,0.01000956,2005465.0,0.38566634615384615,14658.449068630025,94098.18600569927,0.3992316
0.0004080636,0.01001668,1924283.0,0.3700544230769231,14735.10213872455,94590.25135407904,0.3920768
0.0005069526,0.01002577,1844620.0,0.35473461538461537,14763.323815822114,94771.41708371973,0.3840728
0.0006056422,0.01003681,1766901.0,0.33978865384615387,14726.76875065501,94536.7561516225,0.3752682
0.0007040912,0.01004983,1691437.0,0.32527634615384615,14661.497785467696,94117.75688408666,0.3660456
0.0008022646,0.01006478,1618334.0,0.3112180769230769,14575.468609291775,93565.50272787834,0.3565175
0.0009001194,0.01008169,1547285.0,0.2975548076923077,14471.2989112885,92896.79763002138,0.3466965
0.0009976206,0.01010054,1478705.0,0.28436634615384615,14343.921891565331,92079.11586582894,0.3369184
0.00109473,0.01012131,1412011.0,0.2715405769230769,14218.086020823026,91271.32732586403,0.3271851
0.001191405,0.01014402,1347448.0,0.2591246153846154,14065.840846140005,90294.00737211452,0.3170144
0.001287609,0.01016864,1285026.0,0.2471203846153846,13914.906696913386,89325.1033917519,0.3068666
0.001383306,0.01019516,1224736.0,0.23552615384615386,13740.80966509945,88207.50801682736,0.2969361
0.001478459,0.01022358,1166401.0,0.22430788461538462,13566.760050159886,87090.21702893882,0.2871166
0.001573024,0.01025388,1110097.0,0.2134801923076923,13384.997803795663,85923.415712707,0.2770442
0.001666972,0.01028606,1055571.0,0.2029944230769231,13206.844377247175,84779.78078991098,0.2670326
0.001760262,0.0103201,1003050.0,0.19289423076923076,12999.887099543004,83451.24293972897,0.2573128
0.001852859,0.01035598,952425.6,0.18315876923076924,12797.033200946289,82149.04624806225,0.2478013
0.001944724,0.01039369,903751.9,0.1737984423076923,12589.128559227607,80814.42690625483,0.2380681
0.002035822,0.01043323,856791.1,0.16476751923076924,12388.88744049066,79529.00264692972,0.2284805
0.002126115,0.01047456,811701.0,0.15609634615384615,12165.430220582366,78094.54536261538,0.2192943
0.002215573,0.01051768,768342.6,0.1477581923076923,11950.078039041884,76712.11741676289,0.2103627
0.002304157,0.01056256,726863.6,0.13978146153846152,11738.291428981152,75352.57823675101,0.2013954
0.00239183,0.0106092,686923.0,0.13210057692307692,11550.427822705615,74146.60995973539,0.1927299
0.002478561,0.01065756,648282.6,0.12466973076923077,11335.546038619239,72767.20167489383,0.184245
0.002564312,0.01070765,611902.1,0.11767348076923076,11143.836598668568,71536.54552190883,0.1761512
0.002649054,0.01075942,576613.4,0.11088719230769231,10757.6608859285,69057.53605247835,0.1668708
0.00273275,0.01081287,547053.0,0.1052025,10303.503295004659,66142.12492906637,0.1576591
0.002805451,0.01086119,528570.4,0.10164815384615385,9229.829761796766,59249.804236462915,0.1455662
0.00288784,0.01091664,517118.9,0.09944594230769231,8261.104730452817,53031.18808130243,0.1358713
0.002970221,0.0109721,511178.9,0.09830363461538462,7699.819892539207,49428.08622292078,0.1306501
0.003052613,0.01102754,506367.2,0.0973783076923077,7249.178246987088,46535.24529639834,0.1263649
0.003135027,0.01108295,502614.0,0.09665653846153846,6943.013970385514,44569.8598103165,0.1234661
0.003217482,0.01113829,499401.1,0.09603867307692307,6698.332849337103,42999.158194292926,0.1211391
0.003299977,0.01119357,496544.7,0.09548936538461539,6545.839825254337,42020.24720053574,0.1196818
0.003382505,0.01124881,493971.9,0.09499459615384616,6412.793399570311,41166.17135303007,0.1183912
0.003465062,0.011304,491682.8,0.09455438461538461,6321.162080757814,40577.95490249042,0.1175072
0.00354765,0.01135915,489549.9,0.09414421153846154,6241.480212856033,40066.446543591155,0.1167379
0.003630266,0.01141425,487519.8,0.09375380769230769,6186.156618984854,39711.30325372328,0.1162062
0.003712912,0.01146931,485561.1,0.0933771346153846,6137.246423909944,39397.33002148118,0.1157361
0.003795588,0.01152433,483668.7,0.09301321153846154,6102.683352813198,39175.45646052241,0.1154058
0.003878293,0.0115793,481826.7,0.09265898076923078,6072.153024727225,38979.47061798215,0.1151149
0.003961026,0.01163423,480023.7,0.09231225,6048.967969920917,38830.636891473856,0.1148945
0.004043788,0.01168911,478249.1,0.09197098076923077,6027.859311887945,38695.13234930724,0.1146937
0.004126581,0.01174395,476495.0,0.09163365384615385,6009.718356718252,38578.67862586852,0.1145205
0.004209402,0.01179875,474749.3,0.09129794230769231,5992.218462129057,38466.34011526454,0.1143519
0.004292253,0.0118535,473021.0,0.09096557692307693,5975.693571520151,38360.26052778837,0.1141922
0.004375132,0.0119082,471292.0,0.09063307692307693,5960.100026758999,38260.15960520419,0.1140389
0.004458041,0.01196287,469481.8,0.09028496153846154,5942.39309419969,38146.492038754615,0.1138579
0.004540979,0.01201749,467638.8,0.08993053846153846,5922.77584169319,38020.56139857333,0.1136554
0.004623945,0.01207206,465891.7,0.08959455769230769,5904.743220326714,37904.803111215064,0.1134756
0.004706934,0.01212659,464225.5,0.08927413461538461,5888.555371511934,37800.88712380919,0.1133169
0.004789963,0.01218108,462570.1,0.08895578846153845,5872.993878668793,37700.99195473472,0.1131645
0.00487301,0.01223552,460856.3,0.08862621153846154,5857.703147358181,37602.83490740369,0.1130082
0.0049561,0.01228993,459021.1,0.08827328846153845,5838.782817998212,37481.37808321527,0.1128082
0.005039213,0.01234428,457179.3,0.08791909615384615,5817.625736790565,37345.56269418647,0.1125853
0.005122354,0.01239859,455461.1,0.08758867307692307,5800.556041379757,37235.985796500594,0.1124114
0.005205522,0.01245286,453803.0,0.08726980769230769,5786.242539504316,37144.10195834267,0.1122659
0.005288718,0.01250708,452106.4,0.08694353846153846,5771.171161483773,37047.353023602074,0.1121095
0.005371942,0.01256126,450365.3,0.08660871153846153,5754.706837065161,36941.66223364557,0.1119346
0.005455195,0.0126154,448613.3,0.08627178846153846,5737.776497790897,36832.97991625234,0.1117548
0.005538476,0.01266949,446864.9,0.08593555769230769,5720.936750244611,36724.87914177883,0.1115746
0.005621782,0.01272354,445123.8,0.08560073076923076,5704.47619035514,36619.21251777342,0.1113989
0.005705118,0.01277754,443384.6,0.08526626923076923,5688.230648400901,36514.92617605908,0.1112239
0.005788487,0.01283151,441647.1,0.08493213461538461,5672.585724527107,36414.49543131735,0.1110547
0.005871883,0.01288542,439909.2,0.08459792307692308,5657.134176659416,36315.306041053576,0.1108855
0.005955306,0.0129393,438170.7,0.08426359615384615,5641.993897153963,36218.114801352014,0.1107187
0.006038761,0.01299313,436432.5,0.08392932692307692,5626.904734334398,36121.25169919039,0.1105504
0.006122238,0.01304691,434695.8,0.08359534615384615,5611.7652663133695,36024.065668717434,0.1103811
0.006205752,0.01310066,432960.6,0.08326165384615385,5596.64481541413,35927.001716416264,0.1102104
0.006289282,0.01315435,431229.2,0.08292869230769231,5581.730478567861,35831.26088898348,0.1100418
0.006372854,0.01320802,429498.7,0.08259590384615385,5566.951296301786,35736.3876704476,0.1098729
0.006456437,0.01326162,427770.7,0.08226359615384615,5552.437355513376,35643.217138313594,0.1097062
0.006540067,0.0133152,426043.4,0.08193142307692308,5538.069194292161,35550.982420928165,0.1095394
0.006623714,0.01336873,424317.2,0.08159946153846154,5523.757410632677,35459.109612655055,0.1093723
0.006707388,0.01342221,422592.5,0.08126778846153847,5509.4542797540535,35367.29234988877,0.1092039
0.00679109,0.01347565,420870.6,0.08093665384615384,5495.232555475009,35275.99766719309,0.1090359
0.006874819,0.01352905,419149.3,0.08060563461538461,5481.101328138688,35185.28391895436,0.1088675
0.006958577,0.0135824,417429.8,0.08027496153846153,5467.27112414791,35096.502554600745,0.1087015
0.007042362,0.01363571,415709.3,0.07994409615384615,5453.625344113195,35008.905078095035,0.1085358
0.007126176,0.01368897,413986.5,0.07961278846153846,5440.236603168445,34922.95763373018,0.1083713
0.007210017,0.0137422,412263.4,0.07928142307692308,5426.83112848518,34836.90276910332,0.1082047
0.007293886,0.01379537,410539.9,0.07894998076923078,5413.106350387064,34748.7981738411,0.1080337
0.007377782,0.01384851,408820.7,0.07861936538461539,5399.251600626759,34659.85924081322,0.1078599
0.007461704,0.0139016,407108.3,0.0782900576923077,5384.616802458541,34565.91287897499,0.1076782
0.007545654,0.01395465,405404.5,0.07796240384615384,5369.902631122789,34471.456990443476,0.1074949
0.007629631,0.01400766,403713.8,0.07763726923076923,5354.782460543635,34374.39483762405,0.1073087
0.007713635,0.01406063,402031.7,0.07731378846153847,5339.826338586878,34278.3857755997,0.1071234
0.007797666,0.01411355,400361.7,0.07699263461538462,5325.003911874972,34183.234954441024,0.1069405
0.007881725,0.01416643,398697.7,0.07667263461538462,5310.524292960405,34090.28474753063,0.10676
0.007965812,0.01421926,397039.9,0.07635382692307693,5296.228968100026,33998.51759457838,0.1065811
0.008049925,0.01427205,395385.9,0.07603575,5282.121864357521,33907.958704906705,0.1064027
0.008134066,0.0143248,393736.5,0.07571855769230769,5268.093628627492,33817.90609914495,0.1062246
0.008218232,0.01437751,392089.7,0.0754018653846154,5254.156949995489,33728.44123338215,0.106046
0.008302426,0.01443017,390447.7,0.07508609615384616,5240.284885670831,33639.39115154926,0.1058676
0.008386646,0.01448279,388808.0,0.07477076923076922,5226.601767533055,33551.55398749199,0.1056898
0.008470894,0.01453536,387170.1,0.07445578846153846,5212.9995844954965,33464.23637677075,0.105512
0.008555168,0.0145879,385534.6,0.07414126923076923,5199.442795394635,33377.21016707556,0.1053331
0.008639468,0.01464039,383901.7,0.07382725,5185.638273775653,33288.59366768051,0.105151
0.008723795,0.01469284,382273.4,0.07351411538461539,5171.768123151633,33199.5558706233,0.1049668
0.008808148,0.01474524,380652.6,0.07320242307692307,5157.37729093342,33107.175619444875,0.1047775
0.008892527,0.01479761,379038.7,0.0728920576923077,5142.997023146635,33014.86318538877,0.1045874
0.008976933,0.01484993,377435.2,0.07258369230769231,5128.449666956762,32921.478147023736,0.1043964
0.009061365,0.01490221,375838.2,0.07227657692307693,5114.0960141069345,32829.336564418336,0.1042066
0.009145825,0.01495445,374248.8,0.07197092307692307,5099.9421272703285,32738.4773561884,0.104019
0.009230311,0.01500664,372663.4,0.07166603846153846,5085.949438762133,32648.652941627253,0.1038317
0.009314824,0.01505879,371083.4,0.07136219230769231,5071.94207536643,32558.734323355493,0.1036439
0.009399363,0.01511089,369507.6,0.07105915384615384,5058.034621757382,32469.4570641828,0.1034559
0.009483928,0.01516296,367937.7,0.07075725000000001,5044.03436945665,32379.584094747013,0.1032667
0.00956852,0.01521498,366371.5,0.07045605769230769,5030.089186780356,32290.064638274253,0.1030769
0.009653138,0.01526696,364811.5,0.07015605769230769,5016.3506136170445,32201.87148721704,0.1028891
0.009737783,0.0153189,363254.1,0.06985655769230768,5002.583992961772,32113.498288591138,0.1026997
0.009822453,0.01537079,361710.8,0.06955976923076923,4989.111768560668,32027.014932018395,0.1025133
0.009907149,0.01542264,360142.8,0.06925823076923077,4976.10463688108,31943.51718335099,0.1023278
0.00999187,0.01547445,358519.3,0.06894601923076923,4961.194310593907,31847.802101229605,0.1021178
0.01007662,0.01552622,356932.9,0.06864094230769231,4945.347779739538,31746.077164239472,0.1019005
0.01016139,0.01557794,355444.7,0.06835475,4930.538514772064,31651.010833347806,0.1017011
0.01024619,0.01562963,353989.7,0.06807494230769232,4917.136790874753,31564.980046449276,0.1015167
0.01033101,0.01568127,352513.3,0.06779101923076923,4903.713850057189,31478.813060032026,0.10133
0.01041586,0.01573287,351012.9,0.06750248076923078,4889.9443736847625,31390.421529466454,0.101137
0.01050073,0.01578443,349510.6,0.06721357692307692,4875.842863988516,31299.898550115362,0.10094
0.01058563,0.01583594,348014.6,0.06692588461538461,4861.800343241105,31209.754243368305,0.1007427
0.01067056,0.01588741,346527.9,0.06663998076923078,4847.760697036823,31119.62838941204,0.1005458
0.01075551,0.01593884,345046.4,0.06635507692307693,4833.855074348907,31030.362883621732,0.1003492
0.01084049,0.01599023,343572.4,0.0660716153846154,4820.02203185424,30941.563297826975,0.1001535
0.01092549,0.01604157,342102.3,0.06578890384615384,4806.368172070782,30853.91395432657,0.09995871
0.01101052,0.01609288,340637.2,0.06550715384615385,4792.843283941751,30767.092529159876,0.0997649
0.01109558,0.01614414,339175.7,0.06522609615384616,4779.42063119567,30680.92739198355,0.09957091
0.01118066,0.01619535,337719.0,0.06494596153846154,4765.878442277143,30593.994906437936,0.09937524
0.01126577,0.01624653,336267.2,0.06466676923076924,4752.349182304888,30507.145416738975,0.0991786
0.0113509,0.01629767,334822.9,0.06438901923076923,4738.500747649651,30418.247022783715,0.09897869
0.01143605,0.01634876,333384.9,0.06411248076923078,4724.688181933691,30329.57888525627,0.09877843
0.01152123,0.01639981,331956.5,0.06383778846153847,4710.706839281698,30239.827304081682,0.09857699
0.01160644,0.01645082,330534.1,0.06356424999999999,4696.833231929327,30150.76731696427,0.09837591
0.01169167,0.01650179,329121.5,0.06329259615384615,4683.0179331855115,30062.081635086648,0.09817599
0.01177693,0.01655271,327714.0,0.06302192307692307,4669.422024251549,29974.804300233915,0.09797755
0.01186221,0.01660359,326313.2,0.06275253846153847,4656.02944922672,29888.83224344391,0.09778121
0.01194751,0.01665443,324916.3,0.06248390384615384,4642.789660564165,29803.840980697605,0.09758537
0.01203285,0.01670523,323524.6,0.06221626923076923,4629.562650547135,29718.931748960025,0.09738933
0.0121182,0.01675599,322137.6,0.06194953846153846,4616.4114270946875,29634.50902014084,0.09719306
0.01220358,0.01680671,320757.0,0.061684038461538464,4602.999386093464,29548.412003809823,0.09699399
0.01228899,0.01685738,319382.2,0.061419653846153846,4589.5923914258865,29462.347381822834,0.09679419
0.01237441,0.01690802,318016.7,0.06115705769230769,4576.004808902463,29375.123497381126,0.09659317
0.01245987,0.01695861,316656.8,0.06089553846153846,4562.5091468030805,29288.48968526689,0.09639247
0.01254535,0.01700916,315306.6,0.06063588461538461,4549.082983286046,29202.30201111025,0.09619317
0.01263085,0.01705967,313961.2,0.06037715384615385,4535.86518936065,29117.45194098662,0.09599538
0.01271638,0.01711013,312622.5,0.06011971153846154,4522.8687362186065,29034.022741932295,0.09579998
0.01280193,0.01716056,311287.6,0.05986299999999999,4510.012327523737,28951.492541699583,0.09560495
0.01288751,0.01721094,309958.4,0.05960738461538462,4497.126827081179,28868.775590421617,0.09540938
0.01297311,0.01726128,308634.2,0.05935273076923077,4484.295528617908,28786.406582360905,0.09521344
0.01305874,0.01731158,307317.4,0.059099500000000006,4471.1436272178125,28701.979501536698,0.09501419
0.01314439,0.01736184,306007.3,0.05884755769230769,4457.97101418734,28617.41946484256,0.09481404
0.01323006,0.01741206,304708.3,0.05859775,4444.575825870279,28531.4306323311,0.09461252
0.01331576,0.01746224,303415.7,0.058349173076923076,4431.316668164684,28446.31503229603,0.09441202
0.01340148,0.01751237,302133.8,0.058102653846153846,4418.180442097583,28361.988577424327,0.09421378
0.01348723,0.01756247,300856.3,0.057856980769230765,4405.28333275217,28279.197104162828,0.09401748
0.013573,0.01761252,299585.4,0.057612576923076926,4392.754974456937,28198.772784803296,0.09382528
0.0136588,0.01766253,298317.3,0.057368711538461535,4380.3952964470445,28119.43128865318,0.09363377
0.01374462,0.0177125,297053.3,0.05712563461538461,4368.097395248655,28040.486361462874,0.09344245
0.01383046,0.01776243,295793.0,0.05688326923076923,4355.849462305627,27961.862199598112,0.09325062
0.01391633,0.01781231,294538.3,0.056641980769230764,4343.332565972548,27881.51145895361,0.09305576
0.01400222,0.01786216,293288.7,0.05640167307692308,4330.7817440768795,27800.942937158867,0.09285978
0.01408813,0.01791196,292048.1,0.05616309615384615,4318.028821723107,27719.077055294896,0.09266233
0.01417407,0.01796173,290813.1,0.05592559615384615,4305.361528918839,27637.760862230818,0.09246528
0.01426003,0.01801145,289587.2,0.05568984615384616,4292.675139700571,27556.322081987964,0.09226873
0.01434602,0.01806113,288366.2,0.055455038461538465,4280.130232087466,27475.79152623302,0.0920731
0.01443203,0.01811077,287153.0,0.055221730769230766,4267.750991600403,27396.324451066535,0.09187974
0.01451807,0.01816037,285943.7,0.05498917307692308,4255.511559083513,27317.754856685417,0.09168704
0.01460412,0.01820993,284741.0,0.05475788461538462,4243.301207043284,27239.371940996512,0.09149469
0.0146902,0.01825945,283543.2,0.05452753846153846,4231.176329574552,27161.537719244454,0.09130247
0.01477631,0.01830892,282352.3,0.05429851923076923,4218.904644840869,27082.7610855592,0.09110887
0.01486244,0.01835836,281167.1,0.05407059615384615,4206.664459661089,27004.186659547373,0.09091488
0.01494859,0.01840776,279991.1,0.0538444423076923,4194.123970883185,26923.68446998416,0.09071835
0.01503476,0.01845711,278821.3,0.053619480769230767,4181.662846246489,26843.691749170783,0.09052238
0.01512096,0.01850643,277661.6,0.05339646153846153,4169.20575042595,26763.72489086785,0.09032754
0.01520718,0.0185557,276506.4,0.053174307692307694,4156.909016211799,26684.787454995312,0.09013395
0.01529342,0.01860493,275359.5,0.05295375,4144.95254235612,26608.03428038752,0.08994476
0.01537969,0.01865412,274215.4,0.052733730769230776,4133.218641116378,26532.709884453125,0.08975719
0.01546598,0.01870327,273075.8,0.05251457692307692,4121.693357395667,26458.724684092405,0.08957159
0.0155523,0.01875238,271939.2,0.052296,4110.2558907886905,26385.303215342312,0.08938598
0.01563864,0.01880145,270807.0,0.052078269230769234,4098.712979819876,26311.20485894012,0.08919895
0.015725,0.01885047,269679.0,0.051861346153846154,4087.1415196108164,26236.923234055273,0.08901077
0.01581138,0.01889946,268558.7,0.05164590384615385,4075.256729856654,26160.630227087768,0.08881963
0.01589779,0.01894841,267443.5,0.05143144230769231,4063.408191772798,26084.569933444815,0.08862851
0.01598422,0.01899732,266337.7,0.05121878846153846,4051.4529320317693,26007.824552702914,0.08843717
0.01607067,0.01904618,265238.0,0.05100730769230769,4039.4147266687014,25930.546712317126,0.08824465
0.01615714,0.01909501,264150.0,0.050798076923076925,4028.5068055219554,25860.524598231495,0.08806562
0.01624364,0.01914379,263025.4,0.0505818076923077,4017.382917022861,25789.116107183523,0.08787929
0.01633016,0.01919254,261888.6,0.05036319230769231,4003.617474476611,25700.750471289626,0.08766265
0.01641671,0.01924124,260825.3,0.050158711538461534,3990.966087861958,25619.53638613492,0.08746495
0.01650328,0.0192899,259804.8,0.04996246153846154,3981.1917458020184,25556.791149382156,0.08730209
0.01658987,0.01933853,258754.1,0.04976040384615385,3971.4275780776175,25494.111225577133,0.08713506
0.01667648,0.01938711,257676.8,0.049553230769230766,3960.0028147466896,25420.7713040103,0.08694771
0.01676311,0.01943565,256610.1,0.04934809615384615,3947.7387096296798,25342.043326780873,0.08675113
0.01684977,0.01948415,255578.6,0.04914973076923077,3936.692728715859,25271.134954293604,0.08657057
0.01693645,0.01953261,254518.5,0.048945865384615386,3926.232258739071,25203.98520025248,0.08639197
0.01702315,0.01958104,253420.7,0.04873475,3913.0641301432634,25119.453950858093,0.08618031
0.01710988,0.01962942,252383.6,0.04853530769230769,3899.9676859393603,25035.382870968104,0.08597577
0.01719662,0.01967776,251411.2,0.0483483076923077,3890.1643703528325,24972.451642076514,0.08581321
0.01728339,0.01972606,250421.0,0.048157884615384616,3880.7938975291845,24912.298996282087,0.08565179
0.01737019,0.01977432,249416.1,0.04796463461538462,3870.8270639394277,24848.318082842623,0.08548191
0.017457,0.01982254,248377.4,0.04776488461538461,3860.7589103455957,24783.68675757958,0.0853064
0.01754384,0.01987072,247298.7,0.04755744230769231,3848.397147284908,24704.33187669165,0.08510191
0.01763069,0.01991886,246271.4,0.047359884615384616,3835.3114063825165,24620.329505384114,0.08489426
0.01771757,0.01996696,245321.0,0.04717711538461539,3824.0655777548563,24548.138234053888,0.08471389
0.01780447,0.02001502,244371.7,0.0469945576923077,3813.9997050152556,24483.52155046574,0.08454505
0.0178914,0.02006305,243403.2,0.0468083076923077,3803.4070755900793,24415.523414423315,0.08436892
0.01797834,0.02011103,242424.2,0.04662003846153846,3792.38197038747,24344.749051103547,0.08418672
0.01806531,0.02015897,241450.4,0.04643276923076923,3781.508351077603,24274.947133616606,0.08400677
0.0181523,0.02020687,240480.5,0.04624625,3770.7963028804993,24206.182402843675,0.0838279
0.01823932,0.02025473,239516.2,0.04606080769230769,3760.1740664814124,24137.994208322,0.08365005
0.01832635,0.02030255,238555.3,0.04587601923076923,3749.6025700354216,24070.131732948514,0.08347204
0.01841341,0.02035033,237600.3,0.04569236538461538,3738.8646920586316,24001.20119094944,0.08329239
0.01850048,0.02039807,236649.0,0.04550942307692308,3728.1313254894094,23932.299609399488,0.08311222
0.01858759,0.02044577,235705.4,0.04532796153846154,3717.395374805954,23863.381439432804,0.08293283
0.01867471,0.02049343,234765.2,0.04514715384615385,3706.7637723619123,23795.13312068952,0.08275408
0.01876186,0.02054106,233831.2,0.04496753846153846,3696.170988007952,23727.133990100025,0.08257623
0.01884901,0.02058863,232900.4,0.04478853846153846,3685.665125973149,23659.692847092832,0.0823988
0.01893621,0.02063618,231975.3,0.044610634615384614,3675.1897360762487,23592.44731638316,0.08222213
0.01902341,0.02068368,231053.3,0.04443332692307692,3664.7858355619364,23525.660703338563,0.08204571
0.01911065,0.02073115,230137.1,0.044257134615384615,3654.3921249725454,23458.93950331591,0.0818698
0.01919789,0.02077857,229223.9,0.04408151923076923,3644.0615590266707,23392.623652889455,0.08169405
0.01928517,0.02082596,228316.6,0.04390703846153846,3633.7140588662223,23326.19909526858,0.08151853
0.01937246,0.0208733,227412.7,0.04373321153846154,3623.4284289141933,23260.171706158017,0.08134323
0.01945979,0.02092061,226514.9,0.04356055769230769,3613.0017693329414,23193.23899396581,0.08116673
0.01954712,0.02096788,225620.8,0.04338861538461538,3602.597578413813,23126.450516701723,0.0809901
0.01963448,0.02101511,224734.5,0.04321817307692308,3592.1390482476113,23059.313215046015,0.08081372
0.01972186,0.0210623,223851.5,0.043048365384615386,3581.764292737049,22992.713694917667,0.08063788
0.01980926,0.02110945,222975.6,0.04287992307692308,3571.4858710004246,22926.732578096264,0.08046388
0.01989668,0.02115656,222102.7,0.042712057692307695,3561.322883265523,22861.49247624272,0.0802907
0.01998413,0.02120363,221235.5,0.04254528846153846,3551.2085305596643,22796.56458122551,0.08011843
0.02007159,0.02125066,220371.2,0.04237907692307692,3541.153877020354,22732.019917971218,0.0799463
0.02015908,0.02129765,219512.9,0.04221401923076923,3531.096871202722,22667.460154543507,0.07977459
0.02024659,0.0213446,218657.1,0.04204944230769231,3521.0652575420936,22603.063393074706,0.07960259
0.02033412,0.02139151,217808.2,0.04188619230769231,3511.0846777414495,22538.994237454717,0.07943177
0.02042166,0.02143838,216961.8,0.041723423076923075,3501.231924776318,22475.74565113836,0.07926198
0.02050924,0.02148522,216120.5,0.04156163461538462,3491.508014148648,22413.3241530207,0.07909385
0.02059683,0.02153201,215281.4,0.04140026923076923,3481.8606886619377,22351.39428418835,0.07892594
0.02068444,0.02157877,214446.8,0.041239769230769226,3472.165852464897,22289.159425951115,0.07875763
0.02077207,0.02162548,213615.3,0.04107986538461538,3462.473695712735,22226.941768094453,0.07858877
0.02085972,0.02167216,212789.8,0.04092111538461538,3452.4624807557534,22162.67595369932,0.07841681
0.0209474,0.0217188,211968.1,0.04076309615384616,3442.4357138909536,22098.310305665047,0.07824446
0.02103509,0.0217654,211154.6,0.04060665384615385,3432.3214881181984,22033.383225479934,0.07807229
0.02112281,0.02181197,210343.7,0.04045071153846154,3422.28018124016,21968.924239544507,0.07790067
0.02121054,0.02185849,209540.5,0.04029625,3412.4979188162224,21906.12815894863,0.07773296
0.0212983,0.02190497,208738.8,0.04014207692307692,3402.9200495334017,21844.64415603035,0.07756713
0.02138608,0.02195141,207940.8,0.03998861538461538,3393.659940150106,21785.199975332733,0.07740485
0.02147388,0.02199781,207144.0,0.03983538461538461,3384.477267626008,21726.252891425258,0.07724261
0.0215617,0.02204418,206350.1,0.03968271153846154,3375.27440340596,21667.176189305625,0.07707989
0.02164954,0.0220905,205558.7,0.03953051923076923,3366.0394076630705,21607.89322266245,0.07691609
0.0217374,0.02213679,204772.5,0.03937932692307692,3356.4067949773357,21546.05780092176,0.07674805
0.02182528,0.02218304,203990.1,0.03922886538461538,3346.6987567653878,21483.73819390595,0.0765789
0.02191317,0.02222926,203216.5,0.03908009615384615,3336.805543625015,21420.22987826367,0.07640898
0.02200108,0.02227543,202445.8,0.03893188461538461,3326.9760420706075,21357.130551637816,0.07623961
0.02208903,0.02232157,201683.3,0.03878525,3317.2937715939465,21294.976357561438,0.07607313
0.02217698,0.02236766,200923.2,0.03863907692307693,3307.8020555021885,21234.045404898312,0.07590857
0.02226498,0.02241372,200168.0,0.038493846153846156,3298.688398772046,21175.541359745246,0.07574866
0.02235298,0.02245973,199413.6,0.038348769230769235,3289.663051643132,21117.60420766822,0.07558902
0.022441,0.02250571,198662.7,0.038204365384615385,3280.7330090220153,21060.278851645464,0.07543038
0.02252905,0.02255165,197912.6,0.03806011538461539,3271.767791487335,21002.72769441115,0.07527067
0.02261711,0.02259755,197168.0,0.03791692307692308,3262.5311527343642,20943.43418065842,0.07510803
0.02270518,0.02264341,196429.5,0.03777490384615385,3253.2999430637315,20884.175518259835,0.07494503
0.02279329,0.02268924,195700.5,0.03763471153846154,3244.058250120496,20824.849559728438,0.07478294
0.0228814,0.02273502,194971.7,0.037494557692307695,3235.053352381954,20767.04368010254,0.07462327
0.02296955,0.02278078,194242.1,0.03735425,3225.83376117458,20707.859601059376,0.07446191
0.0230577,0.02282648,193533.6,0.037218,3214.8182155670697,20637.146604433558,0.07427961
0.0231459,0.02287216,192942.7,0.03710436538461539,3208.3946630401456,20595.911366130655,0.07415458
0.02323409,0.02291779,192250.2,0.03697119230769231,3198.819187237728,20534.4427278777,0.07399543
0.02332232,0.02296339,191394.8,0.036806692307692304,3086.2997394581403,19812.137395516114,0.07263481
0.02341056,0.02300895,190565.9,0.03664728846153846,3154.998533621256,20253.14120712415,0.07336488
0.02349882,0.02305446,189975.1,0.036533673076923075,3163.8731224874405,20310.11058430345,0.07340758
0.02358711,0.02309994,189196.5,0.036383942307692305,3149.6763246549226,20218.975913993174,0.07319242
0.0236754,0.02314539,188121.6,0.03617723076923077,3238.684317551179,20790.352233024765,0.07411348
0.02376372,0.02319079,181924.3,0.03498544230769231,3115.940502642569,20002.41278102386,0.07212728
0.02385206,0.02323616,182735.4,0.03514142307692308,2834.3965397499405,18195.07449680194,0.06894441
0.02394042,0.02328149,191544.7,0.036835519230769234,3072.6656554040483,19724.61499997941,0.07265093
0.0240288,0.02332678,190966.7,0.03672436538461539,3310.0039886709587,21248.180455333524,0.07517755
0.0241172,0.02337203,186838.3,0.0359304423076923,3234.0088445964752,20760.338585489717,0.07393018
0.02420562,0.02341724,184503.0,0.035481346153846155,3126.1642978871146,20068.04322951819,0.07253172
0.02429405,0.02346242,183634.7,0.03531436538461539,3088.835123093508,19828.412991917867,0.0720452
0.02438251,0.02350756,183062.3,0.03520428846153846,3082.1560760112607,19785.537636432193,0.07192217
0.02447098,0.02355265,182442.6,0.03508511538461539,3077.308158684867,19754.417002579088,0.07181362
0.02455948,0.02359772,181786.2,0.03495888461538462,3069.6986017090157,19705.568348510562,0.07167131
0.02464799,0.02364274,181124.9,0.03483171153846154,3061.1387946456794,19650.619676011334,0.07151758
0.02473653,0.02368773,180471.8,0.034706115384615384,3052.502910536711,19595.182635884874,0.07136393
0.02482508,0.02373268,179822.0,0.034581153846153845,3043.9971701956206,19540.581038336262,0.07121152
0.02491365,0.02377759,179178.6,0.03445742307692308,3035.5588791486716,19486.412423581154,0.07106075
0.02500224,0.02382246,178536.7,0.03433398076923077,3027.191663533522,19432.70006918282,0.07091048
0.02509085,0.02386729,177900.1,0.034211557692307694,3019.007587739195,19380.163359277583,0.07076298
0.02517948,0.02391209,177264.8,0.03408938461538461,3010.9131833555625,19328.202284423736,0.07061601
0.02526813,0.02395685,176633.6,0.033968,3002.927875164544,19276.941539719213,0.07047055
0.0253568,0.02400157,176003.8,0.03384688461538461,2994.9873396955945,19225.968208226655,0.07032511
0.02544549,0.02404625,175377.9,0.03372651923076923,2987.0205651186243,19174.82643787296,0.07017963
0.02553419,0.0240909,174753.7,0.03360648076923077,2979.0474343484566,19123.643864686237,0.07003362
0.02562292,0.02413551,174134.4,0.03348738461538461,2971.0517737023993,19072.316663616835,0.06988797
0.02571166,0.02418008,173516.7,0.03336859615384616,2963.090567578186,19021.21063928926,0.06974236
0.02580042,0.02422461,172904.0,0.03325076923076923,2955.1649368926796,18970.332987297188,0.06959779
0.0258892,0.02426911,172292.9,0.033133249999999996,2947.294941974815,18919.81248255771,0.06945351
0.025978,0.02431357,171686.2,0.033016576923076926,2939.498144153296,18869.761857950485,0.0693106
0.02606682,0.02435799,171081.0,0.03290019230769231,2931.7297389167898,18819.893496196117,0.06916757
0.02615565,0.02440237,170480.4,0.032784692307692306,2923.9652674891972,18770.050387064395,0.06902509
0.02624451,0.02444672,169881.4,0.0326695,2916.2283421935517,18720.384107079844,0.06888258
0.02633338,0.02449103,169287.3,0.03255525,2908.5099754682838,18670.836961650333,0.06874085
0.02642228,0.0245353,168694.9,0.03244132692307692,2900.832244989097,18621.550675812752,0.06859925
0.02651119,0.02457954,168107.2,0.0323283076923077,2893.1564053468246,18572.27652797987,0.06845822
0.02660012,0.02462373,167521.1,0.03221559615384616,2885.5005655528407,18523.13076681569,0.06831706
0.02668907,0.02466789,166940.3,0.032103903846153845,2877.8476649928157,18474.00387371747,0.06817658
0.02677803,0.02471201,166361.1,0.031992519230769234,2870.2343399848455,18425.13103121089,0.06803622
0.02686702,0.0247561,165786.9,0.03188209615384615,2862.6827488683507,18376.654482144073,0.06789724
0.02695602,0.02480014,165214.1,0.03177194230769231,2855.1982664922666,18328.608729726217,0.06775872
0.02704504,0.02484415,164645.4,0.031662576923076925,2847.9044503834075,18281.786936936995,0.06762293
0.02713408,0.02488812,164077.6,0.031553384615384615,2840.679117922732,18235.40476685512,0.06748745
0.02722314,0.02493206,163513.1,0.03144482692307692,2833.5106805790874,18189.387828270806,0.0673528
0.02731223,0.02497596,162949.9,0.03133651923076923,2826.345331255713,18143.39071286863,0.06721771
0.02740133,0.02501982,162390.8,0.031228999999999996,2819.072391965002,18096.702936352758,0.06708168
0.02749044,0.02506365,161833.5,0.031121826923076922,2811.7725792027463,18049.842648753878,0.066945
0.02757957,0.02510744,161281.6,0.03101569230769231,2804.4052481779236,18002.548935626826,0.06680833
0.02766872,0.02515119,160731.4,0.030909884615384613,2797.0698038323144,17955.4599152785,0.06667179
0.02775789,0.0251949,160186.7,0.030805134615384616,2789.7659156515415,17908.57346601082,0.06653643
0.02784707,0.02523858,159643.7,0.03070071153846154,2782.538559124168,17862.178302671357,0.06640173
0.02793628,0.02528222,159105.1,0.030597134615384616,2775.3743575737553,17816.188555262423,0.06626835
0.0280255,0.02532583,158568.0,0.030493846153846153,2768.2244668067697,17770.290674240885,0.06613473
0.02811474,0.0253694,158035.7,0.03039148076923077,2761.0702366182213,17724.364936814112,0.06600174
0.028204,0.02541293,157504.7,0.030289365384615387,2753.9547934147354,17678.68818786613,0.06586894
0.02829327,0.02545642,156978.5,0.030188173076923078,2746.921272693856,17633.53733063904,0.06573775
0.02838257,0.02549988,156453.1,0.030087134615384616,2739.9521935629423,17588.80014860301,0.06560701
0.02847188,0.0255433,155931.5,0.02998682692307692,2733.1779615183705,17545.313764471142,0.06547905
0.02856121,0.02558668,155410.6,0.029886653846153848,2726.4685515679344,17502.243498132004,0.06535137
0.02865056,0.02563002,154892.5,0.02978701923076923,2719.843201693129,17459.712845540216,0.06522482
0.02873993,0.02567333,154375.4,0.02968757692307692,2713.233292674177,17417.28131370257,0.06509798
0.02882931,0.0257166,153861.6,0.02958876923076923,2706.5589680564412,17374.436273521194,0.06497061
0.02891871,0.02575984,153349.0,0.029490192307692308,2699.8614715030817,17331.442483830357,0.06484257
0.02900813,0.02580304,152840.8,0.029392461538461537,2693.1214876880395,17288.175952171114,0.06471465
0.02909757,0.0258462,152333.8,0.029294961538461537,2686.406938519661,17245.07269522815,0.06458676
0.02918702,0.02588933,151831.2,0.029198307692307694,2679.7095209754234,17202.07941272706,0.06445968
0.02927649,0.02593242,151329.8,0.029101884615384613,2673.0516064432245,17159.33971515553,0.06433278
0.02936598,0.02597547,150832.5,0.02900625,2666.4525672232016,17116.977960710887,0.06420716
0.02945549,0.02601849,150336.3,0.02891082692307692,2659.88387357123,17074.81100606352,0.06408154
0.02954501,0.02606147,149844.2,0.02881619230769231,2653.3329227084164,17032.757949159808,0.06395664
0.02963455,0.02610442,149353.2,0.02872176923076923,2646.807677961622,16990.869909637906,0.06383172
0.02972411,0.02614733,148866.4,0.028628153846153845,2640.2995632173024,16949.091834147777,0.06370756
0.02981369,0.0261902,148380.8,0.028534769230769228,2633.8210962945154,16907.50407935339,0.06358345
0.02990328,0.02623303,147899.4,0.028442192307692307,2627.3501096992527,16865.964343639844,0.06345999
0.02999289,0.02627583,147419.2,0.028349846153846156,2620.9010565577214,16824.565407147227,0.06333648
0.03008252,0.0263186,146943.3,0.02825832692307692,2614.4581318847154,16783.205811635948,0.06321366
0.03017217,0.02636132,146468.6,0.028167038461538462,2608.043496857434,16742.0278181709,0.0630909
0.03026183,0.02640401,145998.4,0.028076615384615384,2601.6587618955878,16701.041764651593,0.06296911
0.03035151,0.02644667,145529.2,0.027986384615384618,2595.309882058894,16660.28587888196,0.06284749
0.03044121,0.02648929,145064.3,0.027896980769230768,2589.0128614080004,16619.862897042934,0.06272707
0.03053092,0.02653187,144600.3,0.02780775,2582.7528871310574,16579.677730034833,0.06260678
0.03062066,0.02657441,144140.5,0.027719326923076923,2576.539872860962,16539.794017255514,0.06248757
0.0307104,0.02661692,143681.6,0.027631076923076925,2570.3622170642006,16500.137284028064,0.06236849
0.03080017,0.0266594,143226.5,0.027543557692307694,2564.2260199749317,16460.746690086624,0.06225039
0.03088995,0.02670183,142772.3,0.027456211538461537,2558.1237710332994,16421.574022277473,0.06213239
0.03097975,0.02674423,142321.8,0.02736957692307692,2552.082667680343,16382.793871367603,0.06201561
0.03106957,0.0267866,141872.0,0.027283076923076924,2546.076039332134,16344.23502868714,0.06189894
0.0311594,0.02682893,141425.7,0.027197250000000003,2540.1243134121873,16306.028625673562,0.06178335
0.03124926,0.02687122,140980.1,0.027111557692307692,2534.1997594707464,16267.996649973244,0.06166777
0.03133912,0.02691348,140537.8,0.0270265,2528.316102653163,16230.227208538985,0.06155308
0.03142901,0.0269557,140096.4,0.026941615384615383,2522.452909756646,16192.589132833933,0.06143835
0.03151891,0.02699789,139658.3,0.026857365384615382,2516.6201594693925,16155.14647987078,0.06132439
0.03160883,0.02704004,139221.0,0.026773269230769232,2510.8091435573683,16117.84334816758,0.06121041
0.03169876,0.02708215,138787.1,0.026689826923076924,2505.0269547643948,16080.725268757278,0.0610972
0.03178871,0.02712423,138354.0,0.026606538461538463,2499.269314796794,16043.764777637885,0.06098399
0.03187868,0.02716627,137924.2,0.02652388461538462,2493.554093795116,16007.076590070317,0.06087174
0.03196867,0.02720828,137495.2,0.026441384615384617,2487.8729129295216,15970.606919144026,0.06075961
0.03205867,0.02725025,137069.3,0.026359480769230767,2482.2282978795542,15934.371978161145,0.06064827
0.03214869,0.02729219,136644.1,0.026277711538461538,2476.603227238324,15898.262500206452,0.06053686
0.03223872,0.02733409,136222.1,0.026196557692307693,2470.975326029255,15862.134851755156,0.06042579
0.03232877,0.02737595,135800.9,0.02611555769230769,2465.3554904581697,15826.058979716203,0.06031452
0.03241884,0.02741778,135383.2,0.026035230769230772,2459.6700715181073,15789.562102970405,0.0602029
0.03250893,0.02745958,134966.5,0.025955096153846155,2453.9899893103884,15753.09948474885,0.06009112
0.03259903,0.02750134,134553.6,0.025875692307692308,2448.3065441095932,15716.615278189634,0.05997993
0.03268914,0.02754306,134141.5,0.02579644230769231,2442.654163050543,15680.330484226823,0.05986891
0.03277928,0.02758475,133733.0,0.025717884615384615,2437.0940816834673,15644.638197257284,0.05975955
0.03286943,0.0276264,133325.0,0.025639423076923077,2431.595775482426,15609.342468684667,0.05965071
0.03295959,0.02766802,132919.7,0.02556148076923077,2426.2309002615193,15574.903284561527,0.05954378
0.03304978,0.0277096,132514.8,0.025483615384615382,2420.8951679301545,15540.651179782728,0.05943686
0.03313998,0.02775114,132112.4,0.025406230769230768,2415.586110578838,15506.570311894175,0.05933044
0.03323019,0.02779265,131710.7,0.02532898076923077,2410.2700689799526,15472.444609451582,0.05922361
0.03332043,0.02783413,131312.2,0.025252346153846156,2404.852643542041,15437.668085404466,0.05911589
0.03341067,0.02787557,130914.7,0.025175903846153844,2399.3979427049267,15402.65227632582,0.05900747
0.03350094,0.02791697,130521.7,0.025100326923076923,2393.8243345118663,15366.873155491277,0.05889838
0.03359122,0.02795834,130130.0,0.025025,2388.25462337207,15331.119051330821,0.05878918
0.03368151,0.02799968,129743.3,0.024950634615384618,2382.6176531526453,15294.93318543651,0.05868009
0.03377182,0.02804097,129357.7,0.02487648076923077,2377.0261684613797,15259.039308528842,0.05857139
0.03386215,0.02808224,128976.6,0.024803192307692307,2371.479347462087,15223.432144927288,0.05846399
0.0339525,0.02812347,128595.4,0.024729884615384615,2366.0317339989524,15188.461832410514,0.05835745
0.03404286,0.02816466,128215.9,0.024656903846153846,2360.9027444406524,15155.536888494651,0.05825494
0.03413324,0.02820582,127833.1,0.024583288461538462,2355.9829777943914,15123.95502640153,0.05815432
0.03422363,0.02824694,127445.3,0.024508711538461538,2352.286724609704,15100.227364759534,0.05806751
0.03431404,0.02828803,127049.2,0.02443253846153846,2348.9227310532947,15078.632604637853,0.05798363
0.03440446,0.02832908,126638.1,0.02435348076923077,2348.0518085980607,15073.041820592047,0.05792708
0.0344949,0.0283701,126220.2,0.024273115384615383,2347.281856640205,15068.099204752776,0.0578708
0.03458536,0.02841108,125789.3,0.02419025,2348.245367882307,15074.284351602446,0.05783245
0.03467583,0.02845203,125380.0,0.024111538461538462,2348.197764403722,15073.978766682689,0.05778348
0.03476632,0.02849294,125005.8,0.024039576923076924,2339.9979180984633,15021.340819841394,0.05764107
0.03485682,0.02853382,124736.8,0.023987846153846155,2327.071486099771,14938.361113263427,0.05745059
0.03494734,0.02857467,124670.5,0.023975096153846152,2277.512453349046,14620.22274403989,0.05684898
0.03503787,0.02861548,124853.0,0.02401019230769231,2218.6857776485645,14242.591833276816,0.05614727
0.03512842,0.02865625,125543.3,0.02414294230769231,2081.4278006566224,13361.480428565235,0.0545291
0.03521899,0.02869699,126662.9,0.024358249999999998,1933.1045196449024,12409.336608965306,0.05272974
0.03530957,0.02873769,128671.2,0.024744461538461538,1669.226334443092,10715.401702365602,0.04932641
0.03540017,0.02877836,131054.2,0.02520273076923077,1397.1117313414309,8968.594081883812,0.04545365
0.03549078,0.028819,134637.3,0.02589178846153846,1024.154702083676,6574.440392982728,0.03935578
0.03558141,0.0288596,138091.2,0.026556000000000003,685.8262944271364,4402.581058777427,0.03255279
0.03567206,0.02890016,142219.1,0.027349826923076925,366.72214995255564,2354.1296161061478,0.02409334
0.03576272,0.02894069,145866.9,0.028051326923076922,88.56799870515015,568.5518281838703,0.01197131
0.03585339,0.02898119,149638.0,0.02877653846153846,-110.1172506622757,-706.8847111138098,0.01348017
0.03594408,0.02902165,152796.9,0.02938401923076923,-288.3880212609015,-1851.272910208369,0.02200507
0.03603479,0.02906208,155946.7,0.029989750000000003,-405.50207437134833,-2603.0727699255963,0.026267
0.03612551,0.02910247,158492.0,0.03047923076923077,-510.4372272274642,-3276.6916149862705,0.02963894
0.03621625,0.02914283,161085.3,0.030977942307692307,-584.635054626856,-3752.9958222839164,0.03189121
0.036307,0.02918316,163421.5,0.031427211538461536,-653.5830531412994,-4195.599371851601,0.03388768
0.03639777,0.02922345,165827.6,0.03188992307692308,-693.7568766708731,-4453.490496713917,0.0351902
0.03648855,0.0292637,167952.8,0.032298615384615384,-723.0168651953044,-4641.321544173694,0.03619736
0.03657935,0.02930392,170066.9,0.032705173076923076,-735.4063902538784,-4720.854639934753,0.0371874
0.03667016,0.02934411,171999.5,0.033076826923076924,-742.0089560571022,-4763.239032864577,0.03803174
0.03676099,0.02938426,173922.4,0.03344661538461538,-735.3252606401875,-4720.333837942407,0.03922358
0.03685183,0.02942438,175691.9,0.03378690384615385,-724.7905602635454,-4652.707570598953,0.04028905
0.03694269,0.02946446,177440.3,0.03412313461538461,-704.8721202859505,-4524.843492947915,0.04173759
0.03703356,0.02950451,179069.8,0.034436499999999995,-682.8731933565696,-4383.62397453674,0.04305571
0.03712445,0.02954453,180638.9,0.03473825,-655.8341699832825,-4210.050151079727,0.04458973
0.03721535,0.02958451,182106.6,0.0350205,-628.9705542571663,-4037.602336338439,0.04601967
0.03730627,0.02962446,183493.4,0.035287192307692304,-601.2430952336304,-3859.6091813705148,0.0475071
0.0373972,0.02966437,184805.8,0.035539576923076924,-574.563629566737,-3688.343496228653,0.04890952
0.03748815,0.02970425,186020.7,0.03577321153846154,-549.0741425082731,-3524.716738500909,0.0502541
0.03757911,0.02974409,187170.1,0.03599425,-525.120540287408,-3370.9494124534917,0.0515449
0.03767009,0.0297839,188224.5,0.036197019230769234,-503.5006514719109,-3232.1630845371974,0.05273608
0.03776109,0.02982367,189211.5,0.036386826923076925,-483.48654244997056,-3103.6848707324884,0.05390424
0.0378521,0.02986342,190117.9,0.03656113461538461,-466.1943152035129,-2992.679456157475,0.05498462
0.03794312,0.02990312,190966.8,0.03672438461538461,-450.023620804943,-2888.873589504479,0.05604695
0.03803416,0.0299428,191742.9,0.036873634615384614,-436.2129686837283,-2800.217736072945,0.05702747
0.03812521,0.02998244,192471.2,0.03701369230769231,-423.37458978920927,-2717.8032760184065,0.05800759
0.03821626,0.03002205,193141.7,0.03714263461538462,-412.5060629025882,-2648.03404874225,0.05892046
0.03830736,0.03006163,193780.3,0.037265442307692305,-401.96926399665006,-2580.3943101373334,0.05980909
0.03839844,0.03010116,194362.5,0.037377403846153845,-393.24674297035295,-2524.4011145319655,0.06065505
0.03848956,0.03014067,194911.6,0.037483,-385.7172990017099,-2476.0667364702977,0.06155893
0.03858069,0.03018014,195427.9,0.03758228846153846,-379.1114958052532,-2433.6615614762068,0.06238531
0.03867183,0.03021958,195912.8,0.03767553846153846,-372.442163865468,-2390.848571202447,0.06317983
0.03876299,0.03025898,196366.6,0.03776280769230769,-366.26642840037164,-2351.2041653177703,0.06387341
0.03885416,0.03029835,196802.7,0.037846673076923076,-359.9171871389885,-2310.4459594249465,0.06452848
0.03894534,0.03033769,197201.1,0.03792328846153846,-353.97244421648014,-2272.2843829403387,0.06508923
0.03903654,0.03037699,197583.3,0.03799678846153846,-348.2034235493055,-2235.2508347614753,0.06564506
0.03912776,0.03041626,197931.4,0.038063730769230766,-342.85394920053625,-2200.91051472172,0.06612445
0.03921898,0.03045549,198256.8,0.03812630769230769,-337.70210725247483,-2167.8388725833915,0.06660423
0.03931022,0.0304947,198550.4,0.03818276923076923,-333.0083329753942,-2137.70774186652,0.06702676
0.03940148,0.03053386,198822.2,0.038235038461538466,-328.81854622690656,-2110.811899684476,0.06748504
0.03949275,0.030573,199073.3,0.03828332692307692,-324.75659991116027,-2084.736714091872,0.06786687
0.03958404,0.0306121,199319.4,0.03833065384615385,-321.0986386868152,-2061.2548631758236,0.06827982
0.03967534,0.03065117,199559.7,0.038376865384615384,-317.09888492609645,-2035.5789153595867,0.06857586
0.03976665,0.0306902,199809.6,0.03842492307692308,-313.0130837622695,-2009.3505963814985,0.06885233
0.03985798,0.0307292,200056.6,0.03847242307692308,-308.48119366264615,-1980.2586620605368,0.06900251
0.03994932,0.03076817,200305.9,0.03852036538461538,-303.5447880327881,-1948.5699879734514,0.06909414
0.04004068,0.0308071,200540.1,0.038565403846153846,-298.52821894929906,-1916.3667140446416,0.06909988
0.04013205,0.030846,200757.3,0.038607173076923074,-293.3124178127813,-1882.8844934348826,0.06906631
0.04022344,0.03088487,200948.2,0.038643884615384615,-288.453340672229,-1851.6922204701914,0.06900106
0.04031483,0.0309237,201115.4,0.03867603846153846,-283.9056263784708,-1822.498704600178,0.06895821
0.04040625,0.0309625,201260.2,0.03870388461538462,-279.75933075076057,-1795.8820485416693,0.06889843
0.04049768,0.03100127,201393.9,0.038729596153846156,-276.1040004022431,-1772.417086222895,0.06888866
0.04058912,0.03104,201519.7,0.038753788461538465,-272.5674953328563,-1749.7149087775726,0.06883822
0.04068057,0.0310787,201648.5,0.038778557692307696,-269.1970153379312,-1728.0785097283933,0.06880133
0.04077204,0.03111737,201777.8,0.038803423076923076,-265.82011488076324,-1706.4008952786255,0.06871651
0.04086353,0.031156,201912.9,0.03882940384615385,-262.3477221445791,-1684.1102793993816,0.06861256
0.04095503,0.0311946,202046.8,0.038855153846153845,-259.0105570217517,-1662.6877412448116,0.06848568
0.04104654,0.03123317,202179.9,0.03888075,-255.6360969545683,-1641.025792590901,0.06834693
0.04113807,0.0312717,202308.0,0.03890538461538461,-252.5804398981482,-1621.4103622872967,0.06821675
0.04122961,0.03131021,202431.1,0.03892905769230769,-249.62795506715605,-1602.457233923924,0.0680943
0.04132116,0.03134867,202549.5,0.03895182692307692,-247.02971485055713,-1585.7781371078606,0.0679925
0.04141273,0.03138711,202665.8,0.03897419230769231,-244.6007357556335,-1570.1855921115953,0.06790948
0.04150431,0.03142551,202781.2,0.03899638461538462,-242.39286013095648,-1556.0123947811273,0.06783496
0.04159591,0.03146388,202898.6,0.03901896153846154,-240.27099132160282,-1542.3913080640102,0.0677693
0.04168752,0.03150222,203017.9,0.039041903846153844,-238.24007758093524,-1529.354096689456,0.06769796
0.04177914,0.03154052,203140.1,0.03906540384615385,-236.19958099966578,-1516.2553693991867,0.06762242
0.04187078,0.03157879,203263.5,0.039089134615384616,-234.19061957202317,-1503.3590783105785,0.06753492
0.04196243,0.03161703,203388.1,0.03911309615384616,-232.1674951090115,-1490.3718692858147,0.06744242
0.04205409,0.03165523,203512.5,0.03913701923076923,-230.14252458591443,-1477.3728096959276,0.06733456
0.04214577,0.0316934,203636.7,0.039160903846153845,-228.1259048087932,-1464.4273567355306,0.06722487
0.04223746,0.03173155,203760.1,0.039184634615384614,-226.05242413711028,-1451.1168919646846,0.06709284
0.04232917,0.03176965,203883.6,0.03920838461538462,-223.9908647520664,-1437.8829544882565,0.06695956
0.04242088,0.03180773,204006.8,0.03923207692307692,-221.79270380753846,-1423.7721194019368,0.06679266
0.04251261,0.03184577,204130.4,0.039255846153846155,-219.53842502293637,-1409.3010424558672,0.066614
0.04260436,0.03188378,204252.7,0.039279365384615385,-217.09902955485867,-1393.6416307799163,0.06639392
0.04269612,0.03192175,204373.3,0.03930255769230769,-214.53169139758907,-1377.160906091294,0.06615002
0.0427879,0.0319597,204489.2,0.039324846153846155,-211.7804648833366,-1359.499731769928,0.06586346
0.04287968,0.0319976,204598.9,0.039345942307692304,-208.8875100289746,-1340.9287490747383,0.06554934
0.04297148,0.03203548,204699.2,0.03936523076923077,-205.85340546992984,-1321.4516724876437,0.06519769
0.04306329,0.03207332,204790.0,0.039382692307692306,-202.73603392489667,-1301.4400732986703,0.06482628
0.04315512,0.03211114,204868.0,0.03939769230769231,-199.5023465187536,-1280.6817981494441,0.06442022
0.04324696,0.03214892,204935.9,0.03941075,-196.2355189660567,-1259.7107837356427,0.06400175
0.04333882,0.03218667,204990.0,0.03942115384615385,-192.86670131748264,-1238.0850559229232,0.06355032
0.04343068,0.03222438,205035.3,0.03942986538461538,-189.45758731376984,-1216.2006504081191,0.06308481
0.04352256,0.03226207,205066.5,0.03943586538461538,-185.9723046880176,-1193.8272894021231,0.06258989
0.04361445,0.03229972,205088.7,0.03944013461538462,-182.39689005482737,-1170.8753365982323,0.06207172
0.04370636,0.03233733,205095.4,0.039441423076923075,-178.8396483847377,-1148.0400429889196,0.06153938
0.04379828,0.03237492,205090.0,0.03944038461538461,-175.18174979126687,-1124.5585941243862,0.06098078
0.04389022,0.03241247,205066.4,0.039435846153846155,-171.6777704909909,-1102.0652120200607,0.06043134
0.04398216,0.03244999,205027.1,0.039428288461538466,-168.15046329028786,-1079.4220792086019,0.05986873
0.04407412,0.03248748,204968.2,0.03941696153846154,-164.91199241960797,-1058.6330971726084,0.05934068
0.04416609,0.03252493,204892.6,0.03940242307692308,-161.81276014507208,-1038.7379408925176,0.05882972
0.04425808,0.03256236,204799.7,0.0393845576923077,-159.75694836922943,-1025.5408995158866,0.05849488
0.04435008,0.03259975,204692.0,0.03936384615384615,-157.91197552891296,-1013.6973138342952,0.05819457
0.04444209,0.03263711,204572.2,0.039340807692307696,-155.45190948840906,-997.9052098550934,0.05776926
0.04453411,0.03267444,204445.3,0.03931640384615384,-153.19377271992212,-983.4093670362153,0.05737704
0.04462615,0.03271173,204314.5,0.03929125,-150.96298329166282,-969.0890772444992,0.05697896
0.0447182,0.03274899,204182.5,0.039265865384615385,-148.87980257637088,-955.7163441870484,0.05660529
0.04481027,0.03278623,204052.0,0.03924076923076923,-146.72243062514653,-941.8673492354454,0.05620742
0.04490234,0.03282342,203923.9,0.03921613461538461,-144.61398450354613,-928.3324278802293,0.05581576
0.04499443,0.03286059,203800.2,0.039192346153846154,-142.34935038198506,-913.7948760691341,0.05538405
0.04508654,0.03289773,203680.1,0.03916925,-140.04840296814433,-899.0242153584951,0.05494171
0.04517866,0.03293483,203564.0,0.03914692307692308,-137.56367804772503,-883.0738166062167,0.05445286
0.04527078,0.0329719,203450.9,0.03912517307692308,-134.98196845433867,-866.500836177403,0.05394024
0.04536293,0.03300894,203339.2,0.03910369230769231,-132.23972007340777,-848.8972959246429,0.053384
0.04545508,0.03304594,203228.3,0.03908236538461538,-129.36061237377663,-830.4152034070848,0.05279413
0.04554725,0.03308292,203115.1,0.039060596153846154,-126.38692438488488,-811.3259638707905,0.05217199
0.04563942,0.03311986,202999.7,0.03903840384615385,-123.25534791373188,-791.2231778329244,0.0515096
0.04573162,0.03315677,202877.1,0.03901482692307692,-120.13557223199578,-771.1961455717619,0.05083527
0.04582383,0.03319365,202748.3,0.03899005769230769,-116.86014765465163,-750.1699435715681,0.05011883
0.04591604,0.0332305,202607.6,0.038963000000000005,-113.73013367897366,-730.0771877892328,0.04941816
0.04600827,0.03326732,202456.2,0.03893388461538462,-110.48702374624067,-709.2584258411953,0.04868303
0.04610052,0.0333041,202289.1,0.03890175,-107.5244823252623,-690.2407403837757,0.04799426
0.04619277,0.03334085,202107.7,0.03886686538461539,-104.52266240501213,-670.9709112300347,0.04728726
0.04628504,0.03337757,201908.8,0.038828615384615385,-101.90036732780973,-654.1373970716721,0.04665192
0.04637733,0.03341426,201694.2,0.03878734615384616,-99.33264956867693,-637.6542355736326,0.0460213
0.04646961,0.03345091,201463.0,0.03874288461538462,-97.17614181460662,-623.8107882337971,0.04547399
0.04656193,0.03348754,201217.2,0.038695615384615384,-95.14284832320247,-610.7583003298904,0.04495
0.04665423,0.03352412,200958.2,0.038645807692307695,-93.47745707268416,-600.0675174967389,0.04450348
0.04674657,0.03356069,200687.8,0.03859380769230769,-91.97218814316504,-590.4046210296348,0.04409176
0.04683892,0.03359722,200409.0,0.03854019230769231,-90.73313090787101,-582.4506391552549,0.04373644
0.04693128,0.03363372,200123.5,0.03848528846153846,-89.65469288004121,-575.5277333510166,0.04341813
0.04702365,0.03367019,199834.7,0.038429750000000006,-88.71948334491796,-569.5242659733758,0.04312843
0.04711603,0.03370662,199543.8,0.03837380769230769,-87.91895484930393,-564.3853676540195,0.04287068
0.04720842,0.03374303,199254.3,0.038318134615384615,-87.1343191613032,-559.3484913398528,0.04261138
0.04730083,0.0337794,198966.6,0.03826280769230769,-86.44079651484918,-554.8965044564072,0.04237404
0.04739325,0.03381575,198683.8,0.03820842307692308,-85.64936269322774,-549.8159883247579,0.04210747
0.04748568,0.03385206,198405.6,0.03815492307692308,-84.88348696111828,-544.8995393362004,0.04184694
0.04757812,0.03388834,198133.9,0.038102673076923076,-83.93619905172831,-538.8185362586314,0.04153641
0.04767058,0.03392458,197868.0,0.03805153846153846,-82.95523303996337,-532.5213405725019,0.04121714
0.04776305,0.0339608,197608.4,0.038001615384615384,-81.7510688162492,-524.791350273122,0.04083664
0.04785552,0.03399698,197354.2,0.03795273076923077,-80.4571213101064,-516.4850067749408,0.04043264
0.04794802,0.03403314,197104.4,0.037904692307692306,-78.94411176786514,-506.77242035685236,0.03996685
0.04804052,0.03406926,196858.3,0.037857365384615385,-77.30158142565635,-496.2283904299802,0.03946591
0.04813304,0.03410535,196613.3,0.03781025,-75.4824006591051,-484.5503739258147,0.03891163
0.04822557,0.0341414,196368.9,0.03776325,-73.5087324947441,-471.8806437808284,0.03831333
0.04831811,0.03417743,196121.6,0.03771569230769231,-71.43263729814642,-458.55339537546587,0.03767824
0.04841066,0.03421343,195871.4,0.03766757692307692,-69.19780805330083,-444.2071724573471,0.036995
0.04850322,0.03424939,195613.8,0.03761803846153846,-66.95866215653642,-429.83323930103893,0.03629862
0.04859581,0.03428533,195349.8,0.03756726923076923,-64.58528157529678,-414.5976024099749,0.03555769
0.04868839,0.03432123,195074.6,0.037514346153846155,-62.309338919764436,-399.9874567979874,0.03483017
0.048781,0.0343571,194789.9,0.037459596153846156,-59.938724755425774,-384.7695785941419,0.03406691
0.0488736,0.03439294,194491.4,0.03740219230769231,-57.75658766650772,-370.7616067601792,0.03334333
0.04896624,0.03442875,194181.6,0.037342615384615384,-55.531846847391385,-356.4801453019073,0.03259825
0.04905887,0.03446453,193856.6,0.037280115384615384,-53.563122747636925,-343.8421529969061,0.0319152
0.04915152,0.03450028,193520.1,0.03721540384615385,-51.60481532627183,-331.27102933101236,0.03122742
0.04924419,0.034536,193168.4,0.03714776923076923,-49.94399619134045,-320.60959665495614,0.03061839
0.04933686,0.03457169,192806.5,0.03707817307692308,-48.34434977145887,-310.3408550127385,0.03002258
0.04942955,0.03460735,192431.2,0.037006000000000004,-47.053088354783114,-302.0517545492817,0.02951367
0.04952225,0.03464297,192048.1,0.03693232692307692,-45.858527635563604,-294.3834128150409,0.0290321
0.04961496,0.03467857,191654.7,0.03685667307692308,-44.95665848562465,-288.5939701102617,0.02863641
0.04970768,0.03471413,191256.7,0.03678013461538462,-44.165987504926456,-283.51835094600307,0.02827514
0.04980041,0.03474966,190851.9,0.03670228846153846,-43.636852994579044,-280.1216343258758,0.02799199
0.04989315,0.03478516,190446.2,0.03662426923076923,-43.21569537231435,-277.41806261156717,0.02774351
0.04998591,0.03482063,190037.3,0.03654563461538461,-43.02470539051286,-276.19202493536835,0.02756325
0.05007868,0.03485607,189630.8,0.03646746153846154,-42.92162245168648,-275.53029615995126,0.02741125
0.05017146,0.03489148,189224.1,0.03638925,-43.03164347973199,-276.2365631813185,0.0273205
0.05026425,0.03492686,188822.4,0.036312,-43.203312180463826,-277.3385701710887,0.02724873
0.05035705,0.03496221,188422.5,0.03623509615384615,-43.595257850526814,-279.8546192014492,0.02723763
0.05044987,0.03499753,188029.2,0.03615946153846154,-44.02206683115235,-282.59446914463,0.02723552
0.05054269,0.03503281,187639.0,0.036084423076923076,-44.70460903582471,-286.9759683763221,0.02730096
0.05063553,0.03506807,187255.4,0.036010653846153845,-45.40220881566005,-291.4541279369376,0.0273671
0.05072839,0.0351033,186875.4,0.03593757692307692,-46.418712635337144,-297.9794543921202,0.02751417
0.05082125,0.03513849,186500.9,0.03586555769230769,-47.44014764172648,-304.5364360191635,0.02765583
0.0509141,0.03517365,186129.8,0.035794192307692305,-48.863720989782664,-313.6748973305187,0.02789477
0.051007,0.03520878,185761.8,0.035723423076923076,-50.29870325321977,-322.88659682939374,0.02812575
0.05109989,0.03524388,185396.7,0.03565321153846154,-52.2251331785274,-335.2530866667449,0.02846805
0.0511928,0.03527896,185031.6,0.035583000000000004,-54.18716640011646,-347.8481276680166,0.02880277
0.05128572,0.035314,184668.8,0.03551323076923077,-56.72485169569263,-364.13849930617874,0.02925676
0.05137864,0.03534901,184302.2,0.03544273076923077,-59.341399271939025,-380.93511805961185,0.02970586
0.05147159,0.035384,183938.0,0.035372692307692306,-62.58529383748878,-401.7589168655319,0.03026961
0.05156454,0.03541894,183566.3,0.03530121153846154,-65.96250129044127,-423.43850203855305,0.03083125
0.05165752,0.03545387,183197.7,0.03523032692307693,-69.96019232607617,-449.1012084342472,0.03148724
0.05175049,0.03548876,182818.2,0.03515734615384616,-74.15341095094159,-476.01908114218344,0.032144
0.05184348,0.03552362,182443.9,0.03508536538461538,-78.86544548425701,-506.26743142161934,0.03285689
0.05193648,0.03555845,182056.7,0.03501090384615385,-83.83754061175817,-538.1852100321066,0.03357419
0.05202949,0.03559325,181677.7,0.03493801923076923,-89.10194589458467,-571.9794392301271,0.03429294
0.05212251,0.03562802,181285.2,0.034862538461538466,-94.67167955458287,-607.7336879563668,0.03501852
0.05221554,0.03566276,180904.8,0.03478938461538461,-100.15995076084295,-642.9649980628084,0.03567819
0.05230858,0.03569747,180511.8,0.03471380769230769,-105.94410263968928,-680.0956792714832,0.0363424
0.05240164,0.03573215,180134.9,0.03464132692307692,-111.1319091769949,-713.3981918513213,0.03686744
0.05249471,0.0357668,179748.2,0.03456696153846154,-116.54441549125667,-748.1431381639823,0.03739139
0.05258779,0.03580142,179381.3,0.03449640384615384,-120.74768722330357,-775.125545608511,0.03770441
0.05268088,0.03583601,179008.6,0.03442473076923077,-125.06669648974623,-802.850916513118,0.03801105
0.05277398,0.03587057,178658.0,0.034357307692307694,-127.53225936861618,-818.6783067982988,0.038041
0.05286709,0.03590509,178306.7,0.03428975,-129.91371006544998,-833.9657488451954,0.03804868
0.05296021,0.03593959,177975.6,0.03422607692307692,-129.8324079700088,-833.4438396265832,0.0377198
0.05305334,0.03597406,177649.2,0.034163307692307694,-129.41698677885913,-830.7770922556647,0.03734358
0.05314648,0.0360085,177337.3,0.034103326923076924,-125.96469985046272,-808.6155432396439,0.03656325
0.05323964,0.03604291,177034.5,0.034045096153846155,-121.91903160619233,-782.6448528081845,0.0356978
0.05333281,0.03607729,176736.9,0.03398786538461538,-114.43363618315279,-734.5932391930195,0.03435332
0.05342599,0.03611164,176452.4,0.03393315384615384,-106.09501801085746,-681.064462708313,0.03285629
0.05351918,0.03614596,176160.2,0.03387696153846154,-93.9592414117128,-603.1602752732467,0.03074275
0.05361238,0.03618025,175882.2,0.0338235,-80.89682787270068,-519.3076512253328,0.02836211
0.05370559,0.03621451,175582.0,0.03376576923076923,-64.05436154516643,-411.1894238560601,0.02511782
0.05379881,0.03624873,175294.9,0.03371055769230769,-46.32541213428921,-297.38052282296655,0.02125947
0.05389204,0.03628293,174971.0,0.03364826923076923,-25.420077554710886,-163.18119159969496,0.01568883
0.05398529,0.0363171,174658.8,0.033588230769230766,-3.8202432040022347,-24.52360095629186,0.00605911
0.05407854,0.03635124,174297.8,0.03351880769230769,19.898502138886524,127.73608904552029,0.01378846
0.05417181,0.03638535,173945.5,0.03345105769230769,43.82716351070068,281.34331025223133,0.02040424
0.05426508,0.03641943,173541.9,0.033373442307692305,68.75457625984745,441.36189820297375,0.02550055
0.05435837,0.03645348,173141.1,0.03329636538461538,93.44289634561736,599.845658983004,0.02966333
0.05445167,0.03648751,172697.6,0.033211076923076926,118.34563263151117,759.7058392865071,0.03332863
0.05454498,0.0365215,172245.2,0.03312407692307692,143.16350117221424,919.0212211031134,0.03659683
0.05463829,0.03655546,171753.1,0.03302944230769231,166.76957353410666,1070.557620184176,0.03945635
0.05473162,0.0365894,171267.2,0.032936,190.87867575955536,1225.323160182243,0.04216704
0.05482496,0.0366233,170736.7,0.03283398076923077,211.93019584317224,1360.4609120178152,0.0444085
0.05491832,0.03665717,170234.6,0.03273742307692308,233.02975903939785,1495.9070709519403,0.0465451
0.05501167,0.03669102,169682.4,0.03263123076923077,249.67889616945126,1602.7842443256839,0.04818361
0.05510505,0.03672483,169179.5,0.03253451923076923,265.77348540258515,1706.1015628396747,0.0497215
0.05519843,0.03675862,168636.8,0.032430153846153845,275.8323405137807,1770.6731975894427,0.05069202
0.05529183,0.03679237,168166.4,0.032339692307692305,284.7164835360636,1827.7039065476683,0.05154789
0.05538523,0.0368261,167677.8,0.03224573076923077,287.97882935523364,1848.646151001356,0.05192062
0.05547865,0.03685979,167259.3,0.03216525,289.956504023356,1861.3416004249916,0.05218417
0.05557208,0.03689346,166845.6,0.03208569230769231,286.48313908213095,1839.0447435900815,0.05198952
0.05566551,0.0369271,166495.9,0.0320184423076923,281.81627283493384,1809.0863457993994,0.0516888
0.05575896,0.0369607,166173.9,0.03195651923076923,272.81852801574246,1751.3263834961556,0.051015
0.05585242,0.03699428,165908.2,0.03190542307692308,263.60569338282403,1692.1856774863124,0.05030739
0.05594589,0.03702783,165681.7,0.031861865384615384,250.8896369620076,1610.5564521335664,0.04927445
0.05603937,0.03706135,165501.2,0.031827153846153845,237.14828861845092,1522.3454861338769,0.04810092
0.05613286,0.03709484,165378.5,0.031803557692307693,221.8692429571041,1424.2634534509093,0.04675468
0.05622636,0.0371283,165268.0,0.03178230769230769,206.86028532786025,1327.9152190547693,0.04536874
0.05631987,0.03716174,165215.6,0.03177223076923077,191.3401818619653,1228.2857442089717,0.04388853
0.05641339,0.03719514,165168.0,0.03176307692307692,175.94443977205992,1129.4545925578723,0.04233164
0.05650692,0.03722851,165180.7,0.031765519230769236,161.84269933312035,1038.9301319812635,0.04087562
0.05660046,0.03726186,165173.4,0.031764115384615384,148.34764267900408,952.3002064515523,0.03939807
0.05669401,0.03729518,165222.5,0.03177355769230769,137.15299240072991,880.4374685028203,0.03817436
0.05678757,0.03732846,165240.9,0.031777096153846156,126.578107236504,812.55323965205,0.0369528
0.05688115,0.03736172,165307.2,0.031789846153846155,119.22620327381233,765.3585587319591,0.03617197
0.05697473,0.03739495,165328.0,0.03179384615384615,112.70068397699994,723.4687567685771,0.03546638
0.05706832,0.03742815,165385.4,0.03180488461538462,109.44469710539835,702.5673328292766,0.03528087
0.05716193,0.03746132,165396.4,0.031807,107.20735383860499,688.2049714435917,0.03524418
0.05725554,0.03749446,165423.4,0.031812192307692305,107.78879460999158,691.9374619411248,0.03570483
0.05734916,0.03752758,165412.5,0.031810096153846154,109.47577594126572,702.766839752867,0.03635069
0.0574428,0.03756066,165390.0,0.03180576923076923,112.96765166529781,725.1825243761425,0.0373422
0.05753644,0.03759372,165352.6,0.03179857692307692,117.40333415199045,753.65686526588,0.03849418
0.05763009,0.03762675,165275.1,0.03178367307692308,122.56455901838544,786.7887399424869,0.03981401
0.05772376,0.03765974,165203.6,0.03176992307692308,128.05827707427503,822.0550154581053,0.0411936
0.05781744,0.03769271,165077.2,0.031745615384615386,133.33487129703644,855.9274901193286,0.04258272
0.05791112,0.03772565,164966.8,0.03172438461538461,138.14709748814312,886.8190089363719,0.0439079
0.05800482,0.03775856,164806.9,0.03169363461538462,142.29926926537433,913.4733862441093,0.04513553
0.05809852,0.03779144,164653.7,0.031664173076923076,145.59316601307842,934.6181681646153,0.04623778
0.05819224,0.03782429,164464.5,0.031627788461538464,148.01865747792874,950.1883247307119,0.04712302
0.05828596,0.03785711,164277.9,0.031591903846153846,149.95387897091692,962.6112510005269,0.04793665
0.0583797,0.03788991,164064.7,0.03155090384615385,150.9084209501231,968.7388207242442,0.04840346
0.05847344,0.03792268,163859.8,0.0315115,152.2491887410837,977.3457215221099,0.04893367
0.0585672,0.03795542,163612.0,0.031463846153846155,152.62200797882028,979.7389906745822,0.04901448
0.05866097,0.03798813,163378.3,0.031418903846153846,153.66072201842647,986.4068930186826,0.04920018
0.05875474,0.03802081,163089.4,0.03136334615384615,153.48674694498212,985.2900805411363,0.04886919
0.05884851,0.03805346,162811.3,0.03130986538461538,153.26105856725965,983.8413006022204,0.04852698
0.05894232,0.03808609,162490.5,0.031248173076923076,151.45359589150965,972.2385070007429,0.04761545
0.05903611,0.03811868,162138.8,0.03118053846153846,147.41122751683957,946.2889996932272,0.04635388
0.05912994,0.03815125,161817.4,0.031118730769230767,141.53516330102372,908.5682980710774,0.04453236
0.05922376,0.03818379,161357.4,0.03103026923076923,131.18407926574153,842.1207341881379,0.04200712
0.05931759,0.03821629,161037.8,0.03096880769230769,117.4500373821336,753.9566711468775,0.03869893
0.05941144,0.03824878,160478.1,0.030861173076923078,99.13131388885455,636.3617849084354,0.03457773
0.05950529,0.03828123,160122.7,0.030792826923076926,73.59656591633173,472.44448007779084,0.02881969
0.05959917,0.03831366,159516.0,0.030676153846153846,44.973014585852624,288.69896616778277,0.02176243
0.05969304,0.03834605,159087.8,0.03059380769230769,8.27019640615544,53.08955102184024,0.009000316
0.05978693,0.03837842,158456.5,0.030472403846153847,-31.426969253179216,-201.7417248261061,0.01689675
0.05988082,0.03841076,157960.2,0.03037696153846154,-75.82531964002371,-486.7517019039853,0.02535727
0.05997472,0.03844307,157334.3,0.03025659615384615,-123.38341632627886,-792.045297911855,0.03121463
0.06006864,0.03847536,156805.3,0.03015486538461538,-170.5013408266673,-1094.5132604556181,0.03562854
0.06016256,0.03850761,156205.1,0.03003944230769231,-220.10575874026534,-1412.9429743826747,0.03927371
0.0602565,0.03853984,155673.7,0.029937250000000002,-265.2970516186256,-1703.043152320763,0.04211106
0.06035044,0.03857203,155108.4,0.029828538461538462,-312.2318696017511,-2004.3356841597092,0.044596
0.06044439,0.0386042,154594.8,0.02972976923076923,-353.34597737930983,-2268.2628529207263,0.04657897
0.06053834,0.03863634,154068.1,0.02962848076923077,-395.7878739906203,-2540.7136055936353,0.04838712
0.06063232,0.03866845,153587.2,0.029536000000000003,-432.47181408586965,-2776.201835101623,0.04987229
0.06072629,0.03870054,153112.1,0.029444634615384616,-470.11534056255164,-3017.850016278838,0.05126309
0.06082029,0.0387326,152680.6,0.029361653846153846,-502.0934663482637,-3223.129825500757,0.0524097
0.0609143,0.03876463,152275.2,0.02928369230769231,-534.9690397403882,-3434.1706938499533,0.05351646
0.06100831,0.03879663,151920.3,0.029215442307692307,-562.5694184061565,-3611.348071440141,0.05443121
0.06110233,0.0388286,151605.6,0.02915492307692308,-590.9241940909358,-3793.3682117731455,0.05533232
0.06119636,0.03886055,151347.3,0.02910525,-614.6009859965877,-3945.3585866296653,0.05608192
0.0612904,0.03889246,151139.9,0.029065365384615384,-638.7774705188491,-4100.556679339775,0.05682638
0.06138444,0.03892435,150992.8,0.029037076923076922,-658.8143545085203,-4229.181094365348,0.05744747
0.0614785,0.03895621,150899.1,0.029019057692307695,-679.2375527750276,-4360.285408356233,0.05807083
0.06157257,0.03898804,150866.6,0.029012807692307692,-696.0300584192772,-4468.082919008023,0.05859219
0.06166664,0.03901985,150888.7,0.029017057692307696,-713.126038258885,-4577.828546486432,0.05912008
0.06176073,0.03905162,150972.0,0.029033076923076922,-726.9018939187469,-4666.261028135767,0.05955633
0.06185483,0.03908337,151106.6,0.02905896153846154,-740.7070935666968,-4754.881880057861,0.05999264
0.06194893,0.03911509,151297.6,0.02909569230769231,-751.7172717392267,-4825.560421067482,0.06035485
0.06204305,0.03914679,151535.9,0.02914151923076923,-762.791734212727,-4896.651627569996,0.06072131
0.06213717,0.03917845,151826.4,0.029197384615384615,-771.4647932194629,-4952.327307570876,0.06102506
0.0622313,0.03921009,152160.7,0.029261673076923077,-780.1751483346746,-5008.242405544027,0.06133353
0.06232544,0.0392417,152542.1,0.02933501923076923,-786.6798774960222,-5049.998747683324,0.06158262
0.06241959,0.03927328,152958.9,0.029415173076923075,-793.172547767709,-5091.6776792018245,0.06183469
0.06251376,0.03930483,153419.5,0.02950375,-797.8494035654921,-5121.700203735026,0.0620388
0.06260793,0.03933636,153915.4,0.029599115384615383,-802.4620850031409,-5151.310768527573,0.06224446
0.06270211,0.03936786,154448.5,0.029701634615384616,-805.3961014126836,-5170.145341036322,0.06240346
0.0627963,0.03939933,155012.7,0.029810134615384617,-808.2874762314386,-5188.706180879171,0.06256464
0.06289049,0.03943077,155609.5,0.029924903846153848,-809.6857587395261,-5197.682290624377,0.06268288
0.0629847,0.03946219,156233.8,0.030044961538461538,-811.0354427251615,-5206.346427883006,0.06280266
0.06307892,0.03949358,156886.4,0.03017046153846154,-811.0546974213463,-5206.470031135615,0.06288259
0.06317314,0.03952493,157563.0,0.030300576923076923,-811.0147608037583,-5206.213662726335,0.06296306
0.06326738,0.03955627,158263.9,0.030435365384615384,-809.7832583401163,-5198.308177818094,0.06300618
0.06336162,0.03958757,158985.6,0.030574153846153848,-808.4903437438095,-5190.008464962856,0.0630491
0.06345588,0.03961885,159727.7,0.030716865384615388,-806.1106378392083,-5174.732223404038,0.06305617
0.06355014,0.0396501,160487.5,0.030862980769230768,-803.6691237775775,-5159.059211666492,0.06306236
0.06364441,0.03968132,161264.6,0.031012423076923076,-800.2573716070705,-5137.1578707509125,0.06303494
0.06373869,0.03971252,162056.8,0.03116476923076923,-796.7921381990177,-5114.913213334738,0.06300635
0.06383298,0.03974369,162863.1,0.03131982692307692,-792.4624299925321,-5087.119161845609,0.0629462
0.06392728,0.03977482,163682.2,0.031477346153846154,-788.0988471187886,-5059.107655922822,0.06288502
0.06402158,0.03980594,164513.4,0.031637192307692304,-782.9615748114729,-5026.129541875938,0.06279406
0.0641159,0.03983702,165355.6,0.031799153846153845,-777.8098772835646,-4993.05882682576,0.06270225
0.06421023,0.03986808,166208.1,0.031963096153846154,-771.9525080159035,-4955.458135219717,0.06258171
0.06430456,0.03989911,167070.2,0.032128884615384615,-766.0991267681078,-4917.883044237133,0.06246048
0.06439889,0.03993011,167941.4,0.03229642307692308,-759.5871098485371,-4876.07991919293,0.06231098
0.06449325,0.03996108,168821.3,0.03246563461538461,-753.0872023939911,-4834.354529432111,0.06216067
0.06458761,0.03999203,169709.3,0.03263640384615384,-745.9802782255861,-4788.7324674256915,0.06198289
0.06468198,0.04002295,170605.4,0.03280873076923077,-738.8908358410488,-4743.222627670235,0.06180409
0.06477637,0.04005385,171509.0,0.0329825,-731.2486642975028,-4694.16460822867,0.06159897
0.06487075,0.04008471,172420.2,0.03315773076923077,-723.640569075596,-4645.325337717292,0.06139312
0.06496516,0.04011555,173338.4,0.03333430769230769,-715.5106709217866,-4593.136414789443,0.06116115
0.06505955,0.04014636,174263.8,0.03351226923076923,-707.4340050750403,-4541.289210382296,0.06092888
0.06515397,0.04017715,175196.3,0.03369159615384615,-698.868040319912,-4486.301009306419,0.06067091
0.0652484,0.04020791,176135.9,0.03387228846153846,-690.356530363105,-4431.662374389783,0.06041229
0.06534283,0.04023864,177081.8,0.034054192307692306,-681.3959611479578,-4374.141056494815,0.06012873
0.06543728,0.04026935,178034.8,0.034237461538461536,-672.492856598221,-4316.988626246092,0.05984432
0.06553173,0.04030002,178994.0,0.03442192307692308,-663.1843414489535,-4257.233710439403,0.05953608
0.06562619,0.04033067,179960.0,0.034607692307692305,-653.9374253901123,-4197.874222733023,0.05922681
0.06572065,0.0403613,180932.0,0.03479461538461538,-644.3199709690591,-4136.136107685756,0.05889444
0.06581513,0.04039189,181910.5,0.03498278846153846,-634.7710475884337,-4074.837919574765,0.05856097
0.06590961,0.04042246,182895.2,0.035172153846153846,-624.882353221504,-4011.358611665976,0.058205
0.06600411,0.040453,183886.1,0.03536271153846154,-615.0612429238664,-3948.3131517238785,0.05784747
0.06609861,0.04048351,184883.0,0.035554423076923074,-604.9404089273817,-3883.3436508254435,0.05746857
0.06619313,0.040514,185885.9,0.03574728846153846,-594.8913905633125,-3818.835161914396,0.05708792
0.06628765,0.04054446,186894.6,0.035941269230769235,-584.57628694207,-3752.618570058376,0.05668679
0.06638218,0.04057489,187909.2,0.03613638461538462,-574.3339410826386,-3686.869038078349,0.05628359
0.06647671,0.0406053,188929.4,0.03633257692307692,-563.8640855345147,-3619.6590344683127,0.05586114
0.06657126,0.04063568,189955.4,0.03652988461538462,-553.4844522972023,-3553.0282023480327,0.05543713
0.06666581,0.04066603,190987.3,0.03672832692307692,-542.8988070164447,-3485.0749001974814,0.05499426
0.06676038,0.04069635,192024.9,0.036927865384615385,-532.395886877469,-3417.652642343792,0.05454908
0.06685495,0.04072665,193068.4,0.03712853846153846,-521.7087221932097,-3349.047648348547,0.0540855
0.06694953,0.04075692,194117.5,0.03733028846153846,-511.1070676472307,-3280.991576606918,0.0536194
0.06704412,0.04078717,195172.7,0.03753321153846154,-500.3389360449176,-3211.8668250247915,0.05313517
0.06713872,0.04081739,196233.4,0.037737192307692305,-489.6563786498247,-3143.291406979289,0.05264806
0.06723332,0.04084758,197300.2,0.03794234615384615,-478.83479165538756,-3073.823504808205,0.05214373
0.06732794,0.04087775,198372.7,0.03814859615384616,-468.1050802673467,-3004.945387263011,0.05163649
0.06742256,0.04090789,199451.4,0.03835603846153846,-457.2584837150114,-2935.316939182875,0.05111258
0.06751719,0.040938,200535.9,0.03856459615384615,-446.5097703600345,-2866.316840750696,0.05058569
0.06761184,0.04096809,201626.9,0.03877440384615385,-435.66288456425633,-2796.6865359063713,0.05004256
0.06770649,0.04099815,202724.1,0.03898540384615385,-424.9134208500325,-2727.681620631451,0.04949592
0.06780114,0.04102818,203828.1,0.03919771153846154,-414.0690610468165,-2658.067531098641,0.04893247
0.06789579,0.04105818,204938.4,0.03941123076923077,-403.32310014093156,-2589.0851016889765,0.04836508
0.06799047,0.04108815,206056.2,0.03962619230769231,-392.47986502828195,-2519.47823197469,0.04777998
0.06808516,0.04111811,207180.9,0.03984248076923077,-381.7386486671378,-2450.52625961075,0.04719062
0.06817984,0.04114803,208313.0,0.04006019230769231,-370.9064329188528,-2380.9901274071503,0.04658306
0.06827456,0.04117794,209452.8,0.04027938461538461,-360.1707587475372,-2312.0737324775573,0.04597034
0.06836927,0.04120781,210600.1,0.040500019230769235,-349.3741314242431,-2242.7660559733818,0.04534041
0.06846398,0.04123766,211755.4,0.040722192307692306,-338.6804032014726,-2174.1189281163074,0.04470504
0.0685587,0.04126748,212918.8,0.040945923076923074,-327.9370375643286,-2105.153158728421,0.04405221
0.06865343,0.04129727,214090.9,0.04117132692307692,-317.29874709911326,-2036.861907021528,0.04339332
0.06874817,0.04132704,215271.5,0.04139836538461539,-306.63498327881035,-1968.4071321141926,0.04271752
0.06884292,0.04135678,216461.3,0.041627173076923076,-296.07733229716723,-1900.6335360671205,0.04203482
0.06893768,0.0413865,217660.2,0.04185773076923077,-285.5126721938148,-1832.8149457894006,0.04133532
0.06903245,0.04141619,218869.0,0.04209019230769231,-275.05327315345386,-1765.67206649844,0.04062794
0.06912722,0.04144585,220087.3,0.04232448076923077,-264.6075176181553,-1698.6167700800688,0.03990399
0.069222,0.04147548,221316.1,0.04256078846153846,-254.26076833348057,-1632.197032617717,0.03917056
0.06931679,0.04150509,222554.6,0.04279896153846154,-243.950076883104,-1566.008764172508,0.03842085
0.06941159,0.04153467,223804.3,0.04303928846153846,-233.72995338011754,-1500.4018859903322,0.0376597
0.0695064,0.04156423,225063.9,0.04328151923076923,-223.56765159477757,-1435.1661875091463,0.03688241
0.06960122,0.04159376,226335.1,0.04352598076923077,-213.49104792872134,-1370.480618003471,0.03609162
0.06969604,0.04162326,227616.1,0.04377232692307692,-203.49685955079255,-1306.3241037256453,0.03528494
0.06979087,0.04165274,228909.0,0.04402096153846154,-193.58391311991375,-1242.6891125509244,0.03446243
0.06988571,0.04168219,230211.7,0.04427148076923077,-183.7747840337341,-1179.7205645835568,0.03362385
0.06998056,0.04171162,231526.6,0.04452434615384616,-174.047882863868,-1117.279869032765,0.03276717
0.07007542,0.04174102,232851.3,0.04477909615384615,-164.4466101762686,-1055.6456307160638,0.0318941
0.07017028,0.04177039,234188.3,0.04503621153846154,-154.91618698091912,-994.4662023638364,0.0309989
0.07026515,0.04179973,235535.1,0.04529521153846154,-145.53826806693385,-934.2657572701575,0.03008705
0.07036003,0.04182906,236894.7,0.04555667307692308,-136.23288888248877,-874.5309724200089,0.02914957
0.07045492,0.04185835,238264.0,0.04582,-127.11165832805838,-815.9783079946534,0.02819534
0.07054982,0.04188762,239646.4,0.04608584615384615,-118.0551830806106,-757.8413326297692,0.02720995
0.07064472,0.04191686,241038.6,0.04635357692307692,-109.23251692977573,-701.2052672015298,0.0262093
0.07073963,0.04194608,242444.6,0.04662396153846154,-100.48602051879226,-645.0581644401443,0.02517297
0.07083455,0.04197527,243860.8,0.04689630769230769,-92.0311868090195,-590.7833560109189,0.02412379
0.07092948,0.04200444,245291.3,0.04717140384615384,-83.65926856423755,-537.0408136359617,0.02303242
0.07102442,0.04203358,246732.5,0.04744855769230769,-75.64684363047152,-485.60599619761985,0.02193196
0.07111936,0.04206269,248188.8,0.04772861538461538,-67.73832526314301,-434.8381947150639,0.02078293
0.07121431,0.04209178,249656.9,0.04801094230769231,-60.273663404030124,-386.9196777696623,0.01963164
0.07130927,0.04212084,251141.8,0.0482965,-52.920094061470294,-339.7143061398059,0.01842108
0.07140423,0.04214987,252639.6,0.048584538461538464,-46.09494774011885,-295.901083809412,0.0172163
0.0714992,0.04217888,254155.8,0.04887611538461538,-39.38824816735557,-252.8482164202699,0.01593727
0.0715942,0.04220787,255687.0,0.04917057692307692,-33.30399939553157,-213.79109857952486,0.01467554
0.07168917,0.04223682,257237.9,0.04946882692307692,-27.35010329582885,-175.57076435280197,0.01331835
0.07178418,0.04226576,258806.1,0.049770403846153846,-22.087263497809616,-141.78658459997808,0.01198578
0.07187918,0.04229466,260395.3,0.05007601923076923,-16.95220801996727,-108.82270122860082,0.01051582
0.0719742,0.04232355,262003.9,0.05038536538461538,-12.601209049500733,-80.89197618963661,0.009079699
0.07206922,0.0423524,263635.5,0.05069913461538462,-8.352870110097971,-53.62026511955559,0.007403377
0.07216425,0.04238123,265288.4,0.05101700000000001,-4.986235700777383,-32.00855235388551,0.005728568
0.0722593,0.04241004,266965.8,0.05133957692307692,-1.7310022883615106,-11.111965157017503,0.0033804
0.07235435,0.04243882,268665.1,0.05166636538461538,0.5790434309351673,3.717101053079416,0.001958105
0.0724494,0.04246757,270389.3,0.05199794230769231,2.837853549664692,18.217266364472167,0.004341587
0.07254446,0.0424963,272137.5,0.052334134615384616,4.124147218995405,26.474476959395428,0.00524199
0.07263953,0.042525,273911.8,0.05267534615384615,5.3731308636647555,34.49218024873508,0.005992815
0.07273461,0.04255368,275710.6,0.053021269230769226,5.648334883698014,36.258820017059904,0.006154151
0.07282969,0.04258233,277535.1,0.05337213461538461,5.913751786875397,37.96263254233522,0.006307281
0.07292478,0.04261096,279384.5,0.05372778846153846,5.208661856250714,33.4363908415911,0.005928966
0.07301988,0.04263956,281259.2,0.05408830769230769,4.522517313926923,29.031766827952953,0.00553379
0.07311499,0.04266813,283158.7,0.05445359615384616,2.89350212456887,18.574495831775888,0.004433667
0.07321011,0.04269668,285082.7,0.05482359615384615,1.304889157019279,8.376582136291173,0.002982412
0.07330523,0.0427252,287031.0,0.05519826923076923,-1.1836325230726434,-7.598189467181746,0.00284525
0.07340036,0.0427537,289002.9,0.055577480769230775,-3.612206581717186,-23.188134380795177,0.004978974
0.0734955,0.04278217,290998.5,0.05596125,-6.881953130746962,-44.17788694749373,0.006884176
0.07359064,0.04281062,293016.5,0.056349326923076926,-10.071324957409724,-64.65168345772017,0.008342416
0.0736858,0.04283904,295057.5,0.05674182692307692,-14.034634145756867,-90.09367963733656,0.009865111
0.07378096,0.04286743,297119.9,0.057138442307692314,-17.91280643810831,-114.98914954818855,0.01116464
0.07387613,0.0428958,299204.7,0.05753936538461539,-22.504027051350658,-144.46194910804377,0.01253587
0.0739713,0.04292415,301309.6,0.05794415384615384,-27.00339207442717,-173.3450925338414,0.01375634
0.07406649,0.04295247,303436.2,0.058353115384615385,-32.15112425733571,-206.39035251918878,0.01503697
0.07416168,0.04298076,305581.9,0.058765750000000005,-37.21441517452045,-238.8935517523083,0.01620667
0.07425687,0.04300903,307748.9,0.05918248076923077,-42.85751380231389,-275.11875824178594,0.01742313
0.07435208,0.04303728,309933.8,0.05960265384615385,-48.413450563763114,-310.78443940402997,0.01855145
0.07444729,0.0430655,312140.1,0.0600269423076923,-54.47441528247844,-349.6920880103336,0.01971386
0.07454251,0.04309369,314363.5,0.06045451923076923,-60.446869912057885,-388.03155653210746,0.02080415
0.07463773,0.04312186,316607.9,0.06088613461538462,-66.83247504527291,-429.02319601394885,0.02191505
0.07473298,0.04315001,318869.5,0.061321057692307696,-73.11527296326935,-469.3548766955738,0.02296386
0.07482821,0.04317812,321150.9,0.06175978846153846,-79.72206072461405,-511.7663719879127,0.02402255
0.07492347,0.04320621,323448.5,0.06220163461538462,-86.22229843979223,-553.493881817932,0.02502847
0.07501873,0.04323428,325766.4,0.06264738461538462,-92.96733217637266,-596.7928308532532,0.02603637
0.075114,0.04326232,328098.4,0.06309584615384616,-99.58489795700805,-639.2735143700243,0.0269965
0.07520927,0.04329034,330450.2,0.06354811538461538,-106.33800995163745,-682.624320830707,0.0279477
0.07530455,0.04331833,332814.9,0.06400286538461539,-112.96240341848765,-725.1488338743552,0.02885786
0.07539984,0.0433463,335198.6,0.06446126923076922,-119.59565832160067,-767.7302318635956,0.02974718
0.07549513,0.04337424,337593.1,0.06492175,-126.08034125795994,-809.3578896244277,0.03059896
0.07559043,0.04340216,340005.6,0.0653856923076923,-132.44229067826788,-850.1976740455592,0.03141859
0.07568574,0.04343005,342427.3,0.06585140384615384,-138.64545238113817,-890.0181394308971,0.03220472
0.07578106,0.04345792,344865.3,0.06632025,-144.58624422683266,-928.1543524436115,0.03294719
0.07587639,0.04348577,347310.3,0.06679044230769231,-150.34916764951532,-965.1487600801403,0.03365857
0.07597172,0.04351359,349769.7,0.06726340384615385,-155.7197879391869,-999.6248239950472,0.03431634
0.07606706,0.04354138,352233.7,0.06773725,-160.91482265748266,-1032.9737370307664,0.03494715
0.0761624,0.04356915,354710.1,0.06821348076923077,-165.58791983389762,-1062.9721335371235,0.03551451
0.07625775,0.04359689,357189.2,0.06869023076923077,-170.08581399114635,-1091.8458349131106,0.03605815
0.07635312,0.04362461,359678.5,0.06916894230769231,-173.93694623173613,-1116.5677243988875,0.03652885
0.07644848,0.0436523,362168.6,0.06964780769230769,-177.6220415294643,-1140.2237593007274,0.03697927
0.07654386,0.04367997,364666.8,0.07012823076923076,-180.53776883283427,-1158.9409270481367,0.03734705
0.07663924,0.04370761,367163.9,0.07060844230769231,-183.30077700075753,-1176.6777323065396,0.03769776
0.07673463,0.04373523,369667.0,0.07108980769230769,-185.18903831476928,-1188.7992032426084,0.0379572
0.07683003,0.04376282,372168.1,0.07157078846153846,-186.94851151538322,-1200.0939340649659,0.03820315
0.07692543,0.04379039,374673.2,0.07205253846153846,-187.75049139131607,-1205.2421493492047,0.03835055
0.07702084,0.04381794,377175.2,0.07253369230769231,-188.44818172498984,-1209.7208902095124,0.03848736
0.07711626,0.04384546,379679.2,0.07301523076923078,-188.13350437810007,-1207.7008560721506,0.03852011
0.07721169,0.04387295,382179.3,0.07349601923076923,-187.7212740986308,-1205.054592382652,0.03854265
0.07730712,0.04390042,384679.3,0.07397678846153846,-186.25708831306397,-1195.6554243156822,0.03845588
0.07740256,0.04392787,387174.9,0.07445671153846155,-184.69587277306928,-1185.6333851770532,0.03835786
0.077498,0.04395529,389668.4,0.07493623076923077,-182.07168770442644,-1168.7877384414119,0.03814674
0.07759346,0.04398269,392156.7,0.07541475,-179.35714501149027,-1151.3620515870664,0.03792308
0.07768892,0.04401006,394640.9,0.07589248076923077,-175.58728090621557,-1127.161853316875,0.03758287
0.07778439,0.04403741,397118.8,0.07636899999999999,-171.73813414312008,-1102.4527093698446,0.0372283
0.07787986,0.04406473,399590.7,0.07684436538461539,-166.85325704644072,-1071.0948166278347,0.03675313
0.07797534,0.04409203,402055.5,0.07731836538461538,-161.89827966328497,-1039.2869233595056,0.03626038
0.07807083,0.0441193,404512.5,0.07779086538461538,-155.93424486207724,-1001.0015049335193,0.03564158
0.07816632,0.04414655,406961.0,0.07826173076923076,-149.90195863543565,-962.2779545267512,0.03499948
0.07826183,0.04417378,409400.0,0.07873076923076923,-142.89322912291678,-917.2862415395961,0.03422365
0.07835734,0.04420098,411829.4,0.07919796153846154,-135.8103394458554,-871.8184661174135,0.03341533
0.07845286,0.04422815,414247.1,0.07966290384615385,-127.79747256151367,-820.3808116294437,0.0324631
0.07854838,0.04425531,416653.9,0.08012575000000001,-119.7178519442115,-768.514639420992,0.03146688
0.07864391,0.04428243,419047.1,0.08058598076923076,-110.75971760213375,-711.0089519066951,0.03031106
0.07873945,0.04430954,421428.1,0.08104386538461537,-101.74641233925986,-653.14910116934,0.02909385
0.07883499,0.04433661,423793.6,0.08149876923076922,-91.89596304660752,-589.9153030069306,0.02768929
0.07893054,0.04436367,426145.4,0.08195103846153846,-82.0022889584018,-526.40402836437,0.02619351
0.0790261,0.0443907,428480.3,0.0824000576923077,-71.3213715102237,-457.83913776478664,0.02446236
0.07912165,0.0444177,430799.9,0.08284613461538462,-60.61078614356031,-389.0837974594425,0.02258219
0.07921722,0.04444468,433101.6,0.08328876923076922,-49.1652760497011,-315.6106944933912,0.02036638
0.07931281,0.04447164,435387.7,0.08372840384615385,-37.688018705226035,-241.93379379405766,0.0178556
0.07940838,0.04449857,437654.0,0.08416423076923077,-25.545324701276243,-163.9852008941988,0.01472
0.07950399,0.04452548,439904.9,0.08459709615384615,-13.372157427588855,-85.84098843114165,0.01066416
0.07959959,0.04455237,442134.1,0.08502578846153845,-0.6074809249507345,-3.8996521939869098,0.002275921
0.0796952,0.04457923,444346.5,0.08545125,12.186371753954393,78.22897706772002,0.01020675
0.07979081,0.04460607,446536.7,0.08587244230769231,25.524287570057666,163.85015550998634,0.01479033
0.07988643,0.04463288,448708.9,0.08629017307692308,38.900909427888344,249.7198028248433,0.01828208
0.07998205,0.04465967,450857.0,0.08670326923076924,52.76636226973312,338.72744302310474,0.0213187
0.08007769,0.04468643,452985.7,0.08711263461538461,66.68630574970844,428.0848794500374,0.02399554
0.08017332,0.04471317,455088.2,0.08751696153846154,81.03806711119826,520.2143198690088,0.02648366
0.08026897,0.04473988,457170.0,0.0879173076923077,95.4556234012397,612.7661230765738,0.02877724
0.08036463,0.04476658,459223.3,0.08831217307692307,110.21436016569312,707.5080941247076,0.03095802
0.08046029,0.04479324,461255.0,0.08870288461538461,125.024718827141,802.5814458559279,0.03301045
0.08055595,0.04481989,463256.9,0.08908786538461538,140.0685024426253,899.1532415658019,0.03497955
0.08065163,0.0448465,465236.9,0.08946863461538462,155.12862706373357,995.8299364351659,0.0368531
0.0807473,0.0448731,467186.2,0.0898435,170.28745855343385,1093.1402684128846,0.03865405
0.08084299,0.04489967,469114.5,0.09021432692307692,185.43362786800807,1190.3693170498711,0.04038009
0.08093868,0.04492621,471012.3,0.09057928846153845,200.51647478124335,1287.1918749952695,0.04203488
0.08103438,0.04495274,472890.6,0.0909405,215.53619787390457,1383.609217014893,0.04362651
0.08113009,0.04497923,474739.9,0.09129613461538462,230.2883824629425,1478.3091271452515,0.04514141
0.08122581,0.04500571,476572.5,0.09164855769230769,244.91469153562187,1572.2009942352847,0.04660048
0.08132152,0.04503216,478378.9,0.09199594230769231,259.03795075051084,1662.8635920576842,0.04797369
0.08141722,0.04505858,480172.6,0.09234088461538462,272.94708758275146,1752.1516564832627,0.04929413
0.08151292,0.04508497,481944.7,0.09268167307692309,286.0993513487762,1836.581063472844,0.05051797
0.08160865,0.04511135,483711.4,0.09302142307692308,298.97532379198714,1919.2368508820614,0.05169338
0.08170442,0.04513771,485463.3,0.09335832692307693,310.77336313442385,1994.9729738067579,0.05275554
0.08180021,0.04516405,487218.4,0.09369584615384616,322.15868515263566,2068.059706515555,0.05376636
0.08189594,0.04519035,488966.4,0.094032,332.0719608878182,2131.6968116204384,0.05464165
0.08199168,0.04521663,490730.1,0.09437117307692307,341.4108825717941,2191.646918592673,0.0554603
0.08208745,0.04524289,492501.5,0.09471182692307692,348.8609180085613,2239.471542943842,0.05611932
0.08218325,0.04526913,494305.4,0.09505873076923077,355.59263617676004,2282.6850142574417,0.05671704
0.08227908,0.04529536,496133.8,0.09541034615384615,359.8651495847018,2310.111910478866,0.05711769
0.08237487,0.04532155,498013.1,0.09577174999999999,363.2476567487367,2331.825516522504,0.05744852
0.08247067,0.04534771,499938.5,0.09614201923076923,363.45670695391715,2333.167489673927,0.05753068
0.08256648,0.04537385,501944.1,0.09652771153846153,362.5505471743831,2327.3505037781983,0.05752728
0.08266229,0.04539997,504026.5,0.09692817307692307,357.42143447977037,2294.424769403288,0.05719055
0.08275811,0.04542607,506231.4,0.0973521923076923,350.7382617418255,2251.5229297571564,0.05672844
0.08285393,0.04545214,508560.8,0.09780015384615384,338.1881896937909,2170.959221520917,0.05578333
0.08294976,0.04547818,511081.0,0.0982848076923077,323.26286591103354,2075.147864744381,0.05462192
0.0830456,0.04550421,513801.9,0.0988080576923077,300.0887357404071,1926.3842676471545,0.05271549
0.08314144,0.04553021,516816.6,0.09938780769230769,273.4100701050764,1755.1237182136097,0.05041013
0.08323729,0.04555618,520142.1,0.10002732692307692,235.6771740361794,1512.9018394731581,0.04689801
0.08333315,0.04558214,523911.4,0.1007521923076923,192.90054234997982,1238.3022944421987,0.04252615
0.08342901,0.04560807,528198.3,0.10157659615384616,134.20608643419143,861.5201530022276,0.03556361
0.08352488,0.04563397,533130.9,0.10252517307692308,66.83118544787222,429.01491759543984,0.02517063
0.08362076,0.04565986,538817.1,0.10361867307692307,-20.088136545252162,-128.95342476499025,0.01384671
0.08371663,0.04568571,545256.0,0.10485692307692308,-112.76507357269794,-723.8820981885633,0.0329313
0.08381252,0.04571155,552629.1,0.10627482692307692,-226.4351624296108,-1453.5738353200559,0.04686566
0.08390842,0.04573736,560643.0,0.10781596153846154,-334.3243679272691,-2146.1558731191326,0.05720888
0.08400432,0.04576315,569484.5,0.10951625,-455.06912554414504,-2921.262612464494,0.06707887
0.08410022,0.04578892,578516.2,0.11125311538461538,-554.9678303149589,-3562.550572687357,0.07445137
0.08419613,0.04581466,587889.8,0.11305573076923078,-644.9740567329911,-4140.3349341502735,0.08067673
0.08429205,0.04584038,596826.3,0.11477428846153848,-712.7363499826948,-4575.326988529959,0.08522449
0.08438798,0.04586608,605626.7,0.11646667307692307,-753.2145063571926,-4835.171742218574,0.08802899
0.08448391,0.04589175,613646.1,0.11800886538461539,-779.4261414315381,-5003.434244014733,0.08993693
0.08457985,0.0459174,621154.8,0.11945284615384616,-773.3036640474187,-4964.131722103361,0.08994733
0.0846758,0.04594302,627641.1,0.12070021153846153,-752.3390399485551,-4829.551788799489,0.08903446
0.08477175,0.04596863,633352.5,0.1217985576923077,-703.1312665348171,-4513.668287486825,0.08634755
0.0848677,0.0459942,637836.0,0.12266076923076923,-642.2088207181014,-4122.583827490866,0.0827354
0.08496367,0.04601976,641248.3,0.12331698076923078,-561.4339822905644,-3604.059273129873,0.07752158
0.08505963,0.04604529,643642.0,0.12377730769230769,-467.45416680691073,-3000.766925026867,0.07085203
0.08515561,0.0460708,645088.9,0.1240555576923077,-363.8527526987295,-2335.7098586508655,0.0625874
0.08525159,0.04609628,645672.5,0.12416778846153846,-257.64072204515577,-1653.8942470749073,0.05271037
0.08534758,0.04612175,645061.7,0.12405032692307691,-141.4563276055584,-908.0622216163957,0.03907044
0.08544357,0.04614719,643777.0,0.12380326923076923,-24.424828835183106,-156.79230975458364,0.01623538
0.08553957,0.0461726,641497.1,0.12336482692307692,97.92603402446917,628.6246328852671,0.03249565
0.08563558,0.04619799,638857.4,0.1228571923076923,208.36329013807594,1337.5635812748765,0.04737412
0.08573159,0.04622336,635434.1,0.12219886538461538,321.65253415221304,2064.810529828325,0.05880772
0.08582761,0.04624871,631874.4,0.1215143076923077,421.47255644544236,2705.593397160633,0.06725239
0.08592363,0.04627404,627768.9,0.12072478846153846,524.1029272373198,3364.41696542443,0.07490498
0.08601966,0.04629934,623533.6,0.11991030769230769,615.9531967996794,3954.038944495119,0.08110153
0.0861157,0.04632462,618948.1,0.11902848076923077,706.0346937825856,4532.306496477107,0.08670673
0.08621174,0.04634988,614263.4,0.11812757692307693,788.6198292807813,5062.452039503603,0.09150354
0.08630778,0.04637511,609386.2,0.11718965384615383,867.2847845493877,5567.432447617622,0.09580947
0.08640384,0.04640032,604461.7,0.1162426346153846,941.0968399506753,6041.260237044356,0.09964575
0.0864999,0.0464255,599426.8,0.11527438461538463,1010.380043320316,6486.015594669407,0.103079
0.08659597,0.04645066,594371.6,0.11430223076923077,1076.7557050122527,6912.106331206172,0.1062351
0.08669204,0.0464758,589254.5,0.11331817307692307,1138.4715550727697,7308.28395622671,0.1090514
0.08678812,0.04650092,584144.5,0.11233548076923076,1197.9729072578164,7690.245873158378,0.1116749
0.0868842,0.04652601,579007.8,0.11134765384615386,1252.7067389898473,8041.603254489215,0.1139995
0.08698029,0.04655108,573905.5,0.11036644230769231,1305.9653248911327,8383.490469096705,0.1161977
0.08707639,0.04657613,568804.1,0.10938540384615385,1354.6673212396515,8696.127194155102,0.1181381
0.08717249,0.04660116,563748.7,0.10841321153846153,1402.4615754978588,9002.936775860242,0.1199974
0.0872686,0.04662616,558711.3,0.10744448076923077,1446.1878189097745,9283.632241433768,0.1216417
0.08736471,0.04665114,553726.3,0.10648582692307693,1489.241942239476,9560.013111362268,0.1232278
0.08746084,0.0466761,548769.2,0.10553253846153846,1528.716834921548,9813.417532031977,0.1246342
0.08755696,0.04670104,543868.7,0.1045901346153846,1567.649168889901,10063.339060990324,0.1259968
0.08765309,0.04672595,539002.8,0.10365438461538462,1603.4701119201243,10293.287382560782,0.1272093
0.08774923,0.04675084,534193.9,0.10272959615384616,1638.8877668766886,10520.646843877923,0.1283897
0.08784538,0.0467757,529421.8,0.10181188461538462,1671.547494785325,10730.302117587558,0.1294417
0.08794152,0.04680055,524705.0,0.1009048076923077,1703.9059181888786,10938.023202541557,0.1304699
0.08803768,0.04682537,520025.1,0.10000482692307693,1733.7978316518006,11129.910817659027,0.1313868
0.08813384,0.04685017,515398.0,0.099115,1763.4354239977952,11320.165848343193,0.1322848
0.08823001,0.04687494,510807.2,0.09823215384615384,1790.8077090330012,11495.879005757366,0.1330837
0.08832618,0.04689969,506267.4,0.09735911538461539,1817.943096337839,11670.07142611456,0.133867
0.08842236,0.04692442,501763.3,0.0964929423076923,1843.0006877451196,11830.925680617043,0.1345618
0.08851854,0.04694913,497309.4,0.09563642307692308,1867.8133447629823,11990.207607677057,0.1352428
0.08861474,0.04697381,492891.8,0.09478688461538462,1890.6264096294856,12136.653388613207,0.1358412
0.08871093,0.04699848,488524.2,0.09394696153846153,1913.1612662061007,12281.313244224813,0.1364266
0.08880713,0.04702312,484194.2,0.09311426923076924,1933.763164381912,12413.56470122013,0.1369348
0.08890334,0.04704773,479915.0,0.09229134615384615,1954.0566397937887,12543.836274636138,0.1374306
0.08899955,0.04707233,475675.2,0.091476,1972.4424606767502,12661.861884658883,0.1378531
0.08909577,0.0470969,471487.0,0.09067057692307692,1990.498665834904,12777.771565388006,0.1382642
0.089192,0.04712145,467340.5,0.08987317307692308,2006.752358457913,12882.110229359794,0.1386084
0.08928822,0.04714598,463246.3,0.08908582692307693,2022.6747832588076,12984.322358594034,0.1389424
0.08938445,0.04717049,459196.4,0.08830700000000001,2036.8626893287615,13075.399949282602,0.1392144
0.08948069,0.04719497,455199.7,0.08753840384615384,2050.7343505103217,13164.44744318589,0.139478
0.08957695,0.04721943,451247.6,0.0867783846153846,2062.9731280300234,13243.012832889763,0.1396851
0.08967319,0.04724386,447351.5,0.08602913461538461,2074.853433445009,13319.277053170492,0.1398834
0.08976946,0.04726828,443503.4,0.0852891153846154,2085.06102185968,13384.803463830733,0.1400263
0.08986573,0.04729267,439712.1,0.08456001923076922,2094.9362079176153,13448.196056742157,0.1401622
0.089962,0.04731704,435972.8,0.08384092307692308,2103.171169712298,13501.059423328747,0.1402461
0.09005828,0.04734139,432291.7,0.08313301923076924,2111.061338126664,13551.70942945117,0.1403235
0.09015456,0.04736571,428666.0,0.08243576923076923,2117.3232831447995,13591.907247400066,0.1403516
0.09025085,0.04739001,425100.6,0.08175011538461538,2123.2915732922106,13630.21998251943,0.1403761
0.09034714,0.0474143,421592.6,0.0810755,2127.7728733792237,13658.98716021748,0.1403579
0.09044344,0.04743855,418144.8,0.08041246153846153,2132.0270202128236,13686.296154379785,0.1403387
0.09053975,0.04746279,414754.5,0.07976048076923077,2134.8510079119524,13704.424410551106,0.1402803
0.09063606,0.04748701,411423.3,0.07911986538461538,2137.5090940508344,13721.487681211232,0.1402233
0.09073237,0.0475112,408149.2,0.07849023076923077,2138.843493841105,13730.053703379266,0.140132
0.09082869,0.04753537,404931.9,0.07787151923076924,2140.0639419835643,13737.888226375644,0.1400439
0.09092502,0.04755951,401769.8,0.07726342307692308,2140.049685145982,13737.796706287238,0.1399256
0.09102135,0.04758364,398661.5,0.07666567307692308,2139.9794725861116,13737.345985035097,0.1398123
0.09111769,0.04760774,395605.5,0.07607798076923077,2138.7841182029006,13729.672548468414,0.1396732
0.09121403,0.04763182,392599.7,0.07549994230769232,2137.566736746649,13721.857711702673,0.1395402
0.09131038,0.04765588,389643.5,0.0749314423076923,2135.31738121304,13707.418238986049,0.1393852
0.09140673,0.04767992,386733.7,0.07437186538461539,2133.07845118505,13693.045691573898,0.1392371
0.09150309,0.04770393,383870.5,0.07382125,2129.8737760419276,13672.473657227458,0.1390698
0.09159946,0.04772793,381050.7,0.07327898076923077,2126.658177417202,13651.831500878418,0.1389087
0.09169583,0.0477519,378275.0,0.0727451923076923,2122.5516820691205,13625.470338023728,0.1387314
0.09179219,0.04777585,375540.3,0.07221928846153845,2118.438912479657,13599.068898416035,0.1385604
0.09188857,0.04779977,372847.7,0.07170148076923077,2113.4997005233895,13567.362209447343,0.1383758
0.09198497,0.04782368,370193.2,0.071191,2108.552854389423,13535.606513774756,0.1381974
0.09208135,0.04784756,367580.6,0.07068857692307692,2102.823614100984,13498.828331048275,0.1380074
0.09217776,0.04787142,365003.9,0.0701930576923077,2097.057108804313,13461.810929993871,0.1378223
0.09227416,0.04789526,362468.6,0.06970549999999999,2090.490786332662,13419.659196859084,0.1376258
0.09237057,0.04791908,359969.1,0.06922482692307692,2083.8836859148337,13377.245694505298,0.1374342
0.09246699,0.04794287,357509.7,0.06875186538461539,2076.502606293559,13329.863723883867,0.1372325
0.0925634,0.04796664,355086.6,0.06828588461538461,2069.0856928193366,13282.251722067173,0.137036
0.09265984,0.0479904,352703.2,0.06782753846153847,2060.8865663582997,13229.618396181011,0.1368297
0.09275627,0.04801412,350356.1,0.06737617307692308,2052.6559172878137,13176.78271461906,0.1366287
0.0928527,0.04803783,348047.5,0.06693221153846154,2043.8313497914921,13120.134443727578,0.1364246
0.09294915,0.04806151,345761.3,0.06649255769230769,2035.1371671969607,13064.323163344681,0.1362296
0.0930456,0.04808518,343502.6,0.0660581923076923,2025.0030633377287,12999.268478126458,0.1360024
0.09314205,0.04810882,341306.4,0.06563584615384616,2014.6931121755244,12933.084961873914,0.1357784
0.0932385,0.04813244,339167.4,0.0652245,2004.2408955946141,12865.9881895348,0.1355696
0.09333497,0.04815603,337059.2,0.06481907692307692,1993.9562575948569,12799.967168144924,0.1353719
0.09343144,0.04817961,334982.5,0.06441971153846154,1982.681942909004,12727.593033921778,0.1351587
0.09352791,0.04820317,332938.5,0.06402663461538462,1971.276540052265,12654.377394636984,0.1349465
0.09362439,0.0482267,330935.6,0.06364146153846154,1959.1016414369124,12576.222068030178,0.134728
0.09372087,0.04825021,328969.3,0.06326332692307692,1946.9894470802724,12498.469264021234,0.1345173
0.09381736,0.0482737,327044.0,0.06289307692307693,1934.1833215817815,12416.261850840792,0.1343031
0.09391385,0.04829717,325154.7,0.06252975000000001,1921.4464719761345,12334.499146088918,0.1340968
0.09401036,0.04832062,323305.7,0.06217417307692308,1908.0356627980289,12248.410037301213,0.1338878
0.09410686,0.04834404,321492.4,0.061825461538461544,1894.7199971792252,12162.931691377882,0.1336873
0.09420337,0.04836744,319719.5,0.06148451923076923,1880.673214334327,12072.760024598374,0.1334826
0.09429988,0.04839082,317982.5,0.06115048076923077,1866.6807712090342,11982.937185243854,0.1332845
0.09439641,0.04841417,316286.4,0.0608243076923077,1851.8932289931513,11888.010300995566,0.1330805
0.09449294,0.04843751,314627.4,0.06050526923076924,1837.1231751710816,11793.195681430005,0.1328816
0.09458947,0.04846083,313011.8,0.06019457692307692,1821.4601570281677,11692.648782660426,0.1326741
0.094686,0.04848412,311433.5,0.059891057692307695,1805.890299167907,11592.699915344545,0.132474
0.09478254,0.04850739,309887.3,0.05959371153846153,1790.4206627166934,11493.394407550952,0.1323011
0.09487909,0.04853064,308362.1,0.05930040384615384,1775.1489926402214,11395.359721565728,0.1321373
0.09497565,0.04855388,306888.2,0.05901696153846154,1756.7683080864804,11277.367083602996,0.1318841
0.0950722,0.04857708,305481.7,0.05874648076923077,1738.0796569724491,11157.397490606478,0.1316244
0.09516876,0.04860027,304132.6,0.05848703846153846,1720.819605563226,11046.598625026028,0.1314469
0.09526533,0.04862344,302819.8,0.058234576923076924,1704.3222750661403,10940.695956439184,0.1313011
0.0953619,0.04864658,301543.4,0.05798911538461539,1686.2159201466502,10824.46434522831,0.1311204
0.09545848,0.0486697,300299.0,0.05774980769230769,1667.8414358502087,10706.51150908649,0.1309296
0.09555506,0.0486928,299098.7,0.057518980769230774,1648.4376404477107,10581.951131624166,0.130727
0.09565164,0.04871588,297940.4,0.05729623076923077,1629.1882916747709,10458.382206095679,0.1305308
0.09574823,0.04873894,296830.4,0.057082769230769236,1609.0140476562929,10328.876024555797,0.130328
0.09584484,0.04876197,295762.8,0.056877461538461536,1589.0005943801548,10200.402020233973,0.1301307
0.09594143,0.04878499,294744.8,0.05668169230769231,1568.0326290570358,10065.800638334824,0.1299261
0.09603805,0.04880798,293769.9,0.05649421153846154,1547.2644088728825,9932.481496811319,0.1297273
0.09613467,0.04883095,292845.6,0.05631646153846153,1525.559771658159,9793.151136535478,0.1295225
0.09623129,0.0488539,291965.6,0.05614723076923076,1504.0848762473483,9655.295576690207,0.1293233
0.09632791,0.04887683,291137.5,0.05598798076923077,1481.666285597595,9511.382076491835,0.1291184
0.09642455,0.04889974,290354.3,0.05583736538461538,1459.5142315181236,9369.179576389739,0.128919
0.09652118,0.04892262,289624.2,0.05569696153846154,1436.4437089358858,9221.081075993954,0.1287157
0.09661782,0.04894549,288939.5,0.055565288461538465,1413.6837915724811,9074.976469189452,0.1285179
0.09671446,0.04896834,288308.9,0.055444019230769234,1390.0780153864653,8923.44197137452,0.1283202
0.09681111,0.04899116,287723.6,0.05533146153846153,1366.8670678882809,8774.442029782691,0.1281299
0.09690777,0.04901396,287192.7,0.055229365384615384,1342.901343312602,8620.596885707408,0.1279444
0.09700442,0.04903674,286706.5,0.05513586538461539,1319.3958882992388,8469.706387835467,0.1277676
0.09710109,0.0490595,286274.6,0.055052807692307686,1295.2366395933027,8314.618938416674,0.1276012
0.09719776,0.04908224,285886.5,0.05497817307692308,1271.6137853223688,8162.9748098486025,0.1274453
0.09729443,0.04910496,285551.9,0.054913826923076926,1247.4464169241896,8007.835237022522,0.1273065
0.09739111,0.04912765,285259.7,0.05485763461538462,1223.8545401538734,7856.389964868348,0.1271783
0.09748779,0.04915033,285020.3,0.05481159615384615,1199.825429207737,7702.13791945926,0.1270749
0.09758448,0.04917298,284821.1,0.05477328846153846,1176.4568357129988,7552.125987974277,0.1269849
0.09768118,0.04919561,284672.9,0.05474478846153846,1152.7616002388531,7400.017216803755,0.1269284
0.09777788,0.04921823,284562.7,0.05472359615384616,1129.7261262510817,7252.143706728972,0.126884
0.09787458,0.04924082,284501.7,0.05471186538461539,1106.4633086992494,7102.81079144167,0.1268819
0.09797129,0.04926339,284476.1,0.054706942307692304,1083.920401473552,6958.099255637208,0.1268942
0.098068,0.04928593,284498.3,0.054711211538461535,1061.287338458974,6812.808975372688,0.1269613
0.09816472,0.04930846,284553.1,0.05472174999999999,1039.425986079656,6672.4726005697385,0.1270452
0.09826144,0.04933097,284653.2,0.054741000000000005,1017.5837124769007,6532.258699724121,0.1271967
0.09835817,0.04935345,284782.9,0.054765942307692314,996.5391549410729,6397.165643143405,0.1273667
0.09845491,0.04937592,284955.3,0.05479909615384615,975.6007005806338,6262.753703390724,0.1276179
0.09855164,0.04939836,285153.8,0.05483726923076923,955.4683617578822,6133.516527315446,0.1278886
0.09864838,0.04942078,285392.3,0.05488313461538461,935.5127238296415,6005.413661804758,0.1282555
0.09874513,0.04944318,285653.5,0.054933365384615386,916.3725583416733,5882.545625504719,0.1286438
0.09884188,0.04946556,285951.8,0.054990730769230764,897.4801483025556,5761.268026105659,0.1291454
0.09893864,0.04948792,286269.2,0.05505176923076923,879.4059024399742,5645.2425352009195,0.1296706
0.0990354,0.04951026,286621.0,0.05511942307692308,861.6230290163822,5531.087475324223,0.1303278
0.09913217,0.04953258,286988.3,0.05519005769230769,844.6541702310457,5422.157886469959,0.1310107
0.09922894,0.04955488,287387.2,0.05526676923076923,828.0070611221771,5315.293731739169,0.1318466
0.09932572,0.04957715,287798.4,0.055345846153846155,812.1634182361967,5213.587333721701,0.1327108
0.0994225,0.04959941,288238.2,0.05543042307692308,796.6380397646423,5113.923996598837,0.1337504
0.09951928,0.04962164,288687.5,0.055516826923076926,781.886804027961,5019.230177514341,0.13482
0.09961606,0.04964385,289162.7,0.055608211538461544,767.4469622952914,4926.535315534608,0.136092
0.09971287,0.04966604,289644.9,0.05570094230769231,753.7448884272094,4838.576467400949,0.1373957
0.09980966,0.04968821,290150.7,0.05579821153846154,740.33003581667,4752.461402275335,0.1389321
0.09990647,0.04971036,290661.3,0.055896403846153846,727.6332986538412,4670.95619462208,0.1405042
0.1000033,0.0497325,291193.9,0.05599882692307693,715.208158802793,4591.194473898646,0.1423471
0.1001001,0.0497546,291729.2,0.05610176923076923,703.4890815462232,4515.9652387769165,0.1442313
0.1001969,0.0497767,292284.2,0.0562085,692.0202968614818,4442.342727318071,0.1464314
0.1002937,0.04979876,292840.0,0.056315384615384614,681.2264271597074,4373.0527530402005,0.148678
0.1003906,0.04982081,293413.5,0.056425673076923075,670.6744364330556,4305.315492332871,0.151296
0.1004874,0.04984284,293986.1,0.05653578846153846,660.7664600226559,4241.7124056188,0.1539675
0.1005842,0.04986485,294574.8,0.056649,651.0734965583945,4179.489569168903,0.1570742
0.1006811,0.04988683,295160.8,0.056761692307692305,642.0031183698079,4121.263345512117,0.1602445
0.1007779,0.0499088,295761.4,0.05687719230769231,633.1507363741254,4064.436522720482,0.1639298
0.1008748,0.04993075,296357.4,0.056991807692307696,624.8975834217234,4011.456380141102,0.1676917
0.1009716,0.04995267,296966.1,0.05710886538461538,616.8701483901634,3959.9252071492106,0.1720581
0.1010685,0.04997457,297568.6,0.057224730769230764,609.3988503379787,3911.964089944592,0.176515
0.1011654,0.04999646,298181.9,0.05734267307692308,602.1372860316608,3865.3493338002636,0.1816679
0.1012622,0.05001832,298788.6,0.05745934615384615,595.3760507235202,3821.94638068599,0.1869269
0.1013591,0.05004016,299404.6,0.057577807692307685,588.7772664312512,3779.586262720014,0.1929715
0.101456,0.05006198,300015.8,0.05769534615384615,582.6013446281532,3739.9406606605003,0.1991373
0.1015528,0.05008377,300634.4,0.0578143076923077,576.5405402149757,3701.0340411167012,0.2061634
0.1016497,0.05010554,301252.4,0.05793315384615385,570.8033311457887,3664.204703741488,0.2133225
0.1017466,0.0501273,301878.1,0.05805348076923077,565.1289570584004,3627.778728125578,0.2213954
0.1018435,0.05014905,302509.9,0.05817498076923077,559.6563480443863,3592.6479596161576,0.2296055
0.1019405,0.05017078,303151.0,0.05829826923076923,554.2102365843627,3557.6872890313152,0.2387104
0.1020373,0.05019247,303806.9,0.05842440384615385,548.8796671744676,3523.4683270183386,0.2479535
0.1021342,0.05021414,304472.9,0.05855248076923077,543.5059483945857,3488.9723727107457,0.2580011
0.1022311,0.0502358,305165.9,0.05868575,538.158684523443,3454.6462425715645,0.2681742
0.1023281,0.05025744,305870.5,0.05882125,532.6184013148044,3419.0810475465055,0.2789537
0.102425,0.05027906,306614.1,0.058964249999999996,527.0458747621283,3383.308870174918,0.2898332
0.102522,0.05030066,307368.1,0.059109249999999995,521.1237573599136,3345.292535550967,0.3009524
0.1026189,0.05032224,308171.9,0.059263826923076926,515.2221024578387,3307.4075575347492,0.3121518
0.1027159,0.05034379,308978.7,0.05941898076923077,508.8455847939286,3266.4742539909716,0.3231032
0.1028128,0.05036533,309841.4,0.05958488461538462,502.6421235245604,3226.6518655738105,0.334129
0.1029098,0.05038684,310684.7,0.059747057692307697,495.9919328537876,3183.9617504202956,0.344384
0.1030067,0.05040834,311577.8,0.05991880769230769,489.48289234374334,3142.1777320862184,0.3546421
0.1031037,0.05042981,312425.9,0.06008190384615385,482.68908361570556,3098.5656777423414,0.3636786
0.1032006,0.05045127,313304.3,0.06025082692307692,475.9521707786443,3055.318859864274,0.3726261
0.1032976,0.0504727,314122.8,0.06040823076923077,469.143933497713,3011.61418312579,0.3800713
0.1033946,0.05049411,314939.8,0.06056534615384615,462.42446693427723,2968.47935954487,0.3873961
0.1034915,0.05051551,315685.8,0.06070880769230769,455.54745049236396,2924.333163089457,0.3930573
0.1035885,0.05053688,316408.0,0.06084769230769231,448.8740356773876,2881.493963279656,0.3986286
0.1036855,0.05055823,317043.0,0.06096980769230769,441.95518906791887,2837.0792429941393,0.4026243
0.1037825,0.05057957,317655.6,0.06108761538461538,435.2176299155079,2793.8282761708656,0.4065304
0.1038795,0.05060088,318162.6,0.06118511538461538,428.3399313761433,2749.677701071262,0.4092468
0.1039765,0.05062217,318644.8,0.061277846153846155,421.4811559223114,2705.648600488774,0.4118178
0.1040735,0.05064345,319018.6,0.06134973076923077,414.5557750804811,2661.1919344688017,0.4136798
0.1041705,0.0506647,319365.0,0.061416346153846155,407.6224807989718,2616.684469055567,0.4154041
0.1042675,0.05068593,319608.6,0.0614631923076923,400.6756959170296,2572.0904023229896,0.4168651
0.1043645,0.05070715,319821.7,0.06150417307692308,393.699811055426,2527.309531700988,0.4181951
0.1044615,0.05072834,319943.0,0.0615275,386.73304130706083,2482.587174474023,0.4195187
0.1045585,0.05074951,320030.6,0.06154434615384615,379.71232368649794,2437.5185052403167,0.4207061
0.1046556,0.05077066,320040.9,0.061546326923076926,372.6711155255534,2392.318299397849,0.4218386
0.1047526,0.05079179,320016.2,0.06154157692307693,365.56455820385247,2346.6985923206066,0.4228237
0.1048496,0.0508129,319928.3,0.061524673076923074,358.44688589781947,2301.007533911567,0.4233375
0.1049467,0.050834,319806.4,0.06150123076923077,351.25335756690555,2254.8295266919486,0.4236815
0.1050438,0.05085507,319633.1,0.06146790384615384,344.05142119459623,2208.5975450416477,0.4228271
0.1051408,0.05087612,319431.9,0.061429211538461544,336.7667247320393,2161.834294746928,0.4217805
0.1052379,0.05089715,319182.3,0.06138121153846154,329.44967733181255,2114.8633714210405,0.418841
0.1053349,0.05091816,318912.6,0.06132934615384615,321.93096937567833,2066.59791192622,0.4156278
0.105432,0.05093915,318596.5,0.06126855769230769,314.37798841703614,2018.1124409315562,0.4103001
0.105529,0.05096012,318272.3,0.061206211538461536,306.64426499665353,1968.4667150078512,0.4047352
0.1056261,0.05098107,317907.0,0.06113596153846154,298.9479891635952,1919.0613794570297,0.3972722
0.1057232,0.051002,317531.9,0.06106382692307693,290.99671768986633,1868.0191294472424,0.3895709
0.1058203,0.05102292,317110.7,0.060982826923076924,283.31386069853886,1818.6999345692343,0.380517
0.1059174,0.05104381,316650.8,0.060894384615384614,274.9915724822992,1765.2759863126166,0.371015
0.1060145,0.05106468,316174.9,0.060802865384615386,266.84670138712823,1712.9909463525555,0.3603951
0.1061115,0.05108553,315662.2,0.060704269230769235,258.4307226832254,1658.965563053675,0.3496315
0.1062086,0.05110637,315135.8,0.06060303846153846,250.14946663874858,1605.8050159872296,0.337773
0.1063057,0.05112718,314580.7,0.06049628846153846,241.31037694101965,1549.063521535546,0.325639
0.1064028,0.05114797,314002.3,0.06038505769230769,233.00430349461195,1495.7436620826306,0.3125271
0.1065,0.05116875,313402.8,0.06026976923076923,223.703510428281,1436.0383172771503,0.298927
0.1065971,0.0511895,312805.7,0.06015494230769231,215.4867422683566,1383.2917425844066,0.284719
0.1066942,0.05121024,312202.5,0.06003894230769231,206.25892882304592,1324.054881853963,0.270123
0.1067913,0.05123095,311620.8,0.05992707692307692,198.7225205192658,1275.6757970637686,0.2557068
0.1068884,0.05125164,311049.2,0.059817153846153846,190.29916006858215,1221.6030275115147,0.2410897
0.1069856,0.05127232,310509.6,0.05971338461538461,184.0013009273186,1181.1746630823918,0.2275191
0.1070827,0.05129298,309984.9,0.05961248076923077,177.15839076783348,1137.2474078869213,0.2140118
0.1071798,0.05131361,309484.5,0.05951625,172.37521942321428,1106.5424032322117,0.2021073
0.107277,0.05133423,308989.1,0.05942098076923077,167.0215764479794,1072.1753231862162,0.1902338
0.1073741,0.05135482,308512.6,0.05932934615384615,163.1758698628824,1047.4882630563534,0.1802
0.1074713,0.0513754,307992.7,0.05922936538461539,159.0698753979264,1021.1303155618501,0.1703108
0.1075684,0.05139596,307438.3,0.059122749999999995,155.59058825619084,998.7954418588117,0.1622038
0.1076656,0.0514165,306931.9,0.05902536538461539,151.6052201659541,973.2118411585965,0.154061
0.1077628,0.05143701,306391.9,0.058921519230769236,147.2358738023478,945.1633371919776,0.1471624
0.1078599,0.05145751,305784.3,0.058804673076923074,142.9215614110258,917.4681173235871,0.1404481
0.1079571,0.05147799,305142.5,0.05868125,137.80525153431284,884.6245691291172,0.1344567
0.1080543,0.05149845,304448.8,0.05854784615384615,132.19769595285277,848.6275270361201,0.1283371
0.1081515,0.05151889,303712.0,0.058406153846153844,125.80167096738573,807.5689985409343,0.1226025
0.1082486,0.05153931,302922.0,0.058254230769230766,118.48084231630052,760.5738019208562,0.1164795
0.1083458,0.05155971,302100.7,0.05809628846153846,110.47824942758132,709.2021001367899,0.1105034
0.108443,0.05158009,301232.0,0.05792923076923077,101.00995361993837,648.4214912269937,0.1037803
0.1085402,0.05160045,300368.0,0.057763076923076924,91.15554876527972,585.1623008005266,0.09709032
0.1086374,0.0516208,299483.1,0.05759290384615384,79.73932949420312,511.87722681882104,0.08941019
0.1087346,0.05164112,298651.3,0.0574329423076923,68.5404304464884,439.98721439546745,0.08179388
0.1088319,0.05166142,297836.7,0.05727628846153846,56.09026033784734,360.0648148837301,0.07300203
0.1089291,0.0516817,297118.6,0.057138192307692307,44.55947768204845,286.04431475737795,0.06431366
0.1090263,0.05170197,296453.1,0.05701021153846154,32.360741777640484,207.73596748318275,0.05417032
0.1091235,0.05172221,295908.2,0.05690542307692308,21.637867195252877,138.901738006026,0.0438516
0.1092207,0.05174244,295440.6,0.0568155,10.928601547700351,70.15486948195884,0.03085224
0.109318,0.05176264,295092.6,0.056748576923076915,1.9978383309557763,12.824887680505629,0.01307796
0.1094152,0.05178283,294830.0,0.05669807692307692,-6.356190938843461,-40.80281852812217,0.02312744
0.1095124,0.05180299,294664.5,0.05666625,-12.90817948819405,-82.86253673824412,0.03271733
0.1096096,0.05182313,294570.9,0.056648250000000004,-18.583525205723447,-119.29474961931949,0.03897106
0.1097068,0.05184325,294539.0,0.05664211538461539,-22.768239647955355,-146.15803072922725,0.04286767
0.1098041,0.05186336,294549.8,0.056644192307692305,-26.10190630073082,-167.5581108676631,0.04561392
0.1099014,0.05188346,294585.5,0.056651057692307695,-28.48041312324252,-182.82665506034337,0.04739025
0.1099987,0.05190354,294631.5,0.056659903846153846,-30.23477662731728,-194.08858478804723,0.04856489
0.1100959,0.05192358,294672.3,0.056667749999999996,-31.59539047768234,-202.8228850250059,0.04940804
0.1101931,0.05194361,294697.7,0.05667263461538462,-32.6769256661169,-209.7656726866842,0.05000482
0.1102904,0.05196362,294700.8,0.05667323076923077,-33.792053166301876,-216.92410223412085,0.05062559
0.1103877,0.05198362,294674.3,0.05666813461538461,-34.98391391638137,-224.5751118347125,0.0512804
0.110485,0.05200361,294622.4,0.05665815384615385,-36.432229110591535,-233.87240051113358,0.05210638
0.1105823,0.05202356,294541.4,0.05664257692307693,-38.194378986218595,-245.18431393323834,0.05312035
0.1106796,0.0520435,294442.7,0.056623596153846156,-40.19072986767925,-257.9996531070356,0.05425375
0.1107769,0.05206341,294327.4,0.056601423076923084,-42.569461808435776,-273.26964241975384,0.05559139
0.1108742,0.05208331,294208.1,0.05657848076923076,-44.985295801271796,-288.77780398258017,0.05688404
0.1109715,0.05210319,294088.2,0.05655542307692308,-47.65480897499471,-305.91442914596246,0.05827695
0.1110688,0.05212305,293975.5,0.05653375,-50.13713455716862,-321.84942562918434,0.0594761
0.1111661,0.05214289,293873.7,0.05651417307692308,-52.69163844524984,-338.2477622395263,0.06066636
0.1112634,0.05216271,293783.7,0.05649686538461539,-54.928979963073196,-352.6101123979044,0.06159953
0.1113607,0.05218251,293708.3,0.05648236538461538,-57.13938690690203,-366.799559233301,0.06247981
0.111458,0.05220229,293644.8,0.056470153846153844,-59.00608502294968,-378.7826077616919,0.06311176
0.1115553,0.05222206,293592.9,0.05646017307692308,-60.85222284483594,-390.63367190515424,0.06370661
0.1116527,0.0522418,293551.9,0.056452288461538463,-62.38692668039011,-400.48552228206,0.06410096
0.11175,0.05226153,293517.5,0.056445673076923074,-63.95963604556459,-410.58134467665417,0.06449641
0.1118473,0.05228123,293494.5,0.05644125,-65.26227588741386,-418.9434875993381,0.0647499
0.1119447,0.05230092,293475.9,0.05643767307692308,-66.64252535894435,-427.803836391919,0.06502861
0.112042,0.05232059,293471.2,0.056436769230769235,-67.75939130304522,-434.9734256751634,0.06520921
0.1121394,0.05234024,293472.1,0.056436942307692306,-68.87487221856358,-442.1341239306757,0.06538074
0.1122367,0.05235987,293486.7,0.056439750000000004,-69.64499313972277,-447.07782440995777,0.06545606
0.1123341,0.05237948,293505.1,0.056443288461538454,-70.28151806830728,-451.163921161857,0.06546587
0.1124314,0.05239907,293533.6,0.056448769230769226,-70.64116978303734,-453.472662952444,0.06544859
0.1125288,0.05241865,293566.5,0.056455096153846154,-70.67072291786674,-453.6623758180554,0.06527948
0.1126261,0.0524382,293601.0,0.05646173076923077,-70.46170443953591,-452.3206063334041,0.06513187
0.1127235,0.05245774,293632.3,0.05646775,-69.89085040783921,-448.65607616345216,0.06481798
0.1128209,0.05247726,293651.6,0.05647146153846153,-69.21062621682353,-444.28945714720504,0.06460833
0.1129182,0.05249676,293654.1,0.056471942307692306,-68.15535450985267,-437.51526480910826,0.0642201
0.1130156,0.05251624,293631.1,0.056467519230769224,-67.29787168601156,-432.010754892901,0.06409491
0.113113,0.0525357,293576.5,0.056457019230769234,-66.13024796785865,-424.5153320619447,0.06381404
0.1132104,0.05255514,293482.7,0.05643898076923077,-65.51004798957979,-420.5340314043118,0.06396923
0.1133078,0.05257457,293343.0,0.05641211538461539,-64.74326481581835,-415.6117572010296,0.06404622
0.1134052,0.05259397,293155.5,0.05637605769230769,-64.87602928998813,-416.46402309402316,0.06473923
0.1135026,0.05261335,292914.2,0.05632965384615385,-65.08461725612979,-417.8030289564205,0.06547253
0.1136,0.05263272,292624.2,0.056273884615384615,-66.37772871853409,-426.10400557036684,0.06691861
0.1136974,0.05265206,292279.5,0.05620759615384616,-67.97617250637693,-436.36502705796596,0.06853058
0.1137948,0.05267139,291895.9,0.056133826923076925,-70.68847592081349,-453.7763391279268,0.0708572
0.1138922,0.0526907,291471.0,0.05605211538461539,-73.82902795364076,-473.936742726012,0.07341367
0.1139896,0.05270999,291026.1,0.05596655769230769,-77.79910668119948,-499.422195164672,0.07650975
0.114087,0.05272926,290561.8,0.05587726923076923,-82.08756262772134,-526.9514326333652,0.07977821
0.1141845,0.05274852,290097.7,0.05578801923076923,-86.74950573970361,-556.8782269378254,0.08332557
0.1142819,0.05276775,289635.1,0.05569905769230769,-91.5040920217551,-587.399733152701,0.08693911
0.1143793,0.05278697,289187.2,0.05561292307692308,-96.21368469704709,-617.6324082123771,0.09060056
0.1144767,0.05280617,288754.7,0.05552975,-100.83607302208497,-647.3052852243677,0.09425175
0.1145742,0.05282534,288343.8,0.055450730769230766,-105.11587315456032,-674.7789577150496,0.09778305
0.1146716,0.0528445,287955.2,0.055376,-109.24514007192738,-701.2862999746834,0.1012815
0.1147691,0.05286365,287591.1,0.05530598076923077,-112.8411943575802,-724.3707465947634,0.1045397
0.1148665,0.05288277,287253.6,0.05524107692307692,-116.26955206470862,-746.37868479539,0.1077588
0.114964,0.05290188,286941.5,0.05518105769230769,-119.01647333096523,-764.0122220847059,0.1106335
0.1150614,0.05292096,286660.6,0.055127038461538456,-121.50113332128772,-779.9622040258811,0.1134216
0.1151589,0.05294003,286401.8,0.05507726923076923,-123.19762245778143,-790.8526160725461,0.1157759
0.1152563,0.05295908,286176.0,0.055033846153846155,-124.40907455140905,-798.6293899938146,0.1179284
0.1153538,0.05297811,285959.1,0.05499213461538461,-124.8851104125346,-801.6852460939963,0.1196283
0.1154513,0.05299712,285769.5,0.054955673076923076,-124.61764419789176,-799.9682782553207,0.1209826
0.1155488,0.05301611,285562.5,0.05491586538461538,-123.93609926905684,-795.5931809183181,0.1219923
0.1156462,0.05303509,285363.4,0.054877576923076925,-122.23466219596268,-784.6710061758596,0.1224898
0.1157437,0.05305404,285105.1,0.05482790384615384,-120.82291394936338,-775.6084547094829,0.1229523
0.1158412,0.05307298,284818.5,0.05477278846153846,-118.50438211073954,-760.7249128566235,0.1229287
0.1159387,0.0530919,284429.5,0.05469798076923077,-117.49257328142058,-754.2297253386467,0.1233851
0.1160362,0.0531108,283967.8,0.0546091923076923,-116.11785559182172,-745.4048871681453,0.1236333
0.1161337,0.05312968,283376.9,0.0544955576923077,-117.07907558029238,-751.5753255851995,0.124933
0.1162312,0.05314854,282678.2,0.05436119230769231,-118.53095775078121,-760.8955120454023,0.1264896
0.1163287,0.05316739,281857.0,0.05420326923076923,-123.03588896658454,-789.8143869893229,0.1294731
0.1164262,0.05318621,280923.3,0.054023711538461534,-129.13728237842898,-828.9815628258416,0.1332494
0.1165237,0.05320502,279923.6,0.053831461538461536,-138.2377514323248,-887.4009512456722,0.1382877
0.1166212,0.05322381,278862.0,0.05362730769230769,-150.07816212493245,-963.4090720584829,0.1445206
0.1167187,0.05324258,277847.3,0.05343217307692307,-163.5326317307646,-1049.7784538157266,0.1511101
0.1168162,0.05326134,276881.9,0.053246519230769236,-179.16053706740436,-1150.0999500641717,0.158432
0.1169138,0.05328007,276078.7,0.053092057692307695,-194.18721811337468,-1246.5619578449293,0.1650251
0.1170113,0.05329879,275405.3,0.05296255769230769,-209.40440585194168,-1344.246900883801,0.1714707
0.1171088,0.05331749,274926.4,0.05287046153846154,-222.86636044314017,-1430.6643316223492,0.176804
0.1172064,0.05333617,274591.0,0.05280596153846154,-235.14615655458965,-1509.4930353410864,0.1815329
0.1173039,0.05335483,274406.8,0.05277053846153846,-245.69135763935634,-1577.1867107426285,0.1852745
0.1174014,0.05337347,274328.0,0.052755384615384614,-254.4760202620746,-1633.5788170015967,0.1882814
0.117499,0.0533921,274321.6,0.05275415384615384,-262.40736344954985,-1684.4931397267248,0.1906979
0.1175965,0.05341071,274356.6,0.05276088461538461,-268.74522816007345,-1725.1783151922587,0.1924889
0.1176941,0.05342929,274379.4,0.052765269230769234,-275.4647168336594,-1768.3132807066816,0.1941644
0.1177916,0.05344785,274374.0,0.05276423076923077,-281.1248472292915,-1804.6478206222664,0.1954168
0.1178891,0.0534664,274289.6,0.052747999999999996,-288.41804930607793,-1851.4656717049756,0.1969927
0.1179867,0.05348493,274110.4,0.052713538461538464,-296.10546024367443,-1900.8141001042843,0.1986247
0.1180843,0.05350345,273845.0,0.0526625,-306.5049335015162,-1967.5722928978107,0.2009275
0.1181819,0.05352196,273475.8,0.0525915,-319.71254123089864,-2052.3569739367776,0.2040084
0.1182794,0.05354043,273107.3,0.052520634615384615,-335.0731835304585,-2150.962806620964,0.2075243
0.118377,0.05355889,272720.2,0.05244619230769231,-353.4252988670735,-2268.7720478618066,0.2117636
0.1184745,0.05357733,272457.3,0.052395634615384615,-371.71060909417537,-2386.152441576444,0.2157478
0.1185721,0.05359576,272281.0,0.05236173076923077,-391.562749378767,-2513.590916162987,0.2199926
0.1186698,0.05361417,272320.3,0.05236928846153846,-409.4300134009906,-2628.287711540485,0.2235278
0.1187674,0.05363256,272526.9,0.05240901923076924,-427.9246837822015,-2747.012068087158,0.2271045
0.118865,0.05365093,272990.7,0.05249821153846154,-442.74366272218697,-2842.1407566803787,0.2296647
0.1189626,0.05366929,273639.2,0.05262292307692308,-456.7537823216171,-2932.077068077099,0.2319635
0.1190602,0.05368762,274531.1,0.052794442307692306,-466.7635964135621,-2996.3338897842495,0.2333075
0.1191578,0.05370593,275606.7,0.05300128846153846,-475.49946524197344,-3052.4127700319855,0.2343425
0.1192554,0.05372423,276889.3,0.05324794230769231,-479.8751213978884,-3080.501778966595,0.2344352
0.119353,0.05374251,278330.3,0.05352505769230769,-482.53118986657154,-3097.552097430701,0.2341507
0.1194506,0.05376077,279927.7,0.053832250000000005,-480.5795609981973,-3085.0238459485313,0.2329209
0.1195482,0.05377902,281646.1,0.054162711538461535,-476.7653897754564,-3060.539223360243,0.2312866
0.1196458,0.05379724,283467.6,0.054513,-468.21134522073726,-3005.627542605859,0.2286793
0.1197435,0.05381545,285367.9,0.054878442307692316,-457.45172362022544,-2936.5574199772227,0.2255527
0.1198411,0.05383364,287305.6,0.05525107692307692,-442.08296735940837,-2837.899500675138,0.2214256
0.1199387,0.05385181,289267.5,0.05562836538461539,-424.0990387901761,-2722.4537909893597,0.2165942
0.1200364,0.05386997,291182.9,0.055996711538461544,-402.178777210188,-2581.7392555163324,0.2107967
0.120134,0.0538881,293040.6,0.05635396153846153,-377.7122953885182,-2424.679559324632,0.2041618
0.1202316,0.05390622,294762.8,0.05668515384615384,-350.61816998111226,-2250.752014854465,0.1967067
0.1203293,0.05392432,296346.8,0.056989769230769226,-321.578270502999,-2064.3338030856467,0.1883707
0.1204269,0.0539424,297722.5,0.05725432692307692,-291.33261747570884,-1870.1753985299742,0.1793687
0.1205246,0.05396046,298906.4,0.057482000000000005,-260.1853147831834,-1670.2289602257067,0.1695546
0.1206222,0.05397851,299845.0,0.0576625,-228.91582117130415,-1469.498131717283,0.1591434
0.1207199,0.05399654,300582.2,0.057804269230769235,-197.87960228473824,-1270.2647828119325,0.1480337
0.1208176,0.05401455,301080.9,0.05790017307692308,-167.07912057547276,-1072.5447209299375,0.1361322
0.1209152,0.05403254,301405.4,0.05796257692307693,-137.32457668344128,-881.5389335810584,0.123495
0.1210129,0.05405051,301534.4,0.05798738461538462,-107.43602607175744,-689.6729058907337,0.1093294
0.1211106,0.05406847,301540.2,0.057988500000000005,-78.71506230007726,-505.30206429643295,0.09365524
0.1212082,0.05408641,301403.4,0.05796219230769231,-49.02753449541731,-314.7264788212538,0.07399058
0.1213059,0.05410433,301197.3,0.05792255769230769,-20.0643077422044,-128.80045857252446,0.04738013
0.1214036,0.05412223,300886.1,0.057862711538461536,10.542006625550247,67.67316894713281,0.03438721
0.1215013,0.05414012,300557.8,0.05779957692307692,40.92048928658691,262.6842576800214,0.06783459
0.121599,0.05415799,300137.3,0.05771871153846154,73.35301363324766,470.8810249040233,0.09096502
0.1216966,0.05417584,299723.8,0.05763919230769231,105.69822444942236,678.5172932107098,0.1093675
0.1217943,0.05419367,299226.8,0.05754361538461538,139.65380094379097,896.4911141748719,0.1259512
0.121892,0.05421149,298744.5,0.057450865384615385,173.41001483158664,1113.1851503849953,0.1406189
0.1219897,0.05422928,298187.2,0.05734369230769231,207.8552342228175,1334.3021762113904,0.1542951
0.1220874,0.05424706,297635.9,0.05723767307692308,241.7317865415565,1551.768710794672,0.1667673
0.1221851,0.05426483,297025.2,0.05712023076923077,275.10766399435863,1766.0212220905837,0.1783642
0.1222829,0.05428257,296415.1,0.05700290384615384,307.8916097422436,1976.4738975777282,0.1891796
0.1223806,0.0543003,295757.3,0.05687640384615385,339.43206580244424,2178.9441375848264,0.199212
0.1224783,0.054318,295094.6,0.05674896153846153,370.4798420092729,2378.251677345343,0.208733
0.122576,0.05433569,294382.4,0.056612,400.1262993603042,2568.5636158844245,0.2176345
0.1226737,0.05435337,293648.2,0.056470807692307695,429.59589539151705,2757.740214027563,0.2262457
0.1227715,0.05437102,292845.9,0.05631651923076923,457.78484476377577,2938.695851893278,0.2344016
0.1228692,0.05438866,291997.4,0.05615334615384616,486.283602370191,3121.6402672010854,0.2424642
0.1229669,0.05440628,291041.3,0.055969480769230764,513.4951026376311,3296.321285750276,0.2501579
0.1230646,0.05442388,290017.5,0.05577259615384615,541.1533919897242,3473.8704141653966,0.2578331
0.1231624,0.05444147,288839.4,0.055546038461538466,567.1921355084727,3641.0230589991165,0.2651337
0.1232601,0.05445903,287583.9,0.055304596153846156,592.9274192401069,3806.227679498241,0.2722791
0.1233579,0.05447658,286153.2,0.05502946153846154,616.4183136579813,3957.0247073436963,0.278988
0.1234556,0.05449411,284654.3,0.05474121153846154,638.322792767184,4097.637929105795,0.2853035
0.1235534,0.05451163,283006.7,0.054424365384615384,657.2730655806563,4219.2869717645435,0.2911171
0.1236511,0.05452912,281323.5,0.054100673076923074,673.7589462987094,4325.116139844473,0.2964027
0.1237489,0.0545466,279551.5,0.053759903846153846,686.9207266705467,4409.606637563346,0.3011905
0.1238466,0.05456407,277777.3,0.05341871153846153,697.2596038050957,4475.9758406858555,0.3054158
0.1239444,0.05458151,275989.6,0.053074923076923075,704.9676162900209,4525.456518289939,0.3093514
0.1240422,0.05459894,274202.5,0.05273125,710.1809359514158,4558.922809362637,0.3128084
0.1241399,0.05461635,272473.8,0.05239880769230769,715.6801442924935,4594.224329116882,0.3165858
0.1242377,0.05463375,270655.8,0.0520491923076923,718.9234596305657,4615.0444096402825,0.319904
0.1243355,0.05465112,268947.4,0.051720653846153854,729.8648095791727,4685.281115979209,0.3251659
0.1244333,0.05466847,266971.9,0.051340750000000004,744.0801932333886,4776.535095781166,0.3311697
0.1245311,0.05468579,265108.5,0.050982403846153844,788.2368612777941,5059.993621548839,0.3427762
0.1246288,0.05470309,262817.3,0.05054178846153846,849.0874962714839,5450.617100430721,0.3575572
0.1247266,0.05472038,260812.1,0.05015617307692308,1017.8336572245828,6533.863190570895,0.3922112
0.1248244,0.05473767,259010.6,0.04980973076923077,1210.3848253342098,7769.922718257867,0.4287545
0.1249222,0.05475496,257663.4,0.04955065384615385,2498.142869447541,16036.533694492395,0.59771
0.12502,0.05477226,175675.0,0.033783653846153845,5010.6250108435515,32165.116655089,0.7203195
