x_m,r_m,pressure_pa,pressure_over_pc,tau_wall_pa,su2_cf_t,yplus
-0.02268,0.02,5180537.0,0.9962571153846154,1953.2088028302117,12538.39368518294,0.3892543
-0.02258069,0.01999946,5175876.0,0.9953607692307692,1062.070765199454,6817.838090990744,0.2866972
-0.0224814,0.01999803,5175966.0,0.9953780769230769,722.639408643315,4638.898506328976,0.2362427
-0.02238212,0.01999557,5176953.0,0.9955678846153846,581.7202827471956,3734.2847877663953,0.2117826
-0.02228287,0.01999211,5177604.0,0.995693076923077,502.39007404145025,3225.03386362604,0.1966203
-0.02218367,0.01998767,5177535.0,0.9956798076923077,457.1548580762076,2934.651726608921,0.1873922
-0.02208451,0.01998225,5177077.0,0.9955917307692308,430.5372505563887,2763.7831325509887,0.1816662
-0.02198541,0.01997585,5176734.0,0.9955257692307692,417.6543494629836,2681.0828674885297,0.1787509
-0.02188638,0.01996846,5176557.0,0.9954917307692308,415.11105474832016,2664.756486845719,0.1780115
-0.02178742,0.01996008,5176520.0,0.9954846153846154,417.66709287811784,2681.1646723399185,0.1783163
-0.02168856,0.01995073,5176497.0,0.9954801923076924,423.6097310439633,2719.3127375872164,0.1793141
-0.02158979,0.0199404,5176498.0,0.9954803846153846,431.4984654127923,2769.9535380233438,0.180673
-0.02149113,0.01992908,5176486.0,0.9954780769230769,440.9821329623846,2830.8328240187175,0.1823196
-0.02139259,0.01991678,5176516.0,0.9954838461538461,451.1978234342315,2896.4112448800142,0.1840386
-0.02129417,0.01990351,5176553.0,0.9954909615384615,461.3807969395322,2961.779643030914,0.1856962
-0.02119589,0.01988926,5176614.0,0.9955026923076923,470.8684464279063,3022.684490612947,0.187159
-0.02109776,0.01987403,5176679.0,0.9955151923076923,481.5050608313734,3090.9649830390044,0.1888001
-0.02099978,0.01985783,5176769.0,0.9955325,490.19460671425327,3146.7464985979836,0.1899906
-0.02090197,0.01984066,5176877.0,0.9955532692307693,498.7692539841006,3201.790436053692,0.1911115
-0.02080434,0.01982252,5176994.0,0.9955757692307692,507.2417582454417,3256.1786785058835,0.1921739
-0.02070689,0.01980341,5177133.0,0.9956025,514.8631593256875,3305.103364406507,0.1930303
-0.02060963,0.01978333,5177265.0,0.9956278846153847,522.3086843364448,3352.8990346095484,0.1938004
-0.02051258,0.01976229,5177423.0,0.9956582692307693,529.4309659999866,3398.6196822458114,0.1944702
-0.02041574,0.01974028,5177564.0,0.9956853846153846,536.3428610811964,3442.9897780150454,0.1950713
-0.02031912,0.01971732,5177739.0,0.9957190384615384,541.3734504106225,3475.2830532600824,0.195288
-0.02022274,0.01969339,5177878.0,0.9957457692307692,548.1418225145529,3518.731820193715,0.1957748
-0.0201266,0.01966851,5178050.0,0.9957788461538462,554.7835105785073,3561.3673538649605,0.196204
-0.02003071,0.01964268,5178170.0,0.9958019230769231,558.7419652260553,3586.778186892121,0.1961216
-0.01993509,0.0196159,5178310.0,0.9958288461538461,565.2735034018536,3628.7066263397087,0.196462
-0.01983973,0.01958816,5178406.0,0.9958473076923077,570.9650474625403,3665.2428225753843,0.1966099
-0.01974466,0.01955948,5178518.0,0.9958688461538462,576.4546418681434,3700.482626804044,0.1966857
-0.01964987,0.01952986,5178568.0,0.9958784615384615,582.3292892751504,3738.194233389044,0.1967971
-0.01955538,0.0194993,5178618.0,0.9958880769230769,588.7740353610209,3779.5655212455167,0.1969709
-0.0194612,0.01946781,5178617.0,0.9958878846153846,594.428486051249,3815.8636009617276,0.1969629
-0.01936734,0.01943538,5178613.0,0.9958871153846154,599.7998773881026,3850.3446145231355,0.1968659
-0.01927381,0.01940202,5178544.0,0.9958738461538461,607.0155414885955,3896.6647197064253,0.1970419
-0.01918061,0.01936772,5178456.0,0.9958569230769231,614.456624046308,3944.4318721057775,0.1972149
-0.01908775,0.01933251,5178311.0,0.9958290384615385,621.9304867906774,3992.409453049575,0.1973428
-0.01899525,0.01929638,5178148.0,0.9957976923076923,629.5956510348631,4041.615071422749,0.197457
-0.01890312,0.01925933,5177906.0,0.9957511538461539,637.0754722058925,4089.6309017841727,0.1975007
-0.01881135,0.01922136,5177621.0,0.9956963461538462,645.9032925338854,4146.300053845155,0.1977108
-0.01871997,0.01918249,5177259.0,0.9956267307692308,654.8453810413515,4203.702737015484,0.1978846
-0.01862898,0.01914271,5176857.0,0.9955494230769231,663.7162095316112,4260.647974904769,0.197999
-0.01853839,0.01910203,5176360.0,0.9954538461538461,672.1768388613536,4314.959987633261,0.1980047
-0.0184482,0.01906045,5175789.0,0.9953440384615385,680.6275952528927,4369.208622198678,0.1979642
-0.01835843,0.01901799,5175101.0,0.9952117307692308,688.0231906117951,4416.683774886843,0.1977373
-0.01826909,0.01897463,5174317.0,0.9950609615384616,693.3549697094938,4450.910502348089,0.197166
-0.01818019,0.01893038,5173381.0,0.9948809615384615,699.0040097315696,4487.17384891785,0.1965782
-0.01809173,0.01888525,5172369.0,0.9946863461538461,702.0639977368243,4506.817081237009,0.195592
-0.01800372,0.01883925,5171277.0,0.9944763461538462,703.0933315277986,4513.424768180666,0.1942642
-0.01791617,0.01879238,5170162.0,0.9942619230769231,707.0379780743181,4538.746961730834,0.1933108
-0.01782909,0.01874464,5168711.0,0.9939828846153846,729.7691530368179,4684.667060080592,0.1949957
-0.01774245,0.01869611,5166681.0,0.9935925,722.8347262118945,4640.1523244384025,0.1924233
-0.01765635,0.01864663,5164779.0,0.9932267307692307,889.2846541997475,5708.658017715002,0.2127778
-0.01757033,0.01859701,5162675.0,0.9928221153846154,954.2888038915435,6125.944494626888,0.2198805
-0.01748433,0.01854735,5160526.0,0.9924088461538462,979.2141742673003,6285.949971802388,0.2222141
-0.01739833,0.01849767,5158177.0,0.9919571153846154,988.2970044611351,6344.256129639148,0.2227375
-0.01731234,0.018448,5155897.0,0.9915186538461539,985.7568544839378,6327.949936267831,0.2219148
-0.01722634,0.01839834,5153608.0,0.9910784615384616,977.9532599387119,6277.855680893898,0.2204923
-0.01714034,0.01834869,5151331.0,0.9906405769230769,968.417919155854,6216.644684668297,0.2188241
-0.01705434,0.01829904,5148966.0,0.9901857692307693,961.8035772603893,6174.18469650238,0.2174857
-0.01696833,0.01824939,5146557.0,0.9897225,957.0485432180539,6143.660315943139,0.2163525
-0.01688233,0.01819973,5144062.0,0.9892426923076924,954.3443373769004,6126.300985290409,0.2154517
-0.01679633,0.01815008,5141496.0,0.9887492307692308,953.3021633122044,6119.610871723076,0.2147545
-0.01671032,0.01810043,5138827.0,0.9882359615384615,953.6553554962297,6121.87814731769,0.214214
-0.01662432,0.01805078,5136069.0,0.9877055769230769,955.2381651000843,6132.038807003976,0.2138308
-0.01653832,0.01800113,5133200.0,0.9871538461538462,957.7781668669282,6148.344048956399,0.2135527
-0.01645231,0.01795147,5130227.0,0.9865821153846154,961.2035407577207,6170.3328328997595,0.2133867
-0.01636631,0.01790182,5127136.0,0.9859876923076923,965.2985549785805,6196.620294011527,0.2132913
-0.0162803,0.01785217,5123928.0,0.9853707692307693,969.9846893366113,6226.702381168576,0.2132676
-0.0161943,0.01780252,5120596.0,0.98473,975.1277586746238,6259.717708570723,0.2132885
-0.0161083,0.01775287,5117141.0,0.984065576923077,980.7570591493956,6295.8543394432645,0.2133635
-0.01602229,0.01770322,5113557.0,0.9833763461538462,986.7544363813073,6334.353795673085,0.2134719
-0.01593629,0.01765357,5109846.0,0.9826626923076923,993.184964030179,6375.633809949171,0.2136243
-0.01585028,0.01760391,5106002.0,0.9819234615384616,999.9537633916416,6419.085319612171,0.213806
-0.01576428,0.01755426,5102024.0,0.9811584615384615,1007.0651570236653,6464.7360728134745,0.2140192
-0.01567828,0.01750461,5097915.0,0.9803682692307693,1014.4164292665888,6511.926698482975,0.21425
-0.01559227,0.01745496,5093682.0,0.9795542307692308,1021.9094432807885,6560.02721874609,0.2144891
-0.01550627,0.01740531,5089324.0,0.9787161538461538,1029.4393760466844,6608.364734584107,0.2147239
-0.01542027,0.01735565,5084833.0,0.9778525,1037.1820627671534,6658.067999356213,0.2149731
-0.01533426,0.017306,5080217.0,0.9769648076923076,1045.1109616043084,6708.966630862576,0.2152328
-0.01524826,0.01725635,5075483.0,0.976054423076923,1053.2453018355282,6761.184069182775,0.2155048
-0.01516226,0.0172067,5070627.0,0.975120576923077,1061.5309435916984,6814.372769808491,0.215783
-0.01507625,0.01715704,5065644.0,0.9741623076923077,1070.002030805079,6868.751915688328,0.2160705
-0.01499025,0.01710739,5060539.0,0.9731805769230769,1078.6454588234026,6924.237383051699,0.216366
-0.01490425,0.01705774,5055315.0,0.9721759615384615,1087.6091807277696,6981.778939263506,0.2166842
-0.01481824,0.01700808,5049977.0,0.9711494230769231,1096.7125047508323,7040.216654821387,0.2170072
-0.01473224,0.01695843,5044528.0,0.9701015384615385,1106.014692346586,7099.9309516441235,0.21734
-0.01464624,0.01690878,5038973.0,0.9690332692307693,1115.3980146422468,7160.166083109573,0.2176712
-0.01456024,0.01685912,5033313.0,0.9679448076923077,1124.8237481546537,7220.673468381917,0.2179959
-0.01447423,0.01680947,5027551.0,0.9668367307692308,1134.3499080379472,7281.825528904917,0.2183202
-0.01438823,0.01675982,5021694.0,0.9657103846153846,1144.0560645657456,7344.133056671125,0.2186511
-0.01430223,0.01671017,5015742.0,0.9645657692307692,1153.8866447172334,7407.239307223803,0.2189837
-0.01421622,0.01666052,5009702.0,0.9634042307692308,1163.9397664618177,7471.774137302401,0.2193266
-0.01413022,0.01661086,5003574.0,0.9622257692307692,1174.1658980112811,7537.4195834307675,0.2196758
-0.01404421,0.01656121,4997369.0,0.9610325,1184.5464077650595,7604.056042245186,0.2200286
-0.01395821,0.01651156,4991085.0,0.9598240384615384,1195.0228708745371,7671.3084623165005,0.22038
-0.01387221,0.01646191,4984734.0,0.9586026923076924,1205.6454084249715,7739.498590043752,0.220734
-0.0137862,0.01641226,4978313.0,0.9573678846153846,1216.356519643051,7808.25730599028,0.2210858
-0.0137002,0.0163626,4971838.0,0.9561226923076923,1227.1956034348607,7877.83752678975,0.2214383
-0.0136142,0.01631295,4965301.0,0.9548655769230769,1238.160726443572,7948.226841485887,0.221792
-0.01352819,0.0162633,4958723.0,0.9536005769230769,1249.2844775652777,8019.634450655906,0.2221493
-0.01344219,0.01621365,4952108.0,0.9523284615384615,1260.397885569825,8090.97566340447,0.2224956
-0.01335619,0.016164,4945516.0,0.9510607692307692,1271.5682859342378,8162.682731889505,0.2228374
-0.01327018,0.01611434,4938866.0,0.9497819230769231,1282.9677812270281,8235.860448263857,0.223189
-0.01318418,0.01606469,4932141.0,0.9484886538461539,1294.4237776645818,8309.40086707723,0.223534
-0.01309817,0.01601504,4925410.0,0.9471942307692308,1305.828001907933,8382.608940392305,0.2238645
-0.01301217,0.01596539,4918721.0,0.9459078846153847,1317.2571844422282,8455.977230514263,0.2241873
-0.01292617,0.01591574,4912036.0,0.9446223076923077,1328.7821596361584,8529.960450323675,0.2245087
-0.01284016,0.01586609,4905348.0,0.9433361538461539,1340.491588414386,8605.127748175952,0.2248355
-0.01275416,0.01581644,4898662.0,0.9420503846153846,1352.269914821454,8680.73732623561,0.2251586
-0.01266816,0.01576678,4892004.0,0.94077,1364.1259485642865,8756.845737377853,0.2254786
-0.01258215,0.01571713,4885381.0,0.9394963461538461,1376.0221645083463,8833.2120934246,0.225793
-0.01249615,0.01566748,4878805.0,0.9382317307692307,1387.9848611196308,8910.005214278523,0.2261036
-0.01241015,0.01561783,4872282.0,0.9369773076923077,1399.9501256198062,8986.814819392506,0.2264055
-0.01232414,0.01556818,4865822.0,0.935735,1411.994093236269,9064.129649884764,0.2267046
-0.01223814,0.01551852,4859433.0,0.9345063461538462,1424.0942498150296,9141.805178797504,0.2269999
-0.01215213,0.01546887,4853124.0,0.933293076923077,1436.2980501983484,9220.146036897118,0.2272946
-0.01206613,0.01541922,4846905.0,0.9320971153846154,1448.5499444946818,9298.795628202502,0.227585
-0.01198013,0.01536957,4840785.0,0.9309201923076923,1460.9409895855108,9378.338481631457,0.227878
-0.01189412,0.01531992,4834776.0,0.9297646153846154,1473.3197042248305,9457.802181180337,0.2281622
-0.01180812,0.01527026,4828883.0,0.9286313461538461,1485.7459975069032,9537.571306218279,0.2284416
-0.01172212,0.01522061,4823121.0,0.9275232692307692,1498.2240511472476,9617.672700775156,0.2287174
-0.01163611,0.01517096,4817495.0,0.9264413461538461,1510.8322316320975,9698.609429272294,0.2289949
-0.01155011,0.01512131,4812019.0,0.9253882692307692,1523.523339884759,9780.078502800208,0.2292713
-0.01146411,0.01507165,4806698.0,0.924365,1536.5548695567736,9863.732871504211,0.2295658
-0.0113781,0.015022,4801546.0,0.9233742307692308,1549.7465762426723,9948.415477668788,0.2298657
-0.0112921,0.01497235,4796568.0,0.922416923076923,1563.1415083040274,10034.402665176949,0.2301733
-0.0112061,0.01492269,4791779.0,0.9214959615384616,1576.61932207911,10120.92190207712,0.2304808
-0.0111201,0.01487304,4787184.0,0.9206123076923077,1590.1490160532278,10207.774177799882,0.2307846
-0.01103409,0.01482339,4782796.0,0.9197684615384616,1603.6749282055237,10294.602176563221,0.2310814
-0.01094809,0.01477373,4778620.0,0.9189653846153846,1617.393051213708,10382.664050260059,0.2313845
-0.01086209,0.01472408,4774668.0,0.9182053846153846,1631.2651880079284,10471.714597302756,0.2316921
-0.01077608,0.01467443,4770943.0,0.9174890384615385,1645.4108231769505,10562.520834925263,0.2320117
-0.01069008,0.01462478,4767459.0,0.9168190384615384,1659.804465954951,10654.919128160964,0.2323424
-0.01060408,0.01457513,4764216.0,0.9161953846153846,1674.566692432768,10749.683501012703,0.2326918
-0.01051807,0.01452547,4761226.0,0.9156203846153846,1689.5152558984225,10845.644042194337,0.2330476
-0.01043207,0.01447582,4758489.0,0.9150940384615385,1704.779966757468,10943.634054303573,0.2334177
-0.01034606,0.01442617,4756017.0,0.9146186538461538,1720.3003289832136,11043.265190227732,0.2337988
-0.01026006,0.01437652,4753805.0,0.9141932692307693,1736.1710814678656,11145.145615118467,0.2341957
-0.01017406,0.01432687,4751864.0,0.91382,1752.3654230965508,11249.10328237789,0.2346076
-0.01008805,0.01427721,4750188.0,0.9134976923076923,1769.053094988276,11356.227825112095,0.2350443
-0.01000205,0.01422756,4748785.0,0.9132278846153846,1786.1131136664974,11465.742604153724,0.2354986
-0.009916048,0.01417791,4747646.0,0.9130088461538461,1803.6589000746942,11578.37571188052,0.2359762
-0.009830044,0.01412826,4746779.0,0.9128421153846153,1821.6196562999532,11693.672669435486,0.236473
-0.00974404,0.01407861,4746169.0,0.9127248076923077,1840.0293754840409,11811.851691785418,0.2369894
-0.009658036,0.01402896,4745824.0,0.9126584615384615,1858.8356669430498,11932.576463110261,0.2375224
-0.009572032,0.0139793,4745725.0,0.912639423076923,1878.2091975512574,12056.942559292946,0.2380808
-0.009486028,0.01392965,4745876.0,0.9126684615384615,1898.1447519163517,12184.916500737263,0.2386649
-0.009400024,0.01388,4746254.0,0.9127411538461538,1918.8231374220163,12317.658959131017,0.2392837
-0.00931402,0.01383035,4746859.0,0.9128575,1940.243342662299,12455.163441872912,0.2399379
-0.009228016,0.0137807,4747663.0,0.9130121153846154,1962.468032646257,12597.83221960227,0.2406286
-0.009142013,0.01373105,4748666.0,0.913205,1985.402183113967,12745.055295283015,0.2413504
-0.00905601,0.01368139,4749834.0,0.9134296153846154,2009.1818173680508,12897.705854473272,0.2421084
-0.008970006,0.01363174,4751163.0,0.9136851923076923,2033.7303090647395,13055.292003391158,0.2428985
-0.008884003,0.01358209,4752612.0,0.9139638461538462,2059.144161409063,13218.433232986537,0.2437227
-0.008797999,0.01353244,4754176.0,0.9142646153846153,2085.4687849433203,13387.421050883158,0.2445845
-0.008711996,0.01348279,4755808.0,0.9145784615384616,2112.8659430038356,13563.293877751521,0.2454895
-0.008625992,0.01343313,4757501.0,0.9149040384615384,2141.2467879724304,13745.481366779195,0.2464327
-0.008539988,0.01338348,4759203.0,0.9152313461538462,2170.8213474299696,13935.331765265604,0.2474219
-0.008453985,0.01333383,4760906.0,0.9155588461538462,2201.481415164904,14132.150456189966,0.2484517
-0.008367981,0.01328418,4762553.0,0.915875576923077,2233.2493335334525,14336.080863674537,0.2495182
-0.008281978,0.01323453,4764135.0,0.9161798076923077,2266.1349377822344,14547.186123925709,0.2506223
-0.008195974,0.01318487,4765590.0,0.9164596153846154,2300.3870250870614,14767.0633610879,0.2517729
-0.008109971,0.01313522,4766908.0,0.9167130769230769,2335.9005543310527,14995.038276092482,0.2529643
-0.008023968,0.01308557,4768022.0,0.9169273076923077,2373.038131627362,15233.438576142491,0.2542106
-0.007937965,0.01303592,4768924.0,0.9171007692307692,2411.746821246606,15481.924446562678,0.2555099
-0.007851962,0.01298626,4769543.0,0.9172198076923077,2452.256757471138,15741.973207252697,0.2568679
-0.00776596,0.01293661,4769876.0,0.9172838461538462,2494.1753899244227,16011.06492734027,0.2582646
-0.007679957,0.01288695,4769852.0,0.9172792307692308,2537.834471259654,16291.32925387891,0.2597104
-0.007593954,0.0128373,4769470.0,0.9172057692307692,2582.7609079391173,16579.729218666762,0.2611814
-0.007507951,0.01278765,4768658.0,0.9170496153846154,2629.4738056136885,16879.597159242672,0.2626966
-0.007421947,0.012738,4767417.0,0.9168109615384615,2677.783816621919,17189.717580612374,0.264248
-0.007335944,0.01268834,4765676.0,0.9164761538461539,2728.2620967023295,17513.75694971721,0.2658555
-0.00724994,0.01263869,4763437.0,0.916045576923077,2780.472398278705,17848.91482666214,0.2674992
-0.007163936,0.01258904,4760629.0,0.9155055769230769,2835.2433883192675,18200.51074137475,0.2692101
-0.007077933,0.01253939,4757263.0,0.9148582692307692,2891.9330196096657,18564.423147440568,0.2709594
-0.00699193,0.01248974,4753264.0,0.9140892307692308,2951.326262962589,18945.6910724672,0.2727738
-0.006905926,0.01244008,4748652.0,0.9132023076923077,3012.7157334907815,19339.773542550316,0.2746225
-0.006819923,0.01239043,4743361.0,0.9121848076923077,3077.0886729079175,19753.008039504733,0.2765396
-0.006733919,0.01234078,4737395.0,0.9110375,3143.5669263233362,20179.75735151791,0.2784879
-0.006647915,0.01229113,4730657.0,0.9097417307692308,3213.5733633222385,20629.155422178508,0.2805171
-0.006561911,0.01224148,4723239.0,0.9083151923076923,3286.3374657751306,21096.25600117516,0.2825968
-0.006475907,0.01219183,4715093.0,0.9067486538461539,3362.9621551830846,21588.139163082717,0.2847606
-0.006389903,0.01214218,4706155.0,0.9050298076923077,3442.2073455642635,22096.84432210962,0.2869574
-0.006303899,0.01209252,4696288.0,0.9031323076923077,3526.4743777055205,22637.786602391207,0.2892702
-0.006217895,0.01204287,4685579.0,0.9010728846153846,3614.1903977079305,23200.869253715508,0.2916383
-0.006131892,0.01199322,4673952.0,0.8988369230769231,3707.464974443952,23799.634404804532,0.2941277
-0.006045888,0.01194357,4661432.0,0.8964292307692308,3804.1158820071864,24420.07351367097,0.2966552
-0.005959885,0.01189392,4647884.0,0.8938238461538461,3906.194929577435,25075.35792749795,0.2992794
-0.005873881,0.01184426,4633411.0,0.8910405769230769,4006.3185373603355,25718.0896260976,0.3017
-0.005787885,0.0117946,4617812.0,0.8880407692307692,4132.013400123731,26524.9729819625,0.3049419
-0.005701897,0.01174492,4600899.0,0.8847882692307693,4279.708457791263,27473.083995853052,0.3088836
-0.005615904,0.01169525,4582493.0,0.8812486538461538,4437.791225398082,28487.877689300218,0.3130374
-0.005529897,0.01164561,4562907.0,0.8774821153846154,4594.602478091572,29494.50904263464,0.316997
-0.005443868,0.011596,4541793.0,0.8734217307692308,4723.762117093909,30323.634121172487,0.319791
-0.005357828,0.01154641,4518927.0,0.8690244230769231,4856.274914246597,31174.28440321999,0.3225115
-0.005271787,0.01149682,4493745.0,0.8641817307692308,5035.523620989876,32324.950348125883,0.326586
-0.00518574,0.01144724,4466261.0,0.8588963461538461,5240.72508628546,33642.21696750846,0.3312854
-0.005099683,0.01139769,4436343.0,0.8531428846153846,5520.50037637535,35438.20146514654,0.3379951
-0.005013605,0.01134816,4403048.0,0.84674,5846.88297134262,37533.376062845186,0.3457719
-0.004927488,0.01129871,4362347.0,0.8389128846153846,6417.427873636461,41195.92181303259,0.360068
-0.004841241,0.01124947,4313359.0,0.8294921153846154,7882.3888337094795,50600.06602137496,0.4012568
-0.004753901,0.01120225,4269865.0,0.8211278846153847,6810.38356134563,43718.45453262205,0.3713649
-0.0046663,0.01115547,4238535.0,0.8151028846153846,7144.664455834881,45864.33133313003,0.3800542
-0.004578239,0.01110957,4200275.0,0.8077451923076923,7147.631186290546,45883.37590960186,0.3796622
-0.004489727,0.01106455,4162458.0,0.8004726923076924,7161.968185080783,45975.410583434736,0.3795495
-0.004400772,0.0110204,4125080.0,0.7932846153846154,7227.445308128928,46395.733257058375,0.3808122
-0.004311381,0.01097714,4087804.0,0.7861161538461539,7286.430849920171,46774.38398996555,0.3818364
-0.004221566,0.01093477,4050705.0,0.7789817307692307,7358.805386550542,47238.98379708262,0.3831875
-0.004131335,0.0108933,4013566.0,0.7718396153846154,7440.221607355531,47761.62563001597,0.3847201
-0.004040696,0.01085272,3976617.0,0.7647340384615384,7529.477556134616,48334.59367261084,0.3863844
-0.003949659,0.01081305,3939585.0,0.7576125,7627.77784302757,48965.620777672186,0.3882144
-0.003858234,0.01077427,3902406.0,0.7504626923076924,7736.447860945921,49663.2151487716,0.3902013
-0.003766427,0.01073641,3864989.0,0.7432671153846154,7850.68877836546,50396.57125257734,0.3922526
-0.003674248,0.01069947,3827587.0,0.7360744230769231,7965.4841997705225,51133.48692935881,0.3941835
-0.003581707,0.01066344,3790067.0,0.7288590384615384,8090.109618342227,51933.505114290456,0.3962736
-0.003488814,0.01062833,3752388.0,0.721613076923077,8223.54511395653,52790.0785503539,0.3984393
-0.003395578,0.01059414,3714425.0,0.7143125,8361.897008184342,53678.2122278212,0.4006313
-0.003302005,0.01056089,3676317.0,0.7069840384615385,8504.346039067359,54592.64699111738,0.4027845
-0.003208104,0.01052857,3638168.0,0.6996476923076923,8638.24015004052,55452.16445442004,0.4046265
-0.003113889,0.01049718,3600018.0,0.6923111538461538,8782.407604674108,56377.630436432526,0.406575
-0.003019367,0.01046672,3561461.0,0.6848963461538462,8932.568544863643,57341.570892519674,0.4085584
-0.002924548,0.01043721,3522726.0,0.6774473076923077,9075.16930750367,58256.97967994536,0.4102317
-0.00282944,0.01040864,3483804.0,0.6699623076923077,9215.192523097963,59155.84220792625,0.4117419
-0.002734053,0.01038101,3444734.0,0.6624488461538461,9355.71889217053,60057.934670354254,0.4131401
-0.002638397,0.01035433,3405294.0,0.6548642307692307,9499.593917195665,60981.523434963936,0.4145145
-0.002542478,0.01032861,3366059.0,0.6473190384615385,9613.305290999706,61711.48019594725,0.4151069
-0.002446311,0.01030384,3326555.0,0.6397221153846154,9752.98180800464,62608.1171331991,0.4161766
-0.002349903,0.01028002,3286748.0,0.632066923076923,9879.17018779996,63418.16856347961,0.4168442
-0.002253261,0.01025717,3246854.0,0.624395,9990.759522834549,64134.503146707,0.4171043
-0.002156399,0.01023527,3206955.0,0.6167221153846154,10113.540978397228,64922.68422845001,0.4175045
-0.002059324,0.01021433,3166666.0,0.6089742307692307,10229.958883723271,65670.01524952015,0.4176745
-0.001962045,0.01019437,3126373.0,0.6012255769230769,10338.961129468833,66369.74231799666,0.4175996
-0.001864573,0.01017537,3085886.0,0.5934396153846154,10442.980594078152,67037.48301028913,0.4173343
-0.001766917,0.01015733,3045447.0,0.5856628846153846,10548.170591429673,67712.73779954955,0.4170091
-0.001669086,0.01014028,3004773.0,0.5778409615384615,10644.883988679612,68333.57805359414,0.4164253
-0.001571091,0.01012419,2964247.0,0.5700475,10739.393740024192,68940.27226249286,0.415716
-0.001472941,0.01010907,2923312.0,0.5621753846153846,10844.111669750026,69612.49666927276,0.4151164
-0.001374646,0.01009493,2882473.0,0.5543217307692307,10927.523283725539,70147.94769346743,0.4140237
-0.001276215,0.01008177,2841461.0,0.5464348076923077,11017.605542767862,70726.22013740003,0.4129778
-0.001177659,0.01006958,2800471.0,0.5385521153846153,11105.972219503108,71293.47960292791,0.4118192
-0.001078986,0.01005838,2759144.0,0.5306046153846153,11190.44472771942,71835.74091265386,0.4105016
-0.0009802069,0.01004816,2718104.0,0.5227123076923077,11262.928040611207,72301.03899615964,0.4088991
-0.000881331,0.01003892,2676903.0,0.5147890384615385,11337.88964535944,72782.24618212179,0.4072649
-0.0007823684,0.01003065,2635829.0,0.5068901923076923,11412.120217519114,73258.76059054844,0.405544
-0.0006833288,0.01002337,2594313.0,0.49890634615384616,11498.178293303907,73811.20026438952,0.4039453
-0.0005842214,0.01001708,2552859.0,0.4909344230769231,11565.652397107946,74244.34232059163,0.4019352
-0.0004850564,0.01001177,2511147.0,0.4829128846153846,11653.521345191428,74808.40667570675,0.4001938
-0.0003858439,0.01000745,2468730.0,0.47475576923076923,11777.692501497708,75605.50877756937,0.3988986
-0.0002865932,0.0100041,2425270.0,0.46639807692307694,11955.008414201788,76743.76737895892,0.3983401
-0.0001873143,0.01000175,2378406.0,0.45738576923076923,12279.539541576376,78827.0566986787,0.399679
-8.801603e-05,0.01000044,2331989.0,0.4484594230769231,12525.372217402171,80405.15058486201,0.3995232
1.129096e-05,0.009999971,2267433.0,0.4360448076923077,13632.934481029557,87515.01598793111,0.410915
0.0001105874,0.01000122,2187891.0,0.42074826923076925,14179.680174030074,91024.78551927116,0.4120376
0.0002098418,0.01000441,2103827.0,0.40458211538461536,14525.007308210039,93241.57235345418,0.4092498
0.0003090139,0.01000956,2019419.0,0.3883498076923077,14727.712715461266,94542.81582243119,0.404056
0.0004080636,0.01001668,1939700.0,0.37301923076923077,14791.357572938,94951.37648318817,0.3968692
0.0005069526,0.01002577,1859206.0,0.3575396153846154,14826.571476556459,95177.42798680649,0.3889717
0.0006056422,0.01003681,1782046.0,0.34270115384615385,14794.179710070444,94969.49285986478,0.3802278
0.0007040912,0.01004983,1705110.0,0.32790576923076925,14731.531019001482,94567.32697194444,0.3708934
0.0008022646,0.01006478,1632207.0,0.31388596153846154,14652.583875721864,94060.53509115521,0.3615331
0.0009001194,0.01008169,1559875.0,0.2999759615384615,14557.436002848215,93449.74453631598,0.3518252
0.0009976206,0.01010054,1491443.0,0.28681596153846156,14451.998109513472,92772.89840801073,0.3422117
0.00109473,0.01012131,1423582.0,0.27376576923076923,14346.101936217035,92093.11040550884,0.3324779
0.001191405,0.01014402,1359202.0,0.261385,14217.545530985108,91267.857715057,0.3226996
0.001287609,0.01016864,1295725.0,0.24917788461538462,14085.101532781622,90417.64907975458,0.3128234
0.001383306,0.01019516,1235647.0,0.23762442307692308,13945.166640138545,89519.3535305484,0.303124
0.001478459,0.01022358,1176342.0,0.22621961538461538,13800.110519674297,88588.18286298298,0.2933242
0.001573024,0.01025388,1120210.0,0.215425,13648.788083970763,87616.78632334911,0.2837271
0.001666972,0.01028606,1064822.0,0.20477346153846154,13490.799371294557,86602.59640444277,0.2740359
0.001760262,0.0103201,1012539.0,0.19471903846153846,13324.915190301748,85537.7224573163,0.2645556
0.001852859,0.01035598,961079.1,0.18482290384615385,13154.764426498608,84445.45968474072,0.2550473
0.001944724,0.01039369,912529.5,0.1754864423076923,12978.753406949674,83315.57769115295,0.2457822
0.002035822,0.01043323,864796.8,0.16630707692307692,12796.628293005817,82146.44698926486,0.2364902
0.002126115,0.01047456,819855.4,0.1576645,12610.715178504523,80952.99966428967,0.2274746
0.002215573,0.01051768,775835.9,0.14919921153846155,12426.05053363473,79767.56674295687,0.218538
0.002304157,0.01056256,734197.9,0.14119190384615385,12237.319501547398,78556.03012818586,0.2098491
0.00239183,0.0106092,693666.0,0.1333973076923077,12050.362580650451,77355.88221108716,0.2012624
0.002478561,0.01065756,655237.1,0.1260071346153846,11833.711736556616,75965.11765404668,0.1927136
0.002564312,0.01070765,617997.9,0.11884575,11593.14148905002,74420.80530617642,0.1840905
0.002649054,0.01075942,583897.2,0.11228792307692306,11224.992727910525,72057.51772771028,0.1750895
0.00273275,0.01081287,552954.2,0.10633734615384614,10839.021384211823,69579.82018125187,0.1663031
0.002805451,0.01086119,534812.6,0.10284857692307692,9758.00470871528,62640.361052262095,0.1543563
0.00288784,0.01091664,521686.0,0.10032423076923076,8724.242981650583,56004.24949479307,0.1442152
0.002970221,0.0109721,515556.4,0.09914546153846154,8117.672642846398,52110.442701243206,0.1388136
0.003052613,0.01102754,509984.8,0.098074,7562.916080149505,48549.24833612792,0.1337596
0.003135027,0.01108295,506286.6,0.09736280769230769,7239.693620856701,46474.35985690654,0.1309169
0.003217482,0.01113829,503243.9,0.09677767307692309,6964.488989726081,44707.716165714235,0.1285182
0.003299977,0.01119357,500597.0,0.09626865384615385,6801.246091364924,43659.79762111385,0.1271898
0.003382505,0.01124881,498274.5,0.09582201923076923,6649.577556517932,42686.17933882323,0.1259495
0.003465062,0.011304,496147.2,0.09541292307692308,6543.897924131876,42007.781395171856,0.1251608
0.00354765,0.01135915,494210.8,0.09504053846153845,6444.848840445912,41371.94747735841,0.1244347
0.003630266,0.01141425,492420.2,0.09469619230769231,6376.363218565141,40932.31210009028,0.1239963
0.003712912,0.01146931,490748.6,0.09437473076923077,6312.244854521977,40520.7118197423,0.1236011
0.003795588,0.01152433,489162.9,0.09406978846153846,6266.140905560649,40224.75295365431,0.1233557
0.003878293,0.0115793,487629.3,0.09377486538461538,6222.6249548155565,39945.40743706827,0.1231352
0.003961026,0.01163423,486097.9,0.09348036538461539,6187.414315281729,39719.376886856495,0.1229602
0.004043788,0.01168911,484571.6,0.09318684615384615,6153.251366669202,39500.07186502275,0.1227934
0.004126581,0.01174395,482991.3,0.09288294230769231,6122.130863578851,39300.29746360578,0.1226202
0.004209402,0.01179875,481397.2,0.09257638461538462,6091.145041316762,39101.38762989101,0.1224451
0.004292253,0.0118535,479735.0,0.09225673076923077,6061.1985686837415,38909.14977861198,0.1222501
0.004375132,0.0119082,478061.0,0.09193480769230769,6031.100245689018,38715.93714183459,0.1220502
0.004458041,0.01196287,476330.4,0.091602,6001.6752459559675,38527.04682437094,0.1218349
0.004540979,0.01201749,474594.8,0.09126823076923077,5972.113038260952,38337.27571656815,0.1216154
0.004623945,0.01207206,472821.9,0.09092728846153847,5943.428578327107,38153.13920705813,0.1213897
0.004706934,0.01212659,471048.5,0.09058625,5914.76594636613,37969.14281964707,0.1211619
0.004789963,0.01218108,469251.7,0.09024071153846154,5887.461944320011,37793.86799683283,0.1209377
0.00487301,0.01223552,467454.8,0.08989515384615385,5860.407012767402,37620.192052693754,0.1207139
0.0049561,0.01228993,465632.2,0.08954465384615384,5834.803920597478,37455.83602034362,0.120497
0.005039213,0.01234428,463825.6,0.08919723076923076,5809.50456469231,37293.42978714371,0.1202814
0.005122354,0.01239859,462006.9,0.08884748076923077,5785.8643333446935,37141.67410848011,0.1200765
0.005205522,0.01245286,460186.0,0.0884973076923077,5762.29056148712,36990.34505867926,0.1198702
0.005288718,0.01250708,458356.2,0.08814542307692308,5739.722109017667,36845.46953819353,0.1196694
0.005371942,0.01256126,456529.8,0.08779419230769231,5717.215849650683,36700.9932589984,0.1194672
0.005455195,0.0126154,454702.4,0.08744276923076924,5695.480129545088,36561.46336576835,0.1192697
0.005538476,0.01266949,452878.4,0.087092,5673.867315569043,36422.72245395001,0.1190718
0.005621782,0.01272354,451057.1,0.08674174999999999,5653.297309806308,36290.675726541274,0.118882
0.005705118,0.01277754,449238.7,0.08639205769230769,5632.934465291484,36159.958846345435,0.1186928
0.005788487,0.01283151,447420.2,0.08604234615384615,5613.904553659874,36037.79857168067,0.1185142
0.005871883,0.01288542,445603.3,0.08569294230769231,5595.07315565818,35916.91263186437,0.1183356
0.005955306,0.0129393,443782.7,0.08534282692307693,5577.103466750447,35801.55833200716,0.1181618
0.006038761,0.01299313,441963.6,0.084993,5559.237955602228,35686.872788997716,0.1179871
0.006122238,0.01304691,440144.0,0.08464307692307692,5541.745560476972,35574.58242031853,0.1178124
0.006205752,0.01310066,438326.3,0.08429351923076923,5524.305393265672,35462.62732257689,0.1176365
0.006289282,0.01315435,436512.2,0.08394465384615385,5507.463216580346,35354.51095453163,0.1174635
0.006372854,0.01320802,434699.5,0.0835960576923077,5490.728468785226,35247.084213584414,0.1172899
0.006456437,0.01326162,432890.3,0.08324813461538462,5474.5717436680025,35143.36802108646,0.1171185
0.006540067,0.0133152,431082.9,0.0829005576923077,5458.5270824641675,35040.371209671546,0.1169467
0.006623714,0.01336873,429280.3,0.08255390384615384,5442.73579999286,34939.00093316435,0.1167736
0.006707388,0.01342221,427480.2,0.08220773076923077,5426.948737986979,34837.657749437494,0.116599
0.00679109,0.01347565,425690.8,0.08186361538461538,5411.42071766828,34737.97745328829,0.1164239
0.006874819,0.01352905,423903.8,0.08151996153846154,5395.981384477387,34638.866473702474,0.1162485
0.006958577,0.0135824,422129.1,0.08117867307692307,5381.145926192513,34543.63199789716,0.1160761
0.007042362,0.01363571,420356.6,0.08083780769230768,5366.517329399752,34449.72544505772,0.1159045
0.007126176,0.01368897,418592.0,0.08049846153846153,5352.612900859626,34360.4676049584,0.1157362
0.007210017,0.0137422,416829.1,0.0801594423076923,5338.808800436664,34271.85380938155,0.115567
0.007293886,0.01379537,415073.5,0.07982182692307692,5325.185863447008,34184.40297111109,0.115395
0.007377782,0.01384851,413319.5,0.07948451923076923,5311.5470335724685,34096.850110339416,0.1152209
0.007461704,0.0139016,411578.3,0.07914967307692307,5297.507593038166,34006.725576657336,0.1150385
0.007545654,0.01395465,409839.8,0.07881534615384615,5283.415514936664,33916.26314231701,0.1148541
0.007629631,0.01400766,408119.8,0.07848457692307692,5269.293893683573,33825.611059197305,0.1146665
0.007713635,0.01406063,406402.1,0.07815425,5255.214433384704,33735.22962335372,0.1144781
0.007797666,0.01411355,404702.4,0.07782738461538462,5241.654208241247,33648.18135638809,0.114292
0.007881725,0.01416643,403004.6,0.07750088461538461,5228.2505057299595,33562.137868010366,0.1141062
0.007965812,0.01421926,401321.5,0.07717721153846153,5215.324995856211,33479.16408090478,0.1139215
0.008049925,0.01427205,399640.9,0.07685401923076923,5202.457231153107,33396.56098211574,0.1137357
0.008134066,0.0143248,397976.5,0.07653394230769231,5189.8403720986225,33315.56854256377,0.1135488
0.008218232,0.01437751,396314.6,0.07621434615384615,5177.243715824815,33234.705792381064,0.1133605
0.008302426,0.01443017,394672.1,0.07589848076923077,5164.854814098368,33155.17669802712,0.113171
0.008386646,0.01448279,393032.3,0.07558313461538461,5152.6000179529565,33076.50847864362,0.1129817
0.008470894,0.01453536,391409.3,0.07527101923076923,5140.6767957332895,32999.96875899384,0.1127922
0.008555168,0.0145879,389788.8,0.07495938461538461,5128.809024838712,32923.78500258943,0.1126016
0.008639468,0.01464039,388183.4,0.07465065384615385,5116.899747275516,32847.334799018216,0.1124067
0.008723795,0.01469284,386580.1,0.07434232692307692,5104.949101617353,32770.61903783741,0.1122096
0.008808148,0.01474524,384994.0,0.0740373076923077,5092.543980060264,32690.985822192488,0.1120044
0.008892527,0.01479761,383410.1,0.07373271153846153,5080.115222368135,32611.20087716467,0.1117977
0.008976933,0.01484993,381844.3,0.07343159615384615,5067.607216915321,32530.907210478064,0.1115875
0.009061365,0.01490221,380280.3,0.07313082692307692,5055.1378657529895,32450.86168045303,0.1113764
0.009145825,0.01495445,378730.6,0.07283280769230768,5042.981040021951,32372.822370596827,0.1111656
0.009230311,0.01500664,377181.7,0.07253494230769231,5030.837618679421,32294.869108632687,0.1109531
0.009314824,0.01505879,375644.6,0.07223934615384615,5018.668788163737,32216.75273547646,0.1107369
0.009399363,0.01511089,374108.4,0.07194392307692309,5006.487082151744,32138.55370958931,0.1105188
0.009483928,0.01516296,372584.1,0.07165078846153845,4994.144391252047,32059.32126019082,0.1102957
0.00956852,0.01521498,371060.4,0.07135776923076924,4981.745621122163,31979.7288167842,0.1100704
0.009653138,0.01526696,369547.9,0.07106690384615386,4969.599373565827,31901.757412273655,0.1098449
0.009737783,0.0153189,368035.2,0.070776,4957.471808669928,31823.905938899657,0.1096176
0.009822453,0.01537079,366530.7,0.07048667307692308,4945.358084884165,31746.143316900736,0.1093871
0.009907149,0.01542264,365026.5,0.07019740384615385,4933.196728122433,31668.074920627074,0.1091541
0.00999187,0.01547445,363532.5,0.06991009615384615,4920.58287013558,31587.101746075034,0.1089134
0.01007662,0.01552622,362039.4,0.06962296153846154,4907.829743470313,31505.2345526575,0.1086694
0.01016139,0.01557794,360561.1,0.06933867307692307,4894.706960600294,31420.99439480492,0.1084201
0.01024619,0.01562963,359083.5,0.06905451923076923,4881.535392911606,31336.441068559154,0.1081687
0.01033101,0.01568127,357620.9,0.06877325000000001,4868.3781216336465,31251.97951643694,0.1079165
0.01041586,0.01573287,356158.9,0.06849209615384616,4855.277726124201,31167.88307160676,0.1076635
0.01050073,0.01578443,354709.0,0.06821326923076923,4842.080643394213,31083.165954560827,0.1074081
0.01058563,0.01583594,353259.5,0.06793451923076924,4828.823127969664,30998.060896955354,0.1071503
0.01067056,0.01588741,351822.6,0.06765819230769231,4815.362752442765,30911.653602833954,0.1068896
0.01075551,0.01593884,350385.7,0.06738186538461538,4801.859812387861,30824.9730707421,0.1066267
0.01084049,0.01599023,348960.8,0.06710784615384616,4788.313219641896,30738.01231534532,0.1063631
0.01092549,0.01604157,347535.6,0.06683376923076922,4774.784968846045,30651.169303935334,0.1060979
0.01101052,0.01609288,346119.4,0.06656142307692309,4761.353625980527,30564.94838156159,0.1058334
0.01109558,0.01614414,344702.8,0.066289,4747.879707236666,30478.45414835524,0.1055663
0.01118066,0.01619535,343294.2,0.06601811538461538,4734.20529859949,30390.67289391048,0.1052968
0.01126577,0.01624653,341885.2,0.06574715384615384,4720.4166440482695,30302.158251286677,0.1050241
0.0113509,0.01629767,340486.8,0.06547823076923076,4706.185112852855,30210.800614247302,0.104747
0.01143605,0.01634876,339088.2,0.06520926923076924,4691.849719641342,30118.776247237794,0.1044671
0.01152123,0.01639981,337701.7,0.06494263461538462,4677.265128321287,30025.152182343467,0.1041858
0.01160644,0.01645082,336314.8,0.06467592307692308,4662.608998624183,29931.068885269895,0.1039021
0.01169167,0.01650179,334939.1,0.06441136538461538,4647.890948355857,29836.58809638794,0.1036192
0.01177693,0.01655271,333562.8,0.06414669230769231,4633.1491659778085,29741.954962024916,0.1033344
0.01186221,0.01660359,332195.1,0.06388367307692307,4618.4634988181015,29647.68205269174,0.1030516
0.01194751,0.01665443,330826.5,0.06362048076923077,4603.709135822346,29552.968158536227,0.102766
0.01203285,0.01670523,329465.2,0.06335869230769231,4588.77918432464,29457.127094689047,0.1024799
0.0121182,0.01675599,328103.2,0.06309676923076923,4573.731582707385,29360.53078976684,0.1021906
0.01220358,0.01680671,326750.1,0.06283655769230768,4558.201137639011,29260.83492822289,0.1018978
0.01228899,0.01685738,325396.7,0.06257628846153847,4542.49778869621,29160.02913063722,0.1016014
0.01237441,0.01690802,324054.9,0.062318250000000006,4526.4492516439395,29057.007438670116,0.1013039
0.01245987,0.01695861,322712.5,0.06206009615384615,4510.292246139573,28953.289446259947,0.1010037
0.01254535,0.01700916,321381.1,0.061804057692307686,4494.120542352224,28849.477099954664,0.100706
0.01263085,0.01705967,320049.0,0.061547884615384615,4477.919143001414,28745.474126479956,0.1004065
0.01271638,0.01711013,318724.2,0.06129311538461538,4461.906455644067,28642.682567403805,0.1001111
0.01280193,0.01716056,317398.2,0.061038115384615385,4445.816836171966,28539.39715168498,0.09981292
0.01288751,0.01721094,316077.8,0.0607841923076923,4429.635557469576,28435.523340341184,0.09951537
0.01297311,0.01726128,314756.2,0.06053003846153846,4413.311561296569,28330.73337101686,0.09921436
0.01305874,0.01731158,313441.7,0.060277250000000004,4396.538123697926,28223.058265436284,0.09891017
0.01314439,0.01736184,312126.5,0.06002432692307692,4379.538204224437,28113.92928615555,0.09860172
0.01323006,0.01741206,310821.8,0.05977342307692307,4362.139873774786,28002.242754574014,0.09829143
0.01331576,0.01746224,309516.5,0.05952240384615384,4344.599367516928,27889.64354214995,0.09797814
0.01340148,0.01751237,308221.8,0.05927342307692308,4327.076712103071,27777.158921114868,0.09766746
0.01348723,0.01756247,306926.1,0.05902424999999999,4309.497350917263,27664.310284060655,0.09735471
0.013573,0.01761252,305637.1,0.05877636538461538,4292.295466149508,27553.884812379005,0.09704761
0.0136588,0.01766253,304346.4,0.05852815384615385,4275.017453487458,27442.970646653128,0.09673778
0.01374462,0.0177125,303059.3,0.058280634615384616,4257.776297645773,27332.29307894127,0.09642883
0.01383046,0.01776243,301770.7,0.05803282692307692,4240.38918657973,27220.678568870382,0.09611631
0.01391633,0.01781231,300486.7,0.05778590384615385,4222.646175645425,27106.779401545067,0.09580026
0.01400222,0.01786216,299201.5,0.05753875,4204.678134243136,26991.435677654867,0.09547994
0.01408813,0.01791196,297923.7,0.05729301923076923,4186.4602889548,26874.488367162543,0.09515778
0.01417407,0.01796173,296644.6,0.057047038461538455,4168.075728300404,26756.470847028537,0.09483222
0.01426003,0.01801145,295373.1,0.056802519230769226,4149.690416689549,26638.448506218054,0.09450748
0.01434602,0.01806113,294100.3,0.05655775,4131.185932093218,26519.661148474217,0.09417985
0.01443203,0.01811077,292833.1,0.05631405769230769,4112.944493730674,26402.56238502294,0.09385551
0.01451807,0.01816037,291564.0,0.05607,4094.597456598212,26284.785742715085,0.09352826
0.01460412,0.01820993,290298.4,0.05582661538461539,4076.3648836954876,26167.743890038146,0.093202
0.0146902,0.01825945,289031.1,0.055582903846153844,4057.974499978138,26049.688989437866,0.09287212
0.01477631,0.01830892,287767.3,0.05533986538461538,4039.4355483892764,25930.680374898104,0.09254033
0.01486244,0.01835836,286501.9,0.055096519230769234,4020.671469547227,25810.226582492232,0.09220417
0.01494859,0.01840776,285243.0,0.05485442307692308,4001.5042684784044,25687.18499446758,0.09186383
0.01503476,0.01845711,283982.7,0.054612057692307696,3982.1397058624502,25562.87646725411,0.09151982
0.01512096,0.01850643,282730.3,0.054371211538461535,3962.7578786035515,25438.45711170024,0.09117664
0.01520718,0.0185557,281476.3,0.05413005769230769,3943.2515629592763,25313.238617629882,0.0908306
0.01529342,0.01860493,280227.6,0.05388992307692307,3924.1882495878504,25190.863924433434,0.09049037
0.01537969,0.01865412,278976.6,0.05364934615384615,3905.067476869521,25068.12037773227,0.09014779
0.01546598,0.01870327,277727.1,0.053409057692307686,3886.2559324969643,24947.361885948067,0.08980872
0.0155523,0.01875238,276475.4,0.053168346153846156,3867.2995054452017,24825.673336882013,0.08946607
0.01563864,0.01880145,275225.2,0.05292792307692308,3848.264424956408,24703.479881347816,0.08912268
0.015725,0.01885047,273972.8,0.05268707692307692,3828.997269531823,24579.796648117957,0.08877475
0.01581138,0.01889946,272725.2,0.05244715384615385,3809.4143854577364,24454.086632037543,0.08842424
0.01589779,0.01894841,271475.9,0.05220690384615385,3789.632325075524,24327.09802712401,0.08806999
0.01598422,0.01899732,270233.2,0.05196792307692308,3769.8611203954124,24200.17910911055,0.08771763
0.01607067,0.01904618,268988.7,0.05172859615384615,3749.9500694195303,24072.36246428507,0.08736216
0.01615714,0.01909501,267749.7,0.05149032692307692,3730.4136834450746,23946.950937274505,0.08701279
0.01624364,0.01914379,266505.9,0.05125113461538462,3710.805187662332,23821.076509849223,0.08666097
0.01633016,0.01919254,265262.0,0.05101192307692308,3691.286226113245,23695.7768368835,0.08631135
0.01641671,0.01924124,264024.2,0.05077388461538462,3671.791254746479,23570.63116606546,0.08596044
0.01650328,0.0192899,262788.8,0.05053630769230769,3652.596380278429,23447.411931916333,0.08561432
0.01658987,0.01933853,261547.6,0.050297615384615385,3633.109937145004,23322.321007087005,0.08526306
0.01667648,0.01938711,260310.6,0.05005973076923077,3613.527680694117,23196.61501995974,0.08491244
0.01676311,0.01943565,259071.8,0.0498215,3593.8031051514035,23069.995432197637,0.08455866
0.01684977,0.01948415,257838.4,0.04958430769230769,3574.193580516417,22944.114400176644,0.08420846
0.01693645,0.01953261,256602.7,0.04934667307692308,3554.4759260286073,22817.53924131071,0.08385551
0.01702315,0.01958104,255371.2,0.04910984615384616,3534.9633435297856,22692.280517906267,0.08350722
0.01710988,0.01962942,254139.5,0.048872980769230766,3515.42841030313,22566.87831663897,0.08315719
0.01719662,0.01967776,252911.4,0.048636807692307694,3496.40992819006,22444.79141242128,0.08281518
0.01728339,0.01972606,251680.4,0.04840007692307692,3477.2834477953575,22322.0112259644,0.08247026
0.01737019,0.01977432,250452.3,0.04816390384615384,3458.4122211628496,22200.869610947186,0.08213002
0.017457,0.01982254,249222.2,0.047927346153846154,3439.420373782263,22078.953685255237,0.08178671
0.01754384,0.01987072,247996.8,0.0476916923076923,3420.381105768228,21956.733348396334,0.0814448
0.01763069,0.01991886,246769.9,0.04745575,3401.1465797076016,21833.259575522392,0.081099
0.01771757,0.01996696,245551.5,0.047221442307692305,3381.8485984265126,21709.37845934015,0.08075532
0.01780447,0.02001502,244331.8,0.04698688461538461,3362.4535927391526,21584.874506418113,0.08040934
0.0178914,0.02006305,243121.0,0.046754038461538465,3343.460126502486,21462.948188670376,0.08007108
0.01797834,0.02011103,241908.7,0.04652090384615385,3324.472529358725,21341.059546872755,0.07973173
0.01806531,0.02015897,240702.3,0.04628890384615384,3306.2171724006203,21223.871434637855,0.07940337
0.0181523,0.02020687,239494.1,0.046056557692307695,3287.9548530933153,21106.638628422916,0.07907337
0.01823932,0.02025473,238289.7,0.04582494230769231,3270.109353964683,20992.081550214403,0.07874998
0.01832635,0.02030255,237083.8,0.04559303846153846,3252.208707332853,20877.17045910934,0.07842441
0.01841341,0.02035033,235883.3,0.04536217307692308,3234.4496918338396,20763.168552367344,0.07810233
0.01850048,0.02039807,234681.5,0.04513105769230769,3216.594573864312,20648.549727143476,0.07777777
0.01858759,0.02044577,233487.2,0.04490138461538462,3199.0547021269686,20535.954587949058,0.07745929
0.01867471,0.02049343,232291.8,0.044671499999999996,3181.478468782597,20423.126029704265,0.07713913
0.01876186,0.02054106,231104.3,0.044443134615384614,3164.2696166468386,20312.655831824966,0.07682555
0.01884901,0.02058863,229915.7,0.04421455769230769,3147.0451116090553,20202.085151986128,0.07651055
0.01893621,0.02063618,228735.5,0.043987596153846155,3130.189629377061,20093.883370552358,0.07620216
0.01902341,0.02068368,227554.4,0.04376046153846154,3113.325284307783,19985.624695179307,0.07589248
0.01911065,0.02073115,226382.1,0.04353501923076923,3096.838191317187,19879.78774505868,0.07558949
0.01919789,0.02077857,225209.1,0.043309442307692306,3080.346215314784,19773.919449019315,0.07528532
0.01928517,0.02082596,224045.6,0.04308569230769231,3064.236241579579,19670.50337150765,0.07498791
0.01937246,0.0208733,222881.5,0.042861826923076926,3048.1319185576135,19567.123568083574,0.07468949
0.01945979,0.02092061,221727.9,0.04263998076923077,3032.278905902016,19465.357021934466,0.07439627
0.01954712,0.02096788,220574.0,0.042418076923076926,3016.4208045615956,19363.557809572936,0.07410199
0.01963448,0.02101511,219432.2,0.0421985,3000.907400894813,19263.971343297835,0.07381443
0.01972186,0.0210623,218290.3,0.041978903846153846,2985.421611907191,19164.562146200667,0.07352629
0.01980926,0.02110945,217160.2,0.04176157692307692,2970.4567028169254,19068.4966762085,0.07324692
0.01989668,0.02115656,216030.0,0.04154423076923077,2955.549245117793,18972.80000864992,0.07296732
0.01998413,0.02120363,214911.1,0.04132905769230769,2941.1070793093113,18880.09022753945,0.07269549
0.02007159,0.02125066,213792.1,0.04111386538461539,2926.7065932642345,18787.648004757368,0.07242321
0.02015908,0.02129765,212684.8,0.04090092307692308,2912.7118537094802,18697.8104237446,0.07215801
0.02024659,0.0213446,211577.5,0.04068798076923077,2898.757587880205,18608.232659041907,0.07189241
0.02033412,0.02139151,210482.2,0.040477346153846155,2885.2780442766384,18521.70231771168,0.07163474
0.02042166,0.02143838,209387.0,0.04026673076923077,2871.8871883612906,18435.741296542357,0.07137742
0.02050924,0.02148522,208303.3,0.04005832692307692,2859.053274837056,18353.35550140603,0.0711288
0.02059683,0.02153201,207219.9,0.03984998076923077,2846.264042375928,18271.256531087758,0.07087981
0.02068444,0.02157877,206148.9,0.03964401923076923,2833.8071459814696,18191.29095297704,0.0706368
0.02077207,0.02162548,205078.6,0.039438192307692306,2821.3535953144124,18111.346852369017,0.07039296
0.02085972,0.02167216,204023.8,0.03923534615384615,2808.950113005649,18031.72415968551,0.0701521
0.0209474,0.0217188,202970.1,0.03903271153846154,2796.56456444905,17952.216590610165,0.06991088
0.02103509,0.0217654,201933.8,0.03883342307692308,2784.4976907988357,17874.75471753417,0.06967657
0.02112281,0.02181197,200898.5,0.038634326923076924,2772.520675883497,17797.86968201507,0.0694429
0.02121054,0.02185849,199878.8,0.038438230769230766,2761.249078598066,17725.51299182363,0.06922056
0.0212983,0.02190497,198860.0,0.038242307692307694,2750.1371976714963,17654.18158197215,0.06899968
0.02138608,0.02195141,197853.5,0.03804875,2739.781954318448,17587.707317839067,0.06878987
0.02147388,0.02199781,196847.8,0.03785534615384615,2729.5066917828776,17521.746481136455,0.0685802
0.0215617,0.02204418,195854.6,0.03766434615384615,2719.596290016862,17458.127825137883,0.06837656
0.02164954,0.0220905,194862.6,0.03747357692307692,2709.6875141511473,17394.51960641465,0.06817214
0.0217374,0.02213679,193886.7,0.03728590384615385,2699.734188498926,17330.625405588016,0.06796924
0.02182528,0.02218304,192912.3,0.03709851923076923,2689.769455241088,17266.657974981743,0.06776572
0.02191317,0.02222926,191957.3,0.03691486538461538,2679.976093842116,17203.790645823865,0.06756732
0.02200108,0.02227543,191003.8,0.0367315,2670.254075353171,17141.381294067727,0.0673695
0.02208903,0.02232157,190068.4,0.036551615384615384,2661.0820419190673,17082.50250654444,0.06718132
0.02217698,0.02236766,189134.4,0.036372,2652.0560946735636,17024.561502089702,0.06699467
0.02226498,0.02241372,188215.1,0.03619521153846154,2643.789854326754,16971.49734652453,0.06681947
0.02235298,0.02245973,187297.1,0.03601867307692308,2635.6247196863123,16919.08222712407,0.06664486
0.022441,0.02250571,186392.7,0.03584475,2627.905428828026,16869.529149331574,0.06647734
0.02252905,0.02255165,185489.8,0.035671115384615384,2620.2186210038117,16820.184592547535,0.06630958
0.02261711,0.02259755,184602.7,0.03550051923076923,2612.6477274189065,16771.584133559936,0.06614508
0.02270518,0.02264341,183717.2,0.035330230769230773,2605.0693791667027,16722.935820214294,0.06597996
0.02279329,0.02268924,182849.7,0.03516340384615385,2597.6321327494857,16675.193293466687,0.06581908
0.0228814,0.02273502,181984.0,0.03499692307692308,2590.2437898987127,16627.76469739961,0.06565852
0.02296955,0.02278078,181136.4,0.034833923076923075,2583.206905443264,16582.592247074936,0.06550486
0.0230577,0.02282648,180290.4,0.03467123076923077,2576.2616700533204,16538.008127123605,0.06535206
0.0231459,0.02287216,179460.7,0.03451167307692308,2569.8701417518682,16496.978464561427,0.06520831
0.02323409,0.02291779,178632.5,0.034352403846153845,2563.56869600702,16456.527076353348,0.06506527
0.02332232,0.02296339,177819.0,0.034195961538461536,2557.6858403966767,16418.76277817453,0.06492908
0.02341056,0.02300895,177007.2,0.03403984615384616,2551.8536278918646,16381.323577442368,0.06479306
0.02349882,0.02305446,176211.0,0.033886730769230766,2546.2591631775294,16345.41057062786,0.0646617
0.02358711,0.02309994,175416.4,0.03373392307692308,2540.6800138020676,16309.595878826032,0.06453007
0.0236754,0.02314539,174638.8,0.03358438461538461,2535.197075831525,16274.39880479765,0.06440165
0.02376372,0.02319079,173863.0,0.033435192307692305,2529.748434847441,16239.421896231255,0.06427339
0.02385206,0.02323616,173104.6,0.033289346153846155,2524.529789966821,16205.921420541428,0.06415025
0.02394042,0.02328149,172347.9,0.03314382692307692,2519.3780462464188,16172.850408963977,0.06402768
0.0240288,0.02332678,171607.5,0.03300144230769231,2514.6218673338203,16142.318679045029,0.06391209
0.0241172,0.02337203,170868.6,0.032859346153846156,2509.9528172184237,16112.346262169853,0.06379727
0.02420562,0.02341724,170144.5,0.032720096153846155,2505.6764416435526,16084.894573223059,0.06368893
0.02429405,0.02346242,169421.9,0.032581134615384616,2501.4521934399645,16057.777509791968,0.06358085
0.02438251,0.02350756,168713.8,0.032444961538461534,2497.4961660240665,16032.382258092286,0.06347757
0.02447098,0.02355265,168007.3,0.032309096153846154,2493.5686817110536,16007.1702354772,0.06337423
0.02455948,0.02359772,167316.0,0.03217615384615385,2489.7677297856535,15982.770472610035,0.06327408
0.02464799,0.02364274,166626.4,0.032043538461538464,2485.9885491253485,15958.510467812968,0.06317386
0.02473653,0.02368773,165952.5,0.03191394230769231,2482.374777489239,15935.312286749975,0.06307754
0.02482508,0.02373268,165280.2,0.03178465384615385,2478.8090261565385,15912.422366364564,0.06298155
0.02491365,0.02377759,164623.0,0.03165826923076923,2475.5168861656925,15891.28886173764,0.06289072
0.02500224,0.02382246,163967.3,0.031532173076923076,2472.2923559604983,15870.589370160546,0.06280047
0.02509085,0.02386729,163325.1,0.03140867307692308,2469.475022279459,15852.50382867404,0.0627167
0.02517948,0.02391209,162684.2,0.03128542307692308,2466.7145577204874,15834.783351813487,0.06263327
0.02526813,0.02395685,162056.0,0.031164615384615384,2464.248236708966,15818.95109478511,0.06255458
0.0253568,0.02400157,161429.1,0.031044057692307694,2461.8109619828388,15803.30529696214,0.06247583
0.02544549,0.02404625,160815.3,0.03092601923076923,2459.499485103404,15788.467043588225,0.06239978
0.02553419,0.0240909,160202.9,0.03080825,2457.1965942912234,15773.683907461014,0.06232345
0.02562292,0.02413551,159604.2,0.030693115384615388,2455.018553770574,15759.702233064188,0.06225008
0.02571166,0.02418008,159006.8,0.030578230769230767,2452.871666342387,15745.920542272414,0.06217683
0.02580042,0.02422461,158423.0,0.03046596153846154,2450.9216723029435,15733.402785381868,0.06210741
0.0258892,0.02426911,157840.5,0.030353942307692307,2449.013146839567,15721.151231127487,0.06203822
0.025978,0.02431357,157270.9,0.030244403846153844,2447.3450622078817,15710.443158451402,0.06197324
0.02606682,0.02435799,156702.5,0.030135096153846155,2445.704514880103,15699.911858251928,0.06190825
0.02615565,0.02440237,156146.8,0.030028230769230765,2444.2183640076964,15690.371687899013,0.06184634
0.02624451,0.02444672,155592.3,0.029921596153846153,2442.764135385571,15681.036438669105,0.06178452
0.02633338,0.02449103,155050.3,0.029817365384615383,2441.494539967203,15672.886420528013,0.06172612
0.02642228,0.0245353,154509.4,0.029713346153846153,2440.259582514573,15664.958756725207,0.06166785
0.02651119,0.02457954,153980.6,0.029611653846153847,2439.190300380745,15658.094626103308,0.06161268
0.02660012,0.02462373,153452.9,0.029510173076923076,2438.146663879421,15651.395124596418,0.06155747
0.02668907,0.02466789,152937.2,0.029411000000000003,2437.238963568176,15645.568249438957,0.061505
0.02677803,0.02471201,152422.6,0.029312038461538462,2436.3679913696096,15639.97714607169,0.06145267
0.02686702,0.0247561,151919.3,0.029215249999999998,2435.670856849375,15635.501973190241,0.06140347
0.02695602,0.02480014,151417.0,0.029118653846153846,2435.020849830885,15631.329329751325,0.06135455
0.02704504,0.02484415,150924.8,0.029023999999999998,2434.7009327781084,15629.275659939629,0.06131046
0.02713408,0.02488812,150433.4,0.0289295,2434.424869145357,15627.503501988782,0.06126649
0.02722314,0.02493206,149951.3,0.02883678846153846,2434.3613095145515,15627.095488430596,0.06122552
0.02731223,0.02497596,149470.1,0.028744250000000002,2434.312587642969,15626.782724118815,0.0611843
0.02740133,0.02501982,148999.0,0.028653653846153846,2434.2868734403637,15626.617654826121,0.06114389
0.02749044,0.02506365,148528.7,0.02856321153846154,2434.2608723814565,15626.45074409321,0.06110311
0.02757957,0.02510744,148069.1,0.028474826923076926,2434.288057722799,15626.625257187621,0.06106383
0.02766872,0.02515119,147610.4,0.028386615384615385,2434.3439097215028,15626.983792510031,0.06102461
0.02775789,0.0251949,147162.0,0.028300384615384616,2434.5557858039147,15628.343906047256,0.0609881
0.02784707,0.02523858,146714.4,0.02821430769230769,2434.8030072170422,15629.930914768856,0.06095175
0.02793628,0.02528222,146276.6,0.028130115384615385,2435.2230343332394,15632.627229332718,0.06091816
0.0280255,0.02532583,145839.5,0.028046057692307693,2435.6485995400208,15635.359095016309,0.06088419
0.02811474,0.0253694,145412.3,0.027963903846153843,2436.129046569898,15638.443268094348,0.06085156
0.028204,0.02541293,144985.8,0.027881884615384614,2436.6389361142487,15641.716443923664,0.06081904
0.02829327,0.02545642,144568.6,0.027801653846153847,2437.2952012410515,15645.92926055125,0.06078892
0.02838257,0.02549988,144152.1,0.027721557692307695,2438.0011395517695,15650.460948328004,0.06075913
0.02847188,0.0255433,143743.3,0.027642942307692306,2439.0004668610977,15656.876012199595,0.06073327
0.02856121,0.02558668,143335.2,0.02756446153846154,2440.0456916647054,15663.58570962578,0.06070755
0.02865056,0.02563002,142934.0,0.027487307692307693,2441.278480939758,15671.499455068193,0.06068413
0.02873993,0.02567333,142533.4,0.02741026923076923,2442.5298924328636,15679.532743644399,0.06066046
0.02882931,0.0257166,142140.2,0.02733465384615385,2443.787383336342,15687.605058278912,0.06063694
0.02891871,0.02575984,141747.6,0.027259153846153846,2445.0397080024104,15695.644208861318,0.06061293
0.02900813,0.02580304,141363.0,0.027185192307692306,2446.3017742406214,15703.745894317854,0.06058942
0.02909757,0.0258462,140979.0,0.027111346153846153,2447.584580306902,15711.980716656082,0.06056584
0.02918702,0.02588933,140602.8,0.027038999999999997,2448.9436525458987,15720.705120700572,0.06054351
0.02927649,0.02593242,140227.3,0.02696678846153846,2450.3325184655596,15729.620781766303,0.06052123
0.02936598,0.02597547,139858.9,0.026895942307692308,2451.8458268696386,15739.335286692734,0.06050067
0.02945549,0.02601849,139491.1,0.02682521153846154,2453.386339863159,15749.224428274478,0.06048006
0.02954501,0.02606147,139130.2,0.026755807692307693,2454.9948362495147,15759.549981233331,0.06046037
0.02963455,0.02610442,138769.8,0.0266865,2456.6291865405874,15770.04150028612,0.06044062
0.02972411,0.02614733,138416.1,0.02661848076923077,2458.326095317173,15780.93460616289,0.06042174
0.02981369,0.0261902,138062.9,0.026550557692307693,2460.0474492712483,15791.984634975204,0.06040277
0.02990328,0.02623303,137716.2,0.026483884615384617,2461.814216674408,15803.326190071037,0.06038441
0.02999289,0.02627583,137370.1,0.026417326923076925,2463.6015425827277,15814.799718067517,0.06036591
0.03008252,0.0263186,137030.3,0.026351980769230766,2465.4179374090113,15826.459850556512,0.06034785
0.03017217,0.02636132,136691.0,0.02628673076923077,2467.2609192475843,15838.290655237091,0.06032974
0.03026183,0.02640401,136357.8,0.026222653846153843,2469.1567491074193,15850.460711560969,0.06031229
0.03035151,0.02644667,136025.0,0.026158653846153845,2471.081783357311,15862.818242024494,0.06029484
0.03044121,0.02648929,135697.9,0.026095749999999997,2473.0794897389283,15875.642282671775,0.06027819
0.03053092,0.02653187,135371.1,0.026032903846153848,2475.105324747753,15888.646891725894,0.06026146
0.03062066,0.02657441,135049.6,0.025971076923076923,2477.1738904602526,15901.925805495588,0.06024511
0.0307104,0.02661692,134728.5,0.025909326923076924,2479.267031140768,15915.36247537581,0.06022863
0.03080017,0.0266594,134412.6,0.025848576923076926,2481.369681667434,15928.860192592472,0.06021212
0.03088995,0.02670183,134097.0,0.025787884615384615,2483.492556304537,15942.487736102268,0.06019545
0.03097975,0.02674423,133786.4,0.025728153846153845,2485.639011926432,15956.266654964447,0.06017889
0.03106957,0.0267866,133476.1,0.02566848076923077,2487.80669224472,15970.181823263372,0.06016221
0.0311594,0.02682893,133170.6,0.02560973076923077,2489.992928211236,15984.21610735894,0.06014552
0.03124926,0.02687122,132865.4,0.025551038461538462,2492.20025749465,15998.385797516066,0.06012869
0.03133912,0.02691348,132564.7,0.02549321153846154,2494.409525211618,16012.567931218911,0.06011166
0.03142901,0.0269557,132264.3,0.025435442307692305,2496.6407642632175,16026.891107314663,0.06009447
0.03151891,0.02699789,131968.3,0.02537851923076923,2498.8635613519796,16041.16009122503,0.06007694
0.03160883,0.02704004,131672.5,0.025321634615384614,2501.1068543930846,16055.560646485612,0.06005926
0.03169876,0.02708215,131380.8,0.02526553846153846,2503.334477244501,16069.860608810528,0.06004112
0.03178871,0.02712423,131089.4,0.0252095,2505.58555031489,16084.311107052063,0.06002283
0.03187868,0.02716627,130801.8,0.025154192307692308,2507.8346190744983,16098.74873885679,0.06000423
0.03196867,0.02720828,130514.5,0.025098942307692308,2510.1099361315128,16113.354868512833,0.05998555
0.03205867,0.02725025,130230.5,0.025044326923076923,2512.3844332109534,16127.955734419489,0.05996645
0.03214869,0.02729219,129946.7,0.024989749999999998,2514.675583605463,16142.663504319306,0.0599471
0.03223872,0.02733409,129666.3,0.024935826923076925,2516.9212367773853,16157.079210161477,0.05992681
0.03232877,0.02737595,129386.1,0.02488194230769231,2519.1741414049475,16171.541465868402,0.05990617
0.03241884,0.02741778,129109.7,0.02482878846153846,2521.2725203744,16185.011762327018,0.0598834
0.03250893,0.02745958,128833.4,0.024775653846153847,2523.375362870083,16198.510711866156,0.05986031
0.03259903,0.02750134,128561.2,0.02472330769230769,2525.356902040586,16211.23096900732,0.05983568
0.03268914,0.02754306,128289.2,0.024671,2527.362631096359,16224.10651026571,0.05981096
0.03277928,0.02758475,128020.7,0.024619365384615385,2529.3450573099585,16236.83246167547,0.05978577
0.03286943,0.0276264,127752.2,0.02456773076923077,2531.367574738761,16249.815773915681,0.0597607
0.03295959,0.02766802,127486.2,0.024516576923076922,2533.445310365877,16263.153552871398,0.05973577
0.03304978,0.0277096,127220.2,0.024465423076923076,2535.544438400638,16276.62865786647,0.05971061
0.03313998,0.02775114,126956.2,0.024414653846153846,2537.58572401378,16289.73245025384,0.05968412
0.03323019,0.02779265,126692.3,0.024363903846153848,2539.627231307284,16302.837665692168,0.05965713
0.03332043,0.02783413,126431.0,0.024313653846153846,2541.4490047172785,16314.532325365322,0.0596271
0.03341067,0.02787557,126169.8,0.024263423076923078,2543.2497439019785,16326.091958308503,0.0595964
0.03350094,0.02791697,125912.0,0.024213846153846155,2544.8101904523046,16336.109061008596,0.05956274
0.03359122,0.02795834,125654.4,0.02416430769230769,2546.3740253282754,16346.14791466578,0.05952879
0.03368151,0.02799968,125400.1,0.02411540384615385,2547.7972482881064,16355.284126701225,0.05949315
0.03377182,0.02804097,125146.0,0.024066538461538462,2549.24450251756,16364.574604639445,0.05945744
0.03386215,0.02808224,124894.2,0.024018115384615384,2550.677518409684,16373.773681249455,0.05942131
0.0339525,0.02812347,124642.6,0.02396973076923077,2552.1355012846907,16383.13303046322,0.05938504
0.03404286,0.02816466,124392.6,0.023921653846153846,2553.5128557430044,16391.97479505969,0.0593473
0.03413324,0.02820582,124142.6,0.023873576923076924,2554.8951791301397,16400.848457109045,0.05930915
0.03422363,0.02824694,123894.4,0.023825846153846152,2556.089208071836,16408.513385160153,0.0592683
0.03431404,0.02828803,123646.3,0.023778134615384618,2557.2714952567308,16416.102938387477,0.05922686
0.03440446,0.02832908,123400.3,0.023730826923076924,2558.2000512045056,16422.063693845394,0.05918215
0.0344949,0.0283701,123154.4,0.02368353846153846,2559.1273746508014,16428.01653740534,0.05913706
0.03458536,0.02841108,122910.9,0.023636711538461537,2559.852155214648,16432.66918080512,0.05908936
0.03467583,0.02845203,122667.4,0.023589884615384613,2560.5784137033793,16437.33131156949,0.05904132
0.03476632,0.02849294,122426.0,0.023543461538461537,2561.1330738740194,16440.89188715716,0.05899102
0.03485682,0.02853382,122184.6,0.02349703846153846,2561.6929408312963,16444.48588709792,0.05894039
0.03494734,0.02857467,121945.4,0.02345103846153846,2562.0077140959293,16446.50653696793,0.05888662
0.03503787,0.02861548,121706.2,0.02340503846153846,2562.3152662664756,16448.480831875597,0.05883241
0.03512842,0.02865625,121469.2,0.023359461538461537,2562.3826986109007,16448.91370586239,0.05877528
0.03521899,0.02869699,121232.3,0.023313903846153845,2562.4527798843806,16449.363584337018,0.05871784
0.03530957,0.02873769,120997.2,0.023268692307692306,2562.341996322012,16448.652422316445,0.0586581
0.03540017,0.02877836,120762.1,0.02322348076923077,2562.246557634856,16448.039764913596,0.05859821
0.03549078,0.028819,120528.1,0.02317848076923077,2562.0361552156623,16446.6891113837,0.05853662
0.03558141,0.0288596,120294.1,0.02313348076923077,2561.82518189558,16445.334793022845,0.05847459
0.03567206,0.02890016,120060.8,0.023088615384615385,2561.3996183887725,16442.602938252036,0.05840962
0.03576272,0.02894069,119827.5,0.02304375,2560.9531555488097,16439.736922675438,0.05834399
0.03585339,0.02898119,119595.3,0.022999096153846155,2560.1575091856407,16434.629364629855,0.05827405
0.03594408,0.02902165,119363.2,0.022954461538461538,2559.3324533726104,16429.333016087377,0.05820341
0.03603479,0.02906208,119132.8,0.022910153846153847,2558.1785744396384,16421.925826284794,0.05812896
0.03612551,0.02910247,118902.4,0.022865846153846153,2557.00987488176,16414.42349722753,0.05805403
0.03621625,0.02914283,118673.7,0.022821865384615385,2555.5772746721655,16405.227089042524,0.05797605
0.036307,0.02918316,118444.9,0.022777865384615383,2554.140365735395,16396.00302149128,0.05789771
0.03639777,0.02922345,118217.2,0.022734076923076923,2552.5202285140967,16385.60274156462,0.05781715
0.03648855,0.0292637,117989.4,0.02269026923076923,2550.899384613588,16375.197925194063,0.05773619
0.03657935,0.02930392,117762.0,0.02264653846153846,2549.055851297568,16363.363580369016,0.05765242
0.03667016,0.02934411,117534.5,0.022602788461538462,2547.197012579805,16351.430984321525,0.05756808
0.03676099,0.02938426,117307.3,0.022559096153846155,2545.0407479503715,16337.58909769164,0.05748009
0.03685183,0.02942438,117080.0,0.022515384615384614,2542.8479312291183,16323.51256921671,0.0573913
0.03694269,0.02946446,116853.8,0.022471884615384616,2540.1994487699194,16306.510948246325,0.05729723
0.03703356,0.02950451,116627.6,0.022428384615384617,2537.4958813386506,16289.155715790599,0.05720225
0.03712445,0.02954453,116403.5,0.02238528846153846,2534.4145450599417,16269.375440746318,0.05710328
0.03721535,0.02958451,116179.4,0.022342192307692306,2531.324840536019,16249.541446738254,0.05700398
0.03730627,0.02962446,115956.5,0.02229932692307692,2528.0141027545646,16228.288555786641,0.05690235
0.0373972,0.02966437,115733.5,0.022256442307692307,2524.7105612462665,16207.08186046233,0.05680057
0.03748815,0.02970425,115510.1,0.02221348076923077,2521.3398472359663,16185.44395917903,0.05669786
0.03757911,0.02974409,115286.5,0.02217048076923077,2517.9602363051404,16163.748945163099,0.0565946
0.03767009,0.0297839,115061.5,0.02212721153846154,2514.3390972834654,16140.503470036861,0.05648796
0.03776109,0.02982367,114836.4,0.022083923076923077,2510.6688406327958,16116.942690080783,0.05638034
0.0378521,0.02986342,114610.4,0.022040461538461537,2506.5212330423133,16090.3176120319,0.05626711
0.03794312,0.02990312,114384.4,0.021997,2502.2804779199764,16063.09458438157,0.05615246
0.03803416,0.0299428,114159.1,0.02195367307692308,2497.5495414851016,16032.72489557304,0.05603244
0.03812521,0.02998244,113933.7,0.02191032692307692,2492.7682510203144,16002.031965004711,0.05591162
0.03821626,0.03002205,113709.3,0.02186717307692308,2487.654875961018,15969.207256524722,0.0557873
0.03830736,0.03006163,113484.7,0.02182398076923077,2482.5089319453577,15936.173475468253,0.0556624
0.03839844,0.03010116,113260.3,0.021780826923076924,2477.192096860342,15902.042679334976,0.05553566
0.03848956,0.03014067,113035.7,0.021737634615384614,2471.8473452343915,15867.732676257687,0.05540827
0.03858069,0.03018014,112810.3,0.021694288461538463,2466.249508081115,15831.798020468905,0.05527788
0.03867183,0.03021958,112584.8,0.021650923076923078,2460.604856197412,15795.562843036198,0.05514663
0.03876299,0.03025898,112358.4,0.021607384615384615,2454.6503334755407,15757.338486282322,0.05501172
0.03885416,0.03029835,112131.8,0.02156380769230769,2448.638857037291,15718.748521859288,0.05487585
0.03894534,0.03033769,111904.3,0.021520057692307692,2442.277009559437,15677.909391845724,0.05473594
0.03903654,0.03037699,111676.6,0.021476269230769233,2435.862315927551,15636.731022175325,0.05459513
0.03912776,0.03041626,111448.0,0.02143230769230769,2429.1400392863566,15593.578159631455,0.05445087
0.03921898,0.03045549,111219.1,0.021388288461538462,2422.3626049778695,15550.071218943833,0.05430567
0.03931022,0.0304947,110989.1,0.021344057692307693,2415.2960943709263,15504.708587031675,0.0541572
0.03940148,0.03053386,110758.9,0.02129978846153846,2408.1713726358316,15458.97227564369,0.05400777
0.03949275,0.030573,110527.3,0.02125525,2400.773275460581,15411.481062840365,0.05385523
0.03958404,0.0306121,110295.5,0.02121067307692308,2393.317452592642,15363.619286756953,0.05370172
0.03967534,0.03065117,110062.1,0.02116578846153846,2385.593461614901,15314.036037101627,0.05354514
0.03976665,0.0306902,109828.4,0.021120846153846153,2377.8086872877725,15264.062595899431,0.05338757
0.03985798,0.0307292,109592.9,0.021075557692307692,2369.759581029625,15212.39230702285,0.053227
0.03994932,0.03076817,109357.2,0.02103023076923077,2361.6496207983914,15160.331373238892,0.05306542
0.04004068,0.0308071,109119.8,0.020984576923076925,2353.2672978749356,15106.522039255588,0.05290085
0.04013205,0.030846,108882.0,0.020938846153846155,2344.8196592516097,15052.293418835723,0.05273522
0.04022344,0.03088487,108642.9,0.020892865384615385,2336.1407316422547,14996.58006603206,0.05256717
0.04031483,0.0309237,108403.4,0.020846807692307692,2327.398343323796,14940.459334686419,0.05239811
0.04040625,0.0309625,108162.7,0.02080051923076923,2318.4807481948924,14883.213883872737,0.05222735
0.04049768,0.03100127,107921.6,0.020754153846153846,2309.505388880827,14825.597622681073,0.05205565
0.04058912,0.03104,107679.4,0.020707576923076922,2300.393664647865,14767.105982965875,0.05188273
0.04068057,0.0310787,107437.0,0.020660961538461538,2291.2250158666443,14708.248922822822,0.05170882
0.04077204,0.03111737,107193.5,0.020614134615384614,2281.910533733134,14648.455702664112,0.05153365
0.04086353,0.031156,106949.8,0.020567269230769233,2272.537557016407,14588.286983423195,0.05135748
0.04095503,0.0311946,106705.4,0.02052026923076923,2263.0063245393485,14527.102359982428,0.05117998
0.04104654,0.03123317,106460.7,0.020473211538461537,2253.415860941485,14465.53750934322,0.0510015
0.04113807,0.0312717,106215.7,0.020426096153846152,2243.6914458241627,14403.1127727137,0.05082207
0.04122961,0.03131021,105970.4,0.020378923076923076,2233.9146241277895,14340.351618227127,0.05064173
0.04132116,0.03134867,105725.0,0.02033173076923077,2224.0264967270587,14276.875949891024,0.05046081
0.04141273,0.03138711,105479.4,0.0202845,2214.0924833586455,14213.10572199396,0.05027904
0.04150431,0.03142551,105233.9,0.02023728846153846,2204.081963312452,14148.84436849672,0.05009716
0.04159591,0.03146388,104988.2,0.02019003846153846,2194.0339385628263,14084.342257976477,0.04991456
0.04168752,0.03150222,104742.8,0.020142846153846154,2183.962253422335,14019.68826236592,0.04973249
0.04177914,0.03154052,104497.3,0.020095634615384616,2173.84814529854,13954.76193741444,0.04954959
0.04187078,0.03157879,104252.7,0.020048596153846153,2163.683578775652,13889.511700717509,0.04936698
0.04196243,0.03161703,104007.9,0.02000151923076923,2153.462193959598,13823.896725684765,0.04918342
0.04205409,0.03165523,103765.1,0.019954826923076926,2143.1344304100576,13757.59886491126,0.04899965
0.04214577,0.0316934,103522.2,0.019908115384615385,2132.7373725567854,13690.856177522666,0.04881479
0.04223746,0.03173155,103282.5,0.01986201923076923,2122.242979166397,13623.488656126487,0.04863016
0.04232917,0.03176965,103042.9,0.019815942307692305,2111.7063761002273,13555.850174691877,0.04844481
0.04242088,0.03180773,102807.1,0.019770596153846156,2101.199163277405,13488.400360460217,0.04826127
0.04251261,0.03184577,102571.4,0.01972526923076923,2090.6736570060375,13420.833113591862,0.04807728
0.04260436,0.03188378,102339.3,0.019680634615384617,2080.304912200128,13354.272178473555,0.04789646
0.04269612,0.03192175,102107.2,0.019636,2069.9233534808864,13287.628985948986,0.04771517
0.0427879,0.0319597,101878.3,0.01959198076923077,2059.6232641512966,13221.508776568498,0.04753593
0.04287968,0.0319976,101649.5,0.01954798076923077,2049.2893590113495,13155.171490579287,0.04735595
0.04297148,0.03203548,101424.1,0.019504634615384618,2038.921685326565,13088.617431396788,0.04717659
0.04306329,0.03207332,101198.8,0.019461307692307694,2028.5009446667998,13021.722715023401,0.04699628
0.04315512,0.03211114,100977.5,0.01941875,2017.9471064581392,12953.97359462308,0.04681551
0.04324696,0.03214892,100756.3,0.01937621153846154,2007.3450979618865,12885.915250739388,0.04663391
0.04333882,0.03218667,100539.4,0.019334499999999998,1996.6871237207195,12817.497641352898,0.04645282
0.04343068,0.03222438,100322.6,0.019292807692307692,1985.9946419363678,12748.858514860336,0.04627107
0.04352256,0.03226207,100109.5,0.019251826923076924,1975.3266687664684,12680.376718529422,0.04609057
0.04361445,0.03229972,99896.42,0.019210849999999998,1964.6354408284462,12611.745640955582,0.04590956
0.04370636,0.03233733,99685.76,0.01917033846153846,1954.0160631591252,12543.575797712681,0.04573003
0.04379828,0.03237492,99475.13,0.019129832692307693,1943.363949472344,12475.195809464289,0.04554978
0.04389022,0.03241247,99265.76,0.01908956923076923,1932.6844763021254,12406.640190236829,0.04536953
0.04398216,0.03244999,99056.39,0.01904930576923077,1921.9402501952475,12337.66889716491,0.04518815
0.04407412,0.03248748,98847.68,0.01900916923076923,1910.9582193098274,12267.171044347171,0.04500411
0.04416609,0.03252493,98638.31,0.018968905769230767,1900.649625200937,12200.99623953842,0.04482764
0.04425808,0.03256236,98426.22,0.01892811923076923,1909.1807766945476,12255.760960985419,0.04487292
0.04435008,0.03259975,98215.51,0.018887598076923078,1916.0859640485858,12300.087997290715,0.04489909
0.04444209,0.03263711,98006.43,0.018847390384615383,1904.8643957690042,12228.052462405412,0.04471238
0.04453411,0.03267444,97796.81,0.018807078846153846,1893.1809370261578,12153.05187613418,0.04451996
0.04462615,0.03271173,97585.46,0.018766434615384617,1881.5402603212635,12078.325924112864,0.0443278
0.0447182,0.03274899,97373.93,0.01872575576923077,1869.8480799587933,12003.26935043247,0.04413468
0.04481027,0.03278623,97159.28,0.018684476923076922,1858.0784178495533,11927.715391811458,0.04394013
0.04490234,0.03282342,96944.37,0.018643148076923077,1846.2326531369933,11851.672901498641,0.0437443
0.04499443,0.03286059,96725.29,0.018601017307692307,1834.2821981933423,11774.958364587166,0.04354657
0.04508654,0.03289773,96505.9,0.01855882692307692,1822.2455040602601,11697.690225364144,0.0433474
0.04517866,0.03293483,96281.54,0.01851568076923077,1810.0920709508894,11619.672694042853,0.0431461
0.04527078,0.0329719,96056.83,0.01847246730769231,1797.846363012553,11541.062815333444,0.04294326
0.04536293,0.03300894,95826.55,0.01842818269230769,1785.5137571194437,11461.895105446027,0.04273863
0.04545508,0.03304594,95595.85,0.01838381730769231,1773.0873082688136,11382.124981754068,0.04253243
0.04554725,0.03308292,95359.07,0.018338282692307695,1760.6125989846244,11302.04505589733,0.04232487
0.04563942,0.03311986,95121.84,0.018292661538461538,1748.0409710770743,11221.34297236172,0.0421157
0.04573162,0.03315677,94878.16,0.0182458,1735.4567126715601,11140.559808833183,0.04190559
0.04582383,0.03319365,94633.99,0.018198844230769232,1722.7693344719396,11059.114679941104,0.04169376
0.04591604,0.0332305,94383.39,0.018150651923076924,1710.088753238709,10977.713183373608,0.04148135
0.04600827,0.03326732,94132.28,0.018102361538461537,1697.3057992047848,10895.654516678733,0.04126726
0.04610052,0.0333041,93875.01,0.018052886538461536,1684.6114414614424,10814.16458342841,0.04105372
0.04619277,0.03334085,93617.21,0.018003309615384617,1671.8275182778173,10732.099695391264,0.04083861
0.04628504,0.03337757,93353.44,0.017952584615384615,1659.234389481855,10651.259589436799,0.04062547
0.04637733,0.03341426,93089.14,0.01790175769230769,1646.5673611155044,10569.945093900762,0.04041098
0.04646961,0.03345091,92819.12,0.01784983076923077,1634.1529763259637,10490.252414026976,0.04019929
0.04656193,0.03348754,92548.58,0.017797803846153846,1621.6588479703194,10410.047829729958,0.03998612
0.04665423,0.03352412,92273.1,0.017744826923076926,1609.3887627081517,10331.281463663569,0.03977563
0.04674657,0.03356069,91997.15,0.017691759615384613,1597.03156765544,10251.955906564406,0.03956356
0.04683892,0.03359722,91717.8,0.017638038461538462,1584.8772679977594,10173.93281253838,0.03935427
0.04693128,0.03363372,91438.04,0.01758423846153846,1572.6421850923387,10095.391139975402,0.03914356
0.04702365,0.03367019,91156.71,0.01753013653846154,1560.7163248292427,10018.834485716776,0.03893743
0.04711603,0.03370662,90875.06,0.017475973076923078,1548.7313813508845,9941.898553721909,0.03873019
0.04720842,0.03374303,90593.45,0.01742181730769231,1537.1735123446629,9867.704175961684,0.03852937
0.04730083,0.0337794,90311.6,0.017367615384615384,1525.5767392082903,9793.260057723583,0.0383277
0.04739325,0.03381575,90031.41,0.017313732692307692,1514.4633528977583,9721.918984237192,0.03813347
0.04748568,0.03385206,89751.06,0.01725981923076923,1503.317078133898,9650.366787201221,0.03793842
0.04757812,0.03388834,89474.18,0.017206573076923075,1492.640315743725,9581.828569506746,0.03775098
0.04767058,0.03392458,89197.25,0.017153317307692307,1481.9453415923263,9513.1734435577,0.03756298
0.04776305,0.0339608,88925.65,0.017101086538461537,1471.7527983925006,9447.743613880777,0.03738333
0.04785552,0.03399698,88654.12,0.01704886923076923,1461.5573747509525,9382.295293547733,0.03720334
0.04794802,0.03403314,88389.62,0.016998003846153846,1451.9015257210228,9320.310708834353,0.03703245
0.04804052,0.03406926,88125.28,0.01694716923076923,1442.256306004652,9258.394357746487,0.03686141
0.04813304,0.03410535,87869.65,0.016898009615384613,1433.1300856242435,9199.809661721416,0.03669939
0.04822557,0.0341414,87614.27,0.016848898076923077,1424.016734587923,9141.307578933809,0.03653727
0.04831811,0.03417743,87369.32,0.01680179230769231,1415.373344868457,9085.82235742544,0.03638372
0.04841066,0.03421343,87124.72,0.016754753846153846,1406.7448928483213,9030.433026717219,0.03623012
0.04850322,0.03424939,86892.05,0.016710009615384616,1398.5664228007422,8977.93230224248,0.036085
0.04859581,0.03428533,86659.82,0.016665350000000002,1390.4173619636647,8925.620366728093,0.03594007
0.04868839,0.03432123,86440.54,0.016623180769230767,1382.7074781494473,8876.127676346194,0.03580349
0.048781,0.0343571,86221.76,0.01658110769230769,1375.0326363383708,8826.859933973059,0.03566719
0.0488736,0.03439294,86016.5,0.016541634615384614,1367.759653368203,8780.171877062063,0.0355387
0.04896624,0.03442875,85811.76,0.016502261538461536,1360.5202194141466,8733.699184105573,0.03541048
0.04905887,0.03446453,85620.94,0.016465565384615386,1353.6241772341,8689.430854166776,0.0352892
0.04915152,0.03450028,85430.66,0.01642897307692308,1346.7572004463145,8645.349106087662,0.03516815
0.04924419,0.034536,85254.4,0.016395076923076922,1340.215590875016,8603.356014503777,0.03505368
0.04933686,0.03457169,85078.68,0.016361284615384615,1333.7047884979263,8561.560686071873,0.03493947
0.04942955,0.03460735,84916.58,0.016330111538461537,1327.509577577238,8521.791259795593,0.03483149
0.04952225,0.03464297,84755.01,0.016299040384615382,1321.3471517454043,8482.232293532841,0.0347238
0.04961496,0.03467857,84606.19,0.016270421153846155,1315.460820319367,8444.44568276487,0.0346215
0.04970768,0.03471413,84457.88,0.0162419,1309.6006797339107,8406.827201010896,0.03451939
0.04980041,0.03474966,84321.16,0.016215607692307694,1303.951367582634,8370.562107539805,0.03442147
0.04989315,0.03478516,84184.9,0.016189403846153846,1298.3212159006184,8334.420012442693,0.03432365
0.04998591,0.03482063,84058.83,0.016165159615384617,1292.8359548900264,8299.20802593253,0.0342288
0.05007868,0.03485607,83933.16,0.01614099230769231,1287.362367722669,8264.070978283018,0.03413395
0.05017146,0.03489148,83816.07,0.016118475,1281.9780065758982,8229.506706555598,0.03404101
0.05026425,0.03492686,83699.33,0.016096025,1276.6027356191632,8195.00078823165,0.03394804
0.05035705,0.03496221,83589.23,0.01607485192307692,1271.2794914093727,8160.828849477324,0.03385613
0.05044987,0.03499753,83479.4,0.016053730769230768,1265.961924905265,8126.693358085399,0.03376415
0.05054269,0.03503281,83374.07,0.016033475000000002,1260.6601004520433,8092.658920933621,0.03367239
0.05063553,0.03506807,83268.94,0.016013257692307693,1255.3616007605467,8058.645826697848,0.03358053
0.05072839,0.0351033,83165.97,0.01599345576923077,1250.0378073566687,8024.470362456811,0.03348797
0.05082125,0.03513849,83063.11,0.015973675,1244.7111260495037,7990.27635966102,0.03339519
0.0509141,0.03517365,82960.1,0.015953865384615386,1239.286743670545,7955.455176350869,0.03330041
0.051007,0.03520878,82857.14,0.015934065384615385,1233.8491639941142,7920.549274545159,0.03320527
0.05109989,0.03524388,82751.95,0.015913836538461536,1228.2489129798807,7884.599123260484,0.033107
0.0511928,0.03527896,82646.74,0.015893603846153848,1222.6247693244527,7848.495595981885,0.03300822
0.05128572,0.035314,82537.48,0.015872592307692307,1216.8190205387325,7811.226275975159,0.03290589
0.05137864,0.03534901,82428.12,0.015851561538461536,1210.9846728530938,7773.773368701357,0.03280298
0.05147159,0.035384,82313.03,0.015829428846153844,1204.947751466115,7735.020063429151,0.03269605
0.05156454,0.03541894,82197.79,0.015807267307692306,1198.8728192242233,7696.022751954168,0.0325884
0.05165752,0.03545387,82075.49,0.01578374807692308,1192.579538499882,7655.623778132818,0.03247641
0.05175049,0.03548876,81952.97,0.015760186538461538,1186.238323611699,7614.917096596684,0.03236353
0.05184348,0.03552362,81822.5,0.015735096153846155,1179.664440512166,7572.7168289023775,0.03224608
0.05193648,0.03555845,81691.77,0.01570995576923077,1173.0395027455934,7530.188821790817,0.03212772
0.05202949,0.03559325,81552.39,0.015683151923076923,1166.2254898859499,7486.447069405556,0.03200539
0.05212251,0.03562802,81412.71,0.015656290384615384,1159.361022885303,7442.381432609152,0.03188214
0.05221554,0.03566276,81263.82,0.015627657692307693,1152.3628145933694,7397.4572593574085,0.0317557
0.05230858,0.03569747,81114.58,0.015598957692307692,1145.314384045319,7352.210690252216,0.03162831
0.05240164,0.03573215,80955.81,0.015568425,1138.1632136458295,7306.30459478065,0.03149816
0.05249471,0.0357668,80796.66,0.015537819230769231,1130.9542219889704,7260.027322562788,0.03136692
0.05258779,0.03580142,80628.07,0.015505398076923079,1123.6408201469274,7213.079801467959,0.03123297
0.05268088,0.03583601,80459.09,0.015472901923076923,1116.261747018358,7165.710711289943,0.0310978
0.05277398,0.03587057,80281.28,0.015438707692307692,1108.7839984821926,7117.708185963729,0.03096017
0.05286709,0.03590509,80103.09,0.015404440384615383,1101.2363702323912,7069.257076052546,0.03082127
0.05296021,0.03593959,79916.98,0.01536865,1093.6481849734862,7020.545615201873,0.03068097
0.05305334,0.03597406,79730.5,0.015332788461538462,1085.9970529664658,6971.430075121203,0.03053951
0.05314648,0.0360085,79537.06,0.01529558846153846,1078.389597592352,6922.594912037314,0.03039805
0.05323964,0.03604291,79343.26,0.01525831923076923,1070.7269432286566,6873.405405546108,0.03025553
0.05333281,0.03607729,79143.42,0.015219888461538461,1063.1835677317235,6824.981595680691,0.03011428
0.05342599,0.03611164,78943.24,0.01518139230769231,1055.5901849972122,6776.23677024799,0.02997202
0.05351918,0.03614596,78738.04,0.015141930769230767,1048.1369011978236,6728.391293415858,0.02983146
0.05361238,0.03618025,78532.52,0.015102407692307694,1040.6349869940655,6680.233639434937,0.02968991
0.05370559,0.03621451,78323.18,0.015062149999999998,1033.2890656906245,6633.07736349073,0.02955049
0.05379881,0.03624873,78113.56,0.015021838461538461,1025.8990305735028,6585.637904119292,0.02941015
0.05389204,0.03628293,77901.34,0.014981026923076922,1018.6856182586992,6539.3322540088175,0.02927244
0.05398529,0.0363171,77688.88,0.014940169230769232,1011.4348674456282,6492.786913809802,0.02913394
0.05407854,0.03635124,77475.02,0.014899042307692309,1004.4065470642215,6447.669439548996,0.02899893
0.05417181,0.03638535,77260.96,0.014857876923076925,997.3457725311067,6402.3436296866685,0.02886317
0.05426508,0.03641943,77046.6,0.014816653846153847,990.51427630959,6358.489644920625,0.02873115
0.05435837,0.03645348,76832.1,0.014775403846153848,983.654351138634,6314.453163864576,0.02859846
0.05445167,0.03648751,76618.36,0.0147343,977.0175358368509,6271.848910315737,0.02846956
0.05454498,0.0365215,76404.53,0.014693178846153846,970.3535359277348,6229.070148384371,0.02834001
0.05463829,0.03655546,76192.51,0.014652405769230768,963.9215554744821,6187.780808001804,0.02821456
0.05473162,0.0365894,75980.43,0.014611621153846153,957.4717447977877,6146.377008601499,0.02808863
0.05482496,0.0366233,75770.97,0.014571340384615385,951.287943265323,6106.6808235480985,0.02796739
0.05491832,0.03665717,75561.47,0.014531051923076924,945.0947910753364,6066.924613050897,0.02784581
0.05501167,0.03669102,75355.13,0.014491371153846154,939.1846015067244,6028.984847748826,0.02772922
0.05510505,0.03672483,75148.78,0.014451688461538461,933.2690316227546,5991.010544146491,0.02761233
0.05519843,0.03675862,74945.98,0.01441268846153846,927.607792410639,5954.668886314187,0.02750001
0.05529183,0.03679237,74743.23,0.014373698076923076,921.9416344372609,5918.295653073732,0.02738743
0.05538523,0.0368261,74544.4,0.014335461538461537,916.5160417782569,5883.466700513485,0.02727922
0.05547865,0.03685979,74345.61,0.014297232692307692,911.0890133637336,5848.628531289914,0.0271708
0.05557208,0.03689346,74151.0,0.014259807692307693,905.8947244948711,5815.2844061467185,0.02706666
0.05566551,0.0369271,73956.46,0.014222396153846155,900.7029666592302,5781.956528672957,0.0269624
0.05575896,0.0369607,73766.19,0.01418580576923077,895.7407314764262,5750.102044815261,0.02686234
0.05585242,0.03699428,73576.01,0.014149232692307692,890.7797793381295,5718.2557973105495,0.02676213
0.05594589,0.03702783,73390.17,0.01411349423076923,886.0191189070912,5687.695298812212,0.02666565
0.05603937,0.03706135,73204.43,0.014077774999999999,881.2591787941742,5657.139424311152,0.02656902
0.05613286,0.03709484,73023.1,0.014042903846153847,876.6768796583159,5627.72389512379,0.02647578
0.05622636,0.0371283,72841.87,0.014008051923076923,872.0968883184707,5598.323180560914,0.02638243
0.05631987,0.03716174,72665.01,0.013974040384615383,867.69772085036,5570.08324352894,0.0262925
0.05641339,0.03719514,72488.25,0.013940048076923077,863.3025353839078,5541.868868487255,0.02620251
0.05650692,0.03722851,72315.71,0.013906867307692309,859.0862963444771,5514.803218941432,0.02611587
0.05660046,0.03726186,72143.27,0.01387370576923077,854.875461401166,5487.772260353668,0.02602918
0.05669401,0.03729518,71974.83,0.013841313461538461,850.8424920688353,5461.883089090586,0.0259458
0.05678757,0.03732846,71806.5,0.013808942307692309,846.8142429146,5436.024218454419,0.02586237
0.05688115,0.03736172,71642.0,0.013777307692307693,842.9516892720247,5411.229010624836,0.02578202
0.05697473,0.03739495,71477.6,0.01374569230769231,839.0916418672169,5386.449891293191,0.02570158
0.05706832,0.03742815,71316.97,0.013714801923076923,835.382940965662,5362.642322999976,0.02562399
0.05716193,0.03746132,71156.44,0.01368393076923077,831.6749719234818,5338.8394527917535,0.02554629
0.05725554,0.03749446,70999.68,0.013653784615384613,828.0979623212148,5315.877261271873,0.02547112
0.05734916,0.03752758,70843.03,0.013623659615384615,824.5185611736476,5292.89971750883,0.0253958
0.0574428,0.03756066,70690.17,0.01359426346153846,821.0637458401761,5270.721937694452,0.02532294
0.05753644,0.03759372,70537.41,0.01356488653846154,817.6115227967545,5248.560798780497,0.02525004
0.05763009,0.03762675,70388.34,0.01353621923076923,814.3083256681864,5227.356314161269,0.02517997
0.05772376,0.03765974,70239.37,0.013507571153846152,811.012301890952,5206.197878025407,0.02510994
0.05781744,0.03769271,70093.84,0.013479584615384614,807.8890592433519,5186.148589985531,0.02504309
0.05791112,0.03772565,69948.4,0.013451615384615383,804.7758043352269,5166.163417061962,0.0249763
0.05800482,0.03775856,69806.18,0.013424265384615382,801.8129317375865,5147.1436056549965,0.02491225
0.05809852,0.03779144,69664.05,0.013396932692307692,798.8539117326218,5128.148525512607,0.02484815
0.05819224,0.03782429,69525.13,0.01337021730769231,795.9974727445519,5109.811952116957,0.02478603
0.05828596,0.03785711,69386.3,0.013343519230769232,793.1388138825628,5091.461128502339,0.02472377
0.0583797,0.03788991,69250.84,0.01331746923076923,790.3465807471543,5073.53671700991,0.02466295
0.05847344,0.03792268,69115.48,0.013291438461538461,787.5516103338579,5055.594733884721,0.02460201
0.0585672,0.03795542,68983.63,0.013266082692307694,784.8459744550032,5038.226223273527,0.02454296
0.05866097,0.03798813,68851.87,0.01324074423076923,782.1420287877717,5020.868562776621,0.02448388
0.05875474,0.03802081,68723.57,0.013216071153846156,779.5537763107736,5004.253581077672,0.02442709
0.05884851,0.03805346,68595.38,0.013191419230769231,776.9710609596094,4987.674144305352,0.02437033
0.05894232,0.03808609,68470.43,0.013167390384615384,774.5195345730843,4971.936859628298,0.02431607
0.05903611,0.03811868,68345.58,0.013143380769230769,772.0742805095524,4956.239839389381,0.02426182
0.05912994,0.03815125,68223.82,0.013119965384615385,769.7309707438397,4941.197238554148,0.02420955
0.05922376,0.03818379,68102.15,0.013096567307692307,767.3910185961377,4926.176191551971,0.02415724
0.05931759,0.03821629,67983.51,0.013073751923076922,765.1297985644974,4911.660556088704,0.0241065
0.05941144,0.03824878,67864.96,0.013050953846153847,762.8696670528676,4897.1519082513405,0.02405569
0.05950529,0.03828123,67749.44,0.013028738461538462,760.6636694617033,4882.990766735644,0.02400618
0.05959917,0.03831366,67634.0,0.013006538461538462,758.4576997006199,4868.82980387187,0.02395661
0.05969304,0.03834605,67521.55,0.012984913461538463,756.3099852334346,4855.04280400073,0.02390853
0.05978693,0.03837842,67409.17,0.012963301923076922,754.1646099178703,4841.270820037704,0.02386043
0.05988082,0.03841076,67299.56,0.012942223076923077,752.0831569578578,4827.909178101619,0.02381386
0.05997472,0.03844307,67190.02,0.012921157692307693,750.0060133373321,4814.575199462428,0.0237673
0.06006864,0.03847536,67082.93,0.01290056346153846,747.9986577454642,4801.689216847296,0.02372221
0.06016256,0.03850761,66975.9,0.012879980769230769,745.9959194149282,4788.832874197047,0.02367712
0.0602565,0.03853984,66870.98,0.012859803846153846,744.0520418195621,4776.354381098312,0.02363318
0.06035044,0.03857203,66766.12,0.01283963846153846,742.1100256532089,4763.887837223718,0.0235892
0.06044439,0.0386042,66663.07,0.012819821153846155,740.2105105229972,4751.69412374104,0.02354599
0.06053834,0.03863634,66560.07,0.012800013461538463,738.3103907046565,4739.496528534192,0.02350271
0.06063232,0.03866845,66458.59,0.012780498076923077,736.4349810959134,4727.457557605266,0.02345987
0.06072629,0.03870054,66357.14,0.012760988461538461,734.5586076169508,4715.412399225077,0.02341694
0.06082029,0.0387326,66256.91,0.012741713461538462,732.7059987655339,4703.519795070282,0.02337442
0.0609143,0.03876463,66156.72,0.012722446153846155,730.8532100870905,4691.626036537087,0.02333184
0.06100831,0.03879663,66057.37,0.012703340384615383,729.0286188179809,4679.913287949485,0.02328968
0.06110233,0.0388286,65958.04,0.01268423846153846,727.2037012808128,4668.1984449225365,0.02324747
0.06119636,0.03886055,65859.14,0.01266521923076923,725.4074766663113,4656.667792730615,0.02320563
0.0612904,0.03889246,65760.24,0.012646200000000002,723.6112285244772,4645.136989507754,0.02316374
0.06138444,0.03892435,65661.33,0.012627178846153846,721.8298339954262,4633.70153730136,0.02312193
0.0614785,0.03895621,65562.42,0.012608157692307692,720.0471835741914,4622.258023043125,0.02308003
0.06157257,0.03898804,65463.04,0.012589046153846154,718.267314217871,4610.832361503303,0.02303798
0.06166664,0.03901985,65363.66,0.012569934615384616,716.4850540237658,4599.39135226213,0.02299583
0.06176073,0.03905162,65263.39,0.012550651923076923,714.6979338492561,4587.919144949595,0.02295336
0.06185483,0.03908337,65163.09,0.01253136346153846,712.9080230958295,4576.429023844629,0.02291079
0.06194893,0.03911509,65061.48,0.012511823076923077,711.118622117953,4564.94217518372,0.02286796
0.06204305,0.03914679,64959.84,0.012492276923076922,709.3251505035527,4553.429195551451,0.02282499
0.06213717,0.03917845,64856.49,0.012472401923076923,707.527065546376,4541.886601109004,0.02278164
0.0622313,0.03921009,64753.1,0.01245251923076923,705.723134145111,4530.306476107852,0.02273813
0.06232544,0.0392417,64647.67,0.01243224423076923,703.9064605128975,4518.644553857052,0.02269409
0.06241959,0.03927328,64542.19,0.012411959615384615,702.0809325978365,4506.925792581166,0.02264982
0.06251376,0.03930483,64434.46,0.012391242307692308,700.2354668789428,4495.079042923644,0.02260491
0.06260793,0.03933636,64326.66,0.01237051153846154,698.3820315234617,4483.181133123429,0.02255982
0.06270211,0.03936786,64216.38,0.012349303846153846,696.5216126860269,4471.238393683955,0.0225143
0.0627963,0.03939933,64106.04,0.012328084615384616,694.6550481033314,4459.256202357179,0.02246862
0.06289049,0.03943077,63992.95,0.012306336538461539,692.7947029146734,4447.313935697347,0.02242271
0.0629847,0.03946219,63879.78,0.012284573076923077,690.9297397873778,4435.342024724747,0.02237667
0.06307892,0.03949358,63763.6,0.012262230769230768,689.0741976079789,4423.430590416723,0.02233041
0.06317314,0.03952493,63647.33,0.012239871153846154,687.2117687835823,4411.474948102865,0.02228396
0.06326738,0.03955627,63527.88,0.0122169,685.348116147049,4399.511449671246,0.02223712
0.06336162,0.03958757,63408.34,0.012193911538461537,683.4742726986647,4387.482532524139,0.02219003
0.06345588,0.03961885,63285.61,0.012170309615384615,681.5913202497422,4375.395141221756,0.02214244
0.06355014,0.0396501,63162.79,0.012146690384615385,679.6951709768091,4363.223034463144,0.02209457
0.06364441,0.03968132,63036.9,0.012122480769230769,677.7973044337575,4351.039903891422,0.02204638
0.06373869,0.03971252,62910.91,0.012098251923076923,675.8876716937839,4338.781241605439,0.02199796
0.06383298,0.03974369,62781.98,0.012073457692307693,673.998047508241,4326.651021876219,0.02194962
0.06392728,0.03977482,62652.96,0.012048646153846154,672.0989258691003,4314.45983436309,0.02190108
0.06402158,0.03980594,62521.09,0.012023286538461539,670.2377929473256,4302.512510943365,0.02185296
0.0641159,0.03983702,62389.13,0.011997909615384614,668.368290612902,4290.511461065643,0.02180464
0.06421023,0.03986808,62254.48,0.011972015384615385,666.5396267272163,4278.772568795968,0.0217568
0.06430456,0.03989911,62119.73,0.011946101923076923,664.7012574207525,4266.971373721586,0.02170874
0.06439889,0.03993011,61982.57,0.011919725,662.8961863898732,4255.383933002453,0.02166106
0.06449325,0.03996108,61845.32,0.01189333076923077,661.0806183538992,4243.729107996396,0.02161315
0.06458761,0.03999203,61705.98,0.011866534615384616,659.2977072351713,4232.283920221332,0.02156566
0.06468198,0.04002295,61566.56,0.011839723076923077,657.5034667517134,4220.766004924774,0.02151793
0.06477637,0.04005385,61425.41,0.011812578846153847,655.7570123239589,4209.554846580266,0.02147097
0.06487075,0.04008471,61284.19,0.011785421153846154,654.0010985908376,4198.282965339924,0.0214238
0.06496516,0.04011555,61141.61,0.011758001923076923,652.3023760660725,4187.3782163205,0.02137762
0.06505955,0.04014636,60998.96,0.01173056923076923,650.596556208209,4176.427906807813,0.02133128
0.06515397,0.04017715,60855.34,0.01170295,648.954922191281,4165.889630735431,0.02128609
0.0652484,0.04020791,60711.66,0.011675319230769232,647.3073682337262,4155.313352301978,0.02124076
0.06534283,0.04023864,60567.45,0.011647586538461537,645.7238016153646,4145.147833050292,0.02119665
0.06543728,0.04026935,60423.2,0.011619846153846152,644.133931792209,4134.94185111839,0.02115239
0.06553173,0.04030002,60278.85,0.011592086538461539,642.6238714722828,4125.248196885329,0.02110969
0.06562619,0.04033067,60134.48,0.011564323076923077,641.1089386395909,4115.523264130891,0.02106687
0.06572065,0.0403613,59990.45,0.011536625,639.6887430213033,4106.406485757652,0.02102591
0.06581513,0.04039189,59846.41,0.011508925000000001,638.2653403092941,4097.269119824288,0.02098485
0.06590961,0.04042246,59703.19,0.011481382692307692,636.9352833927207,4088.730976222062,0.02094566
0.06600411,0.040453,59559.97,0.011453840384615385,635.6017696999824,4080.1706422526936,0.02090638
0.06609861,0.04048351,59418.12,0.01142656153846154,634.3564784238112,4072.176641687709,0.02086893
0.06619313,0.040514,59276.27,0.011399282692307692,633.109407569216,4064.1712173287906,0.02083141
0.06628765,0.04054446,59136.29,0.011372363461538462,631.9506577323554,4056.7327593328255,0.02079579
0.06638218,0.04057489,58996.34,0.01134545,630.7922562194225,4049.296537361259,0.02076015
0.06647671,0.0406053,58858.66,0.011318973076923077,629.7382976738829,4042.530774708188,0.02072672
0.06657126,0.04063568,58721.01,0.011292501923076924,628.6893971606612,4035.797481497392,0.02069334
0.06666581,0.04066603,58585.94,0.011266526923076923,627.7424003132181,4029.718346857683,0.02066213
0.06676038,0.04069635,58450.92,0.011240561538461539,626.8001082993183,4023.669414342347,0.02063095
0.06685495,0.04072665,58318.85,0.01121516346153846,625.9517883775167,4018.2237245957517,0.02060184
0.06694953,0.04075692,58186.82,0.011189773076923077,625.1066917084412,4012.798726140107,0.02057273
0.06704412,0.04078717,58058.16,0.01116503076923077,624.3449413845356,4007.908759723253,0.02054556
0.06713872,0.04081739,57929.56,0.011140299999999999,623.5853695264254,4003.032777710797,0.0205184
0.06723332,0.04084758,57804.72,0.011116292307692307,622.9246480245463,3998.7913539086812,0.02049351
0.06732794,0.04087775,57679.96,0.0110923,622.2685294999981,3994.579478376989,0.02046869
0.06742256,0.04090789,57559.3,0.011069096153846155,621.7252050987393,3991.091671424717,0.0204464
0.06751719,0.040938,57438.73,0.011045909615384616,621.1910684384279,3987.6628440924997,0.02042424
0.06761184,0.04096809,57322.47,0.011023551923076923,620.7819680497131,3985.0366723677794,0.02040479
0.06770649,0.04099815,57206.3,0.01100121153846154,620.3855500136212,3982.491913510854,0.02038552
0.06780114,0.04102818,57094.6,0.01097973076923077,620.0946239420998,3980.624347886158,0.02036857
0.06789579,0.04105818,56983.0,0.010958269230769231,619.815484741163,3978.832446687862,0.02035178
0.06799047,0.04108815,56876.0,0.010937692307692308,619.6259236636485,3977.6155816943083,0.02033704
0.06808516,0.04111811,56769.09,0.010917132692307692,619.4479030225071,3976.4727991717823,0.02032243
0.06817984,0.04114803,56666.96,0.010897492307692307,619.3462349003787,3975.820152645393,0.02030969
0.06827456,0.04117794,56564.94,0.010877873076923077,619.254784184822,3975.233095556167,0.02029709
0.06836927,0.04120781,56467.81,0.010859194230769231,619.2575049737609,3975.250561340061,0.02028667
0.06846398,0.04123766,56370.79,0.010840536538461539,619.2721735560687,3975.3447245752004,0.02027644
0.0685587,0.04126748,56278.7,0.010822826923076923,619.3909220540237,3976.107016560946,0.02026854
0.06865343,0.04129727,56186.72,0.010805138461538463,619.5239820724939,3976.9611796657405,0.02026085
0.06874817,0.04132704,56099.63,0.010788390384615385,619.7694716985184,3978.537071384159,0.02025559
0.06884292,0.04135678,56012.64,0.010771661538461538,620.0292769691395,3980.204860695682,0.02025052
0.06893768,0.0413865,55930.51,0.010755867307692308,620.3864841915498,3982.4979103559544,0.02024758
0.06903245,0.04141619,55848.48,0.010740092307692309,620.7573826909547,3984.8788495551044,0.02024483
0.06912722,0.04144585,55771.27,0.01072524423076923,621.2230709887085,3987.8682806918873,0.02024414
0.069222,0.04147548,55694.17,0.010710417307692307,621.7027007231223,3990.9472072380336,0.02024364
0.06931679,0.04150509,55621.81,0.010696501923076923,622.2744253198797,3994.617325897779,0.02024513
0.06941159,0.04153467,55549.56,0.010682607692307692,622.8603980349917,3998.3789086738775,0.02024682
0.0695064,0.04156423,55481.96,0.010669607692307691,623.5418017383575,4002.753099430627,0.02025051
0.06960122,0.04159376,55414.45,0.010656625,624.2363564171302,4007.2117113238965,0.02025437
0.06969604,0.04162326,55351.48,0.010644515384615385,625.0188050403377,4012.234548033413,0.02026008
0.06979087,0.04165274,55288.61,0.010632425000000001,625.8137626357334,4017.337684615459,0.02026594
0.06988571,0.04168219,55230.19,0.010621190384615386,626.6884458795,4022.9526105999657,0.02027349
0.06998056,0.04171162,55171.86,0.010609973076923077,627.5764024144355,4028.652742912609,0.02028121
0.07007542,0.04174102,55117.82,0.010599580769230768,628.5488614349327,4034.8953289710144,0.02029067
0.07017028,0.04177039,55063.87,0.01058920576923077,629.5360041207232,4041.232175088006,0.0203003
0.07026515,0.04179973,55013.97,0.010579609615384615,630.6039505230085,4048.0877311387085,0.02031157
0.07036003,0.04182906,54964.16,0.01057003076923077,631.6854924732997,4055.030562207329,0.02032299
0.07045492,0.04185835,54918.16,0.010561184615384616,632.8460153502839,4062.480402025378,0.02033597
0.07054982,0.04188762,54872.24,0.010552353846153845,634.0178663637113,4070.0029614800774,0.02034906
0.07064472,0.04191686,54829.92,0.010544215384615384,635.2600503659993,4077.9770152666233,0.02036354
0.07073963,0.04194608,54787.68,0.010536092307692308,636.5129662646303,4086.019961196776,0.02037814
0.07083455,0.04197527,54748.85,0.010528625,637.8410615667539,4094.545512446257,0.02039418
0.07092948,0.04200444,54710.08,0.01052116923076923,639.1808303410058,4103.146000174115,0.02041036
0.07102442,0.04203358,54674.47,0.010514321153846155,640.6023892851703,4112.271530257125,0.02042804
0.07111936,0.04206269,54638.92,0.010507484615384616,642.0354514487393,4121.47090390122,0.02044585
0.07121431,0.04209178,54606.29,0.010501209615384616,643.5489285583967,4131.186491813223,0.02046507
0.07130927,0.04212084,54573.72,0.010494946153846154,645.0711241688324,4140.958047113325,0.02048436
0.07140423,0.04214987,54543.87,0.010489205769230769,646.6596349223598,4151.155304657942,0.02050478
0.0714992,0.04217888,54514.07,0.010483475,648.2559235302818,4161.40249122207,0.02052526
0.0715942,0.04220787,54486.77,0.010478224999999999,649.9075430630346,4172.004868136298,0.02054666
0.07168917,0.04223682,54459.53,0.010472986538461538,651.5664725716754,4182.654170579111,0.02056811
0.07178418,0.04226576,54434.56,0.010468184615384615,653.2789049825377,4193.646928596353,0.02059044
0.07187918,0.04229466,54409.63,0.010463390384615384,654.9994388250442,4204.691692799119,0.02061284
0.0719742,0.04232355,54386.73,0.01045898653846154,656.773120204938,4216.077631353646,0.02063607
0.07206922,0.0423524,54363.88,0.010454592307692308,658.5547997617492,4227.514913262151,0.02065935
0.07216425,0.04238123,54342.79,0.010450536538461539,660.3855844889202,4239.267420023757,0.02068338
0.0722593,0.04241004,54321.74,0.01044648846153846,662.2242638344993,4251.070605357695,0.02070746
0.07235435,0.04243882,54302.17,0.010442725,664.1037536335012,4263.135768587056,0.02073211
0.0724494,0.04246757,54282.64,0.010438969230769231,665.9890922039211,4275.238477315141,0.02075676
0.07254446,0.0424963,54264.33,0.010435448076923077,667.9145967938491,4287.599027071092,0.02078197
0.07263953,0.042525,54246.04,0.01043193076923077,669.8462189378846,4299.9988477445595,0.02080721
0.07273461,0.04255368,54228.69,0.010428594230769231,671.8219486654282,4312.6818118514,0.02083301
0.07282969,0.04258233,54211.37,0.010425263461538463,673.8033505183241,4325.401187498367,0.02085883
0.07292478,0.04261096,54194.72,0.010422061538461539,675.8291314712347,4338.405449546917,0.02088518
0.07301988,0.04263956,54178.1,0.010418865384615384,677.858468634221,4351.432540266877,0.0209115
0.07311499,0.04266813,54161.91,0.010415751923076923,679.9216804352441,4364.677085232914,0.02093815
0.07321011,0.04269668,54145.74,0.010412642307692307,681.9866276604856,4377.932770550166,0.02096474
0.07330523,0.0427252,54129.82,0.01040958076923077,684.0754973039143,4391.342023011237,0.02099147
0.07340036,0.0427537,54113.91,0.010406521153846155,686.165415817811,4404.758008572647,0.02101813
0.0734955,0.04278217,54098.13,0.010403486538461537,688.2684998139239,4418.25850839533,0.02104477
0.07359064,0.04281062,54082.34,0.010400449999999999,690.375036884876,4431.781174824929,0.02107138
0.0736858,0.04283904,54066.51,0.01039740576923077,692.4976931644087,4445.4073166140415,0.021098
0.07378096,0.04286743,54050.68,0.010394361538461539,694.6240395548006,4459.057146634861,0.02112456
0.07387613,0.0428958,54034.54,0.010391257692307693,696.7576258929549,4472.75345264697,0.02115096
0.0739713,0.04292415,54018.4,0.010388153846153846,698.8940655286415,4486.468075066268,0.0211773
0.07406649,0.04295247,54001.66,0.010384934615384617,701.030282103242,4500.181265571217,0.02120334
0.07416168,0.04298076,53984.92,0.010381715384615384,703.1666672669555,4513.895538314106,0.02122928
0.07425687,0.04300903,53967.33,0.010378332692307693,705.2951537870438,4527.559106645254,0.0212548
0.07435208,0.04303728,53949.73,0.010374948076923077,707.4241465434928,4541.225924701052,0.02128025
0.07444729,0.0430655,53931.11,0.010371367307692309,709.5591682824747,4554.931445099582,0.02130551
0.07454251,0.04309369,53912.46,0.01036778076923077,711.693865563705,4568.634882679819,0.02133068
0.07463773,0.04312186,53892.66,0.010363973076923078,713.8430266460699,4582.431168926594,0.02135576
0.07473298,0.04315001,53872.84,0.010360161538461537,715.9917562442017,4596.224685311193,0.02138076
0.07482821,0.04317812,53851.78,0.010356111538461539,718.1525306742483,4610.095522074545,0.02140557
0.07492347,0.04320621,53830.69,0.01035205576923077,720.3111705399554,4623.952656253721,0.02143023
0.07501873,0.04323428,53808.28,0.010347746153846154,722.4530356425234,4637.702106818167,0.02145425
0.075114,0.04326232,53785.85,0.010343432692307692,724.5928055318632,4651.438107408255,0.02147812
0.07520927,0.04329034,53762.0,0.010338846153846153,726.6952963647412,4664.934799489468,0.02150105
0.07530455,0.04331833,53738.12,0.010334253846153846,728.7952230998457,4678.415031647252,0.02152384
0.07539984,0.0433463,53712.68,0.010329361538461538,730.8550139521204,4691.637616236026,0.02154568
0.07549513,0.04337424,53687.2,0.010324461538461538,732.9136330286007,4704.852678748203,0.02156743
0.07559043,0.04340216,53660.02,0.010319234615384615,734.9501330807652,4717.925750790954,0.02158852
0.07568574,0.04343005,53632.81,0.010314001923076922,736.9854215275576,4730.991045075831,0.02160952
0.07578106,0.04345792,53603.78,0.010308419230769231,739.0091881578859,4743.982376417991,0.02163002
0.07587639,0.04348577,53574.7,0.010302826923076923,741.0330623114094,4756.97439799263,0.02165043
0.07597172,0.04351359,53543.72,0.01029686923076923,743.0413929764886,4769.86663997531,0.02167025
0.07606706,0.04354138,53512.69,0.010290901923076924,745.0476127765394,4782.745331508748,0.02168994
0.0761624,0.04356915,53479.68,0.010284553846153847,747.0282244598657,4795.4596347553,0.02170889
0.07625775,0.04359689,53446.63,0.010278198076923076,749.006937545247,4808.161750176131,0.02172772
0.07635312,0.04362461,53411.53,0.010271448076923076,750.958416471832,4820.689039124659,0.02174579
0.07644848,0.0436523,53376.39,0.010264690384615385,752.9064333685631,4833.194103980608,0.02176371
0.07654386,0.04367997,53339.2,0.01025753846153846,754.8266134649652,4845.520473777968,0.02178088
0.07663924,0.04370761,53301.95,0.010250374999999999,756.7450022870617,4857.835344701059,0.02179794
0.07673463,0.04373523,53262.66,0.010242819230769232,758.6350908161851,4869.968545229163,0.02181424
0.07683003,0.04376282,53223.33,0.01023525576923077,760.5221277397897,4882.082156335332,0.0218304
0.07692543,0.04379039,53181.98,0.010227303846153847,762.3758344218353,4893.981807884446,0.02184574
0.07702084,0.04381794,53140.58,0.010219342307692308,764.2276237877032,4905.869151448352,0.02186096
0.07711626,0.04384546,53097.16,0.010210992307692308,766.0411806403928,4917.511065900372,0.02187531
0.07721169,0.04387295,53053.69,0.010202632692307693,767.8519818744397,4929.135290983321,0.02188954
0.07730712,0.04390042,53008.24,0.010193892307692307,769.6287661823751,4940.54114841867,0.02190299
0.07740256,0.04392787,52962.73,0.010185140384615385,771.4027320966686,4951.928913508238,0.02191631
0.077498,0.04395529,52915.29,0.010176017307692308,773.1443943061178,4963.109308772194,0.0219289
0.07759346,0.04398269,52867.8,0.010166884615384616,774.8841804199711,4974.277660661607,0.02194137
0.07768892,0.04401006,52818.42,0.010157388461538462,776.5961358885062,4985.267357003796,0.02195319
0.07778439,0.04403741,52768.98,0.010147880769230769,778.3075645752255,4996.25367173221,0.02196491
0.07787986,0.04406473,52717.67,0.010138013461538462,779.9880171795717,5007.04113915098,0.02197594
0.07797534,0.04409203,52666.32,0.010128138461538462,781.6667874895132,5017.81780727911,0.02198687
0.07807083,0.0441193,52613.14,0.010117911538461538,783.3177494441605,5028.415962948197,0.02199718
0.07816632,0.04414655,52559.92,0.010107676923076923,784.9664951217849,5038.999891488169,0.02200738
0.07826183,0.04417378,52504.97,0.010097109615384616,786.592462130422,5049.437595047496,0.02201705
0.07835734,0.04420098,52449.98,0.010086534615384616,788.2179675451262,5059.87233545898,0.02202664
0.07845286,0.04422815,52393.34,0.010075642307692307,789.8236692432795,5070.1799482463275,0.02203575
0.07854838,0.04425531,52336.67,0.01006474423076923,791.4288450246098,5080.48418497262,0.02204477
0.07864391,0.04428243,52278.44,0.010053546153846155,793.0124399545506,5090.649885967151,0.02205332
0.07873945,0.04430954,52220.17,0.010042340384615385,794.5950171848608,5100.809053958859,0.02206177
0.07883499,0.04433661,52160.47,0.010030859615384616,796.1549217837546,5110.822677665612,0.02206975
0.07893054,0.04436367,52100.72,0.01001936923076923,797.7134236716716,5120.827296834586,0.02207763
0.0790261,0.0443907,52039.69,0.010007632692307693,799.2534278788635,5130.713172322466,0.02208514
0.07912165,0.0444177,51978.61,0.009995886538461538,800.7941057017134,5140.6033720066625,0.02209257
0.07921722,0.04444468,51916.35,0.00998391346153846,802.3197305361265,5150.396940805885,0.0220997
0.07931281,0.04447164,51854.05,0.009971932692307693,803.8467139709551,5160.199230980335,0.02210676
0.07940838,0.04449857,51790.68,0.009959746153846153,805.3603131351164,5169.915602406841,0.02211357
0.07950399,0.04452548,51727.28,0.009947553846153846,806.8749713375848,5179.63877220493,0.0221203
0.07959959,0.04455237,51662.94,0.00993518076923077,808.3774638019531,5189.28384548126,0.02212682
0.0796952,0.04457923,51598.57,0.009922801923076922,809.8807390661995,5198.933943849139,0.02213327
0.07979081,0.04460607,51533.4,0.009910269230769231,811.3744407230914,5208.522585573047,0.02213957
0.07988643,0.04463288,51468.2,0.009897730769230768,812.8703177744426,5218.125191985271,0.02214581
0.07998205,0.04465967,51402.3,0.009885057692307693,814.3632344219335,5227.708794433858,0.02215201
0.08007769,0.04468643,51336.39,0.009872382692307693,815.8596954743663,5237.31514977219,0.02215819
0.08017332,0.04471317,51269.87,0.009859590384615384,817.3577508636296,5246.9317397678815,0.0221644
0.08026897,0.04473988,51203.33,0.00984679423076923,818.8598607126908,5256.574356890346,0.02217057
0.08036463,0.04476658,51136.27,0.009833898076923076,820.3631634293665,5266.22463148586,0.02217679
0.08046029,0.04479324,51069.19,0.009820998076923078,821.8708035237124,5275.902749366081,0.02218299
0.08055595,0.04481989,51001.66,0.00980801153846154,823.3888183552516,5285.647466648844,0.02218938
0.08065163,0.0448465,50934.11,0.009795021153846154,824.9116217554533,5295.422923583708,0.02219574
0.0807473,0.0448731,50866.2,0.009781961538461538,826.4505792891283,5305.302080074317,0.02220238
0.08084299,0.04489967,50798.28,0.0097689,827.9948608002297,5315.215413210479,0.02220902
0.08093868,0.04492621,50730.12,0.009755792307692308,829.5600588505536,5325.263017604747,0.02221598
0.08103438,0.04495274,50661.94,0.00974268076923077,831.1303125308386,5335.343076019645,0.02222294
0.08113009,0.04497923,50593.66,0.00972955,832.7146517368916,5345.51355480695,0.02223013
0.08122581,0.04500571,50525.38,0.00971641923076923,834.3043869659223,5355.718672727732,0.02223732
0.08132152,0.04503216,50457.13,0.00970329423076923,835.9029875695113,5365.98070087553,0.02224471
0.08141722,0.04505858,50388.89,0.009690171153846154,837.5068271670036,5376.27636012717,0.02225209
0.08151292,0.04508497,50320.8,0.009677076923076924,839.1268638651176,5386.6759947571,0.02225981
0.08160865,0.04511135,50252.7,0.009663980769230768,840.7538082051562,5397.119972180162,0.02226753
0.08170442,0.04513771,50184.84,0.009650930769230768,842.4015017752528,5407.697146839871,0.02227565
0.08180021,0.04516405,50116.98,0.009637880769230769,844.0559949756539,5418.317970924847,0.02228378
0.08189594,0.04519035,50049.56,0.009624915384615384,845.7315380423272,5429.073922145211,0.02229235
0.08199168,0.04521663,49982.14,0.00961195,847.4166967461034,5439.891599814564,0.02230096
0.08208745,0.04524289,49915.15,0.009599067307692308,849.1206105864356,5450.829673872371,0.02230996
0.08218325,0.04526913,49848.16,0.009586184615384616,850.8333453154527,5461.824372585373,0.022319
0.08227908,0.04529536,49781.64,0.009573392307692307,852.5765155977534,5473.014448745243,0.0223286
0.08237487,0.04532155,49715.13,0.009560601923076922,854.328726855258,5484.262562379774,0.02233825
0.08247067,0.04534771,49649.11,0.00954790576923077,856.1204064727613,5495.764038499185,0.02234859
0.08256648,0.04537385,49583.1,0.009535211538461538,857.921431446679,5507.325506032561,0.02235898
0.08266229,0.04539997,49517.62,0.009522619230769231,859.7733885694872,5519.213926492372,0.02237019
0.08275811,0.04542607,49452.15,0.009510028846153847,861.6341308686754,5531.158742356444,0.02238143
0.08285393,0.04545214,49387.33,0.009497563461538462,863.5391932353167,5543.38806566953,0.02239339
0.08294976,0.04547818,49322.52,0.0094851,865.4531615268664,5555.6745595178245,0.02240537
0.0830456,0.04550421,49258.5,0.009472788461538461,867.4033999611229,5568.193885272065,0.02241798
0.08314144,0.04553021,49194.5,0.00946048076923077,869.3635271997149,5580.776691040145,0.02243062
0.08323729,0.04555618,49131.38,0.009448342307692308,871.3537775333489,5593.55286846624,0.02244382
0.08333315,0.04558214,49068.27,0.009436205769230769,873.3610910187729,5606.438580784019,0.02245716
0.08342901,0.04560807,49006.13,0.009424255769230769,875.5810645272701,5620.689439053694,0.02247343
0.08352488,0.04563397,48944.01,0.009412309615384615,877.7446804073684,5634.578516170732,0.02248888
0.08362076,0.04565986,48882.88,0.009400553846153846,879.8470328410807,5648.074319814813,0.02250375
0.08371663,0.04568571,48821.78,0.009388803846153846,881.957420698186,5661.62170591223,0.02251864
0.08381252,0.04571155,48761.74,0.009377257692307692,884.1187847926491,5675.496327956801,0.02253438
0.08390842,0.04573736,48701.73,0.009365717307692308,886.2927439877367,5689.451802765247,0.02255019
0.08400432,0.04576315,48642.84,0.009354392307692307,888.5090299087517,5703.678989001735,0.02256674
0.08410022,0.04578892,48583.97,0.009343071153846154,890.7376173025483,5717.985143092772,0.02258337
0.08419613,0.04581466,48526.23,0.00933196730769231,893.0186345872372,5732.627864688484,0.02260087
0.08429205,0.04584038,48468.52,0.00932086923076923,895.3122960181493,5747.351753890511,0.02261844
0.08438798,0.04586608,48411.93,0.009309986538461539,897.6680629368809,5762.474321951226,0.02263701
0.08448391,0.04589175,48355.37,0.009299109615384616,900.0369378698982,5777.681035364607,0.02265565
0.08457985,0.0459174,48299.95,0.009288451923076922,902.4714924068452,5793.309371253764,0.0226753
0.0846758,0.04594302,48244.56,0.0092778,904.9190562746288,5809.021219008819,0.02269502
0.08477175,0.04596863,48190.34,0.009267373076923076,907.4300318577726,5825.140130796293,0.02271572
0.0848677,0.0459942,48136.15,0.009256951923076923,909.9544673745788,5841.345447041392,0.02273648
0.08496367,0.04601976,48083.14,0.009246757692307692,912.5429972591883,5857.962209525805,0.02275823
0.08505963,0.04604529,48030.16,0.009236569230769232,915.1441447530261,5874.659969265423,0.02278002
0.08515561,0.0460708,47978.38,0.009226611538461538,917.8160107943206,5891.811698384849,0.02280287
0.08525159,0.04609628,47926.62,0.009216657692307693,920.4999643383969,5909.0410218036295,0.02282578
0.08534758,0.04612175,47876.15,0.009206951923076924,923.2601129282182,5926.759470337464,0.02284979
0.08544357,0.04614719,47825.71,0.009197251923076922,926.0298797111027,5944.539661727974,0.02287381
0.08553957,0.0461726,47776.72,0.009187830769230769,928.8610283154544,5962.713886486321,0.02289876
0.08563558,0.04619799,47727.76,0.009178415384615385,931.7032685099963,5980.959312400529,0.02292373
0.08573159,0.04622336,47680.41,0.009169309615384615,934.5942359054433,5999.517536837475,0.0229495
0.08582761,0.04624871,47633.09,0.009160209615384616,937.4989937430105,6018.164287392134,0.02297533
0.08592363,0.04627404,47587.37,0.009151417307692308,940.4523508039451,6037.123014932812,0.023002
0.08601966,0.04629934,47541.68,0.00914263076923077,943.4237732973199,6056.197711387669,0.02302879
0.0861157,0.04632462,47497.43,0.009134121153846153,946.4714858118542,6075.762142641061,0.02305675
0.08621174,0.04634988,47453.2,0.009125615384615385,949.536777261123,6095.439419793952,0.02308483
0.08630778,0.04637511,47410.22,0.00911735,952.7023565861612,6115.76048314442,0.02311431
0.08640384,0.04640032,47367.27,0.009109090384615383,955.882362104815,6136.174153744389,0.02314386
0.0864999,0.0464255,47325.54,0.009101065384615385,959.1721931953033,6157.292836657617,0.02317487
0.08659597,0.04645066,47283.84,0.009093046153846153,962.4723405038694,6178.477743316824,0.02320585
0.08669204,0.0464758,47243.54,0.009085296153846154,965.8557226026802,6200.1969659011265,0.02323795
0.08678812,0.04650092,47203.26,0.00907755,969.2490765233705,6221.980201420608,0.02327002
0.0868842,0.04652601,47164.61,0.009070117307692308,972.7053723404615,6244.1674850250765,0.023303
0.08698029,0.04655108,47125.99,0.009062690384615385,976.1741919361431,6266.43516355003,0.02333598
0.08707639,0.04657613,47089.11,0.009055598076923077,979.6941620714709,6289.031196935132,0.02336976
0.08717249,0.04660116,47052.26,0.00904851153846154,983.2302428765188,6311.730650865538,0.02340363
0.0872686,0.04662616,47017.08,0.009041746153846154,986.8418705278913,6334.915068871224,0.02343861
0.08736471,0.04665114,46981.93,0.00903498653846154,990.4703671678296,6358.207775360663,0.02347368
0.08746084,0.0466761,46948.33,0.009028525,994.1906613113829,6382.089765104391,0.02351003
0.08755696,0.04670104,46914.76,0.00902206923076923,997.9262089081208,6406.069672592915,0.02354643
0.08765309,0.04672595,46882.67,0.009015898076923077,1001.7665765212123,6430.722459821292,0.02358423
0.08774923,0.04675084,46850.61,0.009009732692307693,1005.6206393047092,6455.463161581839,0.02362205
0.08784538,0.0467757,46820.05,0.00900385576923077,1009.5634664502284,6480.773675701738,0.02366103
0.08794152,0.04680055,46789.52,0.008997984615384615,1013.5214909562177,6506.1817474858635,0.02370005
0.08803768,0.04682537,46760.49,0.008992401923076923,1017.5702068562416,6532.172001984206,0.02374027
0.08813384,0.04685017,46731.5,0.008986826923076924,1021.6355562905266,6558.269033495143,0.02378053
0.08823001,0.04687494,46703.96,0.008981530769230769,1025.7941556198612,6584.964671715994,0.02382199
0.08832618,0.04689969,46676.44,0.008976238461538461,1029.9677531131247,6611.756588882352,0.02386349
0.08842236,0.04692442,46650.33,0.008971217307692307,1034.2543316425447,6639.273774493252,0.02390639
0.08851854,0.04694913,46624.24,0.008966199999999999,1038.5527921561138,6666.867235100867,0.02394927
0.08861474,0.04697381,46599.64,0.00896146923076923,1042.94984490075,6695.093596914758,0.02399337
0.08871093,0.04699848,46575.07,0.008956744230769231,1047.3566991635846,6723.38287841942,0.02403742
0.08880713,0.04702312,46552.16,0.008952338461538463,1051.8468829332485,6752.207083871128,0.02408253
0.08890334,0.04704773,46529.28,0.008947938461538461,1056.349816329546,6781.113134048215,0.02412761
0.08899955,0.04707233,46508.2,0.008943884615384614,1060.9116202783011,6810.397096797734,0.02417353
0.08909577,0.0470969,46487.14,0.008939834615384615,1065.4906818046054,6839.791842532181,0.02421949
0.089192,0.04712145,46467.8,0.008936115384615384,1070.1516128162639,6869.712139777909,0.02426658
0.08928822,0.04714598,46448.48,0.0089324,1074.8332808801672,6899.765556086248,0.02431376
0.08938445,0.04717049,46430.63,0.008928967307692307,1079.6253489941093,6930.527672502964,0.02436234
0.08948069,0.04719497,46412.81,0.008925540384615384,1084.435555748047,6961.406227781131,0.02441097
0.08957695,0.04721943,46396.23,0.008922351923076924,1089.3859513451189,6993.18470881375,0.02446124
0.08967319,0.04724386,46379.67,0.008919167307692308,1094.3499365389653,7025.050426661059,0.02451148
0.08976946,0.04726828,46364.36,0.008916223076923076,1099.4346990610663,7057.6914603310815,0.02456309
0.08986573,0.04729267,46349.07,0.008913282692307692,1104.530443206116,7090.40298923522,0.02461462
0.089962,0.04731704,46335.15,0.00891060576923077,1109.7282976244942,7123.77000300326,0.02466731
0.09005828,0.04734139,46321.26,0.008907934615384616,1114.9383778989056,7157.215499213045,0.02471994
0.09015456,0.04736571,46308.86,0.00890555,1120.2301951571073,7191.18569635594,0.02477352
0.09025085,0.04739001,46296.48,0.00890316923076923,1125.5366077945284,7225.249586815376,0.0248271
0.09034714,0.0474143,46285.57,0.008901071153846155,1130.9460285566608,7259.974725789837,0.02488189
0.09044344,0.04743855,46274.69,0.008898978846153847,1136.3710309208475,7294.799889022082,0.02493667
0.09053975,0.04746279,46265.2,0.008897153846153846,1141.9026713941957,7330.309603026663,0.02499269
0.09063606,0.04748701,46255.74,0.008895334615384614,1147.449368414711,7365.91597076107,0.02504868
0.09073237,0.0475112,46247.62,0.008893773076923078,1153.107201453881,7402.235763067635,0.02510594
0.09082869,0.04753537,46239.52,0.008892215384615383,1158.779751694991,7438.650030717339,0.02516316
0.09092502,0.04755951,46232.73,0.008890909615384615,1164.56491536208,7475.7872069813775,0.02522163
0.09102135,0.04758364,46225.96,0.008889607692307693,1170.363400298393,7513.009897563023,0.02528005
0.09111769,0.04760774,46220.49,0.008888555769230769,1176.2725710296306,7550.94312255866,0.02533968
0.09121403,0.04763182,46215.04,0.008887507692307693,1182.1942339504337,7588.956539692759,0.02539925
0.09131038,0.04765588,46210.91,0.008886713461538463,1188.226016844093,7627.676859012776,0.02546001
0.09140673,0.04767992,46206.8,0.008885923076923078,1194.270104105673,7666.4761647723435,0.0255207
0.09150309,0.04770393,46204.05,0.008885394230769231,1200.4150558834674,7705.922958404856,0.0255825
0.09159946,0.04772793,46201.33,0.008884871153846154,1206.5727290706284,7745.451415625327,0.02564422
0.09169583,0.0477519,46199.97,0.008884609615384616,1212.8330469732057,7785.638788497687,0.02570708
0.09179219,0.04777585,46198.64,0.008884353846153846,1219.1079036458993,7825.919491291124,0.02576989
0.09188857,0.04779977,46198.61,0.008884348076923078,1225.4980646112933,7866.940376400643,0.02583395
0.09198497,0.04782368,46198.61,0.008884348076923078,1231.9019371994464,7908.0492816562755,0.02589795
0.09208135,0.04784756,46199.84,0.008884584615384614,1238.4299179567015,7949.954884674837,0.02596326
0.09217776,0.04787142,46201.1,0.008884826923076922,1244.9702095634102,7991.939515740387,0.02602847
0.09227416,0.04789526,46203.6,0.008885307692307692,1251.6247873653394,8034.65779356525,0.02609487
0.09237057,0.04791908,46206.12,0.008885792307692307,1258.2919070986372,8077.4565828402165,0.02616119
0.09246699,0.04794287,46209.87,0.008886513461538462,1265.076677162913,8121.010614547459,0.02622872
0.0925634,0.04796664,46213.65,0.008887240384615384,1271.8759938237997,8164.658026417041,0.02629617
0.09265984,0.0479904,46218.58,0.008888188461538462,1278.79852111437,8209.096374401046,0.02636488
0.09275627,0.04801412,46223.54,0.008889142307692308,1285.735298807495,8253.626201164558,0.02643351
0.0928527,0.04803783,46229.51,0.008890290384615385,1292.8225283999222,8299.121836161887,0.02650363
0.09294915,0.04806151,46235.5,0.008891442307692309,1299.9211636065509,8344.690688155202,0.02657363
0.0930456,0.04808518,46242.47,0.008892782692307692,1307.1611728787384,8391.16707429862,0.02664495
0.09314205,0.04810882,46249.47,0.008894128846153846,1314.4076754717717,8437.685143549841,0.0267161
0.0932385,0.04813244,46257.58,0.008895688461538463,1321.7767359084053,8484.98995843217,0.0267884
0.09333497,0.04815603,46265.71,0.008897251923076922,1329.1516450501838,8532.332318387791,0.02686051
0.09343144,0.04817961,46275.2,0.008899076923076923,1336.613567666213,8580.23325108509,0.02693346
0.09352791,0.04820317,46284.7,0.008900903846153845,1344.0842033980612,8628.190116602376,0.02700627
0.09362439,0.0482267,46295.63,0.008903005769230768,1351.6530243659988,8676.777270669652,0.02708011
0.09372087,0.04825021,46306.58,0.00890511153846154,1359.2373705953635,8725.464087322696,0.02715387
0.09381736,0.0482737,46318.8,0.00890746153846154,1366.9485505199766,8774.965097932509,0.02722892
0.09391385,0.04829717,46331.03,0.008909813461538461,1374.6776426608728,8824.58109390344,0.02730392
0.09401036,0.04832062,46344.22,0.00891235,1382.5811376864206,8875.316648635535,0.02738058
0.09410686,0.04834404,46357.41,0.00891488653846154,1390.5001711037883,8926.151950242409,0.02745714
0.09420337,0.04836744,46371.35,0.008917567307692307,1398.5993855380877,8978.143902649554,0.02753528
0.09429988,0.04839082,46385.29,0.008920248076923078,1406.7052775262014,9030.178720826325,0.02761322
0.09439641,0.04841417,46400.02,0.00892308076923077,1414.9670515460923,9083.214205332286,0.02769245
0.09449294,0.04843751,46414.75,0.00892591346153846,1423.2308521850944,9136.262699480754,0.02777143
0.09458947,0.04846083,46430.49,0.008928940384615384,1431.6099597950943,9190.051393138318,0.02785135
0.094686,0.04848412,46446.24,0.00893196923076923,1439.9910857423959,9243.853043274288,0.02793102
0.09478254,0.04850739,46463.18,0.008935226923076923,1448.475101445777,9298.315182071803,0.0280116
0.09487909,0.04853064,46480.13,0.008938486538461538,1456.9698992995857,9352.846535613096,0.02809204
0.09497565,0.04855388,46498.24,0.008941969230769231,1465.60511631216,9408.279293392889,0.02817376
0.0950722,0.04857708,46516.36,0.008945453846153846,1474.2432259441055,9463.730620001783,0.02825526
0.09516876,0.04860027,46535.46,0.008949126923076922,1483.026068811263,9520.111044554424,0.02833803
0.09526533,0.04862344,46554.58,0.008952803846153847,1491.820331605889,9576.56477798538,0.02842064
0.0953619,0.04864658,46574.51,0.00895663653846154,1500.776549640898,9634.058163992326,0.02850461
0.09545848,0.0486697,46594.46,0.008960473076923077,1509.7383470209766,9691.587365947305,0.02858835
0.09555506,0.0486928,46615.19,0.008964459615384616,1518.842470404615,9750.030212906184,0.02867322
0.09565164,0.04871588,46635.93,0.008968448076923078,1527.952373876502,9808.510164460275,0.02875787
0.09574823,0.04873894,46657.44,0.008972584615384615,1537.2060065573692,9867.91276873006,0.02884364
0.09584484,0.04876197,46678.97,0.008976725,1546.467348645229,9927.36486262933,0.0289292
0.09594143,0.04878499,46701.17,0.008980994230769231,1555.873841710663,9987.748736120202,0.02901589
0.09603805,0.04880798,46723.39,0.008985267307692307,1565.290023672123,10048.194806337082,0.02910238
0.09613467,0.04883095,46746.13,0.008989640384615385,1574.872188467138,10109.706383789582,0.02919012
0.09623129,0.0488539,46768.88,0.008994015384615384,1584.4593665135092,10171.250143218254,0.02927761
0.09632791,0.04887683,46792.08,0.008998476923076924,1594.1988793463472,10233.771797852958,0.02936617
0.09642455,0.04889974,46815.29,0.009002940384615386,1603.9399276723332,10296.303309404937,0.02945445
0.09652118,0.04892262,46838.97,0.009007494230769231,1613.8114035326932,10359.672085140346,0.02954358
0.09661782,0.04894549,46862.65,0.009012048076923077,1623.6836072302215,10423.045533140667,0.02963242
0.09671446,0.04896834,46886.83,0.009016698076923077,1633.6763399724575,10487.192703136738,0.02972206
0.09681111,0.04899116,46911.01,0.009021348076923077,1643.6742443619808,10551.373071912987,0.02981144
0.09690777,0.04901396,46935.61,0.009026078846153847,1653.7975133748257,10616.358204111932,0.02990165
0.09700442,0.04903674,46960.23,0.009030813461538462,1663.925924669988,10681.376346586092,0.0299916
0.09710109,0.0490595,46985.15,0.00903560576923077,1674.1845015911963,10747.230071954042,0.03008239
0.09719776,0.04908224,47010.07,0.009040398076923077,1684.4483678189313,10813.117751401789,0.0301729
0.09729443,0.04910496,47035.2,0.009045230769230769,1694.8380683120765,10879.813209084261,0.03026418
0.09739111,0.04912765,47060.33,0.009050063461538463,1705.228546929565,10946.513661844238,0.03035513
0.09748779,0.04915033,47085.6,0.009054923076923077,1715.7300722208904,11013.926965637846,0.0304467
0.09758448,0.04917298,47110.87,0.009059782692307693,1726.2336804249874,11081.353640444479,0.03053796
0.09768118,0.04919561,47136.21,0.009064655769230769,1736.8481991727747,11149.492292413313,0.03062978
0.09777788,0.04921823,47161.55,0.009069528846153847,1747.4632865353426,11217.634594537709,0.03072131
0.09787458,0.04924082,47186.83,0.009074390384615385,1758.1892880488106,11286.488896980365,0.03081337
0.09797129,0.04926339,47212.12,0.009079253846153847,1768.9159674820132,11355.347551248851,0.03090513
0.098068,0.04928593,47237.21,0.009084078846153846,1779.753775010475,11424.919579226193,0.03099736
0.09816472,0.04930846,47262.29,0.009088901923076924,1790.590888093645,11494.487149293838,0.03108928
0.09826144,0.04933097,47287.08,0.00909366923076923,1801.5263581455813,11564.68611032915,0.03118152
0.09835817,0.04935345,47311.86,0.009098434615384616,1812.4579948260473,11634.860463488147,0.03127342
0.09845491,0.04937592,47336.29,0.009103132692307692,1823.4704154796975,11705.553399841,0.03136549
0.09855164,0.04939836,47360.72,0.00910783076923077,1834.4804172963718,11776.230808754992,0.03145721
0.09864838,0.04942078,47384.78,0.009112457692307691,1845.5455171888423,11847.261913272152,0.0315489
0.09874513,0.04944318,47408.84,0.009117084615384614,1856.6092264601825,11918.28409086088,0.03164025
0.09884188,0.04946556,47432.49,0.009121632692307691,1867.7228872159264,11989.626926115958,0.03173152
0.09893864,0.04948792,47456.15,0.009126182692307692,1878.8337490294973,12060.951793891667,0.03182247
0.0990354,0.04951026,47479.3,0.009130634615384615,1889.9960142615457,12132.606639853377,0.03191332
0.09913217,0.04953258,47502.44,0.009135084615384616,1901.155484894393,12204.243546214913,0.03200385
0.09922894,0.04955488,47524.9,0.009139403846153846,1912.3745143574276,12276.262783466642,0.0320943
0.09932572,0.04957715,47547.36,0.009143723076923077,1923.5912071467797,12348.267020717089,0.03218443
0.0994225,0.04959941,47568.97,0.009147878846153847,1934.858456041367,12420.595796926049,0.03227434
0.09951928,0.04962164,47590.56,0.00915203076923077,1946.1188504372037,12492.88057148822,0.03236389
0.09961606,0.04964385,47611.23,0.00915600576923077,1957.4058416344146,12565.336081081849,0.032453
0.09971287,0.04966604,47631.88,0.009159976923076922,1968.6859093150533,12637.747145976917,0.03254173
0.09980966,0.04968821,47651.6,0.00916376923076923,1979.9573258930714,12710.102676138416,0.03262977
0.09990647,0.04971036,47671.3,0.009167557692307694,1991.2227114946966,12782.419491157832,0.03271744
0.1000033,0.0497325,47690.02,0.009171157692307691,2002.4805158958009,12854.6876395541,0.03280443
0.1001001,0.0497546,47708.74,0.009174757692307692,2013.73263880606,12926.919316289566,0.03289108
0.1001969,0.0497767,47726.38,0.00917815,2024.9678286447645,12999.042293168084,0.03297694
0.1002937,0.04979876,47744.01,0.009181540384615385,2036.1972705963292,13071.128372162613,0.03306245
0.1003906,0.04982081,47760.49,0.009184709615384616,2047.397122430045,13143.024500883397,0.03314707
0.1004874,0.04984284,47776.95,0.009187875,2058.5914540245763,13214.885193079403,0.03323134
0.1005842,0.04986485,47792.26,0.009190819230769231,2069.7165758781516,13286.301601501093,0.0333144
0.1006811,0.04988683,47807.56,0.009193761538461537,2080.8309750444278,13357.649176895546,0.0333971
0.1007779,0.0499088,47821.76,0.009196492307692308,2091.8608154476765,13428.453937277682,0.03347851
0.1008748,0.04993075,47835.93,0.009199217307692308,2102.8843706383477,13499.218350478513,0.03355958
0.1009716,0.04995267,47848.95,0.009201721153846154,2113.8235106026773,13569.440870083861,0.0336394
0.1010685,0.04997457,47861.96,0.009204223076923077,2124.7579869776137,13639.633452326796,0.0337189
0.1011654,0.04999646,47873.63,0.009206467307692307,2135.6257693001335,13709.397899961466,0.03379723
0.1012622,0.05001832,47885.28,0.009208707692307692,2146.489688845851,13779.13755095576,0.03387526
0.1013591,0.05004016,47895.4,0.009210653846153846,2157.278201444719,13848.393135942963,0.03395198
0.101456,0.05006198,47905.49,0.009212594230769231,2168.0600198094085,13917.605748082906,0.03402837
0.1015528,0.05008377,47913.96,0.009214223076923076,2178.7345671124403,13986.129746286571,0.03410318
0.1016497,0.05010554,47922.4,0.009215846153846154,2189.399267696652,14054.590534639403,0.03417764
0.1017466,0.0501273,47929.22,0.009217157692307692,2199.932779783173,14122.209173894487,0.03425034
0.1018435,0.05014905,47936.01,0.009218463461538462,2210.4560405237066,14189.762005842333,0.0343227
0.1019405,0.05017078,47941.23,0.009219467307692308,2220.805754803092,14256.200776738748,0.03439301
0.1020373,0.05019247,47946.41,0.009220463461538462,2231.1398747779413,14322.539441835288,0.03446297
0.1021342,0.05021414,47950.37,0.009221225000000001,2241.2939375893766,14387.722251194622,0.03453118
0.1022311,0.0502358,47954.3,0.00922198076923077,2251.4291970222066,14452.78435448135,0.03459901
0.1023281,0.05025744,47957.25,0.009222548076923076,2261.441885284393,14517.059626585587,0.03466579
0.102425,0.05027906,47960.18,0.009223111538461538,2271.4788995144627,14581.491056373352,0.03473251
0.102522,0.05030066,47960.2,0.009223115384615383,2281.234246798691,14644.11435840235,0.03479534
0.1026189,0.05032224,47960.2,0.009223115384615383,2290.957320770213,14706.530485704483,0.03485771
0.1027159,0.05034379,47958.85,0.00922285576923077,2300.512411700139,14767.868265671243,0.0349182
0.1028128,0.05036533,47957.47,0.009222590384615386,2310.0591557669463,14829.152463934053,0.0349784
0.1029098,0.05038684,47954.41,0.009222001923076924,2319.412569764806,14889.195602607057,0.0350366
0.1030067,0.05040834,47951.33,0.009221409615384616,2328.7608135531386,14949.205551729412,0.03509453
0.1031037,0.05042981,47946.44,0.009220469230769232,2337.8628419505244,15007.634950170976,0.03515
0.1032006,0.05045127,47941.52,0.009219523076923076,2346.9542293078725,15065.996039710277,0.03520518
0.1032976,0.0504727,47934.8,0.00921823076923077,2355.8054454309977,15122.815378320453,0.03525794
0.1033946,0.05049411,47928.05,0.009216932692307693,2364.6467133955452,15179.570855899226,0.03531042
0.1034915,0.05051551,47919.45,0.009215278846153845,2373.238752110998,15234.72643569007,0.03536041
0.1035885,0.05053688,47910.82,0.009213619230769231,2381.8208292329073,15289.818068205333,0.03541013
0.1036855,0.05055823,47900.32,0.0092116,2390.1313201890416,15343.166285341245,0.03545717
0.1037825,0.05057957,47889.77,0.009209571153846153,2398.4289657952686,15396.43204326751,0.03550394
0.1038795,0.05060088,47877.43,0.009207198076923077,2406.408856269485,15447.658009577608,0.03554773
0.1039765,0.05062217,47865.06,0.00920481923076923,2414.371966100928,15498.776254529355,0.03559124
0.1040735,0.05064345,47851.03,0.009202121153846153,2422.0020929888706,15547.756954723976,0.03563177
0.1041705,0.0506647,47836.96,0.009199415384615384,2429.618250056311,15596.647977302508,0.03567204
0.1042675,0.05068593,47821.3,0.009196403846153847,2436.9302200593365,15643.586306875535,0.03570959
0.1043645,0.05070715,47805.62,0.009193388461538462,2444.236234003679,15690.486402231885,0.03574694
0.1044615,0.05072834,47788.19,0.00919003653846154,2451.248369195806,15735.499977577858,0.03578163
0.1045585,0.05074951,47770.72,0.009186676923076923,2458.250939167681,15780.452150119874,0.03581609
0.1046556,0.05077066,47751.43,0.009182967307692308,2464.916978461357,15823.24400364004,0.03584753
0.1047526,0.05079179,47732.11,0.009179251923076923,2471.571340951044,15865.960899293343,0.03587875
0.1048496,0.0508129,47711.02,0.009175196153846153,2477.87460879673,15906.423984262983,0.0359069
0.1049467,0.050834,47689.89,0.009171132692307692,2484.1647669377066,15946.80291302848,0.03593482
0.1050438,0.05085507,47667.03,0.009166736538461537,2490.09739261666,15984.886704296345,0.03595965
0.1051408,0.05087612,47644.13,0.009162332692307693,2496.01651823462,16022.883833513915,0.03598427
0.1052379,0.05089715,47619.45,0.009157586538461538,2501.6081442266454,16058.778617485155,0.03600602
0.1053349,0.05091816,47594.72,0.00915283076923077,2507.1888582735864,16094.603353511118,0.03602758
0.105432,0.05093915,47568.08,0.009147707692307692,2512.43055170973,16128.251786686402,0.03604614
0.105529,0.05096012,47541.41,0.009142578846153847,2517.6598738696334,16161.820803912064,0.03606449
0.1056261,0.05098107,47512.84,0.009137084615384615,2522.516746037916,16192.998922317169,0.03607964
0.1057232,0.051002,47484.24,0.009131584615384615,2527.3580433803677,16224.077059963656,0.03609455
0.1058203,0.05102292,47453.89,0.009125748076923077,2531.7896298874753,16252.525107195239,0.03610607
0.1059174,0.05104381,47423.5,0.009119903846153845,2536.206168031208,16280.876553231888,0.03611739
0.1060145,0.05106468,47391.51,0.009113751923076924,2540.227103080984,16306.688471836589,0.03612548
0.1061115,0.05108553,47359.47,0.009107590384615385,2544.233312012582,16332.405857861417,0.03613339
0.1062086,0.05110637,47325.86,0.009101126923076923,2547.8488446540064,16355.615343490459,0.03613812
0.1063057,0.05112718,47292.21,0.00909465576923077,2551.4496462802913,16378.73026510416,0.03614268
0.1064028,0.05114797,47257.0,0.009087884615384616,2554.664698766134,16399.368915579013,0.03614411
0.1065,0.05116875,47221.76,0.009081107692307694,2557.866830596832,16419.924623431125,0.03614538
0.1065971,0.0511895,47184.95,0.009074028846153846,2560.6819915820292,16437.99621755277,0.03614354
0.1066942,0.05121024,47148.1,0.009066942307692307,2563.482827540306,16455.975853852586,0.03614152
0.1067913,0.05123095,47109.73,0.009059563461538462,2565.8918635402756,16471.440376501487,0.03613642
0.1068884,0.05125164,47071.32,0.009052176923076923,2568.2835254393103,16486.793368157316,0.03613115
0.1069856,0.05127232,47031.39,0.009044498076923077,2570.2834202335107,16499.631457061227,0.03612281
0.1070827,0.05129298,46991.42,0.009036811538461538,2572.264478468507,16512.34862689359,0.03611429
0.1071798,0.05131361,46950.02,0.00902885,2573.8413586787924,16522.471223536755,0.03610261
0.107277,0.05133423,46908.58,0.00902088076923077,2575.397525009231,16532.46084986979,0.03609073
0.1073741,0.05135482,46865.83,0.009012659615384616,2576.5392917886174,16539.79028713009,0.03607568
0.1074713,0.0513754,46823.05,0.009004432692307694,2577.6615833304536,16546.99470539848,0.03606046
0.1075684,0.05139596,46779.05,0.008995971153846155,2578.3901609684294,16551.67172366807,0.03604225
0.1076656,0.0514165,46735.01,0.008987501923076924,2579.10398662327,16556.25404332074,0.03602388
0.1077628,0.05143701,46689.72,0.008978792307692308,2579.4483773844922,16558.46481921909,0.03600271
0.1078599,0.05145751,46644.4,0.008970076923076923,2579.778751340065,16560.585615885735,0.03598139
0.1079571,0.05147799,46597.8,0.008961115384615385,2579.7323659724416,16560.287850485718,0.03595716
0.1080543,0.05149845,46551.16,0.008952146153846154,2579.667054676684,16559.86859232084,0.03593278
0.1081515,0.05151889,46503.3,0.008942942307692308,2579.223062320987,16557.01843572679,0.0359055
0.1082486,0.05153931,46455.4,0.00893373076923077,2578.758656021434,16554.037234226347,0.03587805
0.1083458,0.05155971,46406.32,0.008924292307692308,2577.9203149204,16548.655602343468,0.03584776
0.108443,0.05158009,46357.21,0.008914848076923077,2577.059992370328,16543.13286313944,0.0358173
0.1085402,0.05160045,46306.92,0.008905176923076923,2575.8445648226925,16535.330569259753,0.03578414
0.1086374,0.0516208,46256.6,0.008895499999999999,2574.610436070807,16527.408225203693,0.03575083
0.1087346,0.05164112,46205.07,0.008885590384615385,2573.031616589624,16517.273179639582,0.03571488
0.1088319,0.05166142,46153.5,0.008875673076923076,2571.4328360399095,16507.009996348843,0.03567876
0.1089291,0.0516817,46100.73,0.008865525,2569.479915125026,16494.4734507264,0.03563994
0.1090263,0.05170197,46047.92,0.00885536923076923,2567.5069429372306,16481.80818832094,0.03560094
0.1091235,0.05172221,45993.98,0.008844996153846154,2565.1669507790252,16466.786884476056,0.03555919
0.1092207,0.05174244,45940.01,0.008834617307692309,2562.8047571172424,16451.62306069584,0.03551725
0.109318,0.05176264,45884.98,0.008824034615384616,2560.1022941508377,16434.27491822213,0.03547278
0.1094152,0.05178283,45829.92,0.008813446153846154,2557.3795638354613,16416.796671890603,0.03542813
0.1095124,0.05180299,45773.8,0.008802653846153847,2554.326544873371,16397.198176522597,0.03538102
0.1096096,0.05182313,45717.65,0.008791855769230769,2551.253286300236,16377.469755357133,0.03533373
0.1097068,0.05184325,45660.44,0.008780853846153847,2547.8513492714874,16355.63142158716,0.03528398
0.1098041,0.05186336,45603.2,0.008769846153846154,2544.4277145273795,16333.653801890949,0.03523405
0.1099014,0.05188346,45544.96,0.008758646153846153,2540.6659986664863,16309.50591031513,0.03518159
0.1099987,0.05190354,45486.7,0.008747442307692307,2536.876003940277,16285.176485896645,0.03512891
0.1100959,0.05192358,45427.64,0.008736084615384615,2532.7567903257273,16258.733679629464,0.03507387
0.1101931,0.05194361,45368.55,0.008724721153846154,2528.6122349432235,16232.128194869936,0.03501864
0.1102904,0.05196362,45308.64,0.008713199999999999,2524.160794171413,16203.55269552631,0.03496117
0.1103877,0.05198362,45248.69,0.008701671153846154,2519.688614138607,16174.844062941265,0.03490352
0.110485,0.05200361,45187.88,0.008689976923076922,2514.9448250483274,16144.391868026305,0.03484388
0.1105823,0.05202356,45127.03,0.008678275,2510.1793913799916,16113.800728293758,0.03478407
0.1106796,0.0520435,45065.24,0.008666392307692308,2505.158824162665,16081.571788816036,0.03472232
0.1107769,0.05206341,45003.42,0.008654503846153846,2500.115370259679,16049.19593095738,0.03466039
0.1108742,0.05208331,44940.61,0.008642425,2494.8104866473323,16015.141855894182,0.03459645
0.1109715,0.05210319,44877.76,0.008630338461538462,2489.481060584209,15980.93023346104,0.0345323
0.1110688,0.05212305,44813.96,0.008618069230769231,2483.880824212896,15944.98017617487,0.03446611
0.1111661,0.05214289,44750.14,0.008605796153846153,2478.254329828728,15908.861558670202,0.0343997
0.1112634,0.05216271,44685.46,0.008593357692307691,2472.3534090802173,15870.981293466257,0.03433124
0.1113607,0.05218251,44620.76,0.008580915384615384,2466.424235806321,15832.919664505722,0.03426257
0.111458,0.05220229,44555.31,0.008568328846153845,2460.2395400584637,15793.217739142008,0.03419203
0.1115553,0.05222206,44489.83,0.008555736538461539,2454.0282151253914,15753.344870862587,0.03412128
0.1116527,0.0522418,44423.62,0.008543003846153847,2447.5820222619855,15711.964295588257,0.0340488
0.11175,0.05226153,44357.37,0.008530263461538462,2441.1093198337603,15670.413545287249,0.03397612
0.1118473,0.05228123,44290.34,0.008517373076923076,2434.4349564349473,15627.568256155319,0.03390191
0.1119447,0.05230092,44223.28,0.008504476923076923,2427.738728576456,15584.582610701647,0.03382754
0.112042,0.05232059,44155.28,0.0084914,2420.8815090666135,15540.563498318197,0.03375186
0.1121394,0.05234024,44087.24,0.008478315384615385,2414.00019822619,15496.38973447773,0.03367598
0.1122367,0.05235987,44018.16,0.00846503076923077,2406.9486699671124,15451.123279981724,0.03359869
0.1123341,0.05237948,43949.04,0.008451738461538462,2399.8683094113203,15405.671739955422,0.03352115
0.1124314,0.05239907,43878.95,0.008438259615384615,2392.5986610057207,15359.005088888627,0.03344209
0.1125288,0.05241865,43808.82,0.008424773076923077,2385.29400590774,15312.113716486328,0.03336274
0.1126261,0.0524382,43737.98,0.008411150000000001,2377.755177396188,15263.719095457613,0.03328164
0.1127235,0.05245774,43667.12,0.008397523076923078,2370.176654353548,15215.06966006537,0.03320023
0.1128209,0.05247726,43595.82,0.008383811538461539,2362.389587158265,15165.081500066317,0.03311738
0.1129182,0.05249676,43524.5,0.008370096153846153,2354.5704080860405,15114.887201658265,0.03303429
0.1130156,0.05251624,43452.78,0.008356303846153846,2346.6078211646422,15063.772313465915,0.03295023
0.113113,0.0525357,43381.03,0.00834250576923077,2338.6195115044343,15012.492301183713,0.03286597
0.1132104,0.05255514,43308.66,0.008328588461538462,2330.5645142353897,14960.78419565705,0.03278118
0.1133078,0.05257457,43236.26,0.008314665384615385,2322.488372016353,14908.940352616264,0.03269621
0.1134052,0.05259397,43162.97,0.008300571153846154,2314.3502961425725,14856.698933778966,0.03261064
0.1135026,0.05261335,43089.66,0.008286473076923078,2306.1851493157906,14804.283736149728,0.03252483
0.1136,0.05263272,43015.4,0.008272192307692309,2297.932522373479,14751.306970230122,0.03243821
0.1136974,0.05265206,42941.12,0.008257907692307692,2289.6480470977676,14698.125757688216,0.03235131
0.1137948,0.05267139,42866.03,0.008243467307692308,2281.252287496985,14644.230168538592,0.03226348
0.1138922,0.0526907,42790.91,0.008229021153846154,2272.82568859636,14590.136610138657,0.03217538
0.1139896,0.05270999,42715.0,0.008214423076923077,2264.329484571674,14535.596229849161,0.03208669
0.114087,0.05272926,42639.05,0.008199817307692309,2255.8194583595855,14480.967119656856,0.03199786
0.1141845,0.05274852,42561.83,0.008184967307692309,2247.3882040153385,14426.843676185326,0.03190938
0.1142819,0.05276775,42484.57,0.008170109615384615,2238.9388124932493,14372.603803238464,0.03182071
0.1143793,0.05278697,42405.52,0.008154907692307692,2230.6395517752503,14319.327677292553,0.03173267
0.1144767,0.05280617,42326.45,0.008139701923076923,2222.2269381532137,14265.32389574007,0.03164378
0.1145742,0.05282534,42248.05,0.008124625,2213.3978224889265,14208.646428420428,0.03155197
0.1146716,0.0528445,42169.69,0.00810955576923077,2204.280834434929,14150.120998226539,0.03145804
0.1147691,0.05286365,42101.15,0.008096375000000001,2193.045090947087,14077.994467262639,0.031351
0.1148665,0.05288277,42032.7,0.008083211538461537,2181.5542279440915,14004.23022664213,0.03124204
0.114964,0.05290188,41984.56,0.008073953846153845,2166.708066326441,13908.92704205366,0.03111728
0.1150614,0.05292096,41936.52,0.008064715384615385,2152.094461832218,13815.11673050754,0.03099395
0.1151589,0.05294003,41900.04,0.008057700000000001,2135.8101544316805,13710.581538579969,0.03085899
0.1152563,0.05295908,41862.84,0.008050546153846153,2119.3062170586572,13604.636457931794,0.03072258
0.1153538,0.05297811,41890.15,0.008055798076923077,2097.8263973668063,13466.74928724481,0.03077687
0.1154513,0.05299712,41916.88,0.00806093846153846,2078.4134467666736,13342.130139070392,0.03084369
0.1155488,0.05301611,41830.77,0.008044378846153846,2069.8150060052085,13286.933462099783,0.03090362
0.1156462,0.05303509,41744.84,0.008027853846153845,2060.3448700838426,13226.141040796834,0.03095647
0.1157437,0.05305404,41618.74,0.008003603846153846,2055.446230281826,13194.694799990122,0.03090062
0.1158412,0.05307298,41492.77,0.007979378846153845,2050.1136331060648,13160.462820973182,0.03084138
0.1159387,0.0530919,41368.41,0.007955463461538461,2045.5940876964014,13131.450131934349,0.03072026
0.1160362,0.0531108,41244.04,0.007931546153846154,2040.6066287010638,13099.433726785224,0.03059563
0.1161337,0.05312968,41142.31,0.007911982692307692,2033.0585546246289,13050.979754942517,0.03044522
0.1162312,0.05314854,41040.61,0.007892425,2025.2129924240683,13000.616093151888,0.03029272
0.1163287,0.05316739,40969.97,0.007878840384615384,2013.4224200373214,12924.927903469114,0.03013163
0.1164262,0.05318621,40899.39,0.007865267307692308,2001.9042484666638,12850.988358717357,0.02997268
0.1165237,0.05320502,40845.87,0.007854975,1988.3929707384357,12764.254303914362,0.02981194
0.1166212,0.05322381,40791.61,0.007844540384615385,1974.5656964613609,12675.491746512536,0.02964931
0.1167187,0.05324258,40802.73,0.007846678846153846,1956.0267933671757,12556.483443278632,0.02968857
0.1168162,0.05326134,40813.4,0.00784873076923077,1939.4784049070115,12450.253014116004,0.02974089
0.1169138,0.05328007,40715.4,0.007829884615384615,1932.6862830580417,12406.651788493471,0.02978746
0.1170113,0.05329879,40617.58,0.007811073076923077,1925.040979682466,12357.57366462534,0.0298271
0.1171088,0.05331749,40483.72,0.007785330769230769,1920.8774963245532,12330.846673958713,0.0297582
0.1172064,0.05333617,40349.97,0.0077596096153846154,1916.2635357650197,12301.227897993997,0.02968571
0.1173039,0.05335483,40221.15,0.0077348365384615385,1912.0826232577767,12274.389022957617,0.02955401
0.1174014,0.05337347,40092.34,0.007710065384615384,1907.4278820522454,12244.50846044273,0.02941864
0.117499,0.0533921,39987.48,0.0076899,1900.3553673410402,12199.107285890965,0.02926157
0.1175965,0.05341071,39882.66,0.0076697423076923085,1892.9730527367844,12151.717387441853,0.02910226
0.1176941,0.05342929,39809.87,0.007655744230769231,1881.9840412458589,12081.174723449876,0.02893814
0.1177916,0.05344785,39737.16,0.007641761538461539,1871.3309328792802,12012.788349971766,0.02877678
0.1178891,0.0534664,39681.86,0.007631126923076923,1858.9537834625005,11933.334698184488,0.0286169
0.1179867,0.05348493,39625.85,0.007620355769230769,1846.2100944715876,11851.528088805057,0.02845471
0.1180843,0.05350345,39629.6,0.007621076923076923,1829.494065302243,11744.221509869643,0.02849567
0.1181819,0.05352196,39632.89,0.007621709615384616,1814.7229314423053,11649.399957128293,0.02854997
0.1182794,0.05354043,39527.62,0.0076014653846153855,1808.9453337753246,11612.311349910146,0.02859366
0.118377,0.05355889,39422.41,0.007581232692307693,1802.9222364452012,11573.646786541482,0.02863518
0.1184745,0.05357733,39279.63,0.0075537749999999996,1802.4258675678016,11570.46040503998,0.0285901
0.1185721,0.05359576,39136.7,0.007526288461538461,1803.2514000929887,11575.759813779958,0.02855537
0.1186698,0.05361417,38971.86,0.007494588461538462,1831.1397335226475,11754.785683035732,0.02867025
0.1187674,0.05363256,38815.58,0.007464534615384616,1820.4779051834757,11686.343332721382,0.0284798
0.118865,0.05365093,39127.87,0.007524590384615385,1717.3544858336018,11024.354697355126,0.02747894
0.1189626,0.05366929,39738.55,0.007642028846153847,549.2044716399342,3525.553370999722,0.01545109
0.1190602,0.05368762,57924.4,0.011139307692307693,-11175.042458469341,-71736.86786066738,0.07469881
0.1191578,0.05370593,102614.0,0.01973346153846154,-28816.77653311506,-184985.90032288842,0.1543959
0.1192554,0.05372423,277479.0,0.053361346153846155,-34147.46298714251,-219205.61368687646,0.3657456
0.119353,0.05374251,353480.6,0.06797703846153846,-25694.080594089508,-164940.12181426684,0.3938007
0.1194506,0.05376077,377755.5,0.07264528846153846,-21019.08246473797,-134929.52236459867,0.4317363
0.1195482,0.05377902,404150.3,0.07772121153846154,-18097.016331546532,-116171.6632463079,0.4628703
0.1196458,0.05379724,411533.8,0.07914111538461538,-16552.11726377642,-106254.36577790324,0.49257
0.1197435,0.05381545,416672.2,0.08012926923076923,-15014.73719536689,-96385.33563962988,0.5229169
0.1198411,0.05383364,408804.2,0.0786161923076923,-12999.99174186612,-83451.91467878803,0.5356938
0.1199387,0.05385181,397999.1,0.07653828846153846,-11051.413486327472,-70943.24624614099,0.5406081
0.1200364,0.05386997,375967.3,0.07230140384615384,-9132.610710091993,-58625.71799324698,0.5263087
0.120134,0.0538881,358266.6,0.06889742307692308,-7816.966317027662,-50180.093886883515,0.5231133
0.1202316,0.05390622,345292.4,0.06640238461538461,-6742.4006316739315,-43282.04612873776,0.5206061
0.1203293,0.05392432,337802.5,0.06496201923076923,-6009.664207148249,-38578.331019086494,0.5279883
0.1204269,0.0539424,337541.6,0.06491184615384615,-5498.663218513068,-35298.0204041939,0.5429657
0.1205246,0.05396046,336507.8,0.06471303846153846,-4980.506053911415,-31971.771561182504,0.5531478
0.1206222,0.05397851,335908.5,0.06459778846153846,-4532.7426631926455,-29097.40725230305,0.5610719
0.1207199,0.05399654,334260.4,0.06428084615384616,-4092.596515064706,-26271.940934391583,0.5644691
0.1208176,0.05401455,331488.6,0.06374780769230769,-3696.0502755316306,-23726.35909058665,0.5622094
0.1209152,0.05403254,327964.1,0.06307001923076923,-3317.8979891393783,-21298.855060875256,0.5568014
0.1210129,0.05405051,323079.2,0.06213061538461539,-2978.0700114222145,-19117.369413419998,0.5459953
0.1211106,0.05406847,317377.7,0.061034173076923076,-2647.445000723847,-16994.96112798882,0.5320894
0.1212082,0.05408641,310002.6,0.05961588461538461,-2347.4493754263635,-15069.174571855094,0.5141402
0.1213059,0.05410433,301787.7,0.05803609615384615,-2056.179814174349,-13199.40395532069,0.4935965
0.1214036,0.05412223,291811.0,0.0561175,-1787.6273807423447,-11475.463263160571,0.4707233
0.1215013,0.05414012,281111.9,0.05405998076923078,-1534.4146675977886,-9849.994097293962,0.4463274
0.121599,0.05415799,268927.6,0.05171684615384615,-1301.1900289269695,-8352.836019518561,0.4218636
0.1216966,0.05417584,256502.3,0.04932736538461538,-1095.4609016020008,-7032.18213593384,0.3980907
0.1217943,0.05419367,243361.0,0.04680019230769231,-912.7384334229404,-5859.216788942965,0.3773637
0.121892,0.05421149,230601.1,0.04434636538461539,-767.2241608132202,-4925.105067682048,0.3605312
0.1219897,0.05422928,218149.1,0.04195175,-647.7190862472318,-4157.956327560503,0.3497515
0.1220874,0.05424706,206702.6,0.0397505,-565.9275430474835,-3632.905156753222,0.3465302
0.1221851,0.05426483,196549.0,0.037797884615384615,-507.0827891016913,-3255.1581948252597,0.349731
0.1222829,0.05428257,187838.0,0.03612269230769231,-471.34267894582683,-3025.7287703639836,0.3606276
0.1223806,0.0543003,180844.8,0.03477784615384615,-453.28044318742303,-2909.7803769073817,0.3755601
0.1224783,0.054318,174952.9,0.03364478846153846,-445.4133475684899,-2859.2784838756534,0.3961384
0.122576,0.05433569,170484.2,0.03278542307692308,-451.6754349681367,-2899.47721582588,0.4197564
0.1226737,0.05435337,166948.7,0.032105519230769236,-466.20321587727534,-2992.7365929835714,0.4493999
0.1227715,0.05437102,164785.0,0.03168942307692308,-485.90210130208317,-3119.191266061872,0.481737
0.1228692,0.05438866,163331.1,0.03140982692307692,-505.98765624569495,-3248.1281185394246,0.5164622
0.1229669,0.05440628,162896.9,0.03132632692307692,-523.3001897568672,-3359.2638867872756,0.553153
0.1230646,0.05442388,162837.4,0.03131488461538461,-533.801203200132,-3426.673904832591,0.5877626
0.1231624,0.05444147,163233.8,0.031391115384615385,-542.7862058850936,-3484.352070507061,0.6245021
0.1232601,0.05445903,164384.1,0.031612326923076924,-549.7565061156445,-3529.0970912482785,0.6612581
0.1233579,0.05447658,165981.2,0.03191946153846154,-558.3812384798232,-3584.4625440635205,0.6999299
0.1234556,0.05449411,168369.9,0.03237882692307692,-570.9167358104947,-3664.932691619569,0.7423013
0.1235534,0.05451163,171440.4,0.032969307692307694,-578.3113256014957,-3712.401389183116,0.780664
0.1236511,0.05452912,174563.6,0.03356992307692308,-582.9174975273456,-3741.9701669319456,0.817291
0.1237489,0.0545466,178149.3,0.034259480769230764,-576.4986078565413,-3700.764861284296,0.8446894
0.1238466,0.05456407,181100.7,0.03482705769230769,-561.1842742302033,-3602.4563016694574,0.8639322
0.1239444,0.05458151,184018.4,0.03538815384615385,-534.5098542464588,-3431.2230066958355,0.8720721
0.1240422,0.05459894,186189.1,0.03580559615384615,-494.94096970858965,-3177.2152163866504,0.8659955
0.1241399,0.05461635,187804.0,0.036116153846153846,-439.89075682927404,-2823.826863572643,0.8405554
0.1242377,0.05463375,188733.8,0.03629496153846153,-363.40199727242157,-2332.8162873221922,0.7851321
0.1243355,0.05465112,188228.0,0.036197692307692306,-270.7723507369899,-1738.1911896379768,0.6924328
0.1244333,0.05466847,186683.6,0.03590069230769231,-162.3062627317244,-1041.9059225784165,0.5469388
0.1245311,0.05468579,181701.5,0.03494259615384615,-28.803325890009155,-184.89955550489645,0.2322564
0.1246288,0.05470309,174648.5,0.03358625,125.04231380540637,802.6943947449836,0.486644
0.1247266,0.05472038,166441.2,0.03200792307692308,162.96832499867853,1046.1559532638953,0.5531203
0.1248244,0.05473767,165149.7,0.03175955769230769,43.20695902388072,277.3619806525503,0.286838
0.1249222,0.05475496,160437.5,0.030853365384615385,5.616469884591238,36.05426641121918,0.1057655
0.12502,0.05477226,170347.5,0.032759134615384614,94.40522453853546,606.0232113878847,0.440526
