case_id,geometry_id,pc_pa,t0_k,pa_pa,of_ratio,separated,x_sep_m,physics_accepted,provisional,p_s000,p_s001,p_s002,p_s003,p_s004,p_s005,p_s006,p_s007,p_s008,p_s009,p_s010,p_s011,p_s012,p_s013,p_s014,p_s015,p_s016,p_s017,p_s018,p_s019,p_s020,p_s021,p_s022,p_s023,p_s024,p_s025,p_s026,p_s027,p_s028,p_s029,p_s030,p_s031,p_s032,p_s033,p_s034,p_s035,p_s036,p_s037,p_s038,p_s039,p_s040,p_s041,p_s042,p_s043,p_s044,p_s045,p_s046,p_s047,p_s048,p_s049,p_s050,p_s051,p_s052,p_s053,p_s054,p_s055,p_s056,p_s057,p_s058,p_s059,p_s060,p_s061,p_s062,p_s063,p_s064,p_s065,p_s066,p_s067,p_s068,p_s069,p_s070,p_s071,p_s072,p_s073,p_s074,p_s075,p_s076,p_s077,p_s078,p_s079,p_s080,p_s081,p_s082,p_s083,p_s084,p_s085,p_s086,p_s087,p_s088,p_s089,p_s090,p_s091,p_s092,p_s093,p_s094,p_s095,p_s096,p_s097,p_s098,p_s099,p_s100,p_s101,p_s102,p_s103,p_s104,p_s105,p_s106,p_s107,p_s108,p_s109,p_s110,p_s111,p_s112,p_s113,p_s114,p_s115,p_s116,p_s117,p_s118,p_s119,p_s120,p_s121,p_s122,p_s123,p_s124,p_s125,p_s126,p_s127
mock_0000,DLR_PAR,2704251.7229013536,3486.7809245113017,94403.06458422943,3.250883557465765,1,0.10559900317899926,0,1,1066020.821635636,1029003.4258359972,1003034.0845309643,973808.7424166605,947580.4929382892,918366.8866371791,892254.856069696,870077.0216875754,842140.0808877106,814066.6800601578,793479.4537833559,767820.0449864285,744275.0564746481,723506.8670958614,701639.0840811672,681003.4363429327,661357.0366087167,644034.2422005644,624776.282427423,610413.6918137104,581624.4494695928,576056.6511108307,551152.7318111346,532450.7033850807,520193.3989595618,504838.8832145508,494601.21556405025,475572.06520434364,458571.48390478315,450534.4197710962,436787.48493150773,422329.55445556936,412294.34889796877,395920.26209907536,387886.0507927299,376999.7834007766,365255.96458623075,352595.3962208992,344569.2941700121,335133.21994344244,326271.3026861127,311862.86573571863,304448.1666305044,298555.3710841573,289226.9236274951,282032.5860638469,268827.0449540161,267467.99570367363,258216.83906428659,248987.57157404663,236825.1106378669,233436.4040673118,224086.7136178346,220975.97396593244,214337.9366376835,210043.08121461494,198192.7808106552,197283.98762036572,190695.36410193006,183920.13941493919,181891.18967828565,176815.01001694944,168842.42271657637,163192.78339109875,159195.657403707,158155.36773614847,152337.4093973467,146815.92996098514,142930.41555692293,135509.10129954986,130906.21619603584,134136.5300503257,123824.0681441478,120068.83153793738,118168.53894840473,109968.4677648132,112051.17623326223,108917.29059893842,102914.18463455365,104488.00722312105,99486.8471311855,94441.45426751133,93568.96258448156,90645.19920916652,86482.83259225229,90568.6848162599,81491.82021482084,78500.30364067905,80336.72577914357,73903.58131864268,76285.19334484945,72084.60174978944,71244.30910260377,64373.48041874877,62278.5950162542,65842.38925031821,55109.62475531359,64715.593019588996,57946.606844108195,54764.91737898318,54660.16572746358,57051.60402772054,58830.95143052681,55762.70855145659,54016.066351085465,61560.92861775866,73905.72745853935,76306.32440630342,83347.76131775169,89314.77594546518,96630.31728248084,110600.83616948524,106416.60477679007,108572.32630126954,111307.68607101332,112430.55995216475,112738.41698355395,108462.43307958769,111846.74244834771,106433.0662694739,106793.25300281926,105607.01719526552,100549.23660841258,106072.59636756871,106708.58042887955,104795.51660387366,109716.56312828793,96732.08811154575
mock_0001,DLR_PAR,3996223.0720406426,3485.283459876996,69275.59896914125,3.2080988536284623,1,0.06058690428036325,0,1,1576454.9566218674,1534014.8143848623,1486722.339796656,1439615.1042413327,1402051.6812949565,1357924.2627219504,1317611.677959863,1279771.0841032497,1240567.7936192572,1209108.1541946263,1174685.9201724448,1133800.763877934,1104005.230064934,1074554.2272257784,1041566.133907625,1011448.5703639592,973552.5314297045,951748.3207604056,921134.5594044024,893169.5608995204,868194.417175531,842819.1105774075,817440.4816896362,794244.1331149183,772198.5931660332,751794.3100124657,729897.968388615,708404.6263121847,685485.8990249588,660552.5261449994,647551.1264211418,626230.2260676033,607069.3007363289,587394.8446820027,572571.8910399291,554906.9211582005,537002.4222604987,522369.1865131186,509524.2521389056,493916.4580492508,478463.0025892952,464819.929062956,452415.68991064746,437604.92891654803,430441.36739763845,411107.60923480015,399200.42205224396,390425.4510873434,376666.1162808651,368019.2051564615,351309.3802722536,341545.42733071785,338953.70796122134,328787.49411995115,318264.47623977053,308429.3837167673,304876.1177268197,296859.33166047325,294047.99546956626,294044.3375051111,281075.5796496046,282064.2269374961,286016.4120402303,284267.31277621427,278779.38082070823,278646.7656495049,273608.20019448304,272094.8470401711,262574.1543662214,260016.29440361026,249716.41998573902,249384.99532425497,244535.34481582444,236844.30024036363,227878.90652197506,225301.65241234636,221764.3462141809,215268.87367248672,212284.27339871493,207566.24584734847,202604.00568619155,194516.13129187084,195350.73487170227,189813.67885155173,185749.24100130968,181231.9393700448,175053.79590128388,176336.07322861638,170466.34323291483,167465.02742530667,164620.5783121833,161820.72892775535,160418.34234690946,155144.73233529364,151703.87346159574,151724.14452559262,150419.22469286347,145863.65997056384,144003.6993579393,138028.20714706474,135352.53451293512,135925.90530923678,130561.48203141273,129774.878244529,123430.68655181043,126687.43452568042,126119.50522163224,124745.65426016111,118908.14313255443,117876.56169252419,114049.07165937521,114189.17669368123,111521.9480251129,111330.37435243493,105790.0045812548,109398.30367010011,109960.81466448244,100402.21459313536,101598.0404846488,106499.9094939077,100584.03142072626,96388.65959128561,98682.8984729901,97359.56863074187,93628.87918034886,94262.44527419287,98610.64891254096,94345.69799169787
mock_0002,DLR_PAR,4834443.884644869,3486.656404086715,86102.77196702763,3.2473258310489994,1,0.06297158209878445,0,1,1908165.302469911,1850104.2822849574,1799493.8696184698,1745154.9025365103,1689935.3925356641,1643573.7593714888,1598524.490536861,1550075.6045148536,1502800.6458093673,1462160.697429692,1413059.4366769982,1374784.125400285,1332500.7147281235,1295390.3649653955,1251123.0198206317,1217417.7687951266,1185480.2544356762,1155610.3022144963,1120799.8133156642,1079837.847951268,1052765.5127361747,1015844.3952204367,988559.5601489113,963387.8507271304,930684.7796415495,910278.3605051449,878218.202532329,854570.4787468424,825239.2805976223,802962.5825839028,782462.930897851,757879.6223349491,737017.3573662685,714195.1188399477,696811.0893027246,674152.9877877525,653106.6286342477,633864.5769680688,614555.655411976,594792.6432454069,576910.072971309,564623.3021963899,544589.3739534232,528987.5459401641,512680.48820461467,499905.8681967452,489839.6538484662,470888.3154844352,455536.9497153659,438479.5020107781,429106.84500021016,417833.88204419264,404065.4342246331,391460.33991223865,381633.18319038337,372652.6235305029,360845.29521674453,350735.7975981977,343236.5594528452,336671.902077275,328758.2727078345,326271.3560066411,326748.85719821526,323111.00212614186,322579.56113295536,324879.7090621141,327228.67435965745,320580.47913794854,317897.95584797236,309358.3735824356,307745.87924969,302291.47830073134,292163.55449156713,286447.58241768484,281859.3253296511,276699.6472093404,267696.4206195555,266341.78164260916,256234.7988070373,249386.280045232,245552.00902817535,238040.32970194975,240809.07303584274,232415.6971862216,227235.98500194092,224290.24350361596,215373.4234939157,210201.02259606821,208855.2476057475,204485.86533450673,201573.35505121486,195821.3831228936,194087.8986218377,190391.4804347412,182664.8002948564,185312.86488612468,180939.79142825853,178650.36276252224,174725.02963050304,174335.26577213436,171120.99765415082,165732.34392284398,160071.402727593,156925.24297789615,159940.69913614492,158486.29777406232,151232.5387004137,152982.28421661205,144446.5451490328,146670.13571725535,138093.93973487493,145955.2424706682,139820.81374437435,138350.83229773224,136721.05162130724,131284.94027639373,129518.65529707065,128126.52162164463,126968.85196445412,126888.49924563848,125204.42850531651,123096.53033205154,121504.10240406626,119879.08878520591,119336.9472642092,115744.65779922645,117009.25834335737,112784.47525327875
mock_0003,DLR_PAR,2842052.478354954,3484.14513539811,67214.14140269755,3.1755752970888618,1,0.08446049819996089,0,1,1121223.207281153,1085460.9469021845,1056907.3381576305,1027606.1998684584,996346.7830175569,967381.3138651521,935536.7473311971,911041.2295227007,885957.9552953307,856612.2533836524,833876.8353093872,812426.3108428611,781631.8217395457,759095.6955302313,742392.9707608402,714563.6867406843,698040.2934014258,676927.2234681016,657729.6728044448,634887.3699651598,615383.2928799527,595644.9911936335,582726.7191647906,564651.4386044716,548061.6475305102,533305.1032865432,517312.2099587778,507182.6463740768,490738.6726580084,469191.24546006246,459598.6662077482,445346.430307606,428673.3067139313,414666.7983228421,408100.45883194124,393448.16904167534,385327.823377478,371308.93427281716,362341.156283116,351614.0651333017,339682.0708061093,331179.7867319402,323652.31050535716,313485.1052298351,304142.405568106,290598.0861981685,282894.48157847504,276401.7952106998,266632.2838000801,252998.790034406,252328.4225102944,243044.4872009426,238760.8458048178,230420.81046494466,226816.65460059672,216228.25664724014,207784.11180189456,203045.4379457419,198295.07491912192,195482.21380263576,186000.91524809648,180043.24279991057,177974.63735589597,168350.3023405962,164032.5996024063,159245.81706735666,161748.78232824896,155079.3514199389,147807.21175290504,144663.37001409073,140653.0465627295,138328.52003379006,131617.22498033202,125509.22223078032,122076.05484968559,125861.75521841057,121252.79854036408,118329.44242592629,107984.32728172492,107074.74206693661,110865.88883366018,108100.68654367603,110413.58023594347,101033.14092836136,100507.94424594201,109105.74804381744,115661.37483626351,120550.21151177649,123328.10827575871,123074.72999391989,121171.5107095403,120400.57552518451,125031.89415585581,126157.3856647192,120251.93312447712,121274.4484969027,121418.33852328171,110208.32195956088,114133.75772834224,115611.97706988637,115462.40099939762,110421.46596486459,110116.81162603952,110685.87262141085,101063.38651457528,109310.848843987,103999.22222765839,103349.03461922641,97952.79619420918,97322.99220643724,102056.11589484892,98885.36121478702,92314.46540463602,97356.43059072495,97235.54281161507,89785.77376924708,91703.3145162949,91910.1998581512,88403.9588801354,87773.58188953962,90682.35221230189,87106.99981456203,81847.59767642972,82423.08430374743,82068.40464755766,84536.66786778154,81961.2295580624,82644.98294125668
mock_0004,DLR_PAR,4993212.856526305,3484.903086537859,93393.52964168732,3.19723104393883,1,0.06713044835858561,0,1,1964064.0073610703,1908844.8755087866,1863466.4319528264,1805267.7527923614,1750099.9466124452,1696804.8785517837,1650375.5156236412,1598672.6678352896,1551505.9991818964,1504473.3305381783,1464447.1513733317,1417157.1139239909,1381742.3395905553,1338807.7414517615,1301898.2022435472,1264136.622032545,1224331.9978201669,1189602.0525785114,1156032.2927704842,1112902.0052767186,1086047.5825721202,1058085.5134493522,1022557.7174281604,997835.329126818,962742.5370148813,934105.5757015311,912774.2532356211,881362.9061411251,855637.9959097523,831675.9492291843,804438.5325048348,784628.1498673672,759777.4370685171,736924.9893283985,717208.1183827609,695273.4421032355,675889.9361597564,657546.5997606006,634196.6894742064,614463.6499349305,600398.3907488898,582510.8627386427,563302.0739325776,546462.1747577877,533683.4852028673,519906.065596924,500010.9878363362,486804.290499087,472626.24561283004,454036.2312005429,440637.77860882843,433196.29962091806,422766.7707211321,405578.313403425,396501.07085015,379567.5647608621,375285.1095355623,365801.7853314645,348447.3144047584,342645.2727636903,332446.19150018494,325229.36343868927,311989.85015974543,307047.9925101223,301008.70391749823,300561.97917304834,294515.8594392058,298602.5214946415,297458.203476015,301321.00674636714,307722.1174228021,302367.1365784141,300593.1214383495,292833.20669321297,293998.98395196826,283426.60008416197,279294.9411000156,270289.1736385425,269105.2407687173,263814.88483859977,254683.26590623576,251997.72811606847,253167.4210227084,242606.47092723922,236000.34425038056,234787.38960671134,230276.08465817693,224397.3698504768,219937.236803185,218206.4241283702,213093.42458843932,204996.1776472663,203547.18405356572,200340.20429975877,199638.16740002998,193442.00165277757,187378.83967201033,188227.47763978614,183686.26383467508,178749.10401016622,177313.55924188573,172428.39073257227,165810.52812009212,165878.63463404682,165591.81477380462,162363.8798589799,159207.00791857846,158366.40574085966,161318.83512288862,150627.76683660428,148933.86465768307,152538.70925967718,145702.69595042162,143576.04828062502,144014.51510932372,137402.65754992902,138343.31376755892,134069.78479064305,136550.13231216013,134664.36933250146,127634.37972286016,125723.49817270022,126498.77681230061,124887.01256931877,123354.73777301787,123495.49217968345,122852.19926970202,120665.13901960991
mock_0005,DLR_PAR,2458463.470975355,3484.9651080927897,85985.0784212368,3.1990030883654175,1,0.10568279461997158,0,1,968441.985214417,942948.7401098532,916213.6751111959,889270.4021855472,856493.4636404904,839768.4521753982,814743.7636548504,789092.3409692456,764252.140692116,746649.9156942373,720167.5294324012,700269.0558772564,675406.488669432,659947.25373108,637847.4343744904,622389.0621005152,601885.2516533433,583881.0579481077,569678.2785221688,552809.5043795567,533722.9408502871,517067.3391838955,502438.8910239042,491445.804002334,475379.26101036597,463177.5231995242,446382.6544559379,436131.72938638,419739.153705892,412783.95944351796,398418.4591056961,381305.67314438085,376610.2678435365,363209.2138825725,350230.30964398815,347092.3344627553,331303.6684983683,324488.3709429345,315721.85733089974,303219.86469574523,295758.79382267303,284788.8980532559,278002.4640425326,268309.19111151353,257267.4819486651,256194.49904409447,247391.53297374034,239864.11927410576,233020.98967519996,228467.14974608156,216634.2377811872,212442.99604282522,206247.6224078148,203414.1422110728,196817.8166062855,185149.06306904284,183003.25111130535,181233.95492224905,174971.0523586776,168477.82203727926,160509.3290627537,157527.30927212385,149340.21817860083,150655.09301985108,142412.3679296348,140274.56198401153,135729.9612466389,132948.98573075756,130646.19970541229,125618.64828466404,118190.86592048706,119077.09649212002,112396.90460700779,109580.21752538836,109224.40101911455,100449.8760315346,102330.28574800177,98208.75034017347,93878.58262261788,88983.75251076708,86117.37563910044,84047.78931248268,89204.9133065077,81489.56769711163,78816.55000547034,77295.94054022337,74252.34622026434,75633.11350089955,72684.8220152704,67808.52423329707,69569.42152263066,65689.165856973,62915.520940223134,58383.63993720434,58851.028650414206,54354.01782054152,56539.11767683295,55620.03622011993,57303.695467784964,50661.17450778599,50590.58055673483,55451.80489848679,48529.96830335714,49634.70950053371,51410.550634707244,52036.6534484509,62795.535810039844,64072.19985342557,75812.08567115967,81575.55031229359,87285.30950127068,93627.50615489723,99520.60181819354,101193.17230820854,101990.79601030667,99181.400681878,98833.55470898956,101145.20235075735,102079.02714954726,99210.12582977785,98883.18508813666,97675.60706326678,97769.49198200386,90825.99931107117,98580.21900872793,89111.27236437915,96157.58076099966,92603.83865330821
mock_0006,DLR_PAR,2844206.9329340737,3485.810808930963,66845.4663676083,3.223165969456088,1,0.08404906891061684,0,1,1122548.4795657252,1093804.8280561005,1060003.2922637174,1027743.9968141153,999416.7516970844,967038.1616519835,940472.9676272329,913690.3480921747,880822.6734060827,860027.5741189874,831863.1709309833,810195.3850561162,785479.3530140845,763557.5815833423,741303.2957374743,716690.9375447466,697083.5599827553,678560.2677590902,656768.1315739563,636662.9052073796,617898.9048118076,599278.567991406,583704.5101512283,564978.0624194391,545494.6658669072,534907.5645709934,513992.21851545706,503343.790893795,490407.53745740256,468881.23753016593,459407.0430190624,445828.5463774207,429541.28155031794,417443.4508144637,410446.7975589567,395638.241742129,383080.5738743431,376142.44809437095,356243.813940217,351463.5798096394,337180.70604067727,331700.51295447897,319135.85562814795,311945.1559916563,298236.6278126083,296615.18937245454,287058.75627375575,279851.5730285874,264306.81410128844,258423.17610280382,254397.4923196962,245165.92983559298,241728.8946077406,232402.04884576992,223581.32853967077,217659.28968174578,215374.21132515205,202213.7974985323,199755.81891259033,188849.2302876408,188532.64085787183,179735.47804245097,175017.3143779224,169915.9651395818,168113.0094365318,158971.08213773364,157861.62529969643,152939.67747143892,145587.01212238232,147945.3708580348,141306.53181202427,131699.6511597157,130851.09576758876,131552.1178930833,122265.30498348478,118787.11452576176,116083.47691495746,111715.70636878443,115082.58443191161,108952.98220982257,107268.88169484668,109178.4086660166,111983.99545617276,105583.28038784947,109332.11828406907,113547.7336160234,123106.93299014679,124231.91456254061,122065.89958309886,130414.8069821779,124581.82028598321,127548.3692088268,124485.53432312893,125316.00069653326,119836.73553922401,118613.1905885162,117416.76933683647,122437.57550680354,115869.66850336024,115107.91483326937,115024.0180280988,112621.10364884161,108816.46530492353,106581.9806476886,106250.5101476178,100993.90178455703,102638.66711405503,102091.92502344202,103915.81461125913,97759.373958319,95907.948422102,100270.13338237985,92389.66679912157,95032.2186163467,91169.14271513034,88066.95456751483,87755.2012212101,91500.6961031757,90176.95219145167,88279.45611465555,83437.34573973475,86336.69848850199,84237.3395909737,81386.35657764917,84660.70431549277,80649.508698387,79624.60927512313,84182.5159512777
mock_0007,DLR_PAR,4532975.650124479,3485.095851526268,95626.2333023929,3.20273861503622,1,0.07652526388365936,0,1,1793573.280673429,1738165.2143417,1689042.1702094586,1633189.537003997,1588689.9599006197,1540319.6406289074,1495920.9386199943,1453536.991724299,1406870.0881065982,1369131.0356400257,1328140.6027745462,1286019.7242010296,1254081.1589973492,1217670.629946361,1181294.0377869636,1142907.2182697067,1106810.4395410053,1079249.4388957974,1047399.2659437355,1021341.5566873396,990637.7068613019,957338.6101286376,927614.9501819977,906312.4994889962,875964.9083976119,851301.462993785,825907.0589316932,798720.2886473833,780627.3330526921,751862.5428770321,733286.9975322526,711226.8222919196,690368.2613379408,667845.8931354051,649462.4052277452,633830.588137817,611428.4744061916,594334.0094265222,575712.9279205519,558500.1841255022,546844.5614240933,529930.8564208667,508871.99825285835,497808.668803141,481064.8715282042,469233.2074682446,458530.5132542953,436690.90808043926,426846.26287071436,417997.80843224685,407499.73116802215,386327.47476713645,375685.0234603113,368626.0705941627,355043.3785264613,343235.5305833927,332307.3880177679,328827.0972092658,314460.096079091,310019.81110358203,302512.9641155419,291192.2305051966,283716.4487194264,269363.7877287243,267024.12230386905,258143.88376994265,246652.96729564026,244898.54509632828,235927.63567118958,228327.79296022683,225154.02032121265,219749.69341496352,213526.96781113572,205941.21218201373,210315.283377196,207837.08807495874,211783.13967221274,215210.22101175744,219187.59559795196,223066.1886280521,227506.4531251995,225628.93821689708,229351.60489740357,224084.88671711745,219901.76273792368,222545.20054644873,214925.97713212593,210502.2302905597,208414.9832517186,201614.75118160903,205355.78276302252,198219.11616579702,190374.42538633657,190184.17399266662,183774.86097113026,178289.63574405888,180353.68128437723,174854.97398899845,175407.3081262157,170807.6620793264,167306.8397066307,167876.0541932656,165891.6279574311,162709.26243919175,160650.5873015698,156963.93452182857,153993.51333465814,154665.1308412844,149177.49854584335,147293.69710085855,145498.86301528558,145966.92711446332,141710.37355305228,140219.79253038228,136071.42960862687,140393.19088430377,136506.8523811147,133721.79791385724,129271.66047987853,129443.71615861669,130929.72189273611,131658.419986356,129261.66333140773,123839.50710729703,125543.42758924991,122312.04346934585,122236.60182425549,119986.25495698009
mock_0008,DLR_PAR,2219601.607109669,3486.4456018391625,61185.71746772166,3.2413029096903596,1,0.0937714775047796,0,1,874787.5074070083,853304.4461426778,827055.173103874,800276.2714068154,779214.4689237752,754618.2303581899,731879.7853384783,712887.2849338386,693265.1491057107,668439.5758365045,645610.3774487284,632127.3963699149,614434.499921872,594801.9438405462,577662.6339099235,560030.3361382167,542075.005966671,529977.9259328098,514612.6074857778,498656.9991688947,482507.1931173841,466449.81896784843,450307.44671354117,443481.98703797197,431516.72750437225,418406.5253317233,403575.709382213,397208.96643564134,375594.66159967263,367863.539841865,359158.3083951737,349746.0032901023,339453.6498108774,327570.4421279605,320091.9711948736,309902.1376173276,295127.67612494243,287804.8471997784,285264.70707765117,275987.89138346014,264316.461638438,258390.83767373097,249887.9705359513,239640.86094067423,239822.73142013396,230135.0020451159,217903.237978979,217383.7711640803,210182.91913158965,200957.2459692855,197419.44105454793,193154.79324788065,185895.37853520323,178020.33700306242,171260.90313456408,169171.08971065038,160055.67161789737,165529.16804731888,158576.8435875816,150767.4975310228,144512.4703196803,143229.65533275926,133057.30026764903,131272.76924304117,127651.64614398795,126779.02070978544,118643.34430645421,120190.8497991535,116006.68927333021,114227.82805378291,106107.71175779523,106167.11320091732,101567.02075685991,100904.87626058381,98221.20390141191,96451.01516174106,92884.13736645362,89749.79899809162,89334.3062047638,86449.58446961247,77838.25298900116,79165.75926781454,71529.58082655004,73257.8770834139,69324.30506530323,65159.96178345179,67145.26797597241,67561.0334831594,60344.107090118,62700.96582055419,64116.10629357446,61267.74622695129,64098.0353274605,68203.84317162851,67460.71251282755,71732.61683031965,75373.98901824694,87048.322752966,88460.72921524144,89463.38326626358,91873.76850101272,90702.30434901189,86977.46375563205,86103.9736106514,95026.33648221442,90140.255299944,89771.74574903319,82716.06717886573,82382.56624987353,83102.47670540187,79741.14445719885,80203.1126831696,82507.60137995395,84305.71114470111,74008.31807013619,80028.54719982317,73721.78513760897,78815.67771843489,70803.77351786886,79178.87943684025,71165.81670135906,71888.42241119481,72322.1653435521,75375.09629731458,71807.88266626297,72660.17085566159,71229.41606691704,67989.02253742324
mock_0009,DLR_PAR,4754964.538811015,3485.1604646493874,63031.106878649276,3.2045847042682114,0,nan,0,1,1878980.622843701,1822930.2434853378,1764493.822657171,1716458.0050472803,1667847.5538299712,1617984.963537553,1573105.6050200379,1520117.2892907774,1475944.603820072,1438896.2704396164,1392350.6457623169,1348633.4563118888,1314985.2942121783,1273258.3969202605,1239744.1032013653,1205748.1804895538,1166459.4631167657,1130806.8695300806,1100629.2718912987,1067248.6553548172,1033377.4981878784,1003370.0208256034,970699.7753350923,947084.8691731762,923166.5751398179,891055.434411905,867937.2683670849,843783.5013968536,814677.1767437295,791061.148321708,769315.9278412564,745533.7470005197,724984.1219993398,704864.5748877145,686611.1739360449,662412.3599296357,641163.9600578286,623670.1141398577,603123.5432540335,592174.2444548851,570962.671889914,552099.6390192304,537033.4150729775,517975.04814870434,505382.1150745254,490108.4299838959,476317.06858926243,467984.22110240674,451421.88470676844,435622.8639684037,427012.1343961442,409803.6649031666,397896.7659278126,387885.23573390703,376814.10959232657,369925.51318239805,349720.3239472322,342048.1161683501,331502.7387712904,320839.97178060206,315410.097920031,301008.53180571477,296009.6659381588,291051.67221660196,275003.44390872365,267637.7668426655,262464.0698851084,252128.52025134073,255070.92515724577,244919.01197912847,231299.8126270235,221376.18989733528,220728.23541350185,208111.00280602108,211744.2725371842,200944.71445852253,192428.22812945308,190534.59300538807,189496.62463449425,180096.44630024311,178316.70379723576,168645.65470380482,160095.10545058144,158427.21141239972,154087.66994288124,149036.25546740057,147607.87499053968,138483.99630831048,138700.81170200167,132658.72080312893,130076.4571595586,122908.74096610279,118633.68825594685,119851.99012600096,113444.7695056014,109359.63512346355,103426.96690604868,104987.46893890864,102736.02385962429,96501.15457304477,93150.29641135685,92955.5962910972,87144.07160937868,88951.2899303515,86036.34632448817,81664.59200872754,80493.75342720357,77204.939999696,75821.67546141244,74047.63566638385,69813.6737281961,67642.35672715803,66871.53298325704,66234.33724598546,66877.06718854353,63354.57798609331,53795.43690695253,57553.93566552649,57503.81219552144,53892.55186226264,55112.60395307676,49871.78512795068,53999.01966347678,46774.37245669269,44155.590010387,43717.93263554999,42362.33300968167,46083.57861030212
mock_0010,DLR_PAR,3015276.393615241,3482.7584267162943,93181.67788500895,3.135955049036985,1,0.09984337569161195,0,1,1191454.2036820205,1159726.8583364624,1126264.362258286,1089844.9462220669,1059388.9142891255,1025062.4969890842,993348.417589238,968964.3579829986,935408.0230336682,915882.426957143,879562.7602479034,856452.5326863759,833369.9567313755,806698.8916425754,781146.613533012,761235.4314328518,737922.2125437461,721714.6533386695,693945.3826479282,669626.2937736156,657326.511841056,639171.631071438,619411.2267859671,597612.7184425605,583892.9490111948,565302.1176978592,549274.2608635669,528871.0694289812,514873.77106691076,497856.57192692865,488011.70411795966,473682.8473642972,462373.8077612724,442687.75496942253,432287.2946099634,420167.0370339443,410715.45592073037,394396.5848426795,382251.84450305154,371067.5893404592,361936.33045970224,352349.3014688863,338195.4230279748,331489.05791373027,323264.86085533624,309826.9502066564,300059.7276609895,289314.37258943706,283998.67679739016,276114.50014253496,270591.06646665593,258727.97829251908,253485.56367170622,240883.2687736006,238584.14200280225,233143.71575284374,224226.9061992448,214884.44902305165,211935.0717393849,205779.0386737639,197814.62845406757,193767.00211289836,187410.4457071784,185093.90129643303,175645.86492732985,169611.30274335833,166339.09244423683,164993.62236210826,153513.28838127173,152536.1372173698,151118.0153152178,142620.54134032113,141170.7537366688,133727.87640962622,130986.16066053284,127648.8462096897,126242.05365936265,119924.75222692915,119129.50741306617,108904.83561566721,109532.96005406362,111127.94786355319,104668.55642769615,102789.85238098411,97665.493959054,97755.35458950397,89955.6919951573,91125.0348539499,87656.55792386041,80443.5209200672,77569.43707511752,81396.53029250812,72672.75835882388,77443.07882959076,73321.57846752177,75942.61526779833,73105.15037817399,70089.5689403309,74128.93326106656,73960.19098507213,81768.14777785167,87060.49581137902,101924.71596714253,104009.8882163564,112762.13475660887,119260.40304768019,123565.41293939723,117836.41600994255,120879.79885286691,120038.28538825248,118103.69132336065,119731.28321857404,119417.28950524268,117126.30864534096,117944.36193824976,111452.95041025552,112675.34050863808,112731.33622282158,111014.1787075207,112608.55729586491,109449.4062931335,108040.07578664928,108362.96566148195,108555.41692344198,108203.39165661357,98795.01218908663,110710.07298345599,106579.99400755708
mock_0011,DLR_PAR,2497141.2167654936,3482.170292339909,99037.21013019457,3.119151209711684,1,0.11091803392989104,0,1,987885.2909213341,961718.3465065648,930543.8661789946,902420.8039481721,872914.5201977532,847008.6554605174,823946.9528067132,800205.1807464343,777339.227932168,757613.9092057787,734623.8948839066,711214.5005706846,686484.5585671007,666385.6740524084,650273.6915117558,630691.4136630514,618523.422632356,595407.9432513511,577358.2740465063,561544.2449568457,544066.2429489095,524421.8079956782,513580.36749570724,498864.4235826114,481627.6317464217,467365.10094232246,449074.10111490363,443145.69266854937,429031.46775305516,415448.2679724935,405349.43747637735,389486.5703479712,378509.78662244347,363899.9260743033,356745.39991066867,348241.43304886477,332120.7546204375,323988.96761802246,316959.3319605697,308525.3996048771,298225.4018880787,291209.8708267204,278321.6034288779,277413.3227366343,263955.22183252365,253806.2680553532,249045.94490356828,247570.56265264627,236685.53641135,231510.10986342537,228622.9259321763,214908.42342555965,208417.06229080592,202828.408064321,199185.9330535884,191310.06545370186,187584.24724371842,180421.06414758138,175612.4367969989,170092.55673638548,160768.48980390807,160661.37995946978,158066.44963695915,147812.73771955617,144071.71287467232,143509.96334822927,138249.71135203933,134078.2485180646,125456.44120764168,128025.72712144503,124278.08115779943,117665.7101741534,116237.81045432494,115347.95752531127,112183.9591819628,104026.50275620002,103133.35347102242,98986.50381124494,94602.65338357426,93437.51977896757,86167.00455163539,93861.41746486146,91588.67468956797,80499.64533997525,81515.6145411549,80275.11020735229,74659.95153038089,71909.04542942301,70035.62092094889,68835.18690390975,65710.10779656313,64503.35395408806,63851.652242192205,60582.9186721366,63619.91634666358,55558.15146036017,55148.547864249,55115.24300861265,54078.07944897755,51112.449646974055,46796.94920412474,45278.14218111344,52622.422931672016,43992.25071607896,42708.51666943227,43396.08327937733,42431.31978865422,43314.11444634641,40936.86408317968,41934.97844972003,47354.349711330535,51487.29743295736,57688.037077798996,70777.36034192485,77954.18613450992,91490.65167543424,99990.56368063446,100094.28902586146,105709.88703112782,105222.34038087016,104803.7041433587,110867.32839611999,106224.51025348878,103030.64508889442,104742.6090482322,103771.64331136005,101848.69912529073,103119.95000227769
mock_0012,DLR_PAR,2078384.6797361695,3487.1989959431994,98217.1330242398,3.2628284555199882,1,0.11720026176292477,0,1,819506.1178557322,793844.3805935786,775398.0701626374,750058.7187989235,727534.2886246559,703652.4613744789,685057.3772354492,667033.3225099132,647151.7214527786,631950.2295258854,609910.2010373543,589793.3198563722,573125.9034160089,553033.0687197642,532834.4480503608,522802.30960818403,509039.00002380915,496594.3951796331,481431.76502305164,464877.2567382149,452610.0717783482,439973.4564373254,423955.4266516652,412613.0781161938,401220.7646382528,389988.2744255832,376880.9242663691,371780.09687325003,358440.807162787,344879.59851260274,336898.12647318945,325159.9098940799,319521.6777037086,311396.39784534596,296303.4307067773,287114.490709005,281040.4106978126,276994.1045265412,268193.91490952857,253876.6634800965,246034.95893461927,241093.3697455846,234717.89983308146,230901.58305550885,222616.9471705892,217579.17447095443,204947.1258998574,198880.81154525751,192119.23471882724,193894.01958182486,182449.9444776567,177100.922148765,175573.16208908014,172185.78594327415,166089.8500336057,164031.65518140126,159469.97922896236,150217.41719301662,145323.4275462428,142471.95759340262,136880.47107983116,132081.55934737084,132484.63232864437,128575.7596627604,123304.54249773217,116749.65189942451,116890.94525830967,116254.95997279912,109333.48075792765,102324.42379986326,100410.42924621268,95904.62158737634,97116.22195014927,93608.48202751958,92282.22058592108,91093.9771541178,82986.59827834126,84811.51434428389,82930.66258414689,75726.64275265891,75311.78787609855,70828.99841739854,68209.88830939039,68657.10273569995,70177.65541325025,63805.832048527176,65367.53419035339,61760.160757992184,64872.67903560448,59045.57065190759,55432.600116029935,57227.521953890275,49251.052628570964,53728.24186756183,47322.339115464856,51966.84674784059,48830.59749168831,47347.2291136229,51065.283303684286,42351.769697903794,40479.47087072808,46130.162848302665,32691.24350962689,39612.55062159294,42451.17216947511,35917.85806273561,36836.05106496155,32088.325151421253,31970.221124244377,35125.466104511506,31593.9179306065,33974.1251674773,26512.3824917183,34301.650597320426,30706.26015154518,33041.488876249656,32569.82449484066,35460.376373312945,43512.25568496703,56517.84547162255,60890.556146485695,75102.31131660704,78615.9702442975,88719.86303690569,97130.13453871783,97498.05168640529,100561.21138019874,99181.81407311177
mock_0013,DLR_PAR,4850184.210782664,3487.613161049301,96786.79492007385,3.274661744265753,1,0.07232633043669556,0,1,1916304.0593931978,1861427.1362757778,1801997.6337007561,1751184.962697495,1699480.9901075468,1651729.4669688947,1601462.5015954785,1553329.723784025,1511039.2144769887,1465016.4276231036,1422344.5639797293,1381228.2527527323,1337728.4314917543,1301927.1232422423,1262583.964066509,1223347.0375825197,1183253.455478435,1151154.9304670456,1117265.0536620915,1088091.2979987173,1052923.890703046,1026858.3601794688,993271.3969706252,963840.0865391042,936747.2343159753,907840.2782070229,882416.3366517861,855337.2954434074,828368.2448158655,811500.3986609906,781858.997183102,760024.9509305527,737906.9105045631,715313.5574851264,698032.5653439205,673089.8412548269,656969.96511312,638109.7825641994,616608.095432884,602218.7282850043,583447.2600659343,565303.1974624171,542151.5084611027,533913.2468005156,518974.13755930436,500127.4491807238,483943.41368842317,473141.6375740046,457491.60294702725,443605.5524455982,430689.54128975555,416915.57295489137,409590.88521866774,399921.09107152215,380970.7387531634,372806.5935550352,357794.843862532,356887.38619668235,338982.0866436948,326004.9158167214,321672.08511499676,310711.2942875391,299074.2163192689,291878.29288827424,287778.1063240768,278374.7358092881,272530.70230206015,267471.7459820534,256095.6579396658,251994.7074884849,250377.79941484187,250671.76700327592,244160.01266480595,259067.43284955822,259553.63205735316,262788.9717778328,262618.85761840467,258567.98179484115,264545.05671056174,258020.90640711118,255145.85866675596,253786.0068005142,243576.7773838765,241618.9729221055,238237.97555560697,234343.21019225227,227052.2571958543,213057.72296692868,216096.071902035,216033.84162411862,211757.61500953638,211038.21853069088,201861.74265254228,194198.48609444205,194586.59064438145,189845.67049176738,186223.1883248809,187105.17365351386,180653.6985183205,182196.9213812117,177276.01949163878,176790.21844416732,168238.18256034804,168628.75195065697,163695.0049625438,162923.99407370182,164634.06075525665,156723.99961242356,159198.6476042073,153282.21730567867,152454.40125868644,152010.500935518,149489.35034200212,142492.11359058612,147191.9935504545,143920.25730211547,141673.7219055389,137574.14757756435,139008.26836814216,135229.6134480437,133370.68459406163,129678.31353634005,131137.67480943265,125433.85740067626,128549.76132979349,126916.53324744952,129287.90431263973,120332.55220556221
mock_0014,DLR_PAR,2606672.6881365087,3485.5167862295148,88184.92883882104,3.2147653208432767,1,0.10418329730700042,0,1,1027843.1689972027,997171.5325088104,966496.8494151565,944542.1147411155,916117.3288077313,884165.338061335,861146.1589064249,832650.5216283321,810259.5232685803,786902.8407356406,763315.789323667,741348.6222999735,718834.2186145734,699230.3202889592,675365.3822826636,655780.9079428925,643061.3335633972,622516.2237175851,604916.5279169386,582738.416152259,569546.1575650475,545756.9048998798,536052.4268982387,517961.7365792155,499833.6220184679,489111.69046817307,472860.94490184006,457993.9159110782,447041.0573244242,433612.3238894642,423635.9814475541,408150.1884395153,393578.7456483999,385042.25660892593,374030.6512121654,363888.0473290801,353826.81669670565,342724.82262742025,334034.4221397353,323153.20235130086,312126.44585905795,302079.61366166396,297272.0319391618,284633.79955195775,274066.63190626155,266778.7256301433,261387.71817478904,255473.72358401024,245635.72672474617,240332.24883478117,231908.5231403056,226384.7153381322,223702.25460740505,211454.3769323664,205121.89272758356,201184.47643975992,192145.7195874539,185344.37012199438,187120.36028193438,174829.48353219253,172280.53873905368,165157.29335402502,161022.42954293714,160398.38597070085,154203.7351915871,141276.12754207622,143940.733393316,143029.28896459864,137101.7181428257,131119.1993627379,127361.85841975044,124420.67530149524,121858.25357308159,117986.87139027665,116891.07724633867,109872.04257719559,108063.2340623796,102281.19636065325,101472.84495761516,99288.45727516872,94053.00808104251,92006.38143881013,85603.32546903679,86817.34878979085,83286.6017148199,82190.65853368012,82287.95460608724,82268.65427311449,76142.96218026643,72346.79905254532,72666.90519560399,68525.31931490099,67932.34883203,63843.33747439969,62532.02605440269,62476.083454378415,62363.304245000225,57564.88047856614,57092.280523098874,56888.153059813594,54695.13635015148,55018.63497963278,55894.340782621846,58602.4448764394,66087.04035282358,65763.7249139607,75634.06476047791,78964.30530471112,93198.30285912295,101216.47058705645,98523.9248021099,100938.89143246356,103191.3780334274,105594.31919196175,106121.231571789,109106.45687067484,105733.75018563308,104455.50786075,105021.42986597672,102523.66260399684,101211.7800026641,103934.22864850791,97897.01289515712,97046.13440952894,94207.4170535111,98546.1859622653,97126.7964948987,94860.13448350945
mock_0015,DLR_PAR,2044606.7937729405,3486.688056724215,97066.08040132644,3.248230192120432,1,0.11735069019738896,0,1,806836.705743441,783719.7346355376,762655.0348529508,737298.0310062185,719681.9062375114,698254.6180032691,673643.2142448152,652419.4941443992,638331.131096542,617702.8700071892,600953.2549132021,580291.4876648961,559415.0314327735,549926.8597733496,532547.126043445,515231.2888284988,505829.243068813,485662.45442517736,471433.645479725,457595.88876552426,443838.3158063118,431456.1600907494,421714.5959868559,406413.35871116957,396455.1891662305,383784.06615054014,375483.6618300026,358844.9499220197,348455.31230833667,339188.3394616264,329285.96728219173,320246.77936106664,309215.26529685006,300799.31408156385,288341.7197337619,292001.3182451508,278400.86746502394,268885.8500774947,262880.4674800496,253195.895620953,245625.59466791188,239344.326714109,233431.4377061268,227429.91569329982,216373.75067461547,212772.32895818175,202874.54868214464,204427.70295730222,187680.6189295418,188562.12069149298,182045.43477215804,180344.94344137658,173235.83659401466,162943.89170551914,165009.72487021037,162800.51334276714,156704.2678643981,148042.06299107318,147335.80484704787,137992.72497797667,130510.11763955279,126676.05461209243,126908.81114118628,122685.47998046472,117999.03435652287,116598.03348622257,112492.36455808893,111000.02111794321,104726.77512189695,104309.63273996067,98037.20045458611,94328.4901683462,93106.62500228596,92221.03293648871,88323.16688917844,84856.98861207339,86647.16685761133,83600.83344335033,79791.32351696816,75850.40073820154,72854.30991994089,70166.10565769146,73382.87211562524,67083.75916848726,65722.9493668554,64923.296603643794,63926.36507365927,62279.93993733354,54443.554220334365,59578.240957510025,50161.35270096585,56420.5961029138,52551.68655919182,49770.37341838893,51396.03071073473,48117.91168991998,50167.43660122025,47276.83641312769,42597.22150565529,39620.78769903665,40550.28791314572,39714.73730491895,40448.158270345,36760.307678469726,38519.39856989632,36961.95329085281,35532.24477648712,36934.3068009793,33965.06422863088,28213.794288965866,30121.070045075285,29046.965888190687,31816.011687962022,30630.469368626014,36454.445035057084,34473.767786506,32523.670719881975,37054.11091432078,46810.843432629714,47807.4490121527,62702.28053383865,73924.04426980102,82213.8246282399,84188.01561110275,89066.51646189754,94324.94155178878,99753.57713903942,93698.43296166157
mock_0016,DLR_PAR,3843242.031442997,3486.453775295945,80489.17003433767,3.2415364370270012,1,0.07598973071538313,0,1,1517416.1389963287,1469502.6361985726,1429421.7047739674,1388695.197317909,1344641.1502683598,1305016.7272303174,1266561.1139591024,1234486.6991117485,1193990.096571745,1163050.7778447971,1126110.4420847069,1093367.3401920702,1062981.1350560049,1030867.8570356036,1002524.834939424,970694.0109306803,944153.9972239604,912446.221121881,886885.9728956141,865672.8030910555,835635.0248635602,810819.6188048578,785493.3491489708,760437.1918556293,740211.7761948798,724113.7233990323,697698.9163889192,681064.9371120903,658861.7669391731,640567.2904243275,619892.9809823057,603253.8811606518,580443.0466256919,565441.1966455051,550592.2182447248,535940.5189409457,517339.63837975834,503573.2683933007,492355.281871442,475244.8515127308,460658.1500178356,452157.4280150664,436466.82168128435,421381.5505819149,409879.7144604641,400877.4131639204,385171.31375507195,374735.88482548954,366475.97029196436,353168.3649116653,340240.9398365244,332335.749176527,326029.4410761696,313724.3771010784,299693.3952347808,294417.77840235113,285964.7377052889,272010.0483953739,269730.5641633338,264546.17625608895,253427.75052553185,247725.7652073656,238688.37075058144,232357.09086837576,224714.9670267069,215295.0600097547,216131.40328056007,205742.89159006972,202455.00878423025,191518.58163941666,190576.8612524808,185343.36593366915,181067.0048522095,183435.49503562634,176556.960992743,180886.89543937225,183712.85872265525,186522.8040222101,190390.72956134463,189908.0066487738,195117.19611725156,198415.3221994057,195569.91617049248,190966.09412816644,185968.72432381386,184849.21357385683,177342.58714965734,180400.6809884924,176915.96361598268,171143.57120064565,170121.6246681166,165084.757588828,162668.38938147642,163082.6749115864,156326.45903100332,159870.02918675917,153293.26299561863,153999.90814510657,149344.61277467245,146020.25506492122,144478.0817824829,138773.49833749395,142019.08036135018,135718.51302318828,132751.9088062283,132388.29985789378,132032.89942439573,126803.85097970878,128016.27486857896,124514.11394804098,120379.70922267031,115711.57618069267,121221.53415807852,115358.19838585245,119016.7322467712,118241.12871509658,112572.68454553881,116881.87398542634,111863.81747241232,108949.84856489912,113140.64258397899,103876.53941858675,100018.95862416599,103559.49832259674,103446.15078294124,101007.2769276557,105403.06779411237,99780.8200845219
mock_0017,DLR_PAR,2402811.8326204205,3482.0043936842776,82438.76572279989,3.1144112481222206,1,0.10482273044838157,0,1,949272.4722309143,915913.3565618673,897552.6258169218,865432.344929179,844634.050691501,819578.4616348943,793975.3511447798,773689.8721656506,753114.5297713729,727564.2721207604,704475.2288529818,681909.0698744956,663875.7164212895,650347.8823571103,622514.7113361136,604374.4129319099,587613.5265507154,572327.0255703588,556345.4889249189,539235.2354863948,521631.9207445404,504514.95826907724,490909.61329885595,480076.4251136725,463348.8713632797,454524.92273078224,441473.0798312702,426516.261104502,413135.26158532914,403706.833979776,390022.5941093177,378401.0234644202,366570.8311010805,353433.0623737533,341938.58461409755,339894.41761029937,321772.5339458776,315823.05250129616,300210.1296433231,294719.414030684,291425.3062448452,279032.9420098184,274882.0350107256,262206.50982204475,252795.63377066355,249498.8463524029,238612.1823695672,232382.78089779182,223593.97510126382,218646.01761044233,213339.24750724135,209118.45843581186,203109.34014161638,197965.25003454852,190607.11526656628,185147.70468852686,176382.01006448653,176691.88010703586,166770.58298168823,166476.57922058846,162455.96534791953,153528.32299694934,148791.86532001794,144041.14426127568,142865.23324187912,134583.22765267582,127207.04665224205,134259.3633156828,125907.32513888877,119697.36192061736,120177.10495932496,114916.70726186538,113424.60383007734,112824.10993759322,105000.25980401297,101931.367119939,100927.2798962643,94780.03061288768,92617.7816069959,91024.1598195576,87232.7824075251,87996.46465187776,83094.27537191944,81350.5008472187,81015.93911997351,73313.12285733313,77007.91559865042,70926.15154944983,69176.87349072407,72192.47640971508,68059.13712840836,57122.22938132114,61244.43374805155,57016.45983594386,56831.037196915095,56537.37775989596,54227.01412152268,55781.447548199154,51876.646101538085,48972.045141753,51072.844421103095,49741.86907908017,48168.7685818373,50763.34409494351,56141.130138744345,55396.766330835046,66403.3272965068,69292.96113538249,82002.74217653522,91383.69138922328,90650.62490794764,95909.0670221898,95222.94230689271,95399.96500438935,97928.49443676774,96855.81505639586,93695.69958537881,97413.89304040305,93875.70246737808,93828.88486905144,94356.07107108201,93837.70210290226,93471.47072166059,93203.24804168884,90054.72822003286,93830.90596695479,94428.16433719754,85706.79951331379
mock_0018,DLR_PAR,2383087.544609851,3482.2406747339064,70518.15615312637,3.1211621352544636,1,0.09761936647741593,0,1,938467.9168612305,913786.7283364706,882882.0234495596,857730.2501041144,838004.5384005873,811763.8915010056,791881.9606049408,769875.8018005023,736883.3804686521,718362.0537410983,699499.5562805681,677911.2796756712,653749.982455313,639692.9931165123,620004.2472450716,600618.3658123158,586829.9485713897,564003.3198405572,554566.8613321335,533601.3944944862,511080.5978996459,501762.5076906922,492324.3891423501,476632.2256434387,457627.4683503329,449769.51465429075,434688.57795514696,419213.1881441786,404931.7420182233,397238.9780054594,386546.5566433733,371344.34356381913,360907.2845551895,354728.31160119374,336672.95915922633,334458.8313003152,324383.0476938904,317295.25148433534,301557.5732339913,294587.25381841697,285301.6985214184,280259.3134893643,263478.6735212588,259681.95660276554,256729.2101956677,248887.8276944405,238609.61610359943,231264.1906674318,226320.8671952002,219620.29084694025,208238.47468908146,207789.32348648514,200388.2968059219,193106.7623844265,182955.16670598637,183463.98370546618,179926.80114446435,167996.86682188846,171917.65240745252,163537.13921342447,154679.04417826334,159908.4464270307,144775.92289625495,142738.49265658265,141702.5700891748,135663.26825454104,132935.12901914862,122138.63702974629,121670.31559505945,120145.0137242091,120099.2755513076,116293.45915851906,107692.75060685966,107074.1029911245,103309.48633725761,98843.15938627631,96799.89340434711,89656.39095500983,95015.85749969876,86944.96554935038,88363.50751686504,85307.07905010013,81323.84705972168,76806.63197073594,79014.48177479605,76452.68544650989,77538.02961360887,70541.61726667796,70454.49483359,69362.09961778141,62512.16123104509,62360.71667914661,62217.62145743356,59153.97503006255,62509.2274868465,59601.15846034177,58596.47817738401,63781.553117973745,70864.71135147836,77068.01491138565,83237.89075889523,85203.33811372172,92753.39887632911,93731.22241336641,99339.41510773369,94043.7265569142,94314.73670730733,96476.78246528984,92516.49812595012,96441.78416517198,93717.39577567595,90607.5179424651,91638.74853492786,95342.51623096595,89382.46062872578,91979.54055700173,83097.8707160669,89720.70182681685,86887.76364858808,83835.04639576645,83100.36395816391,83069.22221271577,80479.603692496,78128.85149282843,82719.42651992387,80689.66125497162,76917.39929173616,79845.48172603158
mock_0019,DLR_PAR,2588405.3215156086,3484.625769719482,98837.51275050486,3.1893077062709096,1,0.10940783881847835,0,1,1024933.2179337803,989997.7275662369,963679.0416345763,932687.0739967225,910333.5220213641,877580.7790088829,852722.8397850371,828206.0179690048,810124.5441394898,781243.8045687238,761313.5961910273,734075.8965814214,720455.4020223607,687532.196847962,676581.5114506278,657896.0467210809,633345.5832016785,616200.9425629142,601280.9997548757,573053.544506491,564691.5034528945,543110.1541593088,530900.7899791328,512506.6942389278,495938.9112854171,480673.26012901525,468190.09862209973,461936.53111888916,446232.7654126464,432820.61531990155,418270.27222816047,405096.5601300244,393294.0249158748,384546.37466394133,372420.40971542196,362030.7918798428,345795.6053420428,337126.94558695826,332053.69357273245,322048.1113608813,304195.332205813,303863.855654946,294470.8753017656,281309.45553830866,277221.03572715167,267808.3921478525,259198.62432140065,252030.43141758867,242729.69455684398,236599.41085783282,229252.23462177833,224315.59335798258,218364.239450197,212946.6477857972,202467.85692147393,199406.96919841936,192099.99202399573,191863.1743638827,180845.46837757854,176429.67339992782,170602.87478126943,169650.74853804053,160349.36690206447,156227.10656343776,148965.24351879212,148557.45162647177,142388.98943237765,137765.28448112638,134914.29339876957,127705.90638214574,127657.36194582404,119880.46766011002,118034.46336077787,119062.72621919758,114614.05737222679,109779.19992264098,104000.97769748948,99332.32740989058,99872.8981462764,99849.34466090059,92274.40760108101,91950.04474832058,85039.73879112765,88787.27914240562,81333.55192915058,84903.52670736259,83794.74933383077,75867.1810490474,76339.40822609335,75902.41218068442,68824.01741421055,67657.6099105489,62160.97711213765,69111.27195865718,65756.00504065277,60714.76260545587,59716.26036836577,59286.2922939479,57054.30189886544,52183.6388122748,53859.07005756129,52420.12065755268,48832.82883967327,50382.92663181502,46272.78805634135,45161.20242374182,46728.987226477526,45513.178424506346,51562.15761000296,56718.82740935065,59750.90838583743,73329.64289144814,74711.53325105495,88142.00854405237,93651.38809643178,98632.61680201006,108418.98011636066,111283.43639308053,108508.5196593713,107882.3506000633,111742.17514837078,108820.5169075392,109297.75522455585,107655.14732051852,106349.56908590713,106652.25231661175,102800.33160244113,106018.68735070707
mock_0020,DLR_PAR,4035256.4522742927,3486.1448310666037,98475.81022802895,3.232709459045819,1,0.08648544260217818,0,1,1590799.290059517,1546794.6483222286,1504660.5406526646,1462403.6845798434,1415411.8340306615,1371671.1372371549,1330989.451793321,1297945.399494473,1256545.089098191,1220241.7047518683,1176736.445341953,1142345.7171015115,1110919.7580605538,1082078.3180969285,1052061.507911548,1017132.2198563006,986776.6111255764,957492.57347595,936733.8117478504,909277.9726116569,877461.0944233396,851325.2163349055,830993.2713483758,805543.3435095202,778378.0161272745,758069.8990743294,735000.8539592061,712213.4311906191,694631.1433221106,672005.5166764348,650452.8999171888,633960.150233847,615565.2532158919,593726.5939987322,582557.6099596183,559278.9794393824,544829.5592760378,527488.8678280677,510474.0672225093,500750.0754300025,481815.2863228176,471012.5149580405,456768.0147350717,448122.5605703335,427653.5370527246,419155.5762516983,404239.70951283927,394909.2548443465,378925.78693320125,370817.12542987935,359114.85774835135,346291.94889641146,343260.7397357356,327008.05069370184,318721.98040744395,308600.13763138006,298634.38877209654,294423.90457660164,283098.5191473492,277166.3957148284,265319.1467547596,258092.39719413337,247687.732486895,242518.25328646123,235360.8860545035,231961.58886129461,223693.9584208232,216436.55886702615,210640.96920405474,201286.10850573654,199421.74069020833,190188.52324465517,188101.2808991365,178512.36425292707,177197.04915764762,170648.25713065043,166647.95358891162,162098.43807725466,158459.06448900528,156229.7756372997,149912.08519423468,148532.27868095046,143706.53907417366,135901.67200333162,139485.81710294232,140907.22362007955,146065.38120695733,149342.0360123046,159813.75929483343,162505.6649060475,176705.94555128357,172008.94179319614,174719.8584045037,173773.59911910648,175264.31383240924,176225.99722855334,172530.29670547487,166254.5295927256,167053.99842228173,162274.63902113115,162665.02384170739,164008.7033943459,154972.29421843853,158927.7401453814,157511.74272827647,151971.4212385726,144041.22913706803,148625.8567723646,144716.5478101706,146823.68161071508,141430.79937516653,141889.36955672735,133742.16845687575,134215.4472590585,136501.4022463381,131825.5139465743,131389.01915765667,126237.1872402463,126356.27384631506,127232.39489883473,122599.35116842548,127597.10229045556,119974.12703660494,117589.72683639037,120535.76620090092,117856.58308525196,113434.35924311212,122290.26282869566
mock_0021,DLR_PAR,3337074.4001659537,3484.466884257639,64674.10961920359,3.1847681216468198,1,0.07002262805452872,0,1,1319380.7417212694,1277415.2206668095,1243936.4512712958,1201892.4100517153,1173142.1734191997,1139651.1044468663,1100368.826592128,1070550.0867957526,1038144.7339128036,1004966.4187846256,977568.2720492078,947212.1058947966,921555.0028381087,891969.5671528045,869380.8572060715,843610.1807679109,819461.4964243587,793996.5798319826,770730.6486928279,751830.0078053344,724598.1290069665,701630.5331667771,685968.5684501564,663972.5847389844,643979.8443812737,621972.3937197991,608010.319994612,589624.7273108079,570672.4877966895,553786.2202664813,540977.6221568784,526443.7482568723,504655.83125996287,489330.1199447998,480852.78599509556,469339.8666009425,446644.0681291805,438254.6487729432,425341.54927629133,411560.3416919765,398254.62799383776,389593.90254282474,377530.8539322335,367934.4973888241,357953.61839331826,341912.12694089726,337086.46491628804,320101.27699959883,310146.6465311768,310969.7539049686,296407.3228633857,287428.276851161,281000.87426802993,270524.7090047056,266592.5934769938,256392.66593502744,244808.25448508936,239370.0206421856,236724.89529686168,224477.5394153946,220439.3169482798,210319.54189165047,205139.9590820919,204362.26292329925,197479.16116706436,190069.86488400245,191536.19290281917,186234.87570079576,183436.09226795007,180494.61537347734,185202.7635889126,184009.16682588868,193019.7241323586,191198.84979604156,188858.83529545148,190356.21030385458,188616.12463765833,185051.96927862923,178306.55828272784,179169.4211691488,172935.6166153829,170155.36877101028,170056.75402522628,157539.96571593187,158430.5333849105,159631.6333947464,155394.09339553525,150999.85403805197,146205.72304130832,142656.09062396744,147080.10505755196,142683.74001713542,139612.30264992523,134944.56488073527,133611.81079085523,131667.3421901001,131052.19927960323,128063.02435754646,121291.28988077896,120811.59596211015,120356.56454283958,118507.6830154699,117297.61521588286,110692.82395799988,115491.67127495483,108789.5569184939,108998.69348438209,110767.22000363359,105467.20990498866,102233.92719191172,99771.19713876517,101125.94215820309,97376.5769769196,102219.30419977929,94230.41827712725,94463.91271614445,97642.39477713997,94854.70621819833,95223.83258980239,93561.84851965055,90399.24586039527,90941.6357313828,90154.30730783222,82917.19290544935,84958.2591928853,87971.10633819783,85696.15075074532,84444.623396679
mock_0022,DLR_PAR,5034311.342949195,3485.9536687427653,78323.78173302759,3.2272476783647304,1,0.05037275513369645,0,1,1986334.6115347296,1928770.4089421574,1872129.0354183116,1819748.520609357,1762043.5057375992,1715108.8062523524,1659721.91247166,1615204.3274938622,1568256.3912226474,1519649.0884560084,1476527.5269897615,1431554.1950356069,1389063.108504252,1348893.1993885092,1314557.2226424997,1269941.4303162817,1235618.5584869706,1198628.1929693404,1162350.8787548624,1127989.1881182897,1094023.0681748325,1066451.0903795683,1031827.6087629603,1002453.5153727558,969527.2744031326,943700.5146439197,917412.7198207228,889311.2995138214,864608.2767651974,840388.9395588634,811613.59044275,788803.462356219,772084.647052162,742106.0875668727,720469.2519388977,699047.5508648234,678982.5188104839,664292.0220671644,641804.3306270991,624401.2641771999,600662.4092919476,583572.6908548124,575211.303280281,549850.2360279991,537932.2322452407,529509.5637094717,511078.49242920603,500944.2530670668,492404.3321160306,479540.4824203056,478078.16813002364,475974.36326538766,470984.7524074818,462382.41834051884,453042.04119126516,440507.4950286392,438552.44877229864,426045.8908563738,416971.6123020325,405430.2736736109,398129.36185318226,387417.83670630737,377365.0783622134,365615.56986440107,357077.37861464696,347544.5380889579,344521.4078468633,332075.7540173802,322309.36192606523,319361.5009633966,310453.0654881234,304523.399332952,297635.3681044324,296748.41730016924,282254.37407359295,278319.44982195547,277255.95543146506,265689.210106327,257655.7205030042,252640.14909522684,250203.4293658113,243472.34047896918,242860.845087582,232164.98489504022,221073.06287744537,222867.47433715785,214631.0131143126,215568.16009274626,212810.65881994917,202441.55124510181,202100.52368319585,194714.08744639633,194891.5247114951,193911.39431615866,182525.05831296023,183323.30714123772,174191.93113328377,176773.71104538615,170204.64328337883,166176.56652620638,168053.40146897655,163533.34913989858,156977.6398364113,154340.69488891494,157923.06076889142,159711.47143985497,144774.58922945333,144175.19737686025,141477.01187438876,140542.54405898514,140188.89393232198,143095.46839185013,135837.6595898639,131047.0651486632,132516.64524116236,130431.69020868822,125880.3161110409,126521.1252456401,122058.47182709706,120404.14713479504,121623.35140837978,115552.2030526435,117629.45758716125,116460.87193791759,116382.24245350614,110055.94969153352,110718.83893088457,107384.95457881676
mock_0023,DLR_PAR,3538934.4198312266,3485.0422158870556,90674.79091792904,3.201206168201593,1,0.08950525504157751,0,1,1397686.5257566574,1355339.514177829,1313972.0836802335,1274847.9691998174,1241999.1342796735,1203755.9205488143,1169321.8852096247,1126739.3165093337,1096923.755349238,1070035.8262461112,1035245.0239071136,1006689.0623410125,976834.7649433304,951948.3188673068,922502.4448268674,889206.9998454159,861685.7256170938,839047.2561638264,818387.6782300875,792679.0431328712,769192.505508896,748282.58107817,731454.1938258648,704956.754372104,684650.9663393967,665693.1478561239,644056.7559071507,628274.0740963332,608153.6436324324,593108.0489691488,568060.0701112533,554166.4026699801,542898.9920131216,521004.31395047595,510929.9849272232,493153.90978428023,476017.8453174617,466340.42458688485,450135.90249597415,435134.8677226582,423527.11580092576,413009.0590611969,397489.04148081905,385528.99708908855,374564.23847812944,367751.7677294857,354023.0739840391,348059.5400119649,336442.4894378632,323173.46896094835,314567.83442216227,307957.06025801896,298893.10414802295,291284.75679388206,279004.18434550246,274419.7639955163,265960.44759983604,255877.56509058326,248156.8588716553,235892.19532194335,231651.03518656283,225780.7537124059,219447.75397306288,210934.411454752,204110.25186347775,204139.57018301624,196245.80860434246,193308.9432387122,185730.27299077087,178425.8533718447,171474.47833307565,171787.36390686347,161269.38874148342,156109.2131584828,153893.76224735743,150185.84512538285,146041.61046936933,145922.6139987798,137401.0226219906,131862.64785438604,128086.3038652007,127017.08773863805,123660.96472854957,119596.72020020155,119137.85100978865,110660.33075552431,116211.16651988312,113375.20687103689,108140.81287565353,115572.02081728297,120008.95909097212,126277.18116646519,137544.32590527507,139886.48848387162,142879.14903344287,148506.8954911892,152767.47761960555,151094.59737250264,148734.19588086053,147537.18923182244,142164.43348244694,141302.07995044824,143665.6233613146,140886.30933936738,138830.0742092856,136908.5850647754,136104.7820364629,135148.33595747536,130101.41278773294,128280.51419762947,128294.00178385172,123739.11545900653,123909.55059515173,122822.93798636415,119730.5139007109,118086.16044726124,118007.45107234524,118666.53471793387,113813.2392173464,115453.35289547787,113657.92275852992,114027.39323149784,109522.6139581668,112193.02863398366,114743.77915474132,105249.59208446601,102091.35607328312,103180.44743142457
mock_0024,DLR_PAR,5103326.767639358,3486.9108309880316,89482.21263627343,3.2545951710866134,1,0.061600794651847236,0,1,2008220.4164957402,1957175.3250858749,1896063.5219347142,1841729.0708656204,1796495.1038973588,1735779.4773779877,1688236.6525405035,1634843.2311114199,1589388.389262092,1540142.003767253,1489555.0988069628,1451873.5356859479,1410423.4371264852,1370629.085401606,1329390.5894407772,1290869.273409345,1254111.6423038004,1212160.2689200882,1178922.1936844361,1143500.6943559307,1114649.04292933,1076107.728199695,1046561.5788836792,1010295.5071269432,986953.1661540059,957141.2493204233,928752.000249131,899438.1159473732,875922.4045549955,847730.8825331205,827635.6663740883,802042.9617248033,780714.1596598361,752711.8730621168,727721.6032007033,710598.4497361467,681673.6863003403,669336.801640281,652267.5582656533,628875.5408280435,613538.4894448876,594452.2508250272,581751.1542341624,561064.8248958975,543583.6168959028,525337.2980322078,509626.0261870082,496739.77250951104,483075.720508298,468041.98260620906,453446.05030739104,438012.55462974816,429840.35038579494,415924.80710170575,408440.9339706631,392684.71387758414,381433.71586736245,374180.521383199,362850.9487133104,356882.62971335213,354008.7427446002,359589.6806463197,352775.0083963717,350177.80117277865,351152.2673484996,350006.74210548535,342303.3183095496,338884.85629697406,337711.9314669987,327004.580957987,328320.0571371705,313734.2237566273,309482.43813702115,303276.50598366064,292771.0167332987,290168.60437337053,288381.4408584969,275106.06322327215,272490.2850925451,271177.6599222287,258540.31209456408,254020.1788410857,244999.56463082097,242939.6841385453,238433.37996427392,230939.70721335863,230928.8243717618,220021.79685636846,222471.42784429563,215283.52969267205,215175.25989104024,206644.93583504614,205022.03900201194,196516.60735629546,199565.95482286744,191917.60949506302,187008.11703388224,187071.69247400036,183521.7350610311,177961.91119926673,178699.28814729478,170714.2249049346,166103.38666541313,168416.90484238803,161405.33910010866,158680.59816058355,155853.5511545583,156583.23424366064,156084.00631746757,154263.37873641826,148442.4252423897,150465.71972970723,144793.12705625815,139405.7371207611,143626.5516839919,136504.97180311923,136025.44979639488,134021.4755605274,131384.85146500065,128860.20206690826,125600.06496964359,126909.19998140272,124168.64045029912,123671.98289154019,127489.99358102592,124277.81672771598,118078.33176452776,117989.45913270937
mock_0025,DLR_PAR,5226056.705642698,3485.6707398169065,80430.66519592595,3.2191639947687545,1,0.04928731940716943,0,1,2068998.4571718215,2001719.2636243645,1942515.3391386976,1885652.3447683852,1830420.6670402295,1778632.3366212917,1724409.8826418691,1672619.2981378413,1628289.1288051978,1577333.7852210875,1530554.0068698185,1486286.3426552024,1442001.7068530982,1403386.3671527256,1361699.8242335727,1320531.0075347556,1278031.3948613682,1240897.5014675418,1202663.4515476862,1173703.5767789024,1135948.2651566549,1106558.028118862,1073648.0470361745,1036982.3215689259,1009718.4107396597,983538.6561846774,951067.459260977,927292.7882133522,897632.9384915516,869879.5809183796,842666.5198776781,824197.6687247034,793768.3946248345,771423.8325356996,751940.107835445,727352.0248986131,704461.6288068602,687917.1360155297,664558.3148041678,640827.5899717719,627787.0753341725,609515.6872024803,591707.3807682235,573550.3533018812,558187.1906052474,548025.4540837578,531998.7731849031,524327.8580376244,517986.2400022118,509684.5048507198,503121.5642051786,502266.0511252674,491008.6730379382,482689.5326117897,479454.71359635313,470210.1209675561,453587.9802347346,444011.7028711286,432340.16594934976,421719.93495849776,413761.02123211883,406112.1680709061,395577.8942217471,379255.4005092384,369440.41359205655,363169.64618633065,356747.32413677126,346847.5077980445,339092.5546541379,334143.4743211386,322114.8086204277,311563.72624937404,306858.1535751826,298991.72001657926,294033.2266763247,288969.7020667488,281844.60854071914,275949.6323664691,266964.2012790837,261449.10752397345,258360.9237909259,247290.27696476676,246613.20506631807,245906.51621256676,238654.04851061257,227974.48604748605,220095.19282507506,221940.5319199266,218455.3407040029,216010.04030678084,208048.70194105344,208082.26461593312,198657.14081600888,194187.1572407361,190945.69409235637,184107.74039313078,180542.63789876862,182719.60553752026,179596.3858918661,173088.4396898653,167846.3866712195,166542.04051053824,167347.58360018165,159465.6888960998,154335.57938836562,158672.79876653707,156482.41646581065,153367.65245470396,151051.4551958218,148125.42265809522,142767.4030090089,143558.4615127199,136921.43695144705,138717.64469094985,129098.31922237693,127274.5903946773,134469.8965817288,130155.05066696774,127676.77190978371,129563.66244612486,123633.96339796545,124329.43120313958,120000.71483760158,115457.72210644977,113635.56771623844,116571.5477485472,115839.43677925169,112902.40960297294
mock_0026,DLR_PAR,2314299.573782474,3482.900123837466,90145.13251976199,3.1400035382133145,1,0.11020678833018031,0,1,912958.0541645476,891450.9748691217,865209.8889714204,838333.3865158514,815146.2842112979,792847.6760785114,764339.7731234971,738303.6443030474,721128.7745736161,697330.3470903424,676630.3801820194,662855.174002238,639265.2095160078,618921.7074451761,600823.2684509556,582677.7707654135,565628.2888634515,551788.6861100637,538343.6726765987,514658.52755188657,500756.1896293415,488784.40259266435,476939.012392549,455430.91421013867,445837.91894626094,433977.99425625085,418163.7441940551,408181.5293303798,395274.70543756837,384428.7032272968,372953.3360980948,364224.1590424718,350567.400342926,340663.5108279573,333970.1624472621,323752.0043857503,312999.33828720014,305277.0604588511,291869.6656460005,283902.92276172986,274614.44055514364,265128.179734808,261504.22060511465,251866.441981907,242215.33247655566,239830.12056894612,233375.77405480976,226498.30028530522,221439.52163981274,211987.97293073972,206304.61451608618,197785.2499571919,190861.60699473298,192868.63804983412,184815.7920420035,178444.54897607293,172398.18480837077,164850.05540050083,158605.20499230083,161197.9441367784,154747.2588415485,150107.78171950422,146115.54000157712,142899.10656760287,134439.92802999725,132428.9706935877,130732.46475702446,118909.35114889224,124278.08137986202,121126.7999458145,118433.94333105242,109070.50885879678,106106.27566649189,105724.16066078426,103088.09232243993,104985.38697795173,93165.9322985896,92836.45550226653,85773.8409319511,89783.13319699714,87898.06918121898,82735.76492275806,78264.06873062941,77368.55669791967,78497.8653639995,72619.15094449163,75905.51392397241,69744.00192941474,65685.04319364984,62849.603465741,62023.423920433735,54932.15521716323,59598.8125553912,58584.16176345371,49918.66088588031,52494.56109584739,53745.04928656061,51416.20047145518,48085.07877196112,51266.53833972004,45812.663722171186,46524.86346928782,46004.461722829095,43054.37594171519,43560.15164105316,38091.26510956159,43495.4269852535,42198.98992017763,39918.86797375578,44515.132585759304,47634.63605397983,54340.50460093459,60339.65810715745,72777.82512886677,81048.85734701974,88814.61637817958,87881.31852361138,95500.54715725797,97126.37673248416,94428.24669807011,93315.73602721597,101631.48281655183,99774.63109284046,94286.66806509129,97699.51821634154,92068.8195773346,94976.253480858,98108.67128205698
mock_0027,DLR_PAR,2340029.331240807,3483.0530122501077,63012.771206904086,3.144371778574503,1,0.09243951830790376,0,1,925449.1200139469,891049.4978762633,868337.4787664891,842440.5222155831,821107.5779009119,800836.251093037,767796.4602329165,749159.2046434811,730133.4523096691,705808.6292901568,686342.9792966692,667192.1628787183,642715.2020803851,624935.1101445341,612325.0027382446,586059.2534639386,575531.7549220277,555315.7786738748,543477.816552331,524887.3315160372,509705.8817376063,493878.1214495601,483116.16114201496,462263.6390736244,452983.4140997045,439883.4053317907,425738.768512867,412378.75554209604,400946.2620256068,388259.69413751666,381281.2227867531,367354.3913117108,354078.7192570264,345587.6738608036,338283.2803289945,322940.5375833971,310125.9706471496,303838.44816635054,299341.31834121625,282957.4495628194,281730.67387926194,267843.22152394056,263178.26516473904,256396.48524466704,250969.9710607311,240311.17593288733,230934.394894438,226389.24020238046,220339.98502510955,216217.8458749606,205848.811897223,203056.7285457969,194563.80451368913,187014.29284826928,185977.90799688362,180390.46974686818,172669.9648551975,169304.82219129172,164532.75375715498,157841.8018714434,155386.6856830201,150623.4001204445,145302.42420125523,139840.70083087456,136522.2005549131,134392.7665009007,128012.5868031132,123318.7626964997,125205.2859550316,114993.60206581399,113190.08893442889,114328.99725417419,111121.44875955256,106817.81933900608,100762.99974522575,103543.84108324707,97678.90184728403,91588.779582524,93363.90675978106,89821.70330258593,92570.74169688957,82644.58779051415,84832.96007617048,78595.21294493256,76223.87535498833,79153.40081016521,69929.06841305632,72403.42180705826,65249.85528714526,73635.30325501367,68351.00801029595,67257.52040051852,66838.97820326897,77657.77577621429,77448.79222595585,86604.04290337425,91603.41046834443,97333.14176371922,95444.82080623163,97288.24922415992,93852.50662206938,95352.14071337265,91567.96359667405,97278.50713419319,94590.20973183829,95201.43409097707,89227.5272106384,90882.51358166634,81105.94831240704,89135.35946911688,83209.87044258151,85125.24653292957,86002.54348929398,85525.92348135186,87222.37699638012,80465.11474554264,79590.89281827529,76904.43399153613,83079.33156771405,75905.70410184319,77106.73956300352,77437.33795991243,72990.37298502197,77400.46257496302,75662.12263205371,78071.14876979662,73310.02644092472,73295.61874642024
mock_0028,DLR_PAR,2015649.6691035046,3487.0164134063407,55076.34742710322,3.257611811609733,1,0.09327407075704194,0,1,792323.3440961862,770185.0453353014,746519.4986690374,730134.9465008035,705215.1913488398,687161.3458421126,666691.2543161027,648773.9046833093,627893.7072193809,608034.1851183801,591550.5560433306,564922.2146895279,551433.8510450335,541365.0917810659,525297.535017072,507447.22747638397,492240.42690612766,480758.7807280302,463624.53673562635,451723.07187737926,440690.8680873854,428113.9827428853,415688.69760187133,400294.6161951674,386797.62902256154,379969.85169214645,366242.3349445042,356031.83115106897,344956.56905411475,334809.0143395176,323290.02191509784,315200.2214625107,306172.55236287403,303729.80468943686,287983.63005122787,280728.3423336374,272551.10515373846,264176.7206001535,256970.20794352755,250185.6213420147,239024.3152047064,232706.4641551976,226072.96739937607,218303.7370215578,218674.54395059662,206279.53650600382,204030.3884707309,195745.97907162274,195118.2974555993,186177.11511705103,174740.2949030165,174091.20709316243,171638.63283070555,163324.63009748264,161586.84261801007,157024.797936043,149618.57234593283,145918.3081052583,138926.938736478,135001.67600651,133512.98282803994,129538.92003738007,129720.23577094034,118018.68124746528,121268.1595247162,118061.03328216834,118197.93448620773,108400.93212241324,106192.9958560997,97847.81204629538,103285.52105931647,97941.51436811087,95206.09908420131,91309.72860319246,89907.88204907937,83108.14848817179,83176.28165523666,77080.79496519263,77621.23636707793,74348.55643063445,73553.66386572993,67185.20012408923,70513.37497290815,65709.51390430598,65401.4390968252,61712.433128633566,59902.879851253376,60146.2470080623,57557.788810702434,60885.09909595705,57004.44343889783,55073.224759047785,60168.65462194038,60985.61136070297,63371.547032630915,67353.54192378803,76935.96092348178,77508.78712206539,77755.24767942948,85062.40319015573,83627.7316456969,85177.3794699939,81742.41133437677,81747.77000944167,83593.71136673965,79054.89928939899,77175.01459553477,78794.14097437322,71894.12998680866,77202.1222650938,75687.39716349369,70221.97776281102,75181.2217718074,74968.56987145281,71278.01924138692,72287.78944676896,67243.86285702937,71711.71373721203,71465.29864244713,64130.889306684345,68909.5044946889,67009.22427180922,66103.83145639933,66145.71966881759,65432.35463968226,65534.75289661774,67134.51990600946,61875.822532990824
mock_0029,DLR_PAR,2747792.2768578334,3488.3790726937623,55279.68759368089,3.2965449341074917,1,0.07295401413200996,0,1,1087800.286756411,1052819.2749374886,1024178.5614698868,997173.8801829352,960691.0236323093,934115.1739854532,904826.2393863492,881766.5461798417,856566.202432917,827289.1016793668,807555.2716103462,783792.7254777916,759518.9387829775,735775.0365446402,718126.4236088821,694576.1977912786,675557.51000616,652025.0584526473,636802.4770898425,616478.8068872154,592796.4415062085,583245.3599702991,565253.2639614784,546119.2236104099,526155.5379135569,519941.3679749101,496192.8582938764,484878.77958823234,469429.8844719907,460556.0390665152,447252.53200436616,432813.14813530864,416650.66150714876,400761.5199587195,396519.7417348157,383673.64880397124,373213.1310138604,356522.5906103855,347184.1329251414,341611.1911543406,326223.145875164,319603.0655661329,309826.6376772271,307265.15330722934,290497.6985353353,286588.825927259,277022.6908446606,272732.0882426545,257688.2817865348,256933.66407080818,246225.56545306204,235382.07413686218,230126.1653995701,231241.15846902036,213369.36588019747,210849.37878940743,207097.6602290429,201395.78863071394,198214.143384363,189863.2056187322,182351.83313410086,176175.10907783438,169309.29008001735,167634.93354786033,168679.18634779716,156866.91782732625,152389.76913955816,143324.51519879498,144344.65894390305,142123.56066254905,143978.74781136482,136284.4934778255,135623.56060671437,140662.84119756002,142679.87851142298,141965.65436756602,146403.96274371652,148339.26548636856,150603.8852479699,142021.79991616917,143265.7427679131,141588.53939383742,137934.73462266126,135088.98732900212,133107.19532495216,130027.53240787024,127528.25762194813,125897.22153269996,123948.92083203702,122621.90124910654,120990.56077545423,116765.37181684903,113108.50063898342,113151.41372461253,110687.32904780723,110685.3560054687,109184.11058673845,107524.09981905442,100938.19874165501,105554.11915979318,100939.01746178741,98166.07610736013,97401.3075391889,96699.63547125972,93435.80270855917,89456.80337547387,88604.89639522076,88739.10907457971,93146.09507440086,85886.57021015513,81222.28996815691,86527.12260357349,87826.86421982184,84636.25792957941,82277.39353653017,82819.02257379987,86557.29977117637,76586.90901121599,75401.48034741492,74649.64416318889,72986.66258314658,72859.30806313331,74392.2102399574,71430.2911889403,79129.02723876844,70730.550303497,73460.4053873676,75344.76494062523
mock_0030,DLR_PAR,2652602.0606712103,3488.481020362191,100896.29957115956,3.2994577246340255,1,0.10924991093314955,0,1,1047034.4507061978,1019603.9246630021,984300.8100822805,955540.4700959513,931495.1369591064,897807.7674592695,872614.7306542062,850944.2913999495,828711.0741200391,800852.2935756639,777385.5391265602,754647.4606662286,732462.4229403558,715792.6030525131,687801.1828615288,671269.4299430391,651899.4332885133,630510.1065822758,612350.6485475972,595135.3902280295,576926.8507263554,561581.5610063348,542618.8322018485,527424.3414697613,512751.91720027535,498332.35000822303,482468.1111713242,473542.6924870442,455204.6843984585,441740.5218076303,428947.6706031473,416863.02977752924,403227.0565441578,386578.91581057233,380435.0646846523,369225.252387261,357510.61971171066,348397.361344189,337330.76663963334,328229.0483806697,315648.8018377209,308674.2130815744,298343.55900709936,290781.02286125335,284378.33896737103,274415.8649847224,271247.4456910063,256809.79447784592,252843.73337662403,244431.75890777507,233194.9621762046,229870.35373548855,224862.58115306834,219036.29092687063,213223.2948948651,205583.98265774376,198663.75985885004,191401.17761029454,185280.98615894417,182486.07503420353,175273.63565110456,168634.795758781,161946.72155755977,165912.3608016876,159031.43300575198,151683.9159539629,140251.3153164753,141146.91544143728,137324.67832948704,136007.78790316745,129993.90995236789,127398.74305515655,121070.08802929033,118142.93542212574,113047.67252396529,112672.62449583349,108454.97656041899,103971.31222994691,102351.79478407353,99573.06179964634,96850.69101119981,88328.9017203743,89886.95930476573,87853.99712979105,87454.67432681573,80365.87925061843,76570.13373460344,80687.08941639499,80587.98443296552,72938.86035722647,70653.23538765537,66217.6882598067,66552.84794526726,63647.258595809195,64170.617578202415,67163.24728774218,60285.24278478408,61675.33727541046,60747.55184204063,55558.22068871024,52417.44274194861,56686.82781187747,49433.54373436579,47737.54193692879,54233.34800631147,47466.61951138838,49195.02234120012,50930.51915321605,53540.847102606385,54860.06888666432,66437.93986670118,75324.18348185193,81281.72226619528,90812.64866494095,103075.50390188873,104437.5277128343,110911.16962641309,112361.89647843516,110002.73574083782,111990.81071500004,118165.5812077663,110071.6368799526,109993.60021136135,107648.07822604632,107960.60391594587,105579.66474902474,107930.73616342878,102743.75637704307
mock_0031,DLR_PAR,4010747.131874183,3485.1076436563735,62594.6237164709,3.203075533039247,1,0.05068383376559611,0,1,1581482.6762030316,1540276.5538290774,1495796.7081721919,1447254.1291191217,1409031.4690480137,1367438.0257641324,1322844.773086935,1283813.7378890368,1247150.76546813,1212937.213206216,1177712.2729028,1138089.184761039,1109984.410065259,1074764.3670205553,1043333.7895422651,1012578.3058103743,982820.7385579413,954478.3361167794,927839.2671210715,902672.8531180378,872954.7931030776,850096.500157338,820640.0405237682,795213.0354918966,773126.8643079886,751180.8894151011,730802.0721647938,708673.6388812116,688034.9958797045,666134.1465639933,646261.5274819001,630487.049717285,608878.5830457153,591918.3567317679,570056.9216159955,552563.422209384,539031.482418944,527927.8953402131,509484.3376089361,495196.913259487,480693.90180163324,467763.7897479594,452426.73410293914,442741.93910068413,433475.1775181245,417727.43397345423,405775.9278919684,393621.07408087846,388094.1916115051,379704.1748637083,376588.8839204421,376130.44456428936,373405.24377501354,363355.9686926656,361078.9961102075,350860.85724232113,347621.0222400799,341610.4763173464,331034.4040372871,321114.8780581911,315888.02521334996,307094.4343048092,300877.45733059937,296374.31375110045,287093.79199455155,282012.4796235499,273088.050391392,270235.0972857487,260150.08490573033,254188.6287373665,248535.4638565452,241337.46913571126,235435.46551007347,234403.1975584608,229657.45674548342,222480.20112157834,215302.8349903621,210847.61632872603,204163.43277219575,199345.52410252535,197267.53416135948,195542.92646890733,191347.6824695579,182341.46230283356,182757.8786875593,175956.45900539274,170565.07676906756,169253.82542482164,166323.8431006413,160330.24916673926,160550.11226426,154758.5677546613,151737.4590749719,151449.81967032544,150815.17003916865,145813.7992465485,146184.4040200185,135730.30869957124,138406.24673854245,141711.3740013807,132322.0676701992,127097.82608473387,127848.58295974304,127609.85305003036,121295.16665018987,122407.87177004447,120108.05291519304,116438.1634981212,116304.27109490788,114887.22391536244,110832.06561823914,109033.80946059445,107543.67868683554,105493.77862740245,100957.18268194665,100789.83019611365,99207.85474102106,98638.35372933764,99507.84479100603,96899.63368018533,93307.021582824,94170.01264448301,96092.36624571892,89220.82075287201,92123.38905386161,85978.47396305717,87595.82046191319,84611.76939919346
mock_0032,DLR_PAR,2718777.774912367,3488.0594978562167,88231.39739577149,3.2874142244633346,1,0.1022380277826572,0,1,1072648.5880307257,1043306.3801993629,1013321.4103555814,978520.317749525,954810.4826144951,928542.4379453107,894826.310930213,868003.906455366,843750.0267921032,819051.5065160433,796763.4901722898,778840.3185771283,748464.1396246118,731083.1395815179,708188.4697007384,689754.3800041025,660923.6291465143,643342.5208070647,628103.9117845271,609011.8470420603,587541.922548679,573528.4590355547,561947.6153132047,538619.9610958296,524202.5397307327,512108.1813343748,494517.9600307414,483356.18604786723,466654.2403430277,451624.6458116454,442846.61291289976,427252.8402218599,410097.3656852947,401792.58630097256,390471.7180578698,382374.1308463267,364041.10291166924,355706.8553234367,349215.0880119391,334073.69461040245,326195.301878428,320327.1180130359,310485.8956403662,296157.53467769595,287053.0856495911,283170.6962218474,271393.5948777437,266197.82520671375,256886.05387179996,245689.41376126296,239853.06429517898,236503.79159017772,227647.76926813918,219928.65255362654,215640.0650236483,210170.39164773223,198256.5932979678,196704.19279077486,193522.6565241693,188016.6133518865,179881.9121221935,173862.91283958493,174629.02113953658,164200.9091833128,153819.80442941136,158649.42181024508,149098.88471655187,147367.0841919339,141029.47338012987,138556.59725204168,130168.76165048458,125858.91002490754,122237.56585060072,122129.12278122584,114832.28772169385,115025.06803311803,111691.11198779152,106110.93619896409,105844.81941825978,98706.97844215078,97980.45059232098,92720.43214259211,87473.450749716,93330.30769027087,84863.18791244247,84581.55057671551,82158.64402436439,84433.98795575883,78124.32668588331,80824.8940946247,72649.39287398673,72741.45528003476,66359.15261750264,65842.42271232771,71795.40936936454,63820.287684233626,60803.24246114042,61482.00075383513,59118.69081054264,59342.4496257369,66048.76127510669,63622.56840705529,71778.64470745875,71864.38646351261,75552.49391772572,85955.91159524377,94318.50567158339,102384.59996091978,103950.66114442269,107203.99025416415,109350.0744417278,105786.60204973393,105281.7677313752,109136.64197287968,111211.47074623586,107696.0797897487,104012.17744521477,101609.41505417468,104269.91326205405,104086.48235955273,100430.38514724343,97003.1667225583,105897.99341903513,99206.26407259514,95182.26395798818,100804.89660695876,93434.08157286889,98696.38767491195
mock_0033,DLR_PAR,4754492.04767851,3486.477866940248,78257.16741744478,3.242224769721374,1,0.05583018888747922,0,1,1878839.2226531825,1824343.3333784149,1769558.3039121933,1715029.639372812,1665720.6976937864,1618883.2769920763,1570475.5295653224,1521632.932091294,1479101.8272427875,1433668.1192870107,1396620.6013656685,1350639.4962921985,1312446.5606322768,1272469.37958654,1236541.0069431686,1199637.2016673784,1168576.561821662,1137111.399359045,1096060.8826314379,1061107.8136586263,1035634.9311479313,1004037.952378072,974147.6991554678,945592.051810151,917002.7422649697,890822.9318005554,868221.4005117873,841793.6952095969,812855.614311555,790639.7414308512,763731.2071127933,748413.7111855752,725033.1338442,703348.2107154538,677697.4182917404,659871.3010763305,643992.0737507945,626989.1142574771,607776.4460273905,591062.515581327,567985.1263857923,557464.6127618849,533483.9352706011,518778.8130568706,502675.0880441865,493534.7892299446,480747.74615830334,463733.5790199359,449404.6841756119,439534.0803628013,421090.39172591415,413690.8332018959,402409.9555824529,399149.54014493915,395063.05824768526,391429.22545991576,388484.2998856349,379602.7388444755,381520.12889379915,379813.3396200488,372883.4053681654,361978.60536518414,355960.18585996283,351648.9874895261,344783.94016838085,331469.47461085336,325013.6845915545,321061.06349908025,310124.81486315496,307830.1862515961,299095.31026515027,291710.336084719,284824.5557966336,275157.31094236614,268848.5877440316,264361.458301932,258528.54715990662,257252.83851843452,247475.92119748497,242907.10077459455,236588.106453207,231789.5219009515,225358.5027424542,221564.16755673196,213037.54211460002,211467.65780800156,209830.13421287818,204511.74125389603,196760.25267158466,194997.63093011145,193213.70743847048,189773.32319514494,185306.06636581387,183143.68761802444,181351.6835315616,174163.3403238839,170684.98151267043,169425.01412200727,165270.35335283983,165849.2285139314,158151.56116727443,157048.6234886106,152218.51406201062,153408.47368160565,150641.8155298698,147397.19073906253,139960.0020106654,142727.62590732504,137472.65777750598,138110.56835529482,136149.52130426964,133370.98433251097,130397.00635380851,132310.13082100876,125641.41508709363,123926.64094773865,124736.09288467708,124306.16952501229,122481.01987029794,120695.7221961517,114289.82004014518,115131.83552635917,112678.01372176934,113206.70292754464,114194.07167397348,108165.93373010283,107893.12121589266,107407.22712071586
mock_0034,DLR_PAR,4649376.468964594,3483.608081401735,54758.00487652737,3.1602308971924353,0,nan,0,1,1835763.6804281154,1781908.1851485511,1730034.9368643067,1677277.1636641214,1629118.0539098738,1582756.4124582668,1534765.8371959175,1492166.0829598836,1452159.9111690752,1405116.2999217343,1365514.660271827,1317740.030867447,1281644.7486423617,1243018.1755747544,1211218.0577685984,1171772.1238733153,1138266.8727881876,1107576.962980567,1076426.9039909039,1043840.570573516,1008858.4118682505,981811.1169267161,949883.9624862492,923932.7416195839,897523.6874348404,871538.1209551825,849209.4717916994,821403.9728094282,794964.903115473,778709.8819292205,747361.0879846738,730324.1589974435,709940.3566397959,686214.5413315879,667764.6195118894,645389.4133903387,629467.4357318095,611345.2858392212,596594.5543474312,574246.3452045236,562351.5387964548,543672.8987651923,526400.7287204986,508153.82056757325,495228.7739411985,476493.4028458809,470478.03307038365,451754.5964270949,439760.5786823341,430772.28460765514,414431.60137623275,402509.7635795798,389088.81439202145,383268.519600475,367296.3732428427,356731.29710769595,349892.0070627802,330527.3533301185,326859.6034172703,317066.47994970117,309476.72093254013,299293.3121467308,291442.59882702417,280130.8966987463,275381.9843024854,264899.79735929077,259386.96642766995,249812.33603196952,243324.0104755121,238263.36799515705,228681.83335496078,221710.29533122876,212957.35746856072,208784.81869140707,202062.0043987715,201535.11228927202,192380.8260996652,183994.2571243996,183132.87980942818,172006.38712023266,168501.7084362129,162980.99712956202,165349.868004904,156746.42449793709,151941.24239553043,145191.26696528058,139382.7815923744,138439.41963489808,131369.35631452303,128922.38242488465,126199.77347198562,121995.75473026455,121900.5341714281,116697.59161222783,110243.64130961697,110320.53543734217,107385.84807883615,100478.81753818454,102670.93730016612,99279.0422201276,96626.6654255258,89828.07905383245,87639.76879666398,91485.97374275404,85047.57256221779,79900.28202837073,76898.82688623757,74902.01779793305,76656.36913133156,71266.78255992454,68225.42664549145,63056.585525599396,64484.38220280521,63228.88203053897,60163.7262637859,57065.373983198144,62370.828377673985,55138.39281475132,52703.06121159335,52596.96169628246,56014.0258091749,49222.65514514101,43686.90296913548,50802.379158495605,47190.97539275441,45179.44717408747,43379.23133752706,37752.6038535667
mock_0035,DLR_PAR,4007384.3988031214,3485.310173401463,81785.2491846355,3.2088620971846633,1,0.07405175896545724,0,1,1582621.2559928927,1533484.2737784402,1489702.6904668454,1448246.3452636746,1406884.9762811488,1367022.049750897,1322123.7295756391,1285280.37873595,1252488.7367842246,1215835.0057412474,1170875.5296401223,1140785.896971272,1105149.411893548,1074719.2203712047,1044571.6087201636,1010141.2236697491,983328.0189075666,949132.7459294813,925922.1136017308,899425.364969194,872698.6286932754,847276.9397218096,826051.6692984442,797877.9605286769,770738.5571731362,749467.4541086641,730677.5948617543,710953.5658481277,688129.5776636234,665997.3664982121,646521.2341558866,628099.7346661596,609492.1074731268,590391.6785103646,577514.7978981792,555827.9668523509,544676.3482618988,525964.1885019656,511367.1715454834,496935.81779562565,479284.9641483332,463262.3199219325,453356.66773157736,438625.2468420547,427423.06785993505,413450.4510089534,403076.67128254886,390318.81786842283,377271.5699807089,371212.2762442098,355445.1388000883,347551.40865936916,339856.92834131594,330831.0064800427,318958.4122706932,308534.08952009183,298223.8794547776,289828.1452970546,280363.1690746379,273334.9709938952,257607.33346468312,256370.61427725834,249550.7726624941,247154.18740813175,232825.2606873859,232277.377439202,222545.35700177192,215673.13982965407,209605.96975898577,207266.90858859575,196667.53002951381,194080.59738815424,196811.05072430708,198216.94157568234,201110.84280204677,200641.71944787877,203069.5046187679,209255.8355897135,206906.42145791356,215127.8765144342,210608.4382199131,203301.34147786198,204812.83469755345,196466.9979432645,195613.30625547766,192917.02600892243,189618.3057183465,184316.70965489524,191060.41435130895,177759.5959454352,177314.2596566567,175049.72141696562,168336.51615895596,163629.93562424695,162972.31916321578,158352.14394940814,157006.47520502904,156825.96868670615,153903.08032027204,148995.9461182767,147488.78531958276,145973.0759055316,142390.6238508023,135032.4569488461,139279.2523284062,133270.2001049824,134702.29134080492,131250.29211858573,132958.15265421968,127155.38576664939,126127.27885845068,130193.67193293672,121953.42869991354,121485.87595600593,118049.14269350098,123414.86571416704,116419.49555445451,115559.0576916602,116140.64323288992,113292.79543862063,111206.35831578197,110597.46026046353,109892.23603789478,109338.02296090941,108071.6593326818,104943.805226262,105210.22538000488,105657.27724705017
mock_0036,DLR_PAR,3734817.2313109664,3485.6140617989067,62202.38596690952,3.2175446228259075,1,0.05693336568131618,0,1,1472686.5266839373,1427969.1588160074,1386402.7766931113,1348671.1995380055,1309598.6513523282,1272200.664148318,1234794.1478020484,1196708.6300899924,1158890.3649214385,1125760.8546132084,1090877.74539011,1061531.38741019,1028805.7204394519,1001119.4569416958,971771.4005574521,946683.6644622582,919916.4530210528,888872.2683524399,866205.7242973918,838680.1273433287,809586.2286677582,791286.3376837242,764657.4334476946,741152.5089866719,717515.2589069738,703022.8595086362,678612.7570131524,658680.2318014542,639363.5880090029,621337.6386563417,603086.709304456,588688.1148675281,570889.025150416,550181.4641854536,541287.96716167,514771.16562878154,507471.51779393683,489567.9035831936,474170.7757949256,464021.4985144452,447525.88474517764,436442.4264317845,418576.42649804737,407059.0958109064,401943.1468585816,386348.64837264176,376170.21542822296,363763.88726087834,351053.5620684146,346230.78119700897,338468.395616101,325988.17921010614,317106.103462854,310984.30087829765,298782.18055087246,297140.0361097428,297800.16752337955,295156.1415801134,293386.717327748,288221.78187921795,285816.47488566866,286116.01288852666,273262.9772895208,271572.12280637736,270254.13351566583,264903.7526962289,253233.969969046,248463.89444296368,248518.3305023813,239789.32924119913,232683.98155548298,235179.77394099755,229016.65842527687,216573.78507881408,213200.218930002,208255.36322372445,203523.71987128377,202768.79091123573,194815.14951649378,187363.9279983155,191567.1066991327,185101.04675126277,179089.2926004882,169583.04688549982,173483.39644918297,165400.02338462116,164895.02351693346,162443.62605431865,155953.8589133579,156558.42744284932,155385.04714354587,147281.76192817476,148538.8451364739,146788.4629424221,137724.4458238862,131907.49123391305,136766.809072837,137548.87608524243,130398.85933444682,127929.22786399533,127363.43279045106,125177.92630318397,122028.18832934626,120639.82703898741,116023.8323798804,114541.95132184599,112119.0768447042,106950.4866490234,107774.03342045515,106872.04435747562,106111.30722801978,104550.38316828867,105882.61386729895,106154.38681824165,100113.24353800113,99527.93972311135,94925.9734865907,94136.05343305714,94475.53911917302,96461.04396456177,91491.990027116,95654.80532641103,89347.82521222305,87592.49022562012,84739.80975956185,86717.05503809129,87651.55659069715,85825.72318586448
mock_0037,DLR_PAR,4161021.8108509216,3485.9660954857736,53280.65238846559,3.227602728164967,0,nan,0,1,1645120.9362786738,1592809.28973693,1551640.989332072,1503274.413685069,1458226.29729095,1417245.6654032534,1373450.3290716687,1336945.2050447417,1296960.2614020105,1252533.5339894511,1215898.515350441,1186300.8830598637,1149618.831790501,1114115.5706449014,1086876.5731653825,1052977.5470258987,1018343.2021908507,986999.3297970094,962435.3472444976,928068.1988598281,906490.3609591331,879870.8107180425,853877.3234837323,824624.4910693691,803959.024167293,781730.1809378782,760004.5791834258,736102.8494163107,714749.1619485469,690889.1585159993,672056.0503972486,654273.4438766198,634998.5319474727,614716.7952596336,591398.5131804204,575507.4753126357,561638.5182505059,548374.8678739498,529908.0241978472,510235.31057368964,497315.26959052763,483675.3116716419,472685.87397775165,460500.77403920435,444396.043806654,430038.5853020033,422391.43501287204,409100.28804548434,391138.5992317286,379248.57264669903,369988.8316082391,362660.7477079413,348070.3465655027,339261.7394734783,327807.9690867023,319658.8548103165,308292.43749621697,298404.49930727587,288660.4902192587,285451.6553659919,279109.8129504635,266004.17924591486,259856.4650256936,253676.4588729412,242050.6180415673,240901.15724022454,227063.93959101144,218484.2056074556,219132.53550725942,211937.82334259024,200148.43295151985,201898.28557651656,192923.58468039733,186042.89635170734,183134.30976079396,169306.5407604464,170719.86457673032,163657.78622389524,158150.9485619832,154349.7804602037,150293.30335825722,146997.34541071116,146847.82464046503,137003.61910609202,138820.0053333288,130051.12020125099,122382.5987478026,122216.28847312547,121179.0349633662,119642.51221440961,111471.37673859064,107717.75174756958,105775.72750974278,105129.88024183757,100606.09961361547,99550.74748188807,90404.64249734991,93701.1669148968,90099.05061785322,82499.08602992212,82228.27035625237,80732.47980103633,80977.26244652936,74959.63690523623,76001.06164174981,70396.84016507101,72158.80479169209,66469.62507272122,67571.6068037718,59372.15473341555,64842.46949337144,57671.19896238203,57388.288938977494,54817.53747185915,54822.05569880364,54839.22300908141,49222.88856160469,50199.13147270712,51197.69396866562,46869.92831769644,48815.76761674072,47772.713602083226,42964.59805049895,42129.95942463346,36511.33360285482,37516.328551053346,39886.42343922869,34606.19330351576
mock_0038,DLR_PAR,3748686.5989237283,3484.9421775779824,97023.91104880297,3.1983479307995,1,0.09011306939163564,0,1,1477775.6200064302,1437498.851021627,1395314.1272609844,1352459.5448267555,1310806.49426348,1273004.4503605163,1241573.1825572983,1203309.2975058672,1166455.8304171008,1134580.421970972,1096408.4455001403,1065351.0209762603,1035067.1932389091,1006687.1132220555,977703.9974726398,944197.005847921,920144.6107342638,892931.6083809198,868373.1894337677,842848.4798595606,812502.6882825025,791948.7023199772,768474.9892004431,747526.3196653302,722397.66853337,706246.5882831044,681897.5298457067,667356.4453157645,644226.1184498458,624865.3933788561,603876.1806496655,589254.0472032714,569586.2159944533,550890.3907311937,541373.2679294627,523656.6700451014,505115.1317299742,489533.98341983324,478282.2922004627,462791.428684519,452192.7072608356,431491.017972707,420566.14758489025,411950.25977896026,396929.7582540089,384790.6885563786,377650.671440924,366793.18644441507,351047.175766128,345848.88071877137,335259.5030585999,327497.2447291486,313923.97662222787,305107.9098965455,294650.44356646395,291243.80199114745,277546.0767463574,269468.2632539064,266508.4080420012,253803.9791202672,249876.7662772993,241333.597128857,237372.3288415691,226192.76637210583,215653.39772859748,210962.28346058127,206572.86415760836,200702.35450678918,191031.42815741414,188820.64578883574,185851.65045484214,178024.77984816834,175908.37230508952,167332.4088631346,161228.0876561324,160967.29840554754,153570.9127516118,147854.9902428026,140362.7487624019,139871.123561666,137296.11900663024,133021.6941620674,128712.6523889972,123852.37677207863,125964.82022051432,121137.15926962742,117743.79285942457,113852.76437440794,116650.18096779555,119363.20436542916,123547.73868070354,129254.80448095586,141111.40134931574,142967.27172357458,148370.6391329256,150610.6178771147,155297.76735121416,158050.94559144456,156894.94420902416,155550.40024436044,151670.66271846692,151389.76126086948,149969.89666574876,148435.3110610743,148788.23166478536,141717.00527940586,144652.9690521108,136634.32897678594,136795.8637175069,139306.53146127882,132636.2463594705,133584.40916002213,132778.88463221712,132977.392968133,127010.32103456289,130508.47236137337,129222.52890878121,125989.69470378383,123193.94322068019,118810.58465310198,118401.67884295795,117337.04561344239,118834.33852915086,122731.40553775328,112706.81842158824,113418.20689637739,110107.29933688369,114626.53728213863
mock_0039,DLR_PAR,3416556.4451702163,3485.1501275313144,100986.97154561599,3.204289358037561,1,0.09756093376241334,0,1,1347680.492647922,1311179.6744210816,1270346.524399838,1238278.3172051753,1203680.3461137568,1160623.477962624,1127141.1974249405,1095737.4809310923,1063977.9613334006,1026971.3823978457,1001754.5415948698,971615.55756597,942133.1805751366,915143.4363201123,887774.7523988,860474.4244076821,838662.2807859991,812592.7567771903,788693.6973608715,768015.4255751682,742091.7647659576,722987.2473203436,694939.630054145,675699.4572708175,658288.3624946947,642813.8123502508,624575.3522134122,600656.5031714975,582944.0239024308,568676.2944514976,553083.439630072,536923.9133302947,522007.3497873864,503071.1134061414,487212.20781923214,478623.1174830152,458592.0376263962,448410.58338161075,433357.909434465,420920.029878275,408596.80846460845,392780.92806450557,386269.5589672698,375713.55407392327,359923.67155980854,357653.89004108333,344655.27810793056,334518.23490835103,319046.97592022596,309855.70664954185,305743.9275189285,293666.6068502939,287405.3581152404,277466.84686273517,271819.723983704,262798.5677169963,252130.3390862368,246212.13531116754,239187.33305084088,231022.98698928815,227141.1679929113,218805.18722553077,209532.2999599508,203276.80132944707,206155.1367224902,192554.10168026813,189657.92513972335,182448.82859684667,178107.48096997224,170022.43810750468,167629.41175421898,165332.95146353898,158522.50544878756,153723.90876648817,150215.1303499116,144281.98123544958,142528.97577379819,135995.2726537388,131713.2632061821,127606.37920619994,125255.45237453743,124094.34409947465,114574.22182108481,113464.568875672,111493.56837411574,104945.69084984624,106967.005334766,92763.10123133389,96808.2953666328,93430.3769816009,96103.99399480548,90887.3473230007,88108.68388136174,85597.09629825226,84977.902130849,87605.20727971855,90602.55976892813,89931.47301014466,97513.41041336232,104063.90834182236,114422.55449764294,125431.99553161784,132198.7036089199,132622.81457722877,136675.16174324558,135648.55779521578,139266.2687596969,135667.9807921694,133436.933297996,134378.01860958457,132968.59769023026,132036.54834928407,129767.606168316,130051.32043182052,127600.82149256821,126274.08577013605,123368.12446384276,125385.90565428145,125567.30825180888,117444.12962534608,116723.244513925,119607.7108259702,120229.80251554109,120635.71726331601,114644.42557576307,113553.0843224655,112575.50747741957,115751.05892884829
mock_0040,DLR_PAR,3285193.553631552,3483.2563345294316,94110.8473480432,3.1501809865551844,1,0.09589305960345514,0,1,1299038.6975940082,1259589.1490911767,1219878.8541569,1188114.798405046,1152879.2731540499,1118693.1832179893,1080271.2422857552,1051546.391610046,1024741.6939821474,990099.1967923427,963652.6386282239,936994.3416663187,910409.851353434,878622.2521995523,858288.3909686549,826428.4957714995,805209.0866467784,781231.3705075128,763164.6658450398,736865.4162622801,719197.5780853713,694771.2555719835,675539.9879213992,654548.0317520591,635243.7380929219,617670.9653436199,596853.9716395949,579841.7369410542,561097.8332127837,546547.8057510235,530261.8266632571,512096.0840486567,501147.4709103677,489689.37439379754,470178.47483831184,456156.33636078134,440170.0601383192,430256.1361801503,421319.8488930029,405708.2581572844,394255.3600798265,381269.68073716026,369072.58239854226,357850.9672508907,352353.0971888484,335181.7638261626,328553.52012306516,322411.7265931573,308517.4938998445,303698.1482891883,294424.6547985532,285365.638479512,276916.845884105,270247.42182853987,259952.82546805005,248611.7012853522,245562.21206464386,236002.71639403614,226815.56686659035,225022.74091137276,216518.13357689074,212841.66719351435,205778.92055307908,195655.16019480812,191260.34467683695,185535.52090833173,183059.5648187351,177638.76963407366,171172.75846503663,165908.27093156296,164593.72328987674,159432.92795302524,151002.48182444606,150169.36678243845,145813.94368878362,137609.2261402162,134552.18624656426,132373.8742617303,127937.40392041097,120698.50901811595,113004.40612376753,115384.0236687737,111026.09410267283,109010.06855287575,108709.86540930245,100711.33498500758,102326.25004886657,99202.25321038437,92908.99274531002,91053.69324044295,89879.41163911049,88152.4590926332,85635.30549152265,88327.885224528,88018.52317236064,92283.41525559376,97669.93406806274,106638.17504118709,111647.62666188487,121788.89052746903,123013.17281977796,126728.6620452515,129212.60236363382,131370.43590345464,133568.63322831367,131317.05589031806,133268.3502265686,127048.14917360811,128222.74614827489,125497.19420121462,122705.71017603902,121725.79715849512,121683.76758161993,122733.59361164024,121145.82820080454,118769.18342283023,115296.06445798774,116384.60475440745,115815.53268379433,112963.49530446775,115998.47326708076,115696.26009372024,111312.70134386652,106183.66780020107,107550.02658861059,109698.97319010383,107216.93870412179,106591.80264409445
mock_0041,DLR_PAR,2865564.021154927,3482.625007697566,74262.30223869566,3.132143077073322,1,0.09019005472637028,0,1,1132451.948889992,1098037.041447367,1065283.7283566382,1031015.5941574001,1004398.3850149763,973413.0239058452,944461.1555555955,915207.8541720093,892925.4783647383,865655.7925255779,835234.1306227782,810709.3637551167,793790.5476551005,765583.6283180247,743951.5190722231,725576.8040498643,705926.2815514846,679847.6687769162,663982.133997975,645698.6870458893,620757.2223674796,601975.6749691752,586794.4509994064,572339.0362346276,556160.9889267667,538491.6387529641,524181.9390445698,508210.74096525955,491132.8874020028,475971.5046247866,465531.53937248845,450215.39464387123,439649.5277827322,423128.6659371442,412309.14310478256,397472.7465603667,385618.6162339616,376038.0700694574,362455.2979893376,357099.7879029643,342339.0204806568,326952.7269634552,321237.5765290883,311963.3636703344,305367.47288657795,297577.84332982847,289761.73471984436,276050.7968139444,269610.792044905,264725.82625950966,252721.14112334774,247177.54876143366,238334.84033846654,235577.78783674823,223524.31022074126,217964.21626446527,212535.25280226918,204186.63578660274,206246.0455156106,193267.42320393576,191238.9323667876,183618.1466284742,177846.76787574394,167778.30546047943,169964.57056085838,161311.20216326285,158578.32346162744,156809.8127453749,148096.98025269125,142786.43165290784,142076.6087852069,134408.3262577575,129700.72726218568,127184.55759244395,123609.6635629013,117625.44156784458,114403.81784674416,114917.16574145749,113218.50836963253,106214.54631159642,103059.39310523942,103051.67372588725,98581.92397724312,94935.67209759109,96853.94320601929,90283.55836575427,91795.2298504507,89601.64039582688,90099.39937481083,94028.52572310511,93506.79899453645,95349.33275837812,106925.33348319575,112580.90329780168,116498.76132842632,117459.71601142405,116744.84643693472,117815.33358422112,121695.1449392279,116993.56340168264,119783.58555559754,113997.72462130852,116791.88875380352,112917.4424151261,111419.8296501753,111818.3636248833,114784.35856532489,111126.02541963698,109514.50806570961,101906.96890644825,103947.07711739934,102551.4046204237,97140.54107299334,102526.53930548513,107584.67789872098,94762.7940492598,93096.46949429109,95985.3641399714,95509.22544296739,92953.00444456226,88810.00761020381,95712.96870916967,87171.32950329427,88286.69359978406,88909.45008168084,89597.56698013062,93381.26749282435,82511.22590246801
mock_0042,DLR_PAR,3011386.963205559,3481.886450558315,86389.13204674667,3.1110414445232935,1,0.09596947923446122,0,1,1187731.9732931196,1155986.792710662,1118341.112891737,1087025.3874431048,1061068.4527230482,1020886.4767848344,997239.8876437901,964437.4392066584,933904.0615248116,909228.2390017355,884093.5246091558,858883.1921281561,832295.2201162571,806278.3898519924,790633.1054751605,762905.3994958544,739140.1104336819,715278.1523497696,694310.9156776972,674896.0467830579,653372.11883751,636452.0669820688,617957.3956046546,601925.6222170216,584227.3725689455,568106.9160809949,549922.5382294793,531346.8072300333,516680.4352355234,502798.83553164895,484950.6097085227,471811.8746072379,459228.7908270246,443895.9052430371,430293.87489581207,415622.0910475534,404868.53822312603,397273.9316595786,384348.2133320363,371581.54555700417,358280.6486352081,348793.53994939063,335972.9983076473,331139.3071863532,320552.1207143303,306055.2999280963,305100.33878010063,294581.6093702747,286647.40296325117,274483.19909559784,264483.9547399274,255711.16490001665,251526.14324500022,250956.8758537523,241957.94009336745,230666.17578282495,223911.46424078313,218730.20628965794,210048.266889752,208760.05378905032,194273.7144485935,194530.51178226786,185937.48089848028,179448.23720391854,176182.2619628009,171987.3828724067,166856.29397947935,162090.67956019737,156636.4654994405,149435.3278630027,146763.52265601742,140310.28363242134,138178.8626999814,136142.84146067154,131631.218380142,127755.07822545925,123611.56721356619,120189.43241104303,120307.32619901602,111389.30678999661,107014.85699369146,105703.0238103798,102843.01161001452,101852.93629681416,98151.3360334908,92923.17988169967,90085.12611274197,89159.35037515564,85699.3039900341,87777.77445460776,79992.0743850769,80303.47418763748,81817.40444501418,82960.7959758006,79367.89959807658,76156.37661979045,82707.88154063515,99035.77203837917,100523.80469682832,108628.3864740053,118818.46686684505,112102.75872951091,116977.79967635927,122596.73181379568,122207.05336846517,121437.36407516054,120805.39658884628,120736.54253658807,120332.44291505768,117657.33682880712,113801.36672736694,118076.77702410612,117213.52676905651,110390.17016426138,109291.64032967438,108572.65713821845,109228.41540299667,106597.59040678335,103798.76808469238,106585.79707048988,105929.61469055455,102647.74463502622,101548.86335255041,102570.72624620868,98604.42434948741,98264.11637584111,96335.09706486361,96940.36499158488
mock_0043,DLR_PAR,3647724.034337624,3488.19807518157,61686.6479675062,3.2913735766162877,1,0.05834366204820239,0,1,1435214.299636484,1394177.2992701316,1358812.283560096,1314526.4404714725,1279848.327803812,1239483.6706594718,1205065.9178252798,1171921.6474822052,1134942.0108876175,1098741.9959031597,1071482.6868115477,1038675.0922469542,1006142.2162412821,975202.6002280347,950735.5926008711,917747.816368622,892983.0049267999,866345.1989479834,845791.7822739236,816698.0756176154,795636.9729186965,773265.2365022372,743637.9055183999,723593.5772562742,702648.9679222769,688343.6260208518,664130.3805775021,644398.6626988252,623924.9790197742,608107.2003076825,590783.0415373398,571671.2325722066,550893.5551948403,540914.4274221708,518502.9283393192,506798.2216555482,488646.84999805444,481981.47063092253,465140.49144408683,449439.42201747955,433835.38448273734,423284.0561911951,410669.1496499198,406102.66166364343,383844.3989298028,376693.6569426388,367782.26406971493,355781.3793937283,342711.74945340166,336338.14485231147,323197.71885553416,314455.196134715,307323.3651974512,304418.0238580943,291761.7232787548,284269.14599706687,281433.6750436987,282586.24041283346,278348.04981160734,276540.9163805283,276155.78151247586,271884.1455270463,271185.13526755566,265302.33003142104,260199.26887416275,259231.42699700515,252815.62014397545,249715.55569079297,240556.34945799762,235369.23096717973,226664.5527921487,228689.1500489757,218725.66613204012,213721.31630685448,211647.05748722111,205287.097386095,202418.04932108772,195930.9413531101,188587.14718475938,188197.611353225,185578.5900401133,180950.04285538368,177791.44579882003,171670.24955958448,170453.86587716133,165695.46268781187,164248.81285477962,159661.16324917838,158692.83875771557,147778.03112548668,148799.91203275294,141375.48133116736,142074.97080016282,139590.34076004446,137901.8937215442,134596.3925002713,134882.68914706365,128241.12293579709,129018.48847683844,122794.54553798644,123714.8891843253,118971.2709550615,123042.58400534408,116677.8378056451,116337.59223263168,116208.88110868607,111097.22532784415,111832.20668614829,105602.2316662005,103682.74747646648,106928.76903756983,101658.90587713642,99547.18667002258,99787.29253205702,96662.68249037456,100139.14657994751,95329.46442869546,95824.12269697385,94191.93496354835,92524.72146361749,94936.01787686617,88224.90826945848,88126.53560961461,87124.08664545059,84221.35690970288,87681.82403578858,85378.51467619956,87067.23231403585
mock_0044,DLR_PAR,5198791.534577216,3485.5011740672076,54318.326075230565,3.214319259063071,0,nan,0,1,2052160.907664533,1991888.3136831285,1934054.6166762533,1878544.1081060448,1822211.43626524,1770013.3661545808,1711393.637769864,1666162.3908831195,1619019.58643091,1572959.464597241,1523791.4606173066,1481149.227059629,1436748.4686919122,1392269.8397134251,1347352.2400958673,1315216.1915643683,1273849.054549572,1234786.562230135,1200958.0357338984,1168223.5206795868,1133785.8460014919,1096140.8291012796,1064512.7366819282,1037926.9581311842,1006577.8342507049,971806.3854692379,946829.3167159853,918471.7898980551,891909.2053904106,864965.2887295659,841063.327981774,813242.9426651177,794778.0543688366,772314.1211279861,741908.5728099335,721996.6334271254,705479.6839695508,680934.8670771507,659662.8990155954,646444.9447448264,626672.4884792342,600737.1795686048,585098.3187520915,573247.2761659295,555598.1059371254,536080.4342762738,518656.9593508694,510792.1839983824,492666.0274181956,477807.27686867013,462176.32777573133,449082.3917867135,434967.9964844547,425199.8760098631,409933.8906443831,402090.8950669754,386449.2624136272,376372.9188939577,365975.28475635295,354797.7549090446,340658.37222232914,332600.96424673666,326600.96855389286,311080.3778221665,306915.0433281873,292986.1431739878,287310.1730207215,282227.62456741766,272502.0315838054,263467.0501203306,255685.58456530978,248315.24081751463,236326.2936640647,231849.3736631413,223578.832043086,217843.19894941777,214834.24095839818,208247.0661243316,200646.5920871472,195954.7758635183,190082.43665479793,183591.6085958994,182265.21922558645,179772.06367959286,164979.1946471203,163647.70153516755,160820.5565677082,153355.97242337355,148359.1578535662,144725.01175837553,139483.1575895112,137444.170241356,131879.63033569386,134610.78847274918,127260.14348406489,122733.35246725743,115378.9900120041,111983.55864945812,109407.11468370158,106092.81759786051,102780.40863429874,99828.74582701309,95104.67261256921,92843.3196683506,92897.02001776888,90870.55570710049,87458.74001670623,84071.83053046791,84030.48435374741,80910.7191101565,81209.52517429812,76219.86144430244,76852.88257065552,75018.8669247091,68155.35086028658,64818.63594760309,69105.4157440302,59072.578511370695,63072.698521411316,59728.47632827005,54536.042274433035,56850.70337947239,49244.94438012229,52395.47934678797,46762.7370070081,53742.78881382162,49021.70771740614,43842.6740627527
mock_0045,DLR_PAR,2741204.9037930667,3487.988307557271,76739.2617870461,3.2853802159220384,1,0.09463241498634692,0,1,1082760.4335840913,1054290.948130409,1018635.3684293316,986838.7857657046,962470.7991371171,931739.1452701731,906124.5889081518,877106.7094743876,848999.2872454108,824284.645427883,806578.0336756278,780917.3940746002,754049.2762798795,739054.4477825459,711593.4319768145,690646.2528273059,669653.4083703973,649740.6860690154,634180.8435166659,615693.0718014226,596116.8943914935,582038.441954844,559084.8991142699,547782.3438949721,530675.5841145036,513490.39142288116,500091.36954858515,483145.24069666985,470293.41014171334,458365.19303368335,442854.5267109563,435312.67671858956,416189.41077058826,403046.7112576538,392023.37002731796,381085.28434724733,373580.86782274867,362335.223145211,349647.2701845344,340532.33336093096,331556.1317477847,320882.3797636324,312060.8344106958,299486.6815971178,287912.37472567655,287017.0304297305,277258.71759174514,267669.55209952616,260278.05272922505,252168.99682739988,245367.83185429565,237167.0124405451,228546.26482577436,222985.3826911924,218540.14766075969,211532.31256147227,200970.01580948062,199903.14289038544,190536.45827725012,185318.8119801761,181071.0499936661,176886.95422236572,169631.8396637146,168318.148121292,161673.99079052696,153810.4070997506,154286.7653196646,146680.2558056352,141491.98719132936,139371.0111372203,135191.90348572406,130750.56511026384,131766.86977942384,122088.66108544453,121569.83162754323,115247.63984032434,112506.22702918657,107719.9002512971,106771.67588084665,101781.6562044161,100600.16559975715,96460.86929585967,94431.03880271439,91729.9762723681,92179.78131183244,89477.02590432686,83523.63031409134,80181.99980713466,78646.1933052212,75966.627402906,76512.02345004954,76847.90529011979,73035.40639716816,73885.963369365,75991.50147385032,78606.71991482958,89136.82787336699,93859.71390094486,97834.71590598811,105055.99977602356,110180.99190867555,112414.32189498284,110487.50287686962,111695.44750320213,110940.85291323626,106098.14082186566,112370.81246230917,105222.3313507842,109713.38882099547,108973.04076778398,108767.29716644614,106384.38648740479,95634.32718046936,102542.6711236171,97562.52116729174,96448.79126644101,94057.9035479701,95098.87201561479,92338.49545451118,95788.39003445872,91873.07987827534,94205.04385154179,89378.00091795088,94354.14693926024,94945.96090218585,89102.06325527371,88505.95114605072,85217.93172363807
mock_0046,DLR_PAR,4776684.231964262,3481.6554641381945,71447.95206614918,3.1044418325198437,0,nan,0,1,1890549.4734932424,1830864.9384967478,1776776.022100489,1720265.4223341362,1674328.0801717653,1620821.4380618073,1574805.0839974175,1529770.8654555005,1485689.1595125005,1444018.600618034,1400376.7158032337,1359118.2832421234,1313631.7172062264,1279036.6379506409,1240150.911819235,1203430.2772060419,1170236.4082664538,1134148.0833496181,1106491.4166646057,1068430.9567094252,1038290.0883657098,1004932.3327244725,983537.2938520932,950646.4390936099,923478.486764964,895142.1606683488,869927.6106450415,841497.9469503303,820080.461392601,794833.0861569894,771429.3534044804,749172.4903827306,726476.6393721706,705893.6535829051,686157.0362317619,661674.191152263,641250.6816507217,625962.7998608055,609258.6587319216,588481.2572864844,575139.338228986,553046.0779246081,538881.426876671,523317.6189334505,507582.6694059532,490140.63621083525,477913.302839961,462344.48581953655,452235.8199674865,436805.2331112674,426125.9046885722,411514.22676386335,398428.2246397669,392336.6662295378,377725.59142318025,365165.72922656423,358686.31645005906,343562.59565188776,337249.29711073113,326013.4425411769,315865.6733393549,308521.6304253684,294688.12090499804,288168.7250412995,281234.0922860097,273489.13471103157,269131.6413211492,256545.3159427106,249132.52296612252,243847.40921158038,232129.1581138891,229990.03020481978,223859.1480181205,213579.85152175202,208898.96234772133,203533.9288745261,189909.31947002522,186595.91593397938,180602.41133841936,174598.82288412884,176081.18551068485,166756.44453978873,163254.10974425325,157426.05718407387,154242.22250693248,152438.29197173475,143965.9207050232,141327.03923747822,136318.25425590712,135214.23916079645,129589.59377520674,126820.16598649026,120794.19034638666,122611.78872522677,116696.70733632585,111249.93601344047,108764.10892279576,107656.75280186799,99664.2589179246,96952.61656918301,101129.66722373749,93065.2670375232,92137.92338367178,87668.01771213711,82209.26547143776,77066.99071732986,82931.4667578981,76968.9394859773,74141.7716141933,72875.74632529428,69907.66965846656,67232.99867919816,63489.9365140121,66525.75387470439,62457.70576530123,61269.65524124156,62246.14529548048,56551.77468877654,55204.735044566216,58435.23106253952,51866.487092104115,50141.96030235168,47161.28341786892,47267.93352031903,47499.52891017249,46416.97812406443,44530.647447136405,40623.07392205873
mock_0047,DLR_PAR,3840054.4858484827,3484.799860136147,51663.221369304956,3.1942817181756227,0,nan,0,1,1520856.747389639,1468710.2601760346,1426129.7764167583,1382754.3991262643,1342966.404997214,1307689.904180437,1268182.6230893722,1232609.9803842756,1197077.3705078003,1159601.1267884693,1126310.5706400813,1095655.3853024465,1058188.7310323385,1029297.9785106977,996440.9330427083,967981.7340570518,938081.5306990478,917491.216072467,885866.957175014,862733.0994476518,832291.2635412456,811600.9541522386,784753.7687950378,765705.448275295,739889.1559038868,720533.290045499,696366.6179120294,678706.0732023725,657782.7858641928,640678.8627749409,618387.330010134,601256.6291266971,580273.6943475005,565491.9086501214,552432.839266434,541587.1093132936,520432.04201554984,504620.6281778745,488524.2338920945,474050.50337124005,458317.42588427925,447588.75581377937,435180.84083479975,418603.3286215863,410243.9426780885,394383.92048477987,386604.0401745988,373943.02263998106,365542.22252793226,355588.8131240243,343051.9444197441,328739.2004028783,327410.029267936,308897.5505345605,304673.2278704423,300049.07773187646,286414.25640529365,274425.53398513916,269442.4843054294,260140.98651713968,255022.9445799508,242812.42655867088,237451.6370373671,232375.10517209463,223302.04346832572,219135.13600237173,209524.578197655,207663.97852658492,200962.6700154321,192005.75666196895,192483.2275260603,182775.11661573488,180821.69954201122,175544.11207235206,170638.6765647881,166962.40902979576,153048.62720747883,153989.5449513247,149297.1772295556,143749.27495979005,138613.8182186886,134819.0589235418,129183.06055060173,123352.71070641592,128755.76339043342,116069.09639796262,116697.40160890146,111382.55814678229,111565.75019337867,105463.51085481636,107151.20770491731,103724.52562940438,101211.81518838777,91653.59464525223,90810.89060992726,93171.99532622007,81012.92417094826,87072.32597697517,81183.56309945128,74957.60255750015,72114.03544158969,77256.05533816792,73205.63487528753,73677.47873678668,65603.93790019098,65774.06298588624,68561.99968597548,61842.44414088971,57664.29990578362,58172.5963699162,59993.078918411804,52519.53847931561,53297.721866584354,51669.529091689954,49170.58458911244,48863.26735719961,48175.8154732931,47837.58953019958,43961.586777171215,44977.28965053539,42712.94540921552,39976.81004384313,38158.95629069732,39398.15846883522,36078.40153369655,36949.0630427666,35166.97411983444,31991.99929268341
mock_0048,DLR_PAR,3957162.7672652677,3486.6264942747175,97856.92369859773,3.2464712649919245,1,0.08732071214344685,0,1,1564320.6001732454,1519109.7488697227,1473801.092322498,1429770.7564650197,1385579.972264411,1342845.7107953837,1305716.194763101,1267025.7885686192,1231248.4490971307,1199740.074919386,1160395.7632210113,1125624.2641644818,1093234.2428822492,1060595.7890702107,1033129.3557986929,1002689.068536104,968659.4286178416,938918.9631894125,916602.7310594058,886676.1389126829,856940.1683072066,837340.139794991,814459.7922741546,789067.9769502429,759716.5321403124,744462.3037519142,720335.91886575,696198.7386408539,678516.438130213,658063.1882653902,638053.1962750424,623946.456390016,603735.9518261316,584425.6580095344,567602.8271138753,553960.4582961265,537204.8026791789,519794.9008614333,500723.7609099593,488162.8865297447,473272.8928422252,459412.3160623698,449972.3061878273,434102.5710814482,421870.4353145933,407959.5573304761,396047.5182586253,384883.25597478735,373852.0133808426,360740.91292843525,355395.1400117788,338611.7318852434,335695.35783717723,325562.4451088662,314982.02011773625,302076.12874808535,292747.7404356861,284179.88584591466,277757.33846257284,269019.7401947085,260755.5263310591,258290.67300739378,247829.22074897675,237863.58499595794,232394.915614169,220620.74894010887,216168.92496815763,218146.42362805246,208881.49348184676,199518.63507228042,196684.1859853228,189510.25870428985,179667.71816359487,178007.57484399763,173422.00562553148,170137.98993270556,164136.3468137779,157502.65580675701,153819.3692850642,150036.00763920185,145458.1353422719,143825.463777507,138932.12977987892,133577.8364260236,129787.12299748097,130848.25464364428,135312.53159671882,140630.8506700293,146958.48777332905,152901.1370636756,158274.98109195026,165076.89245036605,169676.9675806836,173143.9325158496,169796.37712584255,170663.6861341093,165507.97833114892,166768.29937224378,162324.63566033973,162635.16163228138,160688.01150981558,155583.66513876652,154457.21450398513,148880.81765784082,149888.36836997824,150062.27308906062,144125.28299695483,148100.45597938556,143465.97710702065,135352.59539773973,138427.57160565013,136349.21611128966,140926.56854867435,132712.79351686483,130579.09665649575,130766.86685953455,127645.96124218049,127612.54355940282,130528.75873818655,125760.59440830804,127906.38098821798,126812.79475829296,121675.1966227688,120803.63315114689,118958.07245345209,118922.69506806062,114737.22387500045,120494.20056454629
mock_0049,DLR_PAR,4027199.7522019525,3484.020265833426,50680.51618336603,3.172007595240741,0,nan,0,1,1590655.1293047015,1542724.5630020853,1497813.2500743545,1453891.1907909107,1406215.924813127,1370604.421291261,1327537.177747258,1295658.8819431416,1251468.0264409708,1221743.5358741917,1182697.20721969,1147937.0519432984,1112660.6347897428,1077617.0252459634,1049510.443635697,1015999.1459486117,986405.804754678,957140.5209540995,931702.233880952,901907.2687935487,879167.8155343255,852504.3362426573,827097.8914990673,798417.9088837828,776534.0620219241,749329.6412310658,735310.17955451,713091.0734558026,688374.3545879811,669343.199875611,654999.9848264488,640273.7105998077,610741.393407592,595686.9886606145,579553.0390166829,561019.260035269,545434.3719486778,527852.9762413107,514529.4775356091,497095.57789537427,481217.6074550395,468742.1928591882,451254.9541666751,441538.1190215453,426547.45727209275,415395.45161316707,407920.98452386743,392687.15234349825,382473.72083517356,372160.1213114175,360087.2101757892,346389.4814869869,338690.78116731683,329153.32406679244,322885.41243535845,306280.1390659846,295759.1698956046,288268.2781363065,286848.5359516172,272548.343385628,263620.59045214346,259012.87090279107,250062.45446932007,240786.92860803645,237792.67752297834,227784.88209021967,223868.92362603403,217430.98622453323,209599.39172705004,202960.49305704038,200340.8354252706,189681.93075479177,183349.54976263427,181284.79944921596,177299.7519565473,170794.80940204262,166471.14705239987,160414.64381323106,158210.6985029491,148993.3343965578,142769.20033709196,144738.58086696704,140949.38785007794,130435.38495451718,128992.81419327736,126111.40755113165,121625.12203633318,122575.76078570189,120279.88579766845,112682.53227846378,110253.76299823498,105654.07372243924,105060.38756661325,101023.30600830301,101247.64329177878,89266.1306231787,92070.61323142018,89832.49787211785,86099.02055417837,80324.5206465647,78362.15363930735,76862.33248001842,77103.2966748428,77614.56893459486,71018.60402868058,72400.47962984143,70500.70021244847,63397.29304195163,61910.81712216988,60381.9215792579,59595.77058588127,54102.46953177665,60281.164186554546,58151.258695709585,53720.74134589142,54327.4737993096,53890.606762861724,54578.597248418635,43596.217883945945,47940.8605251747,48173.54330802097,44075.86858243853,39601.24698400004,41422.86958918519,41222.93538265397,34749.24037841562,35952.50246838807,36080.499612266314
mock_0050,DLR_PAR,4192389.4373956462,3486.348981073778,67152.30451424168,3.23854231639365,1,0.05323185965144188,0,1,1652383.8730860595,1602978.9366431548,1560136.5182244482,1513335.112073725,1471093.7457507683,1426029.824764285,1383616.8172064032,1344072.963388832,1304033.5961545245,1266710.2711847802,1225323.62631246,1193184.5220150652,1159952.5842856215,1124412.484591777,1092715.8584381419,1054825.4455717534,1027321.4470000308,1000202.9861800123,967745.6292393374,940313.962021565,913636.338060291,885785.8400548779,853350.0164330942,833131.8425351967,809712.4184955416,788826.781617766,761758.7963289102,741151.7172615501,718953.9288491124,695595.2860806081,677737.86169122,661590.8691253169,640166.171435313,617261.0869061826,600530.0395655783,580551.882495391,565998.3064072911,548369.069568286,533620.4375804337,515485.13999479846,503456.44707093964,489353.51576862624,472996.0273649571,463311.8576668071,442534.87239925226,431325.050974038,423095.9121857381,417593.94546295993,403205.739874805,387938.34748949186,378142.1111154028,371678.0703216124,366931.70627304533,368897.18013293704,364487.7828348274,363932.6062930374,361365.3009497014,350432.4087266574,342361.20800540864,337266.13347312633,333096.5888805095,315605.2616082493,311476.0805298528,307124.8191393153,303186.93375650636,293852.6290261413,284809.48965828907,279918.14666907844,271154.5295711471,269405.3952953156,261914.32994247295,252911.74882985943,245422.056382334,242076.03641037742,240494.95868319695,232352.49039433527,225470.88705998322,221817.43135437527,220969.34500272985,213350.20509826372,206364.7684239179,203078.23688035965,205345.67754562525,190786.48471860462,191480.704345582,187771.9074016638,183148.54964535302,178760.79548155324,169451.1141319875,166462.35566915176,162220.94024033894,170256.24902965102,162223.76755657367,162072.1508147651,155843.47394154087,156474.79466403084,148203.98790564525,146635.19542926995,144880.87000657828,141463.6423946674,140569.17973455723,141905.62167373035,133174.62172832843,131844.30828788673,129562.481383652,131468.04890732976,121752.35504148192,123336.3185076036,126130.48963922932,123380.88489646552,119733.77972920195,116146.93751096526,112085.77825577423,108640.0087463128,110715.70946613152,106106.30385903786,106295.51023681062,109522.0611152938,102933.60591808423,106486.30841096253,105697.85797892828,99190.46856274897,94613.67635172202,98424.62750157953,93376.87799912643,98638.14528362571,92324.93627601606,94365.77429033916
mock_0051,DLR_PAR,3041033.0959561714,3484.425214296818,56471.10663730625,3.183577551337654,1,0.06653074325237074,0,1,1202034.1576967426,1168472.848670128,1130463.7702908872,1094734.194271299,1063684.8605967094,1037914.0959625668,1002997.4692300993,971525.0419262048,945145.5649862803,917552.4900538417,895709.0429516248,870282.2709814472,837176.178780047,816595.0481130218,794302.547628777,764850.1694341466,745240.2906102433,721077.7875101601,705171.4099737527,676904.6330311756,658242.5365147069,640649.0697762187,620531.5770106873,605814.798921006,588306.8761541364,568983.1172522034,552412.2939291109,532928.3451463105,521354.03166359273,507103.5134797085,493062.9417394986,475573.01958074135,464915.4585312219,448169.68328361143,439062.98918441724,422392.586529397,407254.56016836746,392921.0650211324,383839.83840807044,378780.41031903797,366697.3752980669,354421.78551117174,340614.77862442867,333174.5480980889,323545.69302497816,311190.504350434,304567.5275877735,294609.29079763225,286287.5534521154,280225.2327407578,272036.0659723299,263548.32029423665,254266.06578566512,245530.4951075156,240187.1075154143,233780.87013440227,228808.62659496436,221995.73686110764,211504.1302391997,205377.60810057528,199863.1612522732,196614.1940084937,193054.72533054286,191378.55814756706,184659.77956784112,184545.2438342904,185457.3868121106,187270.3329462671,185181.39991127854,183745.42564328716,185310.17617961855,185054.01981597443,179285.9608198062,171778.06611421172,173747.53392292958,173060.5681318384,171613.7571564584,166846.30440134875,159524.35119242722,159846.20914173624,163589.99562436176,155066.5205589264,149676.57245035854,149136.59442396622,141333.30166594827,145143.3245314851,136893.77256800522,136128.1554965975,134263.38436796158,130940.06401768661,127579.07331643222,127166.4293847323,124214.41436183733,122497.95818601287,117477.72814016166,115863.40107345163,112775.07306676262,112336.32002182733,112944.91579606963,111380.50301779408,109104.7342132259,108542.18670004306,103071.38069448149,103417.36185203145,104538.01244414035,100517.09237809818,96418.88062822193,93918.23367887146,93193.91831553954,96236.96779261428,92664.6365767538,88956.53855327527,91878.21563114834,87622.92631117586,86405.97937382873,86585.56613893926,84004.6236639542,84905.9803039082,89341.10175970844,80000.04177584632,81656.78615079158,81130.96220500619,81665.31078118955,79051.61405604937,76156.26022042205,77791.16836735739,75678.61210929202,69139.3214837745
mock_0052,DLR_PAR,4300993.779910661,3487.321006934173,70164.93074103477,3.2663144838335114,1,0.05498757301612055,0,1,1700586.4410614497,1648018.3716977204,1597394.9529679928,1549387.1077577164,1508192.0600137766,1464284.0317887524,1420298.730400108,1379162.1768732418,1342021.7805759907,1302739.2843720748,1260668.6204666274,1222841.6235667975,1183758.0530580343,1152943.7977347004,1123212.4277576893,1089964.6243992818,1052691.5640256794,1023991.2420498559,988810.5857682993,962915.986529203,936820.4429293474,906718.3028310011,882869.5269044247,855329.049759178,827567.2315248839,809581.1438127346,783239.0739647602,761702.0631044698,739797.0375807944,718735.9239715976,691200.0902531015,672018.0737800553,657676.7025377764,637001.9549881688,616418.901365529,599440.0341225204,582647.8604013491,566358.3269443908,544716.8557167135,532756.7059375454,519507.3606489279,497887.56556780357,489760.63438618,470924.1308860857,455305.12969777157,442718.65450240934,431109.6540152641,423978.9820505206,410961.6669170125,394742.6976312777,389538.6778332798,376616.4655091635,370517.3070281407,365968.7648124359,360851.6434565783,357947.2236752815,355435.71732934855,352918.4500206868,351915.8490981521,340591.4752419982,332159.37284773414,331049.5896580089,324573.8415127423,315840.931255415,311674.3588580433,302159.019555041,298044.94794344,291927.9757566383,281814.16485956457,273560.4219816891,266031.24328063626,259696.8392546123,253395.0958778952,245048.07146026014,242714.5567995265,238761.95836589934,235564.02009381528,229512.84517270597,225037.2688884574,220441.60999187056,214943.09265128206,210827.4537047509,203578.8039657109,198918.6107294606,198851.63402640374,192217.62567478872,187612.9452584506,191943.97213311226,184369.7787892561,174017.9850126839,176015.74296191023,172079.91802962412,168261.58831966732,163760.09919419079,161781.47179813095,159031.44063181753,154919.37450369698,150720.399050134,149840.58509671612,151456.6919529876,147923.16914362993,143385.46191617558,139308.1865886046,132868.57824244405,133991.8808255299,129643.82987792061,123856.63193316388,128139.57577910031,129870.72146041247,126770.254374032,125244.40162953564,119767.39717638996,118658.89185591908,115535.39771540144,115088.49775440217,113525.28103476038,112344.03310747835,105547.2745713264,110543.1524474536,108353.7859994685,105401.80711865729,108787.34732887255,106475.9509178672,103820.0405630347,97608.51713841091,99186.07722244697,94876.99932711213,100662.94905949917
mock_0053,DLR_PAR,5142593.145820551,3485.606498055245,52240.48113531755,3.217328515864139,0,nan,0,1,2032777.876680347,1968005.2507555443,1915493.9605276375,1862404.2949042255,1801729.293826355,1749835.1923429621,1704838.7697158705,1650034.7747802716,1597952.7888983227,1552488.4371751319,1508076.8401638956,1461893.5859258645,1420311.1835085123,1378696.8488082257,1336939.6686731526,1295757.5964184753,1262526.2974077528,1222470.579075534,1189143.4140140712,1155323.3040350268,1117622.603734129,1079191.4817417462,1052434.9858631154,1018726.2980634902,992597.6838388043,963214.7426507258,934727.9267926759,910649.8971335936,882959.7684727384,853945.2806648806,831403.9328399076,808400.450747432,784260.9993054244,761104.035580012,735252.0145681144,720432.2464262549,699698.1093263977,674970.4536699805,651539.397516906,634178.6530665911,614951.3531665492,599566.1408963298,582941.2978018454,567072.231610192,548553.0316749058,532280.8018552677,517555.2648290194,504681.5926576578,486810.7839630237,469416.2481056178,453398.55902913853,443886.0579599353,429895.4241563422,413144.2800961331,406513.13399494847,393515.23911246046,382022.68918807944,373951.6867493532,361798.84763895697,349242.1704103056,339316.03966229525,332670.4181505099,321697.6719995085,310498.11375589273,302932.80889055616,296313.18847456604,281470.31917008915,276657.48562159046,266512.5283875994,261546.1746675301,252965.5111209327,241974.39758617347,234801.56969954623,231484.99366163256,224337.17585477987,219350.48715292936,213181.0805081683,199796.33817079346,204727.24161385876,193447.18430079287,188587.26362196694,184563.83016634602,176533.2791683987,169316.97573493578,163639.30993228455,160742.85723714723,154636.51306389013,152736.58005179858,146429.4477870386,147568.43718227185,140326.545748036,133348.33720341363,130935.66812993141,123139.15464170613,124053.19825211316,119279.11547382554,115053.12722308893,114557.85215233239,110235.8556532928,105501.87456090143,100809.41235082452,99019.71063948233,99226.42472479967,99518.52189459946,90972.92742926041,88496.34655760566,85026.01268609733,77803.66821157522,79883.98123527496,75066.65605138488,72698.72864740265,74883.69406445246,68472.35254193528,63567.4237356564,66856.31864059278,67766.2580924608,64864.148373971155,62249.658170438954,62751.7927173949,57892.61613335464,55621.565666380666,55393.637119467756,47843.520691104524,46153.02439607667,51059.73841776037,47236.99748865987,48429.94824343679,45439.33812926519
mock_0054,DLR_PAR,3785694.275233033,3487.650515976418,56475.85200318403,3.275729027897656,0,nan,0,1,1492167.6566811057,1453908.8696636967,1405978.5889251514,1365052.598707766,1328788.4303076172,1287421.5770312871,1247616.560430419,1214931.7576306094,1176822.7837271963,1146020.2575040336,1112054.7570337737,1074227.0035518957,1043349.7407181936,1016835.8934192333,980663.7920681635,952993.0528324015,928596.8495440889,902433.8102548885,873395.4375881724,849570.7326902755,825258.3105443591,800298.6641842409,777791.976524951,753869.656659583,728344.3480430482,709074.7743794259,685689.020102281,667225.2331491803,651551.3560309793,629177.3519828048,610725.1585527346,595201.3026390588,572154.9489626434,560245.313754008,544047.863542574,524488.613802665,511275.921569927,499640.4530213785,482253.71117018117,471980.6553553156,458492.5338115972,443858.80172331963,426726.3482060528,421488.7247691472,405406.6191241173,388272.66437013587,382889.35867250623,370154.6465140959,361148.2480586696,348958.0942885497,339837.75976669433,326329.89819757536,317825.43220059504,307962.7826577274,299759.78510078235,289494.29693616997,284864.5954388569,272942.02725400485,263735.22400725476,260931.46672500315,253756.991118472,242820.35700023457,235328.42184582364,227473.693907193,222544.135912308,219341.38665129396,206103.00093496364,207916.75039236376,194457.558209004,188715.25765714183,181940.76200943723,182752.6349216219,179539.01674683669,168600.05666769168,164733.34396344953,157764.28836104908,154547.08471704094,150550.4242483559,147962.38840929893,140836.05183260405,135485.60269112405,130788.49685526555,132353.30821921394,128383.46879511693,119475.9731591659,118417.33094293505,107885.61520322486,111359.88731271986,108255.27209898629,106266.32302765889,99679.79840026167,97563.59349570141,95846.99663496915,96739.84024119267,86253.8127198857,85965.60819373083,86193.41144323684,81256.3727580585,82081.68695941647,78450.91720059131,74156.06679325036,77085.86914211164,68003.40059691464,72515.58324142254,63985.16378188829,64187.96816040645,64264.133477437266,63568.00043668565,60965.13376431135,60238.53892061261,55330.19690492696,59011.68427694611,57210.46426775161,50054.70172251838,52416.82948759771,45683.08094163977,45160.610783721655,41953.27906897366,46932.8758049722,42424.98714037522,42211.85175002993,40270.20196613712,38552.17673690994,38611.45978950592,35078.67403131564,34279.30174803569,31436.33238926916,34595.10180561929
mock_0055,DLR_PAR,3584496.0286750006,3486.655295607213,72167.22437104696,3.24729416020608,1,0.07301257402002465,0,1,1414598.6067496934,1374515.9248531482,1334619.80487219,1290736.1655701478,1257585.5144316617,1216559.9879898068,1178211.3172745663,1144282.7983687674,1112059.4842270561,1080665.1804263853,1047533.5684062612,1017778.899361257,993666.947096044,960611.3178411322,937526.9406895539,908977.9036047895,882821.1392018666,854400.8547386124,825945.3506603236,805983.5722462336,778680.0396814758,757103.5981773922,734341.5133038375,715673.8145607355,693209.4965126138,672902.0431359749,650508.0731764272,627695.2387275524,613753.1671281817,601822.8138789898,579336.9574847292,561026.6758528032,550719.0329510595,531053.3789603667,512283.3934240522,502933.5088158057,481137.41722436406,468890.27277961577,454739.06599447655,442809.7286242393,426574.7182401867,423517.7217418297,408376.46572577534,392441.9445046838,382047.1707756572,371071.5371310468,361286.5034784543,352396.9858329967,333795.538375185,326371.3115182142,319393.46264192037,308072.1714420241,299961.9471081899,287304.3251031848,287499.2322551403,275471.6698291225,268721.85921401577,257100.56809997058,246448.12138257606,245073.8186834141,233604.2283105558,230349.80625128862,217764.1668349853,217524.1747455399,214271.6632032973,205791.886634416,197570.97707007363,197273.39530549938,194305.85736551206,184352.4219495296,182631.04894237968,181957.15155349218,181544.38378970773,178172.1042017398,184501.3002253091,194764.3610067005,190206.29655860135,196714.65775346055,191847.29621031278,193121.95509670826,188626.2813407273,182446.27349245778,180719.68458798318,172581.43757466428,177554.07920144015,173338.83055421212,166978.97159408368,167206.482209884,166289.46081303761,161116.1246540775,156564.64008826192,154935.27869174763,145339.4965633598,152930.46906015486,142633.19754552268,142899.31970982856,143784.7994224785,136859.6484165359,135235.10165692057,133270.31354237648,131790.5592573832,127527.35453837327,124103.22825321673,121353.76871729488,118885.97453550527,120124.94799851782,115514.2721578749,115890.17173000092,116451.58491654956,109552.2133315908,111891.12090620396,107041.46529268635,109179.20431478028,108346.05646661112,108768.4233413188,104367.47007543787,104808.00920083986,101922.96662100183,104557.02489637375,102152.61400405342,97050.17082323527,98943.05180536705,96778.99454738604,95072.75915436378,95854.78715241638,94261.26524943058,91813.89250131023,90797.57295507017
mock_0056,DLR_PAR,4723902.567705434,3488.342133214747,75123.0168551208,3.295489520421333,1,0.052532548791744765,0,1,1865709.3040862014,1812094.5316693226,1757137.5200176425,1708875.4392507547,1650974.5715561288,1599472.8790168962,1560466.8222276757,1513371.9204346684,1467676.1838157948,1433026.9712691323,1384230.9504621406,1347210.014230956,1303201.877709265,1265336.7934789928,1228002.6884769066,1186903.2979025724,1161179.5179059457,1126861.6144805977,1085592.1199282159,1058147.69715703,1025940.7332135236,995499.0481877917,967605.0437157375,937468.2410297553,913420.0230058957,886764.5317249326,863564.6050942153,836982.2239705275,812503.3540868538,789987.3352855924,762768.9592973032,741560.5091300963,722373.660067083,697629.9219687685,681798.0568521179,655816.3855437093,640529.0837819158,621007.4461262515,604000.1646269171,584367.0308479689,567727.4204833419,553022.7345891852,531272.0169208825,512827.3646643128,501897.01985049114,490596.77473028854,474429.54429364396,458642.34979742806,448617.11424662377,439091.71297137893,431144.7947147791,426208.241917967,418368.37393958267,418949.4268046925,412955.8998336766,408406.45922314277,404917.8400612473,398250.7733650622,392854.254359092,380173.0989936862,373859.58919284685,365665.62733996555,359144.66052998503,351304.62932997895,338458.624778188,329041.0734617264,322010.2107560137,313481.94975251675,307626.5889661661,300532.1260475441,288427.87891195173,289495.95581417816,276526.9604644601,272183.2990104268,266936.762804756,261790.2557728791,258151.57249863024,251587.41873981347,245626.7507862342,234400.10305658198,234111.3781260565,231255.55325445707,226739.95664627262,217352.3819298679,212998.87751788282,211733.30076200387,202524.62332006695,200237.17890533697,194480.42122213528,197239.512205914,187612.63279541236,184056.39636676962,181560.5974739167,175486.011138857,178365.883038336,169696.13288413393,166779.0675937582,163836.25439763826,165132.29832923264,159465.745442906,160626.60320273004,155664.86099605777,147575.76324149745,149543.67960025847,147066.51808136818,143898.23021034081,141075.2400247461,138665.69923755186,137696.58417612055,135808.28382694317,132881.23295643544,128346.41607292896,132611.14103602045,121916.08391390914,123063.89968899259,121124.75702598192,121522.83904904808,120027.46219556106,117794.36069077671,112945.27294226913,114131.42626698918,112843.88088831576,113251.32233373253,113876.52701899801,109884.09047813769,107834.60506484956,106588.81207863416,99629.14667621264
mock_0057,DLR_PAR,4559797.816615789,3486.7542976187065,58153.987770694206,3.2501227891059012,0,nan,0,1,1799337.5770398595,1748328.1313141494,1694844.259766516,1644463.7351974684,1595413.7661567098,1555070.1718138545,1507635.0237834677,1457641.9726401283,1416030.4160847312,1375800.417000879,1339497.4614815349,1299797.7829848337,1261086.3514250608,1218326.3743215858,1185104.7501118963,1148670.891437252,1118466.3748610362,1087632.4696710994,1052201.6765693356,1021068.8789275748,992827.4640008255,959713.8303688603,933598.9260620589,909518.1433223352,881858.0709801044,851208.6523270132,833790.066618802,805427.7567191334,778154.3904815547,759206.8024884654,732707.6359741011,715962.8931592918,695093.192348793,672590.2487101112,658121.0796218396,633873.1138734517,615566.7255935111,600886.6618739668,580418.9927160356,564771.6732639197,550822.7308155984,530541.2872543528,514507.9244972914,502145.4225250822,485021.331660337,463887.0570863819,457229.6910903407,437332.0526922032,428989.92179912375,417710.6129035413,404626.31954310887,392890.84333710157,383783.711453386,370697.0545980319,362924.68005636317,351471.92095777544,342427.3291493637,333594.30919693527,317325.01577539905,309088.4859242159,298201.58860484156,294205.5568210961,286924.6489634995,279305.94179746514,270112.03836085007,263179.1510813481,254979.51867347158,244317.19805762285,235656.5646441283,230336.46727412223,226204.68547743224,215231.18748087305,213407.819334656,204311.69187841908,200190.05216723736,190845.93161727546,188135.43892445517,178188.12606640876,175544.43981791817,171036.19529454285,166565.47976595588,157313.30536398673,155228.94862343767,149413.44216493002,145678.03204887942,144504.40787907064,142033.2205681609,133472.0488744632,129162.820694682,124422.61401589205,126268.08497326174,123384.31236375676,119877.52938475591,111465.32710220524,112852.2225570289,107599.71224637168,103673.60548389556,98837.26471877859,94475.6872446222,93295.93638118806,93310.12526984935,89361.48004917428,81855.37888814422,83375.61740990524,81341.92358540004,80638.11962760934,73376.88228417812,71692.7132938087,75075.02592296565,69688.43322787144,61344.510578459616,62466.648331933815,59720.11170791639,63148.38550911108,63297.22819998163,55508.157496415966,55577.78769020513,57010.540078545295,54145.87265144689,50687.536681627156,49683.00195698403,52175.57929025935,49384.60700123466,43811.536138619995,44432.89505415657,44758.86785116139,46578.48309817194,40017.68277363768
mock_0058,DLR_PAR,5106129.067757007,3488.1165923502713,97128.52919312625,3.2890454957220303,1,0.06851518682748192,0,1,2015636.434858363,1955512.5143158012,1899292.6570777306,1844451.362954332,1789191.3139594288,1732138.8822179798,1683536.0406131896,1636504.8869681228,1582921.3257664433,1542124.8454966324,1498365.7003766242,1453544.7701577395,1412554.3500440537,1374766.3003093866,1326658.0750840108,1290855.1850038432,1251366.871851975,1215091.9647543412,1182242.6559317322,1142214.0913988021,1105811.583437393,1078087.4870594442,1049332.4495926742,1017381.5741138445,985607.8550616809,955030.3510630768,933109.7621010367,900927.5379178869,875945.4644987463,849297.7060400222,827436.8600621191,800773.2057966761,779123.1893953775,752881.2285477598,733671.2163633567,706625.0794786328,689072.5996038355,668554.5923042253,651013.9199974085,629857.9614647642,615523.351455875,593587.3266337585,574841.5035763674,559096.7844397462,543445.3298657931,528054.089164513,513327.6926916045,496981.1136585336,482751.44099925074,472769.60003730445,453439.6380257245,441161.2183197722,430204.6746096931,411933.13349573995,400372.450243193,393696.8095098906,382877.89238459937,367167.73676799773,362106.22123022104,351467.5582978876,337257.1954459685,327924.70960808103,319357.11760875967,312092.8987878336,304881.9957436752,302201.2606936184,295463.2858671319,295931.1262283631,293401.4527743905,292981.9559504738,299402.7051430907,300354.63655300025,299293.2542635979,301458.6527614003,294766.2870947941,294662.6623845644,286529.6230996787,284927.0002771551,275629.41582205344,267043.4557262368,262847.4574112629,262903.70537943277,257070.45908244606,249318.552148557,246469.36206938274,246282.01240078374,235853.955399706,232716.72374647213,224643.83233701234,216997.77790933006,218260.93504005793,214811.45115264878,212761.42497334824,203877.5491421134,199753.9381751061,197782.62101244277,195356.61405715777,188356.12494599796,193664.56927295736,188543.14070090736,179341.55268227033,177487.53913374877,174680.6781427709,175470.24398857742,175290.7545638598,166562.5908141991,166805.6623860045,161510.72671228775,159987.26220065917,161251.9987528031,155648.4415910375,155549.71829813314,155113.78566941066,155606.36706443867,145694.97924440916,151873.28059747815,143153.92670533663,141554.90090635014,137860.41471453846,139951.8419475628,138673.36815160644,139631.40254965101,137246.5001719104,129889.91756671963,133175.02540156254,127774.55829806195,128257.8090121542,125052.57725479886
mock_0059,DLR_PAR,2251127.7011098065,3482.4296569511826,72159.82521848418,3.12656162717665,1,0.10164556003073011,0,1,889980.7278541761,857757.6270216448,838441.7155819772,812733.2003434756,790266.8840016199,766764.1262800171,738426.5971752593,718040.2667833087,700561.4202652528,679461.4924429063,661939.7101680366,639148.0612249157,622249.7929807403,602033.1282888595,587061.5059835196,564717.671949549,549692.6369476436,538113.765417075,519917.3020455298,506184.09292964137,490857.57301324967,474949.4275456411,461449.6614949045,449553.88629194937,435343.1347827084,419371.86583050614,409919.8123380388,399164.2528065055,381479.38810820115,378362.83784140984,362198.0498242091,353546.2861876129,338829.09584741725,330944.4110829706,323040.4540117069,318101.49987295934,302465.52570382465,292324.6294319353,287108.0825235732,278472.5351605722,268388.49253877223,259178.5783357268,256040.35008463496,246399.6746236973,240088.66210394047,230745.2143402,226508.20082179492,220274.8171090806,212751.29623503165,203661.70388486184,199107.90931934013,196512.26985367277,191519.8861101057,182529.8400601715,177276.28523336217,175214.00720479543,167571.09016905673,161114.8771749932,155169.454002398,154917.24221778594,145381.16055673696,144855.55178588483,142441.5800026221,135130.0911338821,133483.37989920136,128495.10806738396,124417.81460791276,121691.45539811302,117703.07584833757,115760.86628861011,114595.74362607056,105474.40229551827,101339.23650190384,98416.96789769306,96146.8013736842,95403.41643463391,95845.59183894006,93745.0135164108,88456.88815348108,83921.80773067959,82748.27741070895,77600.1730444484,77086.39534853725,79041.13723349298,71833.19798847169,73303.74994936257,70762.50948657838,69403.23792157459,65186.53100751623,63718.74835300359,58724.69882675835,59931.67677970634,59404.81052650349,57624.342269462184,54565.73652592403,52446.18370124903,51260.839320495215,55132.30027292197,51129.584624097784,51836.49869011337,47682.6994849735,58138.15026101094,58654.73748504983,69903.69565852081,72979.39609450557,80178.53041865095,83057.01758843244,89865.3268673714,86697.3366369269,94257.7268884112,89825.90326435068,92235.98661170687,91960.88628527496,91806.75937186996,88098.94338259475,89495.46260725385,87814.0288014249,86187.24858004834,82985.3026489252,84593.01225334663,85066.9716409502,82671.23535159051,78919.47496679005,84121.32437960396,74902.12005937682,78902.1252823273,79931.9519897989,78883.28391289551
mock_0060,DLR_PAR,2288633.1578058954,3481.908913894714,99767.21875123253,3.111683254134685,1,0.11444341699607304,0,1,903478.1975857923,874799.0284616527,854579.5642066263,825325.7425635264,801057.6521496602,780217.0134348822,756546.4518930844,737592.2015945101,710917.8119982895,684945.69087461,667574.1594535593,648046.4000579803,631336.3644056098,615848.8044888166,593789.048728891,578017.4418204317,560816.3380929017,547991.1048116041,531226.7239997805,514236.221264435,497176.03667290445,482123.40231097926,466004.25639081764,452685.87631152873,443051.22476995783,425932.9718335088,410269.5797996445,403618.3602366346,390820.9446672238,380548.7878931197,370324.56628242956,360821.8769149197,343739.5970164555,340348.809117931,329489.6974467375,317635.4304671233,311207.69590115,306132.61640103237,288519.8658493654,283494.9394318046,279444.6147916901,265514.1090474914,255955.58772606295,249111.12472873038,244729.97662341016,234003.13908306722,233701.7785498573,227022.3479490924,213500.3996167694,209395.59762084484,202499.4276884069,197585.00829301716,186431.2125544223,181541.2824707487,178849.38285130897,174731.3086605392,175434.96196683304,164180.27327520846,160261.8799117354,158394.08166243738,150731.28539849797,146986.86994014162,143537.52815976896,140460.73004409627,131855.9215188409,135785.9206210529,123393.33081353744,120652.14412795632,120209.72063522515,115089.47457777,115199.27641121714,108649.27991910352,100891.57139517751,104379.50835836932,96451.36609691565,96955.33011468318,95337.62947454874,89095.75705594888,93710.98759952291,83547.10484335088,84257.96832479742,80260.99498738919,79130.74202534184,74588.20997386168,69332.06370370291,72257.13473786393,70913.50471322569,67619.25414546262,66693.15203282327,60123.03199959449,58113.96964556137,56386.49654113487,56755.243712132076,55652.48640630028,52169.72098026288,60994.006690906615,52262.82128565641,51127.853038765534,52659.35150842068,48924.443526811476,43781.78460044908,42690.25796428485,44986.22484350097,37904.454658319315,39116.81605960023,39278.902852167244,36820.48637664165,40384.675462482555,30452.9174117221,39820.457146112574,40096.157416505754,33381.376211377334,34312.0091344995,43247.0742996577,38351.06046344362,47952.347892072954,60328.798896750166,68042.07820430811,76543.75118049105,86068.52662631498,94696.16479316143,99032.24971735195,99987.16447830472,101475.56533979479,100983.62813212966,106042.18827105724,107479.76070737158,105539.10913510736
mock_0061,DLR_PAR,3892433.226821462,3482.111970321843,88926.0712247981,3.1174848663383643,1,0.08215407564423224,0,1,1532077.0081618226,1491085.816782481,1448599.73274701,1407788.4027487645,1366614.3344772337,1323917.2317023564,1285071.3040745847,1246811.3032194087,1213556.4832130799,1174585.1922052745,1137540.7759474071,1104976.239594062,1069532.8879128501,1046562.2959076243,1012556.1313248657,984039.5844862678,949859.9981789524,929147.0608987848,895184.6558532602,867978.2926616766,846764.7953204385,820810.080670694,805014.5788214925,773670.2573919465,751910.8315043288,725635.8756435879,708811.7721078183,689617.7273575934,665819.6190884045,648639.3185971221,627300.8495554877,607216.1466766375,595110.8657499104,572489.0281619693,557611.6818472124,539944.6787184724,522699.3701450363,510713.58929360606,497105.6570389134,483443.8767395566,463348.73962752824,452000.8769335481,435694.5109794939,426854.18134627776,418353.97943634976,397756.0023996741,397642.7279170157,378476.81609648326,369160.91244138416,358348.05758047354,348552.3747180539,340649.5631975041,332806.1310001803,318206.6361445844,308517.90255681705,305107.0290771089,291330.51630595064,278385.55520819855,270646.5117542056,265200.9011695698,258034.03239474926,254005.46712083215,246327.36979058047,231603.0916322601,226370.90921911685,223621.5539670637,215968.45181795474,204918.78974995995,202606.4326562015,197822.58940343602,193353.08241019864,186720.74208269725,179347.97267071027,173753.90525579406,172616.8756541424,162531.21042644352,164095.30298788648,156184.7427405215,148794.72341150462,155523.7224152802,156714.73022414025,153930.81534578724,157276.88117722797,159038.34485079293,166449.11536611736,172071.4399695169,174463.1299722997,178750.35337821135,185230.50303939375,181140.5684098545,179582.8195972424,173038.6581381492,171308.339913265,173325.71354084052,165179.35432447144,161355.55855888204,160911.38019554233,155028.47696397788,154000.01249313657,158540.24079468794,155304.01725129716,144904.69716106978,149035.32897487696,147289.89876148966,142389.71907112026,141411.08289722976,139544.8445735315,135241.48180886646,138218.09549481925,136327.1143529868,134152.89428637436,128451.19910536941,127887.99613117344,129616.14437637448,123770.27710364906,123325.18052275293,125550.00224557587,120575.23542748825,118321.12742527029,116764.42553401916,117062.78183774513,109338.04040072006,108104.41240428729,112512.47192203038,116840.28665904333,109606.04530386133,106983.54518474806,109992.01070542676
mock_0062,DLR_PAR,4479608.084897039,3485.300975954731,68605.30723687999,3.2085993129923054,1,0.048792195367388894,0,1,1771962.4504904957,1713587.1447773383,1668245.5535374612,1616510.1370547393,1569413.3389734211,1528812.646005481,1476264.7550131415,1435569.1308849393,1391712.5782892164,1355719.0511907025,1313590.6333806573,1275682.0329085346,1232840.1848345115,1199834.8227119956,1168131.2160085493,1130913.1559562304,1096615.6533911894,1064984.5828070159,1033901.6428373005,1002464.671499693,979551.0694280427,945664.0546473431,917245.7015467003,894280.3848418852,862539.4245628994,840058.7616762202,813017.1343174017,793439.102561094,769024.1006880102,745316.3940213651,724968.1494046802,701881.361141467,681533.5152923642,657892.7110487458,643191.7579083825,622946.8347031972,601448.837821828,586392.6043945665,568812.5416850817,553119.110949025,539468.1802361995,519509.04905040446,506136.5624235378,494819.52180902945,481338.36822757835,469238.71980445867,462663.77385646413,450211.7733201327,445447.10051460407,440525.8424783515,435880.568377253,431626.81363116927,422402.5536518649,416184.345710132,403829.7909768461,397620.92774580215,387779.53556057916,383381.23251853284,370757.3569636653,356830.2221739294,353740.3767023627,342932.83436999656,334288.56093810336,323567.8278963982,320372.47184041014,312842.10267069197,303541.7886694806,299153.8801809698,288452.1951469816,285405.49493565457,277308.23529620876,269375.353489743,259720.2678770115,258770.30067480518,247788.3735193963,247251.47867385144,241911.35369164898,231860.1143437737,229667.89342444093,224284.96328258948,216561.8278289829,210392.1497451655,206552.29738753152,208162.2684973484,202206.24335703565,197219.21665500887,193697.034136238,187981.49448560958,186439.45756677235,182456.94253662723,178431.862460744,169728.48774804166,171671.13552641255,168997.60509953814,161496.51700280677,158821.71849366697,157194.18694872883,154265.08142191014,150586.8861716148,151202.96337638868,143110.28408503192,144215.9908666102,142691.53669751968,138990.07522499602,135499.86910275716,134437.34223394032,133279.0467169644,127414.34246324912,126965.44881296028,131868.9225232248,122936.05087199817,118510.2082473768,117370.4239036637,117209.27007162014,113162.34953570549,119503.08432033674,113563.33378811467,114565.20271394945,110238.06386629974,109914.08400326926,106708.60279895121,102046.10072145752,105541.94802737836,101081.35083944364,100736.46074263775,101945.69717738681,95759.30781281364,96396.22546353134
mock_0063,DLR_PAR,4893859.034736898,3485.602024534764,69541.98643696944,3.217200700993256,0,nan,0,1,1931073.008630962,1876116.721933501,1821033.241190944,1764448.578820843,1710759.371511434,1665320.8202303043,1615583.418705661,1564205.3809444238,1523913.4289551196,1481586.038289572,1436903.996001974,1392274.8355680273,1352971.198328211,1306877.299873534,1274930.1470398118,1236569.0499616405,1197822.373731643,1165656.9739582406,1129735.3254132767,1097323.2901884764,1064684.3569725668,1032578.2266941892,1008199.0210374346,971148.2776044692,939194.9621555496,920247.6651767395,888466.8441069628,860195.4694942314,842512.2100091011,815882.9413611955,794550.1003514151,763711.6107569474,748426.3292674767,727010.4295916477,696143.1871336359,680539.9641554412,660548.3635308136,645726.6561404568,627057.2744921286,601704.1000330192,585725.3603941904,568077.572948892,555894.9763379021,537020.9089421395,523107.9662566825,509765.89533730655,486927.0277493478,477061.58129189466,463604.8281825289,448575.80339410435,437581.03099439864,421008.2518651731,406249.3002639851,396905.1543566836,388940.52234665287,375495.16067593655,366653.8839435147,354467.1576206276,343531.1025805645,333295.58510862547,317842.40347728296,310775.39610765036,299998.38021890423,297764.72778161394,287475.7739204667,276757.91612410586,268086.89951331343,261959.45041135038,256119.20306736993,245523.14247427907,239921.8761908285,234200.94450342993,225264.45475058956,222437.6794625584,215042.3495558577,205976.4549370924,202563.38051061702,197792.7723180944,192099.2349108305,189518.27698957315,177277.56823073886,172140.41849442452,166842.09784400326,164073.75198089067,159012.28201144555,155442.89293269182,153478.94993695742,147645.02559437987,137854.6603300921,139210.59238125963,138293.51873815342,127033.25849614384,125405.60554805864,123751.9539767189,114847.81552098595,113564.45675813446,109594.96449684628,110379.38845200322,105981.72671200671,98875.75492811692,96920.7009003077,93987.65699790906,88376.62861176014,89255.7652459302,87051.83551091218,84560.0256982747,85731.47320791593,81936.72382403298,77408.90479454698,73093.66864748586,74477.18035904148,70383.8209121003,68255.23775400232,68514.94302236736,60955.30740776442,56916.793084917736,62347.69041622527,58957.130237614976,59217.791469098534,54620.619597526565,53303.58469550862,57523.29920653798,50438.42013700634,47512.51036158446,47518.99954291968,51415.98352884503,43220.38212079297,43792.69854640669
mock_0064,DLR_PAR,3111976.1439417354,3483.090427751502,79390.23887501661,3.145440792900059,1,0.08924236667553823,0,1,1226482.5013069652,1195314.3682682721,1157441.6181761494,1126156.0562716494,1089929.630548994,1059217.0322389626,1028927.3323353565,993681.4100307857,966231.2385778809,942169.0831283145,912586.834532194,889243.2835398733,862843.6723764285,831871.9654825717,809926.6826543298,783945.3255759585,764422.3150738819,742962.7920407688,721808.7892402238,698661.1277610604,677849.801956256,658412.357674907,637569.6387987284,619560.3806169824,606828.365814372,585203.2551375502,565157.2283590423,553833.9223569833,534491.8241985509,518096.1350289131,502183.3864357089,485386.846772174,473018.2707690334,458881.09880543366,444785.2979327316,436484.53510909405,419136.50337332964,411269.4908664583,397303.2781011533,388564.18875026586,373732.0006118439,362703.09939350554,353112.3596242924,341688.1313458876,328808.4027448082,326937.2896952945,312030.82627599145,302085.6595334767,292254.72418238333,286459.03683421353,278895.0949383308,263951.53412955004,261066.9766209689,256096.9688233293,247497.43781864943,231006.81298604765,234157.87077654706,227621.2506972019,219002.2757725747,213530.55959132456,206051.62699732758,200436.75901687407,192094.12445958873,194001.09692562526,184272.70239246433,177126.61619576154,167940.0537668969,166578.74126821916,160538.23486266902,159151.1764411847,153871.78416846754,147072.39076432175,142974.39387409843,139805.8237023267,134952.28376288168,127932.5278615641,125189.50116581851,123090.4942646,124579.72128062708,116474.09273622779,116087.54396077825,109142.61948093007,103422.06168029402,104804.49700493265,102662.04032556438,101586.03984321406,100726.13120740445,97086.55569176034,105030.41181792849,105401.38361667574,106761.32035637904,117919.1621380146,123705.74464596056,122939.11176697683,129847.48157129694,128557.9630109328,129328.50539924152,130712.77575510067,128313.34487436025,134274.08225457912,127804.08193193021,126287.97071154029,125939.33236543223,120915.54734484888,118535.83600403894,120513.79356789248,119625.40981991737,115102.75440545785,111566.00994030345,111980.66563330707,113429.26360439761,114338.47057563922,111015.18696748547,109056.78150012433,109251.96808482749,105463.96832733926,103866.03837409893,103397.8645232042,100850.98392857308,100682.13572966142,102002.38545795383,99320.56287137727,100353.10928965462,96635.51945588292,95316.49933105255,96094.48600809205,94014.5296120408,93723.1550084788
mock_0065,DLR_PAR,2423674.8936401005,3483.331785556735,84079.65902962431,3.1523367301924394,1,0.10531979876585208,0,1,957288.302683767,931479.1451675226,901396.0153260971,874496.0293562165,849621.1877807198,825654.4705041806,799815.217396515,778982.2742138,750019.3537287989,732130.6361199914,711489.0897633391,692205.3606342834,668907.7725709223,648622.8179530536,632333.0754174207,609526.8374913268,591508.2198165563,578124.1555259011,555504.0211088122,547794.9872141373,527569.3891890002,511924.7760398392,496542.34693971474,486105.4778427091,469453.5771818756,453174.2600484773,441188.2387464985,428795.872509413,414641.1274600393,401657.445712381,393189.3086275128,378674.0133467393,370235.1476330996,354819.1740009118,349835.6954400311,341254.8500389503,327993.25194056664,315789.48022937396,307592.2783011639,301510.81812923896,292122.49549276417,285019.5998791426,276322.4185133586,262997.39063859975,259988.46553661846,252553.61883571488,242278.0551756962,240839.0786834193,231032.27865069694,219730.72710258508,217913.17322182632,206501.72853320878,204746.01220379624,200193.57200652166,185624.8057722915,182882.14975302079,180330.42143829376,176640.21323410838,170911.57088442805,165291.96914979458,163052.50378650794,155245.83825496305,154968.66156602663,148279.5415116806,145149.08546866284,139153.00882656538,131810.28335886216,127725.55977192245,126205.47785345877,122257.15906193889,113439.08837789169,118461.31688622585,113780.71948723828,107199.67393906723,105488.88919128591,100925.53339876841,98686.96444531773,96085.33563477607,93592.90686724006,90969.26055178799,93255.98234205224,90212.24978689378,83200.1261627835,84797.0957799874,77907.00510551716,77993.35049574525,72129.4694981924,72937.16270284112,71148.28519393463,66363.06906301754,65360.30964788191,62147.47674997979,62709.101428343136,66700.96757135117,58611.38978494245,53763.42505087604,55523.91418771534,54048.578738132215,51933.25697469517,49416.203434369665,53656.09816558852,49281.25466313216,47531.28669896898,47707.77575596642,52208.73834905518,56514.1691105545,61005.777440029015,66466.99305245178,72727.37629456943,77558.26087182545,94505.33100369388,98191.85651795747,92423.70020903523,97024.40339955706,97853.59211376689,98932.41654607395,98428.3463536663,95224.14873155871,98468.76338339981,93195.59766122741,93263.4513790505,93685.34556900611,96360.63050816879,91250.7609733171,91776.84960288195,93104.65928063262,90062.52897222505,92005.96292828665
mock_0066,DLR_PAR,4591388.354321496,3484.563940637449,91550.48090673293,3.187541161069969,1,0.072265269622686,0,1,1810073.7381643406,1759485.9114072376,1710845.5829708767,1662353.0309866813,1612817.6861167417,1561966.6558831625,1516331.987576136,1469705.4212388697,1432994.4929189207,1385946.258506611,1340189.6513666536,1306038.0395258735,1269002.8426493392,1231640.1931318415,1195367.8193913496,1160217.8362519364,1124308.9222384647,1089263.950889884,1061140.0186056518,1026868.948198739,998696.9003238019,970986.7366421322,937608.2441722063,913012.3420136524,886059.6941796835,860376.7483814728,839697.9288291794,810905.0889443739,791409.1194809666,762145.3257575174,737691.1585456539,720263.0798415827,700193.1537669345,677231.6175748293,661774.6000206935,638495.0525324064,625138.8595070657,604116.9227430009,588148.5939260043,568991.3792950739,550374.3362690586,535347.9819275741,517025.61012435314,503172.37031456234,487716.3870790469,472261.2705720171,458445.8740160745,445598.67527667445,433270.8309319079,414195.4400408121,412114.88267841924,396118.57785468927,385426.85148342326,376585.4427883419,360836.83729275636,352577.2120476115,342977.9882903086,333418.2878223426,323952.8734951376,311112.5520522448,304309.6166214759,294992.75702760706,283735.01317358686,278643.56961870077,272033.55611963844,262236.6159617761,254908.50125721731,243904.4643833096,246103.54063737864,239915.60798332526,235073.4793107807,238334.81480177163,239854.9922137533,242561.72965415305,246192.0855820895,246606.34196198237,253268.94090805197,252068.30959731873,248540.55956923967,245374.24017720873,242523.21260367244,233524.92137412628,229733.5120928089,228398.58528853214,225851.73146394387,216854.46537200207,216990.37121831765,210388.45359547233,207701.5544834284,203931.4229218487,198168.96316086626,195763.7789394296,195253.98475347218,187570.2364094006,182519.86091755013,184284.0600940328,181097.03891040556,177797.63426274565,173316.55782831143,166153.42934496544,168007.21383774682,161570.16634049348,161694.8200575742,160510.15839855958,156288.798803239,153874.0200154638,149715.20475491884,150749.0098958585,151125.21958550508,146830.5195576734,141186.17855255067,139539.618627829,139157.90006083404,136941.45693685598,135444.16498419517,138088.35075473328,133079.00973801635,132344.5671070424,128450.67887853607,128643.14573533139,124031.85074828492,123163.29687795822,121581.81667362862,118697.835489532,120961.12284120353,118712.87008139105,118853.24042944374,110801.5941864208
mock_0067,DLR_PAR,2905676.1330016707,3484.580465511303,87758.05393299865,3.1880133003229445,1,0.0986793769425295,0,1,1148046.9141404426,1112730.3972586119,1076032.499902751,1050521.3887805645,1021457.5832171516,988816.6017077052,960502.05127643,932020.0163581377,904351.1761362343,879861.8270216496,853184.5926227642,833079.8974183955,796874.1276948678,780867.6515177819,756759.9671717852,732746.5516521541,711778.9462574857,693277.3726516975,669815.3838120432,651518.8262440822,630479.2486777917,617780.3856722887,596576.0531891399,578006.6693638323,560754.3955637257,540703.3283632001,526097.7025262491,512895.1671174778,499097.8101456441,487673.98827660544,469969.35591400455,452161.36412047484,441111.359408468,425015.9069686625,419248.54685841745,405624.9378973739,394053.4698919415,384209.4463081256,371898.23208332993,362887.6484481511,352974.2752821992,334858.23079576803,328072.3977057489,322167.51186292723,308822.6520513422,300336.6667046131,294133.96613235516,280571.09560777055,272337.20350291545,270910.715904401,257551.12231873474,248338.68922484698,244321.60160860192,233675.48741218637,230257.665245479,221714.45648364758,217222.2555325462,208420.96022415653,200042.964264109,194475.4882448729,191749.27180291602,191067.6181806427,183043.26151769407,174843.88490085868,168171.54789623496,169438.79279264098,158497.72877620085,156623.360556373,153382.6865827384,146818.75228863247,139431.882118954,136820.89958282356,135830.9745285127,129958.74676958339,127973.72135656636,123389.42744597723,122836.39070509963,114220.28525434191,111637.40802634032,111302.26192061753,103026.0390588036,102392.53405925118,100436.47770789046,98094.7389972626,94717.61778680983,90932.02660445428,88038.68666180535,90313.68803393377,84587.20915302885,78981.79733397161,78749.45341166064,74806.19425556304,74000.19491712884,76382.58476354385,71336.11661407941,75728.14853375092,70218.07968801065,75231.17488499817,73780.22523776765,79338.2057714131,84316.4738536009,94947.02728569879,101092.02053802593,108857.39158575282,114262.51572376749,115931.49667409848,112507.15668909544,116649.55861420916,118243.28184813302,117569.86822104553,113798.83819351537,116857.08774922798,112003.5806324494,110940.22372533716,110087.57056240446,109011.83895283901,109628.12736160024,109576.53887708251,106721.58184767536,105855.2764294189,106067.74692878927,98974.7228460221,102430.62161024282,97152.52373463647,103115.33180249581,98873.59152115072,99388.79037003274,96551.70953415774
mock_0068,DLR_PAR,4275529.373230452,3487.2879759641123,62347.72426638428,3.265370741831778,0,nan,0,1,1690248.785001086,1639029.743890914,1588750.660319034,1546987.5303014133,1499517.3767081487,1456385.9048492184,1412751.3677043002,1368762.816900484,1327802.537216127,1290537.3763924264,1250655.2357747266,1212893.9211084147,1182066.8880788083,1148385.285442158,1111329.4039895318,1077237.4343520515,1047106.5094836862,1015224.361321208,987491.1074789177,953792.2184336188,929904.5572109699,905862.00733728,877581.3845344149,856620.3572884784,825052.985088487,796862.5204983222,779231.8102749516,751838.452493362,726239.869245468,710976.2721505131,685255.2385554871,669727.5715144272,651018.9258721783,631521.0057837395,614906.1493943582,595411.7859845966,578308.8601229173,561225.9372961859,544938.9283861835,522853.8200772329,515911.6516194841,497700.8642532969,483583.40921210026,465156.1146985232,454851.3841794425,437032.8263879377,427558.4627391854,418466.9074791285,407551.712246914,393468.36711741803,380757.70921834593,367360.112086703,356342.16585664864,348259.6942782288,336641.95251736493,327192.97816886334,319268.41292048804,314390.5412897342,301869.5325265283,289676.02007479296,280192.6455622263,276292.5089480476,262086.3676283357,260288.25725403934,252992.5291604879,242901.0706288747,240979.01458396472,232699.03645018052,221116.02211249966,210195.17571986737,205117.79620736203,203077.21092973102,200078.43621807464,189041.75736147485,184996.25187700556,180369.19811157233,175859.99712119918,170905.05011623705,166693.25413023334,161538.7113403363,156662.86617162157,154416.80042528265,148237.95114369274,139589.88468356655,138429.86242263697,134801.74645529766,128329.99079727767,126960.1764892103,123979.03196749942,119326.51699991751,118088.85887846925,114488.98164006638,108110.74001216012,106429.07074671116,104679.92780790974,99730.39446243987,96088.47540522243,92782.24931025195,90877.61942312645,87656.99823276249,85876.94956106773,87501.72549306582,76520.75489570868,77778.38197349546,77917.29242913754,72916.19398438332,71733.65542147888,69781.20566906112,64863.735271880556,59363.21068195104,64219.13133862306,59400.37744527732,59079.899268729656,57892.535198837984,57154.63331157111,63826.445830264274,59275.775728735025,53856.26559511555,54430.83272470594,46888.45033182056,42213.245605898876,39338.189249840056,41283.4574659017,43911.157669546985,35617.33185013813,40484.051841252745,39077.428504112904,32644.85409624425
mock_0069,DLR_PAR,4871413.802650885,3484.1777587427805,73098.62424146908,3.176507392650865,0,nan,0,1,1923097.0153170635,1867582.875822354,1810474.6434192308,1760100.9825212888,1709536.154158713,1654552.9852101302,1606101.5736319008,1564459.0692186584,1516996.0440650855,1471403.5845055957,1429848.2761302958,1382310.636952809,1350895.2438276308,1303158.244808313,1266539.5013634367,1230920.4580601763,1198650.894779018,1163004.9073424148,1124942.841466896,1091848.68020615,1058856.015096033,1032643.0023433687,994922.8230031875,969582.7734700161,942119.7855077122,916269.1885996246,882936.1971081153,857960.8694101344,832652.513827228,810138.6733771658,784883.5490813878,763880.4401312777,744128.680551819,720361.8549035434,695148.9812268291,677524.0396759425,657579.0893281333,639778.7085444652,620090.7629547769,606279.2089325791,585574.6494177512,566315.8766991168,548767.5116296813,533617.5164960682,523217.7432629989,507671.45160295285,487627.4117049838,477354.5125342534,463154.89451769105,445359.5549551321,432324.6971118612,421146.7256710495,408714.87066730566,391926.00478550803,385781.9112901267,370008.07986600546,364822.59482310724,351788.19697956456,339189.55785219226,326411.8590460964,323332.56100016274,312859.4133059841,298159.82402620424,293518.8522877225,285885.6854418671,277233.59464641794,269094.9506291372,263970.90422307234,254005.8912519802,250572.14191574263,242272.8853172057,228008.45514716464,219750.9889449995,218781.7213948172,215864.46539552315,208118.90370914532,199815.05094475907,195408.54713563062,188308.75269024886,186239.80593559527,180444.1157760635,173611.33977316043,167480.860084668,157227.98116014665,155526.75270107613,156293.6012699318,145787.368304342,146176.39564422963,140207.50894291163,138479.36755042232,132529.16192848244,123237.05649582142,121519.69596473683,118510.28924730839,116143.30321426115,109743.31801008846,107524.14708477087,104986.46220865143,109932.08832159096,99660.25451308709,95106.88681474929,96257.66992897703,95695.6628040904,84220.71818546332,88600.38054189434,86832.54847810158,82715.47377628094,77989.17282053657,78161.1468193201,76940.81364421455,69200.01343408487,68509.72206943425,65819.54571669482,66752.6923704066,63691.43574263937,64879.608967571556,57154.270219776394,56793.61093889533,58017.33673376188,56255.57257997161,49790.41425727723,53691.436501705044,48337.59830487655,44891.31015244337,46754.8964346708,48594.38920030365,47197.640044161904,46111.86673503987
mock_0070,DLR_PAR,2351455.167940723,3481.554642855602,64601.38877643047,3.10156122444578,1,0.09358084896716812,0,1,932433.2419020424,901657.0160633901,879885.3227835612,850060.7497688808,823505.3761559471,797920.5481169315,773259.9250121394,754131.0718583197,731115.4239785726,713143.9259003907,688355.4556380234,669382.2354492898,649765.4452435008,633251.2128887173,611735.3727967159,593855.3455403801,578002.1166276544,561881.8908195855,543956.8511578838,526073.9089593481,510150.42901619757,499433.38498087396,483527.28930396674,464780.9781745422,455174.7594049617,443250.66415745975,428211.4530075836,415981.41832321684,402239.98384683795,389870.68780702923,378734.019821204,369146.09356112254,356142.8939589813,347438.26687609794,335583.21032805624,327299.3458224654,316773.93328710366,307607.27254113083,300748.7529613368,293858.2194691241,285764.03230141156,274634.4124201988,267966.87194026314,262509.2202689296,253732.94252483515,239239.41768374984,234070.18863866242,230851.04045344415,223413.70378513387,212062.37115996156,212418.8244300233,200708.33247262528,200872.9102175834,188899.98014494972,183599.49595856207,183145.5356453729,174613.16092609448,175250.06783627733,164455.07680354782,164837.71782488978,151936.070735025,149283.91346356258,144797.32639318355,148501.36233561343,134887.82080960658,131688.63157721408,127132.07436141827,120078.79660931847,121158.62106662488,116629.65610545971,116541.13931324237,109357.46975668025,105719.55711895152,108121.28232741618,102466.38971645638,97573.96794883696,96715.60258107002,94359.73019747174,95152.83311690249,89857.42934511813,82098.97601295747,84387.14581234047,81382.80186633718,79621.94705604101,74131.26850474265,76258.8341173092,72714.48656075925,69642.68553081562,66714.25034950537,66318.52121871643,70381.55852190888,66911.14277113673,61461.695924571,72395.8785899814,77105.67556479551,80349.17913058957,84645.67791362898,88085.09158839294,97334.49540690298,89996.71454257486,96964.58591857627,92310.23822884413,96769.10717574503,95919.2970119346,94417.5994473995,90445.2152285433,88217.22101152726,88209.34396084129,88403.27243456896,91746.39138717008,90353.9588679371,83021.65726466944,79989.19673956848,85716.70646115782,86847.9925132111,85981.25410012955,81503.27293183195,84078.4757174921,77780.99386180536,80793.90088728107,81000.02251086576,80759.07581596034,77342.82102846113,78221.59604187272,71856.3078663789,71702.69329914561,69101.1049097451,74122.67727092211
mock_0071,DLR_PAR,3195989.201935104,3483.9665183672414,73982.0297187136,3.17047195334976,1,0.08304072243172908,0,1,1262709.0861109486,1224388.2550010015,1188404.516475474,1153523.0289348974,1120731.8509294896,1090673.2617597342,1056781.4061559353,1018151.4035741873,990805.356627532,963499.2597488525,936450.5960477003,909735.2017263432,886589.4695856608,859260.2547998894,831855.1635712432,805910.7754869998,782354.4070809566,762495.2421008901,732206.5909268314,717634.9955854331,695214.7382629401,678437.1234728856,655121.1761938378,640449.52879813,617958.2512098005,600836.3080437008,579919.775963928,562210.8377699009,544512.4519908213,535163.8823750417,519337.59587307926,501808.2094594002,485386.14800450153,472010.2068221385,457120.79322928266,442020.4060934193,428674.65524761716,420298.63509305276,404624.949456557,395824.22747512994,383359.5008461644,368744.0598048962,363445.70806413266,353020.03324607294,340699.9287774163,327171.5740622501,315306.3103352684,314420.40220774553,302053.5172489593,287879.8316379909,287079.80474866903,275121.3827846848,266912.1479580591,261061.57067051934,252898.702974303,242571.0128666981,239960.47568205808,235374.4687611035,226750.9234425344,214796.20930061396,212761.7507995326,209275.91221086954,201566.7061054358,190776.21421398805,185503.05835901666,180134.58155842152,177399.90967850035,172874.2749369391,170825.84508840795,163181.4932855809,157580.72219694653,151797.09700272878,149147.28366490666,144727.9646597638,141729.67880900356,137469.3994985446,137352.6704793104,130878.04270346079,121720.56281034878,124699.39973517672,125164.62761402635,122272.98979913963,121436.8786151359,129079.96337576014,133996.37854208512,135715.4016429411,141170.25056915454,141607.76367857153,148026.98605739043,148436.4401860247,143341.13906516926,143184.63229862362,139842.3515106538,143960.59915603098,133434.34209427927,135161.67201532074,133143.8626809217,128460.9090802643,129372.26572319928,126117.13275502462,126433.59501650046,124199.84574506206,126160.40094775791,117797.39420911222,120003.65651260137,115860.84381058687,110501.43376193517,111000.802726648,111488.07595357712,109934.55983803273,107212.73118434456,107441.0697195614,106256.93308786594,101515.24553925684,101232.34964701053,106298.80530414986,101847.33873330685,100362.01979299907,100113.42250542175,96443.20845220616,91790.131014114,91001.2294108236,92628.80417406144,95744.16978374493,90991.15388100251,89641.15100230994,88945.90559852186,91663.46578788068
mock_0072,DLR_PAR,3932703.014668545,3486.519394487459,94952.70887356132,3.2434112710702534,1,0.08580288814241999,0,1,1556123.7755173412,1508563.8156725222,1459617.7237728934,1418076.8846551955,1380362.4849937102,1338576.0053133203,1298982.751644524,1261670.4678954652,1227973.1212483614,1188934.145352665,1152163.414306987,1115417.781627003,1090503.5791305692,1052929.5594869498,1019598.8560818345,989953.3690687483,965876.3139765288,935427.8047081538,904800.4469576459,878786.4123986083,856870.8289116588,831888.4407368317,804125.4917673335,783782.0940516216,760828.4962629674,739521.546803865,719419.4771115114,698283.0192835805,674324.9769249078,652701.5868040823,636224.2677624,613503.1045625772,598461.8048742615,581807.825263164,564676.2522056994,545013.6956767788,531205.0696650756,516299.49073511636,498227.00568255165,487715.294323186,467858.5163925586,457390.2283889675,441994.2847426359,430369.9661331019,417574.4396896996,406767.9993066244,393067.8138096345,385522.376411363,373320.25970448565,365732.74922025873,346691.1380169184,340590.53691885545,325974.8348991774,322616.3168799651,306163.5266728031,306271.4474709438,294677.7013605198,284895.96021132637,276856.27405630064,265950.3879168443,262031.84444326427,252479.9570387181,244799.32195466684,239323.79590154043,231300.0967924957,221951.86113548808,211385.87476149108,213363.2562177961,206633.2308864065,199444.66886747262,191364.19549164898,187127.91432769573,181687.91903948935,175172.5382195185,169557.82851483067,165400.1025144038,164080.86404422874,156602.13491236276,152283.24673521193,148995.2519310476,146778.52779418064,136546.6245225506,137599.08006149015,137986.23708063798,135806.67215098412,145517.5694133961,144128.99712459705,152832.70640021405,160485.50571245686,162742.1294933756,168969.9196073762,172322.94281762626,174262.83930331704,170951.53803877643,170812.1041994913,168300.2712446659,168221.0115803282,163563.2672730193,158707.05250633697,158376.19394633753,158902.595193656,156651.5785646035,152067.30432996532,153015.27835406168,151030.07603582047,145021.0750389325,144327.9071914329,140820.41145207718,140085.0837193648,136939.11825663742,137252.34424746002,134413.19308083304,131894.1438634991,132501.76634678707,127005.64542463855,128405.16871660593,120008.66453488663,121480.05446282569,117895.67206854722,122218.82991945768,122770.31917620733,117693.09163147646,120222.33071215759,118932.6911061885,118928.71845980381,106975.37469448791,115977.08295679191,114166.8947200177
mock_0073,DLR_PAR,3196951.5650809174,3485.8203402363824,91257.60553081737,3.223438292468075,1,0.09570014305052038,0,1,1260509.8594626468,1224471.7555210043,1190149.3659895225,1151386.7975530697,1123269.7531035128,1090394.998582264,1052245.8552742144,1024320.495533495,997335.140742981,967960.0308055457,937290.2551014582,913075.0400908312,884372.585328481,853333.2293359848,830787.7452636089,809229.3778435428,781599.5599283287,759084.865034062,742382.5505620319,711958.9195976575,696935.138798203,675880.2162982147,655786.8494503833,628925.6007750536,612435.1798902475,597337.1424127483,581103.7475488295,559584.8333585451,549729.9523430057,533960.2012267602,517753.3324816159,501067.4438240806,489284.5803837859,470498.8362503814,456432.0125575641,446430.24868970213,435530.03491186304,419883.72278491687,407870.2805024112,391635.4194960408,383071.98085706023,373686.9699968344,359294.91224551236,347899.5589700966,338471.05096627405,330330.5755515373,321301.01947534294,311558.682582047,301075.1857671907,295733.94694967614,281521.4703559654,278553.86587782775,270769.83587286127,263943.3253583726,250863.68298498174,249995.65576762057,239447.29787119207,232254.13980805752,220185.7094174671,215751.37401247537,209520.29312111132,207369.39414825474,197075.54289848328,193272.61971576785,184449.45439584344,177418.47233784143,178905.2633290654,169523.15152553836,168100.04656903987,161698.9434305894,153365.15239020417,148270.37026000334,148926.57292725376,146179.28076262242,135076.18705433398,134622.35377471917,135153.4635071635,127437.99008394798,120931.74131798792,121456.93593844816,116180.2458368164,109840.77506142811,102090.44231448305,111724.57388725979,106914.98858657904,104613.967621086,102477.8326750308,95500.95442828334,92799.74429290979,85690.2181789329,87735.50669355235,82267.70450741857,82958.7230771889,89345.44231205592,83202.04124510952,88123.18853523987,94297.25292744848,101850.5813325939,113747.64282837216,116065.21762722496,120945.32405626868,128671.86555409466,125525.90946284085,127757.29683381635,125041.53804936174,133922.76445290624,126796.48244979208,128098.59944444096,121560.31012405401,123857.63083123064,120229.18171385235,121665.00385169475,122058.74119810855,120884.0454478797,119044.83089937636,114290.47510470756,110550.57461709723,115176.05259410181,112704.31034364447,109798.67662023405,106778.72574913157,107856.51801639903,101967.47348896212,107922.93649171734,102827.8690867353,105187.43007237856,103316.28191450272,105542.9762788531
mock_0074,DLR_PAR,3307631.6615778888,3486.2858981316076,56007.135143526204,3.236739946617362,1,0.058461144061243205,0,1,1303531.9593292964,1268632.5424834685,1232300.2886413648,1196428.5236311855,1157701.0759848494,1126496.0100043549,1090582.5823953112,1055380.4608875436,1029719.5317732536,997897.8568788951,973726.1344778904,940895.8727729734,911560.9002294954,886463.9883638063,853704.0070500305,835367.3972743008,810649.9166492457,792590.9199949622,764260.5583625507,744260.2473083978,719410.5982477366,704569.8707234958,681264.0872847281,662233.7835481409,634756.8345465835,619781.4422935692,605781.1935438465,586630.6445364826,570692.7271606582,550198.8182016183,538663.4192470908,518036.4068794805,505842.7586892554,491508.5245073897,472136.5960458394,459083.2021266964,446184.8712095808,434760.5233586279,424000.7747130335,406498.7227340322,394129.6689690798,382965.5073472671,376554.70635859325,365463.9615605219,350033.0661440153,342977.42799638014,332319.962737778,322756.63682231266,312315.48739401164,303730.5027666425,297439.45043432654,284651.3263584204,279455.6880576853,271367.7246713685,271099.84915357514,258653.17652444917,255287.1990991136,251881.77336034336,246438.29118853944,248683.16448931015,247142.55752414447,250376.03501470955,247372.41360284027,243287.14705150633,233576.12407526153,234767.67271878128,226201.8967455047,223469.97361658115,216283.04108268945,216607.34388033312,206926.40840546857,199688.50551317757,200042.7193318304,193353.6282229069,188526.99966390032,186439.15886692368,182921.49157871128,175943.62268328381,172990.0912029593,168902.3570198475,163591.3488737053,166673.12489185942,156576.80446457825,160455.98944838645,152766.06771976684,148405.99741294212,144964.2546055434,147913.39434610496,138765.22332108615,134414.71187190694,135554.4794721784,131199.22490639682,125967.63742356785,125708.3280548267,126156.99849291683,123624.2702422362,123145.1525741801,118598.18418433102,118237.02559685057,118168.8546166985,115046.38599192824,107849.94703699258,109517.77570108208,102721.4323328516,105381.4627149952,106664.98682111,100529.21601448958,103424.28973404743,96977.51608146878,94273.26956136303,90708.7727455471,89899.6909803344,86653.42299578142,88296.94144370893,89427.98747052514,87660.32370097807,85943.4431547178,81035.45872402258,84949.10363369792,85604.44210260024,81216.29949464055,83929.70461364482,81857.30231850312,79632.58933944293,80141.13615597863,75197.83191614864,76582.95728847545,76342.86434052105
mock_0075,DLR_PAR,5291352.196008494,3484.264931828677,85821.88572669058,3.1789980522479224,1,0.054434680800045945,0,1,2091149.08585314,2025486.8591868253,1966754.2640995798,1914064.4860051428,1851656.37256179,1803204.370000964,1745013.8356895545,1695777.1099256177,1646022.6646741193,1598335.5388929094,1553611.406328993,1501627.1033030355,1464535.118381442,1414811.808174566,1374179.4633145866,1337131.5215835785,1295366.6458230573,1258480.2456318755,1220944.3930150655,1186615.1223579221,1150481.1000443746,1119801.3372357595,1086226.0825317104,1052918.8466229802,1025783.2950847816,994290.0710557182,956711.274655385,936337.5013546315,902869.5469317078,881543.2882836702,854254.61505455,831293.5619506028,803953.7045974346,776822.1073544697,759233.7421223347,739155.1142301053,712513.2816944895,693468.0886655202,671195.2698552841,653018.7560825009,636457.9518608864,620895.5961566775,599584.1734980186,578069.0411192167,562507.4813541374,547937.5248085631,530087.1315654464,517865.27554030844,496747.5959336594,494950.80715918186,477755.22314155,469591.70209023886,458157.9947915217,451419.8768056762,448798.4434708833,449713.9077150478,441754.1050641971,440214.9345403406,433849.95878812624,425557.7963064632,417546.46181373764,409388.163322105,396057.3919048574,392735.97635219066,376744.257824404,368503.84692412446,366093.4166151405,356700.2754452601,346267.85761029646,340737.1912917816,330856.87108106347,322152.1977673952,322760.6633707692,305075.66105399077,301910.80723225145,294430.236871835,292326.3651477422,278922.22611112864,273806.99904459366,267461.8467630954,258699.21259457935,259078.2123773373,255757.71161912312,247386.1112562988,243113.176761773,236302.15729365536,230469.8695908314,229125.21288593384,222836.41530032374,214267.11611656574,213169.8279970424,215660.9271058162,204643.75088540904,204501.4238402358,197866.71262491812,195510.8251668361,190856.37802166308,185603.47958628088,183693.8655528027,176526.1125698437,176467.76900277057,175547.04326487883,171288.55114976614,165894.10794416658,166724.9904122413,161114.5001279865,157430.4708474643,155696.59245445768,149980.7977972972,153712.40410252666,146691.29368612697,143605.54862375735,146145.57609023515,144190.69681451717,140786.6145931398,137310.26995723695,136366.3131545418,134644.77067740363,134697.0722560377,131168.82063437975,130464.00422038767,127173.10139880213,124649.55195123293,127750.63014391274,124640.3035871246,121927.19008136287,122093.93429091945,117408.12686144488
mock_0076,DLR_PAR,3498878.557320456,3484.5355155728903,78350.25577645822,3.18672901636829,1,0.080781824384596,0,1,1384253.893525358,1342269.1319891165,1302226.4847433458,1260421.3809855904,1224427.0345139243,1188049.8669212707,1155171.720353905,1123102.5050330395,1089124.6439694283,1057439.9116806248,1023956.3858561428,994442.178023154,966038.2709794048,934543.9315461256,907734.6478063469,878499.7020007556,853959.9757908316,832475.695134947,810605.312444679,784978.5637591985,763001.124398939,744383.3400430399,716394.9435238291,700935.1570549643,677132.4768571964,654878.8576005527,637240.8934596097,614625.2459711866,597726.811230267,583705.2554360157,566749.9333379095,555276.9054052124,532809.9807855111,517552.75850063976,502752.2960334449,486858.085493328,471763.7834205417,455809.8228912258,447284.6688954614,433187.5054039317,419027.57288456906,405126.2964841691,399043.492252243,387597.39497352956,373697.86007529864,363394.8403519686,350863.9392665174,342809.2590669889,329685.4806000465,320645.2315439599,310677.70105190156,300835.4321164402,293217.39305527497,288395.73517275736,270578.5150024479,266473.50873774907,263733.43713112775,252237.6845144002,247979.84448614682,245118.88691759744,234509.7768377558,224124.76148300595,216546.97017505235,212022.69859309547,203945.37516188197,197920.13210513155,190565.33611685346,190437.20722376427,181864.96138354554,181694.16509512556,172681.27045225367,169966.0120747974,165257.4369333708,155988.31512614127,149267.9351611511,150731.28791531024,146349.84223976886,146771.9199506809,144153.13945471885,141001.3293705958,144225.8262973972,152980.48733996614,149711.94506369208,153713.72952584198,160593.97190176914,161418.1835687513,167917.71025066162,166298.55841673593,161973.30798408098,163012.8882962626,159860.01840304842,156429.63791923755,150900.66122277148,149724.08257754956,150151.41326922516,150190.2334871292,145614.45909679576,139226.76048205927,137626.22686475422,138901.33719303974,133837.93877932613,134252.58937927807,132701.4226008835,128668.32138956137,127556.42181527152,124642.31098256276,118735.25816456227,122154.61815480834,121316.92303803658,113641.67867716923,114746.50128129729,115158.00772080477,112388.01338130336,112641.18576959382,104590.0832531199,107369.39044924502,112433.95243953011,108953.64458257228,103723.10767735705,101124.81918990609,103155.84592484774,105028.27014017683,97832.79928156902,102696.18318029252,95321.60420165295,96898.43600961259,95742.3468016487,97348.80210771495
mock_0077,DLR_PAR,2003366.4784069583,3483.997250543014,74874.88074361833,3.1713500155146948,1,0.10852790667989883,0,1,792285.7416760231,767194.3242536379,746645.3691494205,720094.3986618017,704131.7477045712,678887.4618374084,658307.9647532505,644183.3442285048,625483.4990202904,602257.6401293714,585288.8892067047,568910.2870965946,550410.4871636562,538258.5459829101,520488.75726519857,504550.94206278527,489010.74754620105,471880.18858362106,461952.7921264165,449088.7622782217,435398.82554164226,426822.6342904807,409909.19568782655,399568.7004794441,386888.91258148086,372553.56628322636,362524.63321917737,356258.4951442149,347186.4737070364,333565.0603192147,327627.4671292598,313781.7847877524,306775.71614783857,295202.88358813577,291178.00710842706,278950.1298400879,272523.2414479694,260562.90543265108,252504.08839546677,244467.65268081016,241528.70668215834,230384.8231131476,225600.08282902997,217183.19465585612,216969.0403279995,202966.88403805342,200575.16768566513,190255.08341063088,187662.97151379441,182543.53582809758,179571.22896146297,175532.77164302196,171218.78983207524,164486.89168805224,158026.5250833995,152410.9886379721,150662.89275599679,146245.6867603646,142032.5787625776,132401.99708732628,129301.40933516748,126545.81027749299,121935.90072474773,121315.15396325044,116350.42632302135,117561.06043518311,114878.65513641525,106139.69802166674,110246.86283637135,102814.51254308331,97955.87686109726,94545.62320487596,95745.26143579566,85591.27219143021,86472.63211674953,86713.08347695266,81715.14006078136,76811.30553413276,80545.65423377765,71201.8198981102,70908.80395600139,73272.12765587855,63945.19989231889,66431.87189933955,65332.42376199699,62433.37767310076,58949.49368919315,61343.150944421344,55879.510685585075,56922.68544570022,52912.98303265315,53255.660138116764,52001.47278738302,51803.413383872394,47057.52596822856,51373.943757491405,48576.62764553271,46229.128683254596,41119.776099236515,41894.16030725652,41643.15426841005,38836.52679559837,40752.866716428274,38215.232795590084,43287.05201673678,38753.878133722406,43985.767906344314,37786.576265880685,47041.30083501421,49252.011338142605,52988.0263172255,59698.8095312958,68161.62187472744,74258.64204765273,78125.25503735548,79100.20763643463,81870.01472243696,87673.39826239266,81795.12510015735,79790.24386644282,81311.99355112428,80890.4097136231,81817.04658410272,79319.79768892213,84078.27223170198,82830.22070775527,78815.10644689413,77134.91728391199
mock_0078,DLR_PAR,4516691.486424415,3486.044030052166,71959.243389147,3.229829430061889,1,0.0527105973572017,0,1,1785116.8648528652,1728002.1954892534,1681062.048674933,1629615.1706772528,1586661.3952228713,1535149.1998449974,1496172.2959716013,1450898.2732247987,1398858.7188035455,1363115.2089109675,1324183.2229317706,1282437.7029173735,1242763.6753076212,1211328.0928029758,1174573.2736843256,1143637.333494813,1108285.4807626794,1073418.9247578597,1043937.2666272152,1013418.5435678128,986944.1858433731,954281.3505496207,927868.2778201692,898609.764155181,870659.1712087337,845445.8691780154,821460.0160535523,797404.85010957,774276.7308751628,751468.2808315293,736865.7374944051,707972.9213605019,686093.7814294704,667183.050731051,648878.330108292,625769.0737185428,611799.7120561856,594589.3789483411,577059.6481431492,555622.2776924827,541804.0190598646,525496.2136469845,511857.3155097679,497299.5446312306,481391.15719218703,473244.6661996165,454544.2762443437,441520.3306617164,431752.7522448115,420330.33199804643,412910.46359637094,404679.9222065304,401315.00964744913,403019.6757356522,395767.3442394741,392907.4917712412,390023.0180918134,375629.078777489,375752.3337393791,364953.21588574455,356423.6438966282,345872.95675103756,341670.52976789244,331581.101386538,319761.7892275069,312836.89476283157,306239.5556128049,301685.03713128815,292141.6651593199,284831.81610541226,282030.356448319,279367.8902729664,272117.2360488776,259450.37860224667,257735.50116938446,247922.75025131536,241287.28369238816,241716.96732353925,234008.91640301177,229190.77697421925,222454.64559720465,215456.81266709324,212197.7562462958,206844.69142477913,209455.3000250383,203085.1297753321,198038.14040784587,195063.44613990342,191158.17645549666,183958.28744924092,182832.8274830745,173446.64256528774,174503.83671648553,171229.43262514917,168801.27678783998,165945.4025491317,158227.33930788533,158579.85792451323,153740.09740933368,148577.58418915674,149267.0796164432,145877.42888850477,144268.3590899936,140616.27491356857,143883.22430738635,136988.26686306062,135262.71976894827,131475.6254961079,131177.51467443546,130816.71459454515,124544.557053486,126379.18979833939,124186.89314465808,120678.25295892551,116693.36779734083,116016.24486448606,111452.82300067083,116223.24167850942,114084.23114799535,112914.52398880679,110333.05856636446,111055.11336258447,102772.4209327855,105820.16336918995,103384.89060153035,103144.40551909081,100580.91493388395,101614.78834504394
mock_0079,DLR_PAR,5092477.553844696,3485.0530531094482,85896.99109193566,3.201515803127088,1,0.058106906794779034,0,1,2013196.3443947304,1952881.016869495,1892982.3688161934,1839345.3229959644,1789059.2101286203,1734972.7669148752,1674119.2161831267,1634619.0322567532,1588736.9949322415,1536819.9023245766,1492056.2736429495,1446928.949665261,1406688.0110800054,1365327.6403129438,1320883.4348683236,1287301.1606302187,1245545.3988580373,1207797.5924078391,1175567.8485326045,1141575.1005649266,1109130.9289995814,1079254.8892036912,1046964.3435301308,1011786.3410070435,982903.5501136732,959677.0981212045,928951.6697754648,900530.4017029284,873571.8746176806,847311.9855481368,825892.976264337,800221.8341214606,777133.6423407939,751257.3510072543,727241.0932017607,706541.2371442838,695848.6102095555,666041.6651512193,646639.5867090571,629381.3603884581,614677.492291158,594988.4649712087,575506.30115904,555626.1678614615,539739.6608366257,530375.4239579218,508516.5300827591,493815.7754772469,479492.50522337045,470042.7730569922,453800.0297809822,442365.8381234676,433646.7501164998,416388.23488642415,410261.8402520855,403543.72176973626,391567.38270694006,394529.12699578755,389611.4931628373,387941.3716897852,387627.44292788877,381282.03646379855,377291.9254198849,373990.2933463911,365287.83342146006,358389.6076443641,351319.7693144147,346111.4056077715,332056.1205664039,327880.2377970068,325274.76793111686,315364.82577219326,303747.9481001675,299563.4038375435,291522.00914290856,288911.0211006578,276900.6789745399,275344.62571481045,267302.0157998295,259811.80396903842,255601.18428116478,248422.64141274063,242847.62783133442,239204.09722320235,237816.04064592364,233288.70079439366,227421.69296074254,223290.47727587013,222600.40767965763,212336.85380965512,208857.39189683407,203725.40952389035,201446.10122218373,197376.3416906905,193727.0681970658,188478.65515156763,188711.93175335744,179786.63736472322,178391.8252641147,176951.39948263005,174037.65152034382,171173.01205374318,166538.28494019402,164030.79740131632,164025.07565133265,159880.52675572404,157082.82132925853,152862.9583352501,154630.68214011198,145213.31867947028,143284.25452320228,144652.0531107971,141183.62345228615,140616.4846170723,136285.48726789025,135074.5448977562,133953.98224530695,130065.80416762111,127534.05909171446,126678.3742063355,126121.63487480725,123267.30517204932,117570.69570032979,121028.06537490043,125135.06090951189,115465.02543794797,121093.57199882212,117423.00665521635
mock_0080,DLR_PAR,3090796.7284536837,3486.252297556302,76459.224961134,3.235779930180061,1,0.08734261717224505,0,1,1217969.7949603952,1186313.9451349766,1148487.8424791319,1112524.3262453394,1081607.4423244277,1054015.2201792628,1019655.2297069168,992450.5964148208,961651.5041786135,933440.7855152921,906862.0077354196,883305.0453973662,856178.1242497119,828412.7001338549,802751.9976627164,778680.2485171567,759263.489636487,731694.0253172414,711277.0028869759,691493.3071076269,673990.5552020576,653179.0290548212,635484.220703861,616187.9345600313,597614.7762496539,582639.2418027539,562843.8530770304,543561.48870426,532432.861966947,517132.92849976575,500711.1464369145,477081.03076482157,467409.56336697354,456227.44258107984,442182.45109899325,431540.4939793032,414029.1214411169,406468.6259110936,395120.97247746185,380919.4389682937,370002.6209833869,355860.74335376004,349826.1114450311,336878.6730208438,330270.5514246545,321008.3608966579,308397.3819863992,303173.7896815367,291220.37787769124,285464.98656936095,274632.32849591726,265129.79471646657,262299.38543797657,250134.29638962605,243138.45167922505,236341.36571630297,230172.76181189806,224789.70738433226,217410.45311825786,213015.03516649842,203771.0814133247,199644.07212902763,188511.5254783017,185599.39727569596,180194.51335547474,180713.34507892613,169192.46616201632,161827.82759080603,158395.02633522198,156981.28517851417,150739.19204936447,147401.8984418949,143920.08031108032,137790.25729683242,135967.76646327268,130056.95398910453,129437.90233094562,122766.93221930577,118955.19194581379,118643.87927172115,112022.45813540704,111169.14671757117,108626.06851628907,101940.37755694512,101943.3608584787,110583.26007668149,102136.93093414705,109695.17387520618,112520.03682215365,117407.21590409556,125181.91371994007,127770.07023047523,131905.68466189897,132418.13075201595,132666.50390814172,136112.3250102097,133336.7124657015,129951.70568413839,124507.89009377023,123299.82518693693,124732.93863592923,123676.16692893411,115784.59393671548,121373.96959282692,117342.24268840712,115013.08554372923,116115.53987558302,106879.54103232459,108840.50626672694,105443.97637993436,105777.07332217024,110503.17877888083,104755.31916078324,104303.0089671427,104633.17608677469,97504.85386329042,105989.5326598029,100061.96088876745,101791.02899172335,96678.27006062106,96079.4627705743,91199.96299320897,89857.98395972169,90296.16268380405,96663.03720450266,92225.55780988929,88174.00449723833,88894.46769420525
mock_0081,DLR_PAR,4608862.780657919,3482.026747157213,95835.43553077703,3.115049918777509,1,0.07545828930129292,0,1,1819752.7138481394,1765593.1164464585,1716584.055941324,1662990.34300318,1616152.6861155871,1568817.9449976108,1521541.3932313002,1474426.6792836408,1437817.1418911172,1388696.4410374558,1352956.513009538,1304659.6516850665,1275301.525488342,1235564.075342316,1197740.7604504656,1165832.2117242694,1129536.6209860742,1097810.6342501093,1062180.7070315715,1032755.9853552964,1006626.4105714776,973565.1338607444,943162.9625086439,916141.6250564067,885010.9894811789,866709.705038158,837721.3331252754,813131.3107714814,791947.0260424846,766006.4690403255,744564.8800717929,719190.0324128766,698992.3304180185,681641.1706306941,658428.8928681806,643750.7724378316,621172.962107329,602360.4868266484,586614.8110862789,570671.2665308596,556898.143843709,538111.4776127151,519812.2534805516,502039.6951740415,491793.5002817958,478796.35808602767,460248.1128385401,451556.4159768132,437255.29702451726,422238.35439765983,414226.8339524658,398626.3686752037,385520.5185390737,373740.2130332385,369333.73310828046,357549.6964618554,343730.4463256239,331322.77616652224,320913.4496431718,316364.35962631955,302283.2759138415,299749.563277176,289014.3053650544,278372.8521841676,274030.46533904265,262301.9299083699,256441.39808778194,247693.09345295804,239368.09636883196,238244.776051884,228239.7616695535,218047.8368698222,223489.226356168,215936.69307541376,216188.18226502003,222050.0443189593,222014.8437574124,225902.58432734513,233792.34617832446,236222.45206091684,231054.56216852306,234083.9321509138,228960.35657933893,228945.95101029842,226391.45458566668,223614.85872925838,219322.18077478238,213256.32690549118,209874.71036387703,206680.37948901445,204137.18541605375,202656.39847432298,196584.96204786378,189691.1597486264,189214.56812029317,187147.80638582117,186579.6587185924,176520.0355859018,176960.22202947026,174832.059853131,171891.14990229855,165716.95048523427,164901.65854478723,164065.56202289238,163271.57659338944,153866.7915233592,158404.76473157265,152021.62472024956,153492.61779524834,152131.46982423132,148576.55313162954,147790.11442742863,146750.412166213,141090.94742217113,143295.2711336514,138112.65486897383,137112.51476362554,132062.7548708662,133295.5803655602,129659.93083756755,131635.3492684376,129708.57348091411,129373.85906708149,124716.11762888057,121280.15801332111,121175.44102544655,120162.06669697686,119801.90804610505
mock_0082,DLR_PAR,2801790.58541233,3484.945618580819,71218.67859616698,3.1984462451662594,1,0.08902196034815447,0,1,1109250.4531571304,1071907.0051048994,1042538.5766720994,1010111.1907198819,979296.6039254332,949903.1037960552,924509.640419527,897550.5223723538,871622.685320028,845216.1788727908,825512.5740214302,796235.7454928332,778897.057183821,747186.6487734473,729256.5184628922,707009.5331285278,691089.2330330433,661305.1621903657,649137.3449865944,628363.5425440059,612802.8870629725,591306.1832806381,575596.8570997271,556534.8009711326,539977.8327315318,523982.93644036195,509812.37684231275,493604.1527348892,482193.6613358538,468135.3654927861,454394.89823418733,438802.90955345077,428114.6011281384,414390.33193351945,402452.54775638593,390129.8048009,374472.5706613644,369370.1346082249,357054.03480661585,341347.20025770715,339248.6785708667,327296.28491372836,317924.8238168327,307325.7450900537,298002.08986206,288286.62777171866,280543.8266664831,275687.1613968538,265863.4981277123,258906.96141949002,245122.9550875799,244995.91225941342,235515.34861556644,230153.66087407296,220813.31799594767,214051.12888643934,206927.37132190802,203401.80477943446,199744.45032539428,191981.7766599776,182366.7551183206,176893.04570769126,175050.36503096926,165468.80794054858,164212.19375671964,158960.5931587689,156230.51910020478,152109.19156384116,144353.96884198193,144025.3960858803,136603.40385757672,129526.18659842307,128188.53270018603,124611.60820711737,121284.73585674677,116542.72527517595,113431.78686787581,112028.58366868438,107687.14539295602,108020.9332281385,105983.31968865934,99588.06273972796,95962.8189560153,94376.48650528201,92400.16508743481,88232.52551280077,86166.56525363367,87086.85787161918,90154.45730836694,95226.8911938864,99129.61709788146,106040.81024385801,110566.93487443206,113562.6152834378,117298.94709067859,119483.97262392787,114807.21167881427,120156.1838770421,113314.61734168595,116850.129500808,111519.12408450738,116567.98770028124,110530.94519850815,110613.47800048448,108675.95180777235,106784.17096648423,104953.88537036064,100787.8868624764,106397.01813388533,102418.68549641882,98315.7354431596,99325.11445205405,103194.87209642738,97484.72335170787,93438.23986606117,95998.54054070875,92624.0555187239,89868.49283394757,93158.32914625088,88650.34641758613,91026.41912208832,89482.7871251171,91607.20021801375,82022.50425849252,88056.71179177248,85289.84526440555,87000.37809170848,87941.70858533111
mock_0083,DLR_PAR,3025141.699682037,3484.076319745783,82552.29382712259,3.1736091355938068,1,0.09320000793283112,0,1,1197074.190488589,1158647.0088281617,1128589.0543895105,1095968.7209702292,1064318.1662063936,1025831.2462047626,999938.3340652388,972194.2079483464,942858.6070595506,909777.5167866765,886970.9771869484,856747.5142746018,836400.3143619074,816480.2457266797,785220.5345732127,760099.409585969,739881.0230422942,720623.5721708343,700815.4116417699,680754.3083997897,661937.5062964233,640364.5873143522,622398.8412352805,604054.4898230725,584682.9966776811,572052.6145496268,549081.8687327591,528343.4575280482,517079.3249009344,503429.4611230203,489235.88435500214,471827.38236499147,465970.68183099764,447089.5585666466,433145.3726328548,421915.72695446975,406901.34255345823,399515.2806401545,386861.30171218724,372183.0058898984,363801.58297357016,351357.1606875481,341678.41585360456,331693.4805938296,328286.55623753805,316116.5705118449,302796.3496520777,295429.0341171738,282989.0601344798,275478.0990128177,263658.4734753196,263282.42583929474,255480.41780495466,241678.11550925588,238942.0755396269,232788.33302720703,226199.6804443241,220718.49952431465,211473.02605999712,206596.44906189205,201105.63259031027,194850.22639865018,190530.28432259292,182512.39509423682,178174.1263512413,175472.45646523577,169963.7888896777,160792.43882341462,155885.3785304946,151071.7999382336,149324.50957700357,145120.02705545086,140703.28398814745,137511.5064603091,131415.38584495295,127788.1425081266,126377.88690829724,118232.57353371596,117043.37076515352,109561.45415571202,109500.24795198915,106425.39575025505,100168.13860262466,99627.01064490154,95535.04853438542,92914.9263010489,85663.43654179812,89743.23747085122,88681.33616088294,91704.16123318825,85464.2930472015,86166.73866851874,90110.21481997073,90800.30655344154,99179.56860739221,103483.63101573929,112960.65451391395,119516.16815874937,121450.5907668988,121969.61578941403,123790.6009318178,125185.45859539814,125753.12608739529,125111.02072585342,117787.43572061388,119432.72321805125,114916.6849997947,116412.29263168763,114209.41111772237,115795.69639792055,112390.29484978682,117697.26000260228,107603.27896026193,108074.61494472102,105713.82038249739,105777.56892772825,106795.11569775523,104653.88646723884,103775.25105820964,100019.31615245427,94173.21235038879,97914.28750854207,95831.01679455725,97543.61496140319,101012.51902603632,95849.57942476602,92941.26494242123,92620.13019579329
mock_0084,DLR_PAR,4586123.200686986,3486.2738327061747,93579.4306327081,3.2363952201764223,1,0.07403789045303026,0,1,1809860.813609715,1759187.915459706,1707866.2740535769,1656062.58166731,1607610.4865451332,1563789.3522300588,1512158.3251063314,1467727.41103765,1425476.7989133783,1385498.0101968742,1342707.6145332356,1303939.7429275895,1263908.8189100584,1233445.142008587,1194936.223538638,1155247.6421224198,1122630.494768129,1090427.3916314093,1058468.1546227252,1032499.8815145488,1000943.4529567128,965012.622515471,936312.3977099766,914401.9980223019,888264.7669956945,861125.9812216382,834491.8776448515,806487.0119413265,784858.4131129739,763836.6723474532,745167.0765440697,716886.0279134805,694110.5945805304,678561.7955291462,655928.6812264615,641876.4529743196,624718.9792935969,603002.2580929459,580974.0679316631,568727.3261591984,548958.3128378099,532615.9765028971,521426.49745031813,506957.9895127277,487459.99384808005,479229.4428409046,462093.29873834015,448286.40042280615,432925.8693254496,421823.48183693475,405954.0162904128,396645.8459452362,389837.5205880214,376291.76096573134,362819.1472167835,352222.05484503234,340818.5071784122,332738.5418295552,322020.4544260352,311349.3508000294,300498.44864869356,292338.16032694496,282622.1933720078,274187.5845302764,270672.7117473619,260323.41428323078,255339.0821212908,249528.50414106567,240255.7534322562,236516.2604563682,226268.5213020412,229266.44292587,224117.49297671643,221690.67817730652,230062.86982270438,236626.88275878882,240879.97500846128,241801.05595227596,243347.74864333298,238576.0434313307,241779.34493326987,237976.10497919508,229212.17441968556,231080.92670934298,224173.70184868656,224914.62081729787,217426.5106085565,210713.53216483042,203520.630941959,202113.56468558102,203904.01296356815,198147.95808847155,196911.1791694258,188790.16819506072,189310.1747438671,184837.82666011233,180815.38389519826,177952.43207614534,172117.03782948712,173310.46230070567,167971.3298496857,165025.0372215263,161518.22620744642,160646.07404998952,156282.4160023378,154319.73271829507,155327.03263031258,149586.9859495819,149891.14916314397,147619.1575287364,143891.4481725983,140524.8147662801,139134.30650449518,142770.67636742874,135610.22567938836,136588.33248333773,132143.4533951438,124475.12034552218,130509.89903767566,132892.00987765327,126377.51190062091,123540.31594302284,121809.47185621494,127673.52514881648,124115.50976359777,116988.81070683892,120703.04652389976,115834.47274485872
mock_0085,DLR_PAR,2842429.3089006785,3488.4343148186254,89830.66542003279,3.298123280532154,1,0.10095477242436703,0,1,1120513.9540985047,1088801.9924091324,1057574.7107156895,1024443.6092689456,997209.384109231,964461.7950795642,939652.7316055876,906618.5270089225,884679.8235602977,856958.888210377,833584.772000142,811632.3182533775,784871.8078998732,763369.1185449302,740649.8514405241,718979.6973922403,699734.1626600807,678363.8614449595,657985.9383421326,635843.9951169813,621553.3236136087,598989.429295051,582168.5547791189,566384.2396906471,543890.6904845526,533544.6548711235,515961.01594947017,506401.9272013797,485116.8906042513,470594.8031771682,456379.15654727805,446403.1093959185,433266.2857920179,416344.32525057124,409571.07178085414,391585.07062656706,381742.81112075143,369981.5126717673,358906.926161481,350225.7987479995,342731.4747846841,330699.74069546233,323240.6673088968,305756.6000191989,303337.08030427183,296949.01606001414,283428.9237723792,277163.0005332583,265143.285869069,261081.95487258208,254243.71463025844,243478.1350557397,236795.28554329966,227494.5812329937,222454.3299797754,220204.60501380695,208223.06448245287,209257.95811293842,197657.79871870283,191780.41890118565,185832.4558394095,183693.2951385494,175897.29103997868,172451.9129010995,164085.3047032457,162018.18991811536,151580.05353963136,156149.74336327537,145396.88460581133,141353.3093382972,142259.91071749135,135570.6119759454,131897.53958596915,124281.87758405416,125538.20253654788,114004.69213462382,118644.19736397032,112894.95974319748,110476.49122700295,109452.4767152975,101357.9038283334,96366.85467553647,94115.99070987958,93332.1353236368,89453.203071242,88024.60312550212,81854.21885867951,86415.5877320892,81348.14184531137,83863.98703242237,75787.78584352328,73294.06253369147,69166.99439712243,72786.67809196566,70305.31310789942,65626.79095676573,65846.1409410993,64793.57312906246,61314.61934798959,70740.1146588774,67872.4631247227,74060.49847221626,84097.54847215429,86992.73274719172,103008.61022103473,102990.9414022513,110565.56806623726,112270.96055540915,111737.85457888931,119258.41212305611,107661.93044142064,111326.24515935467,116092.07095501573,110968.80802046008,113164.36690983255,109275.17587414055,105060.0343484191,105835.9657131566,109780.52115487425,106126.67712988194,105313.97294789205,104274.89195767198,104829.58907932184,106998.5683030925,98487.67678229231,100386.69223581621,99918.7523222715,97040.8571632675
mock_0086,DLR_PAR,3178105.5880593713,3486.001879431622,81071.66988492329,3.2286251266177772,1,0.08923816212883862,0,1,1253747.326985646,1215493.8040430467,1178666.6411542315,1147445.5779603359,1111803.844901808,1081018.3597448736,1052680.9341325886,1022393.7992302428,988250.0505862685,961075.196179442,932231.2226237949,910900.1542750717,877094.0828170896,853984.3551726105,824797.692682608,805118.2964150914,776630.0593703211,752788.4997617605,736187.8545083246,707646.3598748813,692929.3867445702,666527.5204471777,648604.6331786675,631007.8379173265,615412.6082622511,595749.7679600259,579204.5587865912,561676.5904189983,540868.3133123151,528577.9670226836,517958.361318358,496384.54133398674,482740.8526800835,469169.3665516183,457199.5788720681,441124.32895357616,426589.0448916089,418168.0791133601,403036.09257099,395478.3631856321,382335.3585760911,374754.9388528363,358269.86341723276,353946.419124865,337836.95429623337,330258.6636659095,316598.4404589733,308130.1267263827,298310.3057268043,285865.68126169033,285685.1978350274,273056.33224328613,263790.82661088445,259666.06348231484,254324.69807190812,242417.60733415216,235137.924023958,229831.34135394785,218577.18344576182,215317.99134248268,210525.0809958498,204589.7704792023,196441.9023479154,188140.99092322128,187344.26940726212,180995.67676038077,179380.41396975695,167403.92081856824,164401.13685882857,158275.43807168613,152119.8859736241,149425.32636576268,146166.67340872288,144959.1526948248,133487.74255088257,130704.10797523243,128286.19645416985,127326.37770931645,125172.61791513092,118294.31134991816,114845.14110395526,108260.53767531307,107158.74538734685,107321.0490928875,105623.6362075557,99998.03934474938,99539.09722737822,100059.83954489137,102643.65050886536,107360.01590295289,111629.12187510228,119950.22818439576,125689.92518372368,126147.67088645016,132144.9456340138,131125.29358133263,129125.30695401947,136119.55812281938,130884.44376616065,131633.89345641385,132556.06814408946,129954.59308865108,128977.22360146184,124132.29948291108,123516.83377410409,120772.14222651623,122959.54623764328,115773.99980935207,119605.48467512905,116669.11595123349,112631.34413690776,111312.9535737829,114277.96235053442,108788.10016336835,108570.1139659245,110873.36312939969,104436.56071849339,105335.0827158225,103381.25445882889,96918.5756163853,101901.43892899582,101787.14568929105,103752.94559096935,97008.37177853493,98919.5231180039,96611.27104803044,95315.7007237596,96202.64940303809
mock_0087,DLR_PAR,3104164.55637395,3486.3080959417393,73337.13345541869,3.2373741697639757,1,0.08439264891223919,0,1,1224648.4960870747,1187501.7493870526,1153145.073068841,1122371.5581284391,1090744.4207502676,1056366.0908814296,1028326.8797017934,993866.3964795588,965876.017594003,933787.9358944242,905265.8284838062,887021.8766635635,856878.6891000988,837229.6326024762,810197.1784596823,784083.1486655187,759891.5718143622,736792.2959638501,716131.4906084845,700091.3367724587,680286.5624613755,657473.7396650334,637974.3449863192,616348.099349958,599540.7867816491,583030.7934681455,564460.851570011,553863.7990493927,536525.535230695,517452.3431398541,500381.77742285316,489094.5150390829,475013.036245773,459095.1796308308,447452.6089446811,431734.33132898697,418323.11031514825,410700.30748014606,396064.94562028104,384081.7004584875,372897.22418208176,360326.9099055434,353159.58464814676,336976.7487374686,327570.2309510962,322171.57288618124,314802.41834210465,305215.03183891403,299007.9352819877,282544.64537116257,274499.5761952794,272598.4346918415,262913.8016269666,257348.90386659844,242501.9856423316,242049.36716208604,233734.38888214345,225275.2649611416,218898.03392754676,210646.56284172068,208098.81513092757,198997.3799135009,194965.47960996447,179803.1211940842,182315.3190961715,169300.37860823525,169244.02229934733,165857.92673392774,162787.0769452936,153482.72957754592,153548.0060749334,149521.96561653455,139017.9871468794,141566.886751069,141941.54594741957,130544.59849546358,129347.64673254528,121666.54050929466,120298.18910689412,118452.29162663901,121053.17116593232,117977.65275172041,115826.2875079988,114702.67082210041,116602.08656883272,123159.7924690291,128711.68196351112,135295.36340546393,133006.13211367515,139179.3713851997,137520.42455274402,136288.2893549464,137330.28522617935,131493.91957511395,131572.95849646145,135273.00434230143,129131.47331077684,121430.49119810518,124654.63338015968,124104.10995201215,129256.54129209585,121559.35637506464,118861.80460915953,121207.51692051916,112741.73262509913,117269.6712407627,112429.60347331787,107049.00911205803,110425.1620096766,105940.73004901127,109431.51231736381,102141.5904329579,104698.64223658718,102783.62425410644,98623.30443101573,98607.82531959705,95380.10369100315,99632.82886895283,98038.89268526305,95035.00409224298,95590.31878824417,96273.39725405964,89503.31343167351,91639.63287651808,88345.45887843976,88474.9766997184,84163.05025116671,89063.928722746
mock_0088,DLR_PAR,2395207.4378049225,3483.956498999689,92768.66725934722,3.1701856857053894,1,0.10998032915339141,0,1,943511.4879102426,917055.523266587,891535.8745498944,863739.3625088063,838120.5812311642,816681.8942619072,788230.9885671774,768321.2002255444,746834.5577741084,721812.6116828345,700948.2209965711,685272.9572276121,661159.1204009765,639731.0735680608,622891.5295119663,607016.5211863186,588308.7937103994,571824.0624995971,550454.3687254199,539606.0489855914,523797.13295106194,506078.63585558365,492074.4169598153,479908.97059142427,462969.7157946637,449105.16299972567,436519.18230924656,420623.87436098576,411969.23901061295,399964.87069366995,388395.212535521,376720.9715942009,364744.63971506944,351486.63990342704,344520.48573635565,329422.98418377724,322739.61379608035,318721.3942608349,305135.208206727,296198.7085663531,287956.12678607233,282481.1048860096,264237.8066945215,261228.764981282,256513.16568227633,246824.97223694978,241968.92245421643,232925.94570683088,224454.28814875733,219032.68792050693,212569.99988244864,210319.29436580173,198350.25313846994,187814.7245275887,193963.77714647472,183432.89075235635,172129.91755735432,176429.2600680787,164907.36488014297,163862.79105688486,162215.22336205037,155044.78532552297,149309.71849011126,141884.1989833561,139660.02725674582,138414.0143507782,131760.25966439,129140.13080926752,124695.32669252431,118911.87642732491,117426.78033845921,116316.93137487966,108777.05115510119,109179.01024205128,102255.86154175726,99659.19271401918,99513.21824361749,98647.33125304183,97873.73226421165,92446.66852624902,86734.43969525456,85773.26692607653,82026.23300302096,81287.24312294346,76186.02749999068,75414.99327560698,75364.06228323145,71500.35996293741,70248.07969164931,68420.58441993796,67172.4709892359,67630.22861936231,60688.3634725162,58864.30011976612,58492.957737679775,56788.341175812915,52750.811067645234,50850.39166971125,53891.77780358953,46764.6221549728,43223.35975012647,46413.52781007581,45923.69996857179,42258.29206126153,42809.870528505286,39437.54526789171,46866.740463336595,40735.867284950225,44670.20743039755,47029.59004192486,51646.467895867114,55985.94469160737,68151.39564670579,74890.25498931092,89125.14836612131,88766.78346215462,92944.17849398483,101331.90254112,100113.12291613383,98050.60674686579,100021.1289664598,99222.12102476275,98643.07110367395,99875.4117437802,98379.90381842274,98947.02008504875,102605.93125446141,98364.40303388276
mock_0089,DLR_PAR,2880777.432389342,3484.8341352024077,95220.43574834458,3.1952610057830793,1,0.10310665210560004,0,1,1137581.6546226623,1105163.274488152,1069502.5426475052,1041826.6542594959,1012518.7918392015,980000.113928671,946160.3824621348,920241.2229080342,891130.9479538716,873199.2290464393,840127.7354521818,818077.2559202968,795225.1114911295,775351.781635897,746900.5816894644,727187.3476561013,704350.60060929,686853.0386227662,666365.454659697,648080.197841132,622156.104209347,604128.2579480507,587313.2379239341,575454.5942731494,560805.388812286,536814.971380075,520893.98902412417,508030.8848495075,495148.87782308855,482156.6859893903,465407.238631292,453329.8489753082,437978.95490688866,426127.89838535374,414655.04075252195,397482.2904930621,394195.3505925478,375891.7783834925,361398.3737326304,361093.2500442445,344049.5667364949,336809.95416785905,323811.92531537433,315002.67424521816,307556.4636091709,294666.2027060899,287745.71553029754,281276.5590465747,271696.0716397557,264160.9050882545,256226.5329906354,248146.98132408137,240570.1213012028,236214.0968996478,229219.372940787,222512.61719113085,213359.8112803249,205336.13701647095,202563.6139907546,192409.9820848036,184657.82989478222,185848.38571613916,181885.09763941957,176411.11783802652,173599.98674924122,166671.08960027547,160803.70424581596,157011.84990316458,149180.98288407168,141433.99837009836,136857.74588206736,137416.02684571993,132043.69311313226,131019.66109633152,126440.8161779354,121805.26476529156,128029.97229744156,114946.69130823451,114670.64707506898,106510.60837979222,104047.40600945483,104393.83089073235,96847.17536913836,94720.83701267747,92606.69446612384,88102.89649829657,82503.48244611725,87798.23027865204,84540.70574997622,85681.22395646764,78482.20539120049,76864.29691037063,77155.69751748211,72161.96261939162,70913.84816390029,67107.86696347843,64408.53957342462,65393.08248993104,66150.82837577375,60287.85436239655,59626.228382797155,64296.06449837549,65839.15989678472,70771.53809529897,74753.02054398421,88463.41165371389,92127.74005513162,102081.4424397057,111904.99045166494,112923.1550516609,114343.7244940323,114298.09333354034,116460.39950164175,114140.13270974079,114438.22509544519,112415.8561802702,115530.80261862645,113549.23956428896,109202.12274182784,113778.64721039325,112584.13370962202,114302.41891563822,107765.90452446234,106123.76878176387,108848.44569994727,109373.38311145264,108025.84479489937,103980.81619268694
mock_0090,DLR_PAR,2689997.201126289,3486.425409341141,91748.99857507035,3.2407259811754616,1,0.10455540957938404,0,1,1060651.7742888823,1027647.6535863986,1001049.2539181883,973251.5760557802,947240.7665710276,912875.2452871932,886618.0496475131,862280.2474571413,835635.7083802078,808762.4561728424,789466.4402760334,764186.2694656841,745694.3815379258,722227.7261614027,698056.987075379,680130.3038369709,659350.9789972295,641644.8275213643,618618.5600142966,601206.8497655077,581011.4345258599,569294.1458339995,549478.6386050114,539707.5152912397,523875.84552677214,508247.089521655,489093.58615976636,473693.7255588039,460598.5296871218,444528.4183834991,436963.0404161188,419115.0411814151,406192.01844960527,398253.4985642205,383698.9391305356,375980.4586816476,359427.72789068375,350490.95727573265,345188.4055800297,331470.57621699845,320927.0166907324,311158.3026310073,303332.51924696425,292844.73827694147,288334.37077706977,274211.3873239546,271347.94451877836,258534.29234985102,253347.63673691434,252742.4059896403,236319.96350116338,232917.05367817677,226349.90507595727,218660.9215584091,213476.07448365798,208681.19588276066,195353.83244228663,191291.30130268808,191706.98151334532,181075.96212416893,175673.37362176005,168462.10193206664,171153.55087600878,164556.19155107695,156626.7354012172,155689.04496221556,146739.66860596117,142700.32716782237,138809.26794439138,135545.423445471,131986.06561827098,129289.53138760064,126202.2463389794,121122.33860155306,118720.02605771346,110509.16861011909,113652.05321935711,103260.58592144377,104197.82346811064,100796.0314733776,98850.02045506529,93259.59178365718,92199.92820705885,92599.16940778043,89504.27843908279,83654.93178807374,78841.03289095289,72378.92798923362,79014.25590967499,75353.00080821059,73240.07430280515,73091.78570053937,70323.73419758142,65201.72663217051,63274.39815494047,63260.85850871045,60017.23786523704,58172.409812398466,57652.68686319901,54141.229913830786,56378.91027127163,51445.232781060164,54662.67153158543,56589.27488040466,61629.03153291016,66961.88746771181,75468.18634224005,85171.39465450011,91625.61919008437,101374.28394631793,105407.10863791435,103247.3231126058,111480.99155073118,112197.87855151438,106320.85078755797,106246.78132305724,106737.92431766212,108253.39103040886,103189.91683225129,104837.43289653337,104048.61577423282,103835.44221563214,105565.05058797495,105114.89562458686,103174.96302568278,100478.51343387912,97411.15113039425,100110.12389451444
mock_0091,DLR_PAR,5035716.233714104,3481.807213350275,73944.70776905194,3.108777524293577,0,nan,0,1,1985027.711759236,1930198.3657781149,1872791.6618306322,1812472.051698762,1766614.418553697,1715577.820562564,1660223.9156970847,1616471.5573306244,1566605.962992352,1514941.7786518084,1473224.0502727875,1436223.6928926841,1389378.7024566855,1348223.454046393,1315030.7153867155,1271078.6223330505,1235628.715206238,1201416.6231774357,1161365.5613312728,1127858.5496633744,1096404.6030055068,1064875.5103144173,1031993.9496417338,1002000.1002829387,970364.3344813383,943413.1438960874,919515.0900492376,888918.6114136893,862430.1991127223,838428.5512887451,813016.3785836485,791912.5950279711,765131.1774809337,741009.5185146272,724177.423137095,701526.8254231453,676491.557646717,662167.340278989,641249.6101879921,620978.082072954,602151.1133834337,584073.79137738,571257.8371858118,550330.0792286952,537668.3726160229,518803.6283431854,503087.62799712695,488954.89370434085,476432.62228375307,467199.0679723023,453148.9511025183,437064.2011219766,425754.7452147229,406278.57180349494,395800.3714045195,386409.8185007928,372185.00808525103,366998.1542416477,355791.2825899954,345520.46388272126,330784.3744985358,320970.1954586633,312246.8303876737,301546.1872053122,297769.14151916694,288092.81786129356,276171.09937154374,269699.8599477211,262781.38222486235,256699.966076815,244962.9854868873,241639.435742305,228931.61207176396,227262.84096313108,221986.63305082626,212727.62197394855,208468.66232553573,203686.6987929318,193886.78372642488,191702.10223770118,180369.24806933585,178255.5363594621,173064.7156005106,167234.0601510368,162898.9140789209,158452.22818581224,153611.78007277293,146850.3709086956,147034.19006602655,138775.70144848744,140083.85874912856,131290.10904960497,132841.1591920153,123442.76732000378,119354.08029043472,115954.78228655443,114899.26641473651,108024.7456562538,114648.81031949456,104801.48350360087,98546.53813489969,98943.57572974876,96536.51698243391,91848.88680995395,93224.64908618238,86317.1969091663,78729.3389061532,79735.09256107795,78502.07294404949,79196.38096583197,74149.29829242335,73922.7968633386,70208.08148410948,68525.8643719278,67072.5073275884,63385.503463163404,58742.16656371677,58458.21033428862,64399.44761514275,55221.419555217726,56146.835002162145,50766.04739196347,55364.721759780725,51463.96035947627,49843.061191254295,51702.92103558996,49222.6651481593,44811.12263896643
mock_0092,DLR_PAR,3571331.4483360434,3486.3055911666384,86588.29868153788,3.237302604761095,1,0.08607030246338418,0,1,1410364.2228683832,1371109.6436335074,1325524.6791153408,1287342.2186705617,1250921.5453868238,1211906.7214218138,1179568.8771405094,1147129.517605635,1108013.2333118632,1078317.875449349,1045706.8032201004,1017809.1401198384,991285.8819785943,956802.7339119546,925012.2445634837,897845.6590612731,875616.0748891886,847292.8763440481,823189.5438098698,803543.37815986,778257.6744144222,749729.1001013477,733929.3672516478,711988.8849647786,690606.1259605881,672745.0327130156,651816.5412074539,630426.4711231581,610976.980778424,595141.0065803567,578431.1082384287,563178.1914294218,544310.5078790275,531245.1900311003,513325.815615768,497997.5860136509,482013.0029658582,465409.3037993981,458501.8440847559,442062.35002854705,426621.7929766994,418254.9784272947,402969.81242447667,396670.80874772597,382399.6223180054,369088.5101858584,355730.5580646802,348395.6403685982,342516.8398531388,329239.5040325071,313733.7053525221,308271.8262407119,299129.514030548,291054.21974032995,277779.66971014836,275451.51931130857,268622.1845370207,259129.72291455689,248539.51867499494,239113.67963009857,231465.3265321964,230307.45079112577,226373.09050816312,215671.93787704536,209394.996293871,204345.82665944367,194586.11827961856,192661.46551932278,185341.96820724718,181260.1186529991,175972.1189001053,170401.2811711244,166580.36844800494,160296.93749403095,154171.90936100806,151150.97002335664,148064.89266122234,143921.68547124395,143504.62372969787,135662.41604473174,128238.9395861735,129975.54945883868,122911.9730342571,122878.02737297388,126395.35608246164,124741.3308144078,133713.93380255936,137916.39997457754,144154.43512511498,149906.50027120608,153093.25079686168,156786.84651462172,152780.16664271906,156400.18259114574,160198.04569558048,152604.47773996877,150013.40614887187,151894.70784476778,143688.53407372875,148102.18231698722,146110.7801583974,145942.802023207,142009.57536844868,137506.96467305443,135489.49352080564,128364.01588897762,133764.15564990824,132110.41138929437,127404.75598627568,126558.99519185556,126096.93796893499,119278.25591830227,121000.13405460994,120254.07431153294,117512.02802878304,118600.04633690057,114634.64904571888,111706.80291346433,108740.7906543413,112195.3279939599,110196.67107382503,110535.88671049094,104201.05433671999,105204.9510916328,104210.56826239293,101089.03167469942,109654.69425105093,101094.94430167225
mock_0093,DLR_PAR,3863847.4116000473,3482.30070690157,74030.51432838506,3.1228773400448464,1,0.06910141997103805,0,1,1528126.210711513,1479728.353874105,1434438.7651442015,1394335.0467840408,1356873.405072375,1316296.8873564303,1275695.0248639293,1233346.756756729,1204066.7729843063,1170394.2931735096,1136136.020767066,1100660.545434539,1063034.55221994,1040526.2392942178,1004471.6428693081,974259.4661249688,943194.3293971586,921167.6264022784,890284.4706523328,868793.4992044178,842054.6868027076,815388.2006093673,793474.2910010265,772847.7832516992,744519.7076372805,725185.391251277,704663.1450229973,684043.9678542536,661918.4848565012,645500.7628427077,621586.3553528774,608340.9292010212,585953.2597731212,570066.3717648679,554701.6766076109,538872.9240137374,522752.1005953548,508715.9072382601,491829.67769390176,476422.87468488433,462367.8349676594,452823.72915161756,437602.9920837651,424022.6870138203,408834.3260960818,396028.5218850524,386527.7810753422,378054.0053303883,360965.3974641131,354750.42824425834,347873.82181159925,333331.6402554732,324465.51899852854,314121.9669701184,305758.1597525191,299731.1005352399,282404.33060075296,281798.17734520574,270319.53993960295,261659.8066427643,258493.20887880426,246452.17746273638,238422.30791079538,237004.25181864685,227928.93021789702,223794.2773975879,221834.80659101042,217100.6378617908,215438.2712997598,222332.44392928173,224803.6188610712,224938.07974718683,225313.30163379497,222220.99471573348,223432.1989894246,220231.36643443585,221139.4359789596,209802.32084114506,213880.748958034,205066.0550543476,199936.05435651678,195293.51177306296,190592.96951412113,188483.41941983774,186146.74272201155,182766.7183670086,184107.24943386798,176564.34227776053,173610.10490926722,172198.3797554375,168921.58701815776,158630.41199246555,158608.77161859506,156629.0830922069,155954.9473598676,150938.88335345747,145002.93531583328,139069.2433663993,146895.7571448576,139845.33974845507,137397.01657607465,135255.31793799068,138164.4556506474,128313.46654181006,127209.13677896185,128839.97668470786,128711.84777151952,121820.86935368579,120251.03063894897,123770.21627874053,119721.75882014529,116133.83363305421,110804.10249781953,115140.7670038882,113572.95972736678,106110.52261089161,107095.14481586085,105782.07606343561,107059.64200596236,101832.73948477484,102814.63102779054,98365.74208051577,101590.53371761585,98009.51913489428,103174.75565761686,98355.87972375238,100161.40462297628,97234.40833444805
mock_0094,DLR_PAR,2710470.743180772,3487.6014129083933,50525.46970539942,3.2743260830969487,1,0.06684927074549826,0,1,1068893.4328542855,1042480.4984153778,1010980.0624531374,979028.2030183629,949660.7170078328,923196.7000163175,898304.1833639892,868933.7743908893,843707.0719067914,817856.2056664773,794366.841062955,773267.0319417965,747612.5176877048,724800.9283079206,710689.745266653,683367.628547133,662537.2073897183,643953.8769498832,630344.9082417049,608110.9084680168,588182.7499157961,566731.0077444303,553149.8138724053,541056.4849542079,523440.88252103084,510432.6912675769,495434.0730803426,481463.352572104,464414.5793304919,456812.73855363607,437573.14315175853,423259.77915915265,415493.11501329247,397313.9083242796,391092.88624019513,377791.26772632013,367630.6173465984,353579.38883656746,349216.80895878235,335072.2504765395,324492.12960768223,315756.2498486354,307337.0778838075,297641.5167441539,289852.2271791402,280636.41659723426,273950.39857760526,262681.68556305364,253476.72795764136,249794.35797303857,240259.70199326353,234480.1376086491,226552.10967325958,223939.08650493293,210976.41176485678,211434.40561899112,201388.73549001204,196668.5135111145,192705.91597085635,185018.60205413858,178444.07298752994,178028.26514754412,167552.710071118,167018.68395877996,168882.09815118078,164272.53945269278,162090.32368025454,165340.3514421845,163656.81294806558,166674.79507065922,168677.84455632712,160240.7518989052,162246.18163366712,159573.82923806467,161868.38181800029,153654.26762771278,151787.5733153148,152513.358010429,149034.76025482838,142196.07734054647,135524.62439096769,137148.52496638286,128767.56925013964,128028.74851818799,126403.87176382798,125126.5602214191,120205.96822254278,119601.2944478274,119603.9273319908,117215.23328008785,113925.78691498368,111876.90575889323,109809.21774471254,106366.13727005332,103188.03982035522,102661.74306973035,102735.1656420073,101108.88174701498,104404.19439907318,97784.18780976266,97234.498114375,86607.91703710637,94380.91600604483,93118.6866773925,87817.30442938232,89010.34232203709,95733.41600401417,88566.04559263887,86261.82887785957,85609.21636479671,83233.22982130013,80769.80591841374,82726.9954295204,77617.35015263145,78820.72450789521,77104.56660120787,76359.07060585631,71045.07583549182,77837.73730346118,73002.94053078331,72366.1728405527,69438.63422287701,70616.64637215057,69108.18474825348,69799.41097532939,66953.03688498614,66773.22666244283,67321.71091148083
mock_0095,DLR_PAR,2015603.00157578,3485.367227485881,70041.02126817784,3.2104922138823118,1,0.10539493005848147,0,1,793896.7422058902,772599.0963488586,750086.3644293364,732201.9526863247,706941.7455769314,687066.2752249617,664577.3703390071,644339.7788908321,626004.1574222777,611302.4927191321,590261.1380078543,570806.3433698319,554636.0941491394,539407.8629646003,521635.9869853038,506685.7110331002,493453.20317061036,476401.1495532556,462277.9803704385,450447.5089081887,440726.51424902916,421553.3399070822,411100.9063343438,399617.4244250355,390211.0536083328,379166.2283331131,370969.14871023543,355573.9077071062,345663.24280474655,336323.62456565327,322365.06237852055,316270.23168683244,308610.3087859852,301433.20866054785,288700.86033156916,280641.7707864787,273238.73618647107,263784.5354418172,255340.32424710534,248679.39757548898,244548.61306472291,237242.80655966734,226096.0611568682,218267.76626780085,216352.7329508933,204616.51505475157,203572.52159848306,190854.83580397675,193179.93651590595,184842.6248952205,176332.04809064016,174146.5846349488,167560.98814183474,167466.099915047,154884.4248705752,156399.24179208357,152232.2063530974,145471.00495828158,137611.1876967064,141749.74231243774,136013.3739797808,127585.50638074664,121182.5402149133,123762.57411002151,119490.0593170376,118659.88341141627,108082.37395178409,105725.50624141972,107049.28596546412,106938.56899156795,103302.04195288775,99239.45377006577,87188.47281829863,93808.24680569564,89268.53312344152,88140.96635397495,81923.3193157358,81482.3641913764,77862.13931751701,75177.71624484319,71772.0152730834,67935.74254793872,68974.9307000401,67215.44347606521,64232.62179503245,61804.67827621072,60544.48513037667,65266.22804179822,60794.139670224664,55833.277191467474,54638.0332492657,52581.49112912684,47963.58227871544,51645.02756456422,47285.48086831685,48378.00543408001,47278.40154853142,48950.89538784646,42810.1934857596,40060.53414680412,43771.27314337359,46422.129200147974,36893.56558488777,42179.0162273945,44736.66889603611,46989.33560318539,46416.77980898875,59918.02444382529,62871.77483928955,67701.6508666714,78507.41493445991,79034.11950310344,77706.4953583647,80334.01825109447,80026.99823872076,78961.05623662227,78720.58203312158,82644.28981629091,85692.65984784944,80392.9259444834,78038.30656456706,81589.76128947077,78316.24427166175,74149.72641001763,81727.25048512302,75061.01349683915,80998.04554395392,78891.399891621
mock_0096,DLR_PAR,3526216.380080169,3486.9825819959874,83447.35160741163,3.256645199885356,1,0.08450199096985105,0,1,1390652.347453605,1346424.0977197117,1313430.4624516661,1272076.5765926342,1238473.6591336762,1202047.321007461,1164968.7896330168,1128963.5723300783,1096516.3369191135,1061578.4392332432,1031129.8588014307,1003110.6731647692,972477.8836458769,945390.8281895606,918448.7625379651,894099.7954480405,863720.8272072957,836938.0968984456,813356.4537475582,794121.5935532614,767559.7908671815,743431.0895151389,719677.0650373993,706900.1941279627,680345.5179266423,657573.2689722334,638083.7324047622,625344.3822278754,602653.9638127737,582032.2803965469,571731.5030566468,552339.3758845106,538694.8714026114,519452.5355517254,508213.08078238874,493839.5243401172,472945.0497358601,460597.58837552264,445893.5053718445,441098.6797528511,425177.2018217434,404254.9723768148,400104.38829734665,394000.2898944356,376463.07960333483,364275.82945532573,350268.87108618574,343537.7872454099,334871.0185027497,323280.767373028,314675.0188131331,304719.3133232003,290645.5798715512,288771.51607919246,272352.36643235065,273638.0220263677,262037.85282971835,254656.31091841252,244750.44574196343,238804.3503406621,233375.09672931107,225607.60652962615,224340.8450385795,213642.77707483526,208419.35702177213,200386.6599708167,193249.70209757166,189716.95804792354,184804.76544439324,182132.72237358,169615.45656437552,170535.05887002632,161233.08930114863,161367.3013731096,155904.63523960352,153683.67336389737,148924.8609691855,142533.05678250754,141522.71225601088,134732.83209686304,130828.34857770243,129750.42840246797,123283.63149667771,129645.89117126219,135760.32481345607,134369.0464792433,142205.2469951318,149246.03543393672,151385.60007606325,154611.8330437409,153631.59158582607,157416.6823818219,155391.18288812132,154383.42351731996,154791.40539960345,149988.2242466259,148103.6997406085,145601.8571190793,142206.88408892875,140102.00929458803,138844.84691450032,134921.57414776352,134905.0254989171,130486.76560312284,131404.8631372285,125737.42877114126,126155.97055162276,122408.83578175925,128457.56545227252,124421.1256895528,121391.99309017533,121061.02714819454,114528.46278507871,117391.6715259534,118049.29064272011,111860.2470819973,110317.83850968494,111780.54993739532,110118.14325115654,109534.70956775406,103222.31712623738,108112.3534048388,108724.56697258691,106120.16021792335,106574.71059472926,106071.23067465668,101813.8654337648,99179.38708929422
mock_0097,DLR_PAR,3925663.9274581065,3483.7419944138414,61898.27135438055,3.164056983252615,1,0.05169710794145717,0,1,1552361.4723868032,1506705.33068824,1461155.51179184,1415273.5481582123,1375030.1688078674,1336590.2240190103,1296001.1993419856,1255850.3841693455,1219314.2147728475,1182889.8999277605,1152054.799259726,1119240.717168511,1079865.4708983242,1049844.7584868043,1022534.230720317,991616.9462282379,959256.955313225,927957.9674175039,904923.4557817994,881748.5609127536,851280.3378466461,832617.7146170612,803989.1210949706,783915.3126770514,761739.2631614812,736166.3047108515,715703.7628812655,695725.8192304263,674804.6901634684,649573.1839790643,630954.8061007246,615646.1532787351,595886.2519010814,582981.071111784,562648.0221050429,547091.311299611,528073.8123072205,518339.4459823206,495839.45839717455,485702.72540132486,471739.94722545386,457303.26874686545,443394.88990350877,431483.9174174107,418587.829919704,406215.4758685716,394636.72638483817,385849.45217247226,376566.2077708615,371318.3224133457,362825.00106228364,360649.5107280286,358089.03827267356,353134.2019694672,350693.50136733305,340549.3633376762,339328.4175920923,333929.3709691707,325005.8207233429,317476.5254671629,309260.1112934754,303017.35239540855,300443.15452666377,286467.4486052083,280755.42596458073,278477.7372957062,268221.2341082658,264473.5561876612,258107.31411150168,247457.22216819963,243624.0824421091,241236.95990931548,231598.51081156236,226470.52905284768,221996.18835865,213781.36976334453,215011.8320202795,207227.21360772682,205346.19969889344,199511.53816204233,196176.5167137476,187289.50581699982,184043.7054366576,178893.5276640255,182503.65737297005,170159.68319837571,171741.08857078082,170382.02806023275,164973.4176594195,162159.67081075776,160524.93889767156,150181.69964678393,152299.29070210486,146003.0184530533,146964.40500216553,144625.89161077735,148667.28431652195,135731.91922943914,132754.451910459,130177.62253790775,129481.85932170185,122889.0259085417,123735.36931632922,122589.31455231908,120744.21424740682,120987.4683947814,113325.65010394252,109996.49464905853,111016.49091358572,112138.923521412,108488.42267812196,107110.14915680373,107884.13145320842,102750.79914802729,102697.60440479775,98169.29466410055,100041.17977915035,102626.72470188231,96468.62351425999,96459.95087335497,90066.97138726371,91850.1321500785,92509.77301845676,93087.20637852416,88790.86093822197,89133.89038649664,86066.99177710319,82064.54160736475
mock_0098,DLR_PAR,4291257.0394988805,3487.897804015035,76629.11038989204,3.282794400429575,1,0.06319945674195585,0,1,1698445.1979061733,1642995.8776020496,1596288.718613268,1548284.2105148104,1502368.884622387,1457289.2697908708,1416247.9486810875,1373317.4639091,1335598.307331044,1292441.1032699035,1258066.114582737,1221572.9443123417,1186940.0185898235,1152489.1903720426,1115445.9302973398,1082975.2602056332,1049980.0704373023,1025611.5957675154,993316.5868831349,959806.745490907,934312.4091474515,911197.651785642,879491.7878223468,857029.0247569716,828871.6257462823,805248.2818300518,782278.6724159796,754383.6109583904,734361.6962056606,717123.9680131061,692838.5901218405,674794.0546367662,653337.0161555344,637931.1375484384,614590.7476941671,595714.2603298934,578258.8834102822,567047.2286295973,545118.0486749191,530317.4024671823,512739.1338784763,501055.7666440252,485292.72592512413,470924.01769790193,456022.2805974407,443373.64426993893,433346.74403824133,420241.36802103644,404993.99541644927,394290.64882306586,376307.1778351162,370922.9335901162,360077.3642423307,351606.5076777407,335549.0839313152,326675.2546113433,324794.7989766161,315585.3446548583,305066.87533621467,295518.17579614476,289617.5183699573,290162.5542585327,287005.63411766867,289318.5998599094,284569.70388504246,289163.9912971149,287006.7005978519,288232.6941460497,281584.01392453065,273472.261064801,269940.7074726399,263651.89070242736,257698.7199687498,255962.55853087283,242651.33790293132,243238.86460585598,241808.01008337655,230782.5780903052,228136.2453781688,223534.04801873426,220783.97976181292,213558.3520053573,208997.05829774242,208014.76358601407,204269.8310503955,195468.94553623543,191951.35330958784,189448.6451160302,186648.73791496453,186772.44206802244,182619.20532532764,176836.10746686338,177813.50537540106,167702.2264900592,164368.54140906347,159830.91502712606,160717.72488189922,153330.5726653189,154128.84564635725,149907.1996423088,150890.65076842747,146249.04222371225,148619.35336027606,143771.10448496902,141052.4641401495,136870.01965764482,133293.44403670085,133588.31132704634,133258.12121280842,130958.4360265869,127160.16074358793,127308.71036373176,121015.09770410106,124782.50940376421,119019.73654403265,117347.27338889781,112258.10089912126,112824.16886672529,112639.80673804478,113995.99042908357,110042.07851882688,106781.36793446181,110705.5089662469,105311.54312728073,99401.63614263904,105109.365394416,100896.53282221589,103588.78737520125
mock_0099,DLR_PAR,3270183.036906155,3484.319517377964,84324.93409792005,3.1805576393703983,1,0.08988985865890446,0,1,1288687.2585672347,1257372.1729269258,1220618.335278749,1182169.16775137,1147810.0384412666,1108628.0317593154,1079611.512956404,1049599.0241802605,1020300.6439119069,986858.0345102013,960984.6803477422,928015.4167369807,903525.0194686974,876296.9004167223,853574.3252600055,821140.5203949721,799920.2381267889,778201.6709739747,756783.7779376727,733109.0970642506,712543.5504546595,687443.0822827686,667144.6324904665,650902.0916486261,629983.864316868,616347.3454295851,597299.0832528479,577659.5889397177,561530.2719901192,546339.0348304724,528060.4315794895,512556.11514248553,497201.6397493382,482328.3256355184,468941.4602719322,457759.00922991184,441743.0465632314,435627.76156460977,417891.76442052174,402695.5636073172,392839.7550172646,382523.3138015481,366187.6365308767,360113.8328821799,349906.15221637924,342642.0488041875,327635.4216188557,316716.3911823068,309532.94434171054,300078.5766049448,291248.22685729724,279318.19169057294,276484.2146154871,266611.13319275656,257452.9489462771,250010.83302637373,242263.39345522522,237948.94608732426,228903.9772669852,218145.26862959104,218293.88258107143,206441.91380255917,203004.46527889825,190831.40027927418,192270.20217725847,187533.65301033648,180196.70176487218,170149.89447789092,163702.60753283167,163445.761460078,161302.353311127,157390.57226023168,148300.45141930066,147817.66976743418,135713.10215841333,139207.06082681342,129461.00290308612,132892.98847443942,127591.24965059591,123119.17359615058,117826.80400827828,118825.993440703,115822.52114906696,111107.93575662273,110112.46930391924,102629.26062365674,103813.20035609948,101666.26719947584,107491.81167696384,107458.09706346416,105542.0636381933,118301.80417701532,123008.43983979574,127730.11941123617,132936.02217439574,138886.1988468237,136992.63751828042,135609.52241808645,139342.22275113736,137488.12377254412,134640.44380513637,133063.4228284406,129418.22324290543,129034.0112364315,129575.06053961294,122843.92009716565,117803.72169463772,121825.42545414268,121899.49935312002,119744.48657893518,116651.77973408834,112384.47102789363,115060.35379139565,115334.25630499067,116996.0005044009,113369.34985585233,110547.4059550768,107696.81899575745,107045.5406095385,107716.27320708618,102714.12487767206,101578.5429261682,104267.27038780769,99839.47899349114,102526.63483222174,102312.81517811531,97744.61068108577,96479.06458209564
mock_0100,DLR_PAR,5305377.313410826,3486.201856599664,70448.99293778912,3.2343387599903983,0,nan,0,1,2086808.312520646,2033555.315569421,1970851.0041194265,1916811.952866792,1857347.7536962954,1801207.6747162628,1751086.284811793,1696851.0588950415,1647192.8034473772,1601760.162968707,1551880.3241144111,1510972.0595174814,1463068.4026642572,1422808.6337904064,1382868.6124513529,1337328.564424879,1300463.4391363899,1265074.5712197549,1221969.5979486324,1190534.6165741761,1151367.1013737756,1115989.7113208107,1088125.181180722,1058584.1507212715,1023353.1678299509,996972.9555547456,964831.5401987213,941434.4277529032,904770.3107254842,881723.7543565332,856471.4683123721,829333.1678717338,810087.4191190563,787982.0760147815,760467.0513266012,738626.7828640388,715135.5941401359,697916.2268152628,675390.184819331,653808.0527213282,638478.9570457375,616889.6511851891,599378.5719377965,577083.8780280387,566020.920305162,547028.8769011756,530996.5215330035,516528.39258277917,495897.2630582554,489186.8154472564,470671.6134710995,458911.4265881486,443778.46108855604,431060.64640803565,421628.65639986924,405117.44971190835,392773.98316669144,380466.4122511761,377138.80660928047,361773.60563159303,351832.2272338137,340163.66253254854,332022.3835796653,320181.9249118324,311933.15365237114,300984.7121005786,293850.88292570435,283544.7444103602,283617.56346890354,271529.9360191166,260139.17312061452,255025.7359755862,242813.1071933125,237739.24354212254,232458.46948611704,221121.67283788617,220202.39856446753,214162.32280072442,206216.6897176929,198222.03386913586,193227.47409902757,186323.90719277397,178214.63215769868,172987.45718164873,175862.61768845285,162433.5001694796,160957.83392300108,156013.8841438017,149526.7302079205,151339.25191816475,145658.46572744878,140466.64910760423,137295.83272006697,133740.06094516296,127399.63415291042,124396.44085562529,119134.12493504715,113055.54912258123,109800.592965241,108117.26474716079,107665.84467823387,101099.43776313584,102369.799380591,99434.1487655117,92322.80952917869,95150.40106831139,87909.91258771752,85923.13265409713,84443.72436493174,82038.58705445704,77861.42569175435,77846.25156807646,70755.81394555842,70208.95500875909,71223.26372851545,70473.83476341241,65042.952139303874,64552.3644241963,63835.412980674686,64084.934674842894,62336.94966615624,51600.25475202821,56012.52602337825,53629.84565296746,49063.1261536179,52090.40325176351,49364.3948888647,46498.071830747154
mock_0101,DLR_PAR,5143104.2858979935,3483.8225808365605,101177.14757469596,3.166359452473152,1,0.071209365610386,0,1,2030953.533203933,1970251.7406383133,1907921.3935252838,1858778.962196317,1805110.0246366574,1744332.501699512,1697478.6645277375,1647273.0139415008,1598728.9024456104,1551218.877167001,1506833.6547915423,1462748.0382683144,1420295.7420512869,1377513.706471909,1337573.74452174,1299656.3420103197,1257879.5631324488,1218600.9680020884,1189073.359222371,1153238.7583641321,1123286.225772408,1082206.2722186043,1051031.888512153,1029206.1728445718,994579.5489756623,964769.3530793228,936948.954239243,910037.2683725817,883270.4505307951,857601.2461528655,831784.5127557777,808368.8604772936,777959.5346056356,760919.875984267,739413.3634123091,717055.8657185447,693693.8890245953,670919.3864462358,652472.927246148,636380.2921706061,616655.0208568842,598462.7944448787,581538.116398109,563759.3105501411,548729.1982930512,527548.2932788804,514021.78239297186,503884.9354550001,487230.5330530989,476700.49539752724,459740.4580520145,448661.1648206284,431641.65880603145,420738.3817202788,410474.03432322055,397677.2317590752,386472.7832977182,369045.8265965631,359235.4865159363,353212.27888616035,335637.84522366547,327814.0157416795,323680.94420706487,313471.4104799864,297674.22976455715,299521.5867245444,290815.9854169287,278397.7218459967,277307.3275174649,276432.35429272027,273713.6864549037,274434.6167619071,278212.51952038106,283601.2603500309,285033.06702073815,279557.7223348367,285042.85730250087,285203.471417573,280317.4837026927,271017.44279320247,273048.8332966741,259939.42991614452,256376.42455908222,257281.21011264247,252364.26635388716,240833.583435919,242355.79953841818,231674.37568725966,226815.86198851254,229895.76613705634,222380.70425904344,214925.51438641764,212167.7389697037,212524.79313413482,204732.65681372833,202031.1423032764,199276.95733186346,195696.00128079462,187441.66331343038,189851.71510462376,187189.45731655872,181600.87355922602,181837.9373591592,178338.31595755438,175425.42074741956,169831.35144263532,168676.4568633354,171130.11971822803,165638.2438284887,166756.34915733608,160713.42832728484,158939.2769965283,153015.1703528371,152199.2287975112,149322.46466996777,148916.87606016005,150414.69542290823,144914.19809102715,139880.64031299454,141518.61553502054,143777.44685005856,134572.43465693947,137315.46865875032,137512.0960543773,133129.47375107717,132312.5219623004,127704.41651230122,128893.77038437876
mock_0102,DLR_PAR,3670886.8722024397,3484.156476377765,67722.69730444088,3.1758993250789995,1,0.06598275204049395,0,1,1446108.4592304928,1404411.2871963806,1365003.679451067,1325354.5984511783,1285663.7954590255,1249219.8321063826,1210858.364573378,1177307.4590941416,1144354.8589845416,1104553.780065159,1074248.4099462533,1043196.6581153652,1013992.5278245913,983163.0095410364,954530.3373250475,927699.808796608,901158.8504982411,878650.8128653376,850417.9971886642,826823.6505910826,801059.4731767685,771958.1998884279,753435.6332432012,730065.4171807136,709585.9057430442,690931.1872244478,660815.9108228354,648888.7822871945,628124.1227487967,617562.0535447056,595899.1408274703,576280.6893033951,557345.9053631873,546727.7496534524,526739.5031226345,508547.48044685175,500284.8977766799,482521.6868102058,467773.10222297924,450400.4983503222,442897.0293400516,429581.5635145452,414142.5839604664,402911.08760338323,390875.3656433236,380813.36344008776,370259.13313906133,353906.56807777483,341368.6680073416,338330.9246907984,329884.9787762653,316195.792661675,307394.60024832725,298554.42980031815,291054.097836346,280035.45950682426,274748.3420324006,267202.2084144829,258015.10358500536,244515.61310611648,244429.7364372636,237960.991504637,236066.80861597165,226235.9449633048,227746.22225347933,226636.92990990053,228454.10727343993,229702.73680817705,229651.55950988535,222139.13577136412,229515.22073814415,224534.0616365059,222167.74024457426,215780.75970464892,214705.02367544037,210381.30488434946,202363.51367139202,203350.80974660357,196892.47825281814,196902.4947636987,188747.6132541983,188413.6358456214,179505.82061862224,177335.57099024006,169864.89624962516,173710.10367615678,166368.640411745,161137.75426326145,165014.22293676398,157506.6778071299,156869.059090021,154975.36093868286,149484.40169838408,147644.57936984824,143920.54535361638,141876.94105111837,141050.78039413897,137145.2594668434,137077.96833470292,129107.62619918343,126505.1668728001,123664.80417496059,128637.07475878582,119990.17528493091,122207.52770606276,119043.1148764991,117460.01149918584,114954.9507888294,112584.30563508236,115468.23139803926,113626.9491639242,107904.49672142528,108348.55571929336,105745.28776678318,104509.51269034931,102999.68766235588,100433.60457573185,97785.96870149812,98795.982391163,101080.8168250985,94897.87476858722,91853.01954568084,98739.79712142023,93147.10806247173,89672.52216361425,85829.13995776308,91472.32027248055,92490.4528770344
mock_0103,DLR_PAR,3732854.1458948553,3485.0914013726547,94015.42565375546,3.202611467790134,1,0.08845771706181807,0,1,1475478.6205855685,1428501.2242099838,1387160.957872223,1348858.5128796797,1308403.7863985717,1274200.6816065274,1230018.829780178,1194394.0140532209,1161815.702223825,1129885.0244296247,1093109.8538230842,1062201.237642546,1032945.8675342245,997460.1479933461,968775.3890549284,945203.0422621254,911964.7984652179,886837.0662468285,864964.7916243944,836372.9505132027,812948.725930316,785310.100151598,763754.6547493242,743184.4814326392,718974.9618732384,697665.6707010623,680177.1491770402,653972.0259144265,640510.33791997,620162.1728345626,603803.5495808431,581826.9644088624,566525.3017852241,550586.004075051,538265.1720045498,521013.9539198711,506868.7395454868,486537.8540934333,476307.6001400595,461216.16938172065,447618.33256705984,433017.0709189864,425648.78397587227,407211.2443879168,400470.30986483814,386976.37054661935,374783.6162956089,363437.8866814653,354866.78102468,345319.34111778595,332506.28708941845,323542.3104997365,316121.6614230313,305840.4560921061,295303.83048695716,287294.55036236165,281680.2820059378,267071.9715736718,263758.84287064883,253967.5039131625,247815.35032019994,242115.7399209181,228546.5791480418,226994.26788476674,219059.59760229153,215880.24167012156,207537.04026150983,203133.3584611125,196573.06318086403,190747.3536097787,182860.23220607548,176161.61185778456,176581.00247090374,164529.06004540922,160641.5235179656,159898.10562582238,155049.53756351917,146738.8420583927,145187.27091805468,141677.6767223062,134109.19691788487,132646.70488956216,127487.19948675705,124914.9194785568,122792.61119421308,125738.37919743349,119761.02348039766,124763.69138549971,124137.3405399862,131518.59024571264,139853.40299467935,146121.41739998912,152176.32871133773,159244.67850472458,155927.70238733338,160738.49066618603,156868.99673415054,155978.80760086552,155795.42595343932,152290.92747710506,150129.3313903472,151723.40421200046,146844.94157922818,145944.3101071001,143727.1533638767,142632.55335072367,138161.47683859585,139411.72629190364,136705.16391413694,135046.77343752698,132279.8604426687,130019.96652940691,128746.17126948226,128031.3708045221,130943.17876419716,123129.88016721065,123259.29565921411,126401.88233331848,124410.49846145601,121460.00244687738,121005.9324590995,122092.83068165916,115752.79845668991,112774.42450843421,110022.92288356103,109992.5703483388,109639.72927836627,112656.09797493047
mock_0104,DLR_PAR,3257671.6060780915,3488.388106685666,57249.59168694269,3.296803048161889,1,0.06180040170360391,0,1,1283735.8589173835,1248837.0618863185,1211290.3932086653,1174373.9645336939,1143812.4931231025,1107604.3229856445,1074205.5680080038,1043527.143734058,1014474.7017893302,979248.8581097118,957236.225751079,924664.9627822158,896886.6546149326,874449.2938050841,848565.0491958843,822327.3508310132,797945.0656627766,778465.1122733504,755417.5543187968,727678.8696638155,711823.6157959844,687544.055935909,666192.2624107506,647312.6193196046,628873.7521604967,613707.1504643196,589205.4393456915,573773.7732609658,556951.7589256737,539426.1874942941,528363.0722301962,513080.3415584211,491225.1208869911,481629.7157908902,468259.5387449096,453232.57135721407,446639.5941588507,424436.09497615765,417474.66968706856,402265.8762861393,392734.0129021945,378163.69475075376,366740.7497585023,360507.95474367164,345641.37805661274,336369.0665848633,332509.07933692075,320619.5882224926,308184.423959702,298085.19547664747,291593.8177385709,278607.82231438096,275413.81695920695,269146.42443757167,257790.14793818645,253314.58554083775,245204.91057827996,234031.26459631292,230528.7056132137,225707.17129702203,222195.84614606586,220813.03937989965,229684.49673023255,226372.70186518936,222839.10652889838,224927.0035203215,222014.91100265228,219106.49876239168,211500.1319495411,207505.04293695444,204929.93328367308,199668.29209686344,198524.36635478234,194725.62991422822,187265.7105244214,183669.2943249168,181435.59056127482,176532.90692481791,174998.34943052795,172884.78708337783,164866.18646471918,165006.29344838334,158918.69590553758,156864.44864806536,154150.96320109224,149616.8817723472,148340.49535752658,142369.02068711485,139379.50200519172,137764.86528039962,135401.4118864433,124059.88250562252,130494.46068593637,127093.24398928914,125689.02150908869,125312.93413663263,126340.40783584898,119043.82296010354,116343.93355047714,113256.66109246158,110479.13104724143,108862.81876380008,106693.97831434914,107669.20512869477,103303.94026614833,105961.76618687998,105878.10500188837,94612.82136190613,98643.38540838793,95207.98529350582,96451.57655646274,94944.33185474895,87516.10218751384,90584.46705581373,86564.34216196746,88579.38132258657,86603.55124793862,85316.27677225156,86494.38858483234,91386.32540508689,81160.51405437403,80379.2714499557,77229.07377824765,82351.19291684695,79482.93334329978,77977.49111981655,81284.52775126189,79511.88854261511
mock_0105,DLR_PAR,3113337.5616108314,3486.370286888758,51390.39686872853,3.2391510539645108,1,0.05609776311275677,0,1,1230150.6981554963,1194655.8673797257,1160280.6980730784,1122390.756854184,1093852.343335664,1052784.0984362515,1030035.1694074816,1000390.0257662327,963897.0844475781,938445.3583650287,909075.9397543045,889056.2224070482,855524.2259950626,835124.6768030889,810088.4326505777,792244.1192920126,761239.5074348644,738511.434239576,723763.028065619,699114.116574063,682761.6527335141,655709.5257804049,640198.6723205105,621208.7831047294,601927.6882237884,584390.9457560115,567884.0672680993,548836.6131051978,536038.2346402624,517347.7373368547,501491.2126325292,489037.1021408764,475299.657720925,461010.1417053974,447580.4122885867,432130.5279389117,422090.00405820046,411165.8920910032,394669.3812366765,380982.85939185426,373022.92029470153,364304.1233087768,354814.971013103,339414.0129490184,329135.7337642794,323722.5968906029,312206.4529196649,305868.96896917664,296014.90699502145,290358.0621120191,278953.9122527383,270375.87529545726,263285.77895120945,260824.83888606812,253916.57801714973,253504.6832491537,253286.6773166145,249521.93959797936,248562.6005765486,244402.33661783702,240524.52595590695,238030.12370408777,232638.0913206902,232749.81354806028,223784.40144663298,222150.13536637832,214913.91343195597,207372.4925826005,201953.170402039,198070.65944043867,195786.64502323995,190638.89859614553,184393.13268252398,181493.46150132545,178435.54841958114,172834.20720207028,174557.30478822533,171966.6763717979,163435.74272235465,156892.5926605123,158632.5551386426,152184.2226458522,151888.91294963323,148256.13937674556,142462.98832033385,141155.34691526563,136700.77005356541,133170.04574060734,131662.15207026532,126954.96256407694,122727.33184211465,125805.529859549,121598.38055071673,115783.54410229316,117861.17337568194,114863.38083058089,111635.82812741112,109735.81602151864,109748.51460099377,105007.31696779915,104866.41305908297,107522.34250563351,103932.6952654124,101239.47488611107,90988.63790416473,98740.40150769602,93946.33454489603,90716.05823943723,89559.09232651902,91171.28631407759,83721.93397660092,83886.35387527494,83879.96340571625,88151.4151151098,81605.38175031461,82709.63494714501,76513.06964601553,78467.66995023277,75593.69964972907,79606.77825077245,73800.69289477957,79178.80659961056,75026.54203769931,73244.37311796508,71573.19517617975,69333.38668909622,74133.47269361984,70292.76952956866
mock_0106,DLR_PAR,3271594.8823450105,3487.5377800467063,76967.98891811504,3.2725080013344723,1,0.08411582998446679,0,1,1292571.0428973204,1252610.8301674828,1213059.4600999448,1180854.5427874038,1145658.951606186,1110093.074752695,1079343.6073695333,1046871.2393088285,1018618.3830755382,983344.133568671,958930.4167650325,928300.2919055236,904281.6374689542,873472.9911999132,853159.3739945064,826639.3036817419,801414.9977007449,778445.0779941701,756131.018178119,727690.1286464591,713228.1321219461,687079.8313430272,663125.9135806105,652315.1091724016,634038.5141375333,618485.9659245567,591381.80165797,575616.5942575601,556269.2519619593,539769.5600332838,527158.1258534449,515192.24785798514,496008.974462246,480243.6562656949,466356.54649550916,457380.73449488357,441928.10169751087,428693.30916832056,419502.46610094997,403715.848462568,392725.1782408802,378023.9008846095,367412.54525617795,359831.25869580294,354542.9738067165,337032.90164888726,330310.9601856415,320339.8964000458,310164.0615338418,300514.13806477626,295273.8976923505,282009.04625188914,278504.6842910823,266649.4429885702,253438.30062105638,252259.24598528506,246674.42447565158,236332.1576599294,228035.03727089093,221720.23480421217,213970.2594177478,207242.37304929423,202730.63191236721,195649.5464588373,189593.6269126854,186958.29429440864,179526.9488244427,175249.63382790552,174829.02885512682,162432.0924882803,161444.20033720555,153231.312349224,146285.16808341662,146575.72405070957,143693.12514036376,138563.02270301213,133513.16063774243,131785.92664596747,131889.42620101434,127519.7435088291,121022.06396157338,121899.68910657601,121854.64379731007,116264.1454285095,126714.4439201663,130765.29290327778,138091.4347916664,142693.7493916755,144942.6603622798,147081.3753719899,141916.06186426597,144965.63917816096,146460.1389305159,138545.0900495442,138761.1670101076,141377.82893190224,136031.59315119297,133696.12381263595,131953.8366243343,128882.08565401753,127927.95960842689,127958.19869495633,125238.56424969851,121811.10902295321,118652.57256121776,123033.84618369154,119214.04193437261,118357.80653583676,113198.76899506363,120174.62770659018,111638.78750694003,115618.92845445583,107713.41737243063,109810.17242796771,107774.2162515654,100072.50432506023,101370.67712932809,101079.91448502029,103459.78550014987,103216.84022104458,103386.88919698956,96994.86265451332,98124.46816758947,97780.57350716223,98664.51696300202,95782.82041072016,99236.3948169654,89956.47810319795
mock_0107,DLR_PAR,2692655.3047316126,3486.345324318857,50921.12288296949,3.238437837681625,1,0.06803763377476774,0,1,1062477.453822825,1030387.9991241653,998793.4218535122,974711.7668685536,942635.3381077322,913049.3262760469,889961.1724503711,863388.8052325086,837166.077082597,810868.6305810192,788343.1611129473,762837.3515133044,739959.4313851278,722203.1983340682,697153.277436063,681202.8330390434,661805.4854009312,639562.3940605187,624511.0173434444,603927.1002269685,586862.7709580794,563447.1416946767,556222.4214549988,533455.8593884199,518244.5363505839,507592.3983639988,488749.8906993995,473688.07532328885,466099.75602444855,447964.69369161146,434376.18359247,424660.6030300184,406939.3891291996,390941.74521733867,389639.76914115314,373303.0243496452,360843.1489614957,356695.90968296473,338670.9861062681,325348.3444823765,322390.1986818776,310945.3187430843,308286.1287317041,293840.9801888176,282494.17265933135,280046.73858774145,268955.033343979,260206.9935443725,252804.58211206103,252639.20716660772,237871.08984164585,231704.01402553188,223978.27850738843,217806.2671086291,211662.43145292968,206543.66279161262,196644.62651892373,197833.32310344608,192946.74894586147,184636.17879062018,175498.85936432003,177586.8023998935,164406.82517575644,162521.4726601306,159968.9848980172,158762.88132738968,157918.84365245717,155081.59362346045,159703.32355498357,161121.32585998613,161701.11857235568,161647.93283967415,157297.03875534635,158680.24533218355,155679.80655824594,155931.08610776853,143840.2236589787,145449.24358741596,143619.1834436405,139028.0410998393,141867.53013598625,133984.45742896595,132213.4697512389,126770.75469672396,129231.59353779102,124606.20397060389,125027.61322995505,120057.33104642718,120122.0557332873,119631.41147601504,112431.25782782627,111098.85826726526,108898.97274779557,109565.2135185679,104889.12370938799,104335.58831541643,104983.25508062135,105583.40759429202,96558.81553287826,99680.75484569851,94249.30392396147,92145.49131339825,94565.80203870642,94291.8839681252,86485.43796299883,86861.78609707854,90610.2204832917,84250.9108825057,88893.425088872,84071.23708797539,77087.15741862496,80564.2099120956,78962.28656323047,76809.84179216504,80577.20638402355,73228.06123125483,76282.05055399063,71842.02942367381,68542.09990344087,73347.11751187938,72075.02740260596,72169.55048153686,68353.43096647554,68276.96587404398,67720.9261523548,71328.87837269493,66373.57155676106,65285.09148064324
mock_0108,DLR_PAR,2217930.018765343,3487.7427289604943,93582.4216472217,3.2783636845855493,1,0.11326455899970457,0,1,875781.495689686,850594.3057636133,821840.9872802588,796245.1350380155,777101.9378666562,755498.0313656105,733822.5326397936,710857.5128915899,687354.8367458334,670207.7528063842,649663.283309833,630723.3667932213,612578.208495325,593922.458542607,572907.7137886462,561359.2798760699,544447.1283614251,528167.9033981622,515264.33780691517,498435.8310724924,479045.1237341848,464356.8403900996,454571.19633278484,437943.3371680472,429288.973516306,418998.330599693,403184.40589884436,394883.0953617804,377398.97977539274,367408.4020117686,360108.8556690041,351865.5796761461,337208.50633125316,324408.79526550096,318626.9404667719,311345.605011874,297149.80648041493,293037.0798730981,280790.70435103436,273048.22292647825,267736.9478023977,258796.4278841728,250145.21242140356,242107.88271483345,240276.6978670256,226433.32373205933,225699.5370587009,214916.40668980315,210910.42100322575,202207.67566851457,199699.66519679263,193569.45334432655,189442.45545251883,178016.68064379963,174950.45661902265,174146.19025549368,164149.7867647829,164389.54775329458,158874.32406748427,153789.0101450535,147482.18255639792,141136.31356339625,140106.48305755373,136162.38623656015,128208.64217153031,123422.94551694607,125774.03247987492,119102.22635402008,114046.91800416377,114293.41121182597,108833.8502613033,100033.89698636944,98699.48412023507,98388.33012726753,93712.54618251153,94753.12788221684,95584.65274462404,90115.73897369817,84610.64135444828,82358.79555258306,79778.49392200436,78370.67314388171,76292.66676035224,74515.01392175735,73100.98683502438,71000.0487530289,64475.46867029832,63637.42919067729,61422.587562495006,64706.43828556554,64334.72438760328,56610.21814526425,56668.14739665314,57483.30501992103,48914.949792476065,52101.45423572354,47800.4993682969,47707.24322602965,44918.30783601558,43406.49264534244,42497.49870419099,42325.77263364438,38320.331968196944,41605.43644782618,39172.01268308756,40897.245101880966,38293.37961410725,40834.60164695114,38457.51758384479,37408.35490831782,35573.63978824294,38327.54806316734,37471.73192668751,43759.61649280899,48732.09593882396,60023.41981670544,68334.02641472119,80050.45901621264,86508.95496573603,91551.71929098766,91513.33321498608,94507.63599712375,95389.99166394616,103533.49668752095,97333.27525654386,101326.86844550334,97771.42784624237,94784.44842851492
mock_0109,DLR_PAR,4695668.484803231,3486.4132755017345,97712.67054225475,3.2403793000495624,1,0.07551338417981734,0,1,1854127.1632484277,1797899.7376979045,1746175.5893070928,1698293.3264818254,1648263.4638320964,1599045.1301225533,1548092.8088523613,1499675.1021286005,1460202.1849075276,1418666.116821764,1378189.1795002827,1335932.025173728,1296412.9662600157,1262398.9401572184,1223252.8925882748,1189501.4800530535,1153851.283258784,1118955.0338698793,1084275.3809466776,1055038.4708091035,1020734.1276075685,994760.1325550823,963946.0382366691,931922.8086689257,903237.7428879786,878958.6490018071,859755.976958994,831246.6970889387,806625.1538574045,780851.5478102564,755453.0661551399,733678.673433125,710517.6095328404,696413.5168436802,676798.8908466891,654041.5736136824,633581.9974839234,617777.5704958388,599979.8904742283,581805.6623737917,565492.1964265126,542930.6997888647,529623.2289641085,516646.353820688,498957.08521297073,479367.31427711947,473796.21750654146,461407.3128746651,447465.62584455014,429561.9117415477,420840.5454376314,407915.288176605,396617.9124391582,381194.3215984171,366654.63766004186,359334.154200884,349409.1295451833,334060.168641513,329079.91613864154,319017.91938852944,312725.31700247846,300537.95779110154,292830.7617857933,285924.3458904549,274792.70411127823,271525.19926791475,259526.203063742,254137.42303922455,246520.8378151027,236704.1435361655,231616.928726928,222169.06916548876,226913.01182826314,222234.73733536623,221760.21227378558,215904.75360708087,223881.28521600194,233448.65120201337,234236.5977036488,239645.5051193182,239960.56524234335,235780.989607519,240997.36517740678,235761.4253137902,229628.99359481086,233935.39478055647,223382.09063551718,220372.9334535607,211455.12393726077,212382.71709919308,209691.6063792616,204547.97352597376,200716.19268266895,196941.16678805702,194645.4407019091,186658.0621244784,184316.53264920285,183496.47218180736,181100.19529985214,179013.27087068983,176663.16073089573,173353.683419634,171710.22774500906,165794.5669924694,168263.89404000228,161277.04606271652,154883.4789751968,151969.27854758233,149033.96989895875,155750.90954482587,151033.68179407375,145174.0972450427,147712.88216241295,148713.33041565766,146917.74658292957,139207.97925853985,135613.93948649857,136081.71332287235,134443.4245970997,125694.57678262623,130129.36268720015,133105.79675533136,132137.92321748822,132862.5167037772,123286.31542785821,124432.09371402282,121283.4878629111,123961.41664698477
mock_0110,DLR_PAR,4882383.23897884,3481.7609339740948,84257.10084903578,3.107455256402704,1,0.060183308656960435,0,1,1926956.0212943545,1872257.7272195609,1812859.5777605756,1766353.970138415,1711509.6688770982,1659928.5541864508,1612744.3161327625,1566397.047643052,1515788.3024135889,1472971.7735701674,1433687.753685709,1388438.7742078586,1350633.5615725622,1307727.1312171333,1268524.6993912712,1233077.6581665466,1196903.3156901456,1160275.4268627532,1126149.2292243897,1092741.1506670273,1058108.0113653906,1026956.5708961781,1004506.2175475075,971925.0425208536,940306.07431412,914659.7501835979,888513.395280608,865430.7612007582,837901.5310349835,813003.3814413599,791748.2662819844,763096.0887067408,742898.9560150087,721297.9465516802,702065.047085926,680296.0812237782,655877.9580221564,640219.2777021511,622591.5964415368,604144.8358671746,589344.2696312731,570155.8840024197,550749.844184711,539678.9009976232,517613.8046351813,506553.0486438781,489165.5143304886,473572.5283931635,463883.89099725464,444564.0007128349,439695.97541526775,418407.1991223487,409253.7931622182,401834.6641869755,389713.7001476562,376770.60532007454,367613.1876751804,361224.5912818655,355446.567666346,352032.8718379712,353950.14683784376,353994.52271643706,350768.97345036967,344649.9642058691,346857.4074901079,341205.9000176949,335433.9138590015,327689.8513180144,322297.94339069666,314478.1558852671,308041.3901394035,296339.81320472056,296993.7560738269,285504.25829215534,276941.5889692473,276072.29005414894,273799.15678972204,262785.50366977864,260290.8747152878,250740.0457848717,245969.16390023395,238678.74062631553,233671.2828819676,227239.28337300156,225710.09280451594,222898.1266893587,221005.72123902664,209123.4758542351,209961.44327984087,200178.51913588654,205376.4015232986,201707.44686622857,197345.61740363296,191044.09457349006,182367.5200713208,182537.01269922542,182108.8831929472,174685.4455738118,172101.77038379508,169160.1908548077,165905.88240414945,163440.36752437023,159685.75211482876,160206.11110018502,155581.92615488163,153711.58795141062,153167.5553353061,154374.56741413692,147113.55373043977,143963.24300374681,139490.1400751848,141256.76932089555,138619.92167030787,135123.30663016866,133866.91309615548,131850.72497825665,134943.40302773908,125853.45018737805,126008.78457731025,123510.68265605952,124860.92809349402,122564.54967053456,120304.75070515728,112087.4519328226,115053.3771788628,118391.99205119118,108448.2178846947,112506.59387568416
mock_0111,DLR_PAR,4254635.682258403,3483.437056037323,68702.09132974106,3.155344458209233,1,0.054010413950154476,0,1,1682288.8539446131,1631813.2240263114,1578243.8041768603,1539985.4771418679,1492613.1283123416,1446189.956277403,1406953.6163887586,1362362.674683242,1325058.9809620276,1282618.605707745,1243905.7870636957,1211151.5054257354,1176810.8259939363,1138924.8420139188,1108891.8844713036,1072933.153799596,1043487.6133780201,1011813.8152449888,983548.3874310155,954266.2211530814,921317.3708786775,901334.9376870594,869916.375829238,846589.5364787114,820468.4416239616,799486.3445342189,771811.4181389943,753468.0506755555,729972.1187070162,705993.4835593045,685713.9328293107,669307.1498143922,647723.4141999424,628394.4874256839,614213.4004411092,586716.8194150355,572745.7980681405,559437.471456171,539988.515255663,529124.4624606781,515014.49720115087,496216.56077165797,483713.0455335957,469981.3803836884,453703.2098553423,438021.7346595062,429543.29438766063,419383.30835016695,401543.0073869362,397059.8853050323,384026.73374546133,376667.8236475207,370791.324056707,367720.7130680992,361306.1690902469,358565.5505159398,356162.94139039173,349302.0974056419,349462.25056232954,345005.3401299641,336115.4845860979,324602.3451310193,322405.91980282933,310531.34391442046,306613.642886025,294471.8582766984,289206.43369619106,287602.59868021397,279670.23188481777,272721.7426792292,265513.06094012887,258534.84773347413,257492.90444359285,249754.48871596102,245248.91057639348,235061.51792132785,233418.9443788627,229436.24023049907,220133.69654672834,214135.89488336237,212724.77499395402,206600.77782016995,204644.6836751201,197540.9804316586,198625.81470166083,186333.2061613626,187470.5421766921,187249.1817596373,178958.0150371969,177610.6558760085,168654.83832807798,169004.5022608309,163187.49427220286,160029.8041020292,159638.0401961077,157005.81096502914,150800.48663158764,150335.98191280797,148839.02825255753,145505.26231669643,143014.15914312407,138135.31814678965,139015.23463689373,131861.9578126947,133523.0131658024,129553.04387347703,127744.03222836349,123397.12174146246,127635.53232712226,122570.50511087292,116182.82358400349,114097.3312618023,115836.55029638253,115053.9790112115,112053.56750914197,112957.05408808001,111453.16233877295,105424.99059830741,105199.6172698223,103877.57877501391,106733.89047030023,104229.83871279215,102800.68596131787,98975.48495484897,99757.21150621268,99924.2460886188,95049.10653956082,97620.69020589218
mock_0112,DLR_PAR,2903717.5702294214,3488.0304643197114,66552.22013903457,3.286584694848893,1,0.08237247045323148,0,1,1147637.0456239993,1114589.951979614,1079369.6918901664,1047611.010176864,1021831.4025902946,992263.505200856,962382.4800536792,932361.1295457409,903053.1455915901,873010.486980497,850390.4546482632,824256.2865003144,798928.2476128433,780175.0243979587,756867.8381934587,731920.1261836042,708340.9064290021,688631.368350221,669534.1029777452,650727.4756623975,635497.5996131123,613536.4992118038,596161.9638362405,578611.5644265816,563870.893554292,542210.1120882152,532592.7512441576,513498.6214582335,499063.3858057678,489300.32826315146,471679.1386914263,458079.94417047786,445639.51638602803,426991.6072384384,414630.6367841112,405552.749738343,392951.78182113124,381429.8231467213,364318.2377555545,357625.53652534145,347121.35575351224,341797.817927027,328114.9261803624,320313.62575492146,303868.05892334145,300796.9139707189,292943.76756179513,281671.53858360264,275276.7810107047,267232.38594707503,257894.49725586295,250573.52604816243,240805.57564570513,232954.11752260535,226489.97830520134,222549.0950082174,214562.92958444706,212674.33200945996,201113.93837614186,199512.9710935458,190313.5382477647,184622.2280085841,178919.9095899364,179287.2183093009,166834.95510941223,165339.21072621507,159646.4641457641,154121.61612173746,151555.88837612045,143627.41345319414,141150.0834992452,135566.68293472455,129927.10169775474,132382.6550503853,120914.22229171231,125126.21457159185,117572.03756720324,121171.09383249638,117036.61191343474,112414.43559722233,109269.15378932918,113068.02756965358,115358.47004933158,120496.85404987012,119316.45994957829,125904.0306454418,133052.57858343134,129031.2500353197,133860.62107395995,139135.3492684565,127797.11420963965,131779.95789697272,135555.0571554848,123361.65432373859,124149.99883870539,123881.7598156504,118053.4054610926,116809.97474305272,116546.36738226873,115083.71685026212,112771.58402990275,110360.23939093333,105048.88317326573,111436.23803706118,106511.2213079782,106913.82120403035,98044.81960020289,104355.0261203323,99549.47243754983,95996.82679638949,97659.42623785781,99858.69640328379,100359.31396046646,93790.73464843103,91723.97449544194,88442.44617262478,88511.1484089158,91683.01732847709,89027.56056684777,93065.58805030595,84246.13083743503,90226.27348802847,83577.11238638096,82886.85873168915,81105.72004805367,84396.05206225254,80501.12240838674,81891.66161862561
mock_0113,DLR_PAR,5098231.607964879,3485.0869982422437,73898.92390539112,3.2024856640641097,0,nan,0,1,2007334.184166006,1954953.297466704,1894749.5908059378,1838509.3386689494,1788611.985611301,1737639.8885691122,1683688.0533574824,1638608.8881620674,1585181.8371359762,1540644.9330612505,1495345.4195576042,1450999.2111140038,1406486.332451609,1371099.6498568663,1328635.0117749097,1290149.3900731008,1250054.0493469273,1213811.533208504,1177162.6794411624,1138747.704192128,1108665.4990561188,1076075.1751232531,1045285.9920379567,1015049.905383195,988399.3275422148,955962.6301629107,929661.429651028,898089.6599971356,874632.209485131,848309.857957394,824741.5252429309,798592.8273638226,774103.6899477019,751971.6223180841,735261.8149253082,705919.7254490645,687839.0495220604,670451.6596783209,648283.7414202899,633706.5152184989,610367.6857544738,592166.8481791884,579713.4334279862,560210.0506568052,540721.5723458693,526100.0067018073,508604.8802055646,499355.54222179146,477728.60285397357,466275.4776232307,455288.57411188434,443697.3669900435,427269.9311046581,417848.4942841824,405038.7828739247,392005.3370697947,380539.34856684535,370770.615212719,358630.40094041807,343555.8369085658,338049.81533959496,330037.8613386776,318327.430047605,308897.88775290013,300317.00948984124,285970.26850072865,282600.09700174676,271402.5692863339,263231.2400321879,260179.82579788752,250582.14319291388,249604.0835434297,234011.67599818954,228689.51714037656,220426.2222147806,217511.2830110161,208798.25016047698,203252.87322793304,196926.48480256274,191038.9639456487,185288.48890826345,182157.3292041699,170025.36477949112,166631.0756295198,164120.46509527334,159932.79573587188,153069.86123982156,154901.19051788238,144410.524904755,138919.36321625256,139304.38793165205,131794.3293480003,129372.27243994728,126219.50048539291,118601.7871870534,120958.36588200928,115794.21333772775,110683.3923673047,107898.53370698763,104010.16317922146,105807.4199004628,100907.5392227134,96017.83247061024,89458.0485227729,89692.18718355642,89339.44969097424,87348.98539957205,83174.74083006191,82331.38987627561,77159.85215872338,73990.48881381722,74877.20681673348,72054.89864655142,68851.72496426018,67146.89828766906,66241.91344807587,61618.56001174492,57326.62510792898,63189.52521044172,58421.98053997355,56348.70340227779,54087.82871007367,55235.142204024596,49429.68784483212,51119.36044585317,45271.232357423876,43036.34112066125,47917.05304507029
mock_0114,DLR_PAR,2389382.466706884,3482.584913530128,90345.11142685055,3.130997529432224,1,0.1090067158598359,0,1,947598.7046748963,912475.917228187,893263.4853216355,861146.2694614049,841981.7533748888,812786.6012291233,786542.0453722116,766447.6259650721,742064.1284086647,717759.2055303202,698665.498874767,682277.4913043694,657874.4870063111,638687.0828002545,622786.9585530125,604420.516659187,585433.9623458477,572311.8965149539,549483.3427660357,533401.6861206158,520504.5222367948,504601.9241453835,488278.6325082364,477277.37751702644,457291.4213916584,445735.2312556465,428727.5048241128,423212.65343156306,407184.7604522679,400459.0302273319,382748.19975119905,377544.82092217787,367923.9157685514,354281.8432898709,347711.3249943867,329319.3623252765,322230.1454974863,312021.59677468706,307905.9420491688,298433.88396834035,288611.02943494014,277439.07028186566,273398.6916971891,262130.16624752188,253627.2861441864,247933.5737418531,241385.4012392521,236520.0692261515,225468.59554971632,219169.34823411945,212750.92294611444,208050.90174982548,202042.42308899536,194723.09822576452,195816.06094616195,182618.2671175231,174541.91553528744,171911.20818970868,162189.346690872,165274.91575541673,156886.45609815844,156140.32038060087,147664.90494036014,140979.89183436526,142271.5443843888,136432.99815660532,129958.2308968324,133046.60517156817,125853.73888936893,121720.42139991856,115995.09688095625,119071.84269900907,107200.49732451272,106917.52124560912,104698.7820296536,97012.00970585129,94111.6523697186,92784.72496945734,92829.82002539383,87644.80717749824,84266.40238295207,83048.9945804018,78526.62932145734,78983.18425885933,80411.01633808913,74480.97588599284,70903.79406287818,68097.40279219871,64580.751299164374,64780.36743472776,67118.58295417042,61300.42789426329,62531.81456092667,62158.183152604375,57225.871257774554,56344.30248243512,50221.56525208882,49203.743622067326,47662.59737585241,47124.467968015255,48693.64321433636,49317.65895598642,48610.310345450576,41517.20259516235,40162.287146184746,43171.366721765015,40362.54675283696,43676.03749169194,49496.518607863705,52140.65415243088,60077.986955942564,73491.9714231207,76919.99941179433,82566.87354289518,93681.53844563158,91680.66111136251,98223.67866806583,98423.82507052537,99408.15929674153,98877.56177582323,95865.84918538216,96860.95074402183,97123.4920750977,101057.6136087947,96646.28025927205,93733.78305125516,96524.51553291989,98088.20250365415
mock_0115,DLR_PAR,2145466.716941623,3484.194867739647,78019.60646951121,3.176996221132773,1,0.10737643956767384,0,1,847324.861180089,818136.873625633,801159.7570075413,775263.7337529026,750767.5157845161,730144.9736709009,713371.5138140543,685315.5051543441,661553.8319936466,651256.5424985007,631114.4269769329,608017.0060523269,592896.9475779718,575186.212202223,559722.4555206745,541577.3573998229,527266.5755952655,509874.1156559412,496675.4696187876,478990.0161116916,464254.46139118227,452109.25037891086,437628.0154060064,426014.158785804,415358.0309458199,397316.502062451,395745.5201920699,378206.97483074013,371022.5828914763,354777.88313943276,344643.7790886808,339245.75604622276,326959.3040875393,315160.5662323774,301670.7293294978,296719.5692277602,292586.2824731722,282206.7682707811,270543.89420115156,260805.30843101296,259497.21521318576,253317.3851817811,239503.03371219954,233417.98045605904,231514.73005430025,222202.7313485363,216824.72593441306,211227.08457599697,202270.62647963664,200149.7722219449,192426.16648230024,187517.8492672684,182554.78713954645,173697.81504230076,170260.06830041198,161923.92915305833,163866.5679533275,156305.60213886193,149892.88432329748,147735.88045449392,137031.69828246394,136179.80191689098,134545.6750270082,126572.19259883335,126746.39399594425,119405.61074665,119002.8432376481,115532.76131597738,113798.43561791474,109989.04435805268,105678.72262470961,99464.83190290388,94785.49379980519,98990.09739901384,93934.55867466221,90105.79313184564,90292.69498373166,86896.07921112805,80912.58846244575,82089.76397686776,76794.64481425642,76037.7732846937,71329.83364962573,75900.04838879434,69754.96186150334,64569.688571576335,67600.77096840349,65891.32152630805,55853.379527070116,60398.40172654762,55444.17174760161,56940.61001422657,47824.47028087931,55636.38408521315,55429.64952041996,46618.268110102494,49060.044874197396,46470.923371332494,48725.35681658481,49725.96359355042,45009.80445144453,44863.31652745573,48724.8968912954,44778.70650176353,39985.112969795206,42635.440581899464,42224.44430075619,45696.88761903518,52702.97026406941,57801.23693371124,61258.02843083462,76114.58962159764,84041.43631320863,87275.66338883582,83079.89619615678,90329.8263420215,87052.3939825057,86415.22986101522,84861.98480308361,83802.03104487149,89402.04477545638,88199.01198860316,84490.27315260086,85638.59231234538,85259.33579678043,88326.09066450236,84144.21178803063,79512.27924614269
mock_0116,DLR_PAR,3291380.3382247537,3484.092008753474,68875.72648435537,3.1740573929564104,1,0.07592979000508736,0,1,1299736.0478305335,1260255.3917080197,1222109.9486185529,1184738.1674938952,1154329.0915617337,1117260.6390661106,1084768.3146902195,1057101.6507483276,1027185.7960391246,992493.4848347702,966504.7059116649,936978.4873956881,911207.3649518499,877738.1649041268,855165.0080177849,828962.1205676817,806984.6533232012,778157.8327307731,764391.6568376439,741232.7930200427,717707.751632268,690589.9058633893,672240.4715997303,652305.3559619408,632175.3826226025,616023.6259520769,602373.4661661133,581809.4058480154,563491.6606924799,546679.884735068,528825.7168825571,515526.91660213104,506323.6522652031,485624.54746585275,467530.0572372695,462728.3649864476,446607.0002039944,433267.7503756445,418998.62157788547,402223.4831073279,393943.04122345324,382809.9294709575,369874.9705294654,360623.5888346659,350678.5261639141,342801.5881434916,336072.35495876806,321944.10126336786,310252.8411246323,299863.6149188401,292521.9076133574,283839.93137135444,276173.7807779476,265638.7328919461,259980.79123004037,251146.01342056523,246852.22240490833,240178.9168752953,227019.86711981957,224263.2745733537,218133.42297542808,209799.59663182174,205799.24193928821,199709.86615092072,188315.8408305053,183411.2487493149,183611.33654078297,174613.08303400845,170502.68910794205,165846.98398600993,164110.42680574258,158381.64993050531,156513.83527198262,158251.57793892903,152724.29835331193,152801.1942264774,157618.44314924066,155182.06945104557,162375.59950191856,165006.45052283574,170007.43044413225,168654.18441863774,166512.16757848547,161941.74662243557,164484.83455360308,157987.09385728172,153966.6013220053,154916.02865438032,147176.72672426645,149950.1874465272,146467.1198405943,140663.02456961165,138068.7259067678,139123.23993099894,134654.55547883332,134904.51402708353,136000.62111754325,129433.33290385857,128460.76867044033,125361.91418197157,119012.54270262826,120603.68059016268,116638.4861308266,118264.8881773845,112116.52138693129,118611.60068232054,112650.08613868261,110591.08201275737,108842.29857601906,108953.58754735501,109112.39395382412,109270.1931452753,104740.66005998997,102935.35666150146,98251.06961594005,98940.48162620052,97240.61661842425,99607.94325641004,95277.28930164277,89180.24045157533,90375.64578124273,93977.61548270585,98170.9961996766,92255.40568438619,92676.97909291579,87421.29290839065,85791.93328155582,87200.12637664797
mock_0117,DLR_PAR,3063753.986537313,3486.632988197118,74405.22587330893,3.246656805631937,1,0.08617627494043588,0,1,1210556.1807638982,1172767.0783912344,1139869.389581831,1107924.6127012642,1077054.0883767698,1040778.4863132305,1008092.8151328708,979357.316554599,953534.748937994,928917.038105473,899931.5456022257,870498.8154630272,847222.32700495,821684.1947037784,794938.2670986241,772901.9198813715,753373.8950338477,729014.1518302838,705111.8391640901,684963.2012707838,665689.2035890186,643876.0834238277,628860.5483664019,606659.7244832353,594817.9739332787,575056.5089165843,554155.0019187435,547657.6368979509,526872.3434949156,511885.96067337174,493013.53632468847,483139.33041117305,469229.2324949966,451128.3226246246,441608.37948555336,427215.4645348849,406613.844022276,400792.79194422025,389767.9038630394,378194.5170779742,367555.6391644461,359789.7282661172,348533.0114280633,336351.76919212495,330667.41241156403,321751.78821571707,307840.08344690944,295645.61473248503,290308.00635030505,276665.7444583983,275691.55061360454,262638.42418606643,257774.63388635192,250457.921283494,242722.55707639855,233716.2303450314,231315.8707431971,224786.05268097037,214972.57636323504,205614.8673635193,203055.8081976922,194205.3914821061,194053.32307684526,189479.98660168654,181858.2348237639,173303.11482887063,166816.7538525281,166123.58544017162,159764.71249332975,158649.9149740631,151598.00136647501,146871.8629452413,149982.39415513424,140170.3030869018,130463.69712820256,128700.18824671705,128318.26206125345,122126.648487899,118123.88426110454,116492.79609609496,110058.73949705892,110704.89043091035,110711.6119971367,106902.80615561173,106333.00328184792,108312.19418296838,112479.83026704365,115812.65687878951,127535.55866830632,128957.14405095387,132435.21770770047,128737.99352796999,133914.69871286323,133695.48147597085,131510.87602504218,127745.79993630259,126665.32355113873,129566.9264144042,124700.35653017918,121071.73066895867,121770.87968519596,124089.55520946831,115242.69841159975,115730.22597596487,116413.11191845192,112984.26562937254,114090.09753987973,108885.73806035356,105156.42244221886,109729.15589907185,104087.9890132179,102281.74206102149,107164.9236300138,99024.67449857348,99241.67238185828,98296.51478589441,102793.75351473276,96453.41249643221,96652.8829882805,96819.91361380351,92041.31419288414,95477.40045725944,98607.2122803433,89706.126722784,91086.58167070016,84930.60104979442,87779.57817096848,84039.7030726437
mock_0118,DLR_PAR,4780492.353852695,3487.662432180188,81636.23284650815,3.2760694908625116,1,0.05923438171867313,0,1,1889285.8990973416,1833398.1112950803,1780310.8398653874,1728598.937257521,1670911.858811794,1627687.6273638539,1578678.945588604,1533210.7895823438,1485662.3481818656,1445492.0619961678,1402546.1997696972,1360367.3659343151,1322442.2215427754,1281215.1260996666,1243983.398259045,1208677.9144303934,1169248.864522066,1135246.7029292525,1102603.039074441,1071086.2243005496,1039986.856998752,1009041.7209538736,979772.2391403684,950693.912774693,922843.0643705998,895997.9059645628,869036.0050758128,846174.8398401366,822127.7284187488,801272.196330021,773534.3049901157,748748.6335621213,725171.9552613801,707750.7146764174,684535.5214314145,664327.7524207213,645257.1670170422,624079.947913815,610636.6770451756,591842.496217758,575510.834180194,559425.9350839561,543896.7917094154,526338.2066323583,510459.0195192909,487674.899052307,477949.6885083397,465666.2508064088,452048.3858606103,439529.4076966687,431279.31945785764,413734.8737619614,401079.8579732065,386982.58476043836,381013.13088873366,371540.495890106,366046.48047472467,355528.82805300434,357936.41392603196,354527.35043775424,353287.59889546473,351464.64780814643,348813.66319926793,343925.8011224431,340373.31823150127,338137.58927296964,329330.0863955425,322901.8638046251,309222.89364081115,307935.1632932527,299581.0911756089,297065.3732133791,285533.94028812274,282114.6138098843,272986.2818540898,265691.1987264852,258368.46051910357,258156.71632323455,254834.8847636675,244987.91316097975,238969.73928939068,236123.97786723438,231944.87019187372,224710.7346332011,222989.2663581819,214457.61307076566,212268.53712111028,205756.39529875614,204055.56136188578,196519.7652189718,200031.39189140135,192484.8035871955,186785.20603898368,184770.63893506525,183299.70349073163,178313.4292033869,169214.30203549739,171839.22783243126,169870.69656872097,167734.021421714,163719.8049776101,158663.6772511063,156884.01687723034,155668.49819913137,152004.12032200422,151809.08769365703,147269.3586256762,142131.1848594891,142186.34349189771,137730.90330566737,139695.20292956234,135152.1766934269,130684.15741686591,133040.69656431768,122782.44715918085,127104.54714493692,123743.60434710645,128021.52085666769,123317.56144932944,126529.3098098206,122996.11070029567,115785.38912127551,117186.64584508984,117954.38156859635,117686.54559964479,115294.74676760401,107440.77530874655,110537.58272135792
mock_0119,DLR_PAR,2245564.856237877,3487.1038478247324,97927.87782013239,3.2601099378495006,1,0.11445725563907656,0,1,884741.7290510327,853231.6277250742,838376.0973562703,808613.356218183,786469.7895918422,763442.9913555144,742205.0147977003,720358.1682009659,702234.3399290754,674640.4733514916,657230.9275897327,639948.9806936817,618761.0402268184,603551.4369561969,583212.9324635497,563382.9017307245,553730.5272509881,531833.7570263369,519969.88696838514,505368.45026469446,490691.7602809986,476593.76983661955,460543.5188633229,450554.00061711675,430343.935989466,422643.24319088535,409431.90214175184,395291.4743249058,381746.8060023648,373815.22045610566,362166.8882306144,353616.70128246344,342556.96310401714,330421.35008148785,319476.16194992856,314579.6264750056,306463.16214898153,292756.73370273714,285976.77596262266,273043.38411661115,271603.21263278805,261769.10579516814,252943.36487557882,247748.20000492237,238973.27839595528,239460.03988382558,223993.9319884951,218669.18820839986,210114.67937867952,206038.15150083794,199341.6628885862,196704.98167575616,187335.11319563765,179538.93261527843,178146.38632967183,174063.34621322298,167522.8947714184,159867.32627069147,157086.97428241573,152142.20767835176,145550.01407425493,142773.23959568545,135086.005636354,133263.16483416068,133546.73046119904,128868.59676198658,120509.13855920965,122759.33140476148,115232.61710345249,116426.44322930419,111546.71567123363,107004.57037470005,104841.95074704653,100384.25100023426,100941.75100190248,92188.08113410205,94704.087894181,88990.91022756635,79559.17212929923,85783.22806005004,80235.37044682309,81237.13590379717,81290.58321040582,73700.0990473613,75288.55681815576,71556.06157569948,69042.33834150703,64341.744355711926,66468.7027817911,62853.47640663013,61478.20264654656,55890.789070560844,60435.251372098006,55534.649969477425,57409.500659854006,54309.69944695076,49861.41699193062,50148.06886329088,49405.43435332805,42591.96300714882,47042.23561447743,42686.60342493336,41148.86058442905,44996.43782548137,45003.638647881126,37721.75137337468,35645.88244370219,37652.65540632049,34797.20487956057,38924.82995998844,31905.153879794263,37704.384271524264,34373.94268245896,40831.46950616387,48476.586069743265,48390.19535571942,56436.57224625589,67462.9322986379,76636.8596567346,85858.01417319091,90973.27593023588,100684.5196758536,98604.2037312617,99625.01910006703,98598.55258550559,100205.98022195294,98218.2123068471,102669.5083930484
mock_0120,DLR_PAR,5194939.33562134,3481.5937257740484,60660.66467833285,3.1026778792585255,0,nan,0,1,2048525.880231707,1991182.7004794497,1931647.4793510104,1877617.7293958843,1824592.8889584853,1762630.3451145834,1717104.3818233341,1663553.6189093932,1618063.3470321898,1569796.7903792025,1521725.0980362862,1474145.9687025556,1433721.2796483228,1387010.3699793285,1353273.9043848715,1316186.8123962828,1274701.1164191572,1235953.462220896,1198345.137654981,1166752.031447215,1132263.8041613875,1101686.7012502586,1067233.4648524802,1031332.6330563807,1002969.5298462313,974208.3076785122,948726.8125588399,917221.1920346553,891396.7767452252,866173.1355512014,836919.6756448614,816040.5502305597,789690.1637906495,769806.5030961097,740952.0791391842,720275.6009707669,702682.393925149,684774.5687205931,659612.5131436759,642741.8910749943,621380.8188631223,605185.2919349464,590807.7918386385,567247.6973713554,551912.3849483468,539295.7835447743,521897.08460862545,504873.56041752966,489994.398812823,482134.0472703962,463821.76077361533,443871.72313641524,431008.231465959,421915.1273950677,410815.3231169793,401348.5394470951,392467.88125286874,377164.1498091242,365706.5329971047,355319.928431042,345846.2520068864,331647.15571918804,322731.74233068,312067.5701595455,302836.93201322295,295143.7503822068,286744.73833269416,274773.75426929386,272034.54132321826,266054.1576422687,253882.40432758603,249867.85410984664,237752.99290268566,232167.52912885215,226627.590782235,216646.28026429436,208525.46548269826,207192.3804030026,203382.541374228,193431.1985774504,190152.49978688802,189887.98058968948,178562.40669097277,176891.39988862321,170336.97963512214,166886.58396148172,162032.9036153136,154380.6167061865,150853.29823531443,148124.56438336594,137770.96248473576,137184.42752576087,132488.27264640192,128579.33578549695,128436.05784790358,117197.44324198639,114536.54326282172,118979.32178304209,111963.41625106324,106881.38971796719,103190.32711019898,102145.61812685143,99663.83802130008,95798.26235297116,92048.8109171774,90666.28121641405,86970.3734277505,85630.2958084175,86237.07614503821,82130.12874661825,74121.8058002768,73080.81256823681,75419.55096951839,68017.38245609065,68095.02716561509,64180.558476901286,66202.04743360824,62969.286323830725,60762.547304575426,56370.66046817612,54590.745719178776,55090.37009631939,51396.47977892179,54122.8401338797,50783.63085434177,52139.23851813876,43911.72797420746,45232.24404376545
mock_0121,DLR_PAR,5029025.351347456,3483.7379684785897,93393.68383176427,3.163941956531133,1,0.06653622627596373,0,1,1983582.1441678766,1926410.823854569,1867246.8804992621,1819100.3720705651,1763672.207378322,1713621.352168194,1661586.1190864095,1612146.4180970704,1562468.7428236988,1519275.243306624,1470278.018359559,1431219.4554106097,1386091.3232400827,1345891.3575123753,1308877.9737321497,1270729.406131187,1233967.8158789389,1200309.7911088674,1162376.283663452,1123402.2599794697,1089960.420879879,1061773.4468404246,1027486.6778017364,999746.0118391752,973745.0170699087,944477.8793996876,915332.322775969,890133.2939537468,859591.7833270263,832795.9666759914,811574.0082522051,791288.0054656051,761425.6589241996,744511.8650578494,720890.5286878828,696293.4200821933,676497.0995005406,658664.1529947061,636749.5809442349,626870.4280197743,597078.0354092992,587367.4430739223,562645.42266003,557192.9323280236,533966.4131060025,521431.50848272064,505175.3796348833,491104.73281803593,474891.4465490468,461171.4757612239,449793.38994089124,433826.07052366144,419995.4623487078,410047.7874836008,395780.1824594594,386852.80792349344,374546.60971520445,363544.2078551453,355328.7802084823,342715.4019606559,335593.93986999005,321641.3162193511,321388.9927173432,316048.4106842523,308330.45454784285,304452.5529902677,309110.9740562863,307231.83242947585,308385.23072313104,307915.8836100497,308506.97319294506,308969.13566938764,303287.3412008778,297147.41684252105,297993.06301579275,289758.94605291745,283095.95704813977,278702.8549697666,274843.50149812194,266662.56219451345,259770.50421974354,254929.3685945096,248251.86614964064,244710.17219671226,237913.48692777785,237636.48297884202,227412.9105651622,225955.1055486543,220931.74625816513,221606.67090297275,211460.48883105416,208575.28213776264,207999.64639091044,199381.120555846,193351.5612349862,196338.47396317197,188025.301738325,188205.31445225046,186019.07508630588,182521.3127161075,179657.99539488246,178227.37351593623,172112.1249771354,172673.81183268334,166286.20391999403,166221.48770321888,162154.959906707,155837.94987066116,161974.85877543414,151883.9332235355,151769.42040650148,148156.85251666207,148502.8977468078,144022.28488991444,140020.57866710756,139554.3433215364,142827.11734983412,136322.37031702584,130976.46194176436,135512.97692339442,128308.78301615013,129388.40596987076,130373.3157225172,129927.35474791782,127868.26276620218,124771.18143070082,122546.26094729717,123799.24115085322
mock_0122,DLR_PAR,5053034.924164131,3485.406003244285,93869.5432963738,3.2116000926938493,1,0.0665628823001106,0,1,1995217.1519326419,1939873.652464007,1877599.5232265764,1822610.4134414934,1774508.0436361504,1722240.34633972,1670083.7753362914,1622022.9579033642,1573313.6032718413,1526613.4563341816,1481318.0192396538,1435416.0217446622,1394867.309297315,1351017.3817046918,1311314.6831191992,1274269.574284344,1243108.0339174028,1205907.260715588,1166573.0716294113,1131253.0746600216,1098309.3846459757,1067429.75196201,1034902.579718316,1006155.0247744116,978596.9931343332,948810.0756728756,923234.6918049273,895335.9519124314,866107.1122328062,843476.5273094574,816653.606641469,791464.8691868163,767516.7376595859,752175.0203693701,721214.9833712104,701000.9186398269,679135.8536186991,660827.0559698571,647172.6106429384,627023.2497534024,605355.8761226487,588864.166568249,569936.7988963248,553804.4151801342,538997.0968997349,523425.02647517814,500704.811266941,490151.42661441414,478941.92826605134,465528.98614077375,446453.94769310585,437566.88293036877,423419.35957124253,413101.63861536613,400138.70600210637,389389.20725958643,374837.7185093622,365944.4632017847,352939.9889670344,348342.19289543875,339812.32444854267,326938.0579330399,320950.08418239356,314660.78178872174,305906.9601781795,301085.1175550499,304389.3701308848,307930.8771103952,312017.21716242505,308546.45873566397,312187.85671473335,306678.7820895416,304553.74228593457,299889.9084992952,293348.4097222429,290245.1263494163,288325.6257262368,278542.8087504723,269388.1672211136,262115.74634622986,263014.4695870815,258987.97517374982,253158.7733600797,246909.5307659677,237372.30039230833,230879.40236714296,230164.2535880267,221042.95493326787,222123.0833105207,219516.66367507708,216490.28397537343,208296.88433872326,209452.7694719857,199938.44266668643,201275.6454313351,197682.63298923455,193478.31388306362,186434.67511934522,182252.15123178906,178388.4910920341,174174.44579276277,177660.3658849249,172415.7874951526,165925.76087884628,166954.03918863542,166081.47754375412,158902.837933293,158834.01122276727,158588.3572382675,155854.02418770676,153182.006058486,146881.2954558388,144089.1980035716,148918.2334697348,145408.49374823485,139884.94972461654,142028.81839189708,137851.5245360363,136567.98376983806,128496.56926398815,132398.93102512803,132818.7271521185,127838.36166809397,127427.29675737405,121508.25102672965,124572.96852474363,117367.44939108254,125468.04605092286
mock_0123,DLR_PAR,3237003.0664555747,3484.4585238089353,53260.41443434817,3.1845292516838706,1,0.055795799632937154,0,1,1280428.2398210438,1244006.1061617814,1203368.8914145106,1174035.1500967052,1137062.6907542872,1101016.864760795,1067656.5945435285,1039623.7672358194,1006457.7944299952,977908.8855021816,948965.312779168,919023.2784968582,893489.0796508779,870196.1589307269,841262.5825287179,817703.2111657882,794235.8358694159,767787.4192097234,751839.0205143293,724880.6835764596,708049.4754314163,688294.643187916,662592.7883906538,640767.986205952,620795.6818272482,610738.1361994224,586689.7373950756,572848.8567145693,551397.655284867,536539.6643511925,521760.3550684552,506224.08143118815,496410.3033040306,479419.5207975159,466103.8776423536,446728.23017473525,427660.27342913963,422180.99028228456,415581.636221606,404064.8990888329,384902.57599141804,379145.3581575065,367961.6971685621,358528.70255545,347743.6089435053,336509.8290495768,324129.7185135474,319057.04843492043,308086.4865951433,300216.0337007178,296339.09956587333,283212.8851819112,275772.3540827165,271791.98262611154,265466.4769032501,264270.0928521699,264067.3863198073,262522.9619238483,257518.01980575084,251973.5236881415,254698.350505299,247728.37130942597,243364.59846810898,237223.3250765427,228636.2116052606,228657.27938127136,224038.01934143796,215704.61739732095,217667.20868450962,201907.55128767536,203729.22990774526,201737.10386042678,192538.51277315454,192915.27680866493,185261.72415413402,177797.84262769148,177918.95783912955,175604.1691775485,172764.9881438025,164815.9746838347,161871.99605475075,158881.12959937524,157538.0197411259,152534.82056640045,145254.55258636086,148478.20239975004,141439.64802389505,144695.53971160576,135934.7124778566,135367.75876486214,126259.6935916636,129125.7136205452,128882.59100184598,120283.81078771861,121653.11534341548,121109.67447892507,117262.56470984193,113086.9891295637,114918.50841148189,108276.01663910707,108637.78558835553,109374.01342150096,104871.00523531206,104446.28685331103,101320.2395211359,97135.04628944099,95529.80894246059,94003.01666471643,93958.33296897945,91033.69992575886,92724.58847956404,88109.4508972396,88969.47068790234,88032.03287782804,87752.88361891951,88222.4687703848,81101.2429055465,80453.01051680981,81134.35721102305,79974.77850133456,75331.90293148537,81344.36117331008,74796.553137414,80670.19410659651,80963.07641346066,79977.08852465026,70064.54556873401,73518.77363278165
mock_0124,DLR_PAR,4029239.22257706,3483.8547191847915,98742.05440720785,3.1672776909940397,1,0.08675115600452246,0,1,1590145.0963427417,1546669.1951019785,1496380.631594633,1455313.165401532,1410922.3177044406,1371644.5690229984,1330953.3350793803,1289069.759848389,1251353.5978940811,1215380.3113590728,1180268.6071762627,1147647.3710412767,1116847.0610725335,1077449.1420481694,1047200.8525301432,1021532.5528080524,986807.1182797842,956450.300864286,934182.2839999669,904196.3175625406,882137.4264375727,848843.8051826585,826812.3697047966,801511.0128937091,773774.3951671574,755069.4086381278,734850.5479631947,709270.1325681021,692700.0002395463,674132.8283039507,650505.206168076,636406.8665158846,613921.0242855146,594800.8349635656,582315.6153188889,563902.6033938887,542741.9172607871,527236.0298686331,512502.1199927765,498964.1694265849,483666.3901385968,468792.00354657456,458490.2744019512,446109.29755831405,427846.35961492424,417078.9063598241,409373.31755474664,389305.7657854061,381097.9138522957,365828.5231043614,358403.67581623956,347714.6885463738,340492.43199147354,328695.1370445547,314684.57171969145,310554.21923978743,298466.1230610057,290882.57592354505,283806.6752962934,279021.21720604395,262069.87403138488,257299.23904141976,247281.13720649402,240424.68748333413,235258.5361416613,229510.9747252269,220944.86045056226,215600.4598792051,210650.34237969504,201037.3056097735,199162.69282965723,196343.3027763957,185492.87361611103,179900.043734776,179376.95988971597,170323.513673541,167363.25138331554,160374.26316582222,156044.42932837518,150631.45510052564,146647.85627157235,145629.84906357294,144107.37253141543,134575.3874111353,138584.4962405141,141350.33325658945,138033.26402592362,150500.69237885057,151455.33718614187,165163.18765973608,164091.5661738562,171968.15131530096,173603.52621455945,175096.63872507814,171962.05842136074,169251.30534963962,171770.77617976762,170615.90339088073,166556.80859589833,164431.53868230883,154712.67989397832,161968.5096771198,155229.71799076413,154830.59388863758,153920.10303582702,145796.56907348565,151238.78383267796,148733.50160164692,142725.6141778385,142477.95079018924,138832.35606985216,135609.28168951202,143123.5987275844,133060.9338406077,136877.44916716602,133937.67879318117,130110.28498255221,132473.36415209435,131887.47460637812,127175.02648213544,126676.29610091471,123846.22940511613,119573.70035225552,125909.14916641424,124711.27532612365,119446.05927269119,121115.27494963186,115000.20396237793
mock_0125,DLR_PAR,4610915.556393036,3482.3598765090856,56141.046429040376,3.1245679002595814,0,nan,0,1,1819251.9200711672,1768501.1245466738,1713488.1884344656,1663757.7154893607,1614799.5160785478,1566758.3119713573,1523376.7988057935,1477623.123267634,1434130.5651305318,1393593.891186668,1350901.409472604,1310695.5038659656,1275384.3059236165,1236165.5112383314,1194496.553349897,1157516.3979470152,1130717.8900337524,1098636.082012275,1061969.2929001148,1031392.2999340283,1002504.1382283737,979687.8610121515,946221.9430114317,917456.5052318827,895221.0037362536,865198.2686205078,840720.2056004514,812246.3506485361,794293.7280038657,767436.9499941681,743941.6536909967,723369.8380922507,704389.7993111999,683406.0126515955,660703.1594099972,644848.655533539,622991.1925520658,607341.4336597917,588289.2364514791,567855.9426499023,551131.1673637833,532455.9453721633,525271.6187033963,507771.36685360054,489680.0361333808,477021.09914243326,465934.342286814,450278.9667524494,438488.8606469147,422524.300445379,411057.96041264356,394451.46629825514,388330.0325355686,373244.32665774075,363182.0120608647,352759.8846871429,342570.4971069936,330882.7205547394,322259.4867408215,312621.7705736864,308200.6047383785,293105.1331083863,285847.4512970136,278434.40592353925,263692.2571773746,260390.3877990984,255966.0822897175,249298.41679367507,239095.94029827084,234664.27992790806,229333.33260368265,221799.9307332902,218479.01519705894,207352.80096868327,201586.04725846494,194483.9391212271,189669.83845122947,179320.89052047028,179256.60957859963,172784.68204988996,167613.53119943407,165154.1770284544,157032.58360556708,156024.38481729158,148952.9175766192,147677.97418464773,140327.46924550703,133276.38198590933,130762.5165118045,127757.34472935832,123987.5058513017,121616.79991516174,120111.22090896094,112125.0691486269,110135.01177580153,105602.41612703077,105807.56338248469,99785.91420281606,98778.67197835285,93202.0138535928,92508.20415399222,91174.51771197145,85041.62071881608,86468.29391196324,82895.8221263046,81422.99505123295,77260.76517955924,74462.51034328649,74027.42444736842,68157.87043821652,66384.39674942062,68355.53825806532,65565.05107663063,60967.33182024429,66842.66017374296,59306.60491914901,53551.63718262129,55172.62065346998,54657.61551773191,51347.376418599124,47812.806501204424,48608.51023840971,49265.061087849215,45202.36992231588,47524.885597871864,40797.908689744705,46789.71078023261,43783.84546875162
mock_0126,DLR_PAR,2377417.0324566863,3488.2225678324626,84137.52075477641,3.2920733666417843,1,0.10620269806798806,0,1,935509.2563202654,906506.8278377764,878632.2722733723,855776.1955465501,833426.5230322145,806924.9688803656,784326.5778819798,762213.4341103975,739029.8954790585,719915.857371902,697188.079604773,675723.67997287,660038.4533314669,632555.221692064,617505.7483247678,601726.9378545491,581378.9910689454,565493.3188568933,547630.6664515784,529140.7417162481,518970.9421095435,502059.9281483114,483595.7742287946,468097.6238251963,459767.51825402497,443627.6948277893,429029.50188486686,417482.6436849836,410094.20298103953,397789.7539574649,388762.928503848,375816.8856929436,363460.4412513616,351938.83502620924,344855.0158001538,330812.982261019,320865.22649891494,308415.12502963527,305296.0855962674,293390.6531220256,288570.9861022575,278187.92769280495,266864.1182843525,259729.0129243653,257619.39274707896,249846.12774793585,238718.99375082686,230898.44150716686,220201.9065543369,214113.6754232064,212580.21208026225,210841.54524006537,203684.1420586749,193442.30710734474,189886.57892030012,183264.9175623479,180252.99600830366,170802.88727208987,168292.87346664557,162335.51369409182,156773.52528887297,157609.88711951437,147213.30128380642,145660.64372939535,135826.20986401197,133533.3688913722,135110.08739042294,130839.31033009323,122070.29422759869,118191.91203043229,114460.46962835305,109972.73390686286,109154.39382701031,109835.1182174948,102781.46633184627,102088.81234813195,95822.95366494136,92200.48260611761,90692.39875795791,82455.62297074431,85207.16623772636,84336.40001321779,75367.40126714355,73707.54857112342,71833.28575278756,74559.99769509077,76110.2250889736,68945.98426057266,67780.23052508562,66281.26045565355,69315.78773065002,65131.00389232413,58851.11982816537,57860.883299232315,58614.455981351355,56764.156160019076,53196.55912154641,53589.613202656044,54296.51695673491,51677.11498071604,50625.63899222587,45133.89569819711,45125.30192997148,42729.04426188122,48925.05460353583,50106.18605800295,55477.34460756956,63736.51901106345,67114.829272317,74655.7284247121,82348.82637718946,83516.82243348446,90344.79862155778,93281.4016453439,95549.72011579391,99111.52630532967,98921.62586192193,93945.60569208415,93190.60051679301,99123.40440668439,90799.55130635698,88616.2121114928,96338.15762617161,92473.84785680275,95577.50602868474,92325.9579835716,91243.28905111678,90036.36331518694
mock_0127,DLR_PAR,2355038.7670212546,3486.903961091597,83717.41992536413,3.254398888331346,1,0.10639724573288004,0,1,931030.7555962456,901136.4079572154,878363.1338178405,846246.1573442548,823434.315067383,801496.5331549814,780102.1996115809,754536.3553953522,733871.8832892346,710170.9017751688,692187.2800303213,671056.624258921,648387.9877130924,631142.3910233831,613310.8199711877,598028.4347481326,574136.8264761871,558313.7454992878,545117.3344713522,528237.2660448711,512646.4780989789,501633.19147581345,482920.88735338766,468840.38423826033,454505.11315744004,440550.28669884434,431198.728455875,413927.11387538776,405653.84630817664,394891.1933605019,383976.9622655333,374188.73908807524,359377.1138172207,345611.3966634838,336393.27229866956,328830.15256036056,316876.7047116631,305797.68811764586,302513.37440984754,297324.32045667194,286680.59280129604,270939.612763699,270067.66152022954,258157.58307220717,252108.39818231366,244565.54098947166,234485.4142343418,229423.00281704962,221148.17871711115,212796.67795732807,213082.02851707203,208933.6394200017,199659.32644318277,190460.27421110956,189451.09875251012,179428.2142883603,177408.31482554917,175211.6990788971,164589.59934875392,159489.8740790397,155038.26657467295,152606.62634981607,145528.92494989192,140632.4133587626,140988.10896261907,137536.46753236838,129086.39568993663,125961.14837453455,120574.48495300802,116457.5625508331,118072.2104202438,113997.09176304439,113044.21427602922,103051.86803858343,106296.15522984682,95682.15090347167,93983.22091074087,94799.07158098446,92339.95496212307,86428.70344518716,83988.6664929549,80859.6464109683,79432.23660385609,78882.21510674772,74938.96202428263,68572.12934253394,71408.18193501237,67432.79594713937,68728.76590068397,63934.38335987428,62480.95176603446,58556.26538718456,55033.97421244573,57484.97107087421,54109.22598172128,56179.47593520862,57412.72609054677,50892.89388348239,49708.36295140469,46046.90799561199,47801.387286719764,43796.76522557537,44708.88304667242,49963.66295961419,46777.108266147836,49337.91434868448,51978.528655579226,61068.06858463519,63147.54572876121,71923.92755935245,83883.8855272351,85242.58461336837,86403.27590107101,90231.23543489983,100096.15227436963,96297.73991968349,91700.16777686,97993.32542276366,96184.38215060438,91465.08931620422,99144.04025294438,96131.45695179838,93174.43765306346,92889.45022975173,88155.6752562834,86418.3820080474,89040.68145763173,85683.94400848611
mock_0128,DLR_PAR,2985776.3048326797,3482.9158302691153,83591.25891558695,3.140452293403301,1,0.09463591848563849,0,1,1182122.2947812732,1141562.1826802546,1112306.3019469546,1077739.727660541,1044974.5474802979,1013911.5739134721,985919.4145830624,953516.4096860095,930662.2385030269,904674.3578119655,879375.6608504753,849344.4236005534,828312.1892775054,803139.1963516546,776384.6583862222,753173.4023056657,734431.3162249369,707822.0925526683,696554.1358936623,666956.0717950222,649225.1970680668,627376.5600530547,607244.7013337048,596393.3678247103,574940.5080101507,555857.1847890095,541742.2630312013,528152.4831980739,513697.1436874398,498203.22561302676,483679.52294162544,465702.2276765898,458013.73596725706,437232.4928636723,427431.4464202128,412599.78545467474,403669.4432145812,395640.4284641865,378484.1849906971,366398.2117845356,357934.5171053155,351216.48035127297,340538.65149429574,326216.2045126514,316774.71221492084,305538.623871601,296234.69400361186,289406.5900599807,281560.9511821371,274066.1624804266,264650.2738583105,258615.06333604958,253602.24183975745,243345.21507283452,236713.52884718898,228573.94055847873,221872.7440549578,215554.30947018473,206282.97629136813,203336.36192695168,197586.103089743,191345.08615819676,183022.3449416375,182428.29079784546,174745.37819282943,169618.2968697653,166830.46881117707,157070.57695395075,156131.4483421751,152453.5481167181,148726.01457342107,141823.48291770785,138047.4751418927,131436.00775005843,127883.29323016238,130090.74019953936,117673.83413878044,120669.66118813319,114701.39779395553,111388.54988463964,109535.17172409089,111588.93068285368,107062.62810629435,94889.16937325177,97581.14890467995,88656.21114412077,88937.29785516387,89646.03751437704,88158.20090442355,83946.84291633136,83777.36987861202,81000.08289059662,81107.9109857409,82060.80068221371,83179.44962635754,94585.42038721807,99394.34613620622,110688.69068494675,109196.8636683301,117050.05253975505,121767.4852716576,122582.97449028802,128527.78170383826,122176.91759334499,118914.65203720327,113006.0475139373,115732.31856441002,119133.54879451745,115237.1496683444,110230.67844605011,112348.61179944109,110907.20586700342,112271.09541359777,110818.935152825,104394.8877102944,107402.4736241689,106868.7264851919,106310.5458672341,102753.20037828811,104101.44110007364,104406.07300301401,96875.23196223738,102031.33343326257,102466.72422734191,96556.47655730986,97785.50249143818,97060.91030602722,97359.41482131444
mock_0129,DLR_PAR,3103586.609477697,3487.165214850221,83844.74723832923,3.261863281434887,1,0.09262539511251211,0,1,1226720.7518842097,1190034.1429903193,1154123.5694406468,1121939.8094200457,1086643.5493052895,1062130.4535940154,1021429.4835997253,994261.8768729568,965758.653629912,937991.5253264074,905469.2188878966,879537.0754999404,858141.9669763002,831672.6128507634,810395.1995293353,785624.3604284785,761313.6686954856,737103.6739078405,716871.5504363483,700489.9366101773,681034.5704741223,657999.6744773022,638728.2629412854,618998.8269900326,598355.4524820632,582757.5621158422,569299.5514971686,550323.0830037795,531770.4906946018,512422.17818569514,502667.96713822027,486875.07500386675,474555.9569644212,459442.5310810817,442920.6262673606,435266.3282116837,421453.28670539777,411628.15421986394,395299.7427301604,380039.087984589,374002.8948277171,362861.0007017665,351267.7997482368,342961.21661908604,328807.0398232529,319152.4459352235,312127.39985773666,302454.908141406,290069.0405766544,286970.0546436797,273288.95111219835,263399.8960906448,258468.55145733908,254151.8480961833,245804.60726534302,239615.6095058167,233433.29969138096,226534.92650082926,215335.46274242498,212661.95998196877,207020.05938053175,197824.67477520203,190751.6783938498,185744.08175631613,182763.85432421925,177332.58729484616,172538.76079650942,166166.38272604966,161914.1680784191,153445.13800394087,149132.44105113903,149620.86141899886,146386.02748161246,141111.121175649,135739.038433722,129813.43765709468,125178.16415032891,127905.24290608923,122356.17766675555,113518.5084788288,114607.09949525874,107643.85888175048,108093.45143249736,96120.84911032893,101072.10622605347,102047.52000182791,93391.68710943792,87716.79583001096,93153.59587514806,86355.3798971653,87997.66363774416,92832.71064181547,97890.76223975304,101111.13260259028,105652.2842749117,113862.23485021324,117216.6101055817,122818.2332392983,122754.64780033106,130209.21367660373,126522.31036344467,129018.32306944967,133905.31600489854,125049.49505578901,121848.41500812107,120375.89561562157,120566.98097222403,120792.06042760299,119899.13268801931,111674.26699031732,116789.12288922067,115727.17183206037,113510.78205380982,113937.1049038137,107973.74923678969,110527.27076488244,110026.69824029677,101695.99677765887,103629.72893984307,100171.15510080742,102755.58334950835,104123.72204436728,100430.40120275419,100303.77668988712,98132.3514760498,99533.65987089208,97983.66669371114,95553.22195983428
mock_0130,DLR_PAR,4722134.821648765,3487.5516235805626,85748.89003089738,3.2729035308732235,1,0.06464252224234898,0,1,1860883.687488094,1809978.5242209325,1757215.349652382,1700921.723969249,1654536.612006658,1603039.7759145135,1561406.3456415012,1509496.0549632185,1468168.1501886626,1422651.6834517862,1385689.956252876,1346697.6062797892,1302979.4510142356,1267393.7785247203,1230446.3043839543,1190220.5713572481,1158803.8125725028,1122897.3606779247,1090604.1943645482,1058793.5349632055,1027327.253618998,1000531.0898608329,966996.4576519039,941085.1543811255,912453.5358389778,888245.3430298679,859872.8844243337,835097.1984205421,807064.9084470691,785742.8957976057,764175.9354329342,738132.3550658894,717195.2526558681,699906.6152204144,676335.0756584598,661515.4715494432,636887.4239199535,622455.0496064239,604569.3353983001,585738.007704694,567238.0675218285,550044.856502651,537419.5699070225,517983.9141755493,502479.4278814512,486962.52058944444,474700.66314723017,459454.84829939896,447260.5645335007,431796.9225469292,422591.9065352306,411730.18288024765,398113.05860091356,384473.3935755071,372550.23181477597,360295.14293932245,350569.84945448395,340586.1721137335,329732.4556220325,322691.0110047695,316603.3867264434,311944.9701290694,308513.7114476144,299312.82421279483,298293.17696212284,305673.9780178354,301621.12060762785,303093.5137147647,306415.7681332904,300290.9472896406,299357.10699519864,286874.88820963365,285066.6905455966,281769.21400505,278753.03407273605,271547.577283351,263200.98378233565,255698.13451259595,257373.09856075948,246835.28139598705,242227.73074111718,236873.1191782581,232514.67432556563,224984.28824942745,222446.7716482722,215516.014696468,214239.40596139964,212422.13068444573,208437.9429336556,204054.94025179543,200588.77256337687,194850.5341630421,191238.17322428504,188409.00020193245,184100.63196948508,185635.9248273023,175033.98492683316,172508.26349321892,172531.41776905456,167317.84837201843,165339.9674535857,160789.96382039075,157157.4344178772,156062.84367120502,155066.93946645292,150346.1892243143,147574.81467923196,148561.93073698928,142286.6403857144,143981.89623927244,147044.79581341732,137942.12189661132,135801.4323227946,134815.3866900121,132671.1702225763,129507.79998494088,132971.47651473447,126367.96098395997,125076.81139227553,118934.68793369342,122359.80048797849,119343.26442847328,119650.44982907963,117751.788458625,116352.65332406107,113597.25511292185,110791.18444402012,111520.57591898095
mock_0131,DLR_PAR,4101864.038584671,3484.155367588548,72128.61875714872,3.175867645387083,1,0.061853445007553194,0,1,1617372.3113301299,1571777.5577171545,1524194.8371333783,1475828.2270532032,1437938.0399226742,1394414.6582658514,1359959.9190297688,1316425.1089564713,1275569.4951187638,1242241.512570103,1198777.9458875041,1165086.0545442873,1129181.1073242999,1101097.9235314373,1066823.8333064967,1032103.6573504277,1000789.7069779274,973999.1461673024,952335.4312732394,921556.7050358381,893673.8978566632,865831.7809751051,842292.4666348392,815676.7016465816,790186.0562131451,771675.2835371518,746988.7835818741,726705.1103338226,699694.6569090158,685131.10981275,666112.4422309134,640561.3587002801,623140.8165351049,605180.4775140351,585053.5532465398,571074.8452846636,557351.9898261477,536932.5916300238,521470.83765500574,502728.867487516,493705.8493517681,473528.8994558884,465981.9770900661,449467.10454688006,438321.09547547676,423141.2087236225,412506.92973179405,397597.1885969463,390173.9972451252,376132.9440957733,366645.5872053145,358101.3733902077,344832.1142023402,332482.0857955446,329360.20115175546,317052.41639145976,308304.1194270844,303299.06452066114,296344.0022349168,286588.87275725626,285496.03076306166,285386.7794970765,283158.1508712976,281959.4743618133,284578.4287756669,280778.311489962,281093.1297661466,273838.50415936025,269324.1803784298,265936.9890796219,256124.2757702373,250224.08298393796,247835.55058757128,243123.09535708584,238166.06608187393,233191.10066581046,225358.82050121707,223366.38550604848,219407.28542367902,215674.906425567,206187.04972901693,205179.32296278715,198843.3203671026,195967.5076832288,192811.42472835392,179928.16427736494,181745.70622241622,181663.81033153253,176591.42539026338,181998.6048803749,166986.04903567015,168604.16927216866,161706.7468679511,161199.0649505343,155498.12005452474,151139.72210108358,152866.7063777231,148875.6705249016,149285.85430876515,147028.43733184994,142168.06456362983,140867.36177975015,137328.4235876853,137137.94954329592,133124.58034157546,133125.6053467152,126294.58483797114,122682.95215348648,126486.501821746,122123.7328499778,121166.41088248472,115579.74223835158,117561.92320240695,115625.88992071539,113782.1474557271,112405.3685035127,109412.77057139672,110385.16296740755,107152.12762208698,102933.56297072029,106705.99866984859,104867.5390260608,102573.04987701884,100995.11507354135,104391.33676442032,97585.04754430735,97025.23852223752,98466.18396160963
mock_0132,DLR_PAR,5029040.339287793,3484.425181111653,99501.58485932025,3.183576603190082,1,0.07165941339610807,0,1,1985052.3191116548,1926166.8333016897,1872269.5972617476,1815064.9645600924,1762474.5896728775,1710762.2758026859,1660388.9312498253,1613681.2809365722,1568161.5539029357,1519852.7634182465,1474767.0471725513,1430314.1540803565,1385911.5041790502,1347326.4272246857,1307693.0858917225,1273179.3956063713,1230600.2977158749,1195341.9610160207,1163734.4422164876,1126580.5259975744,1094422.5866153485,1061222.26430754,1033124.8964972086,1000108.5362222217,968466.4952288596,943615.1318067281,921261.4333030424,885447.762853157,858401.4338722392,837733.6952941621,805667.2963240932,790478.6090653825,768475.5913735862,739598.1314553707,723071.7119059729,701195.428051081,685511.8800070016,663338.9462208116,641617.1616187581,618698.3192238681,604926.1783998167,583977.0046165881,562211.381952398,551009.7762215066,531578.0122298191,520110.27575216704,504403.0624038964,487764.3178839841,475623.3645437077,461890.7641065536,450360.79530214384,427048.21214480355,416794.5975396378,409073.322644101,396084.3025383963,385752.02077111136,372785.22228561476,358538.1241122402,358519.3364249575,343760.2227949385,329023.2704281996,326788.0423418251,315526.77986318537,301439.76222980546,298047.26914822723,287306.4178254224,278467.2192834657,269640.3064944574,266968.8209893157,262666.95190439787,262524.1610147911,260832.26360472752,267521.10287197534,274781.74882973783,278240.62503979326,274641.39469372836,277182.4159078911,277147.62927539484,273652.42435446236,268130.67037248606,266808.91822296055,254854.2238807719,254586.40325225447,251771.66864842275,244307.21344568423,238553.59950832993,235752.62686878606,233265.66660398192,223738.43520774168,221812.8357187786,218621.4571718036,215955.88605101907,213068.19396153526,203212.49537056196,198604.98778892632,202057.5544751445,196203.17596488583,198297.57807893454,188466.8758157811,184342.25829239117,182023.8267176204,177428.23016254368,177321.11818543856,171656.94906058468,169127.5746566245,168634.92921914262,165039.41072549784,166808.93250440797,161268.1618959653,157236.55785464472,152617.83081938338,150531.2663798043,154638.5540107808,147430.46631997146,144088.99631257373,145748.3302711645,138829.72196561506,144282.57170610622,141677.9752729848,141960.49679750658,139685.25923799106,134643.882756933,130729.98185933585,133740.08439090286,131733.60560879708,126410.87567656435,124737.28775346321,126135.6987126561
mock_0133,DLR_PAR,2829023.8356071305,3483.4378928296696,58258.45856149315,3.1553683665619863,1,0.07473218390145703,0,1,1117622.3871285522,1083078.694058811,1050506.7467652103,1014498.0060099765,992717.6555959362,963952.9140597258,935218.6082489173,906358.1157829806,879987.3062210645,856428.9065775828,833038.6276064287,804923.3714944883,781351.5596070604,759571.3591792099,734202.1332842055,713369.6179914321,690191.156786269,674730.5941844787,652053.5899507285,633036.8958693678,612534.004267818,597291.0989373666,583178.6057124917,564053.4776247346,546510.4636341335,527693.7438098006,511744.7830645772,497814.9679447426,488125.8773195742,469822.1862980234,450402.72277246893,437083.58271138417,432868.13990052947,421694.46722248255,407160.46379535523,396462.32483336737,379022.58515290316,368814.2438047582,359908.59267436725,350340.98529855534,340236.3830356693,333782.5272202105,317952.56324425986,310819.26728404337,301502.91006455163,288018.02172181715,281945.1787145551,277116.9907505369,267304.71631364076,259932.2456786204,249555.4503806549,247491.66004190268,236075.50774532394,227348.16680610052,222026.35380488183,217207.93846771898,207942.54102344209,205129.19666699352,198910.8343517187,190164.51438708225,186837.27944038316,183348.0291526555,176603.0510992406,176509.5328570375,165818.06061042714,162731.71008735237,159470.86611891523,152880.05549897524,145925.87091295986,142309.51323636444,141553.36025226905,135938.7011796872,138969.24872387026,132595.96133129497,136301.15482241835,139602.56939136382,146225.49132901433,143304.8813723084,145678.81136223127,144548.0758277159,147272.68003983848,144354.11656820885,148647.591968761,141477.5431763936,139315.91244976682,138486.93076356102,138791.7532164402,132065.45925603659,129671.6962429728,128408.9019375267,122141.35059852719,122549.31563835584,120369.58980345224,114288.10767073797,118878.7399560416,112320.24401094063,112289.7395602042,107846.20986640397,111291.29499766373,105066.35473885975,104925.70140292638,102980.34379052519,98943.12935401077,101384.37280847778,100071.37168364027,97502.0045230189,98968.45991869517,98027.14765551906,96950.28722039278,97852.45893859594,91738.65729833448,89311.75220508137,87284.87906489782,86326.83714793436,84574.53439586432,86344.64216312896,82396.53863899293,83184.22967417221,85367.24804843964,81728.58824134905,79525.34786349909,76883.82819929816,77723.65806513025,79997.81061722247,74223.0486102592,78592.2283005097,74386.51446952323,75497.14852905602
mock_0134,DLR_PAR,2589833.9193987343,3481.6414652702715,64922.85187295517,3.1040418648649015,1,0.08816903510456776,0,1,1020104.7176884866,990316.3217329317,963271.3695786659,945718.5814495727,905328.8902382706,884856.0159382238,855512.2431730073,830099.37398638,807597.3130610477,781192.5634722334,761078.365874444,734665.1948599995,714005.1022948788,692464.7058223841,676058.1990417943,656838.5082119611,633574.285462207,617394.0620159995,601589.7404582909,583122.963489742,564238.9931273999,548996.2572061276,531061.1656146337,516574.9494492681,501524.4384297322,484506.45274558704,468680.70494546887,462257.35504397994,445781.164243299,432607.71231630415,419540.81734387606,402689.91200721683,393237.9152161598,387653.18881244544,369881.1005624397,360687.05573186325,347113.77073884866,340521.8851493594,328676.25607168884,323895.86509332375,308064.24254965706,301965.3052802005,289517.1907491641,284155.2177582942,274429.7430755103,265823.52506584034,259026.59763104544,256802.58566395013,241719.9143203124,239263.50725264117,228972.74340415365,221549.31252948818,219365.47480917905,210202.37863026152,208990.76363918744,199748.9873386805,195427.000995332,190633.0341942508,182911.5830178123,177891.01510960804,171095.39547964348,167710.3484098634,161147.08740418093,151946.01263836672,156852.4046751753,146522.67578031312,146007.11041007878,141977.85813922988,133856.9777336751,130269.48057410601,122737.38649906134,121391.79189974739,119598.75840198711,116902.67817203324,110407.87901775447,106529.98349170484,106890.43539291981,103544.72992505203,102677.15352721106,95551.1022840827,90196.98634449876,90600.10252230531,89461.2543658154,91318.83118450492,87387.18680977383,82366.25127950346,88607.75317646236,88997.4270279227,93628.09234765143,96314.09388186558,96525.52013538819,108366.64618940568,107641.25693822782,113455.60911977333,113162.77500327275,113213.89524075673,110793.90115069892,106541.26933005861,111354.4089264895,106184.90188796319,107333.50024053792,103155.65279995232,93768.88448187515,101102.29990346171,100885.07112415592,99080.75170906616,94335.46322781371,92362.1499087723,93904.52212009729,99108.02591034828,92093.73943370435,88663.42883130728,90107.13715012826,87959.97226794998,92027.18424849077,82084.34896167743,85061.41787580319,84515.67965783912,84890.94576883527,77269.69292672341,82184.22577893507,80049.429137356,76852.23530189364,80722.7061509482,83298.93349277816,77292.43764211374,73259.79555158639,73625.68079406444
mock_0135,DLR_PAR,5017549.308171608,3487.2844051848156,55331.36960682614,3.265268719566163,0,nan,0,1,1981521.3352226154,1920213.1109380503,1868562.1529917445,1810320.38697842,1754399.655672623,1709651.1412764718,1652746.7353093012,1608848.3782726878,1560242.3898713305,1516033.2899171112,1471160.290152808,1422923.1888856778,1384874.6834040112,1342174.6871001453,1304201.3905538411,1263076.2569720212,1234457.5127727592,1195737.6154134406,1158428.663432844,1124515.9125289193,1091609.9798645952,1059349.0664780377,1029957.665952772,1001664.7629361824,969044.1538280568,940434.8158144536,913251.0098118496,885151.8219874046,858090.3943695938,840509.0828236646,810505.1036054523,780805.8654958442,760846.0407150136,739887.4458550474,719062.1328539505,696605.7142943527,676444.6807607039,658380.3865337495,635881.6585899105,619386.1565152742,602495.5051522114,581681.2825722521,566202.7291787365,549119.2336894341,531303.3793995716,520155.3653899014,504702.7107268853,481604.33921256196,475241.46513964894,455506.48364647286,443316.65741496877,434267.6051116965,425557.86243481736,409779.5196228619,396313.51719892136,385978.89702405635,371278.810976419,357995.0972475905,351442.92237733793,343805.1162991247,331570.9423637616,323364.13049699424,312248.97472940775,301210.7961375495,292320.58575874526,285180.7047442242,273455.06064887403,271513.86510601494,263494.8440144222,252500.89174795517,244618.78538068844,241384.8696685726,231852.5188428535,227022.91749868722,219788.52734543764,210985.92652420313,203684.8787825377,197130.11962818497,190147.74994111244,190766.25850067186,186010.47723282804,179573.29597429503,171297.2180425425,165931.1108420121,159493.73832299048,156286.75629391283,151170.094035286,151385.39664288855,143310.97115026347,143602.87542787002,133146.0686670986,130381.60436339464,128067.97547819595,121645.44946528864,122589.98913736107,113430.6325201418,115299.16335646977,108319.8614268854,105851.31332848134,100202.18356592351,99091.83962818031,97429.86231425758,93668.65149249196,87949.41085402411,86395.83848482661,85534.62496874385,87846.68197260676,78883.65602175465,81473.11240369877,77241.75192290914,73818.02658189325,71541.41619262821,71266.9310814915,67926.22309108979,65556.6354740141,68589.535138883,63411.774192683486,61579.227074126255,57151.10442924673,56485.66955217596,54326.39970753233,51211.370445219065,53063.584888707934,49681.06820343697,48440.82864570269,43167.79111063892,46618.035280153264,46875.76515050897
mock_0136,DLR_PAR,2968756.414332583,3481.544388371135,93999.1561779668,3.1012682391752855,1,0.10104666223276051,0,1,1168853.973395638,1135049.7749678402,1105377.881199247,1068078.4427394425,1042270.7242547511,1011956.9337924715,979309.4761702585,949159.1928008393,920512.7198030825,893301.9421548113,874660.5945864982,848016.3266747834,817747.9108445202,792475.1454272682,772517.9460489962,749200.8817288919,725007.955936995,705430.3533470946,687311.3903631966,664346.6833866036,649950.8976115397,626394.6426314113,611872.1544905338,590439.4174734018,575050.74642584,556514.9222968692,541114.1676880604,523834.51870540663,507964.20618625445,495282.19669496815,479932.19220813934,465052.676076041,447908.36250022426,441779.73840753373,425471.8525585196,410934.686728898,397795.8116889918,386892.5348227589,383013.3112342517,362358.94819602254,353629.6191358409,347121.4677478015,335111.97387586784,323077.46303876006,317815.2311649235,305503.69327405054,301915.127499501,287953.9232916249,275558.1433416006,274065.76613504335,267645.82362606487,258942.76651774603,250252.79832881942,245394.393866395,238059.5695477294,226416.88919932145,216800.13438883238,215491.29324095344,209436.99887133553,198834.88911418596,192860.31062314633,188021.80540677506,182170.58031785712,182449.92808272765,177943.1139617579,171868.60655874648,165159.66972433124,158630.02434622002,153995.76883280225,148087.43183714175,144051.17625710956,142563.3557943022,139338.7981732801,128787.62191206792,132276.18633753178,123093.70344525843,123025.96545446153,117640.52871804617,118698.61482743973,110754.85358364596,105788.73826803378,104612.91025356937,102400.78512664633,96425.79245717548,94744.66151142174,95131.57775018689,92520.82404382694,87304.57834232254,80965.1285022986,84975.72337336553,81853.45766818816,79447.5187795695,75760.51556807237,74455.6068356602,73243.0789973057,68058.5916243003,69153.33453145393,66863.85401341083,66431.97474259381,65322.12915700205,69382.08359492553,81607.00997271939,84108.79536235574,96815.95551924096,103421.06135249608,105963.56989973936,116295.40301324222,115361.76665106892,122314.36207627012,121366.435850653,121797.0762288018,118570.78098371717,120541.22105351597,120716.64023497757,116693.84031624804,114666.28901531779,118901.3580470236,111374.37431120675,107986.6922050794,112079.36878282987,107623.90059088789,109372.6684121862,108325.56228813277,105688.9907304615,107229.57496005502,103378.44860024884,107600.94446654996,106676.87666923608
mock_0137,DLR_PAR,5274458.003566984,3481.5174382929595,92292.11050149295,3.1004982369416942,1,0.06141810647621307,0,1,2084210.5264338485,2028591.6031331762,1961203.3766193946,1903788.0136535778,1846177.7170754096,1790317.5347485936,1741347.616535904,1693559.2312283204,1644707.1654173906,1594386.2041402347,1549577.2922117738,1501421.36087174,1451207.3129759117,1418301.34179905,1372630.5811829409,1333634.5045975836,1291528.7488074892,1256058.511337297,1218167.195358363,1182761.8257795426,1149124.8391589534,1111134.9529798932,1078597.6163903235,1049573.5263192388,1018826.664374503,990079.9306919035,957199.8062441468,933800.3427630137,905646.4777682847,878959.3152413985,848245.4659165341,828784.3684023995,802008.6469089226,779117.5518473253,756344.158570852,733002.0421116011,714744.2750508663,689450.820864457,672286.7415047707,646416.5452667291,631981.7468815059,612935.4719461716,592180.7373646949,575278.0448838704,563616.2749477789,545590.037696007,524806.2604625911,517524.4634035248,498753.85942921636,479246.1797386252,467868.53475866263,452057.37828344596,445702.61087231425,428146.9633438497,418319.4352180349,406138.419433999,398902.20883774,390345.5168279595,379656.7120022602,370605.7667026143,368529.8525475365,372202.8547952075,367300.8655543972,372135.1895068889,367470.19042037963,361859.919815058,356640.371355222,359112.72452817915,345630.5517644787,339910.73472570826,331536.6265637854,329663.88551402756,318444.6777125749,312774.84981904464,305473.4856545659,298523.94966659474,297655.6212044181,288984.03199712303,278039.02323678625,275152.91457980196,265536.90161225875,260896.98174112523,252566.63727486468,248400.85681188875,246167.4380156655,240687.78264828934,234983.8531010233,234987.30423235954,233133.03191074927,224291.83700131337,219028.2949586885,211577.70813014632,208273.74250468786,205981.76095713195,207083.59945547293,198300.20318430313,193904.20183729022,188985.35367849775,187300.0774294632,183647.28289860257,183518.56673767907,176177.87823097355,178250.7802793599,167629.82755436175,169873.62995103595,164810.95617322068,164596.46823836092,162440.53253767928,156881.99294343844,155558.99743891228,152391.19079023923,152909.67301990034,152158.5142281476,146371.25324654172,149517.47297610107,139100.10890093565,139025.03883636135,136874.80837479726,134407.2305673872,137013.73410081357,137560.7790150119,132542.39367024944,130221.82608711411,131604.28510859556,124939.79054855979,130234.21734871525,125723.8606417734,127573.34018009133
mock_0138,DLR_PAR,4214131.344785662,3486.774886114893,64157.86535511406,3.2507110318540873,1,0.04819013540641255,0,1,1662818.6321050567,1609932.584543264,1570217.53584317,1524187.1619614842,1475697.3941215188,1430524.7732277694,1393764.4348211472,1351911.810212296,1307459.7116172567,1275618.0117395269,1233869.760629851,1202588.7217331915,1162700.5342414335,1132944.765580779,1098068.765868845,1062995.8534883885,1034552.2269023834,1002894.425569669,975158.8065918816,946551.2220288955,915043.6994224029,890706.517290115,870464.9507884206,836952.6004550541,811463.4527117905,792008.2066142309,771261.8625835043,746408.9926506073,724377.1469391359,702569.1414514896,681345.7766327496,659941.9386574404,637494.6413575569,626039.5642055162,604268.0080534512,585355.1148712955,567058.0883686503,555565.8755895729,538263.1140827552,521056.3055361754,505383.76998030517,491749.038980907,481784.3286876675,463195.4954738724,455787.20206824655,443577.912344301,435085.0944745914,429309.96914125496,421101.2213393469,418384.6488070709,414750.7370879782,406410.5755952517,400704.4471106232,392992.81647020864,380419.77213083545,374709.4322025275,368678.5609134359,358697.8838686967,349008.82177414483,339287.26460068027,333240.4015793007,323979.50727048493,315711.319956753,309366.0029894119,299841.27258225356,291945.00551966764,286053.49576362746,278787.70606586436,272581.1292165652,266773.7116771436,256007.37615683654,252994.24801491314,244596.21528374334,244750.35675860656,240956.02249632264,231455.22753699444,226332.60726473996,223488.7075790954,211061.09931239655,211542.5125615751,207582.6614904728,200325.5277247947,199538.76443390123,193285.29539323112,188832.6857101277,187467.20834065272,181255.79142531997,174521.59193494025,173713.0877144025,168259.84186023803,166442.8843549474,162189.52852813728,161041.3361416409,154616.35938635294,153582.53269296396,149727.59817943166,147081.2025235809,144677.81664191137,138870.15065280345,137263.8172879657,139320.63275742732,129360.84599757797,133600.23694660657,128914.26723955625,126806.23972098409,126508.2718327793,124661.36767059816,122626.66289250227,118624.62642117342,118640.40221516084,115066.83527329017,109253.99764749018,110075.43646138244,109971.99257232006,109121.70656430085,105518.27245855467,105039.60877522068,104378.58966821426,103847.47118709784,100668.58309072898,98382.85874684446,100567.91233006876,98239.70173209961,93523.83898224743,95706.19826348539,88036.16558818708,92398.0003486917,87795.02481952921
mock_0139,DLR_PAR,4949687.546880567,3482.659505869743,80139.6367518153,3.1331287391355196,1,0.05426690201473747,0,1,1955249.2138333418,1895397.0329803473,1842486.5414962,1784023.0659884585,1734408.7635019943,1683802.2823184882,1636134.9413458048,1589015.834448355,1540561.639288411,1493490.9049952824,1455196.1829267794,1410355.3838023278,1367344.0633070478,1325123.5306535556,1289321.4399705024,1247608.4486804951,1213919.3570469634,1175299.709736974,1139330.7753979084,1108045.1901857685,1078735.6246855909,1039496.970703722,1015245.4292563528,991639.651908395,958899.805958229,930789.8170011233,900151.2202050611,875145.8587328631,848101.8726225925,819739.0712790851,801360.6935302699,776440.9468898519,754752.6676855116,732006.8952675987,709671.2317847369,690751.808437058,668765.8398036635,650339.6323388551,631569.7809990174,612493.8716309463,593582.1237713537,576786.4730589403,565370.7209318388,543003.2570463797,526565.6481020787,511545.5163167961,499195.19347510353,486837.73960350273,467555.77077844425,458616.2126653166,447028.3278155205,436729.86600367713,428879.397537026,423673.5959673649,419834.54271768866,417607.4615920648,413916.86513483385,410582.4451551692,405050.4927730423,396578.33683910436,390365.20062039554,381880.35287073755,371042.24525071966,366605.34295840724,358698.2644300733,350542.710228239,335487.54976319417,330204.25007054483,320709.9924727988,310060.58751441026,309678.46515452955,301989.9176899566,291189.66000267287,284954.5400868419,283550.1578424511,278589.20913234155,271337.0051951538,255580.474140476,252082.10974624663,251495.26881749812,242399.10954991856,241534.5122302805,236167.80830299476,231039.41482049826,226354.57403106822,217260.76787640556,220571.29671196506,215824.3309648967,207580.51212636847,203025.9373968618,196923.552613133,196805.17828858554,185936.16789507732,188888.00052848723,183436.19283960713,179863.87525714134,178334.27517844283,174251.73756269788,170586.09124676062,171153.33405522563,164074.2403516673,164021.37075298768,160849.1379752439,155974.35656407053,154084.17860953047,153846.55533943794,148273.48786985045,144727.47945107715,148393.7691313412,143479.23472306112,135113.0941227349,138543.22414709776,133176.83151309914,132622.20695795823,131122.53538571086,132121.88950034766,131111.56191548202,127828.38456057587,124206.52442258246,125065.22545604213,118985.79354504994,120537.16785346059,120043.65087878215,116649.22576288556,116067.35177035815,114789.55803901998,110740.43788171056,108270.54753846143
mock_0140,DLR_PAR,2903950.213821824,3483.075140900433,60152.84662609619,3.1450040257266534,1,0.0751719065034056,0,1,1149574.6810622043,1114191.595643878,1082521.752344956,1050158.8616528965,1021118.6102403046,988940.4301225931,955689.4389144591,931754.8911136597,902687.8269417549,873794.154592026,852157.1666447847,822713.8538910967,799944.8425376087,776001.7326839055,756313.7028163511,731936.1186239885,711500.1729123546,691534.5310381938,669355.9691183369,650692.6988231217,630884.0636028035,614677.4623458022,595938.4175436095,576139.8292077055,557692.3447267014,543505.1320678294,528985.0911408574,512494.704845293,494937.70394282695,480404.3659556404,466142.03726117074,456972.68223463936,441559.8560944902,428677.27245331916,418470.55549370835,404529.5838780354,393503.8974935483,378055.23901378113,369484.3847319949,362028.31820776686,349047.95143633144,334574.2078929956,330244.26098501234,317414.1984290861,312888.85007690685,304171.59605522244,291314.0759126065,288007.0140463043,274097.11162903585,262765.2075613951,259493.6867618054,255175.5587850811,245351.91345908475,236997.19629452509,230772.29304876903,222843.9644676452,213628.63646319587,216282.80813371055,207444.9029625289,196779.07518017,192086.73953001466,186529.92205975368,185157.97436425558,174052.92275754348,170712.5850085646,166627.56693654315,155401.86956451138,159680.7998451483,148258.16339023318,149589.84591921142,145648.6717785999,139660.5306775619,137566.68579149843,140503.57695018128,133174.9488412852,144271.6202071231,139327.478261881,140253.83447931058,147855.42594352408,150144.12220581662,151915.28729332366,151843.83234889415,145619.04352405528,142414.28311698348,139874.2301519364,138765.29279021628,139254.191497645,134125.07079907588,136944.49439361106,131889.14442169174,124179.79673640555,125905.23912203716,119977.3163273965,126357.55222124324,115344.7046375008,120497.4048986487,115722.39557248956,114526.42056894505,113698.91350796119,111263.15413620877,103870.81370140979,108317.74855185904,108100.70137646738,96917.91043697417,104665.158816632,99396.91747012042,97184.96026709402,98089.71244253489,98045.0869264311,95767.77736003944,93852.54721868146,91525.83106589255,93074.82757123464,83942.66404021395,89468.83435361789,83439.31475476241,86657.30576164476,85952.54092400007,83013.64604113162,79940.96117730059,77062.69612322462,82319.38267121805,79804.82775492978,77157.3362054773,75222.28078857173,78394.77888055574,73600.73032291768,75362.88532837294
mock_0141,DLR_PAR,5196620.799593691,3485.8865888948562,52675.13299026391,3.2253311112816028,0,nan,0,1,2053186.716328951,1989320.0270280698,1931143.3230031952,1878169.389290522,1819597.2608133676,1769372.8647709244,1714953.9381572336,1657428.5822188447,1617308.320743129,1570779.0341257008,1526106.7670142977,1479396.7524150354,1432786.1312715055,1388597.16473963,1351145.2556720213,1313831.561306256,1273435.7480563845,1238300.8310835643,1196660.3429927216,1165747.450747242,1132547.8409800779,1100135.1251108923,1068423.6569384383,1040380.1548146254,1000593.1566199958,972748.7690296633,949823.5923770426,916188.5335177357,891082.7461694205,869567.3435457634,838561.2481086849,813488.9443910235,790624.7003136044,761109.1483372528,746342.2194946805,724851.3603536845,698461.6472642849,683811.6000219722,661122.2476773171,643800.5206689102,619906.5279958684,607172.6998001441,587790.5910901272,571863.0736859584,554939.8240565839,541585.4364288858,517959.36965942633,502330.4326616663,489792.6966113183,480204.8293968801,462409.2931541591,450560.50397496653,437755.15683096956,423390.06065283687,407697.0894070695,396463.0494739254,389284.9288986502,381192.46863463277,369644.13035586354,354968.99219653883,340686.49672237685,334682.89342642145,322773.60731021024,317574.2702731261,305247.6500548198,295626.6543282141,284419.9126923998,274290.9049534065,269529.86536454206,262868.8536433691,257530.4712890985,249692.92556086846,238927.67295762358,233392.33114448786,226522.20055409282,218908.56008901502,212784.36921340265,206090.38785496264,199663.13465963866,196074.49494418342,193199.42709474944,185801.00899389113,179323.8942020393,175181.9502680043,168594.10763660973,164959.92609352394,156332.8859980454,154465.34033370565,152955.55631634107,141411.51054494266,140624.3874784686,136454.03125880286,135376.7734757192,130051.88497254695,123443.10919328674,120541.85861673184,119205.53329679905,111450.32412917547,115592.81187854121,106433.37675739765,108026.04704525281,101107.33652348127,102429.09359564916,96656.90271893557,90810.861084312,85753.31016197178,86944.29152749703,86754.29835634633,86835.97800998655,79586.26544730189,73896.48605975677,78342.61055538028,70873.1321842221,71165.57172775538,65400.71041490059,66668.38649109328,61195.05236095977,62124.01418337214,60755.86021604128,58066.370648267475,55817.204091338695,55745.20507358914,56339.309478362105,54759.83816354731,51114.828883436196,48800.5472773272,46919.92711600672,45939.38353634901
mock_0142,DLR_PAR,4768352.524544216,3486.5398048115508,53635.281004332086,3.2439944231871634,0,nan,0,1,1880211.9337282544,1831105.8730381564,1772148.5153067294,1722476.1613584813,1671731.7155149435,1619467.3919701201,1571584.5062537654,1530074.155869421,1483637.0974433757,1438618.429475087,1397706.8126073405,1354131.3559093615,1318479.7057141904,1280359.3411808626,1243714.9379476444,1202680.878780887,1171490.4850284455,1132036.831657918,1099521.0565667828,1068625.3031529298,1035798.7255203944,1003902.3341757494,976539.2918925608,947471.3888376135,920572.731209141,896759.3483787607,868499.1849841307,841649.4301515962,818715.4732609071,792160.6024033015,767138.8209341661,750468.3105237964,725532.5296862447,707587.8602593051,689496.8314052304,662754.8603287935,644232.9118081974,623314.4646147377,600853.2379695752,589538.005736769,569881.5656511575,556761.0091255495,534952.9767602388,527066.1335828978,509136.1438162796,492302.28417890304,479122.9825008848,464389.34634936147,447839.50908754556,438102.7156138067,421357.6536773981,412184.6636815583,403287.91674537404,390177.372560068,375723.24865346897,365539.58281146357,355812.0570450729,341900.9326130963,332936.84625536227,324999.24351494544,317297.66027731163,311240.1913758861,295592.4514594031,289160.1524821087,280589.81645403954,270514.95157398464,263568.1654316558,255696.09945842388,247849.8639074508,244815.4005479938,240484.92275749292,225640.32337199687,221778.39971375238,216616.86558191615,209178.24862210662,200873.71340943116,197875.33335911663,190661.25321698756,185730.4865548678,173498.57123232487,173891.96110810497,165756.28843730703,166730.94196635566,157476.71023675145,154921.63234662145,149481.552202856,144014.38728467157,137821.7999650465,138771.08242725278,127336.02313501324,131162.33508953487,123886.98023232055,122736.66342539116,121206.51540498238,113066.1205040278,109732.80885574392,104201.86936275799,102688.09097028337,102186.79067352126,98809.45330201712,93308.75530428786,95189.01216884717,93301.95443494209,86989.56512463513,87144.28387947562,81425.62709611356,79289.58480251554,78173.79302408843,73229.94424352977,72590.41099736514,70512.40605404913,64878.372254406946,65647.81943348004,63352.12949537778,65065.865475871025,62765.10047283018,58674.83637313555,57010.46721660689,59953.8138025768,60652.66603020564,47979.122364608585,52256.67395805967,46425.86072971739,47541.36208828442,41813.019136318,46661.18234054641,47870.93547624943,43869.7837380388
mock_0143,DLR_PAR,3960522.5214554467,3482.5647871126657,94778.37497807166,3.1304224889333074,1,0.08522984636868647,0,1,1561999.8666313256,1514586.1211449562,1475247.187273512,1432605.7129249687,1385861.474365723,1351342.9727848924,1307106.575752788,1270332.885068851,1233978.1053919934,1195824.3306224048,1161748.803369896,1127035.5575157055,1094405.0172720116,1060058.447754694,1032905.5574303315,1003008.5234651178,972198.9164530224,939763.9894894001,915460.7256769047,887189.3664193274,863976.7746028285,833913.8338999458,811808.3618999957,788558.6624363364,766220.801894069,741362.258096429,724521.6985744856,696452.250172077,677546.8407296843,658254.7758951839,637909.5551089202,621422.5637172789,606582.6465236746,584283.588479703,571498.6774729593,555758.678354201,529269.2722373382,519541.7460480367,503646.6739915118,489093.47650863946,476395.70927954314,461274.90867183835,445113.1176021177,433955.8043491564,423696.9185975931,408859.97622447216,395655.8066959606,384375.1611054168,373194.64310287754,361649.2315510911,352743.19764647563,343985.66874318215,336279.14075390145,318440.1883259856,311392.0480533275,304266.080457704,298630.30781999585,287908.7537036398,277807.14476558386,270710.83695629664,260983.9696607021,256144.15719453705,248843.89657632622,237656.23836161528,237674.32812638363,224337.93194803438,216131.70633556592,213574.83068534583,202971.45925567165,197271.54082401854,194943.57432874275,188345.56522037784,186429.1331727861,174996.14289657117,172805.6210914216,173237.33500806903,164029.67987577294,159344.28815051593,152193.89309007462,149024.0147013195,146171.60403900954,143049.28204627003,146735.05900475057,147779.42592153026,139670.02100979292,148136.30031582605,153078.37369020874,157258.46611296767,162254.90417046708,172248.6728594166,176972.50938349526,177048.78051699715,174183.16090352883,171830.37971424623,171186.9840979167,168213.42229367295,169872.55161207783,168813.5891249669,162480.79083075424,160764.17891912698,157482.14492871694,156327.48532010292,154602.13643258298,147958.42396655623,146309.08898359697,147088.73827758932,145797.07590153787,143170.4761853273,137233.2124968214,138523.6858299804,139044.46955804646,130317.84505430987,138046.73033558222,130882.55362041948,129480.02459308716,129187.85828132603,130018.99989890313,125099.3509958428,121924.2250751977,121605.84900867232,120723.3876127392,121894.43575987994,119811.04778776364,124461.27611658817,117897.52638965615,120698.34750400939,113897.8350610904,105843.05859246368
mock_0144,DLR_PAR,2729035.8400196293,3486.661735803483,56500.23874640466,3.247478165813813,1,0.07513296145497089,0,1,1081622.657996825,1043548.4900095466,1018008.1855292136,981256.090050663,957077.9765440782,926642.802834517,898374.1715658628,875049.4303573169,846873.1434155449,825520.0966570716,795706.4624302475,773185.0608225421,752005.8022570679,731203.9319239047,708784.5993533541,692212.1938570177,669270.2220507035,650793.2240531867,632336.1924278303,617233.2688281668,592970.9555291007,580167.5293731297,561105.6729034389,537011.8046399744,527895.5866914806,514156.4765654407,496217.8587834375,480057.99752505793,469700.28311194817,456350.2554500573,445726.57571124897,428063.21824367426,416705.28794761864,403734.0573867597,387137.300985232,382071.415927322,367920.46725712856,360234.3459083527,343252.1335231648,332385.2680415499,328670.4374345659,318212.18566647253,308943.64756907977,294625.9440587318,292442.68603989435,278078.31595617835,270513.429355749,269980.6731494283,255324.55017188293,249656.98509995057,251446.27973811558,232506.52067657697,230174.66724560354,221567.23678995718,215032.2420097872,208791.8113691258,204892.9434562945,199472.27767631793,191508.91072010205,185274.1159416017,181816.10670928887,171522.31186274305,169635.05092803124,166096.95555969246,159366.09482460545,156547.39494651067,152066.63569990883,152248.23635771926,143791.4577853046,138430.56140604548,134794.3278841779,131812.10761259537,132878.92388570667,134348.74179331318,137568.1089099066,129762.64651141054,133198.73179148728,136299.51780105452,137273.52759615696,143000.73358735972,140931.84065887783,139413.79948993665,139210.32108297554,138054.8251862679,129698.75761211936,131471.70681250055,128967.91398722307,125814.56845444054,126053.37985691034,119895.2244703533,121303.89246155326,117550.51814840875,115765.0041799652,113398.17767573507,110636.88029679614,112167.0617810979,107662.62734404378,108464.48141345326,106352.51369233319,100678.70567364585,99381.35674386697,104341.90687294022,98142.20530900583,94181.12858740489,96879.43595471166,94301.69277644638,95008.63231071855,91582.03658842998,90058.64977264476,89825.3311545319,88403.30682301137,83204.31904425805,79423.27342082131,84092.49881429174,82821.31943234689,80159.99279325752,79415.79807778432,76814.1697184496,76446.95442351868,77543.67156222304,77129.88683889457,77930.76955054127,77168.5390081724,78704.33311752704,74797.35763178428,72219.59099809677,73698.89355827482,70967.86356679554
mock_0145,DLR_PAR,2766609.1827151044,3484.6933369510043,97478.89559890887,3.1912381986001184,1,0.10600848566388135,0,1,1091505.7276606814,1063072.7743005448,1027859.5033689501,997837.4034040046,969328.7171749554,940309.9502514057,911544.0894658604,887908.3363871321,857976.5402998631,836205.1088218974,814740.9458531446,790173.9306641951,764348.0402268003,740437.2186469533,725111.9828172177,698512.8185040669,675009.2705703763,661424.1782711613,637036.5659937687,615492.0018714912,604769.632349495,584240.3762447564,567283.7345811568,548813.8434576653,532408.7238557766,519219.84432265343,504155.0737922785,485104.4875357563,477822.6245186038,462598.85824023857,446247.19376218534,432598.15227986214,415410.3754257958,402314.797244788,396195.9617080273,387633.6921172492,376660.5140171582,361356.3101201897,350441.3169075982,343069.01544614456,330646.41307915497,324462.6078901323,311004.9113215277,300857.5386488268,297029.3116902694,286164.02118238003,279617.8456969434,267724.25245388155,255632.85478899264,256109.46795318672,246795.4113017677,238682.6561345028,232376.0057781382,226078.6207201827,221282.0504562306,210610.9357438811,205934.52881278354,203544.2050313003,194852.46699890803,191778.50720785215,181442.31453075385,175675.00484847467,174134.74005717307,165667.8535604964,161133.4258123571,158699.11411407337,146513.49029212634,143125.09128536723,146961.6784562945,140362.0685856446,136708.47473376148,133547.08629634007,129184.93767487095,122513.16361108338,116659.15191219906,114564.02773950089,111436.6021654654,111100.60523000141,110065.27154669806,103619.32227189445,100692.07246976426,97650.56501495352,91839.69129835162,89978.85825823195,91916.77198249158,87453.998367479,84092.95584746852,83655.86450430626,76119.55390141121,74871.35075344659,71115.70474471497,73867.22295705712,72347.15591203653,69419.52111287508,67903.8647639288,63320.526431970284,59657.647335611495,58646.038659501966,62271.455647904906,59272.49548576338,58813.885334495346,57130.57736399815,56671.61512243368,54815.24981897518,57220.02791237243,58698.91771028573,59831.239662702545,71480.84894439562,80149.6169004975,89399.2887940421,95597.46662352487,107850.4456246415,106451.45152159991,108843.39758500412,109835.15959685642,117667.30099016409,115519.18300326425,111708.32504591226,114401.0751759145,109180.18159901345,109749.37050238436,105162.10959604758,108961.28774990805,108286.53348710595,104734.07317894603,109847.04770049758,107300.45867144504,108389.71801951676
mock_0146,DLR_PAR,3654002.8698086236,3481.7163739587913,73117.11997449893,3.1061821131083227,1,0.07253928423085185,0,1,1440636.1049459164,1396673.9204759982,1359469.365464506,1321991.0591120198,1281929.9852677786,1242430.917012201,1208025.4716788358,1170800.22343853,1136863.0355613297,1108639.1609799499,1070328.1584245258,1040741.6558890726,1005164.9169326299,977187.6193893858,949556.9609714051,926135.2823765338,897285.808718511,869242.9190825385,846426.1987080864,817461.8248648366,796809.111192278,777244.7120526097,748308.4658714476,722315.7031702528,705519.246490596,682877.8607841204,664558.7429907803,646446.2577910884,627766.0971649593,607807.6702175519,594442.0028280707,575705.2038247137,553351.9469858947,538585.0069338642,526149.9116363148,515432.47161841224,496389.5618882543,480640.2710166791,467226.6039711801,455323.3001280132,433759.72139924165,419886.8825024297,412682.15266284783,400271.58001391916,393682.35950043256,378627.40469554084,369564.88364151464,360051.07396299986,345310.34818493505,332999.11958617996,326230.1210560146,316215.6638692,306855.60606717935,295844.7600326989,288978.32836962485,281003.9475916717,271688.6378134942,266031.8584334415,258216.17687067433,249241.13242872976,244694.99574844912,238983.88098145582,231690.9117602108,226209.62730506677,213035.8757342091,209772.60935770412,199918.21545715348,199955.44483198252,195022.92281361995,190682.11892859451,187452.14250853268,179287.09895160852,186000.69735311286,193031.70525990587,196300.8847103725,197654.2456561782,199810.29006563942,198182.04534783206,196704.3727610949,198810.18861258446,189233.90590346148,187274.8505013321,190114.99443132032,183241.16610994752,177774.52587132197,176012.2941426429,176904.4139314093,163814.82430020111,162098.27695516328,157779.8423299446,159606.3848908414,158380.66215908405,154108.91327208927,148307.04048877856,149990.53696679312,145423.37683537087,144579.62598710434,140921.00657894823,143213.94500376057,136818.5668618991,131009.14045119574,134138.37020732343,132068.77491132586,128410.9797251574,125365.95321051036,125358.8884306835,123157.09470119874,117125.75125158846,120436.72601162053,114691.47444757006,114100.71586720138,114708.62288659147,110696.00608507168,111221.48687446777,107647.97562380342,107591.16562259074,101699.35273110439,98879.42168831332,104223.01078381356,99357.87031502162,98722.36113228645,98124.50108769964,94521.03707108255,93993.48613821663,92801.20123690015,90255.72532665441,94823.3168096714,91482.57958924011
mock_0147,DLR_PAR,2443643.245675826,3486.073392868414,67062.1657725017,3.230668367668973,1,0.09352035924925908,0,1,961364.5385488265,935165.724623635,903368.8633948087,883506.8229010961,851845.6236315679,830591.0665327944,806772.2250158926,782740.6654347645,758288.6210042717,746002.7469362153,716518.2157623736,693934.7232559922,670580.0654299036,654298.9482645307,635453.9247084251,619162.3771857803,602437.0892943685,585541.9353297524,563877.2927820245,547370.1860454113,530401.5685145532,515115.85689259623,501261.4774656936,485299.6534084355,474209.6707130702,455401.6762669889,449095.0401129415,431410.99771723466,419082.3038489531,410293.97076085967,398923.2576825336,384679.17788461945,373177.11622813094,359843.0225222661,352512.68238385045,338998.0842993834,330077.7855793845,318483.8181630797,309179.60934547463,299936.1204024528,294095.3801469124,285346.9537698848,274138.51541423,268268.7132117081,263272.4136978024,251799.8920531009,244414.19969944833,236687.27663695777,228513.90229340468,227276.8432272354,216812.15030201623,212552.44491241197,206352.94815585978,197411.47680552854,194858.75020101006,181472.2254315452,183900.8828876137,177728.45981557624,172696.11770903022,164729.50866282696,163787.9216369762,157427.39074173316,150344.77204005388,144014.3099054931,138620.6274092058,139980.58530900817,135266.62147041518,134612.07407506712,124776.18375231855,119853.27782250964,121412.12203225691,119538.42358192729,113146.19513345543,111027.96996852342,105815.04069375286,105144.053168241,101077.01824478437,91230.41498266312,95659.28396525119,92901.06079707162,89673.25704459069,82718.48835291038,81048.14376618732,80456.14065284385,78657.59555342229,73013.95922617604,73119.15964865842,73137.49976284306,68253.96442022287,69565.870112345,74777.47306442996,68956.31119863005,73736.82458452901,72489.97878406165,82820.02929197301,82638.09777575504,91213.8818412492,93878.47383006927,98049.31798724835,100432.68925418373,99038.87564202402,100089.50318085894,101640.83950158404,97888.71016400393,101287.92415552719,97178.54728975733,97686.1274720474,94703.86190335268,95101.34099370183,94826.62608644576,92501.1772274398,93330.65204227263,87382.82777685621,89042.92554278504,90140.6796500627,84011.03448601437,84399.11698892029,84066.65200212895,86047.31038961047,79652.48134076892,79706.67525577443,87291.01076848208,79514.42028601831,79910.39255717582,81383.34290547889,78999.66845197366,76670.5784778543,74603.89462648507
mock_0148,DLR_PAR,3379828.8844130775,3484.3776755292306,68960.75530130175,3.1822193008351545,1,0.07403310045037484,0,1,1330353.491048187,1299242.7614632463,1258599.6511483158,1218810.7106642881,1184190.7130671176,1150703.121882853,1116278.5765342142,1084769.2081712105,1053603.892073593,1019285.2420139287,989643.4573577166,957778.9250853554,937202.5445521194,907379.6751062552,877186.5594841891,854522.9517103018,826351.8700545783,806172.3927813312,781079.5345495146,755348.4396435489,734051.7586800276,716421.3213943201,690417.8466197173,671492.6179995718,651955.1642472242,640107.6860004873,615798.9946974067,595976.7101641464,583327.1223036879,560915.4310591572,547223.2079920475,526099.8026945109,517653.8594401875,501017.9378142124,486995.6099481439,470551.47230433475,454284.6439435809,444369.10420783336,427834.7459045118,412291.3371681473,402482.85664175235,396936.9764788989,382312.6033339448,369443.7981541995,357020.59416531486,349414.57483546424,339454.91528837255,330329.10939236183,315332.26306475216,311049.2043131681,304217.74992323486,287996.0580967864,287267.27089495794,275856.8379395644,263010.00639145257,264346.2068477715,250237.55877834113,243153.06690243506,236315.83607098146,232845.64753164272,224466.3418506023,216351.33525780484,206885.3162262278,203461.18236077574,200418.48433430397,191183.71787219998,186069.5665810917,180055.12313968354,178156.4950848142,173608.84601334456,167619.9820484194,168891.79510821623,165863.58288854882,164722.3309537161,169178.67638887145,168147.48339798153,173515.97227881398,174191.06396741464,176782.0960918411,176884.04984195897,177590.45101323328,177831.5619332296,172206.944629712,165930.66094626728,162354.68510950526,163507.15080724604,154618.77868919357,158385.1628348179,154613.4312396175,151473.77774462957,147693.50652899363,145024.17579528253,148568.95730828372,139764.20554273808,139988.19925280852,138688.0773659431,133279.14544368704,131063.78024104919,127500.49986606088,125393.29211885395,126642.5157336001,122643.91580936968,121943.23327568629,115994.3753073914,115221.05067283392,117592.12462553705,112422.65949616348,112616.65085625052,111637.05435131244,108750.70943173447,103563.78484337268,101840.56419265913,104508.11751931554,103715.29115021022,105063.95654615964,98430.3842801451,101412.78107188774,101771.17171207038,96559.34689898687,96238.4023317112,92995.34889037421,92714.58216741272,90366.34582634711,91631.21951559847,90835.91990550894,86759.06414945291,88779.27165223939,85601.82283839972
mock_0149,DLR_PAR,5330604.479265599,3482.366772995334,61395.80777245525,3.124764942723824,0,nan,0,1,2102672.1918106684,2040705.761383466,1979355.2630059759,1923306.9408107637,1867656.926064195,1810513.9961189406,1757178.7874461932,1705671.8493762226,1658447.6818269496,1607836.6601945707,1563808.206738011,1515394.6246956687,1472981.1743166177,1428890.0921852356,1383755.4303068556,1347216.548871754,1305118.0255760974,1270496.1359550022,1236663.073483364,1197261.4309190016,1159681.2850513807,1128140.4867267136,1092706.4106239744,1063452.961887367,1029990.3204975341,1000285.620693032,967499.0447917047,943073.5552209155,917273.2261932697,882733.8238726758,862123.5914005742,838626.2136020581,814680.9806868053,786380.2141169112,761392.7459419935,742369.6480298681,720121.8376911833,697759.1268829734,673776.6818399464,660495.405759565,640551.6063099295,622575.934978254,601766.0586547828,589166.7599661766,566894.0210899364,544727.3589172926,535049.5376358253,522971.4664568099,503582.6853315017,483785.04791780317,475387.2993824461,462469.30941762676,446951.45626530313,432559.38826484507,423047.56909133785,408010.7746353297,398144.09617776534,385943.3055566395,370285.25669153436,363201.6932277574,353599.0767551319,339819.42212990177,329265.3515751602,320629.730251491,316640.9175644939,302056.96704665996,294279.9846994362,289200.96186427394,274373.65734024515,266102.0194630856,258293.16798305168,251989.39142535595,247682.82708793506,240035.85607604246,230140.79847310556,224546.35720371894,222134.97366235038,208252.2038682224,207228.6099029353,195433.03735834348,197954.07213506466,188032.5190097039,184201.26606618657,179703.215274459,171684.61031858795,170512.38027835716,162192.17548418252,150521.59345211234,154823.60909040697,147139.92926631743,147617.30979556448,139191.76276656895,136001.9740923072,133677.54877508534,127722.03762741335,122847.78065188309,122382.62157510196,118319.53409431504,115368.90615798144,108854.27044077928,105389.1583745531,101441.17654498511,103498.32727866202,96484.63956868161,95963.59969608924,92099.21151362259,89760.21799893594,87669.55768874244,80454.50049305744,82545.02833763509,79704.4172611618,75697.16594833107,74906.12854653293,73414.90300189238,69768.06616493252,68113.12911849063,64242.77932371977,67391.74792895932,63430.63057630606,62033.090274689,60029.66642886613,57430.323603618766,56062.87627622531,55129.590157658466,55346.23412579424,50338.234614633395,46419.91480861159,52201.55694781356
mock_0150,DLR_PAR,3875062.7566291383,3482.979395253086,83299.07628071345,3.142268435802457,1,0.07789419113683692,0,1,1528695.5811375976,1482330.2158973601,1438254.7002417473,1402103.439556797,1356888.7990377476,1321996.9954900625,1276253.000835691,1242878.0710722704,1201701.9878521974,1169202.4184350313,1133605.6350601993,1106081.1050591187,1071428.886541676,1039691.8657312699,1006222.7649388736,977645.3496687633,947933.0206445309,921230.5225569655,898172.147948066,870198.3681066132,842124.9983723889,814107.7976262574,796770.3469407368,768461.5735297322,746280.6687744376,727170.9157113145,702534.8130049985,684613.5510663486,663829.5987098278,640586.5214798844,628137.8901508582,607175.6482622849,593339.188059758,575888.8013253203,551077.3432795545,536189.6559311023,519755.51784474315,508025.87395301263,491109.0355225301,478970.64676100947,466559.05495560076,454974.5995430905,439973.75479379453,424303.9585089747,410479.8433286423,399655.0942602795,388871.3686755907,380600.81770604686,363216.4183511979,354248.09307246347,344532.4341905375,332821.9750317389,324300.15790404193,316186.8882172495,303814.6882583271,293522.0628241672,289477.254466877,281297.75294571434,269157.9506197619,265311.833910544,254378.88020989002,251713.53021887806,242219.59498636166,235450.02177511595,229154.11399545224,217884.41675410315,215783.84603771422,208211.9941195173,199725.22498107536,199092.6741380298,193647.62166004273,185008.98570853716,178346.54823833285,175609.64269733444,177596.22533761847,166435.85775493848,170780.53888423837,174322.10797223076,172772.21751654783,179826.84511160423,182759.41826898407,186635.0670789378,189843.92962696272,189137.7598604477,187693.596929596,186798.7302463516,188061.96228608867,180306.94302779197,177182.36922008332,175734.32568389294,173620.3178328861,171603.25011057343,167132.10547216103,163340.12114168023,161792.52355265233,157819.57980478005,153424.57055002067,150383.26891432918,149855.8244350521,150033.7312879188,144676.0131890066,144314.64491205037,142533.22147761853,143588.1219451607,142794.7707678503,132044.16790582857,134325.10701229225,126702.4246976156,131662.89576125366,126917.93067512134,126911.41773875861,125070.26549660263,120064.9529441818,120460.31180492917,115768.59770416563,117344.13201286666,114394.24729413219,112836.07518068298,115530.65722204752,109209.13992415559,106706.04072785906,105479.33523828285,105410.00323754316,108022.77316542985,100837.3578192574,100881.90381495278,104122.64703930572,98361.72447263145
mock_0151,DLR_PAR,3631500.1799364164,3483.234872162196,82835.14396300948,3.1495677760627503,1,0.08204786024860378,0,1,1429754.3014995342,1391701.1858718805,1352895.9406645629,1314512.9842069868,1272874.7898429763,1237368.213180049,1201017.769556286,1163994.390044997,1129287.152284617,1095244.142714618,1062397.0624666656,1035098.1026221198,1002933.2551940088,970225.0923712669,942333.3155553075,916678.5968781991,891564.2116184357,865212.0021508578,838838.5255271096,812145.5801815507,788823.2139419173,766129.5700467494,744871.1756591374,722858.5719265633,701620.6084148297,683384.4256960185,660584.751469236,637672.2423855811,622593.4733357858,608178.9805229887,583744.4147916078,568400.9188247907,554300.0153394145,536999.2782089195,521922.4719847351,505361.3511429939,488074.60640784935,470897.65917958337,459219.46219150105,453027.029780057,433329.692334396,426340.3213205001,413195.5383929248,398718.53403039067,387811.4335035906,372893.7383832515,365171.2692758178,350817.3866142588,348731.1536188989,328018.0229243218,321961.0490209035,312849.06405273674,305939.0249387501,292426.73477465834,284618.2995096697,278885.05808301084,270006.04482097906,263702.93805823656,253706.70224361334,245824.4840286324,240093.40675439854,232843.4788929162,224332.73126476828,219652.24472540198,213808.29064361966,203509.09769768835,203998.2322062145,195133.50726468366,187065.74396362258,182110.82629488705,179285.39496120485,171317.5378159789,165052.36392105237,168077.14800431163,162298.16749131796,157778.12063892183,149032.8667917562,144051.86080415105,148556.81581309298,142235.05224942818,139084.83915910183,146674.300570727,147909.0074581877,149231.49057878938,158363.67336532957,161802.57253815426,167513.43048265818,169376.1920437212,166671.9261725649,168104.87946718436,164985.13899500886,159262.8543514672,160632.1947048446,155174.18085343475,155979.62779133744,152337.5593527584,145996.24254757987,149970.4676429215,147321.31567575858,146290.67178966242,140138.180697446,139093.19679046347,136692.54962604362,135268.20898899512,133157.6309269391,134679.085560041,129598.8478617069,122100.08602677175,121083.54668104838,126007.06873187797,124465.88252806506,121836.42492723896,116134.15073078261,119090.24565183764,117686.61447702615,115939.73747065988,111179.77782104375,110642.1985727662,111853.93888594848,112739.03102787057,108264.49882761604,100957.02749419346,105903.46577370963,109133.2013453474,102970.37153741141,102844.491930709,102675.35609543884,103277.49900498134
mock_0152,DLR_PAR,5197057.994970752,3482.4540056507285,80983.02513820311,3.127257304306524,1,0.05052927908709878,0,1,2047852.3226322178,1993751.7337128003,1931567.6507409776,1881474.2673900882,1825937.3286603754,1769010.3745462543,1715515.9602440367,1664880.3873628702,1614927.2399621485,1567813.1410095592,1520425.8667773898,1477149.4656910019,1431657.0766442455,1400498.248714125,1353035.2731716565,1311250.216393404,1269765.0154949785,1237388.4371839694,1197733.3918958204,1165606.927123662,1135043.1322068719,1102357.3972387947,1063030.146833317,1036684.010351766,1003781.9788263884,971769.2672301846,947926.8204769032,918453.7520052979,889377.399595558,864702.9742161821,844070.2985459686,814271.2092574676,794232.1673745378,769693.0496370902,744430.844235594,721562.0334550543,700691.3695822856,683489.8864439315,663023.4881803138,647707.8193623299,626285.817851493,602627.6559392939,589341.0956170176,570400.8942589167,556909.4227777832,544516.3159406735,526495.9660572783,518085.2187221624,502888.5877014357,498886.4058435951,492724.9496635787,486662.0379533937,479332.0918924093,479496.59972352925,468083.1380804448,458117.53088525304,448425.9338504851,438843.9908083811,431504.54230444704,421362.264767274,408167.8481195962,399993.09293165355,387860.9117598954,379538.5319664732,371383.2599224126,361217.7126238186,356170.6262289815,344190.7974763376,341600.1613806039,331125.5848272884,320196.48321672506,314030.0204497287,306245.064377548,300947.6140674133,293063.7162082888,289956.5401869936,280582.6014805779,271312.7995005683,267015.65665256325,261796.48661800905,257395.18634379876,247904.4851384004,244453.4240726704,240993.28309994936,233296.61445458193,225810.73691655672,223304.15103353176,218084.41782531582,212487.01544708753,207196.34684700874,207838.3112017834,204749.25022853725,198100.3334252892,198079.58631375543,186306.5044236113,188584.4241176866,186935.33440740046,189118.13445981342,177297.77242710072,172380.02561435002,172232.2690144499,170070.81111223792,163541.32763443634,163663.30563666028,160217.5790587631,156145.52528856063,153611.98604703645,153925.8056030174,150936.07820742414,145194.94764291434,145347.0452489494,138682.0507983341,134884.16633447428,137501.98921653177,136830.5900663982,132213.58216972413,131239.40643079398,131154.57418617271,124841.70934996248,128296.28962549388,123407.67558112077,121430.69541834817,117780.5654290518,122593.2173727902,122484.74299305447,115553.54473833175,116648.12566402063,114771.30070158705
mock_0153,DLR_PAR,3455414.8407540396,3484.108536213409,81537.82974814171,3.174529606097399,1,0.08431401081298923,0,1,1367484.33608509,1322169.269326992,1284143.688260765,1248059.138007139,1211939.9196382137,1172633.9344151695,1139423.2052372368,1107236.635356726,1076752.5488868614,1045586.6369788595,1013257.3743992263,981832.5360898329,956387.4945109163,926966.4083806176,903565.5647810003,873883.9007165768,848788.7061274544,822876.0422762223,801956.3336335805,776400.3142396874,751356.7698244019,729133.4051672245,708306.6118905835,682665.9422755074,666829.3243339617,646827.8217170757,632359.7166130255,611969.0807882061,597474.9789764142,576782.4673532979,554538.489609906,544267.9899683095,527235.3399516314,514360.29968667985,495222.61139091966,482810.41272718663,467175.75474122865,455402.4066086251,442472.37773742055,429820.7923951105,414051.1611693154,400812.31143394415,389411.3415682724,376663.37830262666,369367.6665793238,352833.5165398334,347919.42133158416,338859.6416848453,325223.6007267539,314001.061760049,305271.52511860384,291690.9135007859,287537.1811787795,281388.17303414625,269359.44238369097,262427.4295182843,255413.93189697934,254740.71885153884,246574.70193253862,234956.2504621686,226801.13413321658,220236.3360428236,212342.89692512376,213179.1798290892,204031.36154166883,201029.75983157687,190767.76283107977,192081.35851108644,177679.49018327647,174716.14539946374,170805.5790977635,162711.53548954174,161169.19088505115,157557.70733565305,150115.03046589045,146170.48293004528,143994.74461622143,138281.5671716952,133861.10535687488,131319.2251488514,129205.66340655567,125685.19356292742,130089.21814328346,126377.1693883335,133326.22456144667,135340.25541433063,141885.66869293348,146416.79618237886,151200.5076210199,156115.61583310482,154188.75090874403,150283.12534106005,150463.87495323556,152919.65183106603,148151.92278866182,148382.51194731536,146355.1813384788,141027.6864216146,140091.58774044615,138658.84376039708,133804.08839066958,136832.74093930033,132616.5932324778,131362.47191774,131558.04886979834,125067.63109415755,127845.08031751521,124370.27479983287,122657.55385335421,121824.47965161112,118182.30708848302,117155.60493749053,110276.21848418408,117240.01904714046,114024.15649651585,114558.33114618278,110781.51524292714,108546.90267456687,105466.30831496324,106622.34401956509,108351.74450793788,108606.32832299944,105975.38947202869,106293.55077821066,101165.8029402982,104764.28348448405,102985.3784617669,97434.46602341147
mock_0154,DLR_PAR,5338012.553160513,3487.5293883746685,95108.00123622871,3.27226823927625,1,0.06300501167248714,0,1,2105671.8399730287,2043149.4174033145,1985812.9153010203,1927351.3024783423,1871202.1536773068,1815086.8738133751,1763204.0145970082,1711859.3631891678,1660412.295987531,1613042.0811782444,1563966.9039333595,1518330.0634622085,1471678.4503541873,1430903.0631680675,1386995.8782449965,1346026.0862041158,1308548.4341244877,1267710.2339169162,1230971.6854512782,1193861.4183850286,1164243.0609164364,1129722.3405276525,1095929.7709202836,1064123.7610706745,1035433.438723077,1001140.5904183231,969651.3777376772,937503.7349135524,918951.5067416497,887577.9546980505,858134.7279361726,841775.868740707,812631.0741009418,788174.5189972449,768132.3782229255,741969.5431451458,722633.3928691429,698965.974719731,679988.3148730202,660683.6570270648,641626.9948800039,623048.9646104769,600932.8760328947,584798.9698777285,571157.9282664971,551596.3818175307,534001.6822380937,518743.3141606714,507221.1665254404,488289.6737440914,478514.6256216353,467730.85310811637,449296.5350515136,435015.509976153,425822.9620172701,409378.6812487273,397629.2806075013,392413.56615908333,377733.7740670732,368899.1441797547,357707.40737019444,353060.5882013791,355300.94686187233,355862.54265847726,351279.5948963593,357448.6175957674,357348.02966357075,353230.67480319855,346864.9449116578,340859.889704695,338998.4117153201,332778.3885169481,322663.5755041178,314413.6816434545,312169.77281806583,306099.5980532934,295543.60435692506,289926.8937875528,280691.7925946698,278240.19792837,271302.1482436441,268306.08770271833,259111.4333418838,253048.865491847,250898.31350329609,247727.2819605851,236689.7129455795,237215.57694208837,234031.00214576058,227768.16550366586,221789.0050297785,216905.67808547945,216220.8932354861,211986.4109308159,204376.62574319073,201209.90564568198,195463.14917166746,190997.39592478581,192751.57188063042,193212.19281433147,186338.94316859244,183357.34938246122,184289.25894808015,176889.51018407845,176268.7503656747,168643.9714991544,168120.90784850554,163041.63600692025,161011.08714961226,154485.72799838794,161394.54698862188,150940.44712932353,153136.57294841556,153337.57393643577,148042.3516075922,143726.35480736446,143889.58004587257,144672.6588154112,143245.9588684459,137585.846192207,139057.39176968104,133678.76711109103,132300.89342896905,133121.64760169646,131502.2340552096,125875.33621248518,128859.48663116971,126462.06199407497
mock_0155,DLR_PAR,4869236.302854586,3485.6044170953137,100368.54343298232,3.2172690598661013,1,0.07480396734596359,0,1,1922063.7952236345,1870912.2580965331,1811933.4027093842,1754343.1516913974,1704538.8761769566,1656198.0186381799,1609304.7995439237,1561096.5225880202,1515078.3553308356,1468645.8081981433,1424154.0336570677,1384868.5959010303,1347347.688168671,1304146.1211064842,1269768.6729767649,1231966.9282481584,1191811.6664922717,1157630.005224592,1121241.208724228,1091499.8859690027,1057683.2388745788,1027818.7561226105,994488.0329741306,972992.9089329775,938779.9194065867,912654.2865326573,883297.0957966151,862982.8654499718,838826.7730880402,813076.6805618808,782082.1360505813,764874.7794776198,741131.3043348714,716405.812126719,697275.8952881758,677888.3196038364,660361.5153948321,635676.0846101106,617476.7337411455,606532.7247558447,579987.3929673161,567813.1376586797,550528.6412986841,533673.9308626034,521976.08880833146,501116.26385535067,487825.3971413051,477183.89244542643,463571.2750565384,447547.70192782604,434764.98453598795,418814.1975207942,410541.6340799809,394620.10706269625,385734.00922773435,374888.5859266041,363506.1649096084,348706.064319283,339308.77827409026,329017.3022242885,321433.3252262448,316119.7721872332,304341.58093119087,296419.4820952786,285510.883100483,278591.0418125708,273268.24624614767,260074.68411519635,254411.10781264168,247469.91251296768,241833.370534473,237416.56399230906,240191.39909210082,233100.31147216266,228873.1228833587,240480.00312146556,246289.17326589863,245198.5354199025,249263.10368487856,251153.83443878463,251296.05748772513,252624.36210887035,246736.26135575684,243468.51580449086,237828.7624857141,235766.99409861342,229973.42326750048,223513.54906799356,222951.7679870131,220461.59322118454,215093.67714535524,212919.3821846688,202106.53445844952,204509.84419640776,199912.63782834433,193738.29069004557,197468.3020310032,187561.31860552856,180231.48379082704,180921.3946169203,183847.5515859267,180110.3896273909,175527.84175907896,175188.30714841234,171668.7495818071,164984.49005430035,163553.82188720978,165908.9083496696,159833.292583278,157132.04530782416,153434.06375278745,152910.73598515877,151604.00368849802,146467.7724243981,148938.4600984288,146610.4365789384,140169.11125298313,139268.40518032524,139426.4611311441,137094.11274414664,132883.4688102389,131772.60098174177,131953.51909772574,131875.64174412139,130221.19472774636,134883.60719521972,129245.47704064113,120574.20357112758
mock_0156,DLR_PAR,2091769.0451073486,3485.803711446827,52156.17966771586,3.2229631841950526,1,0.08783589901383623,0,1,831409.8759300477,798953.0445881374,776908.1140725402,756096.3409576641,732330.1468338983,711935.2038262803,692926.5565078612,670535.2711766788,651804.425220513,633575.2191956921,617081.5746204985,596665.6094985118,579045.0819987647,563151.4821190393,544046.5277924308,527533.4309785889,512978.36519737344,495882.69249720336,484479.7336250067,470505.79054005555,453851.6355432153,445871.79977874935,426216.5279924443,415628.3506696326,401436.96212021017,395803.0532392983,379043.223841382,373137.276346623,357650.67589459714,347575.0045538597,342022.61313322565,327667.10118220554,314884.6191753684,309306.2105618871,299996.5199637863,292028.1793364377,283981.513356223,271077.79483931535,264621.3070795575,261071.54057766843,250057.08262894998,243089.12779400617,237275.64167148384,231146.1271461314,222534.77914311195,211560.61238944452,209113.015829286,203225.41654326703,191378.70440465838,189202.94461313638,186210.76385959293,175275.07626522274,172147.91166745214,171084.68657042642,164242.7948051358,162327.17445406158,157376.53921876976,150697.4591436619,151525.04209295727,139890.20502912442,132356.18153868854,135251.15131908312,133228.79999764846,125783.7892500395,119024.06896099157,120251.42789385044,118762.56855461621,110809.08646718338,112805.19239398326,109242.63852286228,103886.40585440242,100921.89646865438,99563.30049831055,95961.48280605642,91565.17912743457,87235.51771456774,85917.10619271043,82395.50710618326,83149.68823429389,76111.0174425664,80029.65376020843,75984.72836338343,73181.54496769761,73281.07708782188,71458.47579472605,69657.64256407558,69860.23257141722,76715.88753928163,75893.08720754556,74084.59877631727,76130.16828189383,88667.84673707379,90212.53788484218,86776.4139064455,92171.9910339547,91017.76015257927,87496.8836038732,84859.79297066592,86855.32230906295,88413.67201075859,83481.31981815933,87018.35551155699,79421.6635698587,82104.87690360988,79424.9764675947,76970.01507116937,75252.96818550768,74668.19706356186,75893.28618963023,75008.1024517525,73674.53058990123,72008.51306588463,74279.24321859001,69592.38641744363,68532.67464919566,70746.13577685745,73138.65795016875,64001.93940844823,63584.457587535144,71522.17020643273,64692.215799076395,68859.21119430817,65381.22621053039,67947.53553059578,57983.34666496144,62603.208868502305,64044.27344069956,59911.709600121234
mock_0157,DLR_PAR,4677051.876132007,3487.6274840156525,95352.80727227677,3.2750709718757895,1,0.07397255397731392,0,1,1847598.5933728213,1789213.4451529,1733901.5038005956,1692570.3524072247,1635710.672587509,1590249.7178816774,1542806.451360244,1500205.9337126908,1453786.05533805,1408467.3128055516,1369412.6346935804,1327022.001345583,1295226.8381124635,1250290.6808967462,1220122.3731402198,1178011.9152643282,1145003.0717689926,1109649.1857368762,1082319.6164786557,1047670.0163041783,1014373.1800291761,984924.5376150662,959617.9441953554,932710.2759493486,903694.2991679499,882395.4093613316,848940.072575186,829314.4041550662,803534.4873168549,781300.2039806976,757629.6821207501,731825.2819718248,711455.3719776397,693371.8433746826,673206.2958104769,652373.6760273734,634516.5553632836,615263.6055904861,591005.2272828836,577797.1956484432,557998.2095633361,543471.9074032886,532806.0738090815,512347.62511034566,492139.4301816726,484247.7234602601,466359.2686261303,455948.3788898545,444302.35825065867,432943.292212399,419480.19718723174,401998.0068820093,388787.2700239057,383077.6286565923,369127.3649941559,355314.0822021089,344309.3236447685,340346.20045882754,328773.2010282615,320772.03798538394,303596.50024607056,301166.7802366349,292136.57909135276,281934.77772805345,277661.5187060764,266363.3141524997,260972.70393435634,252970.3216145003,247107.55767741066,239706.35104211912,238077.952749783,231283.05048167208,227416.10972267966,226468.0129360179,236557.27412033296,240850.08730966155,236894.8227533147,249526.69596325667,248760.32087718902,241461.4695500398,241972.6877011212,238059.48432843154,237411.7139865225,236007.1145282595,229757.00918586273,226019.33314106,219248.07789441248,215459.7280453231,212994.17423464588,203682.52570575534,204397.86304877326,207433.9430234549,193134.4667485821,194209.95024307878,192351.67291490143,185010.29681621311,185713.06886492096,184155.20583149005,178446.09110158405,176933.37048590457,171583.27234716882,169120.71648336775,166692.86100022303,161526.22222384796,160436.81245205205,161430.93751128527,158116.85806878653,156075.35703688557,154871.00673705328,150672.84685067824,148627.6000304389,150533.39341218682,144885.40814540608,147332.85915241967,138183.80694738912,137158.50230211692,134623.5305300009,136667.08752987566,132684.2187913631,130779.73080489603,129227.89457049976,124493.0261321895,126520.02414025672,131384.81017520267,124171.50979288781,121755.66608592765,123876.44617765855,122991.20570098115
mock_0158,DLR_PAR,5135407.981907076,3482.910578064291,50518.8622454833,3.140302230408303,0,nan,0,1,2027423.5907734397,1966393.054713602,1908946.1534815095,1852783.9814798867,1801256.9493708406,1749314.028961295,1693628.4916483376,1646714.6405769957,1595400.823041967,1551683.7513993399,1508253.9430708482,1464709.8996726254,1419395.310850484,1376618.9937887017,1339810.6570985576,1296351.3599789832,1257144.4392679306,1223514.2825992333,1181588.5995794935,1148679.284951885,1118216.2869056568,1083715.594575276,1046091.1164306999,1019672.2391001325,994188.6564805603,960343.1125410191,935669.076774816,905827.427620814,877204.20780903,853644.2244667016,826465.5153047837,805993.8881459651,780184.4285463738,758750.0244354139,737642.7244496197,712519.8415145903,694042.0209407101,673653.9019483214,654317.2782511265,631560.6715261023,614318.8531832634,596462.2909304571,585153.486430956,565371.5314590532,553375.0759027466,532542.1501963531,513344.633448825,502085.68294186785,480050.43800057785,469781.56680136657,453842.493235329,444768.81084733224,425772.8220993626,418446.9144873228,409460.482234021,396395.6088066332,388820.87433153996,371467.47050985304,361227.5536200421,349890.91568224947,337850.2736895551,334132.81669512007,319372.6595902335,309899.9675786262,302575.1246504474,295406.22383659607,284393.3534933154,270318.03852231964,269042.5901957037,259550.05451833113,252364.8425800718,244164.60836440374,240237.5748693846,228271.1692744183,221687.87300658083,214306.32324538764,207738.83421235575,207258.89393594913,203144.35128044896,193247.02835080095,188452.47675904926,184148.86157654223,177363.070740179,169785.93993057366,163728.46770388327,158563.01967177485,158434.34997674476,155740.34908907933,144972.33578832322,142152.42488623157,139615.34717041758,133787.23620255815,134216.4350265501,127481.94607040743,118638.6781193314,121216.1081740061,118474.34528866468,114018.75720919996,110848.15743421004,105613.51534449038,98910.99274264702,100120.59207425747,99344.04714567961,92196.34958766631,96133.12999814513,93824.20089145024,84385.27503569597,83912.3974333206,78580.73379115385,78698.34586942274,77928.08904224988,74572.47843963573,70293.1691573126,75130.96377093048,67548.84300831323,64806.50793289376,64863.147019753225,63564.58838852387,66859.21216082726,63655.44132515419,59281.51781622326,55001.75010969925,46508.905393071494,52546.59555323757,48507.177106172036,48033.720732063426,48720.71025261548,45464.69653926997
mock_0159,DLR_PAR,2270700.5029614493,3487.9937628962202,52270.99321151676,3.2855360827491538,1,0.08266656010632713,0,1,898854.2255100041,868894.2611576092,843858.6503765474,820928.9500624196,799801.8981798125,772730.4767373537,747325.0789457613,727150.0206870608,702791.4103948091,682475.1350841443,662639.234545662,645005.866726844,628650.1880274351,610929.3217160786,589949.0161479771,571057.4162939184,553429.6029982651,539573.9366591788,524599.0117862533,510142.20350209286,491670.56564659456,481736.28569658706,468998.2924469873,457202.07415660564,437079.0010711594,428381.08104689966,417978.32925699605,403360.34126371803,392279.890543169,384307.3585360825,366792.88796440186,356963.4559501737,347755.7158365097,328476.5562344582,326924.41683134733,315135.1934187581,305618.339954178,302544.3212212593,291714.7525480232,278336.69874048146,279292.17024924373,263955.08839114604,257547.1655503004,250548.9064011711,250700.34655185562,235224.5495347952,226462.038625703,224434.20343550574,211661.26121049092,209759.7757844172,200639.75598212093,196634.4439974118,190177.32968249446,185625.7451588941,180220.8123824324,172878.1142706264,167018.11252728553,163326.136219749,161258.51052316945,157482.39406456446,148353.76389726976,149055.30659734405,143509.0791720542,143284.42588087215,131758.40559610288,131357.34269218336,125379.74253503319,120907.34336425747,119601.68544499946,116594.18731956431,110213.29394413749,112550.00196614898,105425.49628687864,102360.60146602076,104419.95960053691,97210.37308004413,93829.28894152657,93250.64363784097,86913.8252342287,86031.61202396445,88469.7318031648,88104.7612270389,88885.90285352412,94525.0217795348,93267.08577820608,100210.49411540783,101907.03492452006,104896.92473053004,105826.61590481595,108185.93420253429,102044.8656674093,99875.93693471087,103118.98249900606,101740.77695432253,97816.27120132434,98883.49422003649,90625.49749972038,95950.55836365352,88778.99014841519,89709.7861551451,89235.3385198389,86002.45432071941,87375.07607323558,84236.60895655042,80500.28241536405,84465.00653920227,80003.6649129588,78278.18081951607,81671.50523355878,75402.38374635251,76257.42789465775,75184.77226020103,74542.8069726886,75393.69035467628,74374.10392791225,72748.97859638109,75381.70859288474,67234.60555955248,70320.68162510522,70159.79566580248,64093.592267433974,66700.56237922498,65759.38992746432,67993.04991910952,64331.6824763736,58782.29196317932,63877.697261520116,62699.691242442124
