"PointID","x","y","Density","Momentum_x","Momentum_y","Energy","Turb_Kin_Energy","Omega"
0, -2.268000000000000e-02, 2.000000000000000e-02, 3.777100401758558e+00, 0.000000000000000e+00, 0.000000000000000e+00, 2.593842333082259e+07, 1.000000000000000e-10, 2.347081958421689e+10
1, 1.250200000000000e-01, 5.477226000000000e-02, 2.955505947256249e-02, 0.000000000000000e+00, 0.000000000000000e+00, 2.172723725145519e+05, 1.000000000000000e-10, 3.234846887097865e+12
730, 1.247592264357035e-01, 5.472614609981309e-02, 2.958135341212573e-02, 0.000000000000000e+00, 0.000000000000000e+00, 2.174132938533780e+05, 1.000000000000000e-10, 3.229028667257728e+12
731, 1.244984551723221e-01, 5.468001867917841e-02, 2.963277424685532e-02, 0.000000000000000e+00, 0.000000000000000e+00, 2.177864388235567e+05, 1.000000000000000e-10, 3.221531009249674e+12
732, 1.242377096557596e-01, 5.463374559995363e-02, 2.968413680620871e-02, 0.000000000000000e+00, 0.000000000000000e+00, 2.181592256604048e+05, 1.000000000000000e-10, 3.214106461860902e+12
733, 1.239769889766657e-01, 5.458732363764015e-02, 2.973582924340101e-02, 0.000000000000000e+00, 0.000000000000000e+00, 2.185343716964929e+05, 1.000000000000000e-10, 3.206591041835447e+12
734, 1.237162917546814e-01, 5.454077812060126e-02, 2.978786476106179e-02, 0.000000000000000e+00, 0.000000000000000e+00, 2.189119813593692e+05, 1.000000000000000e-10, 3.199076357734664e+12
735, 1.234556163013989e-01, 5.449411137960169e-02, 2.984017913539768e-02, 0.000000000000000e+00, 0.000000000000000e+00, 2.192916038591016e+05, 1.000000000000000e-10, 3.191582949614845e+12
736, 1.231949626618069e-01, 5.444732278551007e-02, 2.989276069085288e-02, 0.000000000000000e+00, 0.000000000000000e+00, 2.196731586797097e+05, 1.000000000000000e-10, 3.184124192303490e+12
737, 1.229343315638529e-01, 5.440040898697789e-02, 2.994561080317872e-02, 0.000000000000000e+00, 0.000000000000000e+00, 2.200566557673066e+05, 1.000000000000000e-10, 3.176694472003091e+12
738, 1.226737235001168e-01, 5.435336802870325e-02, 2.999874386409723e-02, 0.000000000000000e+00, 0.000000000000000e+00, 2.204421956660106e+05, 1.000000000000000e-10, 3.169280453353750e+12
739, 1.224131383330425e-01, 5.430620073915140e-02, 3.005216602356531e-02, 0.000000000000000e+00, 0.000000000000000e+00, 2.208298221095973e+05, 1.000000000000000e-10, 3.161884907416096e+12
740, 1.221525760309599e-01, 5.425890712603065e-02, 3.010587442682769e-02, 0.000000000000000e+00, 0.000000000000000e+00, 2.212195154291393e+05, 1.000000000000000e-10, 3.154511118938917e+12
741, 1.218920368017264e-01, 5.421148654073917e-02, 3.015987373371445e-02, 0.000000000000000e+00, 0.000000000000000e+00, 2.216113082007162e+05, 1.000000000000000e-10, 3.147153092357499e+12
742, 1.216315145556244e-01, 5.416393854593850e-02, 3.021417033528801e-02, 0.000000000000000e+00, 0.000000000000000e+00, 2.220052454707189e+05, 1.000000000000000e-10, 3.139808312680270e+12
743, 1.213710210391867e-01, 5.411626636498262e-02, 3.026875873343930e-02, 0.000000000000000e+00, 0.000000000000000e+00, 2.224012884798375e+05, 1.000000000000000e-10, 3.132484174546427e+12
744, 1.211105506016566e-01, 5.406846843659121e-02, 3.032363967207487e-02, 0.000000000000000e+00, 0.000000000000000e+00, 2.227994433039034e+05, 1.000000000000000e-10, 3.125180011589480e+12
745, 1.208501033741451e-01, 5.402054440606219e-02, 3.037881640339301e-02, 0.000000000000000e+00, 0.000000000000000e+00, 2.231997326967972e+05, 1.000000000000000e-10, 3.117893415821102e+12
746, 1.205896863959409e-01, 5.397249572265825e-02, 3.043428845719841e-02, 0.000000000000000e+00, 0.000000000000000e+00, 2.236021534310322e+05, 1.000000000000000e-10, 3.110627543334791e+12
747, 1.203292859340331e-01, 5.392431929259341e-02, 3.049005623986780e-02, 0.000000000000000e+00, 0.000000000000000e+00, 2.240067105694941e+05, 1.000000000000000e-10, 3.103388489479299e+12
748, 1.200689093064339e-01, 5.387601438919079e-02, 3.054612011813479e-02, 0.000000000000000e+00, 0.000000000000000e+00, 2.244134064558252e+05, 1.000000000000000e-10, 3.096172944995586e+12
749, 1.198085568619844e-01, 5.382757991743629e-02, 3.060249197065543e-02, 0.000000000000000e+00, 0.000000000000000e+00, 2.248223238455965e+05, 1.000000000000000e-10, 3.088970107455712e+12
750, 1.195482208477998e-01, 5.377901566185880e-02, 3.065918050822251e-02, 0.000000000000000e+00, 0.000000000000000e+00, 2.252335240044002e+05, 1.000000000000000e-10, 3.081777662720985e+12
751, 1.192879158344279e-01, 5.373032585704160e-02, 3.071617830098758e-02, 0.000000000000000e+00, 0.000000000000000e+00, 2.256469544671696e+05, 1.000000000000000e-10, 3.074603750921479e+12
752, 1.190276424225175e-01, 5.368151036963988e-02, 3.077347988091522e-02, 0.000000000000000e+00, 0.000000000000000e+00, 2.260625782325556e+05, 1.000000000000000e-10, 3.067455310830693e+12
753, 1.187673856029878e-01, 5.363256459981270e-02, 3.083108862065047e-02, 0.000000000000000e+00, 0.000000000000000e+00, 2.264804203700314e+05, 1.000000000000000e-10, 3.060331179164733e+12
754, 1.185070782456145e-01, 5.358347430745512e-02, 3.088902907534163e-02, 0.000000000000000e+00, 0.000000000000000e+00, 2.269006574491012e+05, 1.000000000000000e-10, 3.053219627289193e+12
755, 1.182469224892384e-01, 5.353427811037050e-02, 3.094726497784784e-02, 0.000000000000000e+00, 0.000000000000000e+00, 2.273230211135653e+05, 1.000000000000000e-10, 3.046124530834835e+12
756, 1.179866870443897e-01, 5.348493361689695e-02, 3.100584862877149e-02, 0.000000000000000e+00, 0.000000000000000e+00, 2.277478939120325e+05, 1.000000000000000e-10, 3.039039153200237e+12
757, 1.177265804413341e-01, 5.343548099423524e-02, 3.106472662846965e-02, 0.000000000000000e+00, 0.000000000000000e+00, 2.281748887093357e+05, 1.000000000000000e-10, 3.031981982673631e+12
758, 1.174664684675190e-01, 5.338589308669706e-02, 3.112392649454393e-02, 0.000000000000000e+00, 0.000000000000000e+00, 2.286042087192953e+05, 1.000000000000000e-10, 3.024949945905833e+12
759, 1.172063591588212e-01, 5.333616927397992e-02, 3.118345369748573e-02, 0.000000000000000e+00, 0.000000000000000e+00, 2.290358914269946e+05, 1.000000000000000e-10, 3.017935872520770e+12
760, 1.169462788022903e-01, 5.328631421974769e-02, 3.124331561019447e-02, 0.000000000000000e+00, 0.000000000000000e+00, 2.294699859579879e+05, 1.000000000000000e-10, 3.010930873765336e+12
761, 1.166862197458429e-01, 5.323632828313751e-02, 3.130351724088222e-02, 0.000000000000000e+00, 0.000000000000000e+00, 2.299065277285387e+05, 1.000000000000000e-10, 3.003936690658496e+12
762, 1.164261854608350e-01, 5.318621332545419e-02, 3.136405092256375e-02, 0.000000000000000e+00, 0.000000000000000e+00, 2.303454639941765e+05, 1.000000000000000e-10, 2.996963037832223e+12
763, 1.161661762510151e-01, 5.313596836865826e-02, 3.142491515851367e-02, 0.000000000000000e+00, 0.000000000000000e+00, 2.307867850675397e+05, 1.000000000000000e-10, 2.990009637874094e+12
764, 1.159061892918255e-01, 5.308559199624190e-02, 3.148611595084060e-02, 0.000000000000000e+00, 0.000000000000000e+00, 2.312305329676585e+05, 1.000000000000000e-10, 2.983072088074806e+12
765, 1.156462309920779e-01, 5.303508557496250e-02, 3.154765363528723e-02, 0.000000000000000e+00, 0.000000000000000e+00, 2.316767106200901e+05, 1.000000000000000e-10, 2.976155559932672e+12
766, 1.153862983213056e-01, 5.298444738779312e-02, 3.160952713686957e-02, 0.000000000000000e+00, 0.000000000000000e+00, 2.321253119702902e+05, 1.000000000000000e-10, 2.969263299722022e+12
767, 1.151263916395426e-01, 5.293367563687419e-02, 3.167174250469175e-02, 0.000000000000000e+00, 0.000000000000000e+00, 2.325763792298934e+05, 1.000000000000000e-10, 2.962388696649441e+12
768, 1.148665137031607e-01, 5.288277059719020e-02, 3.173431219883018e-02, 0.000000000000000e+00, 0.000000000000000e+00, 2.330299985593334e+05, 1.000000000000000e-10, 2.955522249456228e+12
769, 1.146066590392850e-01, 5.283173306701305e-02, 3.179724031640040e-02, 0.000000000000000e+00, 0.000000000000000e+00, 2.334861988260234e+05, 1.000000000000000e-10, 2.948666433305147e+12
770, 1.143468300771612e-01, 5.278056460820677e-02, 3.186051933949009e-02, 0.000000000000000e+00, 0.000000000000000e+00, 2.339449286131764e+05, 1.000000000000000e-10, 2.941830646680282e+12
771, 1.140870271521668e-01, 5.272926418448504e-02, 3.192414824061009e-02, 0.000000000000000e+00, 0.000000000000000e+00, 2.344061815551592e+05, 1.000000000000000e-10, 2.935014147528205e+12
772, 1.138272489887603e-01, 5.267783072023097e-02, 3.198813408948416e-02, 0.000000000000000e+00, 0.000000000000000e+00, 2.348700067483205e+05, 1.000000000000000e-10, 2.928211140971194e+12
773, 1.135674989578283e-01, 5.262626540660345e-02, 3.205247471510720e-02, 0.000000000000000e+00, 0.000000000000000e+00, 2.353363906618404e+05, 1.000000000000000e-10, 2.921432656149814e+12
774, 1.133077756650485e-01, 5.257456577154400e-02, 3.211716531663955e-02, 0.000000000000000e+00, 0.000000000000000e+00, 2.358053018348237e+05, 1.000000000000000e-10, 2.914683520440022e+12
775, 1.130480797348101e-01, 5.252272872875379e-02, 3.218221799886098e-02, 0.000000000000000e+00, 0.000000000000000e+00, 2.362768241430768e+05, 1.000000000000000e-10, 2.907949785733096e+12
776, 1.127884112228749e-01, 5.247075447714854e-02, 3.224765547941695e-02, 0.000000000000000e+00, 0.000000000000000e+00, 2.367511139240839e+05, 1.000000000000000e-10, 2.901213747261408e+12
777, 1.125287694791219e-01, 5.241864706636879e-02, 3.231347990996005e-02, 0.000000000000000e+00, 0.000000000000000e+00, 2.372281856664265e+05, 1.000000000000000e-10, 2.894482125268790e+12
778, 1.122691535167528e-01, 5.236640859928194e-02, 3.237967311989957e-02, 0.000000000000000e+00, 0.000000000000000e+00, 2.377079154369757e+05, 1.000000000000000e-10, 2.887775474724681e+12
779, 1.120095636296323e-01, 5.231403656495777e-02, 3.244622724756819e-02, 0.000000000000000e+00, 0.000000000000000e+00, 2.381902503761519e+05, 1.000000000000000e-10, 2.881095865723428e+12
780, 1.117500023504794e-01, 5.226152868118574e-02, 3.251315276398654e-02, 0.000000000000000e+00, 0.000000000000000e+00, 2.386752630449932e+05, 1.000000000000000e-10, 2.874433467313689e+12
781, 1.114904681504583e-01, 5.220888425287953e-02, 3.258046373030740e-02, 0.000000000000000e+00, 0.000000000000000e+00, 2.391630513903787e+05, 1.000000000000000e-10, 2.867782310585415e+12
782, 1.112309615313072e-01, 5.215610423463388e-02, 3.264816370204701e-02, 0.000000000000000e+00, 0.000000000000000e+00, 2.396536401402116e+05, 1.000000000000000e-10, 2.861142956398425e+12
783, 1.109714804771680e-01, 5.210318884704760e-02, 3.271625050310976e-02, 0.000000000000000e+00, 0.000000000000000e+00, 2.401470152551153e+05, 1.000000000000000e-10, 2.854520685343208e+12
784, 1.107120288669744e-01, 5.205013820787195e-02, 3.278472108348338e-02, 0.000000000000000e+00, 0.000000000000000e+00, 2.406431567130902e+05, 1.000000000000000e-10, 2.847919673152071e+12
785, 1.104525882960305e-01, 5.199694694049340e-02, 3.285358300250744e-02, 0.000000000000000e+00, 0.000000000000000e+00, 2.411421192755612e+05, 1.000000000000000e-10, 2.841337249939769e+12
786, 1.101931352709523e-01, 5.194360911299659e-02, 3.292285444374182e-02, 0.000000000000000e+00, 0.000000000000000e+00, 2.416440315866674e+05, 1.000000000000000e-10, 2.834763673131851e+12
787, 1.099338209564853e-01, 5.189015682637396e-02, 3.299250208675591e-02, 0.000000000000000e+00, 0.000000000000000e+00, 2.421486476778756e+05, 1.000000000000000e-10, 2.828203603481645e+12
788, 1.096744316138105e-01, 5.183654722548801e-02, 3.306258022329493e-02, 0.000000000000000e+00, 0.000000000000000e+00, 2.426563657586981e+05, 1.000000000000000e-10, 2.821655275606711e+12
789, 1.094151940826154e-01, 5.178282668632562e-02, 3.313302579691246e-02, 0.000000000000000e+00, 0.000000000000000e+00, 2.431667274478181e+05, 1.000000000000000e-10, 2.815128979961467e+12
790, 1.091559122084865e-01, 5.172895387508543e-02, 3.320389645601134e-02, 0.000000000000000e+00, 0.000000000000000e+00, 2.436801519856548e+05, 1.000000000000000e-10, 2.808614503847255e+12
791, 1.088966591431097e-01, 5.167494378814932e-02, 3.327517544474029e-02, 0.000000000000000e+00, 0.000000000000000e+00, 2.441965167922827e+05, 1.000000000000000e-10, 2.802116292226916e+12
792, 1.086374349722807e-01, 5.162079586484640e-02, 3.334686282380952e-02, 0.000000000000000e+00, 0.000000000000000e+00, 2.447158238960099e+05, 1.000000000000000e-10, 2.795638351567487e+12
793, 1.083782267435449e-01, 5.156650582538666e-02, 3.341896703284970e-02, 0.000000000000000e+00, 0.000000000000000e+00, 2.452381334345420e+05, 1.000000000000000e-10, 2.789175244148472e+12
794, 1.081190600750084e-01, 5.151207873072082e-02, 3.349148908472252e-02, 0.000000000000000e+00, 0.000000000000000e+00, 2.457634506043564e+05, 1.000000000000000e-10, 2.782726643037270e+12
795, 1.078599228974891e-01, 5.145751196925739e-02, 3.356443418344453e-02, 0.000000000000000e+00, 0.000000000000000e+00, 2.462918134587925e+05, 1.000000000000000e-10, 2.776293909325290e+12
796, 1.076008153829452e-01, 5.140280500958778e-02, 3.363780527421738e-02, 0.000000000000000e+00, 0.000000000000000e+00, 2.468232429257591e+05, 1.000000000000000e-10, 2.769875566961949e+12
797, 1.073417552843140e-01, 5.134796142199820e-02, 3.371160666335764e-02, 0.000000000000000e+00, 0.000000000000000e+00, 2.473577668948765e+05, 1.000000000000000e-10, 2.763465818383132e+12
798, 1.070827083758290e-01, 5.129297531919255e-02, 3.378584950751411e-02, 0.000000000000000e+00, 0.000000000000000e+00, 2.478954664330919e+05, 1.000000000000000e-10, 2.757067492930902e+12
799, 1.068236910732685e-01, 5.123785039111311e-02, 3.386052594626841e-02, 0.000000000000000e+00, 0.000000000000000e+00, 2.484362868168681e+05, 1.000000000000000e-10, 2.750685788200924e+12
800, 1.065647015929222e-01, 5.118258538470877e-02, 3.393563807170298e-02, 0.000000000000000e+00, 0.000000000000000e+00, 2.489802436905473e+05, 1.000000000000000e-10, 2.744320040574492e+12
801, 1.063057430494536e-01, 5.112718028350377e-02, 3.401118988796573e-02, 0.000000000000000e+00, 0.000000000000000e+00, 2.495273648988744e+05, 1.000000000000000e-10, 2.737968823387880e+12
802, 1.060468142921062e-01, 5.107163452554495e-02, 3.408718919000401e-02, 0.000000000000000e+00, 0.000000000000000e+00, 2.500777050183110e+05, 1.000000000000000e-10, 2.731628959964121e+12
803, 1.057879134329502e-01, 5.101594810347816e-02, 3.416364120473167e-02, 0.000000000000000e+00, 0.000000000000000e+00, 2.506313004921148e+05, 1.000000000000000e-10, 2.725299056462152e+12
804, 1.055290474990856e-01, 5.096012320466996e-02, 3.424054106417859e-02, 0.000000000000000e+00, 0.000000000000000e+00, 2.511881185185955e+05, 1.000000000000000e-10, 2.718987387288972e+12
805, 1.052702097678651e-01, 5.090415702232745e-02, 3.431788656296399e-02, 0.000000000000000e+00, 0.000000000000000e+00, 2.517481469869348e+05, 1.000000000000000e-10, 2.712699147263579e+12
806, 1.050114033050477e-01, 5.084804759222981e-02, 3.439568609987687e-02, 0.000000000000000e+00, 0.000000000000000e+00, 2.523114438388026e+05, 1.000000000000000e-10, 2.706425073127999e+12
807, 1.047526131720568e-01, 5.079179146059276e-02, 3.447395632776710e-02, 0.000000000000000e+00, 0.000000000000000e+00, 2.528781266249242e+05, 1.000000000000000e-10, 2.700162928749608e+12
808, 1.044938702435457e-01, 5.073539535490312e-02, 3.455268889932461e-02, 0.000000000000000e+00, 0.000000000000000e+00, 2.534481352336462e+05, 1.000000000000000e-10, 2.693917026434326e+12
809, 1.042351692600050e-01, 5.067885736746326e-02, 3.463188973170402e-02, 0.000000000000000e+00, 0.000000000000000e+00, 2.540215116245438e+05, 1.000000000000000e-10, 2.687683848949376e+12
810, 1.039764875856117e-01, 5.062217263177783e-02, 3.471157832711162e-02, 0.000000000000000e+00, 0.000000000000000e+00, 2.545983925481910e+05, 1.000000000000000e-10, 2.681453907651196e+12
811, 1.037178354792447e-01, 5.056534553034784e-02, 3.479175128918861e-02, 0.000000000000000e+00, 0.000000000000000e+00, 2.551787537561189e+05, 1.000000000000000e-10, 2.675234786395583e+12
812, 1.034592183781955e-01, 5.050837746928057e-02, 3.487240063621298e-02, 0.000000000000000e+00, 0.000000000000000e+00, 2.557625415289223e+05, 1.000000000000000e-10, 2.669032920057638e+12
813, 1.032006312653795e-01, 5.045126607066883e-02, 3.495353012480733e-02, 0.000000000000000e+00, 0.000000000000000e+00, 2.563497834323772e+05, 1.000000000000000e-10, 2.662846158783759e+12
814, 1.029420746952456e-01, 5.039401074636631e-02, 3.503514701667226e-02, 0.000000000000000e+00, 0.000000000000000e+00, 2.569405300424514e+05, 1.000000000000000e-10, 2.656672029341807e+12
815, 1.026835493939808e-01, 5.033661152977681e-02, 3.511725289433713e-02, 0.000000000000000e+00, 0.000000000000000e+00, 2.575347941984964e+05, 1.000000000000000e-10, 2.650516085373884e+12
816, 1.024250436326637e-01, 5.027906421614798e-02, 3.519985319910760e-02, 0.000000000000000e+00, 0.000000000000000e+00, 2.581326159660208e+05, 1.000000000000000e-10, 2.644376662789221e+12
817, 1.021665226668281e-01, 5.022135982883082e-02, 3.528297293032823e-02, 0.000000000000000e+00, 0.000000000000000e+00, 2.587341724095927e+05, 1.000000000000000e-10, 2.638243479524601e+12
818, 1.019081461774051e-01, 5.016353503212535e-02, 3.536657039373486e-02, 0.000000000000000e+00, 0.000000000000000e+00, 2.593391559047679e+05, 1.000000000000000e-10, 2.632120607090845e+12
819, 1.016497044794459e-01, 5.010554434188626e-02, 3.545071062526913e-02, 0.000000000000000e+00, 0.000000000000000e+00, 2.599480360669160e+05, 1.000000000000000e-10, 2.626006541333363e+12
820, 1.013914130046047e-01, 5.004743572356353e-02, 3.553531655302284e-02, 0.000000000000000e+00, 0.000000000000000e+00, 2.605602757759617e+05, 1.000000000000000e-10, 2.619918354718555e+12
821, 1.011330845208990e-01, 4.998916467684124e-02, 3.562045158176683e-02, 0.000000000000000e+00, 0.000000000000000e+00, 2.611763180950398e+05, 1.000000000000000e-10, 2.613846541665784e+12
822, 1.008747899967955e-01, 4.993074534257593e-02, 3.570610999598262e-02, 0.000000000000000e+00, 0.000000000000000e+00, 2.617961215562154e+05, 1.000000000000000e-10, 2.607782092475296e+12
823, 1.006165291797615e-01, 4.987217881271636e-02, 3.579230505046702e-02, 0.000000000000000e+00, 0.000000000000000e+00, 2.624197767901108e+05, 1.000000000000000e-10, 2.601722068582672e+12
824, 1.003582831660669e-01, 4.981346247545997e-02, 3.587903860542706e-02, 0.000000000000000e+00, 0.000000000000000e+00, 2.630473002256668e+05, 1.000000000000000e-10, 2.595674188569883e+12
825, 1.001000874944267e-01, 4.975460389019085e-02, 3.596629735827919e-02, 0.000000000000000e+00, 0.000000000000000e+00, 2.636785973904254e+05, 1.000000000000000e-10, 2.589640322084760e+12
826, 9.984192564136325e-02, 4.969559876456006e-02, 3.605409287387658e-02, 0.000000000000000e+00, 0.000000000000000e+00, 2.643137505757777e+05, 1.000000000000000e-10, 2.583617309259504e+12
827, 9.958379774597192e-02, 4.963644722246864e-02, 3.614242798376684e-02, 0.000000000000000e+00, 0.000000000000000e+00, 2.649527806942641e+05, 1.000000000000000e-10, 2.577608507433752e+12
828, 9.932571748161488e-02, 4.957715158130228e-02, 3.623129689014992e-02, 0.000000000000000e+00, 0.000000000000000e+00, 2.655956485416506e+05, 1.000000000000000e-10, 2.571619521194558e+12
829, 9.906765655394570e-02, 4.951770324613691e-02, 3.632071630932678e-02, 0.000000000000000e+00, 0.000000000000000e+00, 2.662424738543027e+05, 1.000000000000000e-10, 2.565643704224239e+12
830, 9.880963044153476e-02, 4.945810516580014e-02, 3.641069663665313e-02, 0.000000000000000e+00, 0.000000000000000e+00, 2.668933263203862e+05, 1.000000000000000e-10, 2.559674822028562e+12
831, 9.855163918030829e-02, 4.939835837485625e-02, 3.650124415982590e-02, 0.000000000000000e+00, 0.000000000000000e+00, 2.675482493791919e+05, 1.000000000000000e-10, 2.553713538548277e+12
832, 9.829368544374248e-02, 4.933846423914948e-02, 3.659235473516339e-02, 0.000000000000000e+00, 0.000000000000000e+00, 2.682072158551554e+05, 1.000000000000000e-10, 2.547766361891045e+12
833, 9.803576312529340e-02, 4.927842043597291e-02, 3.668403034506465e-02, 0.000000000000000e+00, 0.000000000000000e+00, 2.688702424692875e+05, 1.000000000000000e-10, 2.541834809909775e+12
834, 9.777787624181117e-02, 4.921822660582996e-02, 3.677627610060241e-02, 0.000000000000000e+00, 0.000000000000000e+00, 2.695373646875907e+05, 1.000000000000000e-10, 2.535916087320195e+12
835, 9.752002366038282e-02, 4.915788197453451e-02, 3.686910326008031e-02, 0.000000000000000e+00, 0.000000000000000e+00, 2.702086610324604e+05, 1.000000000000000e-10, 2.530006952332272e+12
836, 9.726220590766453e-02, 4.909738689616513e-02, 3.696251625596814e-02, 0.000000000000000e+00, 0.000000000000000e+00, 2.708841628284481e+05, 1.000000000000000e-10, 2.524108819375110e+12
837, 9.700442411461044e-02, 4.903674144966000e-02, 3.705651734091715e-02, 0.000000000000000e+00, 0.000000000000000e+00, 2.715638865794887e+05, 1.000000000000000e-10, 2.518222266179178e+12
838, 9.674667837757824e-02, 4.897594534318316e-02, 3.715111590034652e-02, 0.000000000000000e+00, 0.000000000000000e+00, 2.722478973113130e+05, 1.000000000000000e-10, 2.512342240343925e+12
839, 9.648896342018481e-02, 4.891499829642224e-02, 3.724631834531517e-02, 0.000000000000000e+00, 0.000000000000000e+00, 2.729362401765287e+05, 1.000000000000000e-10, 2.506470298068098e+12
840, 9.623128827117998e-02, 4.885390287020837e-02, 3.734211588613442e-02, 0.000000000000000e+00, 0.000000000000000e+00, 2.736288565782023e+05, 1.000000000000000e-10, 2.500616741831694e+12
841, 9.597363473928545e-02, 4.879265259003491e-02, 3.743851538779337e-02, 0.000000000000000e+00, 0.000000000000000e+00, 2.743257989111572e+05, 1.000000000000000e-10, 2.494780469244085e+12
842, 9.571603096456203e-02, 4.873125222584537e-02, 3.753552135660791e-02, 0.000000000000000e+00, 0.000000000000000e+00, 2.750270944652471e+05, 1.000000000000000e-10, 2.488954253119967e+12
843, 9.545848370922204e-02, 4.866970363999369e-02, 3.763314009783260e-02, 0.000000000000000e+00, 0.000000000000000e+00, 2.757327871519185e+05, 1.000000000000000e-10, 2.483141594272457e+12
844, 9.520095182691429e-02, 4.860799622433117e-02, 3.773138646617034e-02, 0.000000000000000e+00, 0.000000000000000e+00, 2.764429871392607e+05, 1.000000000000000e-10, 2.477343984504841e+12
845, 9.494345780336141e-02, 4.854613381409958e-02, 3.783027098914077e-02, 0.000000000000000e+00, 0.000000000000000e+00, 2.771577626214659e+05, 1.000000000000000e-10, 2.471546664075779e+12
846, 9.468600113711437e-02, 4.848411884695884e-02, 3.792981156826389e-02, 0.000000000000000e+00, 0.000000000000000e+00, 2.778772344094862e+05, 1.000000000000000e-10, 2.465744438752501e+12
847, 9.442858105889564e-02, 4.842195478158616e-02, 3.802999293499683e-02, 0.000000000000000e+00, 0.000000000000000e+00, 2.786013005835190e+05, 1.000000000000000e-10, 2.459957496900556e+12
848, 9.417119815936204e-02, 4.835964004200387e-02, 3.813079152628106e-02, 0.000000000000000e+00, 0.000000000000000e+00, 2.793298063090310e+05, 1.000000000000000e-10, 2.454203122986101e+12
849, 9.391385386528645e-02, 4.829716902745049e-02, 3.823221718682523e-02, 0.000000000000000e+00, 0.000000000000000e+00, 2.800628217100797e+05, 1.000000000000000e-10, 2.448469870179178e+12
850, 9.365654978978344e-02, 4.823453944948580e-02, 3.833431333227125e-02, 0.000000000000000e+00, 0.000000000000000e+00, 2.808006414822729e+05, 1.000000000000000e-10, 2.442730935883511e+12
851, 9.339928104607087e-02, 4.817175424790645e-02, 3.843710280496356e-02, 0.000000000000000e+00, 0.000000000000000e+00, 2.815434202786201e+05, 1.000000000000000e-10, 2.436984771983861e+12
852, 9.314204689957482e-02, 4.810881729827202e-02, 3.854056399854723e-02, 0.000000000000000e+00, 0.000000000000000e+00, 2.822910132766775e+05, 1.000000000000000e-10, 2.431253648693165e+12
853, 9.288485099614616e-02, 4.804572768465505e-02, 3.864467831644730e-02, 0.000000000000000e+00, 0.000000000000000e+00, 2.830432978480716e+05, 1.000000000000000e-10, 2.425546110503579e+12
854, 9.262768557569082e-02, 4.798247979970417e-02, 3.874946246180466e-02, 0.000000000000000e+00, 0.000000000000000e+00, 2.838003911838363e+05, 1.000000000000000e-10, 2.419851583522680e+12
855, 9.237056543982054e-02, 4.791907639302624e-02, 3.885493155922711e-02, 0.000000000000000e+00, 0.000000000000000e+00, 2.845623951944471e+05, 1.000000000000000e-10, 2.414165532933382e+12
856, 9.211348480030289e-02, 4.785551630430684e-02, 3.896109360112243e-02, 0.000000000000000e+00, 0.000000000000000e+00, 2.853293671856557e+05, 1.000000000000000e-10, 2.408490829014881e+12
857, 9.185644389672069e-02, 4.779179895328586e-02, 3.906795307768022e-02, 0.000000000000000e+00, 0.000000000000000e+00, 2.861013393470851e+05, 1.000000000000000e-10, 2.402825962877553e+12
858, 9.159946220038495e-02, 4.772792898055411e-02, 3.917551601531429e-02, 0.000000000000000e+00, 0.000000000000000e+00, 2.868783499377975e+05, 1.000000000000000e-10, 2.397165083952297e+12
859, 9.134249808793532e-02, 4.766389753113767e-02, 3.928380285092115e-02, 0.000000000000000e+00, 0.000000000000000e+00, 2.876605467638199e+05, 1.000000000000000e-10, 2.391511589244781e+12
860, 9.108557363579411e-02, 4.759971013476189e-02, 3.939280210602748e-02, 0.000000000000000e+00, 0.000000000000000e+00, 2.884478503600569e+05, 1.000000000000000e-10, 2.385870560625546e+12
861, 9.082868929359877e-02, 4.753536589186340e-02, 3.950251767405372e-02, 0.000000000000000e+00, 0.000000000000000e+00, 2.892402894101517e+05, 1.000000000000000e-10, 2.380241599543628e+12
862, 9.057184945311655e-02, 4.747086505086386e-02, 3.961295764128312e-02, 0.000000000000000e+00, 0.000000000000000e+00, 2.900379196907652e+05, 1.000000000000000e-10, 2.374622052953456e+12
863, 9.031504480887700e-02, 4.740620514698889e-02, 3.972413857795927e-02, 0.000000000000000e+00, 0.000000000000000e+00, 2.908408572082377e+05, 1.000000000000000e-10, 2.369008062707903e+12
864, 9.005827976512761e-02, 4.734138800257376e-02, 3.983606614398924e-02, 0.000000000000000e+00, 0.000000000000000e+00, 2.916491401176744e+05, 1.000000000000000e-10, 2.363398667654741e+12
865, 8.980155407107286e-02, 4.727641451915236e-02, 3.994872893381575e-02, 0.000000000000000e+00, 0.000000000000000e+00, 2.924626958241079e+05, 1.000000000000000e-10, 2.357812498979773e+12
866, 8.954486411674525e-02, 4.721127974462064e-02, 4.006212120159761e-02, 0.000000000000000e+00, 0.000000000000000e+00, 2.932814916773685e+05, 1.000000000000000e-10, 2.352252928625975e+12
867, 8.928822449960878e-02, 4.714598269911853e-02, 4.017627160017048e-02, 0.000000000000000e+00, 0.000000000000000e+00, 2.941057202025282e+05, 1.000000000000000e-10, 2.346695953944942e+12
868, 8.903162283690808e-02, 4.708052211766548e-02, 4.029122560698405e-02, 0.000000000000000e+00, 0.000000000000000e+00, 2.949356905144812e+05, 1.000000000000000e-10, 2.341126272314924e+12
869, 8.877506547217882e-02, 4.701490501756025e-02, 4.040697145672230e-02, 0.000000000000000e+00, 0.000000000000000e+00, 2.957713216691404e+05, 1.000000000000000e-10, 2.335561523891108e+12
870, 8.851854481631106e-02, 4.694913001245159e-02, 4.052348725544659e-02, 0.000000000000000e+00, 0.000000000000000e+00, 2.966124716960182e+05, 1.000000000000000e-10, 2.330017306816267e+12
871, 8.826206580205843e-02, 4.688319492511009e-02, 4.064077378422504e-02, 0.000000000000000e+00, 0.000000000000000e+00, 2.974591485580195e+05, 1.000000000000000e-10, 2.324489011611263e+12
872, 8.800562697201515e-02, 4.681709744883956e-02, 4.075885469913769e-02, 0.000000000000000e+00, 0.000000000000000e+00, 2.983115149427739e+05, 1.000000000000000e-10, 2.318968285269231e+12
873, 8.774923078698764e-02, 4.675083839594722e-02, 4.087773735977809e-02, 0.000000000000000e+00, 0.000000000000000e+00, 2.991696235003016e+05, 1.000000000000000e-10, 2.313461071357153e+12
874, 8.749287761295724e-02, 4.668441632344632e-02, 4.099742505062749e-02, 0.000000000000000e+00, 0.000000000000000e+00, 3.000334991692315e+05, 1.000000000000000e-10, 2.307966453247689e+12
875, 8.723656226728176e-02, 4.661782869375421e-02, 4.111794868456554e-02, 0.000000000000000e+00, 0.000000000000000e+00, 3.009033528298786e+05, 1.000000000000000e-10, 2.302466645624665e+12
876, 8.698029461796684e-02, 4.655108152670806e-02, 4.123932008575696e-02, 0.000000000000000e+00, 0.000000000000000e+00, 3.017792610539206e+05, 1.000000000000000e-10, 2.296961591766295e+12
877, 8.672406801591795e-02, 4.648417639056682e-02, 4.136151734385109e-02, 0.000000000000000e+00, 0.000000000000000e+00, 3.026610811991320e+05, 1.000000000000000e-10, 2.291476773004428e+12
878, 8.646787938103304e-02, 4.641710885323846e-02, 4.148452089824917e-02, 0.000000000000000e+00, 0.000000000000000e+00, 3.035486893262283e+05, 1.000000000000000e-10, 2.286023064352036e+12
879, 8.621173936428897e-02, 4.634987550353096e-02, 4.160835488816549e-02, 0.000000000000000e+00, 0.000000000000000e+00, 3.044422496692130e+05, 1.000000000000000e-10, 2.280580100192569e+12
880, 8.595564134462079e-02, 4.628247414138675e-02, 4.173307367428445e-02, 0.000000000000000e+00, 0.000000000000000e+00, 3.053421305407477e+05, 1.000000000000000e-10, 2.275125904992725e+12
881, 8.569958262473214e-02, 4.621490905132426e-02, 4.185868700317871e-02, 0.000000000000000e+00, 0.000000000000000e+00, 3.062483974357020e+05, 1.000000000000000e-10, 2.269668395229831e+12
882, 8.544357275933580e-02, 4.614718526827623e-02, 4.198516297885040e-02, 0.000000000000000e+00, 0.000000000000000e+00, 3.071608368086780e+05, 1.000000000000000e-10, 2.264229173807563e+12
883, 8.518760283811352e-02, 4.607929735462257e-02, 4.211249958985919e-02, 0.000000000000000e+00, 0.000000000000000e+00, 3.080794424357142e+05, 1.000000000000000e-10, 2.258807754905110e+12
884, 8.493167668354026e-02, 4.601124357469701e-02, 4.224071923071871e-02, 0.000000000000000e+00, 0.000000000000000e+00, 3.090043672029751e+05, 1.000000000000000e-10, 2.253393324971859e+12
885, 8.467579589238843e-02, 4.594302453889829e-02, 4.236983546166682e-02, 0.000000000000000e+00, 0.000000000000000e+00, 3.099357059787032e+05, 1.000000000000000e-10, 2.247990412728570e+12
886, 8.441995464831203e-02, 4.587463746580012e-02, 4.249985509057046e-02, 0.000000000000000e+00, 0.000000000000000e+00, 3.108735094011400e+05, 1.000000000000000e-10, 2.242598905795527e+12
887, 8.416416424964444e-02, 4.580608419168913e-02, 4.263079218041007e-02, 0.000000000000000e+00, 0.000000000000000e+00, 3.118178720241455e+05, 1.000000000000000e-10, 2.237210769996389e+12
888, 8.390841845037626e-02, 4.573736412528132e-02, 4.276266404808818e-02, 0.000000000000000e+00, 0.000000000000000e+00, 3.127689137167866e+05, 1.000000000000000e-10, 2.231825594400683e+12
889, 8.365271505371490e-02, 4.566847764548686e-02, 4.289547044081062e-02, 0.000000000000000e+00, 0.000000000000000e+00, 3.137266360054578e+05, 1.000000000000000e-10, 2.226449684897328e+12
890, 8.339705766988741e-02, 4.559942495700483e-02, 4.302921917079991e-02, 0.000000000000000e+00, 0.000000000000000e+00, 3.146910935814588e+05, 1.000000000000000e-10, 2.221078045674668e+12
891, 8.314144428826876e-02, 4.553020620870837e-02, 4.316392188999756e-02, 0.000000000000000e+00, 0.000000000000000e+00, 3.156623671103564e+05, 1.000000000000000e-10, 2.215711116107999e+12
892, 8.288587571150696e-02, 4.546082207946468e-02, 4.329957263477935e-02, 0.000000000000000e+00, 0.000000000000000e+00, 3.166404213673864e+05, 1.000000000000000e-10, 2.210361275696642e+12
893, 8.263035389989053e-02, 4.539127019245805e-02, 4.343617098067741e-02, 0.000000000000000e+00, 0.000000000000000e+00, 3.176252584668692e+05, 1.000000000000000e-10, 2.205029071370538e+12
894, 8.237487490652909e-02, 4.532154661747891e-02, 4.357374871451108e-02, 0.000000000000000e+00, 0.000000000000000e+00, 3.186170962492243e+05, 1.000000000000000e-10, 2.199699821344641e+12
895, 8.211937912818920e-02, 4.525163611197534e-02, 4.371236545182996e-02, 0.000000000000000e+00, 0.000000000000000e+00, 3.196163538840699e+05, 1.000000000000000e-10, 2.194366430857322e+12
896, 8.186403851094524e-02, 4.518158783123101e-02, 4.385192473343106e-02, 0.000000000000000e+00, 0.000000000000000e+00, 3.206223374917745e+05, 1.000000000000000e-10, 2.189045293253242e+12
897, 8.160865191849771e-02, 4.511134608803574e-02, 4.399253726607448e-02, 0.000000000000000e+00, 0.000000000000000e+00, 3.216358514382010e+05, 1.000000000000000e-10, 2.183728991623001e+12
898, 8.135343549489056e-02, 4.504096970373497e-02, 4.413409606031615e-02, 0.000000000000000e+00, 0.000000000000000e+00, 3.226561186958503e+05, 1.000000000000000e-10, 2.178423062001949e+12
899, 8.109818792608774e-02, 4.497040347179618e-02, 4.427671784681238e-02, 0.000000000000000e+00, 0.000000000000000e+00, 3.236839844944024e+05, 1.000000000000000e-10, 2.173125913919818e+12
900, 8.084298899965742e-02, 4.489966775955671e-02, 4.442035884475158e-02, 0.000000000000000e+00, 0.000000000000000e+00, 3.247191380024097e+05, 1.000000000000000e-10, 2.167845281515325e+12
901, 8.058784292484705e-02, 4.482876097642881e-02, 4.456503767292655e-02, 0.000000000000000e+00, 0.000000000000000e+00, 3.257617070044292e+05, 1.000000000000000e-10, 2.162571322076714e+12
902, 8.033274128962073e-02, 4.475768081363267e-02, 4.471078442789868e-02, 0.000000000000000e+00, 0.000000000000000e+00, 3.268118993749295e+05, 1.000000000000000e-10, 2.157300083201224e+12
903, 8.007768695574149e-02, 4.468642888195169e-02, 4.485760264284257e-02, 0.000000000000000e+00, 0.000000000000000e+00, 3.278697407662496e+05, 1.000000000000000e-10, 2.152035919035383e+12
904, 7.982268137193375e-02, 4.461500519484628e-02, 4.500549975214448e-02, 0.000000000000000e+00, 0.000000000000000e+00, 3.289352846696943e+05, 1.000000000000000e-10, 2.146777587260714e+12
905, 7.956772476697892e-02, 4.454340981848311e-02, 4.515448781691891e-02, 0.000000000000000e+00, 0.000000000000000e+00, 3.300086150543764e+05, 1.000000000000000e-10, 2.141524125669306e+12
906, 7.931280682067686e-02, 4.447164007696339e-02, 4.530457950371682e-02, 0.000000000000000e+00, 0.000000000000000e+00, 3.310898236892307e+05, 1.000000000000000e-10, 2.136278156219549e+12
907, 7.905795312090366e-02, 4.439970254367755e-02, 4.545576971161584e-02, 0.000000000000000e+00, 0.000000000000000e+00, 3.321788731571792e+05, 1.000000000000000e-10, 2.131039856981979e+12
908, 7.880314172328612e-02, 4.432759065365298e-02, 4.560808296035124e-02, 0.000000000000000e+00, 0.000000000000000e+00, 3.332759379093661e+05, 1.000000000000000e-10, 2.125807772796224e+12
909, 7.854837902815989e-02, 4.425530596630876e-02, 4.576152434532407e-02, 0.000000000000000e+00, 0.000000000000000e+00, 3.343810553141527e+05, 1.000000000000000e-10, 2.120585374245900e+12
910, 7.829366184755099e-02, 4.418284640320669e-02, 4.591610468958692e-02, 0.000000000000000e+00, 0.000000000000000e+00, 3.354943034787329e+05, 1.000000000000000e-10, 2.115372238766756e+12
911, 7.803900119255720e-02, 4.411021405036282e-02, 4.607183634856384e-02, 0.000000000000000e+00, 0.000000000000000e+00, 3.366157659576031e+05, 1.000000000000000e-10, 2.110164163540642e+12
912, 7.778438741129702e-02, 4.403740635959282e-02, 4.622874180421616e-02, 0.000000000000000e+00, 0.000000000000000e+00, 3.377456001614066e+05, 1.000000000000000e-10, 2.104960063974808e+12
913, 7.752981980829596e-02, 4.396442342049448e-02, 4.638682764513658e-02, 0.000000000000000e+00, 0.000000000000000e+00, 3.388838541618150e+05, 1.000000000000000e-10, 2.099763048391963e+12
914, 7.727530518708021e-02, 4.389126659928566e-02, 4.654610275960890e-02, 0.000000000000000e+00, 0.000000000000000e+00, 3.400305900627656e+05, 1.000000000000000e-10, 2.094570838317646e+12
915, 7.702084274014563e-02, 4.381793580190876e-02, 4.670658098127733e-02, 0.000000000000000e+00, 0.000000000000000e+00, 3.411859038900536e+05, 1.000000000000000e-10, 2.089382850045725e+12
916, 7.676643224236555e-02, 4.374443120689517e-02, 4.686826523053404e-02, 0.000000000000000e+00, 0.000000000000000e+00, 3.423498210797443e+05, 1.000000000000000e-10, 2.084206988061718e+12
917, 7.651206640050189e-02, 4.367074872233975e-02, 4.703116718930588e-02, 0.000000000000000e+00, 0.000000000000000e+00, 3.435224283903535e+05, 1.000000000000000e-10, 2.079042484123994e+12
918, 7.625775413115210e-02, 4.359688918342457e-02, 4.719530499550456e-02, 0.000000000000000e+00, 0.000000000000000e+00, 3.447038490894444e+05, 1.000000000000000e-10, 2.073883345759379e+12
919, 7.600349558697748e-02, 4.352285262095601e-02, 4.736069335872913e-02, 0.000000000000000e+00, 0.000000000000000e+00, 3.458941872421302e+05, 1.000000000000000e-10, 2.068733845349085e+12
920, 7.574929144533227e-02, 4.344863790926139e-02, 4.752734035869081e-02, 0.000000000000000e+00, 0.000000000000000e+00, 3.470935018602500e+05, 1.000000000000000e-10, 2.063593893275300e+12
921, 7.549513430213127e-02, 4.337424165860982e-02, 4.769529298721527e-02, 0.000000000000000e+00, 0.000000000000000e+00, 3.483021121665707e+05, 1.000000000000000e-10, 2.058442358552876e+12
922, 7.524102968635837e-02, 4.329966997832028e-02, 4.786457051230112e-02, 0.000000000000000e+00, 0.000000000000000e+00, 3.495201440461058e+05, 1.000000000000000e-10, 2.053281348347304e+12
923, 7.498697777035904e-02, 4.322492657094829e-02, 4.803513240559765e-02, 0.000000000000000e+00, 0.000000000000000e+00, 3.507473336717402e+05, 1.000000000000000e-10, 2.048144764578295e+12
924, 7.473297947975992e-02, 4.315000598812815e-02, 4.820695431139241e-02, 0.000000000000000e+00, 0.000000000000000e+00, 3.519835310217626e+05, 1.000000000000000e-10, 2.043040764033649e+12
925, 7.447903265986770e-02, 4.307490011624544e-02, 4.838009985026988e-02, 0.000000000000000e+00, 0.000000000000000e+00, 3.532291688398806e+05, 1.000000000000000e-10, 2.037936691128548e+12
926, 7.422513934698605e-02, 4.299961119801018e-02, 4.855463949234685e-02, 0.000000000000000e+00, 0.000000000000000e+00, 3.544847170984791e+05, 1.000000000000000e-10, 2.032814550915829e+12
927, 7.397130380824901e-02, 4.292414662174136e-02, 4.873056402529813e-02, 0.000000000000000e+00, 0.000000000000000e+00, 3.557501130777714e+05, 1.000000000000000e-10, 2.027693107554886e+12
928, 7.371751817148199e-02, 4.284850475494538e-02, 4.890784734978205e-02, 0.000000000000000e+00, 0.000000000000000e+00, 3.570251933562289e+05, 1.000000000000000e-10, 2.022589031150333e+12
929, 7.346378271007345e-02, 4.277268192005650e-02, 4.908649980565689e-02, 0.000000000000000e+00, 0.000000000000000e+00, 3.583100347683010e+05, 1.000000000000000e-10, 2.017495949011999e+12
930, 7.321010703835740e-02, 4.269667924696196e-02, 4.926654900053922e-02, 0.000000000000000e+00, 0.000000000000000e+00, 3.596048240854343e+05, 1.000000000000000e-10, 2.012408172175902e+12
931, 7.295648206664639e-02, 4.262049382965467e-02, 4.944801585032889e-02, 0.000000000000000e+00, 0.000000000000000e+00, 3.609097111930514e+05, 1.000000000000000e-10, 2.007330998896853e+12
932, 7.270291435384965e-02, 4.254412575600500e-02, 4.963091270761163e-02, 0.000000000000000e+00, 0.000000000000000e+00, 3.622247727935174e+05, 1.000000000000000e-10, 2.002259291884521e+12
933, 7.244939733388184e-02, 4.246757275146861e-02, 4.981527983275019e-02, 0.000000000000000e+00, 0.000000000000000e+00, 3.635502082549116e+05, 1.000000000000000e-10, 1.997182742729155e+12
934, 7.219592797169530e-02, 4.239083619869053e-02, 5.000113177292891e-02, 0.000000000000000e+00, 0.000000000000000e+00, 3.648864023215447e+05, 1.000000000000000e-10, 1.992109715967464e+12
935, 7.194252093213793e-02, 4.231392057990170e-02, 5.018845565288574e-02, 0.000000000000000e+00, 0.000000000000000e+00, 3.662329687107363e+05, 1.000000000000000e-10, 1.987043601550442e+12
936, 7.168917191413608e-02, 4.223682369110247e-02, 5.037727285942035e-02, 0.000000000000000e+00, 0.000000000000000e+00, 3.675901605727854e+05, 1.000000000000000e-10, 1.981980967419350e+12
937, 7.143588088417387e-02, 4.215954565600431e-02, 5.056759622386173e-02, 0.000000000000000e+00, 0.000000000000000e+00, 3.689580699455121e+05, 1.000000000000000e-10, 1.976926746782171e+12
938, 7.118265570932532e-02, 4.208208755849687e-02, 5.075942274277968e-02, 0.000000000000000e+00, 0.000000000000000e+00, 3.703366830995943e+05, 1.000000000000000e-10, 1.971888758990927e+12
939, 7.092947810397512e-02, 4.200444043326798e-02, 5.095279367858933e-02, 0.000000000000000e+00, 0.000000000000000e+00, 3.717262898050295e+05, 1.000000000000000e-10, 1.966855834331549e+12
940, 7.067635640740182e-02, 4.192660646908251e-02, 5.114775208804984e-02, 0.000000000000000e+00, 0.000000000000000e+00, 3.731271778612278e+05, 1.000000000000000e-10, 1.961815277404366e+12
941, 7.042329059452143e-02, 4.184858874787906e-02, 5.134431031702472e-02, 0.000000000000000e+00, 0.000000000000000e+00, 3.745394321974862e+05, 1.000000000000000e-10, 1.956774947763834e+12
942, 7.017028022983074e-02, 4.177038783038972e-02, 5.154245988544976e-02, 0.000000000000000e+00, 0.000000000000000e+00, 3.759630043160769e+05, 1.000000000000000e-10, 1.951744900526990e+12
943, 6.991732845593841e-02, 4.169200265859911e-02, 5.174221116514299e-02, 0.000000000000000e+00, 0.000000000000000e+00, 3.773979699692424e+05, 1.000000000000000e-10, 1.946722307955127e+12
944, 6.966443009900143e-02, 4.161343055839353e-02, 5.194359481820764e-02, 0.000000000000000e+00, 0.000000000000000e+00, 3.788445425154167e+05, 1.000000000000000e-10, 1.941704799709565e+12
945, 6.941159215764092e-02, 4.153467316606802e-02, 5.214662126548265e-02, 0.000000000000000e+00, 0.000000000000000e+00, 3.803027968651338e+05, 1.000000000000000e-10, 1.936696923272554e+12
946, 6.915881557984399e-02, 4.145572898885031e-02, 5.235131182197984e-02, 0.000000000000000e+00, 0.000000000000000e+00, 3.817728815553036e+05, 1.000000000000000e-10, 1.931693461808258e+12
947, 6.890609610497400e-02, 4.137659644147908e-02, 5.255769347042931e-02, 0.000000000000000e+00, 0.000000000000000e+00, 3.832549861783595e+05, 1.000000000000000e-10, 1.926696667605415e+12
948, 6.865343299158917e-02, 4.129727422577338e-02, 5.276577801039821e-02, 0.000000000000000e+00, 0.000000000000000e+00, 3.847491976982483e+05, 1.000000000000000e-10, 1.921709652649808e+12
949, 6.840083287922796e-02, 4.121776251478984e-02, 5.297560570531150e-02, 0.000000000000000e+00, 0.000000000000000e+00, 3.862557868701989e+05, 1.000000000000000e-10, 1.916714520306983e+12
950, 6.814827677129215e-02, 4.113805853815344e-02, 5.318723271479180e-02, 0.000000000000000e+00, 0.000000000000000e+00, 3.877751363832353e+05, 1.000000000000000e-10, 1.911705953176066e+12
951, 6.789579468661398e-02, 4.105817596911474e-02, 5.340060679479403e-02, 0.000000000000000e+00, 0.000000000000000e+00, 3.893068922374095e+05, 1.000000000000000e-10, 1.906712883554271e+12
952, 6.764338254459754e-02, 4.097810987483822e-02, 5.361570290557785e-02, 0.000000000000000e+00, 0.000000000000000e+00, 3.908509059921253e+05, 1.000000000000000e-10, 1.901749304479886e+12
953, 6.739102208924533e-02, 4.089784719272282e-02, 5.383259163906814e-02, 0.000000000000000e+00, 0.000000000000000e+00, 3.924076667704168e+05, 1.000000000000000e-10, 1.896789829103478e+12
954, 6.713871979430322e-02, 4.081738982091841e-02, 5.405135907268521e-02, 0.000000000000000e+00, 0.000000000000000e+00, 3.939777460405335e+05, 1.000000000000000e-10, 1.891809954413947e+12
955, 6.688647656954194e-02, 4.073674447233484e-02, 5.427201671367232e-02, 0.000000000000000e+00, 0.000000000000000e+00, 3.955612198653550e+05, 1.000000000000000e-10, 1.886824127969064e+12
956, 6.663429621200541e-02, 4.065591436708134e-02, 5.449451903999018e-02, 0.000000000000000e+00, 0.000000000000000e+00, 3.971577950234922e+05, 1.000000000000000e-10, 1.881857638599721e+12
957, 6.638217685482310e-02, 4.057489401549955e-02, 5.471887457161217e-02, 0.000000000000000e+00, 0.000000000000000e+00, 3.987675425929284e+05, 1.000000000000000e-10, 1.876905263518319e+12
958, 6.613011528313448e-02, 4.049367928828578e-02, 5.494514278537829e-02, 0.000000000000000e+00, 0.000000000000000e+00, 4.003908683522035e+05, 1.000000000000000e-10, 1.871954089636838e+12
959, 6.587811917654512e-02, 4.041227306058352e-02, 5.517334635769612e-02, 0.000000000000000e+00, 0.000000000000000e+00, 4.020279280747005e+05, 1.000000000000000e-10, 1.867010158819497e+12
960, 6.562618867901777e-02, 4.033067394994543e-02, 5.540350507199179e-02, 0.000000000000000e+00, 0.000000000000000e+00, 4.036788617458379e+05, 1.000000000000000e-10, 1.862070178951713e+12
961, 6.537431409939942e-02, 4.024887840133492e-02, 5.563567282948872e-02, 0.000000000000000e+00, 0.000000000000000e+00, 4.053440388643221e+05, 1.000000000000000e-10, 1.857123402954640e+12
962, 6.512249390748995e-02, 4.016688832905968e-02, 5.586986672679704e-02, 0.000000000000000e+00, 0.000000000000000e+00, 4.070235789915202e+05, 1.000000000000000e-10, 1.852178046375889e+12
963, 6.487074568624564e-02, 4.008470937914959e-02, 5.610607686656119e-02, 0.000000000000000e+00, 0.000000000000000e+00, 4.087174176687133e+05, 1.000000000000000e-10, 1.847238194735585e+12
964, 6.461906409631754e-02, 4.000233889226968e-02, 5.634433419064189e-02, 0.000000000000000e+00, 0.000000000000000e+00, 4.104257712380192e+05, 1.000000000000000e-10, 1.842299746756680e+12
965, 6.436744906002964e-02, 3.991977705125513e-02, 5.658465645141656e-02, 0.000000000000000e+00, 0.000000000000000e+00, 4.121487673274242e+05, 1.000000000000000e-10, 1.837369639874775e+12
966, 6.411590302429121e-02, 3.983702281114276e-02, 5.682705031301346e-02, 0.000000000000000e+00, 0.000000000000000e+00, 4.138864621458919e+05, 1.000000000000000e-10, 1.832454197361574e+12
967, 6.386441216503194e-02, 3.975406807438380e-02, 5.707157452447953e-02, 0.000000000000000e+00, 0.000000000000000e+00, 4.156392633970919e+05, 1.000000000000000e-10, 1.827539156410851e+12
968, 6.361298669754517e-02, 3.967091661605651e-02, 5.731828226003741e-02, 0.000000000000000e+00, 0.000000000000000e+00, 4.174075241588929e+05, 1.000000000000000e-10, 1.822613341080231e+12
969, 6.336162336713091e-02, 3.958757083503454e-02, 5.756718863090946e-02, 0.000000000000000e+00, 0.000000000000000e+00, 4.191913511646434e+05, 1.000000000000000e-10, 1.817687377096843e+12
970, 6.311032429632486e-02, 3.950403168080212e-02, 5.781827469294103e-02, 0.000000000000000e+00, 0.000000000000000e+00, 4.209906317615845e+05, 1.000000000000000e-10, 1.812777819556475e+12
971, 6.285909064987699e-02, 3.942029522647599e-02, 5.807155999518838e-02, 0.000000000000000e+00, 0.000000000000000e+00, 4.228055098071828e+05, 1.000000000000000e-10, 1.807879790487580e+12
972, 6.260792762772141e-02, 3.933636052030744e-02, 5.832710991420657e-02, 0.000000000000000e+00, 0.000000000000000e+00, 4.246364253983074e+05, 1.000000000000000e-10, 1.802976136953731e+12
973, 6.235682733270810e-02, 3.925222707444374e-02, 5.858497760256848e-02, 0.000000000000000e+00, 0.000000000000000e+00, 4.264837404583332e+05, 1.000000000000000e-10, 1.798066552665944e+12
974, 6.210579210550531e-02, 3.916789753841006e-02, 5.884516110283833e-02, 0.000000000000000e+00, 0.000000000000000e+00, 4.283474499338924e+05, 1.000000000000000e-10, 1.793162658167324e+12
975, 6.185482712496311e-02, 3.908337223380533e-02, 5.910767074575513e-02, 0.000000000000000e+00, 0.000000000000000e+00, 4.302276324141518e+05, 1.000000000000000e-10, 1.788264206688423e+12
976, 6.160392544586583e-02, 3.899864767076966e-02, 5.937254920466332e-02, 0.000000000000000e+00, 0.000000000000000e+00, 4.321245847010766e+05, 1.000000000000000e-10, 1.783368012176246e+12
977, 6.135309062348676e-02, 3.891372469455776e-02, 5.963981898973107e-02, 0.000000000000000e+00, 0.000000000000000e+00, 4.340384669449148e+05, 1.000000000000000e-10, 1.778479561753111e+12
978, 6.110232761600295e-02, 3.882860302651113e-02, 5.990950203340344e-02, 0.000000000000000e+00, 0.000000000000000e+00, 4.359694339730957e+05, 1.000000000000000e-10, 1.773597105465597e+12
979, 6.085162444158317e-02, 3.874327726860767e-02, 6.018166587403526e-02, 0.000000000000000e+00, 0.000000000000000e+00, 4.379179505642914e+05, 1.000000000000000e-10, 1.768709902319677e+12
980, 6.060098800998552e-02, 3.865775129299050e-02, 6.045634198063293e-02, 0.000000000000000e+00, 0.000000000000000e+00, 4.398842281909394e+05, 1.000000000000000e-10, 1.763818565743880e+12
981, 6.035044008229633e-02, 3.857203382184397e-02, 6.073351100112422e-02, 0.000000000000000e+00, 0.000000000000000e+00, 4.418681376137326e+05, 1.000000000000000e-10, 1.758935896642224e+12
982, 6.009994488888166e-02, 3.848611049330058e-02, 6.101322604959072e-02, 0.000000000000000e+00, 0.000000000000000e+00, 4.438700678335584e+05, 1.000000000000000e-10, 1.754063170329057e+12
983, 5.984952126989527e-02, 3.839998495435357e-02, 6.129551877382416e-02, 0.000000000000000e+00, 0.000000000000000e+00, 4.458902297136211e+05, 1.000000000000000e-10, 1.749190744376685e+12
984, 5.959917173720797e-02, 3.831365829314559e-02, 6.158044700732299e-02, 0.000000000000000e+00, 0.000000000000000e+00, 4.479290136476849e+05, 1.000000000000000e-10, 1.744311835256690e+12
985, 5.934887822073790e-02, 3.822712627780127e-02, 6.186805262753552e-02, 0.000000000000000e+00, 0.000000000000000e+00, 4.499867162488756e+05, 1.000000000000000e-10, 1.739432794944222e+12
986, 5.909865757964727e-02, 3.814039458424391e-02, 6.215831698191553e-02, 0.000000000000000e+00, 0.000000000000000e+00, 4.520632206082743e+05, 1.000000000000000e-10, 1.734567060092653e+12
987, 5.884851233346630e-02, 3.805346036581604e-02, 6.245126494017725e-02, 0.000000000000000e+00, 0.000000000000000e+00, 4.541587071699724e+05, 1.000000000000000e-10, 1.729711969985767e+12
988, 5.859845385008532e-02, 3.796632482445910e-02, 6.274697323301089e-02, 0.000000000000000e+00, 0.000000000000000e+00, 4.562736867526808e+05, 1.000000000000000e-10, 1.724844393166212e+12
989, 5.834845410821418e-02, 3.787898215129585e-02, 6.304553832073795e-02, 0.000000000000000e+00, 0.000000000000000e+00, 4.584088172073236e+05, 1.000000000000000e-10, 1.719960372803594e+12
990, 5.809852369771686e-02, 3.779144042022665e-02, 6.334691531990676e-02, 0.000000000000000e+00, 0.000000000000000e+00, 4.605638079934386e+05, 1.000000000000000e-10, 1.715091308937160e+12
991, 5.784866136090839e-02, 3.770369461709747e-02, 6.365108530432124e-02, 0.000000000000000e+00, 0.000000000000000e+00, 4.627385613663270e+05, 1.000000000000000e-10, 1.710248246516437e+12
992, 5.759887720098369e-02, 3.761574092679998e-02, 6.395813005967954e-02, 0.000000000000000e+00, 0.000000000000000e+00, 4.649336292729242e+05, 1.000000000000000e-10, 1.705402886546420e+12
993, 5.734916289095836e-02, 3.752757746456556e-02, 6.426816738828939e-02, 0.000000000000000e+00, 0.000000000000000e+00, 4.671498020284237e+05, 1.000000000000000e-10, 1.700541576116527e+12
994, 5.709952130173595e-02, 3.743920966149855e-02, 6.458120510378390e-02, 0.000000000000000e+00, 0.000000000000000e+00, 4.693871368755763e+05, 1.000000000000000e-10, 1.695680211962077e+12
995, 5.684995693701458e-02, 3.735063880989471e-02, 6.489723902691640e-02, 0.000000000000000e+00, 0.000000000000000e+00, 4.716456206939919e+05, 1.000000000000000e-10, 1.690824993471098e+12
996, 5.660045826121647e-02, 3.726185897009265e-02, 6.521632224976646e-02, 0.000000000000000e+00, 0.000000000000000e+00, 4.739256275682832e+05, 1.000000000000000e-10, 1.685972758899651e+12
997, 5.635103791880572e-02, 3.717287362182820e-02, 6.553849534839185e-02, 0.000000000000000e+00, 0.000000000000000e+00, 4.762274316220937e+05, 1.000000000000000e-10, 1.681119575326760e+12
998, 5.610169238849586e-02, 3.708368172049059e-02, 6.586381048828346e-02, 0.000000000000000e+00, 0.000000000000000e+00, 4.785513921725529e+05, 1.000000000000000e-10, 1.676264062452363e+12
999, 5.585241659315023e-02, 3.699428192639564e-02, 6.619230041281612e-02, 0.000000000000000e+00, 0.000000000000000e+00, 4.808977442000070e+05, 1.000000000000000e-10, 1.671413331194710e+12
1000, 5.560322046354864e-02, 3.690467611650280e-02, 6.652398065710234e-02, 0.000000000000000e+00, 0.000000000000000e+00, 4.832666030015344e+05, 1.000000000000000e-10, 1.666570960797097e+12
1001, 5.535409600461362e-02, 3.681485889218021e-02, 6.685892069813411e-02, 0.000000000000000e+00, 0.000000000000000e+00, 4.856584494337646e+05, 1.000000000000000e-10, 1.661728662250947e+12
1002, 5.510504819938289e-02, 3.672483184469347e-02, 6.719716514695512e-02, 0.000000000000000e+00, 0.000000000000000e+00, 4.880735915030579e+05, 1.000000000000000e-10, 1.656890821619108e+12
1003, 5.485608122341050e-02, 3.663459491805527e-02, 6.753874962836194e-02, 0.000000000000000e+00, 0.000000000000000e+00, 4.905122782414167e+05, 1.000000000000000e-10, 1.652056015485833e+12
1004, 5.460718385561875e-02, 3.654414299305560e-02, 6.788377253290220e-02, 0.000000000000000e+00, 0.000000000000000e+00, 4.929751803099698e+05, 1.000000000000000e-10, 1.647208076777340e+12
1005, 5.435836810018436e-02, 3.645348386850460e-02, 6.823226005935434e-02, 0.000000000000000e+00, 0.000000000000000e+00, 4.954624702173587e+05, 1.000000000000000e-10, 1.642355491626422e+12
1006, 5.410962810762971e-02, 3.636261631906048e-02, 6.858422328771122e-02, 0.000000000000000e+00, 0.000000000000000e+00, 4.979742461373821e+05, 1.000000000000000e-10, 1.637510382317829e+12
1007, 5.386096401387411e-02, 3.627153778090577e-02, 6.893970473537074e-02, 0.000000000000000e+00, 0.000000000000000e+00, 5.005108067179216e+05, 1.000000000000000e-10, 1.632667753976682e+12
1008, 5.361237784506466e-02, 3.618024798352681e-02, 6.929876105188855e-02, 0.000000000000000e+00, 0.000000000000000e+00, 5.030725422557620e+05, 1.000000000000000e-10, 1.627828408055634e+12
1009, 5.336386508999214e-02, 3.608874393544908e-02, 6.966143749073801e-02, 0.000000000000000e+00, 0.000000000000000e+00, 5.056597766849927e+05, 1.000000000000000e-10, 1.622998467625140e+12
1010, 5.311543716235371e-02, 3.599702664147280e-02, 7.002779195411969e-02, 0.000000000000000e+00, 0.000000000000000e+00, 5.082729018766381e+05, 1.000000000000000e-10, 1.618165055712171e+12
1011, 5.286708715602859e-02, 3.590509433213927e-02, 7.039793134114931e-02, 0.000000000000000e+00, 0.000000000000000e+00, 5.109126396875354e+05, 1.000000000000000e-10, 1.613316386296499e+12
1012, 5.261881405312051e-02, 3.581295052814272e-02, 7.077187931576612e-02, 0.000000000000000e+00, 0.000000000000000e+00, 5.135791590158019e+05, 1.000000000000000e-10, 1.608467907542415e+12
1013, 5.237062448853198e-02, 3.572059691303840e-02, 7.114962028475348e-02, 0.000000000000000e+00, 0.000000000000000e+00, 5.162723778496918e+05, 1.000000000000000e-10, 1.603635411357843e+12
1014, 5.212250792124522e-02, 3.562802442705720e-02, 7.153123431204933e-02, 0.000000000000000e+00, 0.000000000000000e+00, 5.189928578708020e+05, 1.000000000000000e-10, 1.598807434726812e+12
1015, 5.187447835482876e-02, 3.553523655599283e-02, 7.191681881943834e-02, 0.000000000000000e+00, 0.000000000000000e+00, 5.217412457280266e+05, 1.000000000000000e-10, 1.593967997353404e+12
1016, 5.162652248536220e-02, 3.544223124103797e-02, 7.230645232421863e-02, 0.000000000000000e+00, 0.000000000000000e+00, 5.245180812251158e+05, 1.000000000000000e-10, 1.589123214300218e+12
1017, 5.137864444266282e-02, 3.534901073746284e-02, 7.270015228869900e-02, 0.000000000000000e+00, 0.000000000000000e+00, 5.273234982529021e+05, 1.000000000000000e-10, 1.584280249331655e+12
1018, 5.113085318777888e-02, 3.525557716536323e-02, 7.309796006613113e-02, 0.000000000000000e+00, 0.000000000000000e+00, 5.301577812719854e+05, 1.000000000000000e-10, 1.579435767436144e+12
1019, 5.088314909147668e-02, 3.516193058695635e-02, 7.349993003037496e-02, 0.000000000000000e+00, 0.000000000000000e+00, 5.330213077581092e+05, 1.000000000000000e-10, 1.574594387032183e+12
1020, 5.063553424703222e-02, 3.506807028161788e-02, 7.390610362464745e-02, 0.000000000000000e+00, 0.000000000000000e+00, 5.359143747443862e+05, 1.000000000000000e-10, 1.569761135418384e+12
1021, 5.038798873855722e-02, 3.497398574577886e-02, 7.431659522447655e-02, 0.000000000000000e+00, 0.000000000000000e+00, 5.388377751033551e+05, 1.000000000000000e-10, 1.564924987411510e+12
1022, 5.014052955901513e-02, 3.487968349400181e-02, 7.473146907278420e-02, 0.000000000000000e+00, 0.000000000000000e+00, 5.417919354817916e+05, 1.000000000000000e-10, 1.560082597717006e+12
1023, 4.989315340441735e-02, 3.478516336451786e-02, 7.515078017548693e-02, 0.000000000000000e+00, 0.000000000000000e+00, 5.447772410817968e+05, 1.000000000000000e-10, 1.555239294090744e+12
1024, 4.964585893601359e-02, 3.469042426829887e-02, 7.557457406363062e-02, 0.000000000000000e+00, 0.000000000000000e+00, 5.477940169164672e+05, 1.000000000000000e-10, 1.550400903571180e+12
1025, 4.939865347625007e-02, 3.459546673100304e-02, 7.600290435959696e-02, 0.000000000000000e+00, 0.000000000000000e+00, 5.508426340714140e+05, 1.000000000000000e-10, 1.545564705673820e+12
1026, 4.915151854998702e-02, 3.450028232320602e-02, 7.643590660283646e-02, 0.000000000000000e+00, 0.000000000000000e+00, 5.539240223166354e+05, 1.000000000000000e-10, 1.540719104293243e+12
1027, 4.890447525592949e-02, 3.440488091967442e-02, 7.687361423751914e-02, 0.000000000000000e+00, 0.000000000000000e+00, 5.570383992197711e+05, 1.000000000000000e-10, 1.535869140876276e+12
1028, 4.865752304834656e-02, 3.430926271980321e-02, 7.731607349321111e-02, 0.000000000000000e+00, 0.000000000000000e+00, 5.601860934198182e+05, 1.000000000000000e-10, 1.531019935460985e+12
1029, 4.841066245201951e-02, 3.421342684557287e-02, 7.776335403552066e-02, 0.000000000000000e+00, 0.000000000000000e+00, 5.633675880973904e+05, 1.000000000000000e-10, 1.526167629203036e+12
1030, 4.816388276793332e-02, 3.411736924369078e-02, 7.821553728418994e-02, 0.000000000000000e+00, 0.000000000000000e+00, 5.665834512767006e+05, 1.000000000000000e-10, 1.521318690695257e+12
1031, 4.791718501095052e-02, 3.402108824768121e-02, 7.867267436470439e-02, 0.000000000000000e+00, 0.000000000000000e+00, 5.698340506693211e+05, 1.000000000000000e-10, 1.516479005268838e+12
1032, 4.767057818509042e-02, 3.392458364135015e-02, 7.913485555666759e-02, 0.000000000000000e+00, 0.000000000000000e+00, 5.731199987768497e+05, 1.000000000000000e-10, 1.511635716923401e+12
1033, 4.742405471012814e-02, 3.382785270726122e-02, 7.960219935336733e-02, 0.000000000000000e+00, 0.000000000000000e+00, 5.764421046340921e+05, 1.000000000000000e-10, 1.506788678041442e+12
1034, 4.717762586793155e-02, 3.373089983251864e-02, 8.007475040126420e-02, 0.000000000000000e+00, 0.000000000000000e+00, 5.798006750129263e+05, 1.000000000000000e-10, 1.501940848419834e+12
1035, 4.693127765538536e-02, 3.363371873963945e-02, 8.055265477891646e-02, 0.000000000000000e+00, 0.000000000000000e+00, 5.831966899337990e+05, 1.000000000000000e-10, 1.497073691973507e+12
1036, 4.668500861122703e-02, 3.353631337129830e-02, 8.103598391145039e-02, 0.000000000000000e+00, 0.000000000000000e+00, 5.866306823683559e+05, 1.000000000000000e-10, 1.492199267440697e+12
1037, 4.643884083025641e-02, 3.343869317006664e-02, 8.152468132017415e-02, 0.000000000000000e+00, 0.000000000000000e+00, 5.901022431609356e+05, 1.000000000000000e-10, 1.487344250079565e+12
1038, 4.619277446856748e-02, 3.334085140775635e-02, 8.201883194596167e-02, 0.000000000000000e+00, 0.000000000000000e+00, 5.936119918818766e+05, 1.000000000000000e-10, 1.482496254518884e+12
1039, 4.594678569484893e-02, 3.324277578497808e-02, 8.251865377137010e-02, 0.000000000000000e+00, 0.000000000000000e+00, 5.971614092670267e+05, 1.000000000000000e-10, 1.477637248147084e+12
1040, 4.570088530967027e-02, 3.314447257175041e-02, 8.302422538749175e-02, 0.000000000000000e+00, 0.000000000000000e+00, 6.007510206929507e+05, 1.000000000000000e-10, 1.472772543477517e+12
1041, 4.545507988743901e-02, 3.304594470678534e-02, 8.353559695032492e-02, 0.000000000000000e+00, 0.000000000000000e+00, 6.043811795466235e+05, 1.000000000000000e-10, 1.467906247610551e+12
1042, 4.520936342314934e-02, 3.294718900653726e-02, 8.405287177182875e-02, 0.000000000000000e+00, 0.000000000000000e+00, 6.080525977618486e+05, 1.000000000000000e-10, 1.463035483872919e+12
1043, 4.496373752841525e-02, 3.284820612373663e-02, 8.457613205526887e-02, 0.000000000000000e+00, 0.000000000000000e+00, 6.117658416905613e+05, 1.000000000000000e-10, 1.458164467282853e+12
1044, 4.471820199610874e-02, 3.274899467729134e-02, 8.510545785200647e-02, 0.000000000000000e+00, 0.000000000000000e+00, 6.155214726487066e+05, 1.000000000000000e-10, 1.453297411433977e+12
1045, 4.447276503406828e-02, 3.264955543881751e-02, 8.564095040330769e-02, 0.000000000000000e+00, 0.000000000000000e+00, 6.193201775000923e+05, 1.000000000000000e-10, 1.448425447208378e+12
1046, 4.422741455766618e-02, 3.254988375922308e-02, 8.618278806839431e-02, 0.000000000000000e+00, 0.000000000000000e+00, 6.231631622143220e+05, 1.000000000000000e-10, 1.443535356434858e+12
1047, 4.398216350505330e-02, 3.244998876629075e-02, 8.673100776779563e-02, 0.000000000000000e+00, 0.000000000000000e+00, 6.270506771692408e+05, 1.000000000000000e-10, 1.438643005356066e+12
1048, 4.373700111245502e-02, 3.234986520965914e-02, 8.728564970398320e-02, 0.000000000000000e+00, 0.000000000000000e+00, 6.309830454948070e+05, 1.000000000000000e-10, 1.433767964844301e+12
1049, 4.349193377295280e-02, 3.224950895249567e-02, 8.784682799180232e-02, 0.000000000000000e+00, 0.000000000000000e+00, 6.349610524345908e+05, 1.000000000000000e-10, 1.428894865888125e+12
1050, 4.324696240556351e-02, 3.214891854972849e-02, 8.841476389085318e-02, 0.000000000000000e+00, 0.000000000000000e+00, 6.389861711083467e+05, 1.000000000000000e-10, 1.423998885053741e+12
1051, 4.300208457324786e-02, 3.204809838309274e-02, 8.898957237992736e-02, 0.000000000000000e+00, 0.000000000000000e+00, 6.430591723205154e+05, 1.000000000000000e-10, 1.419089546422658e+12
1052, 4.275730231295795e-02, 3.194705145628186e-02, 8.957123763161730e-02, 0.000000000000000e+00, 0.000000000000000e+00, 6.471799939316341e+05, 1.000000000000000e-10, 1.414198077127293e+12
1053, 4.251261468902855e-02, 3.184577026895213e-02, 9.015984615090300e-02, 0.000000000000000e+00, 0.000000000000000e+00, 6.513492614303801e+05, 1.000000000000000e-10, 1.409319293049068e+12
1054, 4.226802765429391e-02, 3.174425207121113e-02, 9.075563810867250e-02, 0.000000000000000e+00, 0.000000000000000e+00, 6.555685750996179e+05, 1.000000000000000e-10, 1.404418642544924e+12
1055, 4.202353658083646e-02, 3.164250010110044e-02, 9.135879650632857e-02, 0.000000000000000e+00, 0.000000000000000e+00, 6.598391501363042e+05, 1.000000000000000e-10, 1.399497214475487e+12
1056, 4.177914128651710e-02, 3.154051857598616e-02, 9.196933555817458e-02, 0.000000000000000e+00, 0.000000000000000e+00, 6.641611132604345e+05, 1.000000000000000e-10, 1.394581387721800e+12
1057, 4.153484187594730e-02, 3.143830387543609e-02, 9.258733054854140e-02, 0.000000000000000e+00, 0.000000000000000e+00, 6.685350095673415e+05, 1.000000000000000e-10, 1.389670587729740e+12
1058, 4.129064362476596e-02, 3.133585501401095e-02, 9.321294391883146e-02, 0.000000000000000e+00, 0.000000000000000e+00, 6.729619351908243e+05, 1.000000000000000e-10, 1.384753902717932e+12
1059, 4.104654275903979e-02, 3.123317053238633e-02, 9.384634209602118e-02, 0.000000000000000e+00, 0.000000000000000e+00, 6.774430195395107e+05, 1.000000000000000e-10, 1.379831095853637e+12
1060, 4.080253846632458e-02, 3.113025002963806e-02, 9.448764454573720e-02, 0.000000000000000e+00, 0.000000000000000e+00, 6.819790828475334e+05, 1.000000000000000e-10, 1.374904948593284e+12
1061, 4.055863730661635e-02, 3.102709534541902e-02, 9.513695373698755e-02, 0.000000000000000e+00, 0.000000000000000e+00, 6.865708335226022e+05, 1.000000000000000e-10, 1.369980249959553e+12
1062, 4.031483462878572e-02, 3.092370220801041e-02, 9.579443082941388e-02, 0.000000000000000e+00, 0.000000000000000e+00, 6.912193753162695e+05, 1.000000000000000e-10, 1.365051268203581e+12
1063, 4.007113503029436e-02, 3.082007196149172e-02, 9.646024021840098e-02, 0.000000000000000e+00, 0.000000000000000e+00, 6.959258144991433e+05, 1.000000000000000e-10, 1.360112706482524e+12
1064, 3.982753676324745e-02, 3.071620480915372e-02, 9.713451883951919e-02, 0.000000000000000e+00, 0.000000000000000e+00, 7.006910848746877e+05, 1.000000000000000e-10, 1.355169105198740e+12
1065, 3.958403855538052e-02, 3.061209965576730e-02, 9.781740034248436e-02, 0.000000000000000e+00, 0.000000000000000e+00, 7.055161083025293e+05, 1.000000000000000e-10, 1.350222648677707e+12
1066, 3.934063973652768e-02, 3.050775498274007e-02, 9.850903638769525e-02, 0.000000000000000e+00, 0.000000000000000e+00, 7.104019206580679e+05, 1.000000000000000e-10, 1.345271968047396e+12
1067, 3.909734872550547e-02, 3.040317357944048e-02, 9.920957159620564e-02, 0.000000000000000e+00, 0.000000000000000e+00, 7.153494999406799e+05, 1.000000000000000e-10, 1.340315459857684e+12
1068, 3.885415507269326e-02, 3.029835067346824e-02, 9.991919763579823e-02, 0.000000000000000e+00, 0.000000000000000e+00, 7.203601546225240e+05, 1.000000000000000e-10, 1.335351400863393e+12
1069, 3.861106971704468e-02, 3.019329101729427e-02, 1.006380170418577e-01, 0.000000000000000e+00, 0.000000000000000e+00, 7.254345893434900e+05, 1.000000000000000e-10, 1.330389381253464e+12
1070, 3.836807496303157e-02, 3.008798415312905e-02, 1.013662218234442e-01, 0.000000000000000e+00, 0.000000000000000e+00, 7.305741421079315e+05, 1.000000000000000e-10, 1.325432122024817e+12
1071, 3.812520889688065e-02, 2.998244276077789e-02, 1.021039660028942e-01, 0.000000000000000e+00, 0.000000000000000e+00, 7.357798052520878e+05, 1.000000000000000e-10, 1.320454046257449e+12
1072, 3.788243463377242e-02, 2.987665540104911e-02, 1.028516026069282e-01, 0.000000000000000e+00, 0.000000000000000e+00, 7.410539551648109e+05, 1.000000000000000e-10, 1.315445531824143e+12
1073, 3.763976802034995e-02, 2.977063558819786e-02, 1.036090894794929e-01, 0.000000000000000e+00, 0.000000000000000e+00, 7.463963378021155e+05, 1.000000000000000e-10, 1.310451917837187e+12
1074, 3.739719958490340e-02, 2.966437199254976e-02, 1.043765080577279e-01, 0.000000000000000e+00, 0.000000000000000e+00, 7.518075935061905e+05, 1.000000000000000e-10, 1.305484932560432e+12
1075, 3.715474750458934e-02, 2.955786211137937e-02, 1.051541698380444e-01, 0.000000000000000e+00, 0.000000000000000e+00, 7.572897894173402e+05, 1.000000000000000e-10, 1.300499005433067e+12
1076, 3.691240041808604e-02, 2.945110487160874e-02, 1.059424516974766e-01, 0.000000000000000e+00, 0.000000000000000e+00, 7.628454175141790e+05, 1.000000000000000e-10, 1.295481774616958e+12
1077, 3.667015890066538e-02, 2.934410745111877e-02, 1.067414193161096e-01, 0.000000000000000e+00, 0.000000000000000e+00, 7.684749417271768e+05, 1.000000000000000e-10, 1.290463947535872e+12
1078, 3.642802446810794e-02, 2.923686784809348e-02, 1.075511600888036e-01, 0.000000000000000e+00, 0.000000000000000e+00, 7.741790071399703e+05, 1.000000000000000e-10, 1.285453547551097e+12
1079, 3.618599927159571e-02, 2.912938221439402e-02, 1.083719244801467e-01, 0.000000000000000e+00, 0.000000000000000e+00, 7.799593029455252e+05, 1.000000000000000e-10, 1.280435686679904e+12
1080, 3.594408360006664e-02, 2.902165055151716e-02, 1.092040082114327e-01, 0.000000000000000e+00, 0.000000000000000e+00, 7.858177976896927e+05, 1.000000000000000e-10, 1.275398037689873e+12
1081, 3.570227435353051e-02, 2.891367493025145e-02, 1.100475944263568e-01, 0.000000000000000e+00, 0.000000000000000e+00, 7.917557319309217e+05, 1.000000000000000e-10, 1.270353060234153e+12
1082, 3.546057633800846e-02, 2.880545687667262e-02, 1.109027825467439e-01, 0.000000000000000e+00, 0.000000000000000e+00, 7.977738195929326e+05, 1.000000000000000e-10, 1.265319325130288e+12
1083, 3.521899098048603e-02, 2.869699080834649e-02, 1.117698214333291e-01, 0.000000000000000e+00, 0.000000000000000e+00, 8.038737540619721e+05, 1.000000000000000e-10, 1.260281846755754e+12
1084, 3.497751645282664e-02, 2.858827452714727e-02, 1.126490484069629e-01, 0.000000000000000e+00, 0.000000000000000e+00, 8.100577865707342e+05, 1.000000000000000e-10, 1.255228450078401e+12
1085, 3.473615044696598e-02, 2.847930911144097e-02, 1.135406895603445e-01, 0.000000000000000e+00, 0.000000000000000e+00, 8.163274410611942e+05, 1.000000000000000e-10, 1.250167143788915e+12
1086, 3.449490306358559e-02, 2.837009854952431e-02, 1.144449346368399e-01, 0.000000000000000e+00, 0.000000000000000e+00, 8.226839964456272e+05, 1.000000000000000e-10, 1.245094792672169e+12
1087, 3.425376395307799e-02, 2.826063877617456e-02, 1.153620677431659e-01, 0.000000000000000e+00, 0.000000000000000e+00, 8.291293726794482e+05, 1.000000000000000e-10, 1.240010458673663e+12
1088, 3.401273714793880e-02, 2.815093228855517e-02, 1.162922549328141e-01, 0.000000000000000e+00, 0.000000000000000e+00, 8.356647133388520e+05, 1.000000000000000e-10, 1.234931748243405e+12
1089, 3.377182231002659e-02, 2.804097408276999e-02, 1.172357356417706e-01, 0.000000000000000e+00, 0.000000000000000e+00, 8.422916635012395e+05, 1.000000000000000e-10, 1.229855850812039e+12
1090, 3.353102816064969e-02, 2.793076431893126e-02, 1.181928783373949e-01, 0.000000000000000e+00, 0.000000000000000e+00, 8.490126618610341e+05, 1.000000000000000e-10, 1.224756550501781e+12
1091, 3.329034630074034e-02, 2.782030359359219e-02, 1.191640277838175e-01, 0.000000000000000e+00, 0.000000000000000e+00, 8.558299994609260e+05, 1.000000000000000e-10, 1.219635275579525e+12
1092, 3.304977816832987e-02, 2.770959608159323e-02, 1.201493016335928e-01, 0.000000000000000e+00, 0.000000000000000e+00, 8.627445078225177e+05, 1.000000000000000e-10, 1.214521338655012e+12
1093, 3.280932604567743e-02, 2.759863713754496e-02, 1.211489138697890e-01, 0.000000000000000e+00, 0.000000000000000e+00, 8.697576746292450e+05, 1.000000000000000e-10, 1.209414491811351e+12
1094, 3.256899213686687e-02, 2.748742246988106e-02, 1.221632925777729e-01, 0.000000000000000e+00, 0.000000000000000e+00, 8.768723487358324e+05, 1.000000000000000e-10, 1.204288330250979e+12
1095, 3.232877479700730e-02, 2.737595429012699e-02, 1.231928111685648e-01, 0.000000000000000e+00, 0.000000000000000e+00, 8.840910022445659e+05, 1.000000000000000e-10, 1.199142135496929e+12
1096, 3.208867405709353e-02, 2.726423542947492e-02, 1.242376771702162e-01, 0.000000000000000e+00, 0.000000000000000e+00, 8.914150487313418e+05, 1.000000000000000e-10, 1.193992692815740e+12
1097, 3.184869124283574e-02, 2.715226398262780e-02, 1.252981579569160e-01, 0.000000000000000e+00, 0.000000000000000e+00, 8.988463093618301e+05, 1.000000000000000e-10, 1.188839359406604e+12
1098, 3.160882729200932e-02, 2.704003822533804e-02, 1.263746112416322e-01, 0.000000000000000e+00, 0.000000000000000e+00, 9.063871789926002e+05, 1.000000000000000e-10, 1.183676181775646e+12
1099, 3.136908275569822e-02, 2.692755808592353e-02, 1.274673861699523e-01, 0.000000000000000e+00, 0.000000000000000e+00, 9.140399953595692e+05, 1.000000000000000e-10, 1.178503516256600e+12
1100, 3.112945820586312e-02, 2.681482326150610e-02, 1.285768099035830e-01, 0.000000000000000e+00, 0.000000000000000e+00, 9.218069544220527e+05, 1.000000000000000e-10, 1.173322154718251e+12
1101, 3.088995373047018e-02, 2.670183294111164e-02, 1.297032347749982e-01, 0.000000000000000e+00, 0.000000000000000e+00, 9.296904208273316e+05, 1.000000000000000e-10, 1.168131619595523e+12
1102, 3.065056952626945e-02, 2.658858645782117e-02, 1.308470144108371e-01, 0.000000000000000e+00, 0.000000000000000e+00, 9.376927642911611e+05, 1.000000000000000e-10, 1.162932348783583e+12
1103, 3.041130699123749e-02, 2.647508352436524e-02, 1.320085014326265e-01, 0.000000000000000e+00, 0.000000000000000e+00, 9.458163541032886e+05, 1.000000000000000e-10, 1.157727637535973e+12
1104, 3.017216736920453e-02, 2.636132267795518e-02, 1.331880832912058e-01, 0.000000000000000e+00, 0.000000000000000e+00, 9.540637821444392e+05, 1.000000000000000e-10, 1.152512721704989e+12
1105, 2.993315111290976e-02, 2.624730361598721e-02, 1.343861825747664e-01, 0.000000000000000e+00, 0.000000000000000e+00, 9.624378651767852e+05, 1.000000000000000e-10, 1.147284194537537e+12
1106, 2.969425821374138e-02, 2.613302678919861e-02, 1.356031777575218e-01, 0.000000000000000e+00, 0.000000000000000e+00, 9.709411306848036e+05, 1.000000000000000e-10, 1.142045887840217e+12
1107, 2.945548764088695e-02, 2.601849084618317e-02, 1.368394728099351e-01, 0.000000000000000e+00, 0.000000000000000e+00, 9.795762871396507e+05, 1.000000000000000e-10, 1.136798020057222e+12
1108, 2.921684271129057e-02, 2.590369640438888e-02, 1.380954709575645e-01, 0.000000000000000e+00, 0.000000000000000e+00, 9.883460215551347e+05, 1.000000000000000e-10, 1.131540087902901e+12
1109, 2.897832257052668e-02, 2.578864225226021e-02, 1.393716624142751e-01, 0.000000000000000e+00, 0.000000000000000e+00, 9.972535895941823e+05, 1.000000000000000e-10, 1.126261881487634e+12
1110, 2.873992622734592e-02, 2.567333032399092e-02, 1.406684634061139e-01, 0.000000000000000e+00, 0.000000000000000e+00, 1.006301756649647e+06, 1.000000000000000e-10, 1.120971626733668e+12
1111, 2.850165667049345e-02, 2.555776165231850e-02, 1.419861708877420e-01, 0.000000000000000e+00, 0.000000000000000e+00, 1.015492553634953e+06, 1.000000000000000e-10, 1.115693445503733e+12
1112, 2.826351362098945e-02, 2.544192790724905e-02, 1.433253185402538e-01, 0.000000000000000e+00, 0.000000000000000e+00, 1.024829560887456e+06, 1.000000000000000e-10, 1.110407678570296e+12
1113, 2.802550001649584e-02, 2.532582888600282e-02, 1.446865593889146e-01, 0.000000000000000e+00, 0.000000000000000e+00, 1.034317066742160e+06, 1.000000000000000e-10, 1.105096863706795e+12
1114, 2.778761477080006e-02, 2.520946784487598e-02, 1.460703526696633e-01, 0.000000000000000e+00, 0.000000000000000e+00, 1.043958110001134e+06, 1.000000000000000e-10, 1.099774322924096e+12
1115, 2.754985851148521e-02, 2.509284428983496e-02, 1.474772065029966e-01, 0.000000000000000e+00, 0.000000000000000e+00, 1.053756065165949e+06, 1.000000000000000e-10, 1.094428254648572e+12
1116, 2.731222976462680e-02, 2.497596067600144e-02, 1.489076289173815e-01, 0.000000000000000e+00, 0.000000000000000e+00, 1.063714285242887e+06, 1.000000000000000e-10, 1.089065058465629e+12
1117, 2.707472452414446e-02, 2.485881592003308e-02, 1.503620056650559e-01, 0.000000000000000e+00, 0.000000000000000e+00, 1.073835393426103e+06, 1.000000000000000e-10, 1.083712098096295e+12
1118, 2.683735618483939e-02, 2.474140845535394e-02, 1.518408497130286e-01, 0.000000000000000e+00, 0.000000000000000e+00, 1.084122807842067e+06, 1.000000000000000e-10, 1.078353556215434e+12
1119, 2.660011761471641e-02, 2.462373222368188e-02, 1.533449484862349e-01, 0.000000000000000e+00, 0.000000000000000e+00, 1.094581722110906e+06, 1.000000000000000e-10, 1.072976070139881e+12
1120, 2.636301519263091e-02, 2.450579182915310e-02, 1.548748500029208e-01, 0.000000000000000e+00, 0.000000000000000e+00, 1.105215738171144e+06, 1.000000000000000e-10, 1.067585925936318e+12
1121, 2.612603959917762e-02, 2.438758191831642e-02, 1.564312103523674e-01, 0.000000000000000e+00, 0.000000000000000e+00, 1.116029219782042e+06, 1.000000000000000e-10, 1.062179799678090e+12
1122, 2.588920014628904e-02, 2.426910735214059e-02, 1.580145782916705e-01, 0.000000000000000e+00, 0.000000000000000e+00, 1.127025775419887e+06, 1.000000000000000e-10, 1.056761470526037e+12
1123, 2.565249656710874e-02, 2.415036704485897e-02, 1.596256308580437e-01, 0.000000000000000e+00, 0.000000000000000e+00, 1.138209870047254e+06, 1.000000000000000e-10, 1.051323086079919e+12
1124, 2.541592094715908e-02, 2.403135863431842e-02, 1.612650863743273e-01, 0.000000000000000e+00, 0.000000000000000e+00, 1.149586237764478e+06, 1.000000000000000e-10, 1.045864798470965e+12
1125, 2.517948260132948e-02, 2.391208809820170e-02, 1.629334199545614e-01, 0.000000000000000e+00, 0.000000000000000e+00, 1.161158032370190e+06, 1.000000000000000e-10, 1.040409862168533e+12
1126, 2.494317896638783e-02, 2.379254776211091e-02, 1.646313481562374e-01, 0.000000000000000e+00, 0.000000000000000e+00, 1.172930030822944e+06, 1.000000000000000e-10, 1.034950952634915e+12
1127, 2.470701179932917e-02, 2.367273466723759e-02, 1.663598011357834e-01, 0.000000000000000e+00, 0.000000000000000e+00, 1.184908315173951e+06, 1.000000000000000e-10, 1.029464532082919e+12
1128, 2.447098478505907e-02, 2.355265457254854e-02, 1.681195270051966e-01, 0.000000000000000e+00, 0.000000000000000e+00, 1.197097750922077e+06, 1.000000000000000e-10, 1.023956162538109e+12
1129, 2.423509030135328e-02, 2.343230539286060e-02, 1.699111763473924e-01, 0.000000000000000e+00, 0.000000000000000e+00, 1.209502671082275e+06, 1.000000000000000e-10, 1.018446447450050e+12
1130, 2.399933510531537e-02, 2.331168527374975e-02, 1.717354701559738e-01, 0.000000000000000e+00, 0.000000000000000e+00, 1.222127846586640e+06, 1.000000000000000e-10, 1.012932049358586e+12
1131, 2.376372402390986e-02, 2.319079275650474e-02, 1.735934170322536e-01, 0.000000000000000e+00, 0.000000000000000e+00, 1.234979846947119e+06, 1.000000000000000e-10, 1.007387029013861e+12
1132, 2.352824661391259e-02, 2.306962726504878e-02, 1.754859800623023e-01, 0.000000000000000e+00, 0.000000000000000e+00, 1.248064948118546e+06, 1.000000000000000e-10, 1.001815144612272e+12
1133, 2.329290445263308e-02, 2.294819260909768e-02, 1.774137813708301e-01, 0.000000000000000e+00, 0.000000000000000e+00, 1.261387267813798e+06, 1.000000000000000e-10, 9.962450565257152e+11
1134, 2.305770232221182e-02, 2.282648452043683e-02, 1.793776416915408e-01, 0.000000000000000e+00, 0.000000000000000e+00, 1.274952202340719e+06, 1.000000000000000e-10, 9.906728380034153e+11
1135, 2.282265572800568e-02, 2.270450590535790e-02, 1.813786734866922e-01, 0.000000000000000e+00, 0.000000000000000e+00, 1.288766988578735e+06, 1.000000000000000e-10, 9.850658230929926e+11
1136, 2.258774921452487e-02, 2.258225491257622e-02, 1.834180302571332e-01, 0.000000000000000e+00, 0.000000000000000e+00, 1.302839175900568e+06, 1.000000000000000e-10, 9.794260864856559e+11
1137, 2.235298006914437e-02, 2.245973492250153e-02, 1.854963549080739e-01, 0.000000000000000e+00, 0.000000000000000e+00, 1.317172899682268e+06, 1.000000000000000e-10, 9.737977255619369e+11
1138, 2.211834467764935e-02, 2.233693356770456e-02, 1.876146456872779e-01, 0.000000000000000e+00, 0.000000000000000e+00, 1.331774861622943e+06, 1.000000000000000e-10, 9.681751347281393e+11
1139, 2.188387020037469e-02, 2.221385675575345e-02, 1.897742437096968e-01, 0.000000000000000e+00, 0.000000000000000e+00, 1.346653652131365e+06, 1.000000000000000e-10, 9.625047370429761e+11
1140, 2.164953699943330e-02, 2.209050470433113e-02, 1.919765178091137e-01, 0.000000000000000e+00, 0.000000000000000e+00, 1.361818081384990e+06, 1.000000000000000e-10, 9.567929835083021e+11
1141, 2.141533972042145e-02, 2.196688192830349e-02, 1.942221056896718e-01, 0.000000000000000e+00, 0.000000000000000e+00, 1.377272392315374e+06, 1.000000000000000e-10, 9.510970714778682e+11
1142, 2.118129213122596e-02, 2.184298309903908e-02, 1.965119769044087e-01, 0.000000000000000e+00, 0.000000000000000e+00, 1.393022999318339e+06, 1.000000000000000e-10, 9.454078199575264e+11
1143, 2.094739783548671e-02, 2.171880139304473e-02, 1.988478879126518e-01, 0.000000000000000e+00, 0.000000000000000e+00, 1.409081216366905e+06, 1.000000000000000e-10, 9.396719176213429e+11
1144, 2.071364487261695e-02, 2.159434012874180e-02, 2.012312944101352e-01, 0.000000000000000e+00, 0.000000000000000e+00, 1.425456373982722e+06, 1.000000000000000e-10, 9.338998904564592e+11
1145, 2.048004004653475e-02, 2.146960812580647e-02, 2.036630122424753e-01, 0.000000000000000e+00, 0.000000000000000e+00, 1.442153785357733e+06, 1.000000000000000e-10, 9.281286281906830e+11
1146, 2.024658654701533e-02, 2.134459954158638e-02, 2.061443342216893e-01, 0.000000000000000e+00, 0.000000000000000e+00, 1.459181890810825e+06, 1.000000000000000e-10, 9.223465947434004e+11
1147, 2.001327827560691e-02, 2.121930790571722e-02, 2.086769090097528e-01, 0.000000000000000e+00, 0.000000000000000e+00, 1.476551359567286e+06, 1.000000000000000e-10, 9.165468642405740e+11
1148, 1.978012304864658e-02, 2.109373624086867e-02, 2.112621406483423e-01, 0.000000000000000e+00, 0.000000000000000e+00, 1.494271219883809e+06, 1.000000000000000e-10, 9.107332217465654e+11
1149, 1.954712306944941e-02, 2.096788318473990e-02, 2.139016538241901e-01, 0.000000000000000e+00, 0.000000000000000e+00, 1.512351923136243e+06, 1.000000000000000e-10, 9.048893775456035e+11
1150, 1.931426823868823e-02, 2.084174648438866e-02, 2.165971207817438e-01, 0.000000000000000e+00, 0.000000000000000e+00, 1.530804222258487e+06, 1.000000000000000e-10, 8.990203481130131e+11
1151, 1.908156487879092e-02, 2.071533053785878e-02, 2.193499781074247e-01, 0.000000000000000e+00, 0.000000000000000e+00, 1.549637343322909e+06, 1.000000000000000e-10, 8.931338505246080e+11
1152, 1.884901492437797e-02, 2.058863470837884e-02, 2.221618720087354e-01, 0.000000000000000e+00, 0.000000000000000e+00, 1.568861872002073e+06, 1.000000000000000e-10, 8.872276704135614e+11
1153, 1.861663097128816e-02, 2.046166499020403e-02, 2.250344374774923e-01, 0.000000000000000e+00, 0.000000000000000e+00, 1.588488244501828e+06, 1.000000000000000e-10, 8.813017667013604e+11
1154, 1.838438434734491e-02, 2.033440493101105e-02, 2.279698705410162e-01, 0.000000000000000e+00, 0.000000000000000e+00, 1.608530637643066e+06, 1.000000000000000e-10, 8.753504996263441e+11
1155, 1.815229728911524e-02, 2.020686725774441e-02, 2.309696276984520e-01, 0.000000000000000e+00, 0.000000000000000e+00, 1.628998313669560e+06, 1.000000000000000e-10, 8.693980362456943e+11
1156, 1.792038089481254e-02, 2.007905012096615e-02, 2.340355720478190e-01, 0.000000000000000e+00, 0.000000000000000e+00, 1.649903234779939e+06, 1.000000000000000e-10, 8.634377565119288e+11
1157, 1.768861144183691e-02, 1.995093511457892e-02, 2.371705645281377e-01, 0.000000000000000e+00, 0.000000000000000e+00, 1.671263722948197e+06, 1.000000000000000e-10, 8.574251744621283e+11
1158, 1.745700016470177e-02, 1.982253865941294e-02, 2.403765164690883e-01, 0.000000000000000e+00, 0.000000000000000e+00, 1.693091740628747e+06, 1.000000000000000e-10, 8.513790823107848e+11
1159, 1.722554656983599e-02, 1.969386362767518e-02, 2.436551606589523e-01, 0.000000000000000e+00, 0.000000000000000e+00, 1.715398389841024e+06, 1.000000000000000e-10, 8.453305966476221e+11
1160, 1.699424912185100e-02, 1.956490090348438e-02, 2.470088709981345e-01, 0.000000000000000e+00, 0.000000000000000e+00, 1.738198879663173e+06, 1.000000000000000e-10, 8.392652302383636e+11
1161, 1.676311224688161e-02, 1.943565010085230e-02, 2.504403047543809e-01, 0.000000000000000e+00, 0.000000000000000e+00, 1.761510034214120e+06, 1.000000000000000e-10, 8.331665780843066e+11
1162, 1.653213737471223e-02, 1.930611502500621e-02, 2.539519132738154e-01, 0.000000000000000e+00, 0.000000000000000e+00, 1.785347318801413e+06, 1.000000000000000e-10, 8.270413263779203e+11
1163, 1.630132334574250e-02, 1.917629531345045e-02, 2.575460958036025e-01, 0.000000000000000e+00, 0.000000000000000e+00, 1.809725979795707e+06, 1.000000000000000e-10, 8.209066577581750e+11
1164, 1.607066849446977e-02, 1.904618373159556e-02, 2.612256803951425e-01, 0.000000000000000e+00, 0.000000000000000e+00, 1.834663986852592e+06, 1.000000000000000e-10, 8.147517732964125e+11
1165, 1.584018030758624e-02, 1.891578217284419e-02, 2.649937466236209e-01, 0.000000000000000e+00, 0.000000000000000e+00, 1.860180701716359e+06, 1.000000000000000e-10, 8.085528205068173e+11
1166, 1.560985674493236e-02, 1.878509606565899e-02, 2.688531416935309e-01, 0.000000000000000e+00, 0.000000000000000e+00, 1.886293946921644e+06, 1.000000000000000e-10, 8.023253930327927e+11
1167, 1.537969287343437e-02, 1.865412292641614e-02, 2.728066079299310e-01, 0.000000000000000e+00, 0.000000000000000e+00, 1.913021126342143e+06, 1.000000000000000e-10, 7.960975876023561e+11
1168, 1.514969651539519e-02, 1.852285664715018e-02, 2.768574692594441e-01, 0.000000000000000e+00, 0.000000000000000e+00, 1.940383242380896e+06, 1.000000000000000e-10, 7.898465794365292e+11
1169, 1.491986793166685e-02, 1.839129570088761e-02, 2.810096288108217e-01, 0.000000000000000e+00, 0.000000000000000e+00, 1.968404665130024e+06, 1.000000000000000e-10, 7.835443404022350e+11
1170, 1.469020464761387e-02, 1.825944733894137e-02, 2.852663818420614e-01, 0.000000000000000e+00, 0.000000000000000e+00, 1.997105909838029e+06, 1.000000000000000e-10, 7.772148315095936e+11
1171, 1.446070536019012e-02, 1.812730986187150e-02, 2.896310630152232e-01, 0.000000000000000e+00, 0.000000000000000e+00, 2.026507984293622e+06, 1.000000000000000e-10, 7.708734867285358e+11
1172, 1.423137857884297e-02, 1.799488123342588e-02, 2.941075924291155e-01, 0.000000000000000e+00, 0.000000000000000e+00, 2.056635375369991e+06, 1.000000000000000e-10, 7.645037274625167e+11
1173, 1.400221707871808e-02, 1.786215683611118e-02, 2.987004677927300e-01, 0.000000000000000e+00, 0.000000000000000e+00, 2.087516104343301e+06, 1.000000000000000e-10, 7.580913112043114e+11
1174, 1.377322838717015e-02, 1.772914561529691e-02, 3.034135330715413e-01, 0.000000000000000e+00, 0.000000000000000e+00, 2.119173998393029e+06, 1.000000000000000e-10, 7.516537284265100e+11
1175, 1.354440597907906e-02, 1.759584141230207e-02, 3.082510812092992e-01, 0.000000000000000e+00, 0.000000000000000e+00, 2.151635898709735e+06, 1.000000000000000e-10, 7.452082227837648e+11
1176, 1.331575884766655e-02, 1.746223993612392e-02, 3.132180082715436e-01, 0.000000000000000e+00, 0.000000000000000e+00, 2.184932250090691e+06, 1.000000000000000e-10, 7.387270315393677e+11
1177, 1.308728385394409e-02, 1.732834087534380e-02, 3.183196886459232e-01, 0.000000000000000e+00, 0.000000000000000e+00, 2.219096216814368e+06, 1.000000000000000e-10, 7.321943547550405e+11
1178, 1.285898123622741e-02, 1.719415165721169e-02, 3.235608331703966e-01, 0.000000000000000e+00, 0.000000000000000e+00, 2.254156790406865e+06, 1.000000000000000e-10, 7.256371228935116e+11
1179, 1.263085008925673e-02, 1.705966793822228e-02, 3.289465972366764e-01, 0.000000000000000e+00, 0.000000000000000e+00, 2.290146020908216e+06, 1.000000000000000e-10, 7.190635416923416e+11
1180, 1.240289658771387e-02, 1.692488611650971e-02, 3.344829970919277e-01, 0.000000000000000e+00, 0.000000000000000e+00, 2.327100953871614e+06, 1.000000000000000e-10, 7.124497923767052e+11
1181, 1.217511764062072e-02, 1.678980659891902e-02, 3.401763518639664e-01, 0.000000000000000e+00, 0.000000000000000e+00, 2.365060384797670e+06, 1.000000000000000e-10, 7.057885333809424e+11
1182, 1.194751410731654e-02, 1.665443459734158e-02, 3.460325862387589e-01, 0.000000000000000e+00, 0.000000000000000e+00, 2.404060584035254e+06, 1.000000000000000e-10, 6.991008218076211e+11
1183, 1.172008596433310e-02, 1.651876585400363e-02, 3.520582567046633e-01, 0.000000000000000e+00, 0.000000000000000e+00, 2.444141924320424e+06, 1.000000000000000e-10, 6.923880292198740e+11
1184, 1.149283499853456e-02, 1.638279639105151e-02, 3.582607668212721e-01, 0.000000000000000e+00, 0.000000000000000e+00, 2.485349735711531e+06, 1.000000000000000e-10, 6.856328518117269e+11
1185, 1.126576514338243e-02, 1.624653032774469e-02, 3.646476270316090e-01, 0.000000000000000e+00, 0.000000000000000e+00, 2.527729708190790e+06, 1.000000000000000e-10, 6.788332988727671e+11
1186, 1.103887461748031e-02, 1.610996879045537e-02, 3.712264622932819e-01, 0.000000000000000e+00, 0.000000000000000e+00, 2.571328332842085e+06, 1.000000000000000e-10, 6.720056537704149e+11
1187, 1.081216325373706e-02, 1.597310656228685e-02, 3.780056837713837e-01, 0.000000000000000e+00, 0.000000000000000e+00, 2.616196968609837e+06, 1.000000000000000e-10, 6.651469654698499e+11
1188, 1.058563348146681e-02, 1.583594082780192e-02, 3.849945316281955e-01, 0.000000000000000e+00, 0.000000000000000e+00, 2.662391747817442e+06, 1.000000000000000e-10, 6.582427037657177e+11
1189, 1.035928770120755e-02, 1.569847443636134e-02, 3.922023984075700e-01, 0.000000000000000e+00, 0.000000000000000e+00, 2.709969507603888e+06, 1.000000000000000e-10, 6.512980585793563e+11
1190, 1.013312671162611e-02, 1.556070648935183e-02, 3.996394884857154e-01, 0.000000000000000e+00, 0.000000000000000e+00, 2.758991972925820e+06, 1.000000000000000e-10, 6.442987292930006e+11
1191, 9.907149180638135e-03, 1.542264054123114e-02, 4.073164120234229e-01, 0.000000000000000e+00, 0.000000000000000e+00, 2.809523058085877e+06, 1.000000000000000e-10, 6.372483097393964e+11
1192, 9.681349402615457e-03, 1.528427530435780e-02, 4.152442362171193e-01, 0.000000000000000e+00, 0.000000000000000e+00, 2.861629627505966e+06, 1.000000000000000e-10, 6.301681362529650e+11
1193, 9.455736244177861e-03, 1.514560831259651e-02, 4.234351189978779e-01, 0.000000000000000e+00, 0.000000000000000e+00, 2.915384975537911e+06, 1.000000000000000e-10, 6.230444624352126e+11
1194, 9.230311010121457e-03, 1.500663814072898e-02, 4.319023994890317e-01, 0.000000000000000e+00, 0.000000000000000e+00, 2.970869264280575e+06, 1.000000000000000e-10, 6.158759156519086e+11
1195, 9.005075429574943e-03, 1.486736328330619e-02, 4.406601633490680e-01, 0.000000000000000e+00, 0.000000000000000e+00, 3.028167016825159e+06, 1.000000000000000e-10, 6.086585795224835e+11
1196, 8.780029362940780e-03, 1.472778201785761e-02, 4.497239322564788e-01, 0.000000000000000e+00, 0.000000000000000e+00, 3.087371128733782e+06, 1.000000000000000e-10, 6.013718714764707e+11
1197, 8.555167731440565e-03, 1.458789797610203e-02, 4.591096551283469e-01, 0.000000000000000e+00, 0.000000000000000e+00, 3.148576770002907e+06, 1.000000000000000e-10, 5.940304271852830e+11
1198, 8.330494780395334e-03, 1.444771283580619e-02, 4.688342372980180e-01, 0.000000000000000e+00, 0.000000000000000e+00, 3.211884942409225e+06, 1.000000000000000e-10, 5.866419107863335e+11
1199, 8.106013665464954e-03, 1.430722325451452e-02, 4.789167188537470e-01, 0.000000000000000e+00, 0.000000000000000e+00, 3.277409251045891e+06, 1.000000000000000e-10, 5.791951496200116e+11
1200, 7.881725125719073e-03, 1.416642844012407e-02, 4.893776405049489e-01, 0.000000000000000e+00, 0.000000000000000e+00, 3.345272032259333e+06, 1.000000000000000e-10, 5.716948859837493e+11
1201, 7.657630606591986e-03, 1.402532434463346e-02, 5.002396098949395e-01, 0.000000000000000e+00, 0.000000000000000e+00, 3.415607811049508e+06, 1.000000000000000e-10, 5.641249217614059e+11
1202, 7.433727874454481e-03, 1.388391082373517e-02, 5.115274212251589e-01, 0.000000000000000e+00, 0.000000000000000e+00, 3.488563676309202e+06, 1.000000000000000e-10, 5.564697425042064e+11
1203, 7.210017308468232e-03, 1.374219509542314e-02, 5.232667015334886e-01, 0.000000000000000e+00, 0.000000000000000e+00, 3.564291430119673e+06, 1.000000000000000e-10, 5.487512878843221e+11
1204, 6.986501756840465e-03, 1.360017371341324e-02, 5.354861062877921e-01, 0.000000000000000e+00, 0.000000000000000e+00, 3.642961267509555e+06, 1.000000000000000e-10, 5.409717621029055e+11
1205, 6.763185525080572e-03, 1.345784119730956e-02, 5.482184794246112e-01, 0.000000000000000e+00, 0.000000000000000e+00, 3.724767879255918e+06, 1.000000000000000e-10, 5.331028618287512e+11
1206, 6.540067187974647e-03, 1.331520001003418e-02, 5.614995256900788e-01, 0.000000000000000e+00, 0.000000000000000e+00, 3.809922398444804e+06, 1.000000000000000e-10, 5.251405624682081e+11
1207, 6.317133030194132e-03, 1.317224402593209e-02, 5.753688383300707e-01, 0.000000000000000e+00, 0.000000000000000e+00, 3.898659385350486e+06, 1.000000000000000e-10, 5.170880029428367e+11
1208, 6.094411959385714e-03, 1.302898969069296e-02, 5.898686234325808e-01, 0.000000000000000e+00, 0.000000000000000e+00, 3.991228088887012e+06, 1.000000000000000e-10, 5.089363314657908e+11
1209, 5.871883076912215e-03, 1.288542362644796e-02, 6.050488619889297e-01, 0.000000000000000e+00, 0.000000000000000e+00, 4.087924457594698e+06, 1.000000000000000e-10, 5.006879596060869e+11
1210, 5.649554965358314e-03, 1.274154567020566e-02, 6.209648276891742e-01, 0.000000000000000e+00, 0.000000000000000e+00, 4.189075878931735e+06, 1.000000000000000e-10, 4.923314238829190e+11
1211, 5.427441642856860e-03, 1.259736090672970e-02, 6.376794625106686e-01, 0.000000000000000e+00, 0.000000000000000e+00, 4.295054734207579e+06, 1.000000000000000e-10, 4.838405669354550e+11
1212, 5.205521745517657e-03, 1.245286044627073e-02, 6.552649373648650e-01, 0.000000000000000e+00, 0.000000000000000e+00, 4.406287435961543e+06, 1.000000000000000e-10, 4.752119990092265e+11
1213, 4.983801716962636e-03, 1.230804895258337e-02, 6.738033476657090e-01, 0.000000000000000e+00, 0.000000000000000e+00, 4.523261887622585e+06, 1.000000000000000e-10, 4.664435957004418e+11
1214, 4.762280316202161e-03, 1.216292034667308e-02, 6.933910607825416e-01, 0.000000000000000e+00, 0.000000000000000e+00, 4.646550029182210e+06, 1.000000000000000e-10, 4.575129515490860e+11
1215, 4.540978855733459e-03, 1.201748724207796e-02, 7.141368411684692e-01, 0.000000000000000e+00, 0.000000000000000e+00, 4.776793036490680e+06, 1.000000000000000e-10, 4.483973092567640e+11
1216, 4.319876292199441e-03, 1.187173863769041e-02, 7.361772867758644e-01, 0.000000000000000e+00, 0.000000000000000e+00, 4.914808688181325e+06, 1.000000000000000e-10, 4.390804772385024e+11
1217, 4.098980308898270e-03, 1.172567814089592e-02, 7.596724883811230e-01, 0.000000000000000e+00, 0.000000000000000e+00, 5.061554773769947e+06, 1.000000000000000e-10, 4.295404522118959e+11
1218, 3.878292841010518e-03, 1.157930344037458e-02, 7.848204169446783e-01, 0.000000000000000e+00, 0.000000000000000e+00, 5.218220133766335e+06, 1.000000000000000e-10, 4.197391753870419e+11
1219, 3.657811692940294e-03, 1.143261254490911e-02, 8.118678803392365e-01, 0.000000000000000e+00, 0.000000000000000e+00, 5.386291759799876e+06, 1.000000000000000e-10, 4.096333307295201e+11
1220, 3.437540014995042e-03, 1.128560826255270e-02, 8.411266549408997e-01, 0.000000000000000e+00, 0.000000000000000e+00, 5.567654198928024e+06, 1.000000000000000e-10, 3.991776542114795e+11
1221, 3.217482493736406e-03, 1.113829046414919e-02, 8.729491130833964e-01, 0.000000000000000e+00, 0.000000000000000e+00, 5.764383670643952e+06, 1.000000000000000e-10, 3.884907199571786e+11
1222, 2.997683216200835e-03, 1.099057846928784e-02, 9.079780556363457e-01, 0.000000000000000e+00, 0.000000000000000e+00, 5.980391717259089e+06, 1.000000000000000e-10, 3.767194270338643e+11
1223, 2.777978165767560e-03, 1.084272584270393e-02, 9.484672561778242e-01, 0.000000000000000e+00, 0.000000000000000e+00, 6.230167912463952e+06, 1.000000000000000e-10, 3.509343050273116e+11
1224, 2.564312271390412e-03, 1.070764736626992e-02, 9.956369851106482e-01, 0.000000000000000e+00, 0.000000000000000e+00, 6.524930547689015e+06, 1.000000000000000e-10, 3.177961314925124e+11
1225, 2.333484711195145e-03, 1.057791093380650e-02, 1.053738043390085e+00, 0.000000000000000e+00, 0.000000000000000e+00, 6.895253909456875e+06, 1.000000000000000e-10, 2.867265865607377e+11
1226, 2.096109592372743e-03, 1.046058221068053e-02, 1.121902399109022e+00, 0.000000000000000e+00, 0.000000000000000e+00, 7.338900651733961e+06, 1.000000000000000e-10, 2.587411963375183e+11
1227, 1.852859077346526e-03, 1.035597798791042e-02, 1.201670114732185e+00, 0.000000000000000e+00, 0.000000000000000e+00, 7.868764711186607e+06, 1.000000000000000e-10, 2.334756839921741e+11
1228, 1.604409537690777e-03, 1.026440464502481e-02, 1.294751192079235e+00, 0.000000000000000e+00, 0.000000000000000e+00, 8.499392778522184e+06, 1.000000000000000e-10, 2.106801508529363e+11
1229, 1.351463298668374e-03, 1.018610583064038e-02, 1.402620350319149e+00, 0.000000000000000e+00, 0.000000000000000e+00, 9.244091188235037e+06, 1.000000000000000e-10, 1.901733468020068e+11
1230, 1.094729655832123e-03, 1.012130885254285e-02, 1.526348176515422e+00, 0.000000000000000e+00, 0.000000000000000e+00, 1.011363458539613e+07, 1.000000000000000e-10, 1.718483453873738e+11
1231, 8.349201664181706e-04, 1.007020024936076e-02, 1.666314055117077e+00, 0.000000000000000e+00, 0.000000000000000e+00, 1.111390939699322e+07, 1.000000000000000e-10, 1.556325920836023e+11
1232, 5.727701839409182e-04, 1.003291346491152e-02, 1.822096071941400e+00, 0.000000000000000e+00, 0.000000000000000e+00, 1.224463243417188e+07, 1.000000000000000e-10, 1.414428873608224e+11
1233, 3.090138810542884e-04, 1.000955705050637e-02, 1.992304044568342e+00, 0.000000000000000e+00, 0.000000000000000e+00, 1.349744968289602e+07, 1.000000000000000e-10, 1.291862174214957e+11
1234, 4.439109314558195e-05, 1.000018421119687e-02, 2.165976689188506e+00, 0.000000000000000e+00, 0.000000000000000e+00, 1.478688780435727e+07, 1.000000000000000e-10, 1.188953176109584e+11
1235, -2.204098285807312e-04, 1.000242536194298e-02, 2.301332975026925e+00, 0.000000000000000e+00, 0.000000000000000e+00, 1.579915272390016e+07, 1.000000000000000e-10, 1.118725293740946e+11
1236, -4.850564189965586e-04, 1.001177382423171e-02, 2.417971812301679e+00, 0.000000000000000e+00, 0.000000000000000e+00, 1.666842354672126e+07, 1.000000000000000e-10, 1.064229957686188e+11
1237, -7.493632986550475e-04, 1.002811717660846e-02, 2.535536898168742e+00, 0.000000000000000e+00, 0.000000000000000e+00, 1.754883371486578e+07, 1.000000000000000e-10, 1.015140216803378e+11
1238, -1.013144642030219e-03, 1.005145440810729e-02, 2.653996004145968e+00, 0.000000000000000e+00, 0.000000000000000e+00, 1.844329097525251e+07, 1.000000000000000e-10, 9.709646604614307e+10
1239, -1.276215251010156e-03, 1.008177114996724e-02, 2.772317943901232e+00, 0.000000000000000e+00, 0.000000000000000e+00, 1.934035860448837e+07, 1.000000000000000e-10, 9.313269973472104e+10
1240, -1.538390933809183e-03, 1.011904227331399e-02, 2.889784262168813e+00, 0.000000000000000e+00, 0.000000000000000e+00, 2.023387017469801e+07, 1.000000000000000e-10, 8.958745370561172e+10
1241, -1.799488700237760e-03, 1.016323750720899e-02, 3.005805534936798e+00, 0.000000000000000e+00, 0.000000000000000e+00, 2.111898893241076e+07, 1.000000000000000e-10, 8.642663656372020e+10
1242, -2.059323842564385e-03, 1.021433465544578e-02, 3.119822015178485e+00, 0.000000000000000e+00, 0.000000000000000e+00, 2.199101637584071e+07, 1.000000000000000e-10, 8.362111223423055e+10
1243, -2.317714249397461e-03, 1.027229709566294e-02, 3.231235246334200e+00, 0.000000000000000e+00, 0.000000000000000e+00, 2.284490321689296e+07, 1.000000000000000e-10, 8.114367901352628e+10
1244, -2.574479333229013e-03, 1.033708081687143e-02, 3.339541379451019e+00, 0.000000000000000e+00, 0.000000000000000e+00, 2.367635777408466e+07, 1.000000000000000e-10, 7.896936716033279e+10
1245, -2.829439545540043e-03, 1.040863852595078e-02, 3.444322356220359e+00, 0.000000000000000e+00, 0.000000000000000e+00, 2.448177806178926e+07, 1.000000000000000e-10, 7.707580974676886e+10
1246, -3.082414795247027e-03, 1.048692264642574e-02, 3.545154516796019e+00, 0.000000000000000e+00, 0.000000000000000e+00, 2.525748176356361e+07, 1.000000000000000e-10, 7.544510441028178e+10
1247, -3.333232654684753e-03, 1.057186888716533e-02, 3.641792897023311e+00, 0.000000000000000e+00, 0.000000000000000e+00, 2.600129812287683e+07, 1.000000000000000e-10, 7.405596610858984e+10
1248, -3.581707375141025e-03, 1.066344147871050e-02, 3.733903154744798e+00, 0.000000000000000e+00, 0.000000000000000e+00, 2.671024774421324e+07, 1.000000000000000e-10, 7.290226348711565e+10
1249, -3.827673738368391e-03, 1.076155214466451e-02, 3.820920555419340e+00, 0.000000000000000e+00, 0.000000000000000e+00, 2.737977854881315e+07, 1.000000000000000e-10, 7.196658223216519e+10
1250, -4.070953626327276e-03, 1.086614714362853e-02, 3.902686862228995e+00, 0.000000000000000e+00, 0.000000000000000e+00, 2.800851687695326e+07, 1.000000000000000e-10, 7.124713269293327e+10
1251, -4.311381178207322e-03, 1.097714191057500e-02, 3.979324802043825e+00, 0.000000000000000e+00, 0.000000000000000e+00, 2.859698466035952e+07, 1.000000000000000e-10, 7.072356794394847e+10
1252, -4.548784131521758e-03, 1.109446629925956e-02, 4.050068333688126e+00, 0.000000000000000e+00, 0.000000000000000e+00, 2.913829823830826e+07, 1.000000000000000e-10, 7.040455491965086e+10
1253, -4.783102744397177e-03, 1.121783744700906e-02, 4.119002381765845e+00, 0.000000000000000e+00, 0.000000000000000e+00, 2.966741297418435e+07, 1.000000000000000e-10, 7.015378599481473e+10
1254, -5.013605106244763e-03, 1.134816117734570e-02, 4.166639342930646e+00, 0.000000000000000e+00, 0.000000000000000e+00, 3.001646893071332e+07, 1.000000000000000e-10, 7.067823258139154e+10
1255, -5.243105669370864e-03, 1.148029471351918e-02, 4.184292102551996e+00, 0.000000000000000e+00, 0.000000000000000e+00, 3.011126761100128e+07, 1.000000000000000e-10, 6.983848102654243e+10
1256, -5.472547083705711e-03, 1.161253143048197e-02, 4.193418184468845e+00, 0.000000000000000e+00, 0.000000000000000e+00, 3.013774105965306e+07, 1.000000000000000e-10, 6.852590988751162e+10
1257, -5.701896750190313e-03, 1.174492221217266e-02, 4.200593001442492e+00, 0.000000000000000e+00, 0.000000000000000e+00, 3.015217390970043e+07, 1.000000000000000e-10, 6.729938129398409e+10
1258, -5.931216881172024e-03, 1.187736571633132e-02, 4.205636986911740e+00, 0.000000000000000e+00, 0.000000000000000e+00, 3.015228373485862e+07, 1.000000000000000e-10, 6.610161786042413e+10
1259, -6.160559363573002e-03, 1.200977146862331e-02, 4.209290890376733e+00, 0.000000000000000e+00, 0.000000000000000e+00, 3.014399852424551e+07, 1.000000000000000e-10, 6.492618128336975e+10
1260, -6.389902594097093e-03, 1.214217608068577e-02, 4.212043297181236e+00, 0.000000000000000e+00, 0.000000000000000e+00, 3.013111253679654e+07, 1.000000000000000e-10, 6.380879781005587e+10
1261, -6.619246899925769e-03, 1.227457895541476e-02, 4.213920489206769e+00, 0.000000000000000e+00, 0.000000000000000e+00, 3.011351643070907e+07, 1.000000000000000e-10, 6.273358357318080e+10
1262, -6.848590431185892e-03, 1.240698306830994e-02, 4.215050904237176e+00, 0.000000000000000e+00, 0.000000000000000e+00, 3.009201468347789e+07, 1.000000000000000e-10, 6.169802849841587e+10
1263, -7.077932990420029e-03, 1.253938873899527e-02, 4.215532255683172e+00, 0.000000000000000e+00, 0.000000000000000e+00, 3.006717637825632e+07, 1.000000000000000e-10, 6.069815819218704e+10
1264, -7.307275765802811e-03, 1.267179413151244e-02, 4.215449605806663e+00, 0.000000000000000e+00, 0.000000000000000e+00, 3.003952386480028e+07, 1.000000000000000e-10, 5.973065004117289e+10
1265, -7.536618607819541e-03, 1.280419934596778e-02, 4.214890525774315e+00, 0.000000000000000e+00, 0.000000000000000e+00, 3.000962635778391e+07, 1.000000000000000e-10, 5.879369551867122e+10
1266, -7.765959838197511e-03, 1.293660750512466e-02, 4.213913786981482e+00, 0.000000000000000e+00, 0.000000000000000e+00, 2.997782732350678e+07, 1.000000000000000e-10, 5.788620550784455e+10
1267, -7.995299999290606e-03, 1.306901760568120e-02, 4.212550341591739e+00, 0.000000000000000e+00, 0.000000000000000e+00, 2.994425165536176e+07, 1.000000000000000e-10, 5.700540418355598e+10
1268, -8.224641940866480e-03, 1.320142444305683e-02, 4.210855177906089e+00, 0.000000000000000e+00, 0.000000000000000e+00, 2.990924494745744e+07, 1.000000000000000e-10, 5.614841203777001e+10
1269, -8.453984920510891e-03, 1.333382941050378e-02, 4.208890368663702e+00, 0.000000000000000e+00, 0.000000000000000e+00, 2.987322463470220e+07, 1.000000000000000e-10, 5.531551660738911e+10
1270, -8.683327681225211e-03, 1.346623489312890e-02, 4.206686779065696e+00, 0.000000000000000e+00, 0.000000000000000e+00, 2.983635343710389e+07, 1.000000000000000e-10, 5.450573354651129e+10
1271, -8.912670488246479e-03, 1.359864044791890e-02, 4.204270551892081e+00, 0.000000000000000e+00, 0.000000000000000e+00, 2.979876421855417e+07, 1.000000000000000e-10, 5.371714282709355e+10
1272, -9.142012992986451e-03, 1.373104616859539e-02, 4.201669024696079e+00, 0.000000000000000e+00, 0.000000000000000e+00, 2.976060853050774e+07, 1.000000000000000e-10, 5.294887757808418e+10
1273, -9.371355754004345e-03, 1.386345136335158e-02, 4.198902832294486e+00, 0.000000000000000e+00, 0.000000000000000e+00, 2.972198860111080e+07, 1.000000000000000e-10, 5.219974178397414e+10
1274, -9.600699895459305e-03, 1.399585463553794e-02, 4.196001390067612e+00, 0.000000000000000e+00, 0.000000000000000e+00, 2.968308787114446e+07, 1.000000000000000e-10, 5.146857058054852e+10
1275, -9.830043916919832e-03, 1.412825804195895e-02, 4.192991973714650e+00, 0.000000000000000e+00, 0.000000000000000e+00, 2.964407696889960e+07, 1.000000000000000e-10, 5.075545652227346e+10
1276, -1.005938664929303e-02, 1.426066337274675e-02, 4.189882503835621e+00, 0.000000000000000e+00, 0.000000000000000e+00, 2.960496763386219e+07, 1.000000000000000e-10, 5.005961780282117e+10
1277, -1.028872924451936e-02, 1.439306910848509e-02, 4.186682863972952e+00, 0.000000000000000e+00, 0.000000000000000e+00, 2.956579336612681e+07, 1.000000000000000e-10, 4.937950030962773e+10
1278, -1.051807198220519e-02, 1.452547462324594e-02, 4.183411011114183e+00, 0.000000000000000e+00, 0.000000000000000e+00, 2.952666014914252e+07, 1.000000000000000e-10, 4.871469527390610e+10
1279, -1.074741480490934e-02, 1.465788009753233e-02, 4.180079742365290e+00, 0.000000000000000e+00, 0.000000000000000e+00, 2.948763387886613e+07, 1.000000000000000e-10, 4.806478346742125e+10
1280, -1.097675776015348e-02, 1.479028508674539e-02, 4.176705045848404e+00, 0.000000000000000e+00, 0.000000000000000e+00, 2.944881083173734e+07, 1.000000000000000e-10, 4.742902241554436e+10
1281, -1.120609955270169e-02, 1.492269225576068e-02, 4.173298784711439e+00, 0.000000000000000e+00, 0.000000000000000e+00, 2.941025513018006e+07, 1.000000000000000e-10, 4.680756151932158e+10
1282, -1.143543966943289e-02, 1.505510242264776e-02, 4.169853289128567e+00, 0.000000000000000e+00, 0.000000000000000e+00, 2.937186871311955e+07, 1.000000000000000e-10, 4.619962343960977e+10
1283, -1.166478107669185e-02, 1.518751024089523e-02, 4.166374544524564e+00, 0.000000000000000e+00, 0.000000000000000e+00, 2.933367199094959e+07, 1.000000000000000e-10, 4.560332908814188e+10
1284, -1.189412393677228e-02, 1.531991533798059e-02, 4.162886083428420e+00, 0.000000000000000e+00, 0.000000000000000e+00, 2.929583542034207e+07, 1.000000000000000e-10, 4.501928061387840e+10
1285, -1.212346680353741e-02, 1.545232071955208e-02, 4.159394350781967e+00, 0.000000000000000e+00, 0.000000000000000e+00, 2.925838685733650e+07, 1.000000000000000e-10, 4.444779244244868e+10
1286, -1.235280953496052e-02, 1.558472623069729e-02, 4.155899172225624e+00, 0.000000000000000e+00, 0.000000000000000e+00, 2.922130040381168e+07, 1.000000000000000e-10, 4.388783868175880e+10
1287, -1.258215214992644e-02, 1.571713189570697e-02, 4.152405077210831e+00, 0.000000000000000e+00, 0.000000000000000e+00, 2.918459160887386e+07, 1.000000000000000e-10, 4.333906793216611e+10
1288, -1.281149476620243e-02, 1.584953741023462e-02, 4.148913305112361e+00, 0.000000000000000e+00, 0.000000000000000e+00, 2.914824987064258e+07, 1.000000000000000e-10, 4.280109531882411e+10
1289, -1.304083856747504e-02, 1.598194114804231e-02, 4.145430477309234e+00, 0.000000000000000e+00, 0.000000000000000e+00, 2.911231147396002e+07, 1.000000000000000e-10, 4.227325772641628e+10
1290, -1.327018282901982e-02, 1.611434417606206e-02, 4.141967910050724e+00, 0.000000000000000e+00, 0.000000000000000e+00, 2.907685339212758e+07, 1.000000000000000e-10, 4.175578757415378e+10
1291, -1.349952577494796e-02, 1.624674910548320e-02, 4.138524392115797e+00, 0.000000000000000e+00, 0.000000000000000e+00, 2.904184817307247e+07, 1.000000000000000e-10, 4.124874264947185e+10
1292, -1.372886828422211e-02, 1.637915488350922e-02, 4.135096120411021e+00, 0.000000000000000e+00, 0.000000000000000e+00, 2.900724789569519e+07, 1.000000000000000e-10, 4.075106510692471e+10
1293, -1.395821102772288e-02, 1.651156040533365e-02, 4.131688115232198e+00, 0.000000000000000e+00, 0.000000000000000e+00, 2.897307997725030e+07, 1.000000000000000e-10, 4.026248234906363e+10
1294, -1.418755381693275e-02, 1.664396594906404e-02, 4.128303616420946e+00, 0.000000000000000e+00, 0.000000000000000e+00, 2.893935771530178e+07, 1.000000000000000e-10, 3.978301604446847e+10
1295, -1.441689676541300e-02, 1.677637091865539e-02, 4.124946932175006e+00, 0.000000000000000e+00, 0.000000000000000e+00, 2.890610428912195e+07, 1.000000000000000e-10, 3.931223826134627e+10
1296, -1.464623902746311e-02, 1.690877718896723e-02, 4.121623882421086e+00, 0.000000000000000e+00, 0.000000000000000e+00, 2.887335628014663e+07, 1.000000000000000e-10, 3.885032037238744e+10
1297, -1.487557933199431e-02, 1.704118700645071e-02, 4.118325905326915e+00, 0.000000000000000e+00, 0.000000000000000e+00, 2.884103012460326e+07, 1.000000000000000e-10, 3.839718484303425e+10
1298, -1.510492022705814e-02, 1.717359582498642e-02, 4.115047641751048e+00, 0.000000000000000e+00, 0.000000000000000e+00, 2.880907019843445e+07, 1.000000000000000e-10, 3.795136692994794e+10
1299, -1.533426291459934e-02, 1.730600129602044e-02, 4.111801985668326e+00, 0.000000000000000e+00, 0.000000000000000e+00, 2.877757479112692e+07, 1.000000000000000e-10, 3.751302183393145e+10
1300, -1.556360591429063e-02, 1.743840660114759e-02, 4.108594330559601e+00, 0.000000000000000e+00, 0.000000000000000e+00, 2.874657952179574e+07, 1.000000000000000e-10, 3.708291096758957e+10
1301, -1.579294837450100e-02, 1.757081232061503e-02, 4.105418178450468e+00, 0.000000000000000e+00, 0.000000000000000e+00, 2.871602080933027e+07, 1.000000000000000e-10, 3.666046219230244e+10
1302, -1.602229162466378e-02, 1.770321677724282e-02, 4.102272640373412e+00, 0.000000000000000e+00, 0.000000000000000e+00, 2.868588279746182e+07, 1.000000000000000e-10, 3.624501771738595e+10
1303, -1.625163597382942e-02, 1.783561965308899e-02, 4.099165314612144e+00, 0.000000000000000e+00, 0.000000000000000e+00, 2.865622128136003e+07, 1.000000000000000e-10, 3.583661861594566e+10
1304, -1.648097945723503e-02, 1.796802391171906e-02, 4.096097037085674e+00, 0.000000000000000e+00, 0.000000000000000e+00, 2.862703564623355e+07, 1.000000000000000e-10, 3.543569461776656e+10
1305, -1.671032197771340e-02, 1.810042960394669e-02, 4.093061573869388e+00, 0.000000000000000e+00, 0.000000000000000e+00, 2.859826650737653e+07, 1.000000000000000e-10, 3.504158110770472e+10
1306, -1.693966468762693e-02, 1.823283520971930e-02, 4.090059337426827e+00, 0.000000000000000e+00, 0.000000000000000e+00, 2.856991068347830e+07, 1.000000000000000e-10, 3.465381981812972e+10
1307, -1.716900741913253e-02, 1.836524072091214e-02, 4.087129728343060e+00, 0.000000000000000e+00, 0.000000000000000e+00, 2.854229198979057e+07, 1.000000000000000e-10, 3.427227071970750e+10
1308, -1.739833471261224e-02, 1.849767495206165e-02, 4.084212516059372e+00, 0.000000000000000e+00, 0.000000000000000e+00, 2.851489555991819e+07, 1.000000000000000e-10, 3.390193183631389e+10
1309, -1.762767180812830e-02, 1.863009831113071e-02, 4.078909786118170e+00, 0.000000000000000e+00, 0.000000000000000e+00, 2.846764066420627e+07, 1.000000000000000e-10, 3.354815826946140e+10
1310, -1.785806382729764e-02, 1.876064580003948e-02, 4.066319792906929e+00, 0.000000000000000e+00, 0.000000000000000e+00, 2.835955241520675e+07, 1.000000000000000e-10, 3.295394768585958e+10
1311, -1.809172665506163e-02, 1.888525282692056e-02, 4.048743771625764e+00, 0.000000000000000e+00, 0.000000000000000e+00, 2.821005348766321e+07, 1.000000000000000e-10, 3.182258501089363e+10
1312, -1.832860557500344e-02, 1.900363168436481e-02, 4.031273838783068e+00, 0.000000000000000e+00, 0.000000000000000e+00, 2.806178771959814e+07, 1.000000000000000e-10, 3.077206731192946e+10
1313, -1.856853870418083e-02, 1.911569122561219e-02, 4.014171264197373e+00, 0.000000000000000e+00, 0.000000000000000e+00, 2.791692127482383e+07, 1.000000000000000e-10, 2.982089048760838e+10
1314, -1.881135257068563e-02, 1.922136352330338e-02, 3.997409302765050e+00, 0.000000000000000e+00, 0.000000000000000e+00, 2.777521197249995e+07, 1.000000000000000e-10, 2.896223421514610e+10
1315, -1.905688048828256e-02, 1.932056630710868e-02, 3.980959906417094e+00, 0.000000000000000e+00, 0.000000000000000e+00, 2.763640903237639e+07, 1.000000000000000e-10, 2.818616527345166e+10
1316, -1.930494648551617e-02, 1.941324057104464e-02, 3.964781008133146e+00, 0.000000000000000e+00, 0.000000000000000e+00, 2.750014655969305e+07, 1.000000000000000e-10, 2.748771373246955e+10
1317, -1.955538434220949e-02, 1.949929921497704e-02, 3.948863197205877e+00, 0.000000000000000e+00, 0.000000000000000e+00, 2.736633294253517e+07, 1.000000000000000e-10, 2.685824074845645e+10
1318, -1.980800984650036e-02, 1.957870645520142e-02, 3.933197155816313e+00, 0.000000000000000e+00, 0.000000000000000e+00, 2.723487773386930e+07, 1.000000000000000e-10, 2.629601898709566e+10
1319, -2.006264904771344e-02, 1.965139850972467e-02, 3.917726499063918e+00, 0.000000000000000e+00, 0.000000000000000e+00, 2.710530137252432e+07, 1.000000000000000e-10, 2.579433128895789e+10
1320, -2.031912451277953e-02, 1.971732010130489e-02, 3.902438270949577e+00, 0.000000000000000e+00, 0.000000000000000e+00, 2.697748682436393e+07, 1.000000000000000e-10, 2.534963204077115e+10
1321, -2.057725573590099e-02, 1.977642602558858e-02, 3.887317031759439e+00, 0.000000000000000e+00, 0.000000000000000e+00, 2.685129743187702e+07, 1.000000000000000e-10, 2.495885684081529e+10
1322, -2.083686129420247e-02, 1.982867729012082e-02, 3.872330621590784e+00, 0.000000000000000e+00, 0.000000000000000e+00, 2.672645862859742e+07, 1.000000000000000e-10, 2.461922242146172e+10
1323, -2.109776052462880e-02, 1.987402961029622e-02, 3.857469404269786e+00, 0.000000000000000e+00, 0.000000000000000e+00, 2.660288506144401e+07, 1.000000000000000e-10, 2.432787933526070e+10
1324, -2.135976811414746e-02, 1.991246449813515e-02, 3.842716460726014e+00, 0.000000000000000e+00, 0.000000000000000e+00, 2.648043110121521e+07, 1.000000000000000e-10, 2.408342896687055e+10
1325, -2.162270120317740e-02, 1.994395166492887e-02, 3.828022860437934e+00, 0.000000000000000e+00, 0.000000000000000e+00, 2.635868811243841e+07, 1.000000000000000e-10, 2.388378708196831e+10
1326, -2.188637676188708e-02, 1.996845589468814e-02, 3.813385756516085e+00, 0.000000000000000e+00, 0.000000000000000e+00, 2.623762952367898e+07, 1.000000000000000e-10, 2.372742782889667e+10
1327, -2.215060831034602e-02, 1.998597383723044e-02, 3.798803918030482e+00, 0.000000000000000e+00, 0.000000000000000e+00, 2.611724225560573e+07, 1.000000000000000e-10, 2.361371299824648e+10
1328, -2.241521082947035e-02, 1.999649845370849e-02, 3.784262774387645e+00, 0.000000000000000e+00, 0.000000000000000e+00, 2.599740692154857e+07, 1.000000000000000e-10, 2.354162962684249e+10
