"PointID","x","y","Density","Momentum_x","Momentum_y","Energy","Turb_Kin_Energy","Omega"
0, -2.268000000000000e-02, 2.000000000000000e-02, 3.776945300201036e+00, 0.000000000000000e+00, 0.000000000000000e+00, 2.593714445890524e+07, 1.000000000000000e-10, 2.347165501965968e+10
1, 1.250200000000000e-01, 5.477226000000000e-02, 2.979249745552769e-02, 0.000000000000000e+00, 0.000000000000000e+00, 2.189760582004999e+05, 1.000000000000000e-10, 3.208664797950057e+12
730, 1.247592264357035e-01, 5.472614609981309e-02, 2.981901784012091e-02, 0.000000000000000e+00, 0.000000000000000e+00, 2.191182677644516e+05, 1.000000000000000e-10, 3.202892701034653e+12
731, 1.244984551723221e-01, 5.468001867917841e-02, 2.987105117791598e-02, 0.000000000000000e+00, 0.000000000000000e+00, 2.194953706113135e+05, 1.000000000000000e-10, 3.195430268661580e+12
732, 1.242377096557596e-01, 5.463374559995363e-02, 2.992278946310445e-02, 0.000000000000000e+00, 0.000000000000000e+00, 2.198700566710094e+05, 1.000000000000000e-10, 3.188062705116498e+12
733, 1.239769889766657e-01, 5.458732363764015e-02, 2.997489822566102e-02, 0.000000000000000e+00, 0.000000000000000e+00, 2.202474451423569e+05, 1.000000000000000e-10, 3.180601437721076e+12
734, 1.237162917546814e-01, 5.454077812060126e-02, 3.002740114362838e-02, 0.000000000000000e+00, 0.000000000000000e+00, 2.206277312151619e+05, 1.000000000000000e-10, 3.173136410863969e+12
735, 1.234556163013989e-01, 5.449411137960169e-02, 3.008018883908043e-02, 0.000000000000000e+00, 0.000000000000000e+00, 2.210100731101009e+05, 1.000000000000000e-10, 3.165692193949051e+12
736, 1.231949626618069e-01, 5.444732278551007e-02, 3.013323900756235e-02, 0.000000000000000e+00, 0.000000000000000e+00, 2.213942982016837e+05, 1.000000000000000e-10, 3.158283030318579e+12
737, 1.229343315638529e-01, 5.440040898697789e-02, 3.018655052521758e-02, 0.000000000000000e+00, 0.000000000000000e+00, 2.217803946571858e+05, 1.000000000000000e-10, 3.150903574237792e+12
738, 1.226737235001168e-01, 5.435336802870325e-02, 3.024014536332285e-02, 0.000000000000000e+00, 0.000000000000000e+00, 2.221685285111502e+05, 1.000000000000000e-10, 3.143539903612586e+12
739, 1.224131383330425e-01, 5.430620073915140e-02, 3.029403330816244e-02, 0.000000000000000e+00, 0.000000000000000e+00, 2.225587749216410e+05, 1.000000000000000e-10, 3.136194437400108e+12
740, 1.221525760309599e-01, 5.425890712603065e-02, 3.034820879784417e-02, 0.000000000000000e+00, 0.000000000000000e+00, 2.229510907319276e+05, 1.000000000000000e-10, 3.128870679310890e+12
741, 1.218920368017264e-01, 5.421148654073917e-02, 3.040267769550508e-02, 0.000000000000000e+00, 0.000000000000000e+00, 2.233455188139808e+05, 1.000000000000000e-10, 3.121562575416076e+12
742, 1.216315145556244e-01, 5.416393854593850e-02, 3.045744959022857e-02, 0.000000000000000e+00, 0.000000000000000e+00, 2.237421318014747e+05, 1.000000000000000e-10, 3.114267347447388e+12
743, 1.213710210391867e-01, 5.411626636498262e-02, 3.051251681070500e-02, 0.000000000000000e+00, 0.000000000000000e+00, 2.241408721626732e+05, 1.000000000000000e-10, 3.106992524980570e+12
744, 1.211105506016566e-01, 5.406846843659121e-02, 3.056787754934994e-02, 0.000000000000000e+00, 0.000000000000000e+00, 2.245417237484313e+05, 1.000000000000000e-10, 3.099737676434895e+12
745, 1.208501033741451e-01, 5.402054440606219e-02, 3.062353628814706e-02, 0.000000000000000e+00, 0.000000000000000e+00, 2.249447198854470e+05, 1.000000000000000e-10, 3.092500304553045e+12
746, 1.205896863959409e-01, 5.397249572265825e-02, 3.067949221326298e-02, 0.000000000000000e+00, 0.000000000000000e+00, 2.253498543516015e+05, 1.000000000000000e-10, 3.085283569701272e+12
747, 1.203292859340331e-01, 5.392431929259341e-02, 3.073574175338402e-02, 0.000000000000000e+00, 0.000000000000000e+00, 2.257570976275144e+05, 1.000000000000000e-10, 3.078093867825412e+12
748, 1.200689093064339e-01, 5.387601438919079e-02, 3.079228412380199e-02, 0.000000000000000e+00, 0.000000000000000e+00, 2.261664420233796e+05, 1.000000000000000e-10, 3.070928012972958e+12
749, 1.198085568619844e-01, 5.382757991743629e-02, 3.084913726331792e-02, 0.000000000000000e+00, 0.000000000000000e+00, 2.265780225834082e+05, 1.000000000000000e-10, 3.063774761815188e+12
750, 1.195482208477998e-01, 5.377901566185880e-02, 3.090631487048429e-02, 0.000000000000000e+00, 0.000000000000000e+00, 2.269919436157925e+05, 1.000000000000000e-10, 3.056631390285494e+12
751, 1.192879158344279e-01, 5.373032585704160e-02, 3.096380675900260e-02, 0.000000000000000e+00, 0.000000000000000e+00, 2.274081288852521e+05, 1.000000000000000e-10, 3.049506212542373e+12
752, 1.190276424225175e-01, 5.368151036963988e-02, 3.102160138559295e-02, 0.000000000000000e+00, 0.000000000000000e+00, 2.278264887487024e+05, 1.000000000000000e-10, 3.042406634767465e+12
753, 1.187673856029878e-01, 5.363256459981270e-02, 3.107969969198098e-02, 0.000000000000000e+00, 0.000000000000000e+00, 2.282470270328428e+05, 1.000000000000000e-10, 3.035331710124152e+12
754, 1.185070782456145e-01, 5.358347430745512e-02, 3.113813075208488e-02, 0.000000000000000e+00, 0.000000000000000e+00, 2.286699588687340e+05, 1.000000000000000e-10, 3.028269426647170e+12
755, 1.182469224892384e-01, 5.353427811037050e-02, 3.119686288858292e-02, 0.000000000000000e+00, 0.000000000000000e+00, 2.290950566953471e+05, 1.000000000000000e-10, 3.021223214817839e+12
756, 1.179866870443897e-01, 5.348493361689695e-02, 3.125594977173919e-02, 0.000000000000000e+00, 0.000000000000000e+00, 2.295227134750090e+05, 1.000000000000000e-10, 3.014186309578919e+12
757, 1.177265804413341e-01, 5.343548099423524e-02, 3.131533142381036e-02, 0.000000000000000e+00, 0.000000000000000e+00, 2.299524863872752e+05, 1.000000000000000e-10, 3.007177578802256e+12
758, 1.174664684675190e-01, 5.338589308669706e-02, 3.137503074605523e-02, 0.000000000000000e+00, 0.000000000000000e+00, 2.303845377955350e+05, 1.000000000000000e-10, 3.000194376099916e+12
759, 1.172063591588212e-01, 5.333616927397992e-02, 3.143505563677019e-02, 0.000000000000000e+00, 0.000000000000000e+00, 2.308189260898232e+05, 1.000000000000000e-10, 2.993229382187883e+12
760, 1.169462788022903e-01, 5.328631421974769e-02, 3.149542092695774e-02, 0.000000000000000e+00, 0.000000000000000e+00, 2.312557649100578e+05, 1.000000000000000e-10, 2.986273158144634e+12
761, 1.166862197458429e-01, 5.323632828313751e-02, 3.155613467530928e-02, 0.000000000000000e+00, 0.000000000000000e+00, 2.316951159651027e+05, 1.000000000000000e-10, 2.979327183142678e+12
762, 1.164261854608350e-01, 5.318621332545419e-02, 3.161718374459709e-02, 0.000000000000000e+00, 0.000000000000000e+00, 2.321368791945516e+05, 1.000000000000000e-10, 2.972401547127409e+12
763, 1.161661762510151e-01, 5.313596836865826e-02, 3.167856268213959e-02, 0.000000000000000e+00, 0.000000000000000e+00, 2.325810105733168e+05, 1.000000000000000e-10, 2.965496300774896e+12
764, 1.159061892918255e-01, 5.308559199624190e-02, 3.174027975489892e-02, 0.000000000000000e+00, 0.000000000000000e+00, 2.330275715253375e+05, 1.000000000000000e-10, 2.958606890961339e+12
765, 1.156462309920779e-01, 5.303508557496250e-02, 3.180233477600592e-02, 0.000000000000000e+00, 0.000000000000000e+00, 2.334765605180106e+05, 1.000000000000000e-10, 2.951738489509006e+12
766, 1.153862983213056e-01, 5.298444738779312e-02, 3.186472279112992e-02, 0.000000000000000e+00, 0.000000000000000e+00, 2.339279378034298e+05, 1.000000000000000e-10, 2.944894629205936e+12
767, 1.151263916395426e-01, 5.293367563687419e-02, 3.192745153482089e-02, 0.000000000000000e+00, 0.000000000000000e+00, 2.343817600460036e+05, 1.000000000000000e-10, 2.938068614723905e+12
768, 1.148665137031607e-01, 5.288277059719020e-02, 3.199054083439777e-02, 0.000000000000000e+00, 0.000000000000000e+00, 2.348381769073679e+05, 1.000000000000000e-10, 2.931250430846335e+12
769, 1.146066590392850e-01, 5.283173306701305e-02, 3.205399752886105e-02, 0.000000000000000e+00, 0.000000000000000e+00, 2.352972408771666e+05, 1.000000000000000e-10, 2.924442317874507e+12
770, 1.143468300771612e-01, 5.278056460820677e-02, 3.211780824833287e-02, 0.000000000000000e+00, 0.000000000000000e+00, 2.357588499190529e+05, 1.000000000000000e-10, 2.917654067463246e+12
771, 1.140870271521668e-01, 5.272926418448504e-02, 3.218196819260963e-02, 0.000000000000000e+00, 0.000000000000000e+00, 2.362229649241047e+05, 1.000000000000000e-10, 2.910885243950466e+12
772, 1.138272489887603e-01, 5.267783072023097e-02, 3.224648769812487e-02, 0.000000000000000e+00, 0.000000000000000e+00, 2.366896630971486e+05, 1.000000000000000e-10, 2.904129841303065e+12
773, 1.135674989578283e-01, 5.262626540660345e-02, 3.231136182537038e-02, 0.000000000000000e+00, 0.000000000000000e+00, 2.371589069766648e+05, 1.000000000000000e-10, 2.897399015679635e+12
774, 1.133077756650485e-01, 5.257456577154400e-02, 3.237657824254210e-02, 0.000000000000000e+00, 0.000000000000000e+00, 2.376305998248255e+05, 1.000000000000000e-10, 2.890698140849970e+12
775, 1.130480797348101e-01, 5.252272872875379e-02, 3.244215383556542e-02, 0.000000000000000e+00, 0.000000000000000e+00, 2.381048666135474e+05, 1.000000000000000e-10, 2.884013004853721e+12
776, 1.127884112228749e-01, 5.247075447714854e-02, 3.250812636158495e-02, 0.000000000000000e+00, 0.000000000000000e+00, 2.385819934709300e+05, 1.000000000000000e-10, 2.877324882674108e+12
777, 1.125287694791219e-01, 5.241864706636879e-02, 3.257450238026723e-02, 0.000000000000000e+00, 0.000000000000000e+00, 2.390620329835171e+05, 1.000000000000000e-10, 2.870640107486701e+12
778, 1.122691535167528e-01, 5.236640859928194e-02, 3.264125000175142e-02, 0.000000000000000e+00, 0.000000000000000e+00, 2.395447426769585e+05, 1.000000000000000e-10, 2.863980129272473e+12
779, 1.120095636296323e-01, 5.231403656495777e-02, 3.270835092020220e-02, 0.000000000000000e+00, 0.000000000000000e+00, 2.400299792703334e+05, 1.000000000000000e-10, 2.857347800213440e+12
780, 1.117500023504794e-01, 5.226152868118574e-02, 3.277582004767659e-02, 0.000000000000000e+00, 0.000000000000000e+00, 2.405178535204803e+05, 1.000000000000000e-10, 2.850733025109068e+12
781, 1.114904681504583e-01, 5.220888425287953e-02, 3.284367900372092e-02, 0.000000000000000e+00, 0.000000000000000e+00, 2.410085285139984e+05, 1.000000000000000e-10, 2.844129309153053e+12
782, 1.112309615313072e-01, 5.215610423463388e-02, 3.291193350555446e-02, 0.000000000000000e+00, 0.000000000000000e+00, 2.415020475499317e+05, 1.000000000000000e-10, 2.837537047478348e+12
783, 1.109714804771680e-01, 5.210318884704760e-02, 3.298057823176087e-02, 0.000000000000000e+00, 0.000000000000000e+00, 2.419983693465027e+05, 1.000000000000000e-10, 2.830961717458133e+12
784, 1.107120288669744e-01, 5.205013820787195e-02, 3.304960546152955e-02, 0.000000000000000e+00, 0.000000000000000e+00, 2.424974334024916e+05, 1.000000000000000e-10, 2.824407810586660e+12
785, 1.104525882960305e-01, 5.199694694049340e-02, 3.311902194561799e-02, 0.000000000000000e+00, 0.000000000000000e+00, 2.429992872081919e+05, 1.000000000000000e-10, 2.817872739098134e+12
786, 1.101931352709523e-01, 5.194360911299659e-02, 3.318885152754598e-02, 0.000000000000000e+00, 0.000000000000000e+00, 2.435041079324822e+05, 1.000000000000000e-10, 2.811346422714091e+12
787, 1.099338209564853e-01, 5.189015682637396e-02, 3.325906495540812e-02, 0.000000000000000e+00, 0.000000000000000e+00, 2.440116857914721e+05, 1.000000000000000e-10, 2.804833165790569e+12
788, 1.096744316138105e-01, 5.183654722548801e-02, 3.332971452939454e-02, 0.000000000000000e+00, 0.000000000000000e+00, 2.445224001156923e+05, 1.000000000000000e-10, 2.798331395812783e+12
789, 1.094151940826154e-01, 5.178282668632562e-02, 3.340073192576611e-02, 0.000000000000000e+00, 0.000000000000000e+00, 2.450357485900721e+05, 1.000000000000000e-10, 2.791851677504360e+12
790, 1.091559122084865e-01, 5.172895387508543e-02, 3.347217661046353e-02, 0.000000000000000e+00, 0.000000000000000e+00, 2.455521645190632e+05, 1.000000000000000e-10, 2.785383774864978e+12
791, 1.088966591431097e-01, 5.167494378814932e-02, 3.354403171404677e-02, 0.000000000000000e+00, 0.000000000000000e+00, 2.460715247540965e+05, 1.000000000000000e-10, 2.778932095221062e+12
792, 1.086374349722807e-01, 5.162079586484640e-02, 3.361629429900528e-02, 0.000000000000000e+00, 0.000000000000000e+00, 2.465938052988634e+05, 1.000000000000000e-10, 2.772500828757021e+12
793, 1.083782267435449e-01, 5.156650582538666e-02, 3.368897347337871e-02, 0.000000000000000e+00, 0.000000000000000e+00, 2.471190717895393e+05, 1.000000000000000e-10, 2.766084534505039e+12
794, 1.081190600750084e-01, 5.151207873072082e-02, 3.376207336948988e-02, 0.000000000000000e+00, 0.000000000000000e+00, 2.476473563930540e+05, 1.000000000000000e-10, 2.759682660949885e+12
795, 1.078599228974891e-01, 5.145751196925739e-02, 3.383559869622946e-02, 0.000000000000000e+00, 0.000000000000000e+00, 2.481786926798165e+05, 1.000000000000000e-10, 2.753296595638945e+12
796, 1.076008153829452e-01, 5.140280500958778e-02, 3.390955221012153e-02, 0.000000000000000e+00, 0.000000000000000e+00, 2.487130997688243e+05, 1.000000000000000e-10, 2.746924888553523e+12
797, 1.073417552843140e-01, 5.134796142199820e-02, 3.398394239571433e-02, 0.000000000000000e+00, 0.000000000000000e+00, 2.492506416159812e+05, 1.000000000000000e-10, 2.740561494765137e+12
798, 1.070827083758290e-01, 5.129297531919255e-02, 3.405878155090994e-02, 0.000000000000000e+00, 0.000000000000000e+00, 2.497914087496034e+05, 1.000000000000000e-10, 2.734209147328793e+12
799, 1.068236910732685e-01, 5.123785039111311e-02, 3.413405680312019e-02, 0.000000000000000e+00, 0.000000000000000e+00, 2.503353031973533e+05, 1.000000000000000e-10, 2.727873353996294e+12
800, 1.065647015929222e-01, 5.118258538470877e-02, 3.420976830835950e-02, 0.000000000000000e+00, 0.000000000000000e+00, 2.508823236750750e+05, 1.000000000000000e-10, 2.721553592257864e+12
801, 1.063057430494536e-01, 5.112718028350377e-02, 3.428592129173207e-02, 0.000000000000000e+00, 0.000000000000000e+00, 2.514325084519959e+05, 1.000000000000000e-10, 2.715248361479843e+12
802, 1.060468142921062e-01, 5.107163452554495e-02, 3.436252603908518e-02, 0.000000000000000e+00, 0.000000000000000e+00, 2.519859333915271e+05, 1.000000000000000e-10, 2.708954340450785e+12
803, 1.057879134329502e-01, 5.101594810347816e-02, 3.443959006078496e-02, 0.000000000000000e+00, 0.000000000000000e+00, 2.525426545215510e+05, 1.000000000000000e-10, 2.702669992428167e+12
804, 1.055290474990856e-01, 5.096012320466996e-02, 3.451710450835867e-02, 0.000000000000000e+00, 0.000000000000000e+00, 2.531026046267502e+05, 1.000000000000000e-10, 2.696403797660147e+12
805, 1.052702097678651e-01, 5.090415702232745e-02, 3.459505971610143e-02, 0.000000000000000e+00, 0.000000000000000e+00, 2.536657069433426e+05, 1.000000000000000e-10, 2.690161416751234e+12
806, 1.050114033050477e-01, 5.084804759222981e-02, 3.467346665746256e-02, 0.000000000000000e+00, 0.000000000000000e+00, 2.542320414357408e+05, 1.000000000000000e-10, 2.683933484043271e+12
807, 1.047526131720568e-01, 5.079179146059276e-02, 3.475234816599002e-02, 0.000000000000000e+00, 0.000000000000000e+00, 2.548017786614848e+05, 1.000000000000000e-10, 2.677717364703210e+12
808, 1.044938702435457e-01, 5.073539535490312e-02, 3.483169441418490e-02, 0.000000000000000e+00, 0.000000000000000e+00, 2.553748458927789e+05, 1.000000000000000e-10, 2.671517431969085e+12
809, 1.042351692600050e-01, 5.067885736746326e-02, 3.491151155390388e-02, 0.000000000000000e+00, 0.000000000000000e+00, 2.559512868385503e+05, 1.000000000000000e-10, 2.665330183398499e+12
810, 1.039764875856117e-01, 5.062217263177783e-02, 3.499182604667976e-02, 0.000000000000000e+00, 0.000000000000000e+00, 2.565312979291892e+05, 1.000000000000000e-10, 2.659145751592544e+12
811, 1.037178354792447e-01, 5.056534553034784e-02, 3.507263482023783e-02, 0.000000000000000e+00, 0.000000000000000e+00, 2.571148577425537e+05, 1.000000000000000e-10, 2.652971639707890e+12
812, 1.034592183781955e-01, 5.050837746928057e-02, 3.515392191896800e-02, 0.000000000000000e+00, 0.000000000000000e+00, 2.577018436376775e+05, 1.000000000000000e-10, 2.646814760022882e+12
813, 1.032006312653795e-01, 5.045126607066883e-02, 3.523568902086623e-02, 0.000000000000000e+00, 0.000000000000000e+00, 2.582922649235336e+05, 1.000000000000000e-10, 2.640673117377695e+12
814, 1.029420746952456e-01, 5.039401074636631e-02, 3.531794606821718e-02, 0.000000000000000e+00, 0.000000000000000e+00, 2.588861951834691e+05, 1.000000000000000e-10, 2.634544083211275e+12
815, 1.026835493939808e-01, 5.033661152977681e-02, 3.540069260076766e-02, 0.000000000000000e+00, 0.000000000000000e+00, 2.594836293871157e+05, 1.000000000000000e-10, 2.628433297698633e+12
816, 1.024250436326637e-01, 5.027906421614798e-02, 3.548393149631018e-02, 0.000000000000000e+00, 0.000000000000000e+00, 2.600845852037683e+05, 1.000000000000000e-10, 2.622339277123481e+12
817, 1.021665226668281e-01, 5.022135982883082e-02, 3.556769426465086e-02, 0.000000000000000e+00, 0.000000000000000e+00, 2.606892952138591e+05, 1.000000000000000e-10, 2.616251408421560e+12
818, 1.019081461774051e-01, 5.016353503212535e-02, 3.565194451182403e-02, 0.000000000000000e+00, 0.000000000000000e+00, 2.612974990116532e+05, 1.000000000000000e-10, 2.610173371399656e+12
819, 1.016497044794459e-01, 5.010554434188626e-02, 3.573674541119847e-02, 0.000000000000000e+00, 0.000000000000000e+00, 2.619096476920343e+05, 1.000000000000000e-10, 2.604103824752678e+12
820, 1.013914130046047e-01, 5.004743572356353e-02, 3.582200942035692e-02, 0.000000000000000e+00, 0.000000000000000e+00, 2.625251164976379e+05, 1.000000000000000e-10, 2.598060342911200e+12
821, 1.011330845208990e-01, 4.998916467684124e-02, 3.590779744064807e-02, 0.000000000000000e+00, 0.000000000000000e+00, 2.631443238248844e+05, 1.000000000000000e-10, 2.592033673870379e+12
822, 1.008747899967955e-01, 4.993074534257593e-02, 3.599411195390605e-02, 0.000000000000000e+00, 0.000000000000000e+00, 2.637672998483505e+05, 1.000000000000000e-10, 2.586014357381837e+12
823, 1.006165291797615e-01, 4.987217881271636e-02, 3.608097495985572e-02, 0.000000000000000e+00, 0.000000000000000e+00, 2.643942103342609e+05, 1.000000000000000e-10, 2.579998932885933e+12
824, 1.003582831660669e-01, 4.981346247545997e-02, 3.616838438126405e-02, 0.000000000000000e+00, 0.000000000000000e+00, 2.650250375131120e+05, 1.000000000000000e-10, 2.573995309348034e+12
825, 1.001000874944267e-01, 4.975460389019085e-02, 3.625632132807479e-02, 0.000000000000000e+00, 0.000000000000000e+00, 2.656596387512259e+05, 1.000000000000000e-10, 2.568005686777171e+12
826, 9.984192564136325e-02, 4.969559876456006e-02, 3.634479898865188e-02, 0.000000000000000e+00, 0.000000000000000e+00, 2.662981100372412e+05, 1.000000000000000e-10, 2.562026834675927e+12
827, 9.958379774597192e-02, 4.963644722246864e-02, 3.643381955185776e-02, 0.000000000000000e+00, 0.000000000000000e+00, 2.669404664761110e+05, 1.000000000000000e-10, 2.556062122663343e+12
828, 9.932571748161488e-02, 4.957715158130228e-02, 3.652337164370218e-02, 0.000000000000000e+00, 0.000000000000000e+00, 2.675866207276027e+05, 1.000000000000000e-10, 2.550117448647060e+12
829, 9.906765655394570e-02, 4.951770324613691e-02, 3.661347274000262e-02, 0.000000000000000e+00, 0.000000000000000e+00, 2.682366984364639e+05, 1.000000000000000e-10, 2.544186176096633e+12
830, 9.880963044153476e-02, 4.945810516580014e-02, 3.670414099668341e-02, 0.000000000000000e+00, 0.000000000000000e+00, 2.688908361719149e+05, 1.000000000000000e-10, 2.538261649954802e+12
831, 9.855163918030829e-02, 4.939835837485625e-02, 3.679538622847994e-02, 0.000000000000000e+00, 0.000000000000000e+00, 2.695491075904703e+05, 1.000000000000000e-10, 2.532344319037448e+12
832, 9.829368544374248e-02, 4.933846423914948e-02, 3.688719941618819e-02, 0.000000000000000e+00, 0.000000000000000e+00, 2.702114433468150e+05, 1.000000000000000e-10, 2.526440934338541e+12
833, 9.803576312529340e-02, 4.927842043597291e-02, 3.697957745552555e-02, 0.000000000000000e+00, 0.000000000000000e+00, 2.708778159083191e+05, 1.000000000000000e-10, 2.520553307297170e+12
834, 9.777787624181117e-02, 4.921822660582996e-02, 3.707252643276062e-02, 0.000000000000000e+00, 0.000000000000000e+00, 2.715482689526596e+05, 1.000000000000000e-10, 2.514678606089712e+12
835, 9.752002366038282e-02, 4.915788197453451e-02, 3.716606159162409e-02, 0.000000000000000e+00, 0.000000000000000e+00, 2.722229150792434e+05, 1.000000000000000e-10, 2.508813380715141e+12
836, 9.726220590766453e-02, 4.909738689616513e-02, 3.726018824825363e-02, 0.000000000000000e+00, 0.000000000000000e+00, 2.729017930196983e+05, 1.000000000000000e-10, 2.502958983590557e+12
837, 9.700442411461044e-02, 4.903674144966000e-02, 3.735490727063962e-02, 0.000000000000000e+00, 0.000000000000000e+00, 2.735849071253372e+05, 1.000000000000000e-10, 2.497116071161489e+12
838, 9.674667837757824e-02, 4.897594534318316e-02, 3.745023117296306e-02, 0.000000000000000e+00, 0.000000000000000e+00, 2.742723490491749e+05, 1.000000000000000e-10, 2.491279453321104e+12
839, 9.648896342018481e-02, 4.891499829642224e-02, 3.754616838299921e-02, 0.000000000000000e+00, 0.000000000000000e+00, 2.749641811552788e+05, 1.000000000000000e-10, 2.485450561077024e+12
840, 9.623128827117998e-02, 4.885390287020837e-02, 3.764270190288102e-02, 0.000000000000000e+00, 0.000000000000000e+00, 2.756602739190384e+05, 1.000000000000000e-10, 2.479640087182002e+12
841, 9.597363473928545e-02, 4.879265259003491e-02, 3.773983256457614e-02, 0.000000000000000e+00, 0.000000000000000e+00, 2.763606271445274e+05, 1.000000000000000e-10, 2.473847286138833e+12
842, 9.571603096456203e-02, 4.873125222584537e-02, 3.783757099203276e-02, 0.000000000000000e+00, 0.000000000000000e+00, 2.770653208992037e+05, 1.000000000000000e-10, 2.468064634322244e+12
843, 9.545848370922204e-02, 4.866970363999369e-02, 3.793592651720431e-02, 0.000000000000000e+00, 0.000000000000000e+00, 2.777744250231541e+05, 1.000000000000000e-10, 2.462295430060030e+12
844, 9.520095182691429e-02, 4.860799622433117e-02, 3.803490958783494e-02, 0.000000000000000e+00, 0.000000000000000e+00, 2.784880108849229e+05, 1.000000000000000e-10, 2.456541408027656e+12
845, 9.494345780336141e-02, 4.854613381409958e-02, 3.813453957506425e-02, 0.000000000000000e+00, 0.000000000000000e+00, 2.792062228294492e+05, 1.000000000000000e-10, 2.450787432415833e+12
846, 9.468600113711437e-02, 4.848411884695884e-02, 3.823484850712824e-02, 0.000000000000000e+00, 0.000000000000000e+00, 2.799293033457131e+05, 1.000000000000000e-10, 2.445027568038190e+12
847, 9.442858105889564e-02, 4.842195478158616e-02, 3.833580969737150e-02, 0.000000000000000e+00, 0.000000000000000e+00, 2.806570519644532e+05, 1.000000000000000e-10, 2.439282482385335e+12
848, 9.417119815936204e-02, 4.835964004200387e-02, 3.843737354967067e-02, 0.000000000000000e+00, 0.000000000000000e+00, 2.813890889744211e+05, 1.000000000000000e-10, 2.433570761399017e+12
849, 9.391385386528645e-02, 4.829716902745049e-02, 3.853954715128925e-02, 0.000000000000000e+00, 0.000000000000000e+00, 2.821254601941732e+05, 1.000000000000000e-10, 2.427881194727620e+12
850, 9.365654978978344e-02, 4.823453944948580e-02, 3.864240151805225e-02, 0.000000000000000e+00, 0.000000000000000e+00, 2.828666979102937e+05, 1.000000000000000e-10, 2.422185680920743e+12
851, 9.339928104607087e-02, 4.817175424790645e-02, 3.874597824040015e-02, 0.000000000000000e+00, 0.000000000000000e+00, 2.836131183071858e+05, 1.000000000000000e-10, 2.416481669189298e+12
852, 9.314204689957482e-02, 4.810881729827202e-02, 3.885023949835217e-02, 0.000000000000000e+00, 0.000000000000000e+00, 2.843644366434292e+05, 1.000000000000000e-10, 2.410792139367978e+12
853, 9.288485099614616e-02, 4.804572768465505e-02, 3.895514521168696e-02, 0.000000000000000e+00, 0.000000000000000e+00, 2.851203446412975e+05, 1.000000000000000e-10, 2.405126730338423e+12
854, 9.262768557569082e-02, 4.798247979970417e-02, 3.906071465954214e-02, 0.000000000000000e+00, 0.000000000000000e+00, 2.858809811527260e+05, 1.000000000000000e-10, 2.399474812762614e+12
855, 9.237056543982054e-02, 4.791907639302624e-02, 3.916697394715794e-02, 0.000000000000000e+00, 0.000000000000000e+00, 2.866465426234793e+05, 1.000000000000000e-10, 2.393831296247717e+12
856, 9.211348480030289e-02, 4.785551630430684e-02, 3.927393187587588e-02, 0.000000000000000e+00, 0.000000000000000e+00, 2.874170929643814e+05, 1.000000000000000e-10, 2.388198986247773e+12
857, 9.185644389672069e-02, 4.779179895328586e-02, 3.938159170791067e-02, 0.000000000000000e+00, 0.000000000000000e+00, 2.881926534261964e+05, 1.000000000000000e-10, 2.382576453889372e+12
858, 9.159946220038495e-02, 4.772792898055411e-02, 3.948996544464536e-02, 0.000000000000000e+00, 0.000000000000000e+00, 2.889733137051224e+05, 1.000000000000000e-10, 2.376957583406434e+12
859, 9.134249808793532e-02, 4.766389753113767e-02, 3.959907465322710e-02, 0.000000000000000e+00, 0.000000000000000e+00, 2.897592305431989e+05, 1.000000000000000e-10, 2.371345694652500e+12
860, 9.108557363579411e-02, 4.759971013476189e-02, 3.970890061061807e-02, 0.000000000000000e+00, 0.000000000000000e+00, 2.905502619448260e+05, 1.000000000000000e-10, 2.365746207363725e+12
861, 9.082868929359877e-02, 4.753536589186340e-02, 3.981944469940029e-02, 0.000000000000000e+00, 0.000000000000000e+00, 2.913464145662187e+05, 1.000000000000000e-10, 2.360158857737252e+12
862, 9.057184945311655e-02, 4.747086505086386e-02, 3.993071756108671e-02, 0.000000000000000e+00, 0.000000000000000e+00, 2.921477659077953e+05, 1.000000000000000e-10, 2.354580882603856e+12
863, 9.031504480887700e-02, 4.740620514698889e-02, 4.004274050047935e-02, 0.000000000000000e+00, 0.000000000000000e+00, 2.929544722797282e+05, 1.000000000000000e-10, 2.349008216927483e+12
864, 9.005827976512761e-02, 4.734138800257376e-02, 4.015552242627850e-02, 0.000000000000000e+00, 0.000000000000000e+00, 2.937665996537684e+05, 1.000000000000000e-10, 2.343439745992245e+12
865, 8.980155407107286e-02, 4.727641451915236e-02, 4.026903811460454e-02, 0.000000000000000e+00, 0.000000000000000e+00, 2.945839559409010e+05, 1.000000000000000e-10, 2.337894650452518e+12
866, 8.954486411674525e-02, 4.721127974462064e-02, 4.038326521237509e-02, 0.000000000000000e+00, 0.000000000000000e+00, 2.954063646274731e+05, 1.000000000000000e-10, 2.332377109152464e+12
867, 8.928822449960878e-02, 4.714598269911853e-02, 4.049824963733157e-02, 0.000000000000000e+00, 0.000000000000000e+00, 2.962341667377278e+05, 1.000000000000000e-10, 2.326862441352074e+12
868, 8.903162283690808e-02, 4.708052211766548e-02, 4.061406700447004e-02, 0.000000000000000e+00, 0.000000000000000e+00, 2.970679308262234e+05, 1.000000000000000e-10, 2.321333969866836e+12
869, 8.877506547217882e-02, 4.701490501756025e-02, 4.073070176963986e-02, 0.000000000000000e+00, 0.000000000000000e+00, 2.979075434020009e+05, 1.000000000000000e-10, 2.315809389378137e+12
870, 8.851854481631106e-02, 4.694913001245159e-02, 4.084810588838759e-02, 0.000000000000000e+00, 0.000000000000000e+00, 2.987526364212275e+05, 1.000000000000000e-10, 2.310305474029893e+12
871, 8.826206580205843e-02, 4.688319492511009e-02, 4.096627263630365e-02, 0.000000000000000e+00, 0.000000000000000e+00, 2.996031526152557e+05, 1.000000000000000e-10, 2.304818019594002e+12
872, 8.800562697201515e-02, 4.681709744883956e-02, 4.108523658655784e-02, 0.000000000000000e+00, 0.000000000000000e+00, 3.004593483328412e+05, 1.000000000000000e-10, 2.299338203777839e+12
873, 8.774923078698764e-02, 4.675083839594722e-02, 4.120500631437667e-02, 0.000000000000000e+00, 0.000000000000000e+00, 3.013212863414245e+05, 1.000000000000000e-10, 2.293871860380614e+12
874, 8.749287761295724e-02, 4.668441632344632e-02, 4.132558096894620e-02, 0.000000000000000e+00, 0.000000000000000e+00, 3.021889554266665e+05, 1.000000000000000e-10, 2.288418281158173e+12
875, 8.723656226728176e-02, 4.661782869375421e-02, 4.144700690686122e-02, 0.000000000000000e+00, 0.000000000000000e+00, 3.030626990541641e+05, 1.000000000000000e-10, 2.282959089189881e+12
876, 8.698029461796684e-02, 4.655108152670806e-02, 4.156930983482694e-02, 0.000000000000000e+00, 0.000000000000000e+00, 3.039427135244809e+05, 1.000000000000000e-10, 2.277493571297220e+12
877, 8.672406801591795e-02, 4.648417639056682e-02, 4.169244628348100e-02, 0.000000000000000e+00, 0.000000000000000e+00, 3.048286698735043e+05, 1.000000000000000e-10, 2.272048035636971e+12
878, 8.646787938103304e-02, 4.641710885323846e-02, 4.181636733567271e-02, 0.000000000000000e+00, 0.000000000000000e+00, 3.057201901951430e+05, 1.000000000000000e-10, 2.266634657416174e+12
879, 8.621173936428897e-02, 4.634987550353096e-02, 4.194110672590321e-02, 0.000000000000000e+00, 0.000000000000000e+00, 3.066175208965983e+05, 1.000000000000000e-10, 2.261232775603180e+12
880, 8.595564134462079e-02, 4.628247414138675e-02, 4.206675393014364e-02, 0.000000000000000e+00, 0.000000000000000e+00, 3.075213325921985e+05, 1.000000000000000e-10, 2.255818950257508e+12
881, 8.569958262473214e-02, 4.621490905132426e-02, 4.219332830961316e-02, 0.000000000000000e+00, 0.000000000000000e+00, 3.084317735454616e+05, 1.000000000000000e-10, 2.250400596140527e+12
882, 8.544357275933580e-02, 4.614718526827623e-02, 4.232077265353429e-02, 0.000000000000000e+00, 0.000000000000000e+00, 3.093484116397977e+05, 1.000000000000000e-10, 2.245000322095074e+12
883, 8.518760283811352e-02, 4.607929735462257e-02, 4.244906846920759e-02, 0.000000000000000e+00, 0.000000000000000e+00, 3.102710976177866e+05, 1.000000000000000e-10, 2.239618409679570e+12
884, 8.493167668354026e-02, 4.601124357469701e-02, 4.257824849946264e-02, 0.000000000000000e+00, 0.000000000000000e+00, 3.112000730573162e+05, 1.000000000000000e-10, 2.234243655244593e+12
885, 8.467579589238843e-02, 4.594302453889829e-02, 4.270833111811870e-02, 0.000000000000000e+00, 0.000000000000000e+00, 3.121354740379144e+05, 1.000000000000000e-10, 2.228880329299387e+12
886, 8.441995464831203e-02, 4.587463746580012e-02, 4.283931886043855e-02, 0.000000000000000e+00, 0.000000000000000e+00, 3.130773136976854e+05, 1.000000000000000e-10, 2.223528516594614e+12
887, 8.416416424964444e-02, 4.580608419168913e-02, 4.297123320935334e-02, 0.000000000000000e+00, 0.000000000000000e+00, 3.140257502223825e+05, 1.000000000000000e-10, 2.218179915710803e+12
888, 8.390841845037626e-02, 4.573736412528132e-02, 4.310409866795986e-02, 0.000000000000000e+00, 0.000000000000000e+00, 3.149809649398442e+05, 1.000000000000000e-10, 2.212833802317114e+12
889, 8.365271505371490e-02, 4.566847764548686e-02, 4.323790915448898e-02, 0.000000000000000e+00, 0.000000000000000e+00, 3.159429085830213e+05, 1.000000000000000e-10, 2.207496696737222e+12
890, 8.339705766988741e-02, 4.559942495700483e-02, 4.337267170575330e-02, 0.000000000000000e+00, 0.000000000000000e+00, 3.169116286062162e+05, 1.000000000000000e-10, 2.202163685245723e+12
891, 8.314144428826876e-02, 4.553020620870837e-02, 4.350840215620738e-02, 0.000000000000000e+00, 0.000000000000000e+00, 3.178872413029393e+05, 1.000000000000000e-10, 2.196835023720744e+12
892, 8.288587571150696e-02, 4.546082207946468e-02, 4.364508278510864e-02, 0.000000000000000e+00, 0.000000000000000e+00, 3.188696094626467e+05, 1.000000000000000e-10, 2.191523507513458e+12
893, 8.263035389989053e-02, 4.539127019245805e-02, 4.378270217415337e-02, 0.000000000000000e+00, 0.000000000000000e+00, 3.198586396383899e+05, 1.000000000000000e-10, 2.186230156695871e+12
894, 8.237487490652909e-02, 4.532154661747891e-02, 4.392130535567839e-02, 0.000000000000000e+00, 0.000000000000000e+00, 3.208546631565606e+05, 1.000000000000000e-10, 2.180939834927651e+12
895, 8.211937912818920e-02, 4.525163611197534e-02, 4.406096934922567e-02, 0.000000000000000e+00, 0.000000000000000e+00, 3.218582476449672e+05, 1.000000000000000e-10, 2.175644768137376e+12
896, 8.186403851094524e-02, 4.518158783123101e-02, 4.420159052269734e-02, 0.000000000000000e+00, 0.000000000000000e+00, 3.228686404430320e+05, 1.000000000000000e-10, 2.170361504559634e+12
897, 8.160865191849771e-02, 4.511134608803574e-02, 4.434327305030713e-02, 0.000000000000000e+00, 0.000000000000000e+00, 3.238865847129753e+05, 1.000000000000000e-10, 2.165083003882803e+12
898, 8.135343549489056e-02, 4.504096970373497e-02, 4.448591013248291e-02, 0.000000000000000e+00, 0.000000000000000e+00, 3.249113091311119e+05, 1.000000000000000e-10, 2.159814721174428e+12
899, 8.109818792608774e-02, 4.497040347179618e-02, 4.462961769207326e-02, 0.000000000000000e+00, 0.000000000000000e+00, 3.259436474444924e+05, 1.000000000000000e-10, 2.154555145226567e+12
900, 8.084298899965742e-02, 4.489966775955671e-02, 4.477434057559630e-02, 0.000000000000000e+00, 0.000000000000000e+00, 3.269831914026736e+05, 1.000000000000000e-10, 2.149312410743382e+12
901, 8.058784292484705e-02, 4.482876097642881e-02, 4.492010315975608e-02, 0.000000000000000e+00, 0.000000000000000e+00, 3.280301176577880e+05, 1.000000000000000e-10, 2.144076514425604e+12
902, 8.033274128962073e-02, 4.475768081363267e-02, 4.506694810210417e-02, 0.000000000000000e+00, 0.000000000000000e+00, 3.290847415724096e+05, 1.000000000000000e-10, 2.138843018564213e+12
903, 8.007768695574149e-02, 4.468642888195169e-02, 4.521487758504719e-02, 0.000000000000000e+00, 0.000000000000000e+00, 3.301470766083936e+05, 1.000000000000000e-10, 2.133616301505140e+12
904, 7.982268137193375e-02, 4.461500519484628e-02, 4.536389637289101e-02, 0.000000000000000e+00, 0.000000000000000e+00, 3.312171525020362e+05, 1.000000000000000e-10, 2.128395247030659e+12
905, 7.956772476697892e-02, 4.454340981848311e-02, 4.551401883291603e-02, 0.000000000000000e+00, 0.000000000000000e+00, 3.322950724790103e+05, 1.000000000000000e-10, 2.123178811866058e+12
906, 7.931280682067686e-02, 4.447164007696339e-02, 4.566525568003008e-02, 0.000000000000000e+00, 0.000000000000000e+00, 3.333809105427756e+05, 1.000000000000000e-10, 2.117969681223038e+12
907, 7.905795312090366e-02, 4.439970254367755e-02, 4.581759951171881e-02, 0.000000000000000e+00, 0.000000000000000e+00, 3.344746092100649e+05, 1.000000000000000e-10, 2.112768125513348e+12
908, 7.880314172328612e-02, 4.432759065365298e-02, 4.597107661904121e-02, 0.000000000000000e+00, 0.000000000000000e+00, 3.355763570151084e+05, 1.000000000000000e-10, 2.107572637110331e+12
909, 7.854837902815989e-02, 4.425530596630876e-02, 4.612568931163021e-02, 0.000000000000000e+00, 0.000000000000000e+00, 3.366861666478885e+05, 1.000000000000000e-10, 2.102386770847459e+12
910, 7.829366184755099e-02, 4.418284640320669e-02, 4.628144568815289e-02, 0.000000000000000e+00, 0.000000000000000e+00, 3.378040918179114e+05, 1.000000000000000e-10, 2.097210217959476e+12
911, 7.803900119255720e-02, 4.411021405036282e-02, 4.643836302907797e-02, 0.000000000000000e+00, 0.000000000000000e+00, 3.389302580418467e+05, 1.000000000000000e-10, 2.092038618084838e+12
912, 7.778438741129702e-02, 4.403740635959282e-02, 4.659646896789018e-02, 0.000000000000000e+00, 0.000000000000000e+00, 3.400648662229049e+05, 1.000000000000000e-10, 2.086870700203495e+12
913, 7.752981980829596e-02, 4.396442342049448e-02, 4.675576740648660e-02, 0.000000000000000e+00, 0.000000000000000e+00, 3.412079404864048e+05, 1.000000000000000e-10, 2.081709656576237e+12
914, 7.727530518708021e-02, 4.389126659928566e-02, 4.691626677323572e-02, 0.000000000000000e+00, 0.000000000000000e+00, 3.423595382584730e+05, 1.000000000000000e-10, 2.076553250823601e+12
915, 7.702084274014563e-02, 4.381793580190876e-02, 4.707798411205059e-02, 0.000000000000000e+00, 0.000000000000000e+00, 3.435197825412930e+05, 1.000000000000000e-10, 2.071400786042833e+12
916, 7.676643224236555e-02, 4.374443120689517e-02, 4.724091469001261e-02, 0.000000000000000e+00, 0.000000000000000e+00, 3.446886318394312e+05, 1.000000000000000e-10, 2.066260396555397e+12
917, 7.651206640050189e-02, 4.367074872233975e-02, 4.740506301027864e-02, 0.000000000000000e+00, 0.000000000000000e+00, 3.458661097449114e+05, 1.000000000000000e-10, 2.061131595413530e+12
918, 7.625775413115210e-02, 4.359688918342457e-02, 4.757045450280763e-02, 0.000000000000000e+00, 0.000000000000000e+00, 3.470524017935189e+05, 1.000000000000000e-10, 2.056008164301818e+12
919, 7.600349558697748e-02, 4.352285262095601e-02, 4.773710557911526e-02, 0.000000000000000e+00, 0.000000000000000e+00, 3.482476258664524e+05, 1.000000000000000e-10, 2.050894277058208e+12
920, 7.574929144533227e-02, 4.344863790926139e-02, 4.790501984539028e-02, 0.000000000000000e+00, 0.000000000000000e+00, 3.494518013860467e+05, 1.000000000000000e-10, 2.045790013671282e+12
921, 7.549513430213127e-02, 4.337424165860982e-02, 4.807426671880879e-02, 0.000000000000000e+00, 0.000000000000000e+00, 3.506654400571382e+05, 1.000000000000000e-10, 2.040673600330822e+12
922, 7.524102968635837e-02, 4.329966997832028e-02, 4.824488435616101e-02, 0.000000000000000e+00, 0.000000000000000e+00, 3.518888306690361e+05, 1.000000000000000e-10, 2.035546445601291e+12
923, 7.498697777035904e-02, 4.322492657094829e-02, 4.841679348074655e-02, 0.000000000000000e+00, 0.000000000000000e+00, 3.531213739861673e+05, 1.000000000000000e-10, 2.030443595108235e+12
924, 7.473297947975992e-02, 4.315000598812815e-02, 4.858992686827421e-02, 0.000000000000000e+00, 0.000000000000000e+00, 3.543625481753015e+05, 1.000000000000000e-10, 2.025374690448172e+12
925, 7.447903265986770e-02, 4.307490011624544e-02, 4.876437645950094e-02, 0.000000000000000e+00, 0.000000000000000e+00, 3.556130290828109e+05, 1.000000000000000e-10, 2.020306316353397e+12
926, 7.422513934698605e-02, 4.299961119801018e-02, 4.894026576266275e-02, 0.000000000000000e+00, 0.000000000000000e+00, 3.568737442042152e+05, 1.000000000000000e-10, 2.015218728504071e+12
927, 7.397130380824901e-02, 4.292414662174136e-02, 4.911758234038602e-02, 0.000000000000000e+00, 0.000000000000000e+00, 3.581446026613180e+05, 1.000000000000000e-10, 2.010130665889958e+12
928, 7.371751817148199e-02, 4.284850475494538e-02, 4.929626182349512e-02, 0.000000000000000e+00, 0.000000000000000e+00, 3.594251090641046e+05, 1.000000000000000e-10, 2.005060030481570e+12
929, 7.346378271007345e-02, 4.277268192005650e-02, 4.947630494449873e-02, 0.000000000000000e+00, 0.000000000000000e+00, 3.607152558864739e+05, 1.000000000000000e-10, 2.000000842449033e+12
930, 7.321010703835740e-02, 4.269667924696196e-02, 4.965775338259601e-02, 0.000000000000000e+00, 0.000000000000000e+00, 3.620153506720908e+05, 1.000000000000000e-10, 1.994946964079181e+12
931, 7.295648206664639e-02, 4.262049382965467e-02, 4.984062778945537e-02, 0.000000000000000e+00, 0.000000000000000e+00, 3.633255396444928e+05, 1.000000000000000e-10, 1.989903660060818e+12
932, 7.270291435384965e-02, 4.254412575600500e-02, 5.002493975652725e-02, 0.000000000000000e+00, 0.000000000000000e+00, 3.646458915939468e+05, 1.000000000000000e-10, 1.984865864528342e+12
933, 7.244939733388184e-02, 4.246757275146861e-02, 5.021074920914360e-02, 0.000000000000000e+00, 0.000000000000000e+00, 3.659767669678928e+05, 1.000000000000000e-10, 1.979822662296842e+12
934, 7.219592797169530e-02, 4.239083619869053e-02, 5.039806736010141e-02, 0.000000000000000e+00, 0.000000000000000e+00, 3.673185453463685e+05, 1.000000000000000e-10, 1.974782555318854e+12
935, 7.194252093213793e-02, 4.231392057990170e-02, 5.058687272631046e-02, 0.000000000000000e+00, 0.000000000000000e+00, 3.686707400504523e+05, 1.000000000000000e-10, 1.969749118833380e+12
936, 7.168917191413608e-02, 4.223682369110247e-02, 5.077718603643577e-02, 0.000000000000000e+00, 0.000000000000000e+00, 3.700336057225410e+05, 1.000000000000000e-10, 1.964719008454649e+12
937, 7.143588088417387e-02, 4.215954565600431e-02, 5.096901860726763e-02, 0.000000000000000e+00, 0.000000000000000e+00, 3.714072201751199e+05, 1.000000000000000e-10, 1.959697170315845e+12
938, 7.118265570932532e-02, 4.208208755849687e-02, 5.116235292629934e-02, 0.000000000000000e+00, 0.000000000000000e+00, 3.727914430964991e+05, 1.000000000000000e-10, 1.954691840206907e+12
939, 7.092947810397512e-02, 4.200444043326798e-02, 5.135723464235491e-02, 0.000000000000000e+00, 0.000000000000000e+00, 3.741866000964433e+05, 1.000000000000000e-10, 1.949691800464716e+12
940, 7.067635640740182e-02, 4.192660646908251e-02, 5.155373400733584e-02, 0.000000000000000e+00, 0.000000000000000e+00, 3.755932131535184e+05, 1.000000000000000e-10, 1.944683574725598e+12
941, 7.042329059452143e-02, 4.184858874787906e-02, 5.175186824037908e-02, 0.000000000000000e+00, 0.000000000000000e+00, 3.770114084277923e+05, 1.000000000000000e-10, 1.939674808908293e+12
942, 7.017028022983074e-02, 4.177038783038972e-02, 5.195160760217147e-02, 0.000000000000000e+00, 0.000000000000000e+00, 3.784409522327256e+05, 1.000000000000000e-10, 1.934676174171612e+12
943, 6.991732845593841e-02, 4.169200265859911e-02, 5.215295510807191e-02, 0.000000000000000e+00, 0.000000000000000e+00, 3.798818553120908e+05, 1.000000000000000e-10, 1.929685108357756e+12
944, 6.966443009900143e-02, 4.161343055839353e-02, 5.235594807791995e-02, 0.000000000000000e+00, 0.000000000000000e+00, 3.813343870367336e+05, 1.000000000000000e-10, 1.924699050896886e+12
945, 6.941159215764092e-02, 4.153467316606802e-02, 5.256059391196109e-02, 0.000000000000000e+00, 0.000000000000000e+00, 3.827985949652568e+05, 1.000000000000000e-10, 1.919722608372460e+12
946, 6.915881557984399e-02, 4.145572898885031e-02, 5.276691533259093e-02, 0.000000000000000e+00, 0.000000000000000e+00, 3.842746383566317e+05, 1.000000000000000e-10, 1.914750568006137e+12
947, 6.890609610497400e-02, 4.137659644147908e-02, 5.297494281251316e-02, 0.000000000000000e+00, 0.000000000000000e+00, 3.857627353509056e+05, 1.000000000000000e-10, 1.909785057199440e+12
948, 6.865343299158917e-02, 4.129727422577338e-02, 5.318468110128693e-02, 0.000000000000000e+00, 0.000000000000000e+00, 3.872629103478802e+05, 1.000000000000000e-10, 1.904829384414523e+12
949, 6.840083287922796e-02, 4.121776251478984e-02, 5.339618952433269e-02, 0.000000000000000e+00, 0.000000000000000e+00, 3.887755976304156e+05, 1.000000000000000e-10, 1.899865223904626e+12
950, 6.814827677129215e-02, 4.113805853815344e-02, 5.360955225023471e-02, 0.000000000000000e+00, 0.000000000000000e+00, 3.903014205053082e+05, 1.000000000000000e-10, 1.894886461447889e+12
951, 6.789579468661398e-02, 4.105817596911474e-02, 5.382468640683981e-02, 0.000000000000000e+00, 0.000000000000000e+00, 3.918397599088063e+05, 1.000000000000000e-10, 1.889922728609687e+12
952, 6.764338254459754e-02, 4.097810987483822e-02, 5.404151577822279e-02, 0.000000000000000e+00, 0.000000000000000e+00, 3.933900222085041e+05, 1.000000000000000e-10, 1.884989452428407e+12
953, 6.739102208924533e-02, 4.089784719272282e-02, 5.426012694212822e-02, 0.000000000000000e+00, 0.000000000000000e+00, 3.949528319108454e+05, 1.000000000000000e-10, 1.880060975286833e+12
954, 6.713871979430322e-02, 4.081738982091841e-02, 5.448066824348469e-02, 0.000000000000000e+00, 0.000000000000000e+00, 3.965292982320414e+05, 1.000000000000000e-10, 1.875111144833218e+12
955, 6.688647656954194e-02, 4.073674447233484e-02, 5.470316176066758e-02, 0.000000000000000e+00, 0.000000000000000e+00, 3.981195879391472e+05, 1.000000000000000e-10, 1.870153991694545e+12
956, 6.663429621200541e-02, 4.065591436708134e-02, 5.492751062826894e-02, 0.000000000000000e+00, 0.000000000000000e+00, 3.997229617859358e+05, 1.000000000000000e-10, 1.865216120448378e+12
957, 6.638217685482310e-02, 4.057489401549955e-02, 5.515370002303950e-02, 0.000000000000000e+00, 0.000000000000000e+00, 4.013392864142267e+05, 1.000000000000000e-10, 1.860293039426279e+12
958, 6.613011528313448e-02, 4.049367928828578e-02, 5.538181411582594e-02, 0.000000000000000e+00, 0.000000000000000e+00, 4.029691793539748e+05, 1.000000000000000e-10, 1.855371224212688e+12
959, 6.587811917654512e-02, 4.041227306058352e-02, 5.561188343308098e-02, 0.000000000000000e+00, 0.000000000000000e+00, 4.046128629021943e+05, 1.000000000000000e-10, 1.850456438456830e+12
960, 6.562618867901777e-02, 4.033067394994543e-02, 5.584392425958130e-02, 0.000000000000000e+00, 0.000000000000000e+00, 4.062704447601203e+05, 1.000000000000000e-10, 1.845545526351820e+12
961, 6.537431409939942e-02, 4.024887840133492e-02, 5.607800938452335e-02, 0.000000000000000e+00, 0.000000000000000e+00, 4.079424557423458e+05, 1.000000000000000e-10, 1.840627307206887e+12
962, 6.512249390748995e-02, 4.016688832905968e-02, 5.631415805247459e-02, 0.000000000000000e+00, 0.000000000000000e+00, 4.096290324263646e+05, 1.000000000000000e-10, 1.835709877826509e+12
963, 6.487074568624564e-02, 4.008470937914959e-02, 5.655234456228034e-02, 0.000000000000000e+00, 0.000000000000000e+00, 4.113299721522105e+05, 1.000000000000000e-10, 1.830797744168181e+12
964, 6.461906409631754e-02, 4.000233889226968e-02, 5.679260176284255e-02, 0.000000000000000e+00, 0.000000000000000e+00, 4.130455055383220e+05, 1.000000000000000e-10, 1.825886797064581e+12
965, 6.436744906002964e-02, 3.991977705125513e-02, 5.703494328810111e-02, 0.000000000000000e+00, 0.000000000000000e+00, 4.147757226072048e+05, 1.000000000000000e-10, 1.820984034381980e+12
966, 6.411590302429121e-02, 3.983702281114276e-02, 5.727935773680261e-02, 0.000000000000000e+00, 0.000000000000000e+00, 4.165205207522718e+05, 1.000000000000000e-10, 1.816096224019878e+12
967, 6.386441216503194e-02, 3.975406807438380e-02, 5.752591547222078e-02, 0.000000000000000e+00, 0.000000000000000e+00, 4.182804052662625e+05, 1.000000000000000e-10, 1.811208913630520e+12
968, 6.361298669754517e-02, 3.967091661605651e-02, 5.777470457181478e-02, 0.000000000000000e+00, 0.000000000000000e+00, 4.200560302145611e+05, 1.000000000000000e-10, 1.806310086168889e+12
969, 6.336162336713091e-02, 3.958757083503454e-02, 5.802574013057325e-02, 0.000000000000000e+00, 0.000000000000000e+00, 4.218475003453897e+05, 1.000000000000000e-10, 1.801410293519662e+12
970, 6.311032429632486e-02, 3.950403168080212e-02, 5.827896487188784e-02, 0.000000000000000e+00, 0.000000000000000e+00, 4.236543684644790e+05, 1.000000000000000e-10, 1.796526984091454e+12
971, 6.285909064987699e-02, 3.942029522647599e-02, 5.853438376466644e-02, 0.000000000000000e+00, 0.000000000000000e+00, 4.254766493221074e+05, 1.000000000000000e-10, 1.791655710158061e+12
972, 6.260792762772141e-02, 3.933636052030744e-02, 5.879209497812119e-02, 0.000000000000000e+00, 0.000000000000000e+00, 4.273150650050867e+05, 1.000000000000000e-10, 1.786778605098421e+12
973, 6.235682733270810e-02, 3.925222707444374e-02, 5.905217564509857e-02, 0.000000000000000e+00, 0.000000000000000e+00, 4.291701829834404e+05, 1.000000000000000e-10, 1.781894751505234e+12
974, 6.210579210550531e-02, 3.916789753841006e-02, 5.931460622179796e-02, 0.000000000000000e+00, 0.000000000000000e+00, 4.310418437249296e+05, 1.000000000000000e-10, 1.777016142376730e+12
975, 6.185482712496311e-02, 3.908337223380533e-02, 5.957938194870261e-02, 0.000000000000000e+00, 0.000000000000000e+00, 4.329299924199223e+05, 1.000000000000000e-10, 1.772142933590082e+12
976, 6.160392544586583e-02, 3.899864767076966e-02, 5.984655162455885e-02, 0.000000000000000e+00, 0.000000000000000e+00, 4.348349760924325e+05, 1.000000000000000e-10, 1.767271817924679e+12
977, 6.135309062348676e-02, 3.891372469455776e-02, 6.011613393066185e-02, 0.000000000000000e+00, 0.000000000000000e+00, 4.367569192516355e+05, 1.000000000000000e-10, 1.762408337984938e+12
978, 6.110232761600295e-02, 3.882860302651113e-02, 6.038814593524215e-02, 0.000000000000000e+00, 0.000000000000000e+00, 4.386959319293062e+05, 1.000000000000000e-10, 1.757550887301672e+12
979, 6.085162444158317e-02, 3.874327726860767e-02, 6.066267444996028e-02, 0.000000000000000e+00, 0.000000000000000e+00, 4.406526426132844e+05, 1.000000000000000e-10, 1.752688347776267e+12
980, 6.060098800998552e-02, 3.865775129299050e-02, 6.093976539299636e-02, 0.000000000000000e+00, 0.000000000000000e+00, 4.426273862036865e+05, 1.000000000000000e-10, 1.747820982507125e+12
981, 6.035044008229633e-02, 3.857203382184397e-02, 6.121938002314439e-02, 0.000000000000000e+00, 0.000000000000000e+00, 4.446198637511672e+05, 1.000000000000000e-10, 1.742961969703180e+12
982, 6.009994488888166e-02, 3.848611049330058e-02, 6.150155089413006e-02, 0.000000000000000e+00, 0.000000000000000e+00, 4.466302805290208e+05, 1.000000000000000e-10, 1.738113089819780e+12
983, 5.984952126989527e-02, 3.839998495435357e-02, 6.178632222852747e-02, 0.000000000000000e+00, 0.000000000000000e+00, 4.486589545332523e+05, 1.000000000000000e-10, 1.733264482393854e+12
984, 5.959917173720797e-02, 3.831365829314559e-02, 6.207377872911972e-02, 0.000000000000000e+00, 0.000000000000000e+00, 4.507065066243467e+05, 1.000000000000000e-10, 1.728408787395836e+12
985, 5.934887822073790e-02, 3.822712627780127e-02, 6.236396162554327e-02, 0.000000000000000e+00, 0.000000000000000e+00, 4.527732240233467e+05, 1.000000000000000e-10, 1.723552336053707e+12
986, 5.909865757964727e-02, 3.814039458424391e-02, 6.265682083910075e-02, 0.000000000000000e+00, 0.000000000000000e+00, 4.548587147579519e+05, 1.000000000000000e-10, 1.718709202354242e+12
987, 5.884851233346630e-02, 3.805346036581604e-02, 6.295236694667249e-02, 0.000000000000000e+00, 0.000000000000000e+00, 4.569630316876169e+05, 1.000000000000000e-10, 1.713877088550407e+12
988, 5.859845385008532e-02, 3.796632482445910e-02, 6.325071990998112e-02, 0.000000000000000e+00, 0.000000000000000e+00, 4.590870581986384e+05, 1.000000000000000e-10, 1.709032064878419e+12
989, 5.834845410821418e-02, 3.787898215129585e-02, 6.355201844059495e-02, 0.000000000000000e+00, 0.000000000000000e+00, 4.612318148216431e+05, 1.000000000000000e-10, 1.704169256545961e+12
990, 5.809852369771686e-02, 3.779144042022665e-02, 6.385617008992643e-02, 0.000000000000000e+00, 0.000000000000000e+00, 4.633965957592565e+05, 1.000000000000000e-10, 1.699320901153996e+12
991, 5.784866136090839e-02, 3.770369461709747e-02, 6.416308926114120e-02, 0.000000000000000e+00, 0.000000000000000e+00, 4.655807196448389e+05, 1.000000000000000e-10, 1.694499472843708e+12
992, 5.759887720098369e-02, 3.761574092679998e-02, 6.447288979568751e-02, 0.000000000000000e+00, 0.000000000000000e+00, 4.677850131454652e+05, 1.000000000000000e-10, 1.689676192016182e+12
993, 5.734916289095836e-02, 3.752757746456556e-02, 6.478575878986993e-02, 0.000000000000000e+00, 0.000000000000000e+00, 4.700108647940495e+05, 1.000000000000000e-10, 1.684835980074173e+12
994, 5.709952130173595e-02, 3.743920966149855e-02, 6.510169731215318e-02, 0.000000000000000e+00, 0.000000000000000e+00, 4.722582704736451e+05, 1.000000000000000e-10, 1.679994766646729e+12
995, 5.684995693701458e-02, 3.735063880989471e-02, 6.542066539346297e-02, 0.000000000000000e+00, 0.000000000000000e+00, 4.745269023719729e+05, 1.000000000000000e-10, 1.675159509821625e+12
996, 5.660045826121647e-02, 3.726185897009265e-02, 6.574271297148920e-02, 0.000000000000000e+00, 0.000000000000000e+00, 4.768171024334053e+05, 1.000000000000000e-10, 1.670327158262264e+12
997, 5.635103791880572e-02, 3.717287362182820e-02, 6.606789321910478e-02, 0.000000000000000e+00, 0.000000000000000e+00, 4.791292510326575e+05, 1.000000000000000e-10, 1.665493549698029e+12
998, 5.610169238849586e-02, 3.708368172049059e-02, 6.639626833024935e-02, 0.000000000000000e+00, 0.000000000000000e+00, 4.814637906155739e+05, 1.000000000000000e-10, 1.660657116301978e+12
999, 5.585241659315023e-02, 3.699428192639564e-02, 6.672786076514987e-02, 0.000000000000000e+00, 0.000000000000000e+00, 4.838208624168625e+05, 1.000000000000000e-10, 1.655825141845574e+12
1000, 5.560322046354864e-02, 3.690467611650280e-02, 6.706266827393138e-02, 0.000000000000000e+00, 0.000000000000000e+00, 4.862004231765660e+05, 1.000000000000000e-10, 1.651001561145007e+12
1001, 5.535409600461362e-02, 3.681485889218021e-02, 6.740077035910318e-02, 0.000000000000000e+00, 0.000000000000000e+00, 4.886030357858611e+05, 1.000000000000000e-10, 1.646177959145831e+12
1002, 5.510504819938289e-02, 3.672483184469347e-02, 6.774221816489576e-02, 0.000000000000000e+00, 0.000000000000000e+00, 4.910290609884513e+05, 1.000000000000000e-10, 1.641358554326031e+12
1003, 5.485608122341050e-02, 3.663459491805527e-02, 6.808704276256733e-02, 0.000000000000000e+00, 0.000000000000000e+00, 4.934787038603412e+05, 1.000000000000000e-10, 1.636542043028758e+12
1004, 5.460718385561875e-02, 3.654414299305560e-02, 6.843537543817348e-02, 0.000000000000000e+00, 0.000000000000000e+00, 4.959529155580995e+05, 1.000000000000000e-10, 1.631711749859459e+12
1005, 5.435836810018436e-02, 3.645348386850460e-02, 6.878725564434833e-02, 0.000000000000000e+00, 0.000000000000000e+00, 4.984519809969162e+05, 1.000000000000000e-10, 1.626875836029860e+12
1006, 5.410962810762971e-02, 3.636261631906048e-02, 6.914265794289003e-02, 0.000000000000000e+00, 0.000000000000000e+00, 5.009756733048966e+05, 1.000000000000000e-10, 1.622047073138448e+12
1007, 5.386096401387411e-02, 3.627153778090577e-02, 6.950161330100779e-02, 0.000000000000000e+00, 0.000000000000000e+00, 5.035241878171999e+05, 1.000000000000000e-10, 1.617220764780065e+12
1008, 5.361237784506466e-02, 3.618024798352681e-02, 6.986418738777647e-02, 0.000000000000000e+00, 0.000000000000000e+00, 5.060979883629495e+05, 1.000000000000000e-10, 1.612397535059983e+12
1009, 5.336386508999214e-02, 3.608874393544908e-02, 7.023041234791887e-02, 0.000000000000000e+00, 0.000000000000000e+00, 5.086972788482714e+05, 1.000000000000000e-10, 1.607583719686747e+12
1010, 5.311543716235371e-02, 3.599702664147280e-02, 7.060036034055873e-02, 0.000000000000000e+00, 0.000000000000000e+00, 5.113225706161443e+05, 1.000000000000000e-10, 1.602766292737237e+12
1011, 5.286708715602859e-02, 3.590509433213927e-02, 7.097418681636866e-02, 0.000000000000000e+00, 0.000000000000000e+00, 5.139750013303992e+05, 1.000000000000000e-10, 1.597932655729622e+12
1012, 5.261881405312051e-02, 3.581295052814272e-02, 7.135190692664271e-02, 0.000000000000000e+00, 0.000000000000000e+00, 5.166546606027704e+05, 1.000000000000000e-10, 1.593098306340167e+12
1013, 5.237062448853198e-02, 3.572059691303840e-02, 7.173344564552923e-02, 0.000000000000000e+00, 0.000000000000000e+00, 5.193609450384193e+05, 1.000000000000000e-10, 1.588280046915580e+12
1014, 5.212250792124522e-02, 3.562802442705720e-02, 7.211887773938119e-02, 0.000000000000000e+00, 0.000000000000000e+00, 5.220943625668261e+05, 1.000000000000000e-10, 1.583466629558451e+12
1015, 5.187447835482876e-02, 3.553523655599283e-02, 7.250835576149209e-02, 0.000000000000000e+00, 0.000000000000000e+00, 5.248560351244671e+05, 1.000000000000000e-10, 1.578641199353625e+12
1016, 5.162652248536220e-02, 3.544223124103797e-02, 7.290197716321561e-02, 0.000000000000000e+00, 0.000000000000000e+00, 5.276466609558057e+05, 1.000000000000000e-10, 1.573809489991868e+12
1017, 5.137864444266282e-02, 3.534901073746284e-02, 7.329973262991599e-02, 0.000000000000000e+00, 0.000000000000000e+00, 5.304661328035734e+05, 1.000000000000000e-10, 1.568979116751272e+12
1018, 5.113085318777888e-02, 3.525557716536323e-02, 7.370165896751475e-02, 0.000000000000000e+00, 0.000000000000000e+00, 5.333146912502006e+05, 1.000000000000000e-10, 1.564146883569221e+12
1019, 5.088314909147668e-02, 3.516193058695635e-02, 7.410780994834319e-02, 0.000000000000000e+00, 0.000000000000000e+00, 5.361927029162432e+05, 1.000000000000000e-10, 1.559317395975942e+12
1020, 5.063553424703222e-02, 3.506807028161788e-02, 7.451820807270862e-02, 0.000000000000000e+00, 0.000000000000000e+00, 5.391002929130658e+05, 1.000000000000000e-10, 1.554495989446479e+12
1021, 5.038798873855722e-02, 3.497398574577886e-02, 7.493298105420133e-02, 0.000000000000000e+00, 0.000000000000000e+00, 5.420383610708504e+05, 1.000000000000000e-10, 1.549671523708225e+12
1022, 5.014052955901513e-02, 3.487968349400181e-02, 7.535222290392951e-02, 0.000000000000000e+00, 0.000000000000000e+00, 5.450075882608593e+05, 1.000000000000000e-10, 1.544840178446313e+12
1023, 4.989315340441735e-02, 3.478516336451786e-02, 7.577598638257654e-02, 0.000000000000000e+00, 0.000000000000000e+00, 5.480083301315597e+05, 1.000000000000000e-10, 1.540007292112103e+12
1024, 4.964585893601359e-02, 3.469042426829887e-02, 7.620429400294386e-02, 0.000000000000000e+00, 0.000000000000000e+00, 5.510407061190405e+05, 1.000000000000000e-10, 1.535179064834446e+12
1025, 4.939865347625007e-02, 3.459546673100304e-02, 7.663719497816095e-02, 0.000000000000000e+00, 0.000000000000000e+00, 5.541050417660112e+05, 1.000000000000000e-10, 1.530352894538897e+12
1026, 4.915151854998702e-02, 3.450028232320602e-02, 7.707485723871317e-02, 0.000000000000000e+00, 0.000000000000000e+00, 5.572025393530634e+05, 1.000000000000000e-10, 1.525516770122165e+12
1027, 4.890447525592949e-02, 3.440488091967442e-02, 7.751732812080964e-02, 0.000000000000000e+00, 0.000000000000000e+00, 5.603335326249478e+05, 1.000000000000000e-10, 1.520675476443136e+12
1028, 4.865752304834656e-02, 3.430926271980321e-02, 7.796463481326657e-02, 0.000000000000000e+00, 0.000000000000000e+00, 5.634981758863048e+05, 1.000000000000000e-10, 1.515834433712752e+12
1029, 4.841066245201951e-02, 3.421342684557287e-02, 7.841684700426267e-02, 0.000000000000000e+00, 0.000000000000000e+00, 5.666969416757028e+05, 1.000000000000000e-10, 1.510989842962098e+12
1030, 4.816388276793332e-02, 3.411736924369078e-02, 7.887404084934584e-02, 0.000000000000000e+00, 0.000000000000000e+00, 5.699303451703639e+05, 1.000000000000000e-10, 1.506148226241420e+12
1031, 4.791718501095052e-02, 3.402108824768121e-02, 7.933623975153005e-02, 0.000000000000000e+00, 0.000000000000000e+00, 5.731985029137728e+05, 1.000000000000000e-10, 1.501315880843730e+12
1032, 4.767057818509042e-02, 3.392458364135015e-02, 7.980355296501529e-02, 0.000000000000000e+00, 0.000000000000000e+00, 5.765021844976572e+05, 1.000000000000000e-10, 1.496479786311995e+12
1033, 4.742405471012814e-02, 3.382785270726122e-02, 8.027613013322019e-02, 0.000000000000000e+00, 0.000000000000000e+00, 5.798424607727369e+05, 1.000000000000000e-10, 1.491639322796774e+12
1034, 4.717762586793155e-02, 3.373089983251864e-02, 8.075400961739150e-02, 0.000000000000000e+00, 0.000000000000000e+00, 5.832195755286703e+05, 1.000000000000000e-10, 1.486797548636030e+12
1035, 4.693127765538536e-02, 3.363371873963945e-02, 8.123737618762308e-02, 0.000000000000000e+00, 0.000000000000000e+00, 5.866348317242471e+05, 1.000000000000000e-10, 1.481935539749713e+12
1036, 4.668500861122703e-02, 3.353631337129830e-02, 8.172632016729225e-02, 0.000000000000000e+00, 0.000000000000000e+00, 5.900889241945383e+05, 1.000000000000000e-10, 1.477064994524144e+12
1037, 4.643884083025641e-02, 3.343869317006664e-02, 8.222069069818970e-02, 0.000000000000000e+00, 0.000000000000000e+00, 5.935806089820954e+05, 1.000000000000000e-10, 1.472213801458887e+12
1038, 4.619277446856748e-02, 3.334085140775635e-02, 8.272054718570465e-02, 0.000000000000000e+00, 0.000000000000000e+00, 5.971102723548646e+05, 1.000000000000000e-10, 1.467370102168225e+12
1039, 4.594678569484893e-02, 3.324277578497808e-02, 8.322618268238628e-02, 0.000000000000000e+00, 0.000000000000000e+00, 6.006800359264271e+05, 1.000000000000000e-10, 1.462514929345675e+12
1040, 4.570088530967027e-02, 3.314447257175041e-02, 8.373770377748531e-02, 0.000000000000000e+00, 0.000000000000000e+00, 6.042906607965496e+05, 1.000000000000000e-10, 1.457653156368370e+12
1041, 4.545507988743901e-02, 3.304594470678534e-02, 8.425514076101774e-02, 0.000000000000000e+00, 0.000000000000000e+00, 6.079423137289599e+05, 1.000000000000000e-10, 1.452789177660227e+12
1042, 4.520936342314934e-02, 3.294718900653726e-02, 8.477859742528469e-02, 0.000000000000000e+00, 0.000000000000000e+00, 6.116357006581684e+05, 1.000000000000000e-10, 1.447920178778163e+12
1043, 4.496373752841525e-02, 3.284820612373663e-02, 8.530815421105693e-02, 0.000000000000000e+00, 0.000000000000000e+00, 6.153713616239844e+05, 1.000000000000000e-10, 1.443050391378647e+12
1044, 4.471820199610874e-02, 3.274899467729134e-02, 8.584387213739078e-02, 0.000000000000000e+00, 0.000000000000000e+00, 6.191496788562172e+05, 1.000000000000000e-10, 1.438184289543936e+12
1045, 4.447276503406828e-02, 3.264955543881751e-02, 8.638586787200644e-02, 0.000000000000000e+00, 0.000000000000000e+00, 6.229714623149270e+05, 1.000000000000000e-10, 1.433312902923259e+12
1046, 4.422741455766618e-02, 3.254988375922308e-02, 8.693437984871312e-02, 0.000000000000000e+00, 0.000000000000000e+00, 6.268384286670304e+05, 1.000000000000000e-10, 1.428422345596024e+12
1047, 4.398216350505330e-02, 3.244998876629075e-02, 8.748943837960098e-02, 0.000000000000000e+00, 0.000000000000000e+00, 6.307507596114083e+05, 1.000000000000000e-10, 1.423528459138524e+12
1048, 4.373700111245502e-02, 3.234986520965914e-02, 8.805099390829481e-02, 0.000000000000000e+00, 0.000000000000000e+00, 6.347079765700398e+05, 1.000000000000000e-10, 1.418651887817426e+12
1049, 4.349193377295280e-02, 3.224950895249567e-02, 8.861915358975916e-02, 0.000000000000000e+00, 0.000000000000000e+00, 6.387107912393862e+05, 1.000000000000000e-10, 1.413777536485455e+12
1050, 4.324696240556351e-02, 3.214891854972849e-02, 8.919425085039417e-02, 0.000000000000000e+00, 0.000000000000000e+00, 6.427616435456361e+05, 1.000000000000000e-10, 1.408879353266165e+12
1051, 4.300208457324786e-02, 3.204809838309274e-02, 8.977644162300304e-02, 0.000000000000000e+00, 0.000000000000000e+00, 6.468616495459005e+05, 1.000000000000000e-10, 1.403966272864526e+12
1052, 4.275730231295795e-02, 3.194705145628186e-02, 9.036559977684605e-02, 0.000000000000000e+00, 0.000000000000000e+00, 6.510097676710234e+05, 1.000000000000000e-10, 1.399070708161082e+12
1053, 4.251261468902855e-02, 3.184577026895213e-02, 9.096174637084682e-02, 0.000000000000000e+00, 0.000000000000000e+00, 6.552060327594071e+05, 1.000000000000000e-10, 1.394188408454524e+12
1054, 4.226802765429391e-02, 3.174425207121113e-02, 9.156523876721277e-02, 0.000000000000000e+00, 0.000000000000000e+00, 6.594530519504899e+05, 1.000000000000000e-10, 1.389283683559438e+12
1055, 4.202353658083646e-02, 3.164250010110044e-02, 9.217635439423792e-02, 0.000000000000000e+00, 0.000000000000000e+00, 6.637528529267237e+05, 1.000000000000000e-10, 1.384356456762289e+12
1056, 4.177914128651710e-02, 3.154051857598616e-02, 9.279502907758377e-02, 0.000000000000000e+00, 0.000000000000000e+00, 6.681048620578627e+05, 1.000000000000000e-10, 1.379433891976078e+12
1057, 4.153484187594730e-02, 3.143830387543609e-02, 9.342127066710000e-02, 0.000000000000000e+00, 0.000000000000000e+00, 6.725090154720614e+05, 1.000000000000000e-10, 1.374516312614723e+12
1058, 4.129064362476596e-02, 3.133585501401095e-02, 9.405528131058095e-02, 0.000000000000000e+00, 0.000000000000000e+00, 6.769667394976309e+05, 1.000000000000000e-10, 1.369592460162072e+12
1059, 4.104654275903979e-02, 3.123317053238633e-02, 9.469726275123927e-02, 0.000000000000000e+00, 0.000000000000000e+00, 6.814794536317155e+05, 1.000000000000000e-10, 1.364661708630886e+12
1060, 4.080253846632458e-02, 3.113025002963806e-02, 9.534732896927990e-02, 0.000000000000000e+00, 0.000000000000000e+00, 6.860479116555933e+05, 1.000000000000000e-10, 1.359726927055622e+12
1061, 4.055863730661635e-02, 3.102709534541902e-02, 9.600556446225614e-02, 0.000000000000000e+00, 0.000000000000000e+00, 6.906726443891420e+05, 1.000000000000000e-10, 1.354793111806902e+12
1062, 4.031483462878572e-02, 3.092370220801041e-02, 9.667213872743079e-02, 0.000000000000000e+00, 0.000000000000000e+00, 6.953548062623813e+05, 1.000000000000000e-10, 1.349854536890563e+12
1063, 4.007113503029436e-02, 3.082007196149172e-02, 9.734725342472934e-02, 0.000000000000000e+00, 0.000000000000000e+00, 7.000958126085844e+05, 1.000000000000000e-10, 1.344905575852965e+12
1064, 3.982753676324745e-02, 3.071620480915372e-02, 9.803105167702257e-02, 0.000000000000000e+00, 0.000000000000000e+00, 7.048966307885330e+05, 1.000000000000000e-10, 1.339950703593377e+12
1065, 3.958403855538052e-02, 3.061209965576730e-02, 9.872365062215908e-02, 0.000000000000000e+00, 0.000000000000000e+00, 7.097580154674946e+05, 1.000000000000000e-10, 1.334992327011086e+12
1066, 3.934063973652768e-02, 3.050775498274007e-02, 9.942520456177778e-02, 0.000000000000000e+00, 0.000000000000000e+00, 7.146810031691961e+05, 1.000000000000000e-10, 1.330029114255740e+12
1067, 3.909734872550547e-02, 3.040317357944048e-02, 1.001358730636803e-01, 0.000000000000000e+00, 0.000000000000000e+00, 7.196666815438597e+05, 1.000000000000000e-10, 1.325059363593383e+12
1068, 3.885415507269326e-02, 3.029835067346824e-02, 1.008558639847519e-01, 0.000000000000000e+00, 0.000000000000000e+00, 7.247164750347716e+05, 1.000000000000000e-10, 1.320081249771801e+12
1069, 3.861106971704468e-02, 3.019329101729427e-02, 1.015852581876173e-01, 0.000000000000000e+00, 0.000000000000000e+00, 7.298308743337906e+05, 1.000000000000000e-10, 1.315104546598382e+12
1070, 3.836807496303157e-02, 3.008798415312905e-02, 1.023242131283618e-01, 0.000000000000000e+00, 0.000000000000000e+00, 7.350108840942620e+05, 1.000000000000000e-10, 1.310132371488114e+12
1071, 3.812520889688065e-02, 2.998244276077789e-02, 1.030729655817644e-01, 0.000000000000000e+00, 0.000000000000000e+00, 7.402582067235025e+05, 1.000000000000000e-10, 1.305138596577185e+12
1072, 3.788243463377242e-02, 2.987665540104911e-02, 1.038319957605961e-01, 0.000000000000000e+00, 0.000000000000000e+00, 7.455763012841835e+05, 1.000000000000000e-10, 1.300112442688999e+12
1073, 3.763976802034995e-02, 2.977063558819786e-02, 1.046011372754152e-01, 0.000000000000000e+00, 0.000000000000000e+00, 7.509638032987118e+05, 1.000000000000000e-10, 1.295100124432430e+12
1074, 3.739719958490340e-02, 2.966437199254976e-02, 1.053802866516769e-01, 0.000000000000000e+00, 0.000000000000000e+00, 7.564196955011210e+05, 1.000000000000000e-10, 1.290115205370244e+12
1075, 3.715474750458934e-02, 2.955786211137937e-02, 1.061698841436107e-01, 0.000000000000000e+00, 0.000000000000000e+00, 7.619471465824852e+05, 1.000000000000000e-10, 1.285111338338889e+12
1076, 3.691240041808604e-02, 2.945110487160874e-02, 1.069705149814274e-01, 0.000000000000000e+00, 0.000000000000000e+00, 7.675504465990795e+05, 1.000000000000000e-10, 1.280074256303114e+12
1077, 3.667015890066538e-02, 2.934410745111877e-02, 1.077821785996666e-01, 0.000000000000000e+00, 0.000000000000000e+00, 7.732294507603092e+05, 1.000000000000000e-10, 1.275035076119967e+12
1078, 3.642802446810794e-02, 2.923686784809348e-02, 1.086048343726594e-01, 0.000000000000000e+00, 0.000000000000000e+00, 7.789836440653233e+05, 1.000000000000000e-10, 1.270003072393354e+12
1079, 3.618599927159571e-02, 2.912938221439402e-02, 1.094387693325795e-01, 0.000000000000000e+00, 0.000000000000000e+00, 7.848150047487386e+05, 1.000000000000000e-10, 1.264963229067850e+12
1080, 3.594408360006664e-02, 2.902165055151716e-02, 1.102843861408230e-01, 0.000000000000000e+00, 0.000000000000000e+00, 7.907264077573824e+05, 1.000000000000000e-10, 1.259902400650764e+12
1081, 3.570227435353051e-02, 2.891367493025145e-02, 1.111418723242967e-01, 0.000000000000000e+00, 0.000000000000000e+00, 7.967190986562897e+05, 1.000000000000000e-10, 1.254832946881515e+12
1082, 3.546057633800846e-02, 2.880545687667262e-02, 1.120112184259917e-01, 0.000000000000000e+00, 0.000000000000000e+00, 8.027927992550331e+05, 1.000000000000000e-10, 1.249774322915396e+12
1083, 3.521899098048603e-02, 2.869699080834649e-02, 1.128926719323284e-01, 0.000000000000000e+00, 0.000000000000000e+00, 8.089491512319667e+05, 1.000000000000000e-10, 1.244711794340851e+12
1084, 3.497751645282664e-02, 2.858827452714727e-02, 1.137866831717590e-01, 0.000000000000000e+00, 0.000000000000000e+00, 8.151913597001338e+05, 1.000000000000000e-10, 1.239632357860503e+12
1085, 3.473615044696598e-02, 2.847930911144097e-02, 1.146934991415294e-01, 0.000000000000000e+00, 0.000000000000000e+00, 8.215210933045193e+05, 1.000000000000000e-10, 1.234543823086797e+12
1086, 3.449490306358559e-02, 2.837009854952431e-02, 1.156133007708889e-01, 0.000000000000000e+00, 0.000000000000000e+00, 8.279395157221393e+05, 1.000000000000000e-10, 1.229443266697218e+12
1087, 3.425376395307799e-02, 2.826063877617456e-02, 1.165464009264257e-01, 0.000000000000000e+00, 0.000000000000000e+00, 8.344487550403168e+05, 1.000000000000000e-10, 1.224329601148205e+12
1088, 3.401273714793880e-02, 2.815093228855517e-02, 1.174929057176143e-01, 0.000000000000000e+00, 0.000000000000000e+00, 8.410493852649953e+05, 1.000000000000000e-10, 1.219220827422646e+12
1089, 3.377182231002659e-02, 2.804097408276999e-02, 1.184530066009234e-01, 0.000000000000000e+00, 0.000000000000000e+00, 8.477425791674390e+05, 1.000000000000000e-10, 1.214114656116444e+12
1090, 3.353102816064969e-02, 2.793076431893126e-02, 1.194272043352683e-01, 0.000000000000000e+00, 0.000000000000000e+00, 8.545318968803901e+05, 1.000000000000000e-10, 1.208984148766736e+12
1091, 3.329034630074034e-02, 2.782030359359219e-02, 1.204159566320127e-01, 0.000000000000000e+00, 0.000000000000000e+00, 8.614205756861358e+05, 1.000000000000000e-10, 1.203829873494509e+12
1092, 3.304977816832987e-02, 2.770959608159323e-02, 1.214192584925852e-01, 0.000000000000000e+00, 0.000000000000000e+00, 8.684083210638011e+05, 1.000000000000000e-10, 1.198681909411096e+12
1093, 3.280932604567743e-02, 2.759863713754496e-02, 1.224372154404117e-01, 0.000000000000000e+00, 0.000000000000000e+00, 8.754956120645681e+05, 1.000000000000000e-10, 1.193540987932508e+12
1094, 3.256899213686687e-02, 2.748742246988106e-02, 1.234703868044157e-01, 0.000000000000000e+00, 0.000000000000000e+00, 8.826863977177974e+05, 1.000000000000000e-10, 1.188380053578732e+12
1095, 3.232877479700730e-02, 2.737595429012699e-02, 1.245192741652074e-01, 0.000000000000000e+00, 0.000000000000000e+00, 8.899842253621777e+05, 1.000000000000000e-10, 1.183197478440014e+12
1096, 3.208867405709353e-02, 2.726423542947492e-02, 1.255840238609466e-01, 0.000000000000000e+00, 0.000000000000000e+00, 8.973899157196113e+05, 1.000000000000000e-10, 1.178010438812766e+12
1097, 3.184869124283574e-02, 2.715226398262780e-02, 1.266648476352903e-01, 0.000000000000000e+00, 0.000000000000000e+00, 9.049047405100621e+05, 1.000000000000000e-10, 1.172818843901219e+12
1098, 3.160882729200932e-02, 2.704003822533804e-02, 1.277621495020163e-01, 0.000000000000000e+00, 0.000000000000000e+00, 9.125314414770595e+05, 1.000000000000000e-10, 1.167616561883636e+12
1099, 3.136908275569822e-02, 2.692755808592353e-02, 1.288763177748347e-01, 0.000000000000000e+00, 0.000000000000000e+00, 9.202726387516506e+05, 1.000000000000000e-10, 1.162403756244249e+12
1100, 3.112945820586312e-02, 2.681482326150610e-02, 1.300076887446724e-01, 0.000000000000000e+00, 0.000000000000000e+00, 9.281305446507488e+05, 1.000000000000000e-10, 1.157181256441952e+12
1101, 3.088995373047018e-02, 2.670183294111164e-02, 1.311566295821570e-01, 0.000000000000000e+00, 0.000000000000000e+00, 9.361075872822040e+05, 1.000000000000000e-10, 1.151948599911987e+12
1102, 3.065056952626945e-02, 2.658858645782117e-02, 1.323235104387000e-01, 0.000000000000000e+00, 0.000000000000000e+00, 9.442062135725430e+05, 1.000000000000000e-10, 1.146706218096658e+12
1103, 3.041130699123749e-02, 2.647508352436524e-02, 1.335086823547087e-01, 0.000000000000000e+00, 0.000000000000000e+00, 9.524287067873718e+05, 1.000000000000000e-10, 1.141457491972968e+12
1104, 3.017216736920453e-02, 2.636132267795518e-02, 1.347125579741544e-01, 0.000000000000000e+00, 0.000000000000000e+00, 9.607778065983353e+05, 1.000000000000000e-10, 1.136197665304913e+12
1105, 2.993315111290976e-02, 2.624730361598721e-02, 1.359356192513516e-01, 0.000000000000000e+00, 0.000000000000000e+00, 9.692567747772207e+05, 1.000000000000000e-10, 1.130923091094844e+12
1106, 2.969425821374138e-02, 2.613302678919861e-02, 1.371782601435102e-01, 0.000000000000000e+00, 0.000000000000000e+00, 9.778681984934397e+05, 1.000000000000000e-10, 1.125637579335172e+12
1107, 2.945548764088695e-02, 2.601849084618317e-02, 1.384408840144809e-01, 0.000000000000000e+00, 0.000000000000000e+00, 9.866146977945964e+05, 1.000000000000000e-10, 1.120341489346885e+12
1108, 2.921684271129057e-02, 2.590369640438888e-02, 1.397239162093434e-01, 0.000000000000000e+00, 0.000000000000000e+00, 9.954990718249095e+05, 1.000000000000000e-10, 1.115034313867545e+12
1109, 2.897832257052668e-02, 2.578864225226021e-02, 1.410279265161801e-01, 0.000000000000000e+00, 0.000000000000000e+00, 1.004525189203135e+06, 1.000000000000000e-10, 1.109705613161010e+12
1110, 2.873992622734592e-02, 2.567333032399092e-02, 1.423533625631643e-01, 0.000000000000000e+00, 0.000000000000000e+00, 1.013696004456660e+06, 1.000000000000000e-10, 1.104363449635243e+12
1111, 2.850165667049345e-02, 2.555776165231850e-02, 1.437003675708449e-01, 0.000000000000000e+00, 0.000000000000000e+00, 1.023012097646140e+06, 1.000000000000000e-10, 1.099032723345426e+12
1112, 2.826351362098945e-02, 2.544192790724905e-02, 1.450694776277572e-01, 0.000000000000000e+00, 0.000000000000000e+00, 1.032476964082766e+06, 1.000000000000000e-10, 1.093694169366172e+12
1113, 2.802550001649584e-02, 2.532582888600282e-02, 1.464615751196970e-01, 0.000000000000000e+00, 0.000000000000000e+00, 1.042096816448687e+06, 1.000000000000000e-10, 1.088329294064894e+12
1114, 2.778761477080006e-02, 2.520946784487598e-02, 1.478771623246965e-01, 0.000000000000000e+00, 0.000000000000000e+00, 1.051874973092863e+06, 1.000000000000000e-10, 1.082951132752367e+12
1115, 2.754985851148521e-02, 2.509284428983496e-02, 1.493167680957488e-01, 0.000000000000000e+00, 0.000000000000000e+00, 1.061814882063401e+06, 1.000000000000000e-10, 1.077548125703086e+12
1116, 2.731222976462680e-02, 2.497596067600144e-02, 1.507809622257271e-01, 0.000000000000000e+00, 0.000000000000000e+00, 1.071920333701683e+06, 1.000000000000000e-10, 1.072126397624975e+12
1117, 2.707472452414446e-02, 2.485881592003308e-02, 1.522699584468497e-01, 0.000000000000000e+00, 0.000000000000000e+00, 1.082192310825173e+06, 1.000000000000000e-10, 1.066714077302313e+12
1118, 2.683735618483939e-02, 2.474140845535394e-02, 1.537842331705564e-01, 0.000000000000000e+00, 0.000000000000000e+00, 1.092633788103963e+06, 1.000000000000000e-10, 1.061295946457870e+12
1119, 2.660011761471641e-02, 2.462373222368188e-02, 1.553247827791732e-01, 0.000000000000000e+00, 0.000000000000000e+00, 1.103251671362806e+06, 1.000000000000000e-10, 1.055857816901735e+12
1120, 2.636301519263091e-02, 2.450579182915310e-02, 1.568922213490096e-01, 0.000000000000000e+00, 0.000000000000000e+00, 1.114050023160622e+06, 1.000000000000000e-10, 1.050405693650902e+12
1121, 2.612603959917762e-02, 2.438758191831642e-02, 1.584872216389168e-01, 0.000000000000000e+00, 0.000000000000000e+00, 1.125033210094875e+06, 1.000000000000000e-10, 1.044936415502211e+12
1122, 2.588920014628904e-02, 2.426910735214059e-02, 1.601103617778220e-01, 0.000000000000000e+00, 0.000000000000000e+00, 1.136204968412037e+06, 1.000000000000000e-10, 1.039453739112647e+12
1123, 2.565249656710874e-02, 2.415036704485897e-02, 1.617623852785582e-01, 0.000000000000000e+00, 0.000000000000000e+00, 1.147570202995722e+06, 1.000000000000000e-10, 1.033949791778627e+12
1124, 2.541592094715908e-02, 2.403135863431842e-02, 1.634440977848798e-01, 0.000000000000000e+00, 0.000000000000000e+00, 1.159134265473535e+06, 1.000000000000000e-10, 1.028424486072525e+12
1125, 2.517948260132948e-02, 2.391208809820170e-02, 1.651558542506395e-01, 0.000000000000000e+00, 0.000000000000000e+00, 1.170899097344888e+06, 1.000000000000000e-10, 1.022901525410060e+12
1126, 2.494317896638783e-02, 2.379254776211091e-02, 1.668983091699442e-01, 0.000000000000000e+00, 0.000000000000000e+00, 1.182868750074369e+06, 1.000000000000000e-10, 1.017374209115674e+12
1127, 2.470701179932917e-02, 2.367273466723759e-02, 1.686726431487575e-01, 0.000000000000000e+00, 0.000000000000000e+00, 1.195051350254272e+06, 1.000000000000000e-10, 1.011818340479390e+12
1128, 2.447098478505907e-02, 2.355265457254854e-02, 1.704797660194026e-01, 0.000000000000000e+00, 0.000000000000000e+00, 1.207453028162868e+06, 1.000000000000000e-10, 1.006238833575288e+12
1129, 2.423509030135328e-02, 2.343230539286060e-02, 1.723201882532280e-01, 0.000000000000000e+00, 0.000000000000000e+00, 1.220076687326776e+06, 1.000000000000000e-10, 1.000656866001213e+12
1130, 2.399933510531537e-02, 2.331168527374975e-02, 1.741945545784230e-01, 0.000000000000000e+00, 0.000000000000000e+00, 1.232926230224479e+06, 1.000000000000000e-10, 9.950697338782551e+11
1131, 2.376372402390986e-02, 2.319079275650474e-02, 1.761041377221391e-01, 0.000000000000000e+00, 0.000000000000000e+00, 1.246010365939023e+06, 1.000000000000000e-10, 9.894509391297454e+11
1132, 2.352824661391259e-02, 2.306962726504878e-02, 1.780501108438957e-01, 0.000000000000000e+00, 0.000000000000000e+00, 1.259337023579329e+06, 1.000000000000000e-10, 9.838034842436675e+11
1133, 2.329290445263308e-02, 2.294819260909768e-02, 1.800328990368870e-01, 0.000000000000000e+00, 0.000000000000000e+00, 1.272908365786568e+06, 1.000000000000000e-10, 9.781566863142927e+11
1134, 2.305770232221182e-02, 2.282648452043683e-02, 1.820531838408167e-01, 0.000000000000000e+00, 0.000000000000000e+00, 1.286728325784216e+06, 1.000000000000000e-10, 9.725075381867477e+11
1135, 2.282265572800568e-02, 2.270450590535790e-02, 1.841124531871230e-01, 0.000000000000000e+00, 0.000000000000000e+00, 1.300807227498268e+06, 1.000000000000000e-10, 9.668225558922743e+11
1136, 2.258774921452487e-02, 2.258225491257622e-02, 1.862121223038566e-01, 0.000000000000000e+00, 0.000000000000000e+00, 1.315154743796272e+06, 1.000000000000000e-10, 9.611029938002339e+11
1137, 2.235298006914437e-02, 2.245973492250153e-02, 1.883525298935187e-01, 0.000000000000000e+00, 0.000000000000000e+00, 1.329772016960653e+06, 1.000000000000000e-10, 9.553936928598374e+11
1138, 2.211834467764935e-02, 2.233693356770456e-02, 1.905344274670093e-01, 0.000000000000000e+00, 0.000000000000000e+00, 1.344663285908652e+06, 1.000000000000000e-10, 9.496904158952379e+11
1139, 2.188387020037469e-02, 2.221385675575345e-02, 1.927597112519863e-01, 0.000000000000000e+00, 0.000000000000000e+00, 1.359841804207353e+06, 1.000000000000000e-10, 9.439385866271451e+11
1140, 2.164953699943330e-02, 2.209050470433113e-02, 1.950302128307654e-01, 0.000000000000000e+00, 0.000000000000000e+00, 1.375320205430959e+06, 1.000000000000000e-10, 9.381430482645980e+11
1141, 2.141533972042145e-02, 2.196688192830349e-02, 1.973460837334677e-01, 0.000000000000000e+00, 0.000000000000000e+00, 1.391098132171665e+06, 1.000000000000000e-10, 9.323621567460848e+11
1142, 2.118129213122596e-02, 2.184298309903908e-02, 1.997079584106320e-01, 0.000000000000000e+00, 0.000000000000000e+00, 1.407178706377003e+06, 1.000000000000000e-10, 9.265884522402048e+11
1143, 2.094739783548671e-02, 2.171880139304473e-02, 2.021182273271683e-01, 0.000000000000000e+00, 0.000000000000000e+00, 1.423578534548680e+06, 1.000000000000000e-10, 9.207675504277780e+11
1144, 2.071364487261695e-02, 2.159434012874180e-02, 2.045787943936547e-01, 0.000000000000000e+00, 0.000000000000000e+00, 1.440310596995675e+06, 1.000000000000000e-10, 9.149084859852736e+11
1145, 2.048004004653475e-02, 2.146960812580647e-02, 2.070901165469732e-01, 0.000000000000000e+00, 0.000000000000000e+00, 1.457376693380875e+06, 1.000000000000000e-10, 9.090490942865404e+11
1146, 2.024658654701533e-02, 2.134459954158638e-02, 2.096533519694544e-01, 0.000000000000000e+00, 0.000000000000000e+00, 1.474783686457803e+06, 1.000000000000000e-10, 9.031788728512203e+11
1147, 2.001327827560691e-02, 2.121930790571722e-02, 2.122704118225022e-01, 0.000000000000000e+00, 0.000000000000000e+00, 1.492544167187227e+06, 1.000000000000000e-10, 8.972904332420814e+11
1148, 1.978012304864658e-02, 2.109373624086867e-02, 2.149428029693703e-01, 0.000000000000000e+00, 0.000000000000000e+00, 1.510667705369114e+06, 1.000000000000000e-10, 8.913874792927837e+11
1149, 1.954712306944941e-02, 2.096788318473990e-02, 2.176723693549626e-01, 0.000000000000000e+00, 0.000000000000000e+00, 1.529166284186579e+06, 1.000000000000000e-10, 8.854536979348254e+11
1150, 1.931426823868823e-02, 2.084174648438866e-02, 2.204609919275217e-01, 0.000000000000000e+00, 0.000000000000000e+00, 1.548052071600008e+06, 1.000000000000000e-10, 8.794937138910970e+11
1151, 1.908156487879092e-02, 2.071533053785878e-02, 2.233100743776345e-01, 0.000000000000000e+00, 0.000000000000000e+00, 1.567333565889949e+06, 1.000000000000000e-10, 8.735155920381849e+11
1152, 1.884901492437797e-02, 2.058863470837884e-02, 2.262213216174136e-01, 0.000000000000000e+00, 0.000000000000000e+00, 1.587021393211789e+06, 1.000000000000000e-10, 8.675173719862712e+11
1153, 1.861663097128816e-02, 2.046166499020403e-02, 2.291964994012518e-01, 0.000000000000000e+00, 0.000000000000000e+00, 1.607126683289871e+06, 1.000000000000000e-10, 8.614990052122362e+11
1154, 1.838438434734491e-02, 2.033440493101105e-02, 2.322379824864249e-01, 0.000000000000000e+00, 0.000000000000000e+00, 1.627664642168320e+06, 1.000000000000000e-10, 8.554548652797699e+11
1155, 1.815229728911524e-02, 2.020686725774441e-02, 2.353471144427612e-01, 0.000000000000000e+00, 0.000000000000000e+00, 1.648643041396181e+06, 1.000000000000000e-10, 8.494093129198894e+11
1156, 1.792038089481254e-02, 2.007905012096615e-02, 2.385256899059506e-01, 0.000000000000000e+00, 0.000000000000000e+00, 1.670072673953038e+06, 1.000000000000000e-10, 8.433564524776615e+11
1157, 1.768861144183691e-02, 1.995093511457892e-02, 2.417772875507397e-01, 0.000000000000000e+00, 0.000000000000000e+00, 1.691977570621467e+06, 1.000000000000000e-10, 8.372512046974244e+11
1158, 1.745700016470177e-02, 1.982253865941294e-02, 2.451042141974834e-01, 0.000000000000000e+00, 0.000000000000000e+00, 1.714372687163458e+06, 1.000000000000000e-10, 8.311113383393910e+11
1159, 1.722554656983599e-02, 1.969386362767518e-02, 2.485077549392601e-01, 0.000000000000000e+00, 0.000000000000000e+00, 1.737264519385703e+06, 1.000000000000000e-10, 8.249689555269956e+11
1160, 1.699424912185100e-02, 1.956490090348438e-02, 2.519902326114580e-01, 0.000000000000000e+00, 0.000000000000000e+00, 1.760667122185784e+06, 1.000000000000000e-10, 8.188104834136194e+11
1161, 1.676311224688161e-02, 1.943565010085230e-02, 2.555548227239283e-01, 0.000000000000000e+00, 0.000000000000000e+00, 1.784601217304460e+06, 1.000000000000000e-10, 8.126190071204294e+11
1162, 1.653213737471223e-02, 1.930611502500621e-02, 2.592042319420440e-01, 0.000000000000000e+00, 0.000000000000000e+00, 1.809083850110154e+06, 1.000000000000000e-10, 8.064009099825907e+11
1163, 1.630132334574250e-02, 1.917629531345045e-02, 2.629406996515850e-01, 0.000000000000000e+00, 0.000000000000000e+00, 1.834128091920200e+06, 1.000000000000000e-10, 8.001738509196066e+11
1164, 1.607066849446977e-02, 1.904618373159556e-02, 2.667671244688157e-01, 0.000000000000000e+00, 0.000000000000000e+00, 1.859751718322682e+06, 1.000000000000000e-10, 7.939276030149559e+11
1165, 1.584018030758624e-02, 1.891578217284419e-02, 2.706872094759445e-01, 0.000000000000000e+00, 0.000000000000000e+00, 1.885978787775378e+06, 1.000000000000000e-10, 7.876379341858813e+11
1166, 1.560985674493236e-02, 1.878509606565899e-02, 2.747040649701197e-01, 0.000000000000000e+00, 0.000000000000000e+00, 1.912828682648645e+06, 1.000000000000000e-10, 7.813200126244154e+11
1167, 1.537969287343437e-02, 1.865412292641614e-02, 2.788199909421584e-01, 0.000000000000000e+00, 0.000000000000000e+00, 1.940313935382280e+06, 1.000000000000000e-10, 7.750027438629362e+11
1168, 1.514969651539519e-02, 1.852285664715018e-02, 2.830384157173487e-01, 0.000000000000000e+00, 0.000000000000000e+00, 1.968455460296582e+06, 1.000000000000000e-10, 7.686641414482816e+11
1169, 1.491986793166685e-02, 1.839129570088761e-02, 2.873641428375174e-01, 0.000000000000000e+00, 0.000000000000000e+00, 1.997284708046793e+06, 1.000000000000000e-10, 7.622755369498469e+11
1170, 1.469020464761387e-02, 1.825944733894137e-02, 2.918006869696766e-01, 0.000000000000000e+00, 0.000000000000000e+00, 2.026823177545491e+06, 1.000000000000000e-10, 7.558604055161152e+11
1171, 1.446070536019012e-02, 1.812730986187150e-02, 2.963509890009668e-01, 0.000000000000000e+00, 0.000000000000000e+00, 2.057087208632096e+06, 1.000000000000000e-10, 7.494351379003337e+11
1172, 1.423137857884297e-02, 1.799488123342588e-02, 3.010191641563259e-01, 0.000000000000000e+00, 0.000000000000000e+00, 2.088101938207333e+06, 1.000000000000000e-10, 7.429837717126614e+11
1173, 1.400221707871808e-02, 1.786215683611118e-02, 3.058103787385743e-01, 0.000000000000000e+00, 0.000000000000000e+00, 2.119900172662779e+06, 1.000000000000000e-10, 7.364917495292170e+11
1174, 1.377322838717015e-02, 1.772914561529691e-02, 3.107286054093344e-01, 0.000000000000000e+00, 0.000000000000000e+00, 2.152505649190706e+06, 1.000000000000000e-10, 7.299764242700383e+11
1175, 1.354440597907906e-02, 1.759584141230207e-02, 3.157777457101854e-01, 0.000000000000000e+00, 0.000000000000000e+00, 2.185940450721994e+06, 1.000000000000000e-10, 7.234558729338541e+11
1176, 1.331575884766655e-02, 1.746223993612392e-02, 3.209630569909674e-01, 0.000000000000000e+00, 0.000000000000000e+00, 2.220236853481262e+06, 1.000000000000000e-10, 7.169030261328739e+11
1177, 1.308728385394409e-02, 1.732834087534380e-02, 3.262908475995012e-01, 0.000000000000000e+00, 0.000000000000000e+00, 2.255434976276617e+06, 1.000000000000000e-10, 7.103015309393096e+11
1178, 1.285898123622741e-02, 1.719415165721169e-02, 3.317657931077658e-01, 0.000000000000000e+00, 0.000000000000000e+00, 2.291562140563732e+06, 1.000000000000000e-10, 7.036782555470571e+11
1179, 1.263085008925673e-02, 1.705966793822228e-02, 3.373926284389938e-01, 0.000000000000000e+00, 0.000000000000000e+00, 2.328644971002573e+06, 1.000000000000000e-10, 6.970424455620146e+11
1180, 1.240289658771387e-02, 1.692488611650971e-02, 3.431778087227079e-01, 0.000000000000000e+00, 0.000000000000000e+00, 2.366722944658302e+06, 1.000000000000000e-10, 6.903709004942679e+11
1181, 1.217511764062072e-02, 1.678980659891902e-02, 3.491284190955086e-01, 0.000000000000000e+00, 0.000000000000000e+00, 2.405839991345239e+06, 1.000000000000000e-10, 6.836559224139420e+11
1182, 1.194751410731654e-02, 1.665443459734158e-02, 3.552502536039573e-01, 0.000000000000000e+00, 0.000000000000000e+00, 2.446029612117742e+06, 1.000000000000000e-10, 6.769187875831545e+11
1183, 1.172008596433310e-02, 1.651876585400363e-02, 3.615495982257603e-01, 0.000000000000000e+00, 0.000000000000000e+00, 2.487327851894706e+06, 1.000000000000000e-10, 6.701618185299790e+11
1184, 1.149283499853456e-02, 1.638279639105151e-02, 3.680343059901084e-01, 0.000000000000000e+00, 0.000000000000000e+00, 2.529782187020611e+06, 1.000000000000000e-10, 6.633682070065251e+11
1185, 1.126576514338243e-02, 1.624653032774469e-02, 3.747123791974819e-01, 0.000000000000000e+00, 0.000000000000000e+00, 2.573440883094823e+06, 1.000000000000000e-10, 6.565359730667670e+11
1186, 1.103887461748031e-02, 1.610996879045537e-02, 3.815912297235284e-01, 0.000000000000000e+00, 0.000000000000000e+00, 2.618346533825362e+06, 1.000000000000000e-10, 6.496817818729301e+11
1187, 1.081216325373706e-02, 1.597310656228685e-02, 3.886790449503926e-01, 0.000000000000000e+00, 0.000000000000000e+00, 2.664546362711762e+06, 1.000000000000000e-10, 6.428036467072072e+11
1188, 1.058563348146681e-02, 1.583594082780192e-02, 3.959854735407283e-01, 0.000000000000000e+00, 0.000000000000000e+00, 2.712098026750810e+06, 1.000000000000000e-10, 6.358875614911606e+11
1189, 1.035928770120755e-02, 1.569847443636134e-02, 4.035200935673984e-01, 0.000000000000000e+00, 0.000000000000000e+00, 2.761057885537184e+06, 1.000000000000000e-10, 6.289388865713333e+11
1190, 1.013312671162611e-02, 1.556070648935183e-02, 4.112932803753206e-01, 0.000000000000000e+00, 0.000000000000000e+00, 2.811486955071218e+06, 1.000000000000000e-10, 6.219441878425552e+11
1191, 9.907149180638135e-03, 1.542264054123114e-02, 4.193158029403659e-01, 0.000000000000000e+00, 0.000000000000000e+00, 2.863448340568886e+06, 1.000000000000000e-10, 6.149073309731462e+11
1192, 9.681349402615457e-03, 1.528427530435780e-02, 4.275979576997828e-01, 0.000000000000000e+00, 0.000000000000000e+00, 2.916999571593318e+06, 1.000000000000000e-10, 6.078503016856393e+11
1193, 9.455736244177861e-03, 1.514560831259651e-02, 4.361514675354944e-01, 0.000000000000000e+00, 0.000000000000000e+00, 2.972207603913456e+06, 1.000000000000000e-10, 6.007607517446500e+11
1194, 9.230311010121457e-03, 1.500663814072898e-02, 4.449897113895284e-01, 0.000000000000000e+00, 0.000000000000000e+00, 3.029150545510461e+06, 1.000000000000000e-10, 5.936377259802291e+11
1195, 9.005075429574943e-03, 1.486736328330619e-02, 4.541264595050543e-01, 0.000000000000000e+00, 0.000000000000000e+00, 3.087907643556722e+06, 1.000000000000000e-10, 5.864781596828044e+11
1196, 8.780029362940780e-03, 1.472778201785761e-02, 4.635773448696657e-01, 0.000000000000000e+00, 0.000000000000000e+00, 3.148570410601275e+06, 1.000000000000000e-10, 5.792624926886462e+11
1197, 8.555167731440565e-03, 1.458789797610203e-02, 4.733577899205871e-01, 0.000000000000000e+00, 0.000000000000000e+00, 3.211226976761337e+06, 1.000000000000000e-10, 5.720056820268184e+11
1198, 8.330494780395334e-03, 1.444771283580619e-02, 4.834832316620780e-01, 0.000000000000000e+00, 0.000000000000000e+00, 3.275962751815268e+06, 1.000000000000000e-10, 5.647167079778290e+11
1199, 8.106013665464954e-03, 1.430722325451452e-02, 4.939717875615430e-01, 0.000000000000000e+00, 0.000000000000000e+00, 3.342880755865545e+06, 1.000000000000000e-10, 5.573857790201998e+11
1200, 7.881725125719073e-03, 1.416642844012407e-02, 5.048429092504297e-01, 0.000000000000000e+00, 0.000000000000000e+00, 3.412091403187975e+06, 1.000000000000000e-10, 5.500184575475659e+11
1201, 7.657630606591986e-03, 1.402532434463346e-02, 5.161180326340098e-01, 0.000000000000000e+00, 0.000000000000000e+00, 3.483716717413426e+06, 1.000000000000000e-10, 5.426001149277850e+11
1202, 7.433727874454481e-03, 1.388391082373517e-02, 5.278211339593183e-01, 0.000000000000000e+00, 0.000000000000000e+00, 3.557894909562164e+06, 1.000000000000000e-10, 5.351164194419131e+11
1203, 7.210017308468232e-03, 1.374219509542314e-02, 5.399754751951658e-01, 0.000000000000000e+00, 0.000000000000000e+00, 3.634755229964199e+06, 1.000000000000000e-10, 5.275900917214364e+11
1204, 6.986501756840465e-03, 1.360017371341324e-02, 5.526063956502452e-01, 0.000000000000000e+00, 0.000000000000000e+00, 3.714436796362495e+06, 1.000000000000000e-10, 5.200252988095314e+11
1205, 6.763185525080572e-03, 1.345784119730956e-02, 5.657445783723439e-01, 0.000000000000000e+00, 0.000000000000000e+00, 3.797114483936242e+06, 1.000000000000000e-10, 5.123958279956880e+11
1206, 6.540067187974647e-03, 1.331520001003418e-02, 5.794231665125551e-01, 0.000000000000000e+00, 0.000000000000000e+00, 3.882976815959556e+06, 1.000000000000000e-10, 5.046988916783559e+11
1207, 6.317133030194132e-03, 1.317224402593209e-02, 5.936775516930326e-01, 0.000000000000000e+00, 0.000000000000000e+00, 3.972221353483062e+06, 1.000000000000000e-10, 4.969393909991938e+11
1208, 6.094411959385714e-03, 1.302898969069296e-02, 6.085450894455616e-01, 0.000000000000000e+00, 0.000000000000000e+00, 4.065056146894907e+06, 1.000000000000000e-10, 4.891107257088936e+11
1209, 5.871883076912215e-03, 1.288542362644796e-02, 6.240695919039042e-01, 0.000000000000000e+00, 0.000000000000000e+00, 4.161724061986443e+06, 1.000000000000000e-10, 4.812174781513059e+11
1210, 5.649554965358314e-03, 1.274154567020566e-02, 6.402994623708762e-01, 0.000000000000000e+00, 0.000000000000000e+00, 4.262495565545422e+06, 1.000000000000000e-10, 4.732508288444976e+11
1211, 5.427441642856860e-03, 1.259736090672970e-02, 6.572902672589137e-01, 0.000000000000000e+00, 0.000000000000000e+00, 4.367683666782359e+06, 1.000000000000000e-10, 4.651875803591581e+11
1212, 5.205521745517657e-03, 1.245286044627073e-02, 6.751039685433586e-01, 0.000000000000000e+00, 0.000000000000000e+00, 4.477630704459131e+06, 1.000000000000000e-10, 4.570272196346010e+11
1213, 4.983801716962636e-03, 1.230804895258337e-02, 6.938107315036867e-01, 0.000000000000000e+00, 0.000000000000000e+00, 4.592731138442284e+06, 1.000000000000000e-10, 4.487707102551424e+11
1214, 4.762280316202161e-03, 1.216292034667308e-02, 7.134913860247520e-01, 0.000000000000000e+00, 0.000000000000000e+00, 4.713433693949945e+06, 1.000000000000000e-10, 4.404002487484284e+11
1215, 4.540978855733459e-03, 1.201748724207796e-02, 7.342332186158393e-01, 0.000000000000000e+00, 0.000000000000000e+00, 4.840206290428831e+06, 1.000000000000000e-10, 4.318989751612069e+11
1216, 4.319876292199441e-03, 1.187173863769041e-02, 7.561500138721952e-01, 0.000000000000000e+00, 0.000000000000000e+00, 4.973697339077593e+06, 1.000000000000000e-10, 4.232560121027498e+11
1217, 4.098980308898270e-03, 1.172567814089592e-02, 7.793725088701736e-01, 0.000000000000000e+00, 0.000000000000000e+00, 5.114644505394421e+06, 1.000000000000000e-10, 4.144556854256135e+11
1218, 3.878292841010518e-03, 1.157930344037458e-02, 8.040639281525785e-01, 0.000000000000000e+00, 0.000000000000000e+00, 5.263981275791706e+06, 1.000000000000000e-10, 4.054668483887073e+11
1219, 3.657811692940294e-03, 1.143261254490911e-02, 8.304281197337563e-01, 0.000000000000000e+00, 0.000000000000000e+00, 5.422883179100554e+06, 1.000000000000000e-10, 3.962537719677004e+11
1220, 3.437540014995042e-03, 1.128560826255270e-02, 8.587226353280795e-01, 0.000000000000000e+00, 0.000000000000000e+00, 5.592846585151205e+06, 1.000000000000000e-10, 3.867796051673539e+11
1221, 3.217482493736406e-03, 1.113829046414919e-02, 8.891920777335017e-01, 0.000000000000000e+00, 0.000000000000000e+00, 5.775088959051844e+06, 1.000000000000000e-10, 3.771779467040521e+11
1222, 2.997683216200835e-03, 1.099057846928784e-02, 9.224175169686780e-01, 0.000000000000000e+00, 0.000000000000000e+00, 5.973156264045604e+06, 1.000000000000000e-10, 3.666203106866170e+11
1223, 2.777978165767560e-03, 1.084272584270393e-02, 9.611856947613748e-01, 0.000000000000000e+00, 0.000000000000000e+00, 6.207877552505316e+06, 1.000000000000000e-10, 3.423837844965073e+11
1224, 2.564312271390412e-03, 1.070764736626992e-02, 1.007467187992069e+00, 0.000000000000000e+00, 0.000000000000000e+00, 6.499311628711095e+06, 1.000000000000000e-10, 3.107614010913403e+11
1225, 2.333484711195145e-03, 1.057791093380650e-02, 1.064892686064041e+00, 0.000000000000000e+00, 0.000000000000000e+00, 6.871340555130030e+06, 1.000000000000000e-10, 2.810674125253752e+11
1226, 2.096109592372743e-03, 1.046058221068053e-02, 1.132650269096640e+00, 0.000000000000000e+00, 0.000000000000000e+00, 7.320773331322272e+06, 1.000000000000000e-10, 2.542279991366059e+11
1227, 1.852859077346526e-03, 1.035597798791042e-02, 1.212577063857157e+00, 0.000000000000000e+00, 0.000000000000000e+00, 7.862181445155941e+06, 1.000000000000000e-10, 2.298475984784646e+11
1228, 1.604409537690777e-03, 1.026440464502481e-02, 1.306639823301469e+00, 0.000000000000000e+00, 0.000000000000000e+00, 8.511640440507626e+06, 1.000000000000000e-10, 2.076879480697814e+11
1229, 1.351463298668374e-03, 1.018610583064038e-02, 1.416330009909320e+00, 0.000000000000000e+00, 0.000000000000000e+00, 9.282147415315425e+06, 1.000000000000000e-10, 1.876249713656175e+11
1230, 1.094729655832123e-03, 1.012130885254285e-02, 1.542339561864633e+00, 0.000000000000000e+00, 0.000000000000000e+00, 1.018117224507951e+07, 1.000000000000000e-10, 1.696385305577671e+11
1231, 8.349201664181706e-04, 1.007020024936076e-02, 1.684134436054481e+00, 0.000000000000000e+00, 0.000000000000000e+00, 1.120725120745539e+07, 1.000000000000000e-10, 1.537520396419681e+11
1232, 5.727701839409182e-04, 1.003291346491152e-02, 1.839933613350122e+00, 0.000000000000000e+00, 0.000000000000000e+00, 1.234926620798885e+07, 1.000000000000000e-10, 1.399565147078688e+11
1233, 3.090138810542884e-04, 1.000955705050637e-02, 2.008091992827630e+00, 0.000000000000000e+00, 0.000000000000000e+00, 1.359631734468595e+07, 1.000000000000000e-10, 1.281197732262883e+11
1234, 4.439109314558195e-05, 1.000018421119687e-02, 2.177767064632685e+00, 0.000000000000000e+00, 0.000000000000000e+00, 1.486272242127868e+07, 1.000000000000000e-10, 1.182270008189243e+11
1235, -2.204098285807312e-04, 1.000242536194298e-02, 2.309245164989241e+00, 0.000000000000000e+00, 0.000000000000000e+00, 1.584964200642913e+07, 1.000000000000000e-10, 1.114713391510068e+11
1236, -4.850564189965586e-04, 1.001177382423171e-02, 2.422612577176167e+00, 0.000000000000000e+00, 0.000000000000000e+00, 1.669637203365127e+07, 1.000000000000000e-10, 1.062020743603925e+11
1237, -7.493632986550475e-04, 1.002811717660846e-02, 2.537402888002902e+00, 0.000000000000000e+00, 0.000000000000000e+00, 1.755718929645526e+07, 1.000000000000000e-10, 1.014219141643388e+11
1238, -1.013144642030219e-03, 1.005145440810729e-02, 2.653848250850957e+00, 0.000000000000000e+00, 0.000000000000000e+00, 1.843436598677691e+07, 1.000000000000000e-10, 9.707433053833481e+10
1239, -1.276215251010156e-03, 1.008177114996724e-02, 2.771383418285589e+00, 0.000000000000000e+00, 0.000000000000000e+00, 1.932366995647216e+07, 1.000000000000000e-10, 9.313167617308595e+10
1240, -1.538390933809183e-03, 1.011904227331399e-02, 2.889285190224718e+00, 0.000000000000000e+00, 0.000000000000000e+00, 2.021909175383294e+07, 1.000000000000000e-10, 8.956987855361478e+10
1241, -1.799488700237760e-03, 1.016323750720899e-02, 3.006700972348367e+00, 0.000000000000000e+00, 0.000000000000000e+00, 2.111289138565804e+07, 1.000000000000000e-10, 8.636741368738568e+10
1242, -2.059323842564385e-03, 1.021433465544578e-02, 3.122849851253371e+00, 0.000000000000000e+00, 0.000000000000000e+00, 2.199870309595661e+07, 1.000000000000000e-10, 8.350580972170483e+10
1243, -2.317714249397461e-03, 1.027229709566294e-02, 3.236924035683472e+00, 0.000000000000000e+00, 0.000000000000000e+00, 2.286991653831789e+07, 1.000000000000000e-10, 8.096554860207019e+10
1244, -2.574479333229013e-03, 1.033708081687143e-02, 3.348230542447622e+00, 0.000000000000000e+00, 0.000000000000000e+00, 2.372084103560571e+07, 1.000000000000000e-10, 7.872695818860307e+10
1245, -2.829439545540043e-03, 1.040863852595078e-02, 3.456190094932651e+00, 0.000000000000000e+00, 0.000000000000000e+00, 2.454669978484065e+07, 1.000000000000000e-10, 7.677109038749597e+10
1246, -3.082414795247027e-03, 1.048692264642574e-02, 3.560244506741799e+00, 0.000000000000000e+00, 0.000000000000000e+00, 2.534285789410257e+07, 1.000000000000000e-10, 7.508213358955840e+10
1247, -3.333232654684753e-03, 1.057186888716533e-02, 3.660049987652126e+00, 0.000000000000000e+00, 0.000000000000000e+00, 2.610646544960164e+07, 1.000000000000000e-10, 7.363978200627309e+10
1248, -3.581707375141025e-03, 1.066344147871050e-02, 3.755152404989565e+00, 0.000000000000000e+00, 0.000000000000000e+00, 2.683383415005122e+07, 1.000000000000000e-10, 7.243923170020192e+10
1249, -3.827673738368391e-03, 1.076155214466451e-02, 3.844909935540935e+00, 0.000000000000000e+00, 0.000000000000000e+00, 2.752043386699153e+07, 1.000000000000000e-10, 7.146417166405591e+10
1250, -4.070953626327276e-03, 1.086614714362853e-02, 3.929489450974859e+00, 0.000000000000000e+00, 0.000000000000000e+00, 2.816686507359798e+07, 1.000000000000000e-10, 7.070501003878925e+10
1251, -4.311381178207322e-03, 1.097714191057500e-02, 4.008820783939115e+00, 0.000000000000000e+00, 0.000000000000000e+00, 2.877228066960897e+07, 1.000000000000000e-10, 7.014440253522734e+10
1252, -4.548784131521758e-03, 1.109446629925956e-02, 4.082041667210693e+00, 0.000000000000000e+00, 0.000000000000000e+00, 2.932920912181574e+07, 1.000000000000000e-10, 6.979189009028654e+10
1253, -4.783102744397177e-03, 1.121783744700906e-02, 4.153451105203086e+00, 0.000000000000000e+00, 0.000000000000000e+00, 2.987381429837311e+07, 1.000000000000000e-10, 6.950812538407787e+10
1254, -5.013605106244763e-03, 1.134816117734570e-02, 4.202306528667697e+00, 0.000000000000000e+00, 0.000000000000000e+00, 3.023073258160373e+07, 1.000000000000000e-10, 7.001337326118903e+10
1255, -5.243105669370864e-03, 1.148029471351918e-02, 4.219377241614451e+00, 0.000000000000000e+00, 0.000000000000000e+00, 3.032256862962933e+07, 1.000000000000000e-10, 6.919597343398973e+10
1256, -5.472547083705711e-03, 1.161253143048197e-02, 4.227546748302844e+00, 0.000000000000000e+00, 0.000000000000000e+00, 3.034383187551591e+07, 1.000000000000000e-10, 6.791502617381335e+10
1257, -5.701896750190313e-03, 1.174492221217266e-02, 4.233799467026655e+00, 0.000000000000000e+00, 0.000000000000000e+00, 3.035327114084537e+07, 1.000000000000000e-10, 6.671766539568138e+10
1258, -5.931216881172024e-03, 1.187736571633132e-02, 4.237923126499765e+00, 0.000000000000000e+00, 0.000000000000000e+00, 3.034842111500877e+07, 1.000000000000000e-10, 6.554781212363550e+10
1259, -6.160559363573002e-03, 1.200977146862331e-02, 4.240691186310715e+00, 0.000000000000000e+00, 0.000000000000000e+00, 3.033540859346877e+07, 1.000000000000000e-10, 6.439869132835955e+10
1260, -6.389902594097093e-03, 1.214217608068577e-02, 4.242608955620713e+00, 0.000000000000000e+00, 0.000000000000000e+00, 3.031811854434576e+07, 1.000000000000000e-10, 6.330559221376453e+10
1261, -6.619246899925769e-03, 1.227457895541476e-02, 4.243692817867872e+00, 0.000000000000000e+00, 0.000000000000000e+00, 3.029638111228987e+07, 1.000000000000000e-10, 6.225302240499363e+10
1262, -6.848590431185892e-03, 1.240698306830994e-02, 4.244066018364570e+00, 0.000000000000000e+00, 0.000000000000000e+00, 3.027094398178860e+07, 1.000000000000000e-10, 6.123863337772947e+10
1263, -7.077932990420029e-03, 1.253938873899527e-02, 4.243816816512692e+00, 0.000000000000000e+00, 0.000000000000000e+00, 3.024226615433699e+07, 1.000000000000000e-10, 6.025863749826687e+10
1264, -7.307275765802811e-03, 1.267179413151244e-02, 4.243029048839242e+00, 0.000000000000000e+00, 0.000000000000000e+00, 3.021086783292934e+07, 1.000000000000000e-10, 5.930982734637756e+10
1265, -7.536618607819541e-03, 1.280419934596778e-02, 4.241790174621157e+00, 0.000000000000000e+00, 0.000000000000000e+00, 3.017732406709989e+07, 1.000000000000000e-10, 5.839047548485838e+10
1266, -7.765959838197511e-03, 1.293660750512466e-02, 4.240157800267116e+00, 0.000000000000000e+00, 0.000000000000000e+00, 3.014197723759741e+07, 1.000000000000000e-10, 5.749957585999844e+10
1267, -7.995299999290606e-03, 1.306901760568120e-02, 4.238160733124168e+00, 0.000000000000000e+00, 0.000000000000000e+00, 3.010494478223906e+07, 1.000000000000000e-10, 5.663445296715864e+10
1268, -8.224641940866480e-03, 1.320142444305683e-02, 4.235853547122223e+00, 0.000000000000000e+00, 0.000000000000000e+00, 3.006657414045088e+07, 1.000000000000000e-10, 5.579229714822292e+10
1269, -8.453984920510891e-03, 1.333382941050378e-02, 4.233298487478605e+00, 0.000000000000000e+00, 0.000000000000000e+00, 3.002728728742785e+07, 1.000000000000000e-10, 5.497343252817017e+10
1270, -8.683327681225211e-03, 1.346623489312890e-02, 4.230525261815226e+00, 0.000000000000000e+00, 0.000000000000000e+00, 2.998724348617982e+07, 1.000000000000000e-10, 5.417693356188744e+10
1271, -8.912670488246479e-03, 1.359864044791890e-02, 4.227558891003614e+00, 0.000000000000000e+00, 0.000000000000000e+00, 2.994657192423373e+07, 1.000000000000000e-10, 5.340093986198924e+10
1272, -9.142012992986451e-03, 1.373104616859539e-02, 4.224425870026053e+00, 0.000000000000000e+00, 0.000000000000000e+00, 2.990542170789645e+07, 1.000000000000000e-10, 5.264463034274986e+10
1273, -9.371355754004345e-03, 1.386345136335158e-02, 4.221145867279044e+00, 0.000000000000000e+00, 0.000000000000000e+00, 2.986389166783563e+07, 1.000000000000000e-10, 5.190685515359969e+10
1274, -9.600699895459305e-03, 1.399585463553794e-02, 4.217747952005109e+00, 0.000000000000000e+00, 0.000000000000000e+00, 2.982216518379486e+07, 1.000000000000000e-10, 5.118648471939984e+10
1275, -9.830043916919832e-03, 1.412825804195895e-02, 4.214259052641832e+00, 0.000000000000000e+00, 0.000000000000000e+00, 2.978041254010103e+07, 1.000000000000000e-10, 5.048363778578009e+10
1276, -1.005938664929303e-02, 1.426066337274675e-02, 4.210685921754870e+00, 0.000000000000000e+00, 0.000000000000000e+00, 2.973864019433831e+07, 1.000000000000000e-10, 4.979757171984280e+10
1277, -1.028872924451936e-02, 1.439306910848509e-02, 4.207037546185029e+00, 0.000000000000000e+00, 0.000000000000000e+00, 2.969687782194356e+07, 1.000000000000000e-10, 4.912677004867134e+10
1278, -1.051807198220519e-02, 1.452547462324594e-02, 4.203331476204334e+00, 0.000000000000000e+00, 0.000000000000000e+00, 2.965523024677196e+07, 1.000000000000000e-10, 4.847084783482442e+10
1279, -1.074741480490934e-02, 1.465788009753233e-02, 4.199579946137553e+00, 0.000000000000000e+00, 0.000000000000000e+00, 2.961376118816264e+07, 1.000000000000000e-10, 4.782941024584280e+10
1280, -1.097675776015348e-02, 1.479028508674539e-02, 4.195798631287500e+00, 0.000000000000000e+00, 0.000000000000000e+00, 2.957256611277014e+07, 1.000000000000000e-10, 4.720173657632452e+10
1281, -1.120609955270169e-02, 1.492269225576068e-02, 4.191998916320246e+00, 0.000000000000000e+00, 0.000000000000000e+00, 2.953170716322926e+07, 1.000000000000000e-10, 4.658799442462045e+10
1282, -1.143543966943289e-02, 1.505510242264776e-02, 4.188171841472640e+00, 0.000000000000000e+00, 0.000000000000000e+00, 2.949107953221575e+07, 1.000000000000000e-10, 4.598743722062903e+10
1283, -1.166478107669185e-02, 1.518751024089523e-02, 4.184322860984179e+00, 0.000000000000000e+00, 0.000000000000000e+00, 2.945070128757890e+07, 1.000000000000000e-10, 4.539821162651433e+10
1284, -1.189412393677228e-02, 1.531991533798059e-02, 4.180475819535788e+00, 0.000000000000000e+00, 0.000000000000000e+00, 2.941074538736626e+07, 1.000000000000000e-10, 4.482092385572903e+10
1285, -1.212346680353741e-02, 1.545232071955208e-02, 4.176636702622033e+00, 0.000000000000000e+00, 0.000000000000000e+00, 2.937123757933786e+07, 1.000000000000000e-10, 4.425590193378570e+10
1286, -1.235280953496052e-02, 1.558472623069729e-02, 4.172804652868186e+00, 0.000000000000000e+00, 0.000000000000000e+00, 2.933214852088884e+07, 1.000000000000000e-10, 4.370214110617722e+10
1287, -1.258215214992644e-02, 1.571713189570697e-02, 4.168983752253768e+00, 0.000000000000000e+00, 0.000000000000000e+00, 2.929349157264323e+07, 1.000000000000000e-10, 4.315930469834885e+10
1288, -1.281149476620243e-02, 1.584953741023462e-02, 4.165174724429967e+00, 0.000000000000000e+00, 0.000000000000000e+00, 2.925525358262612e+07, 1.000000000000000e-10, 4.262702279617221e+10
1289, -1.304083856747504e-02, 1.598194114804231e-02, 4.161383956062441e+00, 0.000000000000000e+00, 0.000000000000000e+00, 2.921746989933280e+07, 1.000000000000000e-10, 4.210464476379743e+10
1290, -1.327018282901982e-02, 1.611434417606206e-02, 4.157622751043135e+00, 0.000000000000000e+00, 0.000000000000000e+00, 2.918021780102227e+07, 1.000000000000000e-10, 4.159240909924105e+10
1291, -1.349952577494796e-02, 1.624674910548320e-02, 4.153889353723351e+00, 0.000000000000000e+00, 0.000000000000000e+00, 2.914346696266316e+07, 1.000000000000000e-10, 4.109038554928874e+10
1292, -1.372886828422211e-02, 1.637915488350922e-02, 4.150179347482756e+00, 0.000000000000000e+00, 0.000000000000000e+00, 2.910716615172111e+07, 1.000000000000000e-10, 4.059753265660330e+10
1293, -1.395821102772288e-02, 1.651156040533365e-02, 4.146497558846312e+00, 0.000000000000000e+00, 0.000000000000000e+00, 2.907134191780970e+07, 1.000000000000000e-10, 4.011358634392099e+10
1294, -1.418755381693275e-02, 1.664396594906404e-02, 4.142846987647276e+00, 0.000000000000000e+00, 0.000000000000000e+00, 2.903600643320240e+07, 1.000000000000000e-10, 3.963857586755645e+10
1295, -1.441689676541300e-02, 1.677637091865539e-02, 4.139231772883125e+00, 0.000000000000000e+00, 0.000000000000000e+00, 2.900118215774361e+07, 1.000000000000000e-10, 3.917208152920694e+10
1296, -1.464623902746311e-02, 1.690877718896723e-02, 4.135657623799547e+00, 0.000000000000000e+00, 0.000000000000000e+00, 2.896690521105585e+07, 1.000000000000000e-10, 3.871427988161300e+10
1297, -1.487557933199431e-02, 1.704118700645071e-02, 4.132115285816801e+00, 0.000000000000000e+00, 0.000000000000000e+00, 2.893308812328565e+07, 1.000000000000000e-10, 3.826510483451283e+10
1298, -1.510492022705814e-02, 1.717359582498642e-02, 4.128598883410906e+00, 0.000000000000000e+00, 0.000000000000000e+00, 2.889967238695584e+07, 1.000000000000000e-10, 3.782310566512607e+10
1299, -1.533426291459934e-02, 1.730600129602044e-02, 4.125121582916788e+00, 0.000000000000000e+00, 0.000000000000000e+00, 2.886675811165293e+07, 1.000000000000000e-10, 3.738843820722491e+10
1300, -1.556360591429063e-02, 1.743840660114759e-02, 4.121688726914595e+00, 0.000000000000000e+00, 0.000000000000000e+00, 2.883438078616073e+07, 1.000000000000000e-10, 3.696186553680799e+10
1301, -1.579294837450100e-02, 1.757081232061503e-02, 4.118293292855360e+00, 0.000000000000000e+00, 0.000000000000000e+00, 2.880247385003066e+07, 1.000000000000000e-10, 3.654282580835278e+10
1302, -1.602229162466378e-02, 1.770321677724282e-02, 4.114934134371509e+00, 0.000000000000000e+00, 0.000000000000000e+00, 2.877102008878114e+07, 1.000000000000000e-10, 3.613066897861890e+10
1303, -1.625163597382942e-02, 1.783561965308899e-02, 4.111618950411753e+00, 0.000000000000000e+00, 0.000000000000000e+00, 2.874007606095596e+07, 1.000000000000000e-10, 3.572543816604465e+10
1304, -1.648097945723503e-02, 1.796802391171906e-02, 4.108348376176783e+00, 0.000000000000000e+00, 0.000000000000000e+00, 2.870964003849746e+07, 1.000000000000000e-10, 3.532756655017354e+10
1305, -1.671032197771340e-02, 1.810042960394669e-02, 4.105115720168869e+00, 0.000000000000000e+00, 0.000000000000000e+00, 2.867964999135369e+07, 1.000000000000000e-10, 3.493639843454116e+10
1306, -1.693966468762693e-02, 1.823283520971930e-02, 4.101921285618994e+00, 0.000000000000000e+00, 0.000000000000000e+00, 2.865010234825688e+07, 1.000000000000000e-10, 3.455148057913964e+10
1307, -1.716900741913253e-02, 1.836524072091214e-02, 4.098805826818283e+00, 0.000000000000000e+00, 0.000000000000000e+00, 2.862132905011756e+07, 1.000000000000000e-10, 3.417266416134453e+10
1308, -1.739833471261224e-02, 1.849767495206165e-02, 4.095702097696443e+00, 0.000000000000000e+00, 0.000000000000000e+00, 2.859276180024479e+07, 1.000000000000000e-10, 3.380498863480488e+10
1309, -1.762767180812830e-02, 1.863009831113071e-02, 4.090106337911569e+00, 0.000000000000000e+00, 0.000000000000000e+00, 2.854365174424798e+07, 1.000000000000000e-10, 3.345466770203200e+10
1310, -1.785806382729764e-02, 1.876064580003948e-02, 4.076924472282832e+00, 0.000000000000000e+00, 0.000000000000000e+00, 2.843184018579445e+07, 1.000000000000000e-10, 3.286695067525792e+10
1311, -1.809172665506163e-02, 1.888525282692056e-02, 4.058568460317924e+00, 0.000000000000000e+00, 0.000000000000000e+00, 2.827741516509202e+07, 1.000000000000000e-10, 3.174473918573910e+10
1312, -1.832860557500344e-02, 1.900363168436481e-02, 4.040338414970833e+00, 0.000000000000000e+00, 0.000000000000000e+00, 2.812429737715298e+07, 1.000000000000000e-10, 3.070260390124901e+10
1313, -1.856853870418083e-02, 1.911569122561219e-02, 4.022508744327313e+00, 0.000000000000000e+00, 0.000000000000000e+00, 2.797474894578763e+07, 1.000000000000000e-10, 2.975897058931345e+10
1314, -1.881135257068563e-02, 1.922136352330338e-02, 4.005050504149969e+00, 0.000000000000000e+00, 0.000000000000000e+00, 2.782851614414497e+07, 1.000000000000000e-10, 2.890712241661084e+10
1315, -1.905688048828256e-02, 1.932056630710868e-02, 3.987933372503214e+00, 0.000000000000000e+00, 0.000000000000000e+00, 2.768533538677026e+07, 1.000000000000000e-10, 2.813722480362779e+10
1316, -1.930494648551617e-02, 1.941324057104464e-02, 3.971112606622704e+00, 0.000000000000000e+00, 0.000000000000000e+00, 2.754482510163189e+07, 1.000000000000000e-10, 2.744438981819950e+10
1317, -1.955538434220949e-02, 1.949929921497704e-02, 3.954577505416222e+00, 0.000000000000000e+00, 0.000000000000000e+00, 2.740688687913387e+07, 1.000000000000000e-10, 2.682004873099160e+10
1318, -1.980800984650036e-02, 1.957870645520142e-02, 3.938317473955142e+00, 0.000000000000000e+00, 0.000000000000000e+00, 2.727142345123908e+07, 1.000000000000000e-10, 2.626252690414280e+10
1319, -2.006264904771344e-02, 1.965139850972467e-02, 3.922273352662525e+00, 0.000000000000000e+00, 0.000000000000000e+00, 2.713793830672643e+07, 1.000000000000000e-10, 2.576517136582136e+10
1320, -2.031912451277953e-02, 1.971732010130489e-02, 3.906431049678948e+00, 0.000000000000000e+00, 0.000000000000000e+00, 2.700630811411266e+07, 1.000000000000000e-10, 2.532448003009161e+10
1321, -2.057725573590099e-02, 1.977642602558858e-02, 3.890773961832772e+00, 0.000000000000000e+00, 0.000000000000000e+00, 2.687638964148714e+07, 1.000000000000000e-10, 2.493742774946554e+10
1322, -2.083686129420247e-02, 1.982867729012082e-02, 3.875267834367238e+00, 0.000000000000000e+00, 0.000000000000000e+00, 2.674789464865743e+07, 1.000000000000000e-10, 2.460127231315510e+10
1323, -2.109776052462880e-02, 1.987402961029622e-02, 3.859902708115856e+00, 0.000000000000000e+00, 0.000000000000000e+00, 2.662073719162216e+07, 1.000000000000000e-10, 2.431319163728577e+10
1324, -2.135976811414746e-02, 1.991246449813515e-02, 3.844660700692227e+00, 0.000000000000000e+00, 0.000000000000000e+00, 2.649476602743912e+07, 1.000000000000000e-10, 2.407181474615177e+10
1325, -2.162270120317740e-02, 1.994395166492887e-02, 3.829490882766817e+00, 0.000000000000000e+00, 0.000000000000000e+00, 2.636955915418212e+07, 1.000000000000000e-10, 2.387508943731134e+10
1326, -2.188637676188708e-02, 1.996845589468814e-02, 3.814390002348817e+00, 0.000000000000000e+00, 0.000000000000000e+00, 2.624508790589212e+07, 1.000000000000000e-10, 2.372151004169144e+10
1327, -2.215060831034602e-02, 1.998597383723044e-02, 3.799356432086089e+00, 0.000000000000000e+00, 0.000000000000000e+00, 2.612133714014575e+07, 1.000000000000000e-10, 2.361045675213657e+10
1328, -2.241521082947035e-02, 1.999649845370849e-02, 3.784369266210838e+00, 0.000000000000000e+00, 0.000000000000000e+00, 2.599813930929016e+07, 1.000000000000000e-10, 2.354096764968348e+10
