WARNING: Setting WINDOW_START_ITER = RESTART_ITER for meaningful running average.

-------------------------------------------------------------------------
|    ___ _   _ ___                                                      |
|   / __| | | |_  )   Release 8.5.0 "Harrier"                           |
|   \__ \ |_| |/ /                                                      |
|   |___/\___//___|   Suite (Computational Fluid Dynamics Code)         |
|                                                                       |
-------------------------------------------------------------------------
| SU2 Project Website: https://su2code.github.io                        |
|                                                                       |
| The SU2 Project is maintained by the SU2 Foundation                   |
| (http://su2foundation.org)                                            |
-------------------------------------------------------------------------
| Copyright 2012-2026, SU2 Contributors                                 |
|                                                                       |
| SU2 is free software; you can redistribute it and/or                  |
| modify it under the terms of the GNU Lesser General Public            |
| License as published by the Free Software Foundation; either          |
| version 2.1 of the License, or (at your option) any later version.    |
|                                                                       |
| SU2 is distributed in the hope that it will be useful,                |
| but WITHOUT ANY WARRANTY; without even the implied warranty of        |
| MERCHANTABILITY or FITNESS FOR A PARTICULAR PURPOSE. See the GNU      |
| Lesser General Public License for more details.                       |
|                                                                       |
| You should have received a copy of the GNU Lesser General Public      |
| License along with SU2. If not, see <http://www.gnu.org/licenses/>.   |
-------------------------------------------------------------------------
WARNING: Setting WINDOW_START_ITER = RESTART_ITER for meaningful running average.

Parsing config file for zone 0
WARNING: Setting WINDOW_START_ITER = RESTART_ITER for meaningful running average.

----------------- Physical Case Definition ( Zone 0 ) -------------------
Compressible RANS equations.
Turbulence model: Menter's k-omega SST-2003m with compressibility correction of Sarkar
using default hard coded lower limit clipping.
Hybrid RANS/LES: No Hybrid RANS/LES
Mach number: 0.001.
Angle of attack (AoA): 0 deg, and angle of sideslip (AoS): 0 deg.
Reynolds number: 0. Reference length 1.
Reading and writing binary SU2 native restart files.
Read flow solution from: restart_npr20_cfl2_inner30_from500.
Dimensional simulation.
The reference area is 1 m^2.
The semi-span will be computed using the max y(3D) value.
The reference length is 1 m.
Reference origin for moment evaluation is (0, 0, 0).
Surface(s) where the force coefficients are evaluated: WALL.

Surface(s) plotted in the output file: WALL.
Input mesh file name: ../../ambient_mesh/hybrid_pilot/dlr_par_hybrid.su2

--------------- Space Numerical Integration ( Zone 0 ) ------------------
Simple Low-Dissipation AUSM 2 solver for the flow inviscid terms.
Standard Roe without low-dissipation function.
Second order integration in space, with slope limiter.
Venkatakrishnan-Wang slope-limiting method, with constant: 0.001.
Scalar upwind solver for the turbulence model.
First order integration in space.
Average of gradients with correction (viscous flow terms).
Average of gradients with correction (viscous turbulence terms).
Gradient for upwind reconstruction: inverse-distance weighted Least-Squares.
Gradient for viscous and source terms: inverse-distance weighted Least-Squares.

--------------- Time Numerical Integration  ( Zone 0 ) ------------------
Unsteady simulation, dual time stepping strategy (second order in time).
Unsteady time step provided by the user (s): 2.5e-08.
Euler implicit method for the flow equations.
FGMRES is used for solving the linear system.
Using a ILU(0) preconditioning.
Convergence criteria of the linear solver: 0.0001.
Max number of linear iterations: 10.
No CFL adaptation.
Courant-Friedrichs-Lewy number:        2
Euler implicit time integration for the turbulence model.

------------------ Convergence Criteria  ( Zone 0 ) ---------------------
Maximum number of solver subiterations: 30.
Maximum number of physical time-steps: 3114.
Begin convergence monitoring at iteration 5.
Residual minimum value: 1e-12.
Cauchy series min. value: 1e-10.
Number of Cauchy elements: 100.
Begin windowed time average at iteration 521.

-------------------- Output Information ( Zone 0 ) ----------------------
File writing frequency: 
+------------------------------------+
|                     File| Frequency|
+------------------------------------+
|                  RESTART|        50|
|           PARAVIEW_ASCII|       100|
|   SURFACE_PARAVIEW_ASCII|        10|
|              SURFACE_CSV|        10|
+------------------------------------+
Writing the convergence history file every 1 inner iterations.
Writing the convergence history file every 1 time iterations.
Writing the screen convergence history every 25 inner iterations.
Writing the screen convergence history every 1 time iterations.
The tabular file format is CSV (.csv).
Convergence history file name: history_npr20_production_cfl2_i30_from520.
Forces breakdown file name: forces_breakdown.dat.
Surface file name: wall_npr20_production_cfl2_i30_from520.
Volume file name: flow_npr20_production_cfl2_i30_from520.
Restart file name: restart_npr20_production_cfl2_i30_from520.

------------- Config File Boundary Information ( Zone 0 ) ---------------
+-----------------------------------------------------------------------+
|                        Marker Type|                        Marker Name|
+-----------------------------------------------------------------------+
|                          Far-field|                           FARFIELD|
+-----------------------------------------------------------------------+
|                     Symmetry plane|                               AXIS|
+-----------------------------------------------------------------------+
|                   Riemann boundary|                              INLET|
+-----------------------------------------------------------------------+
|                     Heat flux wall|                               WALL|
+-----------------------------------------------------------------------+

-------------------- Output Preprocessing ( Zone 0 ) --------------------

WARNING: SURFACE_PRESSURE_DROP can only be computed for at least 2 surfaces (outlet, inlet, ...)

Screen output fields: TIME_ITER, INNER_ITER, RMS_DENSITY, RMS_ENERGY, RMS_TKE, RMS_DISSIPATION
History output group(s): ITER, CUR_TIME, RMS_RES
Convergence field(s): RMS_DENSITY
Warning: No (valid) fields chosen for time convergence monitoring. Time convergence monitoring inactive.
Volume output fields: COORDINATES, SOLUTION, PRIMITIVE

------------------- Geometry Preprocessing ( Zone 0 ) -------------------
Two dimensional problem.
208430 grid points before partitioning.
311958 volume elements before partitioning.
4 surface markers.
800 boundary elements in index 0 (Marker = WALL).
128 boundary elements in index 1 (Marker = INLET).
1261 boundary elements in index 2 (Marker = AXIS).
311 boundary elements in index 3 (Marker = FARFIELD).
Executing the partitioning functions.
Building the graph adjacency structure.
Calling ParMETIS... graph partitioning complete (1583 edge cuts).
Distributing ParMETIS coloring.
Rebalancing vertices.
Rebalancing volume element connectivity.
Rebalancing markers and surface elements.
210382 vertices including ghost points. 
313537 interior elements including halo cells. 
210774 triangles.
102763 quadrilaterals.
Establishing MPI communication patterns.
Setting point connectivity.
Renumbering points (Reverse Cuthill McKee Ordering).
Recomputing point connectivity.
Setting element connectivity.
Checking the numerical grid orientation.
All volume elements are correctly oriented.
All surface elements are correctly oriented.
Identifying edges and vertices.
Setting the control volume structure.
Area of the computational grid: 0.61267.
Searching for the closest normal neighbors to the surfaces.
Storing a mapping from global to local point index.
Compute the surface curvature.
Max K: 10069.8. Mean K: 21.6169. Standard deviation K: 398.532.
Computing mesh quality statistics for the dual control volumes.
+--------------------------------------------------------------+
|           Mesh Quality Metric|        Minimum|        Maximum|
+--------------------------------------------------------------+
|    Orthogonality Angle (deg.)|        45.8271|             90|
|     CV Face Area Aspect Ratio|              1|        681.684|
|           CV Sub-Volume Ratio|              1|        227.251|
+--------------------------------------------------------------+
Finding max control volume width.
Communicating number of neighbors.
Wetted area = 0.03293 m^2.
Area projection in the x-plane = 0.00999917 m, y-plane = 0.1477 m.
Max. coordinate in the x-direction = 0.12502 m, y-direction = 0.0547723 m.
Min. coordinate in the x-direction = -0.02268 m, y-direction = 0.0100004 m.
Computing wall distances.

-------------------- Solver Preprocessing ( Zone 0 ) --------------------
Viscous flow: Computing pressure using the ideal gas law
based on the free-stream temperature and a density computed
from the Reynolds number.
Force coefficients computed using free-stream values.

-- Models:
+------------------------------------------------------------------------------+
|          Viscosity Model|        Conductivity Model|              Fluid Model|
+------------------------------------------------------------------------------+
|               SUTHERLAND|          CONSTANT_PRANDTL|                IDEAL_GAS|
+------------------------------------------------------------------------------+
-- Fluid properties:
+------------------------------------------------------------------------------+
|                  Name|    Dim. value|    Ref. value|      Unit|Non-dim. value|
+------------------------------------------------------------------------------+
|        Ref. Viscosity|    0.00010707|             1|   N.s/m^2|    0.00010707|
|      Sutherland Temp.|       3312.09|             1|         K|       3312.09|
|     Sutherland Const.|       683.036|             1|         K|       683.036|
+------------------------------------------------------------------------------+
|        Prandtl (Lam.)|             -|             -|         -|        0.6738|
|       Prandtl (Turb.)|             -|             -|         -|           0.9|
+------------------------------------------------------------------------------+
|          Gas Constant|         390.6|             1|  N.m/kg.K|         390.6|
|      Spec. Heat Ratio|             -|             -|         -|       1.19829|
+------------------------------------------------------------------------------+
-- Initial and free-stream conditions:
+------------------------------------------------------------------------------+
|                  Name|    Dim. value|    Ref. value|      Unit|Non-dim. value|
+------------------------------------------------------------------------------+
|       Static Pressure|        260000|             1|        Pa|        260000|
|               Density|       2.21881|             1|    kg/m^3|       2.21881|
|           Temperature|           300|             1|         K|           300|
|          Total Energy|        590940|             1|   m^2/s^2|        590940|
|            Velocity-X|      0.374721|             1|       m/s|      0.374721|
|            Velocity-Y|             0|             1|       m/s|             0|
|    Velocity Magnitude|      0.374721|             1|       m/s|      0.374721|
+------------------------------------------------------------------------------+
|             Viscosity|    1.1862e-05|             1|   N.s/m^2|    1.1862e-05|
|          Conductivity|             -|             1|   W/m^2.K|             -|
|     Turb. Kin. Energy|   2.10624e-05|             1|   m^2/s^2|   2.10624e-05|
|     Spec. Dissipation|      0.393977|             1|       1/s|      0.393977|
+------------------------------------------------------------------------------+
|           Mach Number|             -|             -|         -|         0.001|
|       Reynolds Number|             -|             -|         -|       70092.4|
+------------------------------------------------------------------------------+
-- Unsteady conditions
+------------------------------------------------------------------------------+
|                  Name|    Dim. value|    Ref. value|      Unit|Non-dim. value|
+------------------------------------------------------------------------------+
|            Total Time|             1|             1|         s|             1|
|             Time Step|       2.5e-08|             1|         s|       2.5e-08|
+------------------------------------------------------------------------------+
Initialize Jacobian structure (Navier-Stokes). MG level: 0.
Initialize Jacobian structure (SST model).

------------------- Numerics Preprocessing ( Zone 0 ) -------------------

----------------- Integration Preprocessing ( Zone 0 ) ------------------

------------------- Iteration Preprocessing ( Zone 0 ) ------------------
Euler/Navier-Stokes/RANS fluid iteration.

------------------------------ Begin Solver -----------------------------

Simulation Run using the Single-zone Driver
The simulation will run for 2593 time steps.
+-----------------------------------------------------------------------------+
|   Time_Iter|  Inner_Iter|    rms[Rho]|   rms[RhoE]|      rms[k]|      rms[w]|
+-----------------------------------------------------------------------------+
|         521|           0|   -1.499516|    4.589362|    2.406101|    6.234449|
|         521|          25|   -4.814983|    2.091562|   -0.091963|    6.422942|
|         521|          29|   -4.843038|    2.076257|   -0.097394|    6.427664|
+-----------------------------------------------------------------------------+
|   Time_Iter|  Inner_Iter|    rms[Rho]|   rms[RhoE]|      rms[k]|      rms[w]|
+-----------------------------------------------------------------------------+
|         522|           0|   -1.499617|    4.589542|    2.405713|    6.432217|
|         522|          25|   -4.844202|    2.066234|   -0.236375|    6.318575|
|         522|          29|   -4.871986|    2.052109|   -0.257884|    6.321816|
+-----------------------------------------------------------------------------+
|   Time_Iter|  Inner_Iter|    rms[Rho]|   rms[RhoE]|      rms[k]|      rms[w]|
+-----------------------------------------------------------------------------+
|         523|           0|   -1.499740|    4.587212|    2.405277|    6.327473|
|         523|          25|   -4.873041|    2.042521|   -0.234753|    6.338719|
|         523|          29|   -4.900654|    2.029207|   -0.260519|    6.335513|
+-----------------------------------------------------------------------------+
|   Time_Iter|  Inner_Iter|    rms[Rho]|   rms[RhoE]|      rms[k]|      rms[w]|
+-----------------------------------------------------------------------------+
|         524|           0|   -1.499864|    4.583686|    2.404847|    6.339565|
|         524|          25|   -4.902924|    2.017146|   -0.250653|    6.308843|
|         524|          29|   -4.931082|    2.003517|   -0.279258|    6.299267|
+-----------------------------------------------------------------------------+
|   Time_Iter|  Inner_Iter|    rms[Rho]|   rms[RhoE]|      rms[k]|      rms[w]|
+-----------------------------------------------------------------------------+
|         525|           0|   -1.499949|    4.582538|    2.404438|    6.303035|
|         525|          25|   -4.934649|    1.988725|   -0.270471|    6.239353|
|         525|          29|   -4.963315|    1.974878|   -0.301981|    6.226636|
+-----------------------------------------------------------------------------+
|   Time_Iter|  Inner_Iter|    rms[Rho]|   rms[RhoE]|      rms[k]|      rms[w]|
+-----------------------------------------------------------------------------+
|         526|           0|   -1.499993|    4.584569|    2.404042|    6.231071|
|         526|          25|   -4.966439|    1.960955|   -0.291720|    6.161609|
|         526|          29|   -4.994524|    1.948187|   -0.326318|    6.150609|
+-----------------------------------------------------------------------------+
|   Time_Iter|  Inner_Iter|    rms[Rho]|   rms[RhoE]|      rms[k]|      rms[w]|
+-----------------------------------------------------------------------------+
|         527|           0|   -1.500035|    4.587354|    2.403653|    6.156180|
|         527|          25|   -4.994611|    1.939534|   -0.314006|    6.098070|
|         527|          29|   -5.020930|    1.928675|   -0.351989|    6.090047|
+-----------------------------------------------------------------------------+
|   Time_Iter|  Inner_Iter|    rms[Rho]|   rms[RhoE]|      rms[k]|      rms[w]|
+-----------------------------------------------------------------------------+
|         528|           0|   -1.500105|    4.588647|    2.403323|    6.096266|
|         528|          25|   -5.018803|    1.924382|   -0.338004|    6.075097|
|         528|          29|   -5.043179|    1.915019|   -0.379598|    6.074665|
+-----------------------------------------------------------------------------+
|   Time_Iter|  Inner_Iter|    rms[Rho]|   rms[RhoE]|      rms[k]|      rms[w]|
+-----------------------------------------------------------------------------+
|         529|           0|   -1.500192|    4.588388|    2.403137|    6.081204|
|         529|          25|   -5.039279|    1.913594|   -0.363404|    6.104508|
|         529|          29|   -5.062073|    1.904778|   -0.408555|    6.107098|
+-----------------------------------------------------------------------------+
|   Time_Iter|  Inner_Iter|    rms[Rho]|   rms[RhoE]|      rms[k]|      rms[w]|
+-----------------------------------------------------------------------------+
|         530|           0|   -1.500295|    4.586130|    2.403024|    6.112698|
|         530|          25|   -5.054028|    1.908556|   -0.389907|    6.136316|
|         530|          29|   -5.075144|    1.900049|   -0.438431|    6.138947|
+-----------------------------------------------------------------------+
|        File Writing Summary       |              Filename             |
+-----------------------------------------------------------------------+
|Paraview ASCII surface             |wall_npr20_production_cfl2_i30_from520_00530.vtk|
|CSV file                           |wall_npr20_production_cfl2_i30_from520_00530.csv|
+-----------------------------------------------------------------------+
+-----------------------------------------------------------------------------+
|   Time_Iter|  Inner_Iter|    rms[Rho]|   rms[RhoE]|      rms[k]|      rms[w]|
+-----------------------------------------------------------------------------+
|         531|           0|   -1.500392|    4.583983|    2.402800|    6.143998|
|         531|          25|   -5.065912|    1.904920|   -0.417851|    6.166821|
|         531|          29|   -5.085797|    1.896403|   -0.469529|    6.167965|
+-----------------------------------------------------------------------------+
|   Time_Iter|  Inner_Iter|    rms[Rho]|   rms[RhoE]|      rms[k]|      rms[w]|
+-----------------------------------------------------------------------------+
|         532|           0|   -1.500481|    4.584035|    2.402624|    6.172584|
|         532|          25|   -5.076366|    1.901247|   -0.446234|    6.181543|
|         532|          29|   -5.095293|    1.892697|   -0.500612|    6.179982|
+-----------------------------------------------------------------------------+
|   Time_Iter|  Inner_Iter|    rms[Rho]|   rms[RhoE]|      rms[k]|      rms[w]|
+-----------------------------------------------------------------------------+
|         533|           0|   -1.500568|    4.584370|    2.402518|    6.184300|
|         533|          25|   -5.085890|    1.897460|   -0.475206|    6.175575|
|         533|          29|   -5.103836|    1.889253|   -0.532219|    6.171270|
+-----------------------------------------------------------------------------+
|   Time_Iter|  Inner_Iter|    rms[Rho]|   rms[RhoE]|      rms[k]|      rms[w]|
+-----------------------------------------------------------------------------+
|         534|           0|   -1.500660|    4.584650|    2.402371|    6.175541|
|         534|          25|   -5.094158|    1.894900|   -0.504107|    6.151994|
|         534|          29|   -5.110937|    1.887367|   -0.563088|    6.145945|
+-----------------------------------------------------------------------------+
|   Time_Iter|  Inner_Iter|    rms[Rho]|   rms[RhoE]|      rms[k]|      rms[w]|
+-----------------------------------------------------------------------------+
|         535|           0|   -1.500749|    4.584408|    2.402261|    6.150502|
|         535|          25|   -5.100462|    1.894156|   -0.532748|    6.118881|
|         535|          29|   -5.115981|    1.887389|   -0.593778|    6.112446|
+-----------------------------------------------------------------------------+
|   Time_Iter|  Inner_Iter|    rms[Rho]|   rms[RhoE]|      rms[k]|      rms[w]|
+-----------------------------------------------------------------------------+
|         536|           0|   -1.500814|    4.584883|    2.402144|    6.117553|
|         536|          25|   -5.104768|    1.895122|   -0.560945|    6.087477|
|         536|          29|   -5.119428|    1.888649|   -0.624041|    6.081756|
+-----------------------------------------------------------------------------+
|   Time_Iter|  Inner_Iter|    rms[Rho]|   rms[RhoE]|      rms[k]|      rms[w]|
+-----------------------------------------------------------------------------+
|         537|           0|   -1.500893|    4.584023|    2.401966|    6.087387|
|         537|          25|   -5.108116|    1.896396|   -0.589010|    6.058029|
|         537|          29|   -5.122212|    1.889879|   -0.654227|    6.052321|
+-----------------------------------------------------------------------------+
|   Time_Iter|  Inner_Iter|    rms[Rho]|   rms[RhoE]|      rms[k]|      rms[w]|
+-----------------------------------------------------------------------------+
|         538|           0|   -1.500962|    4.583939|    2.401638|    6.058048|
|         538|          25|   -5.111859|    1.896213|   -0.617237|    6.034449|
|         538|          29|   -5.125870|    1.889257|   -0.684661|    6.030406|
+-----------------------------------------------------------------------------+
|   Time_Iter|  Inner_Iter|    rms[Rho]|   rms[RhoE]|      rms[k]|      rms[w]|
+-----------------------------------------------------------------------------+
|         539|           0|   -1.501026|    4.584916|    2.401116|    6.036278|
|         539|          25|   -5.112798|    1.898553|   -0.645513|    6.034729|
|         539|          29|   -5.125581|    1.892331|   -0.715358|    6.035217|
+-----------------------------------------------------------------------------+
|   Time_Iter|  Inner_Iter|    rms[Rho]|   rms[RhoE]|      rms[k]|      rms[w]|
+-----------------------------------------------------------------------------+
|         540|           0|   -1.501093|    4.585775|    2.400599|    6.041186|
|         540|          25|   -5.111644|    1.902264|   -0.674191|    6.065645|
|         540|          29|   -5.123987|    1.896023|   -0.746003|    6.068149|
+-----------------------------------------------------------------------+
|        File Writing Summary       |              Filename             |
+-----------------------------------------------------------------------+
|Paraview ASCII surface             |wall_npr20_production_cfl2_i30_from520_00540.vtk|
|CSV file                           |wall_npr20_production_cfl2_i30_from520_00540.csv|
+-----------------------------------------------------------------------+
+-----------------------------------------------------------------------------+
|   Time_Iter|  Inner_Iter|    rms[Rho]|   rms[RhoE]|      rms[k]|      rms[w]|
+-----------------------------------------------------------------------------+
|         541|           0|   -1.501172|    4.586262|    2.400050|    6.073650|
|         541|          25|   -5.106713|    1.909794|   -0.702729|    6.102726|
|         541|          29|   -5.117992|    1.904247|   -0.776514|    6.106852|
+-----------------------------------------------------------------------------+
|   Time_Iter|  Inner_Iter|    rms[Rho]|   rms[RhoE]|      rms[k]|      rms[w]|
+-----------------------------------------------------------------------------+
|         542|           0|   -1.501269|    4.585200|    2.399475|    6.112038|
|         542|          25|   -5.097742|    1.922394|   -0.730253|    6.152084|
|         542|          29|   -5.107952|    1.917639|   -0.805700|    6.157210|
+-----------------------------------------------------------------------------+
|   Time_Iter|  Inner_Iter|    rms[Rho]|   rms[RhoE]|      rms[k]|      rms[w]|
+-----------------------------------------------------------------------------+
|         543|           0|   -1.501374|    4.583260|    2.398935|    6.162394|
|         543|          25|   -5.087078|    1.938041|   -0.757482|    6.201545|
|         543|          29|   -5.096400|    1.933790|   -0.834482|    6.204852|
+-----------------------------------------------------------------------------+
|   Time_Iter|  Inner_Iter|    rms[Rho]|   rms[RhoE]|      rms[k]|      rms[w]|
+-----------------------------------------------------------------------------+
|         544|           0|   -1.501486|    4.580703|    2.398366|    6.209744|
|         544|          25|   -5.077262|    1.953032|   -0.783604|    6.228309|
|         544|          29|   -5.086221|    1.948635|   -0.862183|    6.226973|
+-----------------------------------------------------------------------------+
|   Time_Iter|  Inner_Iter|    rms[Rho]|   rms[RhoE]|      rms[k]|      rms[w]|
+-----------------------------------------------------------------------------+
|         545|           0|   -1.501581|    4.579765|    2.397557|    6.231480|
|         545|          25|   -5.071645|    1.962908|   -0.810823|    6.214877|
|         545|          29|   -5.080669|    1.957850|   -0.891702|    6.207405|
+-----------------------------------------------------------------------------+
|   Time_Iter|  Inner_Iter|    rms[Rho]|   rms[RhoE]|      rms[k]|      rms[w]|
+-----------------------------------------------------------------------------+
|         546|           0|   -1.501660|    4.580024|    2.396753|    6.211623|
|         546|          25|   -5.071853|    1.964830|   -0.839079|    6.158787|
|         546|          29|   -5.081244|    1.958761|   -0.921882|    6.146992|
+-----------------------------------------------------------------------------+
|   Time_Iter|  Inner_Iter|    rms[Rho]|   rms[RhoE]|      rms[k]|      rms[w]|
+-----------------------------------------------------------------------------+
|         547|           0|   -1.501728|    4.580571|    2.396027|    6.151737|
|         547|          25|   -5.076442|    1.960207|   -0.868375|    6.081565|
|         547|          29|   -5.086120|    1.953355|   -0.953651|    6.069064|
+-----------------------------------------------------------------------------+
|   Time_Iter|  Inner_Iter|    rms[Rho]|   rms[RhoE]|      rms[k]|      rms[w]|
+-----------------------------------------------------------------------------+
|         548|           0|   -1.501789|    4.581910|    2.395431|    6.074561|
|         548|          25|   -5.079232|    1.956103|   -0.897557|    6.005495|
|         548|          29|   -5.088338|    1.949560|   -0.984795|    5.998438|
+-----------------------------------------------------------------------------+
|   Time_Iter|  Inner_Iter|    rms[Rho]|   rms[RhoE]|      rms[k]|      rms[w]|
+-----------------------------------------------------------------------------+
|         549|           0|   -1.501863|    4.582005|    2.394975|    6.005171|
|         549|          25|   -5.080770|    1.954171|   -0.925351|    6.012130|
|         549|          29|   -5.089467|    1.948095|   -1.013771|    6.017359|
+-----------------------------------------------------------------------+
|        File Writing Summary       |              Filename             |
+-----------------------------------------------------------------------+
|SU2 binary restart                 |restart_npr20_production_cfl2_i30_from520_00549.dat|
+-----------------------------------------------------------------------+
+-----------------------------------------------------------------------------+
|   Time_Iter|  Inner_Iter|    rms[Rho]|   rms[RhoE]|      rms[k]|      rms[w]|
+-----------------------------------------------------------------------------+
|         550|           0|   -1.501925|    4.582991|    2.394499|    6.024156|
|         550|          25|   -5.073966|    1.961884|   -0.942091|    6.078219|
|         550|          29|   -5.080778|    1.957578|   -1.026328|    6.089335|
+-----------------------------------------------------------------------+
|        File Writing Summary       |              Filename             |
+-----------------------------------------------------------------------+
|SU2 binary restart                 |restart_npr20_production_cfl2_i30_from520_00550.dat|
|Paraview ASCII surface             |wall_npr20_production_cfl2_i30_from520_00550.vtk|
|CSV file                           |wall_npr20_production_cfl2_i30_from520_00550.csv|
+-----------------------------------------------------------------------+
+-----------------------------------------------------------------------------+
|   Time_Iter|  Inner_Iter|    rms[Rho]|   rms[RhoE]|      rms[k]|      rms[w]|
+-----------------------------------------------------------------------------+
|         551|           0|   -1.502009|    4.582820|    2.394110|    6.095442|
|         551|          25|   -5.059581|    1.978938|   -0.973690|    6.189801|
|         551|          29|   -5.065376|    1.975706|   -1.060934|    6.203856|
+-----------------------------------------------------------------------------+
|   Time_Iter|  Inner_Iter|    rms[Rho]|   rms[RhoE]|      rms[k]|      rms[w]|
+-----------------------------------------------------------------------------+
|         552|           0|   -1.502095|    4.582617|    2.393728|    6.209830|
|         552|          25|   -5.041065|    2.001777|   -0.994814|    6.297223|
|         552|          29|   -5.046189|    1.999054|   -1.080705|    6.305763|
+-----------------------------------------------------------------------------+
|   Time_Iter|  Inner_Iter|    rms[Rho]|   rms[RhoE]|      rms[k]|      rms[w]|
+-----------------------------------------------------------------------------+
|         553|           0|   -1.502200|    4.581964|    2.393307|    6.310753|
|         553|          25|   -5.026725|    2.020073|   -1.016530|    6.344526|
|         553|          29|   -5.032953|    2.015893|   -1.102019|    6.341979|
+-----------------------------------------------------------------------------+
|   Time_Iter|  Inner_Iter|    rms[Rho]|   rms[RhoE]|      rms[k]|      rms[w]|
+-----------------------------------------------------------------------------+
|         554|           0|   -1.502324|    4.579443|    2.392745|    6.345480|
|         554|          25|   -5.026309|    2.022891|   -1.040680|    6.303073|
|         554|          29|   -5.033829|    2.016862|   -1.127469|    6.289186|
+-----------------------------------------------------------------------------+
|   Time_Iter|  Inner_Iter|    rms[Rho]|   rms[RhoE]|      rms[k]|      rms[w]|
+-----------------------------------------------------------------------------+
|         555|           0|   -1.502441|    4.576947|    2.392203|    6.292099|
|         555|          25|   -5.034300|    2.013984|   -1.068492|    6.196111|
|         555|          29|   -5.042075|    2.007151|   -1.157860|    6.177512|
+-----------------------------------------------------------------------------+
|   Time_Iter|  Inner_Iter|    rms[Rho]|   rms[RhoE]|      rms[k]|      rms[w]|
+-----------------------------------------------------------------------------+
|         556|           0|   -1.502551|    4.574539|    2.391756|    6.181686|
|         556|          25|   -5.042379|    2.003114|   -1.096846|    6.072645|
|         556|          29|   -5.049188|    1.996961|   -1.188060|    6.054415|
+-----------------------------------------------------------------------------+
|   Time_Iter|  Inner_Iter|    rms[Rho]|   rms[RhoE]|      rms[k]|      rms[w]|
+-----------------------------------------------------------------------------+
|         557|           0|   -1.502616|    4.575356|    2.391357|    6.059756|
|         557|          25|   -5.044919|    1.998025|   -1.121682|    5.993565|
|         557|          29|   -5.051616|    1.992176|   -1.211725|    5.992700|
+-----------------------------------------------------------------------------+
|   Time_Iter|  Inner_Iter|    rms[Rho]|   rms[RhoE]|      rms[k]|      rms[w]|
+-----------------------------------------------------------------------------+
|         558|           0|   -1.502678|    4.576965|    2.390820|    6.002211|
|         558|          25|   -5.046077|    1.996794|   -1.139674|    6.051871|
|         558|          29|   -5.051632|    1.992309|   -1.225319|    6.064036|
+-----------------------------------------------------------------------------+
|   Time_Iter|  Inner_Iter|    rms[Rho]|   rms[RhoE]|      rms[k]|      rms[w]|
+-----------------------------------------------------------------------------+
|         559|           0|   -1.502748|    4.577743|    2.390095|    6.070689|
|         559|          25|   -5.034191|    2.010092|   -1.150370|    6.183232|
|         559|          29|   -5.038753|    2.006825|   -1.229468|    6.201364|
+-----------------------------------------------------------------------------+
|   Time_Iter|  Inner_Iter|    rms[Rho]|   rms[RhoE]|      rms[k]|      rms[w]|
+-----------------------------------------------------------------------------+
|         560|           0|   -1.502802|    4.580146|    2.389351|    6.207754|
|         560|          25|   -5.016401|    2.030947|   -1.156868|    6.322647|
|         560|          29|   -5.020508|    2.028188|   -1.229690|    6.335030|
+-----------------------------------------------------------------------+
|        File Writing Summary       |              Filename             |
+-----------------------------------------------------------------------+
|Paraview ASCII surface             |wall_npr20_production_cfl2_i30_from520_00560.vtk|
|CSV file                           |wall_npr20_production_cfl2_i30_from520_00560.csv|
+-----------------------------------------------------------------------+
+-----------------------------------------------------------------------------+
|   Time_Iter|  Inner_Iter|    rms[Rho]|   rms[RhoE]|      rms[k]|      rms[w]|
+-----------------------------------------------------------------------------+
|         561|           0|   -1.502890|    4.580814|    2.388619|    6.340306|
|         561|          25|   -5.003712|    2.046729|   -1.163576|    6.391585|
|         561|          29|   -5.009377|    2.042272|   -1.233269|    6.390685|
+-----------------------------------------------------------------------------+
|   Time_Iter|  Inner_Iter|    rms[Rho]|   rms[RhoE]|      rms[k]|      rms[w]|
+-----------------------------------------------------------------------------+
|         562|           0|   -1.502993|    4.580095|    2.387980|    6.393980|
|         562|          25|   -5.007381|    2.045081|   -1.175384|    6.352496|
|         562|          29|   -5.014654|    2.038603|   -1.245815|    6.337637|
+-----------------------------------------------------------------------------+
|   Time_Iter|  Inner_Iter|    rms[Rho]|   rms[RhoE]|      rms[k]|      rms[w]|
+-----------------------------------------------------------------------------+
|         563|           0|   -1.503104|    4.578849|    2.387410|    6.339872|
|         563|          25|   -5.018243|    2.032620|   -1.193520|    6.234917|
|         563|          29|   -5.025386|    2.025744|   -1.267385|    6.214710|
+-----------------------------------------------------------------------------+
|   Time_Iter|  Inner_Iter|    rms[Rho]|   rms[RhoE]|      rms[k]|      rms[w]|
+-----------------------------------------------------------------------------+
|         564|           0|   -1.503228|    4.576766|    2.386731|    6.218283|
|         564|          25|   -5.027049|    2.020307|   -1.216280|    6.098892|
|         564|          29|   -5.033086|    2.014383|   -1.292411|    6.079346|
+-----------------------------------------------------------------------------+
|   Time_Iter|  Inner_Iter|    rms[Rho]|   rms[RhoE]|      rms[k]|      rms[w]|
+-----------------------------------------------------------------------------+
|         565|           0|   -1.503355|    4.574680|    2.386112|    6.084308|
|         565|          25|   -5.030749|    2.013948|   -1.234574|    6.024084|
|         565|          29|   -5.038621|    2.006713|   -1.307951|    6.030364|
+-----------------------------------------------------------------------------+
|   Time_Iter|  Inner_Iter|    rms[Rho]|   rms[RhoE]|      rms[k]|      rms[w]|
+-----------------------------------------------------------------------------+
|         566|           0|   -1.503481|    4.572673|    2.385687|    6.038302|
|         566|          25|   -5.028738|    2.016276|   -1.242724|    6.099836|
|         566|          29|   -5.033411|    2.012288|   -1.309231|    6.114760|
+-----------------------------------------------------------------------------+
|   Time_Iter|  Inner_Iter|    rms[Rho]|   rms[RhoE]|      rms[k]|      rms[w]|
+-----------------------------------------------------------------------------+
|         567|           0|   -1.503603|    4.570470|    2.385394|    6.121308|
|         567|          25|   -5.015535|    2.030863|   -1.241450|    6.244175|
|         567|          29|   -5.019526|    2.027751|   -1.300036|    6.262185|
+-----------------------------------------------------------------------------+
|   Time_Iter|  Inner_Iter|    rms[Rho]|   rms[RhoE]|      rms[k]|      rms[w]|
+-----------------------------------------------------------------------------+
|         568|           0|   -1.503698|    4.570100|    2.385227|    6.268398|
|         568|          25|   -5.001826|    2.047067|   -1.236810|    6.368289|
|         568|          29|   -5.006421|    2.043398|   -1.289641|    6.376394|
+-----------------------------------------------------------------------------+
|   Time_Iter|  Inner_Iter|    rms[Rho]|   rms[RhoE]|      rms[k]|      rms[w]|
+-----------------------------------------------------------------------------+
|         569|           0|   -1.503782|    4.569996|    2.384993|    6.380887|
|         569|          25|   -4.999935|    2.051390|   -1.234448|    6.397614|
|         569|          29|   -5.006687|    2.045537|   -1.285726|    6.390190|
+-----------------------------------------------------------------------------+
|   Time_Iter|  Inner_Iter|    rms[Rho]|   rms[RhoE]|      rms[k]|      rms[w]|
+-----------------------------------------------------------------------------+
|         570|           0|   -1.503835|    4.571621|    2.384726|    6.392579|
|         570|          25|   -5.011191|    2.040827|   -1.238301|    6.318769|
|         570|          29|   -5.018468|    2.033861|   -1.291476|    6.300324|
+-----------------------------------------------------------------------+
|        File Writing Summary       |              Filename             |
+-----------------------------------------------------------------------+
|Paraview ASCII surface             |wall_npr20_production_cfl2_i30_from520_00570.vtk|
|CSV file                           |wall_npr20_production_cfl2_i30_from520_00570.csv|
+-----------------------------------------------------------------------+
+-----------------------------------------------------------------------------+
|   Time_Iter|  Inner_Iter|    rms[Rho]|   rms[RhoE]|      rms[k]|      rms[w]|
+-----------------------------------------------------------------------------+
|         571|           0|   -1.503886|    4.574113|    2.384494|    6.302637|
|         571|          25|   -5.022090|    2.027123|   -1.248769|    6.188132|
|         571|          29|   -5.028797|    2.020420|   -1.306032|    6.168710|
+-----------------------------------------------------------------------------+
|   Time_Iter|  Inner_Iter|    rms[Rho]|   rms[RhoE]|      rms[k]|      rms[w]|
+-----------------------------------------------------------------------------+
|         572|           0|   -1.503950|    4.576374|    2.384308|    6.172908|
|         572|          25|   -5.027665|    2.018191|   -1.264991|    6.061078|
|         572|          29|   -5.033596|    2.012433|   -1.324577|    6.050619|
+-----------------------------------------------------------------------------+
|   Time_Iter|  Inner_Iter|    rms[Rho]|   rms[RhoE]|      rms[k]|      rms[w]|
+-----------------------------------------------------------------------------+
|         573|           0|   -1.504036|    4.577703|    2.384055|    6.056910|
|         573|          25|   -5.030832|    2.014530|   -1.275598|    6.071952|
|         573|          29|   -5.035856|    2.009954|   -1.331982|    6.080846|
+-----------------------------------------------------------------------------+
|   Time_Iter|  Inner_Iter|    rms[Rho]|   rms[RhoE]|      rms[k]|      rms[w]|
+-----------------------------------------------------------------------------+
|         574|           0|   -1.504155|    4.576847|    2.383674|    6.087445|
|         574|          25|   -5.021330|    2.024607|   -1.276076|    6.186067|
|         574|          29|   -5.025386|    2.021141|   -1.326348|    6.203685|
+-----------------------------------------------------------------------------+
|   Time_Iter|  Inner_Iter|    rms[Rho]|   rms[RhoE]|      rms[k]|      rms[w]|
+-----------------------------------------------------------------------------+
|         575|           0|   -1.504297|    4.574027|    2.383249|    6.210013|
|         575|          25|   -5.008586|    2.039033|   -1.269091|    6.324030|
|         575|          29|   -5.012908|    2.035442|   -1.313675|    6.336701|
+-----------------------------------------------------------------------------+
|   Time_Iter|  Inner_Iter|    rms[Rho]|   rms[RhoE]|      rms[k]|      rms[w]|
+-----------------------------------------------------------------------------+
|         576|           0|   -1.504440|    4.571557|    2.382773|    6.341915|
|         576|          25|   -5.003400|    2.046382|   -1.261351|    6.393334|
|         576|          29|   -5.009498|    2.041012|   -1.303000|    6.392238|
+-----------------------------------------------------------------------------+
|   Time_Iter|  Inner_Iter|    rms[Rho]|   rms[RhoE]|      rms[k]|      rms[w]|
+-----------------------------------------------------------------------------+
|         577|           0|   -1.504589|    4.568356|    2.382275|    6.395293|
|         577|          25|   -5.013049|    2.038343|   -1.258093|    6.352674|
|         577|          29|   -5.020445|    2.031383|   -1.300568|    6.337800|
+-----------------------------------------------------------------------------+
|   Time_Iter|  Inner_Iter|    rms[Rho]|   rms[RhoE]|      rms[k]|      rms[w]|
+-----------------------------------------------------------------------------+
|         578|           0|   -1.504723|    4.565380|    2.381576|    6.339766|
|         578|          25|   -5.025434|    2.024343|   -1.261037|    6.236843|
|         578|          29|   -5.032139|    2.017622|   -1.306830|    6.217409|
+-----------------------------------------------------------------------------+
|   Time_Iter|  Inner_Iter|    rms[Rho]|   rms[RhoE]|      rms[k]|      rms[w]|
+-----------------------------------------------------------------------------+
|         579|           0|   -1.504829|    4.564181|    2.380972|    6.220720|
|         579|          25|   -5.032701|    2.013770|   -1.271652|    6.106668|
|         579|          29|   -5.038277|    2.008160|   -1.321599|    6.089361|
+-----------------------------------------------------------------------------+
|   Time_Iter|  Inner_Iter|    rms[Rho]|   rms[RhoE]|      rms[k]|      rms[w]|
+-----------------------------------------------------------------------------+
|         580|           0|   -1.504897|    4.565475|    2.380487|    6.093581|
|         580|          25|   -5.035569|    2.009253|   -1.283912|    6.064490|
|         580|          29|   -5.041296|    2.003978|   -1.333620|    6.069651|
+-----------------------------------------------------------------------+
|        File Writing Summary       |              Filename             |
+-----------------------------------------------------------------------+
|Paraview ASCII surface             |wall_npr20_production_cfl2_i30_from520_00580.vtk|
|CSV file                           |wall_npr20_production_cfl2_i30_from520_00580.csv|
+-----------------------------------------------------------------------+
+-----------------------------------------------------------------------------+
|   Time_Iter|  Inner_Iter|    rms[Rho]|   rms[RhoE]|      rms[k]|      rms[w]|
+-----------------------------------------------------------------------------+
|         581|           0|   -1.504947|    4.568264|    2.380017|    6.076395|
|         581|          25|   -5.029140|    2.015933|   -1.287718|    6.147462|
|         581|          29|   -5.033349|    2.012182|   -1.333315|    6.162713|
+-----------------------------------------------------------------------------+
|   Time_Iter|  Inner_Iter|    rms[Rho]|   rms[RhoE]|      rms[k]|      rms[w]|
+-----------------------------------------------------------------------------+
|         582|           0|   -1.505012|    4.570258|    2.379462|    6.168964|
|         582|          25|   -5.017559|    2.028480|   -1.283056|    6.281235|
|         582|          29|   -5.021819|    2.024808|   -1.323609|    6.295676|
+-----------------------------------------------------------------------------+
|   Time_Iter|  Inner_Iter|    rms[Rho]|   rms[RhoE]|      rms[k]|      rms[w]|
+-----------------------------------------------------------------------------+
|         583|           0|   -1.505090|    4.571131|    2.378811|    6.301214|
|         583|          25|   -5.011052|    2.036681|   -1.274322|    6.371163|
|         583|          29|   -5.016697|    2.031699|   -1.311292|    6.374372|
+-----------------------------------------------------------------------------+
|   Time_Iter|  Inner_Iter|    rms[Rho]|   rms[RhoE]|      rms[k]|      rms[w]|
+-----------------------------------------------------------------------------+
|         584|           0|   -1.505174|    4.572070|    2.378141|    6.378061|
|         584|          25|   -5.017888|    2.031576|   -1.268363|    6.362608|
|         584|          29|   -5.025146|    2.024874|   -1.305163|    6.351527|
+-----------------------------------------------------------------------------+
|   Time_Iter|  Inner_Iter|    rms[Rho]|   rms[RhoE]|      rms[k]|      rms[w]|
+-----------------------------------------------------------------------------+
|         585|           0|   -1.505289|    4.571011|    2.377550|    6.353584|
|         585|          25|   -5.030719|    2.018067|   -1.267413|    6.265997|
|         585|          29|   -5.037629|    2.011263|   -1.306754|    6.248092|
+-----------------------------------------------------------------------------+
|   Time_Iter|  Inner_Iter|    rms[Rho]|   rms[RhoE]|      rms[k]|      rms[w]|
+-----------------------------------------------------------------------------+
|         586|           0|   -1.505416|    4.568779|    2.376969|    6.250896|
|         586|          25|   -5.038539|    2.007256|   -1.273381|    6.142021|
|         586|          29|   -5.044813|    2.000958|   -1.316807|    6.123536|
+-----------------------------------------------------------------------------+
|   Time_Iter|  Inner_Iter|    rms[Rho]|   rms[RhoE]|      rms[k]|      rms[w]|
+-----------------------------------------------------------------------------+
|         587|           0|   -1.505528|    4.567786|    2.376354|    6.127466|
|         587|          25|   -5.038870|    2.004734|   -1.284145|    6.058941|
|         587|          29|   -5.045495|    1.998386|   -1.328969|    6.064977|
+-----------------------------------------------------------------------------+
|   Time_Iter|  Inner_Iter|    rms[Rho]|   rms[RhoE]|      rms[k]|      rms[w]|
+-----------------------------------------------------------------------------+
|         588|           0|   -1.505643|    4.567112|    2.375752|    6.072843|
|         588|          25|   -5.035375|    2.008121|   -1.289708|    6.126109|
|         588|          29|   -5.039483|    2.004429|   -1.332095|    6.138509|
+-----------------------------------------------------------------------------+
|   Time_Iter|  Inner_Iter|    rms[Rho]|   rms[RhoE]|      rms[k]|      rms[w]|
+-----------------------------------------------------------------------------+
|         589|           0|   -1.505771|    4.565560|    2.375187|    6.144562|
|         589|          25|   -5.024642|    2.019337|   -1.286951|    6.249284|
|         589|          29|   -5.028984|    2.015540|   -1.325397|    6.264078|
+-----------------------------------------------------------------------------+
|   Time_Iter|  Inner_Iter|    rms[Rho]|   rms[RhoE]|      rms[k]|      rms[w]|
+-----------------------------------------------------------------------------+
|         590|           0|   -1.505894|    4.563996|    2.374636|    6.269723|
|         590|          25|   -5.018062|    2.027147|   -1.279899|    6.348925|
|         590|          29|   -5.023551|    2.022288|   -1.315043|    6.354036|
+-----------------------------------------------------------------------+
|        File Writing Summary       |              Filename             |
+-----------------------------------------------------------------------+
|Paraview ASCII surface             |wall_npr20_production_cfl2_i30_from520_00590.vtk|
|CSV file                           |wall_npr20_production_cfl2_i30_from520_00590.csv|
+-----------------------------------------------------------------------+
+-----------------------------------------------------------------------------+
|   Time_Iter|  Inner_Iter|    rms[Rho]|   rms[RhoE]|      rms[k]|      rms[w]|
+-----------------------------------------------------------------------------+
|         591|           0|   -1.505998|    4.562843|    2.374187|    6.357983|
|         591|          25|   -5.023162|    2.023494|   -1.272477|    6.360869|
|         591|          29|   -5.030314|    2.016987|   -1.306645|    6.352695|
+-----------------------------------------------------------------------------+
|   Time_Iter|  Inner_Iter|    rms[Rho]|   rms[RhoE]|      rms[k]|      rms[w]|
+-----------------------------------------------------------------------------+
|         592|           0|   -1.506079|    4.563662|    2.373810|    6.354942|
|         592|          25|   -5.035441|    2.011059|   -1.269361|    6.281984|
|         592|          29|   -5.042586|    2.004139|   -1.305246|    6.265095|
+-----------------------------------------------------------------------------+
|   Time_Iter|  Inner_Iter|    rms[Rho]|   rms[RhoE]|      rms[k]|      rms[w]|
+-----------------------------------------------------------------------------+
|         593|           0|   -1.506166|    4.564083|    2.373484|    6.267635|
|         593|          25|   -5.043403|    2.000424|   -1.272849|    6.165351|
|         593|          29|   -5.049661|    1.994210|   -1.312011|    6.147138|
+-----------------------------------------------------------------------------+
|   Time_Iter|  Inner_Iter|    rms[Rho]|   rms[RhoE]|      rms[k]|      rms[w]|
+-----------------------------------------------------------------------------+
|         594|           0|   -1.506250|    4.564262|    2.373130|    6.150578|
|         594|          25|   -5.044941|    1.996596|   -1.281690|    6.071272|
|         594|          29|   -5.049428|    1.992401|   -1.322970|    6.067223|
+-----------------------------------------------------------------------------+
|   Time_Iter|  Inner_Iter|    rms[Rho]|   rms[RhoE]|      rms[k]|      rms[w]|
+-----------------------------------------------------------------------------+
|         595|           0|   -1.506321|    4.565518|    2.372758|    6.072924|
|         595|          25|   -5.039265|    2.001871|   -1.286477|    6.122532|
|         595|          29|   -5.043851|    1.997701|   -1.326612|    6.133064|
+-----------------------------------------------------------------------------+
|   Time_Iter|  Inner_Iter|    rms[Rho]|   rms[RhoE]|      rms[k]|      rms[w]|
+-----------------------------------------------------------------------------+
|         596|           0|   -1.506405|    4.566593|    2.372379|    6.138913|
|         596|          25|   -5.028954|    2.012313|   -1.285145|    6.234219|
|         596|          29|   -5.033460|    2.008374|   -1.322419|    6.248574|
+-----------------------------------------------------------------------------+
|   Time_Iter|  Inner_Iter|    rms[Rho]|   rms[RhoE]|      rms[k]|      rms[w]|
+-----------------------------------------------------------------------------+
|         597|           0|   -1.506509|    4.566670|    2.371964|    6.254169|
|         597|          25|   -5.023209|    2.018973|   -1.279548|    6.333894|
|         597|          29|   -5.028808|    2.014026|   -1.313854|    6.339666|
+-----------------------------------------------------------------------------+
|   Time_Iter|  Inner_Iter|    rms[Rho]|   rms[RhoE]|      rms[k]|      rms[w]|
+-----------------------------------------------------------------------------+
|         598|           0|   -1.506628|    4.565672|    2.371558|    6.343660|
|         598|          25|   -5.028066|    2.015211|   -1.272595|    6.353270|
|         598|          29|   -5.035247|    2.008740|   -1.305535|    6.346355|
+-----------------------------------------------------------------------------+
|   Time_Iter|  Inner_Iter|    rms[Rho]|   rms[RhoE]|      rms[k]|      rms[w]|
+-----------------------------------------------------------------------------+
|         599|           0|   -1.506758|    4.563223|    2.371188|    6.348706|
|         599|          25|   -5.039835|    2.003350|   -1.268867|    6.284415|
|         599|          29|   -5.047095|    1.996437|   -1.302914|    6.268504|
+-----------------------------------------------------------------------+
|        File Writing Summary       |              Filename             |
+-----------------------------------------------------------------------+
|SU2 binary restart                 |restart_npr20_production_cfl2_i30_from520_00599.dat|
+-----------------------------------------------------------------------+
+-----------------------------------------------------------------------------+
|   Time_Iter|  Inner_Iter|    rms[Rho]|   rms[RhoE]|      rms[k]|      rms[w]|
+-----------------------------------------------------------------------------+
|         600|           0|   -1.506874|    4.561759|    2.370902|    6.270891|
|         600|          25|   -5.047183|    1.993568|   -1.270855|    6.174376|
|         600|          29|   -5.053444|    1.987475|   -1.307447|    6.156678|
+-----------------------------------------------------------------------+
|        File Writing Summary       |              Filename             |
+-----------------------------------------------------------------------+
|SU2 binary restart                 |restart_npr20_production_cfl2_i30_from520_00600.dat|
|Paraview ASCII                     |flow_npr20_production_cfl2_i30_from520_00600.vtk|
|Paraview ASCII surface             |wall_npr20_production_cfl2_i30_from520_00600.vtk|
|CSV file                           |wall_npr20_production_cfl2_i30_from520_00600.csv|
+-----------------------------------------------------------------------+
+-----------------------------------------------------------------------------+
|   Time_Iter|  Inner_Iter|    rms[Rho]|   rms[RhoE]|      rms[k]|      rms[w]|
+-----------------------------------------------------------------------------+
|         601|           0|   -1.506983|    4.560560|    2.370645|    6.159802|
|         601|          25|   -5.048486|    1.990208|   -1.277016|    6.084411|
|         601|          29|   -5.053090|    1.986024|   -1.315697|    6.080649|
+-----------------------------------------------------------------------------+
|   Time_Iter|  Inner_Iter|    rms[Rho]|   rms[RhoE]|      rms[k]|      rms[w]|
+-----------------------------------------------------------------------------+
|         602|           0|   -1.507071|    4.560262|    2.370405|    6.085896|
|         602|          25|   -5.041908|    1.996377|   -1.280999|    6.133270|
|         602|          29|   -5.046203|    1.992607|   -1.319118|    6.143221|
+-----------------------------------------------------------------------------+
|   Time_Iter|  Inner_Iter|    rms[Rho]|   rms[RhoE]|      rms[k]|      rms[w]|
+-----------------------------------------------------------------------------+
|         603|           0|   -1.507142|    4.561525|    2.370205|    6.148913|
|         603|          25|   -5.031742|    2.006529|   -1.280321|    6.238184|
|         603|          29|   -5.036426|    2.002494|   -1.316470|    6.251273|
+-----------------------------------------------------------------------------+
|   Time_Iter|  Inner_Iter|    rms[Rho]|   rms[RhoE]|      rms[k]|      rms[w]|
+-----------------------------------------------------------------------------+
|         604|           0|   -1.507219|    4.563129|    2.370018|    6.256640|
|         604|          25|   -5.027214|    2.011760|   -1.276123|    6.328561|
|         604|          29|   -5.033139|    2.006541|   -1.309829|    6.333255|
+-----------------------------------------------------------------------------+
|   Time_Iter|  Inner_Iter|    rms[Rho]|   rms[RhoE]|      rms[k]|      rms[w]|
+-----------------------------------------------------------------------------+
|         605|           0|   -1.507310|    4.564036|    2.369788|    6.337063|
|         605|          25|   -5.033304|    2.006492|   -1.270383|    6.341762|
|         605|          29|   -5.040621|    1.999911|   -1.302746|    6.334721|
+-----------------------------------------------------------------------------+
|   Time_Iter|  Inner_Iter|    rms[Rho]|   rms[RhoE]|      rms[k]|      rms[w]|
+-----------------------------------------------------------------------------+
|         606|           0|   -1.507422|    4.563278|    2.369600|    6.337021|
|         606|          25|   -5.044678|    1.994702|   -1.266959|    6.273012|
|         606|          29|   -5.051857|    1.987941|   -1.299969|    6.258404|
+-----------------------------------------------------------------------------+
|   Time_Iter|  Inner_Iter|    rms[Rho]|   rms[RhoE]|      rms[k]|      rms[w]|
+-----------------------------------------------------------------------------+
|         607|           0|   -1.507543|    4.561174|    2.369425|    6.260779|
|         607|          25|   -5.050616|    1.986415|   -1.268119|    6.167130|
|         607|          29|   -5.056790|    1.980539|   -1.303162|    6.150480|
+-----------------------------------------------------------------------------+
|   Time_Iter|  Inner_Iter|    rms[Rho]|   rms[RhoE]|      rms[k]|      rms[w]|
+-----------------------------------------------------------------------------+
|         608|           0|   -1.507653|    4.560197|    2.369276|    6.153703|
|         608|          25|   -5.050011|    1.985474|   -1.272346|    6.097340|
|         608|          29|   -5.056129|    1.979937|   -1.307795|    6.103211|
+-----------------------------------------------------------------------------+
|   Time_Iter|  Inner_Iter|    rms[Rho]|   rms[RhoE]|      rms[k]|      rms[w]|
+-----------------------------------------------------------------------------+
|         609|           0|   -1.507772|    4.559074|    2.369113|    6.109977|
|         609|          25|   -5.042771|    1.992458|   -1.275373|    6.157676|
|         609|          29|   -5.047051|    1.988801|   -1.311860|    6.167751|
+-----------------------------------------------------------------------------+
|   Time_Iter|  Inner_Iter|    rms[Rho]|   rms[RhoE]|      rms[k]|      rms[w]|
+-----------------------------------------------------------------------------+
|         610|           0|   -1.507884|    4.558111|    2.368931|    6.173166|
|         610|          25|   -5.033794|    2.001456|   -1.275078|    6.258031|
|         610|          29|   -5.038887|    1.997090|   -1.309961|    6.269110|
+-----------------------------------------------------------------------+
|        File Writing Summary       |              Filename             |
+-----------------------------------------------------------------------+
|Paraview ASCII surface             |wall_npr20_production_cfl2_i30_from520_00610.vtk|
|CSV file                           |wall_npr20_production_cfl2_i30_from520_00610.csv|
+-----------------------------------------------------------------------+
+-----------------------------------------------------------------------------+
|   Time_Iter|  Inner_Iter|    rms[Rho]|   rms[RhoE]|      rms[k]|      rms[w]|
+-----------------------------------------------------------------------------+
|         611|           0|   -1.507982|    4.557978|    2.368827|    6.274066|
|         611|          25|   -5.032146|    2.003700|   -1.271635|    6.329763|
|         611|          29|   -5.038501|    1.998101|   -1.304654|    6.332119|
+-----------------------------------------------------------------------------+
|   Time_Iter|  Inner_Iter|    rms[Rho]|   rms[RhoE]|      rms[k]|      rms[w]|
+-----------------------------------------------------------------------------+
|         612|           0|   -1.508071|    4.558749|    2.368807|    6.335607|
|         612|          25|   -5.040265|    1.996103|   -1.267486|    6.324820|
|         612|          29|   -5.047743|    1.989336|   -1.299387|    6.315874|
+-----------------------------------------------------------------------------+
|   Time_Iter|  Inner_Iter|    rms[Rho]|   rms[RhoE]|      rms[k]|      rms[w]|
+-----------------------------------------------------------------------------+
|         613|           0|   -1.508159|    4.559684|    2.368792|    6.317974|
|         613|          25|   -5.050684|    1.984737|   -1.265112|    6.249522|
|         613|          29|   -5.057587|    1.978273|   -1.297602|    6.234931|
+-----------------------------------------------------------------------------+
|   Time_Iter|  Inner_Iter|    rms[Rho]|   rms[RhoE]|      rms[k]|      rms[w]|
+-----------------------------------------------------------------------------+
|         614|           0|   -1.508257|    4.559813|    2.368741|    6.237399|
|         614|          25|   -5.054310|    1.978879|   -1.266004|    6.146456|
|         614|          29|   -5.060474|    1.973200|   -1.300195|    6.132138|
+-----------------------------------------------------------------------------+
|   Time_Iter|  Inner_Iter|    rms[Rho]|   rms[RhoE]|      rms[k]|      rms[w]|
+-----------------------------------------------------------------------------+
|         615|           0|   -1.508359|    4.559199|    2.368706|    6.135721|
|         615|          25|   -5.052450|    1.979963|   -1.269992|    6.128097|
|         615|          29|   -5.057280|    1.975859|   -1.310171|    6.132573|
+-----------------------------------------------------------------------------+
|   Time_Iter|  Inner_Iter|    rms[Rho]|   rms[RhoE]|      rms[k]|      rms[w]|
+-----------------------------------------------------------------------------+
|         616|           0|   -1.508456|    4.559707|    2.368675|    6.137905|
|         616|          25|   -5.042855|    1.989264|   -1.280809|    6.194616|
|         616|          29|   -5.047437|    1.985388|   -1.317603|    6.205419|
+-----------------------------------------------------------------------------+
|   Time_Iter|  Inner_Iter|    rms[Rho]|   rms[RhoE]|      rms[k]|      rms[w]|
+-----------------------------------------------------------------------------+
|         617|           0|   -1.508572|    4.559171|    2.368638|    6.210648|
|         617|          25|   -5.037114|    1.995150|   -1.280541|    6.285586|
|         617|          29|   -5.042742|    1.990316|   -1.316014|    6.293326|
+-----------------------------------------------------------------------------+
|   Time_Iter|  Inner_Iter|    rms[Rho]|   rms[RhoE]|      rms[k]|      rms[w]|
+-----------------------------------------------------------------------------+
|         618|           0|   -1.508696|    4.558000|    2.368578|    6.297649|
|         618|          25|   -5.039524|    1.993178|   -1.277892|    6.329235|
|         618|          29|   -5.046523|    1.986961|   -1.311828|    6.327218|
+-----------------------------------------------------------------------------+
|   Time_Iter|  Inner_Iter|    rms[Rho]|   rms[RhoE]|      rms[k]|      rms[w]|
+-----------------------------------------------------------------------------+
|         619|           0|   -1.508814|    4.557193|    2.368551|    6.330026|
|         619|          25|   -5.049667|    1.983124|   -1.275081|    6.296132|
|         619|          29|   -5.057096|    1.976345|   -1.308229|    6.284459|
+-----------------------------------------------------------------------------+
|   Time_Iter|  Inner_Iter|    rms[Rho]|   rms[RhoE]|      rms[k]|      rms[w]|
+-----------------------------------------------------------------------------+
|         620|           0|   -1.508929|    4.557060|    2.368522|    6.286431|
|         620|          25|   -5.057329|    1.973958|   -1.274101|    6.211863|
|         620|          29|   -5.063759|    1.967999|   -1.308043|    6.196421|
+-----------------------------------------------------------------------+
|        File Writing Summary       |              Filename             |
+-----------------------------------------------------------------------+
|Paraview ASCII surface             |wall_npr20_production_cfl2_i30_from520_00620.vtk|
|CSV file                           |wall_npr20_production_cfl2_i30_from520_00620.csv|
+-----------------------------------------------------------------------+
+-----------------------------------------------------------------------------+
|   Time_Iter|  Inner_Iter|    rms[Rho]|   rms[RhoE]|      rms[k]|      rms[w]|
+-----------------------------------------------------------------------------+
|         621|           0|   -1.509047|    4.556709|    2.368478|    6.198774|
|         621|          25|   -5.057909|    1.971698|   -1.275384|    6.129462|
|         621|          29|   -5.063365|    1.966900|   -1.310917|    6.125355|
+-----------------------------------------------------------------------------+
|   Time_Iter|  Inner_Iter|    rms[Rho]|   rms[RhoE]|      rms[k]|      rms[w]|
+-----------------------------------------------------------------------------+
|         622|           0|   -1.509172|    4.555389|    2.368499|    6.130092|
|         622|          25|   -5.052561|    1.976730|   -1.278469|    6.161911|
|         622|          29|   -5.057235|    1.972805|   -1.314797|    6.168710|
+-----------------------------------------------------------------------------+
|   Time_Iter|  Inner_Iter|    rms[Rho]|   rms[RhoE]|      rms[k]|      rms[w]|
+-----------------------------------------------------------------------------+
|         623|           0|   -1.509286|    4.554160|    2.368533|    6.173725|
|         623|          25|   -5.044103|    1.984936|   -1.281334|    6.240382|
|         623|          29|   -5.049447|    1.980386|   -1.317188|    6.249921|
+-----------------------------------------------------------------------------+
|   Time_Iter|  Inner_Iter|    rms[Rho]|   rms[RhoE]|      rms[k]|      rms[w]|
+-----------------------------------------------------------------------------+
|         624|           0|   -1.509375|    4.555205|    2.368640|    6.254686|
|         624|          25|   -5.043402|    1.985911|   -1.280365|    6.308026|
|         624|          29|   -5.049815|    1.980352|   -1.314918|    6.311064|
+-----------------------------------------------------------------------------+
|   Time_Iter|  Inner_Iter|    rms[Rho]|   rms[RhoE]|      rms[k]|      rms[w]|
+-----------------------------------------------------------------------------+
|         625|           0|   -1.509469|    4.556271|    2.368785|    6.314634|
|         625|          25|   -5.050617|    1.979004|   -1.254396|    6.313617|
|         625|          29|   -5.058018|    1.972435|   -1.284119|    6.306779|
+-----------------------------------------------------------------------------+
|   Time_Iter|  Inner_Iter|    rms[Rho]|   rms[RhoE]|      rms[k]|      rms[w]|
+-----------------------------------------------------------------------------+
|         626|           0|   -1.509568|    4.556894|    2.368969|    6.309024|
|         626|          25|   -5.060355|    1.968642|   -1.277265|    6.254452|
|         626|          29|   -5.067319|    1.962303|   -1.310655|    6.241696|
+-----------------------------------------------------------------------------+
|   Time_Iter|  Inner_Iter|    rms[Rho]|   rms[RhoE]|      rms[k]|      rms[w]|
+-----------------------------------------------------------------------------+
|         627|           0|   -1.509673|    4.557154|    2.369101|    6.243898|
|         627|          25|   -5.063542|    1.963703|   -1.277774|    6.163706|
|         627|          29|   -5.069533|    1.958345|   -1.312335|    6.151691|
+-----------------------------------------------------------------------------+
|   Time_Iter|  Inner_Iter|    rms[Rho]|   rms[RhoE]|      rms[k]|      rms[w]|
+-----------------------------------------------------------------------------+
|         628|           0|   -1.509790|    4.557070|    2.369253|    6.155074|
|         628|          25|   -5.061131|    1.965372|   -1.280375|    6.151628|
|         628|          29|   -5.066058|    1.961278|   -1.316214|    6.155246|
+-----------------------------------------------------------------------------+
|   Time_Iter|  Inner_Iter|    rms[Rho]|   rms[RhoE]|      rms[k]|      rms[w]|
+-----------------------------------------------------------------------------+
|         629|           0|   -1.509919|    4.556246|    2.369404|    6.160139|
|         629|          25|   -5.052822|    1.973333|   -1.283376|    6.207680|
|         629|          29|   -5.057738|    1.969243|   -1.319404|    6.216324|
+-----------------------------------------------------------------------------+
|   Time_Iter|  Inner_Iter|    rms[Rho]|   rms[RhoE]|      rms[k]|      rms[w]|
+-----------------------------------------------------------------------------+
|         630|           0|   -1.510055|    4.554624|    2.369541|    6.221161|
|         630|          25|   -5.049825|    1.976375|   -1.263618|    6.281229|
|         630|          29|   -5.055833|    1.971278|   -1.298527|    6.286861|
+-----------------------------------------------------------------------+
|        File Writing Summary       |              Filename             |
+-----------------------------------------------------------------------+
|Paraview ASCII surface             |wall_npr20_production_cfl2_i30_from520_00630.vtk|
|CSV file                           |wall_npr20_production_cfl2_i30_from520_00630.csv|
+-----------------------------------------------------------------------+
+-----------------------------------------------------------------------------+
|   Time_Iter|  Inner_Iter|    rms[Rho]|   rms[RhoE]|      rms[k]|      rms[w]|
+-----------------------------------------------------------------------------+
|         631|           0|   -1.510185|    4.553133|    2.369701|    6.290847|
|         631|          25|   -5.054195|    1.972298|   -1.283115|    6.312109|
|         631|          29|   -5.061376|    1.966017|   -1.317167|    6.309007|
+-----------------------------------------------------------------------------+
|   Time_Iter|  Inner_Iter|    rms[Rho]|   rms[RhoE]|      rms[k]|      rms[w]|
+-----------------------------------------------------------------------------+
|         632|           0|   -1.510300|    4.553231|    2.369878|    6.311568|
|         632|          25|   -5.063887|    1.962563|   -1.282254|    6.275931|
|         632|          29|   -5.071197|    1.956049|   -1.315807|    6.265967|
+-----------------------------------------------------------------------------+
|   Time_Iter|  Inner_Iter|    rms[Rho]|   rms[RhoE]|      rms[k]|      rms[w]|
+-----------------------------------------------------------------------------+
|         633|           0|   -1.510425|    4.552673|    2.370031|    6.268271|
|         633|          25|   -5.069408|    1.955723|   -1.282106|    6.198388|
|         633|          29|   -5.075548|    1.950249|   -1.316252|    6.185467|
+-----------------------------------------------------------------------------+
|   Time_Iter|  Inner_Iter|    rms[Rho]|   rms[RhoE]|      rms[k]|      rms[w]|
+-----------------------------------------------------------------------------+
|         634|           0|   -1.510536|    4.552708|    2.370178|    6.188143|
|         634|          25|   -5.067432|    1.956503|   -1.283978|    6.145394|
|         634|          29|   -5.073474|    1.951287|   -1.319235|    6.148781|
+-----------------------------------------------------------------------------+
|   Time_Iter|  Inner_Iter|    rms[Rho]|   rms[RhoE]|      rms[k]|      rms[w]|
+-----------------------------------------------------------------------------+
|         635|           0|   -1.510635|    4.553223|    2.370395|    6.154944|
|         635|          25|   -5.061833|    1.961784|   -1.286854|    6.189302|
|         635|          29|   -5.066698|    1.957803|   -1.322870|    6.195676|
+-----------------------------------------------------------------------------+
|   Time_Iter|  Inner_Iter|    rms[Rho]|   rms[RhoE]|      rms[k]|      rms[w]|
+-----------------------------------------------------------------------------+
|         636|           0|   -1.510726|    4.554410|    2.370704|    6.200275|
|         636|          25|   -5.057223|    1.966219|   -1.288729|    6.256732|
|         636|          29|   -5.063071|    1.961338|   -1.324378|    6.263427|
+-----------------------------------------------------------------------------+
|   Time_Iter|  Inner_Iter|    rms[Rho]|   rms[RhoE]|      rms[k]|      rms[w]|
+-----------------------------------------------------------------------------+
|         637|           0|   -1.510824|    4.555352|    2.371061|    6.267652|
|         637|          25|   -5.059586|    1.964143|   -1.286074|    6.301666|
|         637|          29|   -5.066472|    1.958243|   -1.321089|    6.301550|
+-----------------------------------------------------------------------------+
|   Time_Iter|  Inner_Iter|    rms[Rho]|   rms[RhoE]|      rms[k]|      rms[w]|
+-----------------------------------------------------------------------------+
|         638|           0|   -1.510939|    4.554979|    2.371417|    6.304608|
|         638|          25|   -5.068141|    1.955800|   -1.288212|    6.286782|
|         638|          29|   -5.075575|    1.949303|   -1.322186|    6.278114|
+-----------------------------------------------------------------------------+
|   Time_Iter|  Inner_Iter|    rms[Rho]|   rms[RhoE]|      rms[k]|      rms[w]|
+-----------------------------------------------------------------------------+
|         639|           0|   -1.511056|    4.554086|    2.371811|    6.280221|
|         639|          25|   -5.075317|    1.947777|   -1.287889|    6.223107|
|         639|          29|   -5.081845|    1.942030|   -1.322083|    6.210069|
+-----------------------------------------------------------------------------+
|   Time_Iter|  Inner_Iter|    rms[Rho]|   rms[RhoE]|      rms[k]|      rms[w]|
+-----------------------------------------------------------------------------+
|         640|           0|   -1.511168|    4.554337|    2.372214|    6.212217|
|         640|          25|   -5.074688|    1.947074|   -1.289282|    6.154572|
|         640|          29|   -5.080152|    1.942469|   -1.324354|    6.150597|
+-----------------------------------------------------------------------+
|        File Writing Summary       |              Filename             |
+-----------------------------------------------------------------------+
|Paraview ASCII surface             |wall_npr20_production_cfl2_i30_from520_00640.vtk|
|CSV file                           |wall_npr20_production_cfl2_i30_from520_00640.csv|
+-----------------------------------------------------------------------+
+-----------------------------------------------------------------------------+
|   Time_Iter|  Inner_Iter|    rms[Rho]|   rms[RhoE]|      rms[k]|      rms[w]|
+-----------------------------------------------------------------------------+
|         641|           0|   -1.511291|    4.554125|    2.372626|    6.154797|
|         641|          25|   -5.070133|    1.951194|   -1.291925|    6.179204|
|         641|          29|   -5.075194|    1.947076|   -1.327853|    6.183844|
+-----------------------------------------------------------------------------+
|   Time_Iter|  Inner_Iter|    rms[Rho]|   rms[RhoE]|      rms[k]|      rms[w]|
+-----------------------------------------------------------------------------+
|         642|           0|   -1.511411|    4.553966|    2.373011|    6.188386|
|         642|          25|   -5.064706|    1.956288|   -1.220010|    6.236797|
|         642|          29|   -5.070430|    1.951578|   -1.245237|    6.243623|
+-----------------------------------------------------------------------------+
|   Time_Iter|  Inner_Iter|    rms[Rho]|   rms[RhoE]|      rms[k]|      rms[w]|
+-----------------------------------------------------------------------------+
|         643|           0|   -1.511536|    4.553327|    2.373430|    6.247953|
|         643|          25|   -5.065689|    1.955528|   -1.294982|    6.288265|
|         643|          29|   -5.072337|    1.949942|   -1.330145|    6.290243|
+-----------------------------------------------------------------------------+
|   Time_Iter|  Inner_Iter|    rms[Rho]|   rms[RhoE]|      rms[k]|      rms[w]|
+-----------------------------------------------------------------------------+
|         644|           0|   -1.511661|    4.552543|    2.373913|    6.293645|
|         644|          25|   -5.072905|    1.948609|   -1.294838|    6.289823|
|         644|          29|   -5.080327|    1.942250|   -1.329291|    6.283401|
+-----------------------------------------------------------------------------+
|   Time_Iter|  Inner_Iter|    rms[Rho]|   rms[RhoE]|      rms[k]|      rms[w]|
+-----------------------------------------------------------------------------+
|         645|           0|   -1.511783|    4.551984|    2.374429|    6.285676|
|         645|          25|   -5.080942|    1.940110|   -1.293898|    6.239258|
|         645|          29|   -5.087722|    1.934238|   -1.328145|    6.227614|
+-----------------------------------------------------------------------------+
|   Time_Iter|  Inner_Iter|    rms[Rho]|   rms[RhoE]|      rms[k]|      rms[w]|
+-----------------------------------------------------------------------------+
|         646|           0|   -1.511907|    4.550934|    2.374942|    6.229750|
|         646|          25|   -5.081517|    1.938175|   -1.295789|    6.165930|
|         646|          29|   -5.087247|    1.933370|   -1.330906|    6.158991|
+-----------------------------------------------------------------------------+
|   Time_Iter|  Inner_Iter|    rms[Rho]|   rms[RhoE]|      rms[k]|      rms[w]|
+-----------------------------------------------------------------------------+
|         647|           0|   -1.512019|    4.550305|    2.375406|    6.162684|
|         647|          25|   -5.077712|    1.941412|   -1.298205|    6.172934|
|         647|          29|   -5.082968|    1.937180|   -1.334199|    6.176187|
+-----------------------------------------------------------------------------+
|   Time_Iter|  Inner_Iter|    rms[Rho]|   rms[RhoE]|      rms[k]|      rms[w]|
+-----------------------------------------------------------------------------+
|         648|           0|   -1.512110|    4.551671|    2.375888|    6.180666|
|         648|          25|   -5.072109|    1.946601|   -1.300432|    6.220516|
|         648|          29|   -5.077747|    1.942027|   -1.336647|    6.226764|
+-----------------------------------------------------------------------------+
|   Time_Iter|  Inner_Iter|    rms[Rho]|   rms[RhoE]|      rms[k]|      rms[w]|
+-----------------------------------------------------------------------------+
|         649|           0|   -1.512213|    4.552299|    2.376409|    6.231095|
|         649|          25|   -5.071949|    1.946886|   -1.301623|    6.274442|
|         649|          29|   -5.078462|    1.941517|   -1.337242|    6.277468|
+-----------------------------------------------------------------------+
|        File Writing Summary       |              Filename             |
+-----------------------------------------------------------------------+
|SU2 binary restart                 |restart_npr20_production_cfl2_i30_from520_00649.dat|
+-----------------------------------------------------------------------+
+-----------------------------------------------------------------------------+
|   Time_Iter|  Inner_Iter|    rms[Rho]|   rms[RhoE]|      rms[k]|      rms[w]|
+-----------------------------------------------------------------------------+
|         650|           0|   -1.512320|    4.552409|    2.376948|    6.281068|
|         650|          25|   -5.077855|    1.941275|   -1.301838|    6.288342|
|         650|          29|   -5.085261|    1.935058|   -1.336823|    6.283984|
+-----------------------------------------------------------------------+
|        File Writing Summary       |              Filename             |
+-----------------------------------------------------------------------+
|SU2 binary restart                 |restart_npr20_production_cfl2_i30_from520_00650.dat|
|Paraview ASCII surface             |wall_npr20_production_cfl2_i30_from520_00650.vtk|
|CSV file                           |wall_npr20_production_cfl2_i30_from520_00650.csv|
+-----------------------------------------------------------------------+
+-----------------------------------------------------------------------------+
|   Time_Iter|  Inner_Iter|    rms[Rho]|   rms[RhoE]|      rms[k]|      rms[w]|
+-----------------------------------------------------------------------------+
|         651|           0|   -1.512435|    4.551887|    2.377432|    6.286493|
|         651|          25|   -5.086246|    1.932732|   -1.301826|    6.249923|
|         651|          29|   -5.093315|    1.926720|   -1.336538|    6.239770|
+-----------------------------------------------------------------------------+
|   Time_Iter|  Inner_Iter|    rms[Rho]|   rms[RhoE]|      rms[k]|      rms[w]|
+-----------------------------------------------------------------------------+
|         652|           0|   -1.512546|    4.551563|    2.377935|    6.241921|
|         652|          25|   -5.088038|    1.929695|   -1.302911|    6.179561|
|         652|          29|   -5.094028|    1.924693|   -1.338174|    6.169181|
+-----------------------------------------------------------------------------+
|   Time_Iter|  Inner_Iter|    rms[Rho]|   rms[RhoE]|      rms[k]|      rms[w]|
+-----------------------------------------------------------------------------+
|         653|           0|   -1.512653|    4.551745|    2.378459|    6.172199|
|         653|          25|   -5.084819|    1.932127|   -1.305125|    6.166273|
|         653|          29|   -5.090267|    1.927825|   -1.341162|    6.169293|
+-----------------------------------------------------------------------------+
|   Time_Iter|  Inner_Iter|    rms[Rho]|   rms[RhoE]|      rms[k]|      rms[w]|
+-----------------------------------------------------------------------------+
|         654|           0|   -1.512762|    4.551587|    2.379010|    6.173924|
|         654|          25|   -5.079499|    1.937091|   -1.305984|    6.206590|
|         654|          29|   -5.085195|    1.932531|   -1.343705|    6.211856|
+-----------------------------------------------------------------------------+
|   Time_Iter|  Inner_Iter|    rms[Rho]|   rms[RhoE]|      rms[k]|      rms[w]|
+-----------------------------------------------------------------------------+
|         655|           0|   -1.512866|    4.551332|    2.379550|    6.216113|
|         655|          25|   -5.078307|    1.938324|   -1.308763|    6.259830|
|         655|          29|   -5.084680|    1.933176|   -1.344953|    6.263848|
+-----------------------------------------------------------------------------+
|   Time_Iter|  Inner_Iter|    rms[Rho]|   rms[RhoE]|      rms[k]|      rms[w]|
+-----------------------------------------------------------------------------+
|         656|           0|   -1.512956|    4.552769|    2.380082|    6.267610|
|         656|          25|   -5.082886|    1.934013|   -1.309336|    6.284351|
|         656|          29|   -5.090205|    1.927977|   -1.344922|    6.281444|
+-----------------------------------------------------------------------------+
|   Time_Iter|  Inner_Iter|    rms[Rho]|   rms[RhoE]|      rms[k]|      rms[w]|
+-----------------------------------------------------------------------------+
|         657|           0|   -1.513062|    4.553511|    2.380700|    6.284203|
|         657|          25|   -5.091243|    1.925746|   -1.309497|    6.256576|
|         657|          29|   -5.098559|    1.919612|   -1.344674|    6.248521|
+-----------------------------------------------------------------------------+
|   Time_Iter|  Inner_Iter|    rms[Rho]|   rms[RhoE]|      rms[k]|      rms[w]|
+-----------------------------------------------------------------------------+
|         658|           0|   -1.513174|    4.553570|    2.381318|    6.250900|
|         658|          25|   -5.094353|    1.921560|   -1.310422|    6.193685|
|         658|          29|   -5.100509|    1.916470|   -1.346006|    6.183456|
+-----------------------------------------------------------------------------+
|   Time_Iter|  Inner_Iter|    rms[Rho]|   rms[RhoE]|      rms[k]|      rms[w]|
+-----------------------------------------------------------------------------+
|         659|           0|   -1.513296|    4.552830|    2.381949|    6.185673|
|         659|          25|   -5.091293|    1.923621|   -1.312468|    6.155618|
|         659|          29|   -5.097175|    1.918903|   -1.348863|    6.158647|
+-----------------------------------------------------------------------------+
|   Time_Iter|  Inner_Iter|    rms[Rho]|   rms[RhoE]|      rms[k]|      rms[w]|
+-----------------------------------------------------------------------------+
|         660|           0|   -1.513427|    4.551189|    2.382601|    6.164178|
|         660|          25|   -5.086581|    1.927990|   -1.314799|    6.193147|
|         660|          29|   -5.092383|    1.923402|   -1.351699|    6.197318|
+-----------------------------------------------------------------------+
|        File Writing Summary       |              Filename             |
+-----------------------------------------------------------------------+
|Paraview ASCII surface             |wall_npr20_production_cfl2_i30_from520_00660.vtk|
|CSV file                           |wall_npr20_production_cfl2_i30_from520_00660.csv|
+-----------------------------------------------------------------------+
+-----------------------------------------------------------------------------+
|   Time_Iter|  Inner_Iter|    rms[Rho]|   rms[RhoE]|      rms[k]|      rms[w]|
+-----------------------------------------------------------------------------+
|         661|           0|   -1.513555|    4.549717|    2.383240|    6.201461|
|         661|          25|   -5.084774|    1.929763|   -1.316161|    6.243342|
|         661|          29|   -5.091014|    1.924839|   -1.352914|    6.248090|
+-----------------------------------------------------------------------------+
|   Time_Iter|  Inner_Iter|    rms[Rho]|   rms[RhoE]|      rms[k]|      rms[w]|
+-----------------------------------------------------------------------------+
|         662|           0|   -1.513679|    4.548262|    2.383831|    6.252031|
|         662|          25|   -5.087852|    1.926983|   -1.317003|    6.277297|
|         662|          29|   -5.095011|    1.921163|   -1.353052|    6.276487|
+-----------------------------------------------------------------------------+
|   Time_Iter|  Inner_Iter|    rms[Rho]|   rms[RhoE]|      rms[k]|      rms[w]|
+-----------------------------------------------------------------------------+
|         663|           0|   -1.513793|    4.547280|    2.384409|    6.279487|
|         663|          25|   -5.095708|    1.919322|   -1.317034|    6.262046|
|         663|          29|   -5.103240|    1.913107|   -1.352606|    6.254430|
+-----------------------------------------------------------------------------+
|   Time_Iter|  Inner_Iter|    rms[Rho]|   rms[RhoE]|      rms[k]|      rms[w]|
+-----------------------------------------------------------------------------+
|         664|           0|   -1.513882|    4.548845|    2.385013|    6.256812|
|         664|          25|   -5.100501|    1.913700|   -1.318132|    6.207604|
|         664|          29|   -5.106979|    1.908395|   -1.354088|    6.196557|
+-----------------------------------------------------------------------------+
|   Time_Iter|  Inner_Iter|    rms[Rho]|   rms[RhoE]|      rms[k]|      rms[w]|
+-----------------------------------------------------------------------------+
|         665|           0|   -1.513976|    4.550613|    2.385613|    6.199001|
|         665|          25|   -5.098710|    1.914300|   -1.320121|    6.154295|
|         665|          29|   -5.104384|    1.909878|   -1.356800|    6.151456|
+-----------------------------------------------------------------------------+
|   Time_Iter|  Inner_Iter|    rms[Rho]|   rms[RhoE]|      rms[k]|      rms[w]|
+-----------------------------------------------------------------------------+
|         666|           0|   -1.514080|    4.551527|    2.386203|    6.155567|
|         666|          25|   -5.093842|    1.918770|   -1.322553|    6.178368|
|         666|          29|   -5.099487|    1.914420|   -1.359831|    6.182002|
+-----------------------------------------------------------------------------+
|   Time_Iter|  Inner_Iter|    rms[Rho]|   rms[RhoE]|      rms[k]|      rms[w]|
+-----------------------------------------------------------------------------+
|         667|           0|   -1.514189|    4.551947|    2.386843|    6.186264|
|         667|          25|   -5.091306|    1.921150|   -1.324057|    6.223881|
|         667|          29|   -5.097486|    1.916386|   -1.361230|    6.229082|
+-----------------------------------------------------------------------------+
|   Time_Iter|  Inner_Iter|    rms[Rho]|   rms[RhoE]|      rms[k]|      rms[w]|
+-----------------------------------------------------------------------------+
|         668|           0|   -1.514305|    4.551542|    2.387521|    6.233176|
|         668|          25|   -5.092768|    1.919992|   -1.324651|    6.266053|
|         668|          29|   -5.099769|    1.914447|   -1.361451|    6.267327|
+-----------------------------------------------------------------------------+
|   Time_Iter|  Inner_Iter|    rms[Rho]|   rms[RhoE]|      rms[k]|      rms[w]|
+-----------------------------------------------------------------------------+
|         669|           0|   -1.514417|    4.551400|    2.388192|    6.270644|
|         669|          25|   -5.099633|    1.913407|   -1.325177|    6.266295|
|         669|          29|   -5.107268|    1.907234|   -1.360206|    6.260430|
+-----------------------------------------------------------------------------+
|   Time_Iter|  Inner_Iter|    rms[Rho]|   rms[RhoE]|      rms[k]|      rms[w]|
+-----------------------------------------------------------------------------+
|         670|           0|   -1.514530|    4.551293|    2.388812|    6.262848|
|         670|          25|   -5.105985|    1.906515|   -1.325781|    6.222671|
|         670|          29|   -5.112889|    1.900934|   -1.362125|    6.212392|
+-----------------------------------------------------------------------+
|        File Writing Summary       |              Filename             |
+-----------------------------------------------------------------------+
|Paraview ASCII surface             |wall_npr20_production_cfl2_i30_from520_00670.vtk|
|CSV file                           |wall_npr20_production_cfl2_i30_from520_00670.csv|
+-----------------------------------------------------------------------+
+-----------------------------------------------------------------------------+
|   Time_Iter|  Inner_Iter|    rms[Rho]|   rms[RhoE]|      rms[k]|      rms[w]|
+-----------------------------------------------------------------------------+
|         671|           0|   -1.514654|    4.550365|    2.389410|    6.214727|
|         671|          25|   -5.105977|    1.905176|   -1.239747|    6.158722|
|         671|          29|   -5.112011|    1.900493|   -1.263785|    6.152191|
+-----------------------------------------------------------------------------+
|   Time_Iter|  Inner_Iter|    rms[Rho]|   rms[RhoE]|      rms[k]|      rms[w]|
+-----------------------------------------------------------------------------+
|         672|           0|   -1.514764|    4.550693|    2.390093|    6.155854|
|         672|          25|   -5.101799|    1.908772|   -1.329967|    6.162711|
|         672|          29|   -5.107359|    1.904661|   -1.367803|    6.165285|
+-----------------------------------------------------------------------------+
|   Time_Iter|  Inner_Iter|    rms[Rho]|   rms[RhoE]|      rms[k]|      rms[w]|
+-----------------------------------------------------------------------------+
|         673|           0|   -1.514884|    4.551179|    2.390737|    6.169730|
|         673|          25|   -5.098204|    1.912159|   -1.331783|    6.200743|
|         673|          29|   -5.104274|    1.907600|   -1.369742|    6.205788|
+-----------------------------------------------------------------------------+
|   Time_Iter|  Inner_Iter|    rms[Rho]|   rms[RhoE]|      rms[k]|      rms[w]|
+-----------------------------------------------------------------------------+
|         674|           0|   -1.515019|    4.550409|    2.391399|    6.210013|
|         674|          25|   -5.097951|    1.912681|   -1.330219|    6.248647|
|         674|          29|   -5.104758|    1.907449|   -1.367350|    6.251577|
+-----------------------------------------------------------------------------+
|   Time_Iter|  Inner_Iter|    rms[Rho]|   rms[RhoE]|      rms[k]|      rms[w]|
+-----------------------------------------------------------------------------+
|         675|           0|   -1.515146|    4.550005|    2.392041|    6.255243|
|         675|          25|   -5.103115|    1.907814|   -1.332754|    6.265888|
|         675|          29|   -5.110759|    1.901801|   -1.369656|    6.262691|
+-----------------------------------------------------------------------------+
|   Time_Iter|  Inner_Iter|    rms[Rho]|   rms[RhoE]|      rms[k]|      rms[w]|
+-----------------------------------------------------------------------------+
|         676|           0|   -1.515279|    4.549049|    2.392734|    6.265430|
|         676|          25|   -5.110617|    1.900149|   -1.301178|    6.236342|
|         676|          29|   -5.117991|    1.894285|   -1.332558|    6.228268|
+-----------------------------------------------------------------------------+
|   Time_Iter|  Inner_Iter|    rms[Rho]|   rms[RhoE]|      rms[k]|      rms[w]|
+-----------------------------------------------------------------------------+
|         677|           0|   -1.515405|    4.548428|    2.393332|    6.230730|
|         677|          25|   -5.112773|    1.896702|   -1.335099|    6.175855|
|         677|          29|   -5.119247|    1.891667|   -1.372645|    6.166003|
+-----------------------------------------------------------------------------+
|   Time_Iter|  Inner_Iter|    rms[Rho]|   rms[RhoE]|      rms[k]|      rms[w]|
+-----------------------------------------------------------------------------+
|         678|           0|   -1.515523|    4.548390|    2.393946|    6.168380|
|         678|          25|   -5.109131|    1.899368|   -1.337414|    6.141511|
|         678|          29|   -5.115464|    1.894570|   -1.375827|    6.144790|
+-----------------------------------------------------------------------------+
|   Time_Iter|  Inner_Iter|    rms[Rho]|   rms[RhoE]|      rms[k]|      rms[w]|
+-----------------------------------------------------------------------------+
|         679|           0|   -1.515642|    4.548445|    2.394616|    6.150315|
|         679|          25|   -5.105982|    1.902305|   -1.339542|    6.175673|
|         679|          29|   -5.112074|    1.897860|   -1.378149|    6.179593|
+-----------------------------------------------------------------------------+
|   Time_Iter|  Inner_Iter|    rms[Rho]|   rms[RhoE]|      rms[k]|      rms[w]|
+-----------------------------------------------------------------------------+
|         680|           0|   -1.515747|    4.549502|    2.395310|    6.183762|
|         680|          25|   -5.104040|    1.904466|   -1.340323|    6.223540|
|         680|          29|   -5.110599|    1.899621|   -1.378653|    6.228100|
+-----------------------------------------------------------------------+
|        File Writing Summary       |              Filename             |
+-----------------------------------------------------------------------+
|Paraview ASCII surface             |wall_npr20_production_cfl2_i30_from520_00680.vtk|
|CSV file                           |wall_npr20_production_cfl2_i30_from520_00680.csv|
+-----------------------------------------------------------------------+
+-----------------------------------------------------------------------------+
|   Time_Iter|  Inner_Iter|    rms[Rho]|   rms[RhoE]|      rms[k]|      rms[w]|
+-----------------------------------------------------------------------------+
|         681|           0|   -1.515849|    4.551681|    2.395953|    6.232049|
|         681|          25|   -5.106687|    1.902184|   -1.340916|    6.258004|
|         681|          29|   -5.114171|    1.896428|   -1.378799|    6.257544|
+-----------------------------------------------------------------------------+
|   Time_Iter|  Inner_Iter|    rms[Rho]|   rms[RhoE]|      rms[k]|      rms[w]|
+-----------------------------------------------------------------------------+
|         682|           0|   -1.515976|    4.552039|    2.396613|    6.260645|
|         682|          25|   -5.114204|    1.894824|   -1.341087|    6.247402|
|         682|          29|   -5.122129|    1.888612|   -1.378435|    6.240398|
+-----------------------------------------------------------------------------+
|   Time_Iter|  Inner_Iter|    rms[Rho]|   rms[RhoE]|      rms[k]|      rms[w]|
+-----------------------------------------------------------------------------+
|         683|           0|   -1.516113|    4.551414|    2.397339|    6.242825|
|         683|          25|   -5.119264|    1.888861|   -1.342748|    6.198672|
|         683|          29|   -5.126282|    1.883422|   -1.380585|    6.188158|
+-----------------------------------------------------------------------------+
|   Time_Iter|  Inner_Iter|    rms[Rho]|   rms[RhoE]|      rms[k]|      rms[w]|
+-----------------------------------------------------------------------------+
|         684|           0|   -1.516262|    4.549855|    2.397872|    6.190591|
|         684|          25|   -5.118315|    1.888453|   -1.344425|    6.139541|
|         684|          29|   -5.124507|    1.883917|   -1.383011|    6.134765|
+-----------------------------------------------------------------------------+
|   Time_Iter|  Inner_Iter|    rms[Rho]|   rms[RhoE]|      rms[k]|      rms[w]|
+-----------------------------------------------------------------------------+
|         685|           0|   -1.516412|    4.547732|    2.398123|    6.138669|
|         685|          25|   -5.114147|    1.892185|   -1.347270|    6.151574|
|         685|          29|   -5.120532|    1.887537|   -1.386525|    6.153655|
+-----------------------------------------------------------------------------+
|   Time_Iter|  Inner_Iter|    rms[Rho]|   rms[RhoE]|      rms[k]|      rms[w]|
+-----------------------------------------------------------------------------+
|         686|           0|   -1.516539|    4.547134|    2.398357|    6.157951|
|         686|          25|   -5.111472|    1.894913|   -1.348589|    6.190445|
|         686|          29|   -5.117870|    1.890347|   -1.387729|    6.195621|
+-----------------------------------------------------------------------------+
|   Time_Iter|  Inner_Iter|    rms[Rho]|   rms[RhoE]|      rms[k]|      rms[w]|
+-----------------------------------------------------------------------------+
|         687|           0|   -1.516657|    4.547400|    2.398684|    6.199834|
|         687|          25|   -5.111344|    1.895436|   -1.348895|    6.237176|
|         687|          29|   -5.118482|    1.890163|   -1.387609|    6.239813|
+-----------------------------------------------------------------------------+
|   Time_Iter|  Inner_Iter|    rms[Rho]|   rms[RhoE]|      rms[k]|      rms[w]|
+-----------------------------------------------------------------------------+
|         688|           0|   -1.516766|    4.548169|    2.399086|    6.243429|
|         688|          25|   -5.116768|    1.890288|   -1.349675|    6.251888|
|         688|          29|   -5.124746|    1.884222|   -1.387982|    6.248388|
+-----------------------------------------------------------------------------+
|   Time_Iter|  Inner_Iter|    rms[Rho]|   rms[RhoE]|      rms[k]|      rms[w]|
+-----------------------------------------------------------------------------+
|         689|           0|   -1.516860|    4.550697|    2.399465|    6.251116|
|         689|          25|   -5.124153|    1.882547|   -1.350510|    6.221047|
|         689|          29|   -5.131823|    1.876667|   -1.388840|    6.213023|
+-----------------------------------------------------------------------------+
|   Time_Iter|  Inner_Iter|    rms[Rho]|   rms[RhoE]|      rms[k]|      rms[w]|
+-----------------------------------------------------------------------------+
|         690|           0|   -1.516971|    4.552118|    2.399835|    6.215584|
|         690|          25|   -5.126251|    1.879016|   -1.352361|    6.161069|
|         690|          29|   -5.132949|    1.874051|   -1.391423|    6.151709|
+-----------------------------------------------------------------------+
|        File Writing Summary       |              Filename             |
+-----------------------------------------------------------------------+
|Paraview ASCII surface             |wall_npr20_production_cfl2_i30_from520_00690.vtk|
|CSV file                           |wall_npr20_production_cfl2_i30_from520_00690.csv|
+-----------------------------------------------------------------------+
+-----------------------------------------------------------------------------+
|   Time_Iter|  Inner_Iter|    rms[Rho]|   rms[RhoE]|      rms[k]|      rms[w]|
+-----------------------------------------------------------------------------+
|         691|           0|   -1.517090|    4.552562|    2.400281|    6.154305|
|         691|          25|   -5.122712|    1.881536|   -1.354889|    6.124855|
|         691|          29|   -5.129177|    1.876901|   -1.394568|    6.126306|
+-----------------------------------------------------------------------------+
|   Time_Iter|  Inner_Iter|    rms[Rho]|   rms[RhoE]|      rms[k]|      rms[w]|
+-----------------------------------------------------------------------------+
|         692|           0|   -1.517220|    4.552179|    2.400698|    6.131987|
|         692|          25|   -5.120368|    1.883791|   -1.356582|    6.155543|
|         692|          29|   -5.126786|    1.879341|   -1.396626|    6.159352|
+-----------------------------------------------------------------------------+
|   Time_Iter|  Inner_Iter|    rms[Rho]|   rms[RhoE]|      rms[k]|      rms[w]|
+-----------------------------------------------------------------------------+
|         693|           0|   -1.517363|    4.550573|    2.400999|    6.163555|
|         693|          25|   -5.117909|    1.886602|   -1.356996|    6.203087|
|         693|          29|   -5.124683|    1.881839|   -1.396717|    6.207910|
+-----------------------------------------------------------------------------+
|   Time_Iter|  Inner_Iter|    rms[Rho]|   rms[RhoE]|      rms[k]|      rms[w]|
+-----------------------------------------------------------------------------+
|         694|           0|   -1.517497|    4.549127|    2.401219|    6.211928|
|         694|          25|   -5.119863|    1.885040|   -1.357587|    6.240956|
|         694|          29|   -5.127547|    1.879375|   -1.396894|    6.241335|
+-----------------------------------------------------------------------------+
|   Time_Iter|  Inner_Iter|    rms[Rho]|   rms[RhoE]|      rms[k]|      rms[w]|
+-----------------------------------------------------------------------------+
|         695|           0|   -1.517626|    4.548370|    2.401520|    6.244552|
|         695|          25|   -5.127075|    1.877960|   -1.358573|    6.236758|
|         695|          29|   -5.135318|    1.871729|   -1.397569|    6.230577|
+-----------------------------------------------------------------------------+
|   Time_Iter|  Inner_Iter|    rms[Rho]|   rms[RhoE]|      rms[k]|      rms[w]|
+-----------------------------------------------------------------------------+
|         696|           0|   -1.517754|    4.547592|    2.401919|    6.233064|
|         696|          25|   -5.133045|    1.871083|   -1.359645|    6.193050|
|         696|          29|   -5.140543|    1.865475|   -1.399232|    6.183013|
+-----------------------------------------------------------------------------+
|   Time_Iter|  Inner_Iter|    rms[Rho]|   rms[RhoE]|      rms[k]|      rms[w]|
+-----------------------------------------------------------------------------+
|         697|           0|   -1.517858|    4.548925|    2.402342|    6.185522|
|         697|          25|   -5.133113|    1.869483|   -1.361790|    6.129852|
|         697|          29|   -5.139821|    1.864710|   -1.402206|    6.122442|
+-----------------------------------------------------------------------------+
|   Time_Iter|  Inner_Iter|    rms[Rho]|   rms[RhoE]|      rms[k]|      rms[w]|
+-----------------------------------------------------------------------------+
|         698|           0|   -1.517964|    4.550403|    2.402745|    6.126102|
|         698|          25|   -5.129474|    1.872537|   -1.364103|    6.126742|
|         698|          29|   -5.136370|    1.867703|   -1.404988|    6.128385|
+-----------------------------------------------------------------------------+
|   Time_Iter|  Inner_Iter|    rms[Rho]|   rms[RhoE]|      rms[k]|      rms[w]|
+-----------------------------------------------------------------------------+
|         699|           0|   -1.518083|    4.550624|    2.403209|    6.132806|
|         699|          25|   -5.127023|    1.875165|   -1.365260|    6.159882|
|         699|          29|   -5.133602|    1.870727|   -1.406094|    6.164690|
+-----------------------------------------------------------------------+
|        File Writing Summary       |              Filename             |
+-----------------------------------------------------------------------+
|SU2 binary restart                 |restart_npr20_production_cfl2_i30_from520_00699.dat|
+-----------------------------------------------------------------------+
+-----------------------------------------------------------------------------+
|   Time_Iter|  Inner_Iter|    rms[Rho]|   rms[RhoE]|      rms[k]|      rms[w]|
+-----------------------------------------------------------------------------+
|         700|           0|   -1.518199|    4.550737|    2.403710|    6.168935|
|         700|          25|   -5.125459|    1.877185|   -1.365001|    6.209439|
|         700|          29|   -5.132621|    1.872179|   -1.405273|    6.213249|
+-----------------------------------------------------------------------+
|        File Writing Summary       |              Filename             |
+-----------------------------------------------------------------------+
|SU2 binary restart                 |restart_npr20_production_cfl2_i30_from520_00700.dat|
|Paraview ASCII                     |flow_npr20_production_cfl2_i30_from520_00700.vtk|
|Paraview ASCII surface             |wall_npr20_production_cfl2_i30_from520_00700.vtk|
|CSV file                           |wall_npr20_production_cfl2_i30_from520_00700.csv|
+-----------------------------------------------------------------------+
+-----------------------------------------------------------------------------+
|   Time_Iter|  Inner_Iter|    rms[Rho]|   rms[RhoE]|      rms[k]|      rms[w]|
+-----------------------------------------------------------------------------+
|         701|           0|   -1.518322|    4.550039|    2.404254|    6.217047|
|         701|          25|   -5.129264|    1.873645|   -1.365890|    6.236262|
|         701|          29|   -5.137413|    1.867684|   -1.405911|    6.234398|
+-----------------------------------------------------------------------------+
|   Time_Iter|  Inner_Iter|    rms[Rho]|   rms[RhoE]|      rms[k]|      rms[w]|
+-----------------------------------------------------------------------------+
|         702|           0|   -1.518437|    4.549409|    2.404707|    6.237390|
|         702|          25|   -5.137194|    1.865571|   -1.367529|    6.217700|
|         702|          29|   -5.145377|    1.859507|   -1.407499|    6.210087|
+-----------------------------------------------------------------------------+
|   Time_Iter|  Inner_Iter|    rms[Rho]|   rms[RhoE]|      rms[k]|      rms[w]|
+-----------------------------------------------------------------------------+
|         703|           0|   -1.518533|    4.550190|    2.404836|    6.212656|
|         703|          25|   -5.141405|    1.860048|   -1.369250|    6.166260|
|         703|          29|   -5.148790|    1.854680|   -1.409934|    6.155659|
+-----------------------------------------------------------------------------+
|   Time_Iter|  Inner_Iter|    rms[Rho]|   rms[RhoE]|      rms[k]|      rms[w]|
+-----------------------------------------------------------------------------+
|         704|           0|   -1.518630|    4.551016|    2.405058|    6.158260|
|         704|          25|   -5.140024|    1.860038|   -1.371308|    6.110159|
|         704|          29|   -5.146469|    1.855719|   -1.412780|    6.105896|
+-----------------------------------------------------------------------------+
|   Time_Iter|  Inner_Iter|    rms[Rho]|   rms[RhoE]|      rms[k]|      rms[w]|
+-----------------------------------------------------------------------------+
|         705|           0|   -1.518721|    4.552437|    2.405379|    6.110038|
|         705|          25|   -5.137348|    1.862399|   -1.299172|    6.122690|
|         705|          29|   -5.144121|    1.857883|   -1.328125|    6.124907|
+-----------------------------------------------------------------------------+
|   Time_Iter|  Inner_Iter|    rms[Rho]|   rms[RhoE]|      rms[k]|      rms[w]|
+-----------------------------------------------------------------------------+
|         706|           0|   -1.518819|    4.553970|    2.405527|    6.129248|
|         706|          25|   -5.134293|    1.865817|   -1.373711|    6.162327|
|         706|          29|   -5.141052|    1.861349|   -1.415196|    6.167549|
+-----------------------------------------------------------------------------+
|   Time_Iter|  Inner_Iter|    rms[Rho]|   rms[RhoE]|      rms[k]|      rms[w]|
+-----------------------------------------------------------------------------+
|         707|           0|   -1.518945|    4.553363|    2.405632|    6.171753|
|         707|          25|   -5.133776|    1.866774|   -1.371722|    6.209561|
|         707|          29|   -5.141336|    1.861506|   -1.412185|    6.212263|
+-----------------------------------------------------------------------------+
|   Time_Iter|  Inner_Iter|    rms[Rho]|   rms[RhoE]|      rms[k]|      rms[w]|
+-----------------------------------------------------------------------------+
|         708|           0|   -1.519072|    4.552262|    2.405869|    6.215899|
|         708|          25|   -5.138956|    1.861776|   -1.374737|    6.226923|
|         708|          29|   -5.147388|    1.855670|   -1.415359|    6.224031|
+-----------------------------------------------------------------------------+
|   Time_Iter|  Inner_Iter|    rms[Rho]|   rms[RhoE]|      rms[k]|      rms[w]|
+-----------------------------------------------------------------------------+
|         709|           0|   -1.519203|    4.550781|    2.406264|    6.226851|
|         709|          25|   -5.146682|    1.853557|   -1.376778|    6.199573|
|         709|          29|   -5.154942|    1.847527|   -1.417737|    6.192193|
+-----------------------------------------------------------------------------+
|   Time_Iter|  Inner_Iter|    rms[Rho]|   rms[RhoE]|      rms[k]|      rms[w]|
+-----------------------------------------------------------------------------+
|         710|           0|   -1.519331|    4.548770|    2.406796|    6.194908|
|         710|          25|   -5.149670|    1.849052|   -1.378469|    6.143720|
|         710|          29|   -5.157010|    1.843867|   -1.420183|    6.133662|
+-----------------------------------------------------------------------+
|        File Writing Summary       |              Filename             |
+-----------------------------------------------------------------------+
|Paraview ASCII surface             |wall_npr20_production_cfl2_i30_from520_00710.vtk|
|CSV file                           |wall_npr20_production_cfl2_i30_from520_00710.csv|
+-----------------------------------------------------------------------+
+-----------------------------------------------------------------------------+
|   Time_Iter|  Inner_Iter|    rms[Rho]|   rms[RhoE]|      rms[k]|      rms[w]|
+-----------------------------------------------------------------------------+
|         711|           0|   -1.519433|    4.548309|    2.407379|    6.136578|
|         711|          25|   -5.147152|    1.850401|   -1.379564|    6.097525|
|         711|          29|   -5.153732|    1.846094|   -1.421686|    6.095354|
+-----------------------------------------------------------------------------+
|   Time_Iter|  Inner_Iter|    rms[Rho]|   rms[RhoE]|      rms[k]|      rms[w]|
+-----------------------------------------------------------------------------+
|         712|           0|   -1.519527|    4.548671|    2.408005|    6.099737|
|         712|          25|   -5.145344|    1.852129|   -1.381306|    6.118212|
|         712|          29|   -5.152250|    1.847640|   -1.424099|    6.121122|
+-----------------------------------------------------------------------------+
|   Time_Iter|  Inner_Iter|    rms[Rho]|   rms[RhoE]|      rms[k]|      rms[w]|
+-----------------------------------------------------------------------------+
|         713|           0|   -1.519607|    4.549846|    2.408485|    6.125417|
|         713|          25|   -5.142226|    1.855711|   -1.382617|    6.161566|
|         713|          29|   -5.149251|    1.851110|   -1.424868|    6.166692|
+-----------------------------------------------------------------------------+
|   Time_Iter|  Inner_Iter|    rms[Rho]|   rms[RhoE]|      rms[k]|      rms[w]|
+-----------------------------------------------------------------------------+
|         714|           0|   -1.519671|    4.552750|    2.408433|    6.170811|
|         714|          25|   -5.142731|    1.855623|   -1.383251|    6.205110|
|         714|          29|   -5.150577|    1.850197|   -1.425136|    6.207413|
+-----------------------------------------------------------------------------+
|   Time_Iter|  Inner_Iter|    rms[Rho]|   rms[RhoE]|      rms[k]|      rms[w]|
+-----------------------------------------------------------------------------+
|         715|           0|   -1.519753|    4.554160|    2.408115|    6.210966|
|         715|          25|   -5.148772|    1.849665|   -1.384466|    6.215868|
|         715|          29|   -5.157428|    1.843448|   -1.426041|    6.211933|
+-----------------------------------------------------------------------------+
|   Time_Iter|  Inner_Iter|    rms[Rho]|   rms[RhoE]|      rms[k]|      rms[w]|
+-----------------------------------------------------------------------------+
|         716|           0|   -1.519844|    4.554593|    2.407843|    6.214631|
|         716|          25|   -5.156175|    1.841524|   -1.385436|    6.184074|
|         716|          29|   -5.164462|    1.835580|   -1.427239|    6.176217|
+-----------------------------------------------------------------------------+
|   Time_Iter|  Inner_Iter|    rms[Rho]|   rms[RhoE]|      rms[k]|      rms[w]|
+-----------------------------------------------------------------------------+
|         717|           0|   -1.519946|    4.554319|    2.407741|    6.178930|
|         717|          25|   -5.158244|    1.837851|   -1.387118|    6.126193|
|         717|          29|   -5.165619|    1.832789|   -1.429909|    6.116944|
+-----------------------------------------------------------------------------+
|   Time_Iter|  Inner_Iter|    rms[Rho]|   rms[RhoE]|      rms[k]|      rms[w]|
+-----------------------------------------------------------------------------+
|         718|           0|   -1.520061|    4.553054|    2.407742|    6.120073|
|         718|          25|   -5.155130|    1.839967|   -1.388817|    6.088170|
|         718|          29|   -5.161824|    1.835706|   -1.432074|    6.087014|
+-----------------------------------------------------------------------------+
|   Time_Iter|  Inner_Iter|    rms[Rho]|   rms[RhoE]|      rms[k]|      rms[w]|
+-----------------------------------------------------------------------------+
|         719|           0|   -1.520164|    4.552470|    2.407940|    6.092285|
|         719|          25|   -5.153795|    1.841367|   -1.389773|    6.112837|
|         719|          29|   -5.160835|    1.836900|   -1.433220|    6.116163|
+-----------------------------------------------------------------------------+
|   Time_Iter|  Inner_Iter|    rms[Rho]|   rms[RhoE]|      rms[k]|      rms[w]|
+-----------------------------------------------------------------------------+
|         720|           0|   -1.520261|    4.552915|    2.408279|    6.120422|
|         720|          25|   -5.150748|    1.844888|   -1.389346|    6.157403|
|         720|          29|   -5.158029|    1.840172|   -1.432585|    6.162265|
+-----------------------------------------------------------------------+
|        File Writing Summary       |              Filename             |
+-----------------------------------------------------------------------+
|Paraview ASCII surface             |wall_npr20_production_cfl2_i30_from520_00720.vtk|
|CSV file                           |wall_npr20_production_cfl2_i30_from520_00720.csv|
+-----------------------------------------------------------------------+
+-----------------------------------------------------------------------------+
|   Time_Iter|  Inner_Iter|    rms[Rho]|   rms[RhoE]|      rms[k]|      rms[w]|
+-----------------------------------------------------------------------------+
|         721|           0|   -1.520363|    4.553208|    2.408784|    6.166300|
|         721|          25|   -5.151866|    1.844118|   -1.391050|    6.198016|
|         721|          29|   -5.159981|    1.838549|   -1.433973|    6.199686|
+-----------------------------------------------------------------------------+
|   Time_Iter|  Inner_Iter|    rms[Rho]|   rms[RhoE]|      rms[k]|      rms[w]|
+-----------------------------------------------------------------------------+
|         722|           0|   -1.520454|    4.554992|    2.409425|    6.203106|
|         722|          25|   -5.158354|    1.837602|   -1.391820|    6.204371|
|         722|          29|   -5.167171|    1.831343|   -1.434495|    6.199908|
+-----------------------------------------------------------------------------+
|   Time_Iter|  Inner_Iter|    rms[Rho]|   rms[RhoE]|      rms[k]|      rms[w]|
+-----------------------------------------------------------------------------+
|         723|           0|   -1.520567|    4.555402|    2.410171|    6.202552|
|         723|          25|   -5.165387|    1.829678|   -1.393263|    6.170909|
|         723|          29|   -5.173733|    1.823800|   -1.436239|    6.162804|
+-----------------------------------------------------------------------------+
|   Time_Iter|  Inner_Iter|    rms[Rho]|   rms[RhoE]|      rms[k]|      rms[w]|
+-----------------------------------------------------------------------------+
|         724|           0|   -1.520688|    4.554686|    2.410890|    6.165421|
|         724|          25|   -5.166905|    1.826552|   -1.394864|    6.113244|
|         724|          29|   -5.174426|    1.821484|   -1.438710|    6.104135|
+-----------------------------------------------------------------------------+
|   Time_Iter|  Inner_Iter|    rms[Rho]|   rms[RhoE]|      rms[k]|      rms[w]|
+-----------------------------------------------------------------------------+
|         725|           0|   -1.520809|    4.553743|    2.410510|    6.106754|
|         725|          25|   -5.163486|    1.829109|   -1.395783|    6.080360|
|         725|          29|   -5.170730|    1.824409|   -1.440025|    6.081795|
+-----------------------------------------------------------------------------+
|   Time_Iter|  Inner_Iter|    rms[Rho]|   rms[RhoE]|      rms[k]|      rms[w]|
+-----------------------------------------------------------------------------+
|         726|           0|   -1.520935|    4.552103|    2.410139|    6.087394|
|         726|          25|   -5.162394|    1.830353|   -1.396624|    6.106524|
|         726|          29|   -5.169534|    1.825906|   -1.440760|    6.109909|
+-----------------------------------------------------------------------------+
|   Time_Iter|  Inner_Iter|    rms[Rho]|   rms[RhoE]|      rms[k]|      rms[w]|
+-----------------------------------------------------------------------------+
|         727|           0|   -1.521053|    4.550354|    2.409801|    6.114029|
|         727|          25|   -5.159532|    1.833686|   -1.397713|    6.150531|
|         727|          29|   -5.166988|    1.828895|   -1.441669|    6.155111|
+-----------------------------------------------------------------------------+
|   Time_Iter|  Inner_Iter|    rms[Rho]|   rms[RhoE]|      rms[k]|      rms[w]|
+-----------------------------------------------------------------------------+
|         728|           0|   -1.521144|    4.550689|    2.409513|    6.159079|
|         728|          25|   -5.161011|    1.832488|   -1.398836|    6.188892|
|         728|          29|   -5.169307|    1.826834|   -1.442475|    6.190172|
+-----------------------------------------------------------------------------+
|   Time_Iter|  Inner_Iter|    rms[Rho]|   rms[RhoE]|      rms[k]|      rms[w]|
+-----------------------------------------------------------------------------+
|         729|           0|   -1.521227|    4.551720|    2.409304|    6.193522|
|         729|          25|   -5.167637|    1.825747|   -1.399578|    6.193280|
|         729|          29|   -5.176550|    1.819485|   -1.442984|    6.188680|
+-----------------------------------------------------------------------------+
|   Time_Iter|  Inner_Iter|    rms[Rho]|   rms[RhoE]|      rms[k]|      rms[w]|
+-----------------------------------------------------------------------------+
|         730|           0|   -1.521288|    4.555011|    2.409268|    6.191312|
|         730|          25|   -5.174360|    1.818058|   -1.400729|    6.160160|
|         730|          29|   -5.182783|    1.812212|   -1.445456|    6.151949|
+-----------------------------------------------------------------------+
|        File Writing Summary       |              Filename             |
+-----------------------------------------------------------------------+
|Paraview ASCII surface             |wall_npr20_production_cfl2_i30_from520_00730.vtk|
|CSV file                           |wall_npr20_production_cfl2_i30_from520_00730.csv|
+-----------------------------------------------------------------------+
+-----------------------------------------------------------------------------+
|   Time_Iter|  Inner_Iter|    rms[Rho]|   rms[RhoE]|      rms[k]|      rms[w]|
+-----------------------------------------------------------------------------+
|         731|           0|   -1.521362|    4.558146|    2.409427|    6.154487|
|         731|          25|   -5.175591|    1.815252|   -1.402563|    6.103878|
|         731|          29|   -5.183273|    1.810147|   -1.447039|    6.094529|
+-----------------------------------------------------------------------------+
|   Time_Iter|  Inner_Iter|    rms[Rho]|   rms[RhoE]|      rms[k]|      rms[w]|
+-----------------------------------------------------------------------------+
|         732|           0|   -1.521461|    4.559432|    2.409809|    6.097212|
|         732|          25|   -5.172043|    1.818018|   -1.404404|    6.073614|
|         732|          29|   -5.179602|    1.813113|   -1.449200|    6.075863|
+-----------------------------------------------------------------------------+
|   Time_Iter|  Inner_Iter|    rms[Rho]|   rms[RhoE]|      rms[k]|      rms[w]|
+-----------------------------------------------------------------------------+
|         733|           0|   -1.521573|    4.559761|    2.410413|    6.081233|
|         733|          25|   -5.170985|    1.819266|   -1.404441|    6.099615|
|         733|          29|   -5.178268|    1.814788|   -1.449188|    6.102840|
+-----------------------------------------------------------------------------+
|   Time_Iter|  Inner_Iter|    rms[Rho]|   rms[RhoE]|      rms[k]|      rms[w]|
+-----------------------------------------------------------------------------+
|         734|           0|   -1.521704|    4.558834|    2.411008|    6.106900|
|         734|          25|   -5.168354|    1.822377|   -1.403733|    6.141927|
|         734|          29|   -5.175966|    1.817539|   -1.448200|    6.146238|
+-----------------------------------------------------------------------------+
|   Time_Iter|  Inner_Iter|    rms[Rho]|   rms[RhoE]|      rms[k]|      rms[w]|
+-----------------------------------------------------------------------------+
|         735|           0|   -1.521848|    4.556593|    2.410859|    6.150156|
|         735|          25|   -5.170040|    1.820956|   -1.405427|    6.178636|
|         735|          29|   -5.178470|    1.815276|   -1.449544|    6.179776|
+-----------------------------------------------------------------------------+
|   Time_Iter|  Inner_Iter|    rms[Rho]|   rms[RhoE]|      rms[k]|      rms[w]|
+-----------------------------------------------------------------------------+
|         736|           0|   -1.521975|    4.555286|    2.410110|    6.183101|
|         736|          25|   -5.176652|    1.814232|   -1.406022|    6.182864|
|         736|          29|   -5.185663|    1.807983|   -1.450112|    6.178397|
+-----------------------------------------------------------------------------+
|   Time_Iter|  Inner_Iter|    rms[Rho]|   rms[RhoE]|      rms[k]|      rms[w]|
+-----------------------------------------------------------------------------+
|         737|           0|   -1.522101|    4.554231|    2.409635|    6.181041|
|         737|          25|   -5.183241|    1.806756|   -1.407014|    6.151380|
|         737|          29|   -5.191762|    1.800933|   -1.451489|    6.143317|
+-----------------------------------------------------------------------------+
|   Time_Iter|  Inner_Iter|    rms[Rho]|   rms[RhoE]|      rms[k]|      rms[w]|
+-----------------------------------------------------------------------------+
|         738|           0|   -1.522208|    4.554815|    2.409264|    6.145853|
|         738|          25|   -5.184477|    1.804109|   -1.408205|    6.097172|
|         738|          29|   -5.192255|    1.799017|   -1.453444|    6.088075|
+-----------------------------------------------------------------------------+
|   Time_Iter|  Inner_Iter|    rms[Rho]|   rms[RhoE]|      rms[k]|      rms[w]|
+-----------------------------------------------------------------------------+
|         739|           0|   -1.522308|    4.556549|    2.409041|    6.090747|
|         739|          25|   -5.181006|    1.806936|   -1.409195|    6.067755|
|         739|          29|   -5.188422|    1.802263|   -1.454546|    6.069281|
+-----------------------------------------------------------------------------+
|   Time_Iter|  Inner_Iter|    rms[Rho]|   rms[RhoE]|      rms[k]|      rms[w]|
+-----------------------------------------------------------------------------+
|         740|           0|   -1.522416|    4.557585|    2.408921|    6.074722|
|         740|          25|   -5.179910|    1.808299|   -1.409286|    6.092555|
|         740|          29|   -5.187278|    1.803785|   -1.454908|    6.095482|
+-----------------------------------------------------------------------+
|        File Writing Summary       |              Filename             |
+-----------------------------------------------------------------------+
|Paraview ASCII surface             |wall_npr20_production_cfl2_i30_from520_00740.vtk|
|CSV file                           |wall_npr20_production_cfl2_i30_from520_00740.csv|
+-----------------------------------------------------------------------+
+-----------------------------------------------------------------------------+
|   Time_Iter|  Inner_Iter|    rms[Rho]|   rms[RhoE]|      rms[k]|      rms[w]|
+-----------------------------------------------------------------------------+
|         741|           0|   -1.522520|    4.558548|    2.408930|    6.099604|
|         741|          25|   -5.177555|    1.811191|   -1.409710|    6.132462|
|         741|          29|   -5.185208|    1.806342|   -1.455173|    6.136521|
+-----------------------------------------------------------------------------+
|   Time_Iter|  Inner_Iter|    rms[Rho]|   rms[RhoE]|      rms[k]|      rms[w]|
+-----------------------------------------------------------------------------+
|         742|           0|   -1.522636|    4.558708|    2.409064|    6.140399|
|         742|          25|   -5.179319|    1.809741|   -1.410069|    6.167943|
|         742|          29|   -5.187740|    1.804082|   -1.455098|    6.169108|
+-----------------------------------------------------------------------------+
|   Time_Iter|  Inner_Iter|    rms[Rho]|   rms[RhoE]|      rms[k]|      rms[w]|
+-----------------------------------------------------------------------------+
|         743|           0|   -1.522767|    4.557536|    2.409166|    6.172436|
|         743|          25|   -5.185781|    1.803222|   -1.410401|    6.173188|
|         743|          29|   -5.194750|    1.797011|   -1.455185|    6.169031|
+-----------------------------------------------------------------------------+
|   Time_Iter|  Inner_Iter|    rms[Rho]|   rms[RhoE]|      rms[k]|      rms[w]|
+-----------------------------------------------------------------------------+
|         744|           0|   -1.522885|    4.556890|    2.409356|    6.171703|
Interrupt signal (15) received, saving files and exiting.
Interrupt signal (15) received, saving files and exiting.
Interrupt signal (15) received, saving files and exiting.
Interrupt signal (15) received, saving files and exiting.
|         744|           8|   -5.065994|    1.843502|   -0.263787|    6.171464|
+-----------------------------------------------------------------------------+
|   Time_Iter|  Inner_Iter|    rms[Rho]|   rms[RhoE]|      rms[k]|      rms[w]|
+-----------------------------------------------------------------------------+
|         745|           0|   -1.522993|    4.557160|    2.408242|    6.170451|
Interrupt signal (15) received, saving files and exiting.
Interrupt signal (15) received, saving files and exiting.
