WARNING: Setting WINDOW_START_ITER = RESTART_ITER for meaningful running average.

-------------------------------------------------------------------------
|    ___ _   _ ___                                                      |
|   / __| | | |_  )   Release 8.5.0 "Harrier"                           |
|   \__ \ |_| |/ /                                                      |
|   |___/\___//___|   Suite (Computational Fluid Dynamics Code)         |
|                                                                       |
-------------------------------------------------------------------------
| SU2 Project Website: https://su2code.github.io                        |
|                                                                       |
| The SU2 Project is maintained by the SU2 Foundation                   |
| (http://su2foundation.org)                                            |
-------------------------------------------------------------------------
| Copyright 2012-2026, SU2 Contributors                                 |
|                                                                       |
| SU2 is free software; you can redistribute it and/or                  |
| modify it under the terms of the GNU Lesser General Public            |
| License as published by the Free Software Foundation; either          |
| version 2.1 of the License, or (at your option) any later version.    |
|                                                                       |
| SU2 is distributed in the hope that it will be useful,                |
| but WITHOUT ANY WARRANTY; without even the implied warranty of        |
| MERCHANTABILITY or FITNESS FOR A PARTICULAR PURPOSE. See the GNU      |
| Lesser General Public License for more details.                       |
|                                                                       |
| You should have received a copy of the GNU Lesser General Public      |
| License along with SU2. If not, see <http://www.gnu.org/licenses/>.   |
-------------------------------------------------------------------------
WARNING: Setting WINDOW_START_ITER = RESTART_ITER for meaningful running average.

Parsing config file for zone 0
WARNING: Setting WINDOW_START_ITER = RESTART_ITER for meaningful running average.

----------------- Physical Case Definition ( Zone 0 ) -------------------
Compressible RANS equations.
Turbulence model: Menter's k-omega SST-2003m with compressibility correction of Sarkar
using default hard coded lower limit clipping.
Hybrid RANS/LES: No Hybrid RANS/LES
Mach number: 0.001.
Angle of attack (AoA): 0 deg, and angle of sideslip (AoS): 0 deg.
Reynolds number: 0. Reference length 1.
Reading and writing binary SU2 native restart files.
Read flow solution from: restart_npr20_production_cfl2_i30_from520.
Dimensional simulation.
The reference area is 1 m^2.
The semi-span will be computed using the max y(3D) value.
The reference length is 1 m.
Reference origin for moment evaluation is (0, 0, 0).
Surface(s) where the force coefficients are evaluated: WALL.

Surface(s) plotted in the output file: WALL.
Input mesh file name: ../../ambient_mesh/hybrid_pilot/dlr_par_hybrid.su2

--------------- Space Numerical Integration ( Zone 0 ) ------------------
Simple Low-Dissipation AUSM 2 solver for the flow inviscid terms.
Standard Roe without low-dissipation function.
Second order integration in space, with slope limiter.
Venkatakrishnan-Wang slope-limiting method, with constant: 0.001.
Scalar upwind solver for the turbulence model.
First order integration in space.
Average of gradients with correction (viscous flow terms).
Average of gradients with correction (viscous turbulence terms).
Gradient for upwind reconstruction: inverse-distance weighted Least-Squares.
Gradient for viscous and source terms: inverse-distance weighted Least-Squares.

--------------- Time Numerical Integration  ( Zone 0 ) ------------------
Unsteady simulation, dual time stepping strategy (second order in time).
Unsteady time step provided by the user (s): 2.5e-08.
Euler implicit method for the flow equations.
FGMRES is used for solving the linear system.
Using a ILU(0) preconditioning.
Convergence criteria of the linear solver: 0.0001.
Max number of linear iterations: 10.
No CFL adaptation.
Courant-Friedrichs-Lewy number:        2
Euler implicit time integration for the turbulence model.

------------------ Convergence Criteria  ( Zone 0 ) ---------------------
Maximum number of solver subiterations: 30.
Maximum number of physical time-steps: 5614.
Begin convergence monitoring at iteration 5.
Residual minimum value: 1e-12.
Cauchy series min. value: 1e-10.
Number of Cauchy elements: 100.
Begin windowed time average at iteration 4814.

-------------------- Output Information ( Zone 0 ) ----------------------
File writing frequency: 
+------------------------------------+
|                     File| Frequency|
+------------------------------------+
|                  RESTART|        50|
|           PARAVIEW_ASCII|       100|
|   SURFACE_PARAVIEW_ASCII|        10|
|              SURFACE_CSV|        10|
+------------------------------------+
Writing the convergence history file every 1 inner iterations.
Writing the convergence history file every 1 time iterations.
Writing the screen convergence history every 25 inner iterations.
Writing the screen convergence history every 1 time iterations.
The tabular file format is CSV (.csv).
Convergence history file name: history_npr20_production_cfl2_i30_from520.
Forces breakdown file name: forces_breakdown.dat.
Surface file name: wall_npr20_production_cfl2_i30_from520.
Volume file name: flow_npr20_production_cfl2_i30_from520.
Restart file name: restart_npr20_production_cfl2_i30_from520.

------------- Config File Boundary Information ( Zone 0 ) ---------------
+-----------------------------------------------------------------------+
|                        Marker Type|                        Marker Name|
+-----------------------------------------------------------------------+
|                          Far-field|                           FARFIELD|
+-----------------------------------------------------------------------+
|                     Symmetry plane|                               AXIS|
+-----------------------------------------------------------------------+
|                   Riemann boundary|                              INLET|
+-----------------------------------------------------------------------+
|                     Heat flux wall|                               WALL|
+-----------------------------------------------------------------------+

-------------------- Output Preprocessing ( Zone 0 ) --------------------

WARNING: SURFACE_PRESSURE_DROP can only be computed for at least 2 surfaces (outlet, inlet, ...)

Screen output fields: TIME_ITER, INNER_ITER, RMS_DENSITY, RMS_ENERGY, RMS_TKE, RMS_DISSIPATION
History output group(s): ITER, CUR_TIME, RMS_RES
Convergence field(s): RMS_DENSITY
Warning: No (valid) fields chosen for time convergence monitoring. Time convergence monitoring inactive.
Volume output fields: COORDINATES, SOLUTION, PRIMITIVE

------------------- Geometry Preprocessing ( Zone 0 ) -------------------
Two dimensional problem.
208430 grid points before partitioning.
311958 volume elements before partitioning.
4 surface markers.
800 boundary elements in index 0 (Marker = WALL).
128 boundary elements in index 1 (Marker = INLET).
1261 boundary elements in index 2 (Marker = AXIS).
311 boundary elements in index 3 (Marker = FARFIELD).
Executing the partitioning functions.
Building the graph adjacency structure.
Calling ParMETIS... graph partitioning complete (1583 edge cuts).
Distributing ParMETIS coloring.
Rebalancing vertices.
Rebalancing volume element connectivity.
Rebalancing markers and surface elements.
210382 vertices including ghost points. 
313537 interior elements including halo cells. 
210774 triangles.
102763 quadrilaterals.
Establishing MPI communication patterns.
Setting point connectivity.
Renumbering points (Reverse Cuthill McKee Ordering).
Recomputing point connectivity.
Setting element connectivity.
Checking the numerical grid orientation.
All volume elements are correctly oriented.
All surface elements are correctly oriented.
Identifying edges and vertices.
Setting the control volume structure.
Area of the computational grid: 0.61267.
Searching for the closest normal neighbors to the surfaces.
Storing a mapping from global to local point index.
Compute the surface curvature.
Max K: 10069.8. Mean K: 21.6169. Standard deviation K: 398.532.
Computing mesh quality statistics for the dual control volumes.
+--------------------------------------------------------------+
|           Mesh Quality Metric|        Minimum|        Maximum|
+--------------------------------------------------------------+
|    Orthogonality Angle (deg.)|        45.8271|             90|
|     CV Face Area Aspect Ratio|              1|        681.684|
|           CV Sub-Volume Ratio|              1|        227.251|
+--------------------------------------------------------------+
Finding max control volume width.
Communicating number of neighbors.
Wetted area = 0.03293 m^2.
Area projection in the x-plane = 0.00999917 m, y-plane = 0.1477 m.
Max. coordinate in the x-direction = 0.12502 m, y-direction = 0.0547723 m.
Min. coordinate in the x-direction = -0.02268 m, y-direction = 0.0100004 m.
Computing wall distances.

-------------------- Solver Preprocessing ( Zone 0 ) --------------------
Viscous flow: Computing pressure using the ideal gas law
based on the free-stream temperature and a density computed
from the Reynolds number.
Force coefficients computed using free-stream values.

-- Models:
+------------------------------------------------------------------------------+
|          Viscosity Model|        Conductivity Model|              Fluid Model|
+------------------------------------------------------------------------------+
|               SUTHERLAND|          CONSTANT_PRANDTL|                IDEAL_GAS|
+------------------------------------------------------------------------------+
-- Fluid properties:
+------------------------------------------------------------------------------+
|                  Name|    Dim. value|    Ref. value|      Unit|Non-dim. value|
+------------------------------------------------------------------------------+
|        Ref. Viscosity|    0.00010707|             1|   N.s/m^2|    0.00010707|
|      Sutherland Temp.|       3312.09|             1|         K|       3312.09|
|     Sutherland Const.|       683.036|             1|         K|       683.036|
+------------------------------------------------------------------------------+
|        Prandtl (Lam.)|             -|             -|         -|        0.6738|
|       Prandtl (Turb.)|             -|             -|         -|           0.9|
+------------------------------------------------------------------------------+
|          Gas Constant|         390.6|             1|  N.m/kg.K|         390.6|
|      Spec. Heat Ratio|             -|             -|         -|       1.19829|
+------------------------------------------------------------------------------+
-- Initial and free-stream conditions:
+------------------------------------------------------------------------------+
|                  Name|    Dim. value|    Ref. value|      Unit|Non-dim. value|
+------------------------------------------------------------------------------+
|       Static Pressure|        260000|             1|        Pa|        260000|
|               Density|       2.21881|             1|    kg/m^3|       2.21881|
|           Temperature|           300|             1|         K|           300|
|          Total Energy|        590940|             1|   m^2/s^2|        590940|
|            Velocity-X|      0.374721|             1|       m/s|      0.374721|
|            Velocity-Y|             0|             1|       m/s|             0|
|    Velocity Magnitude|      0.374721|             1|       m/s|      0.374721|
+------------------------------------------------------------------------------+
|             Viscosity|    1.1862e-05|             1|   N.s/m^2|    1.1862e-05|
|          Conductivity|             -|             1|   W/m^2.K|             -|
|     Turb. Kin. Energy|   2.10624e-05|             1|   m^2/s^2|   2.10624e-05|
|     Spec. Dissipation|      0.393977|             1|       1/s|      0.393977|
+------------------------------------------------------------------------------+
|           Mach Number|             -|             -|         -|         0.001|
|       Reynolds Number|             -|             -|         -|       70092.4|
+------------------------------------------------------------------------------+
-- Unsteady conditions
+------------------------------------------------------------------------------+
|                  Name|    Dim. value|    Ref. value|      Unit|Non-dim. value|
+------------------------------------------------------------------------------+
|            Total Time|             1|             1|         s|             1|
|             Time Step|       2.5e-08|             1|         s|       2.5e-08|
+------------------------------------------------------------------------------+
Initialize Jacobian structure (Navier-Stokes). MG level: 0.
Initialize Jacobian structure (SST model).

------------------- Numerics Preprocessing ( Zone 0 ) -------------------

----------------- Integration Preprocessing ( Zone 0 ) ------------------

------------------- Iteration Preprocessing ( Zone 0 ) ------------------
Euler/Navier-Stokes/RANS fluid iteration.

------------------------------ Begin Solver -----------------------------

Simulation Run using the Single-zone Driver
The simulation will run for 800 time steps.
+-----------------------------------------------------------------------------+
|   Time_Iter|  Inner_Iter|    rms[Rho]|   rms[RhoE]|      rms[k]|      rms[w]|
+-----------------------------------------------------------------------------+
|        4814|           0|   -1.472262|    4.465670|    2.184452|    5.098257|
|        4814|          25|   -5.511567|    1.166257|   -0.877623|    5.266109|
|        4814|          29|   -5.602482|    1.143288|   -0.988355|    5.264555|
+-----------------------------------------------------------------------------+
|   Time_Iter|  Inner_Iter|    rms[Rho]|   rms[RhoE]|      rms[k]|      rms[w]|
+-----------------------------------------------------------------------------+
|        4815|           0|   -1.472234|    4.465474|    2.184471|    5.270851|
|        4815|          25|   -5.508765|    1.173756|   -1.293953|    5.122293|
|        4815|          29|   -5.598053|    1.152006|   -1.399399|    5.120800|
+-----------------------------------------------------------------------------+
|   Time_Iter|  Inner_Iter|    rms[Rho]|   rms[RhoE]|      rms[k]|      rms[w]|
+-----------------------------------------------------------------------------+
|        4816|           0|   -1.472204|    4.465490|    2.184500|    5.131831|
|        4816|          25|   -5.505015|    1.184376|   -1.279584|    5.139188|
|        4816|          29|   -5.592281|    1.163816|   -1.385846|    5.137581|
+-----------------------------------------------------------------------------+
|   Time_Iter|  Inner_Iter|    rms[Rho]|   rms[RhoE]|      rms[k]|      rms[w]|
+-----------------------------------------------------------------------------+
|        4817|           0|   -1.472172|    4.465622|    2.184538|    5.147124|
|        4817|          25|   -5.500602|    1.196388|   -1.275212|    5.154512|
|        4817|          29|   -5.585834|    1.176718|   -1.381757|    5.152463|
+-----------------------------------------------------------------------------+
|   Time_Iter|  Inner_Iter|    rms[Rho]|   rms[RhoE]|      rms[k]|      rms[w]|
+-----------------------------------------------------------------------------+
|        4818|           0|   -1.472143|    4.465555|    2.184585|    5.162044|
|        4818|          25|   -5.496133|    1.208207|   -1.273327|    5.166420|
|        4818|          29|   -5.579592|    1.189129|   -1.380096|    5.163860|
+-----------------------------------------------------------------------------+
|   Time_Iter|  Inner_Iter|    rms[Rho]|   rms[RhoE]|      rms[k]|      rms[w]|
+-----------------------------------------------------------------------------+
|        4819|           0|   -1.472113|    4.465504|    2.184639|    5.173398|
|        4819|          25|   -5.491801|    1.218665|   -1.272399|    5.174196|
|        4819|          29|   -5.573924|    1.199855|   -1.379244|    5.171040|
+-----------------------------------------------------------------------------+
|   Time_Iter|  Inner_Iter|    rms[Rho]|   rms[RhoE]|      rms[k]|      rms[w]|
+-----------------------------------------------------------------------------+
|        4820|           0|   -1.472083|    4.465441|    2.184696|    5.180615|
|        4820|          25|   -5.488132|    1.226910|   -1.271666|    5.177449|
|        4820|          29|   -5.569475|    1.208084|   -1.378573|    5.173671|
+-----------------------------------------------------------------------+
|        File Writing Summary       |              Filename             |
+-----------------------------------------------------------------------+
|Paraview ASCII surface             |wall_npr20_production_cfl2_i30_from520_04820.vtk|
|CSV file                           |wall_npr20_production_cfl2_i30_from520_04820.csv|
+-----------------------------------------------------------------------+
+-----------------------------------------------------------------------------+
|   Time_Iter|  Inner_Iter|    rms[Rho]|   rms[RhoE]|      rms[k]|      rms[w]|
+-----------------------------------------------------------------------------+
|        4821|           0|   -1.472053|    4.465403|    2.184744|    5.183360|
|        4821|          25|   -5.485451|    1.232480|   -1.271088|    5.176203|
|        4821|          29|   -5.566563|    1.213400|   -1.378025|    5.171839|
+-----------------------------------------------------------------------------+
|   Time_Iter|  Inner_Iter|    rms[Rho]|   rms[RhoE]|      rms[k]|      rms[w]|
+-----------------------------------------------------------------------------+
|        4822|           0|   -1.472022|    4.465447|    2.184784|    5.181712|
|        4822|          25|   -5.484149|    1.234941|   -1.270501|    5.170952|
|        4822|          29|   -5.565563|    1.215379|   -1.377461|    5.166100|
+-----------------------------------------------------------------------------+
|   Time_Iter|  Inner_Iter|    rms[Rho]|   rms[RhoE]|      rms[k]|      rms[w]|
+-----------------------------------------------------------------------------+
|        4823|           0|   -1.471989|    4.465601|    2.184816|    5.176217|
|        4823|          25|   -5.484649|    1.234095|   -1.268874|    5.163262|
|        4823|          29|   -5.566792|    1.213912|   -1.375170|    5.158392|
+-----------------------------------------------------------------------------+
|   Time_Iter|  Inner_Iter|    rms[Rho]|   rms[RhoE]|      rms[k]|      rms[w]|
+-----------------------------------------------------------------------------+
|        4824|           0|   -1.471955|    4.465827|    2.184846|    5.168810|
|        4824|          25|   -5.486874|    1.229990|   -1.269613|    5.152703|
|        4824|          29|   -5.570035|    1.209172|   -1.376616|    5.147079|
+-----------------------------------------------------------------------------+
|   Time_Iter|  Inner_Iter|    rms[Rho]|   rms[RhoE]|      rms[k]|      rms[w]|
+-----------------------------------------------------------------------------+
|        4825|           0|   -1.471921|    4.466034|    2.184885|    5.157610|
|        4825|          25|   -5.490130|    1.223128|   -1.269044|    5.138314|
|        4825|          29|   -5.574582|    1.201615|   -1.376115|    5.132067|
+-----------------------------------------------------------------------------+
|   Time_Iter|  Inner_Iter|    rms[Rho]|   rms[RhoE]|      rms[k]|      rms[w]|
+-----------------------------------------------------------------------------+
|        4826|           0|   -1.471890|    4.466045|    2.184918|    5.142814|
|        4826|          25|   -5.493690|    1.214652|   -1.268629|    5.122647|
|        4826|          29|   -5.579568|    1.192392|   -1.375745|    5.116391|
+-----------------------------------------------------------------------------+
|   Time_Iter|  Inner_Iter|    rms[Rho]|   rms[RhoE]|      rms[k]|      rms[w]|
+-----------------------------------------------------------------------------+
|        4827|           0|   -1.471859|    4.466054|    2.184944|    5.127517|
|        4827|          25|   -5.497635|    1.204281|   -1.268170|    5.107270|
|        4827|          29|   -5.585180|    1.181166|   -1.375274|    5.101356|
+-----------------------------------------------------------------------------+
|   Time_Iter|  Inner_Iter|    rms[Rho]|   rms[RhoE]|      rms[k]|      rms[w]|
+-----------------------------------------------------------------------------+
|        4828|           0|   -1.471826|    4.466209|    2.184975|    5.112887|
|        4828|          25|   -5.501842|    1.192293|   -1.267644|    5.094358|
|        4828|          29|   -5.591201|    1.168304|   -1.374717|    5.088790|
+-----------------------------------------------------------------------------+
|   Time_Iter|  Inner_Iter|    rms[Rho]|   rms[RhoE]|      rms[k]|      rms[w]|
+-----------------------------------------------------------------------------+
|        4829|           0|   -1.471793|    4.466451|    2.185012|    5.100458|
|        4829|          25|   -5.506562|    1.177863|   -1.267078|    5.086637|
|        4829|          29|   -5.598191|    1.152654|   -1.374102|    5.080468|
+-----------------------------------------------------------------------------+
|   Time_Iter|  Inner_Iter|    rms[Rho]|   rms[RhoE]|      rms[k]|      rms[w]|
+-----------------------------------------------------------------------------+
|        4830|           0|   -1.471759|    4.466621|    2.185028|    5.091582|
|        4830|          25|   -5.510076|    1.164675|   -1.266412|    5.070596|
|        4830|          29|   -5.603458|    1.138896|   -1.373349|    5.064909|
+-----------------------------------------------------------------------+
|        File Writing Summary       |              Filename             |
+-----------------------------------------------------------------------+
|Paraview ASCII surface             |wall_npr20_production_cfl2_i30_from520_04830.vtk|
|CSV file                           |wall_npr20_production_cfl2_i30_from520_04830.csv|
+-----------------------------------------------------------------------+
+-----------------------------------------------------------------------------+
|   Time_Iter|  Inner_Iter|    rms[Rho]|   rms[RhoE]|      rms[k]|      rms[w]|
+-----------------------------------------------------------------------------+
|        4831|           0|   -1.471725|    4.466752|    2.185045|    5.076014|
|        4831|          25|   -5.512074|    1.154688|   -1.265663|    5.062618|
|        4831|          29|   -5.606685|    1.128641|   -1.372483|    5.058182|
+-----------------------------------------------------------------------------+
|   Time_Iter|  Inner_Iter|    rms[Rho]|   rms[RhoE]|      rms[k]|      rms[w]|
+-----------------------------------------------------------------------------+
|        4832|           0|   -1.471691|    4.466874|    2.185065|    5.069393|
|        4832|          25|   -5.512972|    1.148459|   -1.264859|    5.063441|
|        4832|          29|   -5.608192|    1.122586|   -1.371561|    5.060178|
+-----------------------------------------------------------------------------+
|   Time_Iter|  Inner_Iter|    rms[Rho]|   rms[RhoE]|      rms[k]|      rms[w]|
+-----------------------------------------------------------------------------+
|        4833|           0|   -1.471658|    4.466973|    2.185067|    5.071269|
|        4833|          25|   -5.512971|    1.146585|   -1.264030|    5.071800|
|        4833|          29|   -5.608067|    1.121330|   -1.370616|    5.069455|
+-----------------------------------------------------------------------------+
|   Time_Iter|  Inner_Iter|    rms[Rho]|   rms[RhoE]|      rms[k]|      rms[w]|
+-----------------------------------------------------------------------------+
|        4834|           0|   -1.471624|    4.467057|    2.185065|    5.080257|
|        4834|          25|   -5.512080|    1.149179|   -1.263122|    5.085481|
|        4834|          29|   -5.606296|    1.124930|   -1.369797|    5.083694|
+-----------------------------------------------------------------------------+
|   Time_Iter|  Inner_Iter|    rms[Rho]|   rms[RhoE]|      rms[k]|      rms[w]|
+-----------------------------------------------------------------------------+
|        4835|           0|   -1.471591|    4.467134|    2.185070|    5.094130|
|        4835|          25|   -5.510109|    1.155779|   -1.262336|    5.102151|
|        4835|          29|   -5.602872|    1.132711|   -1.368901|    5.100560|
+-----------------------------------------------------------------------------+
|   Time_Iter|  Inner_Iter|    rms[Rho]|   rms[RhoE]|      rms[k]|      rms[w]|
+-----------------------------------------------------------------------------+
|        4836|           0|   -1.471561|    4.467009|    2.185084|    5.110643|
|        4836|          25|   -5.507144|    1.165424|   -1.261538|    5.118315|
|        4836|          29|   -5.598105|    1.143518|   -1.368261|    5.116514|
+-----------------------------------------------------------------------------+
|   Time_Iter|  Inner_Iter|    rms[Rho]|   rms[RhoE]|      rms[k]|      rms[w]|
+-----------------------------------------------------------------------------+
|        4837|           0|   -1.471530|    4.466893|    2.185105|    5.126349|
|        4837|          25|   -5.503723|    1.176549|   -1.260892|    5.133123|
|        4837|          29|   -5.592816|    1.155578|   -1.367644|    5.131050|
+-----------------------------------------------------------------------------+
|   Time_Iter|  Inner_Iter|    rms[Rho]|   rms[RhoE]|      rms[k]|      rms[w]|
+-----------------------------------------------------------------------------+
|        4838|           0|   -1.471497|    4.466927|    2.185127|    5.140734|
|        4838|          25|   -5.499995|    1.187743|   -1.260320|    5.144957|
|        4838|          29|   -5.587370|    1.167438|   -1.367131|    5.142438|
+-----------------------------------------------------------------------------+
|   Time_Iter|  Inner_Iter|    rms[Rho]|   rms[RhoE]|      rms[k]|      rms[w]|
+-----------------------------------------------------------------------------+
|        4839|           0|   -1.471462|    4.467127|    2.185160|    5.152062|
|        4839|          25|   -5.496609|    1.197854|   -1.259763|    5.153191|
|        4839|          29|   -5.582618|    1.177930|   -1.366621|    5.150139|
+-----------------------------------------------------------------------------+
|   Time_Iter|  Inner_Iter|    rms[Rho]|   rms[RhoE]|      rms[k]|      rms[w]|
+-----------------------------------------------------------------------------+
|        4840|           0|   -1.471427|    4.467413|    2.185203|    5.159781|
|        4840|          25|   -5.493601|    1.206106|   -1.259275|    5.157372|
|        4840|          29|   -5.578679|    1.186286|   -1.366241|    5.153753|
+-----------------------------------------------------------------------+
|        File Writing Summary       |              Filename             |
+-----------------------------------------------------------------------+
|Paraview ASCII surface             |wall_npr20_production_cfl2_i30_from520_04840.vtk|
|CSV file                           |wall_npr20_production_cfl2_i30_from520_04840.csv|
+-----------------------------------------------------------------------+
+-----------------------------------------------------------------------------+
|   Time_Iter|  Inner_Iter|    rms[Rho]|   rms[RhoE]|      rms[k]|      rms[w]|
+-----------------------------------------------------------------------------+
|        4841|           0|   -1.471391|    4.467727|    2.185265|    5.163486|
|        4841|          25|   -5.491374|    1.211958|   -1.258847|    5.157406|
|        4841|          29|   -5.576029|    1.192006|   -1.365785|    5.153239|
+-----------------------------------------------------------------------------+
|   Time_Iter|  Inner_Iter|    rms[Rho]|   rms[RhoE]|      rms[k]|      rms[w]|
+-----------------------------------------------------------------------------+
|        4842|           0|   -1.471357|    4.467891|    2.185321|    5.163128|
|        4842|          25|   -5.490304|    1.215113|   -1.257039|    5.153584|
|        4842|          29|   -5.575011|    1.194796|   -1.363982|    5.148946|
+-----------------------------------------------------------------------------+
|   Time_Iter|  Inner_Iter|    rms[Rho]|   rms[RhoE]|      rms[k]|      rms[w]|
+-----------------------------------------------------------------------------+
|        4843|           0|   -1.471323|    4.468037|    2.185358|    5.159053|
|        4843|          25|   -5.490891|    1.215104|   -1.258031|    5.146538|
|        4843|          29|   -5.576018|    1.194336|   -1.365040|    5.141478|
+-----------------------------------------------------------------------------+
|   Time_Iter|  Inner_Iter|    rms[Rho]|   rms[RhoE]|      rms[k]|      rms[w]|
+-----------------------------------------------------------------------------+
|        4844|           0|   -1.471290|    4.468016|    2.185381|    5.151836|
|        4844|          25|   -5.492905|    1.211965|   -1.257626|    5.138157|
|        4844|          29|   -5.578859|    1.190554|   -1.364656|    5.132690|
+-----------------------------------------------------------------------------+
|   Time_Iter|  Inner_Iter|    rms[Rho]|   rms[RhoE]|      rms[k]|      rms[w]|
+-----------------------------------------------------------------------------+
|        4845|           0|   -1.471257|    4.468061|    2.185397|    5.143211|
|        4845|          25|   -5.495838|    1.206245|   -1.257302|    5.125864|
|        4845|          29|   -5.582919|    1.184102|   -1.364368|    5.120008|
+-----------------------------------------------------------------------------+
|   Time_Iter|  Inner_Iter|    rms[Rho]|   rms[RhoE]|      rms[k]|      rms[w]|
+-----------------------------------------------------------------------------+
|        4846|           0|   -1.471225|    4.468086|    2.185406|    5.130724|
|        4846|          25|   -5.499312|    1.198590|   -1.257033|    5.110846|
|        4846|          29|   -5.587651|    1.175806|   -1.364142|    5.105030|
+-----------------------------------------------------------------------------+
|   Time_Iter|  Inner_Iter|    rms[Rho]|   rms[RhoE]|      rms[k]|      rms[w]|
+-----------------------------------------------------------------------------+
|        4847|           0|   -1.471194|    4.467996|    2.185420|    5.116030|
|        4847|          25|   -5.503163|    1.189248|   -1.256658|    5.095631|
|        4847|          29|   -5.592970|    1.165704|   -1.363767|    5.089764|
+-----------------------------------------------------------------------------+
|   Time_Iter|  Inner_Iter|    rms[Rho]|   rms[RhoE]|      rms[k]|      rms[w]|
+-----------------------------------------------------------------------------+
|        4848|           0|   -1.471164|    4.467833|    2.185435|    5.101243|
|        4848|          25|   -5.507166|    1.178238|   -1.256293|    5.082370|
|        4848|          29|   -5.598683|    1.153838|   -1.363372|    5.076758|
+-----------------------------------------------------------------------------+
|   Time_Iter|  Inner_Iter|    rms[Rho]|   rms[RhoE]|      rms[k]|      rms[w]|
+-----------------------------------------------------------------------------+
|        4849|           0|   -1.471136|    4.467642|    2.185446|    5.088455|
|        4849|          25|   -5.511542|    1.165351|   -1.255915|    5.074279|
|        4849|          29|   -5.605157|    1.139716|   -1.362915|    5.069330|
+-----------------------------------------------------------------------+
|        File Writing Summary       |              Filename             |
+-----------------------------------------------------------------------+
|SU2 binary restart                 |restart_npr20_production_cfl2_i30_from520_04849.dat|
+-----------------------------------------------------------------------+
+-----------------------------------------------------------------------------+
|   Time_Iter|  Inner_Iter|    rms[Rho]|   rms[RhoE]|      rms[k]|      rms[w]|
+-----------------------------------------------------------------------------+
|        4850|           0|   -1.471110|    4.467311|    2.185452|    5.080879|
|        4850|          25|   -5.515888|    1.151652|   -1.255369|    5.060028|
|        4850|          29|   -5.611397|    1.125257|   -1.362330|    5.053806|
+-----------------------------------------------------------------------+
|        File Writing Summary       |              Filename             |
+-----------------------------------------------------------------------+
|SU2 binary restart                 |restart_npr20_production_cfl2_i30_from520_04850.dat|
|Paraview ASCII surface             |wall_npr20_production_cfl2_i30_from520_04850.vtk|
|CSV file                           |wall_npr20_production_cfl2_i30_from520_04850.csv|
+-----------------------------------------------------------------------+
+-----------------------------------------------------------------------------+
|   Time_Iter|  Inner_Iter|    rms[Rho]|   rms[RhoE]|      rms[k]|      rms[w]|
+-----------------------------------------------------------------------------+
|        4851|           0|   -1.471086|    4.466838|    2.185473|    5.064926|
|        4851|          25|   -5.518959|    1.140457|   -1.254815|    5.047825|
|        4851|          29|   -5.615893|    1.113622|   -1.361682|    5.042808|
+-----------------------------------------------------------------------------+
|   Time_Iter|  Inner_Iter|    rms[Rho]|   rms[RhoE]|      rms[k]|      rms[w]|
+-----------------------------------------------------------------------------+
|        4852|           0|   -1.471062|    4.466371|    2.185508|    5.054123|
|        4852|          25|   -5.521065|    1.132425|   -1.254212|    5.044171|
|        4852|          29|   -5.618858|    1.105513|   -1.360994|    5.040288|
+-----------------------------------------------------------------------------+
|   Time_Iter|  Inner_Iter|    rms[Rho]|   rms[RhoE]|      rms[k]|      rms[w]|
+-----------------------------------------------------------------------------+
|        4853|           0|   -1.471037|    4.465994|    2.185519|    5.051593|
|        4853|          25|   -5.522392|    1.128203|   -1.253679|    5.048342|
|        4853|          29|   -5.620351|    1.101684|   -1.360380|    5.045459|
+-----------------------------------------------------------------------------+
|   Time_Iter|  Inner_Iter|    rms[Rho]|   rms[RhoE]|      rms[k]|      rms[w]|
+-----------------------------------------------------------------------------+
|        4854|           0|   -1.471012|    4.465633|    2.185526|    5.056557|
|        4854|          25|   -5.522841|    1.128128|   -1.252989|    5.058810|
|        4854|          29|   -5.620262|    1.102431|   -1.359681|    5.056638|
+-----------------------------------------------------------------------------+
|   Time_Iter|  Inner_Iter|    rms[Rho]|   rms[RhoE]|      rms[k]|      rms[w]|
+-----------------------------------------------------------------------------+
|        4855|           0|   -1.470986|    4.465381|    2.185533|    5.067398|
|        4855|          25|   -5.522169|    1.132145|   -1.252393|    5.073341|
|        4855|          29|   -5.618426|    1.107543|   -1.359041|    5.071570|
+-----------------------------------------------------------------------------+
|   Time_Iter|  Inner_Iter|    rms[Rho]|   rms[RhoE]|      rms[k]|      rms[w]|
+-----------------------------------------------------------------------------+
|        4856|           0|   -1.470959|    4.465251|    2.185547|    5.081967|
|        4856|          25|   -5.520470|    1.139520|   -1.251826|    5.089203|
|        4856|          29|   -5.615148|    1.116112|   -1.358389|    5.087306|
+-----------------------------------------------------------------------------+
|   Time_Iter|  Inner_Iter|    rms[Rho]|   rms[RhoE]|      rms[k]|      rms[w]|
+-----------------------------------------------------------------------------+
|        4857|           0|   -1.470930|    4.465355|    2.185563|    5.097358|
|        4857|          25|   -5.517991|    1.149256|   -1.251374|    5.103948|
|        4857|          29|   -5.610892|    1.126902|   -1.358135|    5.102011|
+-----------------------------------------------------------------------------+
|   Time_Iter|  Inner_Iter|    rms[Rho]|   rms[RhoE]|      rms[k]|      rms[w]|
+-----------------------------------------------------------------------------+
|        4858|           0|   -1.470900|    4.465422|    2.185583|    5.111889|
|        4858|          25|   -5.515067|    1.159812|   -1.251064|    5.117013|
|        4858|          29|   -5.606211|    1.138295|   -1.357893|    5.114701|
+-----------------------------------------------------------------------------+
|   Time_Iter|  Inner_Iter|    rms[Rho]|   rms[RhoE]|      rms[k]|      rms[w]|
+-----------------------------------------------------------------------------+
|        4859|           0|   -1.470870|    4.465551|    2.185611|    5.124457|
|        4859|          25|   -5.512133|    1.170054|   -1.250658|    5.127110|
|        4859|          29|   -5.601753|    1.149123|   -1.357465|    5.124373|
+-----------------------------------------------------------------------------+
|   Time_Iter|  Inner_Iter|    rms[Rho]|   rms[RhoE]|      rms[k]|      rms[w]|
+-----------------------------------------------------------------------------+
|        4860|           0|   -1.470840|    4.465677|    2.185638|    5.134094|
|        4860|          25|   -5.509614|    1.179052|   -1.250344|    5.133813|
|        4860|          29|   -5.597995|    1.158458|   -1.357258|    5.130584|
+-----------------------------------------------------------------------+
|        File Writing Summary       |              Filename             |
+-----------------------------------------------------------------------+
|Paraview ASCII surface             |wall_npr20_production_cfl2_i30_from520_04860.vtk|
|CSV file                           |wall_npr20_production_cfl2_i30_from520_04860.csv|
+-----------------------------------------------------------------------+
+-----------------------------------------------------------------------------+
|   Time_Iter|  Inner_Iter|    rms[Rho]|   rms[RhoE]|      rms[k]|      rms[w]|
+-----------------------------------------------------------------------------+
|        4861|           0|   -1.470810|    4.465816|    2.185670|    5.140341|
|        4861|          25|   -5.507625|    1.186179|   -1.249970|    5.136832|
|        4861|          29|   -5.595202|    1.165674|   -1.356920|    5.133093|
+-----------------------------------------------------------------------------+
|   Time_Iter|  Inner_Iter|    rms[Rho]|   rms[RhoE]|      rms[k]|      rms[w]|
+-----------------------------------------------------------------------------+
|        4862|           0|   -1.470779|    4.465993|    2.185707|    5.142950|
|        4862|          25|   -5.506618|    1.190974|   -1.249573|    5.136132|
|        4862|          29|   -5.593798|    1.170358|   -1.356515|    5.131911|
+-----------------------------------------------------------------------------+
|   Time_Iter|  Inner_Iter|    rms[Rho]|   rms[RhoE]|      rms[k]|      rms[w]|
+-----------------------------------------------------------------------------+
|        4863|           0|   -1.470748|    4.466096|    2.185741|    5.141932|
|        4863|          25|   -5.506808|    1.193197|   -1.249330|    5.132020|
|        4863|          29|   -5.593966|    1.172261|   -1.356317|    5.127350|
+-----------------------------------------------------------------------------+
|   Time_Iter|  Inner_Iter|    rms[Rho]|   rms[RhoE]|      rms[k]|      rms[w]|
+-----------------------------------------------------------------------------+
|        4864|           0|   -1.470718|    4.466039|    2.185789|    5.137580|
|        4864|          25|   -5.508247|    1.192532|   -1.244820|    5.124893|
|        4864|          29|   -5.595735|    1.171192|   -1.349250|    5.119812|
+-----------------------------------------------------------------------------+
|   Time_Iter|  Inner_Iter|    rms[Rho]|   rms[RhoE]|      rms[k]|      rms[w]|
+-----------------------------------------------------------------------------+
|        4865|           0|   -1.470690|    4.465898|    2.185854|    5.130277|
|        4865|          25|   -5.510898|    1.188981|   -1.248759|    5.116491|
|        4865|          29|   -5.599093|    1.167117|   -1.355856|    5.111197|
+-----------------------------------------------------------------------------+
|   Time_Iter|  Inner_Iter|    rms[Rho]|   rms[RhoE]|      rms[k]|      rms[w]|
+-----------------------------------------------------------------------------+
|        4866|           0|   -1.470660|    4.465833|    2.185919|    5.121884|
|        4866|          25|   -5.514413|    1.182998|   -1.244497|    5.104825|
|        4866|          29|   -5.603689|    1.160416|   -1.349169|    5.098920|
+-----------------------------------------------------------------------------+
|   Time_Iter|  Inner_Iter|    rms[Rho]|   rms[RhoE]|      rms[k]|      rms[w]|
+-----------------------------------------------------------------------------+
|        4867|           0|   -1.470631|    4.465585|    2.185986|    5.109680|
|        4867|          25|   -5.518299|    1.175461|   -1.248261|    5.090425|
|        4867|          29|   -5.608688|    1.152323|   -1.355401|    5.084406|
+-----------------------------------------------------------------------------+
|   Time_Iter|  Inner_Iter|    rms[Rho]|   rms[RhoE]|      rms[k]|      rms[w]|
+-----------------------------------------------------------------------------+
|        4868|           0|   -1.470602|    4.465351|    2.186055|    5.095576|
|        4868|          25|   -5.522498|    1.166171|   -1.248116|    5.076039|
|        4868|          29|   -5.614329|    1.142270|   -1.355247|    5.070284|
+-----------------------------------------------------------------------------+
|   Time_Iter|  Inner_Iter|    rms[Rho]|   rms[RhoE]|      rms[k]|      rms[w]|
+-----------------------------------------------------------------------------+
|        4869|           0|   -1.470572|    4.465158|    2.186115|    5.081863|
|        4869|          25|   -5.527226|    1.155278|   -1.247901|    5.063400|
|        4869|          29|   -5.620696|    1.130567|   -1.355004|    5.057809|
+-----------------------------------------------------------------------------+
|   Time_Iter|  Inner_Iter|    rms[Rho]|   rms[RhoE]|      rms[k]|      rms[w]|
+-----------------------------------------------------------------------------+
|        4870|           0|   -1.470540|    4.465078|    2.186150|    5.069569|
|        4870|          25|   -5.532142|    1.142545|   -1.247608|    5.055792|
|        4870|          29|   -5.627621|    1.116666|   -1.354646|    5.050585|
+-----------------------------------------------------------------------+
|        File Writing Summary       |              Filename             |
+-----------------------------------------------------------------------+
|Paraview ASCII surface             |wall_npr20_production_cfl2_i30_from520_04870.vtk|
|CSV file                           |wall_npr20_production_cfl2_i30_from520_04870.csv|
+-----------------------------------------------------------------------+
+-----------------------------------------------------------------------------+
|   Time_Iter|  Inner_Iter|    rms[Rho]|   rms[RhoE]|      rms[k]|      rms[w]|
+-----------------------------------------------------------------------------+
|        4871|           0|   -1.470506|    4.465126|    2.186175|    5.062144|
|        4871|          25|   -5.537076|    1.129296|   -1.247187|    5.041143|
|        4871|          29|   -5.634357|    1.102718|   -1.354178|    5.035025|
+-----------------------------------------------------------------------------+
|   Time_Iter|  Inner_Iter|    rms[Rho]|   rms[RhoE]|      rms[k]|      rms[w]|
+-----------------------------------------------------------------------------+
|        4872|           0|   -1.470470|    4.465272|    2.186195|    5.046272|
|        4872|          25|   -5.541042|    1.118323|   -1.246732|    5.029220|
|        4872|          29|   -5.639649|    1.091340|   -1.353668|    5.024210|
+-----------------------------------------------------------------------------+
|   Time_Iter|  Inner_Iter|    rms[Rho]|   rms[RhoE]|      rms[k]|      rms[w]|
+-----------------------------------------------------------------------------+
|        4873|           0|   -1.470434|    4.465456|    2.186216|    5.035669|
|        4873|          25|   -5.544172|    1.110281|   -1.246245|    5.025310|
|        4873|          29|   -5.643536|    1.083248|   -1.353161|    5.021319|
+-----------------------------------------------------------------------------+
|   Time_Iter|  Inner_Iter|    rms[Rho]|   rms[RhoE]|      rms[k]|      rms[w]|
+-----------------------------------------------------------------------------+
|        4874|           0|   -1.470397|    4.465694|    2.186235|    5.032767|
|        4874|          25|   -5.546477|    1.105804|   -1.245774|    5.028649|
|        4874|          29|   -5.645918|    1.079171|   -1.352656|    5.025652|
+-----------------------------------------------------------------------------+
|   Time_Iter|  Inner_Iter|    rms[Rho]|   rms[RhoE]|      rms[k]|      rms[w]|
+-----------------------------------------------------------------------------+
|        4875|           0|   -1.470360|    4.465949|    2.186255|    5.036915|
|        4875|          25|   -5.547787|    1.105264|   -1.245285|    5.038131|
|        4875|          29|   -5.646630|    1.079430|   -1.352191|    5.035817|
+-----------------------------------------------------------------------------+
|   Time_Iter|  Inner_Iter|    rms[Rho]|   rms[RhoE]|      rms[k]|      rms[w]|
+-----------------------------------------------------------------------------+
|        4876|           0|   -1.470324|    4.466196|    2.186278|    5.046753|
|        4876|          25|   -5.548060|    1.108569|   -1.244798|    5.051678|
|        4876|          29|   -5.645738|    1.083796|   -1.351641|    5.049760|
+-----------------------------------------------------------------------------+
|   Time_Iter|  Inner_Iter|    rms[Rho]|   rms[RhoE]|      rms[k]|      rms[w]|
+-----------------------------------------------------------------------------+
|        4877|           0|   -1.470287|    4.466475|    2.186313|    5.060327|
|        4877|          25|   -5.547280|    1.115108|   -1.244308|    5.066488|
|        4877|          29|   -5.643357|    1.091478|   -1.351224|    5.064613|
+-----------------------------------------------------------------------------+
|   Time_Iter|  Inner_Iter|    rms[Rho]|   rms[RhoE]|      rms[k]|      rms[w]|
+-----------------------------------------------------------------------------+
|        4878|           0|   -1.470250|    4.466768|    2.186353|    5.074866|
|        4878|          25|   -5.545739|    1.123958|   -1.243939|    5.080520|
|        4878|          29|   -5.639970|    1.101422|   -1.350878|    5.078528|
+-----------------------------------------------------------------------------+
|   Time_Iter|  Inner_Iter|    rms[Rho]|   rms[RhoE]|      rms[k]|      rms[w]|
+-----------------------------------------------------------------------------+
|        4879|           0|   -1.470213|    4.467038|    2.186399|    5.088576|
|        4879|          25|   -5.543818|    1.133756|   -1.242652|    5.093325|
|        4879|          29|   -5.636198|    1.112089|   -1.349031|    5.090991|
+-----------------------------------------------------------------------------+
|   Time_Iter|  Inner_Iter|    rms[Rho]|   rms[RhoE]|      rms[k]|      rms[w]|
+-----------------------------------------------------------------------------+
|        4880|           0|   -1.470177|    4.467253|    2.186448|    5.100881|
|        4880|          25|   -5.541776|    1.143431|   -1.243295|    5.103334|
|        4880|          29|   -5.632474|    1.122401|   -1.350276|    5.100611|
+-----------------------------------------------------------------------+
|        File Writing Summary       |              Filename             |
+-----------------------------------------------------------------------+
|Paraview ASCII surface             |wall_npr20_production_cfl2_i30_from520_04880.vtk|
|CSV file                           |wall_npr20_production_cfl2_i30_from520_04880.csv|
+-----------------------------------------------------------------------+
+-----------------------------------------------------------------------------+
|   Time_Iter|  Inner_Iter|    rms[Rho]|   rms[RhoE]|      rms[k]|      rms[w]|
+-----------------------------------------------------------------------------+
|        4881|           0|   -1.470143|    4.467344|    2.186501|    5.110446|
|        4881|          25|   -5.540031|    1.152112|   -1.242942|    5.110330|
|        4881|          29|   -5.629319|    1.131492|   -1.349973|    5.107182|
+-----------------------------------------------------------------------------+
|   Time_Iter|  Inner_Iter|    rms[Rho]|   rms[RhoE]|      rms[k]|      rms[w]|
+-----------------------------------------------------------------------------+
|        4882|           0|   -1.470109|    4.467424|    2.186552|    5.117033|
|        4882|          25|   -5.538919|    1.159184|   -1.242547|    5.114094|
|        4882|          29|   -5.627118|    1.138765|   -1.349593|    5.110503|
+-----------------------------------------------------------------------------+
|   Time_Iter|  Inner_Iter|    rms[Rho]|   rms[RhoE]|      rms[k]|      rms[w]|
+-----------------------------------------------------------------------------+
|        4883|           0|   -1.470076|    4.467416|    2.186597|    5.120435|
|        4883|          25|   -5.538643|    1.164224|   -1.242217|    5.114611|
|        4883|          29|   -5.626097|    1.143820|   -1.349285|    5.110575|
+-----------------------------------------------------------------------------+
|   Time_Iter|  Inner_Iter|    rms[Rho]|   rms[RhoE]|      rms[k]|      rms[w]|
+-----------------------------------------------------------------------------+
|        4884|           0|   -1.470044|    4.467380|    2.186631|    5.120643|
|        4884|          25|   -5.539403|    1.166988|   -1.241971|    5.111924|
|        4884|          29|   -5.626454|    1.146438|   -1.349077|    5.107461|
+-----------------------------------------------------------------------------+
|   Time_Iter|  Inner_Iter|    rms[Rho]|   rms[RhoE]|      rms[k]|      rms[w]|
+-----------------------------------------------------------------------------+
|        4885|           0|   -1.470011|    4.467409|    2.186663|    5.117714|
|        4885|          25|   -5.541235|    1.167191|   -1.241554|    5.106315|
|        4885|          29|   -5.628266|    1.146328|   -1.348689|    5.101423|
+-----------------------------------------------------------------------------+
|   Time_Iter|  Inner_Iter|    rms[Rho]|   rms[RhoE]|      rms[k]|      rms[w]|
+-----------------------------------------------------------------------------+
|        4886|           0|   -1.469979|    4.467311|    2.186706|    5.111894|
|        4886|          25|   -5.544122|    1.164813|   -1.241354|    5.098553|
|        4886|          29|   -5.631538|    1.143496|   -1.348618|    5.093751|
+-----------------------------------------------------------------------------+
|   Time_Iter|  Inner_Iter|    rms[Rho]|   rms[RhoE]|      rms[k]|      rms[w]|
+-----------------------------------------------------------------------------+
|        4887|           0|   -1.469949|    4.467004|    2.186758|    5.104526|
|        4887|          25|   -5.547888|    1.159920|   -1.241116|    5.089781|
|        4887|          29|   -5.636072|    1.138077|   -1.348389|    5.084264|
+-----------------------------------------------------------------------------+
|   Time_Iter|  Inner_Iter|    rms[Rho]|   rms[RhoE]|      rms[k]|      rms[w]|
+-----------------------------------------------------------------------------+
|        4888|           0|   -1.469920|    4.466657|    2.186805|    5.095096|
|        4888|          25|   -5.552501|    1.153078|   -1.240917|    5.076471|
|        4888|          29|   -5.641640|    1.130748|   -1.348193|    5.070795|
+-----------------------------------------------------------------------------+
|   Time_Iter|  Inner_Iter|    rms[Rho]|   rms[RhoE]|      rms[k]|      rms[w]|
+-----------------------------------------------------------------------------+
|        4889|           0|   -1.469893|    4.466170|    2.186837|    5.081933|
|        4889|          25|   -5.557163|    1.144805|   -1.240614|    5.063188|
|        4889|          29|   -5.647515|    1.121842|   -1.347866|    5.057269|
+-----------------------------------------------------------------------------+
|   Time_Iter|  Inner_Iter|    rms[Rho]|   rms[RhoE]|      rms[k]|      rms[w]|
+-----------------------------------------------------------------------------+
|        4890|           0|   -1.469865|    4.465743|    2.186878|    5.068735|
|        4890|          25|   -5.562445|    1.134766|   -1.240299|    5.050259|
|        4890|          29|   -5.654259|    1.111119|   -1.347525|    5.044721|
+-----------------------------------------------------------------------+
|        File Writing Summary       |              Filename             |
+-----------------------------------------------------------------------+
|Paraview ASCII surface             |wall_npr20_production_cfl2_i30_from520_04890.vtk|
|CSV file                           |wall_npr20_production_cfl2_i30_from520_04890.csv|
+-----------------------------------------------------------------------+
+-----------------------------------------------------------------------------+
|   Time_Iter|  Inner_Iter|    rms[Rho]|   rms[RhoE]|      rms[k]|      rms[w]|
+-----------------------------------------------------------------------------+
|        4891|           0|   -1.469836|    4.465383|    2.186930|    5.056495|
|        4891|          25|   -5.568044|    1.123414|   -1.240017|    5.038277|
|        4891|          29|   -5.661480|    1.099036|   -1.347186|    5.032779|
+-----------------------------------------------------------------------------+
|   Time_Iter|  Inner_Iter|    rms[Rho]|   rms[RhoE]|      rms[k]|      rms[w]|
+-----------------------------------------------------------------------------+
|        4892|           0|   -1.469805|    4.465105|    2.186986|    5.045110|
|        4892|          25|   -5.574344|    1.109892|   -1.239579|    5.030172|
|        4892|          29|   -5.669783|    1.084502|   -1.346721|    5.023952|
+-----------------------------------------------------------------------------+
|   Time_Iter|  Inner_Iter|    rms[Rho]|   rms[RhoE]|      rms[k]|      rms[w]|
+-----------------------------------------------------------------------------+
|        4893|           0|   -1.469772|    4.464936|    2.187041|    5.035318|
|        4893|          25|   -5.580121|    1.097723|   -1.223156|    5.015201|
|        4893|          29|   -5.676956|    1.071889|   -1.320657|    5.009521|
+-----------------------------------------------------------------------------+
|   Time_Iter|  Inner_Iter|    rms[Rho]|   rms[RhoE]|      rms[k]|      rms[w]|
+-----------------------------------------------------------------------------+
|        4894|           0|   -1.469736|    4.464902|    2.187093|    5.021027|
|        4894|          25|   -5.585042|    1.087946|   -1.238757|    5.006916|
|        4894|          29|   -5.682740|    1.061955|   -1.345867|    5.002289|
+-----------------------------------------------------------------------------+
|   Time_Iter|  Inner_Iter|    rms[Rho]|   rms[RhoE]|      rms[k]|      rms[w]|
+-----------------------------------------------------------------------------+
|        4895|           0|   -1.469698|    4.465055|    2.187152|    5.013931|
|        4895|          25|   -5.588951|    1.081218|   -1.238397|    5.005743|
|        4895|          29|   -5.686901|    1.055439|   -1.345489|    5.002082|
+-----------------------------------------------------------------------------+
|   Time_Iter|  Inner_Iter|    rms[Rho]|   rms[RhoE]|      rms[k]|      rms[w]|
+-----------------------------------------------------------------------------+
|        4896|           0|   -1.469659|    4.465219|    2.187175|    5.013646|
|        4896|          25|   -5.591693|    1.078116|   -1.238020|    5.011132|
|        4896|          29|   -5.689225|    1.052932|   -1.345101|    5.008323|
+-----------------------------------------------------------------------------+
|   Time_Iter|  Inner_Iter|    rms[Rho]|   rms[RhoE]|      rms[k]|      rms[w]|
+-----------------------------------------------------------------------------+
|        4897|           0|   -1.469619|    4.465480|    2.187187|    5.019651|
|        4897|          25|   -5.593245|    1.078788|   -1.223212|    5.021488|
|        4897|          29|   -5.689764|    1.054506|   -1.321546|    5.019267|
+-----------------------------------------------------------------------------+
|   Time_Iter|  Inner_Iter|    rms[Rho]|   rms[RhoE]|      rms[k]|      rms[w]|
+-----------------------------------------------------------------------------+
|        4898|           0|   -1.469577|    4.465917|    2.187207|    5.030278|
|        4898|          25|   -5.593633|    1.082939|   -1.237243|    5.034941|
|        4898|          29|   -5.688649|    1.059711|   -1.344299|    5.032887|
+-----------------------------------------------------------------------------+
|   Time_Iter|  Inner_Iter|    rms[Rho]|   rms[RhoE]|      rms[k]|      rms[w]|
+-----------------------------------------------------------------------------+
|        4899|           0|   -1.469536|    4.466374|    2.187244|    5.043513|
|        4899|          25|   -5.592834|    1.089853|   -1.236896|    5.048703|
|        4899|          29|   -5.686009|    1.067704|   -1.343951|    5.046558|
+-----------------------------------------------------------------------+
|        File Writing Summary       |              Filename             |
+-----------------------------------------------------------------------+
|SU2 binary restart                 |restart_npr20_production_cfl2_i30_from520_04899.dat|
+-----------------------------------------------------------------------+
+-----------------------------------------------------------------------------+
|   Time_Iter|  Inner_Iter|    rms[Rho]|   rms[RhoE]|      rms[k]|      rms[w]|
+-----------------------------------------------------------------------------+
|        4900|           0|   -1.469495|    4.466840|    2.187291|    5.056885|
|        4900|          25|   -5.591412|    1.098593|   -1.235885|    5.061628|
|        4900|          29|   -5.682610|    1.077370|   -1.343400|    5.059461|
+-----------------------------------------------------------------------+
|        File Writing Summary       |              Filename             |
+-----------------------------------------------------------------------+
|SU2 binary restart                 |restart_npr20_production_cfl2_i30_from520_04900.dat|
|Paraview ASCII                     |flow_npr20_production_cfl2_i30_from520_04900.vtk|
|Paraview ASCII surface             |wall_npr20_production_cfl2_i30_from520_04900.vtk|
|CSV file                           |wall_npr20_production_cfl2_i30_from520_04900.csv|
+-----------------------------------------------------------------------+
+-----------------------------------------------------------------------------+
|   Time_Iter|  Inner_Iter|    rms[Rho]|   rms[RhoE]|      rms[k]|      rms[w]|
+-----------------------------------------------------------------------------+
|        4901|           0|   -1.469456|    4.467303|    2.187347|    5.069615|
|        4901|          25|   -5.589777|    1.107866|   -1.236097|    5.073003|
|        4901|          29|   -5.679030|    1.087380|   -1.343261|    5.070482|
+-----------------------------------------------------------------------------+
|   Time_Iter|  Inner_Iter|    rms[Rho]|   rms[RhoE]|      rms[k]|      rms[w]|
+-----------------------------------------------------------------------------+
|        4902|           0|   -1.469419|    4.467616|    2.187416|    5.080502|
|        4902|          25|   -5.588314|    1.116785|   -1.235827|    5.081742|
|        4902|          29|   -5.675754|    1.096841|   -1.342912|    5.078866|
+-----------------------------------------------------------------------------+
|   Time_Iter|  Inner_Iter|    rms[Rho]|   rms[RhoE]|      rms[k]|      rms[w]|
+-----------------------------------------------------------------------------+
|        4903|           0|   -1.469382|    4.467884|    2.187476|    5.088839|
|        4903|          25|   -5.587322|    1.124644|   -1.235536|    5.087716|
|        4903|          29|   -5.673158|    1.105057|   -1.342657|    5.084460|
+-----------------------------------------------------------------------------+
|   Time_Iter|  Inner_Iter|    rms[Rho]|   rms[RhoE]|      rms[k]|      rms[w]|
+-----------------------------------------------------------------------------+
|        4904|           0|   -1.469348|    4.467992|    2.187537|    5.094455|
|        4904|          25|   -5.586962|    1.130948|   -1.235263|    5.090810|
|        4904|          29|   -5.671485|    1.111544|   -1.342405|    5.087156|
+-----------------------------------------------------------------------------+
|   Time_Iter|  Inner_Iter|    rms[Rho]|   rms[RhoE]|      rms[k]|      rms[w]|
+-----------------------------------------------------------------------------+
|        4905|           0|   -1.469314|    4.468064|    2.187593|    5.097230|
|        4905|          25|   -5.587453|    1.135373|   -1.234979|    5.090994|
|        4905|          29|   -5.670963|    1.116002|   -1.342232|    5.086942|
+-----------------------------------------------------------------------------+
|   Time_Iter|  Inner_Iter|    rms[Rho]|   rms[RhoE]|      rms[k]|      rms[w]|
+-----------------------------------------------------------------------------+
|        4906|           0|   -1.469282|    4.468090|    2.187656|    5.097151|
|        4906|          25|   -5.588701|    1.137729|   -1.234756|    5.088373|
|        4906|          29|   -5.671566|    1.118251|   -1.341976|    5.083973|
+-----------------------------------------------------------------------------+
|   Time_Iter|  Inner_Iter|    rms[Rho]|   rms[RhoE]|      rms[k]|      rms[w]|
+-----------------------------------------------------------------------------+
|        4907|           0|   -1.469250|    4.468072|    2.187742|    5.094368|
|        4907|          25|   -5.590875|    1.137797|   -1.234564|    5.082992|
|        4907|          29|   -5.673518|    1.118054|   -1.341817|    5.078206|
+-----------------------------------------------------------------------------+
|   Time_Iter|  Inner_Iter|    rms[Rho]|   rms[RhoE]|      rms[k]|      rms[w]|
+-----------------------------------------------------------------------------+
|        4908|           0|   -1.469220|    4.468019|    2.187845|    5.088817|
|        4908|          25|   -5.594038|    1.135510|   -1.234419|    5.075454|
|        4908|          29|   -5.676836|    1.115431|   -1.341664|    5.070505|
+-----------------------------------------------------------------------------+
|   Time_Iter|  Inner_Iter|    rms[Rho]|   rms[RhoE]|      rms[k]|      rms[w]|
+-----------------------------------------------------------------------------+
|        4909|           0|   -1.469191|    4.467924|    2.187954|    5.081492|
|        4909|          25|   -5.597961|    1.130827|   -1.234237|    5.068133|
|        4909|          29|   -5.681397|    1.110263|   -1.341484|    5.062782|
+-----------------------------------------------------------------------------+
|   Time_Iter|  Inner_Iter|    rms[Rho]|   rms[RhoE]|      rms[k]|      rms[w]|
+-----------------------------------------------------------------------------+
|        4910|           0|   -1.469164|    4.467796|    2.188008|    5.073749|
|        4910|          25|   -5.602585|    1.124289|   -1.234058|    5.055858|
|        4910|          29|   -5.686879|    1.103306|   -1.341287|    5.050291|
+-----------------------------------------------------------------------+
|        File Writing Summary       |              Filename             |
+-----------------------------------------------------------------------+
|Paraview ASCII surface             |wall_npr20_production_cfl2_i30_from520_04910.vtk|
|CSV file                           |wall_npr20_production_cfl2_i30_from520_04910.csv|
+-----------------------------------------------------------------------+
+-----------------------------------------------------------------------------+
|   Time_Iter|  Inner_Iter|    rms[Rho]|   rms[RhoE]|      rms[k]|      rms[w]|
+-----------------------------------------------------------------------------+
|        4911|           0|   -1.469138|    4.467622|    2.188051|    5.061529|
|        4911|          25|   -5.607660|    1.116382|   -1.233807|    5.043235|
|        4911|          29|   -5.693040|    1.094858|   -1.341050|    5.037413|
+-----------------------------------------------------------------------------+
|   Time_Iter|  Inner_Iter|    rms[Rho]|   rms[RhoE]|      rms[k]|      rms[w]|
+-----------------------------------------------------------------------------+
|        4912|           0|   -1.469114|    4.467339|    2.188097|    5.048983|
|        4912|          25|   -5.613427|    1.106650|   -1.233561|    5.031102|
|        4912|          29|   -5.700138|    1.084531|   -1.340716|    5.025625|
+-----------------------------------------------------------------------------+
|   Time_Iter|  Inner_Iter|    rms[Rho]|   rms[RhoE]|      rms[k]|      rms[w]|
+-----------------------------------------------------------------------------+
|        4913|           0|   -1.469090|    4.467098|    2.188136|    5.037456|
|        4913|          25|   -5.619655|    1.095606|   -1.233254|    5.019343|
|        4913|          29|   -5.707820|    1.072861|   -1.340385|    5.013760|
+-----------------------------------------------------------------------------+
|   Time_Iter|  Inner_Iter|    rms[Rho]|   rms[RhoE]|      rms[k]|      rms[w]|
+-----------------------------------------------------------------------------+
|        4914|           0|   -1.469066|    4.466959|    2.188170|    5.025719|
|        4914|          25|   -5.626707|    1.082468|   -1.232931|    5.011488|
|        4914|          29|   -5.716705|    1.058842|   -1.339931|    5.005487|
+-----------------------------------------------------------------------------+
|   Time_Iter|  Inner_Iter|    rms[Rho]|   rms[RhoE]|      rms[k]|      rms[w]|
+-----------------------------------------------------------------------------+
|        4915|           0|   -1.469042|    4.466851|    2.188219|    5.017062|
|        4915|          25|   -5.633210|    1.070213|   -1.232658|    4.996504|
|        4915|          29|   -5.724494|    1.046208|   -1.339716|    4.990744|
+-----------------------------------------------------------------------------+
|   Time_Iter|  Inner_Iter|    rms[Rho]|   rms[RhoE]|      rms[k]|      rms[w]|
+-----------------------------------------------------------------------------+
|        4916|           0|   -1.469018|    4.466770|    2.188280|    5.002408|
|        4916|          25|   -5.638710|    1.060087|   -1.232410|    4.986938|
|        4916|          29|   -5.730781|    1.035940|   -1.339531|    4.982122|
+-----------------------------------------------------------------------------+
|   Time_Iter|  Inner_Iter|    rms[Rho]|   rms[RhoE]|      rms[k]|      rms[w]|
+-----------------------------------------------------------------------------+
|        4917|           0|   -1.468995|    4.466701|    2.188354|    4.993969|
|        4917|          25|   -5.643079|    1.052705|   -1.232087|    4.984098|
|        4917|          29|   -5.735366|    1.028727|   -1.339060|    4.980186|
+-----------------------------------------------------------------------------+
|   Time_Iter|  Inner_Iter|    rms[Rho]|   rms[RhoE]|      rms[k]|      rms[w]|
+-----------------------------------------------------------------------------+
|        4918|           0|   -1.468973|    4.466621|    2.188448|    4.992003|
|        4918|          25|   -5.646158|    1.048688|   -1.229261|    4.987441|
|        4918|          29|   -5.738041|    1.025207|   -1.334612|    4.984348|
+-----------------------------------------------------------------------------+
|   Time_Iter|  Inner_Iter|    rms[Rho]|   rms[RhoE]|      rms[k]|      rms[w]|
+-----------------------------------------------------------------------------+
|        4919|           0|   -1.468953|    4.466474|    2.188531|    4.995975|
|        4919|          25|   -5.647760|    1.048283|   -1.231515|    4.995975|
|        4919|          29|   -5.738660|    1.025569|   -1.338380|    4.993451|
+-----------------------------------------------------------------------------+
|   Time_Iter|  Inner_Iter|    rms[Rho]|   rms[RhoE]|      rms[k]|      rms[w]|
+-----------------------------------------------------------------------------+
|        4920|           0|   -1.468933|    4.466291|    2.188616|    5.004783|
|        4920|          25|   -5.647997|    1.051288|   -1.231178|    5.007897|
|        4920|          29|   -5.737430|    1.029491|   -1.337992|    5.005666|
+-----------------------------------------------------------------------+
|        File Writing Summary       |              Filename             |
+-----------------------------------------------------------------------+
|Paraview ASCII surface             |wall_npr20_production_cfl2_i30_from520_04920.vtk|
|CSV file                           |wall_npr20_production_cfl2_i30_from520_04920.csv|
+-----------------------------------------------------------------------+
+-----------------------------------------------------------------------------+
|   Time_Iter|  Inner_Iter|    rms[Rho]|   rms[RhoE]|      rms[k]|      rms[w]|
+-----------------------------------------------------------------------------+
|        4921|           0|   -1.468913|    4.466188|    2.188689|    5.016619|
|        4921|          25|   -5.647175|    1.057081|   -1.230911|    5.020646|
|        4921|          29|   -5.734786|    1.036229|   -1.337744|    5.018468|
+-----------------------------------------------------------------------------+
|   Time_Iter|  Inner_Iter|    rms[Rho]|   rms[RhoE]|      rms[k]|      rms[w]|
+-----------------------------------------------------------------------------+
|        4922|           0|   -1.468892|    4.466179|    2.188739|    5.029114|
|        4922|          25|   -5.645531|    1.064888|   -1.216855|    5.032896|
|        4922|          29|   -5.731100|    1.044918|   -1.315338|    5.030628|
+-----------------------------------------------------------------------------+
|   Time_Iter|  Inner_Iter|    rms[Rho]|   rms[RhoE]|      rms[k]|      rms[w]|
+-----------------------------------------------------------------------------+
|        4923|           0|   -1.468871|    4.466226|    2.188766|    5.041051|
|        4923|          25|   -5.643467|    1.073615|   -1.230241|    5.044313|
|        4923|          29|   -5.727002|    1.054340|   -1.337024|    5.041818|
+-----------------------------------------------------------------------------+
|   Time_Iter|  Inner_Iter|    rms[Rho]|   rms[RhoE]|      rms[k]|      rms[w]|
+-----------------------------------------------------------------------------+
|        4924|           0|   -1.468850|    4.466221|    2.188781|    5.052084|
|        4924|          25|   -5.641445|    1.082301|   -1.215856|    5.053523|
|        4924|          29|   -5.723048|    1.063552|   -1.314094|    5.050732|
+-----------------------------------------------------------------------------+
|   Time_Iter|  Inner_Iter|    rms[Rho]|   rms[RhoE]|      rms[k]|      rms[w]|
+-----------------------------------------------------------------------------+
|        4925|           0|   -1.468829|    4.466135|    2.188779|    5.060909|
|        4925|          25|   -5.639688|    1.090273|   -1.215982|    5.060314|
|        4925|          29|   -5.719569|    1.071871|   -1.314456|    5.057184|
+-----------------------------------------------------------------------------+
|   Time_Iter|  Inner_Iter|    rms[Rho]|   rms[RhoE]|      rms[k]|      rms[w]|
+-----------------------------------------------------------------------------+
|        4926|           0|   -1.468808|    4.466051|    2.188775|    5.067342|
|        4926|          25|   -5.638464|    1.097002|   -1.215725|    5.064549|
|        4926|          29|   -5.716882|    1.078793|   -1.314199|    5.061069|
+-----------------------------------------------------------------------------+
|   Time_Iter|  Inner_Iter|    rms[Rho]|   rms[RhoE]|      rms[k]|      rms[w]|
+-----------------------------------------------------------------------------+
|        4927|           0|   -1.468788|    4.465964|    2.188776|    5.071269|
|        4927|          25|   -5.637884|    1.102143|   -1.229091|    5.066162|
|        4927|          29|   -5.715146|    1.083992|   -1.335755|    5.062321|
+-----------------------------------------------------------------------------+
|   Time_Iter|  Inner_Iter|    rms[Rho]|   rms[RhoE]|      rms[k]|      rms[w]|
+-----------------------------------------------------------------------------+
|        4928|           0|   -1.468766|    4.465979|    2.188785|    5.072616|
|        4928|          25|   -5.638104|    1.105478|   -1.215333|    5.065207|
|        4928|          29|   -5.714529|    1.087272|   -1.335482|    5.060991|
+-----------------------------------------------------------------------------+
|   Time_Iter|  Inner_Iter|    rms[Rho]|   rms[RhoE]|      rms[k]|      rms[w]|
+-----------------------------------------------------------------------------+
|        4929|           0|   -1.468742|    4.466167|    2.188811|    5.071425|
|        4929|          25|   -5.639177|    1.106880|   -1.215000|    5.061689|
|        4929|          29|   -5.715110|    1.088511|   -1.313443|    5.057170|
+-----------------------------------------------------------------------------+
|   Time_Iter|  Inner_Iter|    rms[Rho]|   rms[RhoE]|      rms[k]|      rms[w]|
+-----------------------------------------------------------------------------+
|        4930|           0|   -1.468716|    4.466477|    2.188836|    5.067802|
|        4930|          25|   -5.641085|    1.106167|   -1.228290|    5.056144|
|        4930|          29|   -5.716923|    1.087512|   -1.334899|    5.051372|
+-----------------------------------------------------------------------+
|        File Writing Summary       |              Filename             |
+-----------------------------------------------------------------------+
|Paraview ASCII surface             |wall_npr20_production_cfl2_i30_from520_04930.vtk|
|CSV file                           |wall_npr20_production_cfl2_i30_from520_04930.csv|
+-----------------------------------------------------------------------+
+-----------------------------------------------------------------------------+
|   Time_Iter|  Inner_Iter|    rms[Rho]|   rms[RhoE]|      rms[k]|      rms[w]|
+-----------------------------------------------------------------------------+
|        4931|           0|   -1.468692|    4.466682|    2.188872|    5.062228|
|        4931|          25|   -5.643839|    1.103314|   -1.227990|    5.048683|
|        4931|          29|   -5.719936|    1.084342|   -1.334511|    5.043664|
+-----------------------------------------------------------------------------+
|   Time_Iter|  Inner_Iter|    rms[Rho]|   rms[RhoE]|      rms[k]|      rms[w]|
+-----------------------------------------------------------------------------+
|        4932|           0|   -1.468669|    4.466752|    2.188913|    5.054748|
|        4932|          25|   -5.647567|    1.098298|   -1.227819|    5.041497|
|        4932|          29|   -5.724338|    1.078849|   -1.334332|    5.036179|
+-----------------------------------------------------------------------------+
|   Time_Iter|  Inner_Iter|    rms[Rho]|   rms[RhoE]|      rms[k]|      rms[w]|
+-----------------------------------------------------------------------------+
|        4933|           0|   -1.468648|    4.466756|    2.188964|    5.047371|
|        4933|          25|   -5.651851|    1.091784|   -1.227557|    5.029578|
|        4933|          29|   -5.729371|    1.072024|   -1.334088|    5.023935|
+-----------------------------------------------------------------------------+
|   Time_Iter|  Inner_Iter|    rms[Rho]|   rms[RhoE]|      rms[k]|      rms[w]|
+-----------------------------------------------------------------------------+
|        4934|           0|   -1.468626|    4.466745|    2.188991|    5.035404|
|        4934|          25|   -5.656594|    1.083788|   -1.227406|    5.017680|
|        4934|          29|   -5.735191|    1.063497|   -1.333763|    5.012171|
+-----------------------------------------------------------------------------+
|   Time_Iter|  Inner_Iter|    rms[Rho]|   rms[RhoE]|      rms[k]|      rms[w]|
+-----------------------------------------------------------------------------+
|        4935|           0|   -1.468606|    4.466716|    2.189017|    5.024022|
|        4935|          25|   -5.661938|    1.074129|   -1.226957|    5.006719|
|        4935|          29|   -5.741845|    1.053266|   -1.333380|    5.001301|
+-----------------------------------------------------------------------------+
|   Time_Iter|  Inner_Iter|    rms[Rho]|   rms[RhoE]|      rms[k]|      rms[w]|
+-----------------------------------------------------------------------------+
|        4936|           0|   -1.468585|    4.466699|    2.189045|    5.013358|
|        4936|          25|   -5.667618|    1.063241|   -1.224062|    4.995663|
|        4936|          29|   -5.749146|    1.041503|   -1.330998|    4.991399|
+-----------------------------------------------------------------------------+
|   Time_Iter|  Inner_Iter|    rms[Rho]|   rms[RhoE]|      rms[k]|      rms[w]|
+-----------------------------------------------------------------------------+
|        4937|           0|   -1.468564|    4.466705|    2.189086|    5.003813|
|        4937|          25|   -5.674025|    1.050281|   -1.225590|    4.986688|
|        4937|          29|   -5.757215|    1.028044|   -1.331379|    4.980600|
+-----------------------------------------------------------------------------+
|   Time_Iter|  Inner_Iter|    rms[Rho]|   rms[RhoE]|      rms[k]|      rms[w]|
+-----------------------------------------------------------------------------+
|        4938|           0|   -1.468542|    4.466812|    2.189126|    4.992357|
|        4938|          25|   -5.679521|    1.038729|   -1.225908|    4.972462|
|        4938|          29|   -5.763987|    1.016159|   -1.332063|    4.966822|
+-----------------------------------------------------------------------------+
|   Time_Iter|  Inner_Iter|    rms[Rho]|   rms[RhoE]|      rms[k]|      rms[w]|
+-----------------------------------------------------------------------------+
|        4939|           0|   -1.468518|    4.467031|    2.189176|    4.978773|
|        4939|          25|   -5.683987|    1.029217|   -1.225540|    4.963795|
|        4939|          29|   -5.769277|    1.006518|   -1.331631|    4.958986|
+-----------------------------------------------------------------------------+
|   Time_Iter|  Inner_Iter|    rms[Rho]|   rms[RhoE]|      rms[k]|      rms[w]|
+-----------------------------------------------------------------------------+
|        4940|           0|   -1.468494|    4.467305|    2.189215|    4.971099|
|        4940|          25|   -5.687293|    1.022287|   -1.225223|    4.961135|
|        4940|          29|   -5.772893|    0.999739|   -1.331240|    4.957193|
+-----------------------------------------------------------------------+
|        File Writing Summary       |              Filename             |
+-----------------------------------------------------------------------+
|Paraview ASCII surface             |wall_npr20_production_cfl2_i30_from520_04940.vtk|
|CSV file                           |wall_npr20_production_cfl2_i30_from520_04940.csv|
+-----------------------------------------------------------------------+
+-----------------------------------------------------------------------------+
|   Time_Iter|  Inner_Iter|    rms[Rho]|   rms[RhoE]|      rms[k]|      rms[w]|
+-----------------------------------------------------------------------------+
|        4941|           0|   -1.468471|    4.467546|    2.189251|    4.969287|
|        4941|          25|   -5.689245|    1.018547|   -1.224703|    4.964230|
|        4941|          29|   -5.774581|    0.996427|   -1.330569|    4.960997|
+-----------------------------------------------------------------------------+
|   Time_Iter|  Inner_Iter|    rms[Rho]|   rms[RhoE]|      rms[k]|      rms[w]|
+-----------------------------------------------------------------------------+
|        4942|           0|   -1.468449|    4.467750|    2.189245|    4.972899|
|        4942|          25|   -5.689832|    1.018134|   -1.224149|    4.972049|
|        4942|          29|   -5.774381|    0.996678|   -1.329867|    4.969422|
+-----------------------------------------------------------------------------+
|   Time_Iter|  Inner_Iter|    rms[Rho]|   rms[RhoE]|      rms[k]|      rms[w]|
+-----------------------------------------------------------------------------+
|        4943|           0|   -1.468429|    4.467901|    2.189201|    4.981030|
|        4943|          25|   -5.689049|    1.020885|   -1.224035|    4.982768|
|        4943|          29|   -5.772409|    1.000197|   -1.329805|    4.980368|
+-----------------------------------------------------------------------------+
|   Time_Iter|  Inner_Iter|    rms[Rho]|   rms[RhoE]|      rms[k]|      rms[w]|
+-----------------------------------------------------------------------------+
|        4944|           0|   -1.468410|    4.467840|    2.189153|    4.991628|
|        4944|          25|   -5.687216|    1.026209|   -1.223639|    4.994417|
|        4944|          29|   -5.769084|    1.006310|   -1.329391|    4.992063|
+-----------------------------------------------------------------------------+
|   Time_Iter|  Inner_Iter|    rms[Rho]|   rms[RhoE]|      rms[k]|      rms[w]|
+-----------------------------------------------------------------------------+
|        4945|           0|   -1.468392|    4.467763|    2.189119|    5.003013|
|        4945|          25|   -5.684606|    1.033402|   -1.221585|    5.005620|
|        4945|          29|   -5.764815|    1.014237|   -1.326302|    5.003174|
+-----------------------------------------------------------------------------+
|   Time_Iter|  Inner_Iter|    rms[Rho]|   rms[RhoE]|      rms[k]|      rms[w]|
+-----------------------------------------------------------------------------+
|        4946|           0|   -1.468373|    4.467648|    2.189098|    5.013890|
|        4946|          25|   -5.681549|    1.041567|   -1.222934|    5.016304|
|        4946|          29|   -5.760099|    1.022984|   -1.328576|    5.013738|
+-----------------------------------------------------------------------------+
|   Time_Iter|  Inner_Iter|    rms[Rho]|   rms[RhoE]|      rms[k]|      rms[w]|
+-----------------------------------------------------------------------------+
|        4947|           0|   -1.468353|    4.467522|    2.189105|    5.024294|
|        4947|          25|   -5.678392|    1.049779|   -1.222533|    5.025198|
|        4947|          29|   -5.755432|    1.031623|   -1.328139|    5.022361|
+-----------------------------------------------------------------------------+
|   Time_Iter|  Inner_Iter|    rms[Rho]|   rms[RhoE]|      rms[k]|      rms[w]|
+-----------------------------------------------------------------------------+
|        4948|           0|   -1.468335|    4.467323|    2.189103|    5.032806|
|        4948|          25|   -5.675433|    1.057457|   -1.222261|    5.031989|
|        4948|          29|   -5.751166|    1.039575|   -1.327830|    5.028867|
+-----------------------------------------------------------------------------+
|   Time_Iter|  Inner_Iter|    rms[Rho]|   rms[RhoE]|      rms[k]|      rms[w]|
+-----------------------------------------------------------------------------+
|        4949|           0|   -1.468318|    4.467163|    2.189103|    5.039273|
|        4949|          25|   -5.672898|    1.064107|   -1.221867|    5.036508|
|        4949|          29|   -5.747580|    1.046358|   -1.327388|    5.033073|
+-----------------------------------------------------------------------+
|        File Writing Summary       |              Filename             |
+-----------------------------------------------------------------------+
|SU2 binary restart                 |restart_npr20_production_cfl2_i30_from520_04949.dat|
+-----------------------------------------------------------------------+
+-----------------------------------------------------------------------------+
|   Time_Iter|  Inner_Iter|    rms[Rho]|   rms[RhoE]|      rms[k]|      rms[w]|
+-----------------------------------------------------------------------------+
|        4950|           0|   -1.468300|    4.467067|    2.189113|    5.043497|
|        4950|          25|   -5.670980|    1.069374|   -1.221493|    5.038690|
|        4950|          29|   -5.744885|    1.051640|   -1.326976|    5.034941|
+-----------------------------------------------------------------------+
|        File Writing Summary       |              Filename             |
+-----------------------------------------------------------------------+
|SU2 binary restart                 |restart_npr20_production_cfl2_i30_from520_04950.dat|
|Paraview ASCII surface             |wall_npr20_production_cfl2_i30_from520_04950.vtk|
|CSV file                           |wall_npr20_production_cfl2_i30_from520_04950.csv|
+-----------------------------------------------------------------------+
+-----------------------------------------------------------------------------+
|   Time_Iter|  Inner_Iter|    rms[Rho]|   rms[RhoE]|      rms[k]|      rms[w]|
+-----------------------------------------------------------------------------+
|        4951|           0|   -1.468283|    4.467043|    2.189116|    5.045437|
|        4951|          25|   -5.669796|    1.073037|   -1.221124|    5.038487|
|        4951|          29|   -5.743207|    1.055219|   -1.326567|    5.034402|
+-----------------------------------------------------------------------------+
|   Time_Iter|  Inner_Iter|    rms[Rho]|   rms[RhoE]|      rms[k]|      rms[w]|
+-----------------------------------------------------------------------------+
|        4952|           0|   -1.468266|    4.467009|    2.189110|    5.045016|
|        4952|          25|   -5.669418|    1.074958|   -1.220790|    5.036068|
|        4952|          29|   -5.742617|    1.056967|   -1.326207|    5.031717|
+-----------------------------------------------------------------------------+
|   Time_Iter|  Inner_Iter|    rms[Rho]|   rms[RhoE]|      rms[k]|      rms[w]|
+-----------------------------------------------------------------------------+
|        4953|           0|   -1.468251|    4.466986|    2.189090|    5.042500|
|        4953|          25|   -5.669851|    1.075078|   -1.220438|    5.031722|
|        4953|          29|   -5.743136|    1.056833|   -1.325803|    5.027087|
+-----------------------------------------------------------------------------+
|   Time_Iter|  Inner_Iter|    rms[Rho]|   rms[RhoE]|      rms[k]|      rms[w]|
+-----------------------------------------------------------------------------+
|        4954|           0|   -1.468237|    4.466949|    2.189038|    5.038058|
|        4954|          25|   -5.671162|    1.073273|   -1.220167|    5.025532|
|        4954|          29|   -5.744839|    1.054695|   -1.325496|    5.020666|
+-----------------------------------------------------------------------------+
|   Time_Iter|  Inner_Iter|    rms[Rho]|   rms[RhoE]|      rms[k]|      rms[w]|
+-----------------------------------------------------------------------------+
|        4955|           0|   -1.468224|    4.466893|    2.188996|    5.031859|
|        4955|          25|   -5.673114|    1.069724|   -1.219811|    5.018067|
|        4955|          29|   -5.747436|    1.050824|   -1.325058|    5.013116|
+-----------------------------------------------------------------------------+
|   Time_Iter|  Inner_Iter|    rms[Rho]|   rms[RhoE]|      rms[k]|      rms[w]|
+-----------------------------------------------------------------------------+
|        4956|           0|   -1.468213|    4.466792|    2.188983|    5.024557|
|        4956|          25|   -5.675890|    1.064139|   -1.219504|    5.010254|
|        4956|          29|   -5.751210|    1.044818|   -1.324696|    5.004825|
+-----------------------------------------------------------------------------+
|   Time_Iter|  Inner_Iter|    rms[Rho]|   rms[RhoE]|      rms[k]|      rms[w]|
+-----------------------------------------------------------------------------+
|        4957|           0|   -1.468203|    4.466657|    2.189004|    5.016373|
|        4957|          25|   -5.678917|    1.057616|   -1.219148|    4.999196|
|        4957|          29|   -5.755357|    1.037831|   -1.324295|    4.993576|
+-----------------------------------------------------------------------------+
|   Time_Iter|  Inner_Iter|    rms[Rho]|   rms[RhoE]|      rms[k]|      rms[w]|
+-----------------------------------------------------------------------------+
|        4958|           0|   -1.468195|    4.466397|    2.189057|    5.005426|
|        4958|          25|   -5.682556|    1.049396|   -1.218753|    4.988357|
|        4958|          29|   -5.760390|    1.029067|   -1.323760|    4.982980|
+-----------------------------------------------------------------------------+
|   Time_Iter|  Inner_Iter|    rms[Rho]|   rms[RhoE]|      rms[k]|      rms[w]|
+-----------------------------------------------------------------------------+
|        4959|           0|   -1.468191|    4.466077|    2.189134|    4.995168|
|        4959|          25|   -5.686604|    1.039740|   -1.218426|    4.978038|
|        4959|          29|   -5.766053|    1.018794|   -1.323437|    4.972652|
+-----------------------------------------------------------------------------+
|   Time_Iter|  Inner_Iter|    rms[Rho]|   rms[RhoE]|      rms[k]|      rms[w]|
+-----------------------------------------------------------------------------+
|        4960|           0|   -1.468188|    4.465743|    2.189225|    4.984987|
|        4960|          25|   -5.691170|    1.028394|   -1.217641|    4.970665|
|        4960|          29|   -5.772588|    1.006574|   -1.322348|    4.965333|
+-----------------------------------------------------------------------+
|        File Writing Summary       |              Filename             |
+-----------------------------------------------------------------------+
|Paraview ASCII surface             |wall_npr20_production_cfl2_i30_from520_04960.vtk|
|CSV file                           |wall_npr20_production_cfl2_i30_from520_04960.csv|
+-----------------------------------------------------------------------+
+-----------------------------------------------------------------------------+
|   Time_Iter|  Inner_Iter|    rms[Rho]|   rms[RhoE]|      rms[k]|      rms[w]|
+-----------------------------------------------------------------------------+
|        4961|           0|   -1.468187|    4.465437|    2.189331|    4.977535|
|        4961|          25|   -5.695732|    1.016460|   -1.217559|    4.956753|
|        4961|          29|   -5.778949|    0.994100|   -1.322444|    4.950702|
+-----------------------------------------------------------------------------+
|   Time_Iter|  Inner_Iter|    rms[Rho]|   rms[RhoE]|      rms[k]|      rms[w]|
+-----------------------------------------------------------------------------+
|        4962|           0|   -1.468186|    4.465199|    2.189437|    4.962803|
|        4962|          25|   -5.699383|    1.006053|   -1.217240|    4.944362|
|        4962|          29|   -5.784038|    0.983337|   -1.322047|    4.938933|
+-----------------------------------------------------------------------------+
|   Time_Iter|  Inner_Iter|    rms[Rho]|   rms[RhoE]|      rms[k]|      rms[w]|
+-----------------------------------------------------------------------------+
|        4963|           0|   -1.468187|    4.464936|    2.189488|    4.951291|
|        4963|          25|   -5.702132|    0.997646|   -1.216927|    4.937399|
|        4963|          29|   -5.787809|    0.974775|   -1.321564|    4.932743|
+-----------------------------------------------------------------------------+
|   Time_Iter|  Inner_Iter|    rms[Rho]|   rms[RhoE]|      rms[k]|      rms[w]|
+-----------------------------------------------------------------------------+
|        4964|           0|   -1.468191|    4.464655|    2.189530|    4.945231|
|        4964|          25|   -5.703868|    0.991751|   -1.216432|    4.935869|
|        4964|          29|   -5.790088|    0.968992|   -1.321086|    4.931997|
+-----------------------------------------------------------------------------+
|   Time_Iter|  Inner_Iter|    rms[Rho]|   rms[RhoE]|      rms[k]|      rms[w]|
+-----------------------------------------------------------------------------+
|        4965|           0|   -1.468198|    4.464385|    2.189573|    4.944442|
|        4965|          25|   -5.704510|    0.988833|   -1.216044|    4.939475|
|        4965|          29|   -5.790764|    0.966438|   -1.320638|    4.936212|
+-----------------------------------------------------------------------------+
|   Time_Iter|  Inner_Iter|    rms[Rho]|   rms[RhoE]|      rms[k]|      rms[w]|
+-----------------------------------------------------------------------------+
|        4966|           0|   -1.468205|    4.464173|    2.189579|    4.948444|
|        4966|          25|   -5.704095|    0.988896|   -1.215681|    4.947062|
|        4966|          29|   -5.789909|    0.967061|   -1.320224|    4.944258|
+-----------------------------------------------------------------------------+
|   Time_Iter|  Inner_Iter|    rms[Rho]|   rms[RhoE]|      rms[k]|      rms[w]|
+-----------------------------------------------------------------------------+
|        4967|           0|   -1.468212|    4.463981|    2.189577|    4.956187|
|        4967|          25|   -5.702629|    0.991721|   -1.215036|    4.956763|
|        4967|          29|   -5.787642|    0.970537|   -1.319224|    4.954153|
+-----------------------------------------------------------------------------+
|   Time_Iter|  Inner_Iter|    rms[Rho]|   rms[RhoE]|      rms[k]|      rms[w]|
+-----------------------------------------------------------------------------+
|        4968|           0|   -1.468222|    4.463740|    2.189573|    4.965754|
|        4968|          25|   -5.700213|    0.996785|   -1.214869|    4.967227|
|        4968|          29|   -5.784198|    0.976260|   -1.319275|    4.964678|
+-----------------------------------------------------------------------------+
|   Time_Iter|  Inner_Iter|    rms[Rho]|   rms[RhoE]|      rms[k]|      rms[w]|
+-----------------------------------------------------------------------------+
|        4969|           0|   -1.468231|    4.463543|    2.189584|    4.975983|
|        4969|          25|   -5.697201|    1.003421|   -1.214418|    4.977277|
|        4969|          29|   -5.780017|    0.983513|   -1.318779|    4.974650|
+-----------------------------------------------------------------------------+
|   Time_Iter|  Inner_Iter|    rms[Rho]|   rms[RhoE]|      rms[k]|      rms[w]|
+-----------------------------------------------------------------------------+
|        4970|           0|   -1.468239|    4.463432|    2.189616|    4.985726|
|        4970|          25|   -5.693871|    1.010905|   -1.214053|    4.986892|
|        4970|          29|   -5.775503|    0.991499|   -1.318376|    4.984238|
+-----------------------------------------------------------------------+
|        File Writing Summary       |              Filename             |
+-----------------------------------------------------------------------+
|Paraview ASCII surface             |wall_npr20_production_cfl2_i30_from520_04970.vtk|
|CSV file                           |wall_npr20_production_cfl2_i30_from520_04970.csv|
+-----------------------------------------------------------------------+
+-----------------------------------------------------------------------------+
|   Time_Iter|  Inner_Iter|    rms[Rho]|   rms[RhoE]|      rms[k]|      rms[w]|
+-----------------------------------------------------------------------------+
|        4971|           0|   -1.468247|    4.463412|    2.189667|    4.995161|
|        4971|          25|   -5.690518|    1.018454|   -1.213624|    4.995222|
|        4971|          29|   -5.771053|    0.999413|   -1.317873|    4.992292|
+-----------------------------------------------------------------------------+
|   Time_Iter|  Inner_Iter|    rms[Rho]|   rms[RhoE]|      rms[k]|      rms[w]|
+-----------------------------------------------------------------------------+
|        4972|           0|   -1.468254|    4.463502|    2.189717|    5.003085|
|        4972|          25|   -5.687317|    1.025571|   -1.213197|    5.001643|
|        4972|          29|   -5.766911|    1.006777|   -1.317367|    4.998465|
+-----------------------------------------------------------------------------+
|   Time_Iter|  Inner_Iter|    rms[Rho]|   rms[RhoE]|      rms[k]|      rms[w]|
+-----------------------------------------------------------------------------+
|        4973|           0|   -1.468261|    4.463588|    2.189759|    5.009203|
|        4973|          25|   -5.684523|    1.031812|   -1.212826|    5.006067|
|        4973|          29|   -5.763360|    1.013145|   -1.316953|    5.002606|
+-----------------------------------------------------------------------------+
|   Time_Iter|  Inner_Iter|    rms[Rho]|   rms[RhoE]|      rms[k]|      rms[w]|
+-----------------------------------------------------------------------------+
|        4974|           0|   -1.468270|    4.463695|    2.189801|    5.013348|
|        4974|          25|   -5.682262|    1.036840|   -1.212335|    5.008449|
|        4974|          29|   -5.760569|    1.018187|   -1.316435|    5.004713|
+-----------------------------------------------------------------------------+
|   Time_Iter|  Inner_Iter|    rms[Rho]|   rms[RhoE]|      rms[k]|      rms[w]|
+-----------------------------------------------------------------------------+
|        4975|           0|   -1.468278|    4.463870|    2.189848|    5.015510|
|        4975|          25|   -5.680644|    1.040424|   -1.211899|    5.008777|
|        4975|          29|   -5.758653|    1.021692|   -1.315955|    5.004761|
+-----------------------------------------------------------------------------+
|   Time_Iter|  Inner_Iter|    rms[Rho]|   rms[RhoE]|      rms[k]|      rms[w]|
+-----------------------------------------------------------------------------+
|        4976|           0|   -1.468285|    4.464147|    2.189850|    5.015657|
|        4976|          25|   -5.679734|    1.042443|   -1.211466|    5.007090|
|        4976|          29|   -5.757681|    1.023551|   -1.315477|    5.002795|
+-----------------------------------------------------------------------------+
|   Time_Iter|  Inner_Iter|    rms[Rho]|   rms[RhoE]|      rms[k]|      rms[w]|
+-----------------------------------------------------------------------------+
|        4977|           0|   -1.468292|    4.464441|    2.189864|    5.013830|
|        4977|          25|   -5.679557|    1.042837|   -1.211030|    5.003490|
|        4977|          29|   -5.757679|    1.023710|   -1.314992|    4.998943|
+-----------------------------------------------------------------------------+
|   Time_Iter|  Inner_Iter|    rms[Rho]|   rms[RhoE]|      rms[k]|      rms[w]|
+-----------------------------------------------------------------------------+
|        4978|           0|   -1.468300|    4.464577|    2.189873|    5.010153|
|        4978|          25|   -5.680092|    1.041593|   -1.210637|    4.998180|
|        4978|          29|   -5.758639|    1.022154|   -1.314556|    4.993408|
+-----------------------------------------------------------------------------+
|   Time_Iter|  Inner_Iter|    rms[Rho]|   rms[RhoE]|      rms[k]|      rms[w]|
+-----------------------------------------------------------------------------+
|        4979|           0|   -1.468310|    4.464624|    2.189867|    5.004821|
|        4979|          25|   -5.681311|    1.038634|   -1.210181|    4.991307|
|        4979|          29|   -5.760533|    1.018827|   -1.314053|    4.986346|
+-----------------------------------------------------------------------------+
|   Time_Iter|  Inner_Iter|    rms[Rho]|   rms[RhoE]|      rms[k]|      rms[w]|
+-----------------------------------------------------------------------------+
|        4980|           0|   -1.468321|    4.464588|    2.189827|    4.997992|
|        4980|          25|   -5.682890|    1.034280|   -1.209708|    4.983762|
|        4980|          29|   -5.763024|    1.014076|   -1.313545|    4.978643|
+-----------------------------------------------------------------------+
|        File Writing Summary       |              Filename             |
+-----------------------------------------------------------------------+
|Paraview ASCII surface             |wall_npr20_production_cfl2_i30_from520_04980.vtk|
|CSV file                           |wall_npr20_production_cfl2_i30_from520_04980.csv|
+-----------------------------------------------------------------------+
+-----------------------------------------------------------------------------+
|   Time_Iter|  Inner_Iter|    rms[Rho]|   rms[RhoE]|      rms[k]|      rms[w]|
+-----------------------------------------------------------------------------+
|        4981|           0|   -1.468332|    4.464489|    2.189795|    4.990505|
|        4981|          25|   -5.684857|    1.028614|   -1.209241|    4.975035|
|        4981|          29|   -5.766070|    1.008029|   -1.313005|    4.969794|
+-----------------------------------------------------------------------------+
|   Time_Iter|  Inner_Iter|    rms[Rho]|   rms[RhoE]|      rms[k]|      rms[w]|
+-----------------------------------------------------------------------------+
|        4982|           0|   -1.468344|    4.464404|    2.189708|    4.981895|
|        4982|          25|   -5.687160|    1.021703|   -1.208790|    4.965248|
|        4982|          29|   -5.769698|    1.000573|   -1.312501|    4.959941|
+-----------------------------------------------------------------------------+
|   Time_Iter|  Inner_Iter|    rms[Rho]|   rms[RhoE]|      rms[k]|      rms[w]|
+-----------------------------------------------------------------------------+
|        4983|           0|   -1.468355|    4.464407|    2.189629|    4.972347|
|        4983|          25|   -5.689925|    1.013357|   -1.191283|    4.955707|
|        4983|          29|   -5.773998|    0.991596|   -1.285139|    4.950325|
+-----------------------------------------------------------------------------+
|   Time_Iter|  Inner_Iter|    rms[Rho]|   rms[RhoE]|      rms[k]|      rms[w]|
+-----------------------------------------------------------------------------+
|        4984|           0|   -1.468366|    4.464460|    2.189466|    4.962913|
|        4984|          25|   -5.692971|    1.003808|   -1.207787|    4.945622|
|        4984|          29|   -5.778721|    0.981358|   -1.311372|    4.940265|
+-----------------------------------------------------------------------------+
|   Time_Iter|  Inner_Iter|    rms[Rho]|   rms[RhoE]|      rms[k]|      rms[w]|
+-----------------------------------------------------------------------------+
|        4985|           0|   -1.468377|    4.464492|    2.189275|    4.953342|
|        4985|          25|   -5.696595|    0.992336|   -1.207251|    4.938056|
|        4985|          29|   -5.784365|    0.968940|   -1.310777|    4.932038|
+-----------------------------------------------------------------------------+
|   Time_Iter|  Inner_Iter|    rms[Rho]|   rms[RhoE]|      rms[k]|      rms[w]|
+-----------------------------------------------------------------------------+
|        4986|           0|   -1.468389|    4.464467|    2.189083|    4.944425|
|        4986|          25|   -5.699739|    0.981584|   -1.206745|    4.923350|
|        4986|          29|   -5.789134|    0.957644|   -1.310206|    4.917506|
+-----------------------------------------------------------------------------+
|   Time_Iter|  Inner_Iter|    rms[Rho]|   rms[RhoE]|      rms[k]|      rms[w]|
+-----------------------------------------------------------------------------+
|        4987|           0|   -1.468403|    4.464360|    2.188885|    4.930147|
|        4987|          25|   -5.702171|    0.972428|   -1.205230|    4.913387|
|        4987|          29|   -5.792838|    0.948106|   -1.308794|    4.908148|
+-----------------------------------------------------------------------------+
|   Time_Iter|  Inner_Iter|    rms[Rho]|   rms[RhoE]|      rms[k]|      rms[w]|
+-----------------------------------------------------------------------------+
|        4988|           0|   -1.468417|    4.464197|    2.188706|    4.921026|
|        4988|          25|   -5.703842|    0.965236|   -1.205710|    4.908050|
|        4988|          29|   -5.795398|    0.940735|   -1.309065|    4.903573|
+-----------------------------------------------------------------------------+
|   Time_Iter|  Inner_Iter|    rms[Rho]|   rms[RhoE]|      rms[k]|      rms[w]|
+-----------------------------------------------------------------------------+
|        4989|           0|   -1.468431|    4.463972|    2.188538|    4.916564|
|        4989|          25|   -5.704707|    0.960431|   -1.205182|    4.907673|
|        4989|          29|   -5.796730|    0.936013|   -1.308268|    4.903837|
+-----------------------------------------------------------------------------+
|   Time_Iter|  Inner_Iter|    rms[Rho]|   rms[RhoE]|      rms[k]|      rms[w]|
+-----------------------------------------------------------------------------+
|        4990|           0|   -1.468446|    4.463671|    2.188321|    4.916749|
|        4990|          25|   -5.704666|    0.958338|   -1.204704|    4.911862|
|        4990|          29|   -5.796723|    0.934245|   -1.307992|    4.908619|
+-----------------------------------------------------------------------+
|        File Writing Summary       |              Filename             |
+-----------------------------------------------------------------------+
|Paraview ASCII surface             |wall_npr20_production_cfl2_i30_from520_04990.vtk|
|CSV file                           |wall_npr20_production_cfl2_i30_from520_04990.csv|
+-----------------------------------------------------------------------+
+-----------------------------------------------------------------------------+
|   Time_Iter|  Inner_Iter|    rms[Rho]|   rms[RhoE]|      rms[k]|      rms[w]|
+-----------------------------------------------------------------------------+
|        4991|           0|   -1.468461|    4.463385|    2.188116|    4.921312|
|        4991|          25|   -5.703777|    0.958881|   -1.204192|    4.919049|
|        4991|          29|   -5.795515|    0.935274|   -1.307434|    4.916075|
+-----------------------------------------------------------------------------+
|   Time_Iter|  Inner_Iter|    rms[Rho]|   rms[RhoE]|      rms[k]|      rms[w]|
+-----------------------------------------------------------------------------+
|        4992|           0|   -1.468477|    4.463059|    2.187932|    4.928453|
|        4992|          25|   -5.702040|    0.961782|   -1.203663|    4.927860|
|        4992|          29|   -5.793184|    0.938740|   -1.306783|    4.925054|
+-----------------------------------------------------------------------------+
|   Time_Iter|  Inner_Iter|    rms[Rho]|   rms[RhoE]|      rms[k]|      rms[w]|
+-----------------------------------------------------------------------------+
|        4993|           0|   -1.468493|    4.462714|    2.187774|    4.937112|
|        4993|          25|   -5.699579|    0.966560|   -1.203061|    4.937055|
|        4993|          29|   -5.789956|    0.944089|   -1.306243|    4.934298|
+-----------------------------------------------------------------------------+
|   Time_Iter|  Inner_Iter|    rms[Rho]|   rms[RhoE]|      rms[k]|      rms[w]|
+-----------------------------------------------------------------------------+
|        4994|           0|   -1.468510|    4.462390|    2.187648|    4.946080|
|        4994|          25|   -5.696678|    0.972617|   -1.202642|    4.945984|
|        4994|          29|   -5.786180|    0.950687|   -1.305651|    4.943138|
+-----------------------------------------------------------------------------+
|   Time_Iter|  Inner_Iter|    rms[Rho]|   rms[RhoE]|      rms[k]|      rms[w]|
+-----------------------------------------------------------------------------+
|        4995|           0|   -1.468527|    4.462077|    2.187529|    4.954687|
|        4995|          25|   -5.693556|    0.979399|   -1.202087|    4.954382|
|        4995|          29|   -5.782159|    0.957919|   -1.305069|    4.951514|
+-----------------------------------------------------------------------------+
|   Time_Iter|  Inner_Iter|    rms[Rho]|   rms[RhoE]|      rms[k]|      rms[w]|
+-----------------------------------------------------------------------------+
|        4996|           0|   -1.468544|    4.461787|    2.187426|    4.962929|
|        4996|          25|   -5.690399|    0.986261|   -1.201164|    4.962047|
|        4996|          29|   -5.778148|    0.965129|   -1.304399|    4.958988|
+-----------------------------------------------------------------------------+
|   Time_Iter|  Inner_Iter|    rms[Rho]|   rms[RhoE]|      rms[k]|      rms[w]|
+-----------------------------------------------------------------------------+
|        4997|           0|   -1.468563|    4.461503|    2.187336|    4.970252|
|        4997|          25|   -5.687399|    0.992739|   -1.200389|    4.968010|
|        4997|          29|   -5.774396|    0.971859|   -1.302891|    4.964740|
+-----------------------------------------------------------------------------+
|   Time_Iter|  Inner_Iter|    rms[Rho]|   rms[RhoE]|      rms[k]|      rms[w]|
+-----------------------------------------------------------------------------+
|        4998|           0|   -1.468582|    4.461200|    2.187271|    4.975939|
|        4998|          25|   -5.684729|    0.998488|   -1.200354|    4.972324|
|        4998|          29|   -5.771105|    0.977757|   -1.303216|    4.968828|
+-----------------------------------------------------------------------------+
|   Time_Iter|  Inner_Iter|    rms[Rho]|   rms[RhoE]|      rms[k]|      rms[w]|
+-----------------------------------------------------------------------------+
|        4999|           0|   -1.468602|    4.460897|    2.187191|    4.980020|
|        4999|          25|   -5.682494|    1.003197|   -1.199780|    4.974864|
|        4999|          29|   -5.768414|    0.982515|   -1.302604|    4.971125|
+-----------------------------------------------------------------------+
|        File Writing Summary       |              Filename             |
+-----------------------------------------------------------------------+
|SU2 binary restart                 |restart_npr20_production_cfl2_i30_from520_04999.dat|
+-----------------------------------------------------------------------+
+-----------------------------------------------------------------------------+
|   Time_Iter|  Inner_Iter|    rms[Rho]|   rms[RhoE]|      rms[k]|      rms[w]|
+-----------------------------------------------------------------------------+
|        5000|           0|   -1.468623|    4.460513|    2.187123|    4.982358|
|        5000|          25|   -5.680797|    1.006647|   -1.199163|    4.975610|
|        5000|          29|   -5.766446|    0.985917|   -1.301988|    4.971620|
+-----------------------------------------------------------------------+
|        File Writing Summary       |              Filename             |
+-----------------------------------------------------------------------+
|SU2 binary restart                 |restart_npr20_production_cfl2_i30_from520_05000.dat|
|Paraview ASCII                     |flow_npr20_production_cfl2_i30_from520_05000.vtk|
|Paraview ASCII surface             |wall_npr20_production_cfl2_i30_from520_05000.vtk|
|CSV file                           |wall_npr20_production_cfl2_i30_from520_05000.csv|
+-----------------------------------------------------------------------+
+-----------------------------------------------------------------------------+
|   Time_Iter|  Inner_Iter|    rms[Rho]|   rms[RhoE]|      rms[k]|      rms[w]|
+-----------------------------------------------------------------------------+
|        5001|           0|   -1.468644|    4.460088|    2.187048|    4.982937|
|        5001|          25|   -5.679614|    1.008713|   -1.198653|    4.974546|
|        5001|          29|   -5.765211|    0.987847|   -1.301403|    4.970316|
+-----------------------------------------------------------------------------+
|   Time_Iter|  Inner_Iter|    rms[Rho]|   rms[RhoE]|      rms[k]|      rms[w]|
+-----------------------------------------------------------------------------+
|        5002|           0|   -1.468663|    4.459735|    2.186935|    4.981760|
|        5002|          25|   -5.679006|    1.009327|   -1.198083|    4.971767|
|        5002|          29|   -5.764769|    0.988238|   -1.300808|    4.967287|
+-----------------------------------------------------------------------------+
|   Time_Iter|  Inner_Iter|    rms[Rho]|   rms[RhoE]|      rms[k]|      rms[w]|
+-----------------------------------------------------------------------------+
|        5003|           0|   -1.468681|    4.459455|    2.186809|    4.978892|
|        5003|          25|   -5.678972|    1.008474|   -1.197436|    4.967304|
|        5003|          29|   -5.765116|    0.987087|   -1.300134|    4.962605|
+-----------------------------------------------------------------------------+
|   Time_Iter|  Inner_Iter|    rms[Rho]|   rms[RhoE]|      rms[k]|      rms[w]|
+-----------------------------------------------------------------------------+
|        5004|           0|   -1.468697|    4.459242|    2.186673|    4.974407|
|        5004|          25|   -5.679194|    1.006225|   -1.196918|    4.961332|
|        5004|          29|   -5.765983|    0.984443|   -1.299582|    4.956439|
+-----------------------------------------------------------------------------+
|   Time_Iter|  Inner_Iter|    rms[Rho]|   rms[RhoE]|      rms[k]|      rms[w]|
+-----------------------------------------------------------------------------+
|        5005|           0|   -1.468713|    4.459023|    2.186509|    4.968468|
|        5005|          25|   -5.679812|    1.002555|   -1.196311|    4.954212|
|        5005|          29|   -5.767466|    0.980339|   -1.298955|    4.949270|
+-----------------------------------------------------------------------------+
|   Time_Iter|  Inner_Iter|    rms[Rho]|   rms[RhoE]|      rms[k]|      rms[w]|
+-----------------------------------------------------------------------------+
|        5006|           0|   -1.468728|    4.458818|    2.186308|    4.961568|
|        5006|          25|   -5.680730|    0.997713|   -1.195655|    4.945953|
|        5006|          29|   -5.769404|    0.975047|   -1.298276|    4.940513|
+-----------------------------------------------------------------------------+
|   Time_Iter|  Inner_Iter|    rms[Rho]|   rms[RhoE]|      rms[k]|      rms[w]|
+-----------------------------------------------------------------------------+
|        5007|           0|   -1.468743|    4.458606|    2.186061|    4.953002|
|        5007|          25|   -5.681772|    0.992190|   -1.195086|    4.937429|
|        5007|          29|   -5.771580|    0.968995|   -1.297655|    4.932390|
+-----------------------------------------------------------------------------+
|   Time_Iter|  Inner_Iter|    rms[Rho]|   rms[RhoE]|      rms[k]|      rms[w]|
+-----------------------------------------------------------------------------+
|        5008|           0|   -1.468756|    4.458365|    2.185825|    4.945317|
|        5008|          25|   -5.683258|    0.985228|   -1.194419|    4.929400|
|        5008|          29|   -5.774405|    0.961367|   -1.296963|    4.924110|
+-----------------------------------------------------------------------------+
|   Time_Iter|  Inner_Iter|    rms[Rho]|   rms[RhoE]|      rms[k]|      rms[w]|
+-----------------------------------------------------------------------------+
|        5009|           0|   -1.468769|    4.458141|    2.185617|    4.937221|
|        5009|          25|   -5.685037|    0.977054|   -1.193698|    4.920154|
|        5009|          29|   -5.777663|    0.952447|   -1.296186|    4.914737|
+-----------------------------------------------------------------------------+
|   Time_Iter|  Inner_Iter|    rms[Rho]|   rms[RhoE]|      rms[k]|      rms[w]|
+-----------------------------------------------------------------------------+
|        5010|           0|   -1.468782|    4.457961|    2.185439|    4.928027|
|        5010|          25|   -5.687197|    0.967486|   -1.193085|    4.912943|
|        5010|          29|   -5.781545|    0.941844|   -1.295576|    4.907768|
+-----------------------------------------------------------------------+
|        File Writing Summary       |              Filename             |
+-----------------------------------------------------------------------+
|Paraview ASCII surface             |wall_npr20_production_cfl2_i30_from520_05010.vtk|
|CSV file                           |wall_npr20_production_cfl2_i30_from520_05010.csv|
+-----------------------------------------------------------------------+
+-----------------------------------------------------------------------------+
|   Time_Iter|  Inner_Iter|    rms[Rho]|   rms[RhoE]|      rms[k]|      rms[w]|
+-----------------------------------------------------------------------------+
|        5011|           0|   -1.468793|    4.457810|    2.185291|    4.921081|
|        5011|          25|   -5.689574|    0.957051|   -1.192449|    4.901183|
|        5011|          29|   -5.785552|    0.930569|   -1.294915|    4.895092|
+-----------------------------------------------------------------------------+
|   Time_Iter|  Inner_Iter|    rms[Rho]|   rms[RhoE]|      rms[k]|      rms[w]|
+-----------------------------------------------------------------------------+
|        5012|           0|   -1.468806|    4.457639|    2.185150|    4.908287|
|        5012|          25|   -5.691542|    0.947545|   -1.191713|    4.888489|
|        5012|          29|   -5.788886|    0.920387|   -1.294150|    4.882580|
+-----------------------------------------------------------------------------+
|   Time_Iter|  Inner_Iter|    rms[Rho]|   rms[RhoE]|      rms[k]|      rms[w]|
+-----------------------------------------------------------------------------+
|        5013|           0|   -1.468819|    4.457422|    2.185016|    4.896044|
|        5013|          25|   -5.692965|    0.939615|   -1.191102|    4.879524|
|        5013|          29|   -5.791346|    0.911990|   -1.293496|    4.874509|
+-----------------------------------------------------------------------------+
|   Time_Iter|  Inner_Iter|    rms[Rho]|   rms[RhoE]|      rms[k]|      rms[w]|
+-----------------------------------------------------------------------------+
|        5014|           0|   -1.468832|    4.457221|    2.184894|    4.888259|
|        5014|          25|   -5.693785|    0.933634|   -1.190525|    4.875444|
|        5014|          29|   -5.792854|    0.905768|   -1.292872|    4.871015|
+-----------------------------------------------------------------------------+
|   Time_Iter|  Inner_Iter|    rms[Rho]|   rms[RhoE]|      rms[k]|      rms[w]|
+-----------------------------------------------------------------------------+
|        5015|           0|   -1.468844|    4.457062|    2.184748|    4.884824|
|        5015|          25|   -5.693979|    0.929849|   -1.189844|    4.875854|
|        5015|          29|   -5.793391|    0.901995|   -1.292172|    4.871935|
+-----------------------------------------------------------------------------+
|   Time_Iter|  Inner_Iter|    rms[Rho]|   rms[RhoE]|      rms[k]|      rms[w]|
+-----------------------------------------------------------------------------+
|        5016|           0|   -1.468856|    4.456942|    2.184571|    4.885623|
|        5016|          25|   -5.693260|    0.928464|   -1.189134|    4.880023|
|        5016|          29|   -5.792731|    0.900820|   -1.291442|    4.876609|
+-----------------------------------------------------------------------------+
|   Time_Iter|  Inner_Iter|    rms[Rho]|   rms[RhoE]|      rms[k]|      rms[w]|
+-----------------------------------------------------------------------------+
|        5017|           0|   -1.468867|    4.456804|    2.184395|    4.890059|
|        5017|          25|   -5.691865|    0.929347|   -1.188493|    4.886528|
|        5017|          29|   -5.791133|    0.902071|   -1.290784|    4.883356|
+-----------------------------------------------------------------------------+
|   Time_Iter|  Inner_Iter|    rms[Rho]|   rms[RhoE]|      rms[k]|      rms[w]|
+-----------------------------------------------------------------------------+
|        5018|           0|   -1.468880|    4.456612|    2.184227|    4.896480|
|        5018|          25|   -5.689922|    0.932167|   -1.187819|    4.894263|
|        5018|          29|   -5.788783|    0.905344|   -1.290087|    4.891247|
+-----------------------------------------------------------------------------+
|   Time_Iter|  Inner_Iter|    rms[Rho]|   rms[RhoE]|      rms[k]|      rms[w]|
+-----------------------------------------------------------------------------+
|        5019|           0|   -1.468893|    4.456394|    2.184079|    4.904047|
|        5019|          25|   -5.687587|    0.936542|   -1.187112|    4.902408|
|        5019|          29|   -5.785895|    0.910211|   -1.289358|    4.899426|
+-----------------------------------------------------------------------------+
|   Time_Iter|  Inner_Iter|    rms[Rho]|   rms[RhoE]|      rms[k]|      rms[w]|
+-----------------------------------------------------------------------------+
|        5020|           0|   -1.468905|    4.456200|    2.183953|    4.911923|
|        5020|          25|   -5.685030|    0.941936|   -1.186118|    4.910461|
|        5020|          29|   -5.782672|    0.916108|   -1.288203|    4.907395|
+-----------------------------------------------------------------------+
|        File Writing Summary       |              Filename             |
+-----------------------------------------------------------------------+
|Paraview ASCII surface             |wall_npr20_production_cfl2_i30_from520_05020.vtk|
|CSV file                           |wall_npr20_production_cfl2_i30_from520_05020.csv|
+-----------------------------------------------------------------------+
+-----------------------------------------------------------------------------+
|   Time_Iter|  Inner_Iter|    rms[Rho]|   rms[RhoE]|      rms[k]|      rms[w]|
+-----------------------------------------------------------------------------+
|        5021|           0|   -1.468917|    4.456064|    2.183844|    4.919618|
|        5021|          25|   -5.682342|    0.948021|   -1.185671|    4.917792|
|        5021|          29|   -5.779264|    0.922644|   -1.287872|    4.914734|
+-----------------------------------------------------------------------------+
|   Time_Iter|  Inner_Iter|    rms[Rho]|   rms[RhoE]|      rms[k]|      rms[w]|
+-----------------------------------------------------------------------------+
|        5022|           0|   -1.468928|    4.456011|    2.183756|    4.926787|
|        5022|          25|   -5.679725|    0.954217|   -1.184987|    4.924762|
|        5022|          29|   -5.775931|    0.929226|   -1.287194|    4.921605|
+-----------------------------------------------------------------------------+
|   Time_Iter|  Inner_Iter|    rms[Rho]|   rms[RhoE]|      rms[k]|      rms[w]|
+-----------------------------------------------------------------------------+
|        5023|           0|   -1.468938|    4.456034|    2.183677|    4.933502|
|        5023|          25|   -5.677329|    0.960093|   -1.184341|    4.930473|
|        5023|          29|   -5.772857|    0.935414|   -1.286508|    4.927143|
+-----------------------------------------------------------------------------+
|   Time_Iter|  Inner_Iter|    rms[Rho]|   rms[RhoE]|      rms[k]|      rms[w]|
+-----------------------------------------------------------------------------+
|        5024|           0|   -1.468948|    4.456134|    2.183601|    4.938933|
|        5024|          25|   -5.675221|    0.965378|   -1.183568|    4.934744|
|        5024|          29|   -5.770144|    0.940923|   -1.285727|    4.931216|
+-----------------------------------------------------------------------------+
|   Time_Iter|  Inner_Iter|    rms[Rho]|   rms[RhoE]|      rms[k]|      rms[w]|
+-----------------------------------------------------------------------------+
|        5025|           0|   -1.468957|    4.456277|    2.183530|    4.942956|
|        5025|          25|   -5.673419|    0.969816|   -1.182919|    4.937561|
|        5025|          29|   -5.767856|    0.945484|   -1.285074|    4.933826|
+-----------------------------------------------------------------------------+
|   Time_Iter|  Inner_Iter|    rms[Rho]|   rms[RhoE]|      rms[k]|      rms[w]|
+-----------------------------------------------------------------------------+
|        5026|           0|   -1.468968|    4.456285|    2.183466|    4.945565|
|        5026|          25|   -5.672112|    0.973171|   -1.182155|    4.938796|
|        5026|          29|   -5.766190|    0.948869|   -1.284311|    4.934844|
+-----------------------------------------------------------------------------+
|   Time_Iter|  Inner_Iter|    rms[Rho]|   rms[RhoE]|      rms[k]|      rms[w]|
+-----------------------------------------------------------------------------+
|        5027|           0|   -1.468979|    4.456223|    2.183379|    4.946631|
|        5027|          25|   -5.670848|    0.975408|   -1.181458|    4.938465|
|        5027|          29|   -5.764780|    0.951010|   -1.283596|    4.934290|
+-----------------------------------------------------------------------------+
|   Time_Iter|  Inner_Iter|    rms[Rho]|   rms[RhoE]|      rms[k]|      rms[w]|
+-----------------------------------------------------------------------------+
|        5028|           0|   -1.468989|    4.456210|    2.183253|    4.946169|
|        5028|          25|   -5.669865|    0.976409|   -1.180647|    4.936573|
|        5028|          29|   -5.763854|    0.951808|   -1.282800|    4.932182|
+-----------------------------------------------------------------------------+
|   Time_Iter|  Inner_Iter|    rms[Rho]|   rms[RhoE]|      rms[k]|      rms[w]|
+-----------------------------------------------------------------------------+
|        5029|           0|   -1.468998|    4.456208|    2.183118|    4.944191|
|        5029|          25|   -5.669174|    0.976166|   -1.173751|    4.933228|
|        5029|          29|   -5.763428|    0.951259|   -1.272304|    4.928642|
+-----------------------------------------------------------------------------+
|   Time_Iter|  Inner_Iter|    rms[Rho]|   rms[RhoE]|      rms[k]|      rms[w]|
+-----------------------------------------------------------------------------+
|        5030|           0|   -1.469006|    4.456249|    2.182981|    4.940815|
|        5030|          25|   -5.668789|    0.974688|   -1.179119|    4.928397|
|        5030|          29|   -5.763503|    0.949380|   -1.281285|    4.923603|
+-----------------------------------------------------------------------+
|        File Writing Summary       |              Filename             |
+-----------------------------------------------------------------------+
|Paraview ASCII surface             |wall_npr20_production_cfl2_i30_from520_05030.vtk|
|CSV file                           |wall_npr20_production_cfl2_i30_from520_05030.csv|
+-----------------------------------------------------------------------+
+-----------------------------------------------------------------------------+
|   Time_Iter|  Inner_Iter|    rms[Rho]|   rms[RhoE]|      rms[k]|      rms[w]|
+-----------------------------------------------------------------------------+
|        5031|           0|   -1.469014|    4.456330|    2.182853|    4.935964|
|        5031|          25|   -5.668802|    0.971984|   -1.178314|    4.922249|
|        5031|          29|   -5.764164|    0.946173|   -1.280538|    4.917243|
+-----------------------------------------------------------------------------+
|   Time_Iter|  Inner_Iter|    rms[Rho]|   rms[RhoE]|      rms[k]|      rms[w]|
+-----------------------------------------------------------------------------+
|        5032|           0|   -1.469022|    4.456428|    2.182706|    4.929812|
|        5032|          25|   -5.669215|    0.968067|   -1.177674|    4.915236|
|        5032|          29|   -5.765342|    0.941751|   -1.279801|    4.910043|
+-----------------------------------------------------------------------------+
|   Time_Iter|  Inner_Iter|    rms[Rho]|   rms[RhoE]|      rms[k]|      rms[w]|
+-----------------------------------------------------------------------------+
|        5033|           0|   -1.469030|    4.456382|    2.182550|    4.922789|
|        5033|          25|   -5.669899|    0.963283|   -1.176902|    4.906513|
|        5033|          29|   -5.766857|    0.936445|   -1.279119|    4.900929|
+-----------------------------------------------------------------------------+
|   Time_Iter|  Inner_Iter|    rms[Rho]|   rms[RhoE]|      rms[k]|      rms[w]|
+-----------------------------------------------------------------------------+
|        5034|           0|   -1.469039|    4.456331|    2.182403|    4.913974|
|        5034|          25|   -5.670763|    0.958050|   -1.175131|    4.898100|
|        5034|          29|   -5.768580|    0.930616|   -1.276689|    4.893013|
+-----------------------------------------------------------------------------+
|   Time_Iter|  Inner_Iter|    rms[Rho]|   rms[RhoE]|      rms[k]|      rms[w]|
+-----------------------------------------------------------------------------+
|        5035|           0|   -1.469049|    4.456246|    2.182268|    4.906471|
|        5035|          25|   -5.672121|    0.951408|   -1.175311|    4.891776|
|        5035|          29|   -5.770989|    0.923158|   -1.277445|    4.886536|
+-----------------------------------------------------------------------------+
|   Time_Iter|  Inner_Iter|    rms[Rho]|   rms[RhoE]|      rms[k]|      rms[w]|
+-----------------------------------------------------------------------------+
|        5036|           0|   -1.469058|    4.456145|    2.182150|    4.900114|
|        5036|          25|   -5.673848|    0.943706|   -1.174543|    4.882966|
|        5036|          29|   -5.773810|    0.914611|   -1.276678|    4.877520|
+-----------------------------------------------------------------------------+
|   Time_Iter|  Inner_Iter|    rms[Rho]|   rms[RhoE]|      rms[k]|      rms[w]|
+-----------------------------------------------------------------------------+
|        5037|           0|   -1.469069|    4.456035|    2.182060|    4.891224|
|        5037|          25|   -5.676049|    0.934616|   -1.173816|    4.876074|
|        5037|          29|   -5.777308|    0.904386|   -1.275959|    4.870348|
+-----------------------------------------------------------------------------+
|   Time_Iter|  Inner_Iter|    rms[Rho]|   rms[RhoE]|      rms[k]|      rms[w]|
+-----------------------------------------------------------------------------+
|        5038|           0|   -1.469079|    4.455902|    2.181984|    4.883938|
|        5038|          25|   -5.678021|    0.925431|   -1.173052|    4.863459|
|        5038|          29|   -5.780426|    0.894269|   -1.275188|    4.857460|
+-----------------------------------------------------------------------------+
|   Time_Iter|  Inner_Iter|    rms[Rho]|   rms[RhoE]|      rms[k]|      rms[w]|
+-----------------------------------------------------------------------------+
|        5039|           0|   -1.469090|    4.455691|    2.181887|    4.871160|
|        5039|          25|   -5.679501|    0.917234|   -1.172260|    4.852139|
|        5039|          29|   -5.782879|    0.885265|   -1.274385|    4.846573|
+-----------------------------------------------------------------------------+
|   Time_Iter|  Inner_Iter|    rms[Rho]|   rms[RhoE]|      rms[k]|      rms[w]|
+-----------------------------------------------------------------------------+
|        5040|           0|   -1.469101|    4.455469|    2.181781|    4.860575|
|        5040|          25|   -5.680472|    0.910428|   -1.171503|    4.844353|
|        5040|          29|   -5.784597|    0.877857|   -1.273648|    4.839151|
+-----------------------------------------------------------------------+
|        File Writing Summary       |              Filename             |
+-----------------------------------------------------------------------+
|Paraview ASCII surface             |wall_npr20_production_cfl2_i30_from520_05040.vtk|
|CSV file                           |wall_npr20_production_cfl2_i30_from520_05040.csv|
+-----------------------------------------------------------------------+
+-----------------------------------------------------------------------------+
|   Time_Iter|  Inner_Iter|    rms[Rho]|   rms[RhoE]|      rms[k]|      rms[w]|
+-----------------------------------------------------------------------------+
|        5041|           0|   -1.469111|    4.455271|    2.181607|    4.853327|
|        5041|          25|   -5.680857|    0.905486|   -1.170741|    4.840528|
|        5041|          29|   -5.785465|    0.872563|   -1.272888|    4.835924|
+-----------------------------------------------------------------------------+
|   Time_Iter|  Inner_Iter|    rms[Rho]|   rms[RhoE]|      rms[k]|      rms[w]|
+-----------------------------------------------------------------------------+
|        5042|           0|   -1.469122|    4.455126|    2.181436|    4.850170|
|        5042|          25|   -5.680722|    0.902502|   -1.169953|    4.840353|
|        5042|          29|   -5.785555|    0.869461|   -1.272107|    4.836399|
+-----------------------------------------------------------------------------+
|   Time_Iter|  Inner_Iter|    rms[Rho]|   rms[RhoE]|      rms[k]|      rms[w]|
+-----------------------------------------------------------------------------+
|        5043|           0|   -1.469132|    4.455013|    2.181279|    4.850619|
|        5043|          25|   -5.680199|    0.901428|   -1.169215|    4.843826|
|        5043|          29|   -5.785025|    0.868492|   -1.271351|    4.840173|
+-----------------------------------------------------------------------------+
|   Time_Iter|  Inner_Iter|    rms[Rho]|   rms[RhoE]|      rms[k]|      rms[w]|
+-----------------------------------------------------------------------------+
|        5044|           0|   -1.469142|    4.454884|    2.181135|    4.854175|
|        5044|          25|   -5.679333|    0.902140|   -1.168381|    4.849321|
|        5044|          29|   -5.783923|    0.869502|   -1.270534|    4.845944|
+-----------------------------------------------------------------------------+
|   Time_Iter|  Inner_Iter|    rms[Rho]|   rms[RhoE]|      rms[k]|      rms[w]|
+-----------------------------------------------------------------------------+
|        5045|           0|   -1.469154|    4.454746|    2.181020|    4.859668|
|        5045|          25|   -5.678207|    0.904424|   -1.167668|    4.856064|
|        5045|          29|   -5.782384|    0.872206|   -1.269932|    4.852801|
+-----------------------------------------------------------------------------+
|   Time_Iter|  Inner_Iter|    rms[Rho]|   rms[RhoE]|      rms[k]|      rms[w]|
+-----------------------------------------------------------------------------+
|        5046|           0|   -1.469165|    4.454602|    2.180928|    4.866221|
|        5046|          25|   -5.676948|    0.907942|   -1.166881|    4.863108|
|        5046|          29|   -5.780569|    0.876236|   -1.269044|    4.859914|
+-----------------------------------------------------------------------------+
|   Time_Iter|  Inner_Iter|    rms[Rho]|   rms[RhoE]|      rms[k]|      rms[w]|
+-----------------------------------------------------------------------------+
|        5047|           0|   -1.469176|    4.454451|    2.180849|    4.873059|
|        5047|          25|   -5.675698|    0.912346|   -1.166113|    4.870242|
|        5047|          29|   -5.778660|    0.881186|   -1.268282|    4.867056|
+-----------------------------------------------------------------------------+
|   Time_Iter|  Inner_Iter|    rms[Rho]|   rms[RhoE]|      rms[k]|      rms[w]|
+-----------------------------------------------------------------------------+
|        5048|           0|   -1.469187|    4.454225|    2.180786|    4.879955|
|        5048|          25|   -5.674569|    0.917295|   -1.165255|    4.876878|
|        5048|          29|   -5.776810|    0.886717|   -1.267428|    4.873613|
+-----------------------------------------------------------------------------+
|   Time_Iter|  Inner_Iter|    rms[Rho]|   rms[RhoE]|      rms[k]|      rms[w]|
+-----------------------------------------------------------------------------+
|        5049|           0|   -1.469199|    4.453910|    2.180711|    4.886301|
|        5049|          25|   -5.673323|    0.922557|   -1.164413|    4.883160|
|        5049|          29|   -5.774784|    0.892512|   -1.265521|    4.879881|
+-----------------------------------------------------------------------+
|        File Writing Summary       |              Filename             |
+-----------------------------------------------------------------------+
|SU2 binary restart                 |restart_npr20_production_cfl2_i30_from520_05049.dat|
+-----------------------------------------------------------------------+
+-----------------------------------------------------------------------------+
|   Time_Iter|  Inner_Iter|    rms[Rho]|   rms[RhoE]|      rms[k]|      rms[w]|
+-----------------------------------------------------------------------------+
|        5050|           0|   -1.469210|    4.453604|    2.180612|    4.892417|
|        5050|          25|   -5.672036|    0.927742|   -1.163623|    4.888832|
|        5050|          29|   -5.772789|    0.898142|   -1.265732|    4.885448|
+-----------------------------------------------------------------------+
|        File Writing Summary       |              Filename             |
+-----------------------------------------------------------------------+
|SU2 binary restart                 |restart_npr20_production_cfl2_i30_from520_05050.dat|
|Paraview ASCII surface             |wall_npr20_production_cfl2_i30_from520_05050.vtk|
|CSV file                           |wall_npr20_production_cfl2_i30_from520_05050.csv|
+-----------------------------------------------------------------------+
+-----------------------------------------------------------------------------+
|   Time_Iter|  Inner_Iter|    rms[Rho]|   rms[RhoE]|      rms[k]|      rms[w]|
+-----------------------------------------------------------------------------+
|        5051|           0|   -1.469219|    4.453323|    2.180473|    4.897853|
|        5051|          25|   -5.670756|    0.932527|   -1.162834|    4.893276|
|        5051|          29|   -5.770874|    0.903273|   -1.265064|    4.889730|
+-----------------------------------------------------------------------------+
|   Time_Iter|  Inner_Iter|    rms[Rho]|   rms[RhoE]|      rms[k]|      rms[w]|
+-----------------------------------------------------------------------------+
|        5052|           0|   -1.469228|    4.453030|    2.180306|    4.902046|
|        5052|          25|   -5.669527|    0.936710|   -1.162047|    4.896453|
|        5052|          29|   -5.769119|    0.907691|   -1.264290|    4.892719|
+-----------------------------------------------------------------------------+
|   Time_Iter|  Inner_Iter|    rms[Rho]|   rms[RhoE]|      rms[k]|      rms[w]|
+-----------------------------------------------------------------------------+
|        5053|           0|   -1.469237|    4.452705|    2.180133|    4.904991|
|        5053|          25|   -5.668419|    0.940090|   -1.161273|    4.898287|
|        5053|          29|   -5.767607|    0.911189|   -1.263550|    4.894379|
+-----------------------------------------------------------------------------+
|   Time_Iter|  Inner_Iter|    rms[Rho]|   rms[RhoE]|      rms[k]|      rms[w]|
+-----------------------------------------------------------------------------+
|        5054|           0|   -1.469246|    4.452383|    2.179969|    4.906663|
|        5054|          25|   -5.667522|    0.942520|   -1.160469|    4.898782|
|        5054|          29|   -5.766441|    0.913623|   -1.262734|    4.894685|
+-----------------------------------------------------------------------------+
|   Time_Iter|  Inner_Iter|    rms[Rho]|   rms[RhoE]|      rms[k]|      rms[w]|
+-----------------------------------------------------------------------------+
|        5055|           0|   -1.469255|    4.452111|    2.179825|    4.907021|
|        5055|          25|   -5.666928|    0.943913|   -1.159440|    4.897954|
|        5055|          29|   -5.765716|    0.914918|   -1.261617|    4.893669|
+-----------------------------------------------------------------------------+
|   Time_Iter|  Inner_Iter|    rms[Rho]|   rms[RhoE]|      rms[k]|      rms[w]|
+-----------------------------------------------------------------------------+
|        5056|           0|   -1.469262|    4.451890|    2.179704|    4.906096|
|        5056|          25|   -5.666665|    0.944228|   -1.136932|    4.895778|
|        5056|          29|   -5.765445|    0.915037|   -1.227012|    4.891312|
+-----------------------------------------------------------------------------+
|   Time_Iter|  Inner_Iter|    rms[Rho]|   rms[RhoE]|      rms[k]|      rms[w]|
+-----------------------------------------------------------------------------+
|        5057|           0|   -1.469268|    4.451700|    2.179535|    4.903870|
|        5057|          25|   -5.666738|    0.943480|   -1.158100|    4.892267|
|        5057|          29|   -5.765641|    0.914002|   -1.260407|    4.887608|
+-----------------------------------------------------------------------------+
|   Time_Iter|  Inner_Iter|    rms[Rho]|   rms[RhoE]|      rms[k]|      rms[w]|
+-----------------------------------------------------------------------------+
|        5058|           0|   -1.469275|    4.451538|    2.179365|    4.900326|
|        5058|          25|   -5.667197|    0.941694|   -1.157313|    4.887685|
|        5058|          29|   -5.766345|    0.911848|   -1.259634|    4.882845|
+-----------------------------------------------------------------------------+
|   Time_Iter|  Inner_Iter|    rms[Rho]|   rms[RhoE]|      rms[k]|      rms[w]|
+-----------------------------------------------------------------------------+
|        5059|           0|   -1.469280|    4.451403|    2.179198|    4.895735|
|        5059|          25|   -5.668097|    0.938859|   -1.156522|    4.881851|
|        5059|          29|   -5.767602|    0.908558|   -1.258860|    4.876873|
+-----------------------------------------------------------------------------+
|   Time_Iter|  Inner_Iter|    rms[Rho]|   rms[RhoE]|      rms[k]|      rms[w]|
+-----------------------------------------------------------------------------+
|        5060|           0|   -1.469285|    4.451307|    2.179050|    4.889975|
|        5060|          25|   -5.669457|    0.935065|   -1.155838|    4.874667|
|        5060|          29|   -5.769379|    0.904322|   -1.258177|    4.869489|
+-----------------------------------------------------------------------+
|        File Writing Summary       |              Filename             |
+-----------------------------------------------------------------------+
|Paraview ASCII surface             |wall_npr20_production_cfl2_i30_from520_05060.vtk|
|CSV file                           |wall_npr20_production_cfl2_i30_from520_05060.csv|
+-----------------------------------------------------------------------+
+-----------------------------------------------------------------------------+
|   Time_Iter|  Inner_Iter|    rms[Rho]|   rms[RhoE]|      rms[k]|      rms[w]|
+-----------------------------------------------------------------------------+
|        5061|           0|   -1.469290|    4.451242|    2.178919|    4.882839|
|        5061|          25|   -5.670756|    0.930665|   -1.154960|    4.866918|
|        5061|          29|   -5.771204|    0.899337|   -1.257401|    4.861694|
+-----------------------------------------------------------------------------+
|   Time_Iter|  Inner_Iter|    rms[Rho]|   rms[RhoE]|      rms[k]|      rms[w]|
+-----------------------------------------------------------------------------+
|        5062|           0|   -1.469293|    4.451198|    2.178777|    4.875319|
|        5062|          25|   -5.672126|    0.925772|   -1.149336|    4.859293|
|        5062|          29|   -5.773106|    0.893912|   -1.248801|    4.854189|
+-----------------------------------------------------------------------------+
|   Time_Iter|  Inner_Iter|    rms[Rho]|   rms[RhoE]|      rms[k]|      rms[w]|
+-----------------------------------------------------------------------------+
|        5063|           0|   -1.469299|    4.451119|    2.178620|    4.868122|
|        5063|          25|   -5.673555|    0.920186|   -1.153456|    4.852486|
|        5063|          29|   -5.775184|    0.887614|   -1.255850|    4.847331|
+-----------------------------------------------------------------------------+
|   Time_Iter|  Inner_Iter|    rms[Rho]|   rms[RhoE]|      rms[k]|      rms[w]|
+-----------------------------------------------------------------------------+
|        5064|           0|   -1.469305|    4.450988|    2.178470|    4.861496|
|        5064|          25|   -5.675111|    0.913617|   -1.152649|    4.846072|
|        5064|          29|   -5.777530|    0.880135|   -1.255061|    4.840777|
+-----------------------------------------------------------------------------+
|   Time_Iter|  Inner_Iter|    rms[Rho]|   rms[RhoE]|      rms[k]|      rms[w]|
+-----------------------------------------------------------------------------+
|        5065|           0|   -1.469310|    4.450864|    2.178278|    4.855030|
|        5065|          25|   -5.676868|    0.905792|   -1.151872|    4.839886|
|        5065|          29|   -5.780256|    0.871128|   -1.254327|    4.834221|
+-----------------------------------------------------------------------------+
|   Time_Iter|  Inner_Iter|    rms[Rho]|   rms[RhoE]|      rms[k]|      rms[w]|
+-----------------------------------------------------------------------------+
|        5066|           0|   -1.469315|    4.450788|    2.178089|    4.848351|
|        5066|          25|   -5.678615|    0.897762|   -1.147451|    4.827909|
|        5066|          29|   -5.782899|    0.862073|   -1.247723|    4.821898|
+-----------------------------------------------------------------------------+
|   Time_Iter|  Inner_Iter|    rms[Rho]|   rms[RhoE]|      rms[k]|      rms[w]|
+-----------------------------------------------------------------------------+
|        5067|           0|   -1.469319|    4.450763|    2.177912|    4.836157|
|        5067|          25|   -5.680186|    0.890471|   -1.135912|    4.816946|
|        5067|          29|   -5.785228|    0.853889|   -1.230121|    4.811336|
+-----------------------------------------------------------------------------+
|   Time_Iter|  Inner_Iter|    rms[Rho]|   rms[RhoE]|      rms[k]|      rms[w]|
+-----------------------------------------------------------------------------+
|        5068|           0|   -1.469321|    4.450789|    2.177757|    4.825905|
|        5068|          25|   -5.681513|    0.884273|   -1.149543|    4.809374|
|        5068|          29|   -5.787128|    0.846995|   -1.252034|    4.804217|
+-----------------------------------------------------------------------------+
|   Time_Iter|  Inner_Iter|    rms[Rho]|   rms[RhoE]|      rms[k]|      rms[w]|
+-----------------------------------------------------------------------------+
|        5069|           0|   -1.469323|    4.450781|    2.177617|    4.818984|
|        5069|          25|   -5.682585|    0.879445|   -1.148853|    4.805153|
|        5069|          29|   -5.788576|    0.841699|   -1.251289|    4.800243|
+-----------------------------------------------------------------------------+
|   Time_Iter|  Inner_Iter|    rms[Rho]|   rms[RhoE]|      rms[k]|      rms[w]|
+-----------------------------------------------------------------------------+
|        5070|           0|   -1.469325|    4.450771|    2.177497|    4.815053|
|        5070|          25|   -5.683410|    0.876222|   -1.146816|    4.803299|
|        5070|          29|   -5.789553|    0.838322|   -1.248455|    4.798977|
+-----------------------------------------------------------------------+
|        File Writing Summary       |              Filename             |
+-----------------------------------------------------------------------+
|Paraview ASCII surface             |wall_npr20_production_cfl2_i30_from520_05070.vtk|
|CSV file                           |wall_npr20_production_cfl2_i30_from520_05070.csv|
+-----------------------------------------------------------------------+
+-----------------------------------------------------------------------------+
|   Time_Iter|  Inner_Iter|    rms[Rho]|   rms[RhoE]|      rms[k]|      rms[w]|
+-----------------------------------------------------------------------------+
|        5071|           0|   -1.469326|    4.450754|    2.177383|    4.813824|
|        5071|          25|   -5.683983|    0.874676|   -1.147519|    4.804748|
|        5071|          29|   -5.790060|    0.836870|   -1.250032|    4.800802|
+-----------------------------------------------------------------------------+
|   Time_Iter|  Inner_Iter|    rms[Rho]|   rms[RhoE]|      rms[k]|      rms[w]|
+-----------------------------------------------------------------------------+
|        5072|           0|   -1.469327|    4.450752|    2.177274|    4.815528|
|        5072|          25|   -5.684416|    0.874563|   -1.146768|    4.808777|
|        5072|          29|   -5.790250|    0.837047|   -1.249284|    4.805087|
+-----------------------------------------------------------------------------+
|   Time_Iter|  Inner_Iter|    rms[Rho]|   rms[RhoE]|      rms[k]|      rms[w]|
+-----------------------------------------------------------------------------+
|        5073|           0|   -1.469327|    4.450777|    2.177144|    4.819584|
|        5073|          25|   -5.684286|    0.875847|   -1.146202|    4.814075|
|        5073|          29|   -5.789760|    0.838726|   -1.248696|    4.810576|
+-----------------------------------------------------------------------------+
|   Time_Iter|  Inner_Iter|    rms[Rho]|   rms[RhoE]|      rms[k]|      rms[w]|
+-----------------------------------------------------------------------------+
|        5074|           0|   -1.469327|    4.450848|    2.176960|    4.824812|
|        5074|          25|   -5.683904|    0.878227|   -1.145411|    4.820132|
|        5074|          29|   -5.788926|    0.841582|   -1.247843|    4.816694|
+-----------------------------------------------------------------------------+
|   Time_Iter|  Inner_Iter|    rms[Rho]|   rms[RhoE]|      rms[k]|      rms[w]|
+-----------------------------------------------------------------------------+
|        5075|           0|   -1.469327|    4.450925|    2.176736|    4.830649|
|        5075|          25|   -5.683288|    0.881438|   -1.144685|    4.826104|
|        5075|          29|   -5.787802|    0.845312|   -1.247207|    4.822696|
+-----------------------------------------------------------------------------+
|   Time_Iter|  Inner_Iter|    rms[Rho]|   rms[RhoE]|      rms[k]|      rms[w]|
+-----------------------------------------------------------------------------+
|        5076|           0|   -1.469328|    4.451017|    2.176526|    4.836405|
|        5076|          25|   -5.682496|    0.885247|   -1.143922|    4.832086|
|        5076|          29|   -5.786471|    0.849650|   -1.246447|    4.828669|
+-----------------------------------------------------------------------------+
|   Time_Iter|  Inner_Iter|    rms[Rho]|   rms[RhoE]|      rms[k]|      rms[w]|
+-----------------------------------------------------------------------------+
|        5077|           0|   -1.469329|    4.451113|    2.176332|    4.842148|
|        5077|          25|   -5.681614|    0.889379|   -1.143290|    4.837678|
|        5077|          29|   -5.785043|    0.854312|   -1.245821|    4.834194|
+-----------------------------------------------------------------------------+
|   Time_Iter|  Inner_Iter|    rms[Rho]|   rms[RhoE]|      rms[k]|      rms[w]|
+-----------------------------------------------------------------------------+
|        5078|           0|   -1.469330|    4.451075|    2.176158|    4.847462|
|        5078|          25|   -5.680728|    0.893692|   -1.142515|    4.842600|
|        5078|          29|   -5.783616|    0.859131|   -1.245066|    4.839106|
+-----------------------------------------------------------------------------+
|   Time_Iter|  Inner_Iter|    rms[Rho]|   rms[RhoE]|      rms[k]|      rms[w]|
+-----------------------------------------------------------------------------+
|        5079|           0|   -1.469332|    4.450961|    2.176011|    4.852251|
|        5079|          25|   -5.679951|    0.897827|   -1.139215|    4.847235|
|        5079|          29|   -5.782336|    0.863706|   -1.240254|    4.843664|
+-----------------------------------------------------------------------------+
|   Time_Iter|  Inner_Iter|    rms[Rho]|   rms[RhoE]|      rms[k]|      rms[w]|
+-----------------------------------------------------------------------------+
|        5080|           0|   -1.469333|    4.450859|    2.175876|    4.856687|
|        5080|          25|   -5.679316|    0.901565|   -1.141087|    4.851086|
|        5080|          29|   -5.781242|    0.867808|   -1.243289|    4.847383|
+-----------------------------------------------------------------------+
|        File Writing Summary       |              Filename             |
+-----------------------------------------------------------------------+
|Paraview ASCII surface             |wall_npr20_production_cfl2_i30_from520_05080.vtk|
|CSV file                           |wall_npr20_production_cfl2_i30_from520_05080.csv|
+-----------------------------------------------------------------------+
+-----------------------------------------------------------------------------+
|   Time_Iter|  Inner_Iter|    rms[Rho]|   rms[RhoE]|      rms[k]|      rms[w]|
+-----------------------------------------------------------------------------+
|        5081|           0|   -1.469334|    4.450794|    2.175688|    4.860315|
|        5081|          25|   -5.678866|    0.904714|   -1.140373|    4.853663|
|        5081|          29|   -5.780402|    0.871233|   -1.242962|    4.849810|
+-----------------------------------------------------------------------------+
|   Time_Iter|  Inner_Iter|    rms[Rho]|   rms[RhoE]|      rms[k]|      rms[w]|
+-----------------------------------------------------------------------------+
|        5082|           0|   -1.469335|    4.450767|    2.175508|    4.862703|
|        5082|          25|   -5.678630|    0.907188|   -1.139664|    4.855168|
|        5082|          29|   -5.779852|    0.873890|   -1.242242|    4.851154|
+-----------------------------------------------------------------------------+
|   Time_Iter|  Inner_Iter|    rms[Rho]|   rms[RhoE]|      rms[k]|      rms[w]|
+-----------------------------------------------------------------------------+
|        5083|           0|   -1.469334|    4.450779|    2.175341|    4.864039|
|        5083|          25|   -5.678648|    0.908864|   -1.138945|    4.855489|
|        5083|          29|   -5.779630|    0.875655|   -1.241544|    4.851330|
+-----------------------------------------------------------------------------+
|   Time_Iter|  Inner_Iter|    rms[Rho]|   rms[RhoE]|      rms[k]|      rms[w]|
+-----------------------------------------------------------------------------+
|        5084|           0|   -1.469333|    4.450810|    2.175167|    4.864255|
|        5084|          25|   -5.678936|    0.909685|   -1.138292|    4.854648|
|        5084|          29|   -5.779756|    0.876469|   -1.240883|    4.850329|
+-----------------------------------------------------------------------------+
|   Time_Iter|  Inner_Iter|    rms[Rho]|   rms[RhoE]|      rms[k]|      rms[w]|
+-----------------------------------------------------------------------------+
|        5085|           0|   -1.469332|    4.450777|    2.174966|    4.863334|
|        5085|          25|   -5.679139|    0.909733|   -1.137611|    4.852719|
|        5085|          29|   -5.779919|    0.876383|   -1.240214|    4.848220|
+-----------------------------------------------------------------------------+
|   Time_Iter|  Inner_Iter|    rms[Rho]|   rms[RhoE]|      rms[k]|      rms[w]|
+-----------------------------------------------------------------------------+
|        5086|           0|   -1.469330|    4.450778|    2.174774|    4.861332|
|        5086|          25|   -5.679497|    0.908932|   -1.136841|    4.849717|
|        5086|          29|   -5.780343|    0.875352|   -1.239458|    4.845092|
+-----------------------------------------------------------------------------+
|   Time_Iter|  Inner_Iter|    rms[Rho]|   rms[RhoE]|      rms[k]|      rms[w]|
+-----------------------------------------------------------------------------+
|        5087|           0|   -1.469328|    4.450823|    2.174594|    4.858354|
|        5087|          25|   -5.679979|    0.907327|   -1.136140|    4.845666|
|        5087|          29|   -5.781007|    0.873412|   -1.238758|    4.840872|
+-----------------------------------------------------------------------------+
|   Time_Iter|  Inner_Iter|    rms[Rho]|   rms[RhoE]|      rms[k]|      rms[w]|
+-----------------------------------------------------------------------------+
|        5088|           0|   -1.469327|    4.450807|    2.174380|    4.854304|
|        5088|          25|   -5.680598|    0.904952|   -1.135453|    4.840783|
|        5088|          29|   -5.781916|    0.870619|   -1.238015|    4.835873|
+-----------------------------------------------------------------------------+
|   Time_Iter|  Inner_Iter|    rms[Rho]|   rms[RhoE]|      rms[k]|      rms[w]|
+-----------------------------------------------------------------------------+
|        5089|           0|   -1.469327|    4.450701|    2.174160|    4.849492|
|        5089|          25|   -5.681373|    0.901899|   -1.134629|    4.834654|
|        5089|          29|   -5.783077|    0.867084|   -1.237269|    4.829527|
+-----------------------------------------------------------------------------+
|   Time_Iter|  Inner_Iter|    rms[Rho]|   rms[RhoE]|      rms[k]|      rms[w]|
+-----------------------------------------------------------------------------+
|        5090|           0|   -1.469328|    4.450564|    2.173957|    4.843361|
|        5090|          25|   -5.682332|    0.898233|   -1.133605|    4.827553|
|        5090|          29|   -5.784496|    0.862907|   -1.236055|    4.822506|
+-----------------------------------------------------------------------+
|        File Writing Summary       |              Filename             |
+-----------------------------------------------------------------------+
|Paraview ASCII surface             |wall_npr20_production_cfl2_i30_from520_05090.vtk|
|CSV file                           |wall_npr20_production_cfl2_i30_from520_05090.csv|
+-----------------------------------------------------------------------+
+-----------------------------------------------------------------------------+
|   Time_Iter|  Inner_Iter|    rms[Rho]|   rms[RhoE]|      rms[k]|      rms[w]|
+-----------------------------------------------------------------------------+
|        5091|           0|   -1.469329|    4.450388|    2.173782|    4.836651|
|        5091|          25|   -5.683442|    0.894031|   -1.133224|    4.821319|
|        5091|          29|   -5.786146|    0.858064|   -1.235876|    4.816154|
+-----------------------------------------------------------------------------+
|   Time_Iter|  Inner_Iter|    rms[Rho]|   rms[RhoE]|      rms[k]|      rms[w]|
+-----------------------------------------------------------------------------+
|        5092|           0|   -1.469331|    4.450160|    2.173628|    4.830497|
|        5092|          25|   -5.684663|    0.889401|   -1.131176|    4.814364|
|        5092|          29|   -5.787916|    0.852829|   -1.233044|    4.809234|
+-----------------------------------------------------------------------------+
|   Time_Iter|  Inner_Iter|    rms[Rho]|   rms[RhoE]|      rms[k]|      rms[w]|
+-----------------------------------------------------------------------------+
|        5093|           0|   -1.469332|    4.449945|    2.173491|    4.823844|
|        5093|          25|   -5.686010|    0.884217|   -1.131908|    4.807873|
|        5093|          29|   -5.789879|    0.846895|   -1.234558|    4.802682|
+-----------------------------------------------------------------------------+
|   Time_Iter|  Inner_Iter|    rms[Rho]|   rms[RhoE]|      rms[k]|      rms[w]|
+-----------------------------------------------------------------------------+
|        5094|           0|   -1.469332|    4.449768|    2.173376|    4.817505|
|        5094|          25|   -5.687556|    0.878257|   -1.131235|    4.802081|
|        5094|          29|   -5.792159|    0.839941|   -1.233868|    4.797275|
+-----------------------------------------------------------------------------+
|   Time_Iter|  Inner_Iter|    rms[Rho]|   rms[RhoE]|      rms[k]|      rms[w]|
+-----------------------------------------------------------------------------+
|        5095|           0|   -1.469331|    4.449630|    2.173256|    4.812320|
|        5095|          25|   -5.689366|    0.871225|   -1.130578|    4.794999|
|        5095|          29|   -5.794763|    0.831852|   -1.233225|    4.789178|
+-----------------------------------------------------------------------------+
|   Time_Iter|  Inner_Iter|    rms[Rho]|   rms[RhoE]|      rms[k]|      rms[w]|
+-----------------------------------------------------------------------------+
|        5096|           0|   -1.469329|    4.449525|    2.173118|    4.803982|
|        5096|          25|   -5.691122|    0.864443|   -1.129834|    4.783978|
|        5096|          29|   -5.797207|    0.824134|   -1.232448|    4.778161|
+-----------------------------------------------------------------------------+
|   Time_Iter|  Inner_Iter|    rms[Rho]|   rms[RhoE]|      rms[k]|      rms[w]|
+-----------------------------------------------------------------------------+
|        5097|           0|   -1.469326|    4.449429|    2.172895|    4.793221|
|        5097|          25|   -5.692445|    0.858459|   -1.129320|    4.774981|
|        5097|          29|   -5.799112|    0.817330|   -1.231963|    4.769604|
+-----------------------------------------------------------------------------+
|   Time_Iter|  Inner_Iter|    rms[Rho]|   rms[RhoE]|      rms[k]|      rms[w]|
+-----------------------------------------------------------------------------+
|        5098|           0|   -1.469322|    4.449337|    2.172667|    4.784946|
|        5098|          25|   -5.693493|    0.853472|   -1.128656|    4.769163|
|        5098|          29|   -5.800607|    0.811701|   -1.231293|    4.764109|
+-----------------------------------------------------------------------------+
|   Time_Iter|  Inner_Iter|    rms[Rho]|   rms[RhoE]|      rms[k]|      rms[w]|
+-----------------------------------------------------------------------------+
|        5099|           0|   -1.469319|    4.449257|    2.172458|    4.779592|
|        5099|          25|   -5.694226|    0.849657|   -1.127943|    4.765951|
|        5099|          29|   -5.801647|    0.807454|   -1.230574|    4.761223|
+-----------------------------------------------------------------------+
|        File Writing Summary       |              Filename             |
+-----------------------------------------------------------------------+
|SU2 binary restart                 |restart_npr20_production_cfl2_i30_from520_05099.dat|
+-----------------------------------------------------------------------+
+-----------------------------------------------------------------------------+
|   Time_Iter|  Inner_Iter|    rms[Rho]|   rms[RhoE]|      rms[k]|      rms[w]|
+-----------------------------------------------------------------------------+
|        5100|           0|   -1.469315|    4.449227|    2.172280|    4.776752|
|        5100|          25|   -5.694656|    0.847104|   -1.126870|    4.764942|
|        5100|          29|   -5.802245|    0.804687|   -1.229247|    4.760455|
+-----------------------------------------------------------------------+
|        File Writing Summary       |              Filename             |
+-----------------------------------------------------------------------+
|SU2 binary restart                 |restart_npr20_production_cfl2_i30_from520_05100.dat|
|Paraview ASCII                     |flow_npr20_production_cfl2_i30_from520_05100.vtk|
|Paraview ASCII surface             |wall_npr20_production_cfl2_i30_from520_05100.vtk|
|CSV file                           |wall_npr20_production_cfl2_i30_from520_05100.csv|
+-----------------------------------------------------------------------+
+-----------------------------------------------------------------------------+
|   Time_Iter|  Inner_Iter|    rms[Rho]|   rms[RhoE]|      rms[k]|      rms[w]|
+-----------------------------------------------------------------------------+
|        5101|           0|   -1.469310|    4.449233|    2.172132|    4.775943|
|        5101|          25|   -5.694801|    0.845915|   -1.126703|    4.765765|
|        5101|          29|   -5.802408|    0.803541|   -1.229327|    4.761511|
+-----------------------------------------------------------------------------+
|   Time_Iter|  Inner_Iter|    rms[Rho]|   rms[RhoE]|      rms[k]|      rms[w]|
+-----------------------------------------------------------------------------+
|        5102|           0|   -1.469305|    4.449274|    2.172001|    4.776895|
|        5102|          25|   -5.694713|    0.845972|   -1.126026|    4.768503|
|        5102|          29|   -5.802227|    0.803788|   -1.228649|    4.764634|
+-----------------------------------------------------------------------------+
|   Time_Iter|  Inner_Iter|    rms[Rho]|   rms[RhoE]|      rms[k]|      rms[w]|
+-----------------------------------------------------------------------------+
|        5103|           0|   -1.469300|    4.449294|    2.171877|    4.779904|
|        5103|          25|   -5.694453|    0.846982|   -1.125433|    4.772928|
|        5103|          29|   -5.801789|    0.805113|   -1.228044|    4.769167|
+-----------------------------------------------------------------------------+
|   Time_Iter|  Inner_Iter|    rms[Rho]|   rms[RhoE]|      rms[k]|      rms[w]|
+-----------------------------------------------------------------------------+
|        5104|           0|   -1.469296|    4.449300|    2.171695|    4.784203|
|        5104|          25|   -5.694086|    0.848776|   -1.124919|    4.777724|
|        5104|          29|   -5.801180|    0.807305|   -1.227524|    4.774061|
+-----------------------------------------------------------------------------+
|   Time_Iter|  Inner_Iter|    rms[Rho]|   rms[RhoE]|      rms[k]|      rms[w]|
+-----------------------------------------------------------------------------+
|        5105|           0|   -1.469290|    4.449295|    2.171502|    4.788865|
|        5105|          25|   -5.693660|    0.851148|   -1.124306|    4.782657|
|        5105|          29|   -5.800464|    0.810136|   -1.226894|    4.779000|
+-----------------------------------------------------------------------------+
|   Time_Iter|  Inner_Iter|    rms[Rho]|   rms[RhoE]|      rms[k]|      rms[w]|
+-----------------------------------------------------------------------------+
|        5106|           0|   -1.469285|    4.449262|    2.171295|    4.793569|
|        5106|          25|   -5.693251|    0.853903|   -1.123676|    4.787436|
|        5106|          29|   -5.799740|    0.813379|   -1.226255|    4.783792|
+-----------------------------------------------------------------------------+
|   Time_Iter|  Inner_Iter|    rms[Rho]|   rms[RhoE]|      rms[k]|      rms[w]|
+-----------------------------------------------------------------------------+
|        5107|           0|   -1.469281|    4.449179|    2.171076|    4.798154|
|        5107|          25|   -5.692854|    0.856894|   -1.123077|    4.792069|
|        5107|          29|   -5.799004|    0.816872|   -1.225647|    4.788411|
+-----------------------------------------------------------------------------+
|   Time_Iter|  Inner_Iter|    rms[Rho]|   rms[RhoE]|      rms[k]|      rms[w]|
+-----------------------------------------------------------------------------+
|        5108|           0|   -1.469276|    4.449040|    2.170868|    4.802581|
|        5108|          25|   -5.692456|    0.859974|   -1.122453|    4.796299|
|        5108|          29|   -5.798253|    0.820438|   -1.224994|    4.792601|
+-----------------------------------------------------------------------------+
|   Time_Iter|  Inner_Iter|    rms[Rho]|   rms[RhoE]|      rms[k]|      rms[w]|
+-----------------------------------------------------------------------------+
|        5109|           0|   -1.469272|    4.448858|    2.170692|    4.806609|
|        5109|          25|   -5.691905|    0.863101|   -1.121867|    4.799866|
|        5109|          29|   -5.797372|    0.824015|   -1.224410|    4.796105|
+-----------------------------------------------------------------------------+
|   Time_Iter|  Inner_Iter|    rms[Rho]|   rms[RhoE]|      rms[k]|      rms[w]|
+-----------------------------------------------------------------------------+
|        5110|           0|   -1.469268|    4.448679|    2.170517|    4.809990|
|        5110|          25|   -5.691346|    0.866036|   -1.121291|    4.803004|
|        5110|          29|   -5.796523|    0.827327|   -1.223822|    4.799177|
+-----------------------------------------------------------------------+
|        File Writing Summary       |              Filename             |
+-----------------------------------------------------------------------+
|Paraview ASCII surface             |wall_npr20_production_cfl2_i30_from520_05110.vtk|
|CSV file                           |wall_npr20_production_cfl2_i30_from520_05110.csv|
+-----------------------------------------------------------------------+
+-----------------------------------------------------------------------------+
|   Time_Iter|  Inner_Iter|    rms[Rho]|   rms[RhoE]|      rms[k]|      rms[w]|
+-----------------------------------------------------------------------------+
|        5111|           0|   -1.469263|    4.448529|    2.170308|    4.812969|
|        5111|          25|   -5.690802|    0.868621|   -1.120627|    4.805472|
|        5111|          29|   -5.795744|    0.830202|   -1.223143|    4.801536|
+-----------------------------------------------------------------------------+
|   Time_Iter|  Inner_Iter|    rms[Rho]|   rms[RhoE]|      rms[k]|      rms[w]|
+-----------------------------------------------------------------------------+
|        5112|           0|   -1.469258|    4.448394|    2.170109|    4.815259|
|        5112|          25|   -5.690337|    0.870716|   -1.120081|    4.807155|
|        5112|          29|   -5.795111|    0.832494|   -1.222593|    4.803103|
+-----------------------------------------------------------------------------+
|   Time_Iter|  Inner_Iter|    rms[Rho]|   rms[RhoE]|      rms[k]|      rms[w]|
+-----------------------------------------------------------------------------+
|        5113|           0|   -1.469253|    4.448257|    2.169929|    4.816781|
|        5113|          25|   -5.689988|    0.872236|   -1.119426|    4.807706|
|        5113|          29|   -5.794661|    0.834120|   -1.221906|    4.803521|
+-----------------------------------------------------------------------------+
|   Time_Iter|  Inner_Iter|    rms[Rho]|   rms[RhoE]|      rms[k]|      rms[w]|
+-----------------------------------------------------------------------------+
|        5114|           0|   -1.469246|    4.448144|    2.169781|    4.817204|
|        5114|          25|   -5.689749|    0.873156|   -1.118818|    4.807462|
|        5114|          29|   -5.794383|    0.835055|   -1.221301|    4.803163|
+-----------------------------------------------------------------------------+
|   Time_Iter|  Inner_Iter|    rms[Rho]|   rms[RhoE]|      rms[k]|      rms[w]|
+-----------------------------------------------------------------------------+
|        5115|           0|   -1.469240|    4.448037|    2.169664|    4.816884|
|        5115|          25|   -5.689652|    0.873421|   -1.118268|    4.806185|
|        5115|          29|   -5.794312|    0.835240|   -1.220736|    4.801747|
+-----------------------------------------------------------------------------+
|   Time_Iter|  Inner_Iter|    rms[Rho]|   rms[RhoE]|      rms[k]|      rms[w]|
+-----------------------------------------------------------------------------+
|        5116|           0|   -1.469234|    4.447937|    2.169541|    4.815550|
|        5116|          25|   -5.689713|    0.873029|   -1.108382|    4.804194|
|        5116|          29|   -5.794461|    0.834689|   -1.205434|    4.799655|
+-----------------------------------------------------------------------------+
|   Time_Iter|  Inner_Iter|    rms[Rho]|   rms[RhoE]|      rms[k]|      rms[w]|
+-----------------------------------------------------------------------------+
|        5117|           0|   -1.469227|    4.447859|    2.169425|    4.813567|
|        5117|          25|   -5.689959|    0.871962|   -1.117055|    4.801297|
|        5117|          29|   -5.794864|    0.833370|   -1.219493|    4.796616|
+-----------------------------------------------------------------------------+
|   Time_Iter|  Inner_Iter|    rms[Rho]|   rms[RhoE]|      rms[k]|      rms[w]|
+-----------------------------------------------------------------------------+
|        5118|           0|   -1.469220|    4.447813|    2.169290|    4.810668|
|        5118|          25|   -5.690390|    0.870239|   -1.116295|    4.797728|
|        5118|          29|   -5.795509|    0.831323|   -1.218611|    4.792946|
+-----------------------------------------------------------------------------+
|   Time_Iter|  Inner_Iter|    rms[Rho]|   rms[RhoE]|      rms[k]|      rms[w]|
+-----------------------------------------------------------------------------+
|        5119|           0|   -1.469213|    4.447796|    2.169078|    4.807157|
|        5119|          25|   -5.691037|    0.867884|   -1.115891|    4.793422|
|        5119|          29|   -5.796432|    0.828565|   -1.218298|    4.788514|
+-----------------------------------------------------------------------------+
|   Time_Iter|  Inner_Iter|    rms[Rho]|   rms[RhoE]|      rms[k]|      rms[w]|
+-----------------------------------------------------------------------------+
|        5120|           0|   -1.469205|    4.447800|    2.168854|    4.802904|
|        5120|          25|   -5.691594|    0.865102|   -1.115306|    4.787484|
|        5120|          29|   -5.797299|    0.825319|   -1.217696|    4.782330|
+-----------------------------------------------------------------------+
|        File Writing Summary       |              Filename             |
+-----------------------------------------------------------------------+
|Paraview ASCII surface             |wall_npr20_production_cfl2_i30_from520_05120.vtk|
|CSV file                           |wall_npr20_production_cfl2_i30_from520_05120.csv|
+-----------------------------------------------------------------------+
+-----------------------------------------------------------------------------+
|   Time_Iter|  Inner_Iter|    rms[Rho]|   rms[RhoE]|      rms[k]|      rms[w]|
+-----------------------------------------------------------------------------+
|        5121|           0|   -1.469199|    4.447772|    2.168631|    4.796966|
|        5121|          25|   -5.692223|    0.861861|   -1.114719|    4.781804|
|        5121|          29|   -5.798310|    0.821549|   -1.217104|    4.776751|
+-----------------------------------------------------------------------------+
|   Time_Iter|  Inner_Iter|    rms[Rho]|   rms[RhoE]|      rms[k]|      rms[w]|
+-----------------------------------------------------------------------------+
|        5122|           0|   -1.469192|    4.447757|    2.168450|    4.791657|
|        5122|          25|   -5.692914|    0.858199|   -1.114141|    4.776262|
|        5122|          29|   -5.799447|    0.817286|   -1.216317|    4.771200|
+-----------------------------------------------------------------------------+
|   Time_Iter|  Inner_Iter|    rms[Rho]|   rms[RhoE]|      rms[k]|      rms[w]|
+-----------------------------------------------------------------------------+
|        5123|           0|   -1.469184|    4.447753|    2.168299|    4.786322|
|        5123|          25|   -5.693688|    0.854070|   -1.113549|    4.770304|
|        5123|          29|   -5.800735|    0.812470|   -1.215938|    4.765050|
+-----------------------------------------------------------------------------+
|   Time_Iter|  Inner_Iter|    rms[Rho]|   rms[RhoE]|      rms[k]|      rms[w]|
+-----------------------------------------------------------------------------+
|        5124|           0|   -1.469177|    4.447752|    2.168169|    4.780337|
|        5124|          25|   -5.694482|    0.849796|   -1.113004|    4.763854|
|        5124|          29|   -5.802050|    0.807506|   -1.215303|    4.758662|
+-----------------------------------------------------------------------------+
|   Time_Iter|  Inner_Iter|    rms[Rho]|   rms[RhoE]|      rms[k]|      rms[w]|
+-----------------------------------------------------------------------------+
|        5125|           0|   -1.469169|    4.447758|    2.168030|    4.774219|
|        5125|          25|   -5.695374|    0.844975|   -1.112632|    4.758634|
|        5125|          29|   -5.803562|    0.801742|   -1.214842|    4.753767|
+-----------------------------------------------------------------------------+
|   Time_Iter|  Inner_Iter|    rms[Rho]|   rms[RhoE]|      rms[k]|      rms[w]|
+-----------------------------------------------------------------------------+
|        5126|           0|   -1.469161|    4.447775|    2.167825|    4.769501|
|        5126|          25|   -5.696403|    0.839477|   -1.111928|    4.751526|
|        5126|          29|   -5.805245|    0.795279|   -1.214025|    4.745842|
+-----------------------------------------------------------------------------+
|   Time_Iter|  Inner_Iter|    rms[Rho]|   rms[RhoE]|      rms[k]|      rms[w]|
+-----------------------------------------------------------------------------+
|        5127|           0|   -1.469153|    4.447800|    2.167599|    4.761562|
|        5127|          25|   -5.697410|    0.834088|   -1.111301|    4.742377|
|        5127|          29|   -5.806872|    0.788936|   -1.213439|    4.736984|
+-----------------------------------------------------------------------------+
|   Time_Iter|  Inner_Iter|    rms[Rho]|   rms[RhoE]|      rms[k]|      rms[w]|
+-----------------------------------------------------------------------------+
|        5128|           0|   -1.469145|    4.447804|    2.167357|    4.753001|
|        5128|          25|   -5.698400|    0.828948|   -1.110662|    4.734926|
|        5128|          29|   -5.808417|    0.782950|   -1.212900|    4.729441|
+-----------------------------------------------------------------------------+
|   Time_Iter|  Inner_Iter|    rms[Rho]|   rms[RhoE]|      rms[k]|      rms[w]|
+-----------------------------------------------------------------------------+
|        5129|           0|   -1.469138|    4.447783|    2.167129|    4.745605|
|        5129|          25|   -5.699300|    0.824468|   -1.106553|    4.728615|
|        5129|          29|   -5.809768|    0.777770|   -1.206507|    4.723394|
+-----------------------------------------------------------------------------+
|   Time_Iter|  Inner_Iter|    rms[Rho]|   rms[RhoE]|      rms[k]|      rms[w]|
+-----------------------------------------------------------------------------+
|        5130|           0|   -1.469130|    4.447756|    2.166931|    4.739749|
|        5130|          25|   -5.700089|    0.820813|   -1.109685|    4.724733|
|        5130|          29|   -5.810888|    0.773611|   -1.212044|    4.719786|
+-----------------------------------------------------------------------+
|        File Writing Summary       |              Filename             |
+-----------------------------------------------------------------------+
|Paraview ASCII surface             |wall_npr20_production_cfl2_i30_from520_05130.vtk|
|CSV file                           |wall_npr20_production_cfl2_i30_from520_05130.csv|
+-----------------------------------------------------------------------+
+-----------------------------------------------------------------------------+
|   Time_Iter|  Inner_Iter|    rms[Rho]|   rms[RhoE]|      rms[k]|      rms[w]|
+-----------------------------------------------------------------------------+
|        5131|           0|   -1.469122|    4.447748|    2.166775|    4.736203|
|        5131|          25|   -5.700676|    0.818086|   -1.105578|    4.722564|
|        5131|          29|   -5.811681|    0.770573|   -1.205277|    4.717852|
+-----------------------------------------------------------------------------+
|   Time_Iter|  Inner_Iter|    rms[Rho]|   rms[RhoE]|      rms[k]|      rms[w]|
+-----------------------------------------------------------------------------+
|        5132|           0|   -1.469114|    4.447762|    2.166586|    4.734286|
|        5132|          25|   -5.700974|    0.816354|   -1.108789|    4.722325|
|        5132|          29|   -5.812085|    0.768703|   -1.210886|    4.717832|
+-----------------------------------------------------------------------------+
|   Time_Iter|  Inner_Iter|    rms[Rho]|   rms[RhoE]|      rms[k]|      rms[w]|
+-----------------------------------------------------------------------------+
|        5133|           0|   -1.469105|    4.447794|    2.166395|    4.734198|
|        5133|          25|   -5.701079|    0.815540|   -1.104614|    4.723058|
|        5133|          29|   -5.812213|    0.767917|   -1.204493|    4.718722|
+-----------------------------------------------------------------------------+
|   Time_Iter|  Inner_Iter|    rms[Rho]|   rms[RhoE]|      rms[k]|      rms[w]|
+-----------------------------------------------------------------------------+
|        5134|           0|   -1.469096|    4.447829|    2.166218|    4.734987|
|        5134|          25|   -5.701003|    0.815610|   -1.107784|    4.725037|
|        5134|          29|   -5.812074|    0.768179|   -1.209830|    4.720790|
+-----------------------------------------------------------------------------+
|   Time_Iter|  Inner_Iter|    rms[Rho]|   rms[RhoE]|      rms[k]|      rms[w]|
+-----------------------------------------------------------------------------+
|        5135|           0|   -1.469088|    4.447889|    2.166074|    4.736906|
|        5135|          25|   -5.700778|    0.816437|   -1.103576|    4.728002|
|        5135|          29|   -5.811723|    0.769284|   -1.203401|    4.724034|
+-----------------------------------------------------------------------------+
|   Time_Iter|  Inner_Iter|    rms[Rho]|   rms[RhoE]|      rms[k]|      rms[w]|
+-----------------------------------------------------------------------------+
|        5136|           0|   -1.469078|    4.447989|    2.165949|    4.740021|
|        5136|          25|   -5.700471|    0.817754|   -1.106737|    4.731859|
|        5136|          29|   -5.811250|    0.770939|   -1.208714|    4.727942|
+-----------------------------------------------------------------------------+
|   Time_Iter|  Inner_Iter|    rms[Rho]|   rms[RhoE]|      rms[k]|      rms[w]|
+-----------------------------------------------------------------------------+
|        5137|           0|   -1.469068|    4.448120|    2.165837|    4.743727|
|        5137|          25|   -5.700136|    0.819404|   -1.102587|    4.735715|
|        5137|          29|   -5.810726|    0.772963|   -1.202380|    4.731830|
+-----------------------------------------------------------------------------+
|   Time_Iter|  Inner_Iter|    rms[Rho]|   rms[RhoE]|      rms[k]|      rms[w]|
+-----------------------------------------------------------------------------+
|        5138|           0|   -1.469057|    4.448260|    2.165736|    4.747427|
|        5138|          25|   -5.699816|    0.821296|   -1.105748|    4.739515|
|        5138|          29|   -5.810201|    0.775261|   -1.207653|    4.735627|
+-----------------------------------------------------------------------------+
|   Time_Iter|  Inner_Iter|    rms[Rho]|   rms[RhoE]|      rms[k]|      rms[w]|
+-----------------------------------------------------------------------------+
|        5139|           0|   -1.469046|    4.448429|    2.165647|    4.751039|
|        5139|          25|   -5.699548|    0.823302|   -1.101668|    4.743079|
|        5139|          29|   -5.809725|    0.777680|   -1.201402|    4.739169|
+-----------------------------------------------------------------------------+
|   Time_Iter|  Inner_Iter|    rms[Rho]|   rms[RhoE]|      rms[k]|      rms[w]|
+-----------------------------------------------------------------------------+
|        5140|           0|   -1.469036|    4.448449|    2.165488|    4.754416|
|        5140|          25|   -5.699339|    0.825345|   -1.104766|    4.746369|
|        5140|          29|   -5.809306|    0.780137|   -1.206614|    4.742441|
+-----------------------------------------------------------------------+
|        File Writing Summary       |              Filename             |
+-----------------------------------------------------------------------+
|Paraview ASCII surface             |wall_npr20_production_cfl2_i30_from520_05140.vtk|
|CSV file                           |wall_npr20_production_cfl2_i30_from520_05140.csv|
+-----------------------------------------------------------------------+
+-----------------------------------------------------------------------------+
|   Time_Iter|  Inner_Iter|    rms[Rho]|   rms[RhoE]|      rms[k]|      rms[w]|
+-----------------------------------------------------------------------------+
|        5141|           0|   -1.469026|    4.448427|    2.165327|    4.757542|
|        5141|          25|   -5.699194|    0.827333|   -1.100704|    4.749230|
|        5141|          29|   -5.808957|    0.782516|   -1.200386|    4.745238|
+-----------------------------------------------------------------------------+
|   Time_Iter|  Inner_Iter|    rms[Rho]|   rms[RhoE]|      rms[k]|      rms[w]|
+-----------------------------------------------------------------------------+
|        5142|           0|   -1.469015|    4.448424|    2.165164|    4.760212|
|        5142|          25|   -5.699095|    0.829183|   -1.103810|    4.751478|
|        5142|          29|   -5.808664|    0.784735|   -1.205588|    4.747386|
+-----------------------------------------------------------------------------+
|   Time_Iter|  Inner_Iter|    rms[Rho]|   rms[RhoE]|      rms[k]|      rms[w]|
+-----------------------------------------------------------------------------+
|        5143|           0|   -1.469004|    4.448425|    2.165013|    4.762259|
|        5143|          25|   -5.698924|    0.830904|   -1.099743|    4.753138|
|        5143|          29|   -5.808331|    0.786754|   -1.199379|    4.749021|
+-----------------------------------------------------------------------------+
|   Time_Iter|  Inner_Iter|    rms[Rho]|   rms[RhoE]|      rms[k]|      rms[w]|
+-----------------------------------------------------------------------------+
|        5144|           0|   -1.468993|    4.448403|    2.164889|    4.763838|
|        5144|          25|   -5.698785|    0.832317|   -1.102846|    4.754275|
|        5144|          29|   -5.808070|    0.788397|   -1.204557|    4.750074|
+-----------------------------------------------------------------------------+
|   Time_Iter|  Inner_Iter|    rms[Rho]|   rms[RhoE]|      rms[k]|      rms[w]|
+-----------------------------------------------------------------------------+
|        5145|           0|   -1.468983|    4.448317|    2.164771|    4.764847|
|        5145|          25|   -5.698691|    0.833359|   -1.098775|    4.754781|
|        5145|          29|   -5.807902|    0.789582|   -1.198335|    4.750509|
+-----------------------------------------------------------------------------+
|   Time_Iter|  Inner_Iter|    rms[Rho]|   rms[RhoE]|      rms[k]|      rms[w]|
+-----------------------------------------------------------------------------+
|        5146|           0|   -1.468972|    4.448209|    2.164660|    4.765268|
|        5146|          25|   -5.698662|    0.833948|   -1.098341|    4.754633|
|        5146|          29|   -5.807847|    0.790226|   -1.197876|    4.750241|
+-----------------------------------------------------------------------------+
|   Time_Iter|  Inner_Iter|    rms[Rho]|   rms[RhoE]|      rms[k]|      rms[w]|
+-----------------------------------------------------------------------------+
|        5147|           0|   -1.468962|    4.448093|    2.164479|    4.765002|
|        5147|          25|   -5.698709|    0.834053|   -1.100829|    4.753634|
|        5147|          29|   -5.807913|    0.790303|   -1.202055|    4.749150|
+-----------------------------------------------------------------------------+
|   Time_Iter|  Inner_Iter|    rms[Rho]|   rms[RhoE]|      rms[k]|      rms[w]|
+-----------------------------------------------------------------------------+
|        5148|           0|   -1.468951|    4.447998|    2.164248|    4.763955|
|        5148|          25|   -5.698848|    0.833666|   -1.097399|    4.751987|
|        5148|          29|   -5.808115|    0.789802|   -1.196865|    4.747422|
+-----------------------------------------------------------------------------+
|   Time_Iter|  Inner_Iter|    rms[Rho]|   rms[RhoE]|      rms[k]|      rms[w]|
+-----------------------------------------------------------------------------+
|        5149|           0|   -1.468941|    4.447936|    2.164005|    4.762303|
|        5149|          25|   -5.699098|    0.832760|   -1.100494|    4.749523|
|        5149|          29|   -5.808471|    0.788698|   -1.202012|    4.744843|
+-----------------------------------------------------------------------+
|        File Writing Summary       |              Filename             |
+-----------------------------------------------------------------------+
|SU2 binary restart                 |restart_npr20_production_cfl2_i30_from520_05149.dat|
+-----------------------------------------------------------------------+
+-----------------------------------------------------------------------------+
|   Time_Iter|  Inner_Iter|    rms[Rho]|   rms[RhoE]|      rms[k]|      rms[w]|
+-----------------------------------------------------------------------------+
|        5150|           0|   -1.468930|    4.447888|    2.163771|    4.759837|
|        5150|          25|   -5.699466|    0.831370|   -1.095325|    4.746651|
|        5150|          29|   -5.808981|    0.787044|   -1.194048|    4.741891|
+-----------------------------------------------------------------------+
|        File Writing Summary       |              Filename             |
+-----------------------------------------------------------------------+
|SU2 binary restart                 |restart_npr20_production_cfl2_i30_from520_05150.dat|
|Paraview ASCII surface             |wall_npr20_production_cfl2_i30_from520_05150.vtk|
|CSV file                           |wall_npr20_production_cfl2_i30_from520_05150.csv|
+-----------------------------------------------------------------------+
+-----------------------------------------------------------------------------+
|   Time_Iter|  Inner_Iter|    rms[Rho]|   rms[RhoE]|      rms[k]|      rms[w]|
+-----------------------------------------------------------------------------+
|        5151|           0|   -1.468920|    4.447836|    2.163571|    4.757016|
|        5151|          25|   -5.699937|    0.829523|   -1.096149|    4.743263|
|        5151|          29|   -5.809625|    0.784863|   -1.195513|    4.738410|
+-----------------------------------------------------------------------------+
|   Time_Iter|  Inner_Iter|    rms[Rho]|   rms[RhoE]|      rms[k]|      rms[w]|
+-----------------------------------------------------------------------------+
|        5152|           0|   -1.468909|    4.447807|    2.163412|    4.753690|
|        5152|          25|   -5.700501|    0.827275|   -1.099159|    4.738992|
|        5152|          29|   -5.810386|    0.782238|   -1.200555|    4.733754|
+-----------------------------------------------------------------------------+
|   Time_Iter|  Inner_Iter|    rms[Rho]|   rms[RhoE]|      rms[k]|      rms[w]|
+-----------------------------------------------------------------------------+
|        5153|           0|   -1.468898|    4.447809|    2.163212|    4.749195|
|        5153|          25|   -5.701136|    0.824728|   -1.095232|    4.734055|
|        5153|          29|   -5.811239|    0.779267|   -1.194541|    4.729077|
+-----------------------------------------------------------------------------+
|   Time_Iter|  Inner_Iter|    rms[Rho]|   rms[RhoE]|      rms[k]|      rms[w]|
+-----------------------------------------------------------------------------+
|        5154|           0|   -1.468886|    4.447822|    2.163022|    4.744820|
|        5154|          25|   -5.701743|    0.821864|   -1.094838|    4.729703|
|        5154|          29|   -5.812103|    0.775905|   -1.194105|    4.724661|
+-----------------------------------------------------------------------------+
|   Time_Iter|  Inner_Iter|    rms[Rho]|   rms[RhoE]|      rms[k]|      rms[w]|
+-----------------------------------------------------------------------------+
|        5155|           0|   -1.468874|    4.447833|    2.162846|    4.740610|
|        5155|          25|   -5.702409|    0.818655|   -1.094392|    4.724924|
|        5155|          29|   -5.813073|    0.772128|   -1.193595|    4.719807|
+-----------------------------------------------------------------------------+
|   Time_Iter|  Inner_Iter|    rms[Rho]|   rms[RhoE]|      rms[k]|      rms[w]|
+-----------------------------------------------------------------------------+
|        5156|           0|   -1.468863|    4.447842|    2.162685|    4.735963|
|        5156|          25|   -5.703112|    0.815170|   -1.096924|    4.719862|
|        5156|          29|   -5.814115|    0.768030|   -1.197815|    4.714709|
+-----------------------------------------------------------------------------+
|   Time_Iter|  Inner_Iter|    rms[Rho]|   rms[RhoE]|      rms[k]|      rms[w]|
+-----------------------------------------------------------------------------+
|        5157|           0|   -1.468852|    4.447855|    2.162551|    4.731070|
|        5157|          25|   -5.703865|    0.811399|   -1.093587|    4.714386|
|        5157|          29|   -5.815252|    0.763568|   -1.192718|    4.709081|
+-----------------------------------------------------------------------------+
|   Time_Iter|  Inner_Iter|    rms[Rho]|   rms[RhoE]|      rms[k]|      rms[w]|
+-----------------------------------------------------------------------------+
|        5158|           0|   -1.468840|    4.447873|    2.162439|    4.725620|
|        5158|          25|   -5.704664|    0.807402|   -1.093153|    4.709481|
|        5158|          29|   -5.816477|    0.758765|   -1.192270|    4.704412|
+-----------------------------------------------------------------------------+
|   Time_Iter|  Inner_Iter|    rms[Rho]|   rms[RhoE]|      rms[k]|      rms[w]|
+-----------------------------------------------------------------------------+
|        5159|           0|   -1.468829|    4.447886|    2.162349|    4.721153|
|        5159|          25|   -5.705564|    0.802943|   -1.092731|    4.702899|
|        5159|          29|   -5.817841|    0.753443|   -1.191836|    4.697257|
+-----------------------------------------------------------------------------+
|   Time_Iter|  Inner_Iter|    rms[Rho]|   rms[RhoE]|      rms[k]|      rms[w]|
+-----------------------------------------------------------------------------+
|        5160|           0|   -1.468818|    4.447880|    2.162216|    4.714085|
|        5160|          25|   -5.706475|    0.798535|   -1.095669|    4.694661|
|        5160|          29|   -5.819199|    0.748209|   -1.196663|    4.689017|
+-----------------------------------------------------------------------+
|        File Writing Summary       |              Filename             |
+-----------------------------------------------------------------------+
|Paraview ASCII surface             |wall_npr20_production_cfl2_i30_from520_05160.vtk|
|CSV file                           |wall_npr20_production_cfl2_i30_from520_05160.csv|
+-----------------------------------------------------------------------+
+-----------------------------------------------------------------------------+
|   Time_Iter|  Inner_Iter|    rms[Rho]|   rms[RhoE]|      rms[k]|      rms[w]|
+-----------------------------------------------------------------------------+
|        5161|           0|   -1.468807|    4.447838|    2.162065|    4.706125|
|        5161|          25|   -5.707355|    0.794435|   -1.095339|    4.687464|
|        5161|          29|   -5.820473|    0.743377|   -1.196321|    4.682009|
+-----------------------------------------------------------------------------+
|   Time_Iter|  Inner_Iter|    rms[Rho]|   rms[RhoE]|      rms[k]|      rms[w]|
+-----------------------------------------------------------------------------+
|        5162|           0|   -1.468796|    4.447760|    2.161920|    4.699380|
|        5162|          25|   -5.708160|    0.790808|   -1.091562|    4.681898|
|        5162|          29|   -5.821608|    0.739123|   -1.190518|    4.676703|
+-----------------------------------------------------------------------------+
|   Time_Iter|  Inner_Iter|    rms[Rho]|   rms[RhoE]|      rms[k]|      rms[w]|
+-----------------------------------------------------------------------------+
|        5163|           0|   -1.468786|    4.447666|    2.161788|    4.694329|
|        5163|          25|   -5.708905|    0.787557|   -1.091158|    4.678621|
|        5163|          29|   -5.822634|    0.735322|   -1.190025|    4.673496|
+-----------------------------------------------------------------------------+
|   Time_Iter|  Inner_Iter|    rms[Rho]|   rms[RhoE]|      rms[k]|      rms[w]|
+-----------------------------------------------------------------------------+
|        5164|           0|   -1.468775|    4.447570|    2.161668|    4.691085|
|        5164|          25|   -5.709547|    0.784926|   -1.090771|    4.675746|
|        5164|          29|   -5.823476|    0.732315|   -1.189643|    4.670783|
+-----------------------------------------------------------------------------+
|   Time_Iter|  Inner_Iter|    rms[Rho]|   rms[RhoE]|      rms[k]|      rms[w]|
+-----------------------------------------------------------------------------+
|        5165|           0|   -1.468764|    4.447488|    2.161585|    4.688402|
|        5165|          25|   -5.710007|    0.783005|   -1.090576|    4.674133|
|        5165|          29|   -5.824053|    0.730171|   -1.189458|    4.669365|
+-----------------------------------------------------------------------------+
|   Time_Iter|  Inner_Iter|    rms[Rho]|   rms[RhoE]|      rms[k]|      rms[w]|
+-----------------------------------------------------------------------------+
|        5166|           0|   -1.468753|    4.447426|    2.161516|    4.686979|
|        5166|          25|   -5.710336|    0.781758|   -1.090117|    4.673818|
|        5166|          29|   -5.824437|    0.728837|   -1.188886|    4.669201|
+-----------------------------------------------------------------------------+
|   Time_Iter|  Inner_Iter|    rms[Rho]|   rms[RhoE]|      rms[k]|      rms[w]|
+-----------------------------------------------------------------------------+
|        5167|           0|   -1.468742|    4.447371|    2.161418|    4.686749|
|        5167|          25|   -5.710545|    0.781114|   -1.089748|    4.674520|
|        5167|          29|   -5.824643|    0.728225|   -1.188494|    4.670041|
+-----------------------------------------------------------------------------+
|   Time_Iter|  Inner_Iter|    rms[Rho]|   rms[RhoE]|      rms[k]|      rms[w]|
+-----------------------------------------------------------------------------+
|        5168|           0|   -1.468730|    4.447319|    2.161222|    4.687489|
|        5168|          25|   -5.710651|    0.780983|   -1.089409|    4.676122|
|        5168|          29|   -5.824703|    0.728216|   -1.188167|    4.671753|
+-----------------------------------------------------------------------------+
|   Time_Iter|  Inner_Iter|    rms[Rho]|   rms[RhoE]|      rms[k]|      rms[w]|
+-----------------------------------------------------------------------------+
|        5169|           0|   -1.468718|    4.447269|    2.161021|    4.689063|
|        5169|          25|   -5.710690|    0.781275|   -1.089232|    4.677869|
|        5169|          29|   -5.824656|    0.728713|   -1.187856|    4.673546|
+-----------------------------------------------------------------------------+
|   Time_Iter|  Inner_Iter|    rms[Rho]|   rms[RhoE]|      rms[k]|      rms[w]|
+-----------------------------------------------------------------------------+
|        5170|           0|   -1.468706|    4.447226|    2.160812|    4.690701|
|        5170|          25|   -5.710678|    0.781958|   -1.088702|    4.679723|
|        5170|          29|   -5.824523|    0.729677|   -1.187302|    4.675459|
+-----------------------------------------------------------------------+
|        File Writing Summary       |              Filename             |
+-----------------------------------------------------------------------+
|Paraview ASCII surface             |wall_npr20_production_cfl2_i30_from520_05170.vtk|
|CSV file                           |wall_npr20_production_cfl2_i30_from520_05170.csv|
+-----------------------------------------------------------------------+
+-----------------------------------------------------------------------------+
|   Time_Iter|  Inner_Iter|    rms[Rho]|   rms[RhoE]|      rms[k]|      rms[w]|
+-----------------------------------------------------------------------------+
|        5171|           0|   -1.468694|    4.447195|    2.160638|    4.692531|
|        5171|          25|   -5.710648|    0.782865|   -1.088285|    4.682362|
|        5171|          29|   -5.824355|    0.730889|   -1.186893|    4.678188|
+-----------------------------------------------------------------------------+
|   Time_Iter|  Inner_Iter|    rms[Rho]|   rms[RhoE]|      rms[k]|      rms[w]|
+-----------------------------------------------------------------------------+
|        5172|           0|   -1.468681|    4.447179|    2.160498|    4.695127|
|        5172|          25|   -5.710618|    0.783886|   -1.087980|    4.685165|
|        5172|          29|   -5.824177|    0.732227|   -1.186499|    4.680970|
+-----------------------------------------------------------------------------+
|   Time_Iter|  Inner_Iter|    rms[Rho]|   rms[RhoE]|      rms[k]|      rms[w]|
+-----------------------------------------------------------------------------+
|        5173|           0|   -1.468668|    4.447178|    2.160347|    4.697751|
|        5173|          25|   -5.710596|    0.784969|   -1.087696|    4.687731|
|        5173|          29|   -5.824005|    0.733629|   -1.186136|    4.683558|
+-----------------------------------------------------------------------------+
|   Time_Iter|  Inner_Iter|    rms[Rho]|   rms[RhoE]|      rms[k]|      rms[w]|
+-----------------------------------------------------------------------------+
|        5174|           0|   -1.468654|    4.447195|    2.160179|    4.700203|
|        5174|          25|   -5.710580|    0.786068|   -1.079126|    4.690126|
|        5174|          29|   -5.823840|    0.735043|   -1.172986|    4.685927|
+-----------------------------------------------------------------------------+
|   Time_Iter|  Inner_Iter|    rms[Rho]|   rms[RhoE]|      rms[k]|      rms[w]|
+-----------------------------------------------------------------------------+
|        5175|           0|   -1.468641|    4.447229|    2.160004|    4.702441|
|        5175|          25|   -5.710592|    0.787129|   -1.086944|    4.692126|
|        5175|          29|   -5.823720|    0.736397|   -1.185313|    4.687876|
+-----------------------------------------------------------------------------+
|   Time_Iter|  Inner_Iter|    rms[Rho]|   rms[RhoE]|      rms[k]|      rms[w]|
+-----------------------------------------------------------------------------+
|        5176|           0|   -1.468626|    4.447283|    2.159837|    4.704276|
|        5176|          25|   -5.710599|    0.788125|   -1.086579|    4.693660|
|        5176|          29|   -5.823605|    0.737663|   -1.185006|    4.689374|
+-----------------------------------------------------------------------------+
|   Time_Iter|  Inner_Iter|    rms[Rho]|   rms[RhoE]|      rms[k]|      rms[w]|
+-----------------------------------------------------------------------------+
|        5177|           0|   -1.468612|    4.447334|    2.159705|    4.705687|
|        5177|          25|   -5.710631|    0.789011|   -1.089569|    4.694823|
|        5177|          29|   -5.823536|    0.738784|   -1.189768|    4.690493|
+-----------------------------------------------------------------------------+
|   Time_Iter|  Inner_Iter|    rms[Rho]|   rms[RhoE]|      rms[k]|      rms[w]|
+-----------------------------------------------------------------------------+
|        5178|           0|   -1.468598|    4.447386|    2.159611|    4.706732|
|        5178|          25|   -5.710695|    0.789725|   -1.089172|    4.695530|
|        5178|          29|   -5.823521|    0.739693|   -1.189187|    4.691116|
+-----------------------------------------------------------------------------+
|   Time_Iter|  Inner_Iter|    rms[Rho]|   rms[RhoE]|      rms[k]|      rms[w]|
+-----------------------------------------------------------------------------+
|        5179|           0|   -1.468583|    4.447444|    2.159541|    4.707292|
|        5179|          25|   -5.710791|    0.790262|   -1.088907|    4.695595|
|        5179|          29|   -5.823558|    0.740379|   -1.188987|    4.691155|
+-----------------------------------------------------------------------------+
|   Time_Iter|  Inner_Iter|    rms[Rho]|   rms[RhoE]|      rms[k]|      rms[w]|
+-----------------------------------------------------------------------------+
|        5180|           0|   -1.468568|    4.447473|    2.159396|    4.707331|
|        5180|          25|   -5.710946|    0.790524|   -1.088518|    4.695437|
|        5180|          29|   -5.823683|    0.740726|   -1.188559|    4.690941|
+-----------------------------------------------------------------------+
|        File Writing Summary       |              Filename             |
+-----------------------------------------------------------------------+
|Paraview ASCII surface             |wall_npr20_production_cfl2_i30_from520_05180.vtk|
|CSV file                           |wall_npr20_production_cfl2_i30_from520_05180.csv|
+-----------------------------------------------------------------------+
+-----------------------------------------------------------------------------+
|   Time_Iter|  Inner_Iter|    rms[Rho]|   rms[RhoE]|      rms[k]|      rms[w]|
+-----------------------------------------------------------------------------+
|        5181|           0|   -1.468554|    4.447494|    2.159273|    4.707112|
|        5181|          25|   -5.711164|    0.790470|   -1.075372|    4.694797|
|        5181|          29|   -5.823901|    0.740692|   -1.168192|    4.690225|
+-----------------------------------------------------------------------------+
|   Time_Iter|  Inner_Iter|    rms[Rho]|   rms[RhoE]|      rms[k]|      rms[w]|
+-----------------------------------------------------------------------------+
|        5182|           0|   -1.468540|    4.447514|    2.159135|    4.706408|
|        5182|          25|   -5.711447|    0.790074|   -1.086101|    4.693400|
|        5182|          29|   -5.824211|    0.740244|   -1.185042|    4.688717|
+-----------------------------------------------------------------------------+
|   Time_Iter|  Inner_Iter|    rms[Rho]|   rms[RhoE]|      rms[k]|      rms[w]|
+-----------------------------------------------------------------------------+
|        5183|           0|   -1.468526|    4.447505|    2.159017|    4.704955|
|        5183|          25|   -5.711795|    0.789322|   -1.087564|    4.691713|
|        5183|          29|   -5.824613|    0.739373|   -1.187430|    4.686995|
+-----------------------------------------------------------------------------+
|   Time_Iter|  Inner_Iter|    rms[Rho]|   rms[RhoE]|      rms[k]|      rms[w]|
+-----------------------------------------------------------------------------+
|        5184|           0|   -1.468513|    4.447481|    2.158918|    4.703296|
|        5184|          25|   -5.712201|    0.788226|   -1.087109|    4.689460|
|        5184|          29|   -5.825097|    0.738093|   -1.186934|    4.684653|
+-----------------------------------------------------------------------------+
|   Time_Iter|  Inner_Iter|    rms[Rho]|   rms[RhoE]|      rms[k]|      rms[w]|
+-----------------------------------------------------------------------------+
|        5185|           0|   -1.468499|    4.447449|    2.158849|    4.701044|
|        5185|          25|   -5.712654|    0.786797|   -1.086795|    4.686664|
|        5185|          29|   -5.825649|    0.736413|   -1.186567|    4.681787|
+-----------------------------------------------------------------------------+
|   Time_Iter|  Inner_Iter|    rms[Rho]|   rms[RhoE]|      rms[k]|      rms[w]|
+-----------------------------------------------------------------------------+
|        5186|           0|   -1.468485|    4.447421|    2.158796|    4.698302|
|        5186|          25|   -5.713175|    0.785047|   -1.086440|    4.683531|
|        5186|          29|   -5.826297|    0.734350|   -1.186162|    4.678580|
+-----------------------------------------------------------------------------+
|   Time_Iter|  Inner_Iter|    rms[Rho]|   rms[RhoE]|      rms[k]|      rms[w]|
+-----------------------------------------------------------------------------+
|        5187|           0|   -1.468471|    4.447398|    2.158662|    4.695229|
|        5187|          25|   -5.713726|    0.783044|   -1.086087|    4.679082|
|        5187|          29|   -5.826981|    0.732007|   -1.185741|    4.674032|
+-----------------------------------------------------------------------------+
|   Time_Iter|  Inner_Iter|    rms[Rho]|   rms[RhoE]|      rms[k]|      rms[w]|
+-----------------------------------------------------------------------------+
|        5188|           0|   -1.468457|    4.447351|    2.158477|    4.690910|
|        5188|          25|   -5.714315|    0.780831|   -1.085737|    4.675441|
|        5188|          29|   -5.827718|    0.729397|   -1.185357|    4.670422|
+-----------------------------------------------------------------------------+
|   Time_Iter|  Inner_Iter|    rms[Rho]|   rms[RhoE]|      rms[k]|      rms[w]|
+-----------------------------------------------------------------------------+
|        5189|           0|   -1.468444|    4.447272|    2.158280|    4.687503|
|        5189|          25|   -5.714958|    0.778324|   -1.085244|    4.671725|
|        5189|          29|   -5.828532|    0.726437|   -1.184731|    4.666650|
+-----------------------------------------------------------------------------+
|   Time_Iter|  Inner_Iter|    rms[Rho]|   rms[RhoE]|      rms[k]|      rms[w]|
+-----------------------------------------------------------------------------+
|        5190|           0|   -1.468430|    4.447181|    2.158086|    4.683919|
|        5190|          25|   -5.715666|    0.775544|   -1.085137|    4.667771|
|        5190|          29|   -5.829430|    0.723149|   -1.184794|    4.662644|
+-----------------------------------------------------------------------+
|        File Writing Summary       |              Filename             |
+-----------------------------------------------------------------------+
|Paraview ASCII surface             |wall_npr20_production_cfl2_i30_from520_05190.vtk|
|CSV file                           |wall_npr20_production_cfl2_i30_from520_05190.csv|
+-----------------------------------------------------------------------+
+-----------------------------------------------------------------------------+
|   Time_Iter|  Inner_Iter|    rms[Rho]|   rms[RhoE]|      rms[k]|      rms[w]|
+-----------------------------------------------------------------------------+
|        5191|           0|   -1.468417|    4.447089|    2.157927|    4.680111|
|        5191|          25|   -5.716436|    0.772512|   -1.084779|    4.663578|
|        5191|          29|   -5.830411|    0.719554|   -1.184240|    4.658394|
+-----------------------------------------------------------------------------+
|   Time_Iter|  Inner_Iter|    rms[Rho]|   rms[RhoE]|      rms[k]|      rms[w]|
+-----------------------------------------------------------------------------+
|        5192|           0|   -1.468403|    4.447007|    2.157806|    4.676066|
|        5192|          25|   -5.717274|    0.769247|   -1.084441|    4.659077|
|        5192|          29|   -5.831481|    0.715672|   -1.183861|    4.653813|
+-----------------------------------------------------------------------------+
|   Time_Iter|  Inner_Iter|    rms[Rho]|   rms[RhoE]|      rms[k]|      rms[w]|
+-----------------------------------------------------------------------------+
|        5193|           0|   -1.468390|    4.446931|    2.157624|    4.671696|
|        5193|          25|   -5.718177|    0.765789|   -1.084097|    4.654386|
|        5193|          29|   -5.832648|    0.711491|   -1.183467|    4.649489|
+-----------------------------------------------------------------------------+
|   Time_Iter|  Inner_Iter|    rms[Rho]|   rms[RhoE]|      rms[k]|      rms[w]|
+-----------------------------------------------------------------------------+
|        5194|           0|   -1.468376|    4.446865|    2.157435|    4.667634|
|        5194|          25|   -5.719179|    0.761945|   -1.083759|    4.649434|
|        5194|          29|   -5.833931|    0.706929|   -1.183090|    4.643832|
+-----------------------------------------------------------------------------+
|   Time_Iter|  Inner_Iter|    rms[Rho]|   rms[RhoE]|      rms[k]|      rms[w]|
+-----------------------------------------------------------------------------+
|        5195|           0|   -1.468362|    4.446803|    2.157254|    4.662038|
|        5195|          25|   -5.720185|    0.758217|   -1.083425|    4.642624|
|        5195|          29|   -5.835218|    0.702487|   -1.182693|    4.637038|
+-----------------------------------------------------------------------------+
|   Time_Iter|  Inner_Iter|    rms[Rho]|   rms[RhoE]|      rms[k]|      rms[w]|
+-----------------------------------------------------------------------------+
|        5196|           0|   -1.468348|    4.446750|    2.157111|    4.655549|
|        5196|          25|   -5.721219|    0.754639|   -1.083093|    4.636439|
|        5196|          29|   -5.836520|    0.698252|   -1.182327|    4.630907|
+-----------------------------------------------------------------------------+
|   Time_Iter|  Inner_Iter|    rms[Rho]|   rms[RhoE]|      rms[k]|      rms[w]|
+-----------------------------------------------------------------------------+
|        5197|           0|   -1.468335|    4.446702|    2.157012|    4.649680|
|        5197|          25|   -5.722261|    0.751323|   -1.082767|    4.631042|
|        5197|          29|   -5.837806|    0.694360|   -1.181954|    4.625609|
+-----------------------------------------------------------------------------+
|   Time_Iter|  Inner_Iter|    rms[Rho]|   rms[RhoE]|      rms[k]|      rms[w]|
+-----------------------------------------------------------------------------+
|        5198|           0|   -1.468321|    4.446672|    2.156948|    4.644599|
|        5198|          25|   -5.723266|    0.748370|   -1.082463|    4.626441|
|        5198|          29|   -5.839021|    0.690923|   -1.181581|    4.621078|
+-----------------------------------------------------------------------------+
|   Time_Iter|  Inner_Iter|    rms[Rho]|   rms[RhoE]|      rms[k]|      rms[w]|
+-----------------------------------------------------------------------------+
|        5199|           0|   -1.468307|    4.446666|    2.156852|    4.640233|
|        5199|          25|   -5.724249|    0.745817|   -1.082181|    4.622629|
|        5199|          29|   -5.840174|    0.687999|   -1.181268|    4.617381|
+-----------------------------------------------------------------------+
|        File Writing Summary       |              Filename             |
+-----------------------------------------------------------------------+
|SU2 binary restart                 |restart_npr20_production_cfl2_i30_from520_05199.dat|
+-----------------------------------------------------------------------+
+-----------------------------------------------------------------------------+
|   Time_Iter|  Inner_Iter|    rms[Rho]|   rms[RhoE]|      rms[k]|      rms[w]|
+-----------------------------------------------------------------------------+
|        5200|           0|   -1.468292|    4.446685|    2.156743|    4.636660|
|        5200|          25|   -5.725202|    0.743712|   -1.081861|    4.619804|
|        5200|          29|   -5.841247|    0.685660|   -1.180892|    4.614708|
+-----------------------------------------------------------------------+
|        File Writing Summary       |              Filename             |
+-----------------------------------------------------------------------+
|SU2 binary restart                 |restart_npr20_production_cfl2_i30_from520_05200.dat|
|Paraview ASCII                     |flow_npr20_production_cfl2_i30_from520_05200.vtk|
|Paraview ASCII surface             |wall_npr20_production_cfl2_i30_from520_05200.vtk|
|CSV file                           |wall_npr20_production_cfl2_i30_from520_05200.csv|
+-----------------------------------------------------------------------+
+-----------------------------------------------------------------------------+
|   Time_Iter|  Inner_Iter|    rms[Rho]|   rms[RhoE]|      rms[k]|      rms[w]|
+-----------------------------------------------------------------------------+
|        5201|           0|   -1.468277|    4.446720|    2.156649|    4.634058|
|        5201|          25|   -5.726129|    0.741967|   -1.081505|    4.619148|
|        5201|          29|   -5.842260|    0.683749|   -1.180513|    4.614238|
+-----------------------------------------------------------------------------+
|   Time_Iter|  Inner_Iter|    rms[Rho]|   rms[RhoE]|      rms[k]|      rms[w]|
+-----------------------------------------------------------------------------+
|        5202|           0|   -1.468262|    4.446786|    2.156558|    4.633504|
|        5202|          25|   -5.727008|    0.740655|   -1.081209|    4.618454|
|        5202|          29|   -5.843174|    0.682400|   -1.180170|    4.613597|
+-----------------------------------------------------------------------------+
|   Time_Iter|  Inner_Iter|    rms[Rho]|   rms[RhoE]|      rms[k]|      rms[w]|
+-----------------------------------------------------------------------------+
|        5203|           0|   -1.468246|    4.446855|    2.156486|    4.632785|
|        5203|          25|   -5.727843|    0.739735|   -1.080882|    4.618458|
|        5203|          29|   -5.844001|    0.681534|   -1.179799|    4.613705|
+-----------------------------------------------------------------------------+
|   Time_Iter|  Inner_Iter|    rms[Rho]|   rms[RhoE]|      rms[k]|      rms[w]|
+-----------------------------------------------------------------------------+
|        5204|           0|   -1.468231|    4.446933|    2.156442|    4.632805|
|        5204|          25|   -5.728624|    0.739157|   -1.080565|    4.619052|
|        5204|          29|   -5.844737|    0.681084|   -1.179437|    4.614378|
+-----------------------------------------------------------------------------+
|   Time_Iter|  Inner_Iter|    rms[Rho]|   rms[RhoE]|      rms[k]|      rms[w]|
+-----------------------------------------------------------------------------+
|        5205|           0|   -1.468215|    4.447038|    2.156424|    4.633382|
|        5205|          25|   -5.729391|    0.738832|   -1.080325|    4.620114|
|        5205|          29|   -5.845439|    0.680939|   -1.179277|    4.615503|
+-----------------------------------------------------------------------------+
|   Time_Iter|  Inner_Iter|    rms[Rho]|   rms[RhoE]|      rms[k]|      rms[w]|
+-----------------------------------------------------------------------------+
|        5206|           0|   -1.468199|    4.447161|    2.156360|    4.634390|
|        5206|          25|   -5.730154|    0.738712|   -1.080007|    4.621408|
|        5206|          29|   -5.846116|    0.681049|   -1.178792|    4.616827|
+-----------------------------------------------------------------------------+
|   Time_Iter|  Inner_Iter|    rms[Rho]|   rms[RhoE]|      rms[k]|      rms[w]|
+-----------------------------------------------------------------------------+
|        5207|           0|   -1.468183|    4.447239|    2.156201|    4.635591|
|        5207|          25|   -5.730909|    0.738755|   -1.079768|    4.622606|
|        5207|          29|   -5.846769|    0.681355|   -1.178479|    4.618000|
+-----------------------------------------------------------------------------+
|   Time_Iter|  Inner_Iter|    rms[Rho]|   rms[RhoE]|      rms[k]|      rms[w]|
+-----------------------------------------------------------------------------+
|        5208|           0|   -1.468167|    4.447332|    2.156043|    4.636639|
|        5208|          25|   -5.731643|    0.738978|   -1.079477|    4.623623|
|        5208|          29|   -5.847384|    0.681889|   -1.178182|    4.619103|
+-----------------------------------------------------------------------------+
|   Time_Iter|  Inner_Iter|    rms[Rho]|   rms[RhoE]|      rms[k]|      rms[w]|
+-----------------------------------------------------------------------------+
|        5209|           0|   -1.468152|    4.447423|    2.155879|    4.637691|
|        5209|          25|   -5.732377|    0.739273|   -1.079182|    4.625198|
|        5209|          29|   -5.847994|    0.682496|   -1.177833|    4.620677|
+-----------------------------------------------------------------------------+
|   Time_Iter|  Inner_Iter|    rms[Rho]|   rms[RhoE]|      rms[k]|      rms[w]|
+-----------------------------------------------------------------------------+
|        5210|           0|   -1.468137|    4.447491|    2.155717|    4.639160|
|        5210|          25|   -5.733113|    0.739599|   -1.078919|    4.626754|
|        5210|          29|   -5.848605|    0.683125|   -1.177527|    4.622279|
+-----------------------------------------------------------------------+
|        File Writing Summary       |              Filename             |
+-----------------------------------------------------------------------+
|Paraview ASCII surface             |wall_npr20_production_cfl2_i30_from520_05210.vtk|
|CSV file                           |wall_npr20_production_cfl2_i30_from520_05210.csv|
+-----------------------------------------------------------------------+
+-----------------------------------------------------------------------------+
|   Time_Iter|  Inner_Iter|    rms[Rho]|   rms[RhoE]|      rms[k]|      rms[w]|
+-----------------------------------------------------------------------------+
|        5211|           0|   -1.468122|    4.447548|    2.155584|    4.640667|
|        5211|          25|   -5.733858|    0.739892|   -1.074082|    4.628307|
|        5211|          29|   -5.849231|    0.683700|   -1.170016|    4.623807|
+-----------------------------------------------------------------------------+
|   Time_Iter|  Inner_Iter|    rms[Rho]|   rms[RhoE]|      rms[k]|      rms[w]|
+-----------------------------------------------------------------------------+
|        5212|           0|   -1.468107|    4.447614|    2.155404|    4.642091|
|        5212|          25|   -5.734600|    0.740131|   -1.078228|    4.629523|
|        5212|          29|   -5.849859|    0.684197|   -1.176668|    4.625005|
+-----------------------------------------------------------------------------+
|   Time_Iter|  Inner_Iter|    rms[Rho]|   rms[RhoE]|      rms[k]|      rms[w]|
+-----------------------------------------------------------------------------+
|        5213|           0|   -1.468092|    4.447666|    2.155197|    4.643208|
|        5213|          25|   -5.735346|    0.740310|   -1.078105|    4.630460|
|        5213|          29|   -5.850507|    0.684605|   -1.176596|    4.625894|
+-----------------------------------------------------------------------------+
|   Time_Iter|  Inner_Iter|    rms[Rho]|   rms[RhoE]|      rms[k]|      rms[w]|
+-----------------------------------------------------------------------------+
|        5214|           0|   -1.468077|    4.447689|    2.154996|    4.644023|
|        5214|          25|   -5.736112|    0.740405|   -1.077970|    4.630993|
|        5214|          29|   -5.851191|    0.684904|   -1.176407|    4.626402|
+-----------------------------------------------------------------------------+
|   Time_Iter|  Inner_Iter|    rms[Rho]|   rms[RhoE]|      rms[k]|      rms[w]|
+-----------------------------------------------------------------------------+
|        5215|           0|   -1.468063|    4.447703|    2.154833|    4.644484|
|        5215|          25|   -5.736893|    0.740417|   -1.077640|    4.631267|
|        5215|          29|   -5.851905|    0.685093|   -1.176008|    4.626639|
+-----------------------------------------------------------------------------+
|   Time_Iter|  Inner_Iter|    rms[Rho]|   rms[RhoE]|      rms[k]|      rms[w]|
+-----------------------------------------------------------------------------+
|        5216|           0|   -1.468049|    4.447706|    2.154721|    4.644683|
|        5216|          25|   -5.737692|    0.740321|   -1.077289|    4.631223|
|        5216|          29|   -5.852655|    0.685137|   -1.175675|    4.626549|
+-----------------------------------------------------------------------------+
|   Time_Iter|  Inner_Iter|    rms[Rho]|   rms[RhoE]|      rms[k]|      rms[w]|
+-----------------------------------------------------------------------------+
|        5217|           0|   -1.468035|    4.447688|    2.154651|    4.644570|
|        5217|          25|   -5.738513|    0.740087|   -1.077011|    4.630766|
|        5217|          29|   -5.853448|    0.684997|   -1.175361|    4.626035|
+-----------------------------------------------------------------------------+
|   Time_Iter|  Inner_Iter|    rms[Rho]|   rms[RhoE]|      rms[k]|      rms[w]|
+-----------------------------------------------------------------------------+
|        5218|           0|   -1.468022|    4.447663|    2.154535|    4.644052|
|        5218|          25|   -5.739338|    0.739714|   -1.076864|    4.629631|
|        5218|          29|   -5.854261|    0.684677|   -1.175137|    4.624838|
+-----------------------------------------------------------------------------+
|   Time_Iter|  Inner_Iter|    rms[Rho]|   rms[RhoE]|      rms[k]|      rms[w]|
+-----------------------------------------------------------------------------+
|        5219|           0|   -1.468008|    4.447635|    2.154422|    4.642890|
|        5219|          25|   -5.740171|    0.739175|   -1.076024|    4.628407|
|        5219|          29|   -5.855102|    0.684136|   -1.174023|    4.623578|
+-----------------------------------------------------------------------------+
|   Time_Iter|  Inner_Iter|    rms[Rho]|   rms[RhoE]|      rms[k]|      rms[w]|
+-----------------------------------------------------------------------------+
|        5220|           0|   -1.467994|    4.447608|    2.154323|    4.641668|
|        5220|          25|   -5.741005|    0.738448|   -1.076275|    4.626881|
|        5220|          29|   -5.855962|    0.683347|   -1.174489|    4.622001|
+-----------------------------------------------------------------------+
|        File Writing Summary       |              Filename             |
+-----------------------------------------------------------------------+
|Paraview ASCII surface             |wall_npr20_production_cfl2_i30_from520_05220.vtk|
|CSV file                           |wall_npr20_production_cfl2_i30_from520_05220.csv|
+-----------------------------------------------------------------------+
+-----------------------------------------------------------------------------+
|   Time_Iter|  Inner_Iter|    rms[Rho]|   rms[RhoE]|      rms[k]|      rms[w]|
+-----------------------------------------------------------------------------+
|        5221|           0|   -1.467980|    4.447583|    2.154247|    4.640145|
|        5221|          25|   -5.741835|    0.737525|   -1.075977|    4.624950|
|        5221|          29|   -5.856836|    0.682306|   -1.174134|    4.619995|
+-----------------------------------------------------------------------------+
|   Time_Iter|  Inner_Iter|    rms[Rho]|   rms[RhoE]|      rms[k]|      rms[w]|
+-----------------------------------------------------------------------------+
|        5222|           0|   -1.467965|    4.447572|    2.154186|    4.638213|
|        5222|          25|   -5.742634|    0.736427|   -1.075731|    4.622615|
|        5222|          29|   -5.857692|    0.681033|   -1.173876|    4.617614|
+-----------------------------------------------------------------------------+
|   Time_Iter|  Inner_Iter|    rms[Rho]|   rms[RhoE]|      rms[k]|      rms[w]|
+-----------------------------------------------------------------------------+
|        5223|           0|   -1.467951|    4.447562|    2.154150|    4.635944|
|        5223|          25|   -5.743434|    0.735131|   -1.075422|    4.619937|
|        5223|          29|   -5.858570|    0.679498|   -1.173460|    4.614792|
+-----------------------------------------------------------------------------+
|   Time_Iter|  Inner_Iter|    rms[Rho]|   rms[RhoE]|      rms[k]|      rms[w]|
+-----------------------------------------------------------------------------+
|        5224|           0|   -1.467936|    4.447547|    2.154122|    4.633241|
|        5224|          25|   -5.744226|    0.733650|   -1.075185|    4.616947|
|        5224|          29|   -5.859453|    0.677743|   -1.173283|    4.611738|
+-----------------------------------------------------------------------------+
|   Time_Iter|  Inner_Iter|    rms[Rho]|   rms[RhoE]|      rms[k]|      rms[w]|
+-----------------------------------------------------------------------------+
|        5225|           0|   -1.467922|    4.447532|    2.154051|    4.630334|
|        5225|          25|   -5.745002|    0.732069|   -1.074970|    4.613668|
|        5225|          29|   -5.860334|    0.675830|   -1.172997|    4.608531|
+-----------------------------------------------------------------------------+
|   Time_Iter|  Inner_Iter|    rms[Rho]|   rms[RhoE]|      rms[k]|      rms[w]|
+-----------------------------------------------------------------------------+
|        5226|           0|   -1.467907|    4.447528|    2.153904|    4.627337|
|        5226|          25|   -5.745777|    0.730310|   -1.074668|    4.610584|
|        5226|          29|   -5.861230|    0.673685|   -1.172650|    4.605402|
+-----------------------------------------------------------------------------+
|   Time_Iter|  Inner_Iter|    rms[Rho]|   rms[RhoE]|      rms[k]|      rms[w]|
+-----------------------------------------------------------------------------+
|        5227|           0|   -1.467892|    4.447534|    2.153759|    4.624379|
|        5227|          25|   -5.746554|    0.728373|   -1.074416|    4.607200|
|        5227|          29|   -5.862148|    0.671304|   -1.172488|    4.601976|
+-----------------------------------------------------------------------------+
|   Time_Iter|  Inner_Iter|    rms[Rho]|   rms[RhoE]|      rms[k]|      rms[w]|
+-----------------------------------------------------------------------------+
|        5228|           0|   -1.467877|    4.447532|    2.153631|    4.621141|
|        5228|          25|   -5.747330|    0.726278|   -1.074013|    4.603645|
|        5228|          29|   -5.863084|    0.668714|   -1.172120|    4.598365|
+-----------------------------------------------------------------------------+
|   Time_Iter|  Inner_Iter|    rms[Rho]|   rms[RhoE]|      rms[k]|      rms[w]|
+-----------------------------------------------------------------------------+
|        5229|           0|   -1.467863|    4.447502|    2.153514|    4.617720|
|        5229|          25|   -5.748099|    0.724051|   -1.074027|    4.599946|
|        5229|          29|   -5.864026|    0.665936|   -1.171911|    4.594617|
+-----------------------------------------------------------------------------+
|   Time_Iter|  Inner_Iter|    rms[Rho]|   rms[RhoE]|      rms[k]|      rms[w]|
+-----------------------------------------------------------------------------+
|        5230|           0|   -1.467848|    4.447476|    2.153419|    4.614169|
|        5230|          25|   -5.748857|    0.721700|   -1.073746|    4.595888|
|        5230|          29|   -5.864973|    0.662971|   -1.171598|    4.590456|
+-----------------------------------------------------------------------+
|        File Writing Summary       |              Filename             |
+-----------------------------------------------------------------------+
|Paraview ASCII surface             |wall_npr20_production_cfl2_i30_from520_05230.vtk|
|CSV file                           |wall_npr20_production_cfl2_i30_from520_05230.csv|
+-----------------------------------------------------------------------+
+-----------------------------------------------------------------------------+
|   Time_Iter|  Inner_Iter|    rms[Rho]|   rms[RhoE]|      rms[k]|      rms[w]|
+-----------------------------------------------------------------------------+
|        5231|           0|   -1.467834|    4.447417|    2.153225|    4.610221|
|        5231|          25|   -5.749610|    0.719199|   -1.073044|    4.591705|
|        5231|          29|   -5.865940|    0.659756|   -1.170587|    4.586457|
+-----------------------------------------------------------------------------+
|   Time_Iter|  Inner_Iter|    rms[Rho]|   rms[RhoE]|      rms[k]|      rms[w]|
+-----------------------------------------------------------------------------+
|        5232|           0|   -1.467819|    4.447364|    2.153048|    4.606466|
|        5232|          25|   -5.750366|    0.716534|   -1.073262|    4.587161|
|        5232|          29|   -5.866920|    0.656361|   -1.171032|    4.581507|
+-----------------------------------------------------------------------------+
|   Time_Iter|  Inner_Iter|    rms[Rho]|   rms[RhoE]|      rms[k]|      rms[w]|
+-----------------------------------------------------------------------------+
|        5233|           0|   -1.467804|    4.447337|    2.152892|    4.601659|
|        5233|          25|   -5.751078|    0.714000|   -1.073010|    4.581527|
|        5233|          29|   -5.867847|    0.653126|   -1.170742|    4.575821|
+-----------------------------------------------------------------------------+
|   Time_Iter|  Inner_Iter|    rms[Rho]|   rms[RhoE]|      rms[k]|      rms[w]|
+-----------------------------------------------------------------------------+
|        5234|           0|   -1.467789|    4.447327|    2.152775|    4.596254|
|        5234|          25|   -5.751731|    0.711790|   -1.072769|    4.576568|
|        5234|          29|   -5.868689|    0.650302|   -1.170468|    4.571008|
+-----------------------------------------------------------------------------+
|   Time_Iter|  Inner_Iter|    rms[Rho]|   rms[RhoE]|      rms[k]|      rms[w]|
+-----------------------------------------------------------------------------+
|        5235|           0|   -1.467774|    4.447328|    2.152693|    4.591742|
|        5235|          25|   -5.752342|    0.709846|   -1.072469|    4.572659|
|        5235|          29|   -5.869479|    0.647784|   -1.169175|    4.567153|
+-----------------------------------------------------------------------------+
|   Time_Iter|  Inner_Iter|    rms[Rho]|   rms[RhoE]|      rms[k]|      rms[w]|
+-----------------------------------------------------------------------------+
|        5236|           0|   -1.467759|    4.447340|    2.152619|    4.588105|
|        5236|          25|   -5.752918|    0.708166|   -1.072001|    4.569166|
|        5236|          29|   -5.870222|    0.645587|   -1.169451|    4.563680|
+-----------------------------------------------------------------------------+
|   Time_Iter|  Inner_Iter|    rms[Rho]|   rms[RhoE]|      rms[k]|      rms[w]|
+-----------------------------------------------------------------------------+
|        5237|           0|   -1.467743|    4.447356|    2.152505|    4.584808|
|        5237|          25|   -5.753460|    0.706779|   -1.072110|    4.566122|
|        5237|          29|   -5.870917|    0.643751|   -1.169709|    4.560660|
+-----------------------------------------------------------------------------+
|   Time_Iter|  Inner_Iter|    rms[Rho]|   rms[RhoE]|      rms[k]|      rms[w]|
+-----------------------------------------------------------------------------+
|        5238|           0|   -1.467728|    4.447371|    2.152395|    4.581922|
|        5238|          25|   -5.753966|    0.705735|   -1.071583|    4.563301|
|        5238|          29|   -5.871554|    0.642340|   -1.168954|    4.557900|
+-----------------------------------------------------------------------------+
|   Time_Iter|  Inner_Iter|    rms[Rho]|   rms[RhoE]|      rms[k]|      rms[w]|
+-----------------------------------------------------------------------------+
|        5239|           0|   -1.467714|    4.447378|    2.152314|    4.579282|
|        5239|          25|   -5.754435|    0.705032|   -1.071350|    4.561002|
|        5239|          29|   -5.872134|    0.641354|   -1.168690|    4.555666|
+-----------------------------------------------------------------------------+
|   Time_Iter|  Inner_Iter|    rms[Rho]|   rms[RhoE]|      rms[k]|      rms[w]|
+-----------------------------------------------------------------------------+
|        5240|           0|   -1.467700|    4.447373|    2.152254|    4.577120|
|        5240|          25|   -5.754866|    0.704679|   -1.071183|    4.559502|
|        5240|          29|   -5.872649|    0.640807|   -1.168479|    4.554274|
+-----------------------------------------------------------------------+
|        File Writing Summary       |              Filename             |
+-----------------------------------------------------------------------+
|Paraview ASCII surface             |wall_npr20_production_cfl2_i30_from520_05240.vtk|
|CSV file                           |wall_npr20_production_cfl2_i30_from520_05240.csv|
+-----------------------------------------------------------------------+
+-----------------------------------------------------------------------------+
|   Time_Iter|  Inner_Iter|    rms[Rho]|   rms[RhoE]|      rms[k]|      rms[w]|
+-----------------------------------------------------------------------------+
|        5241|           0|   -1.467687|    4.447363|    2.152205|    4.575749|
|        5241|          25|   -5.755256|    0.704648|   -1.070928|    4.558916|
|        5241|          29|   -5.873101|    0.640657|   -1.168171|    4.553819|
+-----------------------------------------------------------------------------+
|   Time_Iter|  Inner_Iter|    rms[Rho]|   rms[RhoE]|      rms[k]|      rms[w]|
+-----------------------------------------------------------------------------+
|        5242|           0|   -1.467673|    4.447345|    2.152177|    4.575253|
|        5242|          25|   -5.755613|    0.704883|   -1.071026|    4.558958|
|        5242|          29|   -5.873501|    0.640808|   -1.168419|    4.554073|
+-----------------------------------------------------------------------------+
|   Time_Iter|  Inner_Iter|    rms[Rho]|   rms[RhoE]|      rms[k]|      rms[w]|
+-----------------------------------------------------------------------------+
|        5243|           0|   -1.467660|    4.447333|    2.152116|    4.575439|
|        5243|          25|   -5.755954|    0.705238|   -1.070595|    4.559512|
|        5243|          29|   -5.873874|    0.641107|   -1.167798|    4.554460|
+-----------------------------------------------------------------------------+
|   Time_Iter|  Inner_Iter|    rms[Rho]|   rms[RhoE]|      rms[k]|      rms[w]|
+-----------------------------------------------------------------------------+
|        5244|           0|   -1.467647|    4.447316|    2.151990|    4.575667|
|        5244|          25|   -5.756274|    0.705740|   -1.070437|    4.559594|
|        5244|          29|   -5.874212|    0.641569|   -1.167609|    4.554547|
+-----------------------------------------------------------------------------+
|   Time_Iter|  Inner_Iter|    rms[Rho]|   rms[RhoE]|      rms[k]|      rms[w]|
+-----------------------------------------------------------------------------+
|        5245|           0|   -1.467634|    4.447294|    2.151839|    4.575669|
|        5245|          25|   -5.756584|    0.706349|   -1.070320|    4.559769|
|        5245|          29|   -5.874530|    0.642152|   -1.167382|    4.554752|
+-----------------------------------------------------------------------------+
|   Time_Iter|  Inner_Iter|    rms[Rho]|   rms[RhoE]|      rms[k]|      rms[w]|
+-----------------------------------------------------------------------------+
|        5246|           0|   -1.467621|    4.447271|    2.151697|    4.575795|
|        5246|          25|   -5.756893|    0.707042|   -1.069855|    4.560090|
|        5246|          29|   -5.874839|    0.642832|   -1.166813|    4.555100|
+-----------------------------------------------------------------------------+
|   Time_Iter|  Inner_Iter|    rms[Rho]|   rms[RhoE]|      rms[k]|      rms[w]|
+-----------------------------------------------------------------------------+
|        5247|           0|   -1.467607|    4.447248|    2.151572|    4.576068|
|        5247|          25|   -5.757206|    0.707801|   -1.070274|    4.560547|
|        5247|          29|   -5.875144|    0.643586|   -1.167527|    4.555581|
+-----------------------------------------------------------------------------+
|   Time_Iter|  Inner_Iter|    rms[Rho]|   rms[RhoE]|      rms[k]|      rms[w]|
+-----------------------------------------------------------------------------+
|        5248|           0|   -1.467594|    4.447222|    2.151468|    4.576474|
|        5248|          25|   -5.757533|    0.708604|   -1.070037|    4.561102|
|        5248|          29|   -5.875455|    0.644392|   -1.167251|    4.556148|
+-----------------------------------------------------------------------------+
|   Time_Iter|  Inner_Iter|    rms[Rho]|   rms[RhoE]|      rms[k]|      rms[w]|
+-----------------------------------------------------------------------------+
|        5249|           0|   -1.467581|    4.447192|    2.151278|    4.576966|
|        5249|          25|   -5.757875|    0.709445|   -1.069832|    4.561509|
|        5249|          29|   -5.875773|    0.645249|   -1.167033|    4.556499|
+-----------------------------------------------------------------------+
|        File Writing Summary       |              Filename             |
+-----------------------------------------------------------------------+
|SU2 binary restart                 |restart_npr20_production_cfl2_i30_from520_05249.dat|
+-----------------------------------------------------------------------+
+-----------------------------------------------------------------------------+
|   Time_Iter|  Inner_Iter|    rms[Rho]|   rms[RhoE]|      rms[k]|      rms[w]|
+-----------------------------------------------------------------------------+
|        5250|           0|   -1.467568|    4.447157|    2.151090|    4.577260|
|        5250|          25|   -5.758237|    0.710312|   -1.069203|    4.561786|
|        5250|          29|   -5.876107|    0.646133|   -1.166135|    4.556850|
+-----------------------------------------------------------------------+
|        File Writing Summary       |              Filename             |
+-----------------------------------------------------------------------+
|SU2 binary restart                 |restart_npr20_production_cfl2_i30_from520_05250.dat|
|Paraview ASCII surface             |wall_npr20_production_cfl2_i30_from520_05250.vtk|
|CSV file                           |wall_npr20_production_cfl2_i30_from520_05250.csv|
+-----------------------------------------------------------------------+
+-----------------------------------------------------------------------------+
|   Time_Iter|  Inner_Iter|    rms[Rho]|   rms[RhoE]|      rms[k]|      rms[w]|
+-----------------------------------------------------------------------------+
|        5251|           0|   -1.467556|    4.447118|    2.150910|    4.577593|
|        5251|          25|   -5.758624|    0.711184|   -1.069428|    4.562419|
|        5251|          29|   -5.876466|    0.647017|   -1.166586|    4.557495|
+-----------------------------------------------------------------------------+
|   Time_Iter|  Inner_Iter|    rms[Rho]|   rms[RhoE]|      rms[k]|      rms[w]|
+-----------------------------------------------------------------------------+
|        5252|           0|   -1.467543|    4.447073|    2.150773|    4.578184|
|        5252|          25|   -5.759043|    0.712029|   -1.069223|    4.563010|
|        5252|          29|   -5.876863|    0.647859|   -1.166352|    4.558072|
+-----------------------------------------------------------------------------+
|   Time_Iter|  Inner_Iter|    rms[Rho]|   rms[RhoE]|      rms[k]|      rms[w]|
+-----------------------------------------------------------------------------+
|        5253|           0|   -1.467530|    4.447031|    2.150677|    4.578704|
|        5253|          25|   -5.759502|    0.712833|   -1.069001|    4.563245|
|        5253|          29|   -5.877303|    0.648647|   -1.166059|    4.558266|
+-----------------------------------------------------------------------------+
|   Time_Iter|  Inner_Iter|    rms[Rho]|   rms[RhoE]|      rms[k]|      rms[w]|
+-----------------------------------------------------------------------------+
|        5254|           0|   -1.467517|    4.446994|    2.150611|    4.578864|
|        5254|          25|   -5.760010|    0.713574|   -1.068813|    4.563282|
|        5254|          29|   -5.877801|    0.649346|   -1.165879|    4.558277|
+-----------------------------------------------------------------------------+
|   Time_Iter|  Inner_Iter|    rms[Rho]|   rms[RhoE]|      rms[k]|      rms[w]|
+-----------------------------------------------------------------------------+
|        5255|           0|   -1.467504|    4.446957|    2.150502|    4.578855|
|        5255|          25|   -5.760567|    0.714240|   -1.068652|    4.563037|
|        5255|          29|   -5.878357|    0.649949|   -1.165699|    4.557993|
+-----------------------------------------------------------------------------+
|   Time_Iter|  Inner_Iter|    rms[Rho]|   rms[RhoE]|      rms[k]|      rms[w]|
+-----------------------------------------------------------------------------+
|        5256|           0|   -1.467490|    4.446927|    2.150412|    4.578560|
|        5256|          25|   -5.761173|    0.714838|   -1.068497|    4.562526|
|        5256|          29|   -5.878969|    0.650464|   -1.165500|    4.557465|
+-----------------------------------------------------------------------------+
|   Time_Iter|  Inner_Iter|    rms[Rho]|   rms[RhoE]|      rms[k]|      rms[w]|
+-----------------------------------------------------------------------------+
|        5257|           0|   -1.467477|    4.446900|    2.150345|    4.578037|
|        5257|          25|   -5.761824|    0.715366|   -1.068203|    4.561971|
|        5257|          29|   -5.879631|    0.650888|   -1.165125|    4.556896|
+-----------------------------------------------------------------------------+
|   Time_Iter|  Inner_Iter|    rms[Rho]|   rms[RhoE]|      rms[k]|      rms[w]|
+-----------------------------------------------------------------------------+
|        5258|           0|   -1.467464|    4.446878|    2.150313|    4.577476|
|        5258|          25|   -5.762518|    0.715812|   -1.068003|    4.561246|
|        5258|          29|   -5.880342|    0.651200|   -1.164969|    4.556135|
+-----------------------------------------------------------------------------+
|   Time_Iter|  Inner_Iter|    rms[Rho]|   rms[RhoE]|      rms[k]|      rms[w]|
+-----------------------------------------------------------------------------+
|        5259|           0|   -1.467450|    4.446864|    2.150294|    4.576733|
|        5259|          25|   -5.763257|    0.716154|   -1.067786|    4.560252|
|        5259|          29|   -5.881107|    0.651371|   -1.164732|    4.555093|
+-----------------------------------------------------------------------------+
|   Time_Iter|  Inner_Iter|    rms[Rho]|   rms[RhoE]|      rms[k]|      rms[w]|
+-----------------------------------------------------------------------------+
|        5260|           0|   -1.467437|    4.446856|    2.150291|    4.575731|
|        5260|          25|   -5.764047|    0.716379|   -1.067593|    4.558936|
|        5260|          29|   -5.881931|    0.651391|   -1.164514|    4.553731|
+-----------------------------------------------------------------------+
|        File Writing Summary       |              Filename             |
+-----------------------------------------------------------------------+
|Paraview ASCII surface             |wall_npr20_production_cfl2_i30_from520_05260.vtk|
|CSV file                           |wall_npr20_production_cfl2_i30_from520_05260.csv|
+-----------------------------------------------------------------------+
+-----------------------------------------------------------------------------+
|   Time_Iter|  Inner_Iter|    rms[Rho]|   rms[RhoE]|      rms[k]|      rms[w]|
+-----------------------------------------------------------------------------+
|        5261|           0|   -1.467422|    4.446851|    2.150243|    4.574433|
|        5261|          25|   -5.764883|    0.716508|   -1.066914|    4.557297|
|        5261|          29|   -5.882807|    0.651287|   -1.163584|    4.552048|
+-----------------------------------------------------------------------------+
|   Time_Iter|  Inner_Iter|    rms[Rho]|   rms[RhoE]|      rms[k]|      rms[w]|
+-----------------------------------------------------------------------------+
|        5262|           0|   -1.467409|    4.446852|    2.150134|    4.572838|
|        5262|          25|   -5.765771|    0.716529|   -1.067132|    4.555570|
|        5262|          29|   -5.883742|    0.651043|   -1.164020|    4.550287|
+-----------------------------------------------------------------------------+
|   Time_Iter|  Inner_Iter|    rms[Rho]|   rms[RhoE]|      rms[k]|      rms[w]|
+-----------------------------------------------------------------------------+
|        5263|           0|   -1.467395|    4.446866|    2.150008|    4.571175|
|        5263|          25|   -5.766710|    0.716428|   -1.066888|    4.553288|
|        5263|          29|   -5.884736|    0.650637|   -1.163760|    4.547939|
+-----------------------------------------------------------------------------+
|   Time_Iter|  Inner_Iter|    rms[Rho]|   rms[RhoE]|      rms[k]|      rms[w]|
+-----------------------------------------------------------------------------+
|        5264|           0|   -1.467380|    4.446893|    2.149871|    4.568961|
|        5264|          25|   -5.767697|    0.716225|   -1.066680|    4.551062|
|        5264|          29|   -5.885784|    0.650098|   -1.163531|    4.545674|
+-----------------------------------------------------------------------------+
|   Time_Iter|  Inner_Iter|    rms[Rho]|   rms[RhoE]|      rms[k]|      rms[w]|
+-----------------------------------------------------------------------------+
|        5265|           0|   -1.467365|    4.446926|    2.149759|    4.566826|
|        5265|          25|   -5.768729|    0.715921|   -1.066425|    4.548493|
|        5265|          29|   -5.886881|    0.649430|   -1.163261|    4.542968|
+-----------------------------------------------------------------------------+
|   Time_Iter|  Inner_Iter|    rms[Rho]|   rms[RhoE]|      rms[k]|      rms[w]|
+-----------------------------------------------------------------------------+
|        5266|           0|   -1.467350|    4.446947|    2.149651|    4.564270|
|        5266|          25|   -5.769801|    0.715546|   -1.066231|    4.545647|
|        5266|          29|   -5.888020|    0.648662|   -1.163057|    4.540160|
+-----------------------------------------------------------------------------+
|   Time_Iter|  Inner_Iter|    rms[Rho]|   rms[RhoE]|      rms[k]|      rms[w]|
+-----------------------------------------------------------------------------+
|        5267|           0|   -1.467336|    4.446966|    2.149457|    4.561665|
|        5267|          25|   -5.770916|    0.715077|   -1.065990|    4.542988|
|        5267|          29|   -5.889208|    0.647769|   -1.162788|    4.537461|
+-----------------------------------------------------------------------------+
|   Time_Iter|  Inner_Iter|    rms[Rho]|   rms[RhoE]|      rms[k]|      rms[w]|
+-----------------------------------------------------------------------------+
|        5268|           0|   -1.467321|    4.446982|    2.149271|    4.559142|
|        5268|          25|   -5.772076|    0.714513|   -1.065818|    4.540143|
|        5268|          29|   -5.890447|    0.646746|   -1.162609|    4.534590|
+-----------------------------------------------------------------------------+
|   Time_Iter|  Inner_Iter|    rms[Rho]|   rms[RhoE]|      rms[k]|      rms[w]|
+-----------------------------------------------------------------------------+
|        5269|           0|   -1.467307|    4.446999|    2.149095|    4.556463|
|        5269|          25|   -5.773278|    0.713874|   -1.065622|    4.537287|
|        5269|          29|   -5.891731|    0.645628|   -1.162400|    4.531703|
+-----------------------------------------------------------------------------+
|   Time_Iter|  Inner_Iter|    rms[Rho]|   rms[RhoE]|      rms[k]|      rms[w]|
+-----------------------------------------------------------------------------+
|        5270|           0|   -1.467292|    4.447013|    2.148958|    4.553767|
|        5270|          25|   -5.774515|    0.713172|   -1.065408|    4.534359|
|        5270|          29|   -5.893058|    0.644412|   -1.162169|    4.528710|
+-----------------------------------------------------------------------+
|        File Writing Summary       |              Filename             |
+-----------------------------------------------------------------------+
|Paraview ASCII surface             |wall_npr20_production_cfl2_i30_from520_05270.vtk|
|CSV file                           |wall_npr20_production_cfl2_i30_from520_05270.csv|
+-----------------------------------------------------------------------+
+-----------------------------------------------------------------------------+
|   Time_Iter|  Inner_Iter|    rms[Rho]|   rms[RhoE]|      rms[k]|      rms[w]|
+-----------------------------------------------------------------------------+
|        5271|           0|   -1.467279|    4.447027|    2.148865|    4.550964|
|        5271|          25|   -5.775789|    0.712400|   -1.065158|    4.530945|
|        5271|          29|   -5.894428|    0.643094|   -1.161919|    4.525183|
+-----------------------------------------------------------------------------+
|   Time_Iter|  Inner_Iter|    rms[Rho]|   rms[RhoE]|      rms[k]|      rms[w]|
+-----------------------------------------------------------------------------+
|        5272|           0|   -1.467265|    4.447037|    2.148784|    4.547663|
|        5272|          25|   -5.777095|    0.711582|   -1.064924|    4.526985|
|        5272|          29|   -5.895842|    0.641680|   -1.161685|    4.521426|
+-----------------------------------------------------------------------------+
|   Time_Iter|  Inner_Iter|    rms[Rho]|   rms[RhoE]|      rms[k]|      rms[w]|
+-----------------------------------------------------------------------------+
|        5273|           0|   -1.467252|    4.447043|    2.148669|    4.544213|
|        5273|          25|   -5.778448|    0.710638|   -1.064571|    4.523626|
|        5273|          29|   -5.897313|    0.640126|   -1.161445|    4.517693|
+-----------------------------------------------------------------------------+
|   Time_Iter|  Inner_Iter|    rms[Rho]|   rms[RhoE]|      rms[k]|      rms[w]|
+-----------------------------------------------------------------------------+
|        5274|           0|   -1.467240|    4.447033|    2.148568|    4.540612|
|        5274|          25|   -5.779816|    0.709762|   -1.064492|    4.519128|
|        5274|          29|   -5.898794|    0.638657|   -1.161250|    4.513163|
+-----------------------------------------------------------------------------+
|   Time_Iter|  Inner_Iter|    rms[Rho]|   rms[RhoE]|      rms[k]|      rms[w]|
+-----------------------------------------------------------------------------+
|        5275|           0|   -1.467229|    4.447014|    2.148487|    4.536359|
|        5275|          25|   -5.781188|    0.709002|   -1.064258|    4.514976|
|        5275|          29|   -5.900269|    0.637338|   -1.161014|    4.509023|
+-----------------------------------------------------------------------------+
|   Time_Iter|  Inner_Iter|    rms[Rho]|   rms[RhoE]|      rms[k]|      rms[w]|
+-----------------------------------------------------------------------------+
|        5276|           0|   -1.467217|    4.446993|    2.148445|    4.532488|
|        5276|          25|   -5.782556|    0.708397|   -1.064000|    4.511319|
|        5276|          29|   -5.901728|    0.636216|   -1.160751|    4.505381|
+-----------------------------------------------------------------------------+
|   Time_Iter|  Inner_Iter|    rms[Rho]|   rms[RhoE]|      rms[k]|      rms[w]|
+-----------------------------------------------------------------------------+
|        5277|           0|   -1.467205|    4.446979|    2.148425|    4.529078|
|        5277|          25|   -5.783919|    0.707960|   -1.063745|    4.507835|
|        5277|          29|   -5.903161|    0.635322|   -1.160495|    4.501892|
+-----------------------------------------------------------------------------+
|   Time_Iter|  Inner_Iter|    rms[Rho]|   rms[RhoE]|      rms[k]|      rms[w]|
+-----------------------------------------------------------------------------+
|        5278|           0|   -1.467193|    4.446969|    2.148408|    4.525819|
|        5278|          25|   -5.785268|    0.707714|   -1.063503|    4.504767|
|        5278|          29|   -5.904565|    0.634667|   -1.160243|    4.498854|
+-----------------------------------------------------------------------------+
|   Time_Iter|  Inner_Iter|    rms[Rho]|   rms[RhoE]|      rms[k]|      rms[w]|
+-----------------------------------------------------------------------------+
|        5279|           0|   -1.467181|    4.446961|    2.148325|    4.522991|
|        5279|          25|   -5.786610|    0.707644|   -1.063221|    4.502045|
|        5279|          29|   -5.905946|    0.634242|   -1.159886|    4.496158|
+-----------------------------------------------------------------------------+
|   Time_Iter|  Inner_Iter|    rms[Rho]|   rms[RhoE]|      rms[k]|      rms[w]|
+-----------------------------------------------------------------------------+
|        5280|           0|   -1.467169|    4.446953|    2.148214|    4.520466|
|        5280|          25|   -5.787942|    0.707766|   -1.062964|    4.499832|
|        5280|          29|   -5.907296|    0.634076|   -1.159932|    4.494006|
+-----------------------------------------------------------------------+
|        File Writing Summary       |              Filename             |
+-----------------------------------------------------------------------+
|Paraview ASCII surface             |wall_npr20_production_cfl2_i30_from520_05280.vtk|
|CSV file                           |wall_npr20_production_cfl2_i30_from520_05280.csv|
+-----------------------------------------------------------------------+
+-----------------------------------------------------------------------------+
|   Time_Iter|  Inner_Iter|    rms[Rho]|   rms[RhoE]|      rms[k]|      rms[w]|
+-----------------------------------------------------------------------------+
|        5281|           0|   -1.467157|    4.446949|    2.148092|    4.518441|
|        5281|          25|   -5.789260|    0.708085|   -1.062754|    4.498122|
|        5281|          29|   -5.908613|    0.634163|   -1.159485|    4.492339|
+-----------------------------------------------------------------------------+
|   Time_Iter|  Inner_Iter|    rms[Rho]|   rms[RhoE]|      rms[k]|      rms[w]|
+-----------------------------------------------------------------------------+
|        5282|           0|   -1.467145|    4.446948|    2.147968|    4.516856|
|        5282|          25|   -5.790567|    0.708568|   -1.062540|    4.496859|
|        5282|          29|   -5.909904|    0.634457|   -1.159271|    4.491162|
+-----------------------------------------------------------------------------+
|   Time_Iter|  Inner_Iter|    rms[Rho]|   rms[RhoE]|      rms[k]|      rms[w]|
+-----------------------------------------------------------------------------+
|        5283|           0|   -1.467134|    4.446950|    2.147870|    4.515728|
|        5283|          25|   -5.791861|    0.709186|   -1.062212|    4.496102|
|        5283|          29|   -5.911169|    0.634922|   -1.159096|    4.490399|
+-----------------------------------------------------------------------------+
|   Time_Iter|  Inner_Iter|    rms[Rho]|   rms[RhoE]|      rms[k]|      rms[w]|
+-----------------------------------------------------------------------------+
|        5284|           0|   -1.467121|    4.446955|    2.147742|    4.514958|
|        5284|          25|   -5.793144|    0.709930|   -1.062072|    4.495402|
|        5284|          29|   -5.912410|    0.635543|   -1.158801|    4.489722|
+-----------------------------------------------------------------------------+
|   Time_Iter|  Inner_Iter|    rms[Rho]|   rms[RhoE]|      rms[k]|      rms[w]|
+-----------------------------------------------------------------------------+
|        5285|           0|   -1.467109|    4.446965|    2.147547|    4.514276|
|        5285|          25|   -5.794415|    0.710775|   -1.061808|    4.494952|
|        5285|          29|   -5.913628|    0.636288|   -1.158651|    4.489342|
+-----------------------------------------------------------------------------+
|   Time_Iter|  Inner_Iter|    rms[Rho]|   rms[RhoE]|      rms[k]|      rms[w]|
+-----------------------------------------------------------------------------+
|        5286|           0|   -1.467097|    4.446974|    2.147356|    4.513876|
|        5286|          25|   -5.795672|    0.711710|   -1.061201|    4.494655|
|        5286|          29|   -5.914824|    0.637136|   -1.157717|    4.488994|
+-----------------------------------------------------------------------------+
|   Time_Iter|  Inner_Iter|    rms[Rho]|   rms[RhoE]|      rms[k]|      rms[w]|
+-----------------------------------------------------------------------------+
|        5287|           0|   -1.467084|    4.446979|    2.147188|    4.513486|
|        5287|          25|   -5.796920|    0.712701|   -1.061306|    4.494247|
|        5287|          29|   -5.916006|    0.638047|   -1.158011|    4.488594|
+-----------------------------------------------------------------------------+
|   Time_Iter|  Inner_Iter|    rms[Rho]|   rms[RhoE]|      rms[k]|      rms[w]|
+-----------------------------------------------------------------------------+
|        5288|           0|   -1.467072|    4.446976|    2.147063|    4.513068|
|        5288|          25|   -5.798159|    0.713739|   -1.061081|    4.493886|
|        5288|          29|   -5.917173|    0.639009|   -1.157794|    4.488238|
+-----------------------------------------------------------------------------+
|   Time_Iter|  Inner_Iter|    rms[Rho]|   rms[RhoE]|      rms[k]|      rms[w]|
+-----------------------------------------------------------------------------+
|        5289|           0|   -1.467060|    4.446972|    2.146978|    4.512687|
|        5289|          25|   -5.799385|    0.714810|   -1.060752|    4.493550|
|        5289|          29|   -5.918323|    0.640001|   -1.157505|    4.487907|
+-----------------------------------------------------------------------------+
|   Time_Iter|  Inner_Iter|    rms[Rho]|   rms[RhoE]|      rms[k]|      rms[w]|
+-----------------------------------------------------------------------------+
|        5290|           0|   -1.467048|    4.446959|    2.146878|    4.512329|
|        5290|          25|   -5.800604|    0.715864|   -1.060585|    4.493541|
|        5290|          29|   -5.919469|    0.640951|   -1.157289|    4.487889|
+-----------------------------------------------------------------------+
|        File Writing Summary       |              Filename             |
+-----------------------------------------------------------------------+
|Paraview ASCII surface             |wall_npr20_production_cfl2_i30_from520_05290.vtk|
|CSV file                           |wall_npr20_production_cfl2_i30_from520_05290.csv|
+-----------------------------------------------------------------------+
+-----------------------------------------------------------------------------+
|   Time_Iter|  Inner_Iter|    rms[Rho]|   rms[RhoE]|      rms[k]|      rms[w]|
+-----------------------------------------------------------------------------+
|        5291|           0|   -1.467037|    4.446952|    2.146774|    4.512244|
|        5291|          25|   -5.801808|    0.716927|   -1.060409|    4.493052|
|        5291|          29|   -5.920596|    0.641904|   -1.157108|    4.487363|
+-----------------------------------------------------------------------------+
|   Time_Iter|  Inner_Iter|    rms[Rho]|   rms[RhoE]|      rms[k]|      rms[w]|
+-----------------------------------------------------------------------------+
|        5292|           0|   -1.467025|    4.446953|    2.146672|    4.511694|
|        5292|          25|   -5.802991|    0.717995|   -1.057397|    4.492430|
|        5292|          29|   -5.921699|    0.642850|   -1.152570|    4.486738|
+-----------------------------------------------------------------------------+
|   Time_Iter|  Inner_Iter|    rms[Rho]|   rms[RhoE]|      rms[k]|      rms[w]|
+-----------------------------------------------------------------------------+
|        5293|           0|   -1.467013|    4.446953|    2.146597|    4.511071|
|        5293|          25|   -5.804153|    0.719071|   -1.059894|    4.491824|
|        5293|          29|   -5.922775|    0.643796|   -1.156613|    4.486126|
+-----------------------------------------------------------------------------+
|   Time_Iter|  Inner_Iter|    rms[Rho]|   rms[RhoE]|      rms[k]|      rms[w]|
+-----------------------------------------------------------------------------+
|        5294|           0|   -1.467001|    4.446949|    2.146563|    4.510463|
|        5294|          25|   -5.805292|    0.720157|   -1.059727|    4.491195|
|        5294|          29|   -5.923824|    0.644745|   -1.156457|    4.485493|
+-----------------------------------------------------------------------------+
|   Time_Iter|  Inner_Iter|    rms[Rho]|   rms[RhoE]|      rms[k]|      rms[w]|
+-----------------------------------------------------------------------------+
|        5295|           0|   -1.466988|    4.446946|    2.146552|    4.509845|
|        5295|          25|   -5.806407|    0.721262|   -1.059498|    4.490598|
|        5295|          29|   -5.924842|    0.645713|   -1.156197|    4.484898|
+-----------------------------------------------------------------------------+
|   Time_Iter|  Inner_Iter|    rms[Rho]|   rms[RhoE]|      rms[k]|      rms[w]|
+-----------------------------------------------------------------------------+
|        5296|           0|   -1.466976|    4.446950|    2.146500|    4.509271|
|        5296|          25|   -5.807493|    0.722404|   -1.059281|    4.489905|
|        5296|          29|   -5.925824|    0.646728|   -1.156005|    4.484193|
+-----------------------------------------------------------------------------+
|   Time_Iter|  Inner_Iter|    rms[Rho]|   rms[RhoE]|      rms[k]|      rms[w]|
+-----------------------------------------------------------------------------+
|        5297|           0|   -1.466964|    4.446961|    2.146383|    4.508604|
|        5297|          25|   -5.808554|    0.723573|   -1.058995|    4.489575|
|        5297|          29|   -5.926776|    0.647767|   -1.155771|    4.483901|
+-----------------------------------------------------------------------------+
|   Time_Iter|  Inner_Iter|    rms[Rho]|   rms[RhoE]|      rms[k]|      rms[w]|
+-----------------------------------------------------------------------------+
|        5298|           0|   -1.466952|    4.446971|    2.146264|    4.508331|
|        5298|          25|   -5.809596|    0.724749|   -1.058834|    4.489301|
|        5298|          29|   -5.927708|    0.648803|   -1.154798|    4.483627|
+-----------------------------------------------------------------------------+
|   Time_Iter|  Inner_Iter|    rms[Rho]|   rms[RhoE]|      rms[k]|      rms[w]|
+-----------------------------------------------------------------------------+
|        5299|           0|   -1.466940|    4.446982|    2.146142|    4.508074|
|        5299|          25|   -5.810623|    0.725920|   -1.058674|    4.489000|
|        5299|          29|   -5.928627|    0.649818|   -1.155381|    4.483250|
+-----------------------------------------------------------------------+
|        File Writing Summary       |              Filename             |
+-----------------------------------------------------------------------+
|SU2 binary restart                 |restart_npr20_production_cfl2_i30_from520_05299.dat|
+-----------------------------------------------------------------------+
+-----------------------------------------------------------------------------+
|   Time_Iter|  Inner_Iter|    rms[Rho]|   rms[RhoE]|      rms[k]|      rms[w]|
+-----------------------------------------------------------------------------+
|        5300|           0|   -1.466928|    4.446994|    2.146029|    4.507708|
|        5300|          25|   -5.811639|    0.727076|   -1.058414|    4.488388|
|        5300|          29|   -5.929539|    0.650803|   -1.155109|    4.482641|
+-----------------------------------------------------------------------+
|        File Writing Summary       |              Filename             |
+-----------------------------------------------------------------------+
|SU2 binary restart                 |restart_npr20_production_cfl2_i30_from520_05300.dat|
|Paraview ASCII                     |flow_npr20_production_cfl2_i30_from520_05300.vtk|
|Paraview ASCII surface             |wall_npr20_production_cfl2_i30_from520_05300.vtk|
|CSV file                           |wall_npr20_production_cfl2_i30_from520_05300.csv|
+-----------------------------------------------------------------------+
+-----------------------------------------------------------------------------+
|   Time_Iter|  Inner_Iter|    rms[Rho]|   rms[RhoE]|      rms[k]|      rms[w]|
+-----------------------------------------------------------------------------+
|        5301|           0|   -1.466916|    4.447008|    2.145926|    4.507143|
|        5301|          25|   -5.812647|    0.728216|   -1.058225|    4.487652|
|        5301|          29|   -5.930447|    0.651756|   -1.154928|    4.481865|
+-----------------------------------------------------------------------------+
|   Time_Iter|  Inner_Iter|    rms[Rho]|   rms[RhoE]|      rms[k]|      rms[w]|
+-----------------------------------------------------------------------------+
|        5302|           0|   -1.466904|    4.447020|    2.145736|    4.506416|
|        5302|          25|   -5.813647|    0.729339|   -1.057975|    4.486717|
|        5302|          29|   -5.931353|    0.652677|   -1.154682|    4.480897|
+-----------------------------------------------------------------------------+
|   Time_Iter|  Inner_Iter|    rms[Rho]|   rms[RhoE]|      rms[k]|      rms[w]|
+-----------------------------------------------------------------------------+
|        5303|           0|   -1.466893|    4.447025|    2.145534|    4.505511|
|        5303|          25|   -5.814637|    0.730449|   -1.057799|    4.485658|
|        5303|          29|   -5.932254|    0.653573|   -1.154641|    4.479811|
+-----------------------------------------------------------------------------+
|   Time_Iter|  Inner_Iter|    rms[Rho]|   rms[RhoE]|      rms[k]|      rms[w]|
+-----------------------------------------------------------------------------+
|        5304|           0|   -1.466882|    4.447009|    2.145340|    4.504497|
|        5304|          25|   -5.815616|    0.731554|   -1.057571|    4.484414|
|        5304|          29|   -5.933147|    0.654453|   -1.154264|    4.478530|
+-----------------------------------------------------------------------------+
|   Time_Iter|  Inner_Iter|    rms[Rho]|   rms[RhoE]|      rms[k]|      rms[w]|
+-----------------------------------------------------------------------------+
|        5305|           0|   -1.466871|    4.446988|    2.145180|    4.503305|
|        5305|          25|   -5.816584|    0.732642|   -1.057350|    4.483054|
|        5305|          29|   -5.934034|    0.655297|   -1.154038|    4.477121|
+-----------------------------------------------------------------------------+
|   Time_Iter|  Inner_Iter|    rms[Rho]|   rms[RhoE]|      rms[k]|      rms[w]|
+-----------------------------------------------------------------------------+
|        5306|           0|   -1.466861|    4.446963|    2.145063|    4.501991|
|        5306|          25|   -5.817540|    0.733705|   -1.057144|    4.481144|
|        5306|          29|   -5.934917|    0.656096|   -1.153828|    4.475108|
+-----------------------------------------------------------------------------+
|   Time_Iter|  Inner_Iter|    rms[Rho]|   rms[RhoE]|      rms[k]|      rms[w]|
+-----------------------------------------------------------------------------+
|        5307|           0|   -1.466851|    4.446926|    2.144969|    4.500117|
|        5307|          25|   -5.818483|    0.734752|   -1.056951|    4.479121|
|        5307|          29|   -5.935790|    0.656866|   -1.153623|    4.473072|
+-----------------------------------------------------------------------------+
|   Time_Iter|  Inner_Iter|    rms[Rho]|   rms[RhoE]|      rms[k]|      rms[w]|
+-----------------------------------------------------------------------------+
|        5308|           0|   -1.466842|    4.446890|    2.144847|    4.498233|
|        5308|          25|   -5.819406|    0.735787|   -1.056737|    4.477072|
|        5308|          29|   -5.936645|    0.657610|   -1.153397|    4.470984|
+-----------------------------------------------------------------------------+
|   Time_Iter|  Inner_Iter|    rms[Rho]|   rms[RhoE]|      rms[k]|      rms[w]|
+-----------------------------------------------------------------------------+
|        5309|           0|   -1.466832|    4.446859|    2.144740|    4.496298|
|        5309|          25|   -5.820307|    0.736810|   -1.056498|    4.474940|
|        5309|          29|   -5.937481|    0.658328|   -1.153149|    4.468813|
+-----------------------------------------------------------------------------+
|   Time_Iter|  Inner_Iter|    rms[Rho]|   rms[RhoE]|      rms[k]|      rms[w]|
+-----------------------------------------------------------------------------+
|        5310|           0|   -1.466822|    4.446835|    2.144643|    4.494289|
|        5310|          25|   -5.821183|    0.737823|   -1.056281|    4.472710|
|        5310|          29|   -5.938291|    0.659024|   -1.152920|    4.466545|
+-----------------------------------------------------------------------+
|        File Writing Summary       |              Filename             |
+-----------------------------------------------------------------------+
|Paraview ASCII surface             |wall_npr20_production_cfl2_i30_from520_05310.vtk|
|CSV file                           |wall_npr20_production_cfl2_i30_from520_05310.csv|
+-----------------------------------------------------------------------+
+-----------------------------------------------------------------------------+
|   Time_Iter|  Inner_Iter|    rms[Rho]|   rms[RhoE]|      rms[k]|      rms[w]|
+-----------------------------------------------------------------------------+
|        5311|           0|   -1.466813|    4.446815|    2.144584|    4.492199|
|        5311|          25|   -5.822030|    0.738831|   -1.056050|    4.470322|
|        5311|          29|   -5.939071|    0.659707|   -1.152634|    4.464097|
+-----------------------------------------------------------------------------+
|   Time_Iter|  Inner_Iter|    rms[Rho]|   rms[RhoE]|      rms[k]|      rms[w]|
+-----------------------------------------------------------------------------+
|        5312|           0|   -1.466803|    4.446799|    2.144566|    4.489949|
|        5312|          25|   -5.822852|    0.739821|   -1.055868|    4.468036|
|        5312|          29|   -5.939830|    0.660345|   -1.152479|    4.461779|
+-----------------------------------------------------------------------------+
|   Time_Iter|  Inner_Iter|    rms[Rho]|   rms[RhoE]|      rms[k]|      rms[w]|
+-----------------------------------------------------------------------------+
|        5313|           0|   -1.466793|    4.446792|    2.144532|    4.487832|
|        5313|          25|   -5.823651|    0.740774|   -1.055710|    4.465626|
|        5313|          29|   -5.940571|    0.660926|   -1.152295|    4.459303|
+-----------------------------------------------------------------------------+
|   Time_Iter|  Inner_Iter|    rms[Rho]|   rms[RhoE]|      rms[k]|      rms[w]|
+-----------------------------------------------------------------------------+
|        5314|           0|   -1.466783|    4.446787|    2.144401|    4.485567|
|        5314|          25|   -5.824429|    0.741707|   -1.055476|    4.462942|
|        5314|          29|   -5.941296|    0.661471|   -1.152052|    4.456541|
+-----------------------------------------------------------------------------+
|   Time_Iter|  Inner_Iter|    rms[Rho]|   rms[RhoE]|      rms[k]|      rms[w]|
+-----------------------------------------------------------------------------+
|        5315|           0|   -1.466774|    4.446775|    2.144281|    4.483041|
|        5315|          25|   -5.825183|    0.742634|   -1.054039|    4.460052|
|        5315|          29|   -5.941999|    0.661998|   -1.149921|    4.453570|
+-----------------------------------------------------------------------------+
|   Time_Iter|  Inner_Iter|    rms[Rho]|   rms[RhoE]|      rms[k]|      rms[w]|
+-----------------------------------------------------------------------------+
|        5316|           0|   -1.466765|    4.446762|    2.144146|    4.480328|
|        5316|          25|   -5.825913|    0.743566|   -1.055035|    4.456857|
|        5316|          29|   -5.942680|    0.662525|   -1.151574|    4.450286|
+-----------------------------------------------------------------------------+
|   Time_Iter|  Inner_Iter|    rms[Rho]|   rms[RhoE]|      rms[k]|      rms[w]|
+-----------------------------------------------------------------------------+
|        5317|           0|   -1.466756|    4.446745|    2.144028|    4.477331|
|        5317|          25|   -5.826617|    0.744520|   -1.054793|    4.453510|
|        5317|          29|   -5.943334|    0.663080|   -1.151317|    4.446894|
+-----------------------------------------------------------------------------+
|   Time_Iter|  Inner_Iter|    rms[Rho]|   rms[RhoE]|      rms[k]|      rms[w]|
+-----------------------------------------------------------------------------+
|        5318|           0|   -1.466746|    4.446717|    2.143910|    4.474246|
|        5318|          25|   -5.827296|    0.745498|   -1.054648|    4.450702|
|        5318|          29|   -5.943966|    0.663657|   -1.151163|    4.444210|
+-----------------------------------------------------------------------------+
|   Time_Iter|  Inner_Iter|    rms[Rho]|   rms[RhoE]|      rms[k]|      rms[w]|
+-----------------------------------------------------------------------------+
|        5319|           0|   -1.466737|    4.446696|    2.143746|    4.471827|
|        5319|          25|   -5.827954|    0.746495|   -1.054005|    4.448131|
|        5319|          29|   -5.944574|    0.664264|   -1.150290|    4.441451|
+-----------------------------------------------------------------------------+
|   Time_Iter|  Inner_Iter|    rms[Rho]|   rms[RhoE]|      rms[k]|      rms[w]|
+-----------------------------------------------------------------------------+
|        5320|           0|   -1.466728|    4.446671|    2.143542|    4.469252|
|        5320|          25|   -5.828579|    0.747550|   -1.054230|    4.445111|
|        5320|          29|   -5.945145|    0.664946|   -1.150583|    4.438363|
+-----------------------------------------------------------------------+
|        File Writing Summary       |              Filename             |
+-----------------------------------------------------------------------+
|Paraview ASCII surface             |wall_npr20_production_cfl2_i30_from520_05320.vtk|
|CSV file                           |wall_npr20_production_cfl2_i30_from520_05320.csv|
+-----------------------------------------------------------------------+
+-----------------------------------------------------------------------------+
|   Time_Iter|  Inner_Iter|    rms[Rho]|   rms[RhoE]|      rms[k]|      rms[w]|
+-----------------------------------------------------------------------------+
|        5321|           0|   -1.466719|    4.446641|    2.143337|    4.466431|
|        5321|          25|   -5.829176|    0.748662|   -1.054023|    4.442178|
|        5321|          29|   -5.945685|    0.665701|   -1.150508|    4.435396|
+-----------------------------------------------------------------------------+
|   Time_Iter|  Inner_Iter|    rms[Rho]|   rms[RhoE]|      rms[k]|      rms[w]|
+-----------------------------------------------------------------------------+
|        5322|           0|   -1.466711|    4.446604|    2.143167|    4.463735|
|        5322|          25|   -5.829747|    0.749824|   -1.053483|    4.439264|
|        5322|          29|   -5.946198|    0.666521|   -1.149667|    4.432428|
+-----------------------------------------------------------------------------+
|   Time_Iter|  Inner_Iter|    rms[Rho]|   rms[RhoE]|      rms[k]|      rms[w]|
+-----------------------------------------------------------------------------+
|        5323|           0|   -1.466702|    4.446569|    2.143033|    4.461036|
|        5323|          25|   -5.830293|    0.751045|   -1.053691|    4.436368|
|        5323|          29|   -5.946684|    0.667421|   -1.150164|    4.429492|
+-----------------------------------------------------------------------------+
|   Time_Iter|  Inner_Iter|    rms[Rho]|   rms[RhoE]|      rms[k]|      rms[w]|
+-----------------------------------------------------------------------------+
|        5324|           0|   -1.466694|    4.446538|    2.142940|    4.458367|
|        5324|          25|   -5.830813|    0.752336|   -1.053476|    4.433631|
|        5324|          29|   -5.947143|    0.668417|   -1.150078|    4.426736|
+-----------------------------------------------------------------------------+
|   Time_Iter|  Inner_Iter|    rms[Rho]|   rms[RhoE]|      rms[k]|      rms[w]|
+-----------------------------------------------------------------------------+
|        5325|           0|   -1.466684|    4.446513|    2.142813|    4.455857|
|        5325|          25|   -5.831304|    0.753707|   -1.052103|    4.431156|
|        5325|          29|   -5.947570|    0.669526|   -1.148140|    4.424239|
+-----------------------------------------------------------------------------+
|   Time_Iter|  Inner_Iter|    rms[Rho]|   rms[RhoE]|      rms[k]|      rms[w]|
+-----------------------------------------------------------------------------+
|        5326|           0|   -1.466675|    4.446490|    2.142705|    4.453569|
|        5326|          25|   -5.831768|    0.755158|   -1.053061|    4.428732|
|        5326|          29|   -5.947963|    0.670744|   -1.149499|    4.421786|
+-----------------------------------------------------------------------------+
|   Time_Iter|  Inner_Iter|    rms[Rho]|   rms[RhoE]|      rms[k]|      rms[w]|
+-----------------------------------------------------------------------------+
|        5327|           0|   -1.466666|    4.446467|    2.142597|    4.451312|
|        5327|          25|   -5.832199|    0.756698|   -1.052811|    4.426484|
|        5327|          29|   -5.948316|    0.672091|   -1.149304|    4.419549|
+-----------------------------------------------------------------------------+
|   Time_Iter|  Inner_Iter|    rms[Rho]|   rms[RhoE]|      rms[k]|      rms[w]|
+-----------------------------------------------------------------------------+
|        5328|           0|   -1.466656|    4.446447|    2.142520|    4.449265|
|        5328|          25|   -5.832602|    0.758306|   -1.052616|    4.424635|
|        5328|          29|   -5.948635|    0.673532|   -1.149025|    4.417723|
+-----------------------------------------------------------------------------+
|   Time_Iter|  Inner_Iter|    rms[Rho]|   rms[RhoE]|      rms[k]|      rms[w]|
+-----------------------------------------------------------------------------+
|        5329|           0|   -1.466647|    4.446426|    2.142486|    4.447579|
|        5329|          25|   -5.832977|    0.759971|   -1.052333|    4.423145|
|        5329|          29|   -5.948920|    0.675050|   -1.148739|    4.416233|
+-----------------------------------------------------------------------------+
|   Time_Iter|  Inner_Iter|    rms[Rho]|   rms[RhoE]|      rms[k]|      rms[w]|
+-----------------------------------------------------------------------------+
|        5330|           0|   -1.466638|    4.446396|    2.142464|    4.446183|
|        5330|          25|   -5.833326|    0.761672|   -1.052148|    4.421865|
|        5330|          29|   -5.949176|    0.676615|   -1.148531|    4.414976|
+-----------------------------------------------------------------------+
|        File Writing Summary       |              Filename             |
+-----------------------------------------------------------------------+
|Paraview ASCII surface             |wall_npr20_production_cfl2_i30_from520_05330.vtk|
|CSV file                           |wall_npr20_production_cfl2_i30_from520_05330.csv|
+-----------------------------------------------------------------------+
+-----------------------------------------------------------------------------+
|   Time_Iter|  Inner_Iter|    rms[Rho]|   rms[RhoE]|      rms[k]|      rms[w]|
+-----------------------------------------------------------------------------+
|        5331|           0|   -1.466629|    4.446365|    2.142343|    4.445001|
|        5331|          25|   -5.833653|    0.763390|   -1.051882|    4.420731|
|        5331|          29|   -5.949407|    0.678201|   -1.148252|    4.413796|
+-----------------------------------------------------------------------------+
|   Time_Iter|  Inner_Iter|    rms[Rho]|   rms[RhoE]|      rms[k]|      rms[w]|
+-----------------------------------------------------------------------------+
|        5332|           0|   -1.466621|    4.446335|    2.142221|    4.443877|
|        5332|          25|   -5.833955|    0.765114|   -1.051250|    4.419472|
|        5332|          29|   -5.949612|    0.679792|   -1.147946|    4.412506|
+-----------------------------------------------------------------------------+
|   Time_Iter|  Inner_Iter|    rms[Rho]|   rms[RhoE]|      rms[k]|      rms[w]|
+-----------------------------------------------------------------------------+
|        5333|           0|   -1.466613|    4.446304|    2.142084|    4.442663|
|        5333|          25|   -5.834236|    0.766838|   -1.051303|    4.418165|
|        5333|          29|   -5.949793|    0.681381|   -1.147634|    4.411175|
+-----------------------------------------------------------------------------+
|   Time_Iter|  Inner_Iter|    rms[Rho]|   rms[RhoE]|      rms[k]|      rms[w]|
+-----------------------------------------------------------------------------+
|        5334|           0|   -1.466604|    4.446273|    2.141959|    4.441415|
|        5334|          25|   -5.834494|    0.768562|   -1.051088|    4.416883|
|        5334|          29|   -5.949948|    0.682974|   -1.147481|    4.409886|
+-----------------------------------------------------------------------------+
|   Time_Iter|  Inner_Iter|    rms[Rho]|   rms[RhoE]|      rms[k]|      rms[w]|
+-----------------------------------------------------------------------------+
|        5335|           0|   -1.466597|    4.446238|    2.141837|    4.440216|
|        5335|          25|   -5.834728|    0.770290|   -1.050776|    4.415835|
|        5335|          29|   -5.950075|    0.684574|   -1.147082|    4.408846|
+-----------------------------------------------------------------------------+
|   Time_Iter|  Inner_Iter|    rms[Rho]|   rms[RhoE]|      rms[k]|      rms[w]|
+-----------------------------------------------------------------------------+
|        5336|           0|   -1.466589|    4.446202|    2.141686|    4.439246|
|        5336|          25|   -5.834941|    0.772022|   -1.050525|    4.415123|
|        5336|          29|   -5.950178|    0.686182|   -1.146822|    4.408165|
+-----------------------------------------------------------------------------+
|   Time_Iter|  Inner_Iter|    rms[Rho]|   rms[RhoE]|      rms[k]|      rms[w]|
+-----------------------------------------------------------------------------+
|        5337|           0|   -1.466582|    4.446168|    2.141483|    4.438603|
|        5337|          25|   -5.835135|    0.773749|   -1.050235|    4.414535|
|        5337|          29|   -5.950263|    0.687785|   -1.146499|    4.407529|
+-----------------------------------------------------------------------------+
|   Time_Iter|  Inner_Iter|    rms[Rho]|   rms[RhoE]|      rms[k]|      rms[w]|
+-----------------------------------------------------------------------------+
|        5338|           0|   -1.466575|    4.446135|    2.141272|    4.437989|
|        5338|          25|   -5.835313|    0.775473|   -1.049900|    4.413752|
|        5338|          29|   -5.950331|    0.689387|   -1.146152|    4.406714|
+-----------------------------------------------------------------------------+
|   Time_Iter|  Inner_Iter|    rms[Rho]|   rms[RhoE]|      rms[k]|      rms[w]|
+-----------------------------------------------------------------------------+
|        5339|           0|   -1.466568|    4.446100|    2.141083|    4.437221|
|        5339|          25|   -5.835476|    0.777196|   -1.049624|    4.412918|
|        5339|          29|   -5.950383|    0.690990|   -1.145856|    4.405854|
+-----------------------------------------------------------------------------+
|   Time_Iter|  Inner_Iter|    rms[Rho]|   rms[RhoE]|      rms[k]|      rms[w]|
+-----------------------------------------------------------------------------+
|        5340|           0|   -1.466561|    4.446060|    2.140938|    4.436419|
|        5340|          25|   -5.835626|    0.778916|   -1.049075|    4.412068|
|        5340|          29|   -5.950423|    0.692595|   -1.145426|    4.404979|
+-----------------------------------------------------------------------+
|        File Writing Summary       |              Filename             |
+-----------------------------------------------------------------------+
|Paraview ASCII surface             |wall_npr20_production_cfl2_i30_from520_05340.vtk|
|CSV file                           |wall_npr20_production_cfl2_i30_from520_05340.csv|
+-----------------------------------------------------------------------+
+-----------------------------------------------------------------------------+
|   Time_Iter|  Inner_Iter|    rms[Rho]|   rms[RhoE]|      rms[k]|      rms[w]|
+-----------------------------------------------------------------------------+
|        5341|           0|   -1.466554|    4.446020|    2.140829|    4.435606|
|        5341|          25|   -5.835763|    0.780635|   -1.048716|    4.411216|
|        5341|          29|   -5.950451|    0.694203|   -1.144937|    4.404105|
+-----------------------------------------------------------------------------+
|   Time_Iter|  Inner_Iter|    rms[Rho]|   rms[RhoE]|      rms[k]|      rms[w]|
+-----------------------------------------------------------------------------+
|        5342|           0|   -1.466547|    4.445979|    2.140699|    4.434793|
|        5342|          25|   -5.835890|    0.782352|   -1.048572|    4.410384|
|        5342|          29|   -5.950470|    0.695812|   -1.144645|    4.403256|
+-----------------------------------------------------------------------------+
|   Time_Iter|  Inner_Iter|    rms[Rho]|   rms[RhoE]|      rms[k]|      rms[w]|
+-----------------------------------------------------------------------------+
|        5343|           0|   -1.466540|    4.445941|    2.140583|    4.434002|
|        5343|          25|   -5.836006|    0.784060|   -1.048410|    4.409597|
|        5343|          29|   -5.950478|    0.697415|   -1.144594|    4.402448|
+-----------------------------------------------------------------------------+
|   Time_Iter|  Inner_Iter|    rms[Rho]|   rms[RhoE]|      rms[k]|      rms[w]|
+-----------------------------------------------------------------------------+
|        5344|           0|   -1.466533|    4.445904|    2.140472|    4.433248|
|        5344|          25|   -5.836109|    0.785757|   -1.047973|    4.408794|
|        5344|          29|   -5.950475|    0.699003|   -1.144306|    4.401600|
+-----------------------------------------------------------------------------+
|   Time_Iter|  Inner_Iter|    rms[Rho]|   rms[RhoE]|      rms[k]|      rms[w]|
+-----------------------------------------------------------------------------+
|        5345|           0|   -1.466526|    4.445845|    2.140379|    4.432454|
|        5345|          25|   -5.836200|    0.787437|   -1.047574|    4.407839|
|        5345|          29|   -5.950461|    0.700570|   -1.143623|    4.400617|
+-----------------------------------------------------------------------------+
|   Time_Iter|  Inner_Iter|    rms[Rho]|   rms[RhoE]|      rms[k]|      rms[w]|
+-----------------------------------------------------------------------------+
|        5346|           0|   -1.466519|    4.445787|    2.140332|    4.431551|
|        5346|          25|   -5.836276|    0.789101|   -1.047495|    4.406877|
|        5346|          29|   -5.950431|    0.702119|   -1.143659|    4.399620|
+-----------------------------------------------------------------------------+
|   Time_Iter|  Inner_Iter|    rms[Rho]|   rms[RhoE]|      rms[k]|      rms[w]|
+-----------------------------------------------------------------------------+
|        5347|           0|   -1.466512|    4.445734|    2.140308|    4.430635|
|        5347|          25|   -5.836336|    0.790750|   -1.046919|    4.405959|
|        5347|          29|   -5.950385|    0.703647|   -1.142965|    4.398693|
+-----------------------------------------------------------------------------+
|   Time_Iter|  Inner_Iter|    rms[Rho]|   rms[RhoE]|      rms[k]|      rms[w]|
+-----------------------------------------------------------------------------+
|        5348|           0|   -1.466505|    4.445684|    2.140188|    4.429789|
|        5348|          25|   -5.836381|    0.792382|   -1.046573|    4.404981|
|        5348|          29|   -5.950322|    0.705157|   -1.142736|    4.397655|
+-----------------------------------------------------------------------------+
|   Time_Iter|  Inner_Iter|    rms[Rho]|   rms[RhoE]|      rms[k]|      rms[w]|
+-----------------------------------------------------------------------------+
|        5349|           0|   -1.466497|    4.445633|    2.140058|    4.428840|
|        5349|          25|   -5.836409|    0.794006|   -1.046261|    4.404017|
|        5349|          29|   -5.950240|    0.706661|   -1.142294|    4.396675|
+-----------------------------------------------------------------------+
|        File Writing Summary       |              Filename             |
+-----------------------------------------------------------------------+
|SU2 binary restart                 |restart_npr20_production_cfl2_i30_from520_05349.dat|
+-----------------------------------------------------------------------+
+-----------------------------------------------------------------------------+
|   Time_Iter|  Inner_Iter|    rms[Rho]|   rms[RhoE]|      rms[k]|      rms[w]|
+-----------------------------------------------------------------------------+
|        5350|           0|   -1.466490|    4.445576|    2.139919|    4.427960|
|        5350|          25|   -5.836421|    0.795622|   -1.045453|    4.403190|
|        5350|          29|   -5.950141|    0.708156|   -1.141153|    4.395827|
+-----------------------------------------------------------------------+
|        File Writing Summary       |              Filename             |
+-----------------------------------------------------------------------+
|SU2 binary restart                 |restart_npr20_production_cfl2_i30_from520_05350.dat|
|Paraview ASCII surface             |wall_npr20_production_cfl2_i30_from520_05350.vtk|
|CSV file                           |wall_npr20_production_cfl2_i30_from520_05350.csv|
+-----------------------------------------------------------------------+
+-----------------------------------------------------------------------------+
|   Time_Iter|  Inner_Iter|    rms[Rho]|   rms[RhoE]|      rms[k]|      rms[w]|
+-----------------------------------------------------------------------------+
|        5351|           0|   -1.466482|    4.445512|    2.139789|    4.427202|
|        5351|          25|   -5.836420|    0.797227|   -1.045461|    4.402248|
|        5351|          29|   -5.950030|    0.709640|   -1.141502|    4.394816|
+-----------------------------------------------------------------------------+
|   Time_Iter|  Inner_Iter|    rms[Rho]|   rms[RhoE]|      rms[k]|      rms[w]|
+-----------------------------------------------------------------------------+
|        5352|           0|   -1.466475|    4.445445|    2.139667|    4.426301|
|        5352|          25|   -5.836408|    0.798817|   -1.045136|    4.401323|
|        5352|          29|   -5.949914|    0.711103|   -1.141251|    4.393877|
+-----------------------------------------------------------------------------+
|   Time_Iter|  Inner_Iter|    rms[Rho]|   rms[RhoE]|      rms[k]|      rms[w]|
+-----------------------------------------------------------------------------+
|        5353|           0|   -1.466468|    4.445380|    2.139528|    4.425478|
|        5353|          25|   -5.836391|    0.800386|   -1.045151|    4.400342|
|        5353|          29|   -5.949797|    0.712538|   -1.141252|    4.392835|
+-----------------------------------------------------------------------------+
|   Time_Iter|  Inner_Iter|    rms[Rho]|   rms[RhoE]|      rms[k]|      rms[w]|
+-----------------------------------------------------------------------------+
|        5354|           0|   -1.466461|    4.445317|    2.139332|    4.424549|
|        5354|          25|   -5.836367|    0.801936|   -1.044734|    4.399114|
|        5354|          29|   -5.949680|    0.713948|   -1.140830|    4.391530|
+-----------------------------------------------------------------------------+
|   Time_Iter|  Inner_Iter|    rms[Rho]|   rms[RhoE]|      rms[k]|      rms[w]|
+-----------------------------------------------------------------------------+
|        5355|           0|   -1.466454|    4.445255|    2.139131|    4.423382|
|        5355|          25|   -5.836332|    0.803471|   -1.044373|    4.397541|
|        5355|          29|   -5.949557|    0.715339|   -1.140444|    4.389824|
+-----------------------------------------------------------------------------+
|   Time_Iter|  Inner_Iter|    rms[Rho]|   rms[RhoE]|      rms[k]|      rms[w]|
+-----------------------------------------------------------------------------+
|        5356|           0|   -1.466447|    4.445193|    2.138947|    4.421849|
|        5356|          25|   -5.836285|    0.804997|   -1.044071|    4.395766|
|        5356|          29|   -5.949424|    0.716723|   -1.140145|    4.388056|
+-----------------------------------------------------------------------------+
|   Time_Iter|  Inner_Iter|    rms[Rho]|   rms[RhoE]|      rms[k]|      rms[w]|
+-----------------------------------------------------------------------------+
|        5357|           0|   -1.466440|    4.445130|    2.138807|    4.420282|
|        5357|          25|   -5.836223|    0.806518|   -1.043775|    4.394128|
|        5357|          29|   -5.949278|    0.718103|   -1.139927|    4.386371|
+-----------------------------------------------------------------------------+
|   Time_Iter|  Inner_Iter|    rms[Rho]|   rms[RhoE]|      rms[k]|      rms[w]|
+-----------------------------------------------------------------------------+
|        5358|           0|   -1.466434|    4.445068|    2.138707|    4.418777|
|        5358|          25|   -5.836146|    0.808031|   -1.043388|    4.392491|
|        5358|          29|   -5.949120|    0.719475|   -1.139435|    4.384684|
+-----------------------------------------------------------------------------+
|   Time_Iter|  Inner_Iter|    rms[Rho]|   rms[RhoE]|      rms[k]|      rms[w]|
+-----------------------------------------------------------------------------+
|        5359|           0|   -1.466427|    4.445005|    2.138587|    4.417269|
|        5359|          25|   -5.836053|    0.809532|   -1.043087|    4.390836|
|        5359|          29|   -5.948948|    0.720833|   -1.139128|    4.382974|
+-----------------------------------------------------------------------------+
|   Time_Iter|  Inner_Iter|    rms[Rho]|   rms[RhoE]|      rms[k]|      rms[w]|
+-----------------------------------------------------------------------------+
|        5360|           0|   -1.466421|    4.444945|    2.138475|    4.415743|
|        5360|          25|   -5.835945|    0.811018|   -1.042766|    4.389132|
|        5360|          29|   -5.948765|    0.722173|   -1.138798|    4.381203|
+-----------------------------------------------------------------------+
|        File Writing Summary       |              Filename             |
+-----------------------------------------------------------------------+
|Paraview ASCII surface             |wall_npr20_production_cfl2_i30_from520_05360.vtk|
|CSV file                           |wall_npr20_production_cfl2_i30_from520_05360.csv|
+-----------------------------------------------------------------------+
+-----------------------------------------------------------------------------+
|   Time_Iter|  Inner_Iter|    rms[Rho]|   rms[RhoE]|      rms[k]|      rms[w]|
+-----------------------------------------------------------------------------+
|        5361|           0|   -1.466415|    4.444887|    2.138373|    4.414161|
|        5361|          25|   -5.835822|    0.812486|   -1.042383|    4.387251|
|        5361|          29|   -5.948574|    0.723488|   -1.138377|    4.379231|
+-----------------------------------------------------------------------------+
|   Time_Iter|  Inner_Iter|    rms[Rho]|   rms[RhoE]|      rms[k]|      rms[w]|
+-----------------------------------------------------------------------------+
|        5362|           0|   -1.466408|    4.444830|    2.138285|    4.412397|
|        5362|          25|   -5.835687|    0.813933|   -1.042124|    4.385053|
|        5362|          29|   -5.948374|    0.724774|   -1.138123|    4.376925|
+-----------------------------------------------------------------------------+
|   Time_Iter|  Inner_Iter|    rms[Rho]|   rms[RhoE]|      rms[k]|      rms[w]|
+-----------------------------------------------------------------------------+
|        5363|           0|   -1.466402|    4.444774|    2.138234|    4.410340|
|        5363|          25|   -5.835538|    0.815358|   -1.041689|    4.382534|
|        5363|          29|   -5.948168|    0.726031|   -1.137683|    4.374300|
+-----------------------------------------------------------------------------+
|   Time_Iter|  Inner_Iter|    rms[Rho]|   rms[RhoE]|      rms[k]|      rms[w]|
+-----------------------------------------------------------------------------+
|        5364|           0|   -1.466396|    4.444717|    2.138204|    4.408002|
|        5364|          25|   -5.835372|    0.816772|   -1.041306|    4.379636|
|        5364|          29|   -5.947946|    0.727278|   -1.137291|    4.371279|
+-----------------------------------------------------------------------------+
|   Time_Iter|  Inner_Iter|    rms[Rho]|   rms[RhoE]|      rms[k]|      rms[w]|
+-----------------------------------------------------------------------------+
|        5365|           0|   -1.466389|    4.444661|    2.138091|    4.405317|
|        5365|          25|   -5.835182|    0.818187|   -1.040948|    4.376767|
|        5365|          29|   -5.947702|    0.728530|   -1.136887|    4.368351|
+-----------------------------------------------------------------------------+
|   Time_Iter|  Inner_Iter|    rms[Rho]|   rms[RhoE]|      rms[k]|      rms[w]|
+-----------------------------------------------------------------------------+
|        5366|           0|   -1.466383|    4.444608|    2.137955|    4.402729|
|        5366|          25|   -5.834968|    0.819605|   -1.040806|    4.373901|
|        5366|          29|   -5.947432|    0.729789|   -1.136764|    4.365407|
+-----------------------------------------------------------------------------+
|   Time_Iter|  Inner_Iter|    rms[Rho]|   rms[RhoE]|      rms[k]|      rms[w]|
+-----------------------------------------------------------------------------+
|        5367|           0|   -1.466377|    4.444555|    2.137805|    4.400126|
|        5367|          25|   -5.834726|    0.821029|   -1.040206|    4.371100|
|        5367|          29|   -5.947133|    0.731058|   -1.136108|    4.362522|
+-----------------------------------------------------------------------------+
|   Time_Iter|  Inner_Iter|    rms[Rho]|   rms[RhoE]|      rms[k]|      rms[w]|
+-----------------------------------------------------------------------------+
|        5368|           0|   -1.466371|    4.444504|    2.137663|    4.397565|
|        5368|          25|   -5.834453|    0.822464|   -1.039851|    4.368364|
|        5368|          29|   -5.946801|    0.732346|   -1.135725|    4.359730|
+-----------------------------------------------------------------------------+
|   Time_Iter|  Inner_Iter|    rms[Rho]|   rms[RhoE]|      rms[k]|      rms[w]|
+-----------------------------------------------------------------------------+
|        5369|           0|   -1.466365|    4.444452|    2.137528|    4.395100|
|        5369|          25|   -5.834148|    0.823910|   -1.039474|    4.365816|
|        5369|          29|   -5.946436|    0.733649|   -1.135381|    4.357123|
+-----------------------------------------------------------------------------+
|   Time_Iter|  Inner_Iter|    rms[Rho]|   rms[RhoE]|      rms[k]|      rms[w]|
+-----------------------------------------------------------------------------+
|        5370|           0|   -1.466359|    4.444398|    2.137384|    4.392797|
|        5370|          25|   -5.833811|    0.825367|   -1.038819|    4.363407|
|        5370|          29|   -5.946037|    0.734967|   -1.134506|    4.354636|
+-----------------------------------------------------------------------+
|        File Writing Summary       |              Filename             |
+-----------------------------------------------------------------------+
|Paraview ASCII surface             |wall_npr20_production_cfl2_i30_from520_05370.vtk|
|CSV file                           |wall_npr20_production_cfl2_i30_from520_05370.csv|
+-----------------------------------------------------------------------+
+-----------------------------------------------------------------------------+
|   Time_Iter|  Inner_Iter|    rms[Rho]|   rms[RhoE]|      rms[k]|      rms[w]|
+-----------------------------------------------------------------------------+
|        5371|           0|   -1.466353|    4.444342|    2.137188|    4.390607|
|        5371|          25|   -5.833445|    0.826827|   -1.038786|    4.361219|
|        5371|          29|   -5.945609|    0.736285|   -1.134586|    4.352473|
+-----------------------------------------------------------------------------+
|   Time_Iter|  Inner_Iter|    rms[Rho]|   rms[RhoE]|      rms[k]|      rms[w]|
+-----------------------------------------------------------------------------+
|        5372|           0|   -1.466347|    4.444284|    2.136988|    4.388715|
|        5372|          25|   -5.833050|    0.828284|   -1.037295|    4.358965|
|        5372|          29|   -5.945156|    0.737600|   -1.132644|    4.350012|
+-----------------------------------------------------------------------------+
|   Time_Iter|  Inner_Iter|    rms[Rho]|   rms[RhoE]|      rms[k]|      rms[w]|
+-----------------------------------------------------------------------------+
|        5373|           0|   -1.466341|    4.444216|    2.136801|    4.386516|
|        5373|          25|   -5.832625|    0.829750|   -1.038028|    4.356199|
|        5373|          29|   -5.944671|    0.738927|   -1.133877|    4.347138|
+-----------------------------------------------------------------------------+
|   Time_Iter|  Inner_Iter|    rms[Rho]|   rms[RhoE]|      rms[k]|      rms[w]|
+-----------------------------------------------------------------------------+
|        5374|           0|   -1.466336|    4.444145|    2.136646|    4.383989|
|        5374|          25|   -5.832167|    0.831229|   -1.037621|    4.353503|
|        5374|          29|   -5.944151|    0.740274|   -1.133426|    4.344376|
+-----------------------------------------------------------------------------+
|   Time_Iter|  Inner_Iter|    rms[Rho]|   rms[RhoE]|      rms[k]|      rms[w]|
+-----------------------------------------------------------------------------+
|        5375|           0|   -1.466330|    4.444080|    2.136531|    4.381572|
|        5375|          25|   -5.831676|    0.832724|   -1.036978|    4.351021|
|        5375|          29|   -5.943596|    0.741646|   -1.132629|    4.341836|
+-----------------------------------------------------------------------------+
|   Time_Iter|  Inner_Iter|    rms[Rho]|   rms[RhoE]|      rms[k]|      rms[w]|
+-----------------------------------------------------------------------------+
|        5376|           0|   -1.466324|    4.444019|    2.136389|    4.379353|
|        5376|          25|   -5.831153|    0.834234|   -1.036996|    4.348760|
|        5376|          29|   -5.943007|    0.743041|   -1.132791|    4.339522|
+-----------------------------------------------------------------------------+
|   Time_Iter|  Inner_Iter|    rms[Rho]|   rms[RhoE]|      rms[k]|      rms[w]|
+-----------------------------------------------------------------------------+
|        5377|           0|   -1.466319|    4.443960|    2.136265|    4.377334|
|        5377|          25|   -5.830598|    0.835761|   -1.036681|    4.346705|
|        5377|          29|   -5.942383|    0.744460|   -1.132514|    4.337412|
+-----------------------------------------------------------------------------+
|   Time_Iter|  Inner_Iter|    rms[Rho]|   rms[RhoE]|      rms[k]|      rms[w]|
+-----------------------------------------------------------------------------+
|        5378|           0|   -1.466313|    4.443901|    2.136149|    4.375492|
|        5378|          25|   -5.830012|    0.837301|   -1.036236|    4.344801|
|        5378|          29|   -5.941727|    0.745902|   -1.131986|    4.335449|
+-----------------------------------------------------------------------------+
|   Time_Iter|  Inner_Iter|    rms[Rho]|   rms[RhoE]|      rms[k]|      rms[w]|
+-----------------------------------------------------------------------------+
|        5379|           0|   -1.466307|    4.443844|    2.136056|    4.373781|
|        5379|          25|   -5.829398|    0.838852|   -1.035859|    4.343026|
|        5379|          29|   -5.941041|    0.747365|   -1.131607|    4.333628|
+-----------------------------------------------------------------------------+
|   Time_Iter|  Inner_Iter|    rms[Rho]|   rms[RhoE]|      rms[k]|      rms[w]|
+-----------------------------------------------------------------------------+
|        5380|           0|   -1.466301|    4.443787|    2.135990|    4.372194|
|        5380|          25|   -5.828754|    0.840416|   -1.035466|    4.341411|
|        5380|          29|   -5.940325|    0.748848|   -1.131187|    4.331963|
+-----------------------------------------------------------------------+
|        File Writing Summary       |              Filename             |
+-----------------------------------------------------------------------+
|Paraview ASCII surface             |wall_npr20_production_cfl2_i30_from520_05380.vtk|
|CSV file                           |wall_npr20_production_cfl2_i30_from520_05380.csv|
+-----------------------------------------------------------------------+
+-----------------------------------------------------------------------------+
|   Time_Iter|  Inner_Iter|    rms[Rho]|   rms[RhoE]|      rms[k]|      rms[w]|
+-----------------------------------------------------------------------------+
|        5381|           0|   -1.466295|    4.443729|    2.135938|    4.370737|
|        5381|          25|   -5.828085|    0.841987|   -1.035104|    4.339915|
|        5381|          29|   -5.939584|    0.750345|   -1.130803|    4.330420|
+-----------------------------------------------------------------------------+
|   Time_Iter|  Inner_Iter|    rms[Rho]|   rms[RhoE]|      rms[k]|      rms[w]|
+-----------------------------------------------------------------------------+
|        5382|           0|   -1.466289|    4.443663|    2.135821|    4.369384|
|        5382|          25|   -5.827392|    0.843563|   -1.034637|    4.338513|
|        5382|          29|   -5.938819|    0.751854|   -1.130288|    4.328965|
+-----------------------------------------------------------------------------+
|   Time_Iter|  Inner_Iter|    rms[Rho]|   rms[RhoE]|      rms[k]|      rms[w]|
+-----------------------------------------------------------------------------+
|        5383|           0|   -1.466283|    4.443596|    2.135672|    4.368103|
|        5383|          25|   -5.826675|    0.845140|   -1.034001|    4.337095|
|        5383|          29|   -5.938032|    0.753366|   -1.129488|    4.327472|
+-----------------------------------------------------------------------------+
|   Time_Iter|  Inner_Iter|    rms[Rho]|   rms[RhoE]|      rms[k]|      rms[w]|
+-----------------------------------------------------------------------------+
|        5384|           0|   -1.466277|    4.443529|    2.135511|    4.366785|
|        5384|          25|   -5.825937|    0.846716|   -1.033930|    4.335626|
|        5384|          29|   -5.937226|    0.754879|   -1.129487|    4.325937|
+-----------------------------------------------------------------------------+
|   Time_Iter|  Inner_Iter|    rms[Rho]|   rms[RhoE]|      rms[k]|      rms[w]|
+-----------------------------------------------------------------------------+
|        5385|           0|   -1.466271|    4.443463|    2.135362|    4.365431|
|        5385|          25|   -5.825178|    0.848290|   -1.033517|    4.334063|
|        5385|          29|   -5.936402|    0.756392|   -1.129131|    4.324300|
+-----------------------------------------------------------------------------+
|   Time_Iter|  Inner_Iter|    rms[Rho]|   rms[RhoE]|      rms[k]|      rms[w]|
+-----------------------------------------------------------------------------+
|        5386|           0|   -1.466264|    4.443398|    2.135234|    4.363986|
|        5386|          25|   -5.824399|    0.849864|   -1.033035|    4.332471|
|        5386|          29|   -5.935558|    0.757909|   -1.128586|    4.322649|
+-----------------------------------------------------------------------------+
|   Time_Iter|  Inner_Iter|    rms[Rho]|   rms[RhoE]|      rms[k]|      rms[w]|
+-----------------------------------------------------------------------------+
|        5387|           0|   -1.466258|    4.443332|    2.135098|    4.362533|
|        5387|          25|   -5.823599|    0.851440|   -1.032752|    4.331004|
|        5387|          29|   -5.934694|    0.759428|   -1.128320|    4.321126|
+-----------------------------------------------------------------------------+
|   Time_Iter|  Inner_Iter|    rms[Rho]|   rms[RhoE]|      rms[k]|      rms[w]|
+-----------------------------------------------------------------------------+
|        5388|           0|   -1.466252|    4.443268|    2.134916|    4.361188|
|        5388|          25|   -5.822780|    0.853015|   -1.032301|    4.329455|
|        5388|          29|   -5.933811|    0.760950|   -1.127834|    4.319509|
+-----------------------------------------------------------------------------+
|   Time_Iter|  Inner_Iter|    rms[Rho]|   rms[RhoE]|      rms[k]|      rms[w]|
+-----------------------------------------------------------------------------+
|        5389|           0|   -1.466246|    4.443206|    2.134729|    4.359764|
|        5389|          25|   -5.821939|    0.854593|   -1.031678|    4.328035|
|        5389|          29|   -5.932907|    0.762475|   -1.127001|    4.318028|
+-----------------------------------------------------------------------------+
|   Time_Iter|  Inner_Iter|    rms[Rho]|   rms[RhoE]|      rms[k]|      rms[w]|
+-----------------------------------------------------------------------------+
|        5390|           0|   -1.466241|    4.443144|    2.134550|    4.358452|
|        5390|          25|   -5.821077|    0.856174|   -1.031575|    4.326641|
|        5390|          29|   -5.931982|    0.764003|   -1.127040|    4.316590|
+-----------------------------------------------------------------------+
|        File Writing Summary       |              Filename             |
+-----------------------------------------------------------------------+
|Paraview ASCII surface             |wall_npr20_production_cfl2_i30_from520_05390.vtk|
|CSV file                           |wall_npr20_production_cfl2_i30_from520_05390.csv|
+-----------------------------------------------------------------------+
+-----------------------------------------------------------------------------+
|   Time_Iter|  Inner_Iter|    rms[Rho]|   rms[RhoE]|      rms[k]|      rms[w]|
+-----------------------------------------------------------------------------+
|        5391|           0|   -1.466235|    4.443081|    2.134397|    4.357190|
|        5391|          25|   -5.820196|    0.857754|   -1.031150|    4.325340|
|        5391|          29|   -5.931036|    0.765532|   -1.126579|    4.315232|
+-----------------------------------------------------------------------------+
|   Time_Iter|  Inner_Iter|    rms[Rho]|   rms[RhoE]|      rms[k]|      rms[w]|
+-----------------------------------------------------------------------------+
|        5392|           0|   -1.466229|    4.443019|    2.134284|    4.355994|
|        5392|          25|   -5.819296|    0.859335|   -1.030328|    4.324048|
|        5392|          29|   -5.930072|    0.767060|   -1.126249|    4.313876|
+-----------------------------------------------------------------------------+
|   Time_Iter|  Inner_Iter|    rms[Rho]|   rms[RhoE]|      rms[k]|      rms[w]|
+-----------------------------------------------------------------------------+
|        5393|           0|   -1.466224|    4.442958|    2.134150|    4.354802|
|        5393|          25|   -5.818378|    0.860917|   -1.030356|    4.322786|
|        5393|          29|   -5.929087|    0.768592|   -1.125725|    4.312561|
+-----------------------------------------------------------------------------+
|   Time_Iter|  Inner_Iter|    rms[Rho]|   rms[RhoE]|      rms[k]|      rms[w]|
+-----------------------------------------------------------------------------+
|        5394|           0|   -1.466218|    4.442899|    2.134033|    4.353649|
|        5394|          25|   -5.817443|    0.862502|   -1.029718|    4.321645|
|        5394|          29|   -5.928085|    0.770128|   -1.124934|    4.311377|
+-----------------------------------------------------------------------------+
|   Time_Iter|  Inner_Iter|    rms[Rho]|   rms[RhoE]|      rms[k]|      rms[w]|
+-----------------------------------------------------------------------------+
|        5395|           0|   -1.466213|    4.442841|    2.133923|    4.352612|
|        5395|          25|   -5.816495|    0.864087|   -1.029524|    4.320632|
|        5395|          29|   -5.927068|    0.771667|   -1.124834|    4.310322|
+-----------------------------------------------------------------------------+
|   Time_Iter|  Inner_Iter|    rms[Rho]|   rms[RhoE]|      rms[k]|      rms[w]|
+-----------------------------------------------------------------------------+
|        5396|           0|   -1.466208|    4.442784|    2.133824|    4.351685|
|        5396|          25|   -5.815534|    0.865670|   -1.029142|    4.319718|
|        5396|          29|   -5.926038|    0.773206|   -1.124412|    4.309364|
+-----------------------------------------------------------------------------+
|   Time_Iter|  Inner_Iter|    rms[Rho]|   rms[RhoE]|      rms[k]|      rms[w]|
+-----------------------------------------------------------------------------+
|        5397|           0|   -1.466203|    4.442729|    2.133747|    4.350844|
|        5397|          25|   -5.814562|    0.867248|   -1.027001|    4.318893|
|        5397|          29|   -5.924997|    0.774740|   -1.121325|    4.308496|
+-----------------------------------------------------------------------------+
|   Time_Iter|  Inner_Iter|    rms[Rho]|   rms[RhoE]|      rms[k]|      rms[w]|
+-----------------------------------------------------------------------------+
|        5398|           0|   -1.466199|    4.442675|    2.133681|    4.350082|
|        5398|          25|   -5.813584|    0.868816|   -1.028345|    4.318277|
|        5398|          29|   -5.923950|    0.776265|   -1.123564|    4.307845|
+-----------------------------------------------------------------------------+
|   Time_Iter|  Inner_Iter|    rms[Rho]|   rms[RhoE]|      rms[k]|      rms[w]|
+-----------------------------------------------------------------------------+
|        5399|           0|   -1.466194|    4.442620|    2.133576|    4.349503|
|        5399|          25|   -5.812601|    0.870370|   -1.028019|    4.317466|
|        5399|          29|   -5.922900|    0.777774|   -1.123218|    4.306952|
+-----------------------------------------------------------------------+
|        File Writing Summary       |              Filename             |
+-----------------------------------------------------------------------+
|SU2 binary restart                 |restart_npr20_production_cfl2_i30_from520_05399.dat|
+-----------------------------------------------------------------------+
+-----------------------------------------------------------------------------+
|   Time_Iter|  Inner_Iter|    rms[Rho]|   rms[RhoE]|      rms[k]|      rms[w]|
+-----------------------------------------------------------------------------+
|        5400|           0|   -1.466190|    4.442565|    2.133438|    4.348717|
|        5400|          25|   -5.811616|    0.871909|   -1.017943|    4.316529|
|        5400|          29|   -5.921848|    0.779267|   -1.108025|    4.305940|
+-----------------------------------------------------------------------+
|        File Writing Summary       |              Filename             |
+-----------------------------------------------------------------------+
|SU2 binary restart                 |restart_npr20_production_cfl2_i30_from520_05400.dat|
|Paraview ASCII                     |flow_npr20_production_cfl2_i30_from520_05400.vtk|
|Paraview ASCII surface             |wall_npr20_production_cfl2_i30_from520_05400.vtk|
|CSV file                           |wall_npr20_production_cfl2_i30_from520_05400.csv|
+-----------------------------------------------------------------------+
+-----------------------------------------------------------------------------+
|   Time_Iter|  Inner_Iter|    rms[Rho]|   rms[RhoE]|      rms[k]|      rms[w]|
+-----------------------------------------------------------------------------+
|        5401|           0|   -1.466186|    4.442513|    2.133282|    4.347835|
|        5401|          25|   -5.810630|    0.873434|   -1.027353|    4.315572|
|        5401|          29|   -5.920795|    0.780746|   -1.122415|    4.304940|
+-----------------------------------------------------------------------------+
|   Time_Iter|  Inner_Iter|    rms[Rho]|   rms[RhoE]|      rms[k]|      rms[w]|
+-----------------------------------------------------------------------------+
|        5402|           0|   -1.466182|    4.442462|    2.133131|    4.346969|
|        5402|          25|   -5.809644|    0.874945|   -1.026887|    4.314656|
|        5402|          29|   -5.919742|    0.782212|   -1.122023|    4.303961|
+-----------------------------------------------------------------------------+
|   Time_Iter|  Inner_Iter|    rms[Rho]|   rms[RhoE]|      rms[k]|      rms[w]|
+-----------------------------------------------------------------------------+
|        5403|           0|   -1.466178|    4.442412|    2.133003|    4.346119|
|        5403|          25|   -5.808658|    0.876442|   -1.026451|    4.313676|
|        5403|          29|   -5.918691|    0.783666|   -1.121508|    4.302908|
+-----------------------------------------------------------------------------+
|   Time_Iter|  Inner_Iter|    rms[Rho]|   rms[RhoE]|      rms[k]|      rms[w]|
+-----------------------------------------------------------------------------+
|        5404|           0|   -1.466175|    4.442362|    2.132867|    4.345208|
|        5404|          25|   -5.807674|    0.877928|   -1.026107|    4.312630|
|        5404|          29|   -5.917641|    0.785109|   -1.120649|    4.301795|
+-----------------------------------------------------------------------------+
|   Time_Iter|  Inner_Iter|    rms[Rho]|   rms[RhoE]|      rms[k]|      rms[w]|
+-----------------------------------------------------------------------------+
|        5405|           0|   -1.466170|    4.442316|    2.132675|    4.344250|
|        5405|          25|   -5.806690|    0.879406|   -1.025612|    4.311604|
|        5405|          29|   -5.916590|    0.786546|   -1.120676|    4.300712|
+-----------------------------------------------------------------------------+
|   Time_Iter|  Inner_Iter|    rms[Rho]|   rms[RhoE]|      rms[k]|      rms[w]|
+-----------------------------------------------------------------------------+
|        5406|           0|   -1.466166|    4.442272|    2.132485|    4.343319|
|        5406|          25|   -5.805706|    0.880877|   -1.025235|    4.310633|
|        5406|          29|   -5.915539|    0.787979|   -1.120162|    4.299677|
+-----------------------------------------------------------------------------+
|   Time_Iter|  Inner_Iter|    rms[Rho]|   rms[RhoE]|      rms[k]|      rms[w]|
+-----------------------------------------------------------------------------+
|        5407|           0|   -1.466161|    4.442229|    2.132303|    4.342427|
|        5407|          25|   -5.804726|    0.882340|   -1.024835|    4.309687|
|        5407|          29|   -5.914491|    0.789404|   -1.119727|    4.298655|
+-----------------------------------------------------------------------------+
|   Time_Iter|  Inner_Iter|    rms[Rho]|   rms[RhoE]|      rms[k]|      rms[w]|
+-----------------------------------------------------------------------------+
|        5408|           0|   -1.466156|    4.442187|    2.132148|    4.341542|
|        5408|          25|   -5.803748|    0.883796|   -1.024399|    4.308529|
|        5408|          29|   -5.913445|    0.790820|   -1.119252|    4.297403|
+-----------------------------------------------------------------------------+
|   Time_Iter|  Inner_Iter|    rms[Rho]|   rms[RhoE]|      rms[k]|      rms[w]|
+-----------------------------------------------------------------------------+
|        5409|           0|   -1.466152|    4.442143|    2.132022|    4.340463|
|        5409|          25|   -5.802773|    0.885243|   -1.024026|    4.307260|
|        5409|          29|   -5.912402|    0.792229|   -1.118856|    4.296050|
+-----------------------------------------------------------------------------+
|   Time_Iter|  Inner_Iter|    rms[Rho]|   rms[RhoE]|      rms[k]|      rms[w]|
+-----------------------------------------------------------------------------+
|        5410|           0|   -1.466147|    4.442097|    2.131876|    4.339305|
|        5410|          25|   -5.801803|    0.886684|   -1.023267|    4.305962|
|        5410|          29|   -5.911363|    0.793629|   -1.117982|    4.294673|
+-----------------------------------------------------------------------+
|        File Writing Summary       |              Filename             |
+-----------------------------------------------------------------------+
|Paraview ASCII surface             |wall_npr20_production_cfl2_i30_from520_05410.vtk|
|CSV file                           |wall_npr20_production_cfl2_i30_from520_05410.csv|
+-----------------------------------------------------------------------+
+-----------------------------------------------------------------------------+
|   Time_Iter|  Inner_Iter|    rms[Rho]|   rms[RhoE]|      rms[k]|      rms[w]|
+-----------------------------------------------------------------------------+
|        5411|           0|   -1.466143|    4.442045|    2.131740|    4.338128|
|        5411|          25|   -5.800837|    0.888116|   -1.023196|    4.304648|
|        5411|          29|   -5.910327|    0.795020|   -1.117887|    4.293273|
+-----------------------------------------------------------------------------+
|   Time_Iter|  Inner_Iter|    rms[Rho]|   rms[RhoE]|      rms[k]|      rms[w]|
+-----------------------------------------------------------------------------+
|        5412|           0|   -1.466139|    4.441990|    2.131618|    4.336933|
|        5412|          25|   -5.799877|    0.889538|   -1.022768|    4.303277|
|        5412|          29|   -5.909296|    0.796399|   -1.117430|    4.291811|
+-----------------------------------------------------------------------------+
|   Time_Iter|  Inner_Iter|    rms[Rho]|   rms[RhoE]|      rms[k]|      rms[w]|
+-----------------------------------------------------------------------------+
|        5413|           0|   -1.466134|    4.441933|    2.131511|    4.335692|
|        5413|          25|   -5.798925|    0.890949|   -1.022112|    4.301864|
|        5413|          29|   -5.908271|    0.797765|   -1.116665|    4.290309|
+-----------------------------------------------------------------------------+
|   Time_Iter|  Inner_Iter|    rms[Rho]|   rms[RhoE]|      rms[k]|      rms[w]|
+-----------------------------------------------------------------------------+
|        5414|           0|   -1.466130|    4.441878|    2.131427|    4.334422|
|        5414|          25|   -5.797981|    0.892349|   -1.022012|    4.300455|
|        5414|          29|   -5.907253|    0.799120|   -1.116625|    4.288815|
+-----------------------------------------------------------------------------+
|   Time_Iter|  Inner_Iter|    rms[Rho]|   rms[RhoE]|      rms[k]|      rms[w]|
+-----------------------------------------------------------------------------+
|        5415|           0|   -1.466125|    4.441821|    2.131351|    4.333164|
|        5415|          25|   -5.797047|    0.893737|   -1.021580|    4.298940|
|        5415|          29|   -5.906244|    0.800463|   -1.116135|    4.287188|
+-----------------------------------------------------------------------------+
|   Time_Iter|  Inner_Iter|    rms[Rho]|   rms[RhoE]|      rms[k]|      rms[w]|
+-----------------------------------------------------------------------------+
|        5416|           0|   -1.466121|    4.441765|    2.131254|    4.331801|
|        5416|          25|   -5.796125|    0.895114|   -1.021158|    4.297442|
|        5416|          29|   -5.905244|    0.801797|   -1.115679|    4.285606|
+-----------------------------------------------------------------------------+
|   Time_Iter|  Inner_Iter|    rms[Rho]|   rms[RhoE]|      rms[k]|      rms[w]|
+-----------------------------------------------------------------------------+
|        5417|           0|   -1.466116|    4.441713|    2.131109|    4.330473|
|        5417|          25|   -5.795218|    0.896478|   -1.020718|    4.295906|
|        5417|          29|   -5.904258|    0.803119|   -1.115179|    4.283972|
+-----------------------------------------------------------------------------+
|   Time_Iter|  Inner_Iter|    rms[Rho]|   rms[RhoE]|      rms[k]|      rms[w]|
+-----------------------------------------------------------------------------+
|        5418|           0|   -1.466111|    4.441667|    2.130942|    4.329104|
|        5418|          25|   -5.794327|    0.897828|   -1.020273|    4.294398|
|        5418|          29|   -5.903287|    0.804430|   -1.114657|    4.282384|
+-----------------------------------------------------------------------------+
|   Time_Iter|  Inner_Iter|    rms[Rho]|   rms[RhoE]|      rms[k]|      rms[w]|
+-----------------------------------------------------------------------------+
|        5419|           0|   -1.466106|    4.441623|    2.130779|    4.327775|
|        5419|          25|   -5.793454|    0.899164|   -1.019864|    4.293008|
|        5419|          29|   -5.902333|    0.805729|   -1.114254|    4.280914|
+-----------------------------------------------------------------------------+
|   Time_Iter|  Inner_Iter|    rms[Rho]|   rms[RhoE]|      rms[k]|      rms[w]|
+-----------------------------------------------------------------------------+
|        5420|           0|   -1.466102|    4.441580|    2.130625|    4.326542|
|        5420|          25|   -5.792601|    0.900486|   -1.019623|    4.291636|
|        5420|          29|   -5.901399|    0.807014|   -1.113948|    4.279427|
+-----------------------------------------------------------------------+
|        File Writing Summary       |              Filename             |
+-----------------------------------------------------------------------+
|Paraview ASCII surface             |wall_npr20_production_cfl2_i30_from520_05420.vtk|
|CSV file                           |wall_npr20_production_cfl2_i30_from520_05420.csv|
+-----------------------------------------------------------------------+
+-----------------------------------------------------------------------------+
|   Time_Iter|  Inner_Iter|    rms[Rho]|   rms[RhoE]|      rms[k]|      rms[w]|
+-----------------------------------------------------------------------------+
|        5421|           0|   -1.466097|    4.441538|    2.130491|    4.325289|
|        5421|          25|   -5.791768|    0.901792|   -1.019083|    4.290039|
|        5421|          29|   -5.900486|    0.808283|   -1.113421|    4.277682|
+-----------------------------------------------------------------------------+
|   Time_Iter|  Inner_Iter|    rms[Rho]|   rms[RhoE]|      rms[k]|      rms[w]|
+-----------------------------------------------------------------------------+
|        5422|           0|   -1.466093|    4.441496|    2.130302|    4.323818|
|        5422|          25|   -5.790958|    0.903081|   -1.018678|    4.288100|
|        5422|          29|   -5.899596|    0.809533|   -1.112874|    4.275575|
+-----------------------------------------------------------------------------+
|   Time_Iter|  Inner_Iter|    rms[Rho]|   rms[RhoE]|      rms[k]|      rms[w]|
+-----------------------------------------------------------------------------+
|        5423|           0|   -1.466089|    4.441455|    2.130119|    4.322041|
|        5423|          25|   -5.790169|    0.904356|   -1.018229|    4.285847|
|        5423|          29|   -5.898726|    0.810770|   -1.112454|    4.273188|
+-----------------------------------------------------------------------------+
|   Time_Iter|  Inner_Iter|    rms[Rho]|   rms[RhoE]|      rms[k]|      rms[w]|
+-----------------------------------------------------------------------------+
|        5424|           0|   -1.466085|    4.441415|    2.129943|    4.320049|
|        5424|          25|   -5.789399|    0.905621|   -1.017831|    4.283622|
|        5424|          29|   -5.897874|    0.811999|   -1.111961|    4.270839|
+-----------------------------------------------------------------------------+
|   Time_Iter|  Inner_Iter|    rms[Rho]|   rms[RhoE]|      rms[k]|      rms[w]|
+-----------------------------------------------------------------------------+
|        5425|           0|   -1.466081|    4.441376|    2.129784|    4.318087|
|        5425|          25|   -5.788646|    0.906881|   -1.017427|    4.281393|
|        5425|          29|   -5.897038|    0.813224|   -1.111498|    4.268480|
+-----------------------------------------------------------------------------+
|   Time_Iter|  Inner_Iter|    rms[Rho]|   rms[RhoE]|      rms[k]|      rms[w]|
+-----------------------------------------------------------------------------+
|        5426|           0|   -1.466077|    4.441335|    2.129651|    4.316117|
|        5426|          25|   -5.787910|    0.908140|   -1.016992|    4.279229|
|        5426|          29|   -5.896214|    0.814451|   -1.110997|    4.266201|
+-----------------------------------------------------------------------------+
|   Time_Iter|  Inner_Iter|    rms[Rho]|   rms[RhoE]|      rms[k]|      rms[w]|
+-----------------------------------------------------------------------------+
|        5427|           0|   -1.466073|    4.441295|    2.129504|    4.314224|
|        5427|          25|   -5.787187|    0.909400|   -1.016613|    4.277194|
|        5427|          29|   -5.895400|    0.815684|   -1.110579|    4.264057|
+-----------------------------------------------------------------------------+
|   Time_Iter|  Inner_Iter|    rms[Rho]|   rms[RhoE]|      rms[k]|      rms[w]|
+-----------------------------------------------------------------------------+
|        5428|           0|   -1.466070|    4.441256|    2.129373|    4.312446|
|        5428|          25|   -5.786477|    0.910662|   -1.015515|    4.275303|
|        5428|          29|   -5.894596|    0.816921|   -1.109266|    4.262063|
+-----------------------------------------------------------------------------+
|   Time_Iter|  Inner_Iter|    rms[Rho]|   rms[RhoE]|      rms[k]|      rms[w]|
+-----------------------------------------------------------------------------+
|        5429|           0|   -1.466067|    4.441218|    2.129258|    4.310793|
|        5429|          25|   -5.785781|    0.911926|   -1.015649|    4.273581|
|        5429|          29|   -5.893804|    0.818165|   -1.109475|    4.260250|
+-----------------------------------------------------------------------------+
|   Time_Iter|  Inner_Iter|    rms[Rho]|   rms[RhoE]|      rms[k]|      rms[w]|
+-----------------------------------------------------------------------------+
|        5430|           0|   -1.466064|    4.441185|    2.129152|    4.309291|
|        5430|          25|   -5.785100|    0.913191|   -1.015300|    4.272034|
|        5430|          29|   -5.893023|    0.819413|   -1.109099|    4.258611|
+-----------------------------------------------------------------------+
|        File Writing Summary       |              Filename             |
+-----------------------------------------------------------------------+
|Paraview ASCII surface             |wall_npr20_production_cfl2_i30_from520_05430.vtk|
|CSV file                           |wall_npr20_production_cfl2_i30_from520_05430.csv|
+-----------------------------------------------------------------------+
+-----------------------------------------------------------------------------+
|   Time_Iter|  Inner_Iter|    rms[Rho]|   rms[RhoE]|      rms[k]|      rms[w]|
+-----------------------------------------------------------------------------+
|        5431|           0|   -1.466060|    4.441155|    2.129058|    4.307936|
|        5431|          25|   -5.784435|    0.914456|   -1.014969|    4.270567|
|        5431|          29|   -5.892257|    0.820662|   -1.108687|    4.257037|
+-----------------------------------------------------------------------------+
|   Time_Iter|  Inner_Iter|    rms[Rho]|   rms[RhoE]|      rms[k]|      rms[w]|
+-----------------------------------------------------------------------------+
|        5432|           0|   -1.466058|    4.441128|    2.128978|    4.306634|
|        5432|          25|   -5.783787|    0.915719|   -1.014483|    4.268956|
|        5432|          29|   -5.891507|    0.821910|   -1.108160|    4.255292|
+-----------------------------------------------------------------------------+
|   Time_Iter|  Inner_Iter|    rms[Rho]|   rms[RhoE]|      rms[k]|      rms[w]|
+-----------------------------------------------------------------------------+
|        5433|           0|   -1.466055|    4.441104|    2.128888|    4.305195|
|        5433|          25|   -5.783158|    0.916975|   -1.013969|    4.267304|
|        5433|          29|   -5.890776|    0.823152|   -1.107583|    4.253507|
+-----------------------------------------------------------------------------+
|   Time_Iter|  Inner_Iter|    rms[Rho]|   rms[RhoE]|      rms[k]|      rms[w]|
+-----------------------------------------------------------------------------+
|        5434|           0|   -1.466052|    4.441082|    2.128742|    4.303722|
|        5434|          25|   -5.782548|    0.918224|   -1.013548|    4.265505|
|        5434|          29|   -5.890063|    0.824388|   -1.107127|    4.251565|
+-----------------------------------------------------------------------------+
|   Time_Iter|  Inner_Iter|    rms[Rho]|   rms[RhoE]|      rms[k]|      rms[w]|
+-----------------------------------------------------------------------------+
|        5435|           0|   -1.466050|    4.441068|    2.128577|    4.302116|
|        5435|          25|   -5.781957|    0.919465|   -1.013218|    4.263592|
|        5435|          29|   -5.889369|    0.825617|   -1.106768|    4.249508|
+-----------------------------------------------------------------------------+
|   Time_Iter|  Inner_Iter|    rms[Rho]|   rms[RhoE]|      rms[k]|      rms[w]|
+-----------------------------------------------------------------------------+
|        5436|           0|   -1.466047|    4.441059|    2.128399|    4.300417|
|        5436|          25|   -5.781383|    0.920698|   -1.012763|    4.261602|
|        5436|          29|   -5.888692|    0.826841|   -1.106293|    4.247374|
+-----------------------------------------------------------------------------+
|   Time_Iter|  Inner_Iter|    rms[Rho]|   rms[RhoE]|      rms[k]|      rms[w]|
+-----------------------------------------------------------------------------+
|        5437|           0|   -1.466044|    4.441054|    2.128234|    4.298653|
|        5437|          25|   -5.780827|    0.921925|   -1.012277|    4.259591|
|        5437|          29|   -5.888030|    0.828059|   -1.105740|    4.245224|
+-----------------------------------------------------------------------------+
|   Time_Iter|  Inner_Iter|    rms[Rho]|   rms[RhoE]|      rms[k]|      rms[w]|
+-----------------------------------------------------------------------------+
|        5438|           0|   -1.466041|    4.441054|    2.128089|    4.296881|
|        5438|          25|   -5.780285|    0.923145|   -1.011769|    4.257621|
|        5438|          29|   -5.887382|    0.829272|   -1.105136|    4.243151|
+-----------------------------------------------------------------------------+
|   Time_Iter|  Inner_Iter|    rms[Rho]|   rms[RhoE]|      rms[k]|      rms[w]|
+-----------------------------------------------------------------------------+
|        5439|           0|   -1.466038|    4.441058|    2.127901|    4.295170|
|        5439|          25|   -5.779757|    0.924359|   -1.011326|    4.255944|
|        5439|          29|   -5.886747|    0.830480|   -1.104683|    4.241364|
+-----------------------------------------------------------------------------+
|   Time_Iter|  Inner_Iter|    rms[Rho]|   rms[RhoE]|      rms[k]|      rms[w]|
+-----------------------------------------------------------------------------+
|        5440|           0|   -1.466035|    4.441070|    2.127719|    4.293683|
|        5440|          25|   -5.779241|    0.925568|   -1.010906|    4.254279|
|        5440|          29|   -5.886122|    0.831686|   -1.104147|    4.239585|
+-----------------------------------------------------------------------+
|        File Writing Summary       |              Filename             |
+-----------------------------------------------------------------------+
|Paraview ASCII surface             |wall_npr20_production_cfl2_i30_from520_05440.vtk|
|CSV file                           |wall_npr20_production_cfl2_i30_from520_05440.csv|
+-----------------------------------------------------------------------+
+-----------------------------------------------------------------------------+
|   Time_Iter|  Inner_Iter|    rms[Rho]|   rms[RhoE]|      rms[k]|      rms[w]|
+-----------------------------------------------------------------------------+
|        5441|           0|   -1.466031|    4.441086|    2.127540|    4.292204|
|        5441|          25|   -5.778735|    0.926776|   -1.010477|    4.252750|
|        5441|          29|   -5.885506|    0.832891|   -1.103752|    4.237942|
+-----------------------------------------------------------------------------+
|   Time_Iter|  Inner_Iter|    rms[Rho]|   rms[RhoE]|      rms[k]|      rms[w]|
+-----------------------------------------------------------------------------+
|        5442|           0|   -1.466028|    4.441105|    2.127387|    4.290843|
|        5442|          25|   -5.778237|    0.927983|   -1.010066|    4.251299|
|        5442|          29|   -5.884897|    0.834096|   -1.103358|    4.236372|
+-----------------------------------------------------------------------------+
|   Time_Iter|  Inner_Iter|    rms[Rho]|   rms[RhoE]|      rms[k]|      rms[w]|
+-----------------------------------------------------------------------------+
|        5443|           0|   -1.466025|    4.441124|    2.127271|    4.289546|
|        5443|          25|   -5.777748|    0.929191|   -1.009565|    4.249865|
|        5443|          29|   -5.884294|    0.835304|   -1.102662|    4.234815|
+-----------------------------------------------------------------------------+
|   Time_Iter|  Inner_Iter|    rms[Rho]|   rms[RhoE]|      rms[k]|      rms[w]|
+-----------------------------------------------------------------------------+
|        5444|           0|   -1.466021|    4.441142|    2.127127|    4.288264|
|        5444|          25|   -5.777266|    0.930402|   -1.009165|    4.248431|
|        5444|          29|   -5.883697|    0.836516|   -1.102288|    4.233263|
+-----------------------------------------------------------------------------+
|   Time_Iter|  Inner_Iter|    rms[Rho]|   rms[RhoE]|      rms[k]|      rms[w]|
+-----------------------------------------------------------------------------+
|        5445|           0|   -1.466018|    4.441154|    2.126998|    4.286990|
|        5445|          25|   -5.776790|    0.931617|   -1.008176|    4.247035|
|        5445|          29|   -5.883105|    0.837734|   -1.100972|    4.231755|
+-----------------------------------------------------------------------------+
|   Time_Iter|  Inner_Iter|    rms[Rho]|   rms[RhoE]|      rms[k]|      rms[w]|
+-----------------------------------------------------------------------------+
|        5446|           0|   -1.466015|    4.441151|    2.126880|    4.285754|
|        5446|          25|   -5.776319|    0.932836|   -1.008199|    4.245719|
|        5446|          29|   -5.882517|    0.838959|   -1.101247|    4.230337|
+-----------------------------------------------------------------------------+
|   Time_Iter|  Inner_Iter|    rms[Rho]|   rms[RhoE]|      rms[k]|      rms[w]|
+-----------------------------------------------------------------------------+
|        5447|           0|   -1.466012|    4.441123|    2.126766|    4.284591|
|        5447|          25|   -5.775852|    0.934058|   -1.007751|    4.244507|
|        5447|          29|   -5.881932|    0.840188|   -1.100678|    4.229029|
+-----------------------------------------------------------------------------+
|   Time_Iter|  Inner_Iter|    rms[Rho]|   rms[RhoE]|      rms[k]|      rms[w]|
+-----------------------------------------------------------------------------+
|        5448|           0|   -1.466010|    4.441084|    2.126648|    4.283519|
|        5448|          25|   -5.775393|    0.935281|   -1.007179|    4.243384|
|        5448|          29|   -5.881354|    0.841418|   -1.100173|    4.227806|
+-----------------------------------------------------------------------------+
|   Time_Iter|  Inner_Iter|    rms[Rho]|   rms[RhoE]|      rms[k]|      rms[w]|
+-----------------------------------------------------------------------------+
|        5449|           0|   -1.466007|    4.441041|    2.126538|    4.282506|
|        5449|          25|   -5.774939|    0.936502|   -1.006674|    4.242288|
|        5449|          29|   -5.880782|    0.842648|   -1.099591|    4.226606|
+-----------------------------------------------------------------------+
|        File Writing Summary       |              Filename             |
+-----------------------------------------------------------------------+
|SU2 binary restart                 |restart_npr20_production_cfl2_i30_from520_05449.dat|
+-----------------------------------------------------------------------+
+-----------------------------------------------------------------------------+
|   Time_Iter|  Inner_Iter|    rms[Rho]|   rms[RhoE]|      rms[k]|      rms[w]|
+-----------------------------------------------------------------------------+
|        5450|           0|   -1.466004|    4.440999|    2.126431|    4.281506|
|        5450|          25|   -5.774490|    0.937721|   -1.006357|    4.241151|
|        5450|          29|   -5.880214|    0.843874|   -1.099161|    4.225346|
+-----------------------------------------------------------------------+
|        File Writing Summary       |              Filename             |
+-----------------------------------------------------------------------+
|SU2 binary restart                 |restart_npr20_production_cfl2_i30_from520_05450.dat|
|Paraview ASCII surface             |wall_npr20_production_cfl2_i30_from520_05450.vtk|
|CSV file                           |wall_npr20_production_cfl2_i30_from520_05450.csv|
+-----------------------------------------------------------------------+
+-----------------------------------------------------------------------------+
|   Time_Iter|  Inner_Iter|    rms[Rho]|   rms[RhoE]|      rms[k]|      rms[w]|
+-----------------------------------------------------------------------------+
|        5451|           0|   -1.466002|    4.440954|    2.126300|    4.280459|
|        5451|          25|   -5.774045|    0.938937|   -0.999073|    4.239864|
|        5451|          29|   -5.879651|    0.845096|   -1.088413|    4.223928|
+-----------------------------------------------------------------------------+
|   Time_Iter|  Inner_Iter|    rms[Rho]|   rms[RhoE]|      rms[k]|      rms[w]|
+-----------------------------------------------------------------------------+
|        5452|           0|   -1.465999|    4.440912|    2.126135|    4.279290|
|        5452|          25|   -5.773603|    0.940149|   -1.005194|    4.238572|
|        5452|          29|   -5.879091|    0.846314|   -1.097892|    4.222523|
+-----------------------------------------------------------------------------+
|   Time_Iter|  Inner_Iter|    rms[Rho]|   rms[RhoE]|      rms[k]|      rms[w]|
+-----------------------------------------------------------------------------+
|        5453|           0|   -1.465997|    4.440871|    2.125952|    4.278132|
|        5453|          25|   -5.773163|    0.941357|   -1.004751|    4.237255|
|        5453|          29|   -5.878534|    0.847529|   -1.097454|    4.221082|
+-----------------------------------------------------------------------------+
|   Time_Iter|  Inner_Iter|    rms[Rho]|   rms[RhoE]|      rms[k]|      rms[w]|
+-----------------------------------------------------------------------------+
|        5454|           0|   -1.465994|    4.440836|    2.125770|    4.276943|
|        5454|          25|   -5.772723|    0.942564|   -1.004248|    4.235924|
|        5454|          29|   -5.877977|    0.848741|   -1.096910|    4.219633|
+-----------------------------------------------------------------------------+
|   Time_Iter|  Inner_Iter|    rms[Rho]|   rms[RhoE]|      rms[k]|      rms[w]|
+-----------------------------------------------------------------------------+
|        5455|           0|   -1.465992|    4.440808|    2.125608|    4.275751|
|        5455|          25|   -5.772282|    0.943769|   -1.003724|    4.234658|
|        5455|          29|   -5.877418|    0.849953|   -1.096335|    4.218267|
+-----------------------------------------------------------------------------+
|   Time_Iter|  Inner_Iter|    rms[Rho]|   rms[RhoE]|      rms[k]|      rms[w]|
+-----------------------------------------------------------------------------+
|        5456|           0|   -1.465989|    4.440784|    2.125429|    4.274626|
|        5456|          25|   -5.771839|    0.944977|   -1.003116|    4.233537|
|        5456|          29|   -5.876857|    0.851168|   -1.095658|    4.217059|
+-----------------------------------------------------------------------------+
|   Time_Iter|  Inner_Iter|    rms[Rho]|   rms[RhoE]|      rms[k]|      rms[w]|
+-----------------------------------------------------------------------------+
|        5457|           0|   -1.465987|    4.440764|    2.125235|    4.273626|
|        5457|          25|   -5.771391|    0.946188|   -1.002716|    4.232550|
|        5457|          29|   -5.876290|    0.852386|   -1.095248|    4.215982|
+-----------------------------------------------------------------------------+
|   Time_Iter|  Inner_Iter|    rms[Rho]|   rms[RhoE]|      rms[k]|      rms[w]|
+-----------------------------------------------------------------------------+
|        5458|           0|   -1.465984|    4.440749|    2.125046|    4.272731|
|        5458|          25|   -5.770937|    0.947403|   -1.002190|    4.231597|
|        5458|          29|   -5.875716|    0.853608|   -1.094696|    4.214927|
+-----------------------------------------------------------------------------+
|   Time_Iter|  Inner_Iter|    rms[Rho]|   rms[RhoE]|      rms[k]|      rms[w]|
+-----------------------------------------------------------------------------+
|        5459|           0|   -1.465982|    4.440740|    2.124879|    4.271858|
|        5459|          25|   -5.770476|    0.948621|   -1.001692|    4.230631|
|        5459|          29|   -5.875137|    0.854834|   -1.094104|    4.213865|
+-----------------------------------------------------------------------------+
|   Time_Iter|  Inner_Iter|    rms[Rho]|   rms[RhoE]|      rms[k]|      rms[w]|
+-----------------------------------------------------------------------------+
|        5460|           0|   -1.465980|    4.440735|    2.124740|    4.270974|
|        5460|          25|   -5.770009|    0.949843|   -1.001126|    4.229610|
|        5460|          29|   -5.874551|    0.856064|   -1.093476|    4.212732|
+-----------------------------------------------------------------------+
|        File Writing Summary       |              Filename             |
+-----------------------------------------------------------------------+
|Paraview ASCII surface             |wall_npr20_production_cfl2_i30_from520_05460.vtk|
|CSV file                           |wall_npr20_production_cfl2_i30_from520_05460.csv|
+-----------------------------------------------------------------------+
+-----------------------------------------------------------------------------+
|   Time_Iter|  Inner_Iter|    rms[Rho]|   rms[RhoE]|      rms[k]|      rms[w]|
+-----------------------------------------------------------------------------+
|        5461|           0|   -1.465977|    4.440733|    2.124601|    4.270033|
|        5461|          25|   -5.769535|    0.951070|   -1.000619|    4.228564|
|        5461|          29|   -5.873957|    0.857300|   -1.092925|    4.211583|
+-----------------------------------------------------------------------------+
|   Time_Iter|  Inner_Iter|    rms[Rho]|   rms[RhoE]|      rms[k]|      rms[w]|
+-----------------------------------------------------------------------------+
|        5462|           0|   -1.465976|    4.440734|    2.124481|    4.269081|
|        5462|          25|   -5.769047|    0.952299|   -1.000124|    4.227530|
|        5462|          29|   -5.873351|    0.858539|   -1.092389|    4.210444|
+-----------------------------------------------------------------------------+
|   Time_Iter|  Inner_Iter|    rms[Rho]|   rms[RhoE]|      rms[k]|      rms[w]|
+-----------------------------------------------------------------------------+
|        5463|           0|   -1.465974|    4.440737|    2.124349|    4.268134|
|        5463|          25|   -5.768553|    0.953530|   -0.999698|    4.226426|
|        5463|          29|   -5.872740|    0.859781|   -1.091854|    4.209212|
+-----------------------------------------------------------------------------+
|   Time_Iter|  Inner_Iter|    rms[Rho]|   rms[RhoE]|      rms[k]|      rms[w]|
+-----------------------------------------------------------------------------+
|        5464|           0|   -1.465972|    4.440740|    2.124230|    4.267111|
|        5464|          25|   -5.768053|    0.954762|   -0.999095|    4.225288|
|        5464|          29|   -5.872123|    0.861023|   -1.091252|    4.207964|
+-----------------------------------------------------------------------------+
|   Time_Iter|  Inner_Iter|    rms[Rho]|   rms[RhoE]|      rms[k]|      rms[w]|
+-----------------------------------------------------------------------------+
|        5465|           0|   -1.465970|    4.440742|    2.124102|    4.266079|
|        5465|          25|   -5.767548|    0.955991|   -0.998576|    4.224183|
|        5465|          29|   -5.871500|    0.862265|   -1.090705|    4.206757|
+-----------------------------------------------------------------------------+
|   Time_Iter|  Inner_Iter|    rms[Rho]|   rms[RhoE]|      rms[k]|      rms[w]|
+-----------------------------------------------------------------------------+
|        5466|           0|   -1.465969|    4.440745|    2.123977|    4.265082|
|        5466|          25|   -5.767038|    0.957217|   -0.998021|    4.223118|
|        5466|          29|   -5.870874|    0.863504|   -1.090115|    4.205583|
+-----------------------------------------------------------------------------+
|   Time_Iter|  Inner_Iter|    rms[Rho]|   rms[RhoE]|      rms[k]|      rms[w]|
+-----------------------------------------------------------------------------+
|        5467|           0|   -1.465968|    4.440750|    2.123861|    4.264113|
|        5467|          25|   -5.766525|    0.958440|   -0.997459|    4.222040|
|        5467|          29|   -5.870243|    0.864740|   -1.089515|    4.204391|
+-----------------------------------------------------------------------------+
|   Time_Iter|  Inner_Iter|    rms[Rho]|   rms[RhoE]|      rms[k]|      rms[w]|
+-----------------------------------------------------------------------------+
|        5468|           0|   -1.465966|    4.440753|    2.123749|    4.263133|
|        5468|          25|   -5.766007|    0.959657|   -0.996945|    4.220955|
|        5468|          29|   -5.869609|    0.865970|   -1.088956|    4.203195|
+-----------------------------------------------------------------------------+
|   Time_Iter|  Inner_Iter|    rms[Rho]|   rms[RhoE]|      rms[k]|      rms[w]|
+-----------------------------------------------------------------------------+
|        5469|           0|   -1.465965|    4.440751|    2.123612|    4.262153|
|        5469|          25|   -5.765483|    0.960871|   -0.996193|    4.219876|
|        5469|          29|   -5.868969|    0.867197|   -1.088074|    4.202008|
+-----------------------------------------------------------------------------+
|   Time_Iter|  Inner_Iter|    rms[Rho]|   rms[RhoE]|      rms[k]|      rms[w]|
+-----------------------------------------------------------------------------+
|        5470|           0|   -1.465963|    4.440744|    2.123453|    4.261181|
|        5470|          25|   -5.764952|    0.962084|   -0.995541|    4.218824|
|        5470|          29|   -5.868323|    0.868423|   -1.087302|    4.200847|
+-----------------------------------------------------------------------+
|        File Writing Summary       |              Filename             |
+-----------------------------------------------------------------------+
|Paraview ASCII surface             |wall_npr20_production_cfl2_i30_from520_05470.vtk|
|CSV file                           |wall_npr20_production_cfl2_i30_from520_05470.csv|
+-----------------------------------------------------------------------+
+-----------------------------------------------------------------------------+
|   Time_Iter|  Inner_Iter|    rms[Rho]|   rms[RhoE]|      rms[k]|      rms[w]|
+-----------------------------------------------------------------------------+
|        5471|           0|   -1.465962|    4.440741|    2.123279|    4.260231|
|        5471|          25|   -5.764411|    0.963298|   -0.994956|    4.217764|
|        5471|          29|   -5.867668|    0.869649|   -1.086572|    4.199668|
+-----------------------------------------------------------------------------+
|   Time_Iter|  Inner_Iter|    rms[Rho]|   rms[RhoE]|      rms[k]|      rms[w]|
+-----------------------------------------------------------------------------+
|        5472|           0|   -1.465960|    4.440751|    2.123105|    4.259266|
|        5472|          25|   -5.763859|    0.964514|   -0.994812|    4.216605|
|        5472|          29|   -5.867003|    0.870876|   -1.086610|    4.198367|
+-----------------------------------------------------------------------------+
|   Time_Iter|  Inner_Iter|    rms[Rho]|   rms[RhoE]|      rms[k]|      rms[w]|
+-----------------------------------------------------------------------------+
|        5473|           0|   -1.465959|    4.440767|    2.122945|    4.258205|
|        5473|          25|   -5.763295|    0.965734|   -0.985621|    4.215280|
|        5473|          29|   -5.866327|    0.872107|   -1.073392|    4.196885|
+-----------------------------------------------------------------------------+
|   Time_Iter|  Inner_Iter|    rms[Rho]|   rms[RhoE]|      rms[k]|      rms[w]|
+-----------------------------------------------------------------------------+
|        5474|           0|   -1.465957|    4.440779|    2.122736|    4.257002|
|        5474|          25|   -5.762718|    0.966962|   -0.993842|    4.213827|
|        5474|          29|   -5.865639|    0.873345|   -1.085526|    4.195293|
+-----------------------------------------------------------------------------+
|   Time_Iter|  Inner_Iter|    rms[Rho]|   rms[RhoE]|      rms[k]|      rms[w]|
+-----------------------------------------------------------------------------+
|        5475|           0|   -1.465955|    4.440793|    2.122538|    4.255720|
|        5475|          25|   -5.762126|    0.968197|   -0.993271|    4.212440|
|        5475|          29|   -5.864937|    0.874591|   -1.084919|    4.193786|
+-----------------------------------------------------------------------------+
|   Time_Iter|  Inner_Iter|    rms[Rho]|   rms[RhoE]|      rms[k]|      rms[w]|
+-----------------------------------------------------------------------------+
|        5476|           0|   -1.465953|    4.440809|    2.122347|    4.254505|
|        5476|          25|   -5.761519|    0.969442|   -0.992746|    4.211200|
|        5476|          29|   -5.864220|    0.875848|   -1.084272|    4.192441|
+-----------------------------------------------------------------------------+
|   Time_Iter|  Inner_Iter|    rms[Rho]|   rms[RhoE]|      rms[k]|      rms[w]|
+-----------------------------------------------------------------------------+
|        5477|           0|   -1.465951|    4.440822|    2.122188|    4.253417|
|        5477|          25|   -5.760899|    0.970693|   -0.992190|    4.210102|
|        5477|          29|   -5.863491|    0.877111|   -1.083630|    4.191238|
+-----------------------------------------------------------------------------+
|   Time_Iter|  Inner_Iter|    rms[Rho]|   rms[RhoE]|      rms[k]|      rms[w]|
+-----------------------------------------------------------------------------+
|        5478|           0|   -1.465949|    4.440831|    2.122040|    4.252442|
|        5478|          25|   -5.760269|    0.971948|   -0.991650|    4.209050|
|        5478|          29|   -5.862751|    0.878379|   -1.083054|    4.190070|
+-----------------------------------------------------------------------------+
|   Time_Iter|  Inner_Iter|    rms[Rho]|   rms[RhoE]|      rms[k]|      rms[w]|
+-----------------------------------------------------------------------------+
|        5479|           0|   -1.465946|    4.440837|    2.121910|    4.251493|
|        5479|          25|   -5.759629|    0.973205|   -0.989808|    4.207930|
|        5479|          29|   -5.862003|    0.879648|   -1.080496|    4.188816|
+-----------------------------------------------------------------------------+
|   Time_Iter|  Inner_Iter|    rms[Rho]|   rms[RhoE]|      rms[k]|      rms[w]|
+-----------------------------------------------------------------------------+
|        5480|           0|   -1.465944|    4.440844|    2.121796|    4.250476|
|        5480|          25|   -5.758981|    0.974460|   -0.990668|    4.206709|
|        5480|          29|   -5.861248|    0.880916|   -1.082040|    4.187448|
+-----------------------------------------------------------------------+
|        File Writing Summary       |              Filename             |
+-----------------------------------------------------------------------+
|Paraview ASCII surface             |wall_npr20_production_cfl2_i30_from520_05480.vtk|
|CSV file                           |wall_npr20_production_cfl2_i30_from520_05480.csv|
+-----------------------------------------------------------------------+
+-----------------------------------------------------------------------------+
|   Time_Iter|  Inner_Iter|    rms[Rho]|   rms[RhoE]|      rms[k]|      rms[w]|
+-----------------------------------------------------------------------------+
|        5481|           0|   -1.465943|    4.440855|    2.121697|    4.249375|
|        5481|          25|   -5.758329|    0.975710|   -0.990117|    4.205443|
|        5481|          29|   -5.860489|    0.882178|   -1.081396|    4.186043|
+-----------------------------------------------------------------------------+
|   Time_Iter|  Inner_Iter|    rms[Rho]|   rms[RhoE]|      rms[k]|      rms[w]|
+-----------------------------------------------------------------------------+
|        5482|           0|   -1.465941|    4.440870|    2.121576|    4.248246|
|        5482|          25|   -5.757670|    0.976954|   -0.989517|    4.204225|
|        5482|          29|   -5.859725|    0.883436|   -1.080736|    4.184704|
+-----------------------------------------------------------------------------+
|   Time_Iter|  Inner_Iter|    rms[Rho]|   rms[RhoE]|      rms[k]|      rms[w]|
+-----------------------------------------------------------------------------+
|        5483|           0|   -1.465939|    4.440892|    2.121456|    4.247170|
|        5483|          25|   -5.757008|    0.978192|   -0.989003|    4.203107|
|        5483|          29|   -5.858958|    0.884687|   -1.079745|    4.183467|
+-----------------------------------------------------------------------------+
|   Time_Iter|  Inner_Iter|    rms[Rho]|   rms[RhoE]|      rms[k]|      rms[w]|
+-----------------------------------------------------------------------------+
|        5484|           0|   -1.465937|    4.440923|    2.121329|    4.246172|
|        5484|          25|   -5.756342|    0.979423|   -0.988425|    4.202041|
|        5484|          29|   -5.858187|    0.885932|   -1.079530|    4.182272|
+-----------------------------------------------------------------------------+
|   Time_Iter|  Inner_Iter|    rms[Rho]|   rms[RhoE]|      rms[k]|      rms[w]|
+-----------------------------------------------------------------------------+
|        5485|           0|   -1.465935|    4.440961|    2.121208|    4.245205|
|        5485|          25|   -5.755671|    0.980649|   -0.987855|    4.200934|
|        5485|          29|   -5.857413|    0.887171|   -1.078916|    4.181020|
+-----------------------------------------------------------------------------+
|   Time_Iter|  Inner_Iter|    rms[Rho]|   rms[RhoE]|      rms[k]|      rms[w]|
+-----------------------------------------------------------------------------+
|        5486|           0|   -1.465933|    4.441001|    2.121088|    4.244194|
|        5486|          25|   -5.754996|    0.981871|   -0.987295|    4.199768|
|        5486|          29|   -5.856636|    0.888407|   -1.078301|    4.179708|
+-----------------------------------------------------------------------------+
|   Time_Iter|  Inner_Iter|    rms[Rho]|   rms[RhoE]|      rms[k]|      rms[w]|
+-----------------------------------------------------------------------------+
|        5487|           0|   -1.465930|    4.441039|    2.120947|    4.243136|
|        5487|          25|   -5.754314|    0.983092|   -0.986721|    4.198486|
|        5487|          29|   -5.855853|    0.889642|   -1.077672|    4.178258|
+-----------------------------------------------------------------------------+
|   Time_Iter|  Inner_Iter|    rms[Rho]|   rms[RhoE]|      rms[k]|      rms[w]|
+-----------------------------------------------------------------------------+
|        5488|           0|   -1.465928|    4.441071|    2.120775|    4.241973|
|        5488|          25|   -5.753625|    0.984317|   -0.986150|    4.197135|
|        5488|          29|   -5.855063|    0.890881|   -1.077042|    4.176750|
+-----------------------------------------------------------------------------+
|   Time_Iter|  Inner_Iter|    rms[Rho]|   rms[RhoE]|      rms[k]|      rms[w]|
+-----------------------------------------------------------------------------+
|        5489|           0|   -1.465926|    4.441085|    2.120589|    4.240770|
|        5489|          25|   -5.752924|    0.985550|   -0.985527|    4.195791|
|        5489|          29|   -5.854262|    0.892129|   -1.076335|    4.175252|
+-----------------------------------------------------------------------------+
|   Time_Iter|  Inner_Iter|    rms[Rho]|   rms[RhoE]|      rms[k]|      rms[w]|
+-----------------------------------------------------------------------------+
|        5490|           0|   -1.465924|    4.441088|    2.120403|    4.239575|
|        5490|          25|   -5.752211|    0.986793|   -0.985119|    4.194487|
|        5490|          29|   -5.853449|    0.893387|   -1.075922|    4.173799|
+-----------------------------------------------------------------------+
|        File Writing Summary       |              Filename             |
+-----------------------------------------------------------------------+
|Paraview ASCII surface             |wall_npr20_production_cfl2_i30_from520_05490.vtk|
|CSV file                           |wall_npr20_production_cfl2_i30_from520_05490.csv|
+-----------------------------------------------------------------------+
+-----------------------------------------------------------------------------+
|   Time_Iter|  Inner_Iter|    rms[Rho]|   rms[RhoE]|      rms[k]|      rms[w]|
+-----------------------------------------------------------------------------+
|        5491|           0|   -1.465922|    4.441077|    2.120219|    4.238413|
|        5491|          25|   -5.751487|    0.988047|   -0.984611|    4.193222|
|        5491|          29|   -5.852625|    0.894657|   -1.075346|    4.172385|
+-----------------------------------------------------------------------------+
|   Time_Iter|  Inner_Iter|    rms[Rho]|   rms[RhoE]|      rms[k]|      rms[w]|
+-----------------------------------------------------------------------------+
|        5492|           0|   -1.465921|    4.441058|    2.120012|    4.237284|
|        5492|          25|   -5.750750|    0.989313|   -0.984058|    4.191973|
|        5492|          29|   -5.851789|    0.895939|   -1.074744|    4.170985|
+-----------------------------------------------------------------------------+
|   Time_Iter|  Inner_Iter|    rms[Rho]|   rms[RhoE]|      rms[k]|      rms[w]|
+-----------------------------------------------------------------------------+
|        5493|           0|   -1.465920|    4.441034|    2.119817|    4.236168|
|        5493|          25|   -5.750002|    0.990589|   -0.983075|    4.190731|
|        5493|          29|   -5.850941|    0.897232|   -1.073698|    4.169595|
+-----------------------------------------------------------------------------+
|   Time_Iter|  Inner_Iter|    rms[Rho]|   rms[RhoE]|      rms[k]|      rms[w]|
+-----------------------------------------------------------------------------+
|        5494|           0|   -1.465919|    4.441009|    2.119632|    4.235065|
|        5494|          25|   -5.749243|    0.991876|   -0.982817|    4.189501|
|        5494|          29|   -5.850083|    0.898536|   -1.073420|    4.168220|
+-----------------------------------------------------------------------------+
|   Time_Iter|  Inner_Iter|    rms[Rho]|   rms[RhoE]|      rms[k]|      rms[w]|
+-----------------------------------------------------------------------------+
|        5495|           0|   -1.465918|    4.440985|    2.119474|    4.233973|
|        5495|          25|   -5.748474|    0.993170|   -0.982182|    4.188299|
|        5495|          29|   -5.849216|    0.899849|   -1.072699|    4.166863|
+-----------------------------------------------------------------------------+
|   Time_Iter|  Inner_Iter|    rms[Rho]|   rms[RhoE]|      rms[k]|      rms[w]|
+-----------------------------------------------------------------------------+
|        5496|           0|   -1.465917|    4.440963|    2.119320|    4.232898|
|        5496|          25|   -5.747697|    0.994470|   -0.981586|    4.187108|
|        5496|          29|   -5.848341|    0.901167|   -1.072074|    4.165518|
+-----------------------------------------------------------------------------+
|   Time_Iter|  Inner_Iter|    rms[Rho]|   rms[RhoE]|      rms[k]|      rms[w]|
+-----------------------------------------------------------------------------+
|        5497|           0|   -1.465916|    4.440945|    2.119183|    4.231836|
|        5497|          25|   -5.746914|    0.995772|   -0.980955|    4.185921|
|        5497|          29|   -5.847462|    0.902487|   -1.071400|    4.164177|
+-----------------------------------------------------------------------------+
|   Time_Iter|  Inner_Iter|    rms[Rho]|   rms[RhoE]|      rms[k]|      rms[w]|
+-----------------------------------------------------------------------------+
|        5498|           0|   -1.465915|    4.440933|    2.119063|    4.230778|
|        5498|          25|   -5.746127|    0.997075|   -0.980257|    4.184735|
|        5498|          29|   -5.846579|    0.903809|   -1.070663|    4.162832|
+-----------------------------------------------------------------------------+
|   Time_Iter|  Inner_Iter|    rms[Rho]|   rms[RhoE]|      rms[k]|      rms[w]|
+-----------------------------------------------------------------------------+
|        5499|           0|   -1.465914|    4.440927|    2.118956|    4.229719|
|        5499|          25|   -5.745335|    0.998379|   -0.979801|    4.183513|
|        5499|          29|   -5.845693|    0.905132|   -1.070083|    4.161422|
+-----------------------------------------------------------------------+
|        File Writing Summary       |              Filename             |
+-----------------------------------------------------------------------+
|SU2 binary restart                 |restart_npr20_production_cfl2_i30_from520_05499.dat|
+-----------------------------------------------------------------------+
+-----------------------------------------------------------------------------+
|   Time_Iter|  Inner_Iter|    rms[Rho]|   rms[RhoE]|      rms[k]|      rms[w]|
+-----------------------------------------------------------------------------+
|        5500|           0|   -1.465913|    4.440928|    2.118862|    4.228610|
|        5500|          25|   -5.744539|    0.999686|   -0.979115|    4.182182|
|        5500|          29|   -5.844802|    0.906459|   -1.069430|    4.159925|
+-----------------------------------------------------------------------+
|        File Writing Summary       |              Filename             |
+-----------------------------------------------------------------------+
|SU2 binary restart                 |restart_npr20_production_cfl2_i30_from520_05500.dat|
|Paraview ASCII                     |flow_npr20_production_cfl2_i30_from520_05500.vtk|
|Paraview ASCII surface             |wall_npr20_production_cfl2_i30_from520_05500.vtk|
|CSV file                           |wall_npr20_production_cfl2_i30_from520_05500.csv|
+-----------------------------------------------------------------------+
+-----------------------------------------------------------------------------+
|   Time_Iter|  Inner_Iter|    rms[Rho]|   rms[RhoE]|      rms[k]|      rms[w]|
+-----------------------------------------------------------------------------+
|        5501|           0|   -1.465912|    4.440931|    2.118739|    4.227443|
|        5501|          25|   -5.743737|    1.000998|   -0.978497|    4.180866|
|        5501|          29|   -5.843906|    0.907792|   -1.068741|    4.158435|
+-----------------------------------------------------------------------------+
|   Time_Iter|  Inner_Iter|    rms[Rho]|   rms[RhoE]|      rms[k]|      rms[w]|
+-----------------------------------------------------------------------------+
|        5502|           0|   -1.465912|    4.440925|    2.118614|    4.226283|
|        5502|          25|   -5.742928|    1.002317|   -0.977847|    4.179583|
|        5502|          29|   -5.843004|    0.909134|   -1.068062|    4.156983|
+-----------------------------------------------------------------------------+
|   Time_Iter|  Inner_Iter|    rms[Rho]|   rms[RhoE]|      rms[k]|      rms[w]|
+-----------------------------------------------------------------------------+
|        5503|           0|   -1.465911|    4.440917|    2.118487|    4.225154|
|        5503|          25|   -5.742111|    1.003647|   -0.977262|    4.178359|
|        5503|          29|   -5.842093|    0.910489|   -1.067420|    4.155592|
+-----------------------------------------------------------------------------+
|   Time_Iter|  Inner_Iter|    rms[Rho]|   rms[RhoE]|      rms[k]|      rms[w]|
+-----------------------------------------------------------------------------+
|        5504|           0|   -1.465910|    4.440910|    2.118359|    4.224072|
|        5504|          25|   -5.741284|    1.004991|   -0.976573|    4.177189|
|        5504|          29|   -5.841172|    0.911859|   -1.066687|    4.154258|
+-----------------------------------------------------------------------------+
|   Time_Iter|  Inner_Iter|    rms[Rho]|   rms[RhoE]|      rms[k]|      rms[w]|
+-----------------------------------------------------------------------------+
|        5505|           0|   -1.465909|    4.440900|    2.118222|    4.223037|
|        5505|          25|   -5.740446|    1.006352|   -0.975951|    4.176067|
|        5505|          29|   -5.840240|    0.913247|   -1.065963|    4.152977|
+-----------------------------------------------------------------------------+
|   Time_Iter|  Inner_Iter|    rms[Rho]|   rms[RhoE]|      rms[k]|      rms[w]|
+-----------------------------------------------------------------------------+
|        5506|           0|   -1.465908|    4.440892|    2.118056|    4.222043|
|        5506|          25|   -5.739595|    1.007733|   -0.975283|    4.175007|
|        5506|          29|   -5.839295|    0.914658|   -1.065315|    4.151762|
+-----------------------------------------------------------------------------+
|   Time_Iter|  Inner_Iter|    rms[Rho]|   rms[RhoE]|      rms[k]|      rms[w]|
+-----------------------------------------------------------------------------+
|        5507|           0|   -1.465907|    4.440886|    2.117886|    4.221100|
|        5507|          25|   -5.738730|    1.009138|   -0.974619|    4.173993|
|        5507|          29|   -5.838336|    0.916093|   -1.064588|    4.150591|
+-----------------------------------------------------------------------------+
|   Time_Iter|  Inner_Iter|    rms[Rho]|   rms[RhoE]|      rms[k]|      rms[w]|
+-----------------------------------------------------------------------------+
|        5508|           0|   -1.465906|    4.440881|    2.117711|    4.220191|
|        5508|          25|   -5.737852|    1.010566|   -0.974133|    4.172986|
|        5508|          29|   -5.837364|    0.917552|   -1.063997|    4.149428|
+-----------------------------------------------------------------------------+
|   Time_Iter|  Inner_Iter|    rms[Rho]|   rms[RhoE]|      rms[k]|      rms[w]|
+-----------------------------------------------------------------------------+
|        5509|           0|   -1.465905|    4.440879|    2.117534|    4.219290|
|        5509|          25|   -5.736960|    1.012017|   -0.973448|    4.171943|
|        5509|          29|   -5.836378|    0.919034|   -1.063393|    4.148218|
+-----------------------------------------------------------------------------+
|   Time_Iter|  Inner_Iter|    rms[Rho]|   rms[RhoE]|      rms[k]|      rms[w]|
+-----------------------------------------------------------------------------+
|        5510|           0|   -1.465904|    4.440879|    2.117335|    4.218351|
|        5510|          25|   -5.736055|    1.013489|   -0.972848|    4.170831|
|        5510|          29|   -5.835381|    0.920538|   -1.062648|    4.146916|
+-----------------------------------------------------------------------+
|        File Writing Summary       |              Filename             |
+-----------------------------------------------------------------------+
|Paraview ASCII surface             |wall_npr20_production_cfl2_i30_from520_05510.vtk|
|CSV file                           |wall_npr20_production_cfl2_i30_from520_05510.csv|
+-----------------------------------------------------------------------+
+-----------------------------------------------------------------------------+
|   Time_Iter|  Inner_Iter|    rms[Rho]|   rms[RhoE]|      rms[k]|      rms[w]|
+-----------------------------------------------------------------------------+
|        5511|           0|   -1.465903|    4.440881|    2.117143|    4.217346|
|        5511|          25|   -5.735139|    1.014983|   -0.972206|    4.169657|
|        5511|          29|   -5.834373|    0.922064|   -1.061907|    4.145560|
+-----------------------------------------------------------------------------+
|   Time_Iter|  Inner_Iter|    rms[Rho]|   rms[RhoE]|      rms[k]|      rms[w]|
+-----------------------------------------------------------------------------+
|        5512|           0|   -1.465902|    4.440887|    2.116962|    4.216303|
|        5512|          25|   -5.734213|    1.016495|   -0.971575|    4.168468|
|        5512|          29|   -5.833354|    0.923610|   -1.061261|    4.144191|
+-----------------------------------------------------------------------------+
|   Time_Iter|  Inner_Iter|    rms[Rho]|   rms[RhoE]|      rms[k]|      rms[w]|
+-----------------------------------------------------------------------------+
|        5513|           0|   -1.465901|    4.440895|    2.116789|    4.215252|
|        5513|          25|   -5.733279|    1.018025|   -0.964152|    4.167301|
|        5513|          29|   -5.832328|    0.925173|   -1.060623|    4.142848|
+-----------------------------------------------------------------------------+
|   Time_Iter|  Inner_Iter|    rms[Rho]|   rms[RhoE]|      rms[k]|      rms[w]|
+-----------------------------------------------------------------------------+
|        5514|           0|   -1.465900|    4.440903|    2.116631|    4.214222|
|        5514|          25|   -5.732338|    1.019568|   -0.970245|    4.166184|
|        5514|          29|   -5.831296|    0.926751|   -1.059866|    4.141561|
+-----------------------------------------------------------------------------+
|   Time_Iter|  Inner_Iter|    rms[Rho]|   rms[RhoE]|      rms[k]|      rms[w]|
+-----------------------------------------------------------------------------+
|        5515|           0|   -1.465899|    4.440911|    2.116484|    4.213236|
|        5515|          25|   -5.731393|    1.021122|   -0.969574|    4.165127|
|        5515|          29|   -5.830260|    0.928339|   -1.059104|    4.140338|
+-----------------------------------------------------------------------------+
|   Time_Iter|  Inner_Iter|    rms[Rho]|   rms[RhoE]|      rms[k]|      rms[w]|
+-----------------------------------------------------------------------------+
|        5516|           0|   -1.465898|    4.440918|    2.116357|    4.212299|
|        5516|          25|   -5.730447|    1.022682|   -0.969294|    4.164126|
|        5516|          29|   -5.829223|    0.929936|   -1.058818|    4.139173|
+-----------------------------------------------------------------------------+
|   Time_Iter|  Inner_Iter|    rms[Rho]|   rms[RhoE]|      rms[k]|      rms[w]|
+-----------------------------------------------------------------------------+
|        5517|           0|   -1.465898|    4.440925|    2.116243|    4.211409|
|        5517|          25|   -5.729500|    1.024250|   -0.968406|    4.163169|
|        5517|          29|   -5.828185|    0.931541|   -1.057872|    4.138051|
+-----------------------------------------------------------------------------+
|   Time_Iter|  Inner_Iter|    rms[Rho]|   rms[RhoE]|      rms[k]|      rms[w]|
+-----------------------------------------------------------------------------+
|        5518|           0|   -1.465898|    4.440930|    2.116147|    4.210553|
|        5518|          25|   -5.728553|    1.025823|   -0.967722|    4.162224|
|        5518|          29|   -5.827148|    0.933152|   -1.057142|    4.136932|
+-----------------------------------------------------------------------------+
|   Time_Iter|  Inner_Iter|    rms[Rho]|   rms[RhoE]|      rms[k]|      rms[w]|
+-----------------------------------------------------------------------------+
|        5519|           0|   -1.465898|    4.440933|    2.116065|    4.209703|
|        5519|          25|   -5.727607|    1.027401|   -0.967012|    4.161239|
|        5519|          29|   -5.826112|    0.934769|   -1.056398|    4.135762|
+-----------------------------------------------------------------------------+
|   Time_Iter|  Inner_Iter|    rms[Rho]|   rms[RhoE]|      rms[k]|      rms[w]|
+-----------------------------------------------------------------------------+
|        5520|           0|   -1.465898|    4.440937|    2.115946|    4.208819|
|        5520|          25|   -5.726662|    1.028985|   -0.966334|    4.160195|
|        5520|          29|   -5.825079|    0.936391|   -1.055680|    4.134527|
+-----------------------------------------------------------------------+
|        File Writing Summary       |              Filename             |
+-----------------------------------------------------------------------+
|Paraview ASCII surface             |wall_npr20_production_cfl2_i30_from520_05520.vtk|
|CSV file                           |wall_npr20_production_cfl2_i30_from520_05520.csv|
+-----------------------------------------------------------------------+
+-----------------------------------------------------------------------------+
|   Time_Iter|  Inner_Iter|    rms[Rho]|   rms[RhoE]|      rms[k]|      rms[w]|
+-----------------------------------------------------------------------------+
|        5521|           0|   -1.465897|    4.440943|    2.115832|    4.207897|
|        5521|          25|   -5.725718|    1.030575|   -0.965583|    4.159120|
|        5521|          29|   -5.824046|    0.938020|   -1.054875|    4.133270|
+-----------------------------------------------------------------------------+
|   Time_Iter|  Inner_Iter|    rms[Rho]|   rms[RhoE]|      rms[k]|      rms[w]|
+-----------------------------------------------------------------------------+
|        5522|           0|   -1.465896|    4.440950|    2.115704|    4.206944|
|        5522|          25|   -5.724773|    1.032174|   -0.964880|    4.158066|
|        5522|          29|   -5.823013|    0.939660|   -1.054134|    4.132030|
+-----------------------------------------------------------------------------+
|   Time_Iter|  Inner_Iter|    rms[Rho]|   rms[RhoE]|      rms[k]|      rms[w]|
+-----------------------------------------------------------------------------+
|        5523|           0|   -1.465896|    4.440955|    2.115576|    4.206004|
|        5523|          25|   -5.723827|    1.033787|   -0.964206|    4.157061|
|        5523|          29|   -5.821979|    0.941314|   -1.053409|    4.130847|
+-----------------------------------------------------------------------------+
|   Time_Iter|  Inner_Iter|    rms[Rho]|   rms[RhoE]|      rms[k]|      rms[w]|
+-----------------------------------------------------------------------------+
|        5524|           0|   -1.465896|    4.440959|    2.115425|    4.205107|
|        5524|          25|   -5.722879|    1.035414|   -0.963515|    4.156107|
|        5524|          29|   -5.820942|    0.942984|   -1.052652|    4.129719|
+-----------------------------------------------------------------------------+
|   Time_Iter|  Inner_Iter|    rms[Rho]|   rms[RhoE]|      rms[k]|      rms[w]|
+-----------------------------------------------------------------------------+
|        5525|           0|   -1.465895|    4.440962|    2.115266|    4.204247|
|        5525|          25|   -5.721928|    1.037056|   -0.962760|    4.155173|
|        5525|          29|   -5.819903|    0.944670|   -1.051841|    4.128609|
+-----------------------------------------------------------------------------+
|   Time_Iter|  Inner_Iter|    rms[Rho]|   rms[RhoE]|      rms[k]|      rms[w]|
+-----------------------------------------------------------------------------+
|        5526|           0|   -1.465895|    4.440964|    2.115092|    4.203399|
|        5526|          25|   -5.720975|    1.038711|   -0.962011|    4.154225|
|        5526|          29|   -5.818862|    0.946369|   -1.051054|    4.127481|
+-----------------------------------------------------------------------------+
|   Time_Iter|  Inner_Iter|    rms[Rho]|   rms[RhoE]|      rms[k]|      rms[w]|
+-----------------------------------------------------------------------------+
|        5527|           0|   -1.465894|    4.440964|    2.114916|    4.202540|
|        5527|          25|   -5.720021|    1.040378|   -0.961039|    4.153262|
|        5527|          29|   -5.817821|    0.948082|   -1.050195|    4.126341|
+-----------------------------------------------------------------------------+
|   Time_Iter|  Inner_Iter|    rms[Rho]|   rms[RhoE]|      rms[k]|      rms[w]|
+-----------------------------------------------------------------------------+
|        5528|           0|   -1.465895|    4.440959|    2.114709|    4.201674|
|        5528|          25|   -5.719067|    1.042057|   -0.960474|    4.152304|
|        5528|          29|   -5.816779|    0.949807|   -1.049446|    4.125208|
+-----------------------------------------------------------------------------+
|   Time_Iter|  Inner_Iter|    rms[Rho]|   rms[RhoE]|      rms[k]|      rms[w]|
+-----------------------------------------------------------------------------+
|        5529|           0|   -1.465895|    4.440947|    2.114510|    4.200815|
|        5529|          25|   -5.718117|    1.043739|   -0.959647|    4.151358|
|        5529|          29|   -5.815742|    0.951536|   -1.048580|    4.124086|
+-----------------------------------------------------------------------------+
|   Time_Iter|  Inner_Iter|    rms[Rho]|   rms[RhoE]|      rms[k]|      rms[w]|
+-----------------------------------------------------------------------------+
|        5530|           0|   -1.465895|    4.440937|    2.114319|    4.199965|
|        5530|          25|   -5.717174|    1.045421|   -0.958512|    4.150404|
|        5530|          29|   -5.814712|    0.953264|   -1.047720|    4.122953|
+-----------------------------------------------------------------------+
|        File Writing Summary       |              Filename             |
+-----------------------------------------------------------------------+
|Paraview ASCII surface             |wall_npr20_production_cfl2_i30_from520_05530.vtk|
|CSV file                           |wall_npr20_production_cfl2_i30_from520_05530.csv|
+-----------------------------------------------------------------------+
+-----------------------------------------------------------------------------+
|   Time_Iter|  Inner_Iter|    rms[Rho]|   rms[RhoE]|      rms[k]|      rms[w]|
+-----------------------------------------------------------------------------+
|        5531|           0|   -1.465894|    4.440931|    2.114129|    4.199110|
|        5531|          25|   -5.716240|    1.047097|   -0.958023|    4.149456|
|        5531|          29|   -5.813693|    0.954986|   -1.046900|    4.121828|
+-----------------------------------------------------------------------------+
|   Time_Iter|  Inner_Iter|    rms[Rho]|   rms[RhoE]|      rms[k]|      rms[w]|
+-----------------------------------------------------------------------------+
|        5532|           0|   -1.465894|    4.440923|    2.113959|    4.198262|
|        5532|          25|   -5.715318|    1.048762|   -0.957245|    4.148528|
|        5532|          29|   -5.812687|    0.956697|   -1.046256|    4.120727|
+-----------------------------------------------------------------------------+
|   Time_Iter|  Inner_Iter|    rms[Rho]|   rms[RhoE]|      rms[k]|      rms[w]|
+-----------------------------------------------------------------------------+
|        5533|           0|   -1.465895|    4.440914|    2.113808|    4.197434|
|        5533|          25|   -5.714410|    1.050415|   -0.956434|    4.147635|
|        5533|          29|   -5.811696|    0.958393|   -1.045236|    4.119661|
+-----------------------------------------------------------------------------+
|   Time_Iter|  Inner_Iter|    rms[Rho]|   rms[RhoE]|      rms[k]|      rms[w]|
+-----------------------------------------------------------------------------+
|        5534|           0|   -1.465895|    4.440904|    2.113671|    4.196634|
|        5534|          25|   -5.713515|    1.052055|   -0.955591|    4.146752|
|        5534|          29|   -5.810720|    0.960076|   -1.044358|    4.118598|
+-----------------------------------------------------------------------------+
|   Time_Iter|  Inner_Iter|    rms[Rho]|   rms[RhoE]|      rms[k]|      rms[w]|
+-----------------------------------------------------------------------------+
|        5535|           0|   -1.465895|    4.440893|    2.113551|    4.195838|
|        5535|          25|   -5.712634|    1.053682|   -0.954748|    4.145860|
|        5535|          29|   -5.809758|    0.961745|   -1.043467|    4.117534|
+-----------------------------------------------------------------------------+
|   Time_Iter|  Inner_Iter|    rms[Rho]|   rms[RhoE]|      rms[k]|      rms[w]|
+-----------------------------------------------------------------------------+
|        5536|           0|   -1.465896|    4.440880|    2.113439|    4.195045|
|        5536|          25|   -5.711764|    1.055301|   -0.953927|    4.144975|
|        5536|          29|   -5.808809|    0.963405|   -1.042610|    4.116469|
+-----------------------------------------------------------------------------+
|   Time_Iter|  Inner_Iter|    rms[Rho]|   rms[RhoE]|      rms[k]|      rms[w]|
+-----------------------------------------------------------------------------+
|        5537|           0|   -1.465896|    4.440866|    2.113346|    4.194251|
|        5537|          25|   -5.710903|    1.056914|   -0.953184|    4.144126|
|        5537|          29|   -5.807870|    0.965060|   -1.041767|    4.115445|
+-----------------------------------------------------------------------------+
|   Time_Iter|  Inner_Iter|    rms[Rho]|   rms[RhoE]|      rms[k]|      rms[w]|
+-----------------------------------------------------------------------------+
|        5538|           0|   -1.465897|    4.440854|    2.113269|    4.193491|
|        5538|          25|   -5.710047|    1.058528|   -0.952457|    4.143319|
|        5538|          29|   -5.806937|    0.966717|   -1.041027|    4.114468|
+-----------------------------------------------------------------------------+
|   Time_Iter|  Inner_Iter|    rms[Rho]|   rms[RhoE]|      rms[k]|      rms[w]|
+-----------------------------------------------------------------------------+
|        5539|           0|   -1.465897|    4.440845|    2.113158|    4.192765|
|        5539|          25|   -5.709194|    1.060148|   -0.951534|    4.142540|
|        5539|          29|   -5.806005|    0.968381|   -1.040053|    4.113519|
+-----------------------------------------------------------------------------+
|   Time_Iter|  Inner_Iter|    rms[Rho]|   rms[RhoE]|      rms[k]|      rms[w]|
+-----------------------------------------------------------------------------+
|        5540|           0|   -1.465897|    4.440838|    2.113040|    4.192061|
|        5540|          25|   -5.708341|    1.061777|   -0.950730|    4.141750|
|        5540|          29|   -5.805073|    0.970056|   -1.039203|    4.112554|
+-----------------------------------------------------------------------+
|        File Writing Summary       |              Filename             |
+-----------------------------------------------------------------------+
|Paraview ASCII surface             |wall_npr20_production_cfl2_i30_from520_05540.vtk|
|CSV file                           |wall_npr20_production_cfl2_i30_from520_05540.csv|
+-----------------------------------------------------------------------+
+-----------------------------------------------------------------------------+
|   Time_Iter|  Inner_Iter|    rms[Rho]|   rms[RhoE]|      rms[k]|      rms[w]|
+-----------------------------------------------------------------------------+
|        5541|           0|   -1.465897|    4.440833|    2.112900|    4.191346|
|        5541|          25|   -5.707487|    1.063416|   -0.949905|    4.140934|
|        5541|          29|   -5.804139|    0.971743|   -1.038328|    4.111564|
+-----------------------------------------------------------------------------+
|   Time_Iter|  Inner_Iter|    rms[Rho]|   rms[RhoE]|      rms[k]|      rms[w]|
+-----------------------------------------------------------------------------+
|        5542|           0|   -1.465897|    4.440833|    2.112763|    4.190614|
|        5542|          25|   -5.706632|    1.065063|   -0.943100|    4.140110|
|        5542|          29|   -5.803205|    0.973440|   -1.028539|    4.110572|
+-----------------------------------------------------------------------------+
|   Time_Iter|  Inner_Iter|    rms[Rho]|   rms[RhoE]|      rms[k]|      rms[w]|
+-----------------------------------------------------------------------------+
|        5543|           0|   -1.465898|    4.440831|    2.112602|    4.189880|
|        5543|          25|   -5.705780|    1.066714|   -0.948290|    4.139298|
|        5543|          29|   -5.802272|    0.975141|   -1.036611|    4.109599|
+-----------------------------------------------------------------------------+
|   Time_Iter|  Inner_Iter|    rms[Rho]|   rms[RhoE]|      rms[k]|      rms[w]|
+-----------------------------------------------------------------------------+
|        5544|           0|   -1.465898|    4.440831|    2.112426|    4.189158|
|        5544|          25|   -5.704932|    1.068363|   -0.947604|    4.138519|
|        5544|          29|   -5.801344|    0.976841|   -1.035863|    4.108658|
+-----------------------------------------------------------------------------+
|   Time_Iter|  Inner_Iter|    rms[Rho]|   rms[RhoE]|      rms[k]|      rms[w]|
+-----------------------------------------------------------------------------+
|        5545|           0|   -1.465899|    4.440836|    2.112248|    4.188462|
|        5545|          25|   -5.704092|    1.070003|   -0.946661|    4.137755|
|        5545|          29|   -5.800425|    0.978532|   -1.034877|    4.107733|
+-----------------------------------------------------------------------------+
|   Time_Iter|  Inner_Iter|    rms[Rho]|   rms[RhoE]|      rms[k]|      rms[w]|
+-----------------------------------------------------------------------------+
|        5546|           0|   -1.465899|    4.440843|    2.112056|    4.187776|
|        5546|          25|   -5.703265|    1.071629|   -0.945824|    4.136987|
|        5546|          29|   -5.799520|    0.980206|   -1.033983|    4.106798|
+-----------------------------------------------------------------------------+
|   Time_Iter|  Inner_Iter|    rms[Rho]|   rms[RhoE]|      rms[k]|      rms[w]|
+-----------------------------------------------------------------------------+
|        5547|           0|   -1.465900|    4.440843|    2.111852|    4.187086|
|        5547|          25|   -5.702452|    1.073235|   -0.938149|    4.136211|
|        5547|          29|   -5.798630|    0.981860|   -1.022889|    4.105852|
+-----------------------------------------------------------------------------+
|   Time_Iter|  Inner_Iter|    rms[Rho]|   rms[RhoE]|      rms[k]|      rms[w]|
+-----------------------------------------------------------------------------+
|        5548|           0|   -1.465901|    4.440830|    2.111655|    4.186391|
|        5548|          25|   -5.701654|    1.074818|   -0.944120|    4.135441|
|        5548|          29|   -5.797757|    0.983490|   -1.032166|    4.104919|
+-----------------------------------------------------------------------------+
|   Time_Iter|  Inner_Iter|    rms[Rho]|   rms[RhoE]|      rms[k]|      rms[w]|
+-----------------------------------------------------------------------------+
|        5549|           0|   -1.465901|    4.440817|    2.111461|    4.185707|
|        5549|          25|   -5.700871|    1.076381|   -0.943405|    4.134707|
|        5549|          29|   -5.796899|    0.985099|   -1.031385|    4.104016|
+-----------------------------------------------------------------------+
|        File Writing Summary       |              Filename             |
+-----------------------------------------------------------------------+
|SU2 binary restart                 |restart_npr20_production_cfl2_i30_from520_05549.dat|
+-----------------------------------------------------------------------+
+-----------------------------------------------------------------------------+
|   Time_Iter|  Inner_Iter|    rms[Rho]|   rms[RhoE]|      rms[k]|      rms[w]|
+-----------------------------------------------------------------------------+
|        5550|           0|   -1.465903|    4.440791|    2.111275|    4.185045|
|        5550|          25|   -5.700100|    1.077926|   -0.942723|    4.134026|
|        5550|          29|   -5.796054|    0.986689|   -1.030706|    4.103180|
+-----------------------------------------------------------------------+
|        File Writing Summary       |              Filename             |
+-----------------------------------------------------------------------+
|SU2 binary restart                 |restart_npr20_production_cfl2_i30_from520_05550.dat|
|Paraview ASCII surface             |wall_npr20_production_cfl2_i30_from520_05550.vtk|
|CSV file                           |wall_npr20_production_cfl2_i30_from520_05550.csv|
+-----------------------------------------------------------------------+
+-----------------------------------------------------------------------------+
|   Time_Iter|  Inner_Iter|    rms[Rho]|   rms[RhoE]|      rms[k]|      rms[w]|
+-----------------------------------------------------------------------------+
|        5551|           0|   -1.465904|    4.440767|    2.111109|    4.184431|
|        5551|          25|   -5.699339|    1.079457|   -0.941974|    4.133408|
|        5551|          29|   -5.795219|    0.988266|   -1.029850|    4.102409|
+-----------------------------------------------------------------------------+
|   Time_Iter|  Inner_Iter|    rms[Rho]|   rms[RhoE]|      rms[k]|      rms[w]|
+-----------------------------------------------------------------------------+
|        5552|           0|   -1.465906|    4.440752|    2.110969|    4.183865|
|        5552|          25|   -5.698583|    1.080982|   -0.941177|    4.132827|
|        5552|          29|   -5.794388|    0.989838|   -1.028956|    4.101676|
+-----------------------------------------------------------------------------+
|   Time_Iter|  Inner_Iter|    rms[Rho]|   rms[RhoE]|      rms[k]|      rms[w]|
+-----------------------------------------------------------------------------+
|        5553|           0|   -1.465908|    4.440743|    2.110838|    4.183326|
|        5553|          25|   -5.697829|    1.082503|   -0.940325|    4.132252|
|        5553|          29|   -5.793559|    0.991409|   -1.028078|    4.100944|
+-----------------------------------------------------------------------------+
|   Time_Iter|  Inner_Iter|    rms[Rho]|   rms[RhoE]|      rms[k]|      rms[w]|
+-----------------------------------------------------------------------------+
|        5554|           0|   -1.465909|    4.440733|    2.110723|    4.182789|
|        5554|          25|   -5.697074|    1.084027|   -0.939585|    4.131665|
|        5554|          29|   -5.792726|    0.992985|   -1.027225|    4.100206|
+-----------------------------------------------------------------------------+
|   Time_Iter|  Inner_Iter|    rms[Rho]|   rms[RhoE]|      rms[k]|      rms[w]|
+-----------------------------------------------------------------------------+
|        5555|           0|   -1.465911|    4.440721|    2.110615|    4.182247|
|        5555|          25|   -5.696316|    1.085555|   -0.935470|    4.131085|
|        5555|          29|   -5.791889|    0.994569|   -1.021428|    4.099472|
+-----------------------------------------------------------------------------+
|   Time_Iter|  Inner_Iter|    rms[Rho]|   rms[RhoE]|      rms[k]|      rms[w]|
+-----------------------------------------------------------------------------+
|        5556|           0|   -1.465912|    4.440713|    2.110522|    4.181707|
|        5556|          25|   -5.695556|    1.087086|   -0.937974|    4.130510|
|        5556|          29|   -5.791048|    0.996156|   -1.025502|    4.098751|
+-----------------------------------------------------------------------------+
|   Time_Iter|  Inner_Iter|    rms[Rho]|   rms[RhoE]|      rms[k]|      rms[w]|
+-----------------------------------------------------------------------------+
|        5557|           0|   -1.465913|    4.440726|    2.110438|    4.181181|
|        5557|          25|   -5.694796|    1.088613|   -0.937255|    4.129952|
|        5557|          29|   -5.790207|    0.997741|   -1.024742|    4.098054|
+-----------------------------------------------------------------------------+
|   Time_Iter|  Inner_Iter|    rms[Rho]|   rms[RhoE]|      rms[k]|      rms[w]|
+-----------------------------------------------------------------------------+
|        5558|           0|   -1.465915|    4.440751|    2.110363|    4.180673|
|        5558|          25|   -5.694038|    1.090134|   -0.936444|    4.129446|
|        5558|          29|   -5.789368|    0.999320|   -1.023826|    4.097428|
+-----------------------------------------------------------------------------+
|   Time_Iter|  Inner_Iter|    rms[Rho]|   rms[RhoE]|      rms[k]|      rms[w]|
+-----------------------------------------------------------------------------+
|        5559|           0|   -1.465917|    4.440774|    2.110240|    4.180215|
|        5559|          25|   -5.693288|    1.091640|   -0.935620|    4.128989|
|        5559|          29|   -5.788537|    1.000884|   -1.022927|    4.096855|
+-----------------------------------------------------------------------------+
|   Time_Iter|  Inner_Iter|    rms[Rho]|   rms[RhoE]|      rms[k]|      rms[w]|
+-----------------------------------------------------------------------------+
|        5560|           0|   -1.465918|    4.440787|    2.110107|    4.179799|
|        5560|          25|   -5.692549|    1.093126|   -0.934857|    4.128577|
|        5560|          29|   -5.787717|    1.002426|   -1.022141|    4.096318|
+-----------------------------------------------------------------------+
|        File Writing Summary       |              Filename             |
+-----------------------------------------------------------------------+
|Paraview ASCII surface             |wall_npr20_production_cfl2_i30_from520_05560.vtk|
|CSV file                           |wall_npr20_production_cfl2_i30_from520_05560.csv|
+-----------------------------------------------------------------------+
+-----------------------------------------------------------------------------+
|   Time_Iter|  Inner_Iter|    rms[Rho]|   rms[RhoE]|      rms[k]|      rms[w]|
+-----------------------------------------------------------------------------+
|        5561|           0|   -1.465920|    4.440796|    2.109968|    4.179411|
|        5561|          25|   -5.691822|    1.094586|   -0.934007|    4.128182|
|        5561|          29|   -5.786912|    1.003940|   -1.021253|    4.095802|
+-----------------------------------------------------------------------------+
|   Time_Iter|  Inner_Iter|    rms[Rho]|   rms[RhoE]|      rms[k]|      rms[w]|
+-----------------------------------------------------------------------------+
|        5562|           0|   -1.465922|    4.440793|    2.109813|    4.179041|
|        5562|          25|   -5.691109|    1.096020|   -0.933136|    4.127808|
|        5562|          29|   -5.786122|    1.005426|   -1.020349|    4.095305|
+-----------------------------------------------------------------------------+
|   Time_Iter|  Inner_Iter|    rms[Rho]|   rms[RhoE]|      rms[k]|      rms[w]|
+-----------------------------------------------------------------------------+
|        5563|           0|   -1.465925|    4.440771|    2.109628|    4.178689|
|        5563|          25|   -5.690409|    1.097428|   -0.932000|    4.127459|
|        5563|          29|   -5.785346|    1.006885|   -1.018926|    4.094836|
+-----------------------------------------------------------------------------+
|   Time_Iter|  Inner_Iter|    rms[Rho]|   rms[RhoE]|      rms[k]|      rms[w]|
+-----------------------------------------------------------------------------+
|        5564|           0|   -1.465927|    4.440745|    2.109436|    4.178358|
|        5564|          25|   -5.689719|    1.098813|   -0.931633|    4.127136|
|        5564|          29|   -5.784582|    1.008319|   -1.018818|    4.094392|
+-----------------------------------------------------------------------------+
|   Time_Iter|  Inner_Iter|    rms[Rho]|   rms[RhoE]|      rms[k]|      rms[w]|
+-----------------------------------------------------------------------------+
|        5565|           0|   -1.465929|    4.440717|    2.109234|    4.178048|
|        5565|          25|   -5.689037|    1.100182|   -0.930823|    4.126832|
|        5565|          29|   -5.783825|    1.009736|   -1.017794|    4.093971|
+-----------------------------------------------------------------------------+
|   Time_Iter|  Inner_Iter|    rms[Rho]|   rms[RhoE]|      rms[k]|      rms[w]|
+-----------------------------------------------------------------------------+
|        5566|           0|   -1.465932|    4.440683|    2.109032|    4.177758|
|        5566|          25|   -5.688358|    1.101540|   -0.930047|    4.126551|
|        5566|          29|   -5.783071|    1.011143|   -1.016921|    4.093574|
+-----------------------------------------------------------------------------+
|   Time_Iter|  Inner_Iter|    rms[Rho]|   rms[RhoE]|      rms[k]|      rms[w]|
+-----------------------------------------------------------------------------+
|        5567|           0|   -1.465934|    4.440646|    2.108833|    4.177486|
|        5567|          25|   -5.687676|    1.102896|   -0.929226|    4.126281|
|        5567|          29|   -5.782313|    1.012550|   -1.015979|    4.093192|
+-----------------------------------------------------------------------------+
|   Time_Iter|  Inner_Iter|    rms[Rho]|   rms[RhoE]|      rms[k]|      rms[w]|
+-----------------------------------------------------------------------------+
|        5568|           0|   -1.465936|    4.440611|    2.108633|    4.177227|
|        5568|          25|   -5.686988|    1.104254|   -0.928383|    4.126041|
|        5568|          29|   -5.781548|    1.013961|   -1.015090|    4.092848|
+-----------------------------------------------------------------------------+
|   Time_Iter|  Inner_Iter|    rms[Rho]|   rms[RhoE]|      rms[k]|      rms[w]|
+-----------------------------------------------------------------------------+
|        5569|           0|   -1.465938|    4.440573|    2.108450|    4.176996|
|        5569|          25|   -5.686292|    1.105617|   -0.927595|    4.125837|
|        5569|          29|   -5.780773|    1.015379|   -1.014203|    4.092543|
+-----------------------------------------------------------------------------+
|   Time_Iter|  Inner_Iter|    rms[Rho]|   rms[RhoE]|      rms[k]|      rms[w]|
+-----------------------------------------------------------------------------+
|        5570|           0|   -1.465940|    4.440533|    2.108286|    4.176796|
|        5570|          25|   -5.685588|    1.106986|   -0.926796|    4.125658|
|        5570|          29|   -5.779989|    1.016804|   -1.013379|    4.092276|
+-----------------------------------------------------------------------+
|        File Writing Summary       |              Filename             |
+-----------------------------------------------------------------------+
|Paraview ASCII surface             |wall_npr20_production_cfl2_i30_from520_05570.vtk|
|CSV file                           |wall_npr20_production_cfl2_i30_from520_05570.csv|
+-----------------------------------------------------------------------+
+-----------------------------------------------------------------------------+
|   Time_Iter|  Inner_Iter|    rms[Rho]|   rms[RhoE]|      rms[k]|      rms[w]|
+-----------------------------------------------------------------------------+
|        5571|           0|   -1.465942|    4.440492|    2.108153|    4.176623|
|        5571|          25|   -5.684875|    1.108359|   -0.926045|    4.125498|
|        5571|          29|   -5.779196|    1.018234|   -1.012506|    4.092020|
+-----------------------------------------------------------------------------+
|   Time_Iter|  Inner_Iter|    rms[Rho]|   rms[RhoE]|      rms[k]|      rms[w]|
+-----------------------------------------------------------------------------+
|        5572|           0|   -1.465944|    4.440450|    2.108051|    4.176456|
|        5572|          25|   -5.684157|    1.109731|   -0.925194|    4.125340|
|        5572|          29|   -5.778397|    1.019664|   -1.011551|    4.091777|
+-----------------------------------------------------------------------------+
|   Time_Iter|  Inner_Iter|    rms[Rho]|   rms[RhoE]|      rms[k]|      rms[w]|
+-----------------------------------------------------------------------------+
|        5573|           0|   -1.465946|    4.440420|    2.107962|    4.176298|
|        5573|          25|   -5.683437|    1.111099|   -0.924359|    4.125200|
|        5573|          29|   -5.777596|    1.021088|   -1.010653|    4.091552|
+-----------------------------------------------------------------------------+
|   Time_Iter|  Inner_Iter|    rms[Rho]|   rms[RhoE]|      rms[k]|      rms[w]|
+-----------------------------------------------------------------------------+
|        5574|           0|   -1.465948|    4.440408|    2.107871|    4.176154|
|        5574|          25|   -5.682717|    1.112458|   -0.923709|    4.125084|
|        5574|          29|   -5.776796|    1.022502|   -1.009927|    4.091350|
+-----------------------------------------------------------------------------+
|   Time_Iter|  Inner_Iter|    rms[Rho]|   rms[RhoE]|      rms[k]|      rms[w]|
+-----------------------------------------------------------------------------+
|        5575|           0|   -1.465950|    4.440399|    2.107785|    4.176028|
|        5575|          25|   -5.681998|    1.113805|   -0.922848|    4.124995|
|        5575|          29|   -5.775999|    1.023902|   -1.008970|    4.091183|
+-----------------------------------------------------------------------------+
|   Time_Iter|  Inner_Iter|    rms[Rho]|   rms[RhoE]|      rms[k]|      rms[w]|
+-----------------------------------------------------------------------------+
|        5576|           0|   -1.465952|    4.440391|    2.107699|    4.175928|
|        5576|          25|   -5.681282|    1.115140|   -0.922113|    4.124926|
|        5576|          29|   -5.775205|    1.025289|   -1.008139|    4.091027|
+-----------------------------------------------------------------------------+
|   Time_Iter|  Inner_Iter|    rms[Rho]|   rms[RhoE]|      rms[k]|      rms[w]|
+-----------------------------------------------------------------------------+
|        5577|           0|   -1.465955|    4.440378|    2.107619|    4.175843|
|        5577|          25|   -5.680566|    1.116466|   -0.921348|    4.124890|
|        5577|          29|   -5.774413|    1.026664|   -1.007271|    4.090913|
+-----------------------------------------------------------------------------+
|   Time_Iter|  Inner_Iter|    rms[Rho]|   rms[RhoE]|      rms[k]|      rms[w]|
+-----------------------------------------------------------------------------+
|        5578|           0|   -1.465957|    4.440362|    2.107538|    4.175785|
|        5578|          25|   -5.679850|    1.117784|   -0.920573|    4.124872|
|        5578|          29|   -5.773622|    1.028029|   -1.006397|    4.090816|
+-----------------------------------------------------------------------------+
|   Time_Iter|  Inner_Iter|    rms[Rho]|   rms[RhoE]|      rms[k]|      rms[w]|
+-----------------------------------------------------------------------------+
|        5579|           0|   -1.465959|    4.440343|    2.107405|    4.175742|
|        5579|          25|   -5.679130|    1.119099|   -0.919781|    4.124875|
|        5579|          29|   -5.772827|    1.029393|   -1.005483|    4.090743|
+-----------------------------------------------------------------------------+
|   Time_Iter|  Inner_Iter|    rms[Rho]|   rms[RhoE]|      rms[k]|      rms[w]|
+-----------------------------------------------------------------------------+
|        5580|           0|   -1.465961|    4.440323|    2.107271|    4.175717|
|        5580|          25|   -5.678399|    1.120424|   -0.919034|    4.124904|
|        5580|          29|   -5.772018|    1.030768|   -1.004615|    4.090700|
+-----------------------------------------------------------------------+
|        File Writing Summary       |              Filename             |
+-----------------------------------------------------------------------+
|Paraview ASCII surface             |wall_npr20_production_cfl2_i30_from520_05580.vtk|
|CSV file                           |wall_npr20_production_cfl2_i30_from520_05580.csv|
+-----------------------------------------------------------------------+
+-----------------------------------------------------------------------------+
|   Time_Iter|  Inner_Iter|    rms[Rho]|   rms[RhoE]|      rms[k]|      rms[w]|
+-----------------------------------------------------------------------------+
|        5581|           0|   -1.465962|    4.440309|    2.107129|    4.175715|
|        5581|          25|   -5.677654|    1.121760|   -0.918287|    4.124960|
|        5581|          29|   -5.771194|    1.032158|   -1.003963|    4.090689|
+-----------------------------------------------------------------------------+
|   Time_Iter|  Inner_Iter|    rms[Rho]|   rms[RhoE]|      rms[k]|      rms[w]|
+-----------------------------------------------------------------------------+
|        5582|           0|   -1.465964|    4.440309|    2.106951|    4.175737|
|        5582|          25|   -5.676893|    1.123113|   -0.917532|    4.125029|
|        5582|          29|   -5.770351|    1.033567|   -1.003069|    4.090689|
+-----------------------------------------------------------------------------+
|   Time_Iter|  Inner_Iter|    rms[Rho]|   rms[RhoE]|      rms[k]|      rms[w]|
+-----------------------------------------------------------------------------+
|        5583|           0|   -1.465966|    4.440311|    2.106761|    4.175766|
|        5583|          25|   -5.676113|    1.124485|   -0.916835|    4.125098|
|        5583|          29|   -5.769487|    1.034998|   -1.002121|    4.090693|
+-----------------------------------------------------------------------------+
|   Time_Iter|  Inner_Iter|    rms[Rho]|   rms[RhoE]|      rms[k]|      rms[w]|
+-----------------------------------------------------------------------------+
|        5584|           0|   -1.465968|    4.440323|    2.106553|    4.175798|
|        5584|          25|   -5.675316|    1.125875|   -0.916048|    4.125165|
|        5584|          29|   -5.768603|    1.036450|   -1.001194|    4.090697|
+-----------------------------------------------------------------------------+
|   Time_Iter|  Inner_Iter|    rms[Rho]|   rms[RhoE]|      rms[k]|      rms[w]|
+-----------------------------------------------------------------------------+
|        5585|           0|   -1.465969|    4.440342|    2.106334|    4.175831|
|        5585|          25|   -5.674504|    1.127278|   -0.915313|    4.125236|
|        5585|          29|   -5.767702|    1.037918|   -1.000358|    4.090709|
+-----------------------------------------------------------------------------+
|   Time_Iter|  Inner_Iter|    rms[Rho]|   rms[RhoE]|      rms[k]|      rms[w]|
+-----------------------------------------------------------------------------+
|        5586|           0|   -1.465972|    4.440361|    2.106125|    4.175870|
|        5586|          25|   -5.673679|    1.128692|   -0.914531|    4.125319|
|        5586|          29|   -5.766788|    1.039395|   -0.999459|    4.090735|
+-----------------------------------------------------------------------------+
|   Time_Iter|  Inner_Iter|    rms[Rho]|   rms[RhoE]|      rms[k]|      rms[w]|
+-----------------------------------------------------------------------------+
|        5587|           0|   -1.465974|    4.440378|    2.105933|    4.175921|
|        5587|          25|   -5.672847|    1.130107|   -0.913818|    4.125417|
|        5587|          29|   -5.765866|    1.040875|   -0.998634|    4.090780|
+-----------------------------------------------------------------------------+
|   Time_Iter|  Inner_Iter|    rms[Rho]|   rms[RhoE]|      rms[k]|      rms[w]|
+-----------------------------------------------------------------------------+
|        5588|           0|   -1.465977|    4.440402|    2.105758|    4.175986|
|        5588|          25|   -5.672009|    1.131523|   -0.913075|    4.125542|
|        5588|          29|   -5.764939|    1.042353|   -0.997800|    4.090854|
+-----------------------------------------------------------------------------+
|   Time_Iter|  Inner_Iter|    rms[Rho]|   rms[RhoE]|      rms[k]|      rms[w]|
+-----------------------------------------------------------------------------+
|        5589|           0|   -1.465979|    4.440420|    2.105601|    4.176074|
|        5589|          25|   -5.671168|    1.132933|   -0.912284|    4.125697|
|        5589|          29|   -5.764011|    1.043824|   -0.996879|    4.090960|
+-----------------------------------------------------------------------------+
|   Time_Iter|  Inner_Iter|    rms[Rho]|   rms[RhoE]|      rms[k]|      rms[w]|
+-----------------------------------------------------------------------------+
|        5590|           0|   -1.465982|    4.440450|    2.105465|    4.176189|
|        5590|          25|   -5.670327|    1.134336|   -0.911565|    4.125882|
|        5590|          29|   -5.763083|    1.045286|   -0.996044|    4.091097|
+-----------------------------------------------------------------------+
|        File Writing Summary       |              Filename             |
+-----------------------------------------------------------------------+
|Paraview ASCII surface             |wall_npr20_production_cfl2_i30_from520_05590.vtk|
|CSV file                           |wall_npr20_production_cfl2_i30_from520_05590.csv|
+-----------------------------------------------------------------------+
+-----------------------------------------------------------------------------+
|   Time_Iter|  Inner_Iter|    rms[Rho]|   rms[RhoE]|      rms[k]|      rms[w]|
+-----------------------------------------------------------------------------+
|        5591|           0|   -1.465985|    4.440482|    2.105356|    4.176329|
|        5591|          25|   -5.669486|    1.135732|   -0.910750|    4.126097|
|        5591|          29|   -5.762156|    1.046738|   -0.995108|    4.091262|
+-----------------------------------------------------------------------------+
|   Time_Iter|  Inner_Iter|    rms[Rho]|   rms[RhoE]|      rms[k]|      rms[w]|
+-----------------------------------------------------------------------------+
|        5592|           0|   -1.465988|    4.440516|    2.105265|    4.176490|
|        5592|          25|   -5.668642|    1.137125|   -0.910040|    4.126322|
|        5592|          29|   -5.761225|    1.048187|   -0.994244|    4.091438|
+-----------------------------------------------------------------------------+
|   Time_Iter|  Inner_Iter|    rms[Rho]|   rms[RhoE]|      rms[k]|      rms[w]|
+-----------------------------------------------------------------------------+
|        5593|           0|   -1.465991|    4.440550|    2.105193|    4.176659|
|        5593|          25|   -5.667789|    1.138522|   -0.909211|    4.126560|
|        5593|          29|   -5.760285|    1.049643|   -0.993440|    4.091630|
+-----------------------------------------------------------------------------+
|   Time_Iter|  Inner_Iter|    rms[Rho]|   rms[RhoE]|      rms[k]|      rms[w]|
+-----------------------------------------------------------------------------+
|        5594|           0|   -1.465995|    4.440574|    2.105134|    4.176842|
|        5594|          25|   -5.666924|    1.139929|   -0.908512|    4.126812|
|        5594|          29|   -5.759331|    1.051110|   -0.992442|    4.091839|
+-----------------------------------------------------------------------------+
|   Time_Iter|  Inner_Iter|    rms[Rho]|   rms[RhoE]|      rms[k]|      rms[w]|
+-----------------------------------------------------------------------------+
|        5595|           0|   -1.465998|    4.440588|    2.105060|    4.177035|
|        5595|          25|   -5.666047|    1.141348|   -0.907815|    4.127077|
|        5595|          29|   -5.758362|    1.052591|   -0.991649|    4.092064|
+-----------------------------------------------------------------------------+
|   Time_Iter|  Inner_Iter|    rms[Rho]|   rms[RhoE]|      rms[k]|      rms[w]|
+-----------------------------------------------------------------------------+
|        5596|           0|   -1.466002|    4.440603|    2.104980|    4.177240|
|        5596|          25|   -5.665155|    1.142780|   -0.907067|    4.127353|
|        5596|          29|   -5.757376|    1.054089|   -0.990757|    4.092306|
+-----------------------------------------------------------------------------+
|   Time_Iter|  Inner_Iter|    rms[Rho]|   rms[RhoE]|      rms[k]|      rms[w]|
+-----------------------------------------------------------------------------+
|        5597|           0|   -1.466006|    4.440618|    2.104894|    4.177455|
|        5597|          25|   -5.664249|    1.144226|   -0.906195|    4.127637|
|        5597|          29|   -5.756372|    1.055605|   -0.989813|    4.092560|
+-----------------------------------------------------------------------------+
|   Time_Iter|  Inner_Iter|    rms[Rho]|   rms[RhoE]|      rms[k]|      rms[w]|
+-----------------------------------------------------------------------------+
|        5598|           0|   -1.466010|    4.440624|    2.104806|    4.177678|
|        5598|          25|   -5.663332|    1.145681|   -0.905378|    4.127925|
|        5598|          29|   -5.755356|    1.057131|   -0.988764|    4.092821|
+-----------------------------------------------------------------------------+
|   Time_Iter|  Inner_Iter|    rms[Rho]|   rms[RhoE]|      rms[k]|      rms[w]|
+-----------------------------------------------------------------------------+
|        5599|           0|   -1.466014|    4.440625|    2.104698|    4.177905|
|        5599|          25|   -5.662409|    1.147138|   -0.904731|    4.128215|
|        5599|          29|   -5.754333|    1.058658|   -0.987822|    4.093085|
+-----------------------------------------------------------------------+
|        File Writing Summary       |              Filename             |
+-----------------------------------------------------------------------+
|SU2 binary restart                 |restart_npr20_production_cfl2_i30_from520_05599.dat|
+-----------------------------------------------------------------------+
+-----------------------------------------------------------------------------+
|   Time_Iter|  Inner_Iter|    rms[Rho]|   rms[RhoE]|      rms[k]|      rms[w]|
+-----------------------------------------------------------------------------+
|        5600|           0|   -1.466018|    4.440629|    2.104569|    4.178135|
|        5600|          25|   -5.661485|    1.148591|   -0.904031|    4.128513|
|        5600|          29|   -5.753310|    1.060181|   -0.987136|    4.093363|
+-----------------------------------------------------------------------+
|        File Writing Summary       |              Filename             |
+-----------------------------------------------------------------------+
|SU2 binary restart                 |restart_npr20_production_cfl2_i30_from520_05600.dat|
|Paraview ASCII                     |flow_npr20_production_cfl2_i30_from520_05600.vtk|
|Paraview ASCII surface             |wall_npr20_production_cfl2_i30_from520_05600.vtk|
|CSV file                           |wall_npr20_production_cfl2_i30_from520_05600.csv|
+-----------------------------------------------------------------------+
+-----------------------------------------------------------------------------+
|   Time_Iter|  Inner_Iter|    rms[Rho]|   rms[RhoE]|      rms[k]|      rms[w]|
+-----------------------------------------------------------------------------+
|        5601|           0|   -1.466022|    4.440646|    2.104424|    4.178376|
|        5601|          25|   -5.660565|    1.150033|   -0.903267|    4.128834|
|        5601|          29|   -5.752290|    1.061691|   -0.986238|    4.093665|
+-----------------------------------------------------------------------------+
|   Time_Iter|  Inner_Iter|    rms[Rho]|   rms[RhoE]|      rms[k]|      rms[w]|
+-----------------------------------------------------------------------------+
|        5602|           0|   -1.466025|    4.440672|    2.104244|    4.178635|
|        5602|          25|   -5.659650|    1.151460|   -0.902509|    4.129181|
|        5602|          29|   -5.751279|    1.063183|   -0.985353|    4.093997|
+-----------------------------------------------------------------------------+
|   Time_Iter|  Inner_Iter|    rms[Rho]|   rms[RhoE]|      rms[k]|      rms[w]|
+-----------------------------------------------------------------------------+
|        5603|           0|   -1.466029|    4.440675|    2.104051|    4.178916|
|        5603|          25|   -5.658745|    1.152868|   -0.901717|    4.129554|
|        5603|          29|   -5.750278|    1.064654|   -0.984426|    4.094354|
+-----------------------------------------------------------------------------+
|   Time_Iter|  Inner_Iter|    rms[Rho]|   rms[RhoE]|      rms[k]|      rms[w]|
+-----------------------------------------------------------------------------+
|        5604|           0|   -1.466034|    4.440662|    2.103837|    4.179219|
|        5604|          25|   -5.657852|    1.154255|   -0.900985|    4.129939|
|        5604|          29|   -5.749290|    1.066102|   -0.983547|    4.094720|
+-----------------------------------------------------------------------------+
|   Time_Iter|  Inner_Iter|    rms[Rho]|   rms[RhoE]|      rms[k]|      rms[w]|
+-----------------------------------------------------------------------------+
|        5605|           0|   -1.466038|    4.440640|    2.103617|    4.179527|
|        5605|          25|   -5.656962|    1.155631|   -0.900246|    4.130337|
|        5605|          29|   -5.748306|    1.067539|   -0.982644|    4.095099|
+-----------------------------------------------------------------------------+
|   Time_Iter|  Inner_Iter|    rms[Rho]|   rms[RhoE]|      rms[k]|      rms[w]|
+-----------------------------------------------------------------------------+
|        5606|           0|   -1.466042|    4.440606|    2.103409|    4.179849|
|        5606|          25|   -5.656077|    1.156996|   -0.899499|    4.130732|
|        5606|          29|   -5.747326|    1.068965|   -0.981777|    4.095478|
+-----------------------------------------------------------------------------+
|   Time_Iter|  Inner_Iter|    rms[Rho]|   rms[RhoE]|      rms[k]|      rms[w]|
+-----------------------------------------------------------------------------+
|        5607|           0|   -1.466047|    4.440567|    2.103216|    4.180169|
|        5607|          25|   -5.655192|    1.158358|   -0.898716|    4.131129|
|        5607|          29|   -5.746344|    1.070389|   -0.980839|    4.095859|
+-----------------------------------------------------------------------------+
|   Time_Iter|  Inner_Iter|    rms[Rho]|   rms[RhoE]|      rms[k]|      rms[w]|
+-----------------------------------------------------------------------------+
|        5608|           0|   -1.466051|    4.440522|    2.103045|    4.180493|
|        5608|          25|   -5.654303|    1.159720|   -0.897950|    4.131533|
|        5608|          29|   -5.745356|    1.071817|   -0.979927|    4.096256|
+-----------------------------------------------------------------------------+
|   Time_Iter|  Inner_Iter|    rms[Rho]|   rms[RhoE]|      rms[k]|      rms[w]|
+-----------------------------------------------------------------------------+
|        5609|           0|   -1.466056|    4.440487|    2.102894|    4.180822|
|        5609|          25|   -5.653409|    1.161086|   -0.897250|    4.131925|
|        5609|          29|   -5.744361|    1.073251|   -0.979102|    4.096638|
+-----------------------------------------------------------------------------+
|   Time_Iter|  Inner_Iter|    rms[Rho]|   rms[RhoE]|      rms[k]|      rms[w]|
+-----------------------------------------------------------------------------+
|        5610|           0|   -1.466061|    4.440455|    2.102767|    4.181143|
|        5610|          25|   -5.652511|    1.162454|   -0.896547|    4.132312|
|        5610|          29|   -5.743359|    1.074689|   -0.978249|    4.097022|
+-----------------------------------------------------------------------+
|        File Writing Summary       |              Filename             |
+-----------------------------------------------------------------------+
|Paraview ASCII surface             |wall_npr20_production_cfl2_i30_from520_05610.vtk|
|CSV file                           |wall_npr20_production_cfl2_i30_from520_05610.csv|
+-----------------------------------------------------------------------+
+-----------------------------------------------------------------------------+
|   Time_Iter|  Inner_Iter|    rms[Rho]|   rms[RhoE]|      rms[k]|      rms[w]|
+-----------------------------------------------------------------------------+
|        5611|           0|   -1.466066|    4.440424|    2.102663|    4.181463|
|        5611|          25|   -5.651609|    1.163822|   -0.895817|    4.132701|
|        5611|          29|   -5.742353|    1.076129|   -0.977356|    4.097405|
+-----------------------------------------------------------------------------+
|   Time_Iter|  Inner_Iter|    rms[Rho]|   rms[RhoE]|      rms[k]|      rms[w]|
+-----------------------------------------------------------------------------+
|        5612|           0|   -1.466070|    4.440392|    2.102577|    4.181782|
|        5612|          25|   -5.650710|    1.165183|   -0.895093|    4.133082|
|        5612|          29|   -5.741349|    1.077561|   -0.976493|    4.097784|
+-----------------------------------------------------------------------+
|        File Writing Summary       |              Filename             |
+-----------------------------------------------------------------------+
|SU2 binary restart                 |restart_npr20_production_cfl2_i30_from520_05612.dat|
+-----------------------------------------------------------------------+
+-----------------------------------------------------------------------------+
|   Time_Iter|  Inner_Iter|    rms[Rho]|   rms[RhoE]|      rms[k]|      rms[w]|
+-----------------------------------------------------------------------------+
|        5613|           0|   -1.466075|    4.440367|    2.102504|    4.182098|
|        5613|          25|   -5.649816|    1.166533|   -0.894470|    4.133466|
|        5613|          29|   -5.740350|    1.078981|   -0.975711|    4.098174|

----------------------------- Solver Exit -------------------------------
Maximum number of time iterations reached (TIME_ITER = 5614).
-------------------------------------------------------------------------
+-----------------------------------------------------------------------+
|        File Writing Summary       |              Filename             |
+-----------------------------------------------------------------------+
|SU2 binary restart                 |restart_npr20_production_cfl2_i30_from520_05613.dat|
|Paraview ASCII                     |flow_npr20_production_cfl2_i30_from520_05613.vtk|
|Paraview ASCII surface             |wall_npr20_production_cfl2_i30_from520_05613.vtk|
|CSV file                           |wall_npr20_production_cfl2_i30_from520_05613.csv|
+-----------------------------------------------------------------------+

--------------------------- Finalizing Solver ---------------------------
Deleted CNumerics container.
Deleted CIntegration container.
Deleted CSolver container.
Deleted CIteration container.
Deleted CInterface container.
Deleted CGeometry container.
Deleted CFreeFormDefBox class.
Deleted CSurfaceMovement class.
Deleted CVolumetricMovement class.
Deleted CConfig container.
Deleted nInst container.
Deleted COutput class.
-------------------------------------------------------------------------

------------------------- Exit Success (SU2_CFD) ------------------------

