WARNING: Setting WINDOW_START_ITER = RESTART_ITER for meaningful running average.

-------------------------------------------------------------------------
|    ___ _   _ ___                                                      |
|   / __| | | |_  )   Release 8.5.0 "Harrier"                           |
|   \__ \ |_| |/ /                                                      |
|   |___/\___//___|   Suite (Computational Fluid Dynamics Code)         |
|                                                                       |
-------------------------------------------------------------------------
| SU2 Project Website: https://su2code.github.io                        |
|                                                                       |
| The SU2 Project is maintained by the SU2 Foundation                   |
| (http://su2foundation.org)                                            |
-------------------------------------------------------------------------
| Copyright 2012-2026, SU2 Contributors                                 |
|                                                                       |
| SU2 is free software; you can redistribute it and/or                  |
| modify it under the terms of the GNU Lesser General Public            |
| License as published by the Free Software Foundation; either          |
| version 2.1 of the License, or (at your option) any later version.    |
|                                                                       |
| SU2 is distributed in the hope that it will be useful,                |
| but WITHOUT ANY WARRANTY; without even the implied warranty of        |
| MERCHANTABILITY or FITNESS FOR A PARTICULAR PURPOSE. See the GNU      |
| Lesser General Public License for more details.                       |
|                                                                       |
| You should have received a copy of the GNU Lesser General Public      |
| License along with SU2. If not, see <http://www.gnu.org/licenses/>.   |
-------------------------------------------------------------------------
WARNING: Setting WINDOW_START_ITER = RESTART_ITER for meaningful running average.

Parsing config file for zone 0
WARNING: Setting WINDOW_START_ITER = RESTART_ITER for meaningful running average.

----------------- Physical Case Definition ( Zone 0 ) -------------------
Compressible RANS equations.
Turbulence model: Menter's k-omega SST-2003m with compressibility correction of Sarkar
using default hard coded lower limit clipping.
Hybrid RANS/LES: No Hybrid RANS/LES
Mach number: 0.001.
Angle of attack (AoA): 0 deg, and angle of sideslip (AoS): 0 deg.
Reynolds number: 0. Reference length 1.
Reading and writing binary SU2 native restart files.
Read flow solution from: restart_npr20_relax_SLAU2_dt025.
Dimensional simulation.
The reference area is 1 m^2.
The semi-span will be computed using the max y(3D) value.
The reference length is 1 m.
Reference origin for moment evaluation is (0, 0, 0).
Surface(s) where the force coefficients are evaluated: WALL.

Surface(s) plotted in the output file: WALL.
Input mesh file name: ../../ambient_mesh/hybrid_pilot/dlr_par_hybrid.su2

--------------- Space Numerical Integration ( Zone 0 ) ------------------
Simple Low-Dissipation AUSM 2 solver for the flow inviscid terms.
Standard Roe without low-dissipation function.
Second order integration in space, with slope limiter.
Venkatakrishnan-Wang slope-limiting method, with constant: 0.001.
Scalar upwind solver for the turbulence model.
First order integration in space.
Average of gradients with correction (viscous flow terms).
Average of gradients with correction (viscous turbulence terms).
Gradient for upwind reconstruction: inverse-distance weighted Least-Squares.
Gradient for viscous and source terms: inverse-distance weighted Least-Squares.

--------------- Time Numerical Integration  ( Zone 0 ) ------------------
Unsteady simulation, dual time stepping strategy (second order in time).
Unsteady time step provided by the user (s): 2.5e-08.
Euler implicit method for the flow equations.
FGMRES is used for solving the linear system.
Using a ILU(0) preconditioning.
Convergence criteria of the linear solver: 0.0001.
Max number of linear iterations: 10.
No CFL adaptation.
Courant-Friedrichs-Lewy number:      0.5
Euler implicit time integration for the turbulence model.

------------------ Convergence Criteria  ( Zone 0 ) ---------------------
Maximum number of solver subiterations: 10.
Maximum number of physical time-steps: 3114.
Begin convergence monitoring at iteration 5.
Residual minimum value: 1e-12.
Cauchy series min. value: 1e-10.
Number of Cauchy elements: 100.
Begin windowed time average at iteration 201.

-------------------- Output Information ( Zone 0 ) ----------------------
File writing frequency: 
+------------------------------------+
|                     File| Frequency|
+------------------------------------+
|                  RESTART|        50|
|           PARAVIEW_ASCII|       100|
|   SURFACE_PARAVIEW_ASCII|        10|
|              SURFACE_CSV|        10|
+------------------------------------+
Writing the convergence history file every 1 inner iterations.
Writing the convergence history file every 1 time iterations.
Writing the screen convergence history every 25 inner iterations.
Writing the screen convergence history every 1 time iterations.
The tabular file format is CSV (.csv).
Convergence history file name: history_npr20_relax_SLAU2_dt025.
Forces breakdown file name: forces_breakdown.dat.
Surface file name: wall_npr20_relax_SLAU2_dt025.
Volume file name: flow_npr20_relax_SLAU2_dt025.
Restart file name: restart_npr20_relax_SLAU2_dt025.

------------- Config File Boundary Information ( Zone 0 ) ---------------
+-----------------------------------------------------------------------+
|                        Marker Type|                        Marker Name|
+-----------------------------------------------------------------------+
|                          Far-field|                           FARFIELD|
+-----------------------------------------------------------------------+
|                     Symmetry plane|                               AXIS|
+-----------------------------------------------------------------------+
|                   Riemann boundary|                              INLET|
+-----------------------------------------------------------------------+
|                     Heat flux wall|                               WALL|
+-----------------------------------------------------------------------+

-------------------- Output Preprocessing ( Zone 0 ) --------------------

WARNING: SURFACE_PRESSURE_DROP can only be computed for at least 2 surfaces (outlet, inlet, ...)

Screen output fields: TIME_ITER, INNER_ITER, RMS_DENSITY, RMS_ENERGY, RMS_TKE, RMS_DISSIPATION
History output group(s): ITER, CUR_TIME, RMS_RES
Convergence field(s): RMS_DENSITY
Warning: No (valid) fields chosen for time convergence monitoring. Time convergence monitoring inactive.
Volume output fields: COORDINATES, SOLUTION, PRIMITIVE

------------------- Geometry Preprocessing ( Zone 0 ) -------------------
Two dimensional problem.
208430 grid points before partitioning.
311958 volume elements before partitioning.
4 surface markers.
800 boundary elements in index 0 (Marker = WALL).
128 boundary elements in index 1 (Marker = INLET).
1261 boundary elements in index 2 (Marker = AXIS).
311 boundary elements in index 3 (Marker = FARFIELD).
Executing the partitioning functions.
Building the graph adjacency structure.
Calling ParMETIS... graph partitioning complete (1583 edge cuts).
Distributing ParMETIS coloring.
Rebalancing vertices.
Rebalancing volume element connectivity.
Rebalancing markers and surface elements.
210382 vertices including ghost points. 
313537 interior elements including halo cells. 
210774 triangles.
102763 quadrilaterals.
Establishing MPI communication patterns.
Setting point connectivity.
Renumbering points (Reverse Cuthill McKee Ordering).
Recomputing point connectivity.
Setting element connectivity.
Checking the numerical grid orientation.
All volume elements are correctly oriented.
All surface elements are correctly oriented.
Identifying edges and vertices.
Setting the control volume structure.
Area of the computational grid: 0.61267.
Searching for the closest normal neighbors to the surfaces.
Storing a mapping from global to local point index.
Compute the surface curvature.
Max K: 10069.8. Mean K: 21.6169. Standard deviation K: 398.532.
Computing mesh quality statistics for the dual control volumes.
+--------------------------------------------------------------+
|           Mesh Quality Metric|        Minimum|        Maximum|
+--------------------------------------------------------------+
|    Orthogonality Angle (deg.)|        45.8271|             90|
|     CV Face Area Aspect Ratio|              1|        681.684|
|           CV Sub-Volume Ratio|              1|        227.251|
+--------------------------------------------------------------+
Finding max control volume width.
Communicating number of neighbors.
Wetted area = 0.03293 m^2.
Area projection in the x-plane = 0.00999917 m, y-plane = 0.1477 m.
Max. coordinate in the x-direction = 0.12502 m, y-direction = 0.0547723 m.
Min. coordinate in the x-direction = -0.02268 m, y-direction = 0.0100004 m.
Computing wall distances.

-------------------- Solver Preprocessing ( Zone 0 ) --------------------
Viscous flow: Computing pressure using the ideal gas law
based on the free-stream temperature and a density computed
from the Reynolds number.
Force coefficients computed using free-stream values.

-- Models:
+------------------------------------------------------------------------------+
|          Viscosity Model|        Conductivity Model|              Fluid Model|
+------------------------------------------------------------------------------+
|               SUTHERLAND|          CONSTANT_PRANDTL|                IDEAL_GAS|
+------------------------------------------------------------------------------+
-- Fluid properties:
+------------------------------------------------------------------------------+
|                  Name|    Dim. value|    Ref. value|      Unit|Non-dim. value|
+------------------------------------------------------------------------------+
|        Ref. Viscosity|    0.00010707|             1|   N.s/m^2|    0.00010707|
|      Sutherland Temp.|       3312.09|             1|         K|       3312.09|
|     Sutherland Const.|       683.036|             1|         K|       683.036|
+------------------------------------------------------------------------------+
|        Prandtl (Lam.)|             -|             -|         -|        0.6738|
|       Prandtl (Turb.)|             -|             -|         -|           0.9|
+------------------------------------------------------------------------------+
|          Gas Constant|         390.6|             1|  N.m/kg.K|         390.6|
|      Spec. Heat Ratio|             -|             -|         -|       1.19829|
+------------------------------------------------------------------------------+
-- Initial and free-stream conditions:
+------------------------------------------------------------------------------+
|                  Name|    Dim. value|    Ref. value|      Unit|Non-dim. value|
+------------------------------------------------------------------------------+
|       Static Pressure|        260000|             1|        Pa|        260000|
|               Density|       2.21881|             1|    kg/m^3|       2.21881|
|           Temperature|           300|             1|         K|           300|
|          Total Energy|        590940|             1|   m^2/s^2|        590940|
|            Velocity-X|      0.374721|             1|       m/s|      0.374721|
|            Velocity-Y|             0|             1|       m/s|             0|
|    Velocity Magnitude|      0.374721|             1|       m/s|      0.374721|
+------------------------------------------------------------------------------+
|             Viscosity|    1.1862e-05|             1|   N.s/m^2|    1.1862e-05|
|          Conductivity|             -|             1|   W/m^2.K|             -|
|     Turb. Kin. Energy|   2.10624e-05|             1|   m^2/s^2|   2.10624e-05|
|     Spec. Dissipation|      0.393977|             1|       1/s|      0.393977|
+------------------------------------------------------------------------------+
|           Mach Number|             -|             -|         -|         0.001|
|       Reynolds Number|             -|             -|         -|       70092.4|
+------------------------------------------------------------------------------+
-- Unsteady conditions
+------------------------------------------------------------------------------+
|                  Name|    Dim. value|    Ref. value|      Unit|Non-dim. value|
+------------------------------------------------------------------------------+
|            Total Time|             1|             1|         s|             1|
|             Time Step|       2.5e-08|             1|         s|       2.5e-08|
+------------------------------------------------------------------------------+
Initialize Jacobian structure (Navier-Stokes). MG level: 0.
Initialize Jacobian structure (SST model).

------------------- Numerics Preprocessing ( Zone 0 ) -------------------

----------------- Integration Preprocessing ( Zone 0 ) ------------------

------------------- Iteration Preprocessing ( Zone 0 ) ------------------
Euler/Navier-Stokes/RANS fluid iteration.

------------------------------ Begin Solver -----------------------------

Simulation Run using the Single-zone Driver
The simulation will run for 2913 time steps.
+-----------------------------------------------------------------------------+
|   Time_Iter|  Inner_Iter|    rms[Rho]|   rms[RhoE]|      rms[k]|      rms[w]|
+-----------------------------------------------------------------------------+
|         201|           0|   -1.462802|    4.589250|    2.412234|    5.975969|
|         201|           9|   -4.259722|    2.259732|    1.075673|    6.168661|
+-----------------------------------------------------------------------------+
|   Time_Iter|  Inner_Iter|    rms[Rho]|   rms[RhoE]|      rms[k]|      rms[w]|
+-----------------------------------------------------------------------------+
|         202|           0|   -1.462930|    4.589915|    2.410746|    6.175648|
|         202|           9|   -4.259057|    2.257252|    0.557778|    6.002026|
+-----------------------------------------------------------------------------+
|   Time_Iter|  Inner_Iter|    rms[Rho]|   rms[RhoE]|      rms[k]|      rms[w]|
+-----------------------------------------------------------------------------+
|         203|           0|   -1.463051|    4.591958|    2.411121|    5.998207|
|         203|           9|   -4.257786|    2.258340|    0.570973|    5.987049|
+-----------------------------------------------------------------------------+
|   Time_Iter|  Inner_Iter|    rms[Rho]|   rms[RhoE]|      rms[k]|      rms[w]|
+-----------------------------------------------------------------------------+
|         204|           0|   -1.463200|    4.592378|    2.411007|    5.986613|
|         204|           9|   -4.256235|    2.267322|    0.576307|    5.987882|
+-----------------------------------------------------------------------------+
|   Time_Iter|  Inner_Iter|    rms[Rho]|   rms[RhoE]|      rms[k]|      rms[w]|
+-----------------------------------------------------------------------------+
|         205|           0|   -1.463372|    4.589879|    2.410767|    5.987828|
|         205|           9|   -4.255901|    2.260187|    0.579443|    5.990195|
+-----------------------------------------------------------------------------+
|   Time_Iter|  Inner_Iter|    rms[Rho]|   rms[RhoE]|      rms[k]|      rms[w]|
+-----------------------------------------------------------------------------+
|         206|           0|   -1.463533|    4.588520|    2.410524|    5.990190|
|         206|           9|   -4.254888|    2.261950|    0.581815|    5.992779|
+-----------------------------------------------------------------------------+
|   Time_Iter|  Inner_Iter|    rms[Rho]|   rms[RhoE]|      rms[k]|      rms[w]|
+-----------------------------------------------------------------------------+
|         207|           0|   -1.463687|    4.587370|    2.410294|    5.992786|
|         207|           9|   -4.254083|    2.261760|    0.583610|    5.995445|
+-----------------------------------------------------------------------------+
|   Time_Iter|  Inner_Iter|    rms[Rho]|   rms[RhoE]|      rms[k]|      rms[w]|
+-----------------------------------------------------------------------------+
|         208|           0|   -1.463817|    4.587909|    2.410044|    5.995457|
|         208|           9|   -4.253510|    2.257771|    0.585631|    5.998154|
+-----------------------------------------------------------------------------+
|   Time_Iter|  Inner_Iter|    rms[Rho]|   rms[RhoE]|      rms[k]|      rms[w]|
+-----------------------------------------------------------------------------+
|         209|           0|   -1.463935|    4.590157|    2.409803|    5.998168|
|         209|           9|   -4.252403|    2.258119|    0.587634|    6.000838|
+-----------------------------------------------------------------------------+
|   Time_Iter|  Inner_Iter|    rms[Rho]|   rms[RhoE]|      rms[k]|      rms[w]|
+-----------------------------------------------------------------------------+
|         210|           0|   -1.464069|    4.591847|    2.409580|    6.000847|
|         210|           9|   -4.250266|    2.270173|    0.589598|    6.003519|
+-----------------------------------------------------------------------+
|        File Writing Summary       |              Filename             |
+-----------------------------------------------------------------------+
|Paraview ASCII surface             |wall_npr20_relax_SLAU2_dt025_00210.vtk|
|CSV file                           |wall_npr20_relax_SLAU2_dt025_00210.csv|
+-----------------------------------------------------------------------+
+-----------------------------------------------------------------------------+
|   Time_Iter|  Inner_Iter|    rms[Rho]|   rms[RhoE]|      rms[k]|      rms[w]|
+-----------------------------------------------------------------------------+
|         211|           0|   -1.464244|    4.589907|    2.409387|    6.003531|
|         211|           9|   -4.249881|    2.264399|    0.591606|    6.006232|
+-----------------------------------------------------------------------------+
|   Time_Iter|  Inner_Iter|    rms[Rho]|   rms[RhoE]|      rms[k]|      rms[w]|
+-----------------------------------------------------------------------------+
|         212|           0|   -1.464408|    4.588017|    2.409251|    6.006250|
|         212|           9|   -4.248855|    2.265358|    0.593690|    6.009020|
+-----------------------------------------------------------------------------+
|   Time_Iter|  Inner_Iter|    rms[Rho]|   rms[RhoE]|      rms[k]|      rms[w]|
+-----------------------------------------------------------------------------+
|         213|           0|   -1.464572|    4.586260|    2.409190|    6.009044|
|         213|           9|   -4.247826|    2.266579|    0.595738|    6.011862|
+-----------------------------------------------------------------------------+
|   Time_Iter|  Inner_Iter|    rms[Rho]|   rms[RhoE]|      rms[k]|      rms[w]|
+-----------------------------------------------------------------------------+
|         214|           0|   -1.464711|    4.586155|    2.409184|    6.011891|
|         214|           9|   -4.247163|    2.263169|    0.597667|    6.014750|
+-----------------------------------------------------------------------------+
|   Time_Iter|  Inner_Iter|    rms[Rho]|   rms[RhoE]|      rms[k]|      rms[w]|
+-----------------------------------------------------------------------------+
|         215|           0|   -1.464830|    4.588112|    2.409197|    6.014785|
|         215|           9|   -4.246143|    2.262931|    0.599451|    6.017703|
+-----------------------------------------------------------------------------+
|   Time_Iter|  Inner_Iter|    rms[Rho]|   rms[RhoE]|      rms[k]|      rms[w]|
+-----------------------------------------------------------------------------+
|         216|           0|   -1.464955|    4.590605|    2.409205|    6.017744|
|         216|           9|   -4.244474|    2.266401|    0.601250|    6.020780|
+-----------------------------------------------------------------------------+
|   Time_Iter|  Inner_Iter|    rms[Rho]|   rms[RhoE]|      rms[k]|      rms[w]|
+-----------------------------------------------------------------------------+
|         217|           0|   -1.465120|    4.590516|    2.409184|    6.020842|
|         217|           9|   -4.243024|    2.273363|    0.603173|    6.024028|
+-----------------------------------------------------------------------------+
|   Time_Iter|  Inner_Iter|    rms[Rho]|   rms[RhoE]|      rms[k]|      rms[w]|
+-----------------------------------------------------------------------------+
|         218|           0|   -1.465299|    4.588042|    2.409218|    6.024098|
|         218|           9|   -4.242283|    2.270430|    0.605029|    6.027348|
+-----------------------------------------------------------------------------+
|   Time_Iter|  Inner_Iter|    rms[Rho]|   rms[RhoE]|      rms[k]|      rms[w]|
+-----------------------------------------------------------------------------+
|         219|           0|   -1.465478|    4.585801|    2.409279|    6.027420|
|         219|           9|   -4.240948|    2.273367|    0.606731|    6.030730|
+-----------------------------------------------------------------------------+
|   Time_Iter|  Inner_Iter|    rms[Rho]|   rms[RhoE]|      rms[k]|      rms[w]|
+-----------------------------------------------------------------------------+
|         220|           0|   -1.465636|    4.584813|    2.409381|    6.030812|
|         220|           9|   -4.239860|    2.273968|    0.608512|    6.034226|
+-----------------------------------------------------------------------+
|        File Writing Summary       |              Filename             |
+-----------------------------------------------------------------------+
|Paraview ASCII surface             |wall_npr20_relax_SLAU2_dt025_00220.vtk|
|CSV file                           |wall_npr20_relax_SLAU2_dt025_00220.csv|
+-----------------------------------------------------------------------+
+-----------------------------------------------------------------------------+
|   Time_Iter|  Inner_Iter|    rms[Rho]|   rms[RhoE]|      rms[k]|      rms[w]|
+-----------------------------------------------------------------------------+
|         221|           0|   -1.465768|    4.586071|    2.409505|    6.034318|
|         221|           9|   -4.238901|    2.272867|    0.610162|    6.037846|
+-----------------------------------------------------------------------------+
|   Time_Iter|  Inner_Iter|    rms[Rho]|   rms[RhoE]|      rms[k]|      rms[w]|
+-----------------------------------------------------------------------------+
|         222|           0|   -1.465890|    4.589259|    2.409661|    6.037951|
|         222|           9|   -4.237447|    2.274841|    0.611860|    6.041608|
+-----------------------------------------------------------------------------+
|   Time_Iter|  Inner_Iter|    rms[Rho]|   rms[RhoE]|      rms[k]|      rms[w]|
+-----------------------------------------------------------------------------+
|         223|           0|   -1.466039|    4.591017|    2.409795|    6.041725|
|         223|           9|   -4.235285|    2.286587|    0.613583|    6.045516|
+-----------------------------------------------------------------------------+
|   Time_Iter|  Inner_Iter|    rms[Rho]|   rms[RhoE]|      rms[k]|      rms[w]|
+-----------------------------------------------------------------------------+
|         224|           0|   -1.466227|    4.588795|    2.409951|    6.045646|
|         224|           9|   -4.234561|    2.282214|    0.615518|    6.049588|
+-----------------------------------------------------------------------------+
|   Time_Iter|  Inner_Iter|    rms[Rho]|   rms[RhoE]|      rms[k]|      rms[w]|
+-----------------------------------------------------------------------------+
|         225|           0|   -1.466412|    4.585985|    2.410164|    6.049732|
|         225|           9|   -4.233162|    2.284695|    0.617343|    6.053827|
+-----------------------------------------------------------------------------+
|   Time_Iter|  Inner_Iter|    rms[Rho]|   rms[RhoE]|      rms[k]|      rms[w]|
+-----------------------------------------------------------------------------+
|         226|           0|   -1.466583|    4.583994|    2.410424|    6.053986|
|         226|           9|   -4.231732|    2.288506|    0.619263|    6.058204|
+-----------------------------------------------------------------------------+
|   Time_Iter|  Inner_Iter|    rms[Rho]|   rms[RhoE]|      rms[k]|      rms[w]|
+-----------------------------------------------------------------------------+
|         227|           0|   -1.466722|    4.584366|    2.410746|    6.058362|
|         227|           9|   -4.230608|    2.287720|    0.621218|    6.062603|
+-----------------------------------------------------------------------------+
|   Time_Iter|  Inner_Iter|    rms[Rho]|   rms[RhoE]|      rms[k]|      rms[w]|
+-----------------------------------------------------------------------------+
|         228|           0|   -1.466834|    4.587652|    2.411111|    6.062771|
|         228|           9|   -4.229190|    2.289846|    0.623337|    6.067177|
+-----------------------------------------------------------------------------+
|   Time_Iter|  Inner_Iter|    rms[Rho]|   rms[RhoE]|      rms[k]|      rms[w]|
+-----------------------------------------------------------------------------+
|         229|           0|   -1.466965|    4.590603|    2.411493|    6.067363|
|         229|           9|   -4.227002|    2.298032|    0.625485|    6.071950|
+-----------------------------------------------------------------------------+
|   Time_Iter|  Inner_Iter|    rms[Rho]|   rms[RhoE]|      rms[k]|      rms[w]|
+-----------------------------------------------------------------------------+
|         230|           0|   -1.467146|    4.589633|    2.411366|    6.072152|
|         230|           9|   -4.225333|    2.303030|    0.627716|    6.076895|
+-----------------------------------------------------------------------+
|        File Writing Summary       |              Filename             |
+-----------------------------------------------------------------------+
|Paraview ASCII surface             |wall_npr20_relax_SLAU2_dt025_00230.vtk|
|CSV file                           |wall_npr20_relax_SLAU2_dt025_00230.csv|
+-----------------------------------------------------------------------+
+-----------------------------------------------------------------------------+
|   Time_Iter|  Inner_Iter|    rms[Rho]|   rms[RhoE]|      rms[k]|      rms[w]|
+-----------------------------------------------------------------------------+
|         231|           0|   -1.467342|    4.585821|    2.411222|    6.077108|
|         231|           9|   -4.224150|    2.303099|    0.630001|    6.081971|
+-----------------------------------------------------------------------------+
|   Time_Iter|  Inner_Iter|    rms[Rho]|   rms[RhoE]|      rms[k]|      rms[w]|
+-----------------------------------------------------------------------------+
|         232|           0|   -1.467517|    4.583289|    2.410981|    6.082194|
|         232|           9|   -4.222496|    2.307547|    0.632058|    6.087178|
+-----------------------------------------------------------------------------+
|   Time_Iter|  Inner_Iter|    rms[Rho]|   rms[RhoE]|      rms[k]|      rms[w]|
+-----------------------------------------------------------------------------+
|         233|           0|   -1.467663|    4.583219|    2.410732|    6.087410|
|         233|           9|   -4.221255|    2.307754|    0.634123|    6.092499|
+-----------------------------------------------------------------------------+
|   Time_Iter|  Inner_Iter|    rms[Rho]|   rms[RhoE]|      rms[k]|      rms[w]|
+-----------------------------------------------------------------------------+
|         234|           0|   -1.467777|    4.586228|    2.410500|    6.092739|
|         234|           9|   -4.219763|    2.309665|    0.636433|    6.097907|
+-----------------------------------------------------------------------------+
|   Time_Iter|  Inner_Iter|    rms[Rho]|   rms[RhoE]|      rms[k]|      rms[w]|
+-----------------------------------------------------------------------------+
|         235|           0|   -1.467899|    4.589825|    2.410262|    6.098150|
|         235|           9|   -4.217850|    2.313982|    0.638701|    6.103365|
+-----------------------------------------------------------------------------+
|   Time_Iter|  Inner_Iter|    rms[Rho]|   rms[RhoE]|      rms[k]|      rms[w]|
+-----------------------------------------------------------------------------+
|         236|           0|   -1.468061|    4.590679|    2.410026|    6.103611|
|         236|           9|   -4.215246|    2.327469|    0.641049|    6.108846|
+-----------------------------------------------------------------------------+
|   Time_Iter|  Inner_Iter|    rms[Rho]|   rms[RhoE]|      rms[k]|      rms[w]|
+-----------------------------------------------------------------------------+
|         237|           0|   -1.468269|    4.586651|    2.409786|    6.109089|
|         237|           9|   -4.214244|    2.326299|    0.643245|    6.114303|
+-----------------------------------------------------------------------------+
|   Time_Iter|  Inner_Iter|    rms[Rho]|   rms[RhoE]|      rms[k]|      rms[w]|
+-----------------------------------------------------------------------------+
|         238|           0|   -1.468459|    4.582877|    2.409531|    6.114541|
|         238|           9|   -4.212693|    2.328344|    0.645359|    6.119699|
+-----------------------------------------------------------------------------+
|   Time_Iter|  Inner_Iter|    rms[Rho]|   rms[RhoE]|      rms[k]|      rms[w]|
+-----------------------------------------------------------------------------+
|         239|           0|   -1.468620|    4.581815|    2.409261|    6.119928|
|         239|           9|   -4.211033|    2.333406|    0.647690|    6.124983|
+-----------------------------------------------------------------------------+
|   Time_Iter|  Inner_Iter|    rms[Rho]|   rms[RhoE]|      rms[k]|      rms[w]|
+-----------------------------------------------------------------------------+
|         240|           0|   -1.468743|    4.583912|    2.409014|    6.125199|
|         240|           9|   -4.209793|    2.333468|    0.649952|    6.130107|
+-----------------------------------------------------------------------+
|        File Writing Summary       |              Filename             |
+-----------------------------------------------------------------------+
|Paraview ASCII surface             |wall_npr20_relax_SLAU2_dt025_00240.vtk|
|CSV file                           |wall_npr20_relax_SLAU2_dt025_00240.csv|
+-----------------------------------------------------------------------+
+-----------------------------------------------------------------------------+
|   Time_Iter|  Inner_Iter|    rms[Rho]|   rms[RhoE]|      rms[k]|      rms[w]|
+-----------------------------------------------------------------------------+
|         241|           0|   -1.468851|    4.588191|    2.408786|    6.130306|
|         241|           9|   -4.208170|    2.337530|    0.652159|    6.135018|
+-----------------------------------------------------------------------------+
|   Time_Iter|  Inner_Iter|    rms[Rho]|   rms[RhoE]|      rms[k]|      rms[w]|
+-----------------------------------------------------------------------------+
|         242|           0|   -1.468989|    4.590699|    2.408574|    6.135195|
|         242|           9|   -4.205831|    2.346519|    0.654440|    6.139668|
+-----------------------------------------------------------------------------+
|   Time_Iter|  Inner_Iter|    rms[Rho]|   rms[RhoE]|      rms[k]|      rms[w]|
+-----------------------------------------------------------------------------+
|         243|           0|   -1.469184|    4.588513|    2.408341|    6.139823|
|         243|           9|   -4.203924|    2.353886|    0.656783|    6.144029|
+-----------------------------------------------------------------------------+
|   Time_Iter|  Inner_Iter|    rms[Rho]|   rms[RhoE]|      rms[k]|      rms[w]|
+-----------------------------------------------------------------------------+
|         244|           0|   -1.469394|    4.583406|    2.408134|    6.144157|
|         244|           9|   -4.202935|    2.354003|    0.658697|    6.148025|
+-----------------------------------------------------------------------------+
|   Time_Iter|  Inner_Iter|    rms[Rho]|   rms[RhoE]|      rms[k]|      rms[w]|
+-----------------------------------------------------------------------------+
|         245|           0|   -1.469566|    4.581065|    2.407953|    6.148121|
|         245|           9|   -4.201320|    2.359133|    0.660984|    6.151631|
+-----------------------------------------------------------------------------+
|   Time_Iter|  Inner_Iter|    rms[Rho]|   rms[RhoE]|      rms[k]|      rms[w]|
+-----------------------------------------------------------------------------+
|         246|           0|   -1.469706|    4.581968|    2.407780|    6.151693|
|         246|           9|   -4.200008|    2.361708|    0.663033|    6.154748|
+-----------------------------------------------------------------------------+
|   Time_Iter|  Inner_Iter|    rms[Rho]|   rms[RhoE]|      rms[k]|      rms[w]|
+-----------------------------------------------------------------------------+
|         247|           0|   -1.469815|    4.585763|    2.407635|    6.154767|
|         247|           9|   -4.198640|    2.365124|    0.665197|    6.157304|
+-----------------------------------------------------------------------------+
|   Time_Iter|  Inner_Iter|    rms[Rho]|   rms[RhoE]|      rms[k]|      rms[w]|
+-----------------------------------------------------------------------------+
|         248|           0|   -1.469939|    4.589371|    2.407498|    6.157278|
|         248|           9|   -4.197003|    2.370069|    0.667229|    6.159252|
+-----------------------------------------------------------------------------+
|   Time_Iter|  Inner_Iter|    rms[Rho]|   rms[RhoE]|      rms[k]|      rms[w]|
+-----------------------------------------------------------------------------+
|         249|           0|   -1.470107|    4.589833|    2.407369|    6.159178|
|         249|           9|   -4.194586|    2.382407|    0.669005|    6.160540|
+-----------------------------------------------------------------------+
|        File Writing Summary       |              Filename             |
+-----------------------------------------------------------------------+
|SU2 binary restart                 |restart_npr20_relax_SLAU2_dt025_00249.dat|
+-----------------------------------------------------------------------+
+-----------------------------------------------------------------------------+
|   Time_Iter|  Inner_Iter|    rms[Rho]|   rms[RhoE]|      rms[k]|      rms[w]|
+-----------------------------------------------------------------------------+
|         250|           0|   -1.470327|    4.585101|    2.407270|    6.160415|
|         250|           9|   -4.193780|    2.383383|    0.670779|    6.161134|
+-----------------------------------------------------------------------+
|        File Writing Summary       |              Filename             |
+-----------------------------------------------------------------------+
|SU2 binary restart                 |restart_npr20_relax_SLAU2_dt025_00250.dat|
|Paraview ASCII surface             |wall_npr20_relax_SLAU2_dt025_00250.vtk|
|CSV file                           |wall_npr20_relax_SLAU2_dt025_00250.csv|
+-----------------------------------------------------------------------+
+-----------------------------------------------------------------------------+
|   Time_Iter|  Inner_Iter|    rms[Rho]|   rms[RhoE]|      rms[k]|      rms[w]|
+-----------------------------------------------------------------------------+
|         251|           0|   -1.470520|    4.580785|    2.407190|    6.160957|
|         251|           9|   -4.192754|    2.384662|    0.672178|    6.161011|
+-----------------------------------------------------------------------------+
|   Time_Iter|  Inner_Iter|    rms[Rho]|   rms[RhoE]|      rms[k]|      rms[w]|
+-----------------------------------------------------------------------------+
|         252|           0|   -1.470673|    4.580288|    2.407075|    6.160787|
|         252|           9|   -4.191224|    2.391409|    0.674114|    6.160143|
+-----------------------------------------------------------------------------+
|   Time_Iter|  Inner_Iter|    rms[Rho]|   rms[RhoE]|      rms[k]|      rms[w]|
+-----------------------------------------------------------------------------+
|         253|           0|   -1.470794|    4.582686|    2.406953|    6.159862|
|         253|           9|   -4.190210|    2.393655|    0.676074|    6.158430|
+-----------------------------------------------------------------------------+
|   Time_Iter|  Inner_Iter|    rms[Rho]|   rms[RhoE]|      rms[k]|      rms[w]|
+-----------------------------------------------------------------------------+
|         254|           0|   -1.470904|    4.586938|    2.406847|    6.158092|
|         254|           9|   -4.188857|    2.398565|    0.678536|    6.155880|
+-----------------------------------------------------------------------------+
|   Time_Iter|  Inner_Iter|    rms[Rho]|   rms[RhoE]|      rms[k]|      rms[w]|
+-----------------------------------------------------------------------------+
|         255|           0|   -1.471050|    4.589262|    2.406765|    6.155500|
|         255|           9|   -4.187071|    2.405046|    0.680424|    6.152672|
+-----------------------------------------------------------------------------+
|   Time_Iter|  Inner_Iter|    rms[Rho]|   rms[RhoE]|      rms[k]|      rms[w]|
+-----------------------------------------------------------------------------+
|         256|           0|   -1.471248|    4.587460|    2.406711|    6.152255|
|         256|           9|   -4.185264|    2.415046|    0.681690|    6.148670|
+-----------------------------------------------------------------------------+
|   Time_Iter|  Inner_Iter|    rms[Rho]|   rms[RhoE]|      rms[k]|      rms[w]|
+-----------------------------------------------------------------------------+
|         257|           0|   -1.471473|    4.581458|    2.406624|    6.148208|
|         257|           9|   -4.184834|    2.414116|    0.683058|    6.143825|
+-----------------------------------------------------------------------------+
|   Time_Iter|  Inner_Iter|    rms[Rho]|   rms[RhoE]|      rms[k]|      rms[w]|
+-----------------------------------------------------------------------------+
|         258|           0|   -1.471642|    4.579217|    2.406524|    6.143318|
|         258|           9|   -4.183473|    2.418920|    0.684666|    6.138238|
+-----------------------------------------------------------------------------+
|   Time_Iter|  Inner_Iter|    rms[Rho]|   rms[RhoE]|      rms[k]|      rms[w]|
+-----------------------------------------------------------------------------+
|         259|           0|   -1.471781|    4.580451|    2.406410|    6.137716|
|         259|           9|   -4.182254|    2.424032|    0.686332|    6.131954|
+-----------------------------------------------------------------------------+
|   Time_Iter|  Inner_Iter|    rms[Rho]|   rms[RhoE]|      rms[k]|      rms[w]|
+-----------------------------------------------------------------------------+
|         260|           0|   -1.471891|    4.584363|    2.406305|    6.131386|
|         260|           9|   -4.181201|    2.427141|    0.687955|    6.124764|
+-----------------------------------------------------------------------+
|        File Writing Summary       |              Filename             |
+-----------------------------------------------------------------------+
|Paraview ASCII surface             |wall_npr20_relax_SLAU2_dt025_00260.vtk|
|CSV file                           |wall_npr20_relax_SLAU2_dt025_00260.csv|
+-----------------------------------------------------------------------+
+-----------------------------------------------------------------------------+
|   Time_Iter|  Inner_Iter|    rms[Rho]|   rms[RhoE]|      rms[k]|      rms[w]|
+-----------------------------------------------------------------------------+
|         261|           0|   -1.472015|    4.588163|    2.406186|    6.124153|
|         261|           9|   -4.179964|    2.431703|    0.689815|    6.116687|
+-----------------------------------------------------------------------------+
|   Time_Iter|  Inner_Iter|    rms[Rho]|   rms[RhoE]|      rms[k]|      rms[w]|
+-----------------------------------------------------------------------------+
|         262|           0|   -1.472185|    4.588762|    2.406056|    6.116039|
|         262|           9|   -4.177641|    2.441782|    0.691975|    6.107763|
+-----------------------------------------------------------------------------+
|   Time_Iter|  Inner_Iter|    rms[Rho]|   rms[RhoE]|      rms[k]|      rms[w]|
+-----------------------------------------------------------------------------+
|         263|           0|   -1.472418|    4.583689|    2.405968|    6.107084|
|         263|           9|   -4.176671|    2.446334|    0.694100|    6.098020|
+-----------------------------------------------------------------------------+
|   Time_Iter|  Inner_Iter|    rms[Rho]|   rms[RhoE]|      rms[k]|      rms[w]|
+-----------------------------------------------------------------------------+
|         264|           0|   -1.472625|    4.577944|    2.405889|    6.097316|
|         264|           9|   -4.176121|    2.446515|    0.696126|    6.087496|
+-----------------------------------------------------------------------------+
|   Time_Iter|  Inner_Iter|    rms[Rho]|   rms[RhoE]|      rms[k]|      rms[w]|
+-----------------------------------------------------------------------------+
|         265|           0|   -1.472771|    4.577987|    2.405797|    6.086772|
|         265|           9|   -4.174626|    2.452793|    0.697997|    6.076223|
+-----------------------------------------------------------------------------+
|   Time_Iter|  Inner_Iter|    rms[Rho]|   rms[RhoE]|      rms[k]|      rms[w]|
+-----------------------------------------------------------------------------+
|         266|           0|   -1.472887|    4.581419|    2.405702|    6.075484|
|         266|           9|   -4.173670|    2.455851|    0.700056|    6.064232|
+-----------------------------------------------------------------------------+
|   Time_Iter|  Inner_Iter|    rms[Rho]|   rms[RhoE]|      rms[k]|      rms[w]|
+-----------------------------------------------------------------------------+
|         267|           0|   -1.472993|    4.586053|    2.405634|    6.063482|
|         267|           9|   -4.172647|    2.458967|    0.702076|    6.051573|
+-----------------------------------------------------------------------------+
|   Time_Iter|  Inner_Iter|    rms[Rho]|   rms[RhoE]|      rms[k]|      rms[w]|
+-----------------------------------------------------------------------------+
|         268|           0|   -1.473140|    4.588427|    2.405597|    6.050819|
|         268|           9|   -4.171215|    2.464152|    0.703940|    6.038311|
+-----------------------------------------------------------------------------+
|   Time_Iter|  Inner_Iter|    rms[Rho]|   rms[RhoE]|      rms[k]|      rms[w]|
+-----------------------------------------------------------------------------+
|         269|           0|   -1.473337|    4.586912|    2.405540|    6.037562|
|         269|           9|   -4.169049|    2.474516|    0.705682|    6.024513|
+-----------------------------------------------------------------------------+
|   Time_Iter|  Inner_Iter|    rms[Rho]|   rms[RhoE]|      rms[k]|      rms[w]|
+-----------------------------------------------------------------------------+
|         270|           0|   -1.473582|    4.579741|    2.405510|    6.023769|
|         270|           9|   -4.168633|    2.475369|    0.707278|    6.010209|
+-----------------------------------------------------------------------+
|        File Writing Summary       |              Filename             |
+-----------------------------------------------------------------------+
|Paraview ASCII surface             |wall_npr20_relax_SLAU2_dt025_00270.vtk|
|CSV file                           |wall_npr20_relax_SLAU2_dt025_00270.csv|
+-----------------------------------------------------------------------+
+-----------------------------------------------------------------------------+
|   Time_Iter|  Inner_Iter|    rms[Rho]|   rms[RhoE]|      rms[k]|      rms[w]|
+-----------------------------------------------------------------------------+
|         271|           0|   -1.473759|    4.576401|    2.405498|    6.009472|
|         271|           9|   -4.167842|    2.477507|    0.708829|    5.995380|
+-----------------------------------------------------------------------------+
|   Time_Iter|  Inner_Iter|    rms[Rho]|   rms[RhoE]|      rms[k]|      rms[w]|
+-----------------------------------------------------------------------------+
|         272|           0|   -1.473894|    4.578305|    2.405284|    5.994657|
|         272|           9|   -4.166522|    2.482910|    0.710283|    5.980244|
+-----------------------------------------------------------------------------+
|   Time_Iter|  Inner_Iter|    rms[Rho]|   rms[RhoE]|      rms[k]|      rms[w]|
+-----------------------------------------------------------------------------+
|         273|           0|   -1.474002|    4.582887|    2.405014|    5.979560|
|         273|           9|   -4.165688|    2.485463|    0.711922|    5.965112|
+-----------------------------------------------------------------------------+
|   Time_Iter|  Inner_Iter|    rms[Rho]|   rms[RhoE]|      rms[k]|      rms[w]|
+-----------------------------------------------------------------------------+
|         274|           0|   -1.474124|    4.586724|    2.404787|    5.964488|
|         274|           9|   -4.164715|    2.489128|    0.713276|    5.951774|
+-----------------------------------------------------------------------------+
|   Time_Iter|  Inner_Iter|    rms[Rho]|   rms[RhoE]|      rms[k]|      rms[w]|
+-----------------------------------------------------------------------------+
|         275|           0|   -1.474291|    4.587353|    2.404639|    5.951449|
|         275|           9|   -4.163159|    2.494510|    0.714807|    5.939904|
+-----------------------------------------------------------------------------+
|   Time_Iter|  Inner_Iter|    rms[Rho]|   rms[RhoE]|      rms[k]|      rms[w]|
+-----------------------------------------------------------------------------+
|         276|           0|   -1.474507|    4.583689|    2.404537|    5.939654|
|         276|           9|   -4.161446|    2.503519|    0.716072|    5.928898|
+-----------------------------------------------------------------------------+
|   Time_Iter|  Inner_Iter|    rms[Rho]|   rms[RhoE]|      rms[k]|      rms[w]|
+-----------------------------------------------------------------------------+
|         277|           0|   -1.474730|    4.576913|    2.404454|    5.928732|
|         277|           9|   -4.161390|    2.502607|    0.717294|    5.918825|
+-----------------------------------------------------------------------------+
|   Time_Iter|  Inner_Iter|    rms[Rho]|   rms[RhoE]|      rms[k]|      rms[w]|
+-----------------------------------------------------------------------------+
|         278|           0|   -1.474877|    4.576268|    2.404394|    5.918723|
|         278|           9|   -4.160464|    2.505964|    0.718780|    5.910221|
+-----------------------------------------------------------------------------+
|   Time_Iter|  Inner_Iter|    rms[Rho]|   rms[RhoE]|      rms[k]|      rms[w]|
+-----------------------------------------------------------------------------+
|         279|           0|   -1.474994|    4.579699|    2.404291|    5.910285|
|         279|           9|   -4.159157|    2.511715|    0.720047|    5.902947|
+-----------------------------------------------------------------------------+
|   Time_Iter|  Inner_Iter|    rms[Rho]|   rms[RhoE]|      rms[k]|      rms[w]|
+-----------------------------------------------------------------------------+
|         280|           0|   -1.475107|    4.583852|    2.404140|    5.903053|
|         280|           9|   -4.158382|    2.514776|    0.721100|    5.896588|
+-----------------------------------------------------------------------+
|        File Writing Summary       |              Filename             |
+-----------------------------------------------------------------------+
|Paraview ASCII surface             |wall_npr20_relax_SLAU2_dt025_00280.vtk|
|CSV file                           |wall_npr20_relax_SLAU2_dt025_00280.csv|
+-----------------------------------------------------------------------+
+-----------------------------------------------------------------------------+
|   Time_Iter|  Inner_Iter|    rms[Rho]|   rms[RhoE]|      rms[k]|      rms[w]|
+-----------------------------------------------------------------------------+
|         281|           0|   -1.475243|    4.586333|    2.403926|    5.896743|
|         281|           9|   -4.157485|    2.518306|    0.722162|    5.891397|
+-----------------------------------------------------------------------------+
|   Time_Iter|  Inner_Iter|    rms[Rho]|   rms[RhoE]|      rms[k]|      rms[w]|
+-----------------------------------------------------------------------------+
|         282|           0|   -1.475418|    4.585854|    2.403754|    5.891627|
|         282|           9|   -4.155907|    2.524289|    0.722980|    5.887836|
+-----------------------------------------------------------------------------+
|   Time_Iter|  Inner_Iter|    rms[Rho]|   rms[RhoE]|      rms[k]|      rms[w]|
+-----------------------------------------------------------------------------+
|         283|           0|   -1.475638|    4.581163|    2.403590|    5.888170|
|         283|           9|   -4.154660|    2.531415|    0.724277|    5.886886|
+-----------------------------------------------------------------------------+
|   Time_Iter|  Inner_Iter|    rms[Rho]|   rms[RhoE]|      rms[k]|      rms[w]|
+-----------------------------------------------------------------------------+
|         284|           0|   -1.475836|    4.575756|    2.403443|    5.887820|
|         284|           9|   -4.154647|    2.531052|    0.726121|    5.892908|
+-----------------------------------------------------------------------------+
|   Time_Iter|  Inner_Iter|    rms[Rho]|   rms[RhoE]|      rms[k]|      rms[w]|
+-----------------------------------------------------------------------------+
|         285|           0|   -1.475965|    4.576779|    2.403353|    5.893814|
|         285|           9|   -4.153774|    2.535135|    0.727783|    5.898808|
+-----------------------------------------------------------------------------+
|   Time_Iter|  Inner_Iter|    rms[Rho]|   rms[RhoE]|      rms[k]|      rms[w]|
+-----------------------------------------------------------------------------+
|         286|           0|   -1.476071|    4.580852|    2.403269|    5.899540|
|         286|           9|   -4.152687|    2.540298|    0.729218|    5.905305|
+-----------------------------------------------------------------------------+
|   Time_Iter|  Inner_Iter|    rms[Rho]|   rms[RhoE]|      rms[k]|      rms[w]|
+-----------------------------------------------------------------------------+
|         287|           0|   -1.476187|    4.584321|    2.403194|    5.906081|
|         287|           9|   -4.152086|    2.543169|    0.730544|    5.914155|
+-----------------------------------------------------------------------------+
|   Time_Iter|  Inner_Iter|    rms[Rho]|   rms[RhoE]|      rms[k]|      rms[w]|
+-----------------------------------------------------------------------------+
|         288|           0|   -1.476332|    4.585630|    2.403109|    5.915111|
|         288|           9|   -4.151315|    2.546769|    0.731560|    5.926444|
+-----------------------------------------------------------------------------+
|   Time_Iter|  Inner_Iter|    rms[Rho]|   rms[RhoE]|      rms[k]|      rms[w]|
+-----------------------------------------------------------------------------+
|         289|           0|   -1.476515|    4.584042|    2.403051|    5.927654|
|         289|           9|   -4.149932|    2.552363|    0.732678|    5.942709|
+-----------------------------------------------------------------------------+
|   Time_Iter|  Inner_Iter|    rms[Rho]|   rms[RhoE]|      rms[k]|      rms[w]|
+-----------------------------------------------------------------------------+
|         290|           0|   -1.476728|    4.578931|    2.402992|    5.944167|
|         290|           9|   -4.149058|    2.557658|    0.733970|    5.962662|
+-----------------------------------------------------------------------+
|        File Writing Summary       |              Filename             |
+-----------------------------------------------------------------------+
|Paraview ASCII surface             |wall_npr20_relax_SLAU2_dt025_00290.vtk|
|CSV file                           |wall_npr20_relax_SLAU2_dt025_00290.csv|
+-----------------------------------------------------------------------+
+-----------------------------------------------------------------------------+
|   Time_Iter|  Inner_Iter|    rms[Rho]|   rms[RhoE]|      rms[k]|      rms[w]|
+-----------------------------------------------------------------------------+
|         291|           0|   -1.476902|    4.574883|    2.402910|    5.964378|
|         291|           9|   -4.149223|    2.557378|    0.735343|    5.986285|
+-----------------------------------------------------------------------------+
|   Time_Iter|  Inner_Iter|    rms[Rho]|   rms[RhoE]|      rms[k]|      rms[w]|
+-----------------------------------------------------------------------------+
|         292|           0|   -1.477013|    4.577206|    2.402732|    5.988233|
|         292|           9|   -4.148563|    2.560986|    0.737036|    6.013067|
+-----------------------------------------------------------------------------+
|   Time_Iter|  Inner_Iter|    rms[Rho]|   rms[RhoE]|      rms[k]|      rms[w]|
+-----------------------------------------------------------------------------+
|         293|           0|   -1.477113|    4.581845|    2.402581|    6.015205|
|         293|           9|   -4.147716|    2.565082|    0.738805|    6.042336|
+-----------------------------------------------------------------------------+
|   Time_Iter|  Inner_Iter|    rms[Rho]|   rms[RhoE]|      rms[k]|      rms[w]|
+-----------------------------------------------------------------------------+
|         294|           0|   -1.477234|    4.584809|    2.402456|    6.044589|
|         294|           9|   -4.147164|    2.568072|    0.739929|    6.073176|
+-----------------------------------------------------------------------------+
|   Time_Iter|  Inner_Iter|    rms[Rho]|   rms[RhoE]|      rms[k]|      rms[w]|
+-----------------------------------------------------------------------------+
|         295|           0|   -1.477391|    4.584739|    2.402361|    6.075510|
|         295|           9|   -4.146679|    2.570625|    0.741153|    6.105157|
+-----------------------------------------------------------------------------+
|   Time_Iter|  Inner_Iter|    rms[Rho]|   rms[RhoE]|      rms[k]|      rms[w]|
+-----------------------------------------------------------------------------+
|         296|           0|   -1.477577|    4.582030|    2.402295|    6.107536|
|         296|           9|   -4.145615|    2.575510|    0.742419|    6.137763|
+-----------------------------------------------------------------------------+
|   Time_Iter|  Inner_Iter|    rms[Rho]|   rms[RhoE]|      rms[k]|      rms[w]|
+-----------------------------------------------------------------------------+
|         297|           0|   -1.477779|    4.577057|    2.402233|    6.140157|
|         297|           9|   -4.144869|    2.580458|    0.743858|    6.170596|
+-----------------------------------------------------------------------------+
|   Time_Iter|  Inner_Iter|    rms[Rho]|   rms[RhoE]|      rms[k]|      rms[w]|
+-----------------------------------------------------------------------------+
|         298|           0|   -1.477936|    4.574431|    2.402149|    6.172976|
|         298|           9|   -4.145198|    2.580041|    0.745140|    6.203288|
+-----------------------------------------------------------------------------+
|   Time_Iter|  Inner_Iter|    rms[Rho]|   rms[RhoE]|      rms[k]|      rms[w]|
+-----------------------------------------------------------------------------+
|         299|           0|   -1.478039|    4.577703|    2.402058|    6.205635|
|         299|           9|   -4.144835|    2.582685|    0.746625|    6.235507|
+-----------------------------------------------------------------------+
|        File Writing Summary       |              Filename             |
+-----------------------------------------------------------------------+
|SU2 binary restart                 |restart_npr20_relax_SLAU2_dt025_00299.dat|
+-----------------------------------------------------------------------+
+-----------------------------------------------------------------------------+
|   Time_Iter|  Inner_Iter|    rms[Rho]|   rms[RhoE]|      rms[k]|      rms[w]|
+-----------------------------------------------------------------------------+
|         300|           0|   -1.478141|    4.582065|    2.401971|    6.237772|
|         300|           9|   -4.144141|    2.586371|    0.748095|    6.266644|
+-----------------------------------------------------------------------+
|        File Writing Summary       |              Filename             |
+-----------------------------------------------------------------------+
|SU2 binary restart                 |restart_npr20_relax_SLAU2_dt025_00300.dat|
|Paraview ASCII                     |flow_npr20_relax_SLAU2_dt025_00300.vtk|
|Paraview ASCII surface             |wall_npr20_relax_SLAU2_dt025_00300.vtk|
|CSV file                           |wall_npr20_relax_SLAU2_dt025_00300.csv|
+-----------------------------------------------------------------------+
+-----------------------------------------------------------------------------+
|   Time_Iter|  Inner_Iter|    rms[Rho]|   rms[RhoE]|      rms[k]|      rms[w]|
+-----------------------------------------------------------------------------+
|         301|           0|   -1.478270|    4.584194|    2.401922|    6.268790|
|         301|           9|   -4.143503|    2.590308|    0.749807|    6.296501|
+-----------------------------------------------------------------------------+
|   Time_Iter|  Inner_Iter|    rms[Rho]|   rms[RhoE]|      rms[k]|      rms[w]|
+-----------------------------------------------------------------------------+
|         302|           0|   -1.478436|    4.582771|    2.401918|    6.298523|
|         302|           9|   -4.143127|    2.592850|    0.751070|    6.324749|
+-----------------------------------------------------------------------------+
|   Time_Iter|  Inner_Iter|    rms[Rho]|   rms[RhoE]|      rms[k]|      rms[w]|
+-----------------------------------------------------------------------------+
|         303|           0|   -1.478615|    4.580057|    2.401930|    6.326602|
|         303|           9|   -4.142466|    2.596562|    0.752761|    6.351168|
+-----------------------------------------------------------------------------+
|   Time_Iter|  Inner_Iter|    rms[Rho]|   rms[RhoE]|      rms[k]|      rms[w]|
+-----------------------------------------------------------------------------+
|         304|           0|   -1.478798|    4.576419|    2.401943|    6.352847|
|         304|           9|   -4.141857|    2.601053|    0.754210|    6.375520|
+-----------------------------------------------------------------------------+
|   Time_Iter|  Inner_Iter|    rms[Rho]|   rms[RhoE]|      rms[k]|      rms[w]|
+-----------------------------------------------------------------------------+
|         305|           0|   -1.478950|    4.574793|    2.401956|    6.376991|
|         305|           9|   -4.142120|    2.601546|    0.755634|    6.397501|
+-----------------------------------------------------------------------------+
|   Time_Iter|  Inner_Iter|    rms[Rho]|   rms[RhoE]|      rms[k]|      rms[w]|
+-----------------------------------------------------------------------------+
|         306|           0|   -1.479058|    4.577671|    2.401952|    6.398741|
|         306|           9|   -4.142031|    2.603250|    0.757319|    6.416875|
+-----------------------------------------------------------------------------+
|   Time_Iter|  Inner_Iter|    rms[Rho]|   rms[RhoE]|      rms[k]|      rms[w]|
+-----------------------------------------------------------------------------+
|         307|           0|   -1.479174|    4.580923|    2.401865|    6.417853|
|         307|           9|   -4.141829|    2.605401|    0.758786|    6.433358|
+-----------------------------------------------------------------------------+
|   Time_Iter|  Inner_Iter|    rms[Rho]|   rms[RhoE]|      rms[k]|      rms[w]|
+-----------------------------------------------------------------------------+
|         308|           0|   -1.479307|    4.582683|    2.401777|    6.434073|
|         308|           9|   -4.141303|    2.608953|    0.760185|    6.446954|
+-----------------------------------------------------------------------------+
|   Time_Iter|  Inner_Iter|    rms[Rho]|   rms[RhoE]|      rms[k]|      rms[w]|
+-----------------------------------------------------------------------------+
|         309|           0|   -1.479472|    4.581280|    2.401727|    6.447400|
|         309|           9|   -4.141142|    2.610892|    0.761532|    6.457523|
+-----------------------------------------------------------------------------+
|   Time_Iter|  Inner_Iter|    rms[Rho]|   rms[RhoE]|      rms[k]|      rms[w]|
+-----------------------------------------------------------------------------+
|         310|           0|   -1.479645|    4.578914|    2.401652|    6.457694|
|         310|           9|   -4.141169|    2.612311|    0.762760|    6.465174|
+-----------------------------------------------------------------------+
|        File Writing Summary       |              Filename             |
+-----------------------------------------------------------------------+
|Paraview ASCII surface             |wall_npr20_relax_SLAU2_dt025_00310.vtk|
|CSV file                           |wall_npr20_relax_SLAU2_dt025_00310.csv|
+-----------------------------------------------------------------------+
+-----------------------------------------------------------------------------+
|   Time_Iter|  Inner_Iter|    rms[Rho]|   rms[RhoE]|      rms[k]|      rms[w]|
+-----------------------------------------------------------------------------+
|         311|           0|   -1.479815|    4.576501|    2.401556|    6.465086|
|         311|           9|   -4.140646|    2.616013|    0.764709|    6.469904|
+-----------------------------------------------------------------------------+
|   Time_Iter|  Inner_Iter|    rms[Rho]|   rms[RhoE]|      rms[k]|      rms[w]|
+-----------------------------------------------------------------------------+
|         312|           0|   -1.479968|    4.575085|    2.401473|    6.469555|
|         312|           9|   -4.141292|    2.615400|    0.766346|    6.471675|
+-----------------------------------------------------------------------------+
|   Time_Iter|  Inner_Iter|    rms[Rho]|   rms[RhoE]|      rms[k]|      rms[w]|
+-----------------------------------------------------------------------------+
|         313|           0|   -1.480086|    4.576783|    2.401427|    6.471071|
|         313|           9|   -4.141779|    2.615373|    0.767757|    6.470595|
+-----------------------------------------------------------------------------+
|   Time_Iter|  Inner_Iter|    rms[Rho]|   rms[RhoE]|      rms[k]|      rms[w]|
+-----------------------------------------------------------------------------+
|         314|           0|   -1.480205|    4.579523|    2.401418|    6.469763|
|         314|           9|   -4.142090|    2.615973|    0.768904|    6.466796|
+-----------------------------------------------------------------------------+
|   Time_Iter|  Inner_Iter|    rms[Rho]|   rms[RhoE]|      rms[k]|      rms[w]|
+-----------------------------------------------------------------------------+
|         315|           0|   -1.480338|    4.581045|    2.401425|    6.465742|
|         315|           9|   -4.142011|    2.617890|    0.770428|    6.460373|
+-----------------------------------------------------------------------------+
|   Time_Iter|  Inner_Iter|    rms[Rho]|   rms[RhoE]|      rms[k]|      rms[w]|
+-----------------------------------------------------------------------------+
|         316|           0|   -1.480490|    4.580662|    2.401453|    6.459122|
|         316|           9|   -4.142025|    2.619279|    0.771997|    6.451612|
+-----------------------------------------------------------------------------+
|   Time_Iter|  Inner_Iter|    rms[Rho]|   rms[RhoE]|      rms[k]|      rms[w]|
+-----------------------------------------------------------------------------+
|         317|           0|   -1.480661|    4.578288|    2.401501|    6.450213|
|         317|           9|   -4.142718|    2.619250|    0.773493|    6.440792|
+-----------------------------------------------------------------------------+
|   Time_Iter|  Inner_Iter|    rms[Rho]|   rms[RhoE]|      rms[k]|      rms[w]|
+-----------------------------------------------------------------------------+
|         318|           0|   -1.480818|    4.576685|    2.401564|    6.439236|
|         318|           9|   -4.142776|    2.620290|    0.774874|    6.427965|
+-----------------------------------------------------------------------------+
|   Time_Iter|  Inner_Iter|    rms[Rho]|   rms[RhoE]|      rms[k]|      rms[w]|
+-----------------------------------------------------------------------------+
|         319|           0|   -1.480971|    4.575712|    2.401599|    6.426307|
|         319|           9|   -4.143214|    2.621686|    0.776455|    6.413362|
+-----------------------------------------------------------------------------+
|   Time_Iter|  Inner_Iter|    rms[Rho]|   rms[RhoE]|      rms[k]|      rms[w]|
+-----------------------------------------------------------------------------+
|         320|           0|   -1.481101|    4.575922|    2.401668|    6.411607|
|         320|           9|   -4.144148|    2.620447|    0.778038|    6.397424|
+-----------------------------------------------------------------------+
|        File Writing Summary       |              Filename             |
+-----------------------------------------------------------------------+
|Paraview ASCII surface             |wall_npr20_relax_SLAU2_dt025_00320.vtk|
|CSV file                           |wall_npr20_relax_SLAU2_dt025_00320.csv|
+-----------------------------------------------------------------------+
+-----------------------------------------------------------------------------+
|   Time_Iter|  Inner_Iter|    rms[Rho]|   rms[RhoE]|      rms[k]|      rms[w]|
+-----------------------------------------------------------------------------+
|         321|           0|   -1.481216|    4.578459|    2.401733|    6.395670|
|         321|           9|   -4.144764|    2.620425|    0.779397|    6.380471|
+-----------------------------------------------------------------------------+
|   Time_Iter|  Inner_Iter|    rms[Rho]|   rms[RhoE]|      rms[k]|      rms[w]|
+-----------------------------------------------------------------------------+
|         322|           0|   -1.481351|    4.579493|    2.401639|    6.378651|
|         322|           9|   -4.145352|    2.620971|    0.780843|    6.362114|
+-----------------------------------------------------------------------------+
|   Time_Iter|  Inner_Iter|    rms[Rho]|   rms[RhoE]|      rms[k]|      rms[w]|
+-----------------------------------------------------------------------------+
|         323|           0|   -1.481490|    4.579834|    2.401574|    6.360254|
|         323|           9|   -4.145329|    2.622719|    0.782154|    6.342627|
+-----------------------------------------------------------------------------+
|   Time_Iter|  Inner_Iter|    rms[Rho]|   rms[RhoE]|      rms[k]|      rms[w]|
+-----------------------------------------------------------------------------+
|         324|           0|   -1.481649|    4.578629|    2.401517|    6.340762|
|         324|           9|   -4.146108|    2.623216|    0.783385|    6.322291|
+-----------------------------------------------------------------------------+
|   Time_Iter|  Inner_Iter|    rms[Rho]|   rms[RhoE]|      rms[k]|      rms[w]|
+-----------------------------------------------------------------------------+
|         325|           0|   -1.481805|    4.576751|    2.401428|    6.320435|
|         325|           9|   -4.147109|    2.622174|    0.784890|    6.301573|
+-----------------------------------------------------------------------------+
|   Time_Iter|  Inner_Iter|    rms[Rho]|   rms[RhoE]|      rms[k]|      rms[w]|
+-----------------------------------------------------------------------------+
|         326|           0|   -1.481944|    4.576729|    2.401386|    6.299794|
|         326|           9|   -4.147263|    2.624868|    0.786264|    6.280721|
+-----------------------------------------------------------------------------+
|   Time_Iter|  Inner_Iter|    rms[Rho]|   rms[RhoE]|      rms[k]|      rms[w]|
+-----------------------------------------------------------------------------+
|         327|           0|   -1.482090|    4.575795|    2.401400|    6.278969|
|         327|           9|   -4.148681|    2.622768|    0.787662|    6.259945|
+-----------------------------------------------------------------------------+
|   Time_Iter|  Inner_Iter|    rms[Rho]|   rms[RhoE]|      rms[k]|      rms[w]|
+-----------------------------------------------------------------------------+
|         328|           0|   -1.482201|    4.577923|    2.401459|    6.258349|
|         328|           9|   -4.149436|    2.622739|    0.788960|    6.240745|
+-----------------------------------------------------------------------------+
|   Time_Iter|  Inner_Iter|    rms[Rho]|   rms[RhoE]|      rms[k]|      rms[w]|
+-----------------------------------------------------------------------------+
|         329|           0|   -1.482332|    4.579095|    2.401533|    6.239403|
|         329|           9|   -4.150099|    2.623578|    0.790383|    6.223006|
+-----------------------------------------------------------------------------+
|   Time_Iter|  Inner_Iter|    rms[Rho]|   rms[RhoE]|      rms[k]|      rms[w]|
+-----------------------------------------------------------------------------+
|         330|           0|   -1.482458|    4.580436|    2.401608|    6.221661|
|         330|           9|   -4.150928|    2.623552|    0.791648|    6.207293|
+-----------------------------------------------------------------------+
|        File Writing Summary       |              Filename             |
+-----------------------------------------------------------------------+
|Paraview ASCII surface             |wall_npr20_relax_SLAU2_dt025_00330.vtk|
|CSV file                           |wall_npr20_relax_SLAU2_dt025_00330.csv|
+-----------------------------------------------------------------------+
+-----------------------------------------------------------------------------+
|   Time_Iter|  Inner_Iter|    rms[Rho]|   rms[RhoE]|      rms[k]|      rms[w]|
+-----------------------------------------------------------------------------+
|         331|           0|   -1.482595|    4.581052|    2.401651|    6.206487|
|         331|           9|   -4.151152|    2.626350|    0.792621|    6.197141|
+-----------------------------------------------------------------------------+
|   Time_Iter|  Inner_Iter|    rms[Rho]|   rms[RhoE]|      rms[k]|      rms[w]|
+-----------------------------------------------------------------------------+
|         332|           0|   -1.482749|    4.579515|    2.401726|    6.196806|
|         332|           9|   -4.152457|    2.625498|    0.793611|    6.192087|
+-----------------------------------------------------------------------------+
|   Time_Iter|  Inner_Iter|    rms[Rho]|   rms[RhoE]|      rms[k]|      rms[w]|
+-----------------------------------------------------------------------------+
|         333|           0|   -1.482882|    4.579265|    2.401832|    6.192155|
|         333|           9|   -4.152886|    2.626607|    0.794794|    6.191390|
+-----------------------------------------------------------------------------+
|   Time_Iter|  Inner_Iter|    rms[Rho]|   rms[RhoE]|      rms[k]|      rms[w]|
+-----------------------------------------------------------------------------+
|         334|           0|   -1.483024|    4.578608|    2.401970|    6.191664|
|         334|           9|   -4.153966|    2.627362|    0.795898|    6.199565|
+-----------------------------------------------------------------------------+
|   Time_Iter|  Inner_Iter|    rms[Rho]|   rms[RhoE]|      rms[k]|      rms[w]|
+-----------------------------------------------------------------------------+
|         335|           0|   -1.483142|    4.579116|    2.402140|    6.200922|
|         335|           9|   -4.155458|    2.625957|    0.797164|    6.212288|
+-----------------------------------------------------------------------------+
|   Time_Iter|  Inner_Iter|    rms[Rho]|   rms[RhoE]|      rms[k]|      rms[w]|
+-----------------------------------------------------------------------------+
|         336|           0|   -1.483251|    4.581047|    2.402351|    6.213453|
|         336|           9|   -4.156237|    2.627127|    0.798391|    6.224952|
+-----------------------------------------------------------------------------+
|   Time_Iter|  Inner_Iter|    rms[Rho]|   rms[RhoE]|      rms[k]|      rms[w]|
+-----------------------------------------------------------------------------+
|         337|           0|   -1.483367|    4.582582|    2.402515|    6.226074|
|         337|           9|   -4.157259|    2.627299|    0.799569|    6.238597|
+-----------------------------------------------------------------------------+
|   Time_Iter|  Inner_Iter|    rms[Rho]|   rms[RhoE]|      rms[k]|      rms[w]|
+-----------------------------------------------------------------------------+
|         338|           0|   -1.483488|    4.583843|    2.402480|    6.239758|
|         338|           9|   -4.157823|    2.629339|    0.800766|    6.253561|
+-----------------------------------------------------------------------------+
|   Time_Iter|  Inner_Iter|    rms[Rho]|   rms[RhoE]|      rms[k]|      rms[w]|
+-----------------------------------------------------------------------------+
|         339|           0|   -1.483624|    4.583557|    2.402426|    6.254779|
|         339|           9|   -4.158849|    2.629582|    0.802027|    6.269818|
+-----------------------------------------------------------------------------+
|   Time_Iter|  Inner_Iter|    rms[Rho]|   rms[RhoE]|      rms[k]|      rms[w]|
+-----------------------------------------------------------------------------+
|         340|           0|   -1.483765|    4.582324|    2.402399|    6.271086|
|         340|           9|   -4.159945|    2.630208|    0.803039|    6.287077|
+-----------------------------------------------------------------------+
|        File Writing Summary       |              Filename             |
+-----------------------------------------------------------------------+
|Paraview ASCII surface             |wall_npr20_relax_SLAU2_dt025_00340.vtk|
|CSV file                           |wall_npr20_relax_SLAU2_dt025_00340.csv|
+-----------------------------------------------------------------------+
+-----------------------------------------------------------------------------+
|   Time_Iter|  Inner_Iter|    rms[Rho]|   rms[RhoE]|      rms[k]|      rms[w]|
+-----------------------------------------------------------------------------+
|         341|           0|   -1.483900|    4.581480|    2.402397|    6.288368|
|         341|           9|   -4.160475|    2.632983|    0.804101|    6.304796|
+-----------------------------------------------------------------------------+
|   Time_Iter|  Inner_Iter|    rms[Rho]|   rms[RhoE]|      rms[k]|      rms[w]|
+-----------------------------------------------------------------------------+
|         342|           0|   -1.484031|    4.580602|    2.402414|    6.306056|
|         342|           9|   -4.162334|    2.631063|    0.805155|    6.322675|
+-----------------------------------------------------------------------------+
|   Time_Iter|  Inner_Iter|    rms[Rho]|   rms[RhoE]|      rms[k]|      rms[w]|
+-----------------------------------------------------------------------------+
|         343|           0|   -1.484133|    4.581969|    2.402456|    6.323906|
|         343|           9|   -4.163966|    2.630230|    0.806231|    6.340372|
+-----------------------------------------------------------------------------+
|   Time_Iter|  Inner_Iter|    rms[Rho]|   rms[RhoE]|      rms[k]|      rms[w]|
+-----------------------------------------------------------------------------+
|         344|           0|   -1.484241|    4.583691|    2.402518|    6.341522|
|         344|           9|   -4.165115|    2.630779|    0.807348|    6.357338|
+-----------------------------------------------------------------------------+
|   Time_Iter|  Inner_Iter|    rms[Rho]|   rms[RhoE]|      rms[k]|      rms[w]|
+-----------------------------------------------------------------------------+
|         345|           0|   -1.484348|    4.585460|    2.402617|    6.358374|
|         345|           9|   -4.165906|    2.632192|    0.808435|    6.373201|
+-----------------------------------------------------------------------------+
|   Time_Iter|  Inner_Iter|    rms[Rho]|   rms[RhoE]|      rms[k]|      rms[w]|
+-----------------------------------------------------------------------------+
|         346|           0|   -1.484469|    4.585986|    2.402749|    6.374092|
|         346|           9|   -4.167323|    2.632397|    0.809550|    6.387634|
+-----------------------------------------------------------------------------+
|   Time_Iter|  Inner_Iter|    rms[Rho]|   rms[RhoE]|      rms[k]|      rms[w]|
+-----------------------------------------------------------------------------+
|         347|           0|   -1.484593|    4.585724|    2.402924|    6.388359|
|         347|           9|   -4.168476|    2.632904|    0.810792|    6.400610|
+-----------------------------------------------------------------------------+
|   Time_Iter|  Inner_Iter|    rms[Rho]|   rms[RhoE]|      rms[k]|      rms[w]|
+-----------------------------------------------------------------------------+
|         348|           0|   -1.484729|    4.584769|    2.403089|    6.401196|
|         348|           9|   -4.168843|    2.635422|    0.811937|    6.412027|
+-----------------------------------------------------------------------------+
|   Time_Iter|  Inner_Iter|    rms[Rho]|   rms[RhoE]|      rms[k]|      rms[w]|
+-----------------------------------------------------------------------------+
|         349|           0|   -1.484872|    4.583016|    2.403268|    6.412426|
|         349|           9|   -4.170271|    2.636319|    0.813143|    6.421367|
+-----------------------------------------------------------------------+
|        File Writing Summary       |              Filename             |
+-----------------------------------------------------------------------+
|SU2 binary restart                 |restart_npr20_relax_SLAU2_dt025_00349.dat|
+-----------------------------------------------------------------------+
+-----------------------------------------------------------------------------+
|   Time_Iter|  Inner_Iter|    rms[Rho]|   rms[RhoE]|      rms[k]|      rms[w]|
+-----------------------------------------------------------------------------+
|         350|           0|   -1.484994|    4.582296|    2.403460|    6.421552|
|         350|           9|   -4.172578|    2.633843|    0.814348|    6.428459|
+-----------------------------------------------------------------------+
|        File Writing Summary       |              Filename             |
+-----------------------------------------------------------------------+
|SU2 binary restart                 |restart_npr20_relax_SLAU2_dt025_00350.dat|
|Paraview ASCII surface             |wall_npr20_relax_SLAU2_dt025_00350.vtk|
|CSV file                           |wall_npr20_relax_SLAU2_dt025_00350.csv|
+-----------------------------------------------------------------------+
+-----------------------------------------------------------------------------+
|   Time_Iter|  Inner_Iter|    rms[Rho]|   rms[RhoE]|      rms[k]|      rms[w]|
+-----------------------------------------------------------------------------+
|         351|           0|   -1.485092|    4.584073|    2.403682|    6.428427|
|         351|           9|   -4.174245|    2.633182|    0.815626|    6.433256|
+-----------------------------------------------------------------------------+
|   Time_Iter|  Inner_Iter|    rms[Rho]|   rms[RhoE]|      rms[k]|      rms[w]|
+-----------------------------------------------------------------------------+
|         352|           0|   -1.485201|    4.585582|    2.403930|    6.433011|
|         352|           9|   -4.175319|    2.634086|    0.816882|    6.435799|
+-----------------------------------------------------------------------------+
|   Time_Iter|  Inner_Iter|    rms[Rho]|   rms[RhoE]|      rms[k]|      rms[w]|
+-----------------------------------------------------------------------------+
|         353|           0|   -1.485309|    4.586941|    2.404203|    6.435353|
|         353|           9|   -4.176690|    2.634861|    0.818150|    6.436383|
+-----------------------------------------------------------------------------+
|   Time_Iter|  Inner_Iter|    rms[Rho]|   rms[RhoE]|      rms[k]|      rms[w]|
+-----------------------------------------------------------------------------+
|         354|           0|   -1.485428|    4.586803|    2.404480|    6.435801|
|         354|           9|   -4.178742|    2.633428|    0.819469|    6.435184|
+-----------------------------------------------------------------------------+
|   Time_Iter|  Inner_Iter|    rms[Rho]|   rms[RhoE]|      rms[k]|      rms[w]|
+-----------------------------------------------------------------------------+
|         355|           0|   -1.485543|    4.587089|    2.404764|    6.434427|
|         355|           9|   -4.179871|    2.634294|    0.820888|    6.432068|
+-----------------------------------------------------------------------------+
|   Time_Iter|  Inner_Iter|    rms[Rho]|   rms[RhoE]|      rms[k]|      rms[w]|
+-----------------------------------------------------------------------------+
|         356|           0|   -1.485678|    4.586275|    2.405038|    6.431170|
|         356|           9|   -4.180222|    2.636690|    0.822252|    6.428201|
+-----------------------------------------------------------------------------+
|   Time_Iter|  Inner_Iter|    rms[Rho]|   rms[RhoE]|      rms[k]|      rms[w]|
+-----------------------------------------------------------------------------+
|         357|           0|   -1.485821|    4.584126|    2.405315|    6.427274|
|         357|           9|   -4.182212|    2.636863|    0.823694|    6.422643|
+-----------------------------------------------------------------------------+
|   Time_Iter|  Inner_Iter|    rms[Rho]|   rms[RhoE]|      rms[k]|      rms[w]|
+-----------------------------------------------------------------------------+
|         358|           0|   -1.485924|    4.584395|    2.405597|    6.421558|
|         358|           9|   -4.184745|    2.634009|    0.825163|    6.415260|
+-----------------------------------------------------------------------------+
|   Time_Iter|  Inner_Iter|    rms[Rho]|   rms[RhoE]|      rms[k]|      rms[w]|
+-----------------------------------------------------------------------------+
|         359|           0|   -1.486006|    4.587253|    2.405901|    6.414067|
|         359|           9|   -4.186421|    2.633815|    0.826707|    6.406418|
+-----------------------------------------------------------------------------+
|   Time_Iter|  Inner_Iter|    rms[Rho]|   rms[RhoE]|      rms[k]|      rms[w]|
+-----------------------------------------------------------------------------+
|         360|           0|   -1.486100|    4.589487|    2.406228|    6.405118|
|         360|           9|   -4.187825|    2.634193|    0.828242|    6.396297|
+-----------------------------------------------------------------------+
|        File Writing Summary       |              Filename             |
+-----------------------------------------------------------------------+
|Paraview ASCII surface             |wall_npr20_relax_SLAU2_dt025_00360.vtk|
|CSV file                           |wall_npr20_relax_SLAU2_dt025_00360.csv|
+-----------------------------------------------------------------------+
+-----------------------------------------------------------------------------+
|   Time_Iter|  Inner_Iter|    rms[Rho]|   rms[RhoE]|      rms[k]|      rms[w]|
+-----------------------------------------------------------------------------+
|         361|           0|   -1.486205|    4.590404|    2.406590|    6.394970|
|         361|           9|   -4.189428|    2.634690|    0.829813|    6.385844|
+-----------------------------------------------------------------------------+
|   Time_Iter|  Inner_Iter|    rms[Rho]|   rms[RhoE]|      rms[k]|      rms[w]|
+-----------------------------------------------------------------------------+
|         362|           0|   -1.486308|    4.591136|    2.406977|    6.384568|
|         362|           9|   -4.191612|    2.633095|    0.831458|    6.375649|
+-----------------------------------------------------------------------------+
|   Time_Iter|  Inner_Iter|    rms[Rho]|   rms[RhoE]|      rms[k]|      rms[w]|
+-----------------------------------------------------------------------------+
|         363|           0|   -1.486420|    4.591794|    2.407393|    6.374469|
|         363|           9|   -4.192982|    2.633875|    0.833162|    6.366228|
+-----------------------------------------------------------------------------+
|   Time_Iter|  Inner_Iter|    rms[Rho]|   rms[RhoE]|      rms[k]|      rms[w]|
+-----------------------------------------------------------------------------+
|         364|           0|   -1.486546|    4.591106|    2.407851|    6.365180|
|         364|           9|   -4.193032|    2.637284|    0.834889|    6.356597|
+-----------------------------------------------------------------------------+
|   Time_Iter|  Inner_Iter|    rms[Rho]|   rms[RhoE]|      rms[k]|      rms[w]|
+-----------------------------------------------------------------------------+
|         365|           0|   -1.486682|    4.589116|    2.408315|    6.355465|
|         365|           9|   -4.194737|    2.638119|    0.836568|    6.348095|
+-----------------------------------------------------------------------------+
|   Time_Iter|  Inner_Iter|    rms[Rho]|   rms[RhoE]|      rms[k]|      rms[w]|
+-----------------------------------------------------------------------------+
|         366|           0|   -1.486772|    4.589999|    2.408774|    6.347305|
|         366|           9|   -4.197740|    2.634315|    0.838243|    6.342709|
+-----------------------------------------------------------------------------+
|   Time_Iter|  Inner_Iter|    rms[Rho]|   rms[RhoE]|      rms[k]|      rms[w]|
+-----------------------------------------------------------------------------+
|         367|           0|   -1.486840|    4.593745|    2.409230|    6.342200|
|         367|           9|   -4.199177|    2.634682|    0.839973|    6.339954|
+-----------------------------------------------------------------------------+
|   Time_Iter|  Inner_Iter|    rms[Rho]|   rms[RhoE]|      rms[k]|      rms[w]|
+-----------------------------------------------------------------------------+
|         368|           0|   -1.486925|    4.596376|    2.409621|    6.339672|
|         368|           9|   -4.200242|    2.636500|    0.841710|    6.339469|
+-----------------------------------------------------------------------------+
|   Time_Iter|  Inner_Iter|    rms[Rho]|   rms[RhoE]|      rms[k]|      rms[w]|
+-----------------------------------------------------------------------------+
|         369|           0|   -1.487013|    4.598263|    2.409962|    6.339377|
|         369|           9|   -4.202451|    2.635063|    0.843500|    6.340992|
+-----------------------------------------------------------------------------+
|   Time_Iter|  Inner_Iter|    rms[Rho]|   rms[RhoE]|      rms[k]|      rms[w]|
+-----------------------------------------------------------------------------+
|         370|           0|   -1.487098|    4.600561|    2.410317|    6.341060|
|         370|           9|   -4.204002|    2.635253|    0.845309|    6.344286|
+-----------------------------------------------------------------------+
|        File Writing Summary       |              Filename             |
+-----------------------------------------------------------------------+
|Paraview ASCII surface             |wall_npr20_relax_SLAU2_dt025_00370.vtk|
|CSV file                           |wall_npr20_relax_SLAU2_dt025_00370.csv|
+-----------------------------------------------------------------------+
+-----------------------------------------------------------------------------+
|   Time_Iter|  Inner_Iter|    rms[Rho]|   rms[RhoE]|      rms[k]|      rms[w]|
+-----------------------------------------------------------------------------+
|         371|           0|   -1.487203|    4.601497|    2.410776|    6.344485|
|         371|           9|   -4.205470|    2.635813|    0.847136|    6.351608|
+-----------------------------------------------------------------------------+
|   Time_Iter|  Inner_Iter|    rms[Rho]|   rms[RhoE]|      rms[k]|      rms[w]|
+-----------------------------------------------------------------------------+
|         372|           0|   -1.487317|    4.601526|    2.411252|    6.352217|
|         372|           9|   -4.205357|    2.640002|    0.848975|    6.360079|
+-----------------------------------------------------------------------------+
|   Time_Iter|  Inner_Iter|    rms[Rho]|   rms[RhoE]|      rms[k]|      rms[w]|
+-----------------------------------------------------------------------------+
|         373|           0|   -1.487450|    4.599639|    2.411716|    6.360533|
|         373|           9|   -4.207218|    2.639860|    0.850722|    6.367419|
+-----------------------------------------------------------------------------+
|   Time_Iter|  Inner_Iter|    rms[Rho]|   rms[RhoE]|      rms[k]|      rms[w]|
+-----------------------------------------------------------------------------+
|         374|           0|   -1.487542|    4.600485|    2.412173|    6.367777|
|         374|           9|   -4.209901|    2.636963|    0.852490|    6.374394|
+-----------------------------------------------------------------------------+
|   Time_Iter|  Inner_Iter|    rms[Rho]|   rms[RhoE]|      rms[k]|      rms[w]|
+-----------------------------------------------------------------------------+
|         375|           0|   -1.487617|    4.603309|    2.412643|    6.374699|
|         375|           9|   -4.211085|    2.637663|    0.854270|    6.381059|
+-----------------------------------------------------------------------------+
|   Time_Iter|  Inner_Iter|    rms[Rho]|   rms[RhoE]|      rms[k]|      rms[w]|
+-----------------------------------------------------------------------------+
|         376|           0|   -1.487708|    4.604953|    2.413151|    6.381305|
|         376|           9|   -4.212843|    2.637666|    0.856001|    6.387302|
+-----------------------------------------------------------------------------+
|   Time_Iter|  Inner_Iter|    rms[Rho]|   rms[RhoE]|      rms[k]|      rms[w]|
+-----------------------------------------------------------------------------+
|         377|           0|   -1.487795|    4.606385|    2.413666|    6.387487|
|         377|           9|   -4.214421|    2.637637|    0.857794|    6.393224|
+-----------------------------------------------------------------------------+
|   Time_Iter|  Inner_Iter|    rms[Rho]|   rms[RhoE]|      rms[k]|      rms[w]|
+-----------------------------------------------------------------------------+
|         378|           0|   -1.487896|    4.607260|    2.414206|    6.393361|
|         378|           9|   -4.216025|    2.637643|    0.859582|    6.398567|
+-----------------------------------------------------------------------------+
|   Time_Iter|  Inner_Iter|    rms[Rho]|   rms[RhoE]|      rms[k]|      rms[w]|
+-----------------------------------------------------------------------------+
|         379|           0|   -1.488006|    4.607287|    2.414774|    6.398602|
|         379|           9|   -4.216865|    2.638543|    0.861317|    6.402855|
+-----------------------------------------------------------------------------+
|   Time_Iter|  Inner_Iter|    rms[Rho]|   rms[RhoE]|      rms[k]|      rms[w]|
+-----------------------------------------------------------------------------+
|         380|           0|   -1.488135|    4.605890|    2.415347|    6.402762|
|         380|           9|   -4.216874|    2.643185|    0.863136|    6.406015|
+-----------------------------------------------------------------------+
|        File Writing Summary       |              Filename             |
+-----------------------------------------------------------------------+
|Paraview ASCII surface             |wall_npr20_relax_SLAU2_dt025_00380.vtk|
|CSV file                           |wall_npr20_relax_SLAU2_dt025_00380.csv|
+-----------------------------------------------------------------------+
+-----------------------------------------------------------------------------+
|   Time_Iter|  Inner_Iter|    rms[Rho]|   rms[RhoE]|      rms[k]|      rms[w]|
+-----------------------------------------------------------------------------+
|         381|           0|   -1.488269|    4.603336|    2.415944|    6.405812|
|         381|           9|   -4.220023|    2.638928|    0.864839|    6.408106|
+-----------------------------------------------------------------------------+
|   Time_Iter|  Inner_Iter|    rms[Rho]|   rms[RhoE]|      rms[k]|      rms[w]|
+-----------------------------------------------------------------------------+
|         382|           0|   -1.488365|    4.603842|    2.416559|    6.407801|
|         382|           9|   -4.220729|    2.640826|    0.866691|    6.409159|
+-----------------------------------------------------------------------------+
|   Time_Iter|  Inner_Iter|    rms[Rho]|   rms[RhoE]|      rms[k]|      rms[w]|
+-----------------------------------------------------------------------------+
|         383|           0|   -1.488463|    4.604160|    2.417180|    6.408741|
|         383|           9|   -4.222509|    2.640468|    0.868595|    6.408957|
+-----------------------------------------------------------------------------+
|   Time_Iter|  Inner_Iter|    rms[Rho]|   rms[RhoE]|      rms[k]|      rms[w]|
+-----------------------------------------------------------------------------+
|         384|           0|   -1.488546|    4.605014|    2.417883|    6.408424|
|         384|           9|   -4.224638|    2.638648|    0.870497|    6.407589|
+-----------------------------------------------------------------------------+
|   Time_Iter|  Inner_Iter|    rms[Rho]|   rms[RhoE]|      rms[k]|      rms[w]|
+-----------------------------------------------------------------------------+
|         385|           0|   -1.488625|    4.606277|    2.418675|    6.406961|
|         385|           9|   -4.225842|    2.639170|    0.872267|    6.406015|
+-----------------------------------------------------------------------------+
|   Time_Iter|  Inner_Iter|    rms[Rho]|   rms[RhoE]|      rms[k]|      rms[w]|
+-----------------------------------------------------------------------------+
|         386|           0|   -1.488712|    4.607002|    2.419508|    6.405398|
|         386|           9|   -4.227224|    2.638881|    0.874176|    6.403390|
+-----------------------------------------------------------------------------+
|   Time_Iter|  Inner_Iter|    rms[Rho]|   rms[RhoE]|      rms[k]|      rms[w]|
+-----------------------------------------------------------------------------+
|         387|           0|   -1.488800|    4.607659|    2.420383|    6.402652|
|         387|           9|   -4.226931|    2.641213|    0.875936|    6.399642|
+-----------------------------------------------------------------------------+
|   Time_Iter|  Inner_Iter|    rms[Rho]|   rms[RhoE]|      rms[k]|      rms[w]|
+-----------------------------------------------------------------------------+
|         388|           0|   -1.488924|    4.605972|    2.421323|    6.398854|
|         388|           9|   -4.227587|    2.643976|    0.877679|    6.395441|
+-----------------------------------------------------------------------------+
|   Time_Iter|  Inner_Iter|    rms[Rho]|   rms[RhoE]|      rms[k]|      rms[w]|
+-----------------------------------------------------------------------------+
|         389|           0|   -1.489034|    4.604435|    2.422263|    6.394639|
|         389|           9|   -4.230482|    2.639796|    0.879404|    6.391042|
+-----------------------------------------------------------------------------+
|   Time_Iter|  Inner_Iter|    rms[Rho]|   rms[RhoE]|      rms[k]|      rms[w]|
+-----------------------------------------------------------------------------+
|         390|           0|   -1.489122|    4.605191|    2.423237|    6.390273|
|         390|           9|   -4.230578|    2.641421|    0.881167|    6.386900|
+-----------------------------------------------------------------------+
|        File Writing Summary       |              Filename             |
+-----------------------------------------------------------------------+
|Paraview ASCII surface             |wall_npr20_relax_SLAU2_dt025_00390.vtk|
|CSV file                           |wall_npr20_relax_SLAU2_dt025_00390.csv|
+-----------------------------------------------------------------------+
+-----------------------------------------------------------------------------+
|   Time_Iter|  Inner_Iter|    rms[Rho]|   rms[RhoE]|      rms[k]|      rms[w]|
+-----------------------------------------------------------------------------+
|         391|           0|   -1.489230|    4.604045|    2.424236|    6.386198|
|         391|           9|   -4.231539|    2.642799|    0.882854|    6.382288|
+-----------------------------------------------------------------------------+
|   Time_Iter|  Inner_Iter|    rms[Rho]|   rms[RhoE]|      rms[k]|      rms[w]|
+-----------------------------------------------------------------------------+
|         392|           0|   -1.489308|    4.604170|    2.425216|    6.381471|
|         392|           9|   -4.233555|    2.640424|    0.884528|    6.377884|
+-----------------------------------------------------------------------------+
|   Time_Iter|  Inner_Iter|    rms[Rho]|   rms[RhoE]|      rms[k]|      rms[w]|
+-----------------------------------------------------------------------------+
|         393|           0|   -1.489373|    4.605695|    2.426165|    6.377270|
|         393|           9|   -4.234763|    2.640022|    0.886325|    6.375338|
+-----------------------------------------------------------------------------+
|   Time_Iter|  Inner_Iter|    rms[Rho]|   rms[RhoE]|      rms[k]|      rms[w]|
+-----------------------------------------------------------------------------+
|         394|           0|   -1.489443|    4.607058|    2.427101|    6.374890|
|         394|           9|   -4.235540|    2.640304|    0.888204|    6.374291|
+-----------------------------------------------------------------------------+
|   Time_Iter|  Inner_Iter|    rms[Rho]|   rms[RhoE]|      rms[k]|      rms[w]|
+-----------------------------------------------------------------------------+
|         395|           0|   -1.489526|    4.607809|    2.428019|    6.373977|
|         395|           9|   -4.233892|    2.645506|    0.890096|    6.374506|
+-----------------------------------------------------------------------------+
|   Time_Iter|  Inner_Iter|    rms[Rho]|   rms[RhoE]|      rms[k]|      rms[w]|
+-----------------------------------------------------------------------------+
|         396|           0|   -1.489649|    4.605516|    2.428902|    6.374301|
|         396|           9|   -4.235594|    2.643923|    0.891942|    6.375791|
+-----------------------------------------------------------------------------+
|   Time_Iter|  Inner_Iter|    rms[Rho]|   rms[RhoE]|      rms[k]|      rms[w]|
+-----------------------------------------------------------------------------+
|         397|           0|   -1.489747|    4.604801|    2.429791|    6.375669|
|         397|           9|   -4.236743|    2.642177|    0.893898|    6.377889|
+-----------------------------------------------------------------------------+
|   Time_Iter|  Inner_Iter|    rms[Rho]|   rms[RhoE]|      rms[k]|      rms[w]|
+-----------------------------------------------------------------------------+
|         398|           0|   -1.489861|    4.603784|    2.430676|    6.377825|
|         398|           9|   -4.236898|    2.643663|    0.895763|    6.380605|
+-----------------------------------------------------------------------------+
|   Time_Iter|  Inner_Iter|    rms[Rho]|   rms[RhoE]|      rms[k]|      rms[w]|
+-----------------------------------------------------------------------------+
|         399|           0|   -1.489979|    4.601699|    2.431593|    6.380577|
|         399|           9|   -4.236548|    2.645806|    0.897632|    6.384518|
+-----------------------------------------------------------------------+
|        File Writing Summary       |              Filename             |
+-----------------------------------------------------------------------+
|SU2 binary restart                 |restart_npr20_relax_SLAU2_dt025_00399.dat|
+-----------------------------------------------------------------------+
+-----------------------------------------------------------------------------+
|   Time_Iter|  Inner_Iter|    rms[Rho]|   rms[RhoE]|      rms[k]|      rms[w]|
+-----------------------------------------------------------------------------+
|         400|           0|   -1.490076|    4.600923|    2.432526|    6.384725|
|         400|           9|   -4.237862|    2.643942|    0.899513|    6.389867|
+-----------------------------------------------------------------------+
|        File Writing Summary       |              Filename             |
+-----------------------------------------------------------------------+
|SU2 binary restart                 |restart_npr20_relax_SLAU2_dt025_00400.dat|
|Paraview ASCII                     |flow_npr20_relax_SLAU2_dt025_00400.vtk|
|Paraview ASCII surface             |wall_npr20_relax_SLAU2_dt025_00400.vtk|
|CSV file                           |wall_npr20_relax_SLAU2_dt025_00400.csv|
+-----------------------------------------------------------------------+
+-----------------------------------------------------------------------------+
|   Time_Iter|  Inner_Iter|    rms[Rho]|   rms[RhoE]|      rms[k]|      rms[w]|
+-----------------------------------------------------------------------------+
|         401|           0|   -1.490152|    4.602069|    2.433427|    6.389994|
|         401|           9|   -4.238590|    2.643327|    0.901376|    6.394560|
+-----------------------------------------------------------------------------+
|   Time_Iter|  Inner_Iter|    rms[Rho]|   rms[RhoE]|      rms[k]|      rms[w]|
+-----------------------------------------------------------------------------+
|         402|           0|   -1.490230|    4.603592|    2.434275|    6.394608|
|         402|           9|   -4.238028|    2.644530|    0.903030|    6.398577|
+-----------------------------------------------------------------------------+
|   Time_Iter|  Inner_Iter|    rms[Rho]|   rms[RhoE]|      rms[k]|      rms[w]|
+-----------------------------------------------------------------------------+
|         403|           0|   -1.490332|    4.603495|    2.435193|    6.398519|
|         403|           9|   -4.236270|    2.650187|    0.905023|    6.401469|
+-----------------------------------------------------------------------------+
|   Time_Iter|  Inner_Iter|    rms[Rho]|   rms[RhoE]|      rms[k]|      rms[w]|
+-----------------------------------------------------------------------------+
|         404|           0|   -1.490464|    4.600454|    2.436148|    6.401282|
|         404|           9|   -4.238573|    2.645214|    0.907146|    6.403503|
+-----------------------------------------------------------------------------+
|   Time_Iter|  Inner_Iter|    rms[Rho]|   rms[RhoE]|      rms[k]|      rms[w]|
+-----------------------------------------------------------------------------+
|         405|           0|   -1.490569|    4.599792|    2.437118|    6.403280|
|         405|           9|   -4.237963|    2.647103|    0.909386|    6.405120|
+-----------------------------------------------------------------------------+
|   Time_Iter|  Inner_Iter|    rms[Rho]|   rms[RhoE]|      rms[k]|      rms[w]|
+-----------------------------------------------------------------------------+
|         406|           0|   -1.490691|    4.597458|    2.438155|    6.404828|
|         406|           9|   -4.238466|    2.646344|    0.911632|    6.406052|
+-----------------------------------------------------------------------------+
|   Time_Iter|  Inner_Iter|    rms[Rho]|   rms[RhoE]|      rms[k]|      rms[w]|
+-----------------------------------------------------------------------------+
|         407|           0|   -1.490795|    4.595845|    2.439290|    6.405697|
|         407|           9|   -4.237780|    2.647401|    0.913748|    6.406323|
+-----------------------------------------------------------------------------+
|   Time_Iter|  Inner_Iter|    rms[Rho]|   rms[RhoE]|      rms[k]|      rms[w]|
+-----------------------------------------------------------------------------+
|         408|           0|   -1.490881|    4.595875|    2.440437|    6.405903|
|         408|           9|   -4.237235|    2.648926|    0.915870|    6.405813|
+-----------------------------------------------------------------------------+
|   Time_Iter|  Inner_Iter|    rms[Rho]|   rms[RhoE]|      rms[k]|      rms[w]|
+-----------------------------------------------------------------------------+
|         409|           0|   -1.490946|    4.597567|    2.441553|    6.405308|
|         409|           9|   -4.237963|    2.646942|    0.918169|    6.404741|
+-----------------------------------------------------------------------------+
|   Time_Iter|  Inner_Iter|    rms[Rho]|   rms[RhoE]|      rms[k]|      rms[w]|
+-----------------------------------------------------------------------------+
|         410|           0|   -1.491010|    4.599900|    2.442642|    6.404274|
|         410|           9|   -4.234902|    2.652813|    0.920523|    6.403861|
+-----------------------------------------------------------------------+
|        File Writing Summary       |              Filename             |
+-----------------------------------------------------------------------+
|Paraview ASCII surface             |wall_npr20_relax_SLAU2_dt025_00410.vtk|
|CSV file                           |wall_npr20_relax_SLAU2_dt025_00410.csv|
+-----------------------------------------------------------------------+
+-----------------------------------------------------------------------------+
|   Time_Iter|  Inner_Iter|    rms[Rho]|   rms[RhoE]|      rms[k]|      rms[w]|
+-----------------------------------------------------------------------------+
|         411|           0|   -1.491116|    4.598680|    2.443671|    6.403355|
|         411|           9|   -4.235949|    2.650316|    0.922949|    6.402510|
+-----------------------------------------------------------------------------+
|   Time_Iter|  Inner_Iter|    rms[Rho]|   rms[RhoE]|      rms[k]|      rms[w]|
+-----------------------------------------------------------------------------+
|         412|           0|   -1.491205|    4.598038|    2.444616|    6.401993|
|         412|           9|   -4.235515|    2.649704|    0.925634|    6.401062|
+-----------------------------------------------------------------------------+
|   Time_Iter|  Inner_Iter|    rms[Rho]|   rms[RhoE]|      rms[k]|      rms[w]|
+-----------------------------------------------------------------------------+
|         413|           0|   -1.491300|    4.597300|    2.445382|    6.400546|
|         413|           9|   -4.235070|    2.650264|    0.928111|    6.399654|
+-----------------------------------------------------------------------------+
|   Time_Iter|  Inner_Iter|    rms[Rho]|   rms[RhoE]|      rms[k]|      rms[w]|
+-----------------------------------------------------------------------------+
|         414|           0|   -1.491377|    4.597204|    2.446077|    6.399173|
|         414|           9|   -4.234792|    2.649592|    0.930784|    6.397844|
+-----------------------------------------------------------------------------+
|   Time_Iter|  Inner_Iter|    rms[Rho]|   rms[RhoE]|      rms[k]|      rms[w]|
+-----------------------------------------------------------------------------+
|         415|           0|   -1.491449|    4.597991|    2.446734|    6.397248|
|         415|           9|   -4.233745|    2.650114|    0.933424|    6.395829|
+-----------------------------------------------------------------------------+
|   Time_Iter|  Inner_Iter|    rms[Rho]|   rms[RhoE]|      rms[k]|      rms[w]|
+-----------------------------------------------------------------------------+
|         416|           0|   -1.491518|    4.599662|    2.447371|    6.395360|
|         416|           9|   -4.231936|    2.652869|    0.936216|    6.394973|
+-----------------------------------------------------------------------------+
|   Time_Iter|  Inner_Iter|    rms[Rho]|   rms[RhoE]|      rms[k]|      rms[w]|
+-----------------------------------------------------------------------------+
|         417|           0|   -1.491595|    4.600969|    2.448013|    6.394611|
|         417|           9|   -4.231036|    2.651998|    0.939256|    6.395106|
+-----------------------------------------------------------------------------+
|   Time_Iter|  Inner_Iter|    rms[Rho]|   rms[RhoE]|      rms[k]|      rms[w]|
+-----------------------------------------------------------------------------+
|         418|           0|   -1.491700|    4.600453|    2.448499|    6.394834|
|         418|           9|   -4.228980|    2.655857|    0.942270|    6.396036|
+-----------------------------------------------------------------------------+
|   Time_Iter|  Inner_Iter|    rms[Rho]|   rms[RhoE]|      rms[k]|      rms[w]|
+-----------------------------------------------------------------------------+
|         419|           0|   -1.491824|    4.597634|    2.448624|    6.395827|
|         419|           9|   -4.228913|    2.653044|    0.945281|    6.397544|
+-----------------------------------------------------------------------------+
|   Time_Iter|  Inner_Iter|    rms[Rho]|   rms[RhoE]|      rms[k]|      rms[w]|
+-----------------------------------------------------------------------------+
|         420|           0|   -1.491938|    4.595818|    2.448698|    6.397379|
|         420|           9|   -4.227516|    2.654467|    0.948326|    6.399386|
+-----------------------------------------------------------------------+
|        File Writing Summary       |              Filename             |
+-----------------------------------------------------------------------+
|Paraview ASCII surface             |wall_npr20_relax_SLAU2_dt025_00420.vtk|
|CSV file                           |wall_npr20_relax_SLAU2_dt025_00420.csv|
+-----------------------------------------------------------------------+
+-----------------------------------------------------------------------------+
|   Time_Iter|  Inner_Iter|    rms[Rho]|   rms[RhoE]|      rms[k]|      rms[w]|
+-----------------------------------------------------------------------------+
|         421|           0|   -1.492040|    4.594114|    2.448149|    6.399229|
|         421|           9|   -4.226552|    2.654121|    0.951600|    6.401393|
+-----------------------------------------------------------------------------+
|   Time_Iter|  Inner_Iter|    rms[Rho]|   rms[RhoE]|      rms[k]|      rms[w]|
+-----------------------------------------------------------------------------+
|         422|           0|   -1.492110|    4.594917|    2.446460|    6.401249|
|         422|           9|   -4.225319|    2.654530|    0.954624|    6.403652|
+-----------------------------------------------------------------------------+
|   Time_Iter|  Inner_Iter|    rms[Rho]|   rms[RhoE]|      rms[k]|      rms[w]|
+-----------------------------------------------------------------------------+
|         423|           0|   -1.492168|    4.596585|    2.444707|    6.403528|
|         423|           9|   -4.223911|    2.655096|    0.957920|    6.406440|
+-----------------------------------------------------------------------------+
|   Time_Iter|  Inner_Iter|    rms[Rho]|   rms[RhoE]|      rms[k]|      rms[w]|
+-----------------------------------------------------------------------------+
|         424|           0|   -1.492223|    4.598722|    2.443032|    6.406461|
|         424|           9|   -4.220949|    2.658736|    0.961068|    6.410313|
+-----------------------------------------------------------------------------+
|   Time_Iter|  Inner_Iter|    rms[Rho]|   rms[RhoE]|      rms[k]|      rms[w]|
+-----------------------------------------------------------------------------+
|         425|           0|   -1.492306|    4.598481|    2.441438|    6.410275|
|         425|           9|   -4.219544|    2.660063|    0.964228|    6.413552|
+-----------------------------------------------------------------------------+
|   Time_Iter|  Inner_Iter|    rms[Rho]|   rms[RhoE]|      rms[k]|      rms[w]|
+-----------------------------------------------------------------------------+
|         426|           0|   -1.492395|    4.597063|    2.439928|    6.413440|
|         426|           9|   -4.218993|    2.657907|    0.967183|    6.416306|
+-----------------------------------------------------------------------------+
|   Time_Iter|  Inner_Iter|    rms[Rho]|   rms[RhoE]|      rms[k]|      rms[w]|
+-----------------------------------------------------------------------------+
|         427|           0|   -1.492481|    4.596442|    2.438489|    6.416144|
|         427|           9|   -4.217650|    2.658678|    0.969983|    6.418484|
+-----------------------------------------------------------------------------+
|   Time_Iter|  Inner_Iter|    rms[Rho]|   rms[RhoE]|      rms[k]|      rms[w]|
+-----------------------------------------------------------------------------+
|         428|           0|   -1.492563|    4.595977|    2.437099|    6.418250|
|         428|           9|   -4.216869|    2.657486|    0.972733|    6.419818|
+-----------------------------------------------------------------------------+
|   Time_Iter|  Inner_Iter|    rms[Rho]|   rms[RhoE]|      rms[k]|      rms[w]|
+-----------------------------------------------------------------------------+
|         429|           0|   -1.492638|    4.597118|    2.435914|    6.419503|
|         429|           9|   -4.215255|    2.658030|    0.975399|    6.420517|
+-----------------------------------------------------------------------------+
|   Time_Iter|  Inner_Iter|    rms[Rho]|   rms[RhoE]|      rms[k]|      rms[w]|
+-----------------------------------------------------------------------------+
|         430|           0|   -1.492730|    4.597843|    2.434875|    6.420164|
|         430|           9|   -4.213595|    2.658437|    0.978201|    6.420867|
+-----------------------------------------------------------------------+
|        File Writing Summary       |              Filename             |
+-----------------------------------------------------------------------+
|Paraview ASCII surface             |wall_npr20_relax_SLAU2_dt025_00430.vtk|
|CSV file                           |wall_npr20_relax_SLAU2_dt025_00430.csv|
+-----------------------------------------------------------------------+
+-----------------------------------------------------------------------------+
|   Time_Iter|  Inner_Iter|    rms[Rho]|   rms[RhoE]|      rms[k]|      rms[w]|
+-----------------------------------------------------------------------------+
|         431|           0|   -1.492848|    4.596877|    2.433937|    6.420527|
|         431|           9|   -4.211136|    2.659989|    0.980853|    6.421697|
+-----------------------------------------------------------------------------+
|   Time_Iter|  Inner_Iter|    rms[Rho]|   rms[RhoE]|      rms[k]|      rms[w]|
+-----------------------------------------------------------------------------+
|         432|           0|   -1.492993|    4.593367|    2.433120|    6.421381|
|         432|           9|   -4.207753|    2.665433|    0.983479|    6.422410|
+-----------------------------------------------------------------------------+
|   Time_Iter|  Inner_Iter|    rms[Rho]|   rms[RhoE]|      rms[k]|      rms[w]|
+-----------------------------------------------------------------------------+
|         433|           0|   -1.493126|    4.588455|    2.432380|    6.422071|
|         433|           9|   -4.207430|    2.662188|    0.986128|    6.422998|
+-----------------------------------------------------------------------------+
|   Time_Iter|  Inner_Iter|    rms[Rho]|   rms[RhoE]|      rms[k]|      rms[w]|
+-----------------------------------------------------------------------------+
|         434|           0|   -1.493207|    4.587053|    2.431603|    6.422665|
|         434|           9|   -4.205868|    2.662724|    0.988720|    6.423354|
+-----------------------------------------------------------------------------+
|   Time_Iter|  Inner_Iter|    rms[Rho]|   rms[RhoE]|      rms[k]|      rms[w]|
+-----------------------------------------------------------------------------+
|         435|           0|   -1.493261|    4.587558|    2.430845|    6.422916|
|         435|           9|   -4.204674|    2.661927|    0.991242|    6.422958|
+-----------------------------------------------------------------------------+
|   Time_Iter|  Inner_Iter|    rms[Rho]|   rms[RhoE]|      rms[k]|      rms[w]|
+-----------------------------------------------------------------------------+
|         436|           0|   -1.493282|    4.591192|    2.430110|    6.422573|
|         436|           9|   -4.203199|    2.661997|    0.993593|    6.423139|
+-----------------------------------------------------------------------------+
|   Time_Iter|  Inner_Iter|    rms[Rho]|   rms[RhoE]|      rms[k]|      rms[w]|
+-----------------------------------------------------------------------------+
|         437|           0|   -1.493303|    4.595255|    2.429360|    6.422804|
|         437|           9|   -4.201545|    2.662216|    0.995895|    6.423761|
+-----------------------------------------------------------------------------+
|   Time_Iter|  Inner_Iter|    rms[Rho]|   rms[RhoE]|      rms[k]|      rms[w]|
+-----------------------------------------------------------------------------+
|         438|           0|   -1.493345|    4.597910|    2.428647|    6.423469|
|         438|           9|   -4.199522|    2.662836|    0.998173|    6.424758|
+-----------------------------------------------------------------------------+
|   Time_Iter|  Inner_Iter|    rms[Rho]|   rms[RhoE]|      rms[k]|      rms[w]|
+-----------------------------------------------------------------------------+
|         439|           0|   -1.493432|    4.597056|    2.427930|    6.424494|
|         439|           9|   -4.196730|    2.666228|    1.000331|    6.425919|
+-----------------------------------------------------------------------------+
|   Time_Iter|  Inner_Iter|    rms[Rho]|   rms[RhoE]|      rms[k]|      rms[w]|
+-----------------------------------------------------------------------------+
|         440|           0|   -1.493550|    4.593171|    2.427196|    6.425663|
|         440|           9|   -4.194477|    2.667308|    1.002443|    6.427191|
+-----------------------------------------------------------------------+
|        File Writing Summary       |              Filename             |
+-----------------------------------------------------------------------+
|Paraview ASCII surface             |wall_npr20_relax_SLAU2_dt025_00440.vtk|
|CSV file                           |wall_npr20_relax_SLAU2_dt025_00440.csv|
+-----------------------------------------------------------------------+
+-----------------------------------------------------------------------------+
|   Time_Iter|  Inner_Iter|    rms[Rho]|   rms[RhoE]|      rms[k]|      rms[w]|
+-----------------------------------------------------------------------------+
|         441|           0|   -1.493669|    4.589366|    2.426454|    6.426942|
|         441|           9|   -4.193645|    2.665761|    1.004318|    6.428680|
+-----------------------------------------------------------------------------+
|   Time_Iter|  Inner_Iter|    rms[Rho]|   rms[RhoE]|      rms[k]|      rms[w]|
+-----------------------------------------------------------------------------+
|         442|           0|   -1.493768|    4.587651|    2.425714|    6.428457|
|         442|           9|   -4.192247|    2.664845|    1.006078|    6.430462|
+-----------------------------------------------------------------------------+
|   Time_Iter|  Inner_Iter|    rms[Rho]|   rms[RhoE]|      rms[k]|      rms[w]|
+-----------------------------------------------------------------------------+
|         443|           0|   -1.493854|    4.588078|    2.425052|    6.430244|
|         443|           9|   -4.190290|    2.665380|    1.007725|    6.432135|
+-----------------------------------------------------------------------------+
|   Time_Iter|  Inner_Iter|    rms[Rho]|   rms[RhoE]|      rms[k]|      rms[w]|
+-----------------------------------------------------------------------------+
|         444|           0|   -1.493937|    4.588743|    2.424440|    6.431904|
|         444|           9|   -4.188280|    2.666020|    1.009270|    6.433747|
+-----------------------------------------------------------------------------+
|   Time_Iter|  Inner_Iter|    rms[Rho]|   rms[RhoE]|      rms[k]|      rms[w]|
+-----------------------------------------------------------------------------+
|         445|           0|   -1.494016|    4.588663|    2.423937|    6.433507|
|         445|           9|   -4.186381|    2.666474|    1.010667|    6.435930|
+-----------------------------------------------------------------------------+
|   Time_Iter|  Inner_Iter|    rms[Rho]|   rms[RhoE]|      rms[k]|      rms[w]|
+-----------------------------------------------------------------------------+
|         446|           0|   -1.494087|    4.588083|    2.423656|    6.435755|
|         446|           9|   -4.184260|    2.668469|    1.011990|    6.437916|
+-----------------------------------------------------------------------------+
|   Time_Iter|  Inner_Iter|    rms[Rho]|   rms[RhoE]|      rms[k]|      rms[w]|
+-----------------------------------------------------------------------------+
|         447|           0|   -1.494161|    4.586201|    2.423441|    6.437679|
|         447|           9|   -4.182606|    2.668176|    1.013213|    6.439408|
+-----------------------------------------------------------------------------+
|   Time_Iter|  Inner_Iter|    rms[Rho]|   rms[RhoE]|      rms[k]|      rms[w]|
+-----------------------------------------------------------------------------+
|         448|           0|   -1.494218|    4.585795|    2.423287|    6.439131|
|         448|           9|   -4.180736|    2.669387|    1.014390|    6.440521|
+-----------------------------------------------------------------------------+
|   Time_Iter|  Inner_Iter|    rms[Rho]|   rms[RhoE]|      rms[k]|      rms[w]|
+-----------------------------------------------------------------------------+
|         449|           0|   -1.494247|    4.587780|    2.423176|    6.440213|
|         449|           9|   -4.180096|    2.666951|    1.015426|    6.441489|
+-----------------------------------------------------------------------+
|        File Writing Summary       |              Filename             |
+-----------------------------------------------------------------------+
|SU2 binary restart                 |restart_npr20_relax_SLAU2_dt025_00449.dat|
+-----------------------------------------------------------------------+
+-----------------------------------------------------------------------------+
|   Time_Iter|  Inner_Iter|    rms[Rho]|   rms[RhoE]|      rms[k]|      rms[w]|
+-----------------------------------------------------------------------------+
|         450|           0|   -1.494260|    4.592380|    2.423080|    6.441185|
|         450|           9|   -4.178520|    2.666836|    1.016324|    6.442809|
+-----------------------------------------------------------------------+
|        File Writing Summary       |              Filename             |
+-----------------------------------------------------------------------+
|SU2 binary restart                 |restart_npr20_relax_SLAU2_dt025_00450.dat|
|Paraview ASCII surface             |wall_npr20_relax_SLAU2_dt025_00450.vtk|
|CSV file                           |wall_npr20_relax_SLAU2_dt025_00450.csv|
+-----------------------------------------------------------------------+
+-----------------------------------------------------------------------------+
|   Time_Iter|  Inner_Iter|    rms[Rho]|   rms[RhoE]|      rms[k]|      rms[w]|
+-----------------------------------------------------------------------------+
|         451|           0|   -1.494297|    4.595885|    2.422948|    6.442548|
|         451|           9|   -4.176884|    2.666957|    1.017286|    6.444077|
+-----------------------------------------------------------------------------+
|   Time_Iter|  Inner_Iter|    rms[Rho]|   rms[RhoE]|      rms[k]|      rms[w]|
+-----------------------------------------------------------------------------+
|         452|           0|   -1.494378|    4.596222|    2.422775|    6.443796|
|         452|           9|   -4.174603|    2.668479|    1.018300|    6.444790|
+-----------------------------------------------------------------------------+
|   Time_Iter|  Inner_Iter|    rms[Rho]|   rms[RhoE]|      rms[k]|      rms[w]|
+-----------------------------------------------------------------------------+
|         453|           0|   -1.494510|    4.592406|    2.422631|    6.444408|
|         453|           9|   -4.172666|    2.669660|    1.019233|    6.444969|
+-----------------------------------------------------------------------------+
|   Time_Iter|  Inner_Iter|    rms[Rho]|   rms[RhoE]|      rms[k]|      rms[w]|
+-----------------------------------------------------------------------------+
|         454|           0|   -1.494646|    4.587182|    2.422573|    6.444621|
|         454|           9|   -4.170909|    2.670014|    1.020031|    6.445507|
+-----------------------------------------------------------------------------+
|   Time_Iter|  Inner_Iter|    rms[Rho]|   rms[RhoE]|      rms[k]|      rms[w]|
+-----------------------------------------------------------------------------+
|         455|           0|   -1.494758|    4.583838|    2.422593|    6.445198|
|         455|           9|   -4.169480|    2.669426|    1.020577|    6.446361|
+-----------------------------------------------------------------------------+
|   Time_Iter|  Inner_Iter|    rms[Rho]|   rms[RhoE]|      rms[k]|      rms[w]|
+-----------------------------------------------------------------------------+
|         456|           0|   -1.494821|    4.584484|    2.422628|    6.446075|
|         456|           9|   -4.168294|    2.669655|    1.020388|    6.447328|
+-----------------------------------------------------------------------------+
|   Time_Iter|  Inner_Iter|    rms[Rho]|   rms[RhoE]|      rms[k]|      rms[w]|
+-----------------------------------------------------------------------------+
|         457|           0|   -1.494850|    4.587839|    2.422598|    6.447044|
|         457|           9|   -4.167394|    2.667804|    1.020324|    6.448228|
+-----------------------------------------------------------------------------+
|   Time_Iter|  Inner_Iter|    rms[Rho]|   rms[RhoE]|      rms[k]|      rms[w]|
+-----------------------------------------------------------------------------+
|         458|           0|   -1.494887|    4.591319|    2.422521|    6.447948|
|         458|           9|   -4.165685|    2.668131|    1.020297|    6.449466|
+-----------------------------------------------------------------------------+
|   Time_Iter|  Inner_Iter|    rms[Rho]|   rms[RhoE]|      rms[k]|      rms[w]|
+-----------------------------------------------------------------------------+
|         459|           0|   -1.494960|    4.591764|    2.422300|    6.449225|
|         459|           9|   -4.163856|    2.669889|    1.020080|    6.450965|
+-----------------------------------------------------------------------------+
|   Time_Iter|  Inner_Iter|    rms[Rho]|   rms[RhoE]|      rms[k]|      rms[w]|
+-----------------------------------------------------------------------------+
|         460|           0|   -1.495036|    4.590456|    2.421457|    6.450725|
|         460|           9|   -4.163363|    2.667615|    1.019579|    6.452377|
+-----------------------------------------------------------------------+
|        File Writing Summary       |              Filename             |
+-----------------------------------------------------------------------+
|Paraview ASCII surface             |wall_npr20_relax_SLAU2_dt025_00460.vtk|
|CSV file                           |wall_npr20_relax_SLAU2_dt025_00460.csv|
+-----------------------------------------------------------------------+
+-----------------------------------------------------------------------------+
|   Time_Iter|  Inner_Iter|    rms[Rho]|   rms[RhoE]|      rms[k]|      rms[w]|
+-----------------------------------------------------------------------------+
|         461|           0|   -1.495100|    4.590252|    2.420528|    6.452124|
|         461|           9|   -4.162316|    2.667332|    1.018947|    6.453661|
+-----------------------------------------------------------------------------+
|   Time_Iter|  Inner_Iter|    rms[Rho]|   rms[RhoE]|      rms[k]|      rms[w]|
+-----------------------------------------------------------------------------+
|         462|           0|   -1.495170|    4.590599|    2.419518|    6.453386|
|         462|           9|   -4.161610|    2.665704|    1.018238|    6.454755|
+-----------------------------------------------------------------------------+
|   Time_Iter|  Inner_Iter|    rms[Rho]|   rms[RhoE]|      rms[k]|      rms[w]|
+-----------------------------------------------------------------------------+
|         463|           0|   -1.495239|    4.592226|    2.418465|    6.454471|
|         463|           9|   -4.159850|    2.667053|    1.017388|    6.455981|
+-----------------------------------------------------------------------------+
|   Time_Iter|  Inner_Iter|    rms[Rho]|   rms[RhoE]|      rms[k]|      rms[w]|
+-----------------------------------------------------------------------------+
|         464|           0|   -1.495328|    4.592530|    2.417436|    6.455766|
|         464|           9|   -4.158684|    2.666322|    1.016364|    6.457699|
+-----------------------------------------------------------------------------+
|   Time_Iter|  Inner_Iter|    rms[Rho]|   rms[RhoE]|      rms[k]|      rms[w]|
+-----------------------------------------------------------------------------+
|         465|           0|   -1.495434|    4.591378|    2.416455|    6.457470|
|         465|           9|   -4.157448|    2.666095|    1.015178|    6.459279|
+-----------------------------------------------------------------------------+
|   Time_Iter|  Inner_Iter|    rms[Rho]|   rms[RhoE]|      rms[k]|      rms[w]|
+-----------------------------------------------------------------------------+
|         466|           0|   -1.495550|    4.588766|    2.415499|    6.459030|
|         466|           9|   -4.156310|    2.667073|    1.013782|    6.460652|
+-----------------------------------------------------------------------------+
|   Time_Iter|  Inner_Iter|    rms[Rho]|   rms[RhoE]|      rms[k]|      rms[w]|
+-----------------------------------------------------------------------------+
|         467|           0|   -1.495646|    4.586250|    2.414578|    6.460387|
|         467|           9|   -4.155854|    2.665487|    1.012314|    6.462172|
+-----------------------------------------------------------------------------+
|   Time_Iter|  Inner_Iter|    rms[Rho]|   rms[RhoE]|      rms[k]|      rms[w]|
+-----------------------------------------------------------------------------+
|         468|           0|   -1.495714|    4.586227|    2.413675|    6.461942|
|         468|           9|   -4.155256|    2.664202|    1.010582|    6.463671|
+-----------------------------------------------------------------------------+
|   Time_Iter|  Inner_Iter|    rms[Rho]|   rms[RhoE]|      rms[k]|      rms[w]|
+-----------------------------------------------------------------------------+
|         469|           0|   -1.495767|    4.587927|    2.412870|    6.463375|
|         469|           9|   -4.154435|    2.663654|    1.008623|    6.464357|
+-----------------------------------------------------------------------------+
|   Time_Iter|  Inner_Iter|    rms[Rho]|   rms[RhoE]|      rms[k]|      rms[w]|
+-----------------------------------------------------------------------------+
|         470|           0|   -1.495805|    4.591152|    2.412144|    6.464045|
|         470|           9|   -4.153302|    2.663749|    1.006401|    6.465140|
+-----------------------------------------------------------------------+
|        File Writing Summary       |              Filename             |
+-----------------------------------------------------------------------+
|Paraview ASCII surface             |wall_npr20_relax_SLAU2_dt025_00470.vtk|
|CSV file                           |wall_npr20_relax_SLAU2_dt025_00470.csv|
+-----------------------------------------------------------------------+
+-----------------------------------------------------------------------------+
|   Time_Iter|  Inner_Iter|    rms[Rho]|   rms[RhoE]|      rms[k]|      rms[w]|
+-----------------------------------------------------------------------------+
|         471|           0|   -1.495864|    4.593010|    2.411452|    6.464839|
|         471|           9|   -4.152148|    2.664859|    1.003970|    6.466011|
+-----------------------------------------------------------------------------+
|   Time_Iter|  Inner_Iter|    rms[Rho]|   rms[RhoE]|      rms[k]|      rms[w]|
+-----------------------------------------------------------------------------+
|         472|           0|   -1.495946|    4.592752|    2.410823|    6.465719|
|         472|           9|   -4.151135|    2.665420|    1.001371|    6.466880|
+-----------------------------------------------------------------------------+
|   Time_Iter|  Inner_Iter|    rms[Rho]|   rms[RhoE]|      rms[k]|      rms[w]|
+-----------------------------------------------------------------------------+
|         473|           0|   -1.496059|    4.589840|    2.410231|    6.466597|
|         473|           9|   -4.150662|    2.664346|    0.998875|    6.467988|
+-----------------------------------------------------------------------------+
|   Time_Iter|  Inner_Iter|    rms[Rho]|   rms[RhoE]|      rms[k]|      rms[w]|
+-----------------------------------------------------------------------------+
|         474|           0|   -1.496159|    4.587611|    2.409653|    6.467726|
|         474|           9|   -4.149364|    2.665958|    0.996625|    6.469274|
+-----------------------------------------------------------------------------+
|   Time_Iter|  Inner_Iter|    rms[Rho]|   rms[RhoE]|      rms[k]|      rms[w]|
+-----------------------------------------------------------------------------+
|         475|           0|   -1.496259|    4.585881|    2.409059|    6.469019|
|         475|           9|   -4.148295|    2.666812|    0.994479|    6.470608|
+-----------------------------------------------------------------------------+
|   Time_Iter|  Inner_Iter|    rms[Rho]|   rms[RhoE]|      rms[k]|      rms[w]|
+-----------------------------------------------------------------------------+
|         476|           0|   -1.496325|    4.586805|    2.408418|    6.470352|
|         476|           9|   -4.147502|    2.667287|    0.992778|    6.471829|
+-----------------------------------------------------------------------------+
|   Time_Iter|  Inner_Iter|    rms[Rho]|   rms[RhoE]|      rms[k]|      rms[w]|
+-----------------------------------------------------------------------------+
|         477|           0|   -1.496366|    4.589577|    2.407895|    6.471544|
|         477|           9|   -4.146248|    2.668978|    0.991664|    6.472777|
+-----------------------------------------------------------------------------+
|   Time_Iter|  Inner_Iter|    rms[Rho]|   rms[RhoE]|      rms[k]|      rms[w]|
+-----------------------------------------------------------------------------+
|         478|           0|   -1.496421|    4.591014|    2.407504|    6.472478|
|         478|           9|   -4.143915|    2.673561|    0.991177|    6.473658|
+-----------------------------------------------------------------------------+
|   Time_Iter|  Inner_Iter|    rms[Rho]|   rms[RhoE]|      rms[k]|      rms[w]|
+-----------------------------------------------------------------------------+
|         479|           0|   -1.496509|    4.589534|    2.407161|    6.473354|
|         479|           9|   -4.142882|    2.675844|    0.991486|    6.474524|
+-----------------------------------------------------------------------------+
|   Time_Iter|  Inner_Iter|    rms[Rho]|   rms[RhoE]|      rms[k]|      rms[w]|
+-----------------------------------------------------------------------------+
|         480|           0|   -1.496571|    4.588709|    2.406850|    6.474225|
|         480|           9|   -4.141706|    2.677722|    0.992230|    6.475490|
+-----------------------------------------------------------------------+
|        File Writing Summary       |              Filename             |
+-----------------------------------------------------------------------+
|Paraview ASCII surface             |wall_npr20_relax_SLAU2_dt025_00480.vtk|
|CSV file                           |wall_npr20_relax_SLAU2_dt025_00480.csv|
+-----------------------------------------------------------------------+
+-----------------------------------------------------------------------------+
|   Time_Iter|  Inner_Iter|    rms[Rho]|   rms[RhoE]|      rms[k]|      rms[w]|
+-----------------------------------------------------------------------------+
|         481|           0|   -1.496636|    4.588996|    2.406515|    6.475247|
|         481|           9|   -4.140392|    2.680109|    0.994114|    6.477006|
+-----------------------------------------------------------------------------+
|   Time_Iter|  Inner_Iter|    rms[Rho]|   rms[RhoE]|      rms[k]|      rms[w]|
+-----------------------------------------------------------------------------+
|         482|           0|   -1.496697|    4.590337|    2.406177|    6.476768|
|         482|           9|   -4.138723|    2.683572|    0.996811|    6.478448|
+-----------------------------------------------------------------------------+
|   Time_Iter|  Inner_Iter|    rms[Rho]|   rms[RhoE]|      rms[k]|      rms[w]|
+-----------------------------------------------------------------------------+
|         483|           0|   -1.496764|    4.591728|    2.405857|    6.478200|
|         483|           9|   -4.136871|    2.687606|    0.999740|    6.480065|
+-----------------------------------------------------------------------------+
|   Time_Iter|  Inner_Iter|    rms[Rho]|   rms[RhoE]|      rms[k]|      rms[w]|
+-----------------------------------------------------------------------------+
|         484|           0|   -1.496846|    4.591970|    2.405516|    6.479843|
|         484|           9|   -4.134507|    2.692675|    1.003532|    6.481164|
+-----------------------------------------------------------------------------+
|   Time_Iter|  Inner_Iter|    rms[Rho]|   rms[RhoE]|      rms[k]|      rms[w]|
+-----------------------------------------------------------------------------+
|         485|           0|   -1.496959|    4.589542|    2.405143|    6.480856|
|         485|           9|   -4.132035|    2.699528|    1.008085|    6.481913|
+-----------------------------------------------------------------------------+
|   Time_Iter|  Inner_Iter|    rms[Rho]|   rms[RhoE]|      rms[k]|      rms[w]|
+-----------------------------------------------------------------------------+
|         486|           0|   -1.497057|    4.586217|    2.404863|    6.481604|
|         486|           9|   -4.130843|    2.702347|    1.013009|    6.482713|
+-----------------------------------------------------------------------------+
|   Time_Iter|  Inner_Iter|    rms[Rho]|   rms[RhoE]|      rms[k]|      rms[w]|
+-----------------------------------------------------------------------------+
|         487|           0|   -1.497115|    4.586007|    2.404606|    6.482431|
|         487|           9|   -4.129189|    2.706708|    1.018743|    6.483739|
+-----------------------------------------------------------------------------+
|   Time_Iter|  Inner_Iter|    rms[Rho]|   rms[RhoE]|      rms[k]|      rms[w]|
+-----------------------------------------------------------------------------+
|         488|           0|   -1.497161|    4.587368|    2.404252|    6.483466|
|         488|           9|   -4.127446|    2.711048|    1.024964|    6.484740|
+-----------------------------------------------------------------------------+
|   Time_Iter|  Inner_Iter|    rms[Rho]|   rms[RhoE]|      rms[k]|      rms[w]|
+-----------------------------------------------------------------------------+
|         489|           0|   -1.497195|    4.590121|    2.403944|    6.484459|
|         489|           9|   -4.125675|    2.715932|    1.031740|    6.485737|
+-----------------------------------------------------------------------------+
|   Time_Iter|  Inner_Iter|    rms[Rho]|   rms[RhoE]|      rms[k]|      rms[w]|
+-----------------------------------------------------------------------------+
|         490|           0|   -1.497219|    4.593288|    2.403726|    6.485455|
|         490|           9|   -4.124007|    2.720497|    1.038897|    6.486736|
+-----------------------------------------------------------------------+
|        File Writing Summary       |              Filename             |
+-----------------------------------------------------------------------+
|Paraview ASCII surface             |wall_npr20_relax_SLAU2_dt025_00490.vtk|
|CSV file                           |wall_npr20_relax_SLAU2_dt025_00490.csv|
+-----------------------------------------------------------------------+
+-----------------------------------------------------------------------------+
|   Time_Iter|  Inner_Iter|    rms[Rho]|   rms[RhoE]|      rms[k]|      rms[w]|
+-----------------------------------------------------------------------------+
|         491|           0|   -1.497271|    4.594749|    2.403541|    6.486451|
|         491|           9|   -4.121547|    2.726888|    1.046035|    6.487552|
+-----------------------------------------------------------------------------+
|   Time_Iter|  Inner_Iter|    rms[Rho]|   rms[RhoE]|      rms[k]|      rms[w]|
+-----------------------------------------------------------------------------+
|         492|           0|   -1.497379|    4.591949|    2.403289|    6.487237|
|         492|           9|   -4.119751|    2.731439|    1.053497|    6.488155|
+-----------------------------------------------------------------------------+
|   Time_Iter|  Inner_Iter|    rms[Rho]|   rms[RhoE]|      rms[k]|      rms[w]|
+-----------------------------------------------------------------------------+
|         493|           0|   -1.497488|    4.588623|    2.403030|    6.487830|
|         493|           9|   -4.117673|    2.737231|    1.060963|    6.488731|
+-----------------------------------------------------------------------------+
|   Time_Iter|  Inner_Iter|    rms[Rho]|   rms[RhoE]|      rms[k]|      rms[w]|
+-----------------------------------------------------------------------------+
|         494|           0|   -1.497587|    4.586175|    2.402731|    6.488418|
|         494|           9|   -4.116414|    2.740288|    1.067913|    6.489384|
+-----------------------------------------------------------------------------+
|   Time_Iter|  Inner_Iter|    rms[Rho]|   rms[RhoE]|      rms[k]|      rms[w]|
+-----------------------------------------------------------------------------+
|         495|           0|   -1.497668|    4.585617|    2.402349|    6.489075|
|         495|           9|   -4.115244|    2.743919|    1.074882|    6.490037|
+-----------------------------------------------------------------------------+
|   Time_Iter|  Inner_Iter|    rms[Rho]|   rms[RhoE]|      rms[k]|      rms[w]|
+-----------------------------------------------------------------------------+
|         496|           0|   -1.497716|    4.587493|    2.401997|    6.489728|
|         496|           9|   -4.114116|    2.747255|    1.081596|    6.490837|
+-----------------------------------------------------------------------------+
|   Time_Iter|  Inner_Iter|    rms[Rho]|   rms[RhoE]|      rms[k]|      rms[w]|
+-----------------------------------------------------------------------------+
|         497|           0|   -1.497769|    4.589269|    2.401710|    6.490587|
|         497|           9|   -4.112560|    2.751121|    1.088087|    6.492073|
+-----------------------------------------------------------------------------+
|   Time_Iter|  Inner_Iter|    rms[Rho]|   rms[RhoE]|      rms[k]|      rms[w]|
+-----------------------------------------------------------------------------+
|         498|           0|   -1.497859|    4.587957|    2.401547|    6.491822|
|         498|           9|   -4.111407|    2.755012|    1.094335|    6.493394|
+-----------------------------------------------------------------------------+
|   Time_Iter|  Inner_Iter|    rms[Rho]|   rms[RhoE]|      rms[k]|      rms[w]|
+-----------------------------------------------------------------------------+
|         499|           0|   -1.497943|    4.585605|    2.401396|    6.493120|
|         499|           9|   -4.110929|    2.757162|    1.100213|    6.494159|
+-----------------------------------------------------------------------+
|        File Writing Summary       |              Filename             |
+-----------------------------------------------------------------------+
|SU2 binary restart                 |restart_npr20_relax_SLAU2_dt025_00499.dat|
+-----------------------------------------------------------------------+
+-----------------------------------------------------------------------------+
|   Time_Iter|  Inner_Iter|    rms[Rho]|   rms[RhoE]|      rms[k]|      rms[w]|
+-----------------------------------------------------------------------------+
|         500|           0|   -1.498006|    4.585225|    2.401153|    6.493853|
|         500|           9|   -4.110298|    2.759990|    1.105916|    6.494812|
+-----------------------------------------------------------------------+
|        File Writing Summary       |              Filename             |
+-----------------------------------------------------------------------+
|SU2 binary restart                 |restart_npr20_relax_SLAU2_dt025_00500.dat|
|Paraview ASCII                     |flow_npr20_relax_SLAU2_dt025_00500.vtk|
|Paraview ASCII surface             |wall_npr20_relax_SLAU2_dt025_00500.vtk|
|CSV file                           |wall_npr20_relax_SLAU2_dt025_00500.csv|
+-----------------------------------------------------------------------+
+-----------------------------------------------------------------------------+
|   Time_Iter|  Inner_Iter|    rms[Rho]|   rms[RhoE]|      rms[k]|      rms[w]|
+-----------------------------------------------------------------------------+
|         501|           0|   -1.498060|    4.585747|    2.401031|    6.494524|
|         501|           9|   -4.110253|    2.761030|    1.111448|    6.495645|
+-----------------------------------------------------------------------------+
|   Time_Iter|  Inner_Iter|    rms[Rho]|   rms[RhoE]|      rms[k]|      rms[w]|
+-----------------------------------------------------------------------------+
|         502|           0|   -1.498107|    4.587687|    2.401040|    6.495358|
|         502|           9|   -4.109825|    2.763014|    1.116355|    6.496477|
+-----------------------------------------------------------------------------+
|   Time_Iter|  Inner_Iter|    rms[Rho]|   rms[RhoE]|      rms[k]|      rms[w]|
+-----------------------------------------------------------------------------+
|         503|           0|   -1.498162|    4.589425|    2.401001|    6.496199|
|         503|           9|   -4.109003|    2.765429|    1.121243|    6.497373|
+-----------------------------------------------------------------------------+
|   Time_Iter|  Inner_Iter|    rms[Rho]|   rms[RhoE]|      rms[k]|      rms[w]|
+-----------------------------------------------------------------------------+
|         504|           0|   -1.498253|    4.588639|    2.400843|    6.497090|
|         504|           9|   -4.108055|    2.768852|    1.125794|    6.498170|
+-----------------------------------------------------------------------------+
|   Time_Iter|  Inner_Iter|    rms[Rho]|   rms[RhoE]|      rms[k]|      rms[w]|
+-----------------------------------------------------------------------------+
|         505|           0|   -1.498354|    4.585560|    2.400670|    6.497883|
|         505|           9|   -4.108461|    2.768926|    1.130010|    6.498901|
+-----------------------------------------------------------------------------+
|   Time_Iter|  Inner_Iter|    rms[Rho]|   rms[RhoE]|      rms[k]|      rms[w]|
+-----------------------------------------------------------------------------+
|         506|           0|   -1.498418|    4.585615|    2.400508|    6.498596|
|         506|           9|   -4.108217|    2.770695|    1.133714|    6.499379|
+-----------------------------------------------------------------------------+
|   Time_Iter|  Inner_Iter|    rms[Rho]|   rms[RhoE]|      rms[k]|      rms[w]|
+-----------------------------------------------------------------------------+
|         507|           0|   -1.498486|    4.585898|    2.400304|    6.499051|
|         507|           9|   -4.107845|    2.772306|    1.136982|    6.499753|
+-----------------------------------------------------------------------------+
|   Time_Iter|  Inner_Iter|    rms[Rho]|   rms[RhoE]|      rms[k]|      rms[w]|
+-----------------------------------------------------------------------------+
|         508|           0|   -1.498556|    4.586654|    2.400130|    6.499427|
|         508|           9|   -4.107888|    2.773242|    1.139798|    6.500197|
+-----------------------------------------------------------------------------+
|   Time_Iter|  Inner_Iter|    rms[Rho]|   rms[RhoE]|      rms[k]|      rms[w]|
+-----------------------------------------------------------------------------+
|         509|           0|   -1.498613|    4.588446|    2.400025|    6.499888|
|         509|           9|   -4.108443|    2.773392|    1.142191|    6.500744|
+-----------------------------------------------------------------------------+
|   Time_Iter|  Inner_Iter|    rms[Rho]|   rms[RhoE]|      rms[k]|      rms[w]|
+-----------------------------------------------------------------------------+
|         510|           0|   -1.498680|    4.589688|    2.399977|    6.500441|
|         510|           9|   -4.108360|    2.775039|    1.144268|    6.501331|
+-----------------------------------------------------------------------+
|        File Writing Summary       |              Filename             |
+-----------------------------------------------------------------------+
|Paraview ASCII surface             |wall_npr20_relax_SLAU2_dt025_00510.vtk|
|CSV file                           |wall_npr20_relax_SLAU2_dt025_00510.csv|
+-----------------------------------------------------------------------+
+-----------------------------------------------------------------------------+
|   Time_Iter|  Inner_Iter|    rms[Rho]|   rms[RhoE]|      rms[k]|      rms[w]|
+-----------------------------------------------------------------------------+
|         511|           0|   -1.498787|    4.587365|    2.399961|    6.501037|
|         511|           9|   -4.108752|    2.775370|    1.146179|    6.502179|
+-----------------------------------------------------------------------------+
|   Time_Iter|  Inner_Iter|    rms[Rho]|   rms[RhoE]|      rms[k]|      rms[w]|
+-----------------------------------------------------------------------------+
|         512|           0|   -1.498897|    4.584686|    2.399985|    6.501943|
|         512|           9|   -4.108544|    2.777043|    1.147463|    6.503381|
+-----------------------------------------------------------------------------+
|   Time_Iter|  Inner_Iter|    rms[Rho]|   rms[RhoE]|      rms[k]|      rms[w]|
+-----------------------------------------------------------------------------+
|         513|           0|   -1.498995|    4.582968|    2.399925|    6.503161|
|         513|           9|   -4.108537|    2.777955|    1.148787|    6.504466|
+-----------------------------------------------------------------------------+
|   Time_Iter|  Inner_Iter|    rms[Rho]|   rms[RhoE]|      rms[k]|      rms[w]|
+-----------------------------------------------------------------------------+
|         514|           0|   -1.499058|    4.583890|    2.399834|    6.504184|
|         514|           9|   -4.108111|    2.780056|    1.149888|    6.505221|
+-----------------------------------------------------------------------------+
|   Time_Iter|  Inner_Iter|    rms[Rho]|   rms[RhoE]|      rms[k]|      rms[w]|
+-----------------------------------------------------------------------------+
|         515|           0|   -1.499110|    4.585534|    2.399781|    6.504940|
|         515|           9|   -4.108369|    2.780976|    1.150730|    6.505971|
+-----------------------------------------------------------------------------+
|   Time_Iter|  Inner_Iter|    rms[Rho]|   rms[RhoE]|      rms[k]|      rms[w]|
+-----------------------------------------------------------------------------+
|         516|           0|   -1.499144|    4.588183|    2.399717|    6.505690|
|         516|           9|   -4.108361|    2.782001|    1.151374|    6.506897|
+-----------------------------------------------------------------------------+
|   Time_Iter|  Inner_Iter|    rms[Rho]|   rms[RhoE]|      rms[k]|      rms[w]|
+-----------------------------------------------------------------------------+
|         517|           0|   -1.499218|    4.588235|    2.399597|    6.506643|
|         517|           9|   -4.108317|    2.783673|    1.151934|    6.508001|
+-----------------------------------------------------------------------------+
|   Time_Iter|  Inner_Iter|    rms[Rho]|   rms[RhoE]|      rms[k]|      rms[w]|
+-----------------------------------------------------------------------------+
|         518|           0|   -1.499313|    4.586292|    2.399476|    6.507761|
|         518|           9|   -4.108375|    2.784592|    1.152232|    6.509213|
+-----------------------------------------------------------------------------+
|   Time_Iter|  Inner_Iter|    rms[Rho]|   rms[RhoE]|      rms[k]|      rms[w]|
+-----------------------------------------------------------------------------+
|         519|           0|   -1.499395|    4.585784|    2.399351|    6.508978|
|         519|           9|   -4.108518|    2.785983|    1.152385|    6.510398|
+-----------------------------------------------------------------------------+
|   Time_Iter|  Inner_Iter|    rms[Rho]|   rms[RhoE]|      rms[k]|      rms[w]|
+-----------------------------------------------------------------------------+
|         520|           0|   -1.499458|    4.586898|    2.399214|    6.510142|
|         520|           9|   -4.108778|    2.786779|    1.152401|    6.511339|
+-----------------------------------------------------------------------+
|        File Writing Summary       |              Filename             |
+-----------------------------------------------------------------------+
|Paraview ASCII surface             |wall_npr20_relax_SLAU2_dt025_00520.vtk|
|CSV file                           |wall_npr20_relax_SLAU2_dt025_00520.csv|
+-----------------------------------------------------------------------+
+-----------------------------------------------------------------------------+
|   Time_Iter|  Inner_Iter|    rms[Rho]|   rms[RhoE]|      rms[k]|      rms[w]|
+-----------------------------------------------------------------------------+
|         521|           0|   -1.499526|    4.588874|    2.399045|    6.511061|
|         521|           9|   -4.108548|    2.788476|    1.152365|    6.512193|
+-----------------------------------------------------------------------------+
|   Time_Iter|  Inner_Iter|    rms[Rho]|   rms[RhoE]|      rms[k]|      rms[w]|
+-----------------------------------------------------------------------------+
|         522|           0|   -1.499627|    4.589080|    2.398848|    6.511920|
|         522|           9|   -4.107625|    2.791503|    1.151781|    6.513081|
+-----------------------------------------------------------------------------+
|   Time_Iter|  Inner_Iter|    rms[Rho]|   rms[RhoE]|      rms[k]|      rms[w]|
+-----------------------------------------------------------------------------+
|         523|           0|   -1.499751|    4.586738|    2.398538|    6.512804|
Interrupt signal (15) received, saving files and exiting.
|         523|           4|   -3.649877|    3.316050|    1.589109|    6.513815|
+-----------------------------------------------------------------------------+
|   Time_Iter|  Inner_Iter|    rms[Rho]|   rms[RhoE]|      rms[k]|      rms[w]|
+-----------------------------------------------------------------------------+
|         524|           0|   -1.499904|    4.581717|    2.392090|    6.513820|
Interrupt signal (15) received, saving files and exiting.
Interrupt signal (15) received, saving files and exiting.
Interrupt signal (15) received, saving files and exiting.
Interrupt signal (15) received, saving files and exiting.
Interrupt signal (15) received, saving files and exiting.
