WARNING: Setting WINDOW_START_ITER = RESTART_ITER for meaningful running average.

-------------------------------------------------------------------------
|    ___ _   _ ___                                                      |
|   / __| | | |_  )   Release 8.5.0 "Harrier"                           |
|   \__ \ |_| |/ /                                                      |
|   |___/\___//___|   Suite (Computational Fluid Dynamics Code)         |
|                                                                       |
-------------------------------------------------------------------------
| SU2 Project Website: https://su2code.github.io                        |
|                                                                       |
| The SU2 Project is maintained by the SU2 Foundation                   |
| (http://su2foundation.org)                                            |
-------------------------------------------------------------------------
| Copyright 2012-2026, SU2 Contributors                                 |
|                                                                       |
| SU2 is free software; you can redistribute it and/or                  |
| modify it under the terms of the GNU Lesser General Public            |
| License as published by the Free Software Foundation; either          |
| version 2.1 of the License, or (at your option) any later version.    |
|                                                                       |
| SU2 is distributed in the hope that it will be useful,                |
| but WITHOUT ANY WARRANTY; without even the implied warranty of        |
| MERCHANTABILITY or FITNESS FOR A PARTICULAR PURPOSE. See the GNU      |
| Lesser General Public License for more details.                       |
|                                                                       |
| You should have received a copy of the GNU Lesser General Public      |
| License along with SU2. If not, see <http://www.gnu.org/licenses/>.   |
-------------------------------------------------------------------------
WARNING: Setting WINDOW_START_ITER = RESTART_ITER for meaningful running average.

Parsing config file for zone 0
WARNING: Setting WINDOW_START_ITER = RESTART_ITER for meaningful running average.

----------------- Physical Case Definition ( Zone 0 ) -------------------
Compressible RANS equations.
Turbulence model: Menter's k-omega SST-2003m with compressibility correction of Sarkar
using default hard coded lower limit clipping.
Hybrid RANS/LES: No Hybrid RANS/LES
Mach number: 0.001.
Angle of attack (AoA): 0 deg, and angle of sideslip (AoS): 0 deg.
Reynolds number: 0. Reference length 1.
Reading and writing binary SU2 native restart files.
Read flow solution from: restart_npr20_production_cfl2_i30_from520.
Dimensional simulation.
The reference area is 1 m^2.
The semi-span will be computed using the max y(3D) value.
The reference length is 1 m.
Reference origin for moment evaluation is (0, 0, 0).
Surface(s) where the force coefficients are evaluated: WALL.

Surface(s) plotted in the output file: WALL.
Input mesh file name: ../../ambient_mesh/hybrid_pilot/dlr_par_hybrid.su2

--------------- Space Numerical Integration ( Zone 0 ) ------------------
Simple Low-Dissipation AUSM 2 solver for the flow inviscid terms.
Standard Roe without low-dissipation function.
Second order integration in space, with slope limiter.
Venkatakrishnan-Wang slope-limiting method, with constant: 0.001.
Scalar upwind solver for the turbulence model.
First order integration in space.
Average of gradients with correction (viscous flow terms).
Average of gradients with correction (viscous turbulence terms).
Gradient for upwind reconstruction: inverse-distance weighted Least-Squares.
Gradient for viscous and source terms: inverse-distance weighted Least-Squares.

--------------- Time Numerical Integration  ( Zone 0 ) ------------------
Unsteady simulation, dual time stepping strategy (second order in time).
Unsteady time step provided by the user (s): 2.5e-08.
Euler implicit method for the flow equations.
FGMRES is used for solving the linear system.
Using a ILU(0) preconditioning.
Convergence criteria of the linear solver: 0.0001.
Max number of linear iterations: 10.
No CFL adaptation.
Courant-Friedrichs-Lewy number:        2
Euler implicit time integration for the turbulence model.

------------------ Convergence Criteria  ( Zone 0 ) ---------------------
Maximum number of solver subiterations: 30.
Maximum number of physical time-steps: 4814.
Begin convergence monitoring at iteration 5.
Residual minimum value: 1e-12.
Cauchy series min. value: 1e-10.
Number of Cauchy elements: 100.
Begin windowed time average at iteration 3114.

-------------------- Output Information ( Zone 0 ) ----------------------
File writing frequency: 
+------------------------------------+
|                     File| Frequency|
+------------------------------------+
|                  RESTART|        50|
|           PARAVIEW_ASCII|       100|
|   SURFACE_PARAVIEW_ASCII|        10|
|              SURFACE_CSV|        10|
+------------------------------------+
Writing the convergence history file every 1 inner iterations.
Writing the convergence history file every 1 time iterations.
Writing the screen convergence history every 25 inner iterations.
Writing the screen convergence history every 1 time iterations.
The tabular file format is CSV (.csv).
Convergence history file name: history_npr20_production_cfl2_i30_from520.
Forces breakdown file name: forces_breakdown.dat.
Surface file name: wall_npr20_production_cfl2_i30_from520.
Volume file name: flow_npr20_production_cfl2_i30_from520.
Restart file name: restart_npr20_production_cfl2_i30_from520.

------------- Config File Boundary Information ( Zone 0 ) ---------------
+-----------------------------------------------------------------------+
|                        Marker Type|                        Marker Name|
+-----------------------------------------------------------------------+
|                          Far-field|                           FARFIELD|
+-----------------------------------------------------------------------+
|                     Symmetry plane|                               AXIS|
+-----------------------------------------------------------------------+
|                   Riemann boundary|                              INLET|
+-----------------------------------------------------------------------+
|                     Heat flux wall|                               WALL|
+-----------------------------------------------------------------------+

-------------------- Output Preprocessing ( Zone 0 ) --------------------

WARNING: SURFACE_PRESSURE_DROP can only be computed for at least 2 surfaces (outlet, inlet, ...)

Screen output fields: TIME_ITER, INNER_ITER, RMS_DENSITY, RMS_ENERGY, RMS_TKE, RMS_DISSIPATION
History output group(s): ITER, CUR_TIME, RMS_RES
Convergence field(s): RMS_DENSITY
Warning: No (valid) fields chosen for time convergence monitoring. Time convergence monitoring inactive.
Volume output fields: COORDINATES, SOLUTION, PRIMITIVE

------------------- Geometry Preprocessing ( Zone 0 ) -------------------
Two dimensional problem.
208430 grid points before partitioning.
311958 volume elements before partitioning.
4 surface markers.
800 boundary elements in index 0 (Marker = WALL).
128 boundary elements in index 1 (Marker = INLET).
1261 boundary elements in index 2 (Marker = AXIS).
311 boundary elements in index 3 (Marker = FARFIELD).
Executing the partitioning functions.
Building the graph adjacency structure.
Calling ParMETIS... graph partitioning complete (1583 edge cuts).
Distributing ParMETIS coloring.
Rebalancing vertices.
Rebalancing volume element connectivity.
Rebalancing markers and surface elements.
210382 vertices including ghost points. 
313537 interior elements including halo cells. 
210774 triangles.
102763 quadrilaterals.
Establishing MPI communication patterns.
Setting point connectivity.
Renumbering points (Reverse Cuthill McKee Ordering).
Recomputing point connectivity.
Setting element connectivity.
Checking the numerical grid orientation.
All volume elements are correctly oriented.
All surface elements are correctly oriented.
Identifying edges and vertices.
Setting the control volume structure.
Area of the computational grid: 0.61267.
Searching for the closest normal neighbors to the surfaces.
Storing a mapping from global to local point index.
Compute the surface curvature.
Max K: 10069.8. Mean K: 21.6169. Standard deviation K: 398.532.
Computing mesh quality statistics for the dual control volumes.
+--------------------------------------------------------------+
|           Mesh Quality Metric|        Minimum|        Maximum|
+--------------------------------------------------------------+
|    Orthogonality Angle (deg.)|        45.8271|             90|
|     CV Face Area Aspect Ratio|              1|        681.684|
|           CV Sub-Volume Ratio|              1|        227.251|
+--------------------------------------------------------------+
Finding max control volume width.
Communicating number of neighbors.
Wetted area = 0.03293 m^2.
Area projection in the x-plane = 0.00999917 m, y-plane = 0.1477 m.
Max. coordinate in the x-direction = 0.12502 m, y-direction = 0.0547723 m.
Min. coordinate in the x-direction = -0.02268 m, y-direction = 0.0100004 m.
Computing wall distances.

-------------------- Solver Preprocessing ( Zone 0 ) --------------------
Viscous flow: Computing pressure using the ideal gas law
based on the free-stream temperature and a density computed
from the Reynolds number.
Force coefficients computed using free-stream values.

-- Models:
+------------------------------------------------------------------------------+
|          Viscosity Model|        Conductivity Model|              Fluid Model|
+------------------------------------------------------------------------------+
|               SUTHERLAND|          CONSTANT_PRANDTL|                IDEAL_GAS|
+------------------------------------------------------------------------------+
-- Fluid properties:
+------------------------------------------------------------------------------+
|                  Name|    Dim. value|    Ref. value|      Unit|Non-dim. value|
+------------------------------------------------------------------------------+
|        Ref. Viscosity|    0.00010707|             1|   N.s/m^2|    0.00010707|
|      Sutherland Temp.|       3312.09|             1|         K|       3312.09|
|     Sutherland Const.|       683.036|             1|         K|       683.036|
+------------------------------------------------------------------------------+
|        Prandtl (Lam.)|             -|             -|         -|        0.6738|
|       Prandtl (Turb.)|             -|             -|         -|           0.9|
+------------------------------------------------------------------------------+
|          Gas Constant|         390.6|             1|  N.m/kg.K|         390.6|
|      Spec. Heat Ratio|             -|             -|         -|       1.19829|
+------------------------------------------------------------------------------+
-- Initial and free-stream conditions:
+------------------------------------------------------------------------------+
|                  Name|    Dim. value|    Ref. value|      Unit|Non-dim. value|
+------------------------------------------------------------------------------+
|       Static Pressure|        260000|             1|        Pa|        260000|
|               Density|       2.21881|             1|    kg/m^3|       2.21881|
|           Temperature|           300|             1|         K|           300|
|          Total Energy|        590940|             1|   m^2/s^2|        590940|
|            Velocity-X|      0.374721|             1|       m/s|      0.374721|
|            Velocity-Y|             0|             1|       m/s|             0|
|    Velocity Magnitude|      0.374721|             1|       m/s|      0.374721|
+------------------------------------------------------------------------------+
|             Viscosity|    1.1862e-05|             1|   N.s/m^2|    1.1862e-05|
|          Conductivity|             -|             1|   W/m^2.K|             -|
|     Turb. Kin. Energy|   2.10624e-05|             1|   m^2/s^2|   2.10624e-05|
|     Spec. Dissipation|      0.393977|             1|       1/s|      0.393977|
+------------------------------------------------------------------------------+
|           Mach Number|             -|             -|         -|         0.001|
|       Reynolds Number|             -|             -|         -|       70092.4|
+------------------------------------------------------------------------------+
-- Unsteady conditions
+------------------------------------------------------------------------------+
|                  Name|    Dim. value|    Ref. value|      Unit|Non-dim. value|
+------------------------------------------------------------------------------+
|            Total Time|             1|             1|         s|             1|
|             Time Step|       2.5e-08|             1|         s|       2.5e-08|
+------------------------------------------------------------------------------+
Initialize Jacobian structure (Navier-Stokes). MG level: 0.
Initialize Jacobian structure (SST model).

------------------- Numerics Preprocessing ( Zone 0 ) -------------------

----------------- Integration Preprocessing ( Zone 0 ) ------------------

------------------- Iteration Preprocessing ( Zone 0 ) ------------------
Euler/Navier-Stokes/RANS fluid iteration.

------------------------------ Begin Solver -----------------------------

Simulation Run using the Single-zone Driver
The simulation will run for 1700 time steps.
+-----------------------------------------------------------------------------+
|   Time_Iter|  Inner_Iter|    rms[Rho]|   rms[RhoE]|      rms[k]|      rms[w]|
+-----------------------------------------------------------------------------+
|        3114|           0|   -1.521134|    4.386969|    2.204128|    5.739590|
|        3114|          25|   -5.046646|    1.800094|   -0.487414|    5.998713|
|        3114|          29|   -5.096583|    1.790061|   -0.558976|    6.013153|
+-----------------------------------------------------------------------------+
|   Time_Iter|  Inner_Iter|    rms[Rho]|   rms[RhoE]|      rms[k]|      rms[w]|
+-----------------------------------------------------------------------------+
|        3115|           0|   -1.521114|    4.387158|    2.203920|    6.019144|
|        3115|          25|   -5.026080|    1.836796|   -0.734409|    5.960091|
|        3115|          29|   -5.069001|    1.831050|   -0.769158|    5.969585|
+-----------------------------------------------------------------------------+
|   Time_Iter|  Inner_Iter|    rms[Rho]|   rms[RhoE]|      rms[k]|      rms[w]|
+-----------------------------------------------------------------------------+
|        3116|           0|   -1.521094|    4.387324|    2.203778|    5.977020|
|        3116|          25|   -5.003117|    1.876518|   -0.707002|    6.024217|
|        3116|          29|   -5.041310|    1.871184|   -0.748353|    6.023208|
+-----------------------------------------------------------------------------+
|   Time_Iter|  Inner_Iter|    rms[Rho]|   rms[RhoE]|      rms[k]|      rms[w]|
+-----------------------------------------------------------------------------+
|        3117|           0|   -1.521073|    4.387471|    2.203707|    6.029083|
|        3117|          25|   -4.992438|    1.896314|   -0.712442|    6.005248|
|        3117|          29|   -5.030311|    1.888250|   -0.761211|    5.993080|
+-----------------------------------------------------------------------------+
|   Time_Iter|  Inner_Iter|    rms[Rho]|   rms[RhoE]|      rms[k]|      rms[w]|
+-----------------------------------------------------------------------------+
|        3118|           0|   -1.521052|    4.387607|    2.203694|    5.999345|
|        3118|          25|   -4.998047|    1.891131|   -0.737035|    5.917210|
|        3118|          29|   -5.037983|    1.879992|   -0.792943|    5.898362|
+-----------------------------------------------------------------------------+
|   Time_Iter|  Inner_Iter|    rms[Rho]|   rms[RhoE]|      rms[k]|      rms[w]|
+-----------------------------------------------------------------------------+
|        3119|           0|   -1.521032|    4.387727|    2.203707|    5.906587|
|        3119|          25|   -5.015339|    1.867041|   -0.774577|    5.792850|
|        3119|          29|   -5.058522|    1.853423|   -0.836435|    5.775974|
+-----------------------------------------------------------------------------+
|   Time_Iter|  Inner_Iter|    rms[Rho]|   rms[RhoE]|      rms[k]|      rms[w]|
+-----------------------------------------------------------------------------+
|        3120|           0|   -1.521010|    4.387836|    2.203660|    5.788376|
|        3120|          25|   -5.038559|    1.832131|   -0.811251|    5.713680|
|        3120|          29|   -5.086223|    1.816084|   -0.873787|    5.702988|
+-----------------------------------------------------------------------+
|        File Writing Summary       |              Filename             |
+-----------------------------------------------------------------------+
|Paraview ASCII surface             |wall_npr20_production_cfl2_i30_from520_03120.vtk|
|CSV file                           |wall_npr20_production_cfl2_i30_from520_03120.csv|
+-----------------------------------------------------------------------+
+-----------------------------------------------------------------------------+
|   Time_Iter|  Inner_Iter|    rms[Rho]|   rms[RhoE]|      rms[k]|      rms[w]|
+-----------------------------------------------------------------------------+
|        3121|           0|   -1.520990|    4.387932|    2.203561|    5.715092|
|        3121|          25|   -5.060219|    1.796653|   -0.821392|    5.679941|
|        3121|          29|   -5.111754|    1.779440|   -0.874898|    5.676321|
+-----------------------------------------------------------------------------+
|   Time_Iter|  Inner_Iter|    rms[Rho]|   rms[RhoE]|      rms[k]|      rms[w]|
+-----------------------------------------------------------------------------+
|        3122|           0|   -1.520968|    4.388024|    2.203410|    5.686100|
|        3122|          25|   -5.067649|    1.783139|   -0.796602|    5.736907|
|        3122|          29|   -5.118237|    1.768973|   -0.838255|    5.749419|
+-----------------------------------------------------------------------------+
|   Time_Iter|  Inner_Iter|    rms[Rho]|   rms[RhoE]|      rms[k]|      rms[w]|
+-----------------------------------------------------------------------------+
|        3123|           0|   -1.520946|    4.388105|    2.203260|    5.758172|
|        3123|          25|   -5.057298|    1.800875|   -0.757735|    5.863542|
|        3123|          29|   -5.102370|    1.792089|   -0.793797|    5.876829|
+-----------------------------------------------------------------------------+
|   Time_Iter|  Inner_Iter|    rms[Rho]|   rms[RhoE]|      rms[k]|      rms[w]|
+-----------------------------------------------------------------------------+
|        3124|           0|   -1.520925|    4.388191|    2.203156|    5.884277|
|        3124|          25|   -5.034136|    1.840288|   -0.727093|    5.971871|
|        3124|          29|   -5.072513|    1.835030|   -0.765055|    5.979154|
+-----------------------------------------------------------------------------+
|   Time_Iter|  Inner_Iter|    rms[Rho]|   rms[RhoE]|      rms[k]|      rms[w]|
+-----------------------------------------------------------------------------+
|        3125|           0|   -1.520903|    4.388262|    2.203119|    5.985851|
|        3125|          25|   -5.011953|    1.877271|   -0.716441|    6.019725|
|        3125|          29|   -5.046677|    1.871588|   -0.760276|    6.016074|
+-----------------------------------------------------------------------------+
|   Time_Iter|  Inner_Iter|    rms[Rho]|   rms[RhoE]|      rms[k]|      rms[w]|
+-----------------------------------------------------------------------------+
|        3126|           0|   -1.520881|    4.388325|    2.203105|    6.021998|
|        3126|          25|   -5.004599|    1.891548|   -0.726367|    5.985172|
|        3126|          29|   -5.039527|    1.883254|   -0.777052|    5.971535|
+-----------------------------------------------------------------------------+
|   Time_Iter|  Inner_Iter|    rms[Rho]|   rms[RhoE]|      rms[k]|      rms[w]|
+-----------------------------------------------------------------------------+
|        3127|           0|   -1.520858|    4.388399|    2.203191|    5.978133|
|        3127|          25|   -5.012982|    1.882208|   -0.753270|    5.888642|
|        3127|          29|   -5.050596|    1.870560|   -0.810623|    5.869439|
+-----------------------------------------------------------------------------+
|   Time_Iter|  Inner_Iter|    rms[Rho]|   rms[RhoE]|      rms[k]|      rms[w]|
+-----------------------------------------------------------------------------+
|        3128|           0|   -1.520835|    4.388469|    2.203284|    5.878220|
|        3128|          25|   -5.031831|    1.856189|   -0.789932|    5.770138|
|        3128|          29|   -5.072971|    1.841914|   -0.852003|    5.757002|
+-----------------------------------------------------------------------------+
|   Time_Iter|  Inner_Iter|    rms[Rho]|   rms[RhoE]|      rms[k]|      rms[w]|
+-----------------------------------------------------------------------------+
|        3129|           0|   -1.520812|    4.388542|    2.203377|    5.769405|
|        3129|          25|   -5.055296|    1.821437|   -0.820348|    5.699104|
|        3129|          29|   -5.100335|    1.805079|   -0.880581|    5.688857|
+-----------------------------------------------------------------------------+
|   Time_Iter|  Inner_Iter|    rms[Rho]|   rms[RhoE]|      rms[k]|      rms[w]|
+-----------------------------------------------------------------------------+
|        3130|           0|   -1.520788|    4.388612|    2.203363|    5.700611|
|        3130|          25|   -5.076122|    1.787813|   -0.820642|    5.673930|
|        3130|          29|   -5.124195|    1.770962|   -0.870288|    5.673213|
+-----------------------------------------------------------------------+
|        File Writing Summary       |              Filename             |
+-----------------------------------------------------------------------+
|Paraview ASCII surface             |wall_npr20_production_cfl2_i30_from520_03130.vtk|
|CSV file                           |wall_npr20_production_cfl2_i30_from520_03130.csv|
+-----------------------------------------------------------------------+
+-----------------------------------------------------------------------------+
|   Time_Iter|  Inner_Iter|    rms[Rho]|   rms[RhoE]|      rms[k]|      rms[w]|
+-----------------------------------------------------------------------------+
|        3131|           0|   -1.520764|    4.388681|    2.203311|    5.682913|
|        3131|          25|   -5.080989|    1.778535|   -0.790118|    5.746586|
|        3131|          29|   -5.127443|    1.765088|   -0.829123|    5.759656|
+-----------------------------------------------------------------------------+
|   Time_Iter|  Inner_Iter|    rms[Rho]|   rms[RhoE]|      rms[k]|      rms[w]|
+-----------------------------------------------------------------------------+
|        3132|           0|   -1.520739|    4.388731|    2.203256|    5.768204|
|        3132|          25|   -5.067754|    1.800117|   -0.751148|    5.872321|
|        3132|          29|   -5.108418|    1.792025|   -0.786404|    5.884915|
+-----------------------------------------------------------------------------+
|   Time_Iter|  Inner_Iter|    rms[Rho]|   rms[RhoE]|      rms[k]|      rms[w]|
+-----------------------------------------------------------------------------+
|        3133|           0|   -1.520714|    4.388791|    2.203257|    5.892259|
|        3133|          25|   -5.043076|    1.840465|   -0.723508|    5.974101|
|        3133|          29|   -5.077499|    1.835439|   -0.761932|    5.980208|
+-----------------------------------------------------------------------------+
|   Time_Iter|  Inner_Iter|    rms[Rho]|   rms[RhoE]|      rms[k]|      rms[w]|
+-----------------------------------------------------------------------------+
|        3134|           0|   -1.520689|    4.388872|    2.203336|    5.986833|
|        3134|          25|   -5.021339|    1.875565|   -0.716437|    6.012390|
|        3134|          29|   -5.052833|    1.869720|   -0.760923|    6.007557|
+-----------------------------------------------------------------------------+
|   Time_Iter|  Inner_Iter|    rms[Rho]|   rms[RhoE]|      rms[k]|      rms[w]|
+-----------------------------------------------------------------------------+
|        3135|           0|   -1.520664|    4.388940|    2.203505|    6.013512|
|        3135|          25|   -5.015525|    1.887158|   -0.728981|    5.970275|
|        3135|          29|   -5.047529|    1.878715|   -0.780264|    5.956195|
+-----------------------------------------------------------------------------+
|   Time_Iter|  Inner_Iter|    rms[Rho]|   rms[RhoE]|      rms[k]|      rms[w]|
+-----------------------------------------------------------------------------+
|        3136|           0|   -1.520640|    4.388949|    2.203766|    5.963001|
|        3136|          25|   -5.025438|    1.875531|   -0.757448|    5.870481|
|        3136|          29|   -5.060448|    1.863642|   -0.814936|    5.851231|
+-----------------------------------------------------------------------------+
|   Time_Iter|  Inner_Iter|    rms[Rho]|   rms[RhoE]|      rms[k]|      rms[w]|
+-----------------------------------------------------------------------------+
|        3137|           0|   -1.520615|    4.388965|    2.204073|    5.860320|
|        3137|          25|   -5.045252|    1.848434|   -0.794346|    5.757120|
|        3137|          29|   -5.083675|    1.834039|   -0.855594|    5.744066|
+-----------------------------------------------------------------------------+
|   Time_Iter|  Inner_Iter|    rms[Rho]|   rms[RhoE]|      rms[k]|      rms[w]|
+-----------------------------------------------------------------------------+
|        3138|           0|   -1.520590|    4.388996|    2.204348|    5.756355|
|        3138|          25|   -5.068991|    1.813613|   -0.822477|    5.688828|
|        3138|          29|   -5.111233|    1.797034|   -0.880776|    5.679056|
+-----------------------------------------------------------------------------+
|   Time_Iter|  Inner_Iter|    rms[Rho]|   rms[RhoE]|      rms[k]|      rms[w]|
+-----------------------------------------------------------------------------+
|        3139|           0|   -1.520565|    4.389026|    2.204502|    5.690658|
|        3139|          25|   -5.089438|    1.780986|   -0.820090|    5.669714|
|        3139|          29|   -5.134190|    1.764302|   -0.867425|    5.670636|
+-----------------------------------------------------------------------------+
|   Time_Iter|  Inner_Iter|    rms[Rho]|   rms[RhoE]|      rms[k]|      rms[w]|
+-----------------------------------------------------------------------------+
|        3140|           0|   -1.520540|    4.389051|    2.204585|    5.680269|
|        3140|          25|   -5.092748|    1.774050|   -0.788339|    5.750009|
|        3140|          29|   -5.135507|    1.761002|   -0.825904|    5.763246|
+-----------------------------------------------------------------------+
|        File Writing Summary       |              Filename             |
+-----------------------------------------------------------------------+
|Paraview ASCII surface             |wall_npr20_production_cfl2_i30_from520_03140.vtk|
|CSV file                           |wall_npr20_production_cfl2_i30_from520_03140.csv|
+-----------------------------------------------------------------------+
+-----------------------------------------------------------------------------+
|   Time_Iter|  Inner_Iter|    rms[Rho]|   rms[RhoE]|      rms[k]|      rms[w]|
+-----------------------------------------------------------------------------+
|        3141|           0|   -1.520515|    4.389065|    2.204613|    5.771679|
|        3141|          25|   -5.077581|    1.797752|   -0.750016|    5.874401|
|        3141|          29|   -5.114521|    1.790015|   -0.784771|    5.886523|
+-----------------------------------------------------------------------------+
|   Time_Iter|  Inner_Iter|    rms[Rho]|   rms[RhoE]|      rms[k]|      rms[w]|
+-----------------------------------------------------------------------------+
|        3142|           0|   -1.520490|    4.389066|    2.204678|    5.893829|
|        3142|          25|   -5.051730|    1.838425|   -0.724049|    5.972046|
|        3142|          29|   -5.082878|    1.833505|   -0.762522|    5.977470|
+-----------------------------------------------------------------------------+
|   Time_Iter|  Inner_Iter|    rms[Rho]|   rms[RhoE]|      rms[k]|      rms[w]|
+-----------------------------------------------------------------------------+
|        3143|           0|   -1.520465|    4.389059|    2.204808|    5.984057|
|        3143|          25|   -5.029911|    1.872424|   -0.718505|    6.005191|
|        3143|          29|   -5.058698|    1.866493|   -0.763106|    5.999777|
+-----------------------------------------------------------------------------+
|   Time_Iter|  Inner_Iter|    rms[Rho]|   rms[RhoE]|      rms[k]|      rms[w]|
+-----------------------------------------------------------------------------+
|        3144|           0|   -1.520440|    4.389041|    2.205016|    6.005769|
|        3144|          25|   -5.024622|    1.882769|   -0.732002|    5.959820|
|        3144|          29|   -5.054203|    1.874185|   -0.783155|    5.945530|
+-----------------------------------------------------------------------------+
|   Time_Iter|  Inner_Iter|    rms[Rho]|   rms[RhoE]|      rms[k]|      rms[w]|
+-----------------------------------------------------------------------------+
|        3145|           0|   -1.520415|    4.389022|    2.205296|    5.952454|
|        3145|          25|   -5.035154|    1.870120|   -0.760641|    5.859258|
|        3145|          29|   -5.067851|    1.858121|   -0.817491|    5.840105|
+-----------------------------------------------------------------------------+
|   Time_Iter|  Inner_Iter|    rms[Rho]|   rms[RhoE]|      rms[k]|      rms[w]|
+-----------------------------------------------------------------------------+
|        3146|           0|   -1.520390|    4.389009|    2.205667|    5.849342|
|        3146|          25|   -5.055269|    1.842696|   -0.796829|    5.748574|
|        3146|          29|   -5.091325|    1.828211|   -0.856750|    5.735562|
+-----------------------------------------------------------------------------+
|   Time_Iter|  Inner_Iter|    rms[Rho]|   rms[RhoE]|      rms[k]|      rms[w]|
+-----------------------------------------------------------------------------+
|        3147|           0|   -1.520365|    4.389008|    2.206060|    5.747845|
|        3147|          25|   -5.079166|    1.807808|   -0.823324|    5.681898|
|        3147|          29|   -5.118973|    1.791094|   -0.879557|    5.672366|
+-----------------------------------------------------------------------------+
|   Time_Iter|  Inner_Iter|    rms[Rho]|   rms[RhoE]|      rms[k]|      rms[w]|
+-----------------------------------------------------------------------------+
|        3148|           0|   -1.520339|    4.389008|    2.206370|    5.683907|
|        3148|          25|   -5.099464|    1.775507|   -0.819547|    5.665095|
|        3148|          29|   -5.141575|    1.758808|   -0.864985|    5.666473|
+-----------------------------------------------------------------------------+
|   Time_Iter|  Inner_Iter|    rms[Rho]|   rms[RhoE]|      rms[k]|      rms[w]|
+-----------------------------------------------------------------------------+
|        3149|           0|   -1.520313|    4.389011|    2.206540|    5.676070|
|        3149|          25|   -5.102084|    1.769255|   -0.787704|    5.746892|
|        3149|          29|   -5.142170|    1.756249|   -0.823931|    5.760024|
+-----------------------------------------------------------------------+
|        File Writing Summary       |              Filename             |
+-----------------------------------------------------------------------+
|SU2 binary restart                 |restart_npr20_production_cfl2_i30_from520_03149.dat|
+-----------------------------------------------------------------------+
+-----------------------------------------------------------------------------+
|   Time_Iter|  Inner_Iter|    rms[Rho]|   rms[RhoE]|      rms[k]|      rms[w]|
+-----------------------------------------------------------------------------+
|        3150|           0|   -1.520288|    4.389013|    2.206676|    5.768418|
|        3150|          25|   -5.086040|    1.793462|   -0.749793|    5.869910|
|        3150|          29|   -5.120484|    1.785744|   -0.783749|    5.881799|
+-----------------------------------------------------------------------+
|        File Writing Summary       |              Filename             |
+-----------------------------------------------------------------------+
|SU2 binary restart                 |restart_npr20_production_cfl2_i30_from520_03150.dat|
|Paraview ASCII surface             |wall_npr20_production_cfl2_i30_from520_03150.vtk|
|CSV file                           |wall_npr20_production_cfl2_i30_from520_03150.csv|
+-----------------------------------------------------------------------+
+-----------------------------------------------------------------------------+
|   Time_Iter|  Inner_Iter|    rms[Rho]|   rms[RhoE]|      rms[k]|      rms[w]|
+-----------------------------------------------------------------------------+
|        3151|           0|   -1.520262|    4.389020|    2.206775|    5.889096|
|        3151|          25|   -5.059559|    1.834075|   -0.724432|    5.965962|
|        3151|          29|   -5.088514|    1.829145|   -0.762202|    5.971211|
+-----------------------------------------------------------------------------+
|   Time_Iter|  Inner_Iter|    rms[Rho]|   rms[RhoE]|      rms[k]|      rms[w]|
+-----------------------------------------------------------------------------+
|        3152|           0|   -1.520237|    4.389027|    2.206921|    5.977802|
|        3152|          25|   -5.037349|    1.867906|   -0.718837|    5.998428|
|        3152|          29|   -5.064169|    1.861980|   -0.762698|    5.993021|
+-----------------------------------------------------------------------------+
|   Time_Iter|  Inner_Iter|    rms[Rho]|   rms[RhoE]|      rms[k]|      rms[w]|
+-----------------------------------------------------------------------------+
|        3153|           0|   -1.520212|    4.389023|    2.207150|    5.999043|
|        3153|          25|   -5.031687|    1.878298|   -0.731618|    5.953697|
|        3153|          29|   -5.059417|    1.869746|   -0.781559|    5.939570|
+-----------------------------------------------------------------------------+
|   Time_Iter|  Inner_Iter|    rms[Rho]|   rms[RhoE]|      rms[k]|      rms[w]|
+-----------------------------------------------------------------------------+
|        3154|           0|   -1.520187|    4.389016|    2.207461|    5.946524|
|        3154|          25|   -5.041805|    1.865928|   -0.758662|    5.854634|
|        3154|          29|   -5.072732|    1.853954|   -0.813551|    5.835670|
+-----------------------------------------------------------------------------+
|   Time_Iter|  Inner_Iter|    rms[Rho]|   rms[RhoE]|      rms[k]|      rms[w]|
+-----------------------------------------------------------------------------+
|        3155|           0|   -1.520162|    4.389018|    2.207853|    5.844891|
|        3155|          25|   -5.061627|    1.838784|   -0.792560|    5.744217|
|        3155|          29|   -5.095939|    1.824279|   -0.849637|    5.731441|
+-----------------------------------------------------------------------------+
|   Time_Iter|  Inner_Iter|    rms[Rho]|   rms[RhoE]|      rms[k]|      rms[w]|
+-----------------------------------------------------------------------------+
|        3156|           0|   -1.520137|    4.389027|    2.208323|    5.743734|
|        3156|          25|   -5.085460|    1.803930|   -0.817562|    5.677993|
|        3156|          29|   -5.123524|    1.787166|   -0.870771|    5.668400|
+-----------------------------------------------------------------------------+
|   Time_Iter|  Inner_Iter|    rms[Rho]|   rms[RhoE]|      rms[k]|      rms[w]|
+-----------------------------------------------------------------------------+
|        3157|           0|   -1.520112|    4.389044|    2.208752|    5.679954|
|        3157|          25|   -5.105890|    1.771281|   -0.814458|    5.659741|
|        3157|          29|   -5.146372|    1.754391|   -0.857587|    5.660561|
+-----------------------------------------------------------------------------+
|   Time_Iter|  Inner_Iter|    rms[Rho]|   rms[RhoE]|      rms[k]|      rms[w]|
+-----------------------------------------------------------------------------+
|        3158|           0|   -1.520086|    4.389069|    2.209064|    5.670157|
|        3158|          25|   -5.108748|    1.764251|   -0.784034|    5.738190|
|        3158|          29|   -5.147395|    1.750971|   -0.818675|    5.751040|
+-----------------------------------------------------------------------------+
|   Time_Iter|  Inner_Iter|    rms[Rho]|   rms[RhoE]|      rms[k]|      rms[w]|
+-----------------------------------------------------------------------------+
|        3159|           0|   -1.520061|    4.389100|    2.209289|    5.759463|
|        3159|          25|   -5.092829|    1.787635|   -0.747696|    5.860130|
|        3159|          29|   -5.126107|    1.779640|   -0.780470|    5.872012|
+-----------------------------------------------------------------------------+
|   Time_Iter|  Inner_Iter|    rms[Rho]|   rms[RhoE]|      rms[k]|      rms[w]|
+-----------------------------------------------------------------------------+
|        3160|           0|   -1.520036|    4.389127|    2.209481|    5.879308|
|        3160|          25|   -5.066235|    1.827886|   -0.722675|    5.956888|
|        3160|          29|   -5.094163|    1.822840|   -0.759238|    5.962392|
+-----------------------------------------------------------------------+
|        File Writing Summary       |              Filename             |
+-----------------------------------------------------------------------+
|Paraview ASCII surface             |wall_npr20_production_cfl2_i30_from520_03160.vtk|
|CSV file                           |wall_npr20_production_cfl2_i30_from520_03160.csv|
+-----------------------------------------------------------------------+
+-----------------------------------------------------------------------------+
|   Time_Iter|  Inner_Iter|    rms[Rho]|   rms[RhoE]|      rms[k]|      rms[w]|
+-----------------------------------------------------------------------------+
|        3161|           0|   -1.520010|    4.389149|    2.209633|    5.969019|
|        3161|          25|   -5.043272|    1.862335|   -0.716515|    5.992404|
|        3161|          29|   -5.069057|    1.856472|   -0.758909|    5.987480|
+-----------------------------------------------------------------------------+
|   Time_Iter|  Inner_Iter|    rms[Rho]|   rms[RhoE]|      rms[k]|      rms[w]|
+-----------------------------------------------------------------------------+
|        3162|           0|   -1.519987|    4.389141|    2.209846|    5.993519|
|        3162|          25|   -5.036548|    1.873825|   -0.727852|    5.951563|
|        3162|          29|   -5.063212|    1.865446|   -0.775819|    5.937793|
+-----------------------------------------------------------------------------+
|   Time_Iter|  Inner_Iter|    rms[Rho]|   rms[RhoE]|      rms[k]|      rms[w]|
+-----------------------------------------------------------------------------+
|        3163|           0|   -1.519963|    4.389161|    2.210148|    5.944699|
|        3163|          25|   -5.045543|    1.862849|   -0.752688|    5.855772|
|        3163|          29|   -5.075352|    1.851013|   -0.804869|    5.837070|
+-----------------------------------------------------------------------------+
|   Time_Iter|  Inner_Iter|    rms[Rho]|   rms[RhoE]|      rms[k]|      rms[w]|
+-----------------------------------------------------------------------------+
|        3164|           0|   -1.519939|    4.389202|    2.210565|    5.846140|
|        3164|          25|   -5.064545|    1.836586|   -0.783959|    5.743453|
|        3164|          29|   -5.097819|    1.822107|   -0.837726|    5.730971|
+-----------------------------------------------------------------------------+
|   Time_Iter|  Inner_Iter|    rms[Rho]|   rms[RhoE]|      rms[k]|      rms[w]|
+-----------------------------------------------------------------------------+
|        3165|           0|   -1.519914|    4.389270|    2.211047|    5.743406|
|        3165|          25|   -5.088210|    1.801878|   -0.807794|    5.677006|
|        3165|          29|   -5.125220|    1.785149|   -0.857881|    5.667170|
+-----------------------------------------------------------------------------+
|   Time_Iter|  Inner_Iter|    rms[Rho]|   rms[RhoE]|      rms[k]|      rms[w]|
+-----------------------------------------------------------------------------+
|        3166|           0|   -1.519889|    4.389381|    2.211579|    5.678804|
|        3166|          25|   -5.108977|    1.768412|   -0.806456|    5.654713|
|        3166|          29|   -5.148775|    1.751213|   -0.847483|    5.654118|
+-----------------------------------------------------------------------------+
|   Time_Iter|  Inner_Iter|    rms[Rho]|   rms[RhoE]|      rms[k]|      rms[w]|
+-----------------------------------------------------------------------------+
|        3167|           0|   -1.519864|    4.389500|    2.212038|    5.663731|
|        3167|          25|   -5.112784|    1.759421|   -0.779276|    5.725438|
|        3167|          29|   -5.151155|    1.745612|   -0.812536|    5.737818|
+-----------------------------------------------------------------------------+
|   Time_Iter|  Inner_Iter|    rms[Rho]|   rms[RhoE]|      rms[k]|      rms[w]|
+-----------------------------------------------------------------------------+
|        3168|           0|   -1.519842|    4.389444|    2.212319|    5.746325|
|        3168|          25|   -5.097947|    1.780771|   -0.744366|    5.846263|
|        3168|          29|   -5.131241|    1.772317|   -0.775775|    5.858287|
+-----------------------------------------------------------------------------+
|   Time_Iter|  Inner_Iter|    rms[Rho]|   rms[RhoE]|      rms[k]|      rms[w]|
+-----------------------------------------------------------------------------+
|        3169|           0|   -1.519819|    4.389387|    2.212565|    5.865641|
|        3169|          25|   -5.071672|    1.820330|   -0.719436|    5.945349|
|        3169|          29|   -5.099693|    1.815062|   -0.754380|    5.951428|
+-----------------------------------------------------------------------------+
|   Time_Iter|  Inner_Iter|    rms[Rho]|   rms[RhoE]|      rms[k]|      rms[w]|
+-----------------------------------------------------------------------------+
|        3170|           0|   -1.519796|    4.389316|    2.212817|    5.958110|
|        3170|          25|   -5.047767|    1.855923|   -0.712240|    5.986738|
|        3170|          29|   -5.073451|    1.850148|   -0.752659|    5.982673|
+-----------------------------------------------------------------------+
|        File Writing Summary       |              Filename             |
+-----------------------------------------------------------------------+
|Paraview ASCII surface             |wall_npr20_production_cfl2_i30_from520_03170.vtk|
|CSV file                           |wall_npr20_production_cfl2_i30_from520_03170.csv|
+-----------------------------------------------------------------------+
+-----------------------------------------------------------------------------+
|   Time_Iter|  Inner_Iter|    rms[Rho]|   rms[RhoE]|      rms[k]|      rms[w]|
+-----------------------------------------------------------------------------+
|        3171|           0|   -1.519773|    4.389255|    2.213126|    5.988721|
|        3171|          25|   -5.039293|    1.869580|   -0.721630|    5.952382|
|        3171|          29|   -5.065890|    1.861204|   -0.767138|    5.939186|
+-----------------------------------------------------------------------------+
|   Time_Iter|  Inner_Iter|    rms[Rho]|   rms[RhoE]|      rms[k]|      rms[w]|
+-----------------------------------------------------------------------------+
|        3172|           0|   -1.519750|    4.389205|    2.213520|    5.945947|
|        3172|          25|   -5.046689|    1.860695|   -0.743965|    5.861503|
|        3172|          29|   -5.076105|    1.849081|   -0.793132|    5.843187|
+-----------------------------------------------------------------------------+
|   Time_Iter|  Inner_Iter|    rms[Rho]|   rms[RhoE]|      rms[k]|      rms[w]|
+-----------------------------------------------------------------------------+
|        3173|           0|   -1.519728|    4.389167|    2.214022|    5.852001|
|        3173|          25|   -5.064282|    1.836062|   -0.772960|    5.745754|
|        3173|          29|   -5.097318|    1.821522|   -0.823393|    5.733300|
+-----------------------------------------------------------------------------+
|   Time_Iter|  Inner_Iter|    rms[Rho]|   rms[RhoE]|      rms[k]|      rms[w]|
+-----------------------------------------------------------------------------+
|        3174|           0|   -1.519706|    4.389123|    2.214556|    5.745777|
|        3174|          25|   -5.087902|    1.801451|   -0.796574|    5.678670|
|        3174|          29|   -5.124559|    1.784841|   -0.843854|    5.668615|
+-----------------------------------------------------------------------------+
|   Time_Iter|  Inner_Iter|    rms[Rho]|   rms[RhoE]|      rms[k]|      rms[w]|
+-----------------------------------------------------------------------------+
|        3175|           0|   -1.519683|    4.389081|    2.215103|    5.680404|
|        3175|          25|   -5.109239|    1.767015|   -0.798118|    5.651345|
|        3175|          29|   -5.149094|    1.749419|   -0.837481|    5.648678|
+-----------------------------------------------------------------------------+
|   Time_Iter|  Inner_Iter|    rms[Rho]|   rms[RhoE]|      rms[k]|      rms[w]|
+-----------------------------------------------------------------------------+
|        3176|           0|   -1.519662|    4.389030|    2.215681|    5.658307|
|        3176|          25|   -5.114612|    1.755122|   -0.774485|    5.709994|
|        3176|          29|   -5.153576|    1.740588|   -0.806598|    5.721644|
+-----------------------------------------------------------------------------+
|   Time_Iter|  Inner_Iter|    rms[Rho]|   rms[RhoE]|      rms[k]|      rms[w]|
+-----------------------------------------------------------------------------+
|        3177|           0|   -1.519640|    4.388980|    2.216146|    5.730284|
|        3177|          25|   -5.101655|    1.773251|   -0.741205|    5.828994|
|        3177|          29|   -5.135943|    1.764144|   -0.771218|    5.841270|
+-----------------------------------------------------------------------------+
|   Time_Iter|  Inner_Iter|    rms[Rho]|   rms[RhoE]|      rms[k]|      rms[w]|
+-----------------------------------------------------------------------------+
|        3178|           0|   -1.519618|    4.388935|    2.216487|    5.848704|
|        3178|          25|   -5.076075|    1.811724|   -0.713048|    5.931168|
|        3178|          29|   -5.105158|    1.806092|   -0.745687|    5.938242|
+-----------------------------------------------------------------------------+
|   Time_Iter|  Inner_Iter|    rms[Rho]|   rms[RhoE]|      rms[k]|      rms[w]|
+-----------------------------------------------------------------------------+
|        3179|           0|   -1.519596|    4.388907|    2.216788|    5.945001|
|        3179|          25|   -5.051228|    1.848656|   -0.706276|    5.980295|
|        3179|          29|   -5.077642|    1.842974|   -0.744299|    5.977742|
+-----------------------------------------------------------------------------+
|   Time_Iter|  Inner_Iter|    rms[Rho]|   rms[RhoE]|      rms[k]|      rms[w]|
+-----------------------------------------------------------------------------+
|        3180|           0|   -1.519573|    4.388882|    2.217109|    5.983814|
|        3180|          25|   -5.040596|    1.865289|   -0.712703|    5.954750|
|        3180|          29|   -5.067776|    1.856977|   -0.755211|    5.942754|
+-----------------------------------------------------------------------+
|        File Writing Summary       |              Filename             |
+-----------------------------------------------------------------------+
|Paraview ASCII surface             |wall_npr20_production_cfl2_i30_from520_03180.vtk|
|CSV file                           |wall_npr20_production_cfl2_i30_from520_03180.csv|
+-----------------------------------------------------------------------+
+-----------------------------------------------------------------------------+
|   Time_Iter|  Inner_Iter|    rms[Rho]|   rms[RhoE]|      rms[k]|      rms[w]|
+-----------------------------------------------------------------------------+
|        3181|           0|   -1.519549|    4.388846|    2.217488|    5.949333|
|        3181|          25|   -5.046197|    1.859074|   -0.731424|    5.870517|
|        3181|          29|   -5.075754|    1.847777|   -0.776931|    5.852750|
+-----------------------------------------------------------------------------+
|   Time_Iter|  Inner_Iter|    rms[Rho]|   rms[RhoE]|      rms[k]|      rms[w]|
+-----------------------------------------------------------------------------+
|        3182|           0|   -1.519525|    4.388814|    2.217984|    5.861243|
|        3182|          25|   -5.063069|    1.835704|   -0.756810|    5.755572|
|        3182|          29|   -5.095374|    1.822285|   -0.803095|    5.738359|
+-----------------------------------------------------------------------------+
|   Time_Iter|  Inner_Iter|    rms[Rho]|   rms[RhoE]|      rms[k]|      rms[w]|
+-----------------------------------------------------------------------------+
|        3183|           0|   -1.519501|    4.388798|    2.218584|    5.750231|
|        3183|          25|   -5.085597|    1.802275|   -0.778730|    5.682249|
|        3183|          29|   -5.122338|    1.785860|   -0.822236|    5.672216|
+-----------------------------------------------------------------------------+
|   Time_Iter|  Inner_Iter|    rms[Rho]|   rms[RhoE]|      rms[k]|      rms[w]|
+-----------------------------------------------------------------------------+
|        3184|           0|   -1.519477|    4.388782|    2.219283|    5.684280|
|        3184|          25|   -5.107212|    1.767078|   -0.782808|    5.650417|
|        3184|          29|   -5.147716|    1.749034|   -0.819564|    5.645487|
+-----------------------------------------------------------------------------+
|   Time_Iter|  Inner_Iter|    rms[Rho]|   rms[RhoE]|      rms[k]|      rms[w]|
+-----------------------------------------------------------------------------+
|        3185|           0|   -1.519453|    4.388766|    2.219992|    5.655149|
|        3185|          25|   -5.114786|    1.751492|   -0.763868|    5.692722|
|        3185|          29|   -5.154941|    1.736128|   -0.793775|    5.703258|
+-----------------------------------------------------------------------------+
|   Time_Iter|  Inner_Iter|    rms[Rho]|   rms[RhoE]|      rms[k]|      rms[w]|
+-----------------------------------------------------------------------------+
|        3186|           0|   -1.519428|    4.388766|    2.220703|    5.712075|
|        3186|          25|   -5.104298|    1.765357|   -0.734009|    5.808261|
|        3186|          29|   -5.140413|    1.755301|   -0.762095|    5.820944|
+-----------------------------------------------------------------------------+
|   Time_Iter|  Inner_Iter|    rms[Rho]|   rms[RhoE]|      rms[k]|      rms[w]|
+-----------------------------------------------------------------------------+
|        3187|           0|   -1.519403|    4.388774|    2.221273|    5.828485|
|        3187|          25|   -5.079819|    1.802110|   -0.709077|    5.913850|
|        3187|          29|   -5.110785|    1.795967|   -0.739769|    5.922061|
+-----------------------------------------------------------------------------+
|   Time_Iter|  Inner_Iter|    rms[Rho]|   rms[RhoE]|      rms[k]|      rms[w]|
+-----------------------------------------------------------------------------+
|        3188|           0|   -1.519379|    4.388807|    2.221743|    5.928997|
|        3188|          25|   -5.054462|    1.840322|   -0.698448|    5.972224|
|        3188|          29|   -5.082215|    1.834699|   -0.733777|    5.971240|
+-----------------------------------------------------------------------------+
|   Time_Iter|  Inner_Iter|    rms[Rho]|   rms[RhoE]|      rms[k]|      rms[w]|
+-----------------------------------------------------------------------------+
|        3189|           0|   -1.519354|    4.388857|    2.222172|    5.977469|
|        3189|          25|   -5.041546|    1.860531|   -0.702347|    5.958008|
|        3189|          29|   -5.069535|    1.852519|   -0.741815|    5.947057|
+-----------------------------------------------------------------------------+
|   Time_Iter|  Inner_Iter|    rms[Rho]|   rms[RhoE]|      rms[k]|      rms[w]|
+-----------------------------------------------------------------------------+
|        3190|           0|   -1.519329|    4.388909|    2.222629|    5.953443|
|        3190|          25|   -5.044840|    1.857603|   -0.717751|    5.881848|
|        3190|          29|   -5.074887|    1.846701|   -0.759811|    5.864828|
+-----------------------------------------------------------------------+
|        File Writing Summary       |              Filename             |
+-----------------------------------------------------------------------+
|Paraview ASCII surface             |wall_npr20_production_cfl2_i30_from520_03190.vtk|
|CSV file                           |wall_npr20_production_cfl2_i30_from520_03190.csv|
+-----------------------------------------------------------------------+
+-----------------------------------------------------------------------------+
|   Time_Iter|  Inner_Iter|    rms[Rho]|   rms[RhoE]|      rms[k]|      rms[w]|
+-----------------------------------------------------------------------------+
|        3191|           0|   -1.519304|    4.388958|    2.223161|    5.872953|
|        3191|          25|   -5.060819|    1.835823|   -0.739724|    5.770002|
|        3191|          29|   -5.093537|    1.822709|   -0.782290|    5.751693|
+-----------------------------------------------------------------------------+
|   Time_Iter|  Inner_Iter|    rms[Rho]|   rms[RhoE]|      rms[k]|      rms[w]|
+-----------------------------------------------------------------------------+
|        3192|           0|   -1.519279|    4.389020|    2.223736|    5.762469|
|        3192|          25|   -5.082006|    1.804234|   -0.759051|    5.689359|
|        3192|          29|   -5.119138|    1.787942|   -0.799081|    5.677423|
+-----------------------------------------------------------------------------+
|   Time_Iter|  Inner_Iter|    rms[Rho]|   rms[RhoE]|      rms[k]|      rms[w]|
+-----------------------------------------------------------------------------+
|        3193|           0|   -1.519253|    4.389083|    2.224395|    5.689808|
|        3193|          25|   -5.103598|    1.768667|   -0.766202|    5.650900|
|        3193|          29|   -5.145015|    1.750205|   -0.800692|    5.645381|
+-----------------------------------------------------------------------------+
|   Time_Iter|  Inner_Iter|    rms[Rho]|   rms[RhoE]|      rms[k]|      rms[w]|
+-----------------------------------------------------------------------------+
|        3194|           0|   -1.519228|    4.389142|    2.225120|    5.655302|
|        3194|          25|   -5.113489|    1.748720|   -0.751742|    5.674706|
|        3194|          29|   -5.155354|    1.732468|   -0.780364|    5.683552|
+-----------------------------------------------------------------------------+
|   Time_Iter|  Inner_Iter|    rms[Rho]|   rms[RhoE]|      rms[k]|      rms[w]|
+-----------------------------------------------------------------------------+
|        3195|           0|   -1.519203|    4.389207|    2.225862|    5.692575|
|        3195|          25|   -5.106002|    1.757332|   -0.725132|    5.784117|
|        3195|          29|   -5.144608|    1.746155|   -0.751393|    5.797027|
+-----------------------------------------------------------------------------+
|   Time_Iter|  Inner_Iter|    rms[Rho]|   rms[RhoE]|      rms[k]|      rms[w]|
+-----------------------------------------------------------------------------+
|        3196|           0|   -1.519178|    4.389249|    2.226589|    5.804803|
|        3196|          25|   -5.083807|    1.791470|   -0.700671|    5.893512|
|        3196|          29|   -5.117068|    1.784689|   -0.728996|    5.902308|
+-----------------------------------------------------------------------------+
|   Time_Iter|  Inner_Iter|    rms[Rho]|   rms[RhoE]|      rms[k]|      rms[w]|
+-----------------------------------------------------------------------------+
|        3197|           0|   -1.519154|    4.389289|    2.227156|    5.909382|
|        3197|          25|   -5.058431|    1.830672|   -0.688460|    5.961725|
|        3197|          29|   -5.087761|    1.825060|   -0.721033|    5.962426|
+-----------------------------------------------------------------------------+
|   Time_Iter|  Inner_Iter|    rms[Rho]|   rms[RhoE]|      rms[k]|      rms[w]|
+-----------------------------------------------------------------------------+
|        3198|           0|   -1.519130|    4.389330|    2.227626|    5.968747|
|        3198|          25|   -5.043026|    1.854854|   -0.689924|    5.960616|
|        3198|          29|   -5.071845|    1.847257|   -0.726401|    5.951408|
+-----------------------------------------------------------------------------+
|   Time_Iter|  Inner_Iter|    rms[Rho]|   rms[RhoE]|      rms[k]|      rms[w]|
+-----------------------------------------------------------------------------+
|        3199|           0|   -1.519107|    4.389352|    2.228057|    5.957692|
|        3199|          25|   -5.043671|    1.855911|   -0.701086|    5.894641|
|        3199|          29|   -5.074192|    1.845491|   -0.739739|    5.878650|
+-----------------------------------------------------------------------+
|        File Writing Summary       |              Filename             |
+-----------------------------------------------------------------------+
|SU2 binary restart                 |restart_npr20_production_cfl2_i30_from520_03199.dat|
+-----------------------------------------------------------------------+
+-----------------------------------------------------------------------------+
|   Time_Iter|  Inner_Iter|    rms[Rho]|   rms[RhoE]|      rms[k]|      rms[w]|
+-----------------------------------------------------------------------------+
|        3200|           0|   -1.519084|    4.389339|    2.228504|    5.886385|
|        3200|          25|   -5.058002|    1.836365|   -0.721415|    5.788760|
|        3200|          29|   -5.091333|    1.823559|   -0.760827|    5.769528|
+-----------------------------------------------------------------------+
|        File Writing Summary       |              Filename             |
+-----------------------------------------------------------------------+
|SU2 binary restart                 |restart_npr20_production_cfl2_i30_from520_03200.dat|
|Paraview ASCII                     |flow_npr20_production_cfl2_i30_from520_03200.vtk|
|Paraview ASCII surface             |wall_npr20_production_cfl2_i30_from520_03200.vtk|
|CSV file                           |wall_npr20_production_cfl2_i30_from520_03200.csv|
+-----------------------------------------------------------------------+
+-----------------------------------------------------------------------------+
|   Time_Iter|  Inner_Iter|    rms[Rho]|   rms[RhoE]|      rms[k]|      rms[w]|
+-----------------------------------------------------------------------------+
|        3201|           0|   -1.519061|    4.389316|    2.229077|    5.779578|
|        3201|          25|   -5.077115|    1.807212|   -0.740377|    5.699117|
|        3201|          29|   -5.114869|    1.791194|   -0.777995|    5.687049|
+-----------------------------------------------------------------------------+
|   Time_Iter|  Inner_Iter|    rms[Rho]|   rms[RhoE]|      rms[k]|      rms[w]|
+-----------------------------------------------------------------------------+
|        3202|           0|   -1.519038|    4.389274|    2.229775|    5.699103|
|        3202|          25|   -5.097738|    1.772533|   -0.748812|    5.649066|
|        3202|          29|   -5.140644|    1.753329|   -0.781903|    5.646061|
+-----------------------------------------------------------------------------+
|   Time_Iter|  Inner_Iter|    rms[Rho]|   rms[RhoE]|      rms[k]|      rms[w]|
+-----------------------------------------------------------------------------+
|        3203|           0|   -1.519015|    4.389237|    2.230580|    5.657106|
|        3203|          25|   -5.111266|    1.747066|   -0.739172|    5.657797|
|        3203|          29|   -5.155020|    1.730001|   -0.766925|    5.664046|
+-----------------------------------------------------------------------------+
|   Time_Iter|  Inner_Iter|    rms[Rho]|   rms[RhoE]|      rms[k]|      rms[w]|
+-----------------------------------------------------------------------------+
|        3204|           0|   -1.518992|    4.389213|    2.231446|    5.673266|
|        3204|          25|   -5.107813|    1.749707|   -0.716295|    5.756971|
|        3204|          29|   -5.148999|    1.737134|   -0.741420|    5.769732|
+-----------------------------------------------------------------------------+
|   Time_Iter|  Inner_Iter|    rms[Rho]|   rms[RhoE]|      rms[k]|      rms[w]|
+-----------------------------------------------------------------------------+
|        3205|           0|   -1.518969|    4.389213|    2.232317|    5.777740|
|        3205|          25|   -5.088649|    1.779974|   -0.692667|    5.869753|
|        3205|          29|   -5.124249|    1.772341|   -0.719226|    5.879500|
+-----------------------------------------------------------------------------+
|   Time_Iter|  Inner_Iter|    rms[Rho]|   rms[RhoE]|      rms[k]|      rms[w]|
+-----------------------------------------------------------------------------+
|        3206|           0|   -1.518945|    4.389182|    2.233143|    5.886557|
|        3206|          25|   -5.063711|    1.819546|   -0.678828|    5.947852|
|        3206|          29|   -5.094587|    1.813868|   -0.709223|    5.950403|
+-----------------------------------------------------------------------------+
|   Time_Iter|  Inner_Iter|    rms[Rho]|   rms[RhoE]|      rms[k]|      rms[w]|
+-----------------------------------------------------------------------------+
|        3207|           0|   -1.518923|    4.389117|    2.233795|    5.956849|
|        3207|          25|   -5.045594|    1.847891|   -0.677499|    5.961665|
|        3207|          29|   -5.075222|    1.840757|   -0.711574|    5.954353|
+-----------------------------------------------------------------------------+
|   Time_Iter|  Inner_Iter|    rms[Rho]|   rms[RhoE]|      rms[k]|      rms[w]|
+-----------------------------------------------------------------------------+
|        3208|           0|   -1.518900|    4.389062|    2.234346|    5.960538|
|        3208|          25|   -5.042670|    1.853626|   -0.686564|    5.907865|
|        3208|          29|   -5.073792|    1.843806|   -0.722975|    5.893257|
+-----------------------------------------------------------------------------+
|   Time_Iter|  Inner_Iter|    rms[Rho]|   rms[RhoE]|      rms[k]|      rms[w]|
+-----------------------------------------------------------------------------+
|        3209|           0|   -1.518877|    4.389015|    2.234856|    5.900618|
|        3209|          25|   -5.053638|    1.838257|   -0.702403|    5.809234|
|        3209|          29|   -5.088365|    1.825134|   -0.739374|    5.791079|
+-----------------------------------------------------------------------------+
|   Time_Iter|  Inner_Iter|    rms[Rho]|   rms[RhoE]|      rms[k]|      rms[w]|
+-----------------------------------------------------------------------------+
|        3210|           0|   -1.518854|    4.388968|    2.235418|    5.800682|
|        3210|          25|   -5.071594|    1.810995|   -0.719326|    5.710677|
|        3210|          29|   -5.110041|    1.795393|   -0.754983|    5.698489|
+-----------------------------------------------------------------------+
|        File Writing Summary       |              Filename             |
+-----------------------------------------------------------------------+
|Paraview ASCII surface             |wall_npr20_production_cfl2_i30_from520_03210.vtk|
|CSV file                           |wall_npr20_production_cfl2_i30_from520_03210.csv|
+-----------------------------------------------------------------------+
+-----------------------------------------------------------------------------+
|   Time_Iter|  Inner_Iter|    rms[Rho]|   rms[RhoE]|      rms[k]|      rms[w]|
+-----------------------------------------------------------------------------+
|        3211|           0|   -1.518831|    4.388930|    2.236097|    5.710697|
|        3211|          25|   -5.092452|    1.777117|   -0.729094|    5.652871|
|        3211|          29|   -5.135082|    1.759074|   -0.761038|    5.644454|
+-----------------------------------------------------------------------------+
|   Time_Iter|  Inner_Iter|    rms[Rho]|   rms[RhoE]|      rms[k]|      rms[w]|
+-----------------------------------------------------------------------------+
|        3212|           0|   -1.518808|    4.388899|    2.236886|    5.655628|
|        3212|          25|   -5.109483|    1.746790|   -0.723598|    5.644571|
|        3212|          29|   -5.154488|    1.729016|   -0.750854|    5.647084|
+-----------------------------------------------------------------------------+
|   Time_Iter|  Inner_Iter|    rms[Rho]|   rms[RhoE]|      rms[k]|      rms[w]|
+-----------------------------------------------------------------------------+
|        3213|           0|   -1.518784|    4.388859|    2.237780|    5.656458|
|        3213|          25|   -5.110109|    1.742897|   -0.704449|    5.727407|
|        3213|          29|   -5.153251|    1.728982|   -0.728830|    5.739610|
+-----------------------------------------------------------------------------+
|   Time_Iter|  Inner_Iter|    rms[Rho]|   rms[RhoE]|      rms[k]|      rms[w]|
+-----------------------------------------------------------------------------+
|        3214|           0|   -1.518760|    4.388832|    2.238713|    5.747844|
|        3214|          25|   -5.094343|    1.767753|   -0.681882|    5.841796|
|        3214|          29|   -5.132148|    1.759177|   -0.706922|    5.852471|
+-----------------------------------------------------------------------------+
|   Time_Iter|  Inner_Iter|    rms[Rho]|   rms[RhoE]|      rms[k]|      rms[w]|
+-----------------------------------------------------------------------------+
|        3215|           0|   -1.518735|    4.388805|    2.239647|    5.859701|
|        3215|          25|   -5.069700|    1.806883|   -0.666412|    5.929706|
|        3215|          29|   -5.102550|    1.800973|   -0.694707|    5.934172|
+-----------------------------------------------------------------------------+
|   Time_Iter|  Inner_Iter|    rms[Rho]|   rms[RhoE]|      rms[k]|      rms[w]|
+-----------------------------------------------------------------------------+
|        3216|           0|   -1.518710|    4.388789|    2.240557|    5.940771|
|        3216|          25|   -5.048938|    1.839256|   -0.661910|    5.960062|
|        3216|          29|   -5.079802|    1.832601|   -0.693618|    5.954884|
+-----------------------------------------------------------------------------+
|   Time_Iter|  Inner_Iter|    rms[Rho]|   rms[RhoE]|      rms[k]|      rms[w]|
+-----------------------------------------------------------------------------+
|        3217|           0|   -1.518685|    4.388785|    2.241362|    5.961010|
|        3217|          25|   -5.042704|    1.850092|   -0.667141|    5.920712|
|        3217|          29|   -5.074441|    1.841096|   -0.701068|    5.907532|
+-----------------------------------------------------------------------------+
|   Time_Iter|  Inner_Iter|    rms[Rho]|   rms[RhoE]|      rms[k]|      rms[w]|
+-----------------------------------------------------------------------------+
|        3218|           0|   -1.518660|    4.388780|    2.242076|    5.914558|
|        3218|          25|   -5.050465|    1.839969|   -0.852722|    5.831666|
|        3218|          29|   -5.085301|    1.827619|   -0.938620|    5.814017|
+-----------------------------------------------------------------------------+
|   Time_Iter|  Inner_Iter|    rms[Rho]|   rms[RhoE]|      rms[k]|      rms[w]|
+-----------------------------------------------------------------------------+
|        3219|           0|   -1.518635|    4.388767|    2.242758|    5.823015|
|        3219|          25|   -5.066652|    1.815700|   -0.891798|    5.722582|
|        3219|          29|   -5.105208|    1.800444|   -0.987658|    5.711065|
+-----------------------------------------------------------------------------+
|   Time_Iter|  Inner_Iter|    rms[Rho]|   rms[RhoE]|      rms[k]|      rms[w]|
+-----------------------------------------------------------------------------+
|        3220|           0|   -1.518610|    4.388753|    2.243480|    5.723498|
|        3220|          25|   -5.088171|    1.782027|   -0.924711|    5.661776|
|        3220|          29|   -5.130475|    1.764595|   -1.023261|    5.652234|
+-----------------------------------------------------------------------+
|        File Writing Summary       |              Filename             |
+-----------------------------------------------------------------------+
|Paraview ASCII surface             |wall_npr20_production_cfl2_i30_from520_03220.vtk|
|CSV file                           |wall_npr20_production_cfl2_i30_from520_03220.csv|
+-----------------------------------------------------------------------+
+-----------------------------------------------------------------------------+
|   Time_Iter|  Inner_Iter|    rms[Rho]|   rms[RhoE]|      rms[k]|      rms[w]|
+-----------------------------------------------------------------------------+
|        3221|           0|   -1.518584|    4.388756|    2.244288|    5.663797|
|        3221|          25|   -5.107086|    1.748491|   -0.926695|    5.638217|
|        3221|          29|   -5.152923|    1.730102|   -1.012204|    5.635980|
+-----------------------------------------------------------------------------+
|   Time_Iter|  Inner_Iter|    rms[Rho]|   rms[RhoE]|      rms[k]|      rms[w]|
+-----------------------------------------------------------------------------+
|        3222|           0|   -1.518558|    4.388757|    2.245200|    5.645475|
|        3222|          25|   -5.111287|    1.737529|   -0.893151|    5.696485|
|        3222|          29|   -5.156553|    1.722234|   -0.960662|    5.707476|
+-----------------------------------------------------------------------------+
|   Time_Iter|  Inner_Iter|    rms[Rho]|   rms[RhoE]|      rms[k]|      rms[w]|
+-----------------------------------------------------------------------------+
|        3223|           0|   -1.518532|    4.388766|    2.246197|    5.716031|
|        3223|          25|   -5.099690|    1.755371|   -0.848753|    5.809549|
|        3223|          29|   -5.140405|    1.745462|   -0.907932|    5.820966|
+-----------------------------------------------------------------------------+
|   Time_Iter|  Inner_Iter|    rms[Rho]|   rms[RhoE]|      rms[k]|      rms[w]|
+-----------------------------------------------------------------------------+
|        3224|           0|   -1.518506|    4.388796|    2.247242|    5.828359|
|        3224|          25|   -5.076920|    1.792746|   -0.817108|    5.906140|
|        3224|          29|   -5.112086|    1.786362|   -0.878261|    5.912809|
+-----------------------------------------------------------------------------+
|   Time_Iter|  Inner_Iter|    rms[Rho]|   rms[RhoE]|      rms[k]|      rms[w]|
+-----------------------------------------------------------------------------+
|        3225|           0|   -1.518479|    4.388855|    2.248277|    5.919622|
|        3225|          25|   -5.054765|    1.828541|   -0.807157|    5.953697|
|        3225|          29|   -5.086630|    1.822319|   -0.875392|    5.951434|
+-----------------------------------------------------------------------------+
|   Time_Iter|  Inner_Iter|    rms[Rho]|   rms[RhoE]|      rms[k]|      rms[w]|
+-----------------------------------------------------------------------------+
|        3226|           0|   -1.518452|    4.388939|    2.249290|    5.957675|
|        3226|          25|   -5.044606|    1.845662|   -0.816858|    5.932235|
|        3226|          29|   -5.076705|    1.837046|   -0.893937|    5.921082|
+-----------------------------------------------------------------------------+
|   Time_Iter|  Inner_Iter|    rms[Rho]|   rms[RhoE]|      rms[k]|      rms[w]|
+-----------------------------------------------------------------------------+
|        3227|           0|   -1.518425|    4.389052|    2.250194|    5.927715|
|        3227|          25|   -5.048599|    1.841026|   -0.842538|    5.855339|
|        3227|          29|   -5.083028|    1.829558|   -0.929768|    5.838623|
+-----------------------------------------------------------------------------+
|   Time_Iter|  Inner_Iter|    rms[Rho]|   rms[RhoE]|      rms[k]|      rms[w]|
+-----------------------------------------------------------------------------+
|        3228|           0|   -1.518397|    4.389183|    2.251051|    5.846979|
|        3228|          25|   -5.063085|    1.819194|   -0.878302|    5.747265|
|        3228|          29|   -5.100733|    1.805520|   -0.975757|    5.730072|
+-----------------------------------------------------------------------------+
|   Time_Iter|  Inner_Iter|    rms[Rho]|   rms[RhoE]|      rms[k]|      rms[w]|
+-----------------------------------------------------------------------------+
|        3229|           0|   -1.518369|    4.389272|    2.251830|    5.741006|
|        3229|          25|   -5.082815|    1.787818|   -0.912957|    5.673102|
|        3229|          29|   -5.125177|    1.771049|   -1.016877|    5.662736|
+-----------------------------------------------------------------------------+
|   Time_Iter|  Inner_Iter|    rms[Rho]|   rms[RhoE]|      rms[k]|      rms[w]|
+-----------------------------------------------------------------------------+
|        3230|           0|   -1.518340|    4.389372|    2.252686|    5.674927|
|        3230|          25|   -5.103024|    1.752841|   -0.924240|    5.639736|
|        3230|          29|   -5.149816|    1.733947|   -1.020058|    5.634208|
+-----------------------------------------------------------------------+
|        File Writing Summary       |              Filename             |
+-----------------------------------------------------------------------+
|Paraview ASCII surface             |wall_npr20_production_cfl2_i30_from520_03230.vtk|
|CSV file                           |wall_npr20_production_cfl2_i30_from520_03230.csv|
+-----------------------------------------------------------------------+
+-----------------------------------------------------------------------------+
|   Time_Iter|  Inner_Iter|    rms[Rho]|   rms[RhoE]|      rms[k]|      rms[w]|
+-----------------------------------------------------------------------------+
|        3231|           0|   -1.518310|    4.389474|    2.253627|    5.643900|
|        3231|          25|   -5.112431|    1.734223|   -0.900036|    5.666466|
|        3231|          29|   -5.159355|    1.717640|   -0.977458|    5.675174|
+-----------------------------------------------------------------------------+
|   Time_Iter|  Inner_Iter|    rms[Rho]|   rms[RhoE]|      rms[k]|      rms[w]|
+-----------------------------------------------------------------------------+
|        3232|           0|   -1.518280|    4.389590|    2.254648|    5.684099|
|        3232|          25|   -5.106159|    1.743540|   -0.857475|    5.772493|
|        3232|          29|   -5.149211|    1.732056|   -0.922766|    5.784683|
+-----------------------------------------------------------------------------+
|   Time_Iter|  Inner_Iter|    rms[Rho]|   rms[RhoE]|      rms[k]|      rms[w]|
+-----------------------------------------------------------------------------+
|        3233|           0|   -1.518249|    4.389736|    2.255730|    5.792404|
|        3233|          25|   -5.085920|    1.777357|   -0.821876|    5.876686|
|        3233|          29|   -5.123101|    1.770208|   -0.886132|    5.884742|
+-----------------------------------------------------------------------------+
|   Time_Iter|  Inner_Iter|    rms[Rho]|   rms[RhoE]|      rms[k]|      rms[w]|
+-----------------------------------------------------------------------------+
|        3234|           0|   -1.518218|    4.389902|    2.256854|    5.891787|
|        3234|          25|   -5.062356|    1.815482|   -0.805915|    5.941347|
|        3234|          29|   -5.095373|    1.809527|   -0.875933|    5.941827|
+-----------------------------------------------------------------------------+
|   Time_Iter|  Inner_Iter|    rms[Rho]|   rms[RhoE]|      rms[k]|      rms[w]|
+-----------------------------------------------------------------------------+
|        3235|           0|   -1.518186|    4.390069|    2.257960|    5.948187|
|        3235|          25|   -5.047450|    1.839267|   -0.809710|    5.940663|
|        3235|          29|   -5.079947|    1.831471|   -0.888010|    5.931804|
+-----------------------------------------------------------------------------+
|   Time_Iter|  Inner_Iter|    rms[Rho]|   rms[RhoE]|      rms[k]|      rms[w]|
+-----------------------------------------------------------------------------+
|        3236|           0|   -1.518155|    4.390207|    2.259035|    5.938157|
|        3236|          25|   -5.047252|    1.840983|   -0.829537|    5.878850|
|        3236|          29|   -5.081663|    1.830436|   -0.917424|    5.863594|
+-----------------------------------------------------------------------------+
|   Time_Iter|  Inner_Iter|    rms[Rho]|   rms[RhoE]|      rms[k]|      rms[w]|
+-----------------------------------------------------------------------------+
|        3237|           0|   -1.518123|    4.390339|    2.260012|    5.871326|
|        3237|          25|   -5.060086|    1.822670|   -0.860641|    5.778775|
|        3237|          29|   -5.097702|    1.809592|   -0.959087|    5.760218|
+-----------------------------------------------------------------------------+
|   Time_Iter|  Inner_Iter|    rms[Rho]|   rms[RhoE]|      rms[k]|      rms[w]|
+-----------------------------------------------------------------------------+
|        3238|           0|   -1.518090|    4.390481|    2.260922|    5.770069|
|        3238|          25|   -5.078120|    1.794785|   -0.894322|    5.690064|
|        3238|          29|   -5.119870|    1.778672|   -1.001740|    5.678556|
+-----------------------------------------------------------------------------+
|   Time_Iter|  Inner_Iter|    rms[Rho]|   rms[RhoE]|      rms[k]|      rms[w]|
+-----------------------------------------------------------------------------+
|        3239|           0|   -1.518059|    4.390586|    2.261796|    5.690667|
|        3239|          25|   -5.098112|    1.761200|   -0.913357|    5.638798|
|        3239|          29|   -5.144775|    1.741641|   -1.018428|    5.635557|
+-----------------------------------------------------------------------------+
|   Time_Iter|  Inner_Iter|    rms[Rho]|   rms[RhoE]|      rms[k]|      rms[w]|
+-----------------------------------------------------------------------------+
|        3240|           0|   -1.518027|    4.390611|    2.262666|    5.647225|
|        3240|          25|   -5.112995|    1.733700|   -0.900431|    5.642181|
|        3240|          29|   -5.160654|    1.716092|   -0.989286|    5.646742|
+-----------------------------------------------------------------------+
|        File Writing Summary       |              Filename             |
+-----------------------------------------------------------------------+
|Paraview ASCII surface             |wall_npr20_production_cfl2_i30_from520_03240.vtk|
|CSV file                           |wall_npr20_production_cfl2_i30_from520_03240.csv|
+-----------------------------------------------------------------------+
+-----------------------------------------------------------------------------+
|   Time_Iter|  Inner_Iter|    rms[Rho]|   rms[RhoE]|      rms[k]|      rms[w]|
+-----------------------------------------------------------------------------+
|        3241|           0|   -1.517996|    4.390574|    2.263612|    5.655973|
|        3241|          25|   -5.111253|    1.733756|   -0.863006|    5.732122|
|        3241|          29|   -5.156764|    1.720340|   -0.936455|    5.744110|
+-----------------------------------------------------------------------------+
|   Time_Iter|  Inner_Iter|    rms[Rho]|   rms[RhoE]|      rms[k]|      rms[w]|
+-----------------------------------------------------------------------------+
|        3242|           0|   -1.517965|    4.390542|    2.264621|    5.752169|
|        3242|          25|   -5.094664|    1.761268|   -0.825038|    5.841712|
|        3242|          29|   -5.134645|    1.753010|   -0.893585|    5.851479|
+-----------------------------------------------------------------------------+
|   Time_Iter|  Inner_Iter|    rms[Rho]|   rms[RhoE]|      rms[k]|      rms[w]|
+-----------------------------------------------------------------------------+
|        3243|           0|   -1.517932|    4.390560|    2.265696|    5.858621|
|        3243|          25|   -5.071367|    1.800084|   -0.803126|    5.921787|
|        3243|          29|   -5.106262|    1.794100|   -0.875368|    5.925080|
+-----------------------------------------------------------------------------+
|   Time_Iter|  Inner_Iter|    rms[Rho]|   rms[RhoE]|      rms[k]|      rms[w]|
+-----------------------------------------------------------------------------+
|        3244|           0|   -1.517899|    4.390641|    2.266824|    5.931629|
|        3244|          25|   -5.053127|    1.830140|   -0.800637|    5.943856|
|        3244|          29|   -5.085951|    1.823157|   -0.880340|    5.937815|
+-----------------------------------------------------------------------------+
|   Time_Iter|  Inner_Iter|    rms[Rho]|   rms[RhoE]|      rms[k]|      rms[w]|
+-----------------------------------------------------------------------------+
|        3245|           0|   -1.517865|    4.390800|    2.267918|    5.944019|
|        3245|          25|   -5.048587|    1.838937|   -0.814210|    5.900066|
|        3245|          29|   -5.082285|    1.829557|   -0.902456|    5.886894|
+-----------------------------------------------------------------------------+
|   Time_Iter|  Inner_Iter|    rms[Rho]|   rms[RhoE]|      rms[k]|      rms[w]|
+-----------------------------------------------------------------------------+
|        3246|           0|   -1.517830|    4.391026|    2.268976|    5.894112|
|        3246|          25|   -5.056993|    1.827308|   -0.840040|    5.811173|
|        3246|          29|   -5.093995|    1.814649|   -0.938980|    5.793852|
+-----------------------------------------------------------------------------+
|   Time_Iter|  Inner_Iter|    rms[Rho]|   rms[RhoE]|      rms[k]|      rms[w]|
+-----------------------------------------------------------------------------+
|        3247|           0|   -1.517795|    4.391173|    2.269956|    5.803043|
|        3247|          25|   -5.072748|    1.802735|   -0.870852|    5.707463|
|        3247|          29|   -5.113636|    1.787298|   -0.979713|    5.696583|
+-----------------------------------------------------------------------------+
|   Time_Iter|  Inner_Iter|    rms[Rho]|   rms[RhoE]|      rms[k]|      rms[w]|
+-----------------------------------------------------------------------------+
|        3248|           0|   -1.517762|    4.391200|    2.270854|    5.708913|
|        3248|          25|   -5.092977|    1.769501|   -0.894491|    5.650354|
|        3248|          29|   -5.138095|    1.751768|   -1.006344|    5.641176|
+-----------------------------------------------------------------------------+
|   Time_Iter|  Inner_Iter|    rms[Rho]|   rms[RhoE]|      rms[k]|      rms[w]|
+-----------------------------------------------------------------------------+
|        3249|           0|   -1.517729|    4.391231|    2.271746|    5.652583|
|        3249|          25|   -5.111328|    1.736629|   -0.892819|    5.630166|
|        3249|          29|   -5.159885|    1.718157|   -0.993150|    5.628686|
+-----------------------------------------------------------------------+
|        File Writing Summary       |              Filename             |
+-----------------------------------------------------------------------+
|SU2 binary restart                 |restart_npr20_production_cfl2_i30_from520_03249.dat|
+-----------------------------------------------------------------------+
+-----------------------------------------------------------------------------+
|   Time_Iter|  Inner_Iter|    rms[Rho]|   rms[RhoE]|      rms[k]|      rms[w]|
+-----------------------------------------------------------------------------+
|        3250|           0|   -1.517696|    4.391256|    2.272666|    5.638118|
|        3250|          25|   -5.115499|    1.726921|   -0.863787|    5.691031|
|        3250|          29|   -5.163062|    1.711671|   -0.947113|    5.701791|
+-----------------------------------------------------------------------+
|        File Writing Summary       |              Filename             |
+-----------------------------------------------------------------------+
|SU2 binary restart                 |restart_npr20_production_cfl2_i30_from520_03250.dat|
|Paraview ASCII surface             |wall_npr20_production_cfl2_i30_from520_03250.vtk|
|CSV file                           |wall_npr20_production_cfl2_i30_from520_03250.csv|
+-----------------------------------------------------------------------+
+-----------------------------------------------------------------------------+
|   Time_Iter|  Inner_Iter|    rms[Rho]|   rms[RhoE]|      rms[k]|      rms[w]|
+-----------------------------------------------------------------------------+
|        3251|           0|   -1.517662|    4.391289|    2.273606|    5.710275|
|        3251|          25|   -5.104511|    1.745479|   -0.826236|    5.801015|
|        3251|          29|   -5.146988|    1.735604|   -0.900563|    5.811893|
+-----------------------------------------------------------------------------+
|   Time_Iter|  Inner_Iter|    rms[Rho]|   rms[RhoE]|      rms[k]|      rms[w]|
+-----------------------------------------------------------------------------+
|        3252|           0|   -1.517628|    4.391275|    2.274593|    5.819256|
|        3252|          25|   -5.082591|    1.782656|   -0.799372|    5.893805|
|        3252|          29|   -5.119223|    1.776213|   -0.874402|    5.900010|
+-----------------------------------------------------------------------------+
|   Time_Iter|  Inner_Iter|    rms[Rho]|   rms[RhoE]|      rms[k]|      rms[w]|
+-----------------------------------------------------------------------------+
|        3253|           0|   -1.517594|    4.391253|    2.275623|    5.906830|
|        3253|          25|   -5.061093|    1.817759|   -0.790592|    5.938882|
|        3253|          29|   -5.094433|    1.811445|   -0.871736|    5.936472|
+-----------------------------------------------------------------------------+
|   Time_Iter|  Inner_Iter|    rms[Rho]|   rms[RhoE]|      rms[k]|      rms[w]|
+-----------------------------------------------------------------------------+
|        3254|           0|   -1.517559|    4.391254|    2.276708|    5.942758|
|        3254|          25|   -5.050807|    1.834658|   -0.797981|    5.917766|
|        3254|          29|   -5.084582|    1.826014|   -0.887246|    5.906951|
+-----------------------------------------------------------------------------+
|   Time_Iter|  Inner_Iter|    rms[Rho]|   rms[RhoE]|      rms[k]|      rms[w]|
+-----------------------------------------------------------------------------+
|        3255|           0|   -1.517523|    4.391285|    2.277751|    5.913669|
|        3255|          25|   -5.054342|    1.830379|   -0.817906|    5.843767|
|        3255|          29|   -5.090655|    1.818915|   -0.916512|    5.827541|
+-----------------------------------------------------------------------------+
|   Time_Iter|  Inner_Iter|    rms[Rho]|   rms[RhoE]|      rms[k]|      rms[w]|
+-----------------------------------------------------------------------------+
|        3256|           0|   -1.517487|    4.391326|    2.278765|    5.835902|
|        3256|          25|   -5.068721|    1.809135|   -0.844759|    5.739366|
|        3256|          29|   -5.108190|    1.795438|   -0.953224|    5.722441|
+-----------------------------------------------------------------------------+
|   Time_Iter|  Inner_Iter|    rms[Rho]|   rms[RhoE]|      rms[k]|      rms[w]|
+-----------------------------------------------------------------------------+
|        3257|           0|   -1.517450|    4.391381|    2.279737|    5.733251|
|        3257|          25|   -5.088263|    1.778522|   -0.869855|    5.666188|
|        3257|          29|   -5.132167|    1.761765|   -0.984894|    5.655478|
+-----------------------------------------------------------------------------+
|   Time_Iter|  Inner_Iter|    rms[Rho]|   rms[RhoE]|      rms[k]|      rms[w]|
+-----------------------------------------------------------------------------+
|        3258|           0|   -1.517413|    4.391452|    2.280602|    5.667681|
|        3258|          25|   -5.108640|    1.743761|   -0.877918|    5.632408|
|        3258|          29|   -5.156815|    1.724717|   -0.987572|    5.627018|
+-----------------------------------------------------------------------------+
|   Time_Iter|  Inner_Iter|    rms[Rho]|   rms[RhoE]|      rms[k]|      rms[w]|
+-----------------------------------------------------------------------------+
|        3259|           0|   -1.517376|    4.391532|    2.281474|    5.636835|
|        3259|          25|   -5.118569|    1.723949|   -0.859770|    5.653447|
|        3259|          29|   -5.167078|    1.707094|   -0.953795|    5.661268|
+-----------------------------------------------------------------------------+
|   Time_Iter|  Inner_Iter|    rms[Rho]|   rms[RhoE]|      rms[k]|      rms[w]|
+-----------------------------------------------------------------------------+
|        3260|           0|   -1.517338|    4.391637|    2.282378|    5.670233|
|        3260|          25|   -5.112960|    1.731519|   -0.826148|    5.754481|
|        3260|          29|   -5.158100|    1.719569|   -0.907514|    5.766284|
+-----------------------------------------------------------------------+
|        File Writing Summary       |              Filename             |
+-----------------------------------------------------------------------+
|Paraview ASCII surface             |wall_npr20_production_cfl2_i30_from520_03260.vtk|
|CSV file                           |wall_npr20_production_cfl2_i30_from520_03260.csv|
+-----------------------------------------------------------------------+
+-----------------------------------------------------------------------------+
|   Time_Iter|  Inner_Iter|    rms[Rho]|   rms[RhoE]|      rms[k]|      rms[w]|
+-----------------------------------------------------------------------------+
|        3261|           0|   -1.517300|    4.391769|    2.283325|    5.774057|
|        3261|          25|   -5.093590|    1.763924|   -0.796099|    5.857294|
|        3261|          29|   -5.132997|    1.756526|   -0.874459|    5.865405|
+-----------------------------------------------------------------------------+
|   Time_Iter|  Inner_Iter|    rms[Rho]|   rms[RhoE]|      rms[k]|      rms[w]|
+-----------------------------------------------------------------------------+
|        3262|           0|   -1.517262|    4.391937|    2.284309|    5.872360|
|        3262|          25|   -5.070675|    1.801922|   -0.781226|    5.923832|
|        3262|          29|   -5.105644|    1.795929|   -0.863626|    5.924890|
+-----------------------------------------------------------------------------+
|   Time_Iter|  Inner_Iter|    rms[Rho]|   rms[RhoE]|      rms[k]|      rms[w]|
+-----------------------------------------------------------------------------+
|        3263|           0|   -1.517223|    4.392141|    2.285306|    5.931325|
|        3263|          25|   -5.055422|    1.827195|   -0.782493|    5.929001|
|        3263|          29|   -5.089267|    1.819617|   -0.871906|    5.921031|
+-----------------------------------------------------------------------------+
|   Time_Iter|  Inner_Iter|    rms[Rho]|   rms[RhoE]|      rms[k]|      rms[w]|
+-----------------------------------------------------------------------------+
|        3264|           0|   -1.517185|    4.392306|    2.286326|    5.927387|
|        3264|          25|   -5.054042|    1.831122|   -0.796415|    5.873945|
|        3264|          29|   -5.089358|    1.820913|   -0.894421|    5.859638|
+-----------------------------------------------------------------------------+
|   Time_Iter|  Inner_Iter|    rms[Rho]|   rms[RhoE]|      rms[k]|      rms[w]|
+-----------------------------------------------------------------------------+
|        3265|           0|   -1.517147|    4.392493|    2.287276|    5.867241|
|        3265|          25|   -5.065411|    1.815201|   -0.819021|    5.779882|
|        3265|          29|   -5.104223|    1.801796|   -0.926124|    5.762626|
+-----------------------------------------------------------------------------+
|   Time_Iter|  Inner_Iter|    rms[Rho]|   rms[RhoE]|      rms[k]|      rms[w]|
+-----------------------------------------------------------------------------+
|        3266|           0|   -1.517107|    4.392722|    2.288173|    5.772111|
|        3266|          25|   -5.082417|    1.788704|   -0.843364|    5.687992|
|        3266|          29|   -5.124853|    1.772868|   -0.958586|    5.676738|
+-----------------------------------------------------------------------------+
|   Time_Iter|  Inner_Iter|    rms[Rho]|   rms[RhoE]|      rms[k]|      rms[w]|
+-----------------------------------------------------------------------------+
|        3267|           0|   -1.517068|    4.392949|    2.289036|    5.688905|
|        3267|          25|   -5.101942|    1.755584|   -0.858604|    5.635461|
|        3267|          29|   -5.148748|    1.737268|   -0.974042|    5.627445|
+-----------------------------------------------------------------------------+
|   Time_Iter|  Inner_Iter|    rms[Rho]|   rms[RhoE]|      rms[k]|      rms[w]|
+-----------------------------------------------------------------------------+
|        3268|           0|   -1.517028|    4.393167|    2.289794|    5.638488|
|        3268|          25|   -5.117948|    1.725629|   -0.851756|    5.628099|
|        3268|          29|   -5.167538|    1.707538|   -0.955572|    5.630138|
+-----------------------------------------------------------------------------+
|   Time_Iter|  Inner_Iter|    rms[Rho]|   rms[RhoE]|      rms[k]|      rms[w]|
+-----------------------------------------------------------------------------+
|        3269|           0|   -1.516988|    4.393381|    2.290546|    5.639438|
|        3269|          25|   -5.118825|    1.721494|   -0.824948|    5.705321|
|        3269|          29|   -5.166812|    1.707180|   -0.914255|    5.716548|
+-----------------------------------------------------------------------------+
|   Time_Iter|  Inner_Iter|    rms[Rho]|   rms[RhoE]|      rms[k]|      rms[w]|
+-----------------------------------------------------------------------------+
|        3270|           0|   -1.516949|    4.393572|    2.291313|    5.724778|
|        3270|          25|   -5.105127|    1.744955|   -0.794120|    5.813168|
|        3270|          29|   -5.147596|    1.735931|   -0.876383|    5.823123|
+-----------------------------------------------------------------------+
|        File Writing Summary       |              Filename             |
+-----------------------------------------------------------------------+
|Paraview ASCII surface             |wall_npr20_production_cfl2_i30_from520_03270.vtk|
|CSV file                           |wall_npr20_production_cfl2_i30_from520_03270.csv|
+-----------------------------------------------------------------------+
+-----------------------------------------------------------------------------+
|   Time_Iter|  Inner_Iter|    rms[Rho]|   rms[RhoE]|      rms[k]|      rms[w]|
+-----------------------------------------------------------------------------+
|        3271|           0|   -1.516911|    4.393745|    2.292105|    5.830349|
|        3271|          25|   -5.082869|    1.782969|   -0.773897|    5.897660|
|        3271|          29|   -5.119623|    1.776773|   -0.857440|    5.902083|
+-----------------------------------------------------------------------------+
|   Time_Iter|  Inner_Iter|    rms[Rho]|   rms[RhoE]|      rms[k]|      rms[w]|
+-----------------------------------------------------------------------------+
|        3272|           0|   -1.516872|    4.393888|    2.292941|    5.908752|
|        3272|          25|   -5.063178|    1.815426|   -0.769047|    5.930408|
|        3272|          29|   -5.097158|    1.808793|   -0.858256|    5.926352|
+-----------------------------------------------------------------------------+
|   Time_Iter|  Inner_Iter|    rms[Rho]|   rms[RhoE]|      rms[k]|      rms[w]|
+-----------------------------------------------------------------------------+
|        3273|           0|   -1.516835|    4.393999|    2.293815|    5.932584|
|        3273|          25|   -5.055586|    1.828317|   -0.777229|    5.899080|
|        3273|          29|   -5.090337|    1.819264|   -0.873745|    5.887030|
+-----------------------------------------------------------------------------+
|   Time_Iter|  Inner_Iter|    rms[Rho]|   rms[RhoE]|      rms[k]|      rms[w]|
+-----------------------------------------------------------------------------+
|        3274|           0|   -1.516797|    4.394105|    2.294703|    5.893899|
|        3274|          25|   -5.060950|    1.820976|   -0.794997|    5.819846|
|        3274|          29|   -5.098591|    1.808987|   -0.899819|    5.803404|
+-----------------------------------------------------------------------------+
|   Time_Iter|  Inner_Iter|    rms[Rho]|   rms[RhoE]|      rms[k]|      rms[w]|
+-----------------------------------------------------------------------------+
|        3275|           0|   -1.516759|    4.394193|    2.295550|    5.812147|
|        3275|          25|   -5.075742|    1.798622|   -0.817067|    5.716463|
|        3275|          29|   -5.116624|    1.784453|   -0.930026|    5.700889|
+-----------------------------------------------------------------------------+
|   Time_Iter|  Inner_Iter|    rms[Rho]|   rms[RhoE]|      rms[k]|      rms[w]|
+-----------------------------------------------------------------------------+
|        3276|           0|   -1.516721|    4.394252|    2.296333|    5.712180|
|        3276|          25|   -5.095471|    1.766997|   -0.835767|    5.651946|
|        3276|          29|   -5.140998|    1.749864|   -0.952962|    5.642702|
+-----------------------------------------------------------------------------+
|   Time_Iter|  Inner_Iter|    rms[Rho]|   rms[RhoE]|      rms[k]|      rms[w]|
+-----------------------------------------------------------------------------+
|        3277|           0|   -1.516685|    4.394306|    2.297096|    5.654532|
|        3277|          25|   -5.115094|    1.732667|   -0.838960|    5.624435|
|        3277|          29|   -5.164782|    1.713684|   -0.950091|    5.619235|
+-----------------------------------------------------------------------------+
|   Time_Iter|  Inner_Iter|    rms[Rho]|   rms[RhoE]|      rms[k]|      rms[w]|
+-----------------------------------------------------------------------------+
|        3278|           0|   -1.516649|    4.394354|    2.297804|    5.628712|
|        3278|          25|   -5.122950|    1.716551|   -0.821581|    5.658556|
|        3278|          29|   -5.172426|    1.700142|   -0.919087|    5.667383|
+-----------------------------------------------------------------------------+
|   Time_Iter|  Inner_Iter|    rms[Rho]|   rms[RhoE]|      rms[k]|      rms[w]|
+-----------------------------------------------------------------------------+
|        3279|           0|   -1.516613|    4.394390|    2.298489|    5.676169|
|        3279|          25|   -5.115660|    1.727878|   -0.793195|    5.761719|
|        3279|          29|   -5.161014|    1.716613|   -0.880237|    5.773056|
+-----------------------------------------------------------------------------+
|   Time_Iter|  Inner_Iter|    rms[Rho]|   rms[RhoE]|      rms[k]|      rms[w]|
+-----------------------------------------------------------------------------+
|        3280|           0|   -1.516577|    4.394431|    2.299174|    5.780673|
|        3280|          25|   -5.095398|    1.761960|   -0.769093|    5.859230|
|        3280|          29|   -5.134867|    1.754881|   -0.853977|    5.866425|
+-----------------------------------------------------------------------+
|        File Writing Summary       |              Filename             |
+-----------------------------------------------------------------------+
|Paraview ASCII surface             |wall_npr20_production_cfl2_i30_from520_03280.vtk|
|CSV file                           |wall_npr20_production_cfl2_i30_from520_03280.csv|
+-----------------------------------------------------------------------+
+-----------------------------------------------------------------------------+
|   Time_Iter|  Inner_Iter|    rms[Rho]|   rms[RhoE]|      rms[k]|      rms[w]|
+-----------------------------------------------------------------------------+
|        3281|           0|   -1.516543|    4.394465|    2.299870|    5.873453|
|        3281|          25|   -5.072727|    1.798991|   -0.758186|    5.918332|
|        3281|          29|   -5.108220|    1.792893|   -0.846825|    5.918279|
+-----------------------------------------------------------------------------+
|   Time_Iter|  Inner_Iter|    rms[Rho]|   rms[RhoE]|      rms[k]|      rms[w]|
+-----------------------------------------------------------------------------+
|        3282|           0|   -1.516509|    4.394473|    2.300605|    5.924690|
|        3282|          25|   -5.058706|    1.821808|   -0.760577|    5.915922|
|        3282|          29|   -5.093677|    1.813915|   -0.855379|    5.907169|
+-----------------------------------------------------------------------------+
|   Time_Iter|  Inner_Iter|    rms[Rho]|   rms[RhoE]|      rms[k]|      rms[w]|
+-----------------------------------------------------------------------------+
|        3283|           0|   -1.516475|    4.394426|    2.301378|    5.913642|
|        3283|          25|   -5.058442|    1.823637|   -0.772753|    5.856977|
|        3283|          29|   -5.095264|    1.813058|   -0.874485|    5.842392|
+-----------------------------------------------------------------------------+
|   Time_Iter|  Inner_Iter|    rms[Rho]|   rms[RhoE]|      rms[k]|      rms[w]|
+-----------------------------------------------------------------------------+
|        3284|           0|   -1.516442|    4.394400|    2.302163|    5.850210|
|        3284|          25|   -5.070918|    1.806180|   -0.791955|    5.762507|
|        3284|          29|   -5.110841|    1.792965|   -0.901638|    5.744831|
+-----------------------------------------------------------------------------+
|   Time_Iter|  Inner_Iter|    rms[Rho]|   rms[RhoE]|      rms[k]|      rms[w]|
+-----------------------------------------------------------------------------+
|        3285|           0|   -1.516408|    4.394399|    2.302917|    5.754583|
|        3285|          25|   -5.088345|    1.779292|   -0.811239|    5.676070|
|        3285|          29|   -5.132125|    1.763212|   -0.927101|    5.665133|
+-----------------------------------------------------------------------------+
|   Time_Iter|  Inner_Iter|    rms[Rho]|   rms[RhoE]|      rms[k]|      rms[w]|
+-----------------------------------------------------------------------------+
|        3286|           0|   -1.516375|    4.394418|    2.303602|    5.677258|
|        3286|          25|   -5.107790|    1.746255|   -0.821992|    5.626669|
|        3286|          29|   -5.156158|    1.727233|   -0.937092|    5.620866|
+-----------------------------------------------------------------------------+
|   Time_Iter|  Inner_Iter|    rms[Rho]|   rms[RhoE]|      rms[k]|      rms[w]|
+-----------------------------------------------------------------------------+
|        3287|           0|   -1.516341|    4.394472|    2.304209|    5.632987|
|        3287|          25|   -5.122752|    1.717703|   -0.814789|    5.624877|
|        3287|          29|   -5.173156|    1.699734|   -0.919835|    5.627962|
+-----------------------------------------------------------------------------+
|   Time_Iter|  Inner_Iter|    rms[Rho]|   rms[RhoE]|      rms[k]|      rms[w]|
+-----------------------------------------------------------------------------+
|        3288|           0|   -1.516308|    4.394561|    2.304786|    5.637180|
|        3288|          25|   -5.122295|    1.715548|   -0.791938|    5.705773|
|        3288|          29|   -5.170928|    1.701532|   -0.884834|    5.716880|
+-----------------------------------------------------------------------------+
|   Time_Iter|  Inner_Iter|    rms[Rho]|   rms[RhoE]|      rms[k]|      rms[w]|
+-----------------------------------------------------------------------------+
|        3289|           0|   -1.516274|    4.394661|    2.305309|    5.725025|
|        3289|          25|   -5.107589|    1.740350|   -0.766418|    5.811141|
|        3289|          29|   -5.150852|    1.731534|   -0.853383|    5.820591|
+-----------------------------------------------------------------------------+
|   Time_Iter|  Inner_Iter|    rms[Rho]|   rms[RhoE]|      rms[k]|      rms[w]|
+-----------------------------------------------------------------------------+
|        3290|           0|   -1.516241|    4.394761|    2.305827|    5.827797|
|        3290|          25|   -5.085191|    1.778277|   -0.749844|    5.891780|
|        3290|          29|   -5.123055|    1.772073|   -0.837999|    5.895616|
+-----------------------------------------------------------------------+
|        File Writing Summary       |              Filename             |
+-----------------------------------------------------------------------+
|Paraview ASCII surface             |wall_npr20_production_cfl2_i30_from520_03290.vtk|
|CSV file                           |wall_npr20_production_cfl2_i30_from520_03290.csv|
+-----------------------------------------------------------------------+
+-----------------------------------------------------------------------------+
|   Time_Iter|  Inner_Iter|    rms[Rho]|   rms[RhoE]|      rms[k]|      rms[w]|
+-----------------------------------------------------------------------------+
|        3291|           0|   -1.516209|    4.394855|    2.306355|    5.902272|
|        3291|          25|   -5.066269|    1.809700|   -0.746260|    5.920669|
|        3291|          29|   -5.101506|    1.802940|   -0.839308|    5.916190|
+-----------------------------------------------------------------------------+
|   Time_Iter|  Inner_Iter|    rms[Rho]|   rms[RhoE]|      rms[k]|      rms[w]|
+-----------------------------------------------------------------------------+
|        3292|           0|   -1.516177|    4.394957|    2.306919|    5.922458|
|        3292|          25|   -5.059706|    1.821598|   -0.753439|    5.887439|
|        3292|          29|   -5.095529|    1.812455|   -0.852659|    5.875268|
+-----------------------------------------------------------------------------+
|   Time_Iter|  Inner_Iter|    rms[Rho]|   rms[RhoE]|      rms[k]|      rms[w]|
+-----------------------------------------------------------------------------+
|        3293|           0|   -1.516146|    4.395060|    2.307506|    5.882233|
|        3293|          25|   -5.065805|    1.813693|   -0.767676|    5.808585|
|        3293|          29|   -5.104255|    1.801617|   -0.873400|    5.792344|
+-----------------------------------------------------------------------------+
|   Time_Iter|  Inner_Iter|    rms[Rho]|   rms[RhoE]|      rms[k]|      rms[w]|
+-----------------------------------------------------------------------------+
|        3294|           0|   -1.516114|    4.395202|    2.308111|    5.801174|
|        3294|          25|   -5.080425|    1.791352|   -0.786058|    5.707310|
|        3294|          29|   -5.121988|    1.777105|   -0.898560|    5.692161|
+-----------------------------------------------------------------------------+
|   Time_Iter|  Inner_Iter|    rms[Rho]|   rms[RhoE]|      rms[k]|      rms[w]|
+-----------------------------------------------------------------------------+
|        3295|           0|   -1.516083|    4.395366|    2.308702|    5.703481|
|        3295|          25|   -5.099410|    1.759864|   -0.800772|    5.645066|
|        3295|          29|   -5.145807|    1.742678|   -0.916289|    5.635941|
+-----------------------------------------------------------------------------+
|   Time_Iter|  Inner_Iter|    rms[Rho]|   rms[RhoE]|      rms[k]|      rms[w]|
+-----------------------------------------------------------------------------+
|        3296|           0|   -1.516051|    4.395547|    2.309249|    5.647701|
|        3296|          25|   -5.118082|    1.725703|   -0.802860|    5.618613|
|        3296|          29|   -5.169055|    1.706706|   -0.913190|    5.613490|
+-----------------------------------------------------------------------------+
|   Time_Iter|  Inner_Iter|    rms[Rho]|   rms[RhoE]|      rms[k]|      rms[w]|
+-----------------------------------------------------------------------------+
|        3297|           0|   -1.516019|    4.395740|    2.309745|    5.622938|
|        3297|          25|   -5.125347|    1.709820|   -0.788397|    5.652772|
|        3297|          29|   -5.176449|    1.693403|   -0.887429|    5.661405|
+-----------------------------------------------------------------------------+
|   Time_Iter|  Inner_Iter|    rms[Rho]|   rms[RhoE]|      rms[k]|      rms[w]|
+-----------------------------------------------------------------------------+
|        3298|           0|   -1.515987|    4.395956|    2.310218|    5.670178|
|        3298|          25|   -5.118515|    1.721053|   -0.764695|    5.754106|
|        3298|          29|   -5.165421|    1.709777|   -0.854798|    5.765163|
+-----------------------------------------------------------------------------+
|   Time_Iter|  Inner_Iter|    rms[Rho]|   rms[RhoE]|      rms[k]|      rms[w]|
+-----------------------------------------------------------------------------+
|        3299|           0|   -1.515954|    4.396206|    2.310628|    5.772785|
|        3299|          25|   -5.099339|    1.754742|   -0.744261|    5.849875|
|        3299|          29|   -5.139974|    1.747697|   -0.832294|    5.856851|
+-----------------------------------------------------------------------+
|        File Writing Summary       |              Filename             |
+-----------------------------------------------------------------------+
|SU2 binary restart                 |restart_npr20_production_cfl2_i30_from520_03299.dat|
+-----------------------------------------------------------------------+
+-----------------------------------------------------------------------------+
|   Time_Iter|  Inner_Iter|    rms[Rho]|   rms[RhoE]|      rms[k]|      rms[w]|
+-----------------------------------------------------------------------------+
|        3300|           0|   -1.515922|    4.396480|    2.311003|    5.863823|
|        3300|          25|   -5.077436|    1.791558|   -0.734824|    5.908371|
|        3300|          29|   -5.113698|    1.785523|   -0.825909|    5.908357|
+-----------------------------------------------------------------------+
|        File Writing Summary       |              Filename             |
+-----------------------------------------------------------------------+
|SU2 binary restart                 |restart_npr20_production_cfl2_i30_from520_03300.dat|
|Paraview ASCII                     |flow_npr20_production_cfl2_i30_from520_03300.vtk|
|Paraview ASCII surface             |wall_npr20_production_cfl2_i30_from520_03300.vtk|
|CSV file                           |wall_npr20_production_cfl2_i30_from520_03300.csv|
+-----------------------------------------------------------------------+
+-----------------------------------------------------------------------------+
|   Time_Iter|  Inner_Iter|    rms[Rho]|   rms[RhoE]|      rms[k]|      rms[w]|
+-----------------------------------------------------------------------------+
|        3301|           0|   -1.515890|    4.396746|    2.311378|    5.914799|
|        3301|          25|   -5.063455|    1.814595|   -0.736634|    5.907157|
|        3301|          29|   -5.098911|    1.806839|   -0.832804|    5.898654|
+-----------------------------------------------------------------------------+
|   Time_Iter|  Inner_Iter|    rms[Rho]|   rms[RhoE]|      rms[k]|      rms[w]|
+-----------------------------------------------------------------------------+
|        3302|           0|   -1.515859|    4.396893|    2.311773|    5.905152|
|        3302|          25|   -5.062676|    1.817054|   -0.746938|    5.850556|
|        3302|          29|   -5.099890|    1.806665|   -0.848877|    5.836369|
+-----------------------------------------------------------------------------+
|   Time_Iter|  Inner_Iter|    rms[Rho]|   rms[RhoE]|      rms[k]|      rms[w]|
+-----------------------------------------------------------------------------+
|        3303|           0|   -1.515829|    4.397023|    2.312217|    5.844173|
|        3303|          25|   -5.074296|    1.800412|   -0.762275|    5.758921|
|        3303|          29|   -5.114965|    1.787151|   -0.870197|    5.741818|
+-----------------------------------------------------------------------------+
|   Time_Iter|  Inner_Iter|    rms[Rho]|   rms[RhoE]|      rms[k]|      rms[w]|
+-----------------------------------------------------------------------------+
|        3304|           0|   -1.515800|    4.397151|    2.312684|    5.751433|
|        3304|          25|   -5.090790|    1.774088|   -0.777988|    5.671986|
|        3304|          29|   -5.135490|    1.758192|   -0.890424|    5.661272|
+-----------------------------------------------------------------------------+
|   Time_Iter|  Inner_Iter|    rms[Rho]|   rms[RhoE]|      rms[k]|      rms[w]|
+-----------------------------------------------------------------------------+
|        3305|           0|   -1.515770|    4.397276|    2.313141|    5.673410|
|        3305|          25|   -5.109958|    1.741230|   -0.787276|    5.622780|
|        3305|          29|   -5.159042|    1.722871|   -0.899024|    5.615089|
+-----------------------------------------------------------------------------+
|   Time_Iter|  Inner_Iter|    rms[Rho]|   rms[RhoE]|      rms[k]|      rms[w]|
+-----------------------------------------------------------------------------+
|        3306|           0|   -1.515740|    4.397328|    2.313549|    5.626686|
|        3306|          25|   -5.125785|    1.711664|   -0.782381|    5.617072|
|        3306|          29|   -5.177325|    1.693669|   -0.886220|    5.619127|
+-----------------------------------------------------------------------------+
|   Time_Iter|  Inner_Iter|    rms[Rho]|   rms[RhoE]|      rms[k]|      rms[w]|
+-----------------------------------------------------------------------------+
|        3307|           0|   -1.515711|    4.397364|    2.313919|    5.628373|
|        3307|          25|   -5.126662|    1.707781|   -0.764288|    5.692373|
|        3307|          29|   -5.176326|    1.693613|   -0.857910|    5.703063|
+-----------------------------------------------------------------------------+
|   Time_Iter|  Inner_Iter|    rms[Rho]|   rms[RhoE]|      rms[k]|      rms[w]|
+-----------------------------------------------------------------------------+
|        3308|           0|   -1.515682|    4.397427|    2.314266|    5.711274|
|        3308|          25|   -5.113094|    1.730829|   -0.742806|    5.796248|
|        3308|          29|   -5.157321|    1.721899|   -0.830902|    5.805713|
+-----------------------------------------------------------------------------+
|   Time_Iter|  Inner_Iter|    rms[Rho]|   rms[RhoE]|      rms[k]|      rms[w]|
+-----------------------------------------------------------------------------+
|        3309|           0|   -1.515652|    4.397520|    2.314602|    5.812947|
|        3309|          25|   -5.090851|    1.768345|   -0.728281|    5.877918|
|        3309|          29|   -5.129650|    1.762201|   -0.816860|    5.882345|
+-----------------------------------------------------------------------------+
|   Time_Iter|  Inner_Iter|    rms[Rho]|   rms[RhoE]|      rms[k]|      rms[w]|
+-----------------------------------------------------------------------------+
|        3310|           0|   -1.515623|    4.397640|    2.314879|    5.889061|
|        3310|          25|   -5.071128|    1.800646|   -0.724729|    5.911034|
|        3310|          29|   -5.107295|    1.794179|   -0.817107|    5.907294|
+-----------------------------------------------------------------------+
|        File Writing Summary       |              Filename             |
+-----------------------------------------------------------------------+
|Paraview ASCII surface             |wall_npr20_production_cfl2_i30_from520_03310.vtk|
|CSV file                           |wall_npr20_production_cfl2_i30_from520_03310.csv|
+-----------------------------------------------------------------------+
+-----------------------------------------------------------------------------+
|   Time_Iter|  Inner_Iter|    rms[Rho]|   rms[RhoE]|      rms[k]|      rms[w]|
+-----------------------------------------------------------------------------+
|        3311|           0|   -1.515595|    4.397750|    2.315137|    5.913673|
|        3311|          25|   -5.063128|    1.814436|   -0.730516|    5.883388|
|        3311|          29|   -5.099900|    1.805646|   -0.827630|    5.872202|
+-----------------------------------------------------------------------------+
|   Time_Iter|  Inner_Iter|    rms[Rho]|   rms[RhoE]|      rms[k]|      rms[w]|
+-----------------------------------------------------------------------------+
|        3312|           0|   -1.515567|    4.397874|    2.315402|    5.879142|
|        3312|          25|   -5.068160|    1.808433|   -0.742947|    5.809680|
|        3312|          29|   -5.107322|    1.796821|   -0.845166|    5.793972|
+-----------------------------------------------------------------------------+
|   Time_Iter|  Inner_Iter|    rms[Rho]|   rms[RhoE]|      rms[k]|      rms[w]|
+-----------------------------------------------------------------------------+
|        3313|           0|   -1.515538|    4.398048|    2.315705|    5.802618|
|        3313|          25|   -5.082662|    1.787109|   -0.758301|    5.710884|
|        3313|          29|   -5.124684|    1.773330|   -0.865208|    5.695196|
+-----------------------------------------------------------------------------+
|   Time_Iter|  Inner_Iter|    rms[Rho]|   rms[RhoE]|      rms[k]|      rms[w]|
+-----------------------------------------------------------------------------+
|        3314|           0|   -1.515510|    4.398270|    2.316037|    5.706177|
|        3314|          25|   -5.101495|    1.756660|   -0.771788|    5.644232|
|        3314|          29|   -5.147945|    1.739973|   -0.880930|    5.634983|
+-----------------------------------------------------------------------------+
|   Time_Iter|  Inner_Iter|    rms[Rho]|   rms[RhoE]|      rms[k]|      rms[w]|
+-----------------------------------------------------------------------------+
|        3315|           0|   -1.515484|    4.398274|    2.316379|    5.646979|
|        3315|          25|   -5.120626|    1.722267|   -0.775967|    5.615097|
|        3315|          29|   -5.171595|    1.703391|   -0.881344|    5.609706|
+-----------------------------------------------------------------------------+
|   Time_Iter|  Inner_Iter|    rms[Rho]|   rms[RhoE]|      rms[k]|      rms[w]|
+-----------------------------------------------------------------------------+
|        3316|           0|   -1.515459|    4.398237|    2.316715|    5.619321|
|        3316|          25|   -5.129572|    1.703162|   -0.766287|    5.636655|
|        3316|          29|   -5.181048|    1.686553|   -0.862621|    5.644003|
+-----------------------------------------------------------------------------+
|   Time_Iter|  Inner_Iter|    rms[Rho]|   rms[RhoE]|      rms[k]|      rms[w]|
+-----------------------------------------------------------------------------+
|        3317|           0|   -1.515434|    4.398147|    2.317030|    5.652910|
|        3317|          25|   -5.124089|    1.710750|   -0.747240|    5.732580|
|        3317|          29|   -5.172292|    1.698967|   -0.835557|    5.743488|
+-----------------------------------------------------------------------------+
|   Time_Iter|  Inner_Iter|    rms[Rho]|   rms[RhoE]|      rms[k]|      rms[w]|
+-----------------------------------------------------------------------------+
|        3318|           0|   -1.515410|    4.398066|    2.317314|    5.751252|
|        3318|          25|   -5.105845|    1.742199|   -0.729417|    5.829784|
|        3318|          29|   -5.148269|    1.734958|   -0.815092|    5.837344|
+-----------------------------------------------------------------------------+
|   Time_Iter|  Inner_Iter|    rms[Rho]|   rms[RhoE]|      rms[k]|      rms[w]|
+-----------------------------------------------------------------------------+
|        3319|           0|   -1.515386|    4.397981|    2.317597|    5.844341|
|        3319|          25|   -5.083610|    1.779574|   -0.720496|    5.893916|
|        3319|          29|   -5.121517|    1.773761|   -0.808231|    5.894991|
+-----------------------------------------------------------------------------+
|   Time_Iter|  Inner_Iter|    rms[Rho]|   rms[RhoE]|      rms[k]|      rms[w]|
+-----------------------------------------------------------------------------+
|        3320|           0|   -1.515362|    4.397909|    2.317850|    5.901518|
|        3320|          25|   -5.068220|    1.805354|   -0.721700|    5.902067|
|        3320|          29|   -5.104677|    1.798142|   -0.813372|    5.894750|
+-----------------------------------------------------------------------+
|        File Writing Summary       |              Filename             |
+-----------------------------------------------------------------------+
|Paraview ASCII surface             |wall_npr20_production_cfl2_i30_from520_03320.vtk|
|CSV file                           |wall_npr20_production_cfl2_i30_from520_03320.csv|
+-----------------------------------------------------------------------+
+-----------------------------------------------------------------------------+
|   Time_Iter|  Inner_Iter|    rms[Rho]|   rms[RhoE]|      rms[k]|      rms[w]|
+-----------------------------------------------------------------------------+
|        3321|           0|   -1.515339|    4.397854|    2.318051|    5.901189|
|        3321|          25|   -5.065783|    1.811003|   -0.730769|    5.853534|
|        3321|          29|   -5.103296|    1.801342|   -0.826756|    5.840398|
+-----------------------------------------------------------------------------+
|   Time_Iter|  Inner_Iter|    rms[Rho]|   rms[RhoE]|      rms[k]|      rms[w]|
+-----------------------------------------------------------------------------+
|        3322|           0|   -1.515315|    4.397804|    2.318244|    5.848000|
|        3322|          25|   -5.075525|    1.797539|   -0.744831|    5.768213|
|        3322|          29|   -5.116148|    1.784782|   -0.845228|    5.751886|
+-----------------------------------------------------------------------------+
|   Time_Iter|  Inner_Iter|    rms[Rho]|   rms[RhoE]|      rms[k]|      rms[w]|
+-----------------------------------------------------------------------------+
|        3323|           0|   -1.515291|    4.397784|    2.318447|    5.761362|
|        3323|          25|   -5.090848|    1.773156|   -0.760104|    5.674518|
|        3323|          29|   -5.135154|    1.757746|   -0.863923|    5.664357|
+-----------------------------------------------------------------------------+
|   Time_Iter|  Inner_Iter|    rms[Rho]|   rms[RhoE]|      rms[k]|      rms[w]|
+-----------------------------------------------------------------------------+
|        3324|           0|   -1.515267|    4.397791|    2.318656|    5.676572|
|        3324|          25|   -5.109605|    1.740602|   -0.771267|    5.624281|
|        3324|          29|   -5.158310|    1.722902|   -0.874961|    5.615719|
+-----------------------------------------------------------------------------+
|   Time_Iter|  Inner_Iter|    rms[Rho]|   rms[RhoE]|      rms[k]|      rms[w]|
+-----------------------------------------------------------------------------+
|        3325|           0|   -1.515242|    4.397841|    2.318871|    5.626900|
|        3325|          25|   -5.126214|    1.708456|   -0.769829|    5.607858|
|        3325|          29|   -5.178582|    1.690226|   -0.867011|    5.606622|
+-----------------------------------------------------------------------------+
|   Time_Iter|  Inner_Iter|    rms[Rho]|   rms[RhoE]|      rms[k]|      rms[w]|
+-----------------------------------------------------------------------------+
|        3326|           0|   -1.515217|    4.397910|    2.319089|    5.615952|
|        3326|          25|   -5.129353|    1.699431|   -0.757747|    5.666286|
|        3326|          29|   -5.181048|    1.684473|   -0.846744|    5.676038|
+-----------------------------------------------------------------------------+
|   Time_Iter|  Inner_Iter|    rms[Rho]|   rms[RhoE]|      rms[k]|      rms[w]|
+-----------------------------------------------------------------------------+
|        3327|           0|   -1.515191|    4.398040|    2.319298|    5.684485|
|        3327|          25|   -5.118873|    1.717366|   -0.739166|    5.768263|
|        3327|          29|   -5.165774|    1.707638|   -0.822523|    5.778082|
+-----------------------------------------------------------------------------+
|   Time_Iter|  Inner_Iter|    rms[Rho]|   rms[RhoE]|      rms[k]|      rms[w]|
+-----------------------------------------------------------------------------+
|        3328|           0|   -1.515163|    4.398224|    2.319511|    5.785460|
|        3328|          25|   -5.098508|    1.753359|   -0.725108|    5.854413|
|        3328|          29|   -5.139379|    1.747069|   -0.808188|    5.860248|
+-----------------------------------------------------------------------------+
|   Time_Iter|  Inner_Iter|    rms[Rho]|   rms[RhoE]|      rms[k]|      rms[w]|
+-----------------------------------------------------------------------------+
|        3329|           0|   -1.515135|    4.398454|    2.319681|    5.867175|
|        3329|          25|   -5.078286|    1.787919|   -0.720807|    5.899297|
|        3329|          29|   -5.115387|    1.781894|   -0.806918|    5.897322|
+-----------------------------------------------------------------------------+
|   Time_Iter|  Inner_Iter|    rms[Rho]|   rms[RhoE]|      rms[k]|      rms[w]|
+-----------------------------------------------------------------------------+
|        3330|           0|   -1.515107|    4.398659|    2.319829|    5.903751|
|        3330|          25|   -5.067690|    1.806384|   -0.725611|    5.884780|
|        3330|          29|   -5.104419|    1.798284|   -0.815579|    5.874966|
+-----------------------------------------------------------------------+
|        File Writing Summary       |              Filename             |
+-----------------------------------------------------------------------+
|Paraview ASCII surface             |wall_npr20_production_cfl2_i30_from520_03330.vtk|
|CSV file                           |wall_npr20_production_cfl2_i30_from520_03330.csv|
+-----------------------------------------------------------------------+
+-----------------------------------------------------------------------------+
|   Time_Iter|  Inner_Iter|    rms[Rho]|   rms[RhoE]|      rms[k]|      rms[w]|
+-----------------------------------------------------------------------------+
|        3331|           0|   -1.515080|    4.398841|    2.319958|    5.881800|
|        3331|          25|   -5.069663|    1.804944|   -0.737024|    5.821419|
|        3331|          29|   -5.108289|    1.794127|   -0.830988|    5.806732|
+-----------------------------------------------------------------------------+
|   Time_Iter|  Inner_Iter|    rms[Rho]|   rms[RhoE]|      rms[k]|      rms[w]|
+-----------------------------------------------------------------------------+
|        3332|           0|   -1.515054|    4.398962|    2.320045|    5.814947|
|        3332|          25|   -5.082245|    1.785995|   -0.752093|    5.728243|
|        3332|          29|   -5.123920|    1.772984|   -0.849791|    5.711496|
+-----------------------------------------------------------------------------+
|   Time_Iter|  Inner_Iter|    rms[Rho]|   rms[RhoE]|      rms[k]|      rms[w]|
+-----------------------------------------------------------------------------+
|        3333|           0|   -1.515029|    4.399009|    2.320126|    5.721707|
|        3333|          25|   -5.098568|    1.758384|   -0.766692|    5.652248|
|        3333|          29|   -5.144992|    1.742289|   -0.866617|    5.641604|
+-----------------------------------------------------------------------------+
|   Time_Iter|  Inner_Iter|    rms[Rho]|   rms[RhoE]|      rms[k]|      rms[w]|
+-----------------------------------------------------------------------------+
|        3334|           0|   -1.515004|    4.399031|    2.320230|    5.653485|
|        3334|          25|   -5.116235|    1.725403|   -0.774577|    5.609480|
|        3334|          29|   -5.168332|    1.705864|   -0.872340|    5.607318|
+-----------------------------------------------------------------------------+
|   Time_Iter|  Inner_Iter|    rms[Rho]|   rms[RhoE]|      rms[k]|      rms[w]|
+-----------------------------------------------------------------------------+
|        3335|           0|   -1.514981|    4.399040|    2.320361|    5.618371|
|        3335|          25|   -5.129103|    1.699216|   -0.769770|    5.614438|
|        3335|          29|   -5.182506|    1.681763|   -0.860402|    5.618550|
+-----------------------------------------------------------------------------+
|   Time_Iter|  Inner_Iter|    rms[Rho]|   rms[RhoE]|      rms[k]|      rms[w]|
+-----------------------------------------------------------------------------+
|        3336|           0|   -1.514958|    4.399035|    2.320479|    5.627685|
|        3336|          25|   -5.127874|    1.699498|   -0.753939|    5.697184|
|        3336|          29|   -5.178825|    1.686215|   -0.836949|    5.707728|
+-----------------------------------------------------------------------------+
|   Time_Iter|  Inner_Iter|    rms[Rho]|   rms[RhoE]|      rms[k]|      rms[w]|
+-----------------------------------------------------------------------------+
|        3337|           0|   -1.514937|    4.398932|    2.320594|    5.715772|
|        3337|          25|   -5.113520|    1.725480|   -0.734712|    5.796864|
|        3337|          29|   -5.158534|    1.717222|   -0.813823|    5.805432|
+-----------------------------------------------------------------------------+
|   Time_Iter|  Inner_Iter|    rms[Rho]|   rms[RhoE]|      rms[k]|      rms[w]|
+-----------------------------------------------------------------------------+
|        3338|           0|   -1.514916|    4.398786|    2.320709|    5.812613|
|        3338|          25|   -5.092173|    1.762954|   -0.725508|    5.871358|
|        3338|          29|   -5.131650|    1.757026|   -0.806779|    5.874516|
+-----------------------------------------------------------------------------+
|   Time_Iter|  Inner_Iter|    rms[Rho]|   rms[RhoE]|      rms[k]|      rms[w]|
+-----------------------------------------------------------------------------+
|        3339|           0|   -1.514895|    4.398672|    2.320830|    5.881193|
|        3339|          25|   -5.074317|    1.793208|   -0.724545|    5.896272|
|        3339|          29|   -5.111281|    1.786606|   -0.809292|    5.891589|
+-----------------------------------------------------------------------------+
|   Time_Iter|  Inner_Iter|    rms[Rho]|   rms[RhoE]|      rms[k]|      rms[w]|
+-----------------------------------------------------------------------------+
|        3340|           0|   -1.514874|    4.398609|    2.320920|    5.898038|
|        3340|          25|   -5.067952|    1.804721|   -0.731678|    5.863601|
|        3340|          29|   -5.105587|    1.795749|   -0.820157|    5.851875|
+-----------------------------------------------------------------------+
|        File Writing Summary       |              Filename             |
+-----------------------------------------------------------------------+
|Paraview ASCII surface             |wall_npr20_production_cfl2_i30_from520_03340.vtk|
|CSV file                           |wall_npr20_production_cfl2_i30_from520_03340.csv|
+-----------------------------------------------------------------------+
+-----------------------------------------------------------------------------+
|   Time_Iter|  Inner_Iter|    rms[Rho]|   rms[RhoE]|      rms[k]|      rms[w]|
+-----------------------------------------------------------------------------+
|        3341|           0|   -1.514852|    4.398547|    2.320988|    5.858977|
|        3341|          25|   -5.073574|    1.797232|   -0.744197|    5.788900|
|        3341|          29|   -5.113903|    1.785382|   -0.836484|    5.773378|
+-----------------------------------------------------------------------------+
|   Time_Iter|  Inner_Iter|    rms[Rho]|   rms[RhoE]|      rms[k]|      rms[w]|
+-----------------------------------------------------------------------------+
|        3342|           0|   -1.514831|    4.398389|    2.321028|    5.782245|
|        3342|          25|   -5.087239|    1.775667|   -0.758984|    5.692994|
|        3342|          29|   -5.130915|    1.761626|   -0.854463|    5.678195|
+-----------------------------------------------------------------------------+
|   Time_Iter|  Inner_Iter|    rms[Rho]|   rms[RhoE]|      rms[k]|      rms[w]|
+-----------------------------------------------------------------------------+
|        3343|           0|   -1.514811|    4.398185|    2.321034|    5.689347|
|        3343|          25|   -5.105212|    1.745153|   -0.771632|    5.631664|
|        3343|          29|   -5.153588|    1.728243|   -0.868212|    5.622841|
+-----------------------------------------------------------------------------+
|   Time_Iter|  Inner_Iter|    rms[Rho]|   rms[RhoE]|      rms[k]|      rms[w]|
+-----------------------------------------------------------------------------+
|        3344|           0|   -1.514792|    4.397943|    2.321058|    5.634648|
|        3344|          25|   -5.123405|    1.711184|   -0.775379|    5.605397|
|        3344|          29|   -5.176273|    1.692230|   -0.868295|    5.599992|
+-----------------------------------------------------------------------------+
|   Time_Iter|  Inner_Iter|    rms[Rho]|   rms[RhoE]|      rms[k]|      rms[w]|
+-----------------------------------------------------------------------------+
|        3345|           0|   -1.514773|    4.397759|    2.321102|    5.609441|
|        3345|          25|   -5.131576|    1.693540|   -0.766247|    5.630690|
|        3345|          29|   -5.184597|    1.676949|   -0.851834|    5.638128|
+-----------------------------------------------------------------------------+
|   Time_Iter|  Inner_Iter|    rms[Rho]|   rms[RhoE]|      rms[k]|      rms[w]|
+-----------------------------------------------------------------------------+
|        3346|           0|   -1.514754|    4.397641|    2.321157|    5.646976|
|        3346|          25|   -5.126126|    1.702176|   -0.748649|    5.725172|
|        3346|          29|   -5.175389|    1.690455|   -0.828266|    5.735607|
+-----------------------------------------------------------------------------+
|   Time_Iter|  Inner_Iter|    rms[Rho]|   rms[RhoE]|      rms[k]|      rms[w]|
+-----------------------------------------------------------------------------+
|        3347|           0|   -1.514734|    4.397584|    2.321214|    5.743338|
|        3347|          25|   -5.108425|    1.733686|   -0.732244|    5.818767|
|        3347|          29|   -5.151698|    1.726371|   -0.810721|    5.825842|
+-----------------------------------------------------------------------------+
|   Time_Iter|  Inner_Iter|    rms[Rho]|   rms[RhoE]|      rms[k]|      rms[w]|
+-----------------------------------------------------------------------------+
|        3348|           0|   -1.514713|    4.397585|    2.321260|    5.832839|
|        3348|          25|   -5.086999|    1.770520|   -0.724154|    5.879969|
|        3348|          29|   -5.125756|    1.764538|   -0.805242|    5.880754|
+-----------------------------------------------------------------------------+
|   Time_Iter|  Inner_Iter|    rms[Rho]|   rms[RhoE]|      rms[k]|      rms[w]|
+-----------------------------------------------------------------------------+
|        3349|           0|   -1.514691|    4.397633|    2.321301|    5.887315|
|        3349|          25|   -5.072184|    1.795831|   -0.725310|    5.887308|
|        3349|          29|   -5.109578|    1.788470|   -0.810142|    5.880022|
+-----------------------------------------------------------------------+
|        File Writing Summary       |              Filename             |
+-----------------------------------------------------------------------+
|SU2 binary restart                 |restart_npr20_production_cfl2_i30_from520_03349.dat|
+-----------------------------------------------------------------------+
+-----------------------------------------------------------------------------+
|   Time_Iter|  Inner_Iter|    rms[Rho]|   rms[RhoE]|      rms[k]|      rms[w]|
+-----------------------------------------------------------------------------+
|        3350|           0|   -1.514670|    4.397704|    2.321340|    5.886524|
|        3350|          25|   -5.069433|    1.801652|   -0.733345|    5.840222|
|        3350|          29|   -5.108143|    1.791875|   -0.821892|    5.827415|
+-----------------------------------------------------------------------+
|        File Writing Summary       |              Filename             |
+-----------------------------------------------------------------------+
|SU2 binary restart                 |restart_npr20_production_cfl2_i30_from520_03350.dat|
|Paraview ASCII surface             |wall_npr20_production_cfl2_i30_from520_03350.vtk|
|CSV file                           |wall_npr20_production_cfl2_i30_from520_03350.csv|
+-----------------------------------------------------------------------+
+-----------------------------------------------------------------------------+
|   Time_Iter|  Inner_Iter|    rms[Rho]|   rms[RhoE]|      rms[k]|      rms[w]|
+-----------------------------------------------------------------------------+
|        3351|           0|   -1.514649|    4.397765|    2.321346|    5.835070|
|        3351|          25|   -5.078464|    1.788884|   -0.745750|    5.758219|
|        3351|          29|   -5.120420|    1.776002|   -0.837950|    5.742345|
+-----------------------------------------------------------------------------+
|   Time_Iter|  Inner_Iter|    rms[Rho]|   rms[RhoE]|      rms[k]|      rms[w]|
+-----------------------------------------------------------------------------+
|        3352|           0|   -1.514629|    4.397771|    2.321321|    5.751800|
|        3352|          25|   -5.093180|    1.765441|   -0.758991|    5.665665|
|        3352|          29|   -5.138761|    1.749828|   -0.854024|    5.655425|
+-----------------------------------------------------------------------------+
|   Time_Iter|  Inner_Iter|    rms[Rho]|   rms[RhoE]|      rms[k]|      rms[w]|
+-----------------------------------------------------------------------------+
|        3353|           0|   -1.514608|    4.397733|    2.321261|    5.667648|
|        3353|          25|   -5.112010|    1.733347|   -0.768605|    5.616798|
|        3353|          29|   -5.161629|    1.715460|   -0.863817|    5.608233|
+-----------------------------------------------------------------------------+
|   Time_Iter|  Inner_Iter|    rms[Rho]|   rms[RhoE]|      rms[k]|      rms[w]|
+-----------------------------------------------------------------------------+
|        3354|           0|   -1.514589|    4.397600|    2.321189|    5.619453|
|        3354|          25|   -5.129137|    1.701021|   -0.767928|    5.598686|
|        3354|          29|   -5.182117|    1.682293|   -0.858710|    5.596361|
+-----------------------------------------------------------------------------+
|   Time_Iter|  Inner_Iter|    rms[Rho]|   rms[RhoE]|      rms[k]|      rms[w]|
+-----------------------------------------------------------------------------+
|        3355|           0|   -1.514569|    4.397481|    2.321137|    5.605675|
|        3355|          25|   -5.133441|    1.690530|   -0.755475|    5.650046|
|        3355|          29|   -5.185588|    1.674877|   -0.839446|    5.659118|
+-----------------------------------------------------------------------------+
|   Time_Iter|  Inner_Iter|    rms[Rho]|   rms[RhoE]|      rms[k]|      rms[w]|
+-----------------------------------------------------------------------------+
|        3356|           0|   -1.514550|    4.397403|    2.321101|    5.667639|
|        3356|          25|   -5.124379|    1.706354|   -0.737339|    5.748644|
|        3356|          29|   -5.171933|    1.695870|   -0.817098|    5.758245|
+-----------------------------------------------------------------------------+
|   Time_Iter|  Inner_Iter|    rms[Rho]|   rms[RhoE]|      rms[k]|      rms[w]|
+-----------------------------------------------------------------------------+
|        3357|           0|   -1.514530|    4.397389|    2.321084|    5.765682|
|        3357|          25|   -5.104969|    1.741007|   -0.722747|    5.834328|
|        3357|          29|   -5.146748|    1.734172|   -0.802909|    5.839999|
+-----------------------------------------------------------------------------+
|   Time_Iter|  Inner_Iter|    rms[Rho]|   rms[RhoE]|      rms[k]|      rms[w]|
+-----------------------------------------------------------------------------+
|        3358|           0|   -1.514509|    4.397440|    2.321080|    5.847014|
|        3358|          25|   -5.084426|    1.775919|   -0.716815|    5.882586|
|        3358|          29|   -5.122673|    1.769613|   -0.800137|    5.881300|
+-----------------------------------------------------------------------------+
|   Time_Iter|  Inner_Iter|    rms[Rho]|   rms[RhoE]|      rms[k]|      rms[w]|
+-----------------------------------------------------------------------------+
|        3359|           0|   -1.514488|    4.397553|    2.321075|    5.887801|
|        3359|          25|   -5.072596|    1.796292|   -0.719079|    5.874500|
|        3359|          29|   -5.110364|    1.788144|   -0.806282|    5.865519|
+-----------------------------------------------------------------------------+
|   Time_Iter|  Inner_Iter|    rms[Rho]|   rms[RhoE]|      rms[k]|      rms[w]|
+-----------------------------------------------------------------------------+
|        3360|           0|   -1.514466|    4.397724|    2.321074|    5.872236|
|        3360|          25|   -5.073283|    1.797309|   -0.727053|    5.817527|
|        3360|          29|   -5.112664|    1.786545|   -0.817920|    5.803731|
+-----------------------------------------------------------------------+
|        File Writing Summary       |              Filename             |
+-----------------------------------------------------------------------+
|Paraview ASCII surface             |wall_npr20_production_cfl2_i30_from520_03360.vtk|
|CSV file                           |wall_npr20_production_cfl2_i30_from520_03360.csv|
+-----------------------------------------------------------------------+
+-----------------------------------------------------------------------------+
|   Time_Iter|  Inner_Iter|    rms[Rho]|   rms[RhoE]|      rms[k]|      rms[w]|
+-----------------------------------------------------------------------------+
|        3361|           0|   -1.514445|    4.397872|    2.321063|    5.811797|
|        3361|          25|   -5.085168|    1.780342|   -0.738267|    5.730611|
|        3361|          29|   -5.127512|    1.767013|   -0.832703|    5.714108|
+-----------------------------------------------------------------------------+
|   Time_Iter|  Inner_Iter|    rms[Rho]|   rms[RhoE]|      rms[k]|      rms[w]|
+-----------------------------------------------------------------------------+
|        3362|           0|   -1.514424|    4.398025|    2.321008|    5.723896|
|        3362|          25|   -5.101185|    1.754743|   -0.749173|    5.649507|
|        3362|          29|   -5.147298|    1.738567|   -0.846194|    5.639530|
+-----------------------------------------------------------------------------+
|   Time_Iter|  Inner_Iter|    rms[Rho]|   rms[RhoE]|      rms[k]|      rms[w]|
+-----------------------------------------------------------------------------+
|        3363|           0|   -1.514403|    4.398163|    2.320894|    5.651630|
|        3363|          25|   -5.119483|    1.722694|   -0.755260|    5.604410|
|        3363|          29|   -5.169746|    1.704010|   -0.851756|    5.596961|
+-----------------------------------------------------------------------------+
|   Time_Iter|  Inner_Iter|    rms[Rho]|   rms[RhoE]|      rms[k]|      rms[w]|
+-----------------------------------------------------------------------------+
|        3364|           0|   -1.514382|    4.398291|    2.320780|    5.608543|
|        3364|          25|   -5.134607|    1.693587|   -0.751035|    5.598613|
|        3364|          29|   -5.187398|    1.675144|   -0.842790|    5.600112|
+-----------------------------------------------------------------------------+
|   Time_Iter|  Inner_Iter|    rms[Rho]|   rms[RhoE]|      rms[k]|      rms[w]|
+-----------------------------------------------------------------------------+
|        3365|           0|   -1.514362|    4.398385|    2.320654|    5.609330|
|        3365|          25|   -5.135931|    1.689273|   -0.736857|    5.668467|
|        3365|          29|   -5.187081|    1.674499|   -0.822605|    5.678265|
+-----------------------------------------------------------------------------+
|   Time_Iter|  Inner_Iter|    rms[Rho]|   rms[RhoE]|      rms[k]|      rms[w]|
+-----------------------------------------------------------------------------+
|        3366|           0|   -1.514343|    4.398366|    2.320537|    5.686510|
|        3366|          25|   -5.123908|    1.710696|   -0.719590|    5.766630|
|        3366|          29|   -5.170001|    1.701050|   -0.802482|    5.775489|
+-----------------------------------------------------------------------------+
|   Time_Iter|  Inner_Iter|    rms[Rho]|   rms[RhoE]|      rms[k]|      rms[w]|
+-----------------------------------------------------------------------------+
|        3367|           0|   -1.514325|    4.398302|    2.320431|    5.782779|
|        3367|          25|   -5.103434|    1.746816|   -0.706372|    5.845005|
|        3367|          29|   -5.143980|    1.740154|   -0.790154|    5.849570|
+-----------------------------------------------------------------------------+
|   Time_Iter|  Inner_Iter|    rms[Rho]|   rms[RhoE]|      rms[k]|      rms[w]|
+-----------------------------------------------------------------------------+
|        3368|           0|   -1.514306|    4.398282|    2.320350|    5.856464|
|        3368|          25|   -5.084770|    1.779235|   -0.702978|    5.880953|
|        3368|          29|   -5.122159|    1.772508|   -0.790509|    5.877914|
+-----------------------------------------------------------------------------+
|   Time_Iter|  Inner_Iter|    rms[Rho]|   rms[RhoE]|      rms[k]|      rms[w]|
+-----------------------------------------------------------------------------+
|        3369|           0|   -1.514286|    4.398298|    2.320291|    5.884410|
|        3369|          25|   -5.076169|    1.795124|   -0.705803|    5.860465|
|        3369|          29|   -5.113441|    1.786294|   -0.796972|    5.850559|
+-----------------------------------------------------------------------------+
|   Time_Iter|  Inner_Iter|    rms[Rho]|   rms[RhoE]|      rms[k]|      rms[w]|
+-----------------------------------------------------------------------------+
|        3370|           0|   -1.514267|    4.398350|    2.320238|    5.857589|
|        3370|          25|   -5.079621|    1.792128|   -0.713130|    5.796246|
|        3370|          29|   -5.118751|    1.780570|   -0.808000|    5.781764|
+-----------------------------------------------------------------------+
|        File Writing Summary       |              Filename             |
+-----------------------------------------------------------------------+
|Paraview ASCII surface             |wall_npr20_production_cfl2_i30_from520_03370.vtk|
|CSV file                           |wall_npr20_production_cfl2_i30_from520_03370.csv|
+-----------------------------------------------------------------------+
+-----------------------------------------------------------------------------+
|   Time_Iter|  Inner_Iter|    rms[Rho]|   rms[RhoE]|      rms[k]|      rms[w]|
+-----------------------------------------------------------------------------+
|        3371|           0|   -1.514246|    4.398479|    2.320189|    5.790218|
|        3371|          25|   -5.092908|    1.772935|   -0.722737|    5.705830|
|        3371|          29|   -5.134788|    1.759220|   -0.820983|    5.689967|
+-----------------------------------------------------------------------------+
|   Time_Iter|  Inner_Iter|    rms[Rho]|   rms[RhoE]|      rms[k]|      rms[w]|
+-----------------------------------------------------------------------------+
|        3372|           0|   -1.514226|    4.398715|    2.320127|    5.700373|
|        3372|          25|   -5.110038|    1.745373|   -0.731318|    5.635557|
|        3372|          29|   -5.156206|    1.728591|   -0.831750|    5.625175|
+-----------------------------------------------------------------------------+
|   Time_Iter|  Inner_Iter|    rms[Rho]|   rms[RhoE]|      rms[k]|      rms[w]|
+-----------------------------------------------------------------------------+
|        3373|           0|   -1.514207|    4.398836|    2.320053|    5.636950|
|        3373|          25|   -5.128651|    1.712604|   -0.734534|    5.597746|
|        3373|          29|   -5.179728|    1.692623|   -0.833795|    5.594942|
+-----------------------------------------------------------------------------+
|   Time_Iter|  Inner_Iter|    rms[Rho]|   rms[RhoE]|      rms[k]|      rms[w]|
+-----------------------------------------------------------------------------+
|        3374|           0|   -1.514190|    4.398802|    2.319927|    5.605611|
|        3374|          25|   -5.141170|    1.687926|   -0.728177|    5.603205|
|        3374|          29|   -5.193450|    1.669799|   -0.822619|    5.607378|
+-----------------------------------------------------------------------------+
|   Time_Iter|  Inner_Iter|    rms[Rho]|   rms[RhoE]|      rms[k]|      rms[w]|
+-----------------------------------------------------------------------------+
|        3375|           0|   -1.514174|    4.398740|    2.319795|    5.616478|
|        3375|          25|   -5.139717|    1.688806|   -0.713865|    5.684176|
|        3375|          29|   -5.189714|    1.674822|   -0.803062|    5.694188|
+-----------------------------------------------------------------------------+
|   Time_Iter|  Inner_Iter|    rms[Rho]|   rms[RhoE]|      rms[k]|      rms[w]|
+-----------------------------------------------------------------------------+
|        3376|           0|   -1.514158|    4.398680|    2.319673|    5.702219|
|        3376|          25|   -5.125674|    1.714285|   -0.698422|    5.779948|
|        3376|          29|   -5.170009|    1.705279|   -0.785601|    5.788007|
+-----------------------------------------------------------------------------+
|   Time_Iter|  Inner_Iter|    rms[Rho]|   rms[RhoE]|      rms[k]|      rms[w]|
+-----------------------------------------------------------------------------+
|        3377|           0|   -1.514141|    4.398676|    2.319551|    5.795205|
|        3377|          25|   -5.105259|    1.750767|   -0.688326|    5.851449|
|        3377|          29|   -5.143950|    1.744208|   -0.777087|    5.854625|
+-----------------------------------------------------------------------------+
|   Time_Iter|  Inner_Iter|    rms[Rho]|   rms[RhoE]|      rms[k]|      rms[w]|
+-----------------------------------------------------------------------------+
|        3378|           0|   -1.514124|    4.398693|    2.319435|    5.861388|
|        3378|          25|   -5.088327|    1.780606|   -0.685617|    5.876549|
|        3378|          29|   -5.124121|    1.773519|   -0.777574|    5.872087|
+-----------------------------------------------------------------------------+
|   Time_Iter|  Inner_Iter|    rms[Rho]|   rms[RhoE]|      rms[k]|      rms[w]|
+-----------------------------------------------------------------------------+
|        3379|           0|   -1.514108|    4.398651|    2.319337|    5.878617|
|        3379|          25|   -5.082263|    1.792761|   -0.688809|    5.846965|
|        3379|          29|   -5.118307|    1.783435|   -0.784075|    5.835913|
+-----------------------------------------------------------------------------+
|   Time_Iter|  Inner_Iter|    rms[Rho]|   rms[RhoE]|      rms[k]|      rms[w]|
+-----------------------------------------------------------------------------+
|        3380|           0|   -1.514091|    4.398556|    2.319262|    5.843104|
|        3380|          25|   -5.087771|    1.786550|   -0.695620|    5.777190|
|        3380|          29|   -5.126147|    1.774413|   -0.794219|    5.762348|
+-----------------------------------------------------------------------+
|        File Writing Summary       |              Filename             |
+-----------------------------------------------------------------------+
|Paraview ASCII surface             |wall_npr20_production_cfl2_i30_from520_03380.vtk|
|CSV file                           |wall_npr20_production_cfl2_i30_from520_03380.csv|
+-----------------------------------------------------------------------+
+-----------------------------------------------------------------------------+
|   Time_Iter|  Inner_Iter|    rms[Rho]|   rms[RhoE]|      rms[k]|      rms[w]|
+-----------------------------------------------------------------------------+
|        3381|           0|   -1.514075|    4.398432|    2.319187|    5.771147|
|        3381|          25|   -5.101886|    1.766027|   -0.703960|    5.685835|
|        3381|          29|   -5.143178|    1.751760|   -0.805484|    5.670994|
+-----------------------------------------------------------------------------+
|   Time_Iter|  Inner_Iter|    rms[Rho]|   rms[RhoE]|      rms[k]|      rms[w]|
+-----------------------------------------------------------------------------+
|        3382|           0|   -1.514059|    4.398303|    2.319108|    5.681888|
|        3382|          25|   -5.119971|    1.736932|   -0.710922|    5.623054|
|        3382|          29|   -5.165790|    1.719720|   -0.814046|    5.613842|
+-----------------------------------------------------------------------------+
|   Time_Iter|  Inner_Iter|    rms[Rho]|   rms[RhoE]|      rms[k]|      rms[w]|
+-----------------------------------------------------------------------------+
|        3383|           0|   -1.514044|    4.398183|    2.319012|    5.625799|
|        3383|          25|   -5.138701|    1.703513|   -0.712374|    5.594864|
|        3383|          29|   -5.189228|    1.683795|   -0.813766|    5.589656|
+-----------------------------------------------------------------------------+
|   Time_Iter|  Inner_Iter|    rms[Rho]|   rms[RhoE]|      rms[k]|      rms[w]|
+-----------------------------------------------------------------------------+
|        3384|           0|   -1.514027|    4.398103|    2.318901|    5.599415|
|        3384|          25|   -5.148945|    1.683176|   -0.705382|    5.609195|
|        3384|          29|   -5.200315|    1.665433|   -0.801933|    5.615132|
+-----------------------------------------------------------------------------+
|   Time_Iter|  Inner_Iter|    rms[Rho]|   rms[RhoE]|      rms[k]|      rms[w]|
+-----------------------------------------------------------------------------+
|        3385|           0|   -1.514010|    4.398094|    2.318766|    5.624100|
|        3385|          25|   -5.145965|    1.688161|   -0.692114|    5.696322|
|        3385|          29|   -5.193901|    1.674992|   -0.783947|    5.706282|
+-----------------------------------------------------------------------------+
|   Time_Iter|  Inner_Iter|    rms[Rho]|   rms[RhoE]|      rms[k]|      rms[w]|
+-----------------------------------------------------------------------------+
|        3386|           0|   -1.513992|    4.398151|    2.318610|    5.714152|
|        3386|          25|   -5.130825|    1.716432|   -0.678884|    5.788981|
|        3386|          29|   -5.172303|    1.708048|   -0.769226|    5.796368|
+-----------------------------------------------------------------------------+
|   Time_Iter|  Inner_Iter|    rms[Rho]|   rms[RhoE]|      rms[k]|      rms[w]|
+-----------------------------------------------------------------------------+
|        3387|           0|   -1.513974|    4.398271|    2.318463|    5.803485|
|        3387|          25|   -5.110475|    1.752747|   -0.671044|    5.854255|
|        3387|          29|   -5.146381|    1.746356|   -0.763015|    5.856074|
+-----------------------------------------------------------------------------+
|   Time_Iter|  Inner_Iter|    rms[Rho]|   rms[RhoE]|      rms[k]|      rms[w]|
+-----------------------------------------------------------------------------+
|        3388|           0|   -1.513956|    4.398427|    2.318315|    5.862758|
|        3388|          25|   -5.094691|    1.780277|   -0.669818|    5.870682|
|        3388|          29|   -5.128313|    1.772986|   -0.764623|    5.865131|
+-----------------------------------------------------------------------------+
|   Time_Iter|  Inner_Iter|    rms[Rho]|   rms[RhoE]|      rms[k]|      rms[w]|
+-----------------------------------------------------------------------------+
|        3389|           0|   -1.513936|    4.398639|    2.318156|    5.871716|
|        3389|          25|   -5.090357|    1.789535|   -0.673550|    5.834229|
|        3389|          29|   -5.124688|    1.779962|   -0.771076|    5.822384|
+-----------------------------------------------------------------------------+
|   Time_Iter|  Inner_Iter|    rms[Rho]|   rms[RhoE]|      rms[k]|      rms[w]|
+-----------------------------------------------------------------------------+
|        3390|           0|   -1.513916|    4.398829|    2.317998|    5.829756|
|        3390|          25|   -5.097212|    1.780861|   -0.680351|    5.761022|
|        3390|          29|   -5.134448|    1.768397|   -0.780690|    5.746015|
+-----------------------------------------------------------------------+
|        File Writing Summary       |              Filename             |
+-----------------------------------------------------------------------+
|Paraview ASCII surface             |wall_npr20_production_cfl2_i30_from520_03390.vtk|
|CSV file                           |wall_npr20_production_cfl2_i30_from520_03390.csv|
+-----------------------------------------------------------------------+
+-----------------------------------------------------------------------------+
|   Time_Iter|  Inner_Iter|    rms[Rho]|   rms[RhoE]|      rms[k]|      rms[w]|
+-----------------------------------------------------------------------------+
|        3391|           0|   -1.513895|    4.399056|    2.317853|    5.755090|
|        3391|          25|   -5.111516|    1.759406|   -0.688193|    5.670399|
|        3391|          29|   -5.152085|    1.744773|   -0.790895|    5.656508|
+-----------------------------------------------------------------------------+
|   Time_Iter|  Inner_Iter|    rms[Rho]|   rms[RhoE]|      rms[k]|      rms[w]|
+-----------------------------------------------------------------------------+
|        3392|           0|   -1.513874|    4.399255|    2.317711|    5.667709|
|        3392|          25|   -5.130090|    1.729354|   -0.694202|    5.613927|
|        3392|          29|   -5.175376|    1.711854|   -0.797637|    5.605375|
+-----------------------------------------------------------------------------+
|   Time_Iter|  Inner_Iter|    rms[Rho]|   rms[RhoE]|      rms[k]|      rms[w]|
+-----------------------------------------------------------------------------+
|        3393|           0|   -1.513853|    4.399281|    2.317563|    5.617037|
|        3393|          25|   -5.149486|    1.695932|   -0.695468|    5.589876|
|        3393|          29|   -5.198997|    1.676434|   -0.796869|    5.584499|
+-----------------------------------------------------------------------------+
|   Time_Iter|  Inner_Iter|    rms[Rho]|   rms[RhoE]|      rms[k]|      rms[w]|
+-----------------------------------------------------------------------------+
|        3394|           0|   -1.513833|    4.399296|    2.317422|    5.593873|
|        3394|          25|   -5.159067|    1.678644|   -0.688830|    5.614589|
|        3394|          29|   -5.208115|    1.661521|   -0.785408|    5.621540|
+-----------------------------------------------------------------------------+
|   Time_Iter|  Inner_Iter|    rms[Rho]|   rms[RhoE]|      rms[k]|      rms[w]|
+-----------------------------------------------------------------------------+
|        3395|           0|   -1.513813|    4.399199|    2.317260|    5.630379|
|        3395|          25|   -5.155215|    1.686765|   -0.677088|    5.704793|
|        3395|          29|   -5.199733|    1.674503|   -0.769353|    5.714579|
+-----------------------------------------------------------------------------+
|   Time_Iter|  Inner_Iter|    rms[Rho]|   rms[RhoE]|      rms[k]|      rms[w]|
+-----------------------------------------------------------------------------+
|        3396|           0|   -1.513794|    4.399089|    2.317093|    5.722310|
|        3396|          25|   -5.138641|    1.716962|   -0.666022|    5.794418|
|        3396|          29|   -5.176599|    1.709232|   -0.757105|    5.801139|
+-----------------------------------------------------------------------------+
|   Time_Iter|  Inner_Iter|    rms[Rho]|   rms[RhoE]|      rms[k]|      rms[w]|
+-----------------------------------------------------------------------------+
|        3397|           0|   -1.513774|    4.399008|    2.316910|    5.808191|
|        3397|          25|   -5.117539|    1.752961|   -0.660330|    5.854315|
|        3397|          29|   -5.150592|    1.746795|   -0.752858|    5.855230|
+-----------------------------------------------------------------------------+
|   Time_Iter|  Inner_Iter|    rms[Rho]|   rms[RhoE]|      rms[k]|      rms[w]|
+-----------------------------------------------------------------------------+
|        3398|           0|   -1.513755|    4.398952|    2.316737|    5.861884|
|        3398|          25|   -5.102205|    1.778646|   -0.660590|    5.864374|
|        3398|          29|   -5.133700|    1.771304|   -0.755437|    5.858038|
+-----------------------------------------------------------------------------+
|   Time_Iter|  Inner_Iter|    rms[Rho]|   rms[RhoE]|      rms[k]|      rms[w]|
+-----------------------------------------------------------------------------+
|        3399|           0|   -1.513736|    4.398871|    2.316570|    5.864657|
|        3399|          25|   -5.098844|    1.785801|   -0.665141|    5.823107|
|        3399|          29|   -5.131369|    1.776302|   -0.762333|    5.810928|
+-----------------------------------------------------------------------+
|        File Writing Summary       |              Filename             |
+-----------------------------------------------------------------------+
|SU2 binary restart                 |restart_npr20_production_cfl2_i30_from520_03399.dat|
+-----------------------------------------------------------------------+
+-----------------------------------------------------------------------------+
|   Time_Iter|  Inner_Iter|    rms[Rho]|   rms[RhoE]|      rms[k]|      rms[w]|
+-----------------------------------------------------------------------------+
|        3400|           0|   -1.513717|    4.398759|    2.316419|    5.818552|
|        3400|          25|   -5.106531|    1.775375|   -0.672498|    5.747950|
|        3400|          29|   -5.142497|    1.762756|   -0.771999|    5.732900|
+-----------------------------------------------------------------------+
|        File Writing Summary       |              Filename             |
+-----------------------------------------------------------------------+
|SU2 binary restart                 |restart_npr20_production_cfl2_i30_from520_03400.dat|
|Paraview ASCII                     |flow_npr20_production_cfl2_i30_from520_03400.vtk|
|Paraview ASCII surface             |wall_npr20_production_cfl2_i30_from520_03400.vtk|
|CSV file                           |wall_npr20_production_cfl2_i30_from520_03400.csv|
+-----------------------------------------------------------------------+
+-----------------------------------------------------------------------------+
|   Time_Iter|  Inner_Iter|    rms[Rho]|   rms[RhoE]|      rms[k]|      rms[w]|
+-----------------------------------------------------------------------------+
|        3401|           0|   -1.513698|    4.398648|    2.316275|    5.742179|
|        3401|          25|   -5.121283|    1.753223|   -0.680675|    5.658847|
|        3401|          29|   -5.160712|    1.738458|   -0.781940|    5.645636|
+-----------------------------------------------------------------------------+
|   Time_Iter|  Inner_Iter|    rms[Rho]|   rms[RhoE]|      rms[k]|      rms[w]|
+-----------------------------------------------------------------------------+
|        3402|           0|   -1.513678|    4.398528|    2.316132|    5.657057|
|        3402|          25|   -5.141087|    1.722513|   -0.687255|    5.606978|
|        3402|          29|   -5.184790|    1.704956|   -0.788865|    5.598445|
+-----------------------------------------------------------------------------+
|   Time_Iter|  Inner_Iter|    rms[Rho]|   rms[RhoE]|      rms[k]|      rms[w]|
+-----------------------------------------------------------------------------+
|        3403|           0|   -1.513657|    4.398512|    2.316004|    5.609888|
|        3403|          25|   -5.161646|    1.689264|   -0.688539|    5.585323|
|        3403|          29|   -5.208540|    1.670178|   -0.787526|    5.580471|
+-----------------------------------------------------------------------------+
|   Time_Iter|  Inner_Iter|    rms[Rho]|   rms[RhoE]|      rms[k]|      rms[w]|
+-----------------------------------------------------------------------------+
|        3404|           0|   -1.513635|    4.398579|    2.315873|    5.589757|
|        3404|          25|   -5.170657|    1.674164|   -0.682675|    5.618202|
|        3404|          29|   -5.216392|    1.657777|   -0.776851|    5.625704|
+-----------------------------------------------------------------------------+
|   Time_Iter|  Inner_Iter|    rms[Rho]|   rms[RhoE]|      rms[k]|      rms[w]|
+-----------------------------------------------------------------------------+
|        3405|           0|   -1.513614|    4.398650|    2.315740|    5.634438|
|        3405|          25|   -5.164966|    1.684620|   -0.672314|    5.709694|
|        3405|          29|   -5.206013|    1.673252|   -0.762502|    5.719246|
+-----------------------------------------------------------------------------+
|   Time_Iter|  Inner_Iter|    rms[Rho]|   rms[RhoE]|      rms[k]|      rms[w]|
+-----------------------------------------------------------------------------+
|        3406|           0|   -1.513593|    4.398618|    2.315593|    5.726926|
|        3406|          25|   -5.146506|    1.716122|   -0.663097|    5.796693|
|        3406|          29|   -5.181444|    1.708954|   -0.752313|    5.802891|
+-----------------------------------------------------------------------------+
|   Time_Iter|  Inner_Iter|    rms[Rho]|   rms[RhoE]|      rms[k]|      rms[w]|
+-----------------------------------------------------------------------------+
|        3407|           0|   -1.513572|    4.398558|    2.315449|    5.809904|
|        3407|          25|   -5.124385|    1.751807|   -0.656871|    5.852562|
|        3407|          29|   -5.155147|    1.745870|   -0.746304|    5.852851|
+-----------------------------------------------------------------------------+
|   Time_Iter|  Inner_Iter|    rms[Rho]|   rms[RhoE]|      rms[k]|      rms[w]|
+-----------------------------------------------------------------------------+
|        3408|           0|   -1.513551|    4.398494|    2.315311|    5.859493|
|        3408|          25|   -5.108926|    1.776204|   -0.660715|    5.858277|
|        3408|          29|   -5.138749|    1.768893|   -0.753350|    5.851369|
+-----------------------------------------------------------------------------+
|   Time_Iter|  Inner_Iter|    rms[Rho]|   rms[RhoE]|      rms[k]|      rms[w]|
+-----------------------------------------------------------------------------+
|        3409|           0|   -1.513531|    4.398444|    2.315166|    5.857991|
|        3409|          25|   -5.106090|    1.782093|   -0.666368|    5.813998|
|        3409|          29|   -5.137373|    1.772529|   -0.760916|    5.801780|
+-----------------------------------------------------------------------------+
|   Time_Iter|  Inner_Iter|    rms[Rho]|   rms[RhoE]|      rms[k]|      rms[w]|
+-----------------------------------------------------------------------------+
|        3410|           0|   -1.513511|    4.398403|    2.315035|    5.809529|
|        3410|          25|   -5.115216|    1.770377|   -0.674704|    5.737998|
|        3410|          29|   -5.149681|    1.757745|   -0.771138|    5.722981|
+-----------------------------------------------------------------------+
|        File Writing Summary       |              Filename             |
+-----------------------------------------------------------------------+
|Paraview ASCII surface             |wall_npr20_production_cfl2_i30_from520_03410.vtk|
|CSV file                           |wall_npr20_production_cfl2_i30_from520_03410.csv|
+-----------------------------------------------------------------------+
+-----------------------------------------------------------------------------+
|   Time_Iter|  Inner_Iter|    rms[Rho]|   rms[RhoE]|      rms[k]|      rms[w]|
+-----------------------------------------------------------------------------+
|        3411|           0|   -1.513491|    4.398373|    2.314917|    5.732394|
|        3411|          25|   -5.131301|    1.747779|   -0.683099|    5.650492|
|        3411|          29|   -5.168433|    1.733068|   -0.780582|    5.637809|
+-----------------------------------------------------------------------------+
|   Time_Iter|  Inner_Iter|    rms[Rho]|   rms[RhoE]|      rms[k]|      rms[w]|
+-----------------------------------------------------------------------------+
|        3412|           0|   -1.513470|    4.398359|    2.314804|    5.649360|
|        3412|          25|   -5.152325|    1.716686|   -0.690941|    5.601498|
|        3412|          29|   -5.193237|    1.699242|   -0.788677|    5.593049|
+-----------------------------------------------------------------------------+
|   Time_Iter|  Inner_Iter|    rms[Rho]|   rms[RhoE]|      rms[k]|      rms[w]|
+-----------------------------------------------------------------------------+
|        3413|           0|   -1.513449|    4.398370|    2.314695|    5.604353|
|        3413|          25|   -5.172571|    1.683737|   -0.692813|    5.581547|
|        3413|          29|   -5.216609|    1.665063|   -0.787680|    5.577389|
+-----------------------------------------------------------------------------+
|   Time_Iter|  Inner_Iter|    rms[Rho]|   rms[RhoE]|      rms[k]|      rms[w]|
+-----------------------------------------------------------------------------+
|        3414|           0|   -1.513427|    4.398428|    2.314583|    5.586647|
|        3414|          25|   -5.180039|    1.670143|   -0.687622|    5.619544|
|        3414|          29|   -5.223084|    1.654312|   -0.777747|    5.627297|
+-----------------------------------------------------------------------------+
|   Time_Iter|  Inner_Iter|    rms[Rho]|   rms[RhoE]|      rms[k]|      rms[w]|
+-----------------------------------------------------------------------------+
|        3415|           0|   -1.513405|    4.398554|    2.314481|    5.635963|
|        3415|          25|   -5.172640|    1.682086|   -0.678062|    5.711270|
|        3415|          29|   -5.211188|    1.671309|   -0.764556|    5.720633|
+-----------------------------------------------------------------------------+
|   Time_Iter|  Inner_Iter|    rms[Rho]|   rms[RhoE]|      rms[k]|      rms[w]|
+-----------------------------------------------------------------------------+
|        3416|           0|   -1.513383|    4.398723|    2.314348|    5.728256|
|        3416|          25|   -5.152676|    1.714320|   -0.669825|    5.796276|
|        3416|          29|   -5.185573|    1.707510|   -0.755601|    5.802119|
+-----------------------------------------------------------------------------+
|   Time_Iter|  Inner_Iter|    rms[Rho]|   rms[RhoE]|      rms[k]|      rms[w]|
+-----------------------------------------------------------------------------+
|        3417|           0|   -1.513362|    4.398931|    2.314209|    5.809114|
|        3417|          25|   -5.129584|    1.749761|   -0.666829|    5.849534|
|        3417|          29|   -5.158945|    1.743954|   -0.754017|    5.849443|
+-----------------------------------------------------------------------------+
|   Time_Iter|  Inner_Iter|    rms[Rho]|   rms[RhoE]|      rms[k]|      rms[w]|
+-----------------------------------------------------------------------------+
|        3418|           0|   -1.513340|    4.399125|    2.314080|    5.856086|
|        3418|          25|   -5.114408|    1.773369|   -0.669371|    5.852755|
|        3418|          29|   -5.143134|    1.766082|   -0.758480|    5.845540|
+-----------------------------------------------------------------------------+
|   Time_Iter|  Inner_Iter|    rms[Rho]|   rms[RhoE]|      rms[k]|      rms[w]|
+-----------------------------------------------------------------------------+
|        3419|           0|   -1.513319|    4.399238|    2.313964|    5.852205|
|        3419|          25|   -5.112311|    1.778550|   -0.675832|    5.807135|
|        3419|          29|   -5.142150|    1.768986|   -0.766719|    5.794874|
+-----------------------------------------------------------------------------+
|   Time_Iter|  Inner_Iter|    rms[Rho]|   rms[RhoE]|      rms[k]|      rms[w]|
+-----------------------------------------------------------------------------+
|        3420|           0|   -1.513298|    4.399384|    2.313837|    5.802696|
|        3420|          25|   -5.122809|    1.766176|   -0.683680|    5.731036|
|        3420|          29|   -5.155274|    1.753607|   -0.775664|    5.716102|
+-----------------------------------------------------------------------+
|        File Writing Summary       |              Filename             |
+-----------------------------------------------------------------------+
|Paraview ASCII surface             |wall_npr20_production_cfl2_i30_from520_03420.vtk|
|CSV file                           |wall_npr20_production_cfl2_i30_from520_03420.csv|
+-----------------------------------------------------------------------+
+-----------------------------------------------------------------------------+
|   Time_Iter|  Inner_Iter|    rms[Rho]|   rms[RhoE]|      rms[k]|      rms[w]|
+-----------------------------------------------------------------------------+
|        3421|           0|   -1.513277|    4.399564|    2.313702|    5.725583|
|        3421|          25|   -5.139401|    1.743439|   -0.694381|    5.644886|
|        3421|          29|   -5.174267|    1.728820|   -0.788185|    5.632522|
+-----------------------------------------------------------------------------+
|   Time_Iter|  Inner_Iter|    rms[Rho]|   rms[RhoE]|      rms[k]|      rms[w]|
+-----------------------------------------------------------------------------+
|        3422|           0|   -1.513255|    4.399819|    2.313576|    5.644415|
|        3422|          25|   -5.160363|    1.712304|   -0.702134|    5.597414|
|        3422|          29|   -5.199032|    1.694951|   -0.795688|    5.589051|
+-----------------------------------------------------------------------------+
|   Time_Iter|  Inner_Iter|    rms[Rho]|   rms[RhoE]|      rms[k]|      rms[w]|
+-----------------------------------------------------------------------------+
|        3423|           0|   -1.513233|    4.400175|    2.313462|    5.600287|
|        3423|          25|   -5.180296|    1.679610|   -0.704197|    5.578451|
|        3423|          29|   -5.222080|    1.661150|   -0.794759|    5.574636|
+-----------------------------------------------------------------------------+
|   Time_Iter|  Inner_Iter|    rms[Rho]|   rms[RhoE]|      rms[k]|      rms[w]|
+-----------------------------------------------------------------------------+
|        3424|           0|   -1.513210|    4.400511|    2.313359|    5.583881|
|        3424|          25|   -5.186725|    1.666725|   -0.698952|    5.618393|
|        3424|          29|   -5.227742|    1.651155|   -0.785032|    5.626183|
+-----------------------------------------------------------------------------+
|   Time_Iter|  Inner_Iter|    rms[Rho]|   rms[RhoE]|      rms[k]|      rms[w]|
+-----------------------------------------------------------------------------+
|        3425|           0|   -1.513189|    4.400809|    2.313256|    5.634819|
|        3425|          25|   -5.178023|    1.679291|   -0.689268|    5.709678|
|        3425|          29|   -5.214977|    1.668744|   -0.772046|    5.718895|
+-----------------------------------------------------------------------------+
|   Time_Iter|  Inner_Iter|    rms[Rho]|   rms[RhoE]|      rms[k]|      rms[w]|
+-----------------------------------------------------------------------------+
|        3426|           0|   -1.513168|    4.401048|    2.313138|    5.726467|
|        3426|          25|   -5.156865|    1.711737|   -0.680999|    5.793446|
|        3426|          29|   -5.188731|    1.705042|   -0.763410|    5.799107|
+-----------------------------------------------------------------------------+
|   Time_Iter|  Inner_Iter|    rms[Rho]|   rms[RhoE]|      rms[k]|      rms[w]|
+-----------------------------------------------------------------------------+
|        3427|           0|   -1.513148|    4.401295|    2.313018|    5.806101|
|        3427|          25|   -5.133770|    1.746972|   -0.678020|    5.845506|
|        3427|          29|   -5.162171|    1.741207|   -0.762049|    5.845269|
+-----------------------------------------------------------------------------+
|   Time_Iter|  Inner_Iter|    rms[Rho]|   rms[RhoE]|      rms[k]|      rms[w]|
+-----------------------------------------------------------------------------+
|        3428|           0|   -1.513130|    4.401304|    2.312894|    5.851923|
|        3428|          25|   -5.119104|    1.770289|   -0.680454|    5.847981|
|        3428|          29|   -5.146557|    1.763041|   -0.766618|    5.840765|
+-----------------------------------------------------------------------------+
|   Time_Iter|  Inner_Iter|    rms[Rho]|   rms[RhoE]|      rms[k]|      rms[w]|
+-----------------------------------------------------------------------------+
|        3429|           0|   -1.513114|    4.401323|    2.312787|    5.847461|
|        3429|          25|   -5.117727|    1.775283|   -0.686974|    5.802393|
|        3429|          29|   -5.145958|    1.765781|   -0.774814|    5.790204|
+-----------------------------------------------------------------------------+
|   Time_Iter|  Inner_Iter|    rms[Rho]|   rms[RhoE]|      rms[k]|      rms[w]|
+-----------------------------------------------------------------------------+
|        3430|           0|   -1.513097|    4.401359|    2.312699|    5.798054|
|        3430|          25|   -5.128150|    1.762918|   -0.695817|    5.726955|
|        3430|          29|   -5.159025|    1.750412|   -0.785364|    5.712141|
+-----------------------------------------------------------------------+
|        File Writing Summary       |              Filename             |
+-----------------------------------------------------------------------+
|Paraview ASCII surface             |wall_npr20_production_cfl2_i30_from520_03430.vtk|
|CSV file                           |wall_npr20_production_cfl2_i30_from520_03430.csv|
+-----------------------------------------------------------------------+
+-----------------------------------------------------------------------------+
|   Time_Iter|  Inner_Iter|    rms[Rho]|   rms[RhoE]|      rms[k]|      rms[w]|
+-----------------------------------------------------------------------------+
|        3431|           0|   -1.513081|    4.401371|    2.312624|    5.721633|
|        3431|          25|   -5.144426|    1.740313|   -0.705158|    5.641756|
|        3431|          29|   -5.177814|    1.725754|   -0.795952|    5.629472|
+-----------------------------------------------------------------------------+
|   Time_Iter|  Inner_Iter|    rms[Rho]|   rms[RhoE]|      rms[k]|      rms[w]|
+-----------------------------------------------------------------------------+
|        3432|           0|   -1.513065|    4.401277|    2.312531|    5.641091|
|        3432|          25|   -5.165066|    1.709358|   -0.712518|    5.594652|
|        3432|          29|   -5.202343|    1.692069|   -0.803187|    5.586336|
+-----------------------------------------------------------------------------+
|   Time_Iter|  Inner_Iter|    rms[Rho]|   rms[RhoE]|      rms[k]|      rms[w]|
+-----------------------------------------------------------------------------+
|        3433|           0|   -1.513049|    4.401151|    2.312437|    5.597569|
|        3433|          25|   -5.184869|    1.676744|   -0.714037|    5.575825|
|        3433|          29|   -5.225295|    1.658313|   -0.801965|    5.571901|
+-----------------------------------------------------------------------------+
|   Time_Iter|  Inner_Iter|    rms[Rho]|   rms[RhoE]|      rms[k]|      rms[w]|
+-----------------------------------------------------------------------------+
|        3434|           0|   -1.513033|    4.401053|    2.312339|    5.581136|
|        3434|          25|   -5.191193|    1.663736|   -0.708121|    5.614687|
|        3434|          29|   -5.230950|    1.648163|   -0.791794|    5.622333|
+-----------------------------------------------------------------------------+
|   Time_Iter|  Inner_Iter|    rms[Rho]|   rms[RhoE]|      rms[k]|      rms[w]|
+-----------------------------------------------------------------------------+
|        3435|           0|   -1.513017|    4.400971|    2.312258|    5.630982|
|        3435|          25|   -5.182234|    1.676037|   -0.697433|    5.705027|
|        3435|          29|   -5.218139|    1.665438|   -0.778022|    5.714126|
+-----------------------------------------------------------------------------+
|   Time_Iter|  Inner_Iter|    rms[Rho]|   rms[RhoE]|      rms[k]|      rms[w]|
+-----------------------------------------------------------------------------+
|        3436|           0|   -1.513001|    4.400896|    2.312194|    5.721733|
|        3436|          25|   -5.161180|    1.708189|   -0.688569|    5.788312|
|        3436|          29|   -5.192038|    1.701457|   -0.769199|    5.793961|
+-----------------------------------------------------------------------------+
|   Time_Iter|  Inner_Iter|    rms[Rho]|   rms[RhoE]|      rms[k]|      rms[w]|
+-----------------------------------------------------------------------------+
|        3437|           0|   -1.512985|    4.400837|    2.312128|    5.800970|
|        3437|          25|   -5.138290|    1.743321|   -0.684655|    5.840550|
|        3437|          29|   -5.165531|    1.737573|   -0.767093|    5.840395|
+-----------------------------------------------------------------------------+
|   Time_Iter|  Inner_Iter|    rms[Rho]|   rms[RhoE]|      rms[k]|      rms[w]|
+-----------------------------------------------------------------------------+
|        3438|           0|   -1.512969|    4.400794|    2.312049|    5.847066|
|        3438|          25|   -5.123632|    1.766872|   -0.686416|    5.843952|
|        3438|          29|   -5.149845|    1.759691|   -0.771072|    5.836950|
+-----------------------------------------------------------------------------+
|   Time_Iter|  Inner_Iter|    rms[Rho]|   rms[RhoE]|      rms[k]|      rms[w]|
+-----------------------------------------------------------------------------+
|        3439|           0|   -1.512952|    4.400810|    2.311968|    5.843721|
|        3439|          25|   -5.121713|    1.772242|   -0.691807|    5.799680|
|        3439|          29|   -5.148822|    1.762854|   -0.778382|    5.787672|
+-----------------------------------------------------------------------------+
|   Time_Iter|  Inner_Iter|    rms[Rho]|   rms[RhoE]|      rms[k]|      rms[w]|
+-----------------------------------------------------------------------------+
|        3440|           0|   -1.512935|    4.400883|    2.311876|    5.795511|
|        3440|          25|   -5.131537|    1.760480|   -0.699559|    5.725622|
|        3440|          29|   -5.161369|    1.748061|   -0.787954|    5.710958|
+-----------------------------------------------------------------------+
|        File Writing Summary       |              Filename             |
+-----------------------------------------------------------------------+
|Paraview ASCII surface             |wall_npr20_production_cfl2_i30_from520_03440.vtk|
|CSV file                           |wall_npr20_production_cfl2_i30_from520_03440.csv|
+-----------------------------------------------------------------------+
+-----------------------------------------------------------------------------+
|   Time_Iter|  Inner_Iter|    rms[Rho]|   rms[RhoE]|      rms[k]|      rms[w]|
+-----------------------------------------------------------------------------+
|        3441|           0|   -1.512918|    4.400951|    2.311792|    5.720406|
|        3441|          25|   -5.147567|    1.738199|   -0.707827|    5.640973|
|        3441|          29|   -5.179954|    1.723733|   -0.798057|    5.628544|
+-----------------------------------------------------------------------------+
|   Time_Iter|  Inner_Iter|    rms[Rho]|   rms[RhoE]|      rms[k]|      rms[w]|
+-----------------------------------------------------------------------------+
|        3442|           0|   -1.512901|    4.401061|    2.311717|    5.640028|
|        3442|          25|   -5.167997|    1.707615|   -0.719419|    5.593118|
|        3442|          29|   -5.204231|    1.690423|   -0.812111|    5.584822|
+-----------------------------------------------------------------------------+
|   Time_Iter|  Inner_Iter|    rms[Rho]|   rms[RhoE]|      rms[k]|      rms[w]|
+-----------------------------------------------------------------------------+
|        3443|           0|   -1.512882|    4.401225|    2.311655|    5.596114|
|        3443|          25|   -5.187886|    1.674910|   -0.720161|    5.573673|
|        3443|          29|   -5.227399|    1.656396|   -0.810480|    5.569227|
+-----------------------------------------------------------------------------+
|   Time_Iter|  Inner_Iter|    rms[Rho]|   rms[RhoE]|      rms[k]|      rms[w]|
+-----------------------------------------------------------------------------+
|        3444|           0|   -1.512865|    4.401290|    2.311576|    5.578457|
|        3444|          25|   -5.194587|    1.660955|   -0.713489|    5.608482|
|        3444|          29|   -5.233643|    1.645187|   -0.799707|    5.615792|
+-----------------------------------------------------------------------------+
|   Time_Iter|  Inner_Iter|    rms[Rho]|   rms[RhoE]|      rms[k]|      rms[w]|
+-----------------------------------------------------------------------------+
|        3445|           0|   -1.512848|    4.401321|    2.311502|    5.624488|
|        3445|          25|   -5.186370|    1.672130|   -0.702224|    5.697323|
|        3445|          29|   -5.221735|    1.661246|   -0.785523|    5.706355|
+-----------------------------------------------------------------------------+
|   Time_Iter|  Inner_Iter|    rms[Rho]|   rms[RhoE]|      rms[k]|      rms[w]|
+-----------------------------------------------------------------------------+
|        3446|           0|   -1.512831|    4.401332|    2.311437|    5.714024|
|        3446|          25|   -5.165980|    1.703519|   -0.692176|    5.780848|
|        3446|          29|   -5.196134|    1.696641|   -0.775420|    5.786647|
+-----------------------------------------------------------------------------+
|   Time_Iter|  Inner_Iter|    rms[Rho]|   rms[RhoE]|      rms[k]|      rms[w]|
+-----------------------------------------------------------------------------+
|        3447|           0|   -1.512814|    4.401343|    2.311381|    5.793687|
|        3447|          25|   -5.143414|    1.738676|   -0.687263|    5.834570|
|        3447|          29|   -5.169692|    1.732937|   -0.772480|    5.834723|
+-----------------------------------------------------------------------------+
|   Time_Iter|  Inner_Iter|    rms[Rho]|   rms[RhoE]|      rms[k]|      rms[w]|
+-----------------------------------------------------------------------------+
|        3448|           0|   -1.512797|    4.401355|    2.311334|    5.841419|
|        3448|          25|   -5.128141|    1.763014|   -0.687827|    5.840552|
|        3448|          29|   -5.153302|    1.755935|   -0.775387|    5.833927|
+-----------------------------------------------------------------------------+
|   Time_Iter|  Inner_Iter|    rms[Rho]|   rms[RhoE]|      rms[k]|      rms[w]|
+-----------------------------------------------------------------------------+
|        3449|           0|   -1.512780|    4.401352|    2.311300|    5.840698|
|        3449|          25|   -5.125392|    1.769307|   -0.692089|    5.799078|
|        3449|          29|   -5.151471|    1.760069|   -0.781774|    5.787148|
+-----------------------------------------------------------------------+
|        File Writing Summary       |              Filename             |
+-----------------------------------------------------------------------+
|SU2 binary restart                 |restart_npr20_production_cfl2_i30_from520_03449.dat|
+-----------------------------------------------------------------------+
+-----------------------------------------------------------------------------+
|   Time_Iter|  Inner_Iter|    rms[Rho]|   rms[RhoE]|      rms[k]|      rms[w]|
+-----------------------------------------------------------------------------+
|        3450|           0|   -1.512763|    4.401336|    2.311241|    5.794944|
|        3450|          25|   -5.134258|    1.758731|   -0.698643|    5.726988|
|        3450|          29|   -5.163156|    1.746439|   -0.790405|    5.712509|
+-----------------------------------------------------------------------+
|        File Writing Summary       |              Filename             |
+-----------------------------------------------------------------------+
|SU2 binary restart                 |restart_npr20_production_cfl2_i30_from520_03450.dat|
|Paraview ASCII surface             |wall_npr20_production_cfl2_i30_from520_03450.vtk|
|CSV file                           |wall_npr20_production_cfl2_i30_from520_03450.csv|
+-----------------------------------------------------------------------+
+-----------------------------------------------------------------------------+
|   Time_Iter|  Inner_Iter|    rms[Rho]|   rms[RhoE]|      rms[k]|      rms[w]|
+-----------------------------------------------------------------------------+
|        3451|           0|   -1.512747|    4.401219|    2.311185|    5.721856|
|        3451|          25|   -5.149903|    1.736937|   -0.705815|    5.642639|
|        3451|          29|   -5.181418|    1.722627|   -0.799282|    5.629877|
+-----------------------------------------------------------------------------+
|   Time_Iter|  Inner_Iter|    rms[Rho]|   rms[RhoE]|      rms[k]|      rms[w]|
+-----------------------------------------------------------------------------+
|        3452|           0|   -1.512731|    4.401091|    2.311135|    5.641193|
|        3452|          25|   -5.169959|    1.706929|   -0.711327|    5.592749|
|        3452|          29|   -5.205386|    1.689913|   -0.805329|    5.584497|
+-----------------------------------------------------------------------------+
|   Time_Iter|  Inner_Iter|    rms[Rho]|   rms[RhoE]|      rms[k]|      rms[w]|
+-----------------------------------------------------------------------------+
|        3453|           0|   -1.512715|    4.400960|    2.311082|    5.595911|
|        3453|          25|   -5.190086|    1.674052|   -0.710470|    5.572104|
|        3453|          29|   -5.229025|    1.655399|   -0.801921|    5.567003|
+-----------------------------------------------------------------------------+
|   Time_Iter|  Inner_Iter|    rms[Rho]|   rms[RhoE]|      rms[k]|      rms[w]|
+-----------------------------------------------------------------------------+
|        3454|           0|   -1.512699|    4.400868|    2.311039|    5.576248|
|        3454|          25|   -5.198159|    1.658313|   -0.705217|    5.599946|
|        3454|          29|   -5.236736|    1.642207|   -0.793608|    5.606682|
+-----------------------------------------------------------------------------+
|   Time_Iter|  Inner_Iter|    rms[Rho]|   rms[RhoE]|      rms[k]|      rms[w]|
+-----------------------------------------------------------------------------+
|        3455|           0|   -1.512682|    4.400765|    2.311008|    5.615460|
|        3455|          25|   -5.191336|    1.667508|   -0.694254|    5.686503|
|        3455|          29|   -5.226329|    1.656156|   -0.779801|    5.695535|
+-----------------------------------------------------------------------------+
|   Time_Iter|  Inner_Iter|    rms[Rho]|   rms[RhoE]|      rms[k]|      rms[w]|
+-----------------------------------------------------------------------------+
|        3456|           0|   -1.512667|    4.400466|    2.310960|    5.703271|
|        3456|          25|   -5.171894|    1.697616|   -0.683933|    5.770847|
|        3456|          29|   -5.201601|    1.690485|   -0.769403|    5.776943|
+-----------------------------------------------------------------------------+
|   Time_Iter|  Inner_Iter|    rms[Rho]|   rms[RhoE]|      rms[k]|      rms[w]|
+-----------------------------------------------------------------------------+
|        3457|           0|   -1.512653|    4.400151|    2.310916|    5.784032|
|        3457|          25|   -5.149157|    1.732894|   -0.678491|    5.827167|
|        3457|          29|   -5.174883|    1.727133|   -0.765706|    5.827966|
+-----------------------------------------------------------------------------+
|   Time_Iter|  Inner_Iter|    rms[Rho]|   rms[RhoE]|      rms[k]|      rms[w]|
+-----------------------------------------------------------------------------+
|        3458|           0|   -1.512639|    4.399851|    2.310886|    5.834700|
|        3458|          25|   -5.132799|    1.758512|   -0.678163|    5.837484|
|        3458|          29|   -5.157311|    1.751587|   -0.767679|    5.831456|
+-----------------------------------------------------------------------------+
|   Time_Iter|  Inner_Iter|    rms[Rho]|   rms[RhoE]|      rms[k]|      rms[w]|
+-----------------------------------------------------------------------------+
|        3459|           0|   -1.512624|    4.399622|    2.310877|    5.838209|
|        3459|          25|   -5.128867|    1.766434|   -0.681414|    5.800258|
|        3459|          29|   -5.154410|    1.757193|   -0.773018|    5.788681|
+-----------------------------------------------------------------------------+
|   Time_Iter|  Inner_Iter|    rms[Rho]|   rms[RhoE]|      rms[k]|      rms[w]|
+-----------------------------------------------------------------------------+
|        3460|           0|   -1.512606|    4.399504|    2.310882|    5.796229|
|        3460|          25|   -5.136594|    1.757534|   -0.686927|    5.730994|
|        3460|          29|   -5.164674|    1.745464|   -0.780571|    5.716759|
+-----------------------------------------------------------------------+
|        File Writing Summary       |              Filename             |
+-----------------------------------------------------------------------+
|Paraview ASCII surface             |wall_npr20_production_cfl2_i30_from520_03460.vtk|
|CSV file                           |wall_npr20_production_cfl2_i30_from520_03460.csv|
+-----------------------------------------------------------------------+
+-----------------------------------------------------------------------------+
|   Time_Iter|  Inner_Iter|    rms[Rho]|   rms[RhoE]|      rms[k]|      rms[w]|
+-----------------------------------------------------------------------------+
|        3461|           0|   -1.512589|    4.399459|    2.310878|    5.725945|
|        3461|          25|   -5.152148|    1.736394|   -0.693227|    5.647002|
|        3461|          29|   -5.182715|    1.722344|   -0.788599|    5.633849|
+-----------------------------------------------------------------------------+
|   Time_Iter|  Inner_Iter|    rms[Rho]|   rms[RhoE]|      rms[k]|      rms[w]|
+-----------------------------------------------------------------------------+
|        3462|           0|   -1.512570|    4.399485|    2.310873|    5.644930|
|        3462|          25|   -5.172060|    1.707187|   -0.698237|    5.593518|
|        3462|          29|   -5.206354|    1.690443|   -0.794376|    5.585393|
+-----------------------------------------------------------------------------+
|   Time_Iter|  Inner_Iter|    rms[Rho]|   rms[RhoE]|      rms[k]|      rms[w]|
+-----------------------------------------------------------------------------+
|        3463|           0|   -1.512550|    4.399579|    2.310862|    5.597009|
|        3463|          25|   -5.192710|    1.674207|   -0.699025|    5.571123|
|        3463|          29|   -5.230646|    1.655430|   -0.793702|    5.565733|
+-----------------------------------------------------------------------------+
|   Time_Iter|  Inner_Iter|    rms[Rho]|   rms[RhoE]|      rms[k]|      rms[w]|
+-----------------------------------------------------------------------------+
|        3464|           0|   -1.512529|    4.399765|    2.310848|    5.575148|
|        3464|          25|   -5.202693|    1.655868|   -0.693513|    5.589520|
|        3464|          29|   -5.240501|    1.639351|   -0.784807|    5.595350|
+-----------------------------------------------------------------------------+
|   Time_Iter|  Inner_Iter|    rms[Rho]|   rms[RhoE]|      rms[k]|      rms[w]|
+-----------------------------------------------------------------------------+
|        3465|           0|   -1.512507|    4.400026|    2.310826|    5.604237|
|        3465|          25|   -5.197685|    1.662208|   -0.683543|    5.672533|
|        3465|          29|   -5.232192|    1.650296|   -0.771928|    5.681510|
+-----------------------------------------------------------------------------+
|   Time_Iter|  Inner_Iter|    rms[Rho]|   rms[RhoE]|      rms[k]|      rms[w]|
+-----------------------------------------------------------------------------+
|        3466|           0|   -1.512484|    4.400354|    2.310796|    5.689354|
|        3466|          25|   -5.179146|    1.690432|   -0.673724|    5.758082|
|        3466|          29|   -5.208572|    1.682946|   -0.761590|    5.764550|
+-----------------------------------------------------------------------------+
|   Time_Iter|  Inner_Iter|    rms[Rho]|   rms[RhoE]|      rms[k]|      rms[w]|
+-----------------------------------------------------------------------------+
|        3467|           0|   -1.512459|    4.400723|    2.310774|    5.771708|
|        3467|          25|   -5.156078|    1.725806|   -0.668004|    5.817879|
|        3467|          29|   -5.181451|    1.720006|   -0.757373|    5.819548|
+-----------------------------------------------------------------------------+
|   Time_Iter|  Inner_Iter|    rms[Rho]|   rms[RhoE]|      rms[k]|      rms[w]|
+-----------------------------------------------------------------------------+
|        3468|           0|   -1.512435|    4.401033|    2.310747|    5.826394|
|        3468|          25|   -5.138322|    1.753071|   -0.667040|    5.834265|
|        3468|          29|   -5.162289|    1.746400|   -0.758445|    5.829075|
+-----------------------------------------------------------------------------+
|   Time_Iter|  Inner_Iter|    rms[Rho]|   rms[RhoE]|      rms[k]|      rms[w]|
+-----------------------------------------------------------------------------+
|        3469|           0|   -1.512411|    4.401295|    2.310727|    5.835807|
|        3469|          25|   -5.132714|    1.763296|   -0.669860|    5.802835|
|        3469|          29|   -5.157566|    1.754350|   -0.763262|    5.791924|
+-----------------------------------------------------------------------------+
|   Time_Iter|  Inner_Iter|    rms[Rho]|   rms[RhoE]|      rms[k]|      rms[w]|
+-----------------------------------------------------------------------------+
|        3470|           0|   -1.512388|    4.401457|    2.310723|    5.799379|
|        3470|          25|   -5.138980|    1.756633|   -0.674752|    5.737356|
|        3470|          29|   -5.166149|    1.744944|   -0.770032|    5.723476|
+-----------------------------------------------------------------------+
|        File Writing Summary       |              Filename             |
+-----------------------------------------------------------------------+
|Paraview ASCII surface             |wall_npr20_production_cfl2_i30_from520_03470.vtk|
|CSV file                           |wall_npr20_production_cfl2_i30_from520_03470.csv|
+-----------------------------------------------------------------------+
+-----------------------------------------------------------------------------+
|   Time_Iter|  Inner_Iter|    rms[Rho]|   rms[RhoE]|      rms[k]|      rms[w]|
+-----------------------------------------------------------------------------+
|        3471|           0|   -1.512365|    4.401572|    2.310733|    5.732448|
|        3471|          25|   -5.154293|    1.736392|   -0.680607|    5.654472|
|        3471|          29|   -5.183885|    1.722727|   -0.777539|    5.640670|
+-----------------------------------------------------------------------------+
|   Time_Iter|  Inner_Iter|    rms[Rho]|   rms[RhoE]|      rms[k]|      rms[w]|
+-----------------------------------------------------------------------------+
|        3472|           0|   -1.512342|    4.401694|    2.310746|    5.651474|
|        3472|          25|   -5.173698|    1.708369|   -0.685584|    5.596088|
|        3472|          29|   -5.206999|    1.691942|   -0.783383|    5.587337|
+-----------------------------------------------------------------------------+
|   Time_Iter|  Inner_Iter|    rms[Rho]|   rms[RhoE]|      rms[k]|      rms[w]|
+-----------------------------------------------------------------------------+
|        3473|           0|   -1.512319|    4.401770|    2.310753|    5.599227|
|        3473|          25|   -5.194695|    1.675670|   -0.687247|    5.569789|
|        3473|          29|   -5.231842|    1.656720|   -0.783975|    5.565187|
+-----------------------------------------------------------------------------+
|   Time_Iter|  Inner_Iter|    rms[Rho]|   rms[RhoE]|      rms[k]|      rms[w]|
+-----------------------------------------------------------------------------+
|        3474|           0|   -1.512297|    4.401810|    2.310759|    5.575067|
|        3474|          25|   -5.207445|    1.653842|   -0.683238|    5.578075|
|        3474|          29|   -5.244586|    1.636888|   -0.776856|    5.582484|
+-----------------------------------------------------------------------------+
|   Time_Iter|  Inner_Iter|    rms[Rho]|   rms[RhoE]|      rms[k]|      rms[w]|
+-----------------------------------------------------------------------------+
|        3475|           0|   -1.512275|    4.401872|    2.310754|    5.591491|
|        3475|          25|   -5.204774|    1.656463|   -0.674694|    5.655449|
|        3475|          29|   -5.238926|    1.643846|   -0.765230|    5.664293|
+-----------------------------------------------------------------------------+
|   Time_Iter|  Inner_Iter|    rms[Rho]|   rms[RhoE]|      rms[k]|      rms[w]|
+-----------------------------------------------------------------------------+
|        3476|           0|   -1.512252|    4.401922|    2.310750|    5.672281|
|        3476|          25|   -5.188074|    1.681977|   -0.665538|    5.742269|
|        3476|          29|   -5.217083|    1.674041|   -0.755082|    5.749160|
+-----------------------------------------------------------------------------+
|   Time_Iter|  Inner_Iter|    rms[Rho]|   rms[RhoE]|      rms[k]|      rms[w]|
+-----------------------------------------------------------------------------+
|        3477|           0|   -1.512230|    4.401966|    2.310749|    5.756382|
|        3477|          25|   -5.164664|    1.717249|   -0.659883|    5.806145|
|        3477|          29|   -5.189520|    1.711412|   -0.750479|    5.808812|
+-----------------------------------------------------------------------------+
|   Time_Iter|  Inner_Iter|    rms[Rho]|   rms[RhoE]|      rms[k]|      rms[w]|
+-----------------------------------------------------------------------------+
|        3478|           0|   -1.512206|    4.402101|    2.310751|    5.815752|
|        3478|          25|   -5.145147|    1.746426|   -0.658753|    5.830323|
|        3478|          29|   -5.168423|    1.740057|   -0.751170|    5.826175|
+-----------------------------------------------------------------------------+
|   Time_Iter|  Inner_Iter|    rms[Rho]|   rms[RhoE]|      rms[k]|      rms[w]|
+-----------------------------------------------------------------------------+
|        3479|           0|   -1.512182|    4.402262|    2.310768|    5.832893|
|        3479|          25|   -5.137065|    1.759624|   -0.661104|    5.806260|
|        3479|          29|   -5.161159|    1.751104|   -0.755173|    5.796280|
+-----------------------------------------------------------------------------+
|   Time_Iter|  Inner_Iter|    rms[Rho]|   rms[RhoE]|      rms[k]|      rms[w]|
+-----------------------------------------------------------------------------+
|        3480|           0|   -1.512157|    4.402416|    2.310790|    5.803600|
|        3480|          25|   -5.141136|    1.755788|   -0.665814|    5.745823|
|        3480|          29|   -5.167473|    1.744627|   -0.761592|    5.732410|
+-----------------------------------------------------------------------+
|        File Writing Summary       |              Filename             |
+-----------------------------------------------------------------------+
|Paraview ASCII surface             |wall_npr20_production_cfl2_i30_from520_03480.vtk|
|CSV file                           |wall_npr20_production_cfl2_i30_from520_03480.csv|
+-----------------------------------------------------------------------+
+-----------------------------------------------------------------------------+
|   Time_Iter|  Inner_Iter|    rms[Rho]|   rms[RhoE]|      rms[k]|      rms[w]|
+-----------------------------------------------------------------------------+
|        3481|           0|   -1.512133|    4.402500|    2.310822|    5.741127|
|        3481|          25|   -5.155749|    1.736815|   -0.671649|    5.665439|
|        3481|          29|   -5.184595|    1.723630|   -0.768857|    5.650959|
+-----------------------------------------------------------------------------+
|   Time_Iter|  Inner_Iter|    rms[Rho]|   rms[RhoE]|      rms[k]|      rms[w]|
+-----------------------------------------------------------------------------+
|        3482|           0|   -1.512111|    4.402388|    2.310852|    5.661323|
|        3482|          25|   -5.174144|    1.710595|   -0.677046|    5.601137|
|        3482|          29|   -5.206687|    1.694529|   -0.775106|    5.591648|
+-----------------------------------------------------------------------------+
|   Time_Iter|  Inner_Iter|    rms[Rho]|   rms[RhoE]|      rms[k]|      rms[w]|
+-----------------------------------------------------------------------------+
|        3483|           0|   -1.512093|    4.402018|    2.310885|    5.603353|
|        3483|          25|   -5.194731|    1.679267|   -0.679825|    5.565151|
|        3483|          29|   -5.231547|    1.659832|   -0.777087|    5.563485|
+-----------------------------------------------------------------------------+
|   Time_Iter|  Inner_Iter|    rms[Rho]|   rms[RhoE]|      rms[k]|      rms[w]|
+-----------------------------------------------------------------------------+
|        3484|           0|   -1.512074|    4.401668|    2.310913|    5.574547|
|        3484|          25|   -5.210996|    1.652699|   -0.677677|    5.567191|
|        3484|          29|   -5.247948|    1.635286|   -0.772131|    5.569470|
+-----------------------------------------------------------------------------+
|   Time_Iter|  Inner_Iter|    rms[Rho]|   rms[RhoE]|      rms[k]|      rms[w]|
+-----------------------------------------------------------------------------+
|        3485|           0|   -1.512055|    4.401379|    2.310944|    5.578556|
|        3485|          25|   -5.211230|    1.650726|   -0.670784|    5.635573|
|        3485|          29|   -5.245649|    1.637284|   -0.761995|    5.644105|
+-----------------------------------------------------------------------------+
|   Time_Iter|  Inner_Iter|    rms[Rho]|   rms[RhoE]|      rms[k]|      rms[w]|
+-----------------------------------------------------------------------------+
|        3486|           0|   -1.512035|    4.401129|    2.310980|    5.652288|
|        3486|          25|   -5.196769|    1.672535|   -0.662561|    5.723163|
|        3486|          29|   -5.226165|    1.663979|   -0.752214|    5.730543|
+-----------------------------------------------------------------------------+
|   Time_Iter|  Inner_Iter|    rms[Rho]|   rms[RhoE]|      rms[k]|      rms[w]|
+-----------------------------------------------------------------------------+
|        3487|           0|   -1.512015|    4.400928|    2.311013|    5.737874|
|        3487|          25|   -5.173636|    1.707181|   -0.657041|    5.791798|
|        3487|          29|   -5.198544|    1.701274|   -0.747263|    5.795127|
+-----------------------------------------------------------------------------+
|   Time_Iter|  Inner_Iter|    rms[Rho]|   rms[RhoE]|      rms[k]|      rms[w]|
+-----------------------------------------------------------------------------+
|        3488|           0|   -1.511993|    4.400759|    2.311040|    5.802183|
|        3488|          25|   -5.152427|    1.738386|   -0.655884|    5.824921|
|        3488|          29|   -5.175351|    1.732361|   -0.747572|    5.822033|
+-----------------------------------------------------------------------------+
|   Time_Iter|  Inner_Iter|    rms[Rho]|   rms[RhoE]|      rms[k]|      rms[w]|
+-----------------------------------------------------------------------------+
|        3489|           0|   -1.511971|    4.400625|    2.311064|    5.828749|
|        3489|          25|   -5.141647|    1.755131|   -0.658380|    5.810070|
|        3489|          29|   -5.165068|    1.747147|   -0.751506|    5.801021|
+-----------------------------------------------------------------------------+
|   Time_Iter|  Inner_Iter|    rms[Rho]|   rms[RhoE]|      rms[k]|      rms[w]|
+-----------------------------------------------------------------------------+
|        3490|           0|   -1.511949|    4.400505|    2.311094|    5.808184|
|        3490|          25|   -5.143310|    1.754652|   -0.663222|    5.755988|
|        3490|          29|   -5.168652|    1.744195|   -0.757648|    5.743171|
+-----------------------------------------------------------------------+
|        File Writing Summary       |              Filename             |
+-----------------------------------------------------------------------+
|Paraview ASCII surface             |wall_npr20_production_cfl2_i30_from520_03490.vtk|
|CSV file                           |wall_npr20_production_cfl2_i30_from520_03490.csv|
+-----------------------------------------------------------------------+
+-----------------------------------------------------------------------------+
|   Time_Iter|  Inner_Iter|    rms[Rho]|   rms[RhoE]|      rms[k]|      rms[w]|
+-----------------------------------------------------------------------------+
|        3491|           0|   -1.511926|    4.400417|    2.311136|    5.751572|
|        3491|          25|   -5.156532|    1.737840|   -0.669496|    5.679690|
|        3491|          29|   -5.184766|    1.724892|   -0.765169|    5.665003|
+-----------------------------------------------------------------------------+
|   Time_Iter|  Inner_Iter|    rms[Rho]|   rms[RhoE]|      rms[k]|      rms[w]|
+-----------------------------------------------------------------------------+
|        3492|           0|   -1.511902|    4.400371|    2.311181|    5.674847|
|        3492|          25|   -5.173320|    1.714026|   -0.675843|    5.606379|
|        3492|          29|   -5.204996|    1.698357|   -0.772267|    5.597769|
+-----------------------------------------------------------------------------+
|   Time_Iter|  Inner_Iter|    rms[Rho]|   rms[RhoE]|      rms[k]|      rms[w]|
+-----------------------------------------------------------------------------+
|        3493|           0|   -1.511878|    4.400333|    2.311216|    5.609794|
|        3493|          25|   -5.194108|    1.682874|   -0.680295|    5.568333|
|        3493|          29|   -5.229172|    1.665035|   -0.776202|    5.561018|
+-----------------------------------------------------------------------------+
|   Time_Iter|  Inner_Iter|    rms[Rho]|   rms[RhoE]|      rms[k]|      rms[w]|
+-----------------------------------------------------------------------------+
|        3494|           0|   -1.511853|    4.400315|    2.311245|    5.571800|
|        3494|          25|   -5.212531|    1.653029|   -0.680292|    5.559186|
|        3494|          29|   -5.249586|    1.635180|   -0.773609|    5.558486|
+-----------------------------------------------------------------------------+
|   Time_Iter|  Inner_Iter|    rms[Rho]|   rms[RhoE]|      rms[k]|      rms[w]|
+-----------------------------------------------------------------------------+
|        3495|           0|   -1.511828|    4.400329|    2.311277|    5.567650|
|        3495|          25|   -5.215828|    1.645666|   -0.675326|    5.613509|
|        3495|          29|   -5.251185|    1.631262|   -0.765228|    5.621407|
+-----------------------------------------------------------------------------+
|   Time_Iter|  Inner_Iter|    rms[Rho]|   rms[RhoE]|      rms[k]|      rms[w]|
+-----------------------------------------------------------------------------+
|        3496|           0|   -1.511802|    4.400323|    2.311307|    5.629829|
|        3496|          25|   -5.204123|    1.662539|   -0.668161|    5.700631|
|        3496|          29|   -5.234890|    1.653130|   -0.755966|    5.708439|
+-----------------------------------------------------------------------------+
|   Time_Iter|  Inner_Iter|    rms[Rho]|   rms[RhoE]|      rms[k]|      rms[w]|
+-----------------------------------------------------------------------------+
|        3497|           0|   -1.511777|    4.400312|    2.311346|    5.715903|
|        3497|          25|   -5.182079|    1.695687|   -0.662883|    5.774672|
|        3497|          29|   -5.207995|    1.689524|   -0.750725|    5.778895|
+-----------------------------------------------------------------------------+
|   Time_Iter|  Inner_Iter|    rms[Rho]|   rms[RhoE]|      rms[k]|      rms[w]|
+-----------------------------------------------------------------------------+
|        3498|           0|   -1.511749|    4.400352|    2.311396|    5.785889|
|        3498|          25|   -5.159658|    1.728786|   -0.661760|    5.817085|
|        3498|          29|   -5.182900|    1.723057|   -0.750793|    5.815664|
+-----------------------------------------------------------------------------+
|   Time_Iter|  Inner_Iter|    rms[Rho]|   rms[RhoE]|      rms[k]|      rms[w]|
+-----------------------------------------------------------------------------+
|        3499|           0|   -1.511721|    4.400494|    2.311452|    5.822405|
|        3499|          25|   -5.145895|    1.749520|   -0.664546|    5.813138|
|        3499|          29|   -5.169097|    1.742146|   -0.754846|    5.805514|
+-----------------------------------------------------------------------+
|        File Writing Summary       |              Filename             |
+-----------------------------------------------------------------------+
|SU2 binary restart                 |restart_npr20_production_cfl2_i30_from520_03499.dat|
+-----------------------------------------------------------------------+
+-----------------------------------------------------------------------------+
|   Time_Iter|  Inner_Iter|    rms[Rho]|   rms[RhoE]|      rms[k]|      rms[w]|
+-----------------------------------------------------------------------------+
|        3500|           0|   -1.511691|    4.400698|    2.311490|    5.812502|
|        3500|          25|   -5.144782|    1.752854|   -0.669945|    5.766884|
|        3500|          29|   -5.169520|    1.743218|   -0.761296|    5.755064|
+-----------------------------------------------------------------------+
|        File Writing Summary       |              Filename             |
+-----------------------------------------------------------------------+
|SU2 binary restart                 |restart_npr20_production_cfl2_i30_from520_03500.dat|
|Paraview ASCII                     |flow_npr20_production_cfl2_i30_from520_03500.vtk|
|Paraview ASCII surface             |wall_npr20_production_cfl2_i30_from520_03500.vtk|
|CSV file                           |wall_npr20_production_cfl2_i30_from520_03500.csv|
+-----------------------------------------------------------------------+
+-----------------------------------------------------------------------------+
|   Time_Iter|  Inner_Iter|    rms[Rho]|   rms[RhoE]|      rms[k]|      rms[w]|
+-----------------------------------------------------------------------------+
|        3501|           0|   -1.511663|    4.400865|    2.311528|    5.763189|
|        3501|          25|   -5.155163|    1.739940|   -0.677091|    5.695502|
|        3501|          29|   -5.183011|    1.727316|   -0.769496|    5.681475|
+-----------------------------------------------------------------------------+
|   Time_Iter|  Inner_Iter|    rms[Rho]|   rms[RhoE]|      rms[k]|      rms[w]|
+-----------------------------------------------------------------------------+
|        3502|           0|   -1.511634|    4.401070|    2.311579|    5.691101|
|        3502|          25|   -5.171031|    1.717743|   -0.684808|    5.617343|
|        3502|          29|   -5.201532|    1.703213|   -0.777867|    5.605737|
+-----------------------------------------------------------------------------+
|   Time_Iter|  Inner_Iter|    rms[Rho]|   rms[RhoE]|      rms[k]|      rms[w]|
+-----------------------------------------------------------------------------+
|        3503|           0|   -1.511605|    4.401307|    2.311640|    5.617084|
|        3503|          25|   -5.191320|    1.687627|   -0.691092|    5.573789|
|        3503|          29|   -5.225642|    1.670479|   -0.783897|    5.565859|
+-----------------------------------------------------------------------------+
|   Time_Iter|  Inner_Iter|    rms[Rho]|   rms[RhoE]|      rms[k]|      rms[w]|
+-----------------------------------------------------------------------------+
|        3504|           0|   -1.511578|    4.401494|    2.311689|    5.577023|
|        3504|          25|   -5.211276|    1.655589|   -0.693521|    5.556771|
|        3504|          29|   -5.248586|    1.637296|   -0.784085|    5.552490|
+-----------------------------------------------------------------------------+
|   Time_Iter|  Inner_Iter|    rms[Rho]|   rms[RhoE]|      rms[k]|      rms[w]|
+-----------------------------------------------------------------------------+
|        3505|           0|   -1.511551|    4.401621|    2.311730|    5.561673|
|        3505|          25|   -5.218104|    1.642059|   -0.690580|    5.590477|
|        3505|          29|   -5.254561|    1.626588|   -0.777702|    5.597176|
+-----------------------------------------------------------------------------+
|   Time_Iter|  Inner_Iter|    rms[Rho]|   rms[RhoE]|      rms[k]|      rms[w]|
+-----------------------------------------------------------------------------+
|        3506|           0|   -1.511525|    4.401691|    2.311774|    5.605873|
|        3506|          25|   -5.210292|    1.652832|   -0.684350|    5.674310|
|        3506|          29|   -5.242754|    1.642153|   -0.768897|    5.682655|
+-----------------------------------------------------------------------------+
|   Time_Iter|  Inner_Iter|    rms[Rho]|   rms[RhoE]|      rms[k]|      rms[w]|
+-----------------------------------------------------------------------------+
|        3507|           0|   -1.511499|    4.401653|    2.311829|    5.690351|
|        3507|          25|   -5.190107|    1.683134|   -0.678910|    5.753446|
|        3507|          29|   -5.217480|    1.676401|   -0.763057|    5.758851|
+-----------------------------------------------------------------------------+
|   Time_Iter|  Inner_Iter|    rms[Rho]|   rms[RhoE]|      rms[k]|      rms[w]|
+-----------------------------------------------------------------------------+
|        3508|           0|   -1.511474|    4.401595|    2.311887|    5.765964|
|        3508|          25|   -5.166593|    1.717581|   -0.677352|    5.805310|
|        3508|          29|   -5.190736|    1.711970|   -0.762535|    5.805796|
+-----------------------------------------------------------------------------+
|   Time_Iter|  Inner_Iter|    rms[Rho]|   rms[RhoE]|      rms[k]|      rms[w]|
+-----------------------------------------------------------------------------+
|        3509|           0|   -1.511449|    4.401494|    2.311955|    5.812654|
|        3509|          25|   -5.149858|    1.742396|   -0.680015|    5.814073|
|        3509|          29|   -5.173318|    1.735612|   -0.766486|    5.808083|
+-----------------------------------------------------------------------------+
|   Time_Iter|  Inner_Iter|    rms[Rho]|   rms[RhoE]|      rms[k]|      rms[w]|
+-----------------------------------------------------------------------------+
|        3510|           0|   -1.511425|    4.401374|    2.312033|    5.814955|
|        3510|          25|   -5.145196|    1.750383|   -0.685717|    5.778747|
|        3510|          29|   -5.170083|    1.741287|   -0.773214|    5.767533|
+-----------------------------------------------------------------------+
|        File Writing Summary       |              Filename             |
+-----------------------------------------------------------------------+
|Paraview ASCII surface             |wall_npr20_production_cfl2_i30_from520_03510.vtk|
|CSV file                           |wall_npr20_production_cfl2_i30_from520_03510.csv|
+-----------------------------------------------------------------------+
+-----------------------------------------------------------------------------+
|   Time_Iter|  Inner_Iter|    rms[Rho]|   rms[RhoE]|      rms[k]|      rms[w]|
+-----------------------------------------------------------------------------+
|        3511|           0|   -1.511400|    4.401351|    2.312115|    5.775205|
|        3511|          25|   -5.151746|    1.742209|   -0.693396|    5.713255|
|        3511|          29|   -5.179447|    1.730349|   -0.781927|    5.699649|
+-----------------------------------------------------------------------------+
|   Time_Iter|  Inner_Iter|    rms[Rho]|   rms[RhoE]|      rms[k]|      rms[w]|
+-----------------------------------------------------------------------------+
|        3512|           0|   -1.511374|    4.401341|    2.312194|    5.708833|
|        3512|          25|   -5.166889|    1.721616|   -0.702004|    5.633890|
|        3512|          29|   -5.197229|    1.707824|   -0.791329|    5.621048|
+-----------------------------------------------------------------------------+
|   Time_Iter|  Inner_Iter|    rms[Rho]|   rms[RhoE]|      rms[k]|      rms[w]|
+-----------------------------------------------------------------------------+
|        3513|           0|   -1.511349|    4.401323|    2.312263|    5.631984|
|        3513|          25|   -5.185977|    1.693502|   -0.709770|    5.580417|
|        3513|          29|   -5.220068|    1.677052|   -0.799183|    5.572547|
+-----------------------------------------------------------------------------+
|   Time_Iter|  Inner_Iter|    rms[Rho]|   rms[RhoE]|      rms[k]|      rms[w]|
+-----------------------------------------------------------------------------+
|        3514|           0|   -1.511324|    4.401285|    2.312334|    5.584264|
|        3514|          25|   -5.206348|    1.661053|   -0.714201|    5.558059|
|        3514|          29|   -5.244188|    1.642358|   -0.801934|    5.552934|
+-----------------------------------------------------------------------------+
|   Time_Iter|  Inner_Iter|    rms[Rho]|   rms[RhoE]|      rms[k]|      rms[w]|
+-----------------------------------------------------------------------------+
|        3515|           0|   -1.511299|    4.401302|    2.312396|    5.562562|
|        3515|          25|   -5.217612|    1.640713|   -0.712878|    5.568663|
|        3515|          29|   -5.255403|    1.624106|   -0.797305|    5.573178|
+-----------------------------------------------------------------------------+
|   Time_Iter|  Inner_Iter|    rms[Rho]|   rms[RhoE]|      rms[k]|      rms[w]|
+-----------------------------------------------------------------------------+
|        3516|           0|   -1.511275|    4.401290|    2.312471|    5.582149|
|        3516|          25|   -5.214017|    1.644321|   -0.706267|    5.644573|
|        3516|          29|   -5.248685|    1.632099|   -0.787458|    5.652935|
+-----------------------------------------------------------------------------+
|   Time_Iter|  Inner_Iter|    rms[Rho]|   rms[RhoE]|      rms[k]|      rms[w]|
+-----------------------------------------------------------------------------+
|        3517|           0|   -1.511250|    4.401258|    2.312544|    5.660911|
|        3517|          25|   -5.196833|    1.669996|   -0.700452|    5.727694|
|        3517|          29|   -5.226456|    1.662290|   -0.781135|    5.734096|
+-----------------------------------------------------------------------------+
|   Time_Iter|  Inner_Iter|    rms[Rho]|   rms[RhoE]|      rms[k]|      rms[w]|
+-----------------------------------------------------------------------------+
|        3518|           0|   -1.511225|    4.401199|    2.312632|    5.741343|
|        3518|          25|   -5.173512|    1.704761|   -0.697303|    5.788291|
|        3518|          29|   -5.199158|    1.699000|   -0.778980|    5.790715|
+-----------------------------------------------------------------------------+
|   Time_Iter|  Inner_Iter|    rms[Rho]|   rms[RhoE]|      rms[k]|      rms[w]|
+-----------------------------------------------------------------------------+
|        3519|           0|   -1.511201|    4.401161|    2.312729|    5.797724|
|        3519|          25|   -5.154038|    1.733438|   -0.698626|    5.811759|
|        3519|          29|   -5.178240|    1.727112|   -0.781798|    5.807656|
+-----------------------------------------------------------------------------+
|   Time_Iter|  Inner_Iter|    rms[Rho]|   rms[RhoE]|      rms[k]|      rms[w]|
+-----------------------------------------------------------------------------+
|        3520|           0|   -1.511176|    4.401124|    2.312828|    5.814454|
|        3520|          25|   -5.145415|    1.746922|   -0.703490|    5.789551|
|        3520|          29|   -5.170491|    1.738486|   -0.787913|    5.779831|
+-----------------------------------------------------------------------+
|        File Writing Summary       |              Filename             |
+-----------------------------------------------------------------------+
|Paraview ASCII surface             |wall_npr20_production_cfl2_i30_from520_03520.vtk|
|CSV file                           |wall_npr20_production_cfl2_i30_from520_03520.csv|
+-----------------------------------------------------------------------+
+-----------------------------------------------------------------------------+
|   Time_Iter|  Inner_Iter|    rms[Rho]|   rms[RhoE]|      rms[k]|      rms[w]|
+-----------------------------------------------------------------------------+
|        3521|           0|   -1.511151|    4.401043|    2.312937|    5.787193|
|        3521|          25|   -5.148732|    1.743821|   -0.710551|    5.732070|
|        3521|          29|   -5.176006|    1.732817|   -0.796089|    5.719086|
+-----------------------------------------------------------------------------+
|   Time_Iter|  Inner_Iter|    rms[Rho]|   rms[RhoE]|      rms[k]|      rms[w]|
+-----------------------------------------------------------------------------+
|        3522|           0|   -1.511127|    4.400872|    2.313053|    5.727780|
|        3522|          25|   -5.162435|    1.725494|   -0.718923|    5.655865|
|        3522|          29|   -5.192401|    1.712428|   -0.805532|    5.641606|
+-----------------------------------------------------------------------------+
|   Time_Iter|  Inner_Iter|    rms[Rho]|   rms[RhoE]|      rms[k]|      rms[w]|
+-----------------------------------------------------------------------------+
|        3523|           0|   -1.511102|    4.400723|    2.313157|    5.651816|
|        3523|          25|   -5.178939|    1.700798|   -0.727017|    5.590881|
|        3523|          29|   -5.212779|    1.684827|   -0.814139|    5.582012|
+-----------------------------------------------------------------------------+
|   Time_Iter|  Inner_Iter|    rms[Rho]|   rms[RhoE]|      rms[k]|      rms[w]|
+-----------------------------------------------------------------------------+
|        3524|           0|   -1.511076|    4.400658|    2.313261|    5.593765|
|        3524|          25|   -5.198325|    1.669989|   -0.732439|    5.555668|
|        3524|          29|   -5.236150|    1.651320|   -0.818650|    5.550784|
+-----------------------------------------------------------------------------+
|   Time_Iter|  Inner_Iter|    rms[Rho]|   rms[RhoE]|      rms[k]|      rms[w]|
+-----------------------------------------------------------------------------+
|        3525|           0|   -1.511050|    4.400657|    2.313356|    5.562516|
|        3525|          25|   -5.214132|    1.642277|   -0.732270|    5.552649|
|        3525|          29|   -5.253394|    1.624587|   -0.815635|    5.553434|
+-----------------------------------------------------------------------------+
|   Time_Iter|  Inner_Iter|    rms[Rho]|   rms[RhoE]|      rms[k]|      rms[w]|
+-----------------------------------------------------------------------------+
|        3526|           0|   -1.511023|    4.400705|    2.313428|    5.562547|
|        3526|          25|   -5.215075|    1.637884|   -0.726312|    5.612708|
|        3526|          29|   -5.252455|    1.623859|   -0.806557|    5.620550|
+-----------------------------------------------------------------------------+
|   Time_Iter|  Inner_Iter|    rms[Rho]|   rms[RhoE]|      rms[k]|      rms[w]|
+-----------------------------------------------------------------------------+
|        3527|           0|   -1.510996|    4.400756|    2.313507|    5.628863|
|        3527|          25|   -5.202357|    1.656885|   -0.718215|    5.697345|
|        3527|          29|   -5.235005|    1.647733|   -0.797134|    5.704594|
+-----------------------------------------------------------------------------+
|   Time_Iter|  Inner_Iter|    rms[Rho]|   rms[RhoE]|      rms[k]|      rms[w]|
+-----------------------------------------------------------------------------+
|        3528|           0|   -1.510968|    4.400806|    2.313597|    5.712022|
|        3528|          25|   -5.180561|    1.690227|   -0.712531|    5.766832|
|        3528|          29|   -5.208474|    1.683993|   -0.792268|    5.770394|
+-----------------------------------------------------------------------------+
|   Time_Iter|  Inner_Iter|    rms[Rho]|   rms[RhoE]|      rms[k]|      rms[w]|
+-----------------------------------------------------------------------------+
|        3529|           0|   -1.510940|    4.400905|    2.313693|    5.777398|
|        3529|          25|   -5.159398|    1.722137|   -0.711402|    5.804570|
|        3529|          29|   -5.184801|    1.716101|   -0.792840|    5.802574|
+-----------------------------------------------------------------------------+
|   Time_Iter|  Inner_Iter|    rms[Rho]|   rms[RhoE]|      rms[k]|      rms[w]|
+-----------------------------------------------------------------------------+
|        3530|           0|   -1.510910|    4.401042|    2.313792|    5.809364|
|        3530|          25|   -5.146928|    1.741387|   -0.714317|    5.797335|
|        3530|          29|   -5.172346|    1.733671|   -0.797298|    5.789461|
+-----------------------------------------------------------------------+
|        File Writing Summary       |              Filename             |
+-----------------------------------------------------------------------+
|Paraview ASCII surface             |wall_npr20_production_cfl2_i30_from520_03530.vtk|
|CSV file                           |wall_npr20_production_cfl2_i30_from520_03530.csv|
+-----------------------------------------------------------------------+
+-----------------------------------------------------------------------------+
|   Time_Iter|  Inner_Iter|    rms[Rho]|   rms[RhoE]|      rms[k]|      rms[w]|
+-----------------------------------------------------------------------------+
|        3531|           0|   -1.510879|    4.401219|    2.313904|    5.796564|
|        3531|          25|   -5.146326|    1.743817|   -0.719749|    5.750423|
|        3531|          29|   -5.173397|    1.733795|   -0.804040|    5.738673|
+-----------------------------------------------------------------------------+
|   Time_Iter|  Inner_Iter|    rms[Rho]|   rms[RhoE]|      rms[k]|      rms[w]|
+-----------------------------------------------------------------------------+
|        3532|           0|   -1.510848|    4.401409|    2.314021|    5.746923|
|        3532|          25|   -5.156562|    1.730475|   -0.726862|    5.680409|
|        3532|          29|   -5.186839|    1.717473|   -0.812421|    5.666691|
+-----------------------------------------------------------------------------+
|   Time_Iter|  Inner_Iter|    rms[Rho]|   rms[RhoE]|      rms[k]|      rms[w]|
+-----------------------------------------------------------------------------+
|        3533|           0|   -1.510817|    4.401535|    2.314144|    5.676399|
|        3533|          25|   -5.171724|    1.708409|   -0.734366|    5.605380|
|        3533|          29|   -5.204741|    1.693539|   -0.820852|    5.594047|
+-----------------------------------------------------------------------------+
|   Time_Iter|  Inner_Iter|    rms[Rho]|   rms[RhoE]|      rms[k]|      rms[w]|
+-----------------------------------------------------------------------------+
|        3534|           0|   -1.510787|    4.401593|    2.314269|    5.605370|
|        3534|          25|   -5.190828|    1.678736|   -0.739894|    5.563780|
|        3534|          29|   -5.227785|    1.661243|   -0.826342|    5.556034|
+-----------------------------------------------------------------------------+
|   Time_Iter|  Inner_Iter|    rms[Rho]|   rms[RhoE]|      rms[k]|      rms[w]|
+-----------------------------------------------------------------------------+
|        3535|           0|   -1.510757|    4.401556|    2.314394|    5.567145|
|        3535|          25|   -5.209502|    1.647313|   -0.740878|    5.547891|
|        3535|          29|   -5.249487|    1.628699|   -0.825293|    5.543681|
+-----------------------------------------------------------------------------+
|   Time_Iter|  Inner_Iter|    rms[Rho]|   rms[RhoE]|      rms[k]|      rms[w]|
+-----------------------------------------------------------------------------+
|        3536|           0|   -1.510727|    4.401607|    2.314519|    5.552845|
|        3536|          25|   -5.215756|    1.634162|   -0.735664|    5.580959|
|        3536|          29|   -5.254953|    1.618342|   -0.817014|    5.587356|
+-----------------------------------------------------------------------------+
|   Time_Iter|  Inner_Iter|    rms[Rho]|   rms[RhoE]|      rms[k]|      rms[w]|
+-----------------------------------------------------------------------------+
|        3537|           0|   -1.510696|    4.401754|    2.314648|    5.596058|
|        3537|          25|   -5.208383|    1.644700|   -0.726851|    5.662315|
|        3537|          29|   -5.243658|    1.633603|   -0.806289|    5.670309|
+-----------------------------------------------------------------------------+
|   Time_Iter|  Inner_Iter|    rms[Rho]|   rms[RhoE]|      rms[k]|      rms[w]|
+-----------------------------------------------------------------------------+
|        3538|           0|   -1.510664|    4.401967|    2.314788|    5.678044|
|        3538|          25|   -5.189098|    1.674281|   -0.718978|    5.739348|
|        3538|          29|   -5.219431|    1.667100|   -0.798723|    5.744565|
+-----------------------------------------------------------------------------+
|   Time_Iter|  Inner_Iter|    rms[Rho]|   rms[RhoE]|      rms[k]|      rms[w]|
+-----------------------------------------------------------------------------+
|        3539|           0|   -1.510632|    4.402159|    2.314911|    5.751718|
|        3539|          25|   -5.166499|    1.708165|   -0.715301|    5.790296|
|        3539|          29|   -5.193567|    1.702156|   -0.796728|    5.790880|
+-----------------------------------------------------------------------------+
|   Time_Iter|  Inner_Iter|    rms[Rho]|   rms[RhoE]|      rms[k]|      rms[w]|
+-----------------------------------------------------------------------------+
|        3540|           0|   -1.510603|    4.402094|    2.315032|    5.797804|
|        3540|          25|   -5.150187|    1.732979|   -0.715922|    5.800539|
|        3540|          29|   -5.176498|    1.725908|   -0.799093|    5.794845|
+-----------------------------------------------------------------------+
|        File Writing Summary       |              Filename             |
+-----------------------------------------------------------------------+
|Paraview ASCII surface             |wall_npr20_production_cfl2_i30_from520_03540.vtk|
|CSV file                           |wall_npr20_production_cfl2_i30_from520_03540.csv|
+-----------------------------------------------------------------------+
+-----------------------------------------------------------------------------+
|   Time_Iter|  Inner_Iter|    rms[Rho]|   rms[RhoE]|      rms[k]|      rms[w]|
+-----------------------------------------------------------------------------+
|        3541|           0|   -1.510573|    4.402063|    2.315156|    5.801761|
|        3541|          25|   -5.145219|    1.741769|   -0.719578|    5.768213|
|        3541|          29|   -5.172750|    1.732434|   -0.804242|    5.757404|
+-----------------------------------------------------------------------------+
|   Time_Iter|  Inner_Iter|    rms[Rho]|   rms[RhoE]|      rms[k]|      rms[w]|
+-----------------------------------------------------------------------------+
|        3542|           0|   -1.510543|    4.402082|    2.315287|    5.765057|
|        3542|          25|   -5.151367|    1.734734|   -0.725122|    5.705740|
|        3542|          29|   -5.181331|    1.722725|   -0.811224|    5.692515|
+-----------------------------------------------------------------------------+
|   Time_Iter|  Inner_Iter|    rms[Rho]|   rms[RhoE]|      rms[k]|      rms[w]|
+-----------------------------------------------------------------------------+
|        3543|           0|   -1.510512|    4.402118|    2.315427|    5.701629|
|        3543|          25|   -5.165914|    1.714802|   -0.731677|    5.629126|
|        3543|          29|   -5.198427|    1.700857|   -0.819017|    5.616169|
+-----------------------------------------------------------------------------+
|   Time_Iter|  Inner_Iter|    rms[Rho]|   rms[RhoE]|      rms[k]|      rms[w]|
+-----------------------------------------------------------------------------+
|        3544|           0|   -1.510481|    4.402147|    2.315568|    5.626931|
|        3544|          25|   -5.183645|    1.688076|   -0.737298|    5.574299|
|        3544|          29|   -5.219934|    1.671372|   -0.825310|    5.565866|
+-----------------------------------------------------------------------------+
|   Time_Iter|  Inner_Iter|    rms[Rho]|   rms[RhoE]|      rms[k]|      rms[w]|
+-----------------------------------------------------------------------------+
|        3545|           0|   -1.510449|    4.402185|    2.315710|    5.577677|
|        3545|          25|   -5.203016|    1.656420|   -0.739700|    5.549401|
|        3545|          29|   -5.243286|    1.637176|   -0.826704|    5.545461|
+-----------------------------------------------------------------------------+
|   Time_Iter|  Inner_Iter|    rms[Rho]|   rms[RhoE]|      rms[k]|      rms[w]|
+-----------------------------------------------------------------------------+
|        3546|           0|   -1.510418|    4.402220|    2.315854|    5.555504|
|        3546|          25|   -5.215390|    1.633924|   -0.736346|    5.554108|
|        3546|          29|   -5.255982|    1.616554|   -0.820629|    5.557264|
+-----------------------------------------------------------------------------+
|   Time_Iter|  Inner_Iter|    rms[Rho]|   rms[RhoE]|      rms[k]|      rms[w]|
+-----------------------------------------------------------------------------+
|        3547|           0|   -1.510387|    4.402236|    2.316004|    5.566290|
|        3547|          25|   -5.213590|    1.634743|   -0.728335|    5.623567|
|        3547|          29|   -5.251532|    1.621462|   -0.810208|    5.631494|
+-----------------------------------------------------------------------------+
|   Time_Iter|  Inner_Iter|    rms[Rho]|   rms[RhoE]|      rms[k]|      rms[w]|
+-----------------------------------------------------------------------------+
|        3548|           0|   -1.510357|    4.402101|    2.316159|    5.639599|
|        3548|          25|   -5.198775|    1.657647|   -0.719406|    5.705435|
|        3548|          29|   -5.231774|    1.649011|   -0.800780|    5.711932|
+-----------------------------------------------------------------------------+
|   Time_Iter|  Inner_Iter|    rms[Rho]|   rms[RhoE]|      rms[k]|      rms[w]|
+-----------------------------------------------------------------------------+
|        3549|           0|   -1.510327|    4.401972|    2.316319|    5.719267|
|        3549|          25|   -5.177041|    1.691419|   -0.713628|    5.768037|
|        3549|          29|   -5.205684|    1.685132|   -0.796308|    5.770450|
+-----------------------------------------------------------------------+
|        File Writing Summary       |              Filename             |
+-----------------------------------------------------------------------+
|SU2 binary restart                 |restart_npr20_production_cfl2_i30_from520_03549.dat|
+-----------------------------------------------------------------------+
+-----------------------------------------------------------------------------+
|   Time_Iter|  Inner_Iter|    rms[Rho]|   rms[RhoE]|      rms[k]|      rms[w]|
+-----------------------------------------------------------------------------+
|        3550|           0|   -1.510298|    4.401844|    2.316486|    5.777452|
|        3550|          25|   -5.157666|    1.721038|   -0.712166|    5.797064|
|        3550|          29|   -5.184383|    1.714506|   -0.796701|    5.793866|
+-----------------------------------------------------------------------+
|        File Writing Summary       |              Filename             |
+-----------------------------------------------------------------------+
|SU2 binary restart                 |restart_npr20_production_cfl2_i30_from520_03550.dat|
|Paraview ASCII surface             |wall_npr20_production_cfl2_i30_from520_03550.vtk|
|CSV file                           |wall_npr20_production_cfl2_i30_from520_03550.csv|
+-----------------------------------------------------------------------+
+-----------------------------------------------------------------------------+
|   Time_Iter|  Inner_Iter|    rms[Rho]|   rms[RhoE]|      rms[k]|      rms[w]|
+-----------------------------------------------------------------------------+
|        3551|           0|   -1.510267|    4.401761|    2.316656|    5.800699|
|        3551|          25|   -5.147808|    1.736933|   -0.714206|    5.781892|
|        3551|          29|   -5.174953|    1.728554|   -0.800365|    5.773495|
+-----------------------------------------------------------------------------+
|   Time_Iter|  Inner_Iter|    rms[Rho]|   rms[RhoE]|      rms[k]|      rms[w]|
+-----------------------------------------------------------------------------+
|        3552|           0|   -1.510236|    4.401728|    2.316810|    5.780832|
|        3552|          25|   -5.149042|    1.736561|   -0.718454|    5.730718|
|        3552|          29|   -5.178277|    1.725748|   -0.806052|    5.718616|
+-----------------------------------------------------------------------------+
|   Time_Iter|  Inner_Iter|    rms[Rho]|   rms[RhoE]|      rms[k]|      rms[w]|
+-----------------------------------------------------------------------------+
|        3553|           0|   -1.510205|    4.401670|    2.316965|    5.727110|
|        3553|          25|   -5.160726|    1.720734|   -0.723998|    5.659509|
|        3553|          29|   -5.193390|    1.707065|   -0.813032|    5.645971|
+-----------------------------------------------------------------------------+
|   Time_Iter|  Inner_Iter|    rms[Rho]|   rms[RhoE]|      rms[k]|      rms[w]|
+-----------------------------------------------------------------------------+
|        3554|           0|   -1.510173|    4.401681|    2.317109|    5.655691|
|        3554|          25|   -5.175998|    1.698187|   -0.729562|    5.588908|
|        3554|          29|   -5.211665|    1.682424|   -0.819659|    5.579025|
+-----------------------------------------------------------------------------+
|   Time_Iter|  Inner_Iter|    rms[Rho]|   rms[RhoE]|      rms[k]|      rms[w]|
+-----------------------------------------------------------------------------+
|        3555|           0|   -1.510139|    4.401797|    2.317253|    5.591083|
|        3555|          25|   -5.195599|    1.668047|   -0.733084|    5.552511|
|        3555|          29|   -5.234801|    1.649921|   -0.823173|    5.545172|
+-----------------------------------------------------------------------------+
|   Time_Iter|  Inner_Iter|    rms[Rho]|   rms[RhoE]|      rms[k]|      rms[w]|
+-----------------------------------------------------------------------------+
|        3556|           0|   -1.510105|    4.402003|    2.317398|    5.556026|
|        3556|          25|   -5.213666|    1.638038|   -0.732231|    5.540954|
|        3556|          29|   -5.255108|    1.619441|   -0.820403|    5.538591|
+-----------------------------------------------------------------------------+
|   Time_Iter|  Inner_Iter|    rms[Rho]|   rms[RhoE]|      rms[k]|      rms[w]|
+-----------------------------------------------------------------------------+
|        3557|           0|   -1.510070|    4.402268|    2.317541|    5.547742|
|        3557|          25|   -5.218426|    1.628306|   -0.726041|    5.584313|
|        3557|          29|   -5.258402|    1.612833|   -0.811542|    5.591113|
+-----------------------------------------------------------------------------+
|   Time_Iter|  Inner_Iter|    rms[Rho]|   rms[RhoE]|      rms[k]|      rms[w]|
+-----------------------------------------------------------------------------+
|        3558|           0|   -1.510034|    4.402542|    2.317691|    5.599681|
|        3558|          25|   -5.209560|    1.641745|   -0.717328|    5.665606|
|        3558|          29|   -5.245221|    1.631064|   -0.801406|    5.673145|
+-----------------------------------------------------------------------------+
|   Time_Iter|  Inner_Iter|    rms[Rho]|   rms[RhoE]|      rms[k]|      rms[w]|
+-----------------------------------------------------------------------------+
|        3559|           0|   -1.510000|    4.402806|    2.317848|    5.680720|
|        3559|          25|   -5.190038|    1.672357|   -0.710011|    5.738498|
|        3559|          29|   -5.220745|    1.665242|   -0.794635|    5.742995|
+-----------------------------------------------------------------------------+
|   Time_Iter|  Inner_Iter|    rms[Rho]|   rms[RhoE]|      rms[k]|      rms[w]|
+-----------------------------------------------------------------------------+
|        3560|           0|   -1.509964|    4.403117|    2.318014|    5.750115|
|        3560|          25|   -5.168652|    1.705233|   -0.706509|    5.784258|
|        3560|          29|   -5.196248|    1.698973|   -0.792718|    5.784035|
+-----------------------------------------------------------------------+
|        File Writing Summary       |              Filename             |
+-----------------------------------------------------------------------+
|Paraview ASCII surface             |wall_npr20_production_cfl2_i30_from520_03560.vtk|
|CSV file                           |wall_npr20_production_cfl2_i30_from520_03560.csv|
+-----------------------------------------------------------------------+
+-----------------------------------------------------------------------------+
|   Time_Iter|  Inner_Iter|    rms[Rho]|   rms[RhoE]|      rms[k]|      rms[w]|
+-----------------------------------------------------------------------------+
|        3561|           0|   -1.509929|    4.403364|    2.318180|    5.790961|
|        3561|          25|   -5.153929|    1.728095|   -0.706817|    5.789179|
|        3561|          29|   -5.180919|    1.720618|   -0.794736|    5.782909|
+-----------------------------------------------------------------------------+
|   Time_Iter|  Inner_Iter|    rms[Rho]|   rms[RhoE]|      rms[k]|      rms[w]|
+-----------------------------------------------------------------------------+
|        3562|           0|   -1.509895|    4.403360|    2.318348|    5.789913|
|        3562|          25|   -5.150403|    1.735015|   -0.709626|    5.753668|
|        3562|          29|   -5.178745|    1.725279|   -0.798976|    5.742589|
+-----------------------------------------------------------------------------+
|   Time_Iter|  Inner_Iter|    rms[Rho]|   rms[RhoE]|      rms[k]|      rms[w]|
+-----------------------------------------------------------------------------+
|        3563|           0|   -1.509864|    4.403190|    2.318522|    5.750400|
|        3563|          25|   -5.157547|    1.726587|   -0.713936|    5.690541|
|        3563|          29|   -5.188573|    1.714150|   -0.804750|    5.677401|
+-----------------------------------------------------------------------------+
|   Time_Iter|  Inner_Iter|    rms[Rho]|   rms[RhoE]|      rms[k]|      rms[w]|
+-----------------------------------------------------------------------------+
|        3564|           0|   -1.509834|    4.402969|    2.318694|    5.686668|
|        3564|          25|   -5.171996|    1.706238|   -0.719091|    5.615617|
|        3564|          29|   -5.205870|    1.691892|   -0.811219|    5.603348|
+-----------------------------------------------------------------------------+
|   Time_Iter|  Inner_Iter|    rms[Rho]|   rms[RhoE]|      rms[k]|      rms[w]|
+-----------------------------------------------------------------------------+
|        3565|           0|   -1.509802|    4.402836|    2.318857|    5.614230|
|        3565|          25|   -5.189541|    1.679214|   -0.723327|    5.564426|
|        3565|          29|   -5.227484|    1.662180|   -0.816054|    5.556805|
+-----------------------------------------------------------------------------+
|   Time_Iter|  Inner_Iter|    rms[Rho]|   rms[RhoE]|      rms[k]|      rms[w]|
+-----------------------------------------------------------------------------+
|        3566|           0|   -1.509770|    4.402810|    2.319020|    5.568467|
|        3566|          25|   -5.208913|    1.647581|   -0.724528|    5.543265|
|        3566|          29|   -5.250810|    1.628268|   -0.816301|    5.538499|
+-----------------------------------------------------------------------------+
|   Time_Iter|  Inner_Iter|    rms[Rho]|   rms[RhoE]|      rms[k]|      rms[w]|
+-----------------------------------------------------------------------------+
|        3567|           0|   -1.509736|    4.402848|    2.319178|    5.548220|
|        3567|          25|   -5.221202|    1.626708|   -0.720749|    5.550569|
|        3567|          29|   -5.262826|    1.609375|   -0.810080|    5.554146|
+-----------------------------------------------------------------------------+
|   Time_Iter|  Inner_Iter|    rms[Rho]|   rms[RhoE]|      rms[k]|      rms[w]|
+-----------------------------------------------------------------------------+
|        3568|           0|   -1.509701|    4.402899|    2.319329|    5.563137|
|        3568|          25|   -5.219577|    1.628817|   -0.713109|    5.620700|
|        3568|          29|   -5.257866|    1.615688|   -0.800312|    5.628408|
+-----------------------------------------------------------------------------+
|   Time_Iter|  Inner_Iter|    rms[Rho]|   rms[RhoE]|      rms[k]|      rms[w]|
+-----------------------------------------------------------------------------+
|        3569|           0|   -1.509666|    4.402985|    2.319488|    5.636470|
|        3569|          25|   -5.204940|    1.652316|   -0.705098|    5.700347|
|        3569|          29|   -5.237930|    1.643731|   -0.791828|    5.706488|
+-----------------------------------------------------------------------------+
|   Time_Iter|  Inner_Iter|    rms[Rho]|   rms[RhoE]|      rms[k]|      rms[w]|
+-----------------------------------------------------------------------------+
|        3570|           0|   -1.509631|    4.403040|    2.319656|    5.713816|
|        3570|          25|   -5.183414|    1.685755|   -0.699894|    5.760370|
|        3570|          29|   -5.212114|    1.679377|   -0.787709|    5.762445|
+-----------------------------------------------------------------------+
|        File Writing Summary       |              Filename             |
+-----------------------------------------------------------------------+
|Paraview ASCII surface             |wall_npr20_production_cfl2_i30_from520_03570.vtk|
|CSV file                           |wall_npr20_production_cfl2_i30_from520_03570.csv|
+-----------------------------------------------------------------------+
+-----------------------------------------------------------------------------+
|   Time_Iter|  Inner_Iter|    rms[Rho]|   rms[RhoE]|      rms[k]|      rms[w]|
+-----------------------------------------------------------------------------+
|        3571|           0|   -1.509597|    4.403123|    2.319818|    5.769443|
|        3571|          25|   -5.164586|    1.714597|   -0.698426|    5.787329|
|        3571|          29|   -5.191465|    1.707904|   -0.787790|    5.783930|
+-----------------------------------------------------------------------------+
|   Time_Iter|  Inner_Iter|    rms[Rho]|   rms[RhoE]|      rms[k]|      rms[w]|
+-----------------------------------------------------------------------------+
|        3572|           0|   -1.509563|    4.403244|    2.319983|    5.790804|
|        3572|          25|   -5.155257|    1.729828|   -0.699801|    5.771404|
|        3572|          29|   -5.182583|    1.721305|   -0.790549|    5.763004|
+-----------------------------------------------------------------------------+
|   Time_Iter|  Inner_Iter|    rms[Rho]|   rms[RhoE]|      rms[k]|      rms[w]|
+-----------------------------------------------------------------------------+
|        3573|           0|   -1.509528|    4.403398|    2.320153|    5.770406|
|        3573|          25|   -5.157075|    1.729173|   -0.702960|    5.720756|
|        3573|          29|   -5.186327|    1.718250|   -0.795007|    5.708804|
+-----------------------------------------------------------------------------+
|   Time_Iter|  Inner_Iter|    rms[Rho]|   rms[RhoE]|      rms[k]|      rms[w]|
+-----------------------------------------------------------------------------+
|        3574|           0|   -1.509493|    4.403514|    2.320322|    5.717353|
|        3574|          25|   -5.169041|    1.713389|   -0.707293|    5.651043|
|        3574|          29|   -5.201687|    1.699598|   -0.800602|    5.637766|
+-----------------------------------------------------------------------------+
|   Time_Iter|  Inner_Iter|    rms[Rho]|   rms[RhoE]|      rms[k]|      rms[w]|
+-----------------------------------------------------------------------------+
|        3575|           0|   -1.509460|    4.403546|    2.320491|    5.647494|
|        3575|          25|   -5.184535|    1.690960|   -0.711638|    5.582195|
|        3575|          29|   -5.220050|    1.675342|   -0.805966|    5.571750|
+-----------------------------------------------------------------------------+
|   Time_Iter|  Inner_Iter|    rms[Rho]|   rms[RhoE]|      rms[k]|      rms[w]|
+-----------------------------------------------------------------------------+
|        3576|           0|   -1.509427|    4.403409|    2.320657|    5.583740|
|        3576|          25|   -5.203683|    1.661141|   -0.714548|    5.546434|
|        3576|          29|   -5.243194|    1.643015|   -0.808804|    5.539185|
+-----------------------------------------------------------------------------+
|   Time_Iter|  Inner_Iter|    rms[Rho]|   rms[RhoE]|      rms[k]|      rms[w]|
+-----------------------------------------------------------------------------+
|        3577|           0|   -1.509395|    4.403203|    2.320822|    5.550044|
|        3577|          25|   -5.221761|    1.631214|   -0.713547|    5.534931|
|        3577|          29|   -5.263834|    1.612557|   -0.806054|    5.532247|
+-----------------------------------------------------------------------------+
|   Time_Iter|  Inner_Iter|    rms[Rho]|   rms[RhoE]|      rms[k]|      rms[w]|
+-----------------------------------------------------------------------------+
|        3578|           0|   -1.509364|    4.403014|    2.320980|    5.541386|
|        3578|          25|   -5.227600|    1.621019|   -0.708110|    5.575646|
|        3578|          29|   -5.267873|    1.605457|   -0.798154|    5.582111|
+-----------------------------------------------------------------------------+
|   Time_Iter|  Inner_Iter|    rms[Rho]|   rms[RhoE]|      rms[k]|      rms[w]|
+-----------------------------------------------------------------------------+
|        3579|           0|   -1.509332|    4.402875|    2.321142|    5.590710|
|        3579|          25|   -5.219874|    1.633681|   -0.700605|    5.654868|
|        3579|          29|   -5.255425|    1.622848|   -0.789192|    5.662231|
+-----------------------------------------------------------------------------+
|   Time_Iter|  Inner_Iter|    rms[Rho]|   rms[RhoE]|      rms[k]|      rms[w]|
+-----------------------------------------------------------------------------+
|        3580|           0|   -1.509301|    4.402807|    2.321301|    5.669904|
|        3580|          25|   -5.200921|    1.663564|   -0.694315|    5.726829|
|        3580|          29|   -5.231257|    1.656358|   -0.783125|    5.731318|
+-----------------------------------------------------------------------+
|        File Writing Summary       |              Filename             |
+-----------------------------------------------------------------------+
|Paraview ASCII surface             |wall_npr20_production_cfl2_i30_from520_03580.vtk|
|CSV file                           |wall_npr20_production_cfl2_i30_from520_03580.csv|
+-----------------------------------------------------------------------+
+-----------------------------------------------------------------------------+
|   Time_Iter|  Inner_Iter|    rms[Rho]|   rms[RhoE]|      rms[k]|      rms[w]|
+-----------------------------------------------------------------------------+
|        3581|           0|   -1.509268|    4.402814|    2.321463|    5.738476|
|        3581|          25|   -5.179476|    1.696260|   -0.691293|    5.772872|
|        3581|          29|   -5.206609|    1.689991|   -0.781302|    5.772898|
+-----------------------------------------------------------------------------+
|   Time_Iter|  Inner_Iter|    rms[Rho]|   rms[RhoE]|      rms[k]|      rms[w]|
+-----------------------------------------------------------------------------+
|        3582|           0|   -1.509234|    4.402891|    2.321626|    5.779877|
|        3582|          25|   -5.164232|    1.719536|   -0.691462|    5.780125|
|        3582|          29|   -5.190697|    1.712158|   -0.782804|    5.774222|
+-----------------------------------------------------------------------------+
|   Time_Iter|  Inner_Iter|    rms[Rho]|   rms[RhoE]|      rms[k]|      rms[w]|
+-----------------------------------------------------------------------------+
|        3583|           0|   -1.509198|    4.403029|    2.321791|    5.781240|
|        3583|          25|   -5.160168|    1.727430|   -0.693865|    5.747777|
|        3583|          29|   -5.187902|    1.717849|   -0.786284|    5.737086|
+-----------------------------------------------------------------------------+
|   Time_Iter|  Inner_Iter|    rms[Rho]|   rms[RhoE]|      rms[k]|      rms[w]|
+-----------------------------------------------------------------------------+
|        3584|           0|   -1.509162|    4.403177|    2.321961|    5.744834|
|        3584|          25|   -5.166685|    1.720113|   -0.697646|    5.687246|
|        3584|          29|   -5.196972|    1.707920|   -0.791176|    5.674351|
+-----------------------------------------------------------------------------+
|   Time_Iter|  Inner_Iter|    rms[Rho]|   rms[RhoE]|      rms[k]|      rms[w]|
+-----------------------------------------------------------------------------+
|        3585|           0|   -1.509126|    4.403281|    2.322137|    5.683503|
|        3585|          25|   -5.181375|    1.700250|   -0.702152|    5.614075|
|        3585|          29|   -5.214456|    1.686152|   -0.796751|    5.601582|
+-----------------------------------------------------------------------------+
|   Time_Iter|  Inner_Iter|    rms[Rho]|   rms[RhoE]|      rms[k]|      rms[w]|
+-----------------------------------------------------------------------------+
|        3586|           0|   -1.509090|    4.403292|    2.322319|    5.612301|
|        3586|          25|   -5.198629|    1.674341|   -0.706336|    5.561025|
|        3586|          29|   -5.235599|    1.657553|   -0.801368|    5.552905|
+-----------------------------------------------------------------------------+
|   Time_Iter|  Inner_Iter|    rms[Rho]|   rms[RhoE]|      rms[k]|      rms[w]|
+-----------------------------------------------------------------------------+
|        3587|           0|   -1.509056|    4.403248|    2.322499|    5.564695|
|        3587|          25|   -5.218757|    1.643174|   -0.708189|    5.536874|
|        3587|          29|   -5.259634|    1.623854|   -0.802422|    5.533572|
+-----------------------------------------------------------------------------+
|   Time_Iter|  Inner_Iter|    rms[Rho]|   rms[RhoE]|      rms[k]|      rms[w]|
+-----------------------------------------------------------------------------+
|        3588|           0|   -1.509021|    4.403216|    2.322680|    5.543776|
|        3588|          25|   -5.232949|    1.620068|   -0.706054|    5.539829|
|        3588|          29|   -5.273665|    1.602595|   -0.798012|    5.542206|
+-----------------------------------------------------------------------------+
|   Time_Iter|  Inner_Iter|    rms[Rho]|   rms[RhoE]|      rms[k]|      rms[w]|
+-----------------------------------------------------------------------------+
|        3589|           0|   -1.508986|    4.403236|    2.322858|    5.551236|
|        3589|          25|   -5.232900|    1.619652|   -0.700396|    5.604154|
|        3589|          29|   -5.270457|    1.606166|   -0.790126|    5.611501|
+-----------------------------------------------------------------------------+
|   Time_Iter|  Inner_Iter|    rms[Rho]|   rms[RhoE]|      rms[k]|      rms[w]|
+-----------------------------------------------------------------------------+
|        3590|           0|   -1.508950|    4.403308|    2.323043|    5.619681|
|        3590|          25|   -5.219405|    1.640835|   -0.694153|    5.682840|
|        3590|          29|   -5.251764|    1.631960|   -0.783017|    5.689080|
+-----------------------------------------------------------------------+
|        File Writing Summary       |              Filename             |
+-----------------------------------------------------------------------+
|Paraview ASCII surface             |wall_npr20_production_cfl2_i30_from520_03590.vtk|
|CSV file                           |wall_npr20_production_cfl2_i30_from520_03590.csv|
+-----------------------------------------------------------------------+
+-----------------------------------------------------------------------------+
|   Time_Iter|  Inner_Iter|    rms[Rho]|   rms[RhoE]|      rms[k]|      rms[w]|
+-----------------------------------------------------------------------------+
|        3591|           0|   -1.508914|    4.403387|    2.323221|    5.696482|
|        3591|          25|   -5.197952|    1.673563|   -0.690085|    5.744830|
|        3591|          29|   -5.225894|    1.667151|   -0.779515|    5.747415|
+-----------------------------------------------------------------------------+
|   Time_Iter|  Inner_Iter|    rms[Rho]|   rms[RhoE]|      rms[k]|      rms[w]|
+-----------------------------------------------------------------------------+
|        3592|           0|   -1.508880|    4.403285|    2.323387|    5.754455|
|        3592|          25|   -5.178092|    1.703326|   -0.689282|    5.776309|
|        3592|          29|   -5.203978|    1.696880|   -0.779786|    5.773677|
+-----------------------------------------------------------------------------+
|   Time_Iter|  Inner_Iter|    rms[Rho]|   rms[RhoE]|      rms[k]|      rms[w]|
+-----------------------------------------------------------------------------+
|        3593|           0|   -1.508845|    4.403225|    2.323542|    5.780575|
|        3593|          25|   -5.167010|    1.720613|   -0.691172|    5.766203|
|        3593|          29|   -5.193166|    1.712485|   -0.782642|    5.758346|
+-----------------------------------------------------------------------------+
|   Time_Iter|  Inner_Iter|    rms[Rho]|   rms[RhoE]|      rms[k]|      rms[w]|
+-----------------------------------------------------------------------------+
|        3594|           0|   -1.508809|    4.403225|    2.323694|    5.765700|
|        3594|          25|   -5.167258|    1.722205|   -0.694871|    5.720780|
|        3594|          29|   -5.195181|    1.711858|   -0.787208|    5.709398|
+-----------------------------------------------------------------------------+
|   Time_Iter|  Inner_Iter|    rms[Rho]|   rms[RhoE]|      rms[k]|      rms[w]|
+-----------------------------------------------------------------------------+
|        3595|           0|   -1.508773|    4.403270|    2.323844|    5.717780|
|        3595|          25|   -5.177724|    1.709030|   -0.699809|    5.654939|
|        3595|          29|   -5.208911|    1.695801|   -0.793030|    5.641912|
+-----------------------------------------------------------------------------+
|   Time_Iter|  Inner_Iter|    rms[Rho]|   rms[RhoE]|      rms[k]|      rms[w]|
+-----------------------------------------------------------------------------+
|        3596|           0|   -1.508736|    4.403366|    2.323996|    5.651641|
|        3596|          25|   -5.193463|    1.687312|   -0.705208|    5.585341|
|        3596|          29|   -5.227222|    1.672329|   -0.799106|    5.574483|
+-----------------------------------------------------------------------------+
|   Time_Iter|  Inner_Iter|    rms[Rho]|   rms[RhoE]|      rms[k]|      rms[w]|
+-----------------------------------------------------------------------------+
|        3597|           0|   -1.508699|    4.403515|    2.324157|    5.585650|
|        3597|          25|   -5.213278|    1.658686|   -0.709767|    5.545519|
|        3597|          29|   -5.250419|    1.641208|   -0.803479|    5.538149|
+-----------------------------------------------------------------------------+
|   Time_Iter|  Inner_Iter|    rms[Rho]|   rms[RhoE]|      rms[k]|      rms[w]|
+-----------------------------------------------------------------------------+
|        3598|           0|   -1.508661|    4.403765|    2.324320|    5.549302|
|        3598|          25|   -5.232846|    1.627724|   -0.711061|    5.530841|
|        3598|          29|   -5.272794|    1.609049|   -0.803069|    5.526080|
+-----------------------------------------------------------------------------+
|   Time_Iter|  Inner_Iter|    rms[Rho]|   rms[RhoE]|      rms[k]|      rms[w]|
+-----------------------------------------------------------------------------+
|        3599|           0|   -1.508623|    4.404042|    2.324489|    5.535222|
|        3599|          25|   -5.241412|    1.613209|   -0.708912|    5.556015|
|        3599|          29|   -5.280069|    1.597204|   -0.798450|    5.561303|
+-----------------------------------------------------------------------+
|        File Writing Summary       |              Filename             |
+-----------------------------------------------------------------------+
|SU2 binary restart                 |restart_npr20_production_cfl2_i30_from520_03599.dat|
+-----------------------------------------------------------------------+
+-----------------------------------------------------------------------------+
|   Time_Iter|  Inner_Iter|    rms[Rho]|   rms[RhoE]|      rms[k]|      rms[w]|
+-----------------------------------------------------------------------------+
|        3600|           0|   -1.508585|    4.404360|    2.324659|    5.570096|
|        3600|          25|   -5.235558|    1.621414|   -0.703925|    5.630616|
|        3600|          29|   -5.270289|    1.609933|   -0.791535|    5.637914|
+-----------------------------------------------------------------------+
|        File Writing Summary       |              Filename             |
+-----------------------------------------------------------------------+
|SU2 binary restart                 |restart_npr20_production_cfl2_i30_from520_03600.dat|
|Paraview ASCII                     |flow_npr20_production_cfl2_i30_from520_03600.vtk|
|Paraview ASCII surface             |wall_npr20_production_cfl2_i30_from520_03600.vtk|
|CSV file                           |wall_npr20_production_cfl2_i30_from520_03600.csv|
+-----------------------------------------------------------------------+
+-----------------------------------------------------------------------------+
|   Time_Iter|  Inner_Iter|    rms[Rho]|   rms[RhoE]|      rms[k]|      rms[w]|
+-----------------------------------------------------------------------------+
|        3601|           0|   -1.508547|    4.404689|    2.324821|    5.645765|
|        3601|          25|   -5.217591|    1.648538|   -0.699407|    5.704424|
|        3601|          29|   -5.247317|    1.641028|   -0.786650|    5.709443|
+-----------------------------------------------------------------------------+
|   Time_Iter|  Inner_Iter|    rms[Rho]|   rms[RhoE]|      rms[k]|      rms[w]|
+-----------------------------------------------------------------------------+
|        3602|           0|   -1.508509|    4.405019|    2.324987|    5.716687|
|        3602|          25|   -5.195245|    1.681571|   -0.697666|    5.755314|
|        3602|          29|   -5.221565|    1.675474|   -0.785571|    5.756562|
+-----------------------------------------------------------------------------+
|   Time_Iter|  Inner_Iter|    rms[Rho]|   rms[RhoE]|      rms[k]|      rms[w]|
+-----------------------------------------------------------------------------+
|        3603|           0|   -1.508472|    4.405181|    2.325152|    5.763659|
|        3603|          25|   -5.177814|    1.707369|   -0.699122|    5.772316|
|        3603|          29|   -5.203130|    1.700527|   -0.787898|    5.767678|
+-----------------------------------------------------------------------------+
|   Time_Iter|  Inner_Iter|    rms[Rho]|   rms[RhoE]|      rms[k]|      rms[w]|
+-----------------------------------------------------------------------------+
|        3604|           0|   -1.508436|    4.405241|    2.325314|    5.774655|
|        3604|          25|   -5.170675|    1.718947|   -0.702977|    5.749189|
|        3604|          29|   -5.197001|    1.710103|   -0.792443|    5.739853|
+-----------------------------------------------------------------------------+
|   Time_Iter|  Inner_Iter|    rms[Rho]|   rms[RhoE]|      rms[k]|      rms[w]|
+-----------------------------------------------------------------------------+
|        3605|           0|   -1.508400|    4.405350|    2.325475|    5.747391|
|        3605|          25|   -5.174665|    1.715320|   -0.708478|    5.694958|
|        3605|          29|   -5.203167|    1.704012|   -0.798638|    5.682806|
+-----------------------------------------------------------------------------+
|   Time_Iter|  Inner_Iter|    rms[Rho]|   rms[RhoE]|      rms[k]|      rms[w]|
+-----------------------------------------------------------------------------+
|        3606|           0|   -1.508363|    4.405525|    2.325645|    5.691626|
|        3606|          25|   -5.189032|    1.697366|   -0.715080|    5.625463|
|        3606|          29|   -5.219924|    1.683957|   -0.805816|    5.612082|
+-----------------------------------------------------------------------------+
|   Time_Iter|  Inner_Iter|    rms[Rho]|   rms[RhoE]|      rms[k]|      rms[w]|
+-----------------------------------------------------------------------------+
|        3607|           0|   -1.508327|    4.405609|    2.325803|    5.622234|
|        3607|          25|   -5.205402|    1.674404|   -0.721754|    5.563207|
|        3607|          29|   -5.239559|    1.658275|   -0.812696|    5.555328|
+-----------------------------------------------------------------------------+
|   Time_Iter|  Inner_Iter|    rms[Rho]|   rms[RhoE]|      rms[k]|      rms[w]|
+-----------------------------------------------------------------------------+
|        3608|           0|   -1.508293|    4.405527|    2.325949|    5.567140|
|        3608|          25|   -5.225376|    1.644344|   -0.726843|    5.532798|
|        3608|          29|   -5.262710|    1.626295|   -0.816971|    5.526244|
+-----------------------------------------------------------------------------+
|   Time_Iter|  Inner_Iter|    rms[Rho]|   rms[RhoE]|      rms[k]|      rms[w]|
+-----------------------------------------------------------------------------+
|        3609|           0|   -1.508259|    4.405390|    2.326095|    5.536938|
|        3609|          25|   -5.242618|    1.616371|   -0.728195|    5.527021|
|        3609|          29|   -5.281610|    1.598524|   -0.816062|    5.526119|
+-----------------------------------------------------------------------------+
|   Time_Iter|  Inner_Iter|    rms[Rho]|   rms[RhoE]|      rms[k]|      rms[w]|
+-----------------------------------------------------------------------------+
|        3610|           0|   -1.508226|    4.405246|    2.326242|    5.535223|
|        3610|          25|   -5.245342|    1.609649|   -0.725486|    5.575521|
|        3610|          29|   -5.282551|    1.595197|   -0.810716|    5.582066|
+-----------------------------------------------------------------------+
|        File Writing Summary       |              Filename             |
+-----------------------------------------------------------------------+
|Paraview ASCII surface             |wall_npr20_production_cfl2_i30_from520_03610.vtk|
|CSV file                           |wall_npr20_production_cfl2_i30_from520_03610.csv|
+-----------------------------------------------------------------------+
+-----------------------------------------------------------------------------+
|   Time_Iter|  Inner_Iter|    rms[Rho]|   rms[RhoE]|      rms[k]|      rms[w]|
+-----------------------------------------------------------------------------+
|        3611|           0|   -1.508191|    4.405153|    2.326394|    5.590534|
|        3611|          25|   -5.234485|    1.625050|   -0.721138|    5.652854|
|        3611|          29|   -5.267376|    1.615237|   -0.804950|    5.659469|
+-----------------------------------------------------------------------------+
|   Time_Iter|  Inner_Iter|    rms[Rho]|   rms[RhoE]|      rms[k]|      rms[w]|
+-----------------------------------------------------------------------------+
|        3612|           0|   -1.508156|    4.405121|    2.326555|    5.667006|
|        3612|          25|   -5.213708|    1.655717|   -0.718169|    5.719902|
|        3612|          29|   -5.242064|    1.649046|   -0.802074|    5.723648|
+-----------------------------------------------------------------------------+
|   Time_Iter|  Inner_Iter|    rms[Rho]|   rms[RhoE]|      rms[k]|      rms[w]|
+-----------------------------------------------------------------------------+
|        3613|           0|   -1.508119|    4.405169|    2.326718|    5.730800|
|        3613|          25|   -5.192302|    1.687409|   -0.718423|    5.760810|
|        3613|          29|   -5.217883|    1.681318|   -0.803120|    5.760151|
+-----------------------------------------------------------------------------+
|   Time_Iter|  Inner_Iter|    rms[Rho]|   rms[RhoE]|      rms[k]|      rms[w]|
+-----------------------------------------------------------------------------+
|        3614|           0|   -1.508082|    4.405264|    2.326888|    5.767165|
|        3614|          25|   -5.178319|    1.709030|   -0.721647|    5.763948|
|        3614|          29|   -5.203240|    1.701680|   -0.807116|    5.757665|
+-----------------------------------------------------------------------------+
|   Time_Iter|  Inner_Iter|    rms[Rho]|   rms[RhoE]|      rms[k]|      rms[w]|
+-----------------------------------------------------------------------------+
|        3615|           0|   -1.508044|    4.405400|    2.327054|    5.764787|
|        3615|          25|   -5.175252|    1.715563|   -0.727039|    5.730061|
|        3615|          29|   -5.201321|    1.706028|   -0.813104|    5.719295|
+-----------------------------------------------------------------------------+
|   Time_Iter|  Inner_Iter|    rms[Rho]|   rms[RhoE]|      rms[k]|      rms[w]|
+-----------------------------------------------------------------------------+
|        3616|           0|   -1.508006|    4.405562|    2.327224|    5.727186|
|        3616|          25|   -5.182418|    1.707497|   -0.733902|    5.670290|
|        3616|          29|   -5.210938|    1.695356|   -0.820562|    5.657610|
+-----------------------------------------------------------------------------+
|   Time_Iter|  Inner_Iter|    rms[Rho]|   rms[RhoE]|      rms[k]|      rms[w]|
+-----------------------------------------------------------------------------+
|        3617|           0|   -1.507967|    4.405783|    2.327396|    5.666858|
|        3617|          25|   -5.197305|    1.687505|   -0.741575|    5.599710|
|        3617|          29|   -5.228411|    1.673521|   -0.828793|    5.587839|
+-----------------------------------------------------------------------------+
|   Time_Iter|  Inner_Iter|    rms[Rho]|   rms[RhoE]|      rms[k]|      rms[w]|
+-----------------------------------------------------------------------------+
|        3618|           0|   -1.507927|    4.406021|    2.327559|    5.598602|
|        3618|          25|   -5.214608|    1.661858|   -0.748769|    5.549482|
|        3618|          29|   -5.249500|    1.645319|   -0.835964|    5.542139|
+-----------------------------------------------------------------------------+
|   Time_Iter|  Inner_Iter|    rms[Rho]|   rms[RhoE]|      rms[k]|      rms[w]|
+-----------------------------------------------------------------------------+
|        3619|           0|   -1.507889|    4.406204|    2.327707|    5.553844|
|        3619|          25|   -5.234050|    1.630962|   -0.753447|    5.528388|
|        3619|          29|   -5.272820|    1.612087|   -0.839375|    5.524772|
+-----------------------------------------------------------------------------+
|   Time_Iter|  Inner_Iter|    rms[Rho]|   rms[RhoE]|      rms[k]|      rms[w]|
+-----------------------------------------------------------------------------+
|        3620|           0|   -1.507852|    4.406260|    2.327837|    5.534826|
|        3620|          25|   -5.246622|    1.608717|   -0.753618|    5.531558|
|        3620|          29|   -5.285647|    1.591711|   -0.836970|    5.533815|
+-----------------------------------------------------------------------+
|        File Writing Summary       |              Filename             |
+-----------------------------------------------------------------------+
|Paraview ASCII surface             |wall_npr20_production_cfl2_i30_from520_03620.vtk|
|CSV file                           |wall_npr20_production_cfl2_i30_from520_03620.csv|
+-----------------------------------------------------------------------+
+-----------------------------------------------------------------------------+
|   Time_Iter|  Inner_Iter|    rms[Rho]|   rms[RhoE]|      rms[k]|      rms[w]|
+-----------------------------------------------------------------------------+
|        3621|           0|   -1.507816|    4.406301|    2.327967|    5.542841|
|        3621|          25|   -5.245590|    1.608706|   -0.749755|    5.593920|
|        3621|          29|   -5.281713|    1.595628|   -0.830785|    5.600879|
+-----------------------------------------------------------------------------+
|   Time_Iter|  Inner_Iter|    rms[Rho]|   rms[RhoE]|      rms[k]|      rms[w]|
+-----------------------------------------------------------------------------+
|        3622|           0|   -1.507779|    4.406379|    2.328100|    5.609068|
|        3622|          25|   -5.232016|    1.629643|   -0.745037|    5.669838|
|        3622|          29|   -5.262971|    1.621014|   -0.825293|    5.675752|
+-----------------------------------------------------------------------------+
|   Time_Iter|  Inner_Iter|    rms[Rho]|   rms[RhoE]|      rms[k]|      rms[w]|
+-----------------------------------------------------------------------------+
|        3623|           0|   -1.507741|    4.406503|    2.328233|    5.683177|
|        3623|          25|   -5.210672|    1.661863|   -0.742457|    5.730045|
|        3623|          29|   -5.237186|    1.655594|   -0.823338|    5.732508|
+-----------------------------------------------------------------------------+
|   Time_Iter|  Inner_Iter|    rms[Rho]|   rms[RhoE]|      rms[k]|      rms[w]|
+-----------------------------------------------------------------------------+
|        3624|           0|   -1.507705|    4.406444|    2.328372|    5.739590|
|        3624|          25|   -5.190673|    1.691393|   -0.743271|    5.761254|
|        3624|          29|   -5.215110|    1.685074|   -0.825190|    5.758951|
+-----------------------------------------------------------------------------+
|   Time_Iter|  Inner_Iter|    rms[Rho]|   rms[RhoE]|      rms[k]|      rms[w]|
+-----------------------------------------------------------------------------+
|        3625|           0|   -1.507669|    4.406334|    2.328518|    5.765911|
|        3625|          25|   -5.179028|    1.709019|   -0.746895|    5.753131|
|        3625|          29|   -5.203844|    1.701087|   -0.829735|    5.745579|
+-----------------------------------------------------------------------------+
|   Time_Iter|  Inner_Iter|    rms[Rho]|   rms[RhoE]|      rms[k]|      rms[w]|
+-----------------------------------------------------------------------------+
|        3626|           0|   -1.507633|    4.406257|    2.328665|    5.752948|
|        3626|          25|   -5.178492|    1.711383|   -0.752487|    5.710889|
|        3626|          29|   -5.204981|    1.701361|   -0.835975|    5.699654|
+-----------------------------------------------------------------------------+
|   Time_Iter|  Inner_Iter|    rms[Rho]|   rms[RhoE]|      rms[k]|      rms[w]|
+-----------------------------------------------------------------------------+
|        3627|           0|   -1.507596|    4.406247|    2.328813|    5.707993|
|        3627|          25|   -5.187732|    1.699655|   -0.759244|    5.647968|
|        3627|          29|   -5.217424|    1.686731|   -0.843554|    5.635279|
+-----------------------------------------------------------------------------+
|   Time_Iter|  Inner_Iter|    rms[Rho]|   rms[RhoE]|      rms[k]|      rms[w]|
+-----------------------------------------------------------------------------+
|        3628|           0|   -1.507558|    4.406315|    2.328966|    5.644918|
|        3628|          25|   -5.202963|    1.678547|   -0.764929|    5.580100|
|        3628|          29|   -5.235198|    1.663883|   -0.849097|    5.569328|
+-----------------------------------------------------------------------------+
|   Time_Iter|  Inner_Iter|    rms[Rho]|   rms[RhoE]|      rms[k]|      rms[w]|
+-----------------------------------------------------------------------------+
|        3629|           0|   -1.507518|    4.406468|    2.329119|    5.580440|
|        3629|          25|   -5.221636|    1.651259|   -0.772653|    5.539101|
|        3629|          29|   -5.257259|    1.634110|   -0.857418|    5.531835|
+-----------------------------------------------------------------------------+
|   Time_Iter|  Inner_Iter|    rms[Rho]|   rms[RhoE]|      rms[k]|      rms[w]|
+-----------------------------------------------------------------------------+
|        3630|           0|   -1.507479|    4.406585|    2.329266|    5.543092|
|        3630|          25|   -5.241442|    1.620425|   -0.775367|    5.524019|
|        3630|          29|   -5.279807|    1.601837|   -0.858563|    5.518827|
+-----------------------------------------------------------------------+
|        File Writing Summary       |              Filename             |
+-----------------------------------------------------------------------+
|Paraview ASCII surface             |wall_npr20_production_cfl2_i30_from520_03630.vtk|
|CSV file                           |wall_npr20_production_cfl2_i30_from520_03630.csv|
+-----------------------------------------------------------------------+
+-----------------------------------------------------------------------------+
|   Time_Iter|  Inner_Iter|    rms[Rho]|   rms[RhoE]|      rms[k]|      rms[w]|
+-----------------------------------------------------------------------------+
|        3631|           0|   -1.507441|    4.406694|    2.329402|    5.528106|
|        3631|          25|   -5.250714|    1.603841|   -0.773018|    5.540138|
|        3631|          29|   -5.288280|    1.587617|   -0.853648|    5.544349|
+-----------------------------------------------------------------------------+
|   Time_Iter|  Inner_Iter|    rms[Rho]|   rms[RhoE]|      rms[k]|      rms[w]|
+-----------------------------------------------------------------------------+
|        3632|           0|   -1.507402|    4.406808|    2.329532|    5.553230|
|        3632|          25|   -5.245981|    1.609383|   -0.767071|    5.609552|
|        3632|          29|   -5.280185|    1.597415|   -0.845937|    5.616502|
+-----------------------------------------------------------------------------+
|   Time_Iter|  Inner_Iter|    rms[Rho]|   rms[RhoE]|      rms[k]|      rms[w]|
+-----------------------------------------------------------------------------+
|        3633|           0|   -1.507364|    4.406916|    2.329664|    5.624475|
|        3633|          25|   -5.229090|    1.634206|   -0.761167|    5.682518|
|        3633|          29|   -5.258616|    1.626294|   -0.839935|    5.687684|
+-----------------------------------------------------------------------------+
|   Time_Iter|  Inner_Iter|    rms[Rho]|   rms[RhoE]|      rms[k]|      rms[w]|
+-----------------------------------------------------------------------------+
|        3634|           0|   -1.507327|    4.407014|    2.329806|    5.695013|
|        3634|          25|   -5.206937|    1.666712|   -0.758061|    5.735857|
|        3634|          29|   -5.232964|    1.660530|   -0.837898|    5.737128|
+-----------------------------------------------------------------------------+
|   Time_Iter|  Inner_Iter|    rms[Rho]|   rms[RhoE]|      rms[k]|      rms[w]|
+-----------------------------------------------------------------------------+
|        3635|           0|   -1.507289|    4.407106|    2.329946|    5.744165|
|        3635|          25|   -5.188703|    1.693784|   -0.758326|    5.758287|
|        3635|          29|   -5.213326|    1.687087|   -0.839368|    5.754525|
+-----------------------------------------------------------------------------+
|   Time_Iter|  Inner_Iter|    rms[Rho]|   rms[RhoE]|      rms[k]|      rms[w]|
+-----------------------------------------------------------------------------+
|        3636|           0|   -1.507250|    4.407173|    2.330082|    5.761521|
|        3636|          25|   -5.180132|    1.707826|   -0.761255|    5.741711|
|        3636|          29|   -5.205189|    1.699318|   -0.843286|    5.733428|
+-----------------------------------------------------------------------------+
|   Time_Iter|  Inner_Iter|    rms[Rho]|   rms[RhoE]|      rms[k]|      rms[w]|
+-----------------------------------------------------------------------------+
|        3637|           0|   -1.507213|    4.407107|    2.330208|    5.740957|
|        3637|          25|   -5.182251|    1.707063|   -0.765828|    5.693646|
|        3637|          29|   -5.209000|    1.696250|   -0.848763|    5.682223|
+-----------------------------------------------------------------------------+
|   Time_Iter|  Inner_Iter|    rms[Rho]|   rms[RhoE]|      rms[k]|      rms[w]|
+-----------------------------------------------------------------------------+
|        3638|           0|   -1.507176|    4.407035|    2.330337|    5.690849|
|        3638|          25|   -5.194134|    1.692126|   -0.771540|    5.628694|
|        3638|          29|   -5.223876|    1.678542|   -0.855421|    5.616109|
+-----------------------------------------------------------------------------+
|   Time_Iter|  Inner_Iter|    rms[Rho]|   rms[RhoE]|      rms[k]|      rms[w]|
+-----------------------------------------------------------------------------+
|        3639|           0|   -1.507139|    4.406947|    2.330471|    5.626036|
|        3639|          25|   -5.209433|    1.670385|   -0.777414|    5.564686|
|        3639|          29|   -5.241707|    1.655135|   -0.861954|    5.554347|
+-----------------------------------------------------------------------------+
|   Time_Iter|  Inner_Iter|    rms[Rho]|   rms[RhoE]|      rms[k]|      rms[w]|
+-----------------------------------------------------------------------------+
|        3640|           0|   -1.507103|    4.406816|    2.330604|    5.565618|
|        3640|          25|   -5.228167|    1.642046|   -0.781675|    5.530093|
|        3640|          29|   -5.264058|    1.624381|   -0.865942|    5.523109|
+-----------------------------------------------------------------------+
|        File Writing Summary       |              Filename             |
+-----------------------------------------------------------------------+
|Paraview ASCII surface             |wall_npr20_production_cfl2_i30_from520_03640.vtk|
|CSV file                           |wall_npr20_production_cfl2_i30_from520_03640.csv|
+-----------------------------------------------------------------------+
+-----------------------------------------------------------------------------+
|   Time_Iter|  Inner_Iter|    rms[Rho]|   rms[RhoE]|      rms[k]|      rms[w]|
+-----------------------------------------------------------------------------+
|        3641|           0|   -1.507067|    4.406598|    2.330740|    5.534051|
|        3641|          25|   -5.246324|    1.612522|   -0.782015|    5.518728|
|        3641|          29|   -5.284662|    1.594148|   -0.864592|    5.514803|
+-----------------------------------------------------------------------------+
|   Time_Iter|  Inner_Iter|    rms[Rho]|   rms[RhoE]|      rms[k]|      rms[w]|
+-----------------------------------------------------------------------------+
|        3642|           0|   -1.507030|    4.406488|    2.330875|    5.523903|
|        3642|          25|   -5.252502|    1.600654|   -0.777480|    5.549324|
|        3642|          29|   -5.289500|    1.585103|   -0.857672|    5.554610|
+-----------------------------------------------------------------------------+
|   Time_Iter|  Inner_Iter|    rms[Rho]|   rms[RhoE]|      rms[k]|      rms[w]|
+-----------------------------------------------------------------------------+
|        3643|           0|   -1.506991|    4.406445|    2.331011|    5.563326|
|        3643|          25|   -5.245575|    1.610593|   -0.770198|    5.621779|
|        3643|          29|   -5.278480|    1.599455|   -0.849188|    5.628517|
+-----------------------------------------------------------------------------+
|   Time_Iter|  Inner_Iter|    rms[Rho]|   rms[RhoE]|      rms[k]|      rms[w]|
+-----------------------------------------------------------------------------+
|        3644|           0|   -1.506953|    4.406448|    2.331139|    5.636334|
|        3644|          25|   -5.227559|    1.637896|   -0.763766|    5.691217|
|        3644|          29|   -5.255590|    1.630413|   -0.843114|    5.695650|
+-----------------------------------------------------------------------------+
|   Time_Iter|  Inner_Iter|    rms[Rho]|   rms[RhoE]|      rms[k]|      rms[w]|
+-----------------------------------------------------------------------------+
|        3645|           0|   -1.506913|    4.406536|    2.331262|    5.702914|
|        3645|          25|   -5.205930|    1.669985|   -0.760395|    5.738274|
|        3645|          29|   -5.230793|    1.663706|   -0.840975|    5.738952|
+-----------------------------------------------------------------------------+
|   Time_Iter|  Inner_Iter|    rms[Rho]|   rms[RhoE]|      rms[k]|      rms[w]|
+-----------------------------------------------------------------------------+
|        3646|           0|   -1.506873|    4.406691|    2.331381|    5.746112|
|        3646|          25|   -5.189282|    1.694690|   -0.760442|    5.753311|
|        3646|          29|   -5.213307|    1.687609|   -0.842308|    5.748571|
+-----------------------------------------------------------------------------+
|   Time_Iter|  Inner_Iter|    rms[Rho]|   rms[RhoE]|      rms[k]|      rms[w]|
+-----------------------------------------------------------------------------+
|        3647|           0|   -1.506832|    4.406896|    2.331503|    5.755635|
|        3647|          25|   -5.182554|    1.705781|   -0.762757|    5.730600|
|        3647|          29|   -5.207577|    1.696736|   -0.845661|    5.721500|
+-----------------------------------------------------------------------------+
|   Time_Iter|  Inner_Iter|    rms[Rho]|   rms[RhoE]|      rms[k]|      rms[w]|
+-----------------------------------------------------------------------------+
|        3648|           0|   -1.506792|    4.407066|    2.331628|    5.729184|
|        3648|          25|   -5.186320|    1.702399|   -0.766667|    5.678615|
|        3648|          29|   -5.213440|    1.690955|   -0.850575|    5.666843|
+-----------------------------------------------------------------------------+
|   Time_Iter|  Inner_Iter|    rms[Rho]|   rms[RhoE]|      rms[k]|      rms[w]|
+-----------------------------------------------------------------------------+
|        3649|           0|   -1.506752|    4.407197|    2.331758|    5.675701|
|        3649|          25|   -5.199881|    1.685168|   -0.771621|    5.612584|
|        3649|          29|   -5.229538|    1.671573|   -0.856532|    5.599493|
+-----------------------------------------------------------------------+
|        File Writing Summary       |              Filename             |
+-----------------------------------------------------------------------+
|SU2 binary restart                 |restart_npr20_production_cfl2_i30_from520_03649.dat|
+-----------------------------------------------------------------------+
+-----------------------------------------------------------------------------+
|   Time_Iter|  Inner_Iter|    rms[Rho]|   rms[RhoE]|      rms[k]|      rms[w]|
+-----------------------------------------------------------------------------+
|        3650|           0|   -1.506712|    4.407362|    2.331888|    5.609566|
|        3650|          25|   -5.215557|    1.663061|   -0.776499|    5.552280|
|        3650|          29|   -5.248049|    1.647189|   -0.862084|    5.543017|
+-----------------------------------------------------------------------+
|        File Writing Summary       |              Filename             |
+-----------------------------------------------------------------------+
|SU2 binary restart                 |restart_npr20_production_cfl2_i30_from520_03650.dat|
|Paraview ASCII surface             |wall_npr20_production_cfl2_i30_from520_03650.vtk|
|CSV file                           |wall_npr20_production_cfl2_i30_from520_03650.csv|
+-----------------------------------------------------------------------+
+-----------------------------------------------------------------------------+
|   Time_Iter|  Inner_Iter|    rms[Rho]|   rms[RhoE]|      rms[k]|      rms[w]|
+-----------------------------------------------------------------------------+
|        3651|           0|   -1.506670|    4.407541|    2.332010|    5.554853|
|        3651|          25|   -5.234944|    1.634070|   -0.779441|    5.522685|
|        3651|          29|   -5.270643|    1.616009|   -0.864652|    5.516172|
+-----------------------------------------------------------------------------+
|   Time_Iter|  Inner_Iter|    rms[Rho]|   rms[RhoE]|      rms[k]|      rms[w]|
+-----------------------------------------------------------------------------+
|        3652|           0|   -1.506628|    4.407762|    2.332127|    5.526848|
|        3652|          25|   -5.252105|    1.606258|   -0.778589|    5.515570|
|        3652|          29|   -5.289509|    1.588148|   -0.862020|    5.513631|
+-----------------------------------------------------------------------------+
|   Time_Iter|  Inner_Iter|    rms[Rho]|   rms[RhoE]|      rms[k]|      rms[w]|
+-----------------------------------------------------------------------------+
|        3653|           0|   -1.506585|    4.408027|    2.332243|    5.522725|
|        3653|          25|   -5.255830|    1.598193|   -0.773135|    5.557143|
|        3653|          29|   -5.291522|    1.583239|   -0.854441|    5.562971|
+-----------------------------------------------------------------------------+
|   Time_Iter|  Inner_Iter|    rms[Rho]|   rms[RhoE]|      rms[k]|      rms[w]|
+-----------------------------------------------------------------------------+
|        3654|           0|   -1.506541|    4.408386|    2.332359|    5.571536|
|        3654|          25|   -5.246569|    1.611466|   -0.765939|    5.630487|
|        3654|          29|   -5.278116|    1.600931|   -0.846430|    5.636936|
+-----------------------------------------------------------------------------+
|   Time_Iter|  Inner_Iter|    rms[Rho]|   rms[RhoE]|      rms[k]|      rms[w]|
+-----------------------------------------------------------------------------+
|        3655|           0|   -1.506497|    4.408767|    2.332466|    5.644644|
|        3655|          25|   -5.227389|    1.640281|   -0.759971|    5.696457|
|        3655|          29|   -5.254344|    1.633032|   -0.841042|    5.700304|
+-----------------------------------------------------------------------------+
|   Time_Iter|  Inner_Iter|    rms[Rho]|   rms[RhoE]|      rms[k]|      rms[w]|
+-----------------------------------------------------------------------------+
|        3656|           0|   -1.506456|    4.408967|    2.332567|    5.707536|
|        3656|          25|   -5.206323|    1.671616|   -0.757128|    5.738661|
|        3656|          29|   -5.230459|    1.665192|   -0.839466|    5.738659|
+-----------------------------------------------------------------------------+
|   Time_Iter|  Inner_Iter|    rms[Rho]|   rms[RhoE]|      rms[k]|      rms[w]|
+-----------------------------------------------------------------------------+
|        3657|           0|   -1.506415|    4.409147|    2.332672|    5.745787|
|        3657|          25|   -5.191300|    1.694309|   -0.757362|    5.747494|
|        3657|          29|   -5.214817|    1.686876|   -0.840934|    5.742023|
+-----------------------------------------------------------------------------+
|   Time_Iter|  Inner_Iter|    rms[Rho]|   rms[RhoE]|      rms[k]|      rms[w]|
+-----------------------------------------------------------------------------+
|        3658|           0|   -1.506374|    4.409356|    2.332789|    5.749158|
|        3658|          25|   -5.186421|    1.703062|   -0.759674|    5.720232|
|        3658|          29|   -5.211083|    1.693584|   -0.844262|    5.710600|
+-----------------------------------------------------------------------------+
|   Time_Iter|  Inner_Iter|    rms[Rho]|   rms[RhoE]|      rms[k]|      rms[w]|
+-----------------------------------------------------------------------------+
|        3659|           0|   -1.506334|    4.409542|    2.332915|    5.718369|
|        3659|          25|   -5.191676|    1.697680|   -0.763442|    5.665776|
|        3659|          29|   -5.218600|    1.685746|   -0.849054|    5.653819|
+-----------------------------------------------------------------------------+
|   Time_Iter|  Inner_Iter|    rms[Rho]|   rms[RhoE]|      rms[k]|      rms[w]|
+-----------------------------------------------------------------------------+
|        3660|           0|   -1.506293|    4.409729|    2.333042|    5.662861|
|        3660|          25|   -5.205835|    1.679398|   -0.768140|    5.598885|
|        3660|          29|   -5.235318|    1.665425|   -0.854763|    5.586478|
+-----------------------------------------------------------------------+
|        File Writing Summary       |              Filename             |
+-----------------------------------------------------------------------+
|Paraview ASCII surface             |wall_npr20_production_cfl2_i30_from520_03660.vtk|
|CSV file                           |wall_npr20_production_cfl2_i30_from520_03660.csv|
+-----------------------------------------------------------------------+
+-----------------------------------------------------------------------------+
|   Time_Iter|  Inner_Iter|    rms[Rho]|   rms[RhoE]|      rms[k]|      rms[w]|
+-----------------------------------------------------------------------------+
|        3661|           0|   -1.506253|    4.409903|    2.333188|    5.596826|
|        3661|          25|   -5.222038|    1.656420|   -0.772592|    5.543179|
|        3661|          29|   -5.254693|    1.639923|   -0.859790|    5.535658|
+-----------------------------------------------------------------------------+
|   Time_Iter|  Inner_Iter|    rms[Rho]|   rms[RhoE]|      rms[k]|      rms[w]|
+-----------------------------------------------------------------------------+
|        3662|           0|   -1.506213|    4.410109|    2.333335|    5.547318|
|        3662|          25|   -5.241609|    1.627231|   -0.775050|    5.516793|
|        3662|          29|   -5.277462|    1.608431|   -0.861736|    5.512434|
+-----------------------------------------------------------------------------+
|   Time_Iter|  Inner_Iter|    rms[Rho]|   rms[RhoE]|      rms[k]|      rms[w]|
+-----------------------------------------------------------------------------+
|        3663|           0|   -1.506172|    4.410314|    2.333483|    5.524025|
|        3663|          25|   -5.257896|    1.601112|   -0.773584|    5.514150|
|        3663|          29|   -5.294464|    1.583239|   -0.858469|    5.513681|
+-----------------------------------------------------------------------------+
|   Time_Iter|  Inner_Iter|    rms[Rho]|   rms[RhoE]|      rms[k]|      rms[w]|
+-----------------------------------------------------------------------------+
|        3664|           0|   -1.506132|    4.410494|    2.333623|    5.522753|
|        3664|          25|   -5.260065|    1.595868|   -0.768089|    5.562549|
|        3664|          29|   -5.294483|    1.581379|   -0.851035|    5.568606|
+-----------------------------------------------------------------------------+
|   Time_Iter|  Inner_Iter|    rms[Rho]|   rms[RhoE]|      rms[k]|      rms[w]|
+-----------------------------------------------------------------------------+
|        3665|           0|   -1.506095|    4.410528|    2.333744|    5.577054|
|        3665|          25|   -5.249342|    1.611438|   -0.761316|    5.635674|
|        3665|          29|   -5.279455|    1.601335|   -0.843595|    5.641683|
+-----------------------------------------------------------------------------+
|   Time_Iter|  Inner_Iter|    rms[Rho]|   rms[RhoE]|      rms[k]|      rms[w]|
+-----------------------------------------------------------------------------+
|        3666|           0|   -1.506058|    4.410461|    2.333863|    5.649247|
|        3666|          25|   -5.229346|    1.641072|   -0.756055|    5.698682|
|        3666|          29|   -5.255167|    1.633951|   -0.838966|    5.702030|
+-----------------------------------------------------------------------------+
|   Time_Iter|  Inner_Iter|    rms[Rho]|   rms[RhoE]|      rms[k]|      rms[w]|
+-----------------------------------------------------------------------------+
|        3667|           0|   -1.506022|    4.410372|    2.333979|    5.709241|
|        3667|          25|   -5.208589|    1.671633|   -0.753149|    5.737153|
|        3667|          29|   -5.231978|    1.665081|   -0.836912|    5.736494|
+-----------------------------------------------------------------------------+
|   Time_Iter|  Inner_Iter|    rms[Rho]|   rms[RhoE]|      rms[k]|      rms[w]|
+-----------------------------------------------------------------------------+
|        3668|           0|   -1.505984|    4.410284|    2.334092|    5.743612|
|        3668|          25|   -5.194627|    1.692778|   -0.754356|    5.741486|
|        3668|          29|   -5.217665|    1.685077|   -0.839505|    5.735516|
+-----------------------------------------------------------------------------+
|   Time_Iter|  Inner_Iter|    rms[Rho]|   rms[RhoE]|      rms[k]|      rms[w]|
+-----------------------------------------------------------------------------+
|        3669|           0|   -1.505945|    4.410259|    2.334200|    5.742719|
|        3669|          25|   -5.191055|    1.699868|   -0.756732|    5.711229|
|        3669|          29|   -5.215340|    1.690072|   -0.842844|    5.701114|
+-----------------------------------------------------------------------------+
|   Time_Iter|  Inner_Iter|    rms[Rho]|   rms[RhoE]|      rms[k]|      rms[w]|
+-----------------------------------------------------------------------------+
|        3670|           0|   -1.505904|    4.410267|    2.334309|    5.708968|
|        3670|          25|   -5.197433|    1.693099|   -0.760502|    5.655424|
|        3670|          29|   -5.224029|    1.680834|   -0.847579|    5.643382|
+-----------------------------------------------------------------------+
|        File Writing Summary       |              Filename             |
+-----------------------------------------------------------------------+
|Paraview ASCII surface             |wall_npr20_production_cfl2_i30_from520_03670.vtk|
|CSV file                           |wall_npr20_production_cfl2_i30_from520_03670.csv|
+-----------------------------------------------------------------------+
+-----------------------------------------------------------------------------+
|   Time_Iter|  Inner_Iter|    rms[Rho]|   rms[RhoE]|      rms[k]|      rms[w]|
+-----------------------------------------------------------------------------+
|        3671|           0|   -1.505864|    4.410291|    2.334414|    5.652540|
|        3671|          25|   -5.212117|    1.674191|   -0.765086|    5.588712|
|        3671|          29|   -5.241200|    1.659955|   -0.853076|    5.576818|
+-----------------------------------------------------------------------------+
|   Time_Iter|  Inner_Iter|    rms[Rho]|   rms[RhoE]|      rms[k]|      rms[w]|
+-----------------------------------------------------------------------------+
|        3672|           0|   -1.505821|    4.410383|    2.334521|    5.587371|
|        3672|          25|   -5.228896|    1.650512|   -0.769330|    5.537102|
|        3672|          29|   -5.261140|    1.633837|   -0.857741|    5.529494|
+-----------------------------------------------------------------------------+
|   Time_Iter|  Inner_Iter|    rms[Rho]|   rms[RhoE]|      rms[k]|      rms[w]|
+-----------------------------------------------------------------------------+
|        3673|           0|   -1.505777|    4.410543|    2.334622|    5.541313|
|        3673|          25|   -5.248443|    1.621381|   -0.771519|    5.512360|
|        3673|          29|   -5.284324|    1.601896|   -0.859293|    5.511002|
+-----------------------------------------------------------------------------+
|   Time_Iter|  Inner_Iter|    rms[Rho]|   rms[RhoE]|      rms[k]|      rms[w]|
+-----------------------------------------------------------------------------+
|        3674|           0|   -1.505732|    4.410787|    2.334720|    5.521926|
|        3674|          25|   -5.263908|    1.596673|   -0.769904|    5.513017|
|        3674|          29|   -5.299692|    1.578992|   -0.855819|    5.513426|
+-----------------------------------------------------------------------------+
|   Time_Iter|  Inner_Iter|    rms[Rho]|   rms[RhoE]|      rms[k]|      rms[w]|
+-----------------------------------------------------------------------------+
|        3675|           0|   -1.505688|    4.411098|    2.334820|    5.522479|
|        3675|          25|   -5.265023|    1.593277|   -0.764635|    5.565036|
|        3675|          29|   -5.298376|    1.579119|   -0.848694|    5.571145|
+-----------------------------------------------------------------------------+
|   Time_Iter|  Inner_Iter|    rms[Rho]|   rms[RhoE]|      rms[k]|      rms[w]|
+-----------------------------------------------------------------------------+
|        3676|           0|   -1.505642|    4.411465|    2.334919|    5.579518|
|        3676|          25|   -5.253331|    1.610236|   -0.758401|    5.637403|
|        3676|          29|   -5.282274|    1.600433|   -0.841852|    5.643038|
+-----------------------------------------------------------------------------+
|   Time_Iter|  Inner_Iter|    rms[Rho]|   rms[RhoE]|      rms[k]|      rms[w]|
+-----------------------------------------------------------------------------+
|        3677|           0|   -1.505598|    4.411796|    2.335017|    5.650569|
|        3677|          25|   -5.232874|    1.640211|   -0.753812|    5.698205|
|        3677|          29|   -5.257728|    1.633157|   -0.837838|    5.701197|
+-----------------------------------------------------------------------------+
|   Time_Iter|  Inner_Iter|    rms[Rho]|   rms[RhoE]|      rms[k]|      rms[w]|
+-----------------------------------------------------------------------------+
|        3678|           0|   -1.505554|    4.412114|    2.335113|    5.708397|
|        3678|          25|   -5.212319|    1.670152|   -0.751895|    5.734087|
|        3678|          29|   -5.235003|    1.663508|   -0.836870|    5.733022|
+-----------------------------------------------------------------------------+
|   Time_Iter|  Inner_Iter|    rms[Rho]|   rms[RhoE]|      rms[k]|      rms[w]|
+-----------------------------------------------------------------------------+
|        3679|           0|   -1.505511|    4.412355|    2.335204|    5.740148|
|        3679|          25|   -5.198967|    1.690281|   -0.750763|    5.735765|
|        3679|          29|   -5.221498|    1.682412|   -0.835736|    5.729519|
+-----------------------------------------------------------------------------+
|   Time_Iter|  Inner_Iter|    rms[Rho]|   rms[RhoE]|      rms[k]|      rms[w]|
+-----------------------------------------------------------------------------+
|        3680|           0|   -1.505471|    4.412399|    2.335289|    5.736774|
|        3680|          25|   -5.196095|    1.696379|   -0.755514|    5.703959|
|        3680|          29|   -5.219983|    1.686397|   -0.842388|    5.693597|
+-----------------------------------------------------------------------+
|        File Writing Summary       |              Filename             |
+-----------------------------------------------------------------------+
|Paraview ASCII surface             |wall_npr20_production_cfl2_i30_from520_03680.vtk|
|CSV file                           |wall_npr20_production_cfl2_i30_from520_03680.csv|
+-----------------------------------------------------------------------+
+-----------------------------------------------------------------------------+
|   Time_Iter|  Inner_Iter|    rms[Rho]|   rms[RhoE]|      rms[k]|      rms[w]|
+-----------------------------------------------------------------------------+
|        3681|           0|   -1.505432|    4.412346|    2.335373|    5.701539|
|        3681|          25|   -5.203112|    1.688845|   -0.759411|    5.647719|
|        3681|          29|   -5.229349|    1.676387|   -0.847149|    5.635674|
+-----------------------------------------------------------------------------+
|   Time_Iter|  Inner_Iter|    rms[Rho]|   rms[RhoE]|      rms[k]|      rms[w]|
+-----------------------------------------------------------------------------+
|        3682|           0|   -1.505393|    4.412336|    2.335457|    5.644906|
|        3682|          25|   -5.218122|    1.669645|   -0.764084|    5.581622|
|        3682|          29|   -5.246796|    1.655250|   -0.852654|    5.570109|
+-----------------------------------------------------------------------------+
|   Time_Iter|  Inner_Iter|    rms[Rho]|   rms[RhoE]|      rms[k]|      rms[w]|
+-----------------------------------------------------------------------------+
|        3683|           0|   -1.505353|    4.412383|    2.335541|    5.580742|
|        3683|          25|   -5.235246|    1.645691|   -0.768378|    5.532143|
|        3683|          29|   -5.267032|    1.628917|   -0.857262|    5.525023|
+-----------------------------------------------------------------------------+
|   Time_Iter|  Inner_Iter|    rms[Rho]|   rms[RhoE]|      rms[k]|      rms[w]|
+-----------------------------------------------------------------------------+
|        3684|           0|   -1.505313|    4.412487|    2.335621|    5.536794|
|        3684|          25|   -5.255162|    1.616236|   -0.770639|    5.510360|
|        3684|          29|   -5.290399|    1.596942|   -0.858779|    5.508403|
+-----------------------------------------------------------------------------+
|   Time_Iter|  Inner_Iter|    rms[Rho]|   rms[RhoE]|      rms[k]|      rms[w]|
+-----------------------------------------------------------------------------+
|        3685|           0|   -1.505273|    4.412598|    2.335697|    5.518987|
|        3685|          25|   -5.269906|    1.592740|   -0.766987|    5.511169|
|        3685|          29|   -5.304991|    1.575190|   -0.852182|    5.511939|
+-----------------------------------------------------------------------------+
|   Time_Iter|  Inner_Iter|    rms[Rho]|   rms[RhoE]|      rms[k]|      rms[w]|
+-----------------------------------------------------------------------------+
|        3686|           0|   -1.505231|    4.412768|    2.335768|    5.520982|
|        3686|          25|   -5.270430|    1.590229|   -0.764417|    5.564356|
|        3686|          29|   -5.302979|    1.576256|   -0.848897|    5.570408|
+-----------------------------------------------------------------------------+
|   Time_Iter|  Inner_Iter|    rms[Rho]|   rms[RhoE]|      rms[k]|      rms[w]|
+-----------------------------------------------------------------------------+
|        3687|           0|   -1.505188|    4.413034|    2.335839|    5.578750|
|        3687|          25|   -5.258200|    1.607738|   -0.758787|    5.635794|
|        3687|          29|   -5.286343|    1.598065|   -0.842670|    5.641237|
+-----------------------------------------------------------------------------+
|   Time_Iter|  Inner_Iter|    rms[Rho]|   rms[RhoE]|      rms[k]|      rms[w]|
+-----------------------------------------------------------------------------+
|        3688|           0|   -1.505144|    4.413338|    2.335908|    5.648761|
|        3688|          25|   -5.237485|    1.637713|   -0.754804|    5.695253|
|        3688|          29|   -5.261664|    1.630677|   -0.839196|    5.698050|
+-----------------------------------------------------------------------------+
|   Time_Iter|  Inner_Iter|    rms[Rho]|   rms[RhoE]|      rms[k]|      rms[w]|
+-----------------------------------------------------------------------------+
|        3689|           0|   -1.505102|    4.413610|    2.335980|    5.705254|
|        3689|          25|   -5.216960|    1.667282|   -0.753609|    5.729820|
|        3689|          29|   -5.239107|    1.660594|   -0.838939|    5.728600|
+-----------------------------------------------------------------------------+
|   Time_Iter|  Inner_Iter|    rms[Rho]|   rms[RhoE]|      rms[k]|      rms[w]|
+-----------------------------------------------------------------------------+
|        3690|           0|   -1.505060|    4.413778|    2.336043|    5.735744|
|        3690|          25|   -5.203790|    1.686968|   -0.754761|    5.730648|
|        3690|          29|   -5.225879|    1.679038|   -0.840920|    5.724337|
+-----------------------------------------------------------------------+
|        File Writing Summary       |              Filename             |
+-----------------------------------------------------------------------+
|Paraview ASCII surface             |wall_npr20_production_cfl2_i30_from520_03690.vtk|
|CSV file                           |wall_npr20_production_cfl2_i30_from520_03690.csv|
+-----------------------------------------------------------------------+
+-----------------------------------------------------------------------------+
|   Time_Iter|  Inner_Iter|    rms[Rho]|   rms[RhoE]|      rms[k]|      rms[w]|
+-----------------------------------------------------------------------------+
|        3691|           0|   -1.505020|    4.413811|    2.336100|    5.731623|
|        3691|          25|   -5.201102|    1.692750|   -0.757643|    5.698664|
|        3691|          29|   -5.224597|    1.682714|   -0.844558|    5.688354|
+-----------------------------------------------------------------------------+
|   Time_Iter|  Inner_Iter|    rms[Rho]|   rms[RhoE]|      rms[k]|      rms[w]|
+-----------------------------------------------------------------------------+
|        3692|           0|   -1.504980|    4.413862|    2.336156|    5.696327|
|        3692|          25|   -5.208263|    1.685067|   -0.761658|    5.642796|
|        3692|          29|   -5.234120|    1.672567|   -0.849505|    5.630838|
+-----------------------------------------------------------------------------+
|   Time_Iter|  Inner_Iter|    rms[Rho]|   rms[RhoE]|      rms[k]|      rms[w]|
+-----------------------------------------------------------------------------+
|        3693|           0|   -1.504941|    4.413868|    2.336216|    5.640094|
|        3693|          25|   -5.223348|    1.665890|   -0.766807|    5.577436|
|        3693|          29|   -5.251637|    1.651459|   -0.855193|    5.566068|
+-----------------------------------------------------------------------------+
|   Time_Iter|  Inner_Iter|    rms[Rho]|   rms[RhoE]|      rms[k]|      rms[w]|
+-----------------------------------------------------------------------------+
|        3694|           0|   -1.504904|    4.413720|    2.336278|    5.576703|
|        3694|          25|   -5.240532|    1.642018|   -0.771474|    5.528538|
|        3694|          29|   -5.271891|    1.625255|   -0.860064|    5.521611|
+-----------------------------------------------------------------------------+
|   Time_Iter|  Inner_Iter|    rms[Rho]|   rms[RhoE]|      rms[k]|      rms[w]|
+-----------------------------------------------------------------------------+
|        3695|           0|   -1.504867|    4.413541|    2.336339|    5.533374|
|        3695|          25|   -5.260518|    1.612668|   -0.774163|    5.507474|
|        3695|          29|   -5.295301|    1.593428|   -0.861897|    5.505523|
+-----------------------------------------------------------------------------+
|   Time_Iter|  Inner_Iter|    rms[Rho]|   rms[RhoE]|      rms[k]|      rms[w]|
+-----------------------------------------------------------------------------+
|        3696|           0|   -1.504829|    4.413415|    2.336404|    5.516098|
|        3696|          25|   -5.275273|    1.589276|   -0.773336|    5.508183|
|        3696|          29|   -5.309882|    1.571787|   -0.859128|    5.508849|
+-----------------------------------------------------------------------------+
|   Time_Iter|  Inner_Iter|    rms[Rho]|   rms[RhoE]|      rms[k]|      rms[w]|
+-----------------------------------------------------------------------------+
|        3697|           0|   -1.504791|    4.413358|    2.336468|    5.517892|
|        3697|          25|   -5.275743|    1.586671|   -0.769188|    5.560445|
|        3697|          29|   -5.307846|    1.572733|   -0.853110|    5.566358|
+-----------------------------------------------------------------------------+
|   Time_Iter|  Inner_Iter|    rms[Rho]|   rms[RhoE]|      rms[k]|      rms[w]|
+-----------------------------------------------------------------------------+
|        3698|           0|   -1.504752|    4.413398|    2.336534|    5.574713|
|        3698|          25|   -5.263455|    1.603922|   -0.764258|    5.630997|
|        3698|          29|   -5.291230|    1.594229|   -0.847470|    5.636361|
+-----------------------------------------------------------------------------+
|   Time_Iter|  Inner_Iter|    rms[Rho]|   rms[RhoE]|      rms[k]|      rms[w]|
+-----------------------------------------------------------------------------+
|        3699|           0|   -1.504711|    4.413548|    2.336598|    5.643899|
|        3699|          25|   -5.242667|    1.633611|   -0.760968|    5.689946|
|        3699|          29|   -5.266530|    1.626562|   -0.844526|    5.692726|
+-----------------------------------------------------------------------+
|        File Writing Summary       |              Filename             |
+-----------------------------------------------------------------------+
|SU2 binary restart                 |restart_npr20_production_cfl2_i30_from520_03699.dat|
+-----------------------------------------------------------------------+
+-----------------------------------------------------------------------------+
|   Time_Iter|  Inner_Iter|    rms[Rho]|   rms[RhoE]|      rms[k]|      rms[w]|
+-----------------------------------------------------------------------------+
|        3700|           0|   -1.504670|    4.413787|    2.336666|    5.699948|
|        3700|          25|   -5.221978|    1.663095|   -0.760377|    5.724493|
|        3700|          29|   -5.243838|    1.656418|   -0.844656|    5.723368|
+-----------------------------------------------------------------------+
|        File Writing Summary       |              Filename             |
+-----------------------------------------------------------------------+
|SU2 binary restart                 |restart_npr20_production_cfl2_i30_from520_03700.dat|
|Paraview ASCII                     |flow_npr20_production_cfl2_i30_from520_03700.vtk|
|Paraview ASCII surface             |wall_npr20_production_cfl2_i30_from520_03700.vtk|
|CSV file                           |wall_npr20_production_cfl2_i30_from520_03700.csv|
+-----------------------------------------------------------------------+
+-----------------------------------------------------------------------------+
|   Time_Iter|  Inner_Iter|    rms[Rho]|   rms[RhoE]|      rms[k]|      rms[w]|
+-----------------------------------------------------------------------------+
|        3701|           0|   -1.504627|    4.414126|    2.336738|    5.730539|
|        3701|          25|   -5.208536|    1.682929|   -0.762156|    5.726258|
|        3701|          29|   -5.230343|    1.675047|   -0.847078|    5.720088|
+-----------------------------------------------------------------------------+
|   Time_Iter|  Inner_Iter|    rms[Rho]|   rms[RhoE]|      rms[k]|      rms[w]|
+-----------------------------------------------------------------------------+
|        3702|           0|   -1.504582|    4.414549|    2.336816|    5.727384|
|        3702|          25|   -5.205481|    1.689073|   -0.765714|    5.695432|
|        3702|          29|   -5.228693|    1.679116|   -0.851180|    5.685470|
+-----------------------------------------------------------------------------+
|   Time_Iter|  Inner_Iter|    rms[Rho]|   rms[RhoE]|      rms[k]|      rms[w]|
+-----------------------------------------------------------------------------+
|        3703|           0|   -1.504537|    4.415026|    2.336891|    5.693425|
|        3703|          25|   -5.212247|    1.681862|   -0.770597|    5.640699|
|        3703|          29|   -5.237809|    1.669479|   -0.856567|    5.628891|
+-----------------------------------------------------------------------------+
|   Time_Iter|  Inner_Iter|    rms[Rho]|   rms[RhoE]|      rms[k]|      rms[w]|
+-----------------------------------------------------------------------------+
|        3704|           0|   -1.504493|    4.415473|    2.336956|    5.638130|
|        3704|          25|   -5.227105|    1.663033|   -0.776460|    5.576147|
|        3704|          29|   -5.255131|    1.648699|   -0.862916|    5.564673|
+-----------------------------------------------------------------------------+
|   Time_Iter|  Inner_Iter|    rms[Rho]|   rms[RhoE]|      rms[k]|      rms[w]|
+-----------------------------------------------------------------------------+
|        3705|           0|   -1.504449|    4.415817|    2.337004|    5.575244|
|        3705|          25|   -5.243969|    1.639627|   -0.782235|    5.526246|
|        3705|          29|   -5.275075|    1.622953|   -0.868707|    5.519185|
+-----------------------------------------------------------------------------+
|   Time_Iter|  Inner_Iter|    rms[Rho]|   rms[RhoE]|      rms[k]|      rms[w]|
+-----------------------------------------------------------------------------+
|        3706|           0|   -1.504407|    4.416089|    2.337051|    5.531005|
|        3706|          25|   -5.263619|    1.610840|   -0.786115|    5.503652|
|        3706|          29|   -5.298278|    1.591494|   -0.871552|    5.502340|
+-----------------------------------------------------------------------------+
|   Time_Iter|  Inner_Iter|    rms[Rho]|   rms[RhoE]|      rms[k]|      rms[w]|
+-----------------------------------------------------------------------------+
|        3707|           0|   -1.504365|    4.416319|    2.337108|    5.513245|
|        3707|          25|   -5.279082|    1.586446|   -0.786541|    5.504120|
|        3707|          29|   -5.313590|    1.568918|   -0.869927|    5.504216|
+-----------------------------------------------------------------------------+
|   Time_Iter|  Inner_Iter|    rms[Rho]|   rms[RhoE]|      rms[k]|      rms[w]|
+-----------------------------------------------------------------------------+
|        3708|           0|   -1.504323|    4.416516|    2.337168|    5.513274|
|        3708|          25|   -5.280070|    1.582781|   -0.783543|    5.553336|
|        3708|          29|   -5.312228|    1.568690|   -0.864796|    5.559022|
+-----------------------------------------------------------------------------+
|   Time_Iter|  Inner_Iter|    rms[Rho]|   rms[RhoE]|      rms[k]|      rms[w]|
+-----------------------------------------------------------------------------+
|        3709|           0|   -1.504282|    4.416641|    2.337220|    5.567440|
|        3709|          25|   -5.268272|    1.598948|   -0.779620|    5.622986|
|        3709|          29|   -5.296252|    1.589043|   -0.859987|    5.628401|
+-----------------------------------------------------------------------------+
|   Time_Iter|  Inner_Iter|    rms[Rho]|   rms[RhoE]|      rms[k]|      rms[w]|
+-----------------------------------------------------------------------------+
|        3710|           0|   -1.504241|    4.416679|    2.337249|    5.635983|
|        3710|          25|   -5.247677|    1.628041|   -0.777230|    5.682228|
|        3710|          29|   -5.271723|    1.620906|   -0.857753|    5.685161|
+-----------------------------------------------------------------------+
|        File Writing Summary       |              Filename             |
+-----------------------------------------------------------------------+
|Paraview ASCII surface             |wall_npr20_production_cfl2_i30_from520_03710.vtk|
|CSV file                           |wall_npr20_production_cfl2_i30_from520_03710.csv|
+-----------------------------------------------------------------------+
+-----------------------------------------------------------------------------+
|   Time_Iter|  Inner_Iter|    rms[Rho]|   rms[RhoE]|      rms[k]|      rms[w]|
+-----------------------------------------------------------------------------+
|        3711|           0|   -1.504200|    4.416840|    2.337299|    5.692418|
|        3711|          25|   -5.226669|    1.657710|   -0.777583|    5.717976|
|        3711|          29|   -5.248646|    1.651061|   -0.858668|    5.717203|
+-----------------------------------------------------------------------------+
|   Time_Iter|  Inner_Iter|    rms[Rho]|   rms[RhoE]|      rms[k]|      rms[w]|
+-----------------------------------------------------------------------------+
|        3712|           0|   -1.504158|    4.417063|    2.337343|    5.724416|
|        3712|          25|   -5.212447|    1.678282|   -0.780444|    5.722505|
|        3712|          29|   -5.234225|    1.670523|   -0.861988|    5.716684|
+-----------------------------------------------------------------------------+
|   Time_Iter|  Inner_Iter|    rms[Rho]|   rms[RhoE]|      rms[k]|      rms[w]|
+-----------------------------------------------------------------------------+
|        3713|           0|   -1.504117|    4.417314|    2.337384|    5.723970|
|        3713|          25|   -5.208451|    1.685495|   -0.785192|    5.694216|
|        3713|          29|   -5.231368|    1.675721|   -0.867114|    5.684659|
+-----------------------------------------------------------------------------+
|   Time_Iter|  Inner_Iter|    rms[Rho]|   rms[RhoE]|      rms[k]|      rms[w]|
+-----------------------------------------------------------------------------+
|        3714|           0|   -1.504077|    4.417527|    2.337420|    5.692651|
|        3714|          25|   -5.214174|    1.679389|   -0.791475|    5.641452|
|        3714|          29|   -5.239319|    1.667247|   -0.873771|    5.629850|
+-----------------------------------------------------------------------------+
|   Time_Iter|  Inner_Iter|    rms[Rho]|   rms[RhoE]|      rms[k]|      rms[w]|
+-----------------------------------------------------------------------------+
|        3715|           0|   -1.504038|    4.417623|    2.337443|    5.639004|
|        3715|          25|   -5.228284|    1.661303|   -0.798865|    5.577993|
|        3715|          29|   -5.256053|    1.647152|   -0.881465|    5.566193|
+-----------------------------------------------------------------------------+
|   Time_Iter|  Inner_Iter|    rms[Rho]|   rms[RhoE]|      rms[k]|      rms[w]|
+-----------------------------------------------------------------------------+
|        3716|           0|   -1.503999|    4.417724|    2.337471|    5.576581|
|        3716|          25|   -5.244381|    1.638790|   -0.806303|    5.525481|
|        3716|          29|   -5.275303|    1.622283|   -0.888784|    5.517947|
+-----------------------------------------------------------------------------+
|   Time_Iter|  Inner_Iter|    rms[Rho]|   rms[RhoE]|      rms[k]|      rms[w]|
+-----------------------------------------------------------------------------+
|        3717|           0|   -1.503962|    4.417755|    2.337511|    5.529629|
|        3717|          25|   -5.263718|    1.610350|   -0.811939|    5.502072|
|        3717|          29|   -5.297859|    1.591648|   -0.893293|    5.497840|
+-----------------------------------------------------------------------------+
|   Time_Iter|  Inner_Iter|    rms[Rho]|   rms[RhoE]|      rms[k]|      rms[w]|
+-----------------------------------------------------------------------------+
|        3718|           0|   -1.503925|    4.417694|    2.337559|    5.509415|
|        3718|          25|   -5.279773|    1.584703|   -0.813940|    5.499508|
|        3718|          29|   -5.314714|    1.566969|   -0.893104|    5.498511|
+-----------------------------------------------------------------------------+
|   Time_Iter|  Inner_Iter|    rms[Rho]|   rms[RhoE]|      rms[k]|      rms[w]|
+-----------------------------------------------------------------------------+
|        3719|           0|   -1.503888|    4.417698|    2.337616|    5.507587|
|        3719|          25|   -5.282133|    1.579028|   -0.812035|    5.543138|
|        3719|          29|   -5.314914|    1.564520|   -0.888960|    5.548468|
+-----------------------------------------------------------------------------+
|   Time_Iter|  Inner_Iter|    rms[Rho]|   rms[RhoE]|      rms[k]|      rms[w]|
+-----------------------------------------------------------------------------+
|        3720|           0|   -1.503852|    4.417733|    2.337681|    5.556994|
|        3720|          25|   -5.271845|    1.593220|   -0.808656|    5.611533|
|        3720|          29|   -5.300719|    1.582861|   -0.884591|    5.617159|
+-----------------------------------------------------------------------+
|        File Writing Summary       |              Filename             |
+-----------------------------------------------------------------------+
|Paraview ASCII surface             |wall_npr20_production_cfl2_i30_from520_03720.vtk|
|CSV file                           |wall_npr20_production_cfl2_i30_from520_03720.csv|
+-----------------------------------------------------------------------+
+-----------------------------------------------------------------------------+
|   Time_Iter|  Inner_Iter|    rms[Rho]|   rms[RhoE]|      rms[k]|      rms[w]|
+-----------------------------------------------------------------------------+
|        3721|           0|   -1.503815|    4.417787|    2.337756|    5.624844|
|        3721|          25|   -5.251906|    1.621249|   -0.806623|    5.671890|
|        3721|          29|   -5.276797|    1.613849|   -0.882697|    5.675095|
+-----------------------------------------------------------------------------+
|   Time_Iter|  Inner_Iter|    rms[Rho]|   rms[RhoE]|      rms[k]|      rms[w]|
+-----------------------------------------------------------------------------+
|        3722|           0|   -1.503777|    4.417907|    2.337836|    5.682404|
|        3722|          25|   -5.230587|    1.651239|   -0.807384|    5.710068|
|        3722|          29|   -5.253225|    1.644556|   -0.884086|    5.709676|
+-----------------------------------------------------------------------------+
|   Time_Iter|  Inner_Iter|    rms[Rho]|   rms[RhoE]|      rms[k]|      rms[w]|
+-----------------------------------------------------------------------------+
|        3723|           0|   -1.503739|    4.418077|    2.337916|    5.716946|
|        3723|          25|   -5.215396|    1.673068|   -0.810825|    5.719027|
|        3723|          29|   -5.237734|    1.665430|   -0.888039|    5.713761|
+-----------------------------------------------------------------------------+
|   Time_Iter|  Inner_Iter|    rms[Rho]|   rms[RhoE]|      rms[k]|      rms[w]|
+-----------------------------------------------------------------------------+
|        3724|           0|   -1.503699|    4.418294|    2.338007|    5.721023|
|        3724|          25|   -5.209985|    1.682042|   -0.816275|    5.694703|
|        3724|          29|   -5.233532|    1.672480|   -0.893929|    5.685630|
+-----------------------------------------------------------------------------+
|   Time_Iter|  Inner_Iter|    rms[Rho]|   rms[RhoE]|      rms[k]|      rms[w]|
+-----------------------------------------------------------------------------+
|        3725|           0|   -1.503659|    4.418435|    2.338088|    5.693533|
|        3725|          25|   -5.214411|    1.677700|   -0.823403|    5.644877|
|        3725|          29|   -5.240147|    1.665829|   -0.901442|    5.633575|
+-----------------------------------------------------------------------------+
|   Time_Iter|  Inner_Iter|    rms[Rho]|   rms[RhoE]|      rms[k]|      rms[w]|
+-----------------------------------------------------------------------------+
|        3726|           0|   -1.503618|    4.418612|    2.338164|    5.642588|
|        3726|          25|   -5.227714|    1.660824|   -0.831784|    5.583315|
|        3726|          29|   -5.256071|    1.646870|   -0.910182|    5.571094|
+-----------------------------------------------------------------------------+
|   Time_Iter|  Inner_Iter|    rms[Rho]|   rms[RhoE]|      rms[k]|      rms[w]|
+-----------------------------------------------------------------------------+
|        3727|           0|   -1.503576|    4.418907|    2.338226|    5.581231|
|        3727|          25|   -5.243142|    1.639177|   -0.840337|    5.528655|
|        3727|          29|   -5.274251|    1.623237|   -0.918722|    5.519230|
+-----------------------------------------------------------------------------+
|   Time_Iter|  Inner_Iter|    rms[Rho]|   rms[RhoE]|      rms[k]|      rms[w]|
+-----------------------------------------------------------------------------+
|        3728|           0|   -1.503533|    4.419201|    2.338276|    5.530478|
|        3728|          25|   -5.261674|    1.611744|   -0.847078|    5.502045|
|        3728|          29|   -5.296051|    1.593572|   -0.924456|    5.495768|
+-----------------------------------------------------------------------------+
|   Time_Iter|  Inner_Iter|    rms[Rho]|   rms[RhoE]|      rms[k]|      rms[w]|
+-----------------------------------------------------------------------------+
|        3729|           0|   -1.503489|    4.419528|    2.338334|    5.506469|
|        3729|          25|   -5.278798|    1.584590|   -0.849748|    5.495608|
|        3729|          29|   -5.314729|    1.566439|   -0.925009|    5.492919|
+-----------------------------------------------------------------------------+
|   Time_Iter|  Inner_Iter|    rms[Rho]|   rms[RhoE]|      rms[k]|      rms[w]|
+-----------------------------------------------------------------------------+
|        3730|           0|   -1.503445|    4.419903|    2.338398|    5.502013|
|        3730|          25|   -5.282658|    1.575922|   -0.847737|    5.530223|
|        3730|          29|   -5.316993|    1.560690|   -0.920670|    5.534961|
+-----------------------------------------------------------------------+
|        File Writing Summary       |              Filename             |
+-----------------------------------------------------------------------+
|Paraview ASCII surface             |wall_npr20_production_cfl2_i30_from520_03730.vtk|
|CSV file                           |wall_npr20_production_cfl2_i30_from520_03730.csv|
+-----------------------------------------------------------------------+
+-----------------------------------------------------------------------------+
|   Time_Iter|  Inner_Iter|    rms[Rho]|   rms[RhoE]|      rms[k]|      rms[w]|
+-----------------------------------------------------------------------------+
|        3731|           0|   -1.503401|    4.420321|    2.338463|    5.543634|
|        3731|          25|   -5.273863|    1.587139|   -0.843365|    5.596603|
|        3731|          29|   -5.304508|    1.575993|   -0.915265|    5.602272|
+-----------------------------------------------------------------------------+
|   Time_Iter|  Inner_Iter|    rms[Rho]|   rms[RhoE]|      rms[k]|      rms[w]|
+-----------------------------------------------------------------------------+
|        3732|           0|   -1.503356|    4.420788|    2.338519|    5.610120|
|        3732|          25|   -5.255204|    1.613413|   -0.840010|    5.658627|
|        3732|          29|   -5.281778|    1.605501|   -0.912197|    5.662190|
+-----------------------------------------------------------------------------+
|   Time_Iter|  Inner_Iter|    rms[Rho]|   rms[RhoE]|      rms[k]|      rms[w]|
+-----------------------------------------------------------------------------+
|        3733|           0|   -1.503310|    4.421288|    2.338567|    5.669545|
|        3733|          25|   -5.233893|    1.643601|   -0.839421|    5.700843|
|        3733|          29|   -5.257857|    1.636783|   -0.912482|    5.700726|
+-----------------------------------------------------------------------------+
|   Time_Iter|  Inner_Iter|    rms[Rho]|   rms[RhoE]|      rms[k]|      rms[w]|
+-----------------------------------------------------------------------------+
|        3734|           0|   -1.503264|    4.421785|    2.338628|    5.707889|
|        3734|          25|   -5.217533|    1.667115|   -0.841756|    5.715201|
|        3734|          29|   -5.240862|    1.659570|   -0.915612|    5.710785|
+-----------------------------------------------------------------------------+
|   Time_Iter|  Inner_Iter|    rms[Rho]|   rms[RhoE]|      rms[k]|      rms[w]|
+-----------------------------------------------------------------------------+
|        3735|           0|   -1.503219|    4.422278|    2.338656|    5.718016|
|        3735|          25|   -5.210308|    1.678489|   -0.846322|    5.696346|
|        3735|          29|   -5.234615|    1.669163|   -0.920797|    5.688000|
+-----------------------------------------------------------------------------+
|   Time_Iter|  Inner_Iter|    rms[Rho]|   rms[RhoE]|      rms[k]|      rms[w]|
+-----------------------------------------------------------------------------+
|        3736|           0|   -1.503174|    4.422772|    2.338661|    5.695786|
|        3736|          25|   -5.212909|    1.676507|   -0.852668|    5.650642|
|        3736|          29|   -5.239238|    1.664987|   -0.927707|    5.639786|
+-----------------------------------------------------------------------------+
|   Time_Iter|  Inner_Iter|    rms[Rho]|   rms[RhoE]|      rms[k]|      rms[w]|
+-----------------------------------------------------------------------------+
|        3737|           0|   -1.503130|    4.423194|    2.338635|    5.648617|
|        3737|          25|   -5.224332|    1.662028|   -0.860339|    5.591335|
|        3737|          29|   -5.253728|    1.647864|   -0.935954|    5.579578|
+-----------------------------------------------------------------------------+
|   Time_Iter|  Inner_Iter|    rms[Rho]|   rms[RhoE]|      rms[k]|      rms[w]|
+-----------------------------------------------------------------------------+
|        3738|           0|   -1.503087|    4.423502|    2.338548|    5.589566|
|        3738|          25|   -5.239352|    1.641017|   -0.868396|    5.534390|
|        3738|          29|   -5.271210|    1.625260|   -0.944250|    5.524718|
+-----------------------------------------------------------------------------+
|   Time_Iter|  Inner_Iter|    rms[Rho]|   rms[RhoE]|      rms[k]|      rms[w]|
+-----------------------------------------------------------------------------+
|        3739|           0|   -1.503046|    4.423719|    2.338469|    5.535846|
|        3739|          25|   -5.256944|    1.614898|   -0.874794|    5.503392|
|        3739|          29|   -5.292080|    1.596918|   -0.949943|    5.496821|
+-----------------------------------------------------------------------------+
|   Time_Iter|  Inner_Iter|    rms[Rho]|   rms[RhoE]|      rms[k]|      rms[w]|
+-----------------------------------------------------------------------------+
|        3740|           0|   -1.503006|    4.423866|    2.338416|    5.507759|
|        3740|          25|   -5.275053|    1.586375|   -0.877018|    5.493847|
|        3740|          29|   -5.312404|    1.567714|   -0.950302|    5.489361|
+-----------------------------------------------------------------------+
|        File Writing Summary       |              Filename             |
+-----------------------------------------------------------------------+
|Paraview ASCII surface             |wall_npr20_production_cfl2_i30_from520_03740.vtk|
|CSV file                           |wall_npr20_production_cfl2_i30_from520_03740.csv|
+-----------------------------------------------------------------------+
+-----------------------------------------------------------------------------+
|   Time_Iter|  Inner_Iter|    rms[Rho]|   rms[RhoE]|      rms[k]|      rms[w]|
+-----------------------------------------------------------------------------+
|        3741|           0|   -1.502968|    4.423816|    2.338384|    5.498470|
|        3741|          25|   -5.281537|    1.573764|   -0.874056|    5.515461|
|        3741|          29|   -5.317783|    1.557612|   -0.945074|    5.519232|
+-----------------------------------------------------------------------------+
|   Time_Iter|  Inner_Iter|    rms[Rho]|   rms[RhoE]|      rms[k]|      rms[w]|
+-----------------------------------------------------------------------------+
|        3742|           0|   -1.502930|    4.423761|    2.338360|    5.528081|
|        3742|          25|   -5.275541|    1.580900|   -0.867798|    5.578251|
|        3742|          29|   -5.308421|    1.568680|   -0.937698|    5.583900|
+-----------------------------------------------------------------------------+
|   Time_Iter|  Inner_Iter|    rms[Rho]|   rms[RhoE]|      rms[k]|      rms[w]|
+-----------------------------------------------------------------------------+
|        3743|           0|   -1.502894|    4.423721|    2.338356|    5.591913|
|        3743|          25|   -5.259100|    1.604447|   -0.861834|    5.642015|
|        3743|          29|   -5.287719|    1.595789|   -0.932396|    5.646064|
+-----------------------------------------------------------------------------+
|   Time_Iter|  Inner_Iter|    rms[Rho]|   rms[RhoE]|      rms[k]|      rms[w]|
+-----------------------------------------------------------------------------+
|        3744|           0|   -1.502858|    4.423698|    2.338373|    5.653506|
|        3744|          25|   -5.238321|    1.634451|   -0.859230|    5.689065|
|        3744|          29|   -5.263813|    1.627361|   -0.930634|    5.689821|
+-----------------------------------------------------------------------------+
|   Time_Iter|  Inner_Iter|    rms[Rho]|   rms[RhoE]|      rms[k]|      rms[w]|
+-----------------------------------------------------------------------------+
|        3745|           0|   -1.502822|    4.423692|    2.338410|    5.697026|
|        3745|          25|   -5.220850|    1.659875|   -0.859396|    5.709801|
|        3745|          29|   -5.245171|    1.652413|   -0.931902|    5.706578|
+-----------------------------------------------------------------------------+
|   Time_Iter|  Inner_Iter|    rms[Rho]|   rms[RhoE]|      rms[k]|      rms[w]|
+-----------------------------------------------------------------------------+
|        3746|           0|   -1.502786|    4.423716|    2.338466|    5.713846|
|        3746|          25|   -5.211719|    1.674127|   -0.862042|    5.698235|
|        3746|          29|   -5.236553|    1.665127|   -0.935391|    5.690890|
+-----------------------------------------------------------------------------+
|   Time_Iter|  Inner_Iter|    rms[Rho]|   rms[RhoE]|      rms[k]|      rms[w]|
+-----------------------------------------------------------------------------+
|        3747|           0|   -1.502750|    4.423711|    2.338541|    5.698557|
|        3747|          25|   -5.212422|    1.675034|   -0.866524|    5.658743|
|        3747|          29|   -5.238940|    1.663975|   -0.940673|    5.647959|
+-----------------------------------------------------------------------------+
|   Time_Iter|  Inner_Iter|    rms[Rho]|   rms[RhoE]|      rms[k]|      rms[w]|
+-----------------------------------------------------------------------------+
|        3748|           0|   -1.502714|    4.423723|    2.338630|    5.656519|
|        3748|          25|   -5.221746|    1.663764|   -0.872537|    5.602346|
|        3748|          29|   -5.251043|    1.650108|   -0.947481|    5.590568|
+-----------------------------------------------------------------------------+
|   Time_Iter|  Inner_Iter|    rms[Rho]|   rms[RhoE]|      rms[k]|      rms[w]|
+-----------------------------------------------------------------------------+
|        3749|           0|   -1.502678|    4.423779|    2.338724|    5.600247|
|        3749|          25|   -5.236510|    1.643747|   -0.879277|    5.542875|
|        3749|          29|   -5.268329|    1.628307|   -0.954806|    5.533044|
+-----------------------------------------------------------------------+
|        File Writing Summary       |              Filename             |
+-----------------------------------------------------------------------+
|SU2 binary restart                 |restart_npr20_production_cfl2_i30_from520_03749.dat|
+-----------------------------------------------------------------------+
+-----------------------------------------------------------------------------+
|   Time_Iter|  Inner_Iter|    rms[Rho]|   rms[RhoE]|      rms[k]|      rms[w]|
+-----------------------------------------------------------------------------+
|        3750|           0|   -1.502641|    4.423922|    2.338811|    5.543960|
|        3750|          25|   -5.253370|    1.619150|   -0.884877|    5.505616|
|        3750|          29|   -5.288304|    1.601582|   -0.960204|    5.499210|
+-----------------------------------------------------------------------+
|        File Writing Summary       |              Filename             |
+-----------------------------------------------------------------------+
|SU2 binary restart                 |restart_npr20_production_cfl2_i30_from520_03750.dat|
|Paraview ASCII surface             |wall_npr20_production_cfl2_i30_from520_03750.vtk|
|CSV file                           |wall_npr20_production_cfl2_i30_from520_03750.csv|
+-----------------------------------------------------------------------+
+-----------------------------------------------------------------------------+
|   Time_Iter|  Inner_Iter|    rms[Rho]|   rms[RhoE]|      rms[k]|      rms[w]|
+-----------------------------------------------------------------------------+
|        3751|           0|   -1.502603|    4.424092|    2.338885|    5.510529|
|        3751|          25|   -5.272202|    1.590059|   -0.886901|    5.493925|
|        3751|          29|   -5.310019|    1.570988|   -0.960795|    5.488911|
+-----------------------------------------------------------------------------+
|   Time_Iter|  Inner_Iter|    rms[Rho]|   rms[RhoE]|      rms[k]|      rms[w]|
+-----------------------------------------------------------------------------+
|        3752|           0|   -1.502567|    4.424192|    2.338947|    5.498366|
|        3752|          25|   -5.282201|    1.572520|   -0.883742|    5.500612|
|        3752|          29|   -5.319496|    1.555480|   -0.955527|    5.502715|
+-----------------------------------------------------------------------------+
|   Time_Iter|  Inner_Iter|    rms[Rho]|   rms[RhoE]|      rms[k]|      rms[w]|
+-----------------------------------------------------------------------------+
|        3753|           0|   -1.502529|    4.424368|    2.338999|    5.511716|
|        3753|          25|   -5.279556|    1.574499|   -0.876709|    5.556720|
|        3753|          29|   -5.314026|    1.561097|   -0.947225|    5.562182|
+-----------------------------------------------------------------------------+
|   Time_Iter|  Inner_Iter|    rms[Rho]|   rms[RhoE]|      rms[k]|      rms[w]|
+-----------------------------------------------------------------------------+
|        3754|           0|   -1.502490|    4.424659|    2.339042|    5.570417|
|        3754|          25|   -5.265949|    1.594137|   -0.869519|    5.621782|
|        3754|          29|   -5.296138|    1.584571|   -0.940292|    5.626203|
+-----------------------------------------------------------------------------+
|   Time_Iter|  Inner_Iter|    rms[Rho]|   rms[RhoE]|      rms[k]|      rms[w]|
+-----------------------------------------------------------------------------+
|        3755|           0|   -1.502450|    4.425033|    2.339075|    5.633759|
|        3755|          25|   -5.245971|    1.623289|   -0.864554|    5.673796|
|        3755|          29|   -5.272567|    1.615855|   -0.936321|    5.675562|
+-----------------------------------------------------------------------------+
|   Time_Iter|  Inner_Iter|    rms[Rho]|   rms[RhoE]|      rms[k]|      rms[w]|
+-----------------------------------------------------------------------------+
|        3756|           0|   -1.502409|    4.425524|    2.339106|    5.682835|
|        3756|          25|   -5.227276|    1.650632|   -0.863100|    5.701710|
|        3756|          29|   -5.252100|    1.643309|   -0.936198|    5.699853|
+-----------------------------------------------------------------------------+
|   Time_Iter|  Inner_Iter|    rms[Rho]|   rms[RhoE]|      rms[k]|      rms[w]|
+-----------------------------------------------------------------------------+
|        3757|           0|   -1.502364|    4.426157|    2.339161|    5.707156|
|        3757|          25|   -5.215792|    1.668227|   -0.864042|    5.699617|
|        3757|          29|   -5.240643|    1.659664|   -0.938168|    5.693161|
+-----------------------------------------------------------------------------+
|   Time_Iter|  Inner_Iter|    rms[Rho]|   rms[RhoE]|      rms[k]|      rms[w]|
+-----------------------------------------------------------------------------+
|        3758|           0|   -1.502319|    4.426827|    2.339192|    5.700681|
|        3758|          25|   -5.213844|    1.672935|   -0.867056|    5.668273|
|        3758|          29|   -5.240130|    1.662346|   -0.942135|    5.658488|
+-----------------------------------------------------------------------------+
|   Time_Iter|  Inner_Iter|    rms[Rho]|   rms[RhoE]|      rms[k]|      rms[w]|
+-----------------------------------------------------------------------------+
|        3759|           0|   -1.502277|    4.427289|    2.339089|    5.666715|
|        3759|          25|   -5.220770|    1.665187|   -0.871699|    5.615693|
|        3759|          29|   -5.249465|    1.652240|   -0.947706|    5.604271|
+-----------------------------------------------------------------------------+
|   Time_Iter|  Inner_Iter|    rms[Rho]|   rms[RhoE]|      rms[k]|      rms[w]|
+-----------------------------------------------------------------------------+
|        3760|           0|   -1.502235|    4.427683|    2.338926|    5.613643|
|        3760|          25|   -5.234750|    1.646880|   -0.877405|    5.554971|
|        3760|          29|   -5.266054|    1.631993|   -0.954227|    5.544188|
+-----------------------------------------------------------------------+
|        File Writing Summary       |              Filename             |
+-----------------------------------------------------------------------+
|Paraview ASCII surface             |wall_npr20_production_cfl2_i30_from520_03760.vtk|
|CSV file                           |wall_npr20_production_cfl2_i30_from520_03760.csv|
+-----------------------------------------------------------------------+
+-----------------------------------------------------------------------------+
|   Time_Iter|  Inner_Iter|    rms[Rho]|   rms[RhoE]|      rms[k]|      rms[w]|
+-----------------------------------------------------------------------------+
|        3761|           0|   -1.502196|    4.427982|    2.338819|    5.554800|
|        3761|          25|   -5.250526|    1.624194|   -0.882736|    5.507782|
|        3761|          29|   -5.285002|    1.607063|   -0.959776|    5.501622|
+-----------------------------------------------------------------------------+
|   Time_Iter|  Inner_Iter|    rms[Rho]|   rms[RhoE]|      rms[k]|      rms[w]|
+-----------------------------------------------------------------------------+
|        3762|           0|   -1.502158|    4.428219|    2.338770|    5.513458|
|        3762|          25|   -5.268821|    1.596488|   -0.885369|    5.488569|
|        3762|          29|   -5.306896|    1.576840|   -0.961487|    5.487281|
+-----------------------------------------------------------------------------+
|   Time_Iter|  Inner_Iter|    rms[Rho]|   rms[RhoE]|      rms[k]|      rms[w]|
+-----------------------------------------------------------------------------+
|        3763|           0|   -1.502123|    4.428314|    2.338767|    5.498189|
|        3763|          25|   -5.283388|    1.572701|   -0.883428|    5.488510|
|        3763|          29|   -5.321552|    1.554818|   -0.957670|    5.488031|
+-----------------------------------------------------------------------------+
|   Time_Iter|  Inner_Iter|    rms[Rho]|   rms[RhoE]|      rms[k]|      rms[w]|
+-----------------------------------------------------------------------------+
|        3764|           0|   -1.502090|    4.428390|    2.338786|    5.497131|
|        3764|          25|   -5.284540|    1.568554|   -0.877139|    5.532745|
|        3764|          29|   -5.320635|    1.553868|   -0.949801|    5.537666|
+-----------------------------------------------------------------------------+
|   Time_Iter|  Inner_Iter|    rms[Rho]|   rms[RhoE]|      rms[k]|      rms[w]|
+-----------------------------------------------------------------------------+
|        3765|           0|   -1.502056|    4.428453|    2.338816|    5.546191|
|        3765|          25|   -5.274149|    1.582972|   -0.869041|    5.597523|
|        3765|          29|   -5.306339|    1.572230|   -0.941285|    5.602562|
+-----------------------------------------------------------------------------+
|   Time_Iter|  Inner_Iter|    rms[Rho]|   rms[RhoE]|      rms[k]|      rms[w]|
+-----------------------------------------------------------------------------+
|        3766|           0|   -1.502024|    4.428474|    2.338851|    5.610285|
|        3766|          25|   -5.255533|    1.610050|   -0.863986|    5.654160|
|        3766|          29|   -5.283775|    1.602100|   -0.937318|    5.656934|
+-----------------------------------------------------------------------------+
|   Time_Iter|  Inner_Iter|    rms[Rho]|   rms[RhoE]|      rms[k]|      rms[w]|
+-----------------------------------------------------------------------------+
|        3767|           0|   -1.501993|    4.428449|    2.338897|    5.664310|
|        3767|          25|   -5.235769|    1.638847|   -0.861231|    5.690105|
|        3767|          29|   -5.261605|    1.631661|   -0.935780|    5.689140|
+-----------------------------------------------------------------------------+
|   Time_Iter|  Inner_Iter|    rms[Rho]|   rms[RhoE]|      rms[k]|      rms[w]|
+-----------------------------------------------------------------------------+
|        3768|           0|   -1.501961|    4.428444|    2.338954|    5.696382|
|        3768|          25|   -5.221671|    1.660055|   -0.861319|    5.699137|
|        3768|          29|   -5.246974|    1.651990|   -0.936880|    5.694064|
+-----------------------------------------------------------------------------+
|   Time_Iter|  Inner_Iter|    rms[Rho]|   rms[RhoE]|      rms[k]|      rms[w]|
+-----------------------------------------------------------------------------+
|        3769|           0|   -1.501929|    4.428483|    2.339027|    5.701426|
|        3769|          25|   -5.216454|    1.669261|   -0.863380|    5.677070|
|        3769|          29|   -5.242766|    1.659393|   -0.939949|    5.668414|
+-----------------------------------------------------------------------------+
|   Time_Iter|  Inner_Iter|    rms[Rho]|   rms[RhoE]|      rms[k]|      rms[w]|
+-----------------------------------------------------------------------------+
|        3770|           0|   -1.501896|    4.428588|    2.339106|    5.676377|
|        3770|          25|   -5.220473|    1.665718|   -0.867232|    5.630654|
|        3770|          29|   -5.248853|    1.653652|   -0.944744|    5.619826|
+-----------------------------------------------------------------------+
|        File Writing Summary       |              Filename             |
+-----------------------------------------------------------------------+
|Paraview ASCII surface             |wall_npr20_production_cfl2_i30_from520_03770.vtk|
|CSV file                           |wall_npr20_production_cfl2_i30_from520_03770.csv|
+-----------------------------------------------------------------------+
+-----------------------------------------------------------------------------+
|   Time_Iter|  Inner_Iter|    rms[Rho]|   rms[RhoE]|      rms[k]|      rms[w]|
+-----------------------------------------------------------------------------+
|        3771|           0|   -1.501863|    4.428765|    2.339182|    5.628832|
|        3771|          25|   -5.232796|    1.650248|   -0.872391|    5.572593|
|        3771|          29|   -5.264078|    1.635816|   -0.950818|    5.560873|
+-----------------------------------------------------------------------------+
|   Time_Iter|  Inner_Iter|    rms[Rho]|   rms[RhoE]|      rms[k]|      rms[w]|
+-----------------------------------------------------------------------------+
|        3772|           0|   -1.501829|    4.429017|    2.339264|    5.570857|
|        3772|          25|   -5.247937|    1.629168|   -0.877844|    5.519104|
|        3772|          29|   -5.281842|    1.613036|   -0.956822|    5.509733|
+-----------------------------------------------------------------------------+
|   Time_Iter|  Inner_Iter|    rms[Rho]|   rms[RhoE]|      rms[k]|      rms[w]|
+-----------------------------------------------------------------------------+
|        3773|           0|   -1.501793|    4.429396|    2.339363|    5.520863|
|        3773|          25|   -5.265570|    1.603135|   -0.881618|    5.491628|
|        3773|          29|   -5.302746|    1.584903|   -0.960157|    5.485299|
+-----------------------------------------------------------------------------+
|   Time_Iter|  Inner_Iter|    rms[Rho]|   rms[RhoE]|      rms[k]|      rms[w]|
+-----------------------------------------------------------------------------+
|        3774|           0|   -1.501757|    4.429803|    2.339428|    5.496132|
|        3774|          25|   -5.283223|    1.575392|   -0.881528|    5.483759|
|        3774|          29|   -5.322496|    1.556780|   -0.958549|    5.479672|
+-----------------------------------------------------------------------------+
|   Time_Iter|  Inner_Iter|    rms[Rho]|   rms[RhoE]|      rms[k]|      rms[w]|
+-----------------------------------------------------------------------------+
|        3775|           0|   -1.501721|    4.430227|    2.339462|    5.488786|
|        3775|          25|   -5.288973|    1.564115|   -0.876746|    5.507944|
|        3775|          29|   -5.327051|    1.548125|   -0.951859|    5.511614|
+-----------------------------------------------------------------------------+
|   Time_Iter|  Inner_Iter|    rms[Rho]|   rms[RhoE]|      rms[k]|      rms[w]|
+-----------------------------------------------------------------------------+
|        3776|           0|   -1.501684|    4.430722|    2.339472|    5.520454|
|        3776|          25|   -5.282816|    1.571835|   -0.870080|    5.568776|
|        3776|          29|   -5.317488|    1.559690|   -0.944554|    5.574013|
+-----------------------------------------------------------------------------+
|   Time_Iter|  Inner_Iter|    rms[Rho]|   rms[RhoE]|      rms[k]|      rms[w]|
+-----------------------------------------------------------------------------+
|        3777|           0|   -1.501647|    4.431325|    2.339466|    5.582040|
|        3777|          25|   -5.266773|    1.595078|   -0.862892|    5.629579|
|        3777|          29|   -5.297228|    1.586328|   -0.937384|    5.633249|
+-----------------------------------------------------------------------------+
|   Time_Iter|  Inner_Iter|    rms[Rho]|   rms[RhoE]|      rms[k]|      rms[w]|
+-----------------------------------------------------------------------------+
|        3778|           0|   -1.501608|    4.431995|    2.339409|    5.640732|
|        3778|          25|   -5.246691|    1.624310|   -0.860473|    5.674381|
|        3778|          29|   -5.274033|    1.617055|   -0.936482|    5.674923|
+-----------------------------------------------------------------------------+
|   Time_Iter|  Inner_Iter|    rms[Rho]|   rms[RhoE]|      rms[k]|      rms[w]|
+-----------------------------------------------------------------------------+
|        3779|           0|   -1.501572|    4.432445|    2.339256|    5.682191|
|        3779|          25|   -5.229798|    1.649145|   -0.859651|    5.694102|
|        3779|          29|   -5.255917|    1.641551|   -0.936762|    5.690948|
+-----------------------------------------------------------------------------+
|   Time_Iter|  Inner_Iter|    rms[Rho]|   rms[RhoE]|      rms[k]|      rms[w]|
+-----------------------------------------------------------------------------+
|        3780|           0|   -1.501539|    4.432708|    2.339075|    5.698313|
|        3780|          25|   -5.220865|    1.663293|   -0.861017|    5.683832|
|        3780|          29|   -5.247448|    1.654237|   -0.939102|    5.676711|
+-----------------------------------------------------------------------+
|        File Writing Summary       |              Filename             |
+-----------------------------------------------------------------------+
|Paraview ASCII surface             |wall_npr20_production_cfl2_i30_from520_03780.vtk|
|CSV file                           |wall_npr20_production_cfl2_i30_from520_03780.csv|
+-----------------------------------------------------------------------+
+-----------------------------------------------------------------------------+
|   Time_Iter|  Inner_Iter|    rms[Rho]|   rms[RhoE]|      rms[k]|      rms[w]|
+-----------------------------------------------------------------------------+
|        3781|           0|   -1.501507|    4.432905|    2.338922|    5.684443|
|        3781|          25|   -5.221412|    1.664585|   -0.864149|    5.646906|
|        3781|          29|   -5.249777|    1.653414|   -0.943214|    5.636410|
+-----------------------------------------------------------------------------+
|   Time_Iter|  Inner_Iter|    rms[Rho]|   rms[RhoE]|      rms[k]|      rms[w]|
+-----------------------------------------------------------------------------+
|        3782|           0|   -1.501477|    4.432987|    2.338831|    5.644864|
|        3782|          25|   -5.230476|    1.653993|   -0.868777|    5.592670|
|        3782|          29|   -5.261503|    1.640429|   -0.948813|    5.581268|
+-----------------------------------------------------------------------------+
|   Time_Iter|  Inner_Iter|    rms[Rho]|   rms[RhoE]|      rms[k]|      rms[w]|
+-----------------------------------------------------------------------------+
|        3783|           0|   -1.501447|    4.433124|    2.338812|    5.590923|
|        3783|          25|   -5.245112|    1.634514|   -0.874222|    5.534682|
|        3783|          29|   -5.278831|    1.619134|   -0.955052|    5.524827|
+-----------------------------------------------------------------------------+
|   Time_Iter|  Inner_Iter|    rms[Rho]|   rms[RhoE]|      rms[k]|      rms[w]|
+-----------------------------------------------------------------------------+
|        3784|           0|   -1.501420|    4.433113|    2.338835|    5.535714|
|        3784|          25|   -5.261838|    1.610517|   -0.878880|    5.496228|
|        3784|          29|   -5.298744|    1.593121|   -0.959791|    5.490173|
+-----------------------------------------------------------------------------+
|   Time_Iter|  Inner_Iter|    rms[Rho]|   rms[RhoE]|      rms[k]|      rms[w]|
+-----------------------------------------------------------------------------+
|        3785|           0|   -1.501394|    4.433045|    2.338867|    5.501636|
|        3785|          25|   -5.280653|    1.581848|   -0.880647|    5.484515|
|        3785|          29|   -5.320829|    1.562753|   -0.960514|    5.480155|
+-----------------------------------------------------------------------------+
|   Time_Iter|  Inner_Iter|    rms[Rho]|   rms[RhoE]|      rms[k]|      rms[w]|
+-----------------------------------------------------------------------------+
|        3786|           0|   -1.501369|    4.432947|    2.338913|    5.489897|
|        3786|          25|   -5.292184|    1.562450|   -0.878141|    5.486665|
|        3786|          29|   -5.332144|    1.545263|   -0.956248|    5.487768|
+-----------------------------------------------------------------------------+
|   Time_Iter|  Inner_Iter|    rms[Rho]|   rms[RhoE]|      rms[k]|      rms[w]|
+-----------------------------------------------------------------------------+
|        3787|           0|   -1.501344|    4.432850|    2.338970|    5.496842|
|        3787|          25|   -5.291042|    1.562136|   -0.872255|    5.537058|
|        3787|          29|   -5.328426|    1.548375|   -0.949059|    5.542019|
+-----------------------------------------------------------------------------+
|   Time_Iter|  Inner_Iter|    rms[Rho]|   rms[RhoE]|      rms[k]|      rms[w]|
+-----------------------------------------------------------------------------+
|        3788|           0|   -1.501319|    4.432736|    2.339030|    5.550400|
|        3788|          25|   -5.278815|    1.579390|   -0.865908|    5.600020|
|        3788|          29|   -5.312070|    1.569399|   -0.942710|    5.604358|
+-----------------------------------------------------------------------------+
|   Time_Iter|  Inner_Iter|    rms[Rho]|   rms[RhoE]|      rms[k]|      rms[w]|
+-----------------------------------------------------------------------------+
|        3789|           0|   -1.501294|    4.432544|    2.339089|    5.611996|
|        3789|          25|   -5.259629|    1.607258|   -0.861443|    5.652223|
|        3789|          29|   -5.289047|    1.599622|   -0.939035|    5.654299|
+-----------------------------------------------------------------------------+
|   Time_Iter|  Inner_Iter|    rms[Rho]|   rms[RhoE]|      rms[k]|      rms[w]|
+-----------------------------------------------------------------------------+
|        3790|           0|   -1.501269|    4.432350|    2.339119|    5.661668|
|        3790|          25|   -5.240637|    1.634996|   -0.859566|    5.682650|
|        3790|          29|   -5.267865|    1.627761|   -0.938210|    5.681262|
+-----------------------------------------------------------------------+
|        File Writing Summary       |              Filename             |
+-----------------------------------------------------------------------+
|Paraview ASCII surface             |wall_npr20_production_cfl2_i30_from520_03790.vtk|
|CSV file                           |wall_npr20_production_cfl2_i30_from520_03790.csv|
+-----------------------------------------------------------------------+
+-----------------------------------------------------------------------------+
|   Time_Iter|  Inner_Iter|    rms[Rho]|   rms[RhoE]|      rms[k]|      rms[w]|
+-----------------------------------------------------------------------------+
|        3791|           0|   -1.501245|    4.432195|    2.339134|    5.688689|
|        3791|          25|   -5.227884|    1.654256|   -0.860031|    5.686903|
|        3791|          29|   -5.254822|    1.645999|   -0.939636|    5.681249|
+-----------------------------------------------------------------------------+
|   Time_Iter|  Inner_Iter|    rms[Rho]|   rms[RhoE]|      rms[k]|      rms[w]|
+-----------------------------------------------------------------------------+
|        3792|           0|   -1.501221|    4.432034|    2.339151|    5.688730|
|        3792|          25|   -5.224066|    1.661490|   -0.862300|    5.661706|
|        3792|          29|   -5.252244|    1.651357|   -0.942859|    5.652741|
+-----------------------------------------------------------------------------+
|   Time_Iter|  Inner_Iter|    rms[Rho]|   rms[RhoE]|      rms[k]|      rms[w]|
+-----------------------------------------------------------------------------+
|        3793|           0|   -1.501195|    4.432024|    2.339156|    5.660872|
|        3793|          25|   -5.229165|    1.656350|   -0.866090|    5.614253|
|        3793|          29|   -5.259659|    1.643991|   -0.947615|    5.603374|
+-----------------------------------------------------------------------------+
|   Time_Iter|  Inner_Iter|    rms[Rho]|   rms[RhoE]|      rms[k]|      rms[w]|
+-----------------------------------------------------------------------------+
|        3794|           0|   -1.501165|    4.432247|    2.339150|    5.612541|
|        3794|          25|   -5.242114|    1.639790|   -0.871043|    5.556674|
|        3794|          29|   -5.275481|    1.625417|   -0.953497|    5.545085|
+-----------------------------------------------------------------------------+
|   Time_Iter|  Inner_Iter|    rms[Rho]|   rms[RhoE]|      rms[k]|      rms[w]|
+-----------------------------------------------------------------------------+
|        3795|           0|   -1.501133|    4.432688|    2.339138|    5.555296|
|        3795|          25|   -5.257532|    1.618367|   -0.876121|    5.506233|
|        3795|          29|   -5.293846|    1.602101|   -0.959084|    5.497246|
+-----------------------------------------------------------------------------+
|   Time_Iter|  Inner_Iter|    rms[Rho]|   rms[RhoE]|      rms[k]|      rms[w]|
+-----------------------------------------------------------------------------+
|        3796|           0|   -1.501098|    4.433332|    2.339119|    5.508410|
|        3796|          25|   -5.275312|    1.592066|   -0.879398|    5.482274|
|        3796|          29|   -5.315041|    1.573796|   -0.961856|    5.476213|
+-----------------------------------------------------------------------------+
|   Time_Iter|  Inner_Iter|    rms[Rho]|   rms[RhoE]|      rms[k]|      rms[w]|
+-----------------------------------------------------------------------------+
|        3797|           0|   -1.501060|    4.434171|    2.339032|    5.486921|
|        3797|          25|   -5.292425|    1.565188|   -0.879135|    5.476225|
|        3797|          29|   -5.334033|    1.546933|   -0.960047|    5.472895|
+-----------------------------------------------------------------------------+
|   Time_Iter|  Inner_Iter|    rms[Rho]|   rms[RhoE]|      rms[k]|      rms[w]|
+-----------------------------------------------------------------------------+
|        3798|           0|   -1.501022|    4.435008|    2.338854|    5.482021|
|        3798|          25|   -5.297142|    1.555680|   -0.874805|    5.504683|
|        3798|          29|   -5.337279|    1.540194|   -0.954072|    5.508442|
+-----------------------------------------------------------------------------+
|   Time_Iter|  Inner_Iter|    rms[Rho]|   rms[RhoE]|      rms[k]|      rms[w]|
+-----------------------------------------------------------------------------+
|        3799|           0|   -1.500988|    4.435561|    2.338651|    5.517241|
|        3799|          25|   -5.290196|    1.564730|   -0.868699|    5.564702|
|        3799|          29|   -5.326656|    1.553044|   -0.947261|    5.569647|
+-----------------------------------------------------------------------+
|        File Writing Summary       |              Filename             |
+-----------------------------------------------------------------------+
|SU2 binary restart                 |restart_npr20_production_cfl2_i30_from520_03799.dat|
+-----------------------------------------------------------------------+
+-----------------------------------------------------------------------------+
|   Time_Iter|  Inner_Iter|    rms[Rho]|   rms[RhoE]|      rms[k]|      rms[w]|
+-----------------------------------------------------------------------------+
|        3800|           0|   -1.500956|    4.436026|    2.338486|    5.577653|
|        3800|          25|   -5.273844|    1.588472|   -0.863536|    5.623059|
|        3800|          29|   -5.305931|    1.579974|   -0.942465|    5.626377|
+-----------------------------------------------------------------------+
|        File Writing Summary       |              Filename             |
+-----------------------------------------------------------------------+
|SU2 binary restart                 |restart_npr20_production_cfl2_i30_from520_03800.dat|
|Paraview ASCII                     |flow_npr20_production_cfl2_i30_from520_03800.vtk|
|Paraview ASCII surface             |wall_npr20_production_cfl2_i30_from520_03800.vtk|
|CSV file                           |wall_npr20_production_cfl2_i30_from520_03800.csv|
+-----------------------------------------------------------------------+
+-----------------------------------------------------------------------------+
|   Time_Iter|  Inner_Iter|    rms[Rho]|   rms[RhoE]|      rms[k]|      rms[w]|
+-----------------------------------------------------------------------------+
|        3801|           0|   -1.500928|    4.436262|    2.338347|    5.633880|
|        3801|          25|   -5.253916|    1.617369|   -0.860605|    5.665382|
|        3801|          29|   -5.282835|    1.610199|   -0.940357|    5.665612|
+-----------------------------------------------------------------------------+
|   Time_Iter|  Inner_Iter|    rms[Rho]|   rms[RhoE]|      rms[k]|      rms[w]|
+-----------------------------------------------------------------------------+
|        3802|           0|   -1.500902|    4.436332|    2.338198|    5.672919|
|        3802|          25|   -5.237409|    1.641559|   -0.860066|    5.683240|
|        3802|          29|   -5.265087|    1.633976|   -0.940720|    5.679934|
+-----------------------------------------------------------------------------+
|   Time_Iter|  Inner_Iter|    rms[Rho]|   rms[RhoE]|      rms[k]|      rms[w]|
+-----------------------------------------------------------------------------+
|        3803|           0|   -1.500876|    4.436523|    2.338131|    5.687366|
|        3803|          25|   -5.228921|    1.655163|   -0.860656|    5.672562|
|        3803|          29|   -5.257011|    1.646111|   -0.941749|    5.665407|
+-----------------------------------------------------------------------------+
|   Time_Iter|  Inner_Iter|    rms[Rho]|   rms[RhoE]|      rms[k]|      rms[w]|
+-----------------------------------------------------------------------------+
|        3804|           0|   -1.500850|    4.436669|    2.338135|    5.673200|
|        3804|          25|   -5.229669|    1.656175|   -0.864609|    5.636069|
|        3804|          29|   -5.259565|    1.645028|   -0.946952|    5.625846|
+-----------------------------------------------------------------------------+
|   Time_Iter|  Inner_Iter|    rms[Rho]|   rms[RhoE]|      rms[k]|      rms[w]|
+-----------------------------------------------------------------------------+
|        3805|           0|   -1.500828|    4.436549|    2.338184|    5.634357|
|        3805|          25|   -5.238603|    1.645552|   -0.869130|    5.583072|
|        3805|          29|   -5.271325|    1.632033|   -0.952347|    5.571837|
+-----------------------------------------------------------------------------+
|   Time_Iter|  Inner_Iter|    rms[Rho]|   rms[RhoE]|      rms[k]|      rms[w]|
+-----------------------------------------------------------------------------+
|        3806|           0|   -1.500809|    4.436333|    2.338263|    5.581526|
|        3806|          25|   -5.252990|    1.626253|   -0.874460|    5.526534|
|        3806|          29|   -5.288598|    1.610937|   -0.958340|    5.516812|
+-----------------------------------------------------------------------------+
|   Time_Iter|  Inner_Iter|    rms[Rho]|   rms[RhoE]|      rms[k]|      rms[w]|
+-----------------------------------------------------------------------------+
|        3807|           0|   -1.500792|    4.436026|    2.338339|    5.527684|
|        3807|          25|   -5.269384|    1.602434|   -0.879234|    5.488487|
|        3807|          29|   -5.308419|    1.585156|   -0.963082|    5.482626|
+-----------------------------------------------------------------------------+
|   Time_Iter|  Inner_Iter|    rms[Rho]|   rms[RhoE]|      rms[k]|      rms[w]|
+-----------------------------------------------------------------------------+
|        3808|           0|   -1.500776|    4.435649|    2.338419|    5.494119|
|        3808|          25|   -5.288199|    1.574062|   -0.881362|    5.477384|
|        3808|          29|   -5.330588|    1.555129|   -0.964084|    5.473226|
+-----------------------------------------------------------------------------+
|   Time_Iter|  Inner_Iter|    rms[Rho]|   rms[RhoE]|      rms[k]|      rms[w]|
+-----------------------------------------------------------------------------+
|        3809|           0|   -1.500760|    4.435253|    2.338508|    5.483048|
|        3809|          25|   -5.299965|    1.554287|   -0.878417|    5.478465|
|        3809|          29|   -5.342293|    1.537238|   -0.958708|    5.479178|
+-----------------------------------------------------------------------------+
|   Time_Iter|  Inner_Iter|    rms[Rho]|   rms[RhoE]|      rms[k]|      rms[w]|
+-----------------------------------------------------------------------------+
|        3810|           0|   -1.500744|    4.434874|    2.338583|    5.488278|
|        3810|          25|   -5.299141|    1.553371|   -0.875117|    5.526236|
|        3810|          29|   -5.338902|    1.539651|   -0.954554|    5.530880|
+-----------------------------------------------------------------------+
|        File Writing Summary       |              Filename             |
+-----------------------------------------------------------------------+
|Paraview ASCII surface             |wall_npr20_production_cfl2_i30_from520_03810.vtk|
|CSV file                           |wall_npr20_production_cfl2_i30_from520_03810.csv|
+-----------------------------------------------------------------------+
+-----------------------------------------------------------------------------+
|   Time_Iter|  Inner_Iter|    rms[Rho]|   rms[RhoE]|      rms[k]|      rms[w]|
+-----------------------------------------------------------------------------+
|        3811|           0|   -1.500726|    4.434530|    2.338641|    5.539322|
|        3811|          25|   -5.287570|    1.569737|   -0.870036|    5.587467|
|        3811|          29|   -5.323041|    1.559696|   -0.949151|    5.591663|
+-----------------------------------------------------------------------------+
|   Time_Iter|  Inner_Iter|    rms[Rho]|   rms[RhoE]|      rms[k]|      rms[w]|
+-----------------------------------------------------------------------------+
|        3812|           0|   -1.500707|    4.434298|    2.338647|    5.599378|
|        3812|          25|   -5.268927|    1.596956|   -0.866689|    5.639022|
|        3812|          29|   -5.300255|    1.589297|   -0.946209|    5.641111|
+-----------------------------------------------------------------------------+
|   Time_Iter|  Inner_Iter|    rms[Rho]|   rms[RhoE]|      rms[k]|      rms[w]|
+-----------------------------------------------------------------------------+
|        3813|           0|   -1.500683|    4.434315|    2.338645|    5.648534|
|        3813|          25|   -5.249969|    1.624656|   -0.865658|    5.670380|
|        3813|          29|   -5.278774|    1.617516|   -0.945846|    5.668916|
+-----------------------------------------------------------------------------+
|   Time_Iter|  Inner_Iter|    rms[Rho]|   rms[RhoE]|      rms[k]|      rms[w]|
+-----------------------------------------------------------------------------+
|        3814|           0|   -1.500656|    4.434602|    2.338653|    5.676244|
|        3814|          25|   -5.236668|    1.644576|   -0.866852|    5.676745|
|        3814|          29|   -5.264964|    1.636468|   -0.947675|    5.671662|
+-----------------------------------------------------------------------------+
|   Time_Iter|  Inner_Iter|    rms[Rho]|   rms[RhoE]|      rms[k]|      rms[w]|
+-----------------------------------------------------------------------------+
|        3815|           0|   -1.500624|    4.435146|    2.338665|    5.679167|
|        3815|          25|   -5.231993|    1.652930|   -0.869859|    5.654709|
|        3815|          29|   -5.261325|    1.643048|   -0.951320|    5.646177|
+-----------------------------------------------------------------------------+
|   Time_Iter|  Inner_Iter|    rms[Rho]|   rms[RhoE]|      rms[k]|      rms[w]|
+-----------------------------------------------------------------------------+
|        3816|           0|   -1.500590|    4.435861|    2.338629|    5.654273|
|        3816|          25|   -5.236285|    1.649065|   -0.874487|    5.610199|
|        3816|          29|   -5.267763|    1.637027|   -0.956621|    5.599667|
+-----------------------------------------------------------------------------+
|   Time_Iter|  Inner_Iter|    rms[Rho]|   rms[RhoE]|      rms[k]|      rms[w]|
+-----------------------------------------------------------------------------+
|        3817|           0|   -1.500554|    4.436711|    2.338486|    5.608753|
|        3817|          25|   -5.248417|    1.633825|   -0.880493|    5.554907|
|        3817|          29|   -5.282977|    1.619488|   -0.963239|    5.543542|
+-----------------------------------------------------------------------------+
|   Time_Iter|  Inner_Iter|    rms[Rho]|   rms[RhoE]|      rms[k]|      rms[w]|
+-----------------------------------------------------------------------------+
|        3818|           0|   -1.500520|    4.437392|    2.338302|    5.553530|
|        3818|          25|   -5.263373|    1.612973|   -0.887003|    5.503888|
|        3818|          29|   -5.300878|    1.596918|   -0.970009|    5.494611|
+-----------------------------------------------------------------------------+
|   Time_Iter|  Inner_Iter|    rms[Rho]|   rms[RhoE]|      rms[k]|      rms[w]|
+-----------------------------------------------------------------------------+
|        3819|           0|   -1.500487|    4.438057|    2.338139|    5.505708|
|        3819|          25|   -5.280501|    1.587545|   -0.892185|    5.477458|
|        3819|          29|   -5.321483|    1.569607|   -0.974483|    5.471338|
+-----------------------------------------------------------------------------+
|   Time_Iter|  Inner_Iter|    rms[Rho]|   rms[RhoE]|      rms[k]|      rms[w]|
+-----------------------------------------------------------------------------+
|        3820|           0|   -1.500455|    4.438611|    2.338005|    5.482228|
|        3820|          25|   -5.298023|    1.559928|   -0.894209|    5.470061|
|        3820|          29|   -5.341510|    1.541580|   -0.974747|    5.465649|
+-----------------------------------------------------------------------+
|        File Writing Summary       |              Filename             |
+-----------------------------------------------------------------------+
|Paraview ASCII surface             |wall_npr20_production_cfl2_i30_from520_03820.vtk|
|CSV file                           |wall_npr20_production_cfl2_i30_from520_03820.csv|
+-----------------------------------------------------------------------+
+-----------------------------------------------------------------------------+
|   Time_Iter|  Inner_Iter|    rms[Rho]|   rms[RhoE]|      rms[k]|      rms[w]|
+-----------------------------------------------------------------------------+
|        3821|           0|   -1.500426|    4.439043|    2.337901|    5.474794|
|        3821|          25|   -5.304638|    1.547701|   -0.892364|    5.489289|
|        3821|          29|   -5.346946|    1.531880|   -0.970949|    5.492189|
+-----------------------------------------------------------------------------+
|   Time_Iter|  Inner_Iter|    rms[Rho]|   rms[RhoE]|      rms[k]|      rms[w]|
+-----------------------------------------------------------------------------+
|        3822|           0|   -1.500399|    4.439308|    2.337828|    5.501121|
|        3822|          25|   -5.299251|    1.553850|   -0.888443|    5.545390|
|        3822|          29|   -5.338189|    1.541657|   -0.965839|    5.550114|
+-----------------------------------------------------------------------------+
|   Time_Iter|  Inner_Iter|    rms[Rho]|   rms[RhoE]|      rms[k]|      rms[w]|
+-----------------------------------------------------------------------------+
|        3823|           0|   -1.500375|    4.439428|    2.337684|    5.558267|
|        3823|          25|   -5.284333|    1.575361|   -0.885098|    5.603625|
|        3823|          29|   -5.318771|    1.566463|   -0.962397|    5.607101|
+-----------------------------------------------------------------------------+
|   Time_Iter|  Inner_Iter|    rms[Rho]|   rms[RhoE]|      rms[k]|      rms[w]|
+-----------------------------------------------------------------------------+
|        3824|           0|   -1.500353|    4.439422|    2.337580|    5.614693|
|        3824|          25|   -5.264899|    1.603749|   -0.883727|    5.648415|
|        3824|          29|   -5.295668|    1.596466|   -0.961395|    5.649209|
+-----------------------------------------------------------------------------+
|   Time_Iter|  Inner_Iter|    rms[Rho]|   rms[RhoE]|      rms[k]|      rms[w]|
+-----------------------------------------------------------------------------+
|        3825|           0|   -1.500335|    4.439200|    2.337556|    5.656580|
|        3825|          25|   -5.247634|    1.629185|   -0.884758|    5.670210|
|        3825|          29|   -5.276567|    1.621760|   -0.962861|    5.667841|
+-----------------------------------------------------------------------------+
|   Time_Iter|  Inner_Iter|    rms[Rho]|   rms[RhoE]|      rms[k]|      rms[w]|
+-----------------------------------------------------------------------------+
|        3826|           0|   -1.500320|    4.438799|    2.337592|    5.675337|
|        3826|          25|   -5.237502|    1.645038|   -0.887879|    5.666165|
|        3826|          29|   -5.266379|    1.636355|   -0.966555|    5.659910|
+-----------------------------------------------------------------------------+
|   Time_Iter|  Inner_Iter|    rms[Rho]|   rms[RhoE]|      rms[k]|      rms[w]|
+-----------------------------------------------------------------------------+
|        3827|           0|   -1.500305|    4.438455|    2.337673|    5.667657|
|        3827|          25|   -5.236151|    1.648872|   -0.892830|    5.635910|
|        3827|          29|   -5.266511|    1.638211|   -0.972004|    5.626488|
+-----------------------------------------------------------------------------+
|   Time_Iter|  Inner_Iter|    rms[Rho]|   rms[RhoE]|      rms[k]|      rms[w]|
+-----------------------------------------------------------------------------+
|        3828|           0|   -1.500289|    4.438145|    2.337776|    5.634900|
|        3828|          25|   -5.243146|    1.641023|   -0.899442|    5.586966|
|        3828|          29|   -5.276054|    1.628082|   -0.979139|    5.576041|
+-----------------------------------------------------------------------------+
|   Time_Iter|  Inner_Iter|    rms[Rho]|   rms[RhoE]|      rms[k]|      rms[w]|
+-----------------------------------------------------------------------------+
|        3829|           0|   -1.500274|    4.437775|    2.337896|    5.585490|
|        3829|          25|   -5.256812|    1.623309|   -0.907255|    5.530552|
|        3829|          29|   -5.292525|    1.608500|   -0.987366|    5.520270|
+-----------------------------------------------------------------------------+
|   Time_Iter|  Inner_Iter|    rms[Rho]|   rms[RhoE]|      rms[k]|      rms[w]|
+-----------------------------------------------------------------------------+
|        3830|           0|   -1.500259|    4.437406|    2.338004|    5.530863|
|        3830|          25|   -5.272359|    1.601114|   -0.915104|    5.485622|
|        3830|          29|   -5.311262|    1.584410|   -0.995014|    5.478441|
+-----------------------------------------------------------------------+
|        File Writing Summary       |              Filename             |
+-----------------------------------------------------------------------+
|Paraview ASCII surface             |wall_npr20_production_cfl2_i30_from520_03830.vtk|
|CSV file                           |wall_npr20_production_cfl2_i30_from520_03830.csv|
+-----------------------------------------------------------------------+
+-----------------------------------------------------------------------------+
|   Time_Iter|  Inner_Iter|    rms[Rho]|   rms[RhoE]|      rms[k]|      rms[w]|
+-----------------------------------------------------------------------------+
|        3831|           0|   -1.500242|    4.437143|    2.338100|    5.490361|
|        3831|          25|   -5.289861|    1.574614|   -0.920665|    5.467954|
|        3831|          29|   -5.332705|    1.555508|   -0.999303|    5.465567|
+-----------------------------------------------------------------------------+
|   Time_Iter|  Inner_Iter|    rms[Rho]|   rms[RhoE]|      rms[k]|      rms[w]|
+-----------------------------------------------------------------------------+
|        3832|           0|   -1.500223|    4.437123|    2.338193|    5.476825|
|        3832|          25|   -5.304846|    1.550165|   -0.922312|    5.466170|
|        3832|          29|   -5.348450|    1.532504|   -0.998855|    5.464480|
+-----------------------------------------------------------------------------+
|   Time_Iter|  Inner_Iter|    rms[Rho]|   rms[RhoE]|      rms[k]|      rms[w]|
+-----------------------------------------------------------------------------+
|        3833|           0|   -1.500200|    4.437309|    2.338232|    5.473628|
|        3833|          25|   -5.306929|    1.544265|   -0.920070|    5.501956|
|        3833|          29|   -5.348653|    1.529555|   -0.994738|    5.505835|
+-----------------------------------------------------------------------------+
|   Time_Iter|  Inner_Iter|    rms[Rho]|   rms[RhoE]|      rms[k]|      rms[w]|
+-----------------------------------------------------------------------------+
|        3834|           0|   -1.500173|    4.437721|    2.338256|    5.514539|
|        3834|          25|   -5.298188|    1.555958|   -0.916386|    5.560584|
|        3834|          29|   -5.335952|    1.544881|   -0.990273|    5.565041|
+-----------------------------------------------------------------------------+
|   Time_Iter|  Inner_Iter|    rms[Rho]|   rms[RhoE]|      rms[k]|      rms[w]|
+-----------------------------------------------------------------------------+
|        3835|           0|   -1.500145|    4.438348|    2.338205|    5.572999|
|        3835|          25|   -5.281091|    1.580617|   -0.913888|    5.614787|
|        3835|          29|   -5.314520|    1.572333|   -0.987948|    5.617505|
+-----------------------------------------------------------------------------+
|   Time_Iter|  Inner_Iter|    rms[Rho]|   rms[RhoE]|      rms[k]|      rms[w]|
+-----------------------------------------------------------------------------+
|        3836|           0|   -1.500117|    4.438892|    2.338031|    5.625028|
|        3836|          25|   -5.261820|    1.608776|   -0.913605|    5.652548|
|        3836|          29|   -5.292105|    1.601514|   -0.988166|    5.652184|
+-----------------------------------------------------------------------------+
|   Time_Iter|  Inner_Iter|    rms[Rho]|   rms[RhoE]|      rms[k]|      rms[w]|
+-----------------------------------------------------------------------------+
|        3837|           0|   -1.500091|    4.439332|    2.337837|    5.659555|
|        3837|          25|   -5.246527|    1.631563|   -0.915602|    5.666774|
|        3837|          29|   -5.275532|    1.623747|   -0.990750|    5.663089|
+-----------------------------------------------------------------------------+
|   Time_Iter|  Inner_Iter|    rms[Rho]|   rms[RhoE]|      rms[k]|      rms[w]|
+-----------------------------------------------------------------------------+
|        3838|           0|   -1.500067|    4.439625|    2.337652|    5.670631|
|        3838|          25|   -5.239054|    1.643886|   -0.919720|    5.654454|
|        3838|          29|   -5.268442|    1.634563|   -0.995410|    5.647136|
+-----------------------------------------------------------------------------+
|   Time_Iter|  Inner_Iter|    rms[Rho]|   rms[RhoE]|      rms[k]|      rms[w]|
+-----------------------------------------------------------------------------+
|        3839|           0|   -1.500045|    4.439817|    2.337491|    5.655052|
|        3839|          25|   -5.240439|    1.644066|   -0.925698|    5.617913|
|        3839|          29|   -5.271568|    1.632678|   -1.001951|    5.607910|
+-----------------------------------------------------------------------------+
|   Time_Iter|  Inner_Iter|    rms[Rho]|   rms[RhoE]|      rms[k]|      rms[w]|
+-----------------------------------------------------------------------------+
|        3840|           0|   -1.500021|    4.440136|    2.337367|    5.616554|
|        3840|          25|   -5.249534|    1.633105|   -0.933291|    5.566509|
|        3840|          29|   -5.283471|    1.619362|   -1.010127|    5.555520|
+-----------------------------------------------------------------------+
|        File Writing Summary       |              Filename             |
+-----------------------------------------------------------------------+
|Paraview ASCII surface             |wall_npr20_production_cfl2_i30_from520_03840.vtk|
|CSV file                           |wall_npr20_production_cfl2_i30_from520_03840.csv|
+-----------------------------------------------------------------------+
+-----------------------------------------------------------------------------+
|   Time_Iter|  Inner_Iter|    rms[Rho]|   rms[RhoE]|      rms[k]|      rms[w]|
+-----------------------------------------------------------------------------+
|        3841|           0|   -1.499999|    4.440382|    2.337263|    5.565283|
|        3841|          25|   -5.263720|    1.614108|   -0.941812|    5.512561|
|        3841|          29|   -5.300420|    1.598607|   -1.018967|    5.503171|
+-----------------------------------------------------------------------------+
|   Time_Iter|  Inner_Iter|    rms[Rho]|   rms[RhoE]|      rms[k]|      rms[w]|
+-----------------------------------------------------------------------------+
|        3842|           0|   -1.499979|    4.440511|    2.337170|    5.513974|
|        3842|          25|   -5.279989|    1.590637|   -0.947321|    5.476429|
|        3842|          29|   -5.319921|    1.573243|   -1.026285|    5.470790|
+-----------------------------------------------------------------------------+
|   Time_Iter|  Inner_Iter|    rms[Rho]|   rms[RhoE]|      rms[k]|      rms[w]|
+-----------------------------------------------------------------------------+
|        3843|           0|   -1.499961|    4.440435|    2.337108|    5.482268|
|        3843|          25|   -5.298033|    1.563015|   -0.954143|    5.466987|
|        3843|          29|   -5.341220|    1.544104|   -1.029162|    5.462708|
+-----------------------------------------------------------------------------+
|   Time_Iter|  Inner_Iter|    rms[Rho]|   rms[RhoE]|      rms[k]|      rms[w]|
+-----------------------------------------------------------------------------+
|        3844|           0|   -1.499944|    4.440368|    2.336980|    5.472506|
|        3844|          25|   -5.309170|    1.543877|   -0.953740|    5.467724|
|        3844|          29|   -5.352265|    1.526802|   -1.026696|    5.468162|
+-----------------------------------------------------------------------------+
|   Time_Iter|  Inner_Iter|    rms[Rho]|   rms[RhoE]|      rms[k]|      rms[w]|
+-----------------------------------------------------------------------------+
|        3845|           0|   -1.499928|    4.440226|    2.336914|    5.477296|
|        3845|          25|   -5.308062|    1.542962|   -0.949503|    5.512940|
|        3845|          29|   -5.348661|    1.529080|   -1.020950|    5.517160|
+-----------------------------------------------------------------------------+
|   Time_Iter|  Inner_Iter|    rms[Rho]|   rms[RhoE]|      rms[k]|      rms[w]|
+-----------------------------------------------------------------------------+
|        3846|           0|   -1.499916|    4.439849|    2.336909|    5.525664|
|        3846|          25|   -5.296596|    1.558601|   -0.944831|    5.571440|
|        3846|          29|   -5.333121|    1.548207|   -1.016071|    5.575410|
+-----------------------------------------------------------------------------+
|   Time_Iter|  Inner_Iter|    rms[Rho]|   rms[RhoE]|      rms[k]|      rms[w]|
+-----------------------------------------------------------------------------+
|        3847|           0|   -1.499904|    4.439491|    2.336989|    5.583197|
|        3847|          25|   -5.278528|    1.584877|   -0.941657|    5.621441|
|        3847|          29|   -5.310945|    1.576819|   -1.013460|    5.623388|
+-----------------------------------------------------------------------------+
|   Time_Iter|  Inner_Iter|    rms[Rho]|   rms[RhoE]|      rms[k]|      rms[w]|
+-----------------------------------------------------------------------------+
|        3848|           0|   -1.499890|    4.439244|    2.337086|    5.630876|
|        3848|          25|   -5.259884|    1.612114|   -0.940817|    5.652908|
|        3848|          29|   -5.289669|    1.604652|   -1.013421|    5.651610|
+-----------------------------------------------------------------------------+
|   Time_Iter|  Inner_Iter|    rms[Rho]|   rms[RhoE]|      rms[k]|      rms[w]|
+-----------------------------------------------------------------------------+
|        3849|           0|   -1.499873|    4.439151|    2.337194|    5.659011|
|        3849|          25|   -5.246454|    1.632410|   -0.942383|    5.660939|
|        3849|          29|   -5.275437|    1.624110|   -1.015722|    5.656302|
+-----------------------------------------------------------------------+
|        File Writing Summary       |              Filename             |
+-----------------------------------------------------------------------+
|SU2 binary restart                 |restart_npr20_production_cfl2_i30_from520_03849.dat|
+-----------------------------------------------------------------------+
+-----------------------------------------------------------------------------+
|   Time_Iter|  Inner_Iter|    rms[Rho]|   rms[RhoE]|      rms[k]|      rms[w]|
+-----------------------------------------------------------------------------+
|        3850|           0|   -1.499852|    4.439371|    2.337300|    5.663923|
|        3850|          25|   -5.241180|    1.641823|   -0.945784|    5.642592|
|        3850|          29|   -5.270867|    1.631868|   -1.019946|    5.634577|
+-----------------------------------------------------------------------+
|        File Writing Summary       |              Filename             |
+-----------------------------------------------------------------------+
|SU2 binary restart                 |restart_npr20_production_cfl2_i30_from520_03850.dat|
|Paraview ASCII surface             |wall_npr20_production_cfl2_i30_from520_03850.vtk|
|CSV file                           |wall_npr20_production_cfl2_i30_from520_03850.csv|
+-----------------------------------------------------------------------+
+-----------------------------------------------------------------------------+
|   Time_Iter|  Inner_Iter|    rms[Rho]|   rms[RhoE]|      rms[k]|      rms[w]|
+-----------------------------------------------------------------------------+
|        3851|           0|   -1.499827|    4.439898|    2.337400|    5.642675|
|        3851|          25|   -5.244516|    1.639379|   -0.951197|    5.601961|
|        3851|          29|   -5.276041|    1.627393|   -1.026160|    5.591797|
+-----------------------------------------------------------------------------+
|   Time_Iter|  Inner_Iter|    rms[Rho]|   rms[RhoE]|      rms[k]|      rms[w]|
+-----------------------------------------------------------------------------+
|        3852|           0|   -1.499798|    4.440672|    2.337477|    5.600810|
|        3852|          25|   -5.255366|    1.626008|   -0.958102|    5.549626|
|        3852|          29|   -5.289882|    1.611571|   -1.033801|    5.538732|
+-----------------------------------------------------------------------------+
|   Time_Iter|  Inner_Iter|    rms[Rho]|   rms[RhoE]|      rms[k]|      rms[w]|
+-----------------------------------------------------------------------------+
|        3853|           0|   -1.499768|    4.441558|    2.337419|    5.548715|
|        3853|          25|   -5.269803|    1.606268|   -0.965574|    5.498744|
|        3853|          29|   -5.307026|    1.590142|   -1.041725|    5.489493|
+-----------------------------------------------------------------------------+
|   Time_Iter|  Inner_Iter|    rms[Rho]|   rms[RhoE]|      rms[k]|      rms[w]|
+-----------------------------------------------------------------------------+
|        3854|           0|   -1.499740|    4.442284|    2.337277|    5.500412|
|        3854|          25|   -5.286515|    1.582081|   -0.971569|    5.469424|
|        3854|          29|   -5.326819|    1.564176|   -1.047171|    5.463529|
+-----------------------------------------------------------------------------+
|   Time_Iter|  Inner_Iter|    rms[Rho]|   rms[RhoE]|      rms[k]|      rms[w]|
+-----------------------------------------------------------------------------+
|        3855|           0|   -1.499715|    4.442868|    2.337114|    5.474670|
|        3855|          25|   -5.304298|    1.554783|   -0.973558|    5.462006|
|        3855|          29|   -5.347225|    1.535964|   -1.047451|    5.456870|
+-----------------------------------------------------------------------------+
|   Time_Iter|  Inner_Iter|    rms[Rho]|   rms[RhoE]|      rms[k]|      rms[w]|
+-----------------------------------------------------------------------------+
|        3856|           0|   -1.499692|    4.443315|    2.336939|    5.466206|
|        3856|          25|   -5.312799|    1.539643|   -0.970496|    5.470849|
|        3856|          29|   -5.354958|    1.523011|   -1.042539|    5.472454|
+-----------------------------------------------------------------------------+
|   Time_Iter|  Inner_Iter|    rms[Rho]|   rms[RhoE]|      rms[k]|      rms[w]|
+-----------------------------------------------------------------------------+
|        3857|           0|   -1.499673|    4.443560|    2.336765|    5.481523|
|        3857|          25|   -5.309551|    1.542354|   -0.964244|    5.520716|
|        3857|          29|   -5.348776|    1.529032|   -1.035312|    5.524996|
+-----------------------------------------------------------------------------+
|   Time_Iter|  Inner_Iter|    rms[Rho]|   rms[RhoE]|      rms[k]|      rms[w]|
+-----------------------------------------------------------------------------+
|        3858|           0|   -1.499655|    4.443833|    2.336627|    5.533359|
|        3858|          25|   -5.296522|    1.560541|   -0.957903|    5.577831|
|        3858|          29|   -5.331601|    1.550545|   -1.029192|    5.581290|
+-----------------------------------------------------------------------------+
|   Time_Iter|  Inner_Iter|    rms[Rho]|   rms[RhoE]|      rms[k]|      rms[w]|
+-----------------------------------------------------------------------------+
|        3859|           0|   -1.499638|    4.443972|    2.336501|    5.588993|
|        3859|          25|   -5.278060|    1.587449|   -0.952578|    5.624263|
|        3859|          29|   -5.309337|    1.579414|   -1.024290|    5.625617|
+-----------------------------------------------------------------------------+
|   Time_Iter|  Inner_Iter|    rms[Rho]|   rms[RhoE]|      rms[k]|      rms[w]|
+-----------------------------------------------------------------------------+
|        3860|           0|   -1.499625|    4.443944|    2.336411|    5.633095|
|        3860|          25|   -5.260123|    1.613587|   -0.951461|    5.650756|
|        3860|          29|   -5.289218|    1.605865|   -1.024466|    5.648750|
+-----------------------------------------------------------------------+
|        File Writing Summary       |              Filename             |
+-----------------------------------------------------------------------+
|Paraview ASCII surface             |wall_npr20_production_cfl2_i30_from520_03860.vtk|
|CSV file                           |wall_npr20_production_cfl2_i30_from520_03860.csv|
+-----------------------------------------------------------------------+
+-----------------------------------------------------------------------------+
|   Time_Iter|  Inner_Iter|    rms[Rho]|   rms[RhoE]|      rms[k]|      rms[w]|
+-----------------------------------------------------------------------------+
|        3861|           0|   -1.499617|    4.443482|    2.336356|    5.656196|
|        3861|          25|   -5.248248|    1.631827|   -0.952011|    5.654204|
|        3861|          29|   -5.276884|    1.623102|   -1.026067|    5.648917|
+-----------------------------------------------------------------------------+
|   Time_Iter|  Inner_Iter|    rms[Rho]|   rms[RhoE]|      rms[k]|      rms[w]|
+-----------------------------------------------------------------------------+
|        3862|           0|   -1.499611|    4.442919|    2.336333|    5.656623|
|        3862|          25|   -5.244663|    1.639044|   -0.954306|    5.631816|
|        3862|          29|   -5.274236|    1.628573|   -1.029344|    5.623366|
+-----------------------------------------------------------------------------+
|   Time_Iter|  Inner_Iter|    rms[Rho]|   rms[RhoE]|      rms[k]|      rms[w]|
+-----------------------------------------------------------------------------+
|        3863|           0|   -1.499605|    4.442314|    2.336362|    5.631620|
|        3863|          25|   -5.249463|    1.634725|   -0.958500|    5.589025|
|        3863|          29|   -5.281016|    1.622150|   -1.034472|    5.578747|
+-----------------------------------------------------------------------------+
|   Time_Iter|  Inner_Iter|    rms[Rho]|   rms[RhoE]|      rms[k]|      rms[w]|
+-----------------------------------------------------------------------------+
|        3864|           0|   -1.499599|    4.441778|    2.336352|    5.587938|
|        3864|          25|   -5.261669|    1.619685|   -0.964072|    5.536346|
|        3864|          29|   -5.295988|    1.604947|   -1.041005|    5.525215|
+-----------------------------------------------------------------------------+
|   Time_Iter|  Inner_Iter|    rms[Rho]|   rms[RhoE]|      rms[k]|      rms[w]|
+-----------------------------------------------------------------------------+
|        3865|           0|   -1.499594|    4.441146|    2.336370|    5.535260|
|        3865|          25|   -5.276425|    1.599511|   -0.969933|    5.487895|
|        3865|          29|   -5.313499|    1.582962|   -1.047344|    5.478872|
+-----------------------------------------------------------------------------+
|   Time_Iter|  Inner_Iter|    rms[Rho]|   rms[RhoE]|      rms[k]|      rms[w]|
+-----------------------------------------------------------------------------+
|        3866|           0|   -1.499588|    4.440585|    2.336411|    5.489977|
|        3866|          25|   -5.293512|    1.574919|   -0.973973|    5.463241|
|        3866|          29|   -5.333541|    1.556654|   -1.050745|    5.457372|
+-----------------------------------------------------------------------------+
|   Time_Iter|  Inner_Iter|    rms[Rho]|   rms[RhoE]|      rms[k]|      rms[w]|
+-----------------------------------------------------------------------------+
|        3867|           0|   -1.499577|    4.440316|    2.336481|    5.468298|
|        3867|          25|   -5.310969|    1.548370|   -0.973845|    5.456821|
|        3867|          29|   -5.353045|    1.529677|   -1.048994|    5.452271|
+-----------------------------------------------------------------------------+
|   Time_Iter|  Inner_Iter|    rms[Rho]|   rms[RhoE]|      rms[k]|      rms[w]|
+-----------------------------------------------------------------------------+
|        3868|           0|   -1.499560|    4.440462|    2.336552|    5.461487|
|        3868|          25|   -5.317812|    1.536043|   -0.966233|    5.473020|
|        3868|          29|   -5.358648|    1.519751|   -1.041080|    5.475283|
+-----------------------------------------------------------------------------+
|   Time_Iter|  Inner_Iter|    rms[Rho]|   rms[RhoE]|      rms[k]|      rms[w]|
+-----------------------------------------------------------------------------+
|        3869|           0|   -1.499540|    4.440885|    2.336606|    5.484297|
|        3869|          25|   -5.313236|    1.541140|   -0.962051|    5.524913|
|        3869|          29|   -5.350836|    1.528223|   -1.034928|    5.529119|
+-----------------------------------------------------------------------------+
|   Time_Iter|  Inner_Iter|    rms[Rho]|   rms[RhoE]|      rms[k]|      rms[w]|
+-----------------------------------------------------------------------------+
|        3870|           0|   -1.499515|    4.441657|    2.336639|    5.537393|
|        3870|          25|   -5.299308|    1.560834|   -0.955359|    5.580370|
|        3870|          29|   -5.332740|    1.551102|   -1.028635|    5.583469|
+-----------------------------------------------------------------------+
|        File Writing Summary       |              Filename             |
+-----------------------------------------------------------------------+
|Paraview ASCII surface             |wall_npr20_production_cfl2_i30_from520_03870.vtk|
|CSV file                           |wall_npr20_production_cfl2_i30_from520_03870.csv|
+-----------------------------------------------------------------------+
+-----------------------------------------------------------------------------+
|   Time_Iter|  Inner_Iter|    rms[Rho]|   rms[RhoE]|      rms[k]|      rms[w]|
+-----------------------------------------------------------------------------+
|        3871|           0|   -1.499487|    4.442667|    2.336644|    5.591149|
|        3871|          25|   -5.280600|    1.587855|   -0.950747|    5.624100|
|        3871|          29|   -5.310563|    1.579826|   -1.024862|    5.624975|
+-----------------------------------------------------------------------------+
|   Time_Iter|  Inner_Iter|    rms[Rho]|   rms[RhoE]|      rms[k]|      rms[w]|
+-----------------------------------------------------------------------------+
|        3872|           0|   -1.499463|    4.443438|    2.336569|    5.632454|
|        3872|          25|   -5.263394|    1.613050|   -0.948121|    5.647054|
|        3872|          29|   -5.291417|    1.605149|   -1.023066|    5.644622|
+-----------------------------------------------------------------------------+
|   Time_Iter|  Inner_Iter|    rms[Rho]|   rms[RhoE]|      rms[k]|      rms[w]|
+-----------------------------------------------------------------------------+
|        3873|           0|   -1.499441|    4.444079|    2.336450|    5.652249|
|        3873|          25|   -5.252613|    1.629833|   -0.948331|    5.647509|
|        3873|          29|   -5.280395|    1.620845|   -1.024390|    5.641997|
+-----------------------------------------------------------------------------+
|   Time_Iter|  Inner_Iter|    rms[Rho]|   rms[RhoE]|      rms[k]|      rms[w]|
+-----------------------------------------------------------------------------+
|        3874|           0|   -1.499420|    4.444648|    2.336287|    5.649796|
|        3874|          25|   -5.250198|    1.635571|   -0.950085|    5.622758|
|        3874|          29|   -5.279051|    1.624799|   -1.027136|    5.614074|
+-----------------------------------------------------------------------------+
|   Time_Iter|  Inner_Iter|    rms[Rho]|   rms[RhoE]|      rms[k]|      rms[w]|
+-----------------------------------------------------------------------------+
|        3875|           0|   -1.499400|    4.445136|    2.336141|    5.622447|
|        3875|          25|   -5.256037|    1.630026|   -0.953648|    5.578981|
|        3875|          29|   -5.286950|    1.617115|   -1.031729|    5.568631|
+-----------------------------------------------------------------------------+
|   Time_Iter|  Inner_Iter|    rms[Rho]|   rms[RhoE]|      rms[k]|      rms[w]|
+-----------------------------------------------------------------------------+
|        3876|           0|   -1.499383|    4.445470|    2.336036|    5.577940|
|        3876|          25|   -5.269107|    1.614129|   -0.958542|    5.526209|
|        3876|          29|   -5.302506|    1.599318|   -1.037516|    5.515190|
+-----------------------------------------------------------------------------+
|   Time_Iter|  Inner_Iter|    rms[Rho]|   rms[RhoE]|      rms[k]|      rms[w]|
+-----------------------------------------------------------------------------+
|        3877|           0|   -1.499369|    4.445600|    2.335973|    5.525421|
|        3877|          25|   -5.284368|    1.593581|   -0.963577|    5.479779|
|        3877|          29|   -5.320558|    1.576847|   -1.042956|    5.471040|
+-----------------------------------------------------------------------------+
|   Time_Iter|  Inner_Iter|    rms[Rho]|   rms[RhoE]|      rms[k]|      rms[w]|
+-----------------------------------------------------------------------------+
|        3878|           0|   -1.499358|    4.445549|    2.335943|    5.482174|
|        3878|          25|   -5.301839|    1.568769|   -0.966245|    5.458068|
|        3878|          29|   -5.340870|    1.550378|   -1.045367|    5.452315|
+-----------------------------------------------------------------------------+
|   Time_Iter|  Inner_Iter|    rms[Rho]|   rms[RhoE]|      rms[k]|      rms[w]|
+-----------------------------------------------------------------------------+
|        3879|           0|   -1.499349|    4.445359|    2.335956|    5.463122|
|        3879|          25|   -5.319184|    1.542890|   -0.961776|    5.452590|
|        3879|          29|   -5.359832|    1.524381|   -1.037242|    5.448540|
+-----------------------------------------------------------------------------+
|   Time_Iter|  Inner_Iter|    rms[Rho]|   rms[RhoE]|      rms[k]|      rms[w]|
+-----------------------------------------------------------------------------+
|        3880|           0|   -1.499343|    4.444937|    2.335997|    5.457722|
|        3880|          25|   -5.325206|    1.532208|   -0.960168|    5.473081|
|        3880|          29|   -5.364283|    1.516227|   -1.035545|    5.475611|
+-----------------------------------------------------------------------+
|        File Writing Summary       |              Filename             |
+-----------------------------------------------------------------------+
|Paraview ASCII surface             |wall_npr20_production_cfl2_i30_from520_03880.vtk|
|CSV file                           |wall_npr20_production_cfl2_i30_from520_03880.csv|
+-----------------------------------------------------------------------+
+-----------------------------------------------------------------------------+
|   Time_Iter|  Inner_Iter|    rms[Rho]|   rms[RhoE]|      rms[k]|      rms[w]|
+-----------------------------------------------------------------------------+
|        3881|           0|   -1.499340|    4.444296|    2.336052|    5.484587|
|        3881|          25|   -5.319889|    1.538618|   -0.954463|    5.525440|
|        3881|          29|   -5.355545|    1.526030|   -1.029645|    5.529525|
+-----------------------------------------------------------------------------+
|   Time_Iter|  Inner_Iter|    rms[Rho]|   rms[RhoE]|      rms[k]|      rms[w]|
+-----------------------------------------------------------------------------+
|        3882|           0|   -1.499336|    4.443742|    2.336128|    5.537759|
|        3882|          25|   -5.305428|    1.559038|   -0.948437|    5.579471|
|        3882|          29|   -5.336950|    1.549505|   -1.023975|    5.582377|
+-----------------------------------------------------------------------------+
|   Time_Iter|  Inner_Iter|    rms[Rho]|   rms[RhoE]|      rms[k]|      rms[w]|
+-----------------------------------------------------------------------------+
|        3883|           0|   -1.499331|    4.443273|    2.336117|    5.590081|
|        3883|          25|   -5.286611|    1.585965|   -0.944393|    5.621401|
|        3883|          29|   -5.314841|    1.577997|   -1.020670|    5.621985|
+-----------------------------------------------------------------------------+
|   Time_Iter|  Inner_Iter|    rms[Rho]|   rms[RhoE]|      rms[k]|      rms[w]|
+-----------------------------------------------------------------------------+
|        3884|           0|   -1.499322|    4.443023|    2.336054|    5.629478|
|        3884|          25|   -5.269682|    1.610554|   -0.942442|    5.642350|
|        3884|          29|   -5.296182|    1.602605|   -1.019621|    5.639829|
+-----------------------------------------------------------------------------+
|   Time_Iter|  Inner_Iter|    rms[Rho]|   rms[RhoE]|      rms[k]|      rms[w]|
+-----------------------------------------------------------------------------+
|        3885|           0|   -1.499310|    4.443067|    2.336038|    5.647506|
|        3885|          25|   -5.259411|    1.626549|   -0.941451|    5.641437|
|        3885|          29|   -5.285799|    1.617496|   -1.019090|    5.635795|
+-----------------------------------------------------------------------------+
|   Time_Iter|  Inner_Iter|    rms[Rho]|   rms[RhoE]|      rms[k]|      rms[w]|
+-----------------------------------------------------------------------------+
|        3886|           0|   -1.499293|    4.443483|    2.336068|    5.643631|
|        3886|          25|   -5.257571|    1.631563|   -0.944386|    5.615731|
|        3886|          29|   -5.285101|    1.620711|   -1.023455|    5.606985|
+-----------------------------------------------------------------------------+
|   Time_Iter|  Inner_Iter|    rms[Rho]|   rms[RhoE]|      rms[k]|      rms[w]|
+-----------------------------------------------------------------------------+
|        3887|           0|   -1.499271|    4.444182|    2.336119|    5.615429|
|        3887|          25|   -5.263977|    1.625455|   -0.947943|    5.571898|
|        3887|          29|   -5.293576|    1.612468|   -1.027997|    5.561563|
+-----------------------------------------------------------------------------+
|   Time_Iter|  Inner_Iter|    rms[Rho]|   rms[RhoE]|      rms[k]|      rms[w]|
+-----------------------------------------------------------------------------+
|        3888|           0|   -1.499249|    4.444989|    2.336146|    5.570932|
|        3888|          25|   -5.277495|    1.609307|   -0.952712|    5.519436|
|        3888|          29|   -5.309486|    1.594462|   -1.033679|    5.508675|
+-----------------------------------------------------------------------------+
|   Time_Iter|  Inner_Iter|    rms[Rho]|   rms[RhoE]|      rms[k]|      rms[w]|
+-----------------------------------------------------------------------------+
|        3889|           0|   -1.499231|    4.445595|    2.336106|    5.519018|
|        3889|          25|   -5.293281|    1.588547|   -0.957593|    5.474255|
|        3889|          29|   -5.327938|    1.571828|   -1.038969|    5.465590|
+-----------------------------------------------------------------------------+
|   Time_Iter|  Inner_Iter|    rms[Rho]|   rms[RhoE]|      rms[k]|      rms[w]|
+-----------------------------------------------------------------------------+
|        3890|           0|   -1.499215|    4.446083|    2.336014|    5.476777|
|        3890|          25|   -5.311215|    1.563671|   -0.960709|    5.453828|
|        3890|          29|   -5.348563|    1.545349|   -1.041414|    5.448162|
+-----------------------------------------------------------------------+
|        File Writing Summary       |              Filename             |
+-----------------------------------------------------------------------+
|Paraview ASCII surface             |wall_npr20_production_cfl2_i30_from520_03890.vtk|
|CSV file                           |wall_npr20_production_cfl2_i30_from520_03890.csv|
+-----------------------------------------------------------------------+
+-----------------------------------------------------------------------------+
|   Time_Iter|  Inner_Iter|    rms[Rho]|   rms[RhoE]|      rms[k]|      rms[w]|
+-----------------------------------------------------------------------------+
|        3891|           0|   -1.499200|    4.446508|    2.335907|    5.458930|
|        3891|          25|   -5.328778|    1.538106|   -0.959938|    5.448838|
|        3891|          29|   -5.367474|    1.519810|   -1.039278|    5.444967|
+-----------------------------------------------------------------------------+
|   Time_Iter|  Inner_Iter|    rms[Rho]|   rms[RhoE]|      rms[k]|      rms[w]|
+-----------------------------------------------------------------------------+
|        3892|           0|   -1.499189|    4.446734|    2.335801|    5.454159|
|        3892|          25|   -5.334693|    1.527953|   -0.955584|    5.470412|
|        3892|          29|   -5.371623|    1.512230|   -1.033598|    5.472932|
+-----------------------------------------------------------------------------+
|   Time_Iter|  Inner_Iter|    rms[Rho]|   rms[RhoE]|      rms[k]|      rms[w]|
+-----------------------------------------------------------------------------+
|        3893|           0|   -1.499181|    4.446829|    2.335719|    5.481907|
|        3893|          25|   -5.329136|    1.534676|   -0.945690|    5.522258|
|        3893|          29|   -5.362590|    1.522317|   -1.021526|    5.526218|
+-----------------------------------------------------------------------------+
|   Time_Iter|  Inner_Iter|    rms[Rho]|   rms[RhoE]|      rms[k]|      rms[w]|
+-----------------------------------------------------------------------------+
|        3894|           0|   -1.499175|    4.446748|    2.335628|    5.534457|
|        3894|          25|   -5.314381|    1.555142|   -0.944148|    5.575333|
|        3894|          29|   -5.343776|    1.545769|   -1.021958|    5.578124|
+-----------------------------------------------------------------------------+
|   Time_Iter|  Inner_Iter|    rms[Rho]|   rms[RhoE]|      rms[k]|      rms[w]|
+-----------------------------------------------------------------------------+
|        3895|           0|   -1.499174|    4.446445|    2.335574|    5.585846|
|        3895|          25|   -5.295367|    1.581904|   -0.940485|    5.616431|
|        3895|          29|   -5.321593|    1.574042|   -1.018991|    5.616918|
+-----------------------------------------------------------------------------+
|   Time_Iter|  Inner_Iter|    rms[Rho]|   rms[RhoE]|      rms[k]|      rms[w]|
+-----------------------------------------------------------------------------+
|        3896|           0|   -1.499174|    4.445947|    2.335578|    5.624434|
|        3896|          25|   -5.278323|    1.606287|   -0.938705|    5.636897|
|        3896|          29|   -5.302916|    1.598439|   -1.018064|    5.634222|
+-----------------------------------------------------------------------------+
|   Time_Iter|  Inner_Iter|    rms[Rho]|   rms[RhoE]|      rms[k]|      rms[w]|
+-----------------------------------------------------------------------------+
|        3897|           0|   -1.499174|    4.445516|    2.335648|    5.641923|
|        3897|          25|   -5.267859|    1.622183|   -0.938750|    5.636023|
|        3897|          29|   -5.292479|    1.613216|   -1.019040|    5.630460|
+-----------------------------------------------------------------------------+
|   Time_Iter|  Inner_Iter|    rms[Rho]|   rms[RhoE]|      rms[k]|      rms[w]|
+-----------------------------------------------------------------------------+
|        3898|           0|   -1.499173|    4.445175|    2.335764|    5.638338|
|        3898|          25|   -5.265981|    1.627221|   -0.940399|    5.610818|
|        3898|          29|   -5.291754|    1.616478|   -1.021682|    5.602161|
+-----------------------------------------------------------------------------+
|   Time_Iter|  Inner_Iter|    rms[Rho]|   rms[RhoE]|      rms[k]|      rms[w]|
+-----------------------------------------------------------------------------+
|        3899|           0|   -1.499170|    4.444901|    2.335901|    5.610624|
|        3899|          25|   -5.272437|    1.621243|   -0.943638|    5.567783|
|        3899|          29|   -5.300236|    1.608387|   -1.025988|    5.557544|
+-----------------------------------------------------------------------+
|        File Writing Summary       |              Filename             |
+-----------------------------------------------------------------------+
|SU2 binary restart                 |restart_npr20_production_cfl2_i30_from520_03899.dat|
+-----------------------------------------------------------------------+
+-----------------------------------------------------------------------------+
|   Time_Iter|  Inner_Iter|    rms[Rho]|   rms[RhoE]|      rms[k]|      rms[w]|
+-----------------------------------------------------------------------------+
|        3900|           0|   -1.499165|    4.444758|    2.336037|    5.566915|
|        3900|          25|   -5.286167|    1.605239|   -0.948023|    5.516118|
|        3900|          29|   -5.316262|    1.590545|   -1.031312|    5.505351|
+-----------------------------------------------------------------------+
|        File Writing Summary       |              Filename             |
+-----------------------------------------------------------------------+
|SU2 binary restart                 |restart_npr20_production_cfl2_i30_from520_03900.dat|
|Paraview ASCII                     |flow_npr20_production_cfl2_i30_from520_03900.vtk|
|Paraview ASCII surface             |wall_npr20_production_cfl2_i30_from520_03900.vtk|
|CSV file                           |wall_npr20_production_cfl2_i30_from520_03900.csv|
+-----------------------------------------------------------------------+
+-----------------------------------------------------------------------------+
|   Time_Iter|  Inner_Iter|    rms[Rho]|   rms[RhoE]|      rms[k]|      rms[w]|
+-----------------------------------------------------------------------------+
|        3901|           0|   -1.499155|    4.444923|    2.336152|    5.515662|
|        3901|          25|   -5.302268|    1.584637|   -0.952328|    5.471073|
|        3901|          29|   -5.334905|    1.568074|   -1.036144|    5.462416|
+-----------------------------------------------------------------------------+
|   Time_Iter|  Inner_Iter|    rms[Rho]|   rms[RhoE]|      rms[k]|      rms[w]|
+-----------------------------------------------------------------------------+
|        3902|           0|   -1.499137|    4.445580|    2.336107|    5.473592|
|        3902|          25|   -5.320635|    1.559873|   -0.955034|    5.450445|
|        3902|          29|   -5.355783|    1.541771|   -1.038349|    5.444797|
+-----------------------------------------------------------------------------+
|   Time_Iter|  Inner_Iter|    rms[Rho]|   rms[RhoE]|      rms[k]|      rms[w]|
+-----------------------------------------------------------------------------+
|        3903|           0|   -1.499117|    4.446388|    2.336053|    5.455607|
|        3903|          25|   -5.338752|    1.534219|   -0.954047|    5.445312|
|        3903|          29|   -5.375166|    1.516095|   -1.036148|    5.441250|
+-----------------------------------------------------------------------------+
|   Time_Iter|  Inner_Iter|    rms[Rho]|   rms[RhoE]|      rms[k]|      rms[w]|
+-----------------------------------------------------------------------------+
|        3904|           0|   -1.499094|    4.447328|    2.336035|    5.450456|
|        3904|          25|   -5.345248|    1.523487|   -0.949706|    5.464870|
|        3904|          29|   -5.379864|    1.507896|   -1.030574|    5.467140|
+-----------------------------------------------------------------------------+
|   Time_Iter|  Inner_Iter|    rms[Rho]|   rms[RhoE]|      rms[k]|      rms[w]|
+-----------------------------------------------------------------------------+
|        3905|           0|   -1.499069|    4.448423|    2.336030|    5.476156|
|        3905|          25|   -5.340014|    1.529524|   -0.943798|    5.515359|
|        3905|          29|   -5.371213|    1.517236|   -1.024154|    5.519192|
+-----------------------------------------------------------------------------+
|   Time_Iter|  Inner_Iter|    rms[Rho]|   rms[RhoE]|      rms[k]|      rms[w]|
+-----------------------------------------------------------------------------+
|        3906|           0|   -1.499046|    4.449397|    2.335987|    5.527481|
|        3906|          25|   -5.325290|    1.549344|   -0.938268|    5.567954|
|        3906|          29|   -5.352550|    1.540031|   -1.018885|    5.570684|
+-----------------------------------------------------------------------------+
|   Time_Iter|  Inner_Iter|    rms[Rho]|   rms[RhoE]|      rms[k]|      rms[w]|
+-----------------------------------------------------------------------------+
|        3907|           0|   -1.499030|    4.449993|    2.335894|    5.578425|
|        3907|          25|   -5.305928|    1.575859|   -0.934288|    5.609179|
|        3907|          29|   -5.330155|    1.568082|   -1.015533|    5.609759|
+-----------------------------------------------------------------------------+
|   Time_Iter|  Inner_Iter|    rms[Rho]|   rms[RhoE]|      rms[k]|      rms[w]|
+-----------------------------------------------------------------------------+
|        3908|           0|   -1.499017|    4.450250|    2.335774|    5.617307|
|        3908|          25|   -5.288288|    1.600409|   -0.931926|    5.630661|
|        3908|          29|   -5.310968|    1.592714|   -1.013949|    5.628092|
+-----------------------------------------------------------------------------+
|   Time_Iter|  Inner_Iter|    rms[Rho]|   rms[RhoE]|      rms[k]|      rms[w]|
+-----------------------------------------------------------------------------+
|        3909|           0|   -1.499009|    4.450314|    2.335649|    5.635672|
|        3909|          25|   -5.277178|    1.616874|   -0.931314|    5.631121|
|        3909|          29|   -5.299869|    1.608107|   -1.014261|    5.625830|
+-----------------------------------------------------------------------------+
|   Time_Iter|  Inner_Iter|    rms[Rho]|   rms[RhoE]|      rms[k]|      rms[w]|
+-----------------------------------------------------------------------------+
|        3910|           0|   -1.499001|    4.450348|    2.335552|    5.633754|
|        3910|          25|   -5.274618|    1.622686|   -0.932141|    5.607965|
|        3910|          29|   -5.298431|    1.612194|   -1.016076|    5.599552|
+-----------------------------------------------------------------------+
|        File Writing Summary       |              Filename             |
+-----------------------------------------------------------------------+
|Paraview ASCII surface             |wall_npr20_production_cfl2_i30_from520_03910.vtk|
|CSV file                           |wall_npr20_production_cfl2_i30_from520_03910.csv|
+-----------------------------------------------------------------------+
+-----------------------------------------------------------------------------+
|   Time_Iter|  Inner_Iter|    rms[Rho]|   rms[RhoE]|      rms[k]|      rms[w]|
+-----------------------------------------------------------------------------+
|        3911|           0|   -1.498997|    4.450149|    2.335474|    5.607981|
|        3911|          25|   -5.280542|    1.617548|   -0.933185|    5.566622|
|        3911|          29|   -5.306294|    1.604990|   -1.017585|    5.556559|
+-----------------------------------------------------------------------------+
|   Time_Iter|  Inner_Iter|    rms[Rho]|   rms[RhoE]|      rms[k]|      rms[w]|
+-----------------------------------------------------------------------------+
|        3912|           0|   -1.498996|    4.449801|    2.335410|    5.565874|
|        3912|          25|   -5.294121|    1.602149|   -0.937692|    5.516330|
|        3912|          29|   -5.322124|    1.587721|   -1.023620|    5.505404|
+-----------------------------------------------------------------------------+
|   Time_Iter|  Inner_Iter|    rms[Rho]|   rms[RhoE]|      rms[k]|      rms[w]|
+-----------------------------------------------------------------------------+
|        3913|           0|   -1.498995|    4.449521|    2.335389|    5.515548|
|        3913|          25|   -5.310217|    1.582110|   -0.941107|    5.470410|
|        3913|          29|   -5.340639|    1.565816|   -1.027594|    5.461674|
+-----------------------------------------------------------------------------+
|   Time_Iter|  Inner_Iter|    rms[Rho]|   rms[RhoE]|      rms[k]|      rms[w]|
+-----------------------------------------------------------------------------+
|        3914|           0|   -1.498991|    4.449491|    2.335407|    5.472760|
|        3914|          25|   -5.328870|    1.557660|   -0.943138|    5.447931|
|        3914|          29|   -5.361644|    1.539865|   -1.029286|    5.442280|
+-----------------------------------------------------------------------------+
|   Time_Iter|  Inner_Iter|    rms[Rho]|   rms[RhoE]|      rms[k]|      rms[w]|
+-----------------------------------------------------------------------------+
|        3915|           0|   -1.498991|    4.449145|    2.335496|    5.453217|
|        3915|          25|   -5.347817|    1.531595|   -0.941962|    5.442326|
|        3915|          29|   -5.381945|    1.513559|   -1.026999|    5.437733|
+-----------------------------------------------------------------------------+
|   Time_Iter|  Inner_Iter|    rms[Rho]|   rms[RhoE]|      rms[k]|      rms[w]|
+-----------------------------------------------------------------------------+
|        3916|           0|   -1.498990|    4.448836|    2.335609|    5.447018|
|        3916|          25|   -5.355641|    1.519167|   -0.937779|    5.456697|
|        3916|          29|   -5.388134|    1.503510|   -1.021621|    5.458422|
+-----------------------------------------------------------------------------+
|   Time_Iter|  Inner_Iter|    rms[Rho]|   rms[RhoE]|      rms[k]|      rms[w]|
+-----------------------------------------------------------------------------+
|        3917|           0|   -1.498986|    4.448680|    2.335716|    5.467511|
|        3917|          25|   -5.351360|    1.523451|   -0.932040|    5.504733|
|        3917|          29|   -5.380639|    1.511006|   -1.015265|    5.508406|
+-----------------------------------------------------------------------------+
|   Time_Iter|  Inner_Iter|    rms[Rho]|   rms[RhoE]|      rms[k]|      rms[w]|
+-----------------------------------------------------------------------------+
|        3918|           0|   -1.498980|    4.448730|    2.335833|    5.516791|
|        3918|          25|   -5.337167|    1.541833|   -0.926531|    5.557160|
|        3918|          29|   -5.362668|    1.532389|   -1.009809|    5.559957|
+-----------------------------------------------------------------------------+
|   Time_Iter|  Inner_Iter|    rms[Rho]|   rms[RhoE]|      rms[k]|      rms[w]|
+-----------------------------------------------------------------------------+
|        3919|           0|   -1.498970|    4.448979|    2.335910|    5.567746|
|        3919|          25|   -5.317597|    1.567870|   -0.922379|    5.599386|
|        3919|          29|   -5.340112|    1.560108|   -1.005637|    5.600236|
+-----------------------------------------------------------------------------+
|   Time_Iter|  Inner_Iter|    rms[Rho]|   rms[RhoE]|      rms[k]|      rms[w]|
+-----------------------------------------------------------------------------+
|        3920|           0|   -1.498955|    4.449563|    2.335872|    5.607826|
|        3920|          25|   -5.299106|    1.592879|   -0.919775|    5.623332|
|        3920|          29|   -5.320073|    1.585343|   -1.004078|    5.621164|
+-----------------------------------------------------------------------+
|        File Writing Summary       |              Filename             |
+-----------------------------------------------------------------------+
|Paraview ASCII surface             |wall_npr20_production_cfl2_i30_from520_03920.vtk|
|CSV file                           |wall_npr20_production_cfl2_i30_from520_03920.csv|
+-----------------------------------------------------------------------+
+-----------------------------------------------------------------------------+
|   Time_Iter|  Inner_Iter|    rms[Rho]|   rms[RhoE]|      rms[k]|      rms[w]|
+-----------------------------------------------------------------------------+
|        3921|           0|   -1.498938|    4.450311|    2.335804|    5.628752|
|        3921|          25|   -5.286761|    1.610540|   -0.918773|    5.626536|
|        3921|          29|   -5.307644|    1.602060|   -1.003793|    5.621587|
+-----------------------------------------------------------------------------+
|   Time_Iter|  Inner_Iter|    rms[Rho]|   rms[RhoE]|      rms[k]|      rms[w]|
+-----------------------------------------------------------------------------+
|        3922|           0|   -1.498918|    4.451205|    2.335779|    5.629521|
|        3922|          25|   -5.282811|    1.617884|   -0.919114|    5.606948|
|        3922|          29|   -5.304765|    1.607763|   -1.004952|    5.598944|
+-----------------------------------------------------------------------------+
|   Time_Iter|  Inner_Iter|    rms[Rho]|   rms[RhoE]|      rms[k]|      rms[w]|
+-----------------------------------------------------------------------------+
|        3923|           0|   -1.498904|    4.451804|    2.335748|    5.607295|
|        3923|          25|   -5.287599|    1.614265|   -0.920897|    5.568320|
|        3923|          29|   -5.311329|    1.602195|   -1.007624|    5.558521|
+-----------------------------------------------------------------------------+
|   Time_Iter|  Inner_Iter|    rms[Rho]|   rms[RhoE]|      rms[k]|      rms[w]|
+-----------------------------------------------------------------------------+
|        3924|           0|   -1.498895|    4.452093|    2.335683|    5.567716|
|        3924|          25|   -5.300185|    1.600436|   -0.923783|    5.519435|
|        3924|          29|   -5.326447|    1.586076|   -1.011264|    5.509096|
+-----------------------------------------------------------------------------+
|   Time_Iter|  Inner_Iter|    rms[Rho]|   rms[RhoE]|      rms[k]|      rms[w]|
+-----------------------------------------------------------------------------+
|        3925|           0|   -1.498887|    4.452292|    2.335606|    5.519181|
|        3925|          25|   -5.316204|    1.581011|   -0.927115|    5.472728|
|        3925|          29|   -5.344504|    1.565127|   -1.015092|    5.463647|
+-----------------------------------------------------------------------------+
|   Time_Iter|  Inner_Iter|    rms[Rho]|   rms[RhoE]|      rms[k]|      rms[w]|
+-----------------------------------------------------------------------------+
|        3926|           0|   -1.498881|    4.452451|    2.335529|    5.474631|
|        3926|          25|   -5.334810|    1.557140|   -0.929520|    5.446200|
|        3926|          29|   -5.365404|    1.539734|   -1.017184|    5.440673|
+-----------------------------------------------------------------------------+
|   Time_Iter|  Inner_Iter|    rms[Rho]|   rms[RhoE]|      rms[k]|      rms[w]|
+-----------------------------------------------------------------------------+
|        3927|           0|   -1.498875|    4.452629|    2.335432|    5.451844|
|        3927|          25|   -5.354557|    1.530647|   -0.929440|    5.440344|
|        3927|          29|   -5.386806|    1.512589|   -1.016047|    5.435174|
+-----------------------------------------------------------------------------+
|   Time_Iter|  Inner_Iter|    rms[Rho]|   rms[RhoE]|      rms[k]|      rms[w]|
+-----------------------------------------------------------------------------+
|        3928|           0|   -1.498874|    4.452459|    2.335344|    5.444590|
|        3928|          25|   -5.364644|    1.515339|   -0.926657|    5.446590|
|        3928|          29|   -5.395567|    1.499420|   -1.011912|    5.447395|
+-----------------------------------------------------------------------------+
|   Time_Iter|  Inner_Iter|    rms[Rho]|   rms[RhoE]|      rms[k]|      rms[w]|
+-----------------------------------------------------------------------------+
|        3929|           0|   -1.498878|    4.451939|    2.335276|    5.456566|
|        3929|          25|   -5.362151|    1.516752|   -0.921837|    5.490450|
|        3929|          29|   -5.390162|    1.503915|   -1.006047|    5.493897|
+-----------------------------------------------------------------------------+
|   Time_Iter|  Inner_Iter|    rms[Rho]|   rms[RhoE]|      rms[k]|      rms[w]|
+-----------------------------------------------------------------------------+
|        3930|           0|   -1.498882|    4.451329|    2.335232|    5.502431|
|        3930|          25|   -5.349167|    1.532789|   -0.918023|    5.542703|
|        3930|          29|   -5.373586|    1.523004|   -1.002150|    5.545678|
+-----------------------------------------------------------------------+
|        File Writing Summary       |              Filename             |
+-----------------------------------------------------------------------+
|Paraview ASCII surface             |wall_npr20_production_cfl2_i30_from520_03930.vtk|
|CSV file                           |wall_npr20_production_cfl2_i30_from520_03930.csv|
+-----------------------------------------------------------------------+
+-----------------------------------------------------------------------------+
|   Time_Iter|  Inner_Iter|    rms[Rho]|   rms[RhoE]|      rms[k]|      rms[w]|
+-----------------------------------------------------------------------------+
|        3931|           0|   -1.498888|    4.450623|    2.335233|    5.553576|
|        3931|          25|   -5.329764|    1.557872|   -0.914919|    5.586701|
|        3931|          29|   -5.351161|    1.550024|   -0.999189|    5.587927|
+-----------------------------------------------------------------------------+
|   Time_Iter|  Inner_Iter|    rms[Rho]|   rms[RhoE]|      rms[k]|      rms[w]|
+-----------------------------------------------------------------------------+
|        3932|           0|   -1.498892|    4.450037|    2.335280|    5.595561|
|        3932|          25|   -5.310326|    1.583462|   -0.913257|    5.614334|
|        3932|          29|   -5.330060|    1.576087|   -0.997817|    5.612764|
+-----------------------------------------------------------------------------+
|   Time_Iter|  Inner_Iter|    rms[Rho]|   rms[RhoE]|      rms[k]|      rms[w]|
+-----------------------------------------------------------------------------+
|        3933|           0|   -1.498892|    4.449656|    2.335328|    5.620359|
|        3933|          25|   -5.296174|    1.602875|   -0.913129|    5.621581|
|        3933|          29|   -5.315700|    1.594746|   -0.998112|    5.617290|
+-----------------------------------------------------------------------------+
|   Time_Iter|  Inner_Iter|    rms[Rho]|   rms[RhoE]|      rms[k]|      rms[w]|
+-----------------------------------------------------------------------------+
|        3934|           0|   -1.498891|    4.449405|    2.335300|    5.625155|
|        3934|          25|   -5.290259|    1.612461|   -0.914523|    5.607302|
|        3934|          29|   -5.310668|    1.602848|   -1.000002|    5.599896|
+-----------------------------------------------------------------------------+
|   Time_Iter|  Inner_Iter|    rms[Rho]|   rms[RhoE]|      rms[k]|      rms[w]|
+-----------------------------------------------------------------------------+
|        3935|           0|   -1.498885|    4.449398|    2.335336|    5.608132|
|        3935|          25|   -5.293232|    1.611076|   -0.917357|    5.572494|
|        3935|          29|   -5.315330|    1.599565|   -1.003364|    5.563008|
+-----------------------------------------------------------------------------+
|   Time_Iter|  Inner_Iter|    rms[Rho]|   rms[RhoE]|      rms[k]|      rms[w]|
+-----------------------------------------------------------------------------+
|        3936|           0|   -1.498872|    4.449893|    2.335401|    5.572061|
|        3936|          25|   -5.304009|    1.599620|   -0.921457|    5.526009|
|        3936|          29|   -5.328510|    1.585873|   -1.008017|    5.515673|
+-----------------------------------------------------------------------------+
|   Time_Iter|  Inner_Iter|    rms[Rho]|   rms[RhoE]|      rms[k]|      rms[w]|
+-----------------------------------------------------------------------------+
|        3937|           0|   -1.498853|    4.450798|    2.335466|    5.525582|
|        3937|          25|   -5.319601|    1.581160|   -0.926329|    5.477919|
|        3937|          29|   -5.346169|    1.565803|   -1.013172|    5.468775|
+-----------------------------------------------------------------------------+
|   Time_Iter|  Inner_Iter|    rms[Rho]|   rms[RhoE]|      rms[k]|      rms[w]|
+-----------------------------------------------------------------------------+
|        3938|           0|   -1.498832|    4.451800|    2.335497|    5.479603|
|        3938|          25|   -5.337668|    1.558296|   -0.930828|    5.444507|
|        3938|          29|   -5.366589|    1.541300|   -1.017332|    5.439491|
+-----------------------------------------------------------------------------+
|   Time_Iter|  Inner_Iter|    rms[Rho]|   rms[RhoE]|      rms[k]|      rms[w]|
+-----------------------------------------------------------------------------+
|        3939|           0|   -1.498810|    4.452872|    2.335422|    5.451055|
|        3939|          25|   -5.357729|    1.531843|   -0.933377|    5.438329|
|        3939|          29|   -5.388718|    1.513711|   -1.018688|    5.433903|
+-----------------------------------------------------------------------------+
|   Time_Iter|  Inner_Iter|    rms[Rho]|   rms[RhoE]|      rms[k]|      rms[w]|
+-----------------------------------------------------------------------------+
|        3940|           0|   -1.498792|    4.453742|    2.335285|    5.443795|
|        3940|          25|   -5.370951|    1.512696|   -0.933249|    5.436221|
|        3940|          29|   -5.401078|    1.496335|   -1.017074|    5.435549|
+-----------------------------------------------------------------------+
|        File Writing Summary       |              Filename             |
+-----------------------------------------------------------------------+
|Paraview ASCII surface             |wall_npr20_production_cfl2_i30_from520_03940.vtk|
|CSV file                           |wall_npr20_production_cfl2_i30_from520_03940.csv|
+-----------------------------------------------------------------------+
+-----------------------------------------------------------------------------+
|   Time_Iter|  Inner_Iter|    rms[Rho]|   rms[RhoE]|      rms[k]|      rms[w]|
+-----------------------------------------------------------------------------+
|        3941|           0|   -1.498775|    4.454495|    2.335181|    5.444815|
|        3941|          25|   -5.371204|    1.510058|   -0.931297|    5.472997|
|        3941|          29|   -5.398797|    1.496611|   -1.013938|    5.476042|
+-----------------------------------------------------------------------------+
|   Time_Iter|  Inner_Iter|    rms[Rho]|   rms[RhoE]|      rms[k]|      rms[w]|
+-----------------------------------------------------------------------------+
|        3942|           0|   -1.498759|    4.455276|    2.335072|    5.484790|
|        3942|          25|   -5.360340|    1.522653|   -0.929055|    5.524192|
|        3942|          29|   -5.384533|    1.512321|   -1.011074|    5.527459|
+-----------------------------------------------------------------------------+
|   Time_Iter|  Inner_Iter|    rms[Rho]|   rms[RhoE]|      rms[k]|      rms[w]|
+-----------------------------------------------------------------------------+
|        3943|           0|   -1.498740|    4.456273|    2.334989|    5.535549|
|        3943|          25|   -5.341792|    1.545980|   -0.913394|    5.570548|
|        3943|          29|   -5.362872|    1.537905|   -0.989031|    5.572305|
+-----------------------------------------------------------------------------+
|   Time_Iter|  Inner_Iter|    rms[Rho]|   rms[RhoE]|      rms[k]|      rms[w]|
+-----------------------------------------------------------------------------+
|        3944|           0|   -1.498719|    4.457428|    2.334924|    5.580021|
|        3944|          25|   -5.321573|    1.572018|   -0.927667|    5.602893|
|        3944|          29|   -5.340770|    1.564743|   -1.009558|    5.602095|
+-----------------------------------------------------------------------------+
|   Time_Iter|  Inner_Iter|    rms[Rho]|   rms[RhoE]|      rms[k]|      rms[w]|
+-----------------------------------------------------------------------------+
|        3945|           0|   -1.498706|    4.458104|    2.334879|    5.609706|
|        3945|          25|   -5.305292|    1.593583|   -0.929007|    5.614969|
|        3945|          29|   -5.324050|    1.585810|   -1.011025|    5.611750|
+-----------------------------------------------------------------------------+
|   Time_Iter|  Inner_Iter|    rms[Rho]|   rms[RhoE]|      rms[k]|      rms[w]|
+-----------------------------------------------------------------------------+
|        3946|           0|   -1.498700|    4.458238|    2.334869|    5.619631|
|        3946|          25|   -5.296806|    1.606018|   -0.932066|    5.608107|
|        3946|          29|   -5.316219|    1.596976|   -1.014420|    5.601547|
+-----------------------------------------------------------------------------+
|   Time_Iter|  Inner_Iter|    rms[Rho]|   rms[RhoE]|      rms[k]|      rms[w]|
+-----------------------------------------------------------------------------+
|        3947|           0|   -1.498698|    4.458156|    2.334902|    5.609645|
|        3947|          25|   -5.297062|    1.607844|   -0.936508|    5.578825|
|        3947|          29|   -5.318048|    1.596957|   -1.019199|    5.569912|
+-----------------------------------------------------------------------------+
|   Time_Iter|  Inner_Iter|    rms[Rho]|   rms[RhoE]|      rms[k]|      rms[w]|
+-----------------------------------------------------------------------------+
|        3948|           0|   -1.498699|    4.457792|    2.334959|    5.578692|
|        3948|          25|   -5.305417|    1.599405|   -0.942376|    5.535746|
|        3948|          29|   -5.328610|    1.586401|   -1.025448|    5.525621|
+-----------------------------------------------------------------------------+
|   Time_Iter|  Inner_Iter|    rms[Rho]|   rms[RhoE]|      rms[k]|      rms[w]|
+-----------------------------------------------------------------------------+
|        3949|           0|   -1.498703|    4.457241|    2.335036|    5.535268|
|        3949|          25|   -5.320051|    1.582464|   -0.949227|    5.486471|
|        3949|          29|   -5.345347|    1.567781|   -1.032491|    5.476901|
+-----------------------------------------------------------------------+
|        File Writing Summary       |              Filename             |
+-----------------------------------------------------------------------+
|SU2 binary restart                 |restart_npr20_production_cfl2_i30_from520_03949.dat|
+-----------------------------------------------------------------------+
+-----------------------------------------------------------------------------+
|   Time_Iter|  Inner_Iter|    rms[Rho]|   rms[RhoE]|      rms[k]|      rms[w]|
+-----------------------------------------------------------------------------+
|        3950|           0|   -1.498707|    4.456726|    2.335071|    5.487525|
|        3950|          25|   -5.337133|    1.561073|   -0.956057|    5.446704|
|        3950|          29|   -5.364674|    1.544790|   -1.039027|    5.439585|
+-----------------------------------------------------------------------+
|        File Writing Summary       |              Filename             |
+-----------------------------------------------------------------------+
|SU2 binary restart                 |restart_npr20_production_cfl2_i30_from520_03950.dat|
|Paraview ASCII surface             |wall_npr20_production_cfl2_i30_from520_03950.vtk|
|CSV file                           |wall_npr20_production_cfl2_i30_from520_03950.csv|
+-----------------------------------------------------------------------+
+-----------------------------------------------------------------------------+
|   Time_Iter|  Inner_Iter|    rms[Rho]|   rms[RhoE]|      rms[k]|      rms[w]|
+-----------------------------------------------------------------------------+
|        3951|           0|   -1.498709|    4.456346|    2.335091|    5.451021|
|        3951|          25|   -5.356046|    1.536267|   -0.961287|    5.431860|
|        3951|          29|   -5.386192|    1.518139|   -1.043130|    5.429029|
+-----------------------------------------------------------------------------+
|   Time_Iter|  Inner_Iter|    rms[Rho]|   rms[RhoE]|      rms[k]|      rms[w]|
+-----------------------------------------------------------------------------+
|        3952|           0|   -1.498705|    4.456390|    2.335128|    5.440483|
|        3952|          25|   -5.373073|    1.512595|   -0.963559|    5.428981|
|        3952|          29|   -5.403128|    1.495658|   -1.043736|    5.425949|
+-----------------------------------------------------------------------------+
|   Time_Iter|  Inner_Iter|    rms[Rho]|   rms[RhoE]|      rms[k]|      rms[w]|
+-----------------------------------------------------------------------------+
|        3953|           0|   -1.498695|    4.456918|    2.335195|    5.435229|
|        3953|          25|   -5.377058|    1.504725|   -0.961591|    5.453613|
|        3953|          29|   -5.405111|    1.490403|   -1.039582|    5.455854|
+-----------------------------------------------------------------------------+
|   Time_Iter|  Inner_Iter|    rms[Rho]|   rms[RhoE]|      rms[k]|      rms[w]|
+-----------------------------------------------------------------------------+
|        3954|           0|   -1.498680|    4.457689|    2.335274|    5.464870|
|        3954|          25|   -5.369416|    1.512558|   -0.961892|    5.501977|
|        3954|          29|   -5.394363|    1.501332|   -1.039802|    5.505278|
+-----------------------------------------------------------------------------+
|   Time_Iter|  Inner_Iter|    rms[Rho]|   rms[RhoE]|      rms[k]|      rms[w]|
+-----------------------------------------------------------------------------+
|        3955|           0|   -1.498666|    4.458286|    2.335320|    5.513594|
|        3955|          25|   -5.352818|    1.532844|   -0.960927|    5.550464|
|        3955|          29|   -5.374564|    1.524213|   -1.038556|    5.552664|
+-----------------------------------------------------------------------------+
|   Time_Iter|  Inner_Iter|    rms[Rho]|   rms[RhoE]|      rms[k]|      rms[w]|
+-----------------------------------------------------------------------------+
|        3956|           0|   -1.498651|    4.458945|    2.335326|    5.560501|
|        3956|          25|   -5.332381|    1.558750|   -0.961116|    5.587924|
|        3956|          29|   -5.351924|    1.551351|   -1.038760|    5.588053|
+-----------------------------------------------------------------------------+
|   Time_Iter|  Inner_Iter|    rms[Rho]|   rms[RhoE]|      rms[k]|      rms[w]|
+-----------------------------------------------------------------------------+
|        3957|           0|   -1.498642|    4.459216|    2.335263|    5.595711|
|        3957|          25|   -5.314185|    1.582375|   -0.962567|    5.607013|
|        3957|          29|   -5.332830|    1.574927|   -1.040322|    5.604267|
+-----------------------------------------------------------------------------+
|   Time_Iter|  Inner_Iter|    rms[Rho]|   rms[RhoE]|      rms[k]|      rms[w]|
+-----------------------------------------------------------------------------+
|        3958|           0|   -1.498634|    4.459404|    2.335185|    5.611986|
|        3958|          25|   -5.302629|    1.598276|   -0.965463|    5.607257|
|        3958|          29|   -5.321669|    1.589755|   -1.043504|    5.602048|
+-----------------------------------------------------------------------------+
|   Time_Iter|  Inner_Iter|    rms[Rho]|   rms[RhoE]|      rms[k]|      rms[w]|
+-----------------------------------------------------------------------------+
|        3959|           0|   -1.498627|    4.459481|    2.334996|    5.610111|
|        3959|          25|   -5.299526|    1.604076|   -0.969159|    5.585870|
|        3959|          29|   -5.319871|    1.593889|   -1.047566|    5.577790|
+-----------------------------------------------------------------------------+
|   Time_Iter|  Inner_Iter|    rms[Rho]|   rms[RhoE]|      rms[k]|      rms[w]|
+-----------------------------------------------------------------------------+
|        3960|           0|   -1.498619|    4.459715|    2.334795|    5.586327|
|        3960|          25|   -5.304780|    1.599463|   -0.975684|    5.547820|
|        3960|          29|   -5.327083|    1.587298|   -1.054557|    5.538146|
+-----------------------------------------------------------------------+
|        File Writing Summary       |              Filename             |
+-----------------------------------------------------------------------+
|Paraview ASCII surface             |wall_npr20_production_cfl2_i30_from520_03960.vtk|
|CSV file                           |wall_npr20_production_cfl2_i30_from520_03960.csv|
+-----------------------------------------------------------------------+
+-----------------------------------------------------------------------------+
|   Time_Iter|  Inner_Iter|    rms[Rho]|   rms[RhoE]|      rms[k]|      rms[w]|
+-----------------------------------------------------------------------------+
|        3961|           0|   -1.498611|    4.459968|    2.334663|    5.547495|
|        3961|          25|   -5.317587|    1.585024|   -0.982662|    5.500623|
|        3961|          29|   -5.342260|    1.570859|   -1.061853|    5.490284|
+-----------------------------------------------------------------------------+
|   Time_Iter|  Inner_Iter|    rms[Rho]|   rms[RhoE]|      rms[k]|      rms[w]|
+-----------------------------------------------------------------------------+
|        3962|           0|   -1.498603|    4.460272|    2.334594|    5.500398|
|        3962|          25|   -5.333204|    1.565742|   -0.990002|    5.456340|
|        3962|          29|   -5.360050|    1.549951|   -1.069136|    5.447671|
+-----------------------------------------------------------------------------+
|   Time_Iter|  Inner_Iter|    rms[Rho]|   rms[RhoE]|      rms[k]|      rms[w]|
+-----------------------------------------------------------------------------+
|        3963|           0|   -1.498594|    4.460709|    2.334571|    5.458718|
|        3963|          25|   -5.351409|    1.542080|   -0.996014|    5.432930|
|        3963|          29|   -5.380438|    1.524909|   -1.074283|    5.427534|
+-----------------------------------------------------------------------------+
|   Time_Iter|  Inner_Iter|    rms[Rho]|   rms[RhoE]|      rms[k]|      rms[w]|
+-----------------------------------------------------------------------------+
|        3964|           0|   -1.498589|    4.460931|    2.334577|    5.438674|
|        3964|          25|   -5.370260|    1.516406|   -0.998960|    5.427828|
|        3964|          29|   -5.400732|    1.498809|   -1.075634|    5.422668|
+-----------------------------------------------------------------------------+
|   Time_Iter|  Inner_Iter|    rms[Rho]|   rms[RhoE]|      rms[k]|      rms[w]|
+-----------------------------------------------------------------------------+
|        3965|           0|   -1.498590|    4.460581|    2.334616|    5.432109|
|        3965|          25|   -5.379068|    1.502195|   -0.998455|    5.434937|
|        3965|          29|   -5.408255|    1.486726|   -1.073581|    5.435570|
+-----------------------------------------------------------------------------+
|   Time_Iter|  Inner_Iter|    rms[Rho]|   rms[RhoE]|      rms[k]|      rms[w]|
+-----------------------------------------------------------------------------+
|        3966|           0|   -1.498592|    4.460176|    2.334684|    5.444810|
|        3966|          25|   -5.375731|    1.503970|   -0.995955|    5.476791|
|        3966|          29|   -5.402276|    1.491439|   -1.070164|    5.479852|
+-----------------------------------------------------------------------------+
|   Time_Iter|  Inner_Iter|    rms[Rho]|   rms[RhoE]|      rms[k]|      rms[w]|
+-----------------------------------------------------------------------------+
|        3967|           0|   -1.498592|    4.459871|    2.334718|    5.488467|
|        3967|          25|   -5.362409|    1.519641|   -0.993163|    5.526410|
|        3967|          29|   -5.385778|    1.509953|   -1.067099|    5.529092|
+-----------------------------------------------------------------------------+
|   Time_Iter|  Inner_Iter|    rms[Rho]|   rms[RhoE]|      rms[k]|      rms[w]|
+-----------------------------------------------------------------------------+
|        3968|           0|   -1.498591|    4.459647|    2.334761|    5.537087|
|        3968|          25|   -5.342997|    1.544042|   -0.991295|    5.568549|
|        3968|          29|   -5.363718|    1.536167|   -1.065371|    5.569598|
+-----------------------------------------------------------------------------+
|   Time_Iter|  Inner_Iter|    rms[Rho]|   rms[RhoE]|      rms[k]|      rms[w]|
+-----------------------------------------------------------------------------+
|        3969|           0|   -1.498584|    4.459805|    2.334818|    5.577330|
|        3969|          25|   -5.323500|    1.569165|   -0.990644|    5.595630|
|        3969|          29|   -5.342793|    1.561747|   -1.064968|    5.594098|
+-----------------------------------------------------------------------------+
|   Time_Iter|  Inner_Iter|    rms[Rho]|   rms[RhoE]|      rms[k]|      rms[w]|
+-----------------------------------------------------------------------------+
|        3970|           0|   -1.498573|    4.460250|    2.334888|    5.601790|
|        3970|          25|   -5.308852|    1.588727|   -0.991434|    5.603409|
|        3970|          29|   -5.328036|    1.580613|   -1.066228|    5.599485|
+-----------------------------------------------------------------------+
|        File Writing Summary       |              Filename             |
+-----------------------------------------------------------------------+
|Paraview ASCII surface             |wall_npr20_production_cfl2_i30_from520_03970.vtk|
|CSV file                           |wall_npr20_production_cfl2_i30_from520_03970.csv|
+-----------------------------------------------------------------------+
+-----------------------------------------------------------------------------+
|   Time_Iter|  Inner_Iter|    rms[Rho]|   rms[RhoE]|      rms[k]|      rms[w]|
+-----------------------------------------------------------------------------+
|        3971|           0|   -1.498557|    4.460955|    2.334981|    5.607472|
|        3971|          25|   -5.302047|    1.599012|   -0.993749|    5.592370|
|        3971|          29|   -5.322128|    1.589509|   -1.069053|    5.585337|
+-----------------------------------------------------------------------------+
|   Time_Iter|  Inner_Iter|    rms[Rho]|   rms[RhoE]|      rms[k]|      rms[w]|
+-----------------------------------------------------------------------------+
|        3972|           0|   -1.498537|    4.461864|    2.335045|    5.593616|
|        3972|          25|   -5.303731|    1.598864|   -0.997482|    5.560874|
|        3972|          29|   -5.325541|    1.587480|   -1.073379|    5.551820|
+-----------------------------------------------------------------------------+
|   Time_Iter|  Inner_Iter|    rms[Rho]|   rms[RhoE]|      rms[k]|      rms[w]|
+-----------------------------------------------------------------------------+
|        3973|           0|   -1.498521|    4.462568|    2.335005|    5.560829|
|        3973|          25|   -5.313045|    1.588908|   -1.002648|    5.517654|
|        3973|          29|   -5.337162|    1.575403|   -1.079080|    5.507593|
+-----------------------------------------------------------------------------+
|   Time_Iter|  Inner_Iter|    rms[Rho]|   rms[RhoE]|      rms[k]|      rms[w]|
+-----------------------------------------------------------------------------+
|        3974|           0|   -1.498509|    4.463017|    2.334894|    5.517432|
|        3974|          25|   -5.327559|    1.571545|   -1.008501|    5.470504|
|        3974|          29|   -5.353787|    1.556427|   -1.085221|    5.461505|
+-----------------------------------------------------------------------------+
|   Time_Iter|  Inner_Iter|    rms[Rho]|   rms[RhoE]|      rms[k]|      rms[w]|
+-----------------------------------------------------------------------------+
|        3975|           0|   -1.498495|    4.463611|    2.334749|    5.472237|
|        3975|          25|   -5.344389|    1.549923|   -1.013767|    5.434520|
|        3975|          29|   -5.372823|    1.533325|   -1.090120|    5.428037|
+-----------------------------------------------------------------------------+
|   Time_Iter|  Inner_Iter|    rms[Rho]|   rms[RhoE]|      rms[k]|      rms[w]|
+-----------------------------------------------------------------------------+
|        3976|           0|   -1.498478|    4.464492|    2.334602|    5.439871|
|        3976|          25|   -5.363200|    1.524662|   -1.016587|    5.425610|
|        3976|          29|   -5.394191|    1.506442|   -1.091748|    5.422999|
+-----------------------------------------------------------------------------+
|   Time_Iter|  Inner_Iter|    rms[Rho]|   rms[RhoE]|      rms[k]|      rms[w]|
+-----------------------------------------------------------------------------+
|        3977|           0|   -1.498456|    4.465887|    2.334449|    5.433604|
|        3977|          25|   -5.377690|    1.503630|   -1.015797|    5.421771|
|        3977|          29|   -5.408250|    1.486898|   -1.089481|    5.419641|
+-----------------------------------------------------------------------------+
|   Time_Iter|  Inner_Iter|    rms[Rho]|   rms[RhoE]|      rms[k]|      rms[w]|
+-----------------------------------------------------------------------------+
|        3978|           0|   -1.498439|    4.466929|    2.334277|    5.428990|
|        3978|          25|   -5.379772|    1.498076|   -1.012256|    5.450303|
|        3978|          29|   -5.408309|    1.483961|   -1.084930|    5.452604|
+-----------------------------------------------------------------------------+
|   Time_Iter|  Inner_Iter|    rms[Rho]|   rms[RhoE]|      rms[k]|      rms[w]|
+-----------------------------------------------------------------------------+
|        3979|           0|   -1.498434|    4.467136|    2.334084|    5.461591|
|        3979|          25|   -5.371039|    1.507438|   -1.007774|    5.497930|
|        3979|          29|   -5.396583|    1.496289|   -1.080125|    5.500966|
+-----------------------------------------------------------------------------+
|   Time_Iter|  Inner_Iter|    rms[Rho]|   rms[RhoE]|      rms[k]|      rms[w]|
+-----------------------------------------------------------------------------+
|        3980|           0|   -1.498437|    4.466808|    2.333912|    5.509275|
|        3980|          25|   -5.354283|    1.528229|   -1.003412|    5.544140|
|        3980|          29|   -5.376815|    1.519468|   -1.076082|    5.546049|
+-----------------------------------------------------------------------+
|        File Writing Summary       |              Filename             |
+-----------------------------------------------------------------------+
|Paraview ASCII surface             |wall_npr20_production_cfl2_i30_from520_03980.vtk|
|CSV file                           |wall_npr20_production_cfl2_i30_from520_03980.csv|
+-----------------------------------------------------------------------+
+-----------------------------------------------------------------------------+
|   Time_Iter|  Inner_Iter|    rms[Rho]|   rms[RhoE]|      rms[k]|      rms[w]|
+-----------------------------------------------------------------------------+
|        3981|           0|   -1.498445|    4.466057|    2.333841|    5.553920|
|        3981|          25|   -5.334493|    1.553667|   -1.001240|    5.579122|
|        3981|          29|   -5.354981|    1.545982|   -1.074114|    5.578903|
+-----------------------------------------------------------------------------+
|   Time_Iter|  Inner_Iter|    rms[Rho]|   rms[RhoE]|      rms[k]|      rms[w]|
+-----------------------------------------------------------------------------+
|        3982|           0|   -1.498453|    4.465411|    2.333855|    5.586618|
|        3982|          25|   -5.317256|    1.576400|   -1.000013|    5.596047|
|        3982|          29|   -5.336926|    1.568594|   -1.073373|    5.593065|
+-----------------------------------------------------------------------------+
|   Time_Iter|  Inner_Iter|    rms[Rho]|   rms[RhoE]|      rms[k]|      rms[w]|
+-----------------------------------------------------------------------------+
|        3983|           0|   -1.498462|    4.464773|    2.333911|    5.600868|
|        3983|          25|   -5.306555|    1.591422|   -1.000323|    5.595263|
|        3983|          29|   -5.326652|    1.582533|   -1.074303|    5.589906|
+-----------------------------------------------------------------------------+
|   Time_Iter|  Inner_Iter|    rms[Rho]|   rms[RhoE]|      rms[k]|      rms[w]|
+-----------------------------------------------------------------------------+
|        3984|           0|   -1.498462|    4.464756|    2.333989|    5.598054|
|        3984|          25|   -5.303993|    1.596589|   -1.002170|    5.573568|
|        3984|          29|   -5.325416|    1.586047|   -1.076773|    5.565521|
+-----------------------------------------------------------------------------+
|   Time_Iter|  Inner_Iter|    rms[Rho]|   rms[RhoE]|      rms[k]|      rms[w]|
+-----------------------------------------------------------------------------+
|        3985|           0|   -1.498451|    4.465646|    2.334101|    5.574152|
|        3985|          25|   -5.309406|    1.591686|   -1.005665|    5.536339|
|        3985|          29|   -5.332801|    1.579200|   -1.080975|    5.526812|
+-----------------------------------------------------------------------------+
|   Time_Iter|  Inner_Iter|    rms[Rho]|   rms[RhoE]|      rms[k]|      rms[w]|
+-----------------------------------------------------------------------------+
|        3986|           0|   -1.498435|    4.466747|    2.334241|    5.536228|
|        3986|          25|   -5.322062|    1.577253|   -1.010334|    5.490381|
|        3986|          29|   -5.347762|    1.562883|   -1.086178|    5.480104|
+-----------------------------------------------------------------------------+
|   Time_Iter|  Inner_Iter|    rms[Rho]|   rms[RhoE]|      rms[k]|      rms[w]|
+-----------------------------------------------------------------------------+
|        3987|           0|   -1.498418|    4.467659|    2.334361|    5.490283|
|        3987|          25|   -5.337282|    1.558253|   -1.015305|    5.447318|
|        3987|          29|   -5.365253|    1.542200|   -1.091201|    5.438753|
+-----------------------------------------------------------------------------+
|   Time_Iter|  Inner_Iter|    rms[Rho]|   rms[RhoE]|      rms[k]|      rms[w]|
+-----------------------------------------------------------------------------+
|        3988|           0|   -1.498398|    4.468654|    2.334438|    5.449838|
|        3988|          25|   -5.355013|    1.534946|   -1.018962|    5.424918|
|        3988|          29|   -5.385198|    1.517543|   -1.094204|    5.419616|
+-----------------------------------------------------------------------------+
|   Time_Iter|  Inner_Iter|    rms[Rho]|   rms[RhoE]|      rms[k]|      rms[w]|
+-----------------------------------------------------------------------------+
|        3989|           0|   -1.498374|    4.469806|    2.334467|    5.430774|
|        3989|          25|   -5.373277|    1.509816|   -1.019717|    5.420187|
|        3989|          29|   -5.404922|    1.492025|   -1.093613|    5.414947|
+-----------------------------------------------------------------------------+
|   Time_Iter|  Inner_Iter|    rms[Rho]|   rms[RhoE]|      rms[k]|      rms[w]|
+-----------------------------------------------------------------------------+
|        3990|           0|   -1.498351|    4.470934|    2.334417|    5.424423|
|        3990|          25|   -5.381859|    1.495867|   -1.017201|    5.426608|
|        3990|          29|   -5.412337|    1.480112|   -1.089919|    5.427011|
+-----------------------------------------------------------------------+
|        File Writing Summary       |              Filename             |
+-----------------------------------------------------------------------+
|Paraview ASCII surface             |wall_npr20_production_cfl2_i30_from520_03990.vtk|
|CSV file                           |wall_npr20_production_cfl2_i30_from520_03990.csv|
+-----------------------------------------------------------------------+
+-----------------------------------------------------------------------------+
|   Time_Iter|  Inner_Iter|    rms[Rho]|   rms[RhoE]|      rms[k]|      rms[w]|
+-----------------------------------------------------------------------------+
|        3991|           0|   -1.498327|    4.472199|    2.334340|    5.436301|
|        3991|          25|   -5.378885|    1.497322|   -1.013034|    5.466701|
|        3991|          29|   -5.406827|    1.484408|   -1.085145|    5.469512|
+-----------------------------------------------------------------------------+
|   Time_Iter|  Inner_Iter|    rms[Rho]|   rms[RhoE]|      rms[k]|      rms[w]|
+-----------------------------------------------------------------------------+
|        3992|           0|   -1.498304|    4.473488|    2.334224|    5.478196|
|        3992|          25|   -5.366339|    1.512246|   -1.008843|    5.514806|
|        3992|          29|   -5.391184|    1.502103|   -1.080929|    5.517376|
+-----------------------------------------------------------------------------+
|   Time_Iter|  Inner_Iter|    rms[Rho]|   rms[RhoE]|      rms[k]|      rms[w]|
+-----------------------------------------------------------------------------+
|        3993|           0|   -1.498282|    4.474699|    2.334091|    5.525443|
|        3993|          25|   -5.347818|    1.535843|   -1.005686|    5.556173|
|        3993|          29|   -5.369984|    1.527538|   -1.078089|    5.557178|
+-----------------------------------------------------------------------------+
|   Time_Iter|  Inner_Iter|    rms[Rho]|   rms[RhoE]|      rms[k]|      rms[w]|
+-----------------------------------------------------------------------------+
|        3994|           0|   -1.498274|    4.474875|    2.333935|    5.564973|
|        3994|          25|   -5.328922|    1.560534|   -1.003906|    5.583422|
|        3994|          29|   -5.349548|    1.552762|   -1.076745|    5.581985|
+-----------------------------------------------------------------------------+
|   Time_Iter|  Inner_Iter|    rms[Rho]|   rms[RhoE]|      rms[k]|      rms[w]|
+-----------------------------------------------------------------------------+
|        3995|           0|   -1.498270|    4.474830|    2.333795|    5.589731|
|        3995|          25|   -5.314341|    1.580234|   -1.003622|    5.591794|
|        3995|          29|   -5.334716|    1.571861|   -1.076991|    5.588198|
+-----------------------------------------------------------------------------+
|   Time_Iter|  Inner_Iter|    rms[Rho]|   rms[RhoE]|      rms[k]|      rms[w]|
+-----------------------------------------------------------------------------+
|        3996|           0|   -1.498273|    4.474280|    2.333701|    5.596261|
|        3996|          25|   -5.307209|    1.591059|   -1.004896|    5.583303|
|        3996|          29|   -5.328351|    1.581399|   -1.078896|    5.576700|
+-----------------------------------------------------------------------------+
|   Time_Iter|  Inner_Iter|    rms[Rho]|   rms[RhoE]|      rms[k]|      rms[w]|
+-----------------------------------------------------------------------------+
|        3997|           0|   -1.498278|    4.473705|    2.333655|    5.584986|
|        3997|          25|   -5.308205|    1.591849|   -1.007832|    5.554285|
|        3997|          29|   -5.330964|    1.580398|   -1.082502|    5.545520|
+-----------------------------------------------------------------------------+
|   Time_Iter|  Inner_Iter|    rms[Rho]|   rms[RhoE]|      rms[k]|      rms[w]|
+-----------------------------------------------------------------------------+
|        3998|           0|   -1.498287|    4.472914|    2.333652|    5.554486|
|        3998|          25|   -5.316642|    1.583017|   -1.012313|    5.513348|
|        3998|          29|   -5.341645|    1.569507|   -1.087597|    5.503516|
+-----------------------------------------------------------------------------+
|   Time_Iter|  Inner_Iter|    rms[Rho]|   rms[RhoE]|      rms[k]|      rms[w]|
+-----------------------------------------------------------------------------+
|        3999|           0|   -1.498295|    4.472227|    2.333676|    5.513296|
|        3999|          25|   -5.330656|    1.566436|   -1.017740|    5.467097|
|        3999|          29|   -5.357772|    1.551310|   -1.093376|    5.457900|
+-----------------------------------------------------------------------+
|        File Writing Summary       |              Filename             |
+-----------------------------------------------------------------------+
|SU2 binary restart                 |restart_npr20_production_cfl2_i30_from520_03999.dat|
+-----------------------------------------------------------------------+
+-----------------------------------------------------------------------------+
|   Time_Iter|  Inner_Iter|    rms[Rho]|   rms[RhoE]|      rms[k]|      rms[w]|
+-----------------------------------------------------------------------------+
|        4000|           0|   -1.498301|    4.471560|    2.333596|    5.468596|
|        4000|          25|   -5.347021|    1.545530|   -1.022761|    5.429977|
|        4000|          29|   -5.376386|    1.528905|   -1.098158|    5.422951|
+-----------------------------------------------------------------------+
|        File Writing Summary       |              Filename             |
+-----------------------------------------------------------------------+
|SU2 binary restart                 |restart_npr20_production_cfl2_i30_from520_04000.dat|
|Paraview ASCII                     |flow_npr20_production_cfl2_i30_from520_04000.vtk|
|Paraview ASCII surface             |wall_npr20_production_cfl2_i30_from520_04000.vtk|
|CSV file                           |wall_npr20_production_cfl2_i30_from520_04000.csv|
+-----------------------------------------------------------------------+
+-----------------------------------------------------------------------------+
|   Time_Iter|  Inner_Iter|    rms[Rho]|   rms[RhoE]|      rms[k]|      rms[w]|
+-----------------------------------------------------------------------------+
|        4001|           0|   -1.498307|    4.470814|    2.333595|    5.434416|
|        4001|          25|   -5.364932|    1.521501|   -1.026173|    5.416408|
|        4001|          29|   -5.397081|    1.502945|   -1.100595|    5.414577|
+-----------------------------------------------------------------------------+
|   Time_Iter|  Inner_Iter|    rms[Rho]|   rms[RhoE]|      rms[k]|      rms[w]|
+-----------------------------------------------------------------------------+
|        4002|           0|   -1.498306|    4.470428|    2.333621|    5.425897|
|        4002|          25|   -5.380819|    1.498861|   -1.026268|    5.413576|
|        4002|          29|   -5.412838|    1.481660|   -1.099321|    5.410365|
+-----------------------------------------------------------------------------+
|   Time_Iter|  Inner_Iter|    rms[Rho]|   rms[RhoE]|      rms[k]|      rms[w]|
+-----------------------------------------------------------------------------+
|        4003|           0|   -1.498295|    4.470781|    2.333633|    5.419734|
|        4003|          25|   -5.384661|    1.491041|   -1.023759|    5.435657|
|        4003|          29|   -5.414943|    1.476259|   -1.095861|    5.437366|
+-----------------------------------------------------------------------------+
|   Time_Iter|  Inner_Iter|    rms[Rho]|   rms[RhoE]|      rms[k]|      rms[w]|
+-----------------------------------------------------------------------------+
|        4004|           0|   -1.498271|    4.472086|    2.333638|    5.446500|
|        4004|          25|   -5.377803|    1.497961|   -1.020251|    5.480478|
|        4004|          29|   -5.405255|    1.486064|   -1.091985|    5.483312|
+-----------------------------------------------------------------------------+
|   Time_Iter|  Inner_Iter|    rms[Rho]|   rms[RhoE]|      rms[k]|      rms[w]|
+-----------------------------------------------------------------------------+
|        4005|           0|   -1.498241|    4.473847|    2.333639|    5.491770|
|        4005|          25|   -5.362689|    1.516669|   -1.017119|    5.526543|
|        4005|          29|   -5.387073|    1.507278|   -1.088935|    5.528442|
+-----------------------------------------------------------------------------+
|   Time_Iter|  Inner_Iter|    rms[Rho]|   rms[RhoE]|      rms[k]|      rms[w]|
+-----------------------------------------------------------------------------+
|        4006|           0|   -1.498220|    4.474659|    2.333586|    5.536389|
|        4006|          25|   -5.343588|    1.541360|   -1.015191|    5.562884|
|        4006|          29|   -5.365686|    1.533262|   -1.087332|    5.563016|
+-----------------------------------------------------------------------------+
|   Time_Iter|  Inner_Iter|    rms[Rho]|   rms[RhoE]|      rms[k]|      rms[w]|
+-----------------------------------------------------------------------------+
|        4007|           0|   -1.498205|    4.475010|    2.333475|    5.570801|
|        4007|          25|   -5.326061|    1.564582|   -1.014531|    5.583104|
|        4007|          29|   -5.347026|    1.556606|   -1.087124|    5.580658|
+-----------------------------------------------------------------------------+
|   Time_Iter|  Inner_Iter|    rms[Rho]|   rms[RhoE]|      rms[k]|      rms[w]|
+-----------------------------------------------------------------------------+
|        4008|           0|   -1.498189|    4.475484|    2.333332|    5.588481|
|        4008|          25|   -5.314134|    1.581194|   -1.014571|    5.585744|
|        4008|          29|   -5.335213|    1.572343|   -1.087185|    5.581176|
+-----------------------------------------------------------------------------+
|   Time_Iter|  Inner_Iter|    rms[Rho]|   rms[RhoE]|      rms[k]|      rms[w]|
+-----------------------------------------------------------------------------+
|        4009|           0|   -1.498168|    4.476440|    2.333171|    5.589355|
|        4009|          25|   -5.309921|    1.588482|   -1.018041|    5.569606|
|        4009|          29|   -5.332071|    1.578150|   -1.091754|    5.562134|
+-----------------------------------------------------------------------------+
|   Time_Iter|  Inner_Iter|    rms[Rho]|   rms[RhoE]|      rms[k]|      rms[w]|
+-----------------------------------------------------------------------------+
|        4010|           0|   -1.498137|    4.478291|    2.333015|    5.570664|
|        4010|          25|   -5.313705|    1.585731|   -1.022169|    5.535990|
|        4010|          29|   -5.337573|    1.573658|   -1.096488|    5.526980|
+-----------------------------------------------------------------------+
|        File Writing Summary       |              Filename             |
+-----------------------------------------------------------------------+
|Paraview ASCII surface             |wall_npr20_production_cfl2_i30_from520_04010.vtk|
|CSV file                           |wall_npr20_production_cfl2_i30_from520_04010.csv|
+-----------------------------------------------------------------------+
+-----------------------------------------------------------------------------+
|   Time_Iter|  Inner_Iter|    rms[Rho]|   rms[RhoE]|      rms[k]|      rms[w]|
+-----------------------------------------------------------------------------+
|        4011|           0|   -1.498111|    4.479952|    2.332871|    5.536336|
|        4011|          25|   -5.324458|    1.573791|   -1.027699|    5.493071|
|        4011|          29|   -5.350887|    1.559487|   -1.102521|    5.483238|
+-----------------------------------------------------------------------------+
|   Time_Iter|  Inner_Iter|    rms[Rho]|   rms[RhoE]|      rms[k]|      rms[w]|
+-----------------------------------------------------------------------------+
|        4012|           0|   -1.498095|    4.480778|    2.332770|    5.493317|
|        4012|          25|   -5.339121|    1.555875|   -1.033682|    5.449190|
|        4012|          29|   -5.367654|    1.540067|   -1.108835|    5.440243|
+-----------------------------------------------------------------------------+
|   Time_Iter|  Inner_Iter|    rms[Rho]|   rms[RhoE]|      rms[k]|      rms[w]|
+-----------------------------------------------------------------------------+
|        4013|           0|   -1.498085|    4.481359|    2.332723|    5.451130|
|        4013|          25|   -5.356045|    1.533812|   -1.039177|    5.419248|
|        4013|          29|   -5.386996|    1.516443|   -1.113577|    5.414525|
+-----------------------------------------------------------------------------+
|   Time_Iter|  Inner_Iter|    rms[Rho]|   rms[RhoE]|      rms[k]|      rms[w]|
+-----------------------------------------------------------------------------+
|        4014|           0|   -1.498076|    4.482005|    2.332731|    5.426124|
|        4014|          25|   -5.374749|    1.508428|   -1.041979|    5.415373|
|        4014|          29|   -5.407655|    1.490246|   -1.115144|    5.410515|
+-----------------------------------------------------------------------------+
|   Time_Iter|  Inner_Iter|    rms[Rho]|   rms[RhoE]|      rms[k]|      rms[w]|
+-----------------------------------------------------------------------------+
|        4015|           0|   -1.498069|    4.482525|    2.332806|    5.420404|
|        4015|          25|   -5.386438|    1.490669|   -1.035917|    5.412266|
|        4015|          29|   -5.418745|    1.474113|   -1.105542|    5.411089|
+-----------------------------------------------------------------------------+
|   Time_Iter|  Inner_Iter|    rms[Rho]|   rms[RhoE]|      rms[k]|      rms[w]|
+-----------------------------------------------------------------------------+
|        4016|           0|   -1.498067|    4.482663|    2.332946|    5.420501|
|        4016|          25|   -5.386651|    1.487734|   -1.038889|    5.444328|
|        4016|          29|   -5.416822|    1.473800|   -1.109868|    5.446580|
+-----------------------------------------------------------------------------+
|   Time_Iter|  Inner_Iter|    rms[Rho]|   rms[RhoE]|      rms[k]|      rms[w]|
+-----------------------------------------------------------------------------+
|        4017|           0|   -1.498066|    4.482596|    2.333034|    5.455524|
|        4017|          25|   -5.376957|    1.498698|   -1.035700|    5.490412|
|        4017|          29|   -5.404139|    1.487571|   -1.106487|    5.493062|
+-----------------------------------------------------------------------------+
|   Time_Iter|  Inner_Iter|    rms[Rho]|   rms[RhoE]|      rms[k]|      rms[w]|
+-----------------------------------------------------------------------------+
|        4018|           0|   -1.498072|    4.481670|    2.333106|    5.501371|
|        4018|          25|   -5.360209|    1.519820|   -1.026758|    5.533533|
|        4018|          29|   -5.384471|    1.510866|   -1.095280|    5.535005|
+-----------------------------------------------------------------------------+
|   Time_Iter|  Inner_Iter|    rms[Rho]|   rms[RhoE]|      rms[k]|      rms[w]|
+-----------------------------------------------------------------------------+
|        4019|           0|   -1.498068|    4.481403|    2.333145|    5.542922|
|        4019|          25|   -5.341270|    1.544520|   -1.031772|    5.565279|
|        4019|          29|   -5.363567|    1.536468|   -1.103059|    5.564632|
+-----------------------------------------------------------------------------+
|   Time_Iter|  Inner_Iter|    rms[Rho]|   rms[RhoE]|      rms[k]|      rms[w]|
+-----------------------------------------------------------------------------+
|        4020|           0|   -1.498059|    4.481322|    2.333113|    5.572430|
|        4020|          25|   -5.325170|    1.566082|   -1.031704|    5.579634|
|        4020|          29|   -5.346672|    1.557845|   -1.103460|    5.576385|
+-----------------------------------------------------------------------+
|        File Writing Summary       |              Filename             |
+-----------------------------------------------------------------------+
|Paraview ASCII surface             |wall_npr20_production_cfl2_i30_from520_04020.vtk|
|CSV file                           |wall_npr20_production_cfl2_i30_from520_04020.csv|
+-----------------------------------------------------------------------+
+-----------------------------------------------------------------------------+
|   Time_Iter|  Inner_Iter|    rms[Rho]|   rms[RhoE]|      rms[k]|      rms[w]|
+-----------------------------------------------------------------------------+
|        4021|           0|   -1.498045|    4.481429|    2.333048|    5.584305|
|        4021|          25|   -5.315469|    1.580017|   -1.033327|    5.577739|
|        4021|          29|   -5.337378|    1.570707|   -1.105617|    5.572270|
+-----------------------------------------------------------------------------+
|   Time_Iter|  Inner_Iter|    rms[Rho]|   rms[RhoE]|      rms[k]|      rms[w]|
+-----------------------------------------------------------------------------+
|        4022|           0|   -1.498028|    4.481690|    2.332993|    5.580541|
|        4022|          25|   -5.313559|    1.584430|   -1.036539|    5.556112|
|        4022|          29|   -5.336789|    1.573508|   -1.109432|    5.548153|
+-----------------------------------------------------------------------------+
|   Time_Iter|  Inner_Iter|    rms[Rho]|   rms[RhoE]|      rms[k]|      rms[w]|
+-----------------------------------------------------------------------------+
|        4023|           0|   -1.498018|    4.481351|    2.332899|    5.556904|
|        4023|          25|   -5.319203|    1.579208|   -1.041371|    5.520201|
|        4023|          29|   -5.344404|    1.566396|   -1.114857|    5.511013|
+-----------------------------------------------------------------------------+
|   Time_Iter|  Inner_Iter|    rms[Rho]|   rms[RhoE]|      rms[k]|      rms[w]|
+-----------------------------------------------------------------------------+
|        4024|           0|   -1.498007|    4.481224|    2.332740|    5.520505|
|        4024|          25|   -5.331775|    1.564798|   -1.047465|    5.476153|
|        4024|          29|   -5.359231|    1.550235|   -1.121409|    5.466022|
+-----------------------------------------------------------------------------+
|   Time_Iter|  Inner_Iter|    rms[Rho]|   rms[RhoE]|      rms[k]|      rms[w]|
+-----------------------------------------------------------------------------+
|        4025|           0|   -1.497984|    4.482076|    2.332568|    5.476294|
|        4025|          25|   -5.346680|    1.546103|   -1.052331|    5.434593|
|        4025|          29|   -5.376528|    1.529814|   -1.125628|    5.426140|
+-----------------------------------------------------------------------------+
|   Time_Iter|  Inner_Iter|    rms[Rho]|   rms[RhoE]|      rms[k]|      rms[w]|
+-----------------------------------------------------------------------------+
|        4026|           0|   -1.497952|    4.483791|    2.332393|    5.437297|
|        4026|          25|   -5.364012|    1.523173|   -1.058868|    5.413015|
|        4026|          29|   -5.396153|    1.505568|   -1.131977|    5.407847|
+-----------------------------------------------------------------------------+
|   Time_Iter|  Inner_Iter|    rms[Rho]|   rms[RhoE]|      rms[k]|      rms[w]|
+-----------------------------------------------------------------------------+
|        4027|           0|   -1.497928|    4.485074|    2.332195|    5.419060|
|        4027|          25|   -5.381832|    1.498456|   -1.060835|    5.408679|
|        4027|          29|   -5.415532|    1.480511|   -1.132547|    5.403338|
+-----------------------------------------------------------------------------+
|   Time_Iter|  Inner_Iter|    rms[Rho]|   rms[RhoE]|      rms[k]|      rms[w]|
+-----------------------------------------------------------------------------+
|        4028|           0|   -1.497919|    4.485344|    2.332025|    5.412864|
|        4028|          25|   -5.390353|    1.484460|   -1.059596|    5.413272|
|        4028|          29|   -5.423078|    1.468440|   -1.130079|    5.413245|
+-----------------------------------------------------------------------------+
|   Time_Iter|  Inner_Iter|    rms[Rho]|   rms[RhoE]|      rms[k]|      rms[w]|
+-----------------------------------------------------------------------------+
|        4029|           0|   -1.497916|    4.485120|    2.331897|    5.422630|
|        4029|          25|   -5.387897|    1.485124|   -1.056538|    5.450328|
|        4029|          29|   -5.418273|    1.471791|   -1.126446|    5.452745|
+-----------------------------------------------------------------------------+
|   Time_Iter|  Inner_Iter|    rms[Rho]|   rms[RhoE]|      rms[k]|      rms[w]|
+-----------------------------------------------------------------------------+
|        4030|           0|   -1.497910|    4.485177|    2.331827|    5.461551|
|        4030|          25|   -5.376270|    1.498811|   -1.053201|    5.496130|
|        4030|          29|   -5.403637|    1.488151|   -1.123061|    5.498516|
+-----------------------------------------------------------------------+
|        File Writing Summary       |              Filename             |
+-----------------------------------------------------------------------+
|Paraview ASCII surface             |wall_npr20_production_cfl2_i30_from520_04030.vtk|
|CSV file                           |wall_npr20_production_cfl2_i30_from520_04030.csv|
+-----------------------------------------------------------------------+
+-----------------------------------------------------------------------------+
|   Time_Iter|  Inner_Iter|    rms[Rho]|   rms[RhoE]|      rms[k]|      rms[w]|
+-----------------------------------------------------------------------------+
|        4031|           0|   -1.497900|    4.485675|    2.331829|    5.506742|
|        4031|          25|   -5.358709|    1.521215|   -1.050738|    5.536490|
|        4031|          29|   -5.383318|    1.512436|   -1.120816|    5.537456|
+-----------------------------------------------------------------------------+
|   Time_Iter|  Inner_Iter|    rms[Rho]|   rms[RhoE]|      rms[k]|      rms[w]|
+-----------------------------------------------------------------------------+
|        4032|           0|   -1.497897|    4.485500|    2.331872|    5.545355|
|        4032|          25|   -5.340290|    1.545431|   -1.049486|    5.564206|
|        4032|          29|   -5.363167|    1.537281|   -1.120046|    5.562946|
+-----------------------------------------------------------------------------+
|   Time_Iter|  Inner_Iter|    rms[Rho]|   rms[RhoE]|      rms[k]|      rms[w]|
+-----------------------------------------------------------------------------+
|        4033|           0|   -1.497888|    4.485722|    2.331913|    5.570780|
|        4033|          25|   -5.325518|    1.565465|   -1.049614|    5.574185|
|        4033|          29|   -5.347820|    1.556931|   -1.120734|    5.570370|
+-----------------------------------------------------------------------------+
|   Time_Iter|  Inner_Iter|    rms[Rho]|   rms[RhoE]|      rms[k]|      rms[w]|
+-----------------------------------------------------------------------------+
|        4034|           0|   -1.497865|    4.486943|    2.331919|    5.578458|
|        4034|          25|   -5.317557|    1.577328|   -1.050497|    5.568947|
|        4034|          29|   -5.340462|    1.567586|   -1.121903|    5.562932|
+-----------------------------------------------------------------------------+
|   Time_Iter|  Inner_Iter|    rms[Rho]|   rms[RhoE]|      rms[k]|      rms[w]|
+-----------------------------------------------------------------------------+
|        4035|           0|   -1.497832|    4.488919|    2.331921|    5.571307|
|        4035|          25|   -5.317278|    1.579667|   -1.054878|    5.544056|
|        4035|          29|   -5.341645|    1.568253|   -1.127327|    5.535816|
+-----------------------------------------------------------------------------+
|   Time_Iter|  Inner_Iter|    rms[Rho]|   rms[RhoE]|      rms[k]|      rms[w]|
+-----------------------------------------------------------------------------+
|        4036|           0|   -1.497797|    4.490873|    2.331910|    5.544745|
|        4036|          25|   -5.324206|    1.572653|   -1.059950|    5.506888|
|        4036|          29|   -5.350723|    1.559280|   -1.133064|    5.497386|
+-----------------------------------------------------------------------------+
|   Time_Iter|  Inner_Iter|    rms[Rho]|   rms[RhoE]|      rms[k]|      rms[w]|
+-----------------------------------------------------------------------------+
|        4037|           0|   -1.497768|    4.492185|    2.331886|    5.507063|
|        4037|          25|   -5.337288|    1.557293|   -1.066124|    5.462410|
|        4037|          29|   -5.366006|    1.542298|   -1.139678|    5.453023|
+-----------------------------------------------------------------------------+
|   Time_Iter|  Inner_Iter|    rms[Rho]|   rms[RhoE]|      rms[k]|      rms[w]|
+-----------------------------------------------------------------------------+
|        4038|           0|   -1.497747|    4.492650|    2.331836|    5.463544|
|        4038|          25|   -5.352522|    1.537739|   -1.072256|    5.423541|
|        4038|          29|   -5.383740|    1.521066|   -1.145700|    5.416159|
+-----------------------------------------------------------------------------+
|   Time_Iter|  Inner_Iter|    rms[Rho]|   rms[RhoE]|      rms[k]|      rms[w]|
+-----------------------------------------------------------------------------+
|        4039|           0|   -1.497731|    4.492718|    2.331684|    5.427587|
|        4039|          25|   -5.369752|    1.514496|   -1.076719|    5.406800|
|        4039|          29|   -5.403245|    1.496647|   -1.149264|    5.401581|
+-----------------------------------------------------------------------------+
|   Time_Iter|  Inner_Iter|    rms[Rho]|   rms[RhoE]|      rms[k]|      rms[w]|
+-----------------------------------------------------------------------------+
|        4040|           0|   -1.497719|    4.492696|    2.331437|    5.412581|
|        4040|          25|   -5.386431|    1.490767|   -1.077750|    5.402321|
|        4040|          29|   -5.421192|    1.472959|   -1.148973|    5.397647|
+-----------------------------------------------------------------------+
|        File Writing Summary       |              Filename             |
+-----------------------------------------------------------------------+
|Paraview ASCII surface             |wall_npr20_production_cfl2_i30_from520_04040.vtk|
|CSV file                           |wall_npr20_production_cfl2_i30_from520_04040.csv|
+-----------------------------------------------------------------------+
+-----------------------------------------------------------------------------+
|   Time_Iter|  Inner_Iter|    rms[Rho]|   rms[RhoE]|      rms[k]|      rms[w]|
+-----------------------------------------------------------------------------+
|        4041|           0|   -1.497714|    4.492296|    2.331183|    5.407145|
|        4041|          25|   -5.392748|    1.479437|   -1.075704|    5.413465|
|        4041|          29|   -5.426333|    1.463705|   -1.145853|    5.413982|
+-----------------------------------------------------------------------------+
|   Time_Iter|  Inner_Iter|    rms[Rho]|   rms[RhoE]|      rms[k]|      rms[w]|
+-----------------------------------------------------------------------------+
|        4042|           0|   -1.497716|    4.491394|    2.330921|    5.423332|
|        4042|          25|   -5.388624|    1.482413|   -1.072099|    5.452617|
|        4042|          29|   -5.419745|    1.469365|   -1.141921|    5.455029|
+-----------------------------------------------------------------------------+
|   Time_Iter|  Inner_Iter|    rms[Rho]|   rms[RhoE]|      rms[k]|      rms[w]|
+-----------------------------------------------------------------------------+
|        4043|           0|   -1.497724|    4.489912|    2.330745|    5.463757|
|        4043|          25|   -5.375981|    1.497661|   -1.068448|    5.497587|
|        4043|          29|   -5.404082|    1.487163|   -1.138378|    5.499640|
+-----------------------------------------------------------------------------+
|   Time_Iter|  Inner_Iter|    rms[Rho]|   rms[RhoE]|      rms[k]|      rms[w]|
+-----------------------------------------------------------------------------+
|        4044|           0|   -1.497720|    4.489523|    2.330644|    5.507796|
|        4044|          25|   -5.358196|    1.520578|   -1.065761|    5.535692|
|        4044|          29|   -5.383642|    1.511753|   -1.136104|    5.536282|
+-----------------------------------------------------------------------------+
|   Time_Iter|  Inner_Iter|    rms[Rho]|   rms[RhoE]|      rms[k]|      rms[w]|
+-----------------------------------------------------------------------------+
|        4045|           0|   -1.497707|    4.489975|    2.330586|    5.544189|
|        4045|          25|   -5.340344|    1.544229|   -1.064325|    5.560594|
|        4045|          29|   -5.364189|    1.535873|   -1.135233|    5.558935|
+-----------------------------------------------------------------------------+
|   Time_Iter|  Inner_Iter|    rms[Rho]|   rms[RhoE]|      rms[k]|      rms[w]|
+-----------------------------------------------------------------------------+
|        4046|           0|   -1.497690|    4.490942|    2.330576|    5.566814|
|        4046|          25|   -5.326506|    1.563156|   -1.064196|    5.567848|
|        4046|          29|   -5.349958|    1.554252|   -1.135790|    5.564112|
+-----------------------------------------------------------------------------+
|   Time_Iter|  Inner_Iter|    rms[Rho]|   rms[RhoE]|      rms[k]|      rms[w]|
+-----------------------------------------------------------------------------+
|        4047|           0|   -1.497671|    4.492079|    2.330601|    5.572393|
|        4047|          25|   -5.319601|    1.573685|   -1.065831|    5.560685|
|        4047|          29|   -5.343733|    1.563566|   -1.138162|    5.554395|
+-----------------------------------------------------------------------------+
|   Time_Iter|  Inner_Iter|    rms[Rho]|   rms[RhoE]|      rms[k]|      rms[w]|
+-----------------------------------------------------------------------------+
|        4048|           0|   -1.497651|    4.493124|    2.330642|    5.562858|
|        4048|          25|   -5.320214|    1.574798|   -1.069110|    5.534270|
|        4048|          29|   -5.345914|    1.562981|   -1.142243|    5.525900|
+-----------------------------------------------------------------------------+
|   Time_Iter|  Inner_Iter|    rms[Rho]|   rms[RhoE]|      rms[k]|      rms[w]|
+-----------------------------------------------------------------------------+
|        4049|           0|   -1.497636|    4.493671|    2.330703|    5.534940|
|        4049|          25|   -5.327768|    1.566781|   -1.073944|    5.496682|
|        4049|          29|   -5.355728|    1.552986|   -1.147875|    5.487194|
+-----------------------------------------------------------------------+
|        File Writing Summary       |              Filename             |
+-----------------------------------------------------------------------+
|SU2 binary restart                 |restart_npr20_production_cfl2_i30_from520_04049.dat|
+-----------------------------------------------------------------------+
+-----------------------------------------------------------------------------+
|   Time_Iter|  Inner_Iter|    rms[Rho]|   rms[RhoE]|      rms[k]|      rms[w]|
+-----------------------------------------------------------------------------+
|        4050|           0|   -1.497629|    4.493495|    2.330740|    5.496985|
|        4050|          25|   -5.340868|    1.551036|   -1.079762|    5.452927|
|        4050|          29|   -5.371068|    1.535663|   -1.154178|    5.443853|
+-----------------------------------------------------------------------+
|        File Writing Summary       |              Filename             |
+-----------------------------------------------------------------------+
|SU2 binary restart                 |restart_npr20_production_cfl2_i30_from520_04050.dat|
|Paraview ASCII surface             |wall_npr20_production_cfl2_i30_from520_04050.vtk|
|CSV file                           |wall_npr20_production_cfl2_i30_from520_04050.csv|
+-----------------------------------------------------------------------+
+-----------------------------------------------------------------------------+
|   Time_Iter|  Inner_Iter|    rms[Rho]|   rms[RhoE]|      rms[k]|      rms[w]|
+-----------------------------------------------------------------------------+
|        4051|           0|   -1.497618|    4.493427|    2.330721|    5.454487|
|        4051|          25|   -5.356116|    1.531099|   -1.085365|    5.416128|
|        4051|          29|   -5.388825|    1.514159|   -1.159706|    5.408945|
+-----------------------------------------------------------------------------+
|   Time_Iter|  Inner_Iter|    rms[Rho]|   rms[RhoE]|      rms[k]|      rms[w]|
+-----------------------------------------------------------------------------+
|        4052|           0|   -1.497603|    4.493525|    2.330676|    5.420343|
|        4052|          25|   -5.372993|    1.507856|   -1.088942|    5.401335|
|        4052|          29|   -5.408123|    1.489682|   -1.162410|    5.396437|
+-----------------------------------------------------------------------------+
|   Time_Iter|  Inner_Iter|    rms[Rho]|   rms[RhoE]|      rms[k]|      rms[w]|
+-----------------------------------------------------------------------------+
|        4053|           0|   -1.497580|    4.494151|    2.330603|    5.408261|
|        4053|          25|   -5.388666|    1.484950|   -1.089123|    5.397115|
|        4053|          29|   -5.424889|    1.467095|   -1.161297|    5.392947|
+-----------------------------------------------------------------------------+
|   Time_Iter|  Inner_Iter|    rms[Rho]|   rms[RhoE]|      rms[k]|      rms[w]|
+-----------------------------------------------------------------------------+
|        4054|           0|   -1.497562|    4.494307|    2.330478|    5.402422|
|        4054|          25|   -5.393683|    1.475093|   -1.085526|    5.411422|
|        4054|          29|   -5.428709|    1.459333|   -1.156402|    5.412152|
+-----------------------------------------------------------------------------+
|   Time_Iter|  Inner_Iter|    rms[Rho]|   rms[RhoE]|      rms[k]|      rms[w]|
+-----------------------------------------------------------------------------+
|        4055|           0|   -1.497539|    4.494777|    2.330320|    5.421496|
|        4055|          25|   -5.388730|    1.479172|   -1.082360|    5.450997|
|        4055|          29|   -5.421277|    1.466069|   -1.153363|    5.453328|
+-----------------------------------------------------------------------------+
|   Time_Iter|  Inner_Iter|    rms[Rho]|   rms[RhoE]|      rms[k]|      rms[w]|
+-----------------------------------------------------------------------------+
|        4056|           0|   -1.497509|    4.495656|    2.330145|    5.462036|
|        4056|          25|   -5.375746|    1.495021|   -1.078314|    5.495062|
|        4056|          29|   -5.405293|    1.484379|   -1.149498|    5.496907|
+-----------------------------------------------------------------------------+
|   Time_Iter|  Inner_Iter|    rms[Rho]|   rms[RhoE]|      rms[k]|      rms[w]|
+-----------------------------------------------------------------------------+
|        4057|           0|   -1.497481|    4.496406|    2.329921|    5.505068|
|        4057|          25|   -5.358127|    1.517954|   -1.075263|    5.531801|
|        4057|          29|   -5.385038|    1.508895|   -1.146891|    5.532184|
+-----------------------------------------------------------------------------+
|   Time_Iter|  Inner_Iter|    rms[Rho]|   rms[RhoE]|      rms[k]|      rms[w]|
+-----------------------------------------------------------------------------+
|        4058|           0|   -1.497458|    4.496855|    2.329652|    5.540114|
|        4058|          25|   -5.340759|    1.541174|   -1.073490|    5.555285|
|        4058|          29|   -5.366085|    1.532528|   -1.145651|    5.553445|
+-----------------------------------------------------------------------------+
|   Time_Iter|  Inner_Iter|    rms[Rho]|   rms[RhoE]|      rms[k]|      rms[w]|
+-----------------------------------------------------------------------------+
|        4059|           0|   -1.497445|    4.496554|    2.329362|    5.561362|
|        4059|          25|   -5.327472|    1.559524|   -1.073077|    5.561433|
|        4059|          29|   -5.352421|    1.550296|   -1.145932|    5.557819|
+-----------------------------------------------------------------------------+
|   Time_Iter|  Inner_Iter|    rms[Rho]|   rms[RhoE]|      rms[k]|      rms[w]|
+-----------------------------------------------------------------------------+
|        4060|           0|   -1.497439|    4.495675|    2.329135|    5.566162|
|        4060|          25|   -5.321014|    1.569494|   -1.074448|    5.553715|
|        4060|          29|   -5.346648|    1.559060|   -1.148040|    5.547369|
+-----------------------------------------------------------------------+
|        File Writing Summary       |              Filename             |
+-----------------------------------------------------------------------+
|Paraview ASCII surface             |wall_npr20_production_cfl2_i30_from520_04060.vtk|
|CSV file                           |wall_npr20_production_cfl2_i30_from520_04060.csv|
+-----------------------------------------------------------------------+
+-----------------------------------------------------------------------------+
|   Time_Iter|  Inner_Iter|    rms[Rho]|   rms[RhoE]|      rms[k]|      rms[w]|
+-----------------------------------------------------------------------------+
|        4061|           0|   -1.497420|    4.495969|    2.328967|    5.555888|
|        4061|          25|   -5.321848|    1.570198|   -1.077459|    5.527178|
|        4061|          29|   -5.349082|    1.558077|   -1.151842|    5.518817|
+-----------------------------------------------------------------------------+
|   Time_Iter|  Inner_Iter|    rms[Rho]|   rms[RhoE]|      rms[k]|      rms[w]|
+-----------------------------------------------------------------------------+
|        4062|           0|   -1.497389|    4.497413|    2.328844|    5.527913|
|        4062|          25|   -5.329361|    1.561950|   -1.081238|    5.489990|
|        4062|          29|   -5.358934|    1.547851|   -1.156040|    5.480565|
+-----------------------------------------------------------------------------+
|   Time_Iter|  Inner_Iter|    rms[Rho]|   rms[RhoE]|      rms[k]|      rms[w]|
+-----------------------------------------------------------------------------+
|        4063|           0|   -1.497355|    4.499475|    2.328727|    5.490399|
|        4063|          25|   -5.342109|    1.546234|   -1.087548|    5.446964|
|        4063|          29|   -5.374014|    1.530563|   -1.163186|    5.438026|
+-----------------------------------------------------------------------------+
|   Time_Iter|  Inner_Iter|    rms[Rho]|   rms[RhoE]|      rms[k]|      rms[w]|
+-----------------------------------------------------------------------------+
|        4064|           0|   -1.497334|    4.500374|    2.328673|    5.448698|
|        4064|          25|   -5.356936|    1.526365|   -1.092928|    5.411054|
|        4064|          29|   -5.391433|    1.509160|   -1.168349|    5.403867|
+-----------------------------------------------------------------------------+
|   Time_Iter|  Inner_Iter|    rms[Rho]|   rms[RhoE]|      rms[k]|      rms[w]|
+-----------------------------------------------------------------------------+
|        4065|           0|   -1.497322|    4.500617|    2.328681|    5.415286|
|        4065|          25|   -5.373252|    1.503324|   -1.096343|    5.396713|
|        4065|          29|   -5.410459|    1.484673|   -1.170825|    5.392525|
+-----------------------------------------------------------------------------+
|   Time_Iter|  Inner_Iter|    rms[Rho]|   rms[RhoE]|      rms[k]|      rms[w]|
+-----------------------------------------------------------------------------+
|        4066|           0|   -1.497307|    4.501273|    2.328735|    5.404339|
|        4066|          25|   -5.388250|    1.480778|   -1.096514|    5.392527|
|        4066|          29|   -5.426494|    1.462646|   -1.169637|    5.388377|
+-----------------------------------------------------------------------------+
|   Time_Iter|  Inner_Iter|    rms[Rho]|   rms[RhoE]|      rms[k]|      rms[w]|
+-----------------------------------------------------------------------------+
|        4067|           0|   -1.497299|    4.501092|    2.328801|    5.397877|
|        4067|          25|   -5.392871|    1.471199|   -1.093998|    5.406806|
|        4067|          29|   -5.430003|    1.455121|   -1.166139|    5.407451|
+-----------------------------------------------------------------------------+
|   Time_Iter|  Inner_Iter|    rms[Rho]|   rms[RhoE]|      rms[k]|      rms[w]|
+-----------------------------------------------------------------------------+
|        4068|           0|   -1.497288|    4.500862|    2.328828|    5.416820|
|        4068|          25|   -5.387940|    1.475258|   -1.090323|    5.445665|
|        4068|          29|   -5.422636|    1.461787|   -1.161877|    5.447886|
+-----------------------------------------------------------------------------+
|   Time_Iter|  Inner_Iter|    rms[Rho]|   rms[RhoE]|      rms[k]|      rms[w]|
+-----------------------------------------------------------------------------+
|        4069|           0|   -1.497278|    4.500475|    2.328811|    5.456623|
|        4069|          25|   -5.375257|    1.490873|   -1.086874|    5.489044|
|        4069|          29|   -5.406948|    1.479834|   -1.158570|    5.490806|
+-----------------------------------------------------------------------------+
|   Time_Iter|  Inner_Iter|    rms[Rho]|   rms[RhoE]|      rms[k]|      rms[w]|
+-----------------------------------------------------------------------------+
|        4070|           0|   -1.497267|    4.500010|    2.328755|    5.498999|
|        4070|          25|   -5.358067|    1.513480|   -1.084309|    5.525333|
|        4070|          29|   -5.387066|    1.504034|   -1.156221|    5.525683|
+-----------------------------------------------------------------------+
|        File Writing Summary       |              Filename             |
+-----------------------------------------------------------------------+
|Paraview ASCII surface             |wall_npr20_production_cfl2_i30_from520_04070.vtk|
|CSV file                           |wall_npr20_production_cfl2_i30_from520_04070.csv|
+-----------------------------------------------------------------------+
+-----------------------------------------------------------------------------+
|   Time_Iter|  Inner_Iter|    rms[Rho]|   rms[RhoE]|      rms[k]|      rms[w]|
+-----------------------------------------------------------------------------+
|        4071|           0|   -1.497256|    4.499635|    2.328674|    5.533644|
|        4071|          25|   -5.341028|    1.536494|   -1.083135|    5.548776|
|        4071|          29|   -5.368352|    1.527496|   -1.155464|    5.546962|
+-----------------------------------------------------------------------------+
|   Time_Iter|  Inner_Iter|    rms[Rho]|   rms[RhoE]|      rms[k]|      rms[w]|
+-----------------------------------------------------------------------------+
|        4072|           0|   -1.497243|    4.499457|    2.328589|    5.554909|
|        4072|          25|   -5.327852|    1.554823|   -1.083386|    5.555326|
|        4072|          29|   -5.354674|    1.545324|   -1.156166|    5.551508|
+-----------------------------------------------------------------------------+
|   Time_Iter|  Inner_Iter|    rms[Rho]|   rms[RhoE]|      rms[k]|      rms[w]|
+-----------------------------------------------------------------------------+
|        4073|           0|   -1.497243|    4.497793|    2.328466|    5.559886|
|        4073|          25|   -5.321212|    1.564997|   -1.085539|    5.548308|
|        4073|          29|   -5.348680|    1.554308|   -1.158822|    5.542099|
+-----------------------------------------------------------------------------+
|   Time_Iter|  Inner_Iter|    rms[Rho]|   rms[RhoE]|      rms[k]|      rms[w]|
+-----------------------------------------------------------------------------+
|        4074|           0|   -1.497239|    4.496517|    2.328258|    5.550637|
|        4074|          25|   -5.321646|    1.566066|   -1.089455|    5.522881|
|        4074|          29|   -5.350682|    1.553722|   -1.163299|    5.514670|
+-----------------------------------------------------------------------------+
|   Time_Iter|  Inner_Iter|    rms[Rho]|   rms[RhoE]|      rms[k]|      rms[w]|
+-----------------------------------------------------------------------------+
|        4075|           0|   -1.497213|    4.496912|    2.328038|    5.523759|
|        4075|          25|   -5.328567|    1.558307|   -1.095039|    5.486807|
|        4075|          29|   -5.359936|    1.544015|   -1.169382|    5.477477|
+-----------------------------------------------------------------------------+
|   Time_Iter|  Inner_Iter|    rms[Rho]|   rms[RhoE]|      rms[k]|      rms[w]|
+-----------------------------------------------------------------------------+
|        4076|           0|   -1.497177|    4.497931|    2.327825|    5.487286|
|        4076|          25|   -5.340689|    1.542975|   -1.101891|    5.444354|
|        4076|          29|   -5.374482|    1.527099|   -1.176417|    5.435378|
+-----------------------------------------------------------------------------+
|   Time_Iter|  Inner_Iter|    rms[Rho]|   rms[RhoE]|      rms[k]|      rms[w]|
+-----------------------------------------------------------------------------+
|        4077|           0|   -1.497133|    4.499600|    2.327623|    5.446018|
|        4077|          25|   -5.354837|    1.523564|   -1.108832|    5.408140|
|        4077|          29|   -5.391328|    1.506089|   -1.182941|    5.400995|
+-----------------------------------------------------------------------------+
|   Time_Iter|  Inner_Iter|    rms[Rho]|   rms[RhoE]|      rms[k]|      rms[w]|
+-----------------------------------------------------------------------------+
|        4078|           0|   -1.497076|    4.502614|    2.327423|    5.412367|
|        4078|          25|   -5.370426|    1.500892|   -1.114003|    5.393017|
|        4078|          29|   -5.409523|    1.482208|   -1.186901|    5.387882|
+-----------------------------------------------------------------------------+
|   Time_Iter|  Inner_Iter|    rms[Rho]|   rms[RhoE]|      rms[k]|      rms[w]|
+-----------------------------------------------------------------------------+
|        4079|           0|   -1.497013|    4.506300|    2.327218|    5.399104|
|        4079|          25|   -5.385090|    1.478195|   -1.114069|    5.388601|
|        4079|          29|   -5.425708|    1.459614|   -1.186765|    5.384067|
+-----------------------------------------------------------------------------+
|   Time_Iter|  Inner_Iter|    rms[Rho]|   rms[RhoE]|      rms[k]|      rms[w]|
+-----------------------------------------------------------------------------+
|        4080|           0|   -1.496974|    4.508090|    2.327040|    5.393607|
|        4080|          25|   -5.390002|    1.467837|   -1.115546|    5.400002|
|        4080|          29|   -5.429745|    1.451182|   -1.185467|    5.400302|
+-----------------------------------------------------------------------+
|        File Writing Summary       |              Filename             |
+-----------------------------------------------------------------------+
|Paraview ASCII surface             |wall_npr20_production_cfl2_i30_from520_04080.vtk|
|CSV file                           |wall_npr20_production_cfl2_i30_from520_04080.csv|
+-----------------------------------------------------------------------+
+-----------------------------------------------------------------------------+
|   Time_Iter|  Inner_Iter|    rms[Rho]|   rms[RhoE]|      rms[k]|      rms[w]|
+-----------------------------------------------------------------------------+
|        4081|           0|   -1.496945|    4.509136|    2.326911|    5.409726|
|        4081|          25|   -5.385718|    1.470891|   -1.113650|    5.437149|
|        4081|          29|   -5.423179|    1.456766|   -1.182871|    5.439230|
+-----------------------------------------------------------------------------+
|   Time_Iter|  Inner_Iter|    rms[Rho]|   rms[RhoE]|      rms[k]|      rms[w]|
+-----------------------------------------------------------------------------+
|        4082|           0|   -1.496920|    4.510013|    2.326803|    5.448047|
|        4082|          25|   -5.373913|    1.485522|   -1.111900|    5.480010|
|        4082|          29|   -5.408365|    1.473849|   -1.180838|    5.481839|
+-----------------------------------------------------------------------------+
|   Time_Iter|  Inner_Iter|    rms[Rho]|   rms[RhoE]|      rms[k]|      rms[w]|
+-----------------------------------------------------------------------------+
|        4083|           0|   -1.496916|    4.509222|    2.326741|    5.490093|
|        4083|          25|   -5.357496|    1.507481|   -1.110938|    5.516702|
|        4083|          29|   -5.389104|    1.497510|   -1.179873|    5.517169|
+-----------------------------------------------------------------------------+
|   Time_Iter|  Inner_Iter|    rms[Rho]|   rms[RhoE]|      rms[k]|      rms[w]|
+-----------------------------------------------------------------------------+
|        4084|           0|   -1.496909|    4.508420|    2.326736|    5.525173|
|        4084|          25|   -5.340785|    1.530468|   -1.111561|    5.541318|
|        4084|          29|   -5.370495|    1.521070|   -1.180649|    5.539713|
+-----------------------------------------------------------------------------+
|   Time_Iter|  Inner_Iter|    rms[Rho]|   rms[RhoE]|      rms[k]|      rms[w]|
+-----------------------------------------------------------------------------+
|        4085|           0|   -1.496896|    4.508044|    2.326648|    5.547682|
|        4085|          25|   -5.327451|    1.549255|   -1.113624|    5.549595|
|        4085|          29|   -5.356407|    1.539507|   -1.182705|    5.545687|
+-----------------------------------------------------------------------------+
|   Time_Iter|  Inner_Iter|    rms[Rho]|   rms[RhoE]|      rms[k]|      rms[w]|
+-----------------------------------------------------------------------------+
|        4086|           0|   -1.496882|    4.507968|    2.326548|    5.553907|
|        4086|          25|   -5.320173|    1.560306|   -1.113538|    5.544356|
|        4086|          29|   -5.349613|    1.549432|   -1.181604|    5.538460|
+-----------------------------------------------------------------------------+
|   Time_Iter|  Inner_Iter|    rms[Rho]|   rms[RhoE]|      rms[k]|      rms[w]|
+-----------------------------------------------------------------------------+
|        4087|           0|   -1.496878|    4.507142|    2.326459|    5.546991|
|        4087|          25|   -5.319692|    1.562441|   -1.123791|    5.521191|
|        4087|          29|   -5.350579|    1.549977|   -1.193798|    5.513226|
+-----------------------------------------------------------------------------+
|   Time_Iter|  Inner_Iter|    rms[Rho]|   rms[RhoE]|      rms[k]|      rms[w]|
+-----------------------------------------------------------------------------+
|        4088|           0|   -1.496896|    4.504427|    2.326379|    5.522266|
|        4088|          25|   -5.325535|    1.555822|   -1.131872|    5.486843|
|        4088|          29|   -5.358657|    1.541471|   -1.202182|    5.477738|
+-----------------------------------------------------------------------------+
|   Time_Iter|  Inner_Iter|    rms[Rho]|   rms[RhoE]|      rms[k]|      rms[w]|
+-----------------------------------------------------------------------------+
|        4089|           0|   -1.496911|    4.501692|    2.326289|    5.487459|
|        4089|          25|   -5.336785|    1.541246|   -1.141499|    5.445112|
|        4089|          29|   -5.372413|    1.525264|   -1.211784|    5.435935|
+-----------------------------------------------------------------------------+
|   Time_Iter|  Inner_Iter|    rms[Rho]|   rms[RhoE]|      rms[k]|      rms[w]|
+-----------------------------------------------------------------------------+
|        4090|           0|   -1.496921|    4.499036|    2.326186|    5.446451|
|        4090|          25|   -5.349957|    1.522675|   -1.151499|    5.407571|
|        4090|          29|   -5.388383|    1.504984|   -1.221137|    5.400292|
+-----------------------------------------------------------------------+
|        File Writing Summary       |              Filename             |
+-----------------------------------------------------------------------+
|Paraview ASCII surface             |wall_npr20_production_cfl2_i30_from520_04090.vtk|
|CSV file                           |wall_npr20_production_cfl2_i30_from520_04090.csv|
+-----------------------------------------------------------------------+
+-----------------------------------------------------------------------------+
|   Time_Iter|  Inner_Iter|    rms[Rho]|   rms[RhoE]|      rms[k]|      rms[w]|
+-----------------------------------------------------------------------------+
|        4091|           0|   -1.496910|    4.497970|    2.326031|    5.411735|
|        4091|          25|   -5.364742|    1.500573|   -1.159773|    5.390240|
|        4091|          29|   -5.405859|    1.481610|   -1.227908|    5.385156|
+-----------------------------------------------------------------------------+
|   Time_Iter|  Inner_Iter|    rms[Rho]|   rms[RhoE]|      rms[k]|      rms[w]|
+-----------------------------------------------------------------------------+
|        4092|           0|   -1.496866|    4.499534|    2.325855|    5.396316|
|        4092|          25|   -5.379394|    1.477389|   -1.162638|    5.385901|
|        4092|          29|   -5.422397|    1.458226|   -1.228035|    5.380728|
+-----------------------------------------------------------------------------+
|   Time_Iter|  Inner_Iter|    rms[Rho]|   rms[RhoE]|      rms[k]|      rms[w]|
+-----------------------------------------------------------------------------+
|        4093|           0|   -1.496806|    4.502725|    2.325670|    5.390326|
|        4093|          25|   -5.385282|    1.465338|   -1.165959|    5.391822|
|        4093|          29|   -5.427727|    1.447917|   -1.230381|    5.391563|
+-----------------------------------------------------------------------------+
|   Time_Iter|  Inner_Iter|    rms[Rho]|   rms[RhoE]|      rms[k]|      rms[w]|
+-----------------------------------------------------------------------------+
|        4094|           0|   -1.496727|    4.507616|    2.325481|    5.401064|
|        4094|          25|   -5.382273|    1.466497|   -1.165322|    5.426117|
|        4094|          29|   -5.422650|    1.451516|   -1.228883|    5.428006|
+-----------------------------------------------------------------------------+
|   Time_Iter|  Inner_Iter|    rms[Rho]|   rms[RhoE]|      rms[k]|      rms[w]|
+-----------------------------------------------------------------------------+
|        4095|           0|   -1.496671|    4.510213|    2.325287|    5.436950|
|        4095|          25|   -5.371823|    1.479453|   -1.164373|    5.468379|
|        4095|          29|   -5.409243|    1.466953|   -1.227555|    5.470335|
+-----------------------------------------------------------------------------+
|   Time_Iter|  Inner_Iter|    rms[Rho]|   rms[RhoE]|      rms[k]|      rms[w]|
+-----------------------------------------------------------------------------+
|        4096|           0|   -1.496630|    4.511523|    2.325088|    5.478723|
|        4096|          25|   -5.356462|    1.500383|   -1.164041|    5.506117|
|        4096|          29|   -5.390889|    1.489753|   -1.227260|    5.506816|
+-----------------------------------------------------------------------------+
|   Time_Iter|  Inner_Iter|    rms[Rho]|   rms[RhoE]|      rms[k]|      rms[w]|
+-----------------------------------------------------------------------------+
|        4097|           0|   -1.496594|    4.512819|    2.324906|    5.514878|
|        4097|          25|   -5.340092|    1.523382|   -1.165232|    5.532857|
|        4097|          29|   -5.372350|    1.513522|   -1.228717|    5.531606|
+-----------------------------------------------------------------------------+
|   Time_Iter|  Inner_Iter|    rms[Rho]|   rms[RhoE]|      rms[k]|      rms[w]|
+-----------------------------------------------------------------------------+
|        4098|           0|   -1.496563|    4.513981|    2.324749|    5.539596|
|        4098|          25|   -5.326473|    1.542950|   -1.167941|    5.543965|
|        4098|          29|   -5.357666|    1.532924|   -1.231741|    5.540441|
+-----------------------------------------------------------------------------+
|   Time_Iter|  Inner_Iter|    rms[Rho]|   rms[RhoE]|      rms[k]|      rms[w]|
+-----------------------------------------------------------------------------+
|        4099|           0|   -1.496559|    4.512957|    2.324627|    5.548592|
|        4099|          25|   -5.318275|    1.555415|   -1.172758|    5.541342|
|        4099|          29|   -5.349657|    1.544405|   -1.236958|    5.535935|
+-----------------------------------------------------------------------+
|        File Writing Summary       |              Filename             |
+-----------------------------------------------------------------------+
|SU2 binary restart                 |restart_npr20_production_cfl2_i30_from520_04099.dat|
+-----------------------------------------------------------------------+
+-----------------------------------------------------------------------------+
|   Time_Iter|  Inner_Iter|    rms[Rho]|   rms[RhoE]|      rms[k]|      rms[w]|
+-----------------------------------------------------------------------------+
|        4100|           0|   -1.496558|    4.511655|    2.324512|    5.544444|
|        4100|          25|   -5.316611|    1.559176|   -1.179812|    5.521596|
|        4100|          29|   -5.349181|    1.546697|   -1.244393|    5.513959|
+-----------------------------------------------------------------------+
|        File Writing Summary       |              Filename             |
+-----------------------------------------------------------------------+
|SU2 binary restart                 |restart_npr20_production_cfl2_i30_from520_04100.dat|
|Paraview ASCII                     |flow_npr20_production_cfl2_i30_from520_04100.vtk|
|Paraview ASCII surface             |wall_npr20_production_cfl2_i30_from520_04100.vtk|
|CSV file                           |wall_npr20_production_cfl2_i30_from520_04100.csv|
+-----------------------------------------------------------------------+
+-----------------------------------------------------------------------------+
|   Time_Iter|  Inner_Iter|    rms[Rho]|   rms[RhoE]|      rms[k]|      rms[w]|
+-----------------------------------------------------------------------------+
|        4101|           0|   -1.496557|    4.510419|    2.324380|    5.522896|
|        4101|          25|   -5.321114|    1.554230|   -1.186922|    5.489051|
|        4101|          29|   -5.355725|    1.539959|   -1.251062|    5.480520|
+-----------------------------------------------------------------------------+
|   Time_Iter|  Inner_Iter|    rms[Rho]|   rms[RhoE]|      rms[k]|      rms[w]|
+-----------------------------------------------------------------------------+
|        4102|           0|   -1.496551|    4.509571|    2.324226|    5.490217|
|        4102|          25|   -5.331284|    1.540866|   -1.200469|    5.449399|
|        4102|          29|   -5.368463|    1.524848|   -1.265468|    5.439761|
+-----------------------------------------------------------------------------+
|   Time_Iter|  Inner_Iter|    rms[Rho]|   rms[RhoE]|      rms[k]|      rms[w]|
+-----------------------------------------------------------------------------+
|        4103|           0|   -1.496565|    4.506922|    2.324060|    5.450077|
|        4103|          25|   -5.343350|    1.523496|   -1.212341|    5.410398|
|        4103|          29|   -5.383274|    1.505746|   -1.276717|    5.402095|
+-----------------------------------------------------------------------------+
|   Time_Iter|  Inner_Iter|    rms[Rho]|   rms[RhoE]|      rms[k]|      rms[w]|
+-----------------------------------------------------------------------------+
|        4104|           0|   -1.496573|    4.504636|    2.323920|    5.413280|
|        4104|          25|   -5.357195|    1.502287|   -1.222484|    5.387987|
|        4104|          29|   -5.399916|    1.483114|   -1.285142|    5.383244|
+-----------------------------------------------------------------------------+
|   Time_Iter|  Inner_Iter|    rms[Rho]|   rms[RhoE]|      rms[k]|      rms[w]|
+-----------------------------------------------------------------------------+
|        4105|           0|   -1.496572|    4.502905|    2.323793|    5.394700|
|        4105|          25|   -5.371852|    1.478646|   -1.228408|    5.384831|
|        4105|          29|   -5.416890|    1.458873|   -1.288816|    5.379304|
+-----------------------------------------------------------------------------+
|   Time_Iter|  Inner_Iter|    rms[Rho]|   rms[RhoE]|      rms[k]|      rms[w]|
+-----------------------------------------------------------------------------+
|        4106|           0|   -1.496544|    4.503117|    2.323652|    5.389070|
|        4106|          25|   -5.379279|    1.464170|   -1.222009|    5.383635|
|        4106|          29|   -5.424193|    1.445864|   -1.278425|    5.382474|
+-----------------------------------------------------------------------------+
|   Time_Iter|  Inner_Iter|    rms[Rho]|   rms[RhoE]|      rms[k]|      rms[w]|
+-----------------------------------------------------------------------------+
|        4107|           0|   -1.496463|    4.507448|    2.323516|    5.392064|
|        4107|          25|   -5.378080|    1.462665|   -1.227236|    5.413437|
|        4107|          29|   -5.421251|    1.446647|   -1.284869|    5.415022|
+-----------------------------------------------------------------------------+
|   Time_Iter|  Inner_Iter|    rms[Rho]|   rms[RhoE]|      rms[k]|      rms[w]|
+-----------------------------------------------------------------------------+
|        4108|           0|   -1.496363|    4.513813|    2.323401|    5.424135|
|        4108|          25|   -5.369510|    1.473222|   -1.224082|    5.454712|
|        4108|          29|   -5.409834|    1.459727|   -1.281664|    5.456674|
+-----------------------------------------------------------------------------+
|   Time_Iter|  Inner_Iter|    rms[Rho]|   rms[RhoE]|      rms[k]|      rms[w]|
+-----------------------------------------------------------------------------+
|        4109|           0|   -1.496318|    4.515740|    2.323259|    5.465191|
|        4109|          25|   -5.355647|    1.492558|   -1.221333|    5.493715|
|        4109|          29|   -5.392853|    1.481132|   -1.279348|    5.494660|
+-----------------------------------------------------------------------------+
|   Time_Iter|  Inner_Iter|    rms[Rho]|   rms[RhoE]|      rms[k]|      rms[w]|
+-----------------------------------------------------------------------------+
|        4110|           0|   -1.496293|    4.515716|    2.323089|    5.502797|
|        4110|          25|   -5.339838|    1.515379|   -1.220207|    5.523122|
|        4110|          29|   -5.374568|    1.504987|   -1.278861|    5.522337|
+-----------------------------------------------------------------------+
|        File Writing Summary       |              Filename             |
+-----------------------------------------------------------------------+
|Paraview ASCII surface             |wall_npr20_production_cfl2_i30_from520_04110.vtk|
|CSV file                           |wall_npr20_production_cfl2_i30_from520_04110.csv|
+-----------------------------------------------------------------------+
+-----------------------------------------------------------------------------+
|   Time_Iter|  Inner_Iter|    rms[Rho]|   rms[RhoE]|      rms[k]|      rms[w]|
+-----------------------------------------------------------------------------+
|        4111|           0|   -1.496276|    4.514887|    2.322896|    5.530353|
|        4111|          25|   -5.325933|    1.535832|   -1.220871|    5.537916|
|        4111|          29|   -5.359236|    1.525517|   -1.280176|    5.534920|
+-----------------------------------------------------------------------------+
|   Time_Iter|  Inner_Iter|    rms[Rho]|   rms[RhoE]|      rms[k]|      rms[w]|
+-----------------------------------------------------------------------------+
|        4112|           0|   -1.496243|    4.515471|    2.322700|    5.543038|
|        4112|          25|   -5.316645|    1.550061|   -1.223800|    5.538457|
|        4112|          29|   -5.349762|    1.538964|   -1.283823|    5.533727|
+-----------------------------------------------------------------------------+
|   Time_Iter|  Inner_Iter|    rms[Rho]|   rms[RhoE]|      rms[k]|      rms[w]|
+-----------------------------------------------------------------------------+
|        4113|           0|   -1.496211|    4.516013|    2.322497|    5.542210|
|        4113|          25|   -5.313545|    1.555880|   -1.229023|    5.523428|
|        4113|          29|   -5.347566|    1.543453|   -1.289858|    5.516218|
+-----------------------------------------------------------------------------+
|   Time_Iter|  Inner_Iter|    rms[Rho]|   rms[RhoE]|      rms[k]|      rms[w]|
+-----------------------------------------------------------------------------+
|        4114|           0|   -1.496195|    4.515358|    2.322291|    5.525016|
|        4114|          25|   -5.316638|    1.552926|   -1.237138|    5.493326|
|        4114|          29|   -5.352404|    1.538870|   -1.298607|    5.484885|
+-----------------------------------------------------------------------------+
|   Time_Iter|  Inner_Iter|    rms[Rho]|   rms[RhoE]|      rms[k]|      rms[w]|
+-----------------------------------------------------------------------------+
|        4115|           0|   -1.496180|    4.514680|    2.322069|    5.494445|
|        4115|          25|   -5.325159|    1.541787|   -1.247264|    5.455840|
|        4115|          29|   -5.363627|    1.525632|   -1.309118|    5.446618|
+-----------------------------------------------------------------------------+
|   Time_Iter|  Inner_Iter|    rms[Rho]|   rms[RhoE]|      rms[k]|      rms[w]|
+-----------------------------------------------------------------------------+
|        4116|           0|   -1.496165|    4.514185|    2.321853|    5.456786|
|        4116|          25|   -5.336560|    1.525392|   -1.258563|    5.416248|
|        4116|          29|   -5.377524|    1.507742|   -1.320095|    5.407503|
+-----------------------------------------------------------------------------+
|   Time_Iter|  Inner_Iter|    rms[Rho]|   rms[RhoE]|      rms[k]|      rms[w]|
+-----------------------------------------------------------------------------+
|        4117|           0|   -1.496157|    4.513070|    2.321644|    5.418427|
|        4117|          25|   -5.349666|    1.505216|   -1.268610|    5.387341|
|        4117|          29|   -5.393287|    1.486198|   -1.328717|    5.381430|
+-----------------------------------------------------------------------------+
|   Time_Iter|  Inner_Iter|    rms[Rho]|   rms[RhoE]|      rms[k]|      rms[w]|
+-----------------------------------------------------------------------------+
|        4118|           0|   -1.496163|    4.510772|    2.321454|    5.392988|
|        4118|          25|   -5.364107|    1.481717|   -1.273956|    5.383521|
|        4118|          29|   -5.410619|    1.461418|   -1.331878|    5.379108|
+-----------------------------------------------------------------------------+
|   Time_Iter|  Inner_Iter|    rms[Rho]|   rms[RhoE]|      rms[k]|      rms[w]|
+-----------------------------------------------------------------------------+
|        4119|           0|   -1.496169|    4.508457|    2.321298|    5.389406|
|        4119|          25|   -5.373606|    1.464211|   -1.273579|    5.376978|
|        4119|          29|   -5.420509|    1.445059|   -1.329407|    5.374499|
+-----------------------------------------------------------------------------+
|   Time_Iter|  Inner_Iter|    rms[Rho]|   rms[RhoE]|      rms[k]|      rms[w]|
+-----------------------------------------------------------------------------+
|        4120|           0|   -1.496152|    4.507739|    2.321176|    5.384127|
|        4120|          25|   -5.374583|    1.459389|   -1.268650|    5.399910|
|        4120|          29|   -5.420173|    1.442318|   -1.323778|    5.400996|
+-----------------------------------------------------------------------+
|        File Writing Summary       |              Filename             |
+-----------------------------------------------------------------------+
|Paraview ASCII surface             |wall_npr20_production_cfl2_i30_from520_04120.vtk|
|CSV file                           |wall_npr20_production_cfl2_i30_from520_04120.csv|
+-----------------------------------------------------------------------+
+-----------------------------------------------------------------------------+
|   Time_Iter|  Inner_Iter|    rms[Rho]|   rms[RhoE]|      rms[k]|      rms[w]|
+-----------------------------------------------------------------------------+
|        4121|           0|   -1.496085|    4.510990|    2.321028|    5.410300|
|        4121|          25|   -5.368196|    1.466821|   -1.262491|    5.439315|
|        4121|          29|   -5.411187|    1.452261|   -1.317835|    5.441260|
+-----------------------------------------------------------------------------+
|   Time_Iter|  Inner_Iter|    rms[Rho]|   rms[RhoE]|      rms[k]|      rms[w]|
+-----------------------------------------------------------------------------+
|        4122|           0|   -1.495981|    4.517749|    2.320886|    5.449942|
|        4122|          25|   -5.356124|    1.483960|   -1.253119|    5.479646|
|        4122|          29|   -5.395976|    1.471654|   -1.312631|    5.480829|
+-----------------------------------------------------------------------------+
|   Time_Iter|  Inner_Iter|    rms[Rho]|   rms[RhoE]|      rms[k]|      rms[w]|
+-----------------------------------------------------------------------------+
|        4123|           0|   -1.495907|    4.522079|    2.320717|    5.489026|
|        4123|          25|   -5.341154|    1.506181|   -1.252464|    5.511816|
|        4123|          29|   -5.378214|    1.495246|   -1.309425|    5.511531|
+-----------------------------------------------------------------------------+
|   Time_Iter|  Inner_Iter|    rms[Rho]|   rms[RhoE]|      rms[k]|      rms[w]|
+-----------------------------------------------------------------------------+
|        4124|           0|   -1.495883|    4.521965|    2.320578|    5.519580|
|        4124|          25|   -5.327074|    1.527473|   -1.244026|    5.530897|
|        4124|          29|   -5.362313|    1.516887|   -1.299926|    5.528527|
+-----------------------------------------------------------------------------+
|   Time_Iter|  Inner_Iter|    rms[Rho]|   rms[RhoE]|      rms[k]|      rms[w]|
+-----------------------------------------------------------------------------+
|        4125|           0|   -1.495872|    4.520320|    2.320460|    5.536611|
|        4125|          25|   -5.316698|    1.543646|   -1.250479|    5.534631|
|        4125|          29|   -5.351321|    1.532511|   -1.309468|    5.530810|
+-----------------------------------------------------------------------------+
|   Time_Iter|  Inner_Iter|    rms[Rho]|   rms[RhoE]|      rms[k]|      rms[w]|
+-----------------------------------------------------------------------------+
|        4126|           0|   -1.495863|    4.518434|    2.320336|    5.539294|
|        4126|          25|   -5.312113|    1.551812|   -1.253327|    5.525252|
|        4126|          29|   -5.347249|    1.539540|   -1.313396|    5.518846|
+-----------------------------------------------------------------------------+
|   Time_Iter|  Inner_Iter|    rms[Rho]|   rms[RhoE]|      rms[k]|      rms[w]|
+-----------------------------------------------------------------------------+
|        4127|           0|   -1.495849|    4.517159|    2.320131|    5.527559|
|        4127|          25|   -5.313540|    1.551389|   -1.259016|    5.499246|
|        4127|          29|   -5.350191|    1.537513|   -1.320012|    5.491059|
+-----------------------------------------------------------------------------+
|   Time_Iter|  Inner_Iter|    rms[Rho]|   rms[RhoE]|      rms[k]|      rms[w]|
+-----------------------------------------------------------------------------+
|        4128|           0|   -1.495828|    4.516581|    2.319890|    5.500337|
|        4128|          25|   -5.320430|    1.542717|   -1.267327|    5.464287|
|        4128|          29|   -5.359431|    1.526925|   -1.329046|    5.455165|
+-----------------------------------------------------------------------------+
|   Time_Iter|  Inner_Iter|    rms[Rho]|   rms[RhoE]|      rms[k]|      rms[w]|
+-----------------------------------------------------------------------------+
|        4129|           0|   -1.495809|    4.516008|    2.319639|    5.465121|
|        4129|          25|   -5.331223|    1.527504|   -1.277267|    5.424312|
|        4129|          29|   -5.372675|    1.510181|   -1.339114|    5.415768|
+-----------------------------------------------------------------------------+
|   Time_Iter|  Inner_Iter|    rms[Rho]|   rms[RhoE]|      rms[k]|      rms[w]|
+-----------------------------------------------------------------------------+
|        4130|           0|   -1.495792|    4.515033|    2.319405|    5.426453|
|        4130|          25|   -5.343763|    1.508354|   -1.286728|    5.391076|
|        4130|          29|   -5.387912|    1.489539|   -1.347641|    5.384079|
+-----------------------------------------------------------------------+
|        File Writing Summary       |              Filename             |
+-----------------------------------------------------------------------+
|Paraview ASCII surface             |wall_npr20_production_cfl2_i30_from520_04130.vtk|
|CSV file                           |wall_npr20_production_cfl2_i30_from520_04130.csv|
+-----------------------------------------------------------------------+
+-----------------------------------------------------------------------------+
|   Time_Iter|  Inner_Iter|    rms[Rho]|   rms[RhoE]|      rms[k]|      rms[w]|
+-----------------------------------------------------------------------------+
|        4131|           0|   -1.495771|    4.514432|    2.319187|    5.395540|
|        4131|          25|   -5.357238|    1.486467|   -1.292199|    5.377955|
|        4131|          29|   -5.404493|    1.465846|   -1.351228|    5.375312|
+-----------------------------------------------------------------------------+
|   Time_Iter|  Inner_Iter|    rms[Rho]|   rms[RhoE]|      rms[k]|      rms[w]|
+-----------------------------------------------------------------------------+
|        4132|           0|   -1.495785|    4.510860|    2.318965|    5.386956|
|        4132|          25|   -5.369419|    1.465308|   -1.291976|    5.373789|
|        4132|          29|   -5.417710|    1.445466|   -1.348929|    5.369588|
+-----------------------------------------------------------------------------+
|   Time_Iter|  Inner_Iter|    rms[Rho]|   rms[RhoE]|      rms[k]|      rms[w]|
+-----------------------------------------------------------------------------+
|        4133|           0|   -1.495786|    4.508009|    2.318739|    5.379170|
|        4133|          25|   -5.373029|    1.456560|   -1.284487|    5.386717|
|        4133|          29|   -5.420496|    1.438548|   -1.342551|    5.386947|
+-----------------------------------------------------------------------------+
|   Time_Iter|  Inner_Iter|    rms[Rho]|   rms[RhoE]|      rms[k]|      rms[w]|
+-----------------------------------------------------------------------------+
|        4134|           0|   -1.495745|    4.508475|    2.318516|    5.396431|
|        4134|          25|   -5.369168|    1.460233|   -1.277313|    5.422620|
|        4134|          29|   -5.414372|    1.444645|   -1.332712|    5.424429|
+-----------------------------------------------------------------------------+
|   Time_Iter|  Inner_Iter|    rms[Rho]|   rms[RhoE]|      rms[k]|      rms[w]|
+-----------------------------------------------------------------------------+
|        4135|           0|   -1.495635|    4.515116|    2.318291|    5.433313|
|        4135|          25|   -5.359180|    1.474560|   -1.270136|    5.463590|
|        4135|          29|   -5.401291|    1.461365|   -1.326192|    5.465090|
+-----------------------------------------------------------------------------+
|   Time_Iter|  Inner_Iter|    rms[Rho]|   rms[RhoE]|      rms[k]|      rms[w]|
+-----------------------------------------------------------------------------+
|        4136|           0|   -1.495526|    4.522096|    2.318088|    5.473432|
|        4136|          25|   -5.345341|    1.495565|   -1.266252|    5.498578|
|        4136|          29|   -5.384385|    1.484098|   -1.323941|    5.498856|
+-----------------------------------------------------------------------------+
|   Time_Iter|  Inner_Iter|    rms[Rho]|   rms[RhoE]|      rms[k]|      rms[w]|
+-----------------------------------------------------------------------------+
|        4137|           0|   -1.495445|    4.526842|    2.317905|    5.506952|
|        4137|          25|   -5.331164|    1.517521|   -1.262680|    5.522287|
|        4137|          29|   -5.367958|    1.506740|   -1.321594|    5.520623|
+-----------------------------------------------------------------------------+
|   Time_Iter|  Inner_Iter|    rms[Rho]|   rms[RhoE]|      rms[k]|      rms[w]|
+-----------------------------------------------------------------------------+
|        4138|           0|   -1.495422|    4.526772|    2.317760|    5.528685|
|        4138|          25|   -5.319768|    1.535591|   -1.261646|    5.530709|
|        4138|          29|   -5.355405|    1.524617|   -1.321568|    5.526992|
+-----------------------------------------------------------------------------+
|   Time_Iter|  Inner_Iter|    rms[Rho]|   rms[RhoE]|      rms[k]|      rms[w]|
+-----------------------------------------------------------------------------+
|        4139|           0|   -1.495418|    4.524870|    2.317612|    5.535299|
|        4139|          25|   -5.313496|    1.546451|   -1.256384|    5.526579|
|        4139|          29|   -5.349241|    1.534502|   -1.315567|    5.520933|
+-----------------------------------------------------------------------------+
|   Time_Iter|  Inner_Iter|    rms[Rho]|   rms[RhoE]|      rms[k]|      rms[w]|
+-----------------------------------------------------------------------------+
|        4140|           0|   -1.495422|    4.522132|    2.317450|    5.529538|
|        4140|          25|   -5.313137|    1.548895|   -1.267085|    5.505731|
|        4140|          29|   -5.350021|    1.535492|   -1.329365|    5.498067|
+-----------------------------------------------------------------------+
|        File Writing Summary       |              Filename             |
+-----------------------------------------------------------------------+
|Paraview ASCII surface             |wall_npr20_production_cfl2_i30_from520_04140.vtk|
|CSV file                           |wall_npr20_production_cfl2_i30_from520_04140.csv|
+-----------------------------------------------------------------------+
+-----------------------------------------------------------------------------+
|   Time_Iter|  Inner_Iter|    rms[Rho]|   rms[RhoE]|      rms[k]|      rms[w]|
+-----------------------------------------------------------------------------+
|        4141|           0|   -1.495412|    4.520648|    2.317293|    5.507128|
|        4141|          25|   -5.318354|    1.543005|   -1.274169|    5.473765|
|        4141|          29|   -5.357212|    1.527845|   -1.337387|    5.465266|
+-----------------------------------------------------------------------------+
|   Time_Iter|  Inner_Iter|    rms[Rho]|   rms[RhoE]|      rms[k]|      rms[w]|
+-----------------------------------------------------------------------------+
|        4142|           0|   -1.495397|    4.519607|    2.317136|    5.475036|
|        4142|          25|   -5.328499|    1.529302|   -1.283430|    5.434575|
|        4142|          29|   -5.369772|    1.512528|   -1.347122|    5.425489|
+-----------------------------------------------------------------------------+
|   Time_Iter|  Inner_Iter|    rms[Rho]|   rms[RhoE]|      rms[k]|      rms[w]|
+-----------------------------------------------------------------------------+
|        4143|           0|   -1.495384|    4.518417|    2.316981|    5.435929|
|        4143|          25|   -5.340334|    1.511751|   -1.292930|    5.397694|
|        4143|          29|   -5.384311|    1.493273|   -1.356260|    5.389964|
+-----------------------------------------------------------------------------+
|   Time_Iter|  Inner_Iter|    rms[Rho]|   rms[RhoE]|      rms[k]|      rms[w]|
+-----------------------------------------------------------------------------+
|        4144|           0|   -1.495381|    4.516196|    2.316794|    5.401372|
|        4144|          25|   -5.353674|    1.490726|   -1.300044|    5.378066|
|        4144|          29|   -5.400306|    1.470919|   -1.361800|    5.373298|
+-----------------------------------------------------------------------------+
|   Time_Iter|  Inner_Iter|    rms[Rho]|   rms[RhoE]|      rms[k]|      rms[w]|
+-----------------------------------------------------------------------------+
|        4145|           0|   -1.495381|    4.513241|    2.316582|    5.384656|
|        4145|          25|   -5.367521|    1.467742|   -1.301919|    5.374755|
|        4145|          29|   -5.416263|    1.447494|   -1.361573|    5.369248|
+-----------------------------------------------------------------------------+
|   Time_Iter|  Inner_Iter|    rms[Rho]|   rms[RhoE]|      rms[k]|      rms[w]|
+-----------------------------------------------------------------------------+
|        4146|           0|   -1.495377|    4.510216|    2.316329|    5.378966|
|        4146|          25|   -5.374229|    1.454603|   -1.298088|    5.375489|
|        4146|          29|   -5.422698|    1.435859|   -1.356415|    5.374478|
+-----------------------------------------------------------------------------+
|   Time_Iter|  Inner_Iter|    rms[Rho]|   rms[RhoE]|      rms[k]|      rms[w]|
+-----------------------------------------------------------------------------+
|        4147|           0|   -1.495312|    4.512239|    2.316086|    5.384091|
|        4147|          25|   -5.373211|    1.453957|   -1.239239|    5.405438|
|        4147|          29|   -5.419817|    1.437485|   -1.283396|    5.406907|
+-----------------------------------------------------------------------------+
|   Time_Iter|  Inner_Iter|    rms[Rho]|   rms[RhoE]|      rms[k]|      rms[w]|
+-----------------------------------------------------------------------------+
|        4148|           0|   -1.495217|    4.517198|    2.315847|    5.416028|
|        4148|          25|   -5.365578|    1.464759|   -1.284237|    5.445632|
|        4148|          29|   -5.409233|    1.450768|   -1.342609|    5.447419|
+-----------------------------------------------------------------------------+
|   Time_Iter|  Inner_Iter|    rms[Rho]|   rms[RhoE]|      rms[k]|      rms[w]|
+-----------------------------------------------------------------------------+
|        4149|           0|   -1.495129|    4.521186|    2.315623|    5.455966|
|        4149|          25|   -5.353208|    1.483779|   -1.277945|    5.483262|
|        4149|          29|   -5.393615|    1.471820|   -1.337151|    5.484018|
+-----------------------------------------------------------------------+
|        File Writing Summary       |              Filename             |
+-----------------------------------------------------------------------+
|SU2 binary restart                 |restart_npr20_production_cfl2_i30_from520_04149.dat|
+-----------------------------------------------------------------------+
+-----------------------------------------------------------------------------+
|   Time_Iter|  Inner_Iter|    rms[Rho]|   rms[RhoE]|      rms[k]|      rms[w]|
+-----------------------------------------------------------------------------+
|        4150|           0|   -1.495040|    4.525195|    2.315369|    5.492197|
|        4150|          25|   -5.339105|    1.505930|   -1.273654|    5.511516|
|        4150|          29|   -5.376845|    1.495024|   -1.333972|    5.510597|
+-----------------------------------------------------------------------+
|        File Writing Summary       |              Filename             |
+-----------------------------------------------------------------------+
|SU2 binary restart                 |restart_npr20_production_cfl2_i30_from520_04150.dat|
|Paraview ASCII surface             |wall_npr20_production_cfl2_i30_from520_04150.vtk|
|CSV file                           |wall_npr20_production_cfl2_i30_from520_04150.csv|
+-----------------------------------------------------------------------+
+-----------------------------------------------------------------------------+
|   Time_Iter|  Inner_Iter|    rms[Rho]|   rms[RhoE]|      rms[k]|      rms[w]|
+-----------------------------------------------------------------------------+
|        4151|           0|   -1.494955|    4.529109|    2.315108|    5.518662|
|        4151|          25|   -5.326745|    1.525691|   -1.271689|    5.525655|
|        4151|          29|   -5.362842|    1.514911|   -1.333053|    5.522622|
+-----------------------------------------------------------------------------+
|   Time_Iter|  Inner_Iter|    rms[Rho]|   rms[RhoE]|      rms[k]|      rms[w]|
+-----------------------------------------------------------------------------+
|        4152|           0|   -1.494904|    4.530519|    2.314853|    5.530792|
|        4152|          25|   -5.318613|    1.539437|   -1.272200|    5.526267|
|        4152|          29|   -5.354299|    1.527942|   -1.334654|    5.521593|
+-----------------------------------------------------------------------------+
|   Time_Iter|  Inner_Iter|    rms[Rho]|   rms[RhoE]|      rms[k]|      rms[w]|
+-----------------------------------------------------------------------------+
|        4153|           0|   -1.494899|    4.528265|    2.314616|    5.530122|
|        4153|          25|   -5.316254|    1.545024|   -1.275668|    5.512008|
|        4153|          29|   -5.352631|    1.532284|   -1.339216|    5.504977|
+-----------------------------------------------------------------------------+
|   Time_Iter|  Inner_Iter|    rms[Rho]|   rms[RhoE]|      rms[k]|      rms[w]|
+-----------------------------------------------------------------------------+
|        4154|           0|   -1.494911|    4.524832|    2.314414|    5.513802|
|        4154|          25|   -5.319723|    1.542121|   -1.282140|    5.483221|
|        4154|          29|   -5.357641|    1.527838|   -1.346696|    5.474967|
+-----------------------------------------------------------------------------+
|   Time_Iter|  Inner_Iter|    rms[Rho]|   rms[RhoE]|      rms[k]|      rms[w]|
+-----------------------------------------------------------------------------+
|        4155|           0|   -1.494916|    4.521982|    2.314229|    5.484531|
|        4155|          25|   -5.328363|    1.531235|   -1.291046|    5.447318|
|        4155|          29|   -5.368781|    1.514940|   -1.356317|    5.438276|
+-----------------------------------------------------------------------------+
|   Time_Iter|  Inner_Iter|    rms[Rho]|   rms[RhoE]|      rms[k]|      rms[w]|
+-----------------------------------------------------------------------------+
|        4156|           0|   -1.494906|    4.520330|    2.314049|    5.448418|
|        4156|          25|   -5.339808|    1.515162|   -1.301284|    5.408985|
|        4156|          29|   -5.382555|    1.497441|   -1.366553|    5.400309|
+-----------------------------------------------------------------------------+
|   Time_Iter|  Inner_Iter|    rms[Rho]|   rms[RhoE]|      rms[k]|      rms[w]|
+-----------------------------------------------------------------------------+
|        4157|           0|   -1.494902|    4.518065|    2.313882|    5.411179|
|        4157|          25|   -5.352954|    1.495312|   -1.253874|    5.380067|
|        4157|          29|   -5.398222|    1.476272|   -1.301523|    5.374050|
+-----------------------------------------------------------------------------+
|   Time_Iter|  Inner_Iter|    rms[Rho]|   rms[RhoE]|      rms[k]|      rms[w]|
+-----------------------------------------------------------------------------+
|        4158|           0|   -1.494877|    4.517301|    2.313714|    5.385560|
|        4158|          25|   -5.367430|    1.472214|   -1.257859|    5.375538|
|        4158|          29|   -5.415494|    1.451862|   -1.303945|    5.371527|
+-----------------------------------------------------------------------------+
|   Time_Iter|  Inner_Iter|    rms[Rho]|   rms[RhoE]|      rms[k]|      rms[w]|
+-----------------------------------------------------------------------------+
|        4159|           0|   -1.494805|    4.520295|    2.313518|    5.381982|
|        4159|          25|   -5.377681|    1.454334|   -1.313658|    5.368487|
|        4159|          29|   -5.426106|    1.435101|   -1.373673|    5.365620|
+-----------------------------------------------------------------------------+
|   Time_Iter|  Inner_Iter|    rms[Rho]|   rms[RhoE]|      rms[k]|      rms[w]|
+-----------------------------------------------------------------------------+
|        4160|           0|   -1.494720|    4.525010|    2.313310|    5.375268|
|        4160|          25|   -5.379706|    1.448867|   -1.307992|    5.388798|
|        4160|          29|   -5.426796|    1.431663|   -1.367200|    5.389575|
+-----------------------------------------------------------------------+
|        File Writing Summary       |              Filename             |
+-----------------------------------------------------------------------+
|Paraview ASCII surface             |wall_npr20_production_cfl2_i30_from520_04160.vtk|
|CSV file                           |wall_npr20_production_cfl2_i30_from520_04160.csv|
+-----------------------------------------------------------------------+
+-----------------------------------------------------------------------------+
|   Time_Iter|  Inner_Iter|    rms[Rho]|   rms[RhoE]|      rms[k]|      rms[w]|
+-----------------------------------------------------------------------------+
|        4161|           0|   -1.494695|    4.524574|    2.313087|    5.398949|
|        4161|          25|   -5.374619|    1.455395|   -1.301266|    5.426441|
|        4161|          29|   -5.419072|    1.440655|   -1.360512|    5.428214|
+-----------------------------------------------------------------------------+
|   Time_Iter|  Inner_Iter|    rms[Rho]|   rms[RhoE]|      rms[k]|      rms[w]|
+-----------------------------------------------------------------------------+
|        4162|           0|   -1.494686|    4.522345|    2.312858|    5.436979|
|        4162|          25|   -5.363894|    1.471617|   -1.294768|    5.465986|
|        4162|          29|   -5.405114|    1.459108|   -1.354580|    5.467184|
+-----------------------------------------------------------------------------+
|   Time_Iter|  Inner_Iter|    rms[Rho]|   rms[RhoE]|      rms[k]|      rms[w]|
+-----------------------------------------------------------------------------+
|        4163|           0|   -1.494648|    4.522088|    2.312622|    5.475473|
|        4163|          25|   -5.350086|    1.493169|   -1.289895|    5.498246|
|        4163|          29|   -5.388293|    1.482131|   -1.350595|    5.498050|
+-----------------------------------------------------------------------------+
|   Time_Iter|  Inner_Iter|    rms[Rho]|   rms[RhoE]|      rms[k]|      rms[w]|
+-----------------------------------------------------------------------------+
|        4164|           0|   -1.494592|    4.523374|    2.312379|    5.506146|
|        4164|          25|   -5.336735|    1.514358|   -1.287309|    5.518360|
|        4164|          29|   -5.372850|    1.503775|   -1.349095|    5.516193|
+-----------------------------------------------------------------------------+
|   Time_Iter|  Inner_Iter|    rms[Rho]|   rms[RhoE]|      rms[k]|      rms[w]|
+-----------------------------------------------------------------------------+
|        4165|           0|   -1.494543|    4.524408|    2.312105|    5.524305|
|        4165|          25|   -5.326635|    1.530953|   -1.287187|    5.523560|
|        4165|          29|   -5.361802|    1.519969|   -1.350010|    5.519694|
+-----------------------------------------------------------------------------+
|   Time_Iter|  Inner_Iter|    rms[Rho]|   rms[RhoE]|      rms[k]|      rms[w]|
+-----------------------------------------------------------------------------+
|        4166|           0|   -1.494506|    4.524511|    2.311797|    5.528218|
|        4166|          25|   -5.321960|    1.539926|   -1.289819|    5.516637|
|        4166|          29|   -5.357369|    1.527897|   -1.353749|    5.510600|
+-----------------------------------------------------------------------------+
|   Time_Iter|  Inner_Iter|    rms[Rho]|   rms[RhoE]|      rms[k]|      rms[w]|
+-----------------------------------------------------------------------------+
|        4167|           0|   -1.494494|    4.522403|    2.311492|    5.519297|
|        4167|          25|   -5.323132|    1.540568|   -1.295748|    5.493428|
|        4167|          29|   -5.359758|    1.527059|   -1.360767|    5.485588|
+-----------------------------------------------------------------------------+
|   Time_Iter|  Inner_Iter|    rms[Rho]|   rms[RhoE]|      rms[k]|      rms[w]|
+-----------------------------------------------------------------------------+
|        4168|           0|   -1.494489|    4.519559|    2.311203|    5.494790|
|        4168|          25|   -5.329704|    1.533116|   -1.304570|    5.461037|
|        4168|          29|   -5.368389|    1.517809|   -1.370427|    5.452132|
+-----------------------------------------------------------------------------+
|   Time_Iter|  Inner_Iter|    rms[Rho]|   rms[RhoE]|      rms[k]|      rms[w]|
+-----------------------------------------------------------------------------+
|        4169|           0|   -1.494477|    4.516744|    2.310947|    5.461970|
|        4169|          25|   -5.340604|    1.518675|   -1.315471|    5.422094|
|        4169|          29|   -5.381556|    1.501887|   -1.381601|    5.413512|
+-----------------------------------------------------------------------------+
|   Time_Iter|  Inner_Iter|    rms[Rho]|   rms[RhoE]|      rms[k]|      rms[w]|
+-----------------------------------------------------------------------------+
|        4170|           0|   -1.494425|    4.516927|    2.310717|    5.424139|
|        4170|          25|   -5.353269|    1.500332|   -1.326322|    5.388087|
|        4170|          29|   -5.396815|    1.481992|   -1.391874|    5.381129|
+-----------------------------------------------------------------------+
|        File Writing Summary       |              Filename             |
+-----------------------------------------------------------------------+
|Paraview ASCII surface             |wall_npr20_production_cfl2_i30_from520_04170.vtk|
|CSV file                           |wall_npr20_production_cfl2_i30_from520_04170.csv|
+-----------------------------------------------------------------------+
+-----------------------------------------------------------------------------+
|   Time_Iter|  Inner_Iter|    rms[Rho]|   rms[RhoE]|      rms[k]|      rms[w]|
+-----------------------------------------------------------------------------+
|        4171|           0|   -1.494312|    4.522613|    2.310503|    5.392424|
|        4171|          25|   -5.367087|    1.479063|   -1.333901|    5.372465|
|        4171|          29|   -5.413110|    1.459548|   -1.397543|    5.367546|
+-----------------------------------------------------------------------------+
|   Time_Iter|  Inner_Iter|    rms[Rho]|   rms[RhoE]|      rms[k]|      rms[w]|
+-----------------------------------------------------------------------------+
|        4172|           0|   -1.494196|    4.529264|    2.310292|    5.378672|
|        4172|          25|   -5.380671|    1.456996|   -1.336123|    5.368387|
|        4172|          29|   -5.428344|    1.437442|   -1.397253|    5.363365|
+-----------------------------------------------------------------------------+
|   Time_Iter|  Inner_Iter|    rms[Rho]|   rms[RhoE]|      rms[k]|      rms[w]|
+-----------------------------------------------------------------------------+
|        4173|           0|   -1.494128|    4.532096|    2.310094|    5.373010|
|        4173|          25|   -5.386180|    1.446232|   -1.332045|    5.374708|
|        4173|          29|   -5.433162|    1.428370|   -1.391911|    5.374238|
+-----------------------------------------------------------------------------+
|   Time_Iter|  Inner_Iter|    rms[Rho]|   rms[RhoE]|      rms[k]|      rms[w]|
+-----------------------------------------------------------------------------+
|        4174|           0|   -1.494102|    4.531530|    2.309917|    5.383810|
|        4174|          25|   -5.384054|    1.447780|   -1.325735|    5.406852|
|        4174|          29|   -5.428874|    1.432230|   -1.385170|    5.408371|
+-----------------------------------------------------------------------------+
|   Time_Iter|  Inner_Iter|    rms[Rho]|   rms[RhoE]|      rms[k]|      rms[w]|
+-----------------------------------------------------------------------------+
|        4175|           0|   -1.494106|    4.528675|    2.309746|    5.417412|
|        4175|          25|   -5.375488|    1.460226|   -1.318877|    5.446616|
|        4175|          29|   -5.417219|    1.447058|   -1.378751|    5.448244|
+-----------------------------------------------------------------------------+
|   Time_Iter|  Inner_Iter|    rms[Rho]|   rms[RhoE]|      rms[k]|      rms[w]|
+-----------------------------------------------------------------------------+
|        4176|           0|   -1.494114|    4.525310|    2.309592|    5.456745|
|        4176|          25|   -5.362556|    1.480042|   -1.313288|    5.482374|
|        4176|          29|   -5.401068|    1.468717|   -1.373977|    5.482883|
+-----------------------------------------------------------------------------+
|   Time_Iter|  Inner_Iter|    rms[Rho]|   rms[RhoE]|      rms[k]|      rms[w]|
+-----------------------------------------------------------------------------+
|        4177|           0|   -1.494114|    4.522542|    2.309447|    5.491058|
|        4177|          25|   -5.348447|    1.502017|   -1.309872|    5.508306|
|        4177|          29|   -5.384455|    1.491529|   -1.371635|    5.507039|
+-----------------------------------------------------------------------------+
|   Time_Iter|  Inner_Iter|    rms[Rho]|   rms[RhoE]|      rms[k]|      rms[w]|
+-----------------------------------------------------------------------------+
|        4178|           0|   -1.494090|    4.521554|    2.309253|    5.515134|
|        4178|          25|   -5.336511|    1.521009|   -1.308960|    5.520025|
|        4178|          29|   -5.371047|    1.510501|   -1.371763|    5.516690|
+-----------------------------------------------------------------------------+
|   Time_Iter|  Inner_Iter|    rms[Rho]|   rms[RhoE]|      rms[k]|      rms[w]|
+-----------------------------------------------------------------------------+
|        4179|           0|   -1.494061|    4.521107|    2.309008|    5.524927|
|        4179|          25|   -5.329135|    1.533640|   -1.310656|    5.519137|
|        4179|          29|   -5.363436|    1.522311|   -1.374677|    5.514147|
+-----------------------------------------------------------------------------+
|   Time_Iter|  Inner_Iter|    rms[Rho]|   rms[RhoE]|      rms[k]|      rms[w]|
+-----------------------------------------------------------------------------+
|        4180|           0|   -1.494032|    4.520216|    2.308754|    5.522730|
|        4180|          25|   -5.327607|    1.538138|   -1.315636|    5.503031|
|        4180|          29|   -5.362685|    1.525531|   -1.380812|    5.495849|
+-----------------------------------------------------------------------+
|        File Writing Summary       |              Filename             |
+-----------------------------------------------------------------------+
|Paraview ASCII surface             |wall_npr20_production_cfl2_i30_from520_04180.vtk|
|CSV file                           |wall_npr20_production_cfl2_i30_from520_04180.csv|
+-----------------------------------------------------------------------+
+-----------------------------------------------------------------------------+
|   Time_Iter|  Inner_Iter|    rms[Rho]|   rms[RhoE]|      rms[k]|      rms[w]|
+-----------------------------------------------------------------------------+
|        4181|           0|   -1.494010|    4.518058|    2.308482|    5.504779|
|        4181|          25|   -5.331805|    1.534385|   -1.324050|    5.473898|
|        4181|          29|   -5.368494|    1.520200|   -1.390375|    5.465876|
+-----------------------------------------------------------------------------+
|   Time_Iter|  Inner_Iter|    rms[Rho]|   rms[RhoE]|      rms[k]|      rms[w]|
+-----------------------------------------------------------------------------+
|        4182|           0|   -1.493954|    4.518101|    2.308206|    5.475534|
|        4182|          25|   -5.341284|    1.522636|   -1.335154|    5.438207|
|        4182|          29|   -5.380450|    1.506517|   -1.402314|    5.429259|
+-----------------------------------------------------------------------------+
|   Time_Iter|  Inner_Iter|    rms[Rho]|   rms[RhoE]|      rms[k]|      rms[w]|
+-----------------------------------------------------------------------------+
|        4183|           0|   -1.493851|    4.522690|    2.307925|    5.439343|
|        4183|          25|   -5.353077|    1.506436|   -1.347486|    5.401021|
|        4183|          29|   -5.394469|    1.488967|   -1.414576|    5.392596|
+-----------------------------------------------------------------------------+
|   Time_Iter|  Inner_Iter|    rms[Rho]|   rms[RhoE]|      rms[k]|      rms[w]|
+-----------------------------------------------------------------------------+
|        4184|           0|   -1.493762|    4.526224|    2.307643|    5.403554|
|        4184|          25|   -5.366602|    1.486560|   -1.358282|    5.374926|
|        4184|          29|   -5.410370|    1.467887|   -1.423893|    5.369224|
+-----------------------------------------------------------------------------+
|   Time_Iter|  Inner_Iter|    rms[Rho]|   rms[RhoE]|      rms[k]|      rms[w]|
+-----------------------------------------------------------------------------+
|        4185|           0|   -1.493700|    4.527427|    2.307315|    5.380704|
|        4185|          25|   -5.381578|    1.463446|   -1.363624|    5.372356|
|        4185|          29|   -5.427884|    1.443721|   -1.426856|    5.367464|
+-----------------------------------------------------------------------------+
|   Time_Iter|  Inner_Iter|    rms[Rho]|   rms[RhoE]|      rms[k]|      rms[w]|
+-----------------------------------------------------------------------------+
|        4186|           0|   -1.493644|    4.528257|    2.306974|    5.377617|
|        4186|          25|   -5.391203|    1.447057|   -1.362291|    5.365878|
|        4186|          29|   -5.437551|    1.428598|   -1.423358|    5.363482|
+-----------------------------------------------------------------------------+
|   Time_Iter|  Inner_Iter|    rms[Rho]|   rms[RhoE]|      rms[k]|      rms[w]|
+-----------------------------------------------------------------------------+
|        4187|           0|   -1.493594|    4.528844|    2.306628|    5.373158|
|        4187|          25|   -5.392531|    1.443008|   -1.356273|    5.388245|
|        4187|          29|   -5.437310|    1.426617|   -1.416473|    5.389100|
+-----------------------------------------------------------------------------+
|   Time_Iter|  Inner_Iter|    rms[Rho]|   rms[RhoE]|      rms[k]|      rms[w]|
+-----------------------------------------------------------------------------+
|        4188|           0|   -1.493556|    4.528817|    2.306297|    5.398449|
|        4188|          25|   -5.386707|    1.450644|   -1.349018|    5.425774|
|        4188|          29|   -5.428730|    1.436662|   -1.409274|    5.427441|
+-----------------------------------------------------------------------------+
|   Time_Iter|  Inner_Iter|    rms[Rho]|   rms[RhoE]|      rms[k]|      rms[w]|
+-----------------------------------------------------------------------------+
|        4189|           0|   -1.493529|    4.528190|    2.305998|    5.436192|
|        4189|          25|   -5.375331|    1.467486|   -1.342130|    5.464231|
|        4189|          29|   -5.414133|    1.455606|   -1.403050|    5.465240|
+-----------------------------------------------------------------------------+
|   Time_Iter|  Inner_Iter|    rms[Rho]|   rms[RhoE]|      rms[k]|      rms[w]|
+-----------------------------------------------------------------------------+
|        4190|           0|   -1.493516|    4.526487|    2.305737|    5.473518|
|        4190|          25|   -5.361082|    1.489118|   -1.336906|    5.495088|
|        4190|          29|   -5.397001|    1.478552|   -1.398890|    5.494685|
+-----------------------------------------------------------------------+
|        File Writing Summary       |              Filename             |
+-----------------------------------------------------------------------+
|Paraview ASCII surface             |wall_npr20_production_cfl2_i30_from520_04190.vtk|
|CSV file                           |wall_npr20_production_cfl2_i30_from520_04190.csv|
+-----------------------------------------------------------------------+
+-----------------------------------------------------------------------------+
|   Time_Iter|  Inner_Iter|    rms[Rho]|   rms[RhoE]|      rms[k]|      rms[w]|
+-----------------------------------------------------------------------------+
|        4191|           0|   -1.493499|    4.524929|    2.305517|    5.502818|
|        4191|          25|   -5.347572|    1.509982|   -1.331606|    5.513777|
|        4191|          29|   -5.381563|    1.499753|   -1.393653|    5.511434|
+-----------------------------------------------------------------------------+
|   Time_Iter|  Inner_Iter|    rms[Rho]|   rms[RhoE]|      rms[k]|      rms[w]|
+-----------------------------------------------------------------------------+
|        4192|           0|   -1.493474|    4.523756|    2.305331|    5.519596|
|        4192|          25|   -5.337524|    1.526110|   -1.334893|    5.518000|
|        4192|          29|   -5.370738|    1.515376|   -1.399224|    5.514261|
+-----------------------------------------------------------------------------+
|   Time_Iter|  Inner_Iter|    rms[Rho]|   rms[RhoE]|      rms[k]|      rms[w]|
+-----------------------------------------------------------------------------+
|        4193|           0|   -1.493434|    4.523688|    2.305163|    5.522826|
|        4193|          25|   -5.333092|    1.534592|   -1.338013|    5.510460|
|        4193|          29|   -5.366609|    1.522814|   -1.403933|    5.504367|
+-----------------------------------------------------------------------------+
|   Time_Iter|  Inner_Iter|    rms[Rho]|   rms[RhoE]|      rms[k]|      rms[w]|
+-----------------------------------------------------------------------------+
|        4194|           0|   -1.493353|    4.527268|    2.305002|    5.513123|
|        4194|          25|   -5.334550|    1.534896|   -1.345234|    5.487136|
|        4194|          29|   -5.369315|    1.521639|   -1.412460|    5.479322|
+-----------------------------------------------------------------------------+
|   Time_Iter|  Inner_Iter|    rms[Rho]|   rms[RhoE]|      rms[k]|      rms[w]|
+-----------------------------------------------------------------------------+
|        4195|           0|   -1.493288|    4.530071|    2.304838|    5.488591|
|        4195|          25|   -5.341476|    1.527258|   -1.355742|    5.455264|
|        4195|          29|   -5.378270|    1.512227|   -1.424324|    5.446449|
+-----------------------------------------------------------------------------+
|   Time_Iter|  Inner_Iter|    rms[Rho]|   rms[RhoE]|      rms[k]|      rms[w]|
+-----------------------------------------------------------------------------+
|        4196|           0|   -1.493277|    4.528199|    2.304680|    5.456341|
|        4196|          25|   -5.352658|    1.512927|   -1.368822|    5.417357|
|        4196|          29|   -5.391598|    1.496483|   -1.438017|    5.408978|
+-----------------------------------------------------------------------------+
|   Time_Iter|  Inner_Iter|    rms[Rho]|   rms[RhoE]|      rms[k]|      rms[w]|
+-----------------------------------------------------------------------------+
|        4197|           0|   -1.493282|    4.524465|    2.304532|    5.419654|
|        4197|          25|   -5.365702|    1.494715|   -1.381699|    5.384761|
|        4197|          29|   -5.407070|    1.476836|   -1.450337|    5.377716|
+-----------------------------------------------------------------------------+
|   Time_Iter|  Inner_Iter|    rms[Rho]|   rms[RhoE]|      rms[k]|      rms[w]|
+-----------------------------------------------------------------------------+
|        4198|           0|   -1.493261|    4.522652|    2.304370|    5.389039|
|        4198|          25|   -5.379867|    1.473731|   -1.390690|    5.370007|
|        4198|          29|   -5.423584|    1.454720|   -1.457165|    5.365103|
+-----------------------------------------------------------------------------+
|   Time_Iter|  Inner_Iter|    rms[Rho]|   rms[RhoE]|      rms[k]|      rms[w]|
+-----------------------------------------------------------------------------+
|        4199|           0|   -1.493233|    4.521131|    2.304156|    5.376241|
|        4199|          25|   -5.393738|    1.452100|   -1.392669|    5.365867|
|        4199|          29|   -5.438888|    1.433156|   -1.456376|    5.360966|
+-----------------------------------------------------------------------+
|        File Writing Summary       |              Filename             |
+-----------------------------------------------------------------------+
|SU2 binary restart                 |restart_npr20_production_cfl2_i30_from520_04199.dat|
+-----------------------------------------------------------------------+
+-----------------------------------------------------------------------------+
|   Time_Iter|  Inner_Iter|    rms[Rho]|   rms[RhoE]|      rms[k]|      rms[w]|
+-----------------------------------------------------------------------------+
|        4200|           0|   -1.493197|    4.520166|    2.303919|    5.370635|
|        4200|          25|   -5.399122|    1.441947|   -1.387599|    5.372895|
|        4200|          29|   -5.443423|    1.424717|   -1.449699|    5.372403|
+-----------------------------------------------------------------------+
|        File Writing Summary       |              Filename             |
+-----------------------------------------------------------------------+
|SU2 binary restart                 |restart_npr20_production_cfl2_i30_from520_04200.dat|
|Paraview ASCII                     |flow_npr20_production_cfl2_i30_from520_04200.vtk|
|Paraview ASCII surface             |wall_npr20_production_cfl2_i30_from520_04200.vtk|
|CSV file                           |wall_npr20_production_cfl2_i30_from520_04200.csv|
+-----------------------------------------------------------------------+
+-----------------------------------------------------------------------------+
|   Time_Iter|  Inner_Iter|    rms[Rho]|   rms[RhoE]|      rms[k]|      rms[w]|
+-----------------------------------------------------------------------------+
|        4201|           0|   -1.493147|    4.520364|    2.303659|    5.382003|
|        4201|          25|   -5.396681|    1.443874|   -1.379468|    5.404595|
|        4201|          29|   -5.438764|    1.428912|   -1.441235|    5.406000|
+-----------------------------------------------------------------------------+
|   Time_Iter|  Inner_Iter|    rms[Rho]|   rms[RhoE]|      rms[k]|      rms[w]|
+-----------------------------------------------------------------------------+
|        4202|           0|   -1.493080|    4.521954|    2.303376|    5.415074|
|        4202|          25|   -5.387692|    1.456437|   -1.370959|    5.443562|
|        4202|          29|   -5.426723|    1.443767|   -1.433213|    5.445067|
+-----------------------------------------------------------------------------+
|   Time_Iter|  Inner_Iter|    rms[Rho]|   rms[RhoE]|      rms[k]|      rms[w]|
+-----------------------------------------------------------------------------+
|        4203|           0|   -1.493036|    4.521653|    2.303061|    5.453599|
|        4203|          25|   -5.374297|    1.476176|   -1.363559|    5.478499|
|        4203|          29|   -5.410212|    1.465257|   -1.426820|    5.478903|
+-----------------------------------------------------------------------------+
|   Time_Iter|  Inner_Iter|    rms[Rho]|   rms[RhoE]|      rms[k]|      rms[w]|
+-----------------------------------------------------------------------------+
|        4204|           0|   -1.493002|    4.520081|    2.302733|    5.487125|
|        4204|          25|   -5.359769|    1.497996|   -1.358794|    5.503833|
|        4204|          29|   -5.393307|    1.487849|   -1.423477|    5.502503|
+-----------------------------------------------------------------------------+
|   Time_Iter|  Inner_Iter|    rms[Rho]|   rms[RhoE]|      rms[k]|      rms[w]|
+-----------------------------------------------------------------------------+
|        4205|           0|   -1.492927|    4.521637|    2.302382|    5.510649|
|        4205|          25|   -5.347496|    1.516888|   -1.356912|    5.515330|
|        4205|          29|   -5.379662|    1.506690|   -1.422971|    5.511991|
+-----------------------------------------------------------------------------+
|   Time_Iter|  Inner_Iter|    rms[Rho]|   rms[RhoE]|      rms[k]|      rms[w]|
+-----------------------------------------------------------------------------+
|        4206|           0|   -1.492801|    4.528325|    2.302017|    5.520279|
|        4206|          25|   -5.339857|    1.529579|   -1.358131|    5.514573|
|        4206|          29|   -5.371830|    1.518560|   -1.425778|    5.509646|
+-----------------------------------------------------------------------------+
|   Time_Iter|  Inner_Iter|    rms[Rho]|   rms[RhoE]|      rms[k]|      rms[w]|
+-----------------------------------------------------------------------------+
|        4207|           0|   -1.492700|    4.533027|    2.301661|    5.518282|
|        4207|          25|   -5.338164|    1.534282|   -1.363056|    5.499194|
|        4207|          29|   -5.370894|    1.522009|   -1.432521|    5.492099|
+-----------------------------------------------------------------------------+
|   Time_Iter|  Inner_Iter|    rms[Rho]|   rms[RhoE]|      rms[k]|      rms[w]|
+-----------------------------------------------------------------------------+
|        4208|           0|   -1.492644|    4.534324|    2.301317|    5.501065|
|        4208|          25|   -5.342299|    1.530876|   -1.372243|    5.470870|
|        4208|          29|   -5.376559|    1.517072|   -1.443487|    5.462954|
+-----------------------------------------------------------------------------+
|   Time_Iter|  Inner_Iter|    rms[Rho]|   rms[RhoE]|      rms[k]|      rms[w]|
+-----------------------------------------------------------------------------+
|        4209|           0|   -1.492605|    4.534202|    2.300974|    5.472642|
|        4209|          25|   -5.351804|    1.519629|   -1.382678|    5.436309|
|        4209|          29|   -5.388433|    1.503920|   -1.457539|    5.427486|
+-----------------------------------------------------------------------------+
|   Time_Iter|  Inner_Iter|    rms[Rho]|   rms[RhoE]|      rms[k]|      rms[w]|
+-----------------------------------------------------------------------------+
|        4210|           0|   -1.492586|    4.532593|    2.300667|    5.437649|
|        4210|          25|   -5.363787|    1.503874|   -1.398617|    5.399863|
|        4210|          29|   -5.402491|    1.486873|   -1.472020|    5.391475|
+-----------------------------------------------------------------------+
|        File Writing Summary       |              Filename             |
+-----------------------------------------------------------------------+
|Paraview ASCII surface             |wall_npr20_production_cfl2_i30_from520_04210.vtk|
|CSV file                           |wall_npr20_production_cfl2_i30_from520_04210.csv|
+-----------------------------------------------------------------------+
+-----------------------------------------------------------------------------+
|   Time_Iter|  Inner_Iter|    rms[Rho]|   rms[RhoE]|      rms[k]|      rms[w]|
+-----------------------------------------------------------------------------+
|        4211|           0|   -1.492590|    4.529168|    2.300406|    5.402430|
|        4211|          25|   -5.377599|    1.484449|   -1.410835|    5.373970|
|        4211|          29|   -5.418534|    1.466277|   -1.483092|    5.368214|
+-----------------------------------------------------------------------------+
|   Time_Iter|  Inner_Iter|    rms[Rho]|   rms[RhoE]|      rms[k]|      rms[w]|
+-----------------------------------------------------------------------------+
|        4212|           0|   -1.492611|    4.524422|    2.300161|    5.379711|
|        4212|          25|   -5.393012|    1.461694|   -1.416650|    5.371067|
|        4212|          29|   -5.436389|    1.442445|   -1.486361|    5.366312|
+-----------------------------------------------------------------------------+
|   Time_Iter|  Inner_Iter|    rms[Rho]|   rms[RhoE]|      rms[k]|      rms[w]|
+-----------------------------------------------------------------------------+
|        4213|           0|   -1.492616|    4.520722|    2.299949|    5.376574|
|        4213|          25|   -5.403296|    1.445060|   -1.414232|    5.363891|
|        4213|          29|   -5.446638|    1.427056|   -1.481312|    5.361210|
+-----------------------------------------------------------------------------+
|   Time_Iter|  Inner_Iter|    rms[Rho]|   rms[RhoE]|      rms[k]|      rms[w]|
+-----------------------------------------------------------------------------+
|        4214|           0|   -1.492612|    4.517558|    2.299760|    5.370941|
|        4214|          25|   -5.404989|    1.440549|   -1.405672|    5.384499|
|        4214|          29|   -5.446778|    1.424545|   -1.471670|    5.385122|
+-----------------------------------------------------------------------------+
|   Time_Iter|  Inner_Iter|    rms[Rho]|   rms[RhoE]|      rms[k]|      rms[w]|
+-----------------------------------------------------------------------------+
|        4215|           0|   -1.492609|    4.513879|    2.299565|    5.394556|
|        4215|          25|   -5.399315|    1.447502|   -1.395739|    5.420729|
|        4215|          29|   -5.438434|    1.433831|   -1.461886|    5.422252|
+-----------------------------------------------------------------------------+
|   Time_Iter|  Inner_Iter|    rms[Rho]|   rms[RhoE]|      rms[k]|      rms[w]|
+-----------------------------------------------------------------------------+
|        4216|           0|   -1.492572|    4.512468|    2.299378|    5.431093|
|        4216|          25|   -5.387848|    1.463706|   -1.385975|    5.458587|
|        4216|          29|   -5.423849|    1.452089|   -1.452803|    5.459548|
+-----------------------------------------------------------------------------+
|   Time_Iter|  Inner_Iter|    rms[Rho]|   rms[RhoE]|      rms[k]|      rms[w]|
+-----------------------------------------------------------------------------+
|        4217|           0|   -1.492470|    4.516887|    2.299197|    5.467928|
|        4217|          25|   -5.373267|    1.484945|   -1.378080|    5.489393|
|        4217|          29|   -5.406469|    1.474648|   -1.446330|    5.489020|
+-----------------------------------------------------------------------------+
|   Time_Iter|  Inner_Iter|    rms[Rho]|   rms[RhoE]|      rms[k]|      rms[w]|
+-----------------------------------------------------------------------------+
|        4218|           0|   -1.492352|    4.523188|    2.299007|    5.497214|
|        4218|          25|   -5.359196|    1.505858|   -1.373541|    5.508652|
|        4218|          29|   -5.390520|    1.495927|   -1.443372|    5.506415|
+-----------------------------------------------------------------------------+
|   Time_Iter|  Inner_Iter|    rms[Rho]|   rms[RhoE]|      rms[k]|      rms[w]|
+-----------------------------------------------------------------------------+
|        4219|           0|   -1.492266|    4.526586|    2.298827|    5.514630|
|        4219|          25|   -5.348478|    1.522399|   -1.371951|    5.513949|
|        4219|          29|   -5.378966|    1.512080|   -1.443463|    5.509835|
+-----------------------------------------------------------------------------+
|   Time_Iter|  Inner_Iter|    rms[Rho]|   rms[RhoE]|      rms[k]|      rms[w]|
+-----------------------------------------------------------------------------+
|        4220|           0|   -1.492192|    4.528575|    2.298615|    5.518367|
|        4220|          25|   -5.343312|    1.531656|   -1.374090|    5.507672|
|        4220|          29|   -5.374107|    1.520276|   -1.447556|    5.501805|
+-----------------------------------------------------------------------+
|        File Writing Summary       |              Filename             |
+-----------------------------------------------------------------------+
|Paraview ASCII surface             |wall_npr20_production_cfl2_i30_from520_04220.vtk|
|CSV file                           |wall_npr20_production_cfl2_i30_from520_04220.csv|
+-----------------------------------------------------------------------+
+-----------------------------------------------------------------------------+
|   Time_Iter|  Inner_Iter|    rms[Rho]|   rms[RhoE]|      rms[k]|      rms[w]|
+-----------------------------------------------------------------------------+
|        4221|           0|   -1.492105|    4.531490|    2.298366|    5.510600|
|        4221|          25|   -5.344162|    1.532889|   -1.380362|    5.486159|
|        4221|          29|   -5.376104|    1.520084|   -1.455959|    5.478558|
+-----------------------------------------------------------------------------+
|   Time_Iter|  Inner_Iter|    rms[Rho]|   rms[RhoE]|      rms[k]|      rms[w]|
+-----------------------------------------------------------------------------+
|        4222|           0|   -1.492032|    4.533530|    2.298091|    5.487822|
|        4222|          25|   -5.350628|    1.526291|   -1.390816|    5.455734|
|        4222|          29|   -5.384424|    1.511804|   -1.468651|    5.447315|
+-----------------------------------------------------------------------------+
|   Time_Iter|  Inner_Iter|    rms[Rho]|   rms[RhoE]|      rms[k]|      rms[w]|
+-----------------------------------------------------------------------------+
|        4223|           0|   -1.491992|    4.533178|    2.297801|    5.457181|
|        4223|          25|   -5.361806|    1.512702|   -1.404132|    5.418827|
|        4223|          29|   -5.397635|    1.496801|   -1.483659|    5.410330|
+-----------------------------------------------------------------------------+
|   Time_Iter|  Inner_Iter|    rms[Rho]|   rms[RhoE]|      rms[k]|      rms[w]|
+-----------------------------------------------------------------------------+
|        4224|           0|   -1.491984|    4.530319|    2.297491|    5.420949|
|        4224|          25|   -5.374903|    1.495302|   -1.417468|    5.385680|
|        4224|          29|   -5.413071|    1.477905|   -1.497417|    5.378887|
+-----------------------------------------------------------------------------+
|   Time_Iter|  Inner_Iter|    rms[Rho]|   rms[RhoE]|      rms[k]|      rms[w]|
+-----------------------------------------------------------------------------+
|        4225|           0|   -1.491983|    4.526841|    2.297180|    5.390228|
|        4225|          25|   -5.389478|    1.474816|   -1.426797|    5.369546|
|        4225|          29|   -5.429824|    1.456324|   -1.505125|    5.364688|
+-----------------------------------------------------------------------------+
|   Time_Iter|  Inner_Iter|    rms[Rho]|   rms[RhoE]|      rms[k]|      rms[w]|
+-----------------------------------------------------------------------------+
|        4226|           0|   -1.491983|    4.522927|    2.296861|    5.375947|
|        4226|          25|   -5.404514|    1.452700|   -1.419064|    5.365433|
|        4226|          29|   -5.446345|    1.434096|   -1.490860|    5.360063|
+-----------------------------------------------------------------------------+
|   Time_Iter|  Inner_Iter|    rms[Rho]|   rms[RhoE]|      rms[k]|      rms[w]|
+-----------------------------------------------------------------------------+
|        4227|           0|   -1.491988|    4.518207|    2.296515|    5.369830|
|        4227|          25|   -5.411268|    1.441077|   -1.421632|    5.368187|
|        4227|          29|   -5.452329|    1.424087|   -1.494067|    5.367174|
+-----------------------------------------------------------------------------+
|   Time_Iter|  Inner_Iter|    rms[Rho]|   rms[RhoE]|      rms[k]|      rms[w]|
+-----------------------------------------------------------------------------+
|        4228|           0|   -1.491953|    4.516514|    2.296161|    5.376897|
|        4228|          25|   -5.409839|    1.441318|   -1.410655|    5.396997|
|        4228|          29|   -5.448819|    1.426502|   -1.482180|    5.398125|
+-----------------------------------------------------------------------------+
|   Time_Iter|  Inner_Iter|    rms[Rho]|   rms[RhoE]|      rms[k]|      rms[w]|
+-----------------------------------------------------------------------------+
|        4229|           0|   -1.491859|    4.520640|    2.295799|    5.407354|
|        4229|          25|   -5.401439|    1.452301|   -1.399339|    5.434767|
|        4229|          29|   -5.437511|    1.439747|   -1.470784|    5.436194|
+-----------------------------------------------------------------------------+
|   Time_Iter|  Inner_Iter|    rms[Rho]|   rms[RhoE]|      rms[k]|      rms[w]|
+-----------------------------------------------------------------------------+
|        4230|           0|   -1.491780|    4.523768|    2.295452|    5.444874|
|        4230|          25|   -5.388115|    1.470993|   -1.388985|    5.469976|
|        4230|          29|   -5.421163|    1.460234|   -1.461119|    5.470413|
+-----------------------------------------------------------------------+
|        File Writing Summary       |              Filename             |
+-----------------------------------------------------------------------+
|Paraview ASCII surface             |wall_npr20_production_cfl2_i30_from520_04230.vtk|
|CSV file                           |wall_npr20_production_cfl2_i30_from520_04230.csv|
+-----------------------------------------------------------------------+
+-----------------------------------------------------------------------------+
|   Time_Iter|  Inner_Iter|    rms[Rho]|   rms[RhoE]|      rms[k]|      rms[w]|
+-----------------------------------------------------------------------------+
|        4231|           0|   -1.491716|    4.525258|    2.295143|    5.478741|
|        4231|          25|   -5.373053|    1.492621|   -1.381337|    5.496475|
|        4231|          29|   -5.403731|    1.482755|   -1.454696|    5.495373|
+-----------------------------------------------------------------------------+
|   Time_Iter|  Inner_Iter|    rms[Rho]|   rms[RhoE]|      rms[k]|      rms[w]|
+-----------------------------------------------------------------------------+
|        4232|           0|   -1.491668|    4.525181|    2.294865|    5.503593|
|        4232|          25|   -5.359826|    1.512089|   -1.377337|    5.509998|
|        4232|          29|   -5.389117|    1.502256|   -1.451961|    5.506958|
+-----------------------------------------------------------------------------+
|   Time_Iter|  Inner_Iter|    rms[Rho]|   rms[RhoE]|      rms[k]|      rms[w]|
+-----------------------------------------------------------------------------+
|        4233|           0|   -1.491616|    4.525459|    2.294595|    5.515284|
|        4233|          25|   -5.350898|    1.526046|   -1.376206|    5.510840|
|        4233|          29|   -5.379908|    1.515489|   -1.452509|    5.506412|
+-----------------------------------------------------------------------------+
|   Time_Iter|  Inner_Iter|    rms[Rho]|   rms[RhoE]|      rms[k]|      rms[w]|
+-----------------------------------------------------------------------------+
|        4234|           0|   -1.491574|    4.525071|    2.294324|    5.515115|
|        4234|          25|   -5.347995|    1.532260|   -1.379265|    5.498826|
|        4234|          29|   -5.377642|    1.520528|   -1.457692|    5.492266|
+-----------------------------------------------------------------------------+
|   Time_Iter|  Inner_Iter|    rms[Rho]|   rms[RhoE]|      rms[k]|      rms[w]|
+-----------------------------------------------------------------------------+
|        4235|           0|   -1.491541|    4.524043|    2.294063|    5.501257|
|        4235|          25|   -5.351142|    1.530444|   -1.386824|    5.472948|
|        4235|          29|   -5.382209|    1.517193|   -1.467373|    5.464974|
+-----------------------------------------------------------------------------+
|   Time_Iter|  Inner_Iter|    rms[Rho]|   rms[RhoE]|      rms[k]|      rms[w]|
+-----------------------------------------------------------------------------+
|        4236|           0|   -1.491506|    4.522963|    2.293804|    5.474530|
|        4236|          25|   -5.359793|    1.520967|   -1.397919|    5.440348|
|        4236|          29|   -5.392943|    1.505958|   -1.480583|    5.431628|
+-----------------------------------------------------------------------------+
|   Time_Iter|  Inner_Iter|    rms[Rho]|   rms[RhoE]|      rms[k]|      rms[w]|
+-----------------------------------------------------------------------------+
|        4237|           0|   -1.491464|    4.522330|    2.293569|    5.441805|
|        4237|          25|   -5.371884|    1.506048|   -1.411444|    5.404107|
|        4237|          29|   -5.406977|    1.489747|   -1.495431|    5.395642|
+-----------------------------------------------------------------------------+
|   Time_Iter|  Inner_Iter|    rms[Rho]|   rms[RhoE]|      rms[k]|      rms[w]|
+-----------------------------------------------------------------------------+
|        4238|           0|   -1.491428|    4.520911|    2.293352|    5.406521|
|        4238|          25|   -5.385972|    1.487367|   -1.423345|    5.375587|
|        4238|          29|   -5.423182|    1.469852|   -1.506784|    5.369363|
+-----------------------------------------------------------------------------+
|   Time_Iter|  Inner_Iter|    rms[Rho]|   rms[RhoE]|      rms[k]|      rms[w]|
+-----------------------------------------------------------------------------+
|        4239|           0|   -1.491389|    4.519511|    2.293146|    5.380915|
|        4239|          25|   -5.401718|    1.465387|   -1.429594|    5.368260|
|        4239|          29|   -5.441482|    1.446438|   -1.510451|    5.365185|
+-----------------------------------------------------------------------------+
|   Time_Iter|  Inner_Iter|    rms[Rho]|   rms[RhoE]|      rms[k]|      rms[w]|
+-----------------------------------------------------------------------------+
|        4240|           0|   -1.491309|    4.521358|    2.292938|    5.376132|
|        4240|          25|   -5.414610|    1.446200|   -1.427580|    5.360777|
|        4240|          29|   -5.454519|    1.428337|   -1.504667|    5.356876|
+-----------------------------------------------------------------------+
|        File Writing Summary       |              Filename             |
+-----------------------------------------------------------------------+
|Paraview ASCII surface             |wall_npr20_production_cfl2_i30_from520_04240.vtk|
|CSV file                           |wall_npr20_production_cfl2_i30_from520_04240.csv|
+-----------------------------------------------------------------------+
+-----------------------------------------------------------------------------+
|   Time_Iter|  Inner_Iter|    rms[Rho]|   rms[RhoE]|      rms[k]|      rms[w]|
+-----------------------------------------------------------------------------+
|        4241|           0|   -1.491187|    4.527576|    2.292724|    5.366649|
|        4241|          25|   -5.418349|    1.438879|   -1.414879|    5.374787|
|        4241|          29|   -5.456941|    1.422873|   -1.488355|    5.374756|
+-----------------------------------------------------------------------------+
|   Time_Iter|  Inner_Iter|    rms[Rho]|   rms[RhoE]|      rms[k]|      rms[w]|
+-----------------------------------------------------------------------------+
|        4242|           0|   -1.491104|    4.530771|    2.292504|    5.384392|
|        4242|          25|   -5.414206|    1.443037|   -1.406596|    5.408011|
|        4242|          29|   -5.450381|    1.429276|   -1.480543|    5.409315|
+-----------------------------------------------------------------------------+
|   Time_Iter|  Inner_Iter|    rms[Rho]|   rms[RhoE]|      rms[k]|      rms[w]|
+-----------------------------------------------------------------------------+
|        4243|           0|   -1.491056|    4.530880|    2.292254|    5.418374|
|        4243|          25|   -5.403575|    1.457040|   -1.395305|    5.445710|
|        4243|          29|   -5.436781|    1.445408|   -1.469106|    5.446731|
+-----------------------------------------------------------------------------+
|   Time_Iter|  Inner_Iter|    rms[Rho]|   rms[RhoE]|      rms[k]|      rms[w]|
+-----------------------------------------------------------------------------+
|        4244|           0|   -1.491038|    4.528615|    2.291978|    5.455270|
|        4244|          25|   -5.388907|    1.477287|   -1.385592|    5.477894|
|        4244|          29|   -5.419334|    1.467142|   -1.460004|    5.477835|
+-----------------------------------------------------------------------------+
|   Time_Iter|  Inner_Iter|    rms[Rho]|   rms[RhoE]|      rms[k]|      rms[w]|
+-----------------------------------------------------------------------------+
|        4245|           0|   -1.491032|    4.525287|    2.291695|    5.486140|
|        4245|          25|   -5.373800|    1.498617|   -1.379240|    5.500021|
|        4245|          29|   -5.402295|    1.489014|   -1.454818|    5.498232|
+-----------------------------------------------------------------------------+
|   Time_Iter|  Inner_Iter|    rms[Rho]|   rms[RhoE]|      rms[k]|      rms[w]|
+-----------------------------------------------------------------------------+
|        4246|           0|   -1.491030|    4.521459|    2.291408|    5.506506|
|        4246|          25|   -5.361507|    1.516541|   -1.376119|    5.508809|
|        4246|          29|   -5.389042|    1.506724|   -1.453029|    5.505238|
+-----------------------------------------------------------------------------+
|   Time_Iter|  Inner_Iter|    rms[Rho]|   rms[RhoE]|      rms[k]|      rms[w]|
+-----------------------------------------------------------------------------+
|        4247|           0|   -1.491020|    4.518046|    2.291116|    5.513716|
|        4247|          25|   -5.354329|    1.528053|   -1.376339|    5.505904|
|        4247|          29|   -5.381973|    1.517322|   -1.455018|    5.500679|
+-----------------------------------------------------------------------------+
|   Time_Iter|  Inner_Iter|    rms[Rho]|   rms[RhoE]|      rms[k]|      rms[w]|
+-----------------------------------------------------------------------------+
|        4248|           0|   -1.491000|    4.515171|    2.290812|    5.509498|
|        4248|          25|   -5.353353|    1.531681|   -1.380896|    5.489052|
|        4248|          29|   -5.381939|    1.519649|   -1.461640|    5.481806|
+-----------------------------------------------------------------------------+
|   Time_Iter|  Inner_Iter|    rms[Rho]|   rms[RhoE]|      rms[k]|      rms[w]|
+-----------------------------------------------------------------------------+
|        4249|           0|   -1.490961|    4.513645|    2.290460|    5.490975|
|        4249|          25|   -5.358305|    1.527467|   -1.390014|    5.460566|
|        4249|          29|   -5.388477|    1.513887|   -1.473128|    5.452645|
+-----------------------------------------------------------------------+
|        File Writing Summary       |              Filename             |
+-----------------------------------------------------------------------+
|SU2 binary restart                 |restart_npr20_production_cfl2_i30_from520_04249.dat|
+-----------------------------------------------------------------------+
+-----------------------------------------------------------------------------+
|   Time_Iter|  Inner_Iter|    rms[Rho]|   rms[RhoE]|      rms[k]|      rms[w]|
+-----------------------------------------------------------------------------+
|        4250|           0|   -1.490920|    4.511903|    2.290103|    5.462523|
|        4250|          25|   -5.368851|    1.515519|   -1.343841|    5.426390|
|        4250|          29|   -5.401093|    1.500347|   -1.405726|    5.417397|
+-----------------------------------------------------------------------+
|        File Writing Summary       |              Filename             |
+-----------------------------------------------------------------------+
|SU2 binary restart                 |restart_npr20_production_cfl2_i30_from520_04250.dat|
|Paraview ASCII surface             |wall_npr20_production_cfl2_i30_from520_04250.vtk|
|CSV file                           |wall_npr20_production_cfl2_i30_from520_04250.csv|
+-----------------------------------------------------------------------+
+-----------------------------------------------------------------------------+
|   Time_Iter|  Inner_Iter|    rms[Rho]|   rms[RhoE]|      rms[k]|      rms[w]|
+-----------------------------------------------------------------------------+
|        4251|           0|   -1.490849|    4.512270|    2.289754|    5.427772|
|        4251|          25|   -5.381550|    1.499660|   -1.416116|    5.390953|
|        4251|          29|   -5.415872|    1.483060|   -1.502330|    5.382965|
+-----------------------------------------------------------------------------+
|   Time_Iter|  Inner_Iter|    rms[Rho]|   rms[RhoE]|      rms[k]|      rms[w]|
+-----------------------------------------------------------------------------+
|        4252|           0|   -1.490728|    4.516740|    2.289434|    5.394191|
|        4252|          25|   -5.396212|    1.480192|   -1.427251|    5.368494|
|        4252|          29|   -5.432710|    1.462319|   -1.512402|    5.363729|
+-----------------------------------------------------------------------------+
|   Time_Iter|  Inner_Iter|    rms[Rho]|   rms[RhoE]|      rms[k]|      rms[w]|
+-----------------------------------------------------------------------------+
|        4253|           0|   -1.490573|    4.524863|    2.289124|    5.375456|
|        4253|          25|   -5.412887|    1.457103|   -1.431326|    5.365755|
|        4253|          29|   -5.451285|    1.438600|   -1.513327|    5.360129|
+-----------------------------------------------------------------------------+
|   Time_Iter|  Inner_Iter|    rms[Rho]|   rms[RhoE]|      rms[k]|      rms[w]|
+-----------------------------------------------------------------------------+
|        4254|           0|   -1.490465|    4.529173|    2.288831|    5.370229|
|        4254|          25|   -5.422978|    1.441501|   -1.426994|    5.359300|
|        4254|          29|   -5.460998|    1.424348|   -1.505546|    5.356944|
+-----------------------------------------------------------------------------+
|   Time_Iter|  Inner_Iter|    rms[Rho]|   rms[RhoE]|      rms[k]|      rms[w]|
+-----------------------------------------------------------------------------+
|        4255|           0|   -1.490388|    4.530821|    2.288546|    5.366832|
|        4255|          25|   -5.424193|    1.437651|   -1.416891|    5.381121|
|        4255|          29|   -5.460538|    1.422493|   -1.493594|    5.381648|
+-----------------------------------------------------------------------------+
|   Time_Iter|  Inner_Iter|    rms[Rho]|   rms[RhoE]|      rms[k]|      rms[w]|
+-----------------------------------------------------------------------------+
|        4256|           0|   -1.490332|    4.530817|    2.288255|    5.391172|
|        4256|          25|   -5.417771|    1.444883|   -1.405388|    5.416422|
|        4256|          29|   -5.451515|    1.431975|   -1.481319|    5.417755|
+-----------------------------------------------------------------------------+
|   Time_Iter|  Inner_Iter|    rms[Rho]|   rms[RhoE]|      rms[k]|      rms[w]|
+-----------------------------------------------------------------------------+
|        4257|           0|   -1.490285|    4.530380|    2.287969|    5.426702|
|        4257|          25|   -5.405399|    1.461060|   -1.394761|    5.452922|
|        4257|          29|   -5.436215|    1.450133|   -1.470824|    5.453593|
+-----------------------------------------------------------------------------+
|   Time_Iter|  Inner_Iter|    rms[Rho]|   rms[RhoE]|      rms[k]|      rms[w]|
+-----------------------------------------------------------------------------+
|        4258|           0|   -1.490250|    4.529094|    2.287701|    5.462059|
|        4258|          25|   -5.389829|    1.482141|   -1.386344|    5.482389|
|        4258|          29|   -5.418199|    1.472392|   -1.463110|    5.481820|
+-----------------------------------------------------------------------------+
|   Time_Iter|  Inner_Iter|    rms[Rho]|   rms[RhoE]|      rms[k]|      rms[w]|
+-----------------------------------------------------------------------------+
|        4259|           0|   -1.490226|    4.527228|    2.287446|    5.490140|
|        4259|          25|   -5.374917|    1.502870|   -1.380948|    5.500696|
|        4259|          29|   -5.401729|    1.493410|   -1.459144|    5.498345|
+-----------------------------------------------------------------------------+
|   Time_Iter|  Inner_Iter|    rms[Rho]|   rms[RhoE]|      rms[k]|      rms[w]|
+-----------------------------------------------------------------------------+
|        4260|           0|   -1.490210|    4.524800|    2.287203|    5.506695|
|        4260|          25|   -5.363522|    1.519355|   -1.379419|    5.505809|
|        4260|          29|   -5.389731|    1.509479|   -1.459130|    5.501631|
+-----------------------------------------------------------------------+
|        File Writing Summary       |              Filename             |
+-----------------------------------------------------------------------+
|Paraview ASCII surface             |wall_npr20_production_cfl2_i30_from520_04260.vtk|
|CSV file                           |wall_npr20_production_cfl2_i30_from520_04260.csv|
+-----------------------------------------------------------------------+
+-----------------------------------------------------------------------------+
|   Time_Iter|  Inner_Iter|    rms[Rho]|   rms[RhoE]|      rms[k]|      rms[w]|
+-----------------------------------------------------------------------------+
|        4261|           0|   -1.490198|    4.521995|    2.286971|    5.510229|
|        4261|          25|   -5.357826|    1.528797|   -1.381305|    5.499614|
|        4261|          29|   -5.384477|    1.517859|   -1.463040|    5.493844|
+-----------------------------------------------------------------------------+
|   Time_Iter|  Inner_Iter|    rms[Rho]|   rms[RhoE]|      rms[k]|      rms[w]|
+-----------------------------------------------------------------------------+
|        4262|           0|   -1.490210|    4.516958|    2.286745|    5.502795|
|        4262|          25|   -5.358378|    1.530353|   -1.387641|    5.479224|
|        4262|          29|   -5.386215|    1.518013|   -1.471805|    5.471690|
+-----------------------------------------------------------------------------+
|   Time_Iter|  Inner_Iter|    rms[Rho]|   rms[RhoE]|      rms[k]|      rms[w]|
+-----------------------------------------------------------------------------+
|        4263|           0|   -1.490228|    4.510604|    2.286512|    5.481074|
|        4263|          25|   -5.364758|    1.524208|   -1.398313|    5.449657|
|        4263|          29|   -5.394386|    1.510236|   -1.485043|    5.441476|
+-----------------------------------------------------------------------------+
|   Time_Iter|  Inner_Iter|    rms[Rho]|   rms[RhoE]|      rms[k]|      rms[w]|
+-----------------------------------------------------------------------------+
|        4264|           0|   -1.490195|    4.507980|    2.286284|    5.451530|
|        4264|          25|   -5.376238|    1.510965|   -1.412302|    5.414040|
|        4264|          29|   -5.407808|    1.495593|   -1.501386|    5.405458|
+-----------------------------------------------------------------------------+
|   Time_Iter|  Inner_Iter|    rms[Rho]|   rms[RhoE]|      rms[k]|      rms[w]|
+-----------------------------------------------------------------------------+
|        4265|           0|   -1.490081|    4.512564|    2.286041|    5.416134|
|        4265|          25|   -5.389737|    1.493962|   -1.426580|    5.381136|
|        4265|          29|   -5.423501|    1.477133|   -1.516486|    5.374252|
+-----------------------------------------------------------------------------+
|   Time_Iter|  Inner_Iter|    rms[Rho]|   rms[RhoE]|      rms[k]|      rms[w]|
+-----------------------------------------------------------------------------+
|        4266|           0|   -1.489965|    4.517121|    2.285765|    5.385635|
|        4266|          25|   -5.405055|    1.473587|   -1.435611|    5.364692|
|        4266|          29|   -5.440896|    1.455648|   -1.524336|    5.359641|
+-----------------------------------------------------------------------------+
|   Time_Iter|  Inner_Iter|    rms[Rho]|   rms[RhoE]|      rms[k]|      rms[w]|
+-----------------------------------------------------------------------------+
|        4267|           0|   -1.489867|    4.519743|    2.285474|    5.371021|
|        4267|          25|   -5.421322|    1.450961|   -1.439670|    5.359340|
|        4267|          29|   -5.458602|    1.432826|   -1.524344|    5.353669|
+-----------------------------------------------------------------------------+
|   Time_Iter|  Inner_Iter|    rms[Rho]|   rms[RhoE]|      rms[k]|      rms[w]|
+-----------------------------------------------------------------------------+
|        4268|           0|   -1.489777|    4.521426|    2.285165|    5.363594|
|        4268|          25|   -5.429166|    1.438176|   -1.433672|    5.359450|
|        4268|          29|   -5.465720|    1.421580|   -1.515002|    5.358020|
+-----------------------------------------------------------------------------+
|   Time_Iter|  Inner_Iter|    rms[Rho]|   rms[RhoE]|      rms[k]|      rms[w]|
+-----------------------------------------------------------------------------+
|        4269|           0|   -1.489692|    4.522759|    2.284851|    5.367926|
|        4269|          25|   -5.428390|    1.436952|   -1.422817|    5.385676|
|        4269|          29|   -5.463053|    1.422419|   -1.502369|    5.386465|
+-----------------------------------------------------------------------------+
|   Time_Iter|  Inner_Iter|    rms[Rho]|   rms[RhoE]|      rms[k]|      rms[w]|
+-----------------------------------------------------------------------------+
|        4270|           0|   -1.489615|    4.523531|    2.284539|    5.395897|
|        4270|          25|   -5.420198|    1.446441|   -1.411520|    5.421861|
|        4270|          29|   -5.452192|    1.434121|   -1.490312|    5.423120|
+-----------------------------------------------------------------------+
|        File Writing Summary       |              Filename             |
+-----------------------------------------------------------------------+
|Paraview ASCII surface             |wall_npr20_production_cfl2_i30_from520_04270.vtk|
|CSV file                           |wall_npr20_production_cfl2_i30_from520_04270.csv|
+-----------------------------------------------------------------------+
+-----------------------------------------------------------------------------+
|   Time_Iter|  Inner_Iter|    rms[Rho]|   rms[RhoE]|      rms[k]|      rms[w]|
+-----------------------------------------------------------------------------+
|        4271|           0|   -1.489541|    4.524246|    2.284239|    5.431989|
|        4271|          25|   -5.406505|    1.464133|   -1.401058|    5.456828|
|        4271|          29|   -5.435697|    1.453628|   -1.479901|    5.457226|
+-----------------------------------------------------------------------------+
|   Time_Iter|  Inner_Iter|    rms[Rho]|   rms[RhoE]|      rms[k]|      rms[w]|
+-----------------------------------------------------------------------------+
|        4272|           0|   -1.489470|    4.524894|    2.283918|    5.465711|
|        4272|          25|   -5.390490|    1.485516|   -1.393073|    5.484071|
|        4272|          29|   -5.417508|    1.475968|   -1.472877|    5.483096|
+-----------------------------------------------------------------------------+
|   Time_Iter|  Inner_Iter|    rms[Rho]|   rms[RhoE]|      rms[k]|      rms[w]|
+-----------------------------------------------------------------------------+
|        4273|           0|   -1.489404|    4.525374|    2.283577|    5.491455|
|        4273|          25|   -5.375872|    1.505590|   -1.388926|    5.499381|
|        4273|          29|   -5.401633|    1.496146|   -1.470179|    5.496601|
+-----------------------------------------------------------------------------+
|   Time_Iter|  Inner_Iter|    rms[Rho]|   rms[RhoE]|      rms[k]|      rms[w]|
+-----------------------------------------------------------------------------+
|        4274|           0|   -1.489359|    4.524223|    2.283241|    5.505034|
|        4274|          25|   -5.365261|    1.520853|   -1.388058|    5.501647|
|        4274|          29|   -5.390719|    1.510828|   -1.470906|    5.497071|
+-----------------------------------------------------------------------------+
|   Time_Iter|  Inner_Iter|    rms[Rho]|   rms[RhoE]|      rms[k]|      rms[w]|
+-----------------------------------------------------------------------------+
|        4275|           0|   -1.489335|    4.521325|    2.282916|    5.505931|
|        4275|          25|   -5.360732|    1.528694|   -1.391092|    5.493094|
|        4275|          29|   -5.386859|    1.517520|   -1.476125|    5.486954|
+-----------------------------------------------------------------------------+
|   Time_Iter|  Inner_Iter|    rms[Rho]|   rms[RhoE]|      rms[k]|      rms[w]|
+-----------------------------------------------------------------------------+
|        4276|           0|   -1.489304|    4.518806|    2.282620|    5.496027|
|        4276|          25|   -5.362452|    1.528676|   -1.398436|    5.470418|
|        4276|          29|   -5.389918|    1.516057|   -1.486493|    5.462664|
+-----------------------------------------------------------------------------+
|   Time_Iter|  Inner_Iter|    rms[Rho]|   rms[RhoE]|      rms[k]|      rms[w]|
+-----------------------------------------------------------------------------+
|        4277|           0|   -1.489238|    4.519275|    2.282344|    5.472217|
|        4277|          25|   -5.369896|    1.521088|   -1.410802|    5.440130|
|        4277|          29|   -5.399311|    1.506776|   -1.501367|    5.431646|
+-----------------------------------------------------------------------------+
|   Time_Iter|  Inner_Iter|    rms[Rho]|   rms[RhoE]|      rms[k]|      rms[w]|
+-----------------------------------------------------------------------------+
|        4278|           0|   -1.489172|    4.520458|    2.282080|    5.441777|
|        4278|          25|   -5.381855|    1.507076|   -1.425581|    5.404328|
|        4278|          29|   -5.413200|    1.491426|   -1.518604|    5.395715|
+-----------------------------------------------------------------------------+
|   Time_Iter|  Inner_Iter|    rms[Rho]|   rms[RhoE]|      rms[k]|      rms[w]|
+-----------------------------------------------------------------------------+
|        4279|           0|   -1.489134|    4.519279|    2.281791|    5.406493|
|        4279|          25|   -5.395868|    1.489324|   -1.439917|    5.373581|
|        4279|          29|   -5.429317|    1.472369|   -1.533504|    5.366631|
+-----------------------------------------------------------------------------+
|   Time_Iter|  Inner_Iter|    rms[Rho]|   rms[RhoE]|      rms[k]|      rms[w]|
+-----------------------------------------------------------------------------+
|        4280|           0|   -1.489114|    4.516266|    2.281502|    5.378229|
|        4280|          25|   -5.411572|    1.468349|   -1.449378|    5.360198|
|        4280|          29|   -5.447413|    1.449962|   -1.540901|    5.356183|
+-----------------------------------------------------------------------+
|        File Writing Summary       |              Filename             |
+-----------------------------------------------------------------------+
|Paraview ASCII surface             |wall_npr20_production_cfl2_i30_from520_04280.vtk|
|CSV file                           |wall_npr20_production_cfl2_i30_from520_04280.csv|
+-----------------------------------------------------------------------+
+-----------------------------------------------------------------------------+
|   Time_Iter|  Inner_Iter|    rms[Rho]|   rms[RhoE]|      rms[k]|      rms[w]|
+-----------------------------------------------------------------------------+
|        4281|           0|   -1.489088|    4.513246|    2.281219|    5.368157|
|        4281|          25|   -5.427140|    1.446465|   -1.449738|    5.353612|
|        4281|          29|   -5.463776|    1.428567|   -1.537364|    5.348548|
+-----------------------------------------------------------------------------+
|   Time_Iter|  Inner_Iter|    rms[Rho]|   rms[RhoE]|      rms[k]|      rms[w]|
+-----------------------------------------------------------------------------+
|        4282|           0|   -1.489041|    4.511505|    2.280955|    5.358478|
|        4282|          25|   -5.433318|    1.435747|   -1.442397|    5.359428|
|        4282|          29|   -5.469021|    1.419488|   -1.526329|    5.358504|
+-----------------------------------------------------------------------------+
|   Time_Iter|  Inner_Iter|    rms[Rho]|   rms[RhoE]|      rms[k]|      rms[w]|
+-----------------------------------------------------------------------------+
|        4283|           0|   -1.488968|    4.511850|    2.280701|    5.368398|
|        4283|          25|   -5.431086|    1.436389|   -1.430569|    5.388106|
|        4283|          29|   -5.464773|    1.422238|   -1.512663|    5.389012|
+-----------------------------------------------------------------------------+
|   Time_Iter|  Inner_Iter|    rms[Rho]|   rms[RhoE]|      rms[k]|      rms[w]|
+-----------------------------------------------------------------------------+
|        4284|           0|   -1.488890|    4.512619|    2.280446|    5.398385|
|        4284|          25|   -5.421647|    1.447428|   -1.418701|    5.424562|
|        4284|          29|   -5.452655|    1.435444|   -1.500062|    5.425725|
+-----------------------------------------------------------------------------+
|   Time_Iter|  Inner_Iter|    rms[Rho]|   rms[RhoE]|      rms[k]|      rms[w]|
+-----------------------------------------------------------------------------+
|        4285|           0|   -1.488810|    4.513699|    2.280179|    5.434553|
|        4285|          25|   -5.407116|    1.466067|   -1.406862|    5.458313|
|        4285|          29|   -5.435430|    1.455780|   -1.487746|    5.458592|
+-----------------------------------------------------------------------------+
|   Time_Iter|  Inner_Iter|    rms[Rho]|   rms[RhoE]|      rms[k]|      rms[w]|
+-----------------------------------------------------------------------------+
|        4286|           0|   -1.488728|    4.515009|    2.279915|    5.467085|
|        4286|          25|   -5.390898|    1.487540|   -1.399895|    5.483792|
|        4286|          29|   -5.417241|    1.478054|   -1.482314|    5.482550|
+-----------------------------------------------------------------------------+
|   Time_Iter|  Inner_Iter|    rms[Rho]|   rms[RhoE]|      rms[k]|      rms[w]|
+-----------------------------------------------------------------------------+
|        4287|           0|   -1.488662|    4.514847|    2.279657|    5.490950|
|        4287|          25|   -5.376584|    1.507069|   -1.395773|    5.496999|
|        4287|          29|   -5.401871|    1.497569|   -1.479556|    5.494073|
+-----------------------------------------------------------------------------+
|   Time_Iter|  Inner_Iter|    rms[Rho]|   rms[RhoE]|      rms[k]|      rms[w]|
+-----------------------------------------------------------------------------+
|        4288|           0|   -1.488598|    4.514475|    2.279399|    5.502616|
|        4288|          25|   -5.366606|    1.521416|   -1.395300|    5.497334|
|        4288|          29|   -5.391831|    1.511182|   -1.480854|    5.492981|
+-----------------------------------------------------------------------------+
|   Time_Iter|  Inner_Iter|    rms[Rho]|   rms[RhoE]|      rms[k]|      rms[w]|
+-----------------------------------------------------------------------------+
|        4289|           0|   -1.488509|    4.515939|    2.279145|    5.501940|
|        4289|          25|   -5.362909|    1.528143|   -1.398745|    5.487238|
|        4289|          29|   -5.388898|    1.516763|   -1.486707|    5.480854|
+-----------------------------------------------------------------------------+
|   Time_Iter|  Inner_Iter|    rms[Rho]|   rms[RhoE]|      rms[k]|      rms[w]|
+-----------------------------------------------------------------------------+
|        4290|           0|   -1.488376|    4.521346|    2.278870|    5.490023|
|        4290|          25|   -5.365428|    1.527051|   -1.406764|    5.463143|
|        4290|          29|   -5.392878|    1.514186|   -1.497570|    5.455260|
+-----------------------------------------------------------------------+
|        File Writing Summary       |              Filename             |
+-----------------------------------------------------------------------+
|Paraview ASCII surface             |wall_npr20_production_cfl2_i30_from520_04290.vtk|
|CSV file                           |wall_npr20_production_cfl2_i30_from520_04290.csv|
+-----------------------------------------------------------------------+
+-----------------------------------------------------------------------------+
|   Time_Iter|  Inner_Iter|    rms[Rho]|   rms[RhoE]|      rms[k]|      rms[w]|
+-----------------------------------------------------------------------------+
|        4291|           0|   -1.488251|    4.526721|    2.278587|    5.464941|
|        4291|          25|   -5.373617|    1.518458|   -1.415317|    5.432354|
|        4291|          29|   -5.403122|    1.503867|   -1.509571|    5.423661|
+-----------------------------------------------------------------------------+
|   Time_Iter|  Inner_Iter|    rms[Rho]|   rms[RhoE]|      rms[k]|      rms[w]|
+-----------------------------------------------------------------------------+
|        4292|           0|   -1.488160|    4.529343|    2.278292|    5.433922|
|        4292|          25|   -5.385870|    1.503946|   -1.433799|    5.396435|
|        4292|          29|   -5.417305|    1.488062|   -1.529936|    5.387873|
+-----------------------------------------------------------------------------+
|   Time_Iter|  Inner_Iter|    rms[Rho]|   rms[RhoE]|      rms[k]|      rms[w]|
+-----------------------------------------------------------------------------+
|        4293|           0|   -1.488107|    4.528955|    2.277984|    5.398829|
|        4293|          25|   -5.400155|    1.485748|   -1.447479|    5.367539|
|        4293|          29|   -5.433696|    1.468611|   -1.543980|    5.361121|
+-----------------------------------------------------------------------------+
|   Time_Iter|  Inner_Iter|    rms[Rho]|   rms[RhoE]|      rms[k]|      rms[w]|
+-----------------------------------------------------------------------------+
|        4294|           0|   -1.488079|    4.526538|    2.277672|    5.372818|
|        4294|          25|   -5.416406|    1.463973|   -1.455254|    5.357457|
|        4294|          29|   -5.452599|    1.445233|   -1.549296|    5.354731|
+-----------------------------------------------------------------------------+
|   Time_Iter|  Inner_Iter|    rms[Rho]|   rms[RhoE]|      rms[k]|      rms[w]|
+-----------------------------------------------------------------------------+
|        4295|           0|   -1.488073|    4.522224|    2.277353|    5.366071|
|        4295|          25|   -5.430993|    1.443185|   -1.454128|    5.349119|
|        4295|          29|   -5.467468|    1.425417|   -1.543945|    5.344610|
+-----------------------------------------------------------------------------+
|   Time_Iter|  Inner_Iter|    rms[Rho]|   rms[RhoE]|      rms[k]|      rms[w]|
+-----------------------------------------------------------------------------+
|        4296|           0|   -1.488082|    4.516583|    2.277029|    5.354562|
|        4296|          25|   -5.436034|    1.433855|   -1.445166|    5.358767|
|        4296|          29|   -5.471451|    1.417792|   -1.531202|    5.358129|
+-----------------------------------------------------------------------------+
|   Time_Iter|  Inner_Iter|    rms[Rho]|   rms[RhoE]|      rms[k]|      rms[w]|
+-----------------------------------------------------------------------------+
|        4297|           0|   -1.488089|    4.510888|    2.276709|    5.368016|
|        4297|          25|   -5.432809|    1.435760|   -1.432523|    5.388864|
|        4297|          29|   -5.466135|    1.421829|   -1.516741|    5.389828|
+-----------------------------------------------------------------------------+
|   Time_Iter|  Inner_Iter|    rms[Rho]|   rms[RhoE]|      rms[k]|      rms[w]|
+-----------------------------------------------------------------------------+
|        4298|           0|   -1.488076|    4.506551|    2.276403|    5.399160|
|        4298|          25|   -5.422547|    1.447832|   -1.420151|    5.425403|
|        4298|          29|   -5.453184|    1.436035|   -1.503450|    5.426473|
+-----------------------------------------------------------------------------+
|   Time_Iter|  Inner_Iter|    rms[Rho]|   rms[RhoE]|      rms[k]|      rms[w]|
+-----------------------------------------------------------------------------+
|        4299|           0|   -1.488027|    4.505190|    2.276107|    5.435278|
|        4299|          25|   -5.407482|    1.467093|   -1.409110|    5.458383|
|        4299|          29|   -5.435499|    1.456902|   -1.492226|    5.458493|
+-----------------------------------------------------------------------+
|        File Writing Summary       |              Filename             |
+-----------------------------------------------------------------------+
|SU2 binary restart                 |restart_npr20_production_cfl2_i30_from520_04299.dat|
+-----------------------------------------------------------------------+
+-----------------------------------------------------------------------------+
|   Time_Iter|  Inner_Iter|    rms[Rho]|   rms[RhoE]|      rms[k]|      rms[w]|
+-----------------------------------------------------------------------------+
|        4300|           0|   -1.487967|    4.504474|    2.275821|    5.466994|
|        4300|          25|   -5.391182|    1.488602|   -1.401221|    5.482632|
|        4300|          29|   -5.417337|    1.479124|   -1.485439|    5.481198|
+-----------------------------------------------------------------------+
|        File Writing Summary       |              Filename             |
+-----------------------------------------------------------------------+
|SU2 binary restart                 |restart_npr20_production_cfl2_i30_from520_04300.dat|
|Paraview ASCII                     |flow_npr20_production_cfl2_i30_from520_04300.vtk|
|Paraview ASCII surface             |wall_npr20_production_cfl2_i30_from520_04300.vtk|
|CSV file                           |wall_npr20_production_cfl2_i30_from520_04300.csv|
+-----------------------------------------------------------------------+
+-----------------------------------------------------------------------------+
|   Time_Iter|  Inner_Iter|    rms[Rho]|   rms[RhoE]|      rms[k]|      rms[w]|
+-----------------------------------------------------------------------------+
|        4301|           0|   -1.487894|    4.504727|    2.275527|    5.489627|
|        4301|          25|   -5.377103|    1.507773|   -1.397287|    5.494652|
|        4301|          29|   -5.402317|    1.498204|   -1.482840|    5.491521|
+-----------------------------------------------------------------------------+
|   Time_Iter|  Inner_Iter|    rms[Rho]|   rms[RhoE]|      rms[k]|      rms[w]|
+-----------------------------------------------------------------------------+
|        4302|           0|   -1.487808|    4.506235|    2.275231|    5.500097|
|        4302|          25|   -5.367590|    1.521494|   -1.396686|    5.493717|
|        4302|          29|   -5.392862|    1.511124|   -1.483834|    5.489348|
+-----------------------------------------------------------------------------+
|   Time_Iter|  Inner_Iter|    rms[Rho]|   rms[RhoE]|      rms[k]|      rms[w]|
+-----------------------------------------------------------------------------+
|        4303|           0|   -1.487687|    4.510761|    2.274945|    5.498355|
|        4303|          25|   -5.364447|    1.527513|   -1.400140|    5.482505|
|        4303|          29|   -5.390560|    1.515971|   -1.489653|    5.475967|
+-----------------------------------------------------------------------------+
|   Time_Iter|  Inner_Iter|    rms[Rho]|   rms[RhoE]|      rms[k]|      rms[w]|
+-----------------------------------------------------------------------------+
|        4304|           0|   -1.487548|    4.517371|    2.274660|    5.485204|
|        4304|          25|   -5.367517|    1.525708|   -1.408162|    5.457544|
|        4304|          29|   -5.395172|    1.512654|   -1.500416|    5.449589|
+-----------------------------------------------------------------------------+
|   Time_Iter|  Inner_Iter|    rms[Rho]|   rms[RhoE]|      rms[k]|      rms[w]|
+-----------------------------------------------------------------------------+
|        4305|           0|   -1.487436|    4.522020|    2.274371|    5.459362|
|        4305|          25|   -5.376234|    1.516430|   -1.420228|    5.426364|
|        4305|          29|   -5.406009|    1.501638|   -1.515385|    5.417661|
+-----------------------------------------------------------------------------+
|   Time_Iter|  Inner_Iter|    rms[Rho]|   rms[RhoE]|      rms[k]|      rms[w]|
+-----------------------------------------------------------------------------+
|        4306|           0|   -1.487349|    4.524610|    2.274091|    5.427998|
|        4306|          25|   -5.388710|    1.501577|   -1.434238|    5.390457|
|        4306|          29|   -5.420429|    1.485514|   -1.531447|    5.382028|
+-----------------------------------------------------------------------------+
|   Time_Iter|  Inner_Iter|    rms[Rho]|   rms[RhoE]|      rms[k]|      rms[w]|
+-----------------------------------------------------------------------------+
|        4307|           0|   -1.487287|    4.525204|    2.273826|    5.393057|
|        4307|          25|   -5.403218|    1.483059|   -1.446926|    5.363119|
|        4307|          29|   -5.437044|    1.465781|   -1.544131|    5.356961|
+-----------------------------------------------------------------------------+
|   Time_Iter|  Inner_Iter|    rms[Rho]|   rms[RhoE]|      rms[k]|      rms[w]|
+-----------------------------------------------------------------------------+
|        4308|           0|   -1.487239|    4.524752|    2.273569|    5.368685|
|        4308|          25|   -5.420025|    1.460575|   -1.453460|    5.355881|
|        4308|          29|   -5.456405|    1.441890|   -1.547803|    5.351922|
+-----------------------------------------------------------------------------+
|   Time_Iter|  Inner_Iter|    rms[Rho]|   rms[RhoE]|      rms[k]|      rms[w]|
+-----------------------------------------------------------------------------+
|        4309|           0|   -1.487207|    4.523140|    2.273321|    5.362867|
|        4309|          25|   -5.433795|    1.440751|   -1.451088|    5.345660|
|        4309|          29|   -5.470370|    1.423050|   -1.541213|    5.341487|
+-----------------------------------------------------------------------------+
|   Time_Iter|  Inner_Iter|    rms[Rho]|   rms[RhoE]|      rms[k]|      rms[w]|
+-----------------------------------------------------------------------------+
|        4310|           0|   -1.487191|    4.520428|    2.273059|    5.351470|
|        4310|          25|   -5.438122|    1.432356|   -1.441559|    5.357800|
|        4310|          29|   -5.473535|    1.416408|   -1.527999|    5.357378|
+-----------------------------------------------------------------------+
|        File Writing Summary       |              Filename             |
+-----------------------------------------------------------------------+
|Paraview ASCII surface             |wall_npr20_production_cfl2_i30_from520_04310.vtk|
|CSV file                           |wall_npr20_production_cfl2_i30_from520_04310.csv|
+-----------------------------------------------------------------------+
+-----------------------------------------------------------------------------+
|   Time_Iter|  Inner_Iter|    rms[Rho]|   rms[RhoE]|      rms[k]|      rms[w]|
+-----------------------------------------------------------------------------+
|        4311|           0|   -1.487185|    4.516978|    2.272790|    5.367241|
|        4311|          25|   -5.434270|    1.435135|   -1.428943|    5.388831|
|        4311|          29|   -5.467497|    1.421347|   -1.513649|    5.389852|
+-----------------------------------------------------------------------------+
|   Time_Iter|  Inner_Iter|    rms[Rho]|   rms[RhoE]|      rms[k]|      rms[w]|
+-----------------------------------------------------------------------------+
|        4312|           0|   -1.487186|    4.512859|    2.272522|    5.399153|
|        4312|          25|   -5.423490|    1.447942|   -1.416754|    5.425436|
|        4312|          29|   -5.453973|    1.436270|   -1.500488|    5.426459|
+-----------------------------------------------------------------------------+
|   Time_Iter|  Inner_Iter|    rms[Rho]|   rms[RhoE]|      rms[k]|      rms[w]|
+-----------------------------------------------------------------------------+
|        4313|           0|   -1.487193|    4.507951|    2.272255|    5.435242|
|        4313|          25|   -5.408093|    1.467650|   -1.406076|    5.457934|
|        4313|          29|   -5.435957|    1.457529|   -1.489766|    5.457944|
+-----------------------------------------------------------------------------+
|   Time_Iter|  Inner_Iter|    rms[Rho]|   rms[RhoE]|      rms[k]|      rms[w]|
+-----------------------------------------------------------------------------+
|        4314|           0|   -1.487201|    4.502662|    2.271969|    5.466443|
|        4314|          25|   -5.391767|    1.489212|   -1.398463|    5.481396|
|        4314|          29|   -5.417804|    1.479743|   -1.483193|    5.479830|
+-----------------------------------------------------------------------------+
|   Time_Iter|  Inner_Iter|    rms[Rho]|   rms[RhoE]|      rms[k]|      rms[w]|
+-----------------------------------------------------------------------------+
|        4315|           0|   -1.487198|    4.497797|    2.271670|    5.488274|
|        4315|          25|   -5.377881|    1.508155|   -1.394832|    5.492625|
|        4315|          29|   -5.403025|    1.498542|   -1.480868|    5.489327|
+-----------------------------------------------------------------------------+
|   Time_Iter|  Inner_Iter|    rms[Rho]|   rms[RhoE]|      rms[k]|      rms[w]|
+-----------------------------------------------------------------------------+
|        4316|           0|   -1.487145|    4.496968|    2.271363|    5.497925|
|        4316|          25|   -5.368746|    1.521443|   -1.394612|    5.490943|
|        4316|          29|   -5.393991|    1.510996|   -1.482228|    5.486440|
+-----------------------------------------------------------------------------+
|   Time_Iter|  Inner_Iter|    rms[Rho]|   rms[RhoE]|      rms[k]|      rms[w]|
+-----------------------------------------------------------------------------+
|        4317|           0|   -1.487031|    4.501367|    2.271048|    5.495475|
|        4317|          25|   -5.366051|    1.526977|   -1.398168|    5.478840|
|        4317|          29|   -5.392183|    1.515317|   -1.488159|    5.472196|
+-----------------------------------------------------------------------------+
|   Time_Iter|  Inner_Iter|    rms[Rho]|   rms[RhoE]|      rms[k]|      rms[w]|
+-----------------------------------------------------------------------------+
|        4318|           0|   -1.486898|    4.507784|    2.270738|    5.481474|
|        4318|          25|   -5.369618|    1.524649|   -1.406521|    5.453266|
|        4318|          29|   -5.397302|    1.511469|   -1.499152|    5.445269|
+-----------------------------------------------------------------------------+
|   Time_Iter|  Inner_Iter|    rms[Rho]|   rms[RhoE]|      rms[k]|      rms[w]|
+-----------------------------------------------------------------------------+
|        4319|           0|   -1.486777|    4.513188|    2.270436|    5.455089|
|        4319|          25|   -5.378849|    1.514849|   -1.418431|    5.421786|
|        4319|          29|   -5.408657|    1.499926|   -1.514013|    5.413070|
+-----------------------------------------------------------------------------+
|   Time_Iter|  Inner_Iter|    rms[Rho]|   rms[RhoE]|      rms[k]|      rms[w]|
+-----------------------------------------------------------------------------+
|        4320|           0|   -1.486677|    4.516881|    2.270141|    5.423448|
|        4320|          25|   -5.391642|    1.499717|   -1.432302|    5.385919|
|        4320|          29|   -5.423352|    1.483547|   -1.529870|    5.377519|
+-----------------------------------------------------------------------+
|        File Writing Summary       |              Filename             |
+-----------------------------------------------------------------------+
|Paraview ASCII surface             |wall_npr20_production_cfl2_i30_from520_04320.vtk|
|CSV file                           |wall_npr20_production_cfl2_i30_from520_04320.csv|
+-----------------------------------------------------------------------+
+-----------------------------------------------------------------------------+
|   Time_Iter|  Inner_Iter|    rms[Rho]|   rms[RhoE]|      rms[k]|      rms[w]|
+-----------------------------------------------------------------------------+
|        4321|           0|   -1.486598|    4.518941|    2.269839|    5.388619|
|        4321|          25|   -5.406495|    1.480928|   -1.444401|    5.359717|
|        4321|          29|   -5.440263|    1.463566|   -1.541758|    5.353706|
+-----------------------------------------------------------------------------+
|   Time_Iter|  Inner_Iter|    rms[Rho]|   rms[RhoE]|      rms[k]|      rms[w]|
+-----------------------------------------------------------------------------+
|        4322|           0|   -1.486534|    4.519802|    2.269530|    5.365422|
|        4322|          25|   -5.423851|    1.457978|   -1.450439|    5.353809|
|        4322|          29|   -5.460049|    1.439323|   -1.545053|    5.349064|
+-----------------------------------------------------------------------------+
|   Time_Iter|  Inner_Iter|    rms[Rho]|   rms[RhoE]|      rms[k]|      rms[w]|
+-----------------------------------------------------------------------------+
|        4323|           0|   -1.486477|    4.520085|    2.269216|    5.359755|
|        4323|          25|   -5.437233|    1.438802|   -1.447911|    5.342973|
|        4323|          29|   -5.473457|    1.421196|   -1.538222|    5.339115|
+-----------------------------------------------------------------------------+
|   Time_Iter|  Inner_Iter|    rms[Rho]|   rms[RhoE]|      rms[k]|      rms[w]|
+-----------------------------------------------------------------------------+
|        4324|           0|   -1.486426|    4.520111|    2.268908|    5.349111|
|        4324|          25|   -5.441156|    1.431118|   -1.438675|    5.357023|
|        4324|          29|   -5.476060|    1.415311|   -1.525943|    5.356763|
+-----------------------------------------------------------------------------+
|   Time_Iter|  Inner_Iter|    rms[Rho]|   rms[RhoE]|      rms[k]|      rms[w]|
+-----------------------------------------------------------------------------+
|        4325|           0|   -1.486379|    4.519858|    2.268619|    5.366588|
|        4325|          25|   -5.436879|    1.434604|   -1.426895|    5.388804|
|        4325|          29|   -5.469458|    1.420989|   -1.512462|    5.389881|
+-----------------------------------------------------------------------------+
|   Time_Iter|  Inner_Iter|    rms[Rho]|   rms[RhoE]|      rms[k]|      rms[w]|
+-----------------------------------------------------------------------------+
|        4326|           0|   -1.486337|    4.519268|    2.268329|    5.399139|
|        4326|          25|   -5.425696|    1.448026|   -1.415566|    5.425506|
|        4326|          29|   -5.455441|    1.436511|   -1.500274|    5.426502|
+-----------------------------------------------------------------------------+
|   Time_Iter|  Inner_Iter|    rms[Rho]|   rms[RhoE]|      rms[k]|      rms[w]|
+-----------------------------------------------------------------------------+
|        4327|           0|   -1.486311|    4.517438|    2.268044|    5.435256|
|        4327|          25|   -5.409980|    1.468120|   -1.405582|    5.457669|
|        4327|          29|   -5.437105|    1.458109|   -1.490389|    5.457601|
+-----------------------------------------------------------------------------+
|   Time_Iter|  Inner_Iter|    rms[Rho]|   rms[RhoE]|      rms[k]|      rms[w]|
+-----------------------------------------------------------------------------+
|        4328|           0|   -1.486302|    4.514109|    2.267768|    5.466090|
|        4328|          25|   -5.393594|    1.489745|   -1.398831|    5.480526|
|        4328|          29|   -5.418909|    1.480336|   -1.484774|    5.478856|
+-----------------------------------------------------------------------------+
|   Time_Iter|  Inner_Iter|    rms[Rho]|   rms[RhoE]|      rms[k]|      rms[w]|
+-----------------------------------------------------------------------------+
|        4329|           0|   -1.486298|    4.510255|    2.267499|    5.487303|
|        4329|          25|   -5.379857|    1.508505|   -1.395982|    5.491087|
|        4329|          29|   -5.404312|    1.498906|   -1.483040|    5.487659|
+-----------------------------------------------------------------------------+
|   Time_Iter|  Inner_Iter|    rms[Rho]|   rms[RhoE]|      rms[k]|      rms[w]|
+-----------------------------------------------------------------------------+
|        4330|           0|   -1.486296|    4.505867|    2.267230|    5.496269|
|        4330|          25|   -5.371062|    1.521425|   -1.396525|    5.488832|
|        4330|          29|   -5.395649|    1.510956|   -1.485417|    5.484195|
+-----------------------------------------------------------------------+
|        File Writing Summary       |              Filename             |
+-----------------------------------------------------------------------+
|Paraview ASCII surface             |wall_npr20_production_cfl2_i30_from520_04330.vtk|
|CSV file                           |wall_npr20_production_cfl2_i30_from520_04330.csv|
+-----------------------------------------------------------------------+
+-----------------------------------------------------------------------------+
|   Time_Iter|  Inner_Iter|    rms[Rho]|   rms[RhoE]|      rms[k]|      rms[w]|
+-----------------------------------------------------------------------------+
|        4331|           0|   -1.486267|    4.503510|    2.266960|    5.493242|
|        4331|          25|   -5.368818|    1.526521|   -1.400983|    5.475905|
|        4331|          29|   -5.394294|    1.514818|   -1.492536|    5.469168|
+-----------------------------------------------------------------------------+
|   Time_Iter|  Inner_Iter|    rms[Rho]|   rms[RhoE]|      rms[k]|      rms[w]|
+-----------------------------------------------------------------------------+
|        4332|           0|   -1.486215|    4.503232|    2.266682|    5.478472|
|        4332|          25|   -5.372924|    1.523714|   -1.385957|    5.449759|
|        4332|          29|   -5.399917|    1.510492|   -1.468236|    5.441714|
+-----------------------------------------------------------------------------+
|   Time_Iter|  Inner_Iter|    rms[Rho]|   rms[RhoE]|      rms[k]|      rms[w]|
+-----------------------------------------------------------------------------+
|        4333|           0|   -1.486152|    4.504055|    2.266410|    5.451565|
|        4333|          25|   -5.382763|    1.513425|   -1.422742|    5.417968|
|        4333|          29|   -5.411844|    1.498441|   -1.520134|    5.409236|
+-----------------------------------------------------------------------------+
|   Time_Iter|  Inner_Iter|    rms[Rho]|   rms[RhoE]|      rms[k]|      rms[w]|
+-----------------------------------------------------------------------------+
|        4334|           0|   -1.486074|    4.506123|    2.266139|    5.419646|
|        4334|          25|   -5.396017|    1.498016|   -1.437424|    5.382108|
|        4334|          29|   -5.426893|    1.481810|   -1.537022|    5.373823|
+-----------------------------------------------------------------------------+
|   Time_Iter|  Inner_Iter|    rms[Rho]|   rms[RhoE]|      rms[k]|      rms[w]|
+-----------------------------------------------------------------------------+
|        4335|           0|   -1.485994|    4.508149|    2.265856|    5.384995|
|        4335|          25|   -5.411393|    1.478943|   -1.450255|    5.356963|
|        4335|          29|   -5.444199|    1.461573|   -1.549716|    5.351060|
+-----------------------------------------------------------------------------+
|   Time_Iter|  Inner_Iter|    rms[Rho]|   rms[RhoE]|      rms[k]|      rms[w]|
+-----------------------------------------------------------------------------+
|        4336|           0|   -1.485910|    4.510293|    2.265583|    5.362746|
|        4336|          25|   -5.429436|    1.455593|   -1.456583|    5.351766|
|        4336|          29|   -5.464463|    1.437040|   -1.553356|    5.346461|
+-----------------------------------------------------------------------------+
|   Time_Iter|  Inner_Iter|    rms[Rho]|   rms[RhoE]|      rms[k]|      rms[w]|
+-----------------------------------------------------------------------------+
|        4337|           0|   -1.485835|    4.511640|    2.265306|    5.356948|
|        4337|          25|   -5.442633|    1.436993|   -1.454601|    5.340970|
|        4337|          29|   -5.477437|    1.419572|   -1.547154|    5.337432|
+-----------------------------------------------------------------------------+
|   Time_Iter|  Inner_Iter|    rms[Rho]|   rms[RhoE]|      rms[k]|      rms[w]|
+-----------------------------------------------------------------------------+
|        4338|           0|   -1.485772|    4.512019|    2.265016|    5.347425|
|        4338|          25|   -5.446227|    1.429978|   -1.445413|    5.356761|
|        4338|          29|   -5.479517|    1.414408|   -1.534721|    5.356648|
+-----------------------------------------------------------------------------+
|   Time_Iter|  Inner_Iter|    rms[Rho]|   rms[RhoE]|      rms[k]|      rms[w]|
+-----------------------------------------------------------------------------+
|        4339|           0|   -1.485715|    4.512039|    2.264720|    5.366424|
|        4339|          25|   -5.441485|    1.434155|   -1.433968|    5.389240|
|        4339|          29|   -5.472318|    1.420803|   -1.521653|    5.390361|
+-----------------------------------------------------------------------------+
|   Time_Iter|  Inner_Iter|    rms[Rho]|   rms[RhoE]|      rms[k]|      rms[w]|
+-----------------------------------------------------------------------------+
|        4340|           0|   -1.485659|    4.512187|    2.264429|    5.399569|
|        4340|          25|   -5.429756|    1.448173|   -1.422988|    5.426002|
|        4340|          29|   -5.457728|    1.436901|   -1.509769|    5.426958|
+-----------------------------------------------------------------------+
|        File Writing Summary       |              Filename             |
+-----------------------------------------------------------------------+
|Paraview ASCII surface             |wall_npr20_production_cfl2_i30_from520_04340.vtk|
|CSV file                           |wall_npr20_production_cfl2_i30_from520_04340.csv|
+-----------------------------------------------------------------------+
+-----------------------------------------------------------------------------+
|   Time_Iter|  Inner_Iter|    rms[Rho]|   rms[RhoE]|      rms[k]|      rms[w]|
+-----------------------------------------------------------------------------+
|        4341|           0|   -1.485600|    4.512620|    2.264121|    5.435652|
|        4341|          25|   -5.413604|    1.468619|   -1.413543|    5.457788|
|        4341|          29|   -5.439011|    1.458794|   -1.500464|    5.457637|
+-----------------------------------------------------------------------------+
|   Time_Iter|  Inner_Iter|    rms[Rho]|   rms[RhoE]|      rms[k]|      rms[w]|
+-----------------------------------------------------------------------------+
|        4342|           0|   -1.485549|    4.512332|    2.263828|    5.466110|
|        4342|          25|   -5.397018|    1.490272|   -1.407452|    5.479991|
|        4342|          29|   -5.420714|    1.480987|   -1.495600|    5.478211|
+-----------------------------------------------------------------------------+
|   Time_Iter|  Inner_Iter|    rms[Rho]|   rms[RhoE]|      rms[k]|      rms[w]|
+-----------------------------------------------------------------------------+
|        4343|           0|   -1.485510|    4.511031|    2.263554|    5.486657|
|        4343|          25|   -5.383327|    1.508804|   -1.405467|    5.489809|
|        4343|          29|   -5.406267|    1.499275|   -1.494933|    5.486251|
+-----------------------------------------------------------------------------+
|   Time_Iter|  Inner_Iter|    rms[Rho]|   rms[RhoE]|      rms[k]|      rms[w]|
+-----------------------------------------------------------------------------+
|        4344|           0|   -1.485475|    4.509583|    2.263292|    5.494870|
|        4344|          25|   -5.374822|    1.521301|   -1.406461|    5.486968|
|        4344|          29|   -5.397976|    1.510863|   -1.497947|    5.482179|
+-----------------------------------------------------------------------------+
|   Time_Iter|  Inner_Iter|    rms[Rho]|   rms[RhoE]|      rms[k]|      rms[w]|
+-----------------------------------------------------------------------------+
|        4345|           0|   -1.485439|    4.508145|    2.263035|    5.491230|
|        4345|          25|   -5.373024|    1.525908|   -1.411102|    5.473125|
|        4345|          29|   -5.397093|    1.514211|   -1.504947|    5.466288|
+-----------------------------------------------------------------------------+
|   Time_Iter|  Inner_Iter|    rms[Rho]|   rms[RhoE]|      rms[k]|      rms[w]|
+-----------------------------------------------------------------------------+
|        4346|           0|   -1.485389|    4.507767|    2.262746|    5.475613|
|        4346|          25|   -5.377684|    1.522577|   -1.421592|    5.446380|
|        4346|          29|   -5.403196|    1.509415|   -1.518918|    5.438311|
+-----------------------------------------------------------------------------+
|   Time_Iter|  Inner_Iter|    rms[Rho]|   rms[RhoE]|      rms[k]|      rms[w]|
+-----------------------------------------------------------------------------+
|        4347|           0|   -1.485323|    4.508720|    2.262449|    5.448250|
|        4347|          25|   -5.388174|    1.511747|   -1.435351|    5.414240|
|        4347|          29|   -5.415785|    1.496756|   -1.536155|    5.405536|
+-----------------------------------------------------------------------------+
|   Time_Iter|  Inner_Iter|    rms[Rho]|   rms[RhoE]|      rms[k]|      rms[w]|
+-----------------------------------------------------------------------------+
|        4348|           0|   -1.485274|    4.508296|    2.262146|    5.415989|
|        4348|          25|   -5.401910|    1.496045|   -1.446992|    5.378437|
|        4348|          29|   -5.431198|    1.479857|   -1.547902|    5.370334|
+-----------------------------------------------------------------------------+
|   Time_Iter|  Inner_Iter|    rms[Rho]|   rms[RhoE]|      rms[k]|      rms[w]|
+-----------------------------------------------------------------------------+
|        4349|           0|   -1.485228|    4.507626|    2.261859|    5.381550|
|        4349|          25|   -5.417839|    1.476662|   -1.463902|    5.354412|
|        4349|          29|   -5.448964|    1.459290|   -1.567064|    5.348793|
+-----------------------------------------------------------------------+
|        File Writing Summary       |              Filename             |
+-----------------------------------------------------------------------+
|SU2 binary restart                 |restart_npr20_production_cfl2_i30_from520_04349.dat|
+-----------------------------------------------------------------------+
+-----------------------------------------------------------------------------+
|   Time_Iter|  Inner_Iter|    rms[Rho]|   rms[RhoE]|      rms[k]|      rms[w]|
+-----------------------------------------------------------------------------+
|        4350|           0|   -1.485188|    4.506343|    2.261599|    5.360679|
|        4350|          25|   -5.436559|    1.452946|   -1.470300|    5.349545|
|        4350|          29|   -5.469618|    1.434566|   -1.569960|    5.343806|
+-----------------------------------------------------------------------+
|        File Writing Summary       |              Filename             |
+-----------------------------------------------------------------------+
|SU2 binary restart                 |restart_npr20_production_cfl2_i30_from520_04350.dat|
|Paraview ASCII surface             |wall_npr20_production_cfl2_i30_from520_04350.vtk|
|CSV file                           |wall_npr20_production_cfl2_i30_from520_04350.csv|
+-----------------------------------------------------------------------+
+-----------------------------------------------------------------------------+
|   Time_Iter|  Inner_Iter|    rms[Rho]|   rms[RhoE]|      rms[k]|      rms[w]|
+-----------------------------------------------------------------------------+
|        4351|           0|   -1.485147|    4.505039|    2.261342|    5.354116|
|        4351|          25|   -5.449514|    1.434949|   -1.465539|    5.339290|
|        4351|          29|   -5.482099|    1.417790|   -1.561496|    5.336080|
+-----------------------------------------------------------------------------+
|   Time_Iter|  Inner_Iter|    rms[Rho]|   rms[RhoE]|      rms[k]|      rms[w]|
+-----------------------------------------------------------------------------+
|        4352|           0|   -1.485088|    4.505112|    2.261090|    5.346064|
|        4352|          25|   -5.452640|    1.428631|   -1.457503|    5.356755|
|        4352|          29|   -5.483569|    1.413370|   -1.549695|    5.356777|
+-----------------------------------------------------------------------------+
|   Time_Iter|  Inner_Iter|    rms[Rho]|   rms[RhoE]|      rms[k]|      rms[w]|
+-----------------------------------------------------------------------------+
|        4353|           0|   -1.485027|    4.505308|    2.260834|    5.366499|
|        4353|          25|   -5.447262|    1.433522|   -1.445513|    5.389849|
|        4353|          29|   -5.475677|    1.420496|   -1.535740|    5.390999|
+-----------------------------------------------------------------------------+
|   Time_Iter|  Inner_Iter|    rms[Rho]|   rms[RhoE]|      rms[k]|      rms[w]|
+-----------------------------------------------------------------------------+
|        4354|           0|   -1.484964|    4.505712|    2.260574|    5.400154|
|        4354|          25|   -5.434811|    1.448125|   -1.434123|    5.426565|
|        4354|          29|   -5.460445|    1.437146|   -1.523516|    5.427413|
+-----------------------------------------------------------------------------+
|   Time_Iter|  Inner_Iter|    rms[Rho]|   rms[RhoE]|      rms[k]|      rms[w]|
+-----------------------------------------------------------------------------+
|        4355|           0|   -1.484902|    4.506211|    2.260316|    5.436068|
|        4355|          25|   -5.418094|    1.468877|   -1.424400|    5.457855|
|        4355|          29|   -5.441327|    1.459269|   -1.513848|    5.457606|
+-----------------------------------------------------------------------------+
|   Time_Iter|  Inner_Iter|    rms[Rho]|   rms[RhoE]|      rms[k]|      rms[w]|
+-----------------------------------------------------------------------------+
|        4356|           0|   -1.484835|    4.507164|    2.260035|    5.466064|
|        4356|          25|   -5.401225|    1.490492|   -1.418098|    5.479296|
|        4356|          29|   -5.422941|    1.481349|   -1.508762|    5.477395|
+-----------------------------------------------------------------------------+
|   Time_Iter|  Inner_Iter|    rms[Rho]|   rms[RhoE]|      rms[k]|      rms[w]|
+-----------------------------------------------------------------------------+
|        4357|           0|   -1.484769|    4.508182|    2.259745|    5.485840|
|        4357|          25|   -5.387536|    1.508726|   -1.415974|    5.488278|
|        4357|          29|   -5.408663|    1.499284|   -1.508021|    5.484586|
+-----------------------------------------------------------------------------+
|   Time_Iter|  Inner_Iter|    rms[Rho]|   rms[RhoE]|      rms[k]|      rms[w]|
+-----------------------------------------------------------------------------+
|        4358|           0|   -1.484715|    4.508269|    2.259446|    5.493216|
|        4358|          25|   -5.379306|    1.520730|   -1.417119|    5.484818|
|        4358|          29|   -5.400767|    1.510346|   -1.511217|    5.479867|
+-----------------------------------------------------------------------------+
|   Time_Iter|  Inner_Iter|    rms[Rho]|   rms[RhoE]|      rms[k]|      rms[w]|
+-----------------------------------------------------------------------------+
|        4359|           0|   -1.484666|    4.508065|    2.259131|    5.488925|
|        4359|          25|   -5.377918|    1.524805|   -1.422569|    5.470032|
|        4359|          29|   -5.400378|    1.513123|   -1.519493|    5.463095|
+-----------------------------------------------------------------------------+
|   Time_Iter|  Inner_Iter|    rms[Rho]|   rms[RhoE]|      rms[k]|      rms[w]|
+-----------------------------------------------------------------------------+
|        4360|           0|   -1.484619|    4.507954|    2.258806|    5.472441|
|        4360|          25|   -5.383098|    1.520927|   -1.432866|    5.442691|
|        4360|          29|   -5.406988|    1.507801|   -1.533109|    5.434710|
+-----------------------------------------------------------------------+
|        File Writing Summary       |              Filename             |
+-----------------------------------------------------------------------+
|Paraview ASCII surface             |wall_npr20_production_cfl2_i30_from520_04360.vtk|
|CSV file                           |wall_npr20_production_cfl2_i30_from520_04360.csv|
+-----------------------------------------------------------------------+
+-----------------------------------------------------------------------------+
|   Time_Iter|  Inner_Iter|    rms[Rho]|   rms[RhoE]|      rms[k]|      rms[w]|
+-----------------------------------------------------------------------------+
|        4361|           0|   -1.484574|    4.507803|    2.258502|    5.444688|
|        4361|          25|   -5.394225|    1.509524|   -1.446999|    5.410235|
|        4361|          29|   -5.420174|    1.494583|   -1.550885|    5.401511|
+-----------------------------------------------------------------------------+
|   Time_Iter|  Inner_Iter|    rms[Rho]|   rms[RhoE]|      rms[k]|      rms[w]|
+-----------------------------------------------------------------------------+
|        4362|           0|   -1.484519|    4.508556|    2.258226|    5.411865|
|        4362|          25|   -5.408391|    1.493528|   -1.462162|    5.374647|
|        4362|          29|   -5.435956|    1.477379|   -1.568465|    5.366681|
+-----------------------------------------------------------------------------+
|   Time_Iter|  Inner_Iter|    rms[Rho]|   rms[RhoE]|      rms[k]|      rms[w]|
+-----------------------------------------------------------------------------+
|        4363|           0|   -1.484445|    4.510920|    2.257963|    5.378000|
|        4363|          25|   -5.424817|    1.473842|   -1.475300|    5.351694|
|        4363|          29|   -5.454223|    1.456412|   -1.581393|    5.346683|
+-----------------------------------------------------------------------------+
|   Time_Iter|  Inner_Iter|    rms[Rho]|   rms[RhoE]|      rms[k]|      rms[w]|
+-----------------------------------------------------------------------------+
|        4364|           0|   -1.484389|    4.512005|    2.257710|    5.358468|
|        4364|          25|   -5.444112|    1.449824|   -1.480738|    5.346824|
|        4364|          29|   -5.475106|    1.431637|   -1.583382|    5.340792|
+-----------------------------------------------------------------------------+
|   Time_Iter|  Inner_Iter|    rms[Rho]|   rms[RhoE]|      rms[k]|      rms[w]|
+-----------------------------------------------------------------------------+
|        4365|           0|   -1.484349|    4.511994|    2.257451|    5.350964|
|        4365|          25|   -5.456745|    1.432435|   -1.458940|    5.337501|
|        4365|          29|   -5.487059|    1.415552|   -1.555583|    5.334591|
+-----------------------------------------------------------------------------+
|   Time_Iter|  Inner_Iter|    rms[Rho]|   rms[RhoE]|      rms[k]|      rms[w]|
+-----------------------------------------------------------------------------+
|        4366|           0|   -1.484325|    4.510743|    2.257176|    5.344562|
|        4366|          25|   -5.459348|    1.426799|   -1.460910|    5.356446|
|        4366|          29|   -5.487904|    1.411854|   -1.555624|    5.356580|
+-----------------------------------------------------------------------------+
|   Time_Iter|  Inner_Iter|    rms[Rho]|   rms[RhoE]|      rms[k]|      rms[w]|
+-----------------------------------------------------------------------------+
|        4367|           0|   -1.484317|    4.508090|    2.256899|    5.366252|
|        4367|          25|   -5.453275|    1.432375|   -1.453474|    5.390034|
|        4367|          29|   -5.479318|    1.419672|   -1.545602|    5.391197|
+-----------------------------------------------------------------------------+
|   Time_Iter|  Inner_Iter|    rms[Rho]|   rms[RhoE]|      rms[k]|      rms[w]|
+-----------------------------------------------------------------------------+
|        4368|           0|   -1.484318|    4.504678|    2.256617|    5.400305|
|        4368|          25|   -5.440110|    1.447512|   -1.441664|    5.426612|
|        4368|          29|   -5.463473|    1.436830|   -1.532610|    5.427334|
+-----------------------------------------------------------------------------+
|   Time_Iter|  Inner_Iter|    rms[Rho]|   rms[RhoE]|      rms[k]|      rms[w]|
+-----------------------------------------------------------------------------+
|        4369|           0|   -1.484312|    4.501792|    2.256341|    5.435939|
|        4369|          25|   -5.422841|    1.468507|   -1.431756|    5.457383|
|        4369|          29|   -5.444013|    1.459107|   -1.522698|    5.457036|
+-----------------------------------------------------------------------------+
|   Time_Iter|  Inner_Iter|    rms[Rho]|   rms[RhoE]|      rms[k]|      rms[w]|
+-----------------------------------------------------------------------------+
|        4370|           0|   -1.484291|    4.500071|    2.256079|    5.465483|
|        4370|          25|   -5.405709|    1.490044|   -1.425483|    5.478067|
|        4370|          29|   -5.425579|    1.481031|   -1.517446|    5.476050|
+-----------------------------------------------------------------------+
|        File Writing Summary       |              Filename             |
+-----------------------------------------------------------------------+
|Paraview ASCII surface             |wall_npr20_production_cfl2_i30_from520_04370.vtk|
|CSV file                           |wall_npr20_production_cfl2_i30_from520_04370.csv|
+-----------------------------------------------------------------------+
+-----------------------------------------------------------------------------+
|   Time_Iter|  Inner_Iter|    rms[Rho]|   rms[RhoE]|      rms[k]|      rms[w]|
+-----------------------------------------------------------------------------+
|        4371|           0|   -1.484258|    4.499320|    2.255812|    5.484496|
|        4371|          25|   -5.392028|    1.507966|   -1.423074|    5.486253|
|        4371|          29|   -5.411483|    1.498604|   -1.516408|    5.482442|
+-----------------------------------------------------------------------------+
|   Time_Iter|  Inner_Iter|    rms[Rho]|   rms[RhoE]|      rms[k]|      rms[w]|
+-----------------------------------------------------------------------------+
|        4372|           0|   -1.484210|    4.499822|    2.255558|    5.491084|
|        4372|          25|   -5.384050|    1.519499|   -1.424349|    5.482236|
|        4372|          29|   -5.403968|    1.509160|   -1.519681|    5.477144|
+-----------------------------------------------------------------------------+
|   Time_Iter|  Inner_Iter|    rms[Rho]|   rms[RhoE]|      rms[k]|      rms[w]|
+-----------------------------------------------------------------------------+
|        4373|           0|   -1.484159|    4.500683|    2.255309|    5.486207|
|        4373|          25|   -5.383037|    1.523073|   -1.429886|    5.466646|
|        4373|          29|   -5.404037|    1.511408|   -1.528028|    5.459626|
+-----------------------------------------------------------------------------+
|   Time_Iter|  Inner_Iter|    rms[Rho]|   rms[RhoE]|      rms[k]|      rms[w]|
+-----------------------------------------------------------------------------+
|        4374|           0|   -1.484108|    4.501602|    2.255062|    5.468991|
|        4374|          25|   -5.388627|    1.518756|   -1.436844|    5.438875|
|        4374|          29|   -5.411103|    1.505611|   -1.536191|    5.430970|
+-----------------------------------------------------------------------------+
|   Time_Iter|  Inner_Iter|    rms[Rho]|   rms[RhoE]|      rms[k]|      rms[w]|
+-----------------------------------------------------------------------------+
|        4375|           0|   -1.484070|    4.501425|    2.254815|    5.440969|
|        4375|          25|   -5.400347|    1.506808|   -1.454397|    5.406234|
|        4375|          29|   -5.424700|    1.492025|   -1.559285|    5.397323|
+-----------------------------------------------------------------------------+
|   Time_Iter|  Inner_Iter|    rms[Rho]|   rms[RhoE]|      rms[k]|      rms[w]|
+-----------------------------------------------------------------------------+
|        4376|           0|   -1.484033|    4.501204|    2.254552|    5.407728|
|        4376|          25|   -5.414861|    1.490580|   -1.469706|    5.370936|
|        4376|          29|   -5.440889|    1.474472|   -1.576949|    5.363259|
+-----------------------------------------------------------------------------+
|   Time_Iter|  Inner_Iter|    rms[Rho]|   rms[RhoE]|      rms[k]|      rms[w]|
+-----------------------------------------------------------------------------+
|        4377|           0|   -1.483993|    4.501436|    2.254269|    5.374652|
|        4377|          25|   -5.431727|    1.470618|   -1.479060|    5.349073|
|        4377|          29|   -5.459537|    1.453231|   -1.585529|    5.344313|
+-----------------------------------------------------------------------------+
|   Time_Iter|  Inner_Iter|    rms[Rho]|   rms[RhoE]|      rms[k]|      rms[w]|
+-----------------------------------------------------------------------------+
|        4378|           0|   -1.483947|    4.502149|    2.253968|    5.355987|
|        4378|          25|   -5.451425|    1.446454|   -1.486535|    5.343871|
|        4378|          29|   -5.480572|    1.428460|   -1.589597|    5.337685|
+-----------------------------------------------------------------------------+
|   Time_Iter|  Inner_Iter|    rms[Rho]|   rms[RhoE]|      rms[k]|      rms[w]|
+-----------------------------------------------------------------------------+
|        4379|           0|   -1.483896|    4.503483|    2.253659|    5.347761|
|        4379|          25|   -5.463740|    1.429602|   -1.481617|    5.335569|
|        4379|          29|   -5.492051|    1.412974|   -1.579763|    5.332887|
+-----------------------------------------------------------------------------+
|   Time_Iter|  Inner_Iter|    rms[Rho]|   rms[RhoE]|      rms[k]|      rms[w]|
+-----------------------------------------------------------------------------+
|        4380|           0|   -1.483826|    4.506348|    2.253355|    5.342844|
|        4380|          25|   -5.465847|    1.424538|   -1.470668|    5.355587|
|        4380|          29|   -5.492350|    1.409872|   -1.565083|    5.355794|
+-----------------------------------------------------------------------+
|        File Writing Summary       |              Filename             |
+-----------------------------------------------------------------------+
|Paraview ASCII surface             |wall_npr20_production_cfl2_i30_from520_04380.vtk|
|CSV file                           |wall_npr20_production_cfl2_i30_from520_04380.csv|
+-----------------------------------------------------------------------+
+-----------------------------------------------------------------------------+
|   Time_Iter|  Inner_Iter|    rms[Rho]|   rms[RhoE]|      rms[k]|      rms[w]|
+-----------------------------------------------------------------------------+
|        4381|           0|   -1.483761|    4.508714|    2.253069|    5.365422|
|        4381|          25|   -5.459124|    1.430665|   -1.457863|    5.389442|
|        4381|          29|   -5.483170|    1.418234|   -1.550219|    5.390597|
+-----------------------------------------------------------------------------+
|   Time_Iter|  Inner_Iter|    rms[Rho]|   rms[RhoE]|      rms[k]|      rms[w]|
+-----------------------------------------------------------------------------+
|        4382|           0|   -1.483714|    4.509873|    2.252791|    5.399668|
|        4382|          25|   -5.445333|    1.446195|   -1.446004|    5.425753|
|        4382|          29|   -5.466821|    1.435757|   -1.537206|    5.426382|
+-----------------------------------------------------------------------------+
|   Time_Iter|  Inner_Iter|    rms[Rho]|   rms[RhoE]|      rms[k]|      rms[w]|
+-----------------------------------------------------------------------------+
|        4383|           0|   -1.483677|    4.510331|    2.252528|    5.434970|
|        4383|          25|   -5.427592|    1.467326|   -1.436079|    5.456050|
|        4383|          29|   -5.447105|    1.458084|   -1.527315|    5.455616|
+-----------------------------------------------------------------------------+
|   Time_Iter|  Inner_Iter|    rms[Rho]|   rms[RhoE]|      rms[k]|      rms[w]|
+-----------------------------------------------------------------------------+
|        4384|           0|   -1.483656|    4.509664|    2.252265|    5.464055|
|        4384|          25|   -5.410221|    1.488746|   -1.429829|    5.476078|
|        4384|          29|   -5.428639|    1.479829|   -1.521965|    5.473967|
+-----------------------------------------------------------------------------+
|   Time_Iter|  Inner_Iter|    rms[Rho]|   rms[RhoE]|      rms[k]|      rms[w]|
+-----------------------------------------------------------------------------+
|        4385|           0|   -1.483655|    4.507369|    2.251984|    5.482416|
|        4385|          25|   -5.396516|    1.506389|   -1.427560|    5.483633|
|        4385|          29|   -5.414687|    1.497081|   -1.521235|    5.479734|
+-----------------------------------------------------------------------------+
|   Time_Iter|  Inner_Iter|    rms[Rho]|   rms[RhoE]|      rms[k]|      rms[w]|
+-----------------------------------------------------------------------------+
|        4386|           0|   -1.483665|    4.504099|    2.251704|    5.488387|
|        4386|          25|   -5.388690|    1.517553|   -1.428896|    5.479191|
|        4386|          29|   -5.407445|    1.507243|   -1.524593|    5.474010|
+-----------------------------------------------------------------------------+
|   Time_Iter|  Inner_Iter|    rms[Rho]|   rms[RhoE]|      rms[k]|      rms[w]|
+-----------------------------------------------------------------------------+
|        4387|           0|   -1.483681|    4.500374|    2.251429|    5.483081|
|        4387|          25|   -5.387916|    1.520758|   -1.413976|    5.463118|
|        4387|          29|   -5.407834|    1.509103|   -1.501576|    5.456054|
+-----------------------------------------------------------------------------+
|   Time_Iter|  Inner_Iter|    rms[Rho]|   rms[RhoE]|      rms[k]|      rms[w]|
+-----------------------------------------------------------------------------+
|        4388|           0|   -1.483689|    4.497188|    2.251168|    5.465433|
|        4388|          25|   -5.393767|    1.516131|   -1.444948|    5.435220|
|        4388|          29|   -5.415193|    1.502985|   -1.546840|    5.427326|
+-----------------------------------------------------------------------------+
|   Time_Iter|  Inner_Iter|    rms[Rho]|   rms[RhoE]|      rms[k]|      rms[w]|
+-----------------------------------------------------------------------------+
|        4389|           0|   -1.483681|    4.495110|    2.250927|    5.437336|
|        4389|          25|   -5.405839|    1.503853|   -1.458908|    5.402560|
|        4389|          29|   -5.429024|    1.489194|   -1.564416|    5.393556|
+-----------------------------------------------------------------------------+
|   Time_Iter|  Inner_Iter|    rms[Rho]|   rms[RhoE]|      rms[k]|      rms[w]|
+-----------------------------------------------------------------------------+
|        4390|           0|   -1.483656|    4.494511|    2.250688|    5.403985|
|        4390|          25|   -5.420540|    1.487504|   -1.473873|    5.367558|
|        4390|          29|   -5.445461|    1.471439|   -1.581678|    5.360146|
+-----------------------------------------------------------------------+
|        File Writing Summary       |              Filename             |
+-----------------------------------------------------------------------+
|Paraview ASCII surface             |wall_npr20_production_cfl2_i30_from520_04390.vtk|
|CSV file                           |wall_npr20_production_cfl2_i30_from520_04390.csv|
+-----------------------------------------------------------------------+
+-----------------------------------------------------------------------------+
|   Time_Iter|  Inner_Iter|    rms[Rho]|   rms[RhoE]|      rms[k]|      rms[w]|
+-----------------------------------------------------------------------------+
|        4391|           0|   -1.483614|    4.495331|    2.250445|    5.371538|
|        4391|          25|   -5.437670|    1.467370|   -1.485668|    5.346552|
|        4391|          29|   -5.464306|    1.450076|   -1.592991|    5.341738|
+-----------------------------------------------------------------------------+
|   Time_Iter|  Inner_Iter|    rms[Rho]|   rms[RhoE]|      rms[k]|      rms[w]|
+-----------------------------------------------------------------------------+
|        4392|           0|   -1.483567|    4.496618|    2.250217|    5.353342|
|        4392|          25|   -5.457533|    1.443185|   -1.489886|    5.340898|
|        4392|          29|   -5.485421|    1.425329|   -1.593587|    5.334641|
+-----------------------------------------------------------------------------+
|   Time_Iter|  Inner_Iter|    rms[Rho]|   rms[RhoE]|      rms[k]|      rms[w]|
+-----------------------------------------------------------------------------+
|        4393|           0|   -1.483528|    4.497034|    2.250005|    5.344663|
|        4393|          25|   -5.469633|    1.426631|   -1.480586|    5.333161|
|        4393|          29|   -5.496632|    1.410166|   -1.577212|    5.330581|
+-----------------------------------------------------------------------------+
|   Time_Iter|  Inner_Iter|    rms[Rho]|   rms[RhoE]|      rms[k]|      rms[w]|
+-----------------------------------------------------------------------------+
|        4394|           0|   -1.483491|    4.497356|    2.249801|    5.340527|
|        4394|          25|   -5.471418|    1.421851|   -1.474079|    5.353549|
|        4394|          29|   -5.496624|    1.407349|   -1.569512|    5.353761|
+-----------------------------------------------------------------------------+
|   Time_Iter|  Inner_Iter|    rms[Rho]|   rms[RhoE]|      rms[k]|      rms[w]|
+-----------------------------------------------------------------------------+
|        4395|           0|   -1.483451|    4.498023|    2.249596|    5.363368|
|        4395|          25|   -5.464293|    1.428208|   -1.460021|    5.387315|
|        4395|          29|   -5.487128|    1.415921|   -1.552773|    5.388435|
+-----------------------------------------------------------------------------+
|   Time_Iter|  Inner_Iter|    rms[Rho]|   rms[RhoE]|      rms[k]|      rms[w]|
+-----------------------------------------------------------------------------+
|        4396|           0|   -1.483405|    4.499224|    2.249378|    5.397490|
|        4396|          25|   -5.450131|    1.443844|   -1.449836|    5.423291|
|        4396|          29|   -5.470534|    1.433521|   -1.542303|    5.423854|
+-----------------------------------------------------------------------------+
|   Time_Iter|  Inner_Iter|    rms[Rho]|   rms[RhoE]|      rms[k]|      rms[w]|
+-----------------------------------------------------------------------------+
|        4397|           0|   -1.483352|    4.501011|    2.249130|    5.432440|
|        4397|          25|   -5.432117|    1.464940|   -1.440021|    5.453214|
|        4397|          29|   -5.450705|    1.455763|   -1.532540|    5.452724|
+-----------------------------------------------------------------------------+
|   Time_Iter|  Inner_Iter|    rms[Rho]|   rms[RhoE]|      rms[k]|      rms[w]|
+-----------------------------------------------------------------------------+
|        4398|           0|   -1.483286|    4.503863|    2.248832|    5.461166|
|        4398|          25|   -5.414614|    1.486213|   -1.434342|    5.472865|
|        4398|          29|   -5.432236|    1.477334|   -1.527997|    5.470708|
+-----------------------------------------------------------------------------+
|   Time_Iter|  Inner_Iter|    rms[Rho]|   rms[RhoE]|      rms[k]|      rms[w]|
+-----------------------------------------------------------------------------+
|        4399|           0|   -1.483216|    4.506859|    2.248532|    5.479165|
|        4399|          25|   -5.400864|    1.503680|   -1.432117|    5.480162|
|        4399|          29|   -5.418342|    1.494389|   -1.527410|    5.476234|
+-----------------------------------------------------------------------+
|        File Writing Summary       |              Filename             |
+-----------------------------------------------------------------------+
|SU2 binary restart                 |restart_npr20_production_cfl2_i30_from520_04399.dat|
+-----------------------------------------------------------------------+
+-----------------------------------------------------------------------------+
|   Time_Iter|  Inner_Iter|    rms[Rho]|   rms[RhoE]|      rms[k]|      rms[w]|
+-----------------------------------------------------------------------------+
|        4400|           0|   -1.483159|    4.508820|    2.248252|    5.484896|
|        4400|          25|   -5.393041|    1.514687|   -1.433563|    5.475566|
|        4400|          29|   -5.411170|    1.504389|   -1.530980|    5.470389|
+-----------------------------------------------------------------------+
|        File Writing Summary       |              Filename             |
+-----------------------------------------------------------------------+
|SU2 binary restart                 |restart_npr20_production_cfl2_i30_from520_04400.dat|
|Paraview ASCII                     |flow_npr20_production_cfl2_i30_from520_04400.vtk|
|Paraview ASCII surface             |wall_npr20_production_cfl2_i30_from520_04400.vtk|
|CSV file                           |wall_npr20_production_cfl2_i30_from520_04400.csv|
+-----------------------------------------------------------------------+
+-----------------------------------------------------------------------------+
|   Time_Iter|  Inner_Iter|    rms[Rho]|   rms[RhoE]|      rms[k]|      rms[w]|
+-----------------------------------------------------------------------------+
|        4401|           0|   -1.483118|    4.509620|    2.247965|    5.479472|
|        4401|          25|   -5.392294|    1.517781|   -1.439182|    5.459570|
|        4401|          29|   -5.411623|    1.506142|   -1.539621|    5.452523|
+-----------------------------------------------------------------------------+
|   Time_Iter|  Inner_Iter|    rms[Rho]|   rms[RhoE]|      rms[k]|      rms[w]|
+-----------------------------------------------------------------------------+
|        4402|           0|   -1.483090|    4.509405|    2.247654|    5.461909|
|        4402|          25|   -5.398169|    1.513099|   -1.449402|    5.431873|
|        4402|          29|   -5.419024|    1.499982|   -1.553395|    5.424009|
+-----------------------------------------------------------------------------+
|   Time_Iter|  Inner_Iter|    rms[Rho]|   rms[RhoE]|      rms[k]|      rms[w]|
+-----------------------------------------------------------------------------+
|        4403|           0|   -1.483076|    4.507983|    2.247360|    5.434016|
|        4403|          25|   -5.410257|    1.500824|   -1.463374|    5.399512|
|        4403|          29|   -5.432865|    1.486217|   -1.571132|    5.390521|
+-----------------------------------------------------------------------------+
|   Time_Iter|  Inner_Iter|    rms[Rho]|   rms[RhoE]|      rms[k]|      rms[w]|
+-----------------------------------------------------------------------------+
|        4404|           0|   -1.483078|    4.505306|    2.247063|    5.400941|
|        4404|          25|   -5.424978|    1.484507|   -1.478120|    5.364718|
|        4404|          29|   -5.449333|    1.468492|   -1.588456|    5.357373|
+-----------------------------------------------------------------------------+
|   Time_Iter|  Inner_Iter|    rms[Rho]|   rms[RhoE]|      rms[k]|      rms[w]|
+-----------------------------------------------------------------------------+
|        4405|           0|   -1.483091|    4.501628|    2.246761|    5.368756|
|        4405|          25|   -5.442114|    1.464437|   -1.489989|    5.343636|
|        4405|          29|   -5.468182|    1.447198|   -1.600048|    5.338849|
+-----------------------------------------------------------------------------+
|   Time_Iter|  Inner_Iter|    rms[Rho]|   rms[RhoE]|      rms[k]|      rms[w]|
+-----------------------------------------------------------------------------+
|        4406|           0|   -1.483110|    4.497321|    2.246467|    5.350457|
|        4406|          25|   -5.462075|    1.440234|   -1.494080|    5.337955|
|        4406|          29|   -5.489407|    1.422425|   -1.600540|    5.331667|
+-----------------------------------------------------------------------------+
|   Time_Iter|  Inner_Iter|    rms[Rho]|   rms[RhoE]|      rms[k]|      rms[w]|
+-----------------------------------------------------------------------------+
|        4407|           0|   -1.483119|    4.493823|    2.246183|    5.341687|
|        4407|          25|   -5.474330|    1.423510|   -1.489350|    5.329731|
|        4407|          29|   -5.500820|    1.407066|   -1.591614|    5.327056|
+-----------------------------------------------------------------------------+
|   Time_Iter|  Inner_Iter|    rms[Rho]|   rms[RhoE]|      rms[k]|      rms[w]|
+-----------------------------------------------------------------------------+
|        4408|           0|   -1.483110|    4.491673|    2.245916|    5.337002|
|        4408|          25|   -5.476231|    1.418501|   -1.478723|    5.349445|
|        4408|          29|   -5.500992|    1.403995|   -1.577247|    5.349570|
+-----------------------------------------------------------------------------+
|   Time_Iter|  Inner_Iter|    rms[Rho]|   rms[RhoE]|      rms[k]|      rms[w]|
+-----------------------------------------------------------------------------+
|        4409|           0|   -1.483083|    4.490933|    2.245657|    5.359189|
|        4409|          25|   -5.469219|    1.424561|   -1.466339|    5.382665|
|        4409|          29|   -5.491676|    1.412245|   -1.562772|    5.383723|
+-----------------------------------------------------------------------------+
|   Time_Iter|  Inner_Iter|    rms[Rho]|   rms[RhoE]|      rms[k]|      rms[w]|
+-----------------------------------------------------------------------------+
|        4410|           0|   -1.483041|    4.491555|    2.245404|    5.392796|
|        4410|          25|   -5.455137|    1.439892|   -1.449422|    5.418338|
|        4410|          29|   -5.475232|    1.429518|   -1.544835|    5.418894|
+-----------------------------------------------------------------------+
|        File Writing Summary       |              Filename             |
+-----------------------------------------------------------------------+
|Paraview ASCII surface             |wall_npr20_production_cfl2_i30_from520_04410.vtk|
|CSV file                           |wall_npr20_production_cfl2_i30_from520_04410.csv|
+-----------------------------------------------------------------------+
+-----------------------------------------------------------------------------+
|   Time_Iter|  Inner_Iter|    rms[Rho]|   rms[RhoE]|      rms[k]|      rms[w]|
+-----------------------------------------------------------------------------+
|        4411|           0|   -1.482994|    4.492685|    2.245172|    5.427495|
|        4411|          25|   -5.437129|    1.460761|   -1.445117|    5.448194|
|        4411|          29|   -5.455439|    1.451553|   -1.540371|    5.447716|
+-----------------------------------------------------------------------------+
|   Time_Iter|  Inner_Iter|    rms[Rho]|   rms[RhoE]|      rms[k]|      rms[w]|
+-----------------------------------------------------------------------------+
|        4412|           0|   -1.482957|    4.492915|    2.244967|    5.456172|
|        4412|          25|   -5.419539|    1.481936|   -1.439042|    5.468036|
|        4412|          29|   -5.436906|    1.473050|   -1.535436|    5.465922|
+-----------------------------------------------------------------------------+
|   Time_Iter|  Inner_Iter|    rms[Rho]|   rms[RhoE]|      rms[k]|      rms[w]|
+-----------------------------------------------------------------------------+
|        4413|           0|   -1.482922|    4.493023|    2.244770|    5.474388|
|        4413|          25|   -5.405590|    1.499473|   -1.436897|    5.475747|
|        4413|          29|   -5.422841|    1.490187|   -1.534773|    5.471887|
+-----------------------------------------------------------------------------+
|   Time_Iter|  Inner_Iter|    rms[Rho]|   rms[RhoE]|      rms[k]|      rms[w]|
+-----------------------------------------------------------------------------+
|        4414|           0|   -1.482884|    4.493355|    2.244579|    5.480551|
|        4414|          25|   -5.397452|    1.510719|   -1.431639|    5.471459|
|        4414|          29|   -5.415363|    1.500448|   -1.527919|    5.466433|
+-----------------------------------------------------------------------------+
|   Time_Iter|  Inner_Iter|    rms[Rho]|   rms[RhoE]|      rms[k]|      rms[w]|
+-----------------------------------------------------------------------------+
|        4415|           0|   -1.482841|    4.494160|    2.244392|    5.475529|
|        4415|          25|   -5.396380|    1.514129|   -1.443491|    5.456405|
|        4415|          29|   -5.415480|    1.502547|   -1.546472|    5.449465|
+-----------------------------------------------------------------------------+
|   Time_Iter|  Inner_Iter|    rms[Rho]|   rms[RhoE]|      rms[k]|      rms[w]|
+-----------------------------------------------------------------------------+
|        4416|           0|   -1.482792|    4.495488|    2.244191|    5.458839|
|        4416|          25|   -5.401946|    1.509787|   -1.453266|    5.429372|
|        4416|          29|   -5.422549|    1.496771|   -1.559954|    5.421547|
+-----------------------------------------------------------------------------+
|   Time_Iter|  Inner_Iter|    rms[Rho]|   rms[RhoE]|      rms[k]|      rms[w]|
+-----------------------------------------------------------------------------+
|        4417|           0|   -1.482734|    4.497543|    2.243973|    5.431528|
|        4417|          25|   -5.413624|    1.498004|   -1.466639|    5.397710|
|        4417|          29|   -5.436116|    1.483369|   -1.577254|    5.388879|
+-----------------------------------------------------------------------------+
|   Time_Iter|  Inner_Iter|    rms[Rho]|   rms[RhoE]|      rms[k]|      rms[w]|
+-----------------------------------------------------------------------------+
|        4418|           0|   -1.482666|    4.500387|    2.243731|    5.399236|
|        4418|          25|   -5.428203|    1.481923|   -1.480479|    5.362931|
|        4418|          29|   -5.452339|    1.466004|   -1.593903|    5.355322|
+-----------------------------------------------------------------------------+
|   Time_Iter|  Inner_Iter|    rms[Rho]|   rms[RhoE]|      rms[k]|      rms[w]|
+-----------------------------------------------------------------------------+
|        4419|           0|   -1.482608|    4.502305|    2.243497|    5.366671|
|        4419|          25|   -5.445144|    1.462174|   -1.492444|    5.340766|
|        4419|          29|   -5.470969|    1.445054|   -1.605936|    5.335666|
+-----------------------------------------------------------------------------+
|   Time_Iter|  Inner_Iter|    rms[Rho]|   rms[RhoE]|      rms[k]|      rms[w]|
+-----------------------------------------------------------------------------+
|        4420|           0|   -1.482562|    4.503418|    2.243245|    5.347377|
|        4420|          25|   -5.465153|    1.438037|   -1.496597|    5.335354|
|        4420|          29|   -5.492413|    1.420189|   -1.607080|    5.329123|
+-----------------------------------------------------------------------+
|        File Writing Summary       |              Filename             |
+-----------------------------------------------------------------------+
|Paraview ASCII surface             |wall_npr20_production_cfl2_i30_from520_04420.vtk|
|CSV file                           |wall_npr20_production_cfl2_i30_from520_04420.csv|
+-----------------------------------------------------------------------+
+-----------------------------------------------------------------------------+
|   Time_Iter|  Inner_Iter|    rms[Rho]|   rms[RhoE]|      rms[k]|      rms[w]|
+-----------------------------------------------------------------------------+
|        4421|           0|   -1.482529|    4.503714|    2.242976|    5.339218|
|        4421|          25|   -5.478207|    1.420503|   -1.492750|    5.325311|
|        4421|          29|   -5.504731|    1.403926|   -1.598628|    5.322272|
+-----------------------------------------------------------------------------+
|   Time_Iter|  Inner_Iter|    rms[Rho]|   rms[RhoE]|      rms[k]|      rms[w]|
+-----------------------------------------------------------------------------+
|        4422|           0|   -1.482506|    4.503157|    2.242701|    5.332223|
|        4422|          25|   -5.480856|    1.414575|   -1.479929|    5.342963|
|        4422|          29|   -5.505731|    1.399890|   -1.584021|    5.342884|
+-----------------------------------------------------------------------------+
|   Time_Iter|  Inner_Iter|    rms[Rho]|   rms[RhoE]|      rms[k]|      rms[w]|
+-----------------------------------------------------------------------------+
|        4423|           0|   -1.482493|    4.501897|    2.242421|    5.352555|
|        4423|          25|   -5.474523|    1.419678|   -1.469652|    5.375084|
|        4423|          29|   -5.497175|    1.407148|   -1.569051|    5.376053|
+-----------------------------------------------------------------------------+
|   Time_Iter|  Inner_Iter|    rms[Rho]|   rms[RhoE]|      rms[k]|      rms[w]|
+-----------------------------------------------------------------------------+
|        4424|           0|   -1.482487|    4.499879|    2.242134|    5.385182|
|        4424|          25|   -5.460964|    1.434200|   -1.458790|    5.410529|
|        4424|          29|   -5.481311|    1.423599|   -1.556932|    5.411192|
+-----------------------------------------------------------------------------+
|   Time_Iter|  Inner_Iter|    rms[Rho]|   rms[RhoE]|      rms[k]|      rms[w]|
+-----------------------------------------------------------------------------+
|        4425|           0|   -1.482484|    4.497570|    2.241857|    5.419840|
|        4425|          25|   -5.443168|    1.454628|   -1.446567|    5.440785|
|        4425|          29|   -5.461672|    1.445292|   -1.543015|    5.440416|
+-----------------------------------------------------------------------------+
|   Time_Iter|  Inner_Iter|    rms[Rho]|   rms[RhoE]|      rms[k]|      rms[w]|
+-----------------------------------------------------------------------------+
|        4426|           0|   -1.482487|    4.494777|    2.241587|    5.448896|
|        4426|          25|   -5.425431|    1.475806|   -1.442535|    5.461587|
|        4426|          29|   -5.442939|    1.466861|   -1.541369|    5.459634|
+-----------------------------------------------------------------------------+
|   Time_Iter|  Inner_Iter|    rms[Rho]|   rms[RhoE]|      rms[k]|      rms[w]|
+-----------------------------------------------------------------------------+
|        4427|           0|   -1.482483|    4.492461|    2.241322|    5.468108|
|        4427|          25|   -5.411012|    1.493743|   -1.440082|    5.470575|
|        4427|          29|   -5.428348|    1.484465|   -1.540304|    5.466909|
+-----------------------------------------------------------------------------+
|   Time_Iter|  Inner_Iter|    rms[Rho]|   rms[RhoE]|      rms[k]|      rms[w]|
+-----------------------------------------------------------------------------+
|        4428|           0|   -1.482468|    4.491145|    2.241054|    5.475558|
|        4428|          25|   -5.402118|    1.505746|   -1.440808|    5.467060|
|        4428|          29|   -5.420058|    1.495532|   -1.543003|    5.462380|
+-----------------------------------------------------------------------------+
|   Time_Iter|  Inner_Iter|    rms[Rho]|   rms[RhoE]|      rms[k]|      rms[w]|
+-----------------------------------------------------------------------------+
|        4429|           0|   -1.482448|    4.490228|    2.240791|    5.471493|
|        4429|          25|   -5.400265|    1.510000|   -1.445378|    5.454090|
|        4429|          29|   -5.419323|    1.498543|   -1.550448|    5.447373|
+-----------------------------------------------------------------------------+
|   Time_Iter|  Inner_Iter|    rms[Rho]|   rms[RhoE]|      rms[k]|      rms[w]|
+-----------------------------------------------------------------------------+
|        4430|           0|   -1.482420|    4.490046|    2.240543|    5.456712|
|        4430|          25|   -5.405091|    1.506531|   -1.454013|    5.428525|
|        4430|          29|   -5.425650|    1.493636|   -1.562933|    5.420577|
+-----------------------------------------------------------------------+
|        File Writing Summary       |              Filename             |
+-----------------------------------------------------------------------+
|Paraview ASCII surface             |wall_npr20_production_cfl2_i30_from520_04430.vtk|
|CSV file                           |wall_npr20_production_cfl2_i30_from520_04430.csv|
+-----------------------------------------------------------------------+
+-----------------------------------------------------------------------------+
|   Time_Iter|  Inner_Iter|    rms[Rho]|   rms[RhoE]|      rms[k]|      rms[w]|
+-----------------------------------------------------------------------------+
|        4431|           0|   -1.482382|    4.490705|    2.240308|    5.430469|
|        4431|          25|   -5.415924|    1.495789|   -1.466503|    5.397947|
|        4431|          29|   -5.438460|    1.481156|   -1.579149|    5.389335|
+-----------------------------------------------------------------------------+
|   Time_Iter|  Inner_Iter|    rms[Rho]|   rms[RhoE]|      rms[k]|      rms[w]|
+-----------------------------------------------------------------------------+
|        4432|           0|   -1.482344|    4.491439|    2.240088|    5.399692|
|        4432|          25|   -5.430237|    1.480174|   -1.479989|    5.362939|
|        4432|          29|   -5.454258|    1.464417|   -1.595631|    5.354940|
+-----------------------------------------------------------------------------+
|   Time_Iter|  Inner_Iter|    rms[Rho]|   rms[RhoE]|      rms[k]|      rms[w]|
+-----------------------------------------------------------------------------+
|        4433|           0|   -1.482312|    4.491684|    2.239886|    5.366050|
|        4433|          25|   -5.446857|    1.460921|   -1.491464|    5.338914|
|        4433|          29|   -5.472466|    1.444082|   -1.607760|    5.333003|
+-----------------------------------------------------------------------------+
|   Time_Iter|  Inner_Iter|    rms[Rho]|   rms[RhoE]|      rms[k]|      rms[w]|
+-----------------------------------------------------------------------------+
|        4434|           0|   -1.482281|    4.491891|    2.239698|    5.344558|
|        4434|          25|   -5.466565|    1.437255|   -1.496387|    5.333145|
|        4434|          29|   -5.493999|    1.419298|   -1.610187|    5.327416|
+-----------------------------------------------------------------------------+
|   Time_Iter|  Inner_Iter|    rms[Rho]|   rms[RhoE]|      rms[k]|      rms[w]|
+-----------------------------------------------------------------------------+
|        4435|           0|   -1.482246|    4.492449|    2.239504|    5.337743|
|        4435|          25|   -5.481097|    1.418192|   -1.493389|    5.320695|
|        4435|          29|   -5.508032|    1.401339|   -1.602603|    5.316927|
+-----------------------------------------------------------------------------+
|   Time_Iter|  Inner_Iter|    rms[Rho]|   rms[RhoE]|      rms[k]|      rms[w]|
+-----------------------------------------------------------------------------+
|        4436|           0|   -1.482205|    4.493535|    2.239307|    5.326863|
|        4436|          25|   -5.485176|    1.410548|   -1.484176|    5.334397|
|        4436|          29|   -5.510627|    1.395498|   -1.589466|    5.333964|
+-----------------------------------------------------------------------------+
|   Time_Iter|  Inner_Iter|    rms[Rho]|   rms[RhoE]|      rms[k]|      rms[w]|
+-----------------------------------------------------------------------------+
|        4437|           0|   -1.482160|    4.494952|    2.239103|    5.343724|
|        4437|          25|   -5.480184|    1.413924|   -1.472676|    5.364671|
|        4437|          29|   -5.503512|    1.400981|   -1.575353|    5.365504|
+-----------------------------------------------------------------------------+
|   Time_Iter|  Inner_Iter|    rms[Rho]|   rms[RhoE]|      rms[k]|      rms[w]|
+-----------------------------------------------------------------------------+
|        4438|           0|   -1.482109|    4.496777|    2.238892|    5.374733|
|        4438|          25|   -5.467650|    1.427023|   -1.461063|    5.399744|
|        4438|          29|   -5.488693|    1.416045|   -1.562122|    5.400541|
+-----------------------------------------------------------------------------+
|   Time_Iter|  Inner_Iter|    rms[Rho]|   rms[RhoE]|      rms[k]|      rms[w]|
+-----------------------------------------------------------------------------+
|        4439|           0|   -1.482050|    4.499100|    2.238649|    5.409306|
|        4439|          25|   -5.450411|    1.446608|   -1.451280|    5.430846|
|        4439|          29|   -5.469500|    1.437025|   -1.551679|    5.430678|
+-----------------------------------------------------------------------------+
|   Time_Iter|  Inner_Iter|    rms[Rho]|   rms[RhoE]|      rms[k]|      rms[w]|
+-----------------------------------------------------------------------------+
|        4440|           0|   -1.482002|    4.500414|    2.238397|    5.439198|
|        4440|          25|   -5.432567|    1.467765|   -1.444246|    5.453320|
|        4440|          29|   -5.450509|    1.458706|   -1.545412|    5.451647|
+-----------------------------------------------------------------------+
|        File Writing Summary       |              Filename             |
+-----------------------------------------------------------------------+
|Paraview ASCII surface             |wall_npr20_production_cfl2_i30_from520_04440.vtk|
|CSV file                           |wall_npr20_production_cfl2_i30_from520_04440.csv|
+-----------------------------------------------------------------------+
+-----------------------------------------------------------------------------+
|   Time_Iter|  Inner_Iter|    rms[Rho]|   rms[RhoE]|      rms[k]|      rms[w]|
+-----------------------------------------------------------------------------+
|        4441|           0|   -1.481963|    4.501020|    2.238143|    5.460127|
|        4441|          25|   -5.417494|    1.486362|   -1.441257|    5.464428|
|        4441|          29|   -5.435106|    1.477086|   -1.543706|    5.461083|
+-----------------------------------------------------------------------------+
|   Time_Iter|  Inner_Iter|    rms[Rho]|   rms[RhoE]|      rms[k]|      rms[w]|
+-----------------------------------------------------------------------------+
|        4442|           0|   -1.481936|    4.500811|    2.237863|    5.469706|
|        4442|          25|   -5.407525|    1.499525|   -1.441348|    5.462852|
|        4442|          29|   -5.425514|    1.489486|   -1.545453|    5.457851|
+-----------------------------------------------------------------------------+
|   Time_Iter|  Inner_Iter|    rms[Rho]|   rms[RhoE]|      rms[k]|      rms[w]|
+-----------------------------------------------------------------------------+
|        4443|           0|   -1.481919|    4.499845|    2.237544|    5.466885|
|        4443|          25|   -5.404360|    1.505228|   -1.444366|    5.452411|
|        4443|          29|   -5.423416|    1.493960|   -1.551128|    5.446065|
+-----------------------------------------------------------------------------+
|   Time_Iter|  Inner_Iter|    rms[Rho]|   rms[RhoE]|      rms[k]|      rms[w]|
+-----------------------------------------------------------------------------+
|        4444|           0|   -1.481910|    4.498247|    2.237240|    5.455355|
|        4444|          25|   -5.407871|    1.503278|   -1.451327|    5.429342|
|        4444|          29|   -5.428400|    1.490576|   -1.561287|    5.421535|
+-----------------------------------------------------------------------------+
|   Time_Iter|  Inner_Iter|    rms[Rho]|   rms[RhoE]|      rms[k]|      rms[w]|
+-----------------------------------------------------------------------------+
|        4445|           0|   -1.481905|    4.496225|    2.236963|    5.431253|
|        4445|          25|   -5.417382|    1.494107|   -1.462912|    5.400030|
|        4445|          29|   -5.439762|    1.479783|   -1.577223|    5.391814|
+-----------------------------------------------------------------------------+
|   Time_Iter|  Inner_Iter|    rms[Rho]|   rms[RhoE]|      rms[k]|      rms[w]|
+-----------------------------------------------------------------------------+
|        4446|           0|   -1.481900|    4.494107|    2.236693|    5.402067|
|        4446|          25|   -5.431138|    1.479305|   -1.475635|    5.365354|
|        4446|          29|   -5.455097|    1.463789|   -1.593185|    5.356999|
+-----------------------------------------------------------------------------+
|   Time_Iter|  Inner_Iter|    rms[Rho]|   rms[RhoE]|      rms[k]|      rms[w]|
+-----------------------------------------------------------------------------+
|        4447|           0|   -1.481894|    4.492196|    2.236417|    5.367911|
|        4447|          25|   -5.447207|    1.460866|   -1.486932|    5.338384|
|        4447|          29|   -5.472822|    1.444208|   -1.605726|    5.332075|
+-----------------------------------------------------------------------------+
|   Time_Iter|  Inner_Iter|    rms[Rho]|   rms[RhoE]|      rms[k]|      rms[w]|
+-----------------------------------------------------------------------------+
|        4448|           0|   -1.481888|    4.490249|    2.236146|    5.343633|
|        4448|          25|   -5.466012|    1.438361|   -1.492581|    5.329412|
|        4448|          29|   -5.493762|    1.420264|   -1.609628|    5.325504|
+-----------------------------------------------------------------------------+
|   Time_Iter|  Inner_Iter|    rms[Rho]|   rms[RhoE]|      rms[k]|      rms[w]|
+-----------------------------------------------------------------------------+
|        4449|           0|   -1.481879|    4.488597|    2.235894|    5.336459|
|        4449|          25|   -5.482780|    1.417053|   -1.492170|    5.316996|
|        4449|          29|   -5.510386|    1.399796|   -1.604601|    5.312239|
+-----------------------------------------------------------------------+
|        File Writing Summary       |              Filename             |
+-----------------------------------------------------------------------+
|SU2 binary restart                 |restart_npr20_production_cfl2_i30_from520_04449.dat|
+-----------------------------------------------------------------------+
+-----------------------------------------------------------------------------+
|   Time_Iter|  Inner_Iter|    rms[Rho]|   rms[RhoE]|      rms[k]|      rms[w]|
+-----------------------------------------------------------------------------+
|        4450|           0|   -1.481863|    4.487553|    2.235658|    5.322132|
|        4450|          25|   -5.489219|    1.406720|   -1.483419|    5.324085|
|        4450|          29|   -5.515557|    1.391127|   -1.592362|    5.323055|
+-----------------------------------------------------------------------+
|        File Writing Summary       |              Filename             |
+-----------------------------------------------------------------------+
|SU2 binary restart                 |restart_npr20_production_cfl2_i30_from520_04450.dat|
|Paraview ASCII surface             |wall_npr20_production_cfl2_i30_from520_04450.vtk|
|CSV file                           |wall_npr20_production_cfl2_i30_from520_04450.csv|
+-----------------------------------------------------------------------+
+-----------------------------------------------------------------------------+
|   Time_Iter|  Inner_Iter|    rms[Rho]|   rms[RhoE]|      rms[k]|      rms[w]|
+-----------------------------------------------------------------------------+
|        4451|           0|   -1.481837|    4.487382|    2.235435|    5.332932|
|        4451|          25|   -5.486322|    1.407482|   -1.472706|    5.351239|
|        4451|          29|   -5.510702|    1.393910|   -1.578613|    5.351829|
+-----------------------------------------------------------------------------+
|   Time_Iter|  Inner_Iter|    rms[Rho]|   rms[RhoE]|      rms[k]|      rms[w]|
+-----------------------------------------------------------------------------+
|        4452|           0|   -1.481804|    4.487812|    2.235224|    5.361205|
|        4452|          25|   -5.475592|    1.418299|   -1.461404|    5.385506|
|        4452|          29|   -5.497645|    1.406758|   -1.565503|    5.386341|
+-----------------------------------------------------------------------------+
|   Time_Iter|  Inner_Iter|    rms[Rho]|   rms[RhoE]|      rms[k]|      rms[w]|
+-----------------------------------------------------------------------------+
|        4453|           0|   -1.481768|    4.488475|    2.235000|    5.395220|
|        4453|          25|   -5.459415|    1.436444|   -1.451238|    5.417642|
|        4453|          29|   -5.479341|    1.426477|   -1.554320|    5.417757|
+-----------------------------------------------------------------------------+
|   Time_Iter|  Inner_Iter|    rms[Rho]|   rms[RhoE]|      rms[k]|      rms[w]|
+-----------------------------------------------------------------------------+
|        4454|           0|   -1.481732|    4.489196|    2.234795|    5.426339|
|        4454|          25|   -5.441532|    1.457421|   -1.443814|    5.442531|
|        4454|          29|   -5.460107|    1.448167|   -1.547281|    5.441211|
+-----------------------------------------------------------------------------+
|   Time_Iter|  Inner_Iter|    rms[Rho]|   rms[RhoE]|      rms[k]|      rms[w]|
+-----------------------------------------------------------------------------+
|        4455|           0|   -1.481700|    4.489546|    2.234614|    5.449696|
|        4455|          25|   -5.425626|    1.476819|   -1.439962|    5.456564|
|        4455|          29|   -5.443650|    1.467527|   -1.544489|    5.453679|
+-----------------------------------------------------------------------------+
|   Time_Iter|  Inner_Iter|    rms[Rho]|   rms[RhoE]|      rms[k]|      rms[w]|
+-----------------------------------------------------------------------------+
|        4456|           0|   -1.481670|    4.489757|    2.234441|    5.462267|
|        4456|          25|   -5.414239|    1.491465|   -1.439032|    5.458332|
|        4456|          29|   -5.432458|    1.481564|   -1.545054|    5.453768|
+-----------------------------------------------------------------------------+
|   Time_Iter|  Inner_Iter|    rms[Rho]|   rms[RhoE]|      rms[k]|      rms[w]|
+-----------------------------------------------------------------------------+
|        4457|           0|   -1.481640|    4.489917|    2.234277|    5.462626|
|        4457|          25|   -5.409104|    1.499285|   -1.440940|    5.450638|
|        4457|          29|   -5.428242|    1.488270|   -1.549325|    5.444850|
+-----------------------------------------------------------------------------+
|   Time_Iter|  Inner_Iter|    rms[Rho]|   rms[RhoE]|      rms[k]|      rms[w]|
+-----------------------------------------------------------------------------+
|        4458|           0|   -1.481610|    4.490141|    2.234098|    5.454086|
|        4458|          25|   -5.410744|    1.499503|   -1.446729|    5.431494|
|        4458|          29|   -5.431232|    1.487132|   -1.558296|    5.424079|
+-----------------------------------------------------------------------------+
|   Time_Iter|  Inner_Iter|    rms[Rho]|   rms[RhoE]|      rms[k]|      rms[w]|
+-----------------------------------------------------------------------------+
|        4459|           0|   -1.481575|    4.490562|    2.233868|    5.433622|
|        4459|          25|   -5.418363|    1.492567|   -1.455750|    5.403611|
|        4459|          29|   -5.440580|    1.478661|   -1.570833|    5.395691|
+-----------------------------------------------------------------------------+
|   Time_Iter|  Inner_Iter|    rms[Rho]|   rms[RhoE]|      rms[k]|      rms[w]|
+-----------------------------------------------------------------------------+
|        4460|           0|   -1.481537|    4.491171|    2.233623|    5.405851|
|        4460|          25|   -5.431263|    1.479064|   -1.467171|    5.370767|
|        4460|          29|   -5.455103|    1.463889|   -1.585786|    5.362153|
+-----------------------------------------------------------------------+
|        File Writing Summary       |              Filename             |
+-----------------------------------------------------------------------+
|Paraview ASCII surface             |wall_npr20_production_cfl2_i30_from520_04460.vtk|
|CSV file                           |wall_npr20_production_cfl2_i30_from520_04460.csv|
+-----------------------------------------------------------------------+
+-----------------------------------------------------------------------------+
|   Time_Iter|  Inner_Iter|    rms[Rho]|   rms[RhoE]|      rms[k]|      rms[w]|
+-----------------------------------------------------------------------------+
|        4461|           0|   -1.481490|    4.492457|    2.233343|    5.372771|
|        4461|          25|   -5.446501|    1.461848|   -1.477828|    5.340763|
|        4461|          29|   -5.472035|    1.445472|   -1.598432|    5.333426|
+-----------------------------------------------------------------------------+
|   Time_Iter|  Inner_Iter|    rms[Rho]|   rms[RhoE]|      rms[k]|      rms[w]|
+-----------------------------------------------------------------------------+
|        4462|           0|   -1.481444|    4.493498|    2.233042|    5.344800|
|        4462|          25|   -5.463982|    1.441137|   -1.478578|    5.325053|
|        4462|          29|   -5.491274|    1.423620|   -1.593746|    5.319642|
+-----------------------------------------------------------------------------+
|   Time_Iter|  Inner_Iter|    rms[Rho]|   rms[RhoE]|      rms[k]|      rms[w]|
+-----------------------------------------------------------------------------+
|        4463|           0|   -1.481403|    4.494238|    2.232719|    5.330871|
|        4463|          25|   -5.483018|    1.417697|   -1.485387|    5.315892|
|        4463|          29|   -5.511295|    1.399960|   -1.602050|    5.309849|
+-----------------------------------------------------------------------------+
|   Time_Iter|  Inner_Iter|    rms[Rho]|   rms[RhoE]|      rms[k]|      rms[w]|
+-----------------------------------------------------------------------------+
|        4464|           0|   -1.481370|    4.494308|    2.232403|    5.319749|
|        4464|          25|   -5.492739|    1.403660|   -1.480045|    5.313240|
|        4464|          29|   -5.520114|    1.387344|   -1.592582|    5.311157|
+-----------------------------------------------------------------------------+
|   Time_Iter|  Inner_Iter|    rms[Rho]|   rms[RhoE]|      rms[k]|      rms[w]|
+-----------------------------------------------------------------------------+
|        4465|           0|   -1.481338|    4.494421|    2.232096|    5.321128|
|        4465|          25|   -5.492805|    1.400783|   -1.470374|    5.335022|
|        4465|          29|   -5.518459|    1.386360|   -1.579731|    5.335137|
+-----------------------------------------------------------------------------+
|   Time_Iter|  Inner_Iter|    rms[Rho]|   rms[RhoE]|      rms[k]|      rms[w]|
+-----------------------------------------------------------------------------+
|        4466|           0|   -1.481312|    4.494082|    2.231779|    5.344708|
|        4466|          25|   -5.484593|    1.408298|   -1.459904|    5.367378|
|        4466|          29|   -5.508016|    1.395941|   -1.567004|    5.368177|
+-----------------------------------------------------------------------------+
|   Time_Iter|  Inner_Iter|    rms[Rho]|   rms[RhoE]|      rms[k]|      rms[w]|
+-----------------------------------------------------------------------------+
|        4467|           0|   -1.481287|    4.493724|    2.231481|    5.377226|
|        4467|          25|   -5.470034|    1.424153|   -1.449948|    5.400706|
|        4467|          29|   -5.491253|    1.413560|   -1.555707|    5.400923|
+-----------------------------------------------------------------------------+
|   Time_Iter|  Inner_Iter|    rms[Rho]|   rms[RhoE]|      rms[k]|      rms[w]|
+-----------------------------------------------------------------------------+
|        4468|           0|   -1.481265|    4.493113|    2.231210|    5.409566|
|        4468|          25|   -5.452411|    1.444540|   -1.441803|    5.428267|
|        4468|          29|   -5.471994|    1.434948|   -1.547357|    5.427453|
+-----------------------------------------------------------------------------+
|   Time_Iter|  Inner_Iter|    rms[Rho]|   rms[RhoE]|      rms[k]|      rms[w]|
+-----------------------------------------------------------------------------+
|        4469|           0|   -1.481243|    4.492617|    2.230961|    5.435970|
|        4469|          25|   -5.435639|    1.464696|   -1.436852|    5.446024|
|        4469|          29|   -5.454369|    1.455337|   -1.543429|    5.443823|
+-----------------------------------------------------------------------------+
|   Time_Iter|  Inner_Iter|    rms[Rho]|   rms[RhoE]|      rms[k]|      rms[w]|
+-----------------------------------------------------------------------------+
|        4470|           0|   -1.481218|    4.492342|    2.230733|    5.452398|
|        4470|          25|   -5.422547|    1.481164|   -1.434987|    5.452471|
|        4470|          29|   -5.441198|    1.471383|   -1.542821|    5.448506|
+-----------------------------------------------------------------------+
|        File Writing Summary       |              Filename             |
+-----------------------------------------------------------------------+
|Paraview ASCII surface             |wall_npr20_production_cfl2_i30_from520_04470.vtk|
|CSV file                           |wall_npr20_production_cfl2_i30_from520_04470.csv|
+-----------------------------------------------------------------------+
+-----------------------------------------------------------------------------+
|   Time_Iter|  Inner_Iter|    rms[Rho]|   rms[RhoE]|      rms[k]|      rms[w]|
+-----------------------------------------------------------------------------+
|        4471|           0|   -1.481195|    4.491813|    2.230501|    5.457258|
|        4471|          25|   -5.414994|    1.491647|   -1.436013|    5.447643|
|        4471|          29|   -5.434295|    1.480909|   -1.545568|    5.442759|
+-----------------------------------------------------------------------------+
|   Time_Iter|  Inner_Iter|    rms[Rho]|   rms[RhoE]|      rms[k]|      rms[w]|
+-----------------------------------------------------------------------------+
|        4472|           0|   -1.481175|    4.491112|    2.230283|    5.451963|
|        4472|          25|   -5.414186|    1.494661|   -1.439644|    5.433788|
|        4472|          29|   -5.434639|    1.482691|   -1.551994|    5.427040|
+-----------------------------------------------------------------------------+
|   Time_Iter|  Inner_Iter|    rms[Rho]|   rms[RhoE]|      rms[k]|      rms[w]|
+-----------------------------------------------------------------------------+
|        4473|           0|   -1.481154|    4.490454|    2.230090|    5.436473|
|        4473|          25|   -5.419663|    1.490349|   -1.446798|    5.408484|
|        4473|          29|   -5.441560|    1.477044|   -1.562579|    5.400832|
+-----------------------------------------------------------------------------+
|   Time_Iter|  Inner_Iter|    rms[Rho]|   rms[RhoE]|      rms[k]|      rms[w]|
+-----------------------------------------------------------------------------+
|        4474|           0|   -1.481137|    4.489596|    2.229912|    5.410822|
|        4474|          25|   -5.430812|    1.479094|   -1.456605|    5.379045|
|        4474|          29|   -5.454619|    1.464200|   -1.575869|    5.370407|
+-----------------------------------------------------------------------------+
|   Time_Iter|  Inner_Iter|    rms[Rho]|   rms[RhoE]|      rms[k]|      rms[w]|
+-----------------------------------------------------------------------------+
|        4475|           0|   -1.481121|    4.488594|    2.229753|    5.380712|
|        4475|          25|   -5.444844|    1.463590|   -1.466915|    5.345599|
|        4475|          29|   -5.470293|    1.447503|   -1.588709|    5.338206|
+-----------------------------------------------------------------------------+
|   Time_Iter|  Inner_Iter|    rms[Rho]|   rms[RhoE]|      rms[k]|      rms[w]|
+-----------------------------------------------------------------------------+
|        4476|           0|   -1.481100|    4.488031|    2.229618|    5.349488|
|        4476|          25|   -5.461118|    1.444577|   -1.474825|    5.323565|
|        4476|          29|   -5.488164|    1.427473|   -1.597047|    5.317736|
+-----------------------------------------------------------------------------+
|   Time_Iter|  Inner_Iter|    rms[Rho]|   rms[RhoE]|      rms[k]|      rms[w]|
+-----------------------------------------------------------------------------+
|        4477|           0|   -1.481076|    4.487684|    2.229486|    5.329239|
|        4477|          25|   -5.480440|    1.421155|   -1.477689|    5.317686|
|        4477|          29|   -5.509394|    1.402988|   -1.597994|    5.311525|
+-----------------------------------------------------------------------------+
|   Time_Iter|  Inner_Iter|    rms[Rho]|   rms[RhoE]|      rms[k]|      rms[w]|
+-----------------------------------------------------------------------------+
|        4478|           0|   -1.481056|    4.486850|    2.229340|    5.321749|
|        4478|          25|   -5.494292|    1.402650|   -1.475470|    5.304684|
|        4478|          29|   -5.522958|    1.385480|   -1.592144|    5.300880|
+-----------------------------------------------------------------------------+
|   Time_Iter|  Inner_Iter|    rms[Rho]|   rms[RhoE]|      rms[k]|      rms[w]|
+-----------------------------------------------------------------------------+
|        4479|           0|   -1.481032|    4.486269|    2.229150|    5.310862|
|        4479|          25|   -5.498329|    1.395037|   -1.467436|    5.317295|
|        4479|          29|   -5.525629|    1.379576|   -1.580642|    5.316633|
+-----------------------------------------------------------------------------+
|   Time_Iter|  Inner_Iter|    rms[Rho]|   rms[RhoE]|      rms[k]|      rms[w]|
+-----------------------------------------------------------------------------+
|        4480|           0|   -1.481002|    4.486253|    2.228942|    5.326439|
|        4480|          25|   -5.493653|    1.398023|   -1.457940|    5.345766|
|        4480|          29|   -5.518954|    1.384556|   -1.568580|    5.346330|
+-----------------------------------------------------------------------+
|        File Writing Summary       |              Filename             |
+-----------------------------------------------------------------------+
|Paraview ASCII surface             |wall_npr20_production_cfl2_i30_from520_04480.vtk|
|CSV file                           |wall_npr20_production_cfl2_i30_from520_04480.csv|
+-----------------------------------------------------------------------+
+-----------------------------------------------------------------------------+
|   Time_Iter|  Inner_Iter|    rms[Rho]|   rms[RhoE]|      rms[k]|      rms[w]|
+-----------------------------------------------------------------------------+
|        4481|           0|   -1.480969|    4.486415|    2.228713|    5.355620|
|        4481|          25|   -5.481871|    1.410323|   -1.448429|    5.379168|
|        4481|          29|   -5.504881|    1.398762|   -1.557457|    5.379779|
+-----------------------------------------------------------------------------+
|   Time_Iter|  Inner_Iter|    rms[Rho]|   rms[RhoE]|      rms[k]|      rms[w]|
+-----------------------------------------------------------------------------+
|        4482|           0|   -1.480933|    4.486875|    2.228462|    5.388617|
|        4482|          25|   -5.465483|    1.428961|   -1.440150|    5.409327|
|        4482|          29|   -5.486480|    1.418794|   -1.548498|    5.409087|
+-----------------------------------------------------------------------------+
|   Time_Iter|  Inner_Iter|    rms[Rho]|   rms[RhoE]|      rms[k]|      rms[w]|
+-----------------------------------------------------------------------------+
|        4483|           0|   -1.480896|    4.487368|    2.228176|    5.417676|
|        4483|          25|   -5.448293|    1.449386|   -1.434382|    5.431695|
|        4483|          29|   -5.468004|    1.439794|   -1.543170|    5.430055|
+-----------------------------------------------------------------------------+
|   Time_Iter|  Inner_Iter|    rms[Rho]|   rms[RhoE]|      rms[k]|      rms[w]|
+-----------------------------------------------------------------------------+
|        4484|           0|   -1.480856|    4.488169|    2.227885|    5.438592|
|        4484|          25|   -5.433445|    1.467713|   -1.431305|    5.443583|
|        4484|          29|   -5.452660|    1.457991|   -1.541107|    5.440392|
+-----------------------------------------------------------------------------+
|   Time_Iter|  Inner_Iter|    rms[Rho]|   rms[RhoE]|      rms[k]|      rms[w]|
+-----------------------------------------------------------------------------+
|        4485|           0|   -1.480809|    4.489493|    2.227590|    5.449045|
|        4485|          25|   -5.423209|    1.481108|   -1.430980|    5.443592|
|        4485|          29|   -5.442652|    1.470737|   -1.542225|    5.438857|
+-----------------------------------------------------------------------------+
|   Time_Iter|  Inner_Iter|    rms[Rho]|   rms[RhoE]|      rms[k]|      rms[w]|
+-----------------------------------------------------------------------------+
|        4486|           0|   -1.480768|    4.490298|    2.227307|    5.447803|
|        4486|          25|   -5.419123|    1.487744|   -1.433351|    5.435105|
|        4486|          29|   -5.439488|    1.476263|   -1.546782|    5.429208|
+-----------------------------------------------------------------------------+
|   Time_Iter|  Inner_Iter|    rms[Rho]|   rms[RhoE]|      rms[k]|      rms[w]|
+-----------------------------------------------------------------------------+
|        4487|           0|   -1.480729|    4.491029|    2.227036|    5.438516|
|        4487|          25|   -5.421470|    1.487048|   -1.438449|    5.415607|
|        4487|          29|   -5.443211|    1.474241|   -1.554884|    5.408182|
+-----------------------------------------------------------------------------+
|   Time_Iter|  Inner_Iter|    rms[Rho]|   rms[RhoE]|      rms[k]|      rms[w]|
+-----------------------------------------------------------------------------+
|        4488|           0|   -1.480695|    4.491436|    2.226762|    5.417793|
|        4488|          25|   -5.429439|    1.479514|   -1.446549|    5.388332|
|        4488|          29|   -5.452959|    1.465204|   -1.566189|    5.380479|
+-----------------------------------------------------------------------------+
|   Time_Iter|  Inner_Iter|    rms[Rho]|   rms[RhoE]|      rms[k]|      rms[w]|
+-----------------------------------------------------------------------------+
|        4489|           0|   -1.480660|    4.492095|    2.226479|    5.390679|
|        4489|          25|   -5.442174|    1.465916|   -1.455430|    5.356010|
|        4489|          29|   -5.467350|    1.450403|   -1.578321|    5.347608|
+-----------------------------------------------------------------------------+
|   Time_Iter|  Inner_Iter|    rms[Rho]|   rms[RhoE]|      rms[k]|      rms[w]|
+-----------------------------------------------------------------------------+
|        4490|           0|   -1.480631|    4.492176|    2.226214|    5.358286|
|        4490|          25|   -5.457173|    1.448738|   -1.434877|    5.327766|
|        4490|          29|   -5.484080|    1.432071|   -1.538760|    5.320767|
+-----------------------------------------------------------------------+
|        File Writing Summary       |              Filename             |
+-----------------------------------------------------------------------+
|Paraview ASCII surface             |wall_npr20_production_cfl2_i30_from520_04490.vtk|
|CSV file                           |wall_npr20_production_cfl2_i30_from520_04490.csv|
+-----------------------------------------------------------------------+
+-----------------------------------------------------------------------------+
|   Time_Iter|  Inner_Iter|    rms[Rho]|   rms[RhoE]|      rms[k]|      rms[w]|
+-----------------------------------------------------------------------------+
|        4491|           0|   -1.480608|    4.491815|    2.225965|    5.332175|
|        4491|          25|   -5.474271|    1.428179|   -1.469517|    5.313168|
|        4491|          29|   -5.503196|    1.410213|   -1.593200|    5.308391|
+-----------------------------------------------------------------------------+
|   Time_Iter|  Inner_Iter|    rms[Rho]|   rms[RhoE]|      rms[k]|      rms[w]|
+-----------------------------------------------------------------------------+
|        4492|           0|   -1.480592|    4.490947|    2.225737|    5.320323|
|        4492|          25|   -5.492735|    1.405144|   -1.469543|    5.303287|
|        4492|          29|   -5.522562|    1.387164|   -1.590520|    5.297304|
+-----------------------------------------------------------------------------+
|   Time_Iter|  Inner_Iter|    rms[Rho]|   rms[RhoE]|      rms[k]|      rms[w]|
+-----------------------------------------------------------------------------+
|        4493|           0|   -1.480577|    4.489953|    2.225516|    5.307213|
|        4493|          25|   -5.502040|    1.391482|   -1.465225|    5.300881|
|        4493|          29|   -5.531092|    1.374838|   -1.582792|    5.298707|
+-----------------------------------------------------------------------------+
|   Time_Iter|  Inner_Iter|    rms[Rho]|   rms[RhoE]|      rms[k]|      rms[w]|
+-----------------------------------------------------------------------------+
|        4494|           0|   -1.480565|    4.488744|    2.225298|    5.308705|
|        4494|          25|   -5.502153|    1.388604|   -1.457340|    5.321633|
|        4494|          29|   -5.529530|    1.373786|   -1.572164|    5.321584|
+-----------------------------------------------------------------------------+
|   Time_Iter|  Inner_Iter|    rms[Rho]|   rms[RhoE]|      rms[k]|      rms[w]|
+-----------------------------------------------------------------------------+
|        4495|           0|   -1.480555|    4.487412|    2.225104|    5.331192|
|        4495|          25|   -5.494320|    1.395773|   -1.448968|    5.352656|
|        4495|          29|   -5.519479|    1.382957|   -1.561839|    5.353278|
+-----------------------------------------------------------------------------+
|   Time_Iter|  Inner_Iter|    rms[Rho]|   rms[RhoE]|      rms[k]|      rms[w]|
+-----------------------------------------------------------------------------+
|        4496|           0|   -1.480546|    4.486003|    2.224924|    5.362374|
|        4496|          25|   -5.480419|    1.411018|   -1.440778|    5.384968|
|        4496|          29|   -5.503322|    1.399942|   -1.552316|    5.385058|
+-----------------------------------------------------------------------------+
|   Time_Iter|  Inner_Iter|    rms[Rho]|   rms[RhoE]|      rms[k]|      rms[w]|
+-----------------------------------------------------------------------------+
|        4497|           0|   -1.480534|    4.484699|    2.224767|    5.393750|
|        4497|          25|   -5.463446|    1.430749|   -1.433993|    5.411952|
|        4497|          29|   -5.484620|    1.420696|   -1.545282|    5.411111|
+-----------------------------------------------------------------------------+
|   Time_Iter|  Inner_Iter|    rms[Rho]|   rms[RhoE]|      rms[k]|      rms[w]|
+-----------------------------------------------------------------------------+
|        4498|           0|   -1.480519|    4.483710|    2.224605|    5.419674|
|        4498|          25|   -5.447099|    1.450427|   -1.429825|    5.429902|
|        4498|          29|   -5.467340|    1.440657|   -1.541844|    5.427731|
+-----------------------------------------------------------------------------+
|   Time_Iter|  Inner_Iter|    rms[Rho]|   rms[RhoE]|      rms[k]|      rms[w]|
+-----------------------------------------------------------------------------+
|        4499|           0|   -1.480494|    4.483439|    2.224416|    5.436334|
|        4499|          25|   -5.434053|    1.466785|   -1.428397|    5.436975|
|        4499|          29|   -5.454138|    1.456656|   -1.541578|    5.433154|
+-----------------------------------------------------------------------+
|        File Writing Summary       |              Filename             |
+-----------------------------------------------------------------------+
|SU2 binary restart                 |restart_npr20_production_cfl2_i30_from520_04499.dat|
+-----------------------------------------------------------------------+
+-----------------------------------------------------------------------------+
|   Time_Iter|  Inner_Iter|    rms[Rho]|   rms[RhoE]|      rms[k]|      rms[w]|
+-----------------------------------------------------------------------------+
|        4500|           0|   -1.480464|    4.483696|    2.224200|    5.441924|
|        4500|          25|   -5.426140|    1.477605|   -1.428958|    5.432734|
|        4500|          29|   -5.446744|    1.466618|   -1.543596|    5.427927|
+-----------------------------------------------------------------------+
|        File Writing Summary       |              Filename             |
+-----------------------------------------------------------------------+
|SU2 binary restart                 |restart_npr20_production_cfl2_i30_from520_04500.dat|
|Paraview ASCII                     |flow_npr20_production_cfl2_i30_from520_04500.vtk|
|Paraview ASCII surface             |wall_npr20_production_cfl2_i30_from520_04500.vtk|
|CSV file                           |wall_npr20_production_cfl2_i30_from520_04500.csv|
+-----------------------------------------------------------------------+
+-----------------------------------------------------------------------------+
|   Time_Iter|  Inner_Iter|    rms[Rho]|   rms[RhoE]|      rms[k]|      rms[w]|
+-----------------------------------------------------------------------------+
|        4501|           0|   -1.480428|    4.484383|    2.223965|    5.437201|
|        4501|          25|   -5.424638|    1.481283|   -1.432232|    5.421252|
|        4501|          29|   -5.446337|    1.469141|   -1.549261|    5.414817|
+-----------------------------------------------------------------------------+
|   Time_Iter|  Inner_Iter|    rms[Rho]|   rms[RhoE]|      rms[k]|      rms[w]|
+-----------------------------------------------------------------------------+
|        4502|           0|   -1.480390|    4.485302|    2.223721|    5.424248|
|        4502|          25|   -5.429228|    1.477898|   -1.438080|    5.398311|
|        4502|          29|   -5.452412|    1.464404|   -1.558040|    5.390656|
+-----------------------------------------------------------------------------+
|   Time_Iter|  Inner_Iter|    rms[Rho]|   rms[RhoE]|      rms[k]|      rms[w]|
+-----------------------------------------------------------------------------+
|        4503|           0|   -1.480357|    4.485931|    2.223439|    5.400500|
|        4503|          25|   -5.439178|    1.467904|   -1.446169|    5.370584|
|        4503|          29|   -5.464261|    1.452872|   -1.569248|    5.362623|
+-----------------------------------------------------------------------------+
|   Time_Iter|  Inner_Iter|    rms[Rho]|   rms[RhoE]|      rms[k]|      rms[w]|
+-----------------------------------------------------------------------------+
|        4504|           0|   -1.480329|    4.486249|    2.223117|    5.372923|
|        4504|          25|   -5.452517|    1.453206|   -1.454673|    5.337958|
|        4504|          29|   -5.479146|    1.437119|   -1.580239|    5.330142|
+-----------------------------------------------------------------------------+
|   Time_Iter|  Inner_Iter|    rms[Rho]|   rms[RhoE]|      rms[k]|      rms[w]|
+-----------------------------------------------------------------------------+
|        4505|           0|   -1.480304|    4.486424|    2.222805|    5.341163|
|        4505|          25|   -5.467990|    1.435087|   -1.462027|    5.314354|
|        4505|          29|   -5.496288|    1.417954|   -1.588394|    5.308283|
+-----------------------------------------------------------------------------+
|   Time_Iter|  Inner_Iter|    rms[Rho]|   rms[RhoE]|      rms[k]|      rms[w]|
+-----------------------------------------------------------------------------+
|        4506|           0|   -1.480286|    4.486063|    2.222494|    5.319789|
|        4506|          25|   -5.486259|    1.412797|   -1.465395|    5.307231|
|        4506|          29|   -5.516744|    1.394343|   -1.590568|    5.302136|
+-----------------------------------------------------------------------------+
|   Time_Iter|  Inner_Iter|    rms[Rho]|   rms[RhoE]|      rms[k]|      rms[w]|
+-----------------------------------------------------------------------------+
|        4507|           0|   -1.480267|    4.485692|    2.222200|    5.312780|
|        4507|          25|   -5.501726|    1.392526|   -1.464141|    5.292435|
|        4507|          29|   -5.532351|    1.374767|   -1.586544|    5.287672|
+-----------------------------------------------------------------------------+
|   Time_Iter|  Inner_Iter|    rms[Rho]|   rms[RhoE]|      rms[k]|      rms[w]|
+-----------------------------------------------------------------------------+
|        4508|           0|   -1.480247|    4.485470|    2.221930|    5.297627|
|        4508|          25|   -5.507850|    1.382342|   -1.459295|    5.298364|
|        4508|          29|   -5.537472|    1.366081|   -1.578439|    5.296927|
+-----------------------------------------------------------------------------+
|   Time_Iter|  Inner_Iter|    rms[Rho]|   rms[RhoE]|      rms[k]|      rms[w]|
+-----------------------------------------------------------------------------+
|        4509|           0|   -1.480223|    4.485622|    2.221678|    5.306858|
|        4509|          25|   -5.505286|    1.382621|   -1.447747|    5.322806|
|        4509|          29|   -5.533190|    1.368217|   -1.564615|    5.322983|
+-----------------------------------------------------------------------------+
|   Time_Iter|  Inner_Iter|    rms[Rho]|   rms[RhoE]|      rms[k]|      rms[w]|
+-----------------------------------------------------------------------------+
|        4510|           0|   -1.480194|    4.486299|    2.221434|    5.332451|
|        4510|          25|   -5.495497|    1.392356|   -1.444277|    5.354360|
|        4510|          29|   -5.521206|    1.379873|   -1.559449|    5.354883|
+-----------------------------------------------------------------------+
|        File Writing Summary       |              Filename             |
+-----------------------------------------------------------------------+
|Paraview ASCII surface             |wall_npr20_production_cfl2_i30_from520_04510.vtk|
|CSV file                           |wall_npr20_production_cfl2_i30_from520_04510.csv|
+-----------------------------------------------------------------------+
+-----------------------------------------------------------------------------+
|   Time_Iter|  Inner_Iter|    rms[Rho]|   rms[RhoE]|      rms[k]|      rms[w]|
+-----------------------------------------------------------------------------+
|        4511|           0|   -1.480169|    4.486642|    2.221199|    5.363877|
|        4511|          25|   -5.480656|    1.409087|   -1.437208|    5.384867|
|        4511|          29|   -5.504208|    1.398147|   -1.551342|    5.384762|
+-----------------------------------------------------------------------------+
|   Time_Iter|  Inner_Iter|    rms[Rho]|   rms[RhoE]|      rms[k]|      rms[w]|
+-----------------------------------------------------------------------------+
|        4512|           0|   -1.480143|    4.487071|    2.220977|    5.393458|
|        4512|          25|   -5.463911|    1.428872|   -1.431697|    5.409379|
|        4512|          29|   -5.485923|    1.418735|   -1.545843|    5.408105|
+-----------------------------------------------------------------------------+
|   Time_Iter|  Inner_Iter|    rms[Rho]|   rms[RhoE]|      rms[k]|      rms[w]|
+-----------------------------------------------------------------------------+
|        4513|           0|   -1.480116|    4.487636|    2.220768|    5.416680|
|        4513|          25|   -5.448675|    1.447615|   -1.428761|    5.424373|
|        4513|          29|   -5.469865|    1.437589|   -1.543742|    5.421687|
+-----------------------------------------------------------------------------+
|   Time_Iter|  Inner_Iter|    rms[Rho]|   rms[RhoE]|      rms[k]|      rms[w]|
+-----------------------------------------------------------------------------+
|        4514|           0|   -1.480093|    4.487970|    2.220568|    5.430329|
|        4514|          25|   -5.437205|    1.462402|   -1.428218|    5.428230|
|        4514|          29|   -5.458331|    1.451912|   -1.544181|    5.424039|
+-----------------------------------------------------------------------------+
|   Time_Iter|  Inner_Iter|    rms[Rho]|   rms[RhoE]|      rms[k]|      rms[w]|
+-----------------------------------------------------------------------------+
|        4515|           0|   -1.480072|    4.488212|    2.220387|    5.432907|
|        4515|          25|   -5.431053|    1.471346|   -1.429552|    5.422459|
|        4515|          29|   -5.452783|    1.459939|   -1.547079|    5.417487|
+-----------------------------------------------------------------------------+
|   Time_Iter|  Inner_Iter|    rms[Rho]|   rms[RhoE]|      rms[k]|      rms[w]|
+-----------------------------------------------------------------------------+
|        4516|           0|   -1.480053|    4.488216|    2.220223|    5.426797|
|        4516|          25|   -5.431110|    1.473281|   -1.433377|    5.408519|
|        4516|          29|   -5.453973|    1.460685|   -1.553504|    5.401850|
+-----------------------------------------------------------------------------+
|   Time_Iter|  Inner_Iter|    rms[Rho]|   rms[RhoE]|      rms[k]|      rms[w]|
+-----------------------------------------------------------------------------+
|        4517|           0|   -1.480035|    4.488107|    2.220069|    5.411379|
|        4517|          25|   -5.436823|    1.468433|   -1.439272|    5.384394|
|        4517|          29|   -5.461173|    1.454550|   -1.562166|    5.376992|
+-----------------------------------------------------------------------------+
|   Time_Iter|  Inner_Iter|    rms[Rho]|   rms[RhoE]|      rms[k]|      rms[w]|
+-----------------------------------------------------------------------------+
|        4518|           0|   -1.480020|    4.487691|    2.219908|    5.387029|
|        4518|          25|   -5.447784|    1.457022|   -1.447226|    5.356516|
|        4518|          29|   -5.473879|    1.441836|   -1.572924|    5.347894|
+-----------------------------------------------------------------------------+
|   Time_Iter|  Inner_Iter|    rms[Rho]|   rms[RhoE]|      rms[k]|      rms[w]|
+-----------------------------------------------------------------------------+
|        4519|           0|   -1.480007|    4.487066|    2.219720|    5.358239|
|        4519|          25|   -5.461157|    1.441851|   -1.454888|    5.325302|
|        4519|          29|   -5.489086|    1.425412|   -1.582870|    5.318365|
+-----------------------------------------------------------------------------+
|   Time_Iter|  Inner_Iter|    rms[Rho]|   rms[RhoE]|      rms[k]|      rms[w]|
+-----------------------------------------------------------------------------+
|        4520|           0|   -1.479993|    4.486629|    2.219490|    5.329544|
|        4520|          25|   -5.476493|    1.423384|   -1.460982|    5.304461|
|        4520|          29|   -5.506168|    1.405972|   -1.589341|    5.298653|
+-----------------------------------------------------------------------+
|        File Writing Summary       |              Filename             |
+-----------------------------------------------------------------------+
|Paraview ASCII surface             |wall_npr20_production_cfl2_i30_from520_04520.vtk|
|CSV file                           |wall_npr20_production_cfl2_i30_from520_04520.csv|
+-----------------------------------------------------------------------+
+-----------------------------------------------------------------------------+
|   Time_Iter|  Inner_Iter|    rms[Rho]|   rms[RhoE]|      rms[k]|      rms[w]|
+-----------------------------------------------------------------------------+
|        4521|           0|   -1.479977|    4.486219|    2.219246|    5.310119|
|        4521|          25|   -5.494829|    1.400561|   -1.463166|    5.298315|
|        4521|          29|   -5.526617|    1.382064|   -1.590115|    5.292011|
+-----------------------------------------------------------------------------+
|   Time_Iter|  Inner_Iter|    rms[Rho]|   rms[RhoE]|      rms[k]|      rms[w]|
+-----------------------------------------------------------------------------+
|        4522|           0|   -1.479962|    4.485787|    2.218987|    5.302256|
|        4522|          25|   -5.508313|    1.382150|   -1.461520|    5.284123|
|        4522|          29|   -5.540127|    1.364475|   -1.585627|    5.279969|
+-----------------------------------------------------------------------------+
|   Time_Iter|  Inner_Iter|    rms[Rho]|   rms[RhoE]|      rms[k]|      rms[w]|
+-----------------------------------------------------------------------------+
|        4523|           0|   -1.479947|    4.485365|    2.218689|    5.289998|
|        4523|          25|   -5.512788|    1.373823|   -1.457228|    5.293683|
|        4523|          29|   -5.543539|    1.357689|   -1.578397|    5.292543|
+-----------------------------------------------------------------------------+
|   Time_Iter|  Inner_Iter|    rms[Rho]|   rms[RhoE]|      rms[k]|      rms[w]|
+-----------------------------------------------------------------------------+
|        4524|           0|   -1.479939|    4.484392|    2.218367|    5.302456|
|        4524|          25|   -5.509206|    1.375629|   -1.449627|    5.319230|
|        4524|          29|   -5.538088|    1.361365|   -1.568517|    5.319419|
+-----------------------------------------------------------------------------+
|   Time_Iter|  Inner_Iter|    rms[Rho]|   rms[RhoE]|      rms[k]|      rms[w]|
+-----------------------------------------------------------------------------+
|        4525|           0|   -1.479931|    4.483397|    2.218066|    5.328833|
|        4525|          25|   -5.498857|    1.386439|   -1.443221|    5.350405|
|        4525|          29|   -5.525477|    1.374030|   -1.560792|    5.350806|
+-----------------------------------------------------------------------------+
|   Time_Iter|  Inner_Iter|    rms[Rho]|   rms[RhoE]|      rms[k]|      rms[w]|
+-----------------------------------------------------------------------------+
|        4526|           0|   -1.479922|    4.482562|    2.217792|    5.359772|
|        4526|          25|   -5.483989|    1.403586|   -1.436528|    5.379656|
|        4526|          29|   -5.508428|    1.392630|   -1.553620|    5.379431|
+-----------------------------------------------------------------------------+
|   Time_Iter|  Inner_Iter|    rms[Rho]|   rms[RhoE]|      rms[k]|      rms[w]|
+-----------------------------------------------------------------------------+
|        4527|           0|   -1.479912|    4.481918|    2.217535|    5.388128|
|        4527|          25|   -5.467764|    1.423092|   -1.432328|    5.402614|
|        4527|          29|   -5.490668|    1.412833|   -1.549084|    5.401120|
+-----------------------------------------------------------------------------+
|   Time_Iter|  Inner_Iter|    rms[Rho]|   rms[RhoE]|      rms[k]|      rms[w]|
+-----------------------------------------------------------------------------+
|        4528|           0|   -1.479897|    4.481701|    2.217300|    5.409723|
|        4528|          25|   -5.453203|    1.441179|   -1.430027|    5.416141|
|        4528|          29|   -5.475345|    1.430963|   -1.546394|    5.413253|
+-----------------------------------------------------------------------------+
|   Time_Iter|  Inner_Iter|    rms[Rho]|   rms[RhoE]|      rms[k]|      rms[w]|
+-----------------------------------------------------------------------------+
|        4529|           0|   -1.479884|    4.481404|    2.217076|    5.421938|
|        4529|          25|   -5.442482|    1.455152|   -1.430167|    5.418779|
|        4529|          29|   -5.464600|    1.444438|   -1.548909|    5.414466|
+-----------------------------------------------------------------------------+
|   Time_Iter|  Inner_Iter|    rms[Rho]|   rms[RhoE]|      rms[k]|      rms[w]|
+-----------------------------------------------------------------------------+
|        4530|           0|   -1.479869|    4.481238|    2.216867|    5.423394|
|        4530|          25|   -5.436972|    1.463294|   -1.431163|    5.412561|
|        4530|          29|   -5.459752|    1.451658|   -1.551265|    5.407473|
+-----------------------------------------------------------------------+
|        File Writing Summary       |              Filename             |
+-----------------------------------------------------------------------+
|Paraview ASCII surface             |wall_npr20_production_cfl2_i30_from520_04530.vtk|
|CSV file                           |wall_npr20_production_cfl2_i30_from520_04530.csv|
+-----------------------------------------------------------------------+
+-----------------------------------------------------------------------------+
|   Time_Iter|  Inner_Iter|    rms[Rho]|   rms[RhoE]|      rms[k]|      rms[w]|
+-----------------------------------------------------------------------------+
|        4531|           0|   -1.479850|    4.481395|    2.216663|    5.416825|
|        4531|          25|   -5.437438|    1.464582|   -1.435250|    5.398149|
|        4531|          29|   -5.461440|    1.451768|   -1.557834|    5.391466|
+-----------------------------------------------------------------------------+
|   Time_Iter|  Inner_Iter|    rms[Rho]|   rms[RhoE]|      rms[k]|      rms[w]|
+-----------------------------------------------------------------------------+
|        4532|           0|   -1.479828|    4.481833|    2.216471|    5.401044|
|        4532|          25|   -5.443325|    1.459321|   -1.440899|    5.374310|
|        4532|          29|   -5.468892|    1.445218|   -1.566264|    5.366956|
+-----------------------------------------------------------------------------+
|   Time_Iter|  Inner_Iter|    rms[Rho]|   rms[RhoE]|      rms[k]|      rms[w]|
+-----------------------------------------------------------------------------+
|        4533|           0|   -1.479806|    4.482281|    2.216286|    5.377026|
|        4533|          25|   -5.454223|    1.447728|   -1.448081|    5.346503|
|        4533|          29|   -5.481541|    1.432393|   -1.575962|    5.338010|
+-----------------------------------------------------------------------------+
|   Time_Iter|  Inner_Iter|    rms[Rho]|   rms[RhoE]|      rms[k]|      rms[w]|
+-----------------------------------------------------------------------------+
|        4534|           0|   -1.479782|    4.482781|    2.216103|    5.348373|
|        4534|          25|   -5.467433|    1.432468|   -1.454809|    5.316817|
|        4534|          29|   -5.496584|    1.415978|   -1.584502|    5.309739|
+-----------------------------------------------------------------------------+
|   Time_Iter|  Inner_Iter|    rms[Rho]|   rms[RhoE]|      rms[k]|      rms[w]|
+-----------------------------------------------------------------------------+
|        4535|           0|   -1.479757|    4.483315|    2.215921|    5.320882|
|        4535|          25|   -5.482484|    1.414113|   -1.460343|    5.296619|
|        4535|          29|   -5.513441|    1.396622|   -1.590121|    5.290857|
+-----------------------------------------------------------------------------+
|   Time_Iter|  Inner_Iter|    rms[Rho]|   rms[RhoE]|      rms[k]|      rms[w]|
+-----------------------------------------------------------------------------+
|        4536|           0|   -1.479730|    4.483950|    2.215749|    5.302304|
|        4536|          25|   -5.500535|    1.391415|   -1.462432|    5.290334|
|        4536|          29|   -5.533599|    1.372893|   -1.590979|    5.283881|
+-----------------------------------------------------------------------------+
|   Time_Iter|  Inner_Iter|    rms[Rho]|   rms[RhoE]|      rms[k]|      rms[w]|
+-----------------------------------------------------------------------------+
|        4537|           0|   -1.479704|    4.484494|    2.215547|    5.294085|
|        4537|          25|   -5.513530|    1.373402|   -1.460752|    5.276290|
|        4537|          29|   -5.546672|    1.355685|   -1.586892|    5.272174|
+-----------------------------------------------------------------------------+
|   Time_Iter|  Inner_Iter|    rms[Rho]|   rms[RhoE]|      rms[k]|      rms[w]|
+-----------------------------------------------------------------------------+
|        4538|           0|   -1.479682|    4.484574|    2.215342|    5.282235|
|        4538|          25|   -5.517914|    1.365214|   -1.456680|    5.285626|
|        4538|          29|   -5.549994|    1.349008|   -1.580110|    5.284396|
+-----------------------------------------------------------------------------+
|   Time_Iter|  Inner_Iter|    rms[Rho]|   rms[RhoE]|      rms[k]|      rms[w]|
+-----------------------------------------------------------------------------+
|        4539|           0|   -1.479663|    4.484397|    2.215129|    5.294319|
|        4539|          25|   -5.514374|    1.366983|   -1.450405|    5.310436|
|        4539|          29|   -5.544638|    1.352611|   -1.571514|    5.310512|
+-----------------------------------------------------------------------------+
|   Time_Iter|  Inner_Iter|    rms[Rho]|   rms[RhoE]|      rms[k]|      rms[w]|
+-----------------------------------------------------------------------------+
|        4540|           0|   -1.479645|    4.484114|    2.214908|    5.319958|
|        4540|          25|   -5.504272|    1.377572|   -1.444348|    5.340834|
|        4540|          29|   -5.532303|    1.365019|   -1.564252|    5.341143|
+-----------------------------------------------------------------------+
|        File Writing Summary       |              Filename             |
+-----------------------------------------------------------------------+
|Paraview ASCII surface             |wall_npr20_production_cfl2_i30_from520_04540.vtk|
|CSV file                           |wall_npr20_production_cfl2_i30_from520_04540.csv|
+-----------------------------------------------------------------------+
+-----------------------------------------------------------------------------+
|   Time_Iter|  Inner_Iter|    rms[Rho]|   rms[RhoE]|      rms[k]|      rms[w]|
+-----------------------------------------------------------------------------+
|        4541|           0|   -1.479629|    4.483803|    2.214656|    5.350148|
|        4541|          25|   -5.489767|    1.394390|   -1.438741|    5.369545|
|        4541|          29|   -5.515629|    1.383263|   -1.557673|    5.369273|
+-----------------------------------------------------------------------------+
|   Time_Iter|  Inner_Iter|    rms[Rho]|   rms[RhoE]|      rms[k]|      rms[w]|
+-----------------------------------------------------------------------------+
|        4542|           0|   -1.479612|    4.483575|    2.214389|    5.378010|
|        4542|          25|   -5.473861|    1.413582|   -1.434331|    5.392336|
|        4542|          29|   -5.498191|    1.403158|   -1.553282|    5.390846|
+-----------------------------------------------------------------------------+
|   Time_Iter|  Inner_Iter|    rms[Rho]|   rms[RhoE]|      rms[k]|      rms[w]|
+-----------------------------------------------------------------------------+
|        4543|           0|   -1.479595|    4.483354|    2.214133|    5.399483|
|        4543|          25|   -5.459525|    1.431466|   -1.432403|    5.406054|
|        4543|          29|   -5.483057|    1.421107|   -1.552170|    5.403219|
+-----------------------------------------------------------------------------+
|   Time_Iter|  Inner_Iter|    rms[Rho]|   rms[RhoE]|      rms[k]|      rms[w]|
+-----------------------------------------------------------------------------+
|        4544|           0|   -1.479580|    4.482979|    2.213873|    5.411927|
|        4544|          25|   -5.448831|    1.445464|   -1.432427|    5.409237|
|        4544|          29|   -5.472273|    1.434643|   -1.553117|    5.405025|
+-----------------------------------------------------------------------------+
|   Time_Iter|  Inner_Iter|    rms[Rho]|   rms[RhoE]|      rms[k]|      rms[w]|
+-----------------------------------------------------------------------------+
|        4545|           0|   -1.479565|    4.482619|    2.213617|    5.413963|
|        4545|          25|   -5.443090|    1.453890|   -1.433959|    5.403344|
|        4545|          29|   -5.467106|    1.442191|   -1.556123|    5.398528|
+-----------------------------------------------------------------------------+
|   Time_Iter|  Inner_Iter|    rms[Rho]|   rms[RhoE]|      rms[k]|      rms[w]|
+-----------------------------------------------------------------------------+
|        4546|           0|   -1.479548|    4.482395|    2.213377|    5.407919|
|        4546|          25|   -5.443169|    1.455626|   -1.437569|    5.390558|
|        4546|          29|   -5.468302|    1.442816|   -1.561685|    5.384064|
+-----------------------------------------------------------------------------+
|   Time_Iter|  Inner_Iter|    rms[Rho]|   rms[RhoE]|      rms[k]|      rms[w]|
+-----------------------------------------------------------------------------+
|        4547|           0|   -1.479533|    4.482096|    2.213149|    5.393637|
|        4547|          25|   -5.448599|    1.450914|   -1.442611|    5.367925|
|        4547|          29|   -5.475187|    1.436896|   -1.569378|    5.360692|
+-----------------------------------------------------------------------------+
|   Time_Iter|  Inner_Iter|    rms[Rho]|   rms[RhoE]|      rms[k]|      rms[w]|
+-----------------------------------------------------------------------------+
|        4548|           0|   -1.479518|    4.481770|    2.212941|    5.370730|
|        4548|          25|   -5.458883|    1.439958|   -1.449368|    5.341693|
|        4548|          29|   -5.487231|    1.424716|   -1.578335|    5.333336|
+-----------------------------------------------------------------------------+
|   Time_Iter|  Inner_Iter|    rms[Rho]|   rms[RhoE]|      rms[k]|      rms[w]|
+-----------------------------------------------------------------------------+
|        4549|           0|   -1.479503|    4.481419|    2.212729|    5.343631|
|        4549|          25|   -5.471508|    1.425356|   -1.455630|    5.311695|
|        4549|          29|   -5.501701|    1.408919|   -1.586404|    5.304813|
+-----------------------------------------------------------------------+
|        File Writing Summary       |              Filename             |
+-----------------------------------------------------------------------+
|SU2 binary restart                 |restart_npr20_production_cfl2_i30_from520_04549.dat|
+-----------------------------------------------------------------------+
+-----------------------------------------------------------------------------+
|   Time_Iter|  Inner_Iter|    rms[Rho]|   rms[RhoE]|      rms[k]|      rms[w]|
+-----------------------------------------------------------------------------+
|        4550|           0|   -1.479486|    4.481321|    2.212527|    5.316028|
|        4550|          25|   -5.486021|    1.407524|   -1.460105|    5.290850|
|        4550|          29|   -5.517973|    1.390170|   -1.590815|    5.284975|
+-----------------------------------------------------------------------+
|        File Writing Summary       |              Filename             |
+-----------------------------------------------------------------------+
|SU2 binary restart                 |restart_npr20_production_cfl2_i30_from520_04550.dat|
|Paraview ASCII surface             |wall_npr20_production_cfl2_i30_from520_04550.vtk|
|CSV file                           |wall_npr20_production_cfl2_i30_from520_04550.csv|
+-----------------------------------------------------------------------+
+-----------------------------------------------------------------------------+
|   Time_Iter|  Inner_Iter|    rms[Rho]|   rms[RhoE]|      rms[k]|      rms[w]|
+-----------------------------------------------------------------------------+
|        4551|           0|   -1.479468|    4.481327|    2.212346|    5.296436|
|        4551|          25|   -5.503281|    1.385479|   -1.463110|    5.284607|
|        4551|          29|   -5.537547|    1.366955|   -1.593078|    5.278599|
+-----------------------------------------------------------------------------+
|   Time_Iter|  Inner_Iter|    rms[Rho]|   rms[RhoE]|      rms[k]|      rms[w]|
+-----------------------------------------------------------------------------+
|        4552|           0|   -1.479449|    4.481351|    2.212183|    5.289010|
|        4552|          25|   -5.516949|    1.366465|   -1.462118|    5.268905|
|        4552|          29|   -5.551638|    1.348570|   -1.589938|    5.264240|
+-----------------------------------------------------------------------------+
|   Time_Iter|  Inner_Iter|    rms[Rho]|   rms[RhoE]|      rms[k]|      rms[w]|
+-----------------------------------------------------------------------------+
|        4553|           0|   -1.479431|    4.481248|    2.212030|    5.274290|
|        4553|          25|   -5.522349|    1.356763|   -1.458553|    5.274376|
|        4553|          29|   -5.556312|    1.340244|   -1.584009|    5.272695|
+-----------------------------------------------------------------------------+
|   Time_Iter|  Inner_Iter|    rms[Rho]|   rms[RhoE]|      rms[k]|      rms[w]|
+-----------------------------------------------------------------------------+
|        4554|           0|   -1.479413|    4.481188|    2.211883|    5.282702|
|        4554|          25|   -5.519979|    1.356919|   -1.452683|    5.296638|
|        4554|          29|   -5.552375|    1.342133|   -1.575046|    5.296468|
+-----------------------------------------------------------------------------+
|   Time_Iter|  Inner_Iter|    rms[Rho]|   rms[RhoE]|      rms[k]|      rms[w]|
+-----------------------------------------------------------------------------+
|        4555|           0|   -1.479398|    4.480792|    2.211722|    5.306033|
|        4555|          25|   -5.511091|    1.365969|   -1.448204|    5.325771|
|        4555|          29|   -5.541348|    1.352988|   -1.569751|    5.326004|
+-----------------------------------------------------------------------------+
|   Time_Iter|  Inner_Iter|    rms[Rho]|   rms[RhoE]|      rms[k]|      rms[w]|
+-----------------------------------------------------------------------------+
|        4556|           0|   -1.479389|    4.479782|    2.211548|    5.335114|
|        4556|          25|   -5.497615|    1.381637|   -1.442754|    5.354627|
|        4556|          29|   -5.525643|    1.370148|   -1.563480|    5.354320|
+-----------------------------------------------------------------------------+
|   Time_Iter|  Inner_Iter|    rms[Rho]|   rms[RhoE]|      rms[k]|      rms[w]|
+-----------------------------------------------------------------------------+
|        4557|           0|   -1.479381|    4.478622|    2.211371|    5.363103|
|        4557|          25|   -5.482201|    1.400383|   -1.403692|    5.378415|
|        4557|          29|   -5.508504|    1.389723|   -1.501508|    5.377143|
+-----------------------------------------------------------------------------+
|   Time_Iter|  Inner_Iter|    rms[Rho]|   rms[RhoE]|      rms[k]|      rms[w]|
+-----------------------------------------------------------------------------+
|        4558|           0|   -1.479368|    4.477818|    2.211160|    5.385818|
|        4558|          25|   -5.467849|    1.418445|   -1.436355|    5.393903|
|        4558|          29|   -5.493108|    1.407975|   -1.557297|    5.391363|
+-----------------------------------------------------------------------------+
|   Time_Iter|  Inner_Iter|    rms[Rho]|   rms[RhoE]|      rms[k]|      rms[w]|
+-----------------------------------------------------------------------------+
|        4559|           0|   -1.479350|    4.477460|    2.210942|    5.400076|
|        4559|          25|   -5.456610|    1.433231|   -1.436133|    5.399327|
|        4559|          29|   -5.481536|    1.422415|   -1.558000|    5.395436|
+-----------------------------------------------------------------------------+
|   Time_Iter|  Inner_Iter|    rms[Rho]|   rms[RhoE]|      rms[k]|      rms[w]|
+-----------------------------------------------------------------------------+
|        4560|           0|   -1.479328|    4.477474|    2.210690|    5.404338|
|        4560|          25|   -5.449841|    1.442902|   -1.437340|    5.395282|
|        4560|          29|   -5.475067|    1.431378|   -1.560402|    5.390190|
+-----------------------------------------------------------------------+
|        File Writing Summary       |              Filename             |
+-----------------------------------------------------------------------+
|Paraview ASCII surface             |wall_npr20_production_cfl2_i30_from520_04560.vtk|
|CSV file                           |wall_npr20_production_cfl2_i30_from520_04560.csv|
+-----------------------------------------------------------------------+
+-----------------------------------------------------------------------------+
|   Time_Iter|  Inner_Iter|    rms[Rho]|   rms[RhoE]|      rms[k]|      rms[w]|
+-----------------------------------------------------------------------------+
|        4561|           0|   -1.479303|    4.477838|    2.210433|    5.399423|
|        4561|          25|   -5.448587|    1.446207|   -1.440007|    5.385284|
|        4561|          29|   -5.474772|    1.433617|   -1.564906|    5.379198|
+-----------------------------------------------------------------------------+
|   Time_Iter|  Inner_Iter|    rms[Rho]|   rms[RhoE]|      rms[k]|      rms[w]|
+-----------------------------------------------------------------------------+
|        4562|           0|   -1.479275|    4.478289|    2.210194|    5.388725|
|        4562|          25|   -5.452611|    1.443069|   -1.441451|    5.365571|
|        4562|          29|   -5.480216|    1.429277|   -1.565955|    5.358275|
+-----------------------------------------------------------------------------+
|   Time_Iter|  Inner_Iter|    rms[Rho]|   rms[RhoE]|      rms[k]|      rms[w]|
+-----------------------------------------------------------------------------+
|        4563|           0|   -1.479250|    4.478503|    2.209963|    5.368112|
|        4563|          25|   -5.461168|    1.434021|   -1.450268|    5.340513|
|        4563|          29|   -5.490638|    1.418870|   -1.579531|    5.332982|
+-----------------------------------------------------------------------------+
|   Time_Iter|  Inner_Iter|    rms[Rho]|   rms[RhoE]|      rms[k]|      rms[w]|
+-----------------------------------------------------------------------------+
|        4564|           0|   -1.479223|    4.478861|    2.209719|    5.343316|
|        4564|          25|   -5.472856|    1.420460|   -1.456322|    5.310872|
|        4564|          29|   -5.503994|    1.404359|   -1.587322|    5.303330|
+-----------------------------------------------------------------------------+
|   Time_Iter|  Inner_Iter|    rms[Rho]|   rms[RhoE]|      rms[k]|      rms[w]|
+-----------------------------------------------------------------------------+
|        4565|           0|   -1.479195|    4.479357|    2.209462|    5.314301|
|        4565|          25|   -5.486374|    1.403672|   -1.461317|    5.287969|
|        4565|          29|   -5.519392|    1.386628|   -1.592675|    5.281691|
+-----------------------------------------------------------------------------+
|   Time_Iter|  Inner_Iter|    rms[Rho]|   rms[RhoE]|      rms[k]|      rms[w]|
+-----------------------------------------------------------------------------+
|        4566|           0|   -1.479165|    4.479889|    2.209198|    5.293115|
|        4566|          25|   -5.501886|    1.383461|   -1.464094|    5.277584|
|        4566|          29|   -5.537532|    1.364955|   -1.595017|    5.274100|
+-----------------------------------------------------------------------------+
|   Time_Iter|  Inner_Iter|    rms[Rho]|   rms[RhoE]|      rms[k]|      rms[w]|
+-----------------------------------------------------------------------------+
|        4567|           0|   -1.479134|    4.480584|    2.208961|    5.285337|
|        4567|          25|   -5.517315|    1.362319|   -1.463822|    5.264225|
|        4567|          29|   -5.553969|    1.344120|   -1.592638|    5.258426|
+-----------------------------------------------------------------------------+
|   Time_Iter|  Inner_Iter|    rms[Rho]|   rms[RhoE]|      rms[k]|      rms[w]|
+-----------------------------------------------------------------------------+
|        4568|           0|   -1.479104|    4.481111|    2.208740|    5.268453|
|        4568|          25|   -5.525113|    1.349546|   -1.461390|    5.261619|
|        4568|          29|   -5.561549|    1.332440|   -1.588280|    5.259065|
+-----------------------------------------------------------------------------+
|   Time_Iter|  Inner_Iter|    rms[Rho]|   rms[RhoE]|      rms[k]|      rms[w]|
+-----------------------------------------------------------------------------+
|        4569|           0|   -1.479078|    4.481411|    2.208529|    5.269190|
|        4569|          25|   -5.525325|    1.346379|   -1.375269|    5.278665|
|        4569|          29|   -5.560497|    1.330870|   -1.452537|    5.278045|
+-----------------------------------------------------------------------------+
|   Time_Iter|  Inner_Iter|    rms[Rho]|   rms[RhoE]|      rms[k]|      rms[w]|
+-----------------------------------------------------------------------------+
|        4570|           0|   -1.479057|    4.481345|    2.208337|    5.287820|
|        4570|          25|   -5.518868|    1.352333|   -1.451702|    5.305403|
|        4570|          29|   -5.552054|    1.338605|   -1.574727|    5.305483|
+-----------------------------------------------------------------------+
|        File Writing Summary       |              Filename             |
+-----------------------------------------------------------------------+
|Paraview ASCII surface             |wall_npr20_production_cfl2_i30_from520_04570.vtk|
|CSV file                           |wall_npr20_production_cfl2_i30_from520_04570.csv|
+-----------------------------------------------------------------------+
+-----------------------------------------------------------------------------+
|   Time_Iter|  Inner_Iter|    rms[Rho]|   rms[RhoE]|      rms[k]|      rms[w]|
+-----------------------------------------------------------------------------+
|        4571|           0|   -1.479039|    4.480998|    2.208153|    5.314779|
|        4571|          25|   -5.507310|    1.365689|   -1.446867|    5.334585|
|        4571|          29|   -5.538206|    1.353571|   -1.568739|    5.334438|
+-----------------------------------------------------------------------------+
|   Time_Iter|  Inner_Iter|    rms[Rho]|   rms[RhoE]|      rms[k]|      rms[w]|
+-----------------------------------------------------------------------------+
|        4572|           0|   -1.479022|    4.480591|    2.207970|    5.343314|
|        4572|          25|   -5.492801|    1.383484|   -1.442427|    5.359916|
|        4572|          29|   -5.521648|    1.372443|   -1.563805|    5.359049|
+-----------------------------------------------------------------------------+
|   Time_Iter|  Inner_Iter|    rms[Rho]|   rms[RhoE]|      rms[k]|      rms[w]|
+-----------------------------------------------------------------------------+
|        4573|           0|   -1.479005|    4.480236|    2.207794|    5.367792|
|        4573|          25|   -5.478348|    1.401837|   -1.438660|    5.378480|
|        4573|          29|   -5.505756|    1.391224|   -1.559708|    5.376477|
+-----------------------------------------------------------------------------+
|   Time_Iter|  Inner_Iter|    rms[Rho]|   rms[RhoE]|      rms[k]|      rms[w]|
+-----------------------------------------------------------------------------+
|        4574|           0|   -1.478985|    4.479995|    2.207625|    5.385202|
|        4574|          25|   -5.466045|    1.417909|   -1.438642|    5.387796|
|        4574|          29|   -5.492763|    1.407167|   -1.560979|    5.384440|
+-----------------------------------------------------------------------------+
|   Time_Iter|  Inner_Iter|    rms[Rho]|   rms[RhoE]|      rms[k]|      rms[w]|
+-----------------------------------------------------------------------------+
|        4575|           0|   -1.478964|    4.479821|    2.207445|    5.393280|
|        4575|          25|   -5.457523|    1.429627|   -1.420520|    5.387677|
|        4575|          29|   -5.484262|    1.418321|   -1.530792|    5.383111|
+-----------------------------------------------------------------------------+
|   Time_Iter|  Inner_Iter|    rms[Rho]|   rms[RhoE]|      rms[k]|      rms[w]|
+-----------------------------------------------------------------------------+
|        4576|           0|   -1.478942|    4.479767|    2.207257|    5.392221|
|        4576|          25|   -5.453860|    1.435649|   -1.440554|    5.380649|
|        4576|          29|   -5.481291|    1.423426|   -1.565205|    5.375356|
+-----------------------------------------------------------------------------+
|   Time_Iter|  Inner_Iter|    rms[Rho]|   rms[RhoE]|      rms[k]|      rms[w]|
+-----------------------------------------------------------------------------+
|        4577|           0|   -1.478921|    4.479648|    2.207071|    5.384840|
|        4577|          25|   -5.455386|    1.435347|   -1.443720|    5.365642|
|        4577|          29|   -5.484082|    1.422005|   -1.570285|    5.359006|
+-----------------------------------------------------------------------------+
|   Time_Iter|  Inner_Iter|    rms[Rho]|   rms[RhoE]|      rms[k]|      rms[w]|
+-----------------------------------------------------------------------------+
|        4578|           0|   -1.478903|    4.479324|    2.206891|    5.368724|
|        4578|          25|   -5.461562|    1.429118|   -1.448255|    5.343129|
|        4578|          29|   -5.491931|    1.414550|   -1.576608|    5.335895|
+-----------------------------------------------------------------------------+
|   Time_Iter|  Inner_Iter|    rms[Rho]|   rms[RhoE]|      rms[k]|      rms[w]|
+-----------------------------------------------------------------------------+
|        4579|           0|   -1.478887|    4.478786|    2.206717|    5.346044|
|        4579|          25|   -5.471739|    1.417382|   -1.453510|    5.315979|
|        4579|          29|   -5.503910|    1.401764|   -1.583619|    5.307841|
+-----------------------------------------------------------------------------+
|   Time_Iter|  Inner_Iter|    rms[Rho]|   rms[RhoE]|      rms[k]|      rms[w]|
+-----------------------------------------------------------------------------+
|        4580|           0|   -1.478875|    4.477911|    2.206531|    5.318375|
|        4580|          25|   -5.483915|    1.402304|   -1.458329|    5.290146|
|        4580|          29|   -5.518014|    1.385696|   -1.589631|    5.283156|
+-----------------------------------------------------------------------+
|        File Writing Summary       |              Filename             |
+-----------------------------------------------------------------------+
|Paraview ASCII surface             |wall_npr20_production_cfl2_i30_from520_04580.vtk|
|CSV file                           |wall_npr20_production_cfl2_i30_from520_04580.csv|
+-----------------------------------------------------------------------+
+-----------------------------------------------------------------------------+
|   Time_Iter|  Inner_Iter|    rms[Rho]|   rms[RhoE]|      rms[k]|      rms[w]|
+-----------------------------------------------------------------------------+
|        4581|           0|   -1.478866|    4.476826|    2.206341|    5.294320|
|        4581|          25|   -5.497511|    1.384456|   -1.461497|    5.271948|
|        4581|          29|   -5.533675|    1.366885|   -1.592652|    5.266268|
+-----------------------------------------------------------------------------+
|   Time_Iter|  Inner_Iter|    rms[Rho]|   rms[RhoE]|      rms[k]|      rms[w]|
+-----------------------------------------------------------------------------+
|        4582|           0|   -1.478856|    4.475770|    2.206128|    5.277672|
|        4582|          25|   -5.513686|    1.362482|   -1.462382|    5.265130|
|        4582|          29|   -5.552241|    1.343974|   -1.592291|    5.258491|
+-----------------------------------------------------------------------------+
|   Time_Iter|  Inner_Iter|    rms[Rho]|   rms[RhoE]|      rms[k]|      rms[w]|
+-----------------------------------------------------------------------------+
|        4583|           0|   -1.478841|    4.475126|    2.205929|    5.268678|
|        4583|          25|   -5.524959|    1.345403|   -1.460963|    5.251178|
|        4583|          29|   -5.564046|    1.327567|   -1.589055|    5.246951|
+-----------------------------------------------------------------------------+
|   Time_Iter|  Inner_Iter|    rms[Rho]|   rms[RhoE]|      rms[k]|      rms[w]|
+-----------------------------------------------------------------------------+
|        4584|           0|   -1.478824|    4.474680|    2.205734|    5.257109|
|        4584|          25|   -5.528946|    1.337201|   -1.457506|    5.258587|
|        4584|          29|   -5.567375|    1.320702|   -1.583490|    5.256971|
+-----------------------------------------------------------------------------+
|   Time_Iter|  Inner_Iter|    rms[Rho]|   rms[RhoE]|      rms[k]|      rms[w]|
+-----------------------------------------------------------------------------+
|        4585|           0|   -1.478806|    4.474383|    2.205527|    5.267006|
|        4585|          25|   -5.526115|    1.338334|   -1.452960|    5.280499|
|        4585|          29|   -5.562914|    1.323515|   -1.577295|    5.280177|
+-----------------------------------------------------------------------------+
|   Time_Iter|  Inner_Iter|    rms[Rho]|   rms[RhoE]|      rms[k]|      rms[w]|
+-----------------------------------------------------------------------------+
|        4586|           0|   -1.478787|    4.474270|    2.205327|    5.289763|
|        4586|          25|   -5.517422|    1.347804|   -1.447967|    5.308272|
|        4586|          29|   -5.552040|    1.334694|   -1.570869|    5.308288|
+-----------------------------------------------------------------------------+
|   Time_Iter|  Inner_Iter|    rms[Rho]|   rms[RhoE]|      rms[k]|      rms[w]|
+-----------------------------------------------------------------------------+
|        4587|           0|   -1.478766|    4.474286|    2.205132|    5.317444|
|        4587|          25|   -5.504674|    1.363304|   -1.443388|    5.335487|
|        4587|          29|   -5.537023|    1.351577|   -1.565584|    5.334985|
+-----------------------------------------------------------------------------+
|   Time_Iter|  Inner_Iter|    rms[Rho]|   rms[RhoE]|      rms[k]|      rms[w]|
+-----------------------------------------------------------------------------+
|        4588|           0|   -1.478742|    4.474490|    2.204940|    5.343837|
|        4588|          25|   -5.490399|    1.381419|   -1.439836|    5.357943|
|        4588|          29|   -5.520917|    1.370458|   -1.561911|    5.356525|
+-----------------------------------------------------------------------------+
|   Time_Iter|  Inner_Iter|    rms[Rho]|   rms[RhoE]|      rms[k]|      rms[w]|
+-----------------------------------------------------------------------------+
|        4589|           0|   -1.478717|    4.474892|    2.204757|    5.365275|
|        4589|          25|   -5.477044|    1.398765|   -1.437746|    5.372687|
|        4589|          29|   -5.506427|    1.387974|   -1.560224|    5.370083|
+-----------------------------------------------------------------------------+
|   Time_Iter|  Inner_Iter|    rms[Rho]|   rms[RhoE]|      rms[k]|      rms[w]|
+-----------------------------------------------------------------------------+
|        4590|           0|   -1.478688|    4.475527|    2.204583|    5.378866|
|        4590|          25|   -5.466474|    1.413023|   -1.437323|    5.378045|
|        4590|          29|   -5.495423|    1.401910|   -1.560548|    5.374210|
+-----------------------------------------------------------------------+
|        File Writing Summary       |              Filename             |
+-----------------------------------------------------------------------+
|Paraview ASCII surface             |wall_npr20_production_cfl2_i30_from520_04590.vtk|
|CSV file                           |wall_npr20_production_cfl2_i30_from520_04590.csv|
+-----------------------------------------------------------------------+
+-----------------------------------------------------------------------------+
|   Time_Iter|  Inner_Iter|    rms[Rho]|   rms[RhoE]|      rms[k]|      rms[w]|
+-----------------------------------------------------------------------------+
|        4591|           0|   -1.478658|    4.476244|    2.204410|    5.383173|
|        4591|          25|   -5.459911|    1.422486|   -1.438261|    5.374731|
|        4591|          29|   -5.489082|    1.410709|   -1.562493|    5.369788|
+-----------------------------------------------------------------------------+
|   Time_Iter|  Inner_Iter|    rms[Rho]|   rms[RhoE]|      rms[k]|      rms[w]|
+-----------------------------------------------------------------------------+
|        4592|           0|   -1.478628|    4.476979|    2.204238|    5.379061|
|        4592|          25|   -5.458238|    1.426035|   -1.439901|    5.365908|
|        4592|          29|   -5.488319|    1.413276|   -1.565379|    5.360103|
+-----------------------------------------------------------------------------+
|   Time_Iter|  Inner_Iter|    rms[Rho]|   rms[RhoE]|      rms[k]|      rms[w]|
+-----------------------------------------------------------------------------+
|        4593|           0|   -1.478596|    4.477824|    2.204055|    5.369677|
|        4593|          25|   -5.461423|    1.423493|   -1.443290|    5.348262|
|        4593|          29|   -5.492924|    1.409592|   -1.570567|    5.341377|
+-----------------------------------------------------------------------------+
|   Time_Iter|  Inner_Iter|    rms[Rho]|   rms[RhoE]|      rms[k]|      rms[w]|
+-----------------------------------------------------------------------------+
|        4594|           0|   -1.478561|    4.478929|    2.203841|    5.351243|
|        4594|          25|   -5.468770|    1.415367|   -1.447514|    5.325060|
|        4594|          29|   -5.502106|    1.400226|   -1.576446|    5.317706|
+-----------------------------------------------------------------------------+
|   Time_Iter|  Inner_Iter|    rms[Rho]|   rms[RhoE]|      rms[k]|      rms[w]|
+-----------------------------------------------------------------------------+
|        4595|           0|   -1.478533|    4.479309|    2.203615|    5.327990|
|        4595|          25|   -5.479135|    1.402728|   -1.452053|    5.297146|
|        4595|          29|   -5.514270|    1.386667|   -1.582165|    5.289719|
+-----------------------------------------------------------------------------+
|   Time_Iter|  Inner_Iter|    rms[Rho]|   rms[RhoE]|      rms[k]|      rms[w]|
+-----------------------------------------------------------------------------+
|        4596|           0|   -1.478509|    4.479232|    2.203402|    5.300570|
|        4596|          25|   -5.491255|    1.386958|   -1.455658|    5.274392|
|        4596|          29|   -5.528390|    1.369983|   -1.586379|    5.267986|
+-----------------------------------------------------------------------------+
|   Time_Iter|  Inner_Iter|    rms[Rho]|   rms[RhoE]|      rms[k]|      rms[w]|
+-----------------------------------------------------------------------------+
|        4597|           0|   -1.478486|    4.479095|    2.203202|    5.279368|
|        4597|          25|   -5.504749|    1.368469|   -1.457671|    5.260272|
|        4597|          29|   -5.544489|    1.350087|   -1.587864|    5.256842|
+-----------------------------------------------------------------------------+
|   Time_Iter|  Inner_Iter|    rms[Rho]|   rms[RhoE]|      rms[k]|      rms[w]|
+-----------------------------------------------------------------------------+
|        4598|           0|   -1.478464|    4.478869|    2.203002|    5.268739|
|        4598|          25|   -5.519859|    1.346877|   -1.457577|    5.250499|
|        4598|          29|   -5.561279|    1.328454|   -1.586402|    5.244138|
+-----------------------------------------------------------------------------+
|   Time_Iter|  Inner_Iter|    rms[Rho]|   rms[RhoE]|      rms[k]|      rms[w]|
+-----------------------------------------------------------------------------+
|        4599|           0|   -1.478443|    4.478613|    2.202795|    5.254228|
|        4599|          25|   -5.528448|    1.332444|   -1.455718|    5.242197|
|        4599|          29|   -5.570244|    1.314822|   -1.582861|    5.238810|
+-----------------------------------------------------------------------+
|        File Writing Summary       |              Filename             |
+-----------------------------------------------------------------------+
|SU2 binary restart                 |restart_npr20_production_cfl2_i30_from520_04599.dat|
+-----------------------------------------------------------------------+
+-----------------------------------------------------------------------------+
|   Time_Iter|  Inner_Iter|    rms[Rho]|   rms[RhoE]|      rms[k]|      rms[w]|
+-----------------------------------------------------------------------------+
|        4600|           0|   -1.478424|    4.478239|    2.202588|    5.249036|
|        4600|          25|   -5.530362|    1.326794|   -1.452292|    5.253745|
|        4600|          29|   -5.571374|    1.310551|   -1.577638|    5.252488|
+-----------------------------------------------------------------------+
|        File Writing Summary       |              Filename             |
+-----------------------------------------------------------------------+
|SU2 binary restart                 |restart_npr20_production_cfl2_i30_from520_04600.dat|
|Paraview ASCII                     |flow_npr20_production_cfl2_i30_from520_04600.vtk|
|Paraview ASCII surface             |wall_npr20_production_cfl2_i30_from520_04600.vtk|
|CSV file                           |wall_npr20_production_cfl2_i30_from520_04600.csv|
+-----------------------------------------------------------------------+
+-----------------------------------------------------------------------------+
|   Time_Iter|  Inner_Iter|    rms[Rho]|   rms[RhoE]|      rms[k]|      rms[w]|
+-----------------------------------------------------------------------------+
|        4601|           0|   -1.478406|    4.477692|    2.202371|    5.262465|
|        4601|          25|   -5.525986|    1.330066|   -1.448040|    5.276894|
|        4601|          29|   -5.565324|    1.315481|   -1.571773|    5.276597|
+-----------------------------------------------------------------------------+
|   Time_Iter|  Inner_Iter|    rms[Rho]|   rms[RhoE]|      rms[k]|      rms[w]|
+-----------------------------------------------------------------------------+
|        4602|           0|   -1.478391|    4.476916|    2.202162|    5.286110|
|        4602|          25|   -5.516534|    1.341012|   -1.443458|    5.304246|
|        4602|          29|   -5.553692|    1.328029|   -1.566175|    5.304110|
+-----------------------------------------------------------------------------+
|   Time_Iter|  Inner_Iter|    rms[Rho]|   rms[RhoE]|      rms[k]|      rms[w]|
+-----------------------------------------------------------------------------+
|        4603|           0|   -1.478378|    4.475961|    2.201971|    5.313226|
|        4603|          25|   -5.503746|    1.357134|   -1.439513|    5.329847|
|        4603|          29|   -5.538689|    1.345388|   -1.561699|    5.329199|
+-----------------------------------------------------------------------------+
|   Time_Iter|  Inner_Iter|    rms[Rho]|   rms[RhoE]|      rms[k]|      rms[w]|
+-----------------------------------------------------------------------------+
|        4604|           0|   -1.478363|    4.475246|    2.201790|    5.338078|
|        4604|          25|   -5.490122|    1.374963|   -1.436701|    5.350468|
|        4604|          29|   -5.523316|    1.363832|   -1.558857|    5.348849|
+-----------------------------------------------------------------------------+
|   Time_Iter|  Inner_Iter|    rms[Rho]|   rms[RhoE]|      rms[k]|      rms[w]|
+-----------------------------------------------------------------------------+
|        4605|           0|   -1.478346|    4.474665|    2.201619|    5.357650|
|        4605|          25|   -5.477806|    1.391471|   -1.435156|    5.363031|
|        4605|          29|   -5.509917|    1.380406|   -1.557683|    5.360163|
+-----------------------------------------------------------------------------+
|   Time_Iter|  Inner_Iter|    rms[Rho]|   rms[RhoE]|      rms[k]|      rms[w]|
+-----------------------------------------------------------------------------+
|        4606|           0|   -1.478331|    4.473987|    2.201454|    5.369009|
|        4606|          25|   -5.468321|    1.404638|   -1.435035|    5.366695|
|        4606|          29|   -5.500051|    1.393190|   -1.558307|    5.362669|
+-----------------------------------------------------------------------------+
|   Time_Iter|  Inner_Iter|    rms[Rho]|   rms[RhoE]|      rms[k]|      rms[w]|
+-----------------------------------------------------------------------------+
|        4607|           0|   -1.478314|    4.473613|    2.201281|    5.371716|
|        4607|          25|   -5.462787|    1.412949|   -1.435974|    5.362226|
|        4607|          29|   -5.494767|    1.400820|   -1.560059|    5.357167|
+-----------------------------------------------------------------------------+
|   Time_Iter|  Inner_Iter|    rms[Rho]|   rms[RhoE]|      rms[k]|      rms[w]|
+-----------------------------------------------------------------------------+
|        4608|           0|   -1.478290|    4.473786|    2.201101|    5.366535|
|        4608|          25|   -5.461928|    1.415426|   -1.437900|    5.352842|
|        4608|          29|   -5.494865|    1.402316|   -1.563187|    5.346930|
+-----------------------------------------------------------------------------+
|   Time_Iter|  Inner_Iter|    rms[Rho]|   rms[RhoE]|      rms[k]|      rms[w]|
+-----------------------------------------------------------------------------+
|        4609|           0|   -1.478263|    4.474164|    2.200920|    5.356573|
|        4609|          25|   -5.465588|    1.412050|   -1.440869|    5.334804|
|        4609|          29|   -5.499989|    1.397816|   -1.567615|    5.327948|
+-----------------------------------------------------------------------------+
|   Time_Iter|  Inner_Iter|    rms[Rho]|   rms[RhoE]|      rms[k]|      rms[w]|
+-----------------------------------------------------------------------------+
|        4610|           0|   -1.478237|    4.474453|    2.200741|    5.337891|
|        4610|          25|   -5.473100|    1.403329|   -1.444870|    5.311865|
|        4610|          29|   -5.509376|    1.387888|   -1.572759|    5.304513|
+-----------------------------------------------------------------------+
|        File Writing Summary       |              Filename             |
+-----------------------------------------------------------------------+
|Paraview ASCII surface             |wall_npr20_production_cfl2_i30_from520_04610.vtk|
|CSV file                           |wall_npr20_production_cfl2_i30_from520_04610.csv|
+-----------------------------------------------------------------------+
+-----------------------------------------------------------------------------+
|   Time_Iter|  Inner_Iter|    rms[Rho]|   rms[RhoE]|      rms[k]|      rms[w]|
+-----------------------------------------------------------------------------+
|        4611|           0|   -1.478217|    4.474209|    2.200572|    5.314866|
|        4611|          25|   -5.483027|    1.390631|   -1.448427|    5.284732|
|        4611|          29|   -5.521153|    1.374315|   -1.577049|    5.277784|
+-----------------------------------------------------------------------------+
|   Time_Iter|  Inner_Iter|    rms[Rho]|   rms[RhoE]|      rms[k]|      rms[w]|
+-----------------------------------------------------------------------------+
|        4612|           0|   -1.478197|    4.473924|    2.200419|    5.288821|
|        4612|          25|   -5.494573|    1.374906|   -1.451415|    5.263468|
|        4612|          29|   -5.534745|    1.357744|   -1.580538|    5.257295|
+-----------------------------------------------------------------------------+
|   Time_Iter|  Inner_Iter|    rms[Rho]|   rms[RhoE]|      rms[k]|      rms[w]|
+-----------------------------------------------------------------------------+
|        4613|           0|   -1.478180|    4.473391|    2.200274|    5.268710|
|        4613|          25|   -5.507538|    1.356235|   -1.453000|    5.251596|
|        4613|          29|   -5.550569|    1.337595|   -1.581460|    5.248642|
+-----------------------------------------------------------------------------+
|   Time_Iter|  Inner_Iter|    rms[Rho]|   rms[RhoE]|      rms[k]|      rms[w]|
+-----------------------------------------------------------------------------+
|        4614|           0|   -1.478161|    4.473029|    2.200125|    5.260152|
|        4614|          25|   -5.521272|    1.335467|   -1.452769|    5.239674|
|        4614|          29|   -5.565967|    1.316937|   -1.579939|    5.233484|
+-----------------------------------------------------------------------------+
|   Time_Iter|  Inner_Iter|    rms[Rho]|   rms[RhoE]|      rms[k]|      rms[w]|
+-----------------------------------------------------------------------------+
|        4615|           0|   -1.478140|    4.472775|    2.199986|    5.243623|
|        4615|          25|   -5.528923|    1.321775|   -1.450458|    5.232610|
|        4615|          29|   -5.574098|    1.304011|   -1.575783|    5.229286|
+-----------------------------------------------------------------------------+
|   Time_Iter|  Inner_Iter|    rms[Rho]|   rms[RhoE]|      rms[k]|      rms[w]|
+-----------------------------------------------------------------------------+
|        4616|           0|   -1.478117|    4.472712|    2.199834|    5.239561|
|        4616|          25|   -5.530333|    1.316551|   -1.447854|    5.244142|
|        4616|          29|   -5.574860|    1.300103|   -1.572017|    5.242807|
+-----------------------------------------------------------------------------+
|   Time_Iter|  Inner_Iter|    rms[Rho]|   rms[RhoE]|      rms[k]|      rms[w]|
+-----------------------------------------------------------------------------+
|        4617|           0|   -1.478092|    4.472775|    2.199685|    5.252818|
|        4617|          25|   -5.526024|    1.319948|   -1.444048|    5.266568|
|        4617|          29|   -5.568934|    1.305103|   -1.566789|    5.266152|
+-----------------------------------------------------------------------------+
|   Time_Iter|  Inner_Iter|    rms[Rho]|   rms[RhoE]|      rms[k]|      rms[w]|
+-----------------------------------------------------------------------------+
|        4618|           0|   -1.478065|    4.472958|    2.199530|    5.275710|
|        4618|          25|   -5.517029|    1.330736|   -1.438262|    5.293054|
|        4618|          29|   -5.557758|    1.317447|   -1.559543|    5.292798|
+-----------------------------------------------------------------------------+
|   Time_Iter|  Inner_Iter|    rms[Rho]|   rms[RhoE]|      rms[k]|      rms[w]|
+-----------------------------------------------------------------------------+
|        4619|           0|   -1.478038|    4.473244|    2.199381|    5.301965|
|        4619|          25|   -5.504961|    1.346498|   -1.436853|    5.317898|
|        4619|          29|   -5.543419|    1.334416|   -1.558026|    5.317166|
+-----------------------------------------------------------------------------+
|   Time_Iter|  Inner_Iter|    rms[Rho]|   rms[RhoE]|      rms[k]|      rms[w]|
+-----------------------------------------------------------------------------+
|        4620|           0|   -1.478008|    4.473717|    2.199238|    5.326098|
|        4620|          25|   -5.492148|    1.363887|   -1.434431|    5.338148|
|        4620|          29|   -5.528754|    1.352421|   -1.555380|    5.336465|
+-----------------------------------------------------------------------+
|        File Writing Summary       |              Filename             |
+-----------------------------------------------------------------------+
|Paraview ASCII surface             |wall_npr20_production_cfl2_i30_from520_04620.vtk|
|CSV file                           |wall_npr20_production_cfl2_i30_from520_04620.csv|
+-----------------------------------------------------------------------+
+-----------------------------------------------------------------------------+
|   Time_Iter|  Inner_Iter|    rms[Rho]|   rms[RhoE]|      rms[k]|      rms[w]|
+-----------------------------------------------------------------------------+
|        4621|           0|   -1.477978|    4.474299|    2.199083|    5.345309|
|        4621|          25|   -5.480551|    1.380028|   -1.433104|    5.350563|
|        4621|          29|   -5.515927|    1.368655|   -1.554600|    5.347715|
+-----------------------------------------------------------------------------+
|   Time_Iter|  Inner_Iter|    rms[Rho]|   rms[RhoE]|      rms[k]|      rms[w]|
+-----------------------------------------------------------------------------+
|        4622|           0|   -1.477947|    4.474939|    2.198886|    5.356605|
|        4622|          25|   -5.471596|    1.393017|   -1.432986|    5.354553|
|        4622|          29|   -5.506395|    1.381314|   -1.555068|    5.350598|
+-----------------------------------------------------------------------------+
|   Time_Iter|  Inner_Iter|    rms[Rho]|   rms[RhoE]|      rms[k]|      rms[w]|
+-----------------------------------------------------------------------------+
|        4623|           0|   -1.477915|    4.475632|    2.198686|    5.359677|
|        4623|          25|   -5.466219|    1.401377|   -1.425842|    5.350761|
|        4623|          29|   -5.501110|    1.389039|   -1.542805|    5.345815|
+-----------------------------------------------------------------------------+
|   Time_Iter|  Inner_Iter|    rms[Rho]|   rms[RhoE]|      rms[k]|      rms[w]|
+-----------------------------------------------------------------------------+
|        4624|           0|   -1.477882|    4.476398|    2.198483|    5.355199|
|        4624|          25|   -5.465083|    1.404206|   -1.435404|    5.342176|
|        4624|          29|   -5.500786|    1.390949|   -1.559105|    5.336478|
+-----------------------------------------------------------------------------+
|   Time_Iter|  Inner_Iter|    rms[Rho]|   rms[RhoE]|      rms[k]|      rms[w]|
+-----------------------------------------------------------------------------+
|        4625|           0|   -1.477851|    4.476904|    2.198265|    5.346156|
|        4625|          25|   -5.468143|    1.401388|   -1.436228|    5.325563|
|        4625|          29|   -5.505231|    1.387057|   -1.559673|    5.318872|
+-----------------------------------------------------------------------------+
|   Time_Iter|  Inner_Iter|    rms[Rho]|   rms[RhoE]|      rms[k]|      rms[w]|
+-----------------------------------------------------------------------------+
|        4626|           0|   -1.477825|    4.476929|    2.198031|    5.328827|
|        4626|          25|   -5.474799|    1.393393|   -1.430253|    5.303744|
|        4626|          29|   -5.513729|    1.377903|   -1.547752|    5.296535|
+-----------------------------------------------------------------------------+
|   Time_Iter|  Inner_Iter|    rms[Rho]|   rms[RhoE]|      rms[k]|      rms[w]|
+-----------------------------------------------------------------------------+
|        4627|           0|   -1.477802|    4.476662|    2.197797|    5.306862|
|        4627|          25|   -5.483902|    1.381338|   -1.442728|    5.277595|
|        4627|          29|   -5.524722|    1.364981|   -1.567643|    5.270489|
+-----------------------------------------------------------------------------+
|   Time_Iter|  Inner_Iter|    rms[Rho]|   rms[RhoE]|      rms[k]|      rms[w]|
+-----------------------------------------------------------------------------+
|        4628|           0|   -1.477781|    4.476240|    2.197570|    5.281456|
|        4628|          25|   -5.494554|    1.366314|   -1.447517|    5.256170|
|        4628|          29|   -5.537473|    1.349112|   -1.574103|    5.249825|
+-----------------------------------------------------------------------------+
|   Time_Iter|  Inner_Iter|    rms[Rho]|   rms[RhoE]|      rms[k]|      rms[w]|
+-----------------------------------------------------------------------------+
|        4629|           0|   -1.477761|    4.475750|    2.197364|    5.261208|
|        4629|          25|   -5.506125|    1.348873|   -1.448056|    5.241525|
|        4629|          29|   -5.551773|    1.330332|   -1.573417|    5.237779|
+-----------------------------------------------------------------------------+
|   Time_Iter|  Inner_Iter|    rms[Rho]|   rms[RhoE]|      rms[k]|      rms[w]|
+-----------------------------------------------------------------------------+
|        4630|           0|   -1.477745|    4.474976|    2.197180|    5.249832|
|        4630|          25|   -5.519602|    1.327872|   -1.449051|    5.232563|
|        4630|          29|   -5.567438|    1.309071|   -1.573988|    5.226022|
+-----------------------------------------------------------------------+
|        File Writing Summary       |              Filename             |
+-----------------------------------------------------------------------+
|Paraview ASCII surface             |wall_npr20_production_cfl2_i30_from520_04630.vtk|
|CSV file                           |wall_npr20_production_cfl2_i30_from520_04630.csv|
+-----------------------------------------------------------------------+
+-----------------------------------------------------------------------------+
|   Time_Iter|  Inner_Iter|    rms[Rho]|   rms[RhoE]|      rms[k]|      rms[w]|
+-----------------------------------------------------------------------------+
|        4631|           0|   -1.477729|    4.474168|    2.197021|    5.236222|
|        4631|          25|   -5.527815|    1.313020|   -1.447727|    5.221745|
|        4631|          29|   -5.576497|    1.294792|   -1.571262|    5.217813|
+-----------------------------------------------------------------------------+
|   Time_Iter|  Inner_Iter|    rms[Rho]|   rms[RhoE]|      rms[k]|      rms[w]|
+-----------------------------------------------------------------------------+
|        4632|           0|   -1.477714|    4.473306|    2.196878|    5.228154|
|        4632|          25|   -5.530412|    1.306031|   -1.445047|    5.229400|
|        4632|          29|   -5.578761|    1.288945|   -1.567363|    5.227608|
+-----------------------------------------------------------------------------+
|   Time_Iter|  Inner_Iter|    rms[Rho]|   rms[RhoE]|      rms[k]|      rms[w]|
+-----------------------------------------------------------------------------+
|        4633|           0|   -1.477700|    4.472398|    2.196742|    5.237768|
|        4633|          25|   -5.527654|    1.307421|   -1.442146|    5.249127|
|        4633|          29|   -5.574602|    1.291855|   -1.563098|    5.248434|
+-----------------------------------------------------------------------------+
|   Time_Iter|  Inner_Iter|    rms[Rho]|   rms[RhoE]|      rms[k]|      rms[w]|
+-----------------------------------------------------------------------------+
|        4634|           0|   -1.477685|    4.471442|    2.196619|    5.258161|
|        4634|          25|   -5.520281|    1.316386|   -1.439081|    5.274203|
|        4634|          29|   -5.565109|    1.302384|   -1.558777|    5.273847|
+-----------------------------------------------------------------------------+
|   Time_Iter|  Inner_Iter|    rms[Rho]|   rms[RhoE]|      rms[k]|      rms[w]|
+-----------------------------------------------------------------------------+
|        4635|           0|   -1.477669|    4.470636|    2.196509|    5.283165|
|        4635|          25|   -5.509804|    1.330794|   -1.435574|    5.299116|
|        4635|          29|   -5.552211|    1.318098|   -1.554966|    5.298347|
+-----------------------------------------------------------------------------+
|   Time_Iter|  Inner_Iter|    rms[Rho]|   rms[RhoE]|      rms[k]|      rms[w]|
+-----------------------------------------------------------------------------+
|        4636|           0|   -1.477649|    4.470085|    2.196401|    5.307370|
|        4636|          25|   -5.498039|    1.347608|   -1.433164|    5.320328|
|        4636|          29|   -5.538273|    1.335683|   -1.552369|    5.318880|
+-----------------------------------------------------------------------------+
|   Time_Iter|  Inner_Iter|    rms[Rho]|   rms[RhoE]|      rms[k]|      rms[w]|
+-----------------------------------------------------------------------------+
|        4637|           0|   -1.477624|    4.469947|    2.196273|    5.327802|
|        4637|          25|   -5.486840|    1.363847|   -1.431471|    5.334668|
|        4637|          29|   -5.525500|    1.352169|   -1.550857|    5.332117|
+-----------------------------------------------------------------------------+
|   Time_Iter|  Inner_Iter|    rms[Rho]|   rms[RhoE]|      rms[k]|      rms[w]|
+-----------------------------------------------------------------------------+
|        4638|           0|   -1.477596|    4.470023|    2.196119|    5.341038|
|        4638|          25|   -5.477641|    1.377478|   -1.417350|    5.340965|
|        4638|          29|   -5.515421|    1.365615|   -1.527458|    5.337340|
+-----------------------------------------------------------------------------+
|   Time_Iter|  Inner_Iter|    rms[Rho]|   rms[RhoE]|      rms[k]|      rms[w]|
+-----------------------------------------------------------------------------+
|        4639|           0|   -1.477564|    4.470420|    2.195967|    5.346407|
|        4639|          25|   -5.471577|    1.387096|   -1.432123|    5.339651|
|        4639|          29|   -5.509130|    1.374701|   -1.552519|    5.335043|
+-----------------------------------------------------------------------------+
|   Time_Iter|  Inner_Iter|    rms[Rho]|   rms[RhoE]|      rms[k]|      rms[w]|
+-----------------------------------------------------------------------------+
|        4640|           0|   -1.477528|    4.471150|    2.195824|    5.344371|
|        4640|          25|   -5.469168|    1.391679|   -1.433286|    5.332474|
|        4640|          29|   -5.507226|    1.378468|   -1.554404|    5.327476|
+-----------------------------------------------------------------------+
|        File Writing Summary       |              Filename             |
+-----------------------------------------------------------------------+
|Paraview ASCII surface             |wall_npr20_production_cfl2_i30_from520_04640.vtk|
|CSV file                           |wall_npr20_production_cfl2_i30_from520_04640.csv|
+-----------------------------------------------------------------------+
+-----------------------------------------------------------------------------+
|   Time_Iter|  Inner_Iter|    rms[Rho]|   rms[RhoE]|      rms[k]|      rms[w]|
+-----------------------------------------------------------------------------+
|        4641|           0|   -1.477492|    4.471708|    2.195687|    5.337195|
|        4641|          25|   -5.470902|    1.390741|   -1.435476|    5.319692|
|        4641|          29|   -5.510041|    1.376576|   -1.557485|    5.313396|
+-----------------------------------------------------------------------------+
|   Time_Iter|  Inner_Iter|    rms[Rho]|   rms[RhoE]|      rms[k]|      rms[w]|
+-----------------------------------------------------------------------------+
|        4642|           0|   -1.477459|    4.472148|    2.195556|    5.323277|
|        4642|          25|   -5.476125|    1.384713|   -1.436935|    5.300501|
|        4642|          29|   -5.516844|    1.369502|   -1.560641|    5.293464|
+-----------------------------------------------------------------------------+
|   Time_Iter|  Inner_Iter|    rms[Rho]|   rms[RhoE]|      rms[k]|      rms[w]|
+-----------------------------------------------------------------------------+
|        4643|           0|   -1.477429|    4.472255|    2.195397|    5.303646|
|        4643|          25|   -5.484243|    1.374145|   -1.430333|    5.276019|
|        4643|          29|   -5.526757|    1.358040|   -1.545666|    5.268735|
+-----------------------------------------------------------------------------+
|   Time_Iter|  Inner_Iter|    rms[Rho]|   rms[RhoE]|      rms[k]|      rms[w]|
+-----------------------------------------------------------------------------+
|        4644|           0|   -1.477402|    4.472146|    2.195225|    5.279420|
|        4644|          25|   -5.493959|    1.360564|   -1.444058|    5.253662|
|        4644|          29|   -5.538471|    1.343584|   -1.567409|    5.246968|
+-----------------------------------------------------------------------------+
|   Time_Iter|  Inner_Iter|    rms[Rho]|   rms[RhoE]|      rms[k]|      rms[w]|
+-----------------------------------------------------------------------------+
|        4645|           0|   -1.477375|    4.472077|    2.195040|    5.258153|
|        4645|          25|   -5.504686|    1.344515|   -1.445790|    5.236226|
|        4645|          29|   -5.551393|    1.326675|   -1.568899|    5.230398|
+-----------------------------------------------------------------------------+
|   Time_Iter|  Inner_Iter|    rms[Rho]|   rms[RhoE]|      rms[k]|      rms[w]|
+-----------------------------------------------------------------------------+
|        4646|           0|   -1.477346|    4.472120|    2.194862|    5.241855|
|        4646|          25|   -5.517558|    1.324514|   -1.446254|    5.229468|
|        4646|          29|   -5.567058|    1.305569|   -1.568628|    5.223192|
+-----------------------------------------------------------------------------+
|   Time_Iter|  Inner_Iter|    rms[Rho]|   rms[RhoE]|      rms[k]|      rms[w]|
+-----------------------------------------------------------------------------+
|        4647|           0|   -1.477319|    4.472146|    2.194688|    5.233754|
|        4647|          25|   -5.527911|    1.306880|   -1.445526|    5.212540|
|        4647|          29|   -5.578796|    1.288170|   -1.566649|    5.207335|
+-----------------------------------------------------------------------------+
|   Time_Iter|  Inner_Iter|    rms[Rho]|   rms[RhoE]|      rms[k]|      rms[w]|
+-----------------------------------------------------------------------------+
|        4648|           0|   -1.477291|    4.472218|    2.194514|    5.217699|
|        4648|          25|   -5.533177|    1.296122|   -1.443894|    5.211643|
|        4648|          29|   -5.584310|    1.278221|   -1.563876|    5.208816|
+-----------------------------------------------------------------------------+
|   Time_Iter|  Inner_Iter|    rms[Rho]|   rms[RhoE]|      rms[k]|      rms[w]|
+-----------------------------------------------------------------------------+
|        4649|           0|   -1.477261|    4.472469|    2.194351|    5.219194|
|        4649|          25|   -5.533537|    1.293265|   -1.441168|    5.225409|
|        4649|          29|   -5.583705|    1.276676|   -1.559857|    5.224113|
+-----------------------------------------------------------------------+
|        File Writing Summary       |              Filename             |
+-----------------------------------------------------------------------+
|SU2 binary restart                 |restart_npr20_production_cfl2_i30_from520_04649.dat|
+-----------------------------------------------------------------------+
+-----------------------------------------------------------------------------+
|   Time_Iter|  Inner_Iter|    rms[Rho]|   rms[RhoE]|      rms[k]|      rms[w]|
+-----------------------------------------------------------------------------+
|        4650|           0|   -1.477232|    4.472646|    2.194207|    5.234150|
|        4650|          25|   -5.529115|    1.298316|   -1.438340|    5.247478|
|        4650|          29|   -5.577393|    1.283281|   -1.556263|    5.246897|
+-----------------------------------------------------------------------+
|        File Writing Summary       |              Filename             |
+-----------------------------------------------------------------------+
|SU2 binary restart                 |restart_npr20_production_cfl2_i30_from520_04650.dat|
|Paraview ASCII surface             |wall_npr20_production_cfl2_i30_from520_04650.vtk|
|CSV file                           |wall_npr20_production_cfl2_i30_from520_04650.csv|
+-----------------------------------------------------------------------+
+-----------------------------------------------------------------------------+
|   Time_Iter|  Inner_Iter|    rms[Rho]|   rms[RhoE]|      rms[k]|      rms[w]|
+-----------------------------------------------------------------------------+
|        4651|           0|   -1.477204|    4.472774|    2.194066|    5.256503|
|        4651|          25|   -5.520949|    1.309806|   -1.435312|    5.272366|
|        4651|          29|   -5.566813|    1.296209|   -1.552652|    5.271807|
+-----------------------------------------------------------------------------+
|   Time_Iter|  Inner_Iter|    rms[Rho]|   rms[RhoE]|      rms[k]|      rms[w]|
+-----------------------------------------------------------------------------+
|        4652|           0|   -1.477176|    4.472921|    2.193933|    5.281053|
|        4652|          25|   -5.510407|    1.325338|   -1.433048|    5.295044|
|        4652|          29|   -5.553822|    1.312815|   -1.550123|    5.293943|
+-----------------------------------------------------------------------------+
|   Time_Iter|  Inner_Iter|    rms[Rho]|   rms[RhoE]|      rms[k]|      rms[w]|
+-----------------------------------------------------------------------------+
|        4653|           0|   -1.477148|    4.473164|    2.193794|    5.302997|
|        4653|          25|   -5.499524|    1.341709|   -1.431326|    5.313125|
|        4653|          29|   -5.540941|    1.329714|   -1.548465|    5.311127|
+-----------------------------------------------------------------------------+
|   Time_Iter|  Inner_Iter|    rms[Rho]|   rms[RhoE]|      rms[k]|      rms[w]|
+-----------------------------------------------------------------------------+
|        4654|           0|   -1.477121|    4.473348|    2.193660|    5.320099|
|        4654|          25|   -5.489853|    1.356573|   -1.430578|    5.323784|
|        4654|          29|   -5.529884|    1.344642|   -1.547938|    5.320760|
+-----------------------------------------------------------------------------+
|   Time_Iter|  Inner_Iter|    rms[Rho]|   rms[RhoE]|      rms[k]|      rms[w]|
+-----------------------------------------------------------------------------+
|        4655|           0|   -1.477093|    4.473621|    2.193523|    5.329797|
|        4655|          25|   -5.482483|    1.368356|   -1.430816|    5.326928|
|        4655|          29|   -5.521779|    1.356129|   -1.548497|    5.322911|
+-----------------------------------------------------------------------------+
|   Time_Iter|  Inner_Iter|    rms[Rho]|   rms[RhoE]|      rms[k]|      rms[w]|
+-----------------------------------------------------------------------------+
|        4656|           0|   -1.477065|    4.473823|    2.193382|    5.332134|
|        4656|          25|   -5.478207|    1.375844|   -1.431719|    5.323098|
|        4656|          29|   -5.517475|    1.363001|   -1.549924|    5.318195|
+-----------------------------------------------------------------------------+
|   Time_Iter|  Inner_Iter|    rms[Rho]|   rms[RhoE]|      rms[k]|      rms[w]|
+-----------------------------------------------------------------------------+
|        4657|           0|   -1.477044|    4.473391|    2.193229|    5.327708|
|        4657|          25|   -5.477634|    1.378249|   -1.433336|    5.314895|
|        4657|          29|   -5.517530|    1.364578|   -1.552176|    5.309430|
+-----------------------------------------------------------------------------+
|   Time_Iter|  Inner_Iter|    rms[Rho]|   rms[RhoE]|      rms[k]|      rms[w]|
+-----------------------------------------------------------------------------+
|        4658|           0|   -1.477026|    4.472633|    2.193072|    5.319257|
|        4658|          25|   -5.480828|    1.375445|   -1.435443|    5.299949|
|        4658|          29|   -5.521896|    1.360814|   -1.554963|    5.293483|
+-----------------------------------------------------------------------------+
|   Time_Iter|  Inner_Iter|    rms[Rho]|   rms[RhoE]|      rms[k]|      rms[w]|
+-----------------------------------------------------------------------------+
|        4659|           0|   -1.477006|    4.471934|    2.192923|    5.303527|
|        4659|          25|   -5.487202|    1.367885|   -1.438016|    5.280013|
|        4659|          29|   -5.529882|    1.352210|   -1.558131|    5.272981|
+-----------------------------------------------------------------------------+
|   Time_Iter|  Inner_Iter|    rms[Rho]|   rms[RhoE]|      rms[k]|      rms[w]|
+-----------------------------------------------------------------------------+
|        4660|           0|   -1.476985|    4.471300|    2.192774|    5.283333|
|        4660|          25|   -5.495717|    1.356633|   -1.440416|    5.255922|
|        4660|          29|   -5.540080|    1.340155|   -1.560555|    5.249058|
+-----------------------------------------------------------------------+
|        File Writing Summary       |              Filename             |
+-----------------------------------------------------------------------+
|Paraview ASCII surface             |wall_npr20_production_cfl2_i30_from520_04660.vtk|
|CSV file                           |wall_npr20_production_cfl2_i30_from520_04660.csv|
+-----------------------------------------------------------------------+
+-----------------------------------------------------------------------------+
|   Time_Iter|  Inner_Iter|    rms[Rho]|   rms[RhoE]|      rms[k]|      rms[w]|
+-----------------------------------------------------------------------------+
|        4661|           0|   -1.476964|    4.470600|    2.192636|    5.260009|
|        4661|          25|   -5.505637|    1.342521|   -1.442377|    5.235351|
|        4661|          29|   -5.551885|    1.325286|   -1.562698|    5.228965|
+-----------------------------------------------------------------------------+
|   Time_Iter|  Inner_Iter|    rms[Rho]|   rms[RhoE]|      rms[k]|      rms[w]|
+-----------------------------------------------------------------------------+
|        4662|           0|   -1.476942|    4.469907|    2.192501|    5.240354|
|        4662|          25|   -5.516579|    1.326118|   -1.443502|    5.220392|
|        4662|          29|   -5.564924|    1.308065|   -1.563332|    5.214688|
+-----------------------------------------------------------------------------+
|   Time_Iter|  Inner_Iter|    rms[Rho]|   rms[RhoE]|      rms[k]|      rms[w]|
+-----------------------------------------------------------------------------+
|        4663|           0|   -1.476917|    4.469495|    2.192368|    5.226154|
|        4663|          25|   -5.529590|    1.305876|   -1.443534|    5.212081|
|        4663|          29|   -5.580424|    1.286979|   -1.562604|    5.205394|
+-----------------------------------------------------------------------------+
|   Time_Iter|  Inner_Iter|    rms[Rho]|   rms[RhoE]|      rms[k]|      rms[w]|
+-----------------------------------------------------------------------------+
|        4664|           0|   -1.476890|    4.469298|    2.192230|    5.215819|
|        4664|          25|   -5.538722|    1.290022|   -1.442432|    5.197813|
|        4664|          29|   -5.590605|    1.271453|   -1.560538|    5.193084|
+-----------------------------------------------------------------------------+
|   Time_Iter|  Inner_Iter|    rms[Rho]|   rms[RhoE]|      rms[k]|      rms[w]|
+-----------------------------------------------------------------------------+
|        4665|           0|   -1.476862|    4.469156|    2.192084|    5.203579|
|        4665|          25|   -5.543150|    1.280870|   -1.440910|    5.199934|
|        4665|          29|   -5.595004|    1.263171|   -1.558130|    5.197353|
+-----------------------------------------------------------------------------+
|   Time_Iter|  Inner_Iter|    rms[Rho]|   rms[RhoE]|      rms[k]|      rms[w]|
+-----------------------------------------------------------------------------+
|        4666|           0|   -1.476834|    4.469104|    2.191935|    5.207784|
|        4666|          25|   -5.542741|    1.279371|   -1.438569|    5.214684|
|        4666|          29|   -5.593529|    1.262978|   -1.554837|    5.213407|
+-----------------------------------------------------------------------------+
|   Time_Iter|  Inner_Iter|    rms[Rho]|   rms[RhoE]|      rms[k]|      rms[w]|
+-----------------------------------------------------------------------------+
|        4667|           0|   -1.476806|    4.469011|    2.191766|    5.223465|
|        4667|          25|   -5.537939|    1.285406|   -1.435686|    5.236593|
|        4667|          29|   -5.586816|    1.270516|   -1.550889|    5.235935|
+-----------------------------------------------------------------------------+
|   Time_Iter|  Inner_Iter|    rms[Rho]|   rms[RhoE]|      rms[k]|      rms[w]|
+-----------------------------------------------------------------------------+
|        4668|           0|   -1.476778|    4.468840|    2.191608|    5.245575|
|        4668|          25|   -5.529772|    1.297366|   -1.433486|    5.260620|
|        4668|          29|   -5.576257|    1.283868|   -1.548368|    5.259793|
+-----------------------------------------------------------------------------+
|   Time_Iter|  Inner_Iter|    rms[Rho]|   rms[RhoE]|      rms[k]|      rms[w]|
+-----------------------------------------------------------------------------+
|        4669|           0|   -1.476749|    4.468810|    2.191458|    5.269073|
|        4669|          25|   -5.519511|    1.312848|   -1.431970|    5.282313|
|        4669|          29|   -5.563687|    1.300275|   -1.546562|    5.281095|
+-----------------------------------------------------------------------------+
|   Time_Iter|  Inner_Iter|    rms[Rho]|   rms[RhoE]|      rms[k]|      rms[w]|
+-----------------------------------------------------------------------------+
|        4670|           0|   -1.476717|    4.469073|    2.191318|    5.290225|
|        4670|          25|   -5.509143|    1.328733|   -1.430088|    5.299021|
|        4670|          29|   -5.551444|    1.316615|   -1.544977|    5.296864|
+-----------------------------------------------------------------------+
|        File Writing Summary       |              Filename             |
+-----------------------------------------------------------------------+
|Paraview ASCII surface             |wall_npr20_production_cfl2_i30_from520_04670.vtk|
|CSV file                           |wall_npr20_production_cfl2_i30_from520_04670.csv|
+-----------------------------------------------------------------------+
+-----------------------------------------------------------------------------+
|   Time_Iter|  Inner_Iter|    rms[Rho]|   rms[RhoE]|      rms[k]|      rms[w]|
+-----------------------------------------------------------------------------+
|        4671|           0|   -1.476681|    4.469658|    2.191187|    5.305923|
|        4671|          25|   -5.500133|    1.342938|   -1.429413|    5.308741|
|        4671|          29|   -5.541127|    1.330843|   -1.544515|    5.305612|
+-----------------------------------------------------------------------------+
|   Time_Iter|  Inner_Iter|    rms[Rho]|   rms[RhoE]|      rms[k]|      rms[w]|
+-----------------------------------------------------------------------------+
|        4672|           0|   -1.476643|    4.470368|    2.191068|    5.314743|
|        4672|          25|   -5.493425|    1.354055|   -1.429552|    5.311345|
|        4672|          29|   -5.533713|    1.341655|   -1.545020|    5.307277|
+-----------------------------------------------------------------------------+
|   Time_Iter|  Inner_Iter|    rms[Rho]|   rms[RhoE]|      rms[k]|      rms[w]|
+-----------------------------------------------------------------------------+
|        4673|           0|   -1.476605|    4.471065|    2.190955|    5.316593|
|        4673|          25|   -5.489711|    1.361012|   -1.430275|    5.307362|
|        4673|          29|   -5.529940|    1.348015|   -1.546161|    5.302459|
+-----------------------------------------------------------------------------+
|   Time_Iter|  Inner_Iter|    rms[Rho]|   rms[RhoE]|      rms[k]|      rms[w]|
+-----------------------------------------------------------------------------+
|        4674|           0|   -1.476572|    4.471316|    2.190840|    5.312059|
|        4674|          25|   -5.489471|    1.363106|   -1.431482|    5.299173|
|        4674|          29|   -5.530276|    1.349308|   -1.547796|    5.293820|
+-----------------------------------------------------------------------------+
|   Time_Iter|  Inner_Iter|    rms[Rho]|   rms[RhoE]|      rms[k]|      rms[w]|
+-----------------------------------------------------------------------------+
|        4675|           0|   -1.476540|    4.471469|    2.190725|    5.303745|
|        4675|          25|   -5.492665|    1.360212|   -1.433017|    5.285003|
|        4675|          29|   -5.534589|    1.345505|   -1.549854|    5.278639|
+-----------------------------------------------------------------------------+
|   Time_Iter|  Inner_Iter|    rms[Rho]|   rms[RhoE]|      rms[k]|      rms[w]|
+-----------------------------------------------------------------------------+
|        4676|           0|   -1.476513|    4.471220|    2.190616|    5.288754|
|        4676|          25|   -5.498945|    1.352772|   -1.434715|    5.266133|
|        4676|          29|   -5.542389|    1.337079|   -1.551916|    5.259040|
+-----------------------------------------------------------------------------+
|   Time_Iter|  Inner_Iter|    rms[Rho]|   rms[RhoE]|      rms[k]|      rms[w]|
+-----------------------------------------------------------------------------+
|        4677|           0|   -1.476487|    4.470903|    2.190517|    5.269423|
|        4677|          25|   -5.507036|    1.341868|   -1.436619|    5.242800|
|        4677|          29|   -5.552126|    1.325416|   -1.554112|    5.236269|
+-----------------------------------------------------------------------------+
|   Time_Iter|  Inner_Iter|    rms[Rho]|   rms[RhoE]|      rms[k]|      rms[w]|
+-----------------------------------------------------------------------------+
|        4678|           0|   -1.476462|    4.470599|    2.190424|    5.247240|
|        4678|          25|   -5.516319|    1.328231|   -1.437628|    5.222735|
|        4678|          29|   -5.563342|    1.311027|   -1.538320|    5.216391|
+-----------------------------------------------------------------------------+
|   Time_Iter|  Inner_Iter|    rms[Rho]|   rms[RhoE]|      rms[k]|      rms[w]|
+-----------------------------------------------------------------------------+
|        4679|           0|   -1.476436|    4.470331|    2.190334|    5.227829|
|        4679|          25|   -5.526442|    1.312327|   -1.438433|    5.207893|
|        4679|          29|   -5.575674|    1.294333|   -1.555320|    5.202121|
+-----------------------------------------------------------------------------+
|   Time_Iter|  Inner_Iter|    rms[Rho]|   rms[RhoE]|      rms[k]|      rms[w]|
+-----------------------------------------------------------------------------+
|        4680|           0|   -1.476410|    4.470099|    2.190240|    5.213638|
|        4680|          25|   -5.538601|    1.292610|   -1.437795|    5.199634|
|        4680|          29|   -5.590561|    1.273694|   -1.548927|    5.192975|
+-----------------------------------------------------------------------+
|        File Writing Summary       |              Filename             |
+-----------------------------------------------------------------------+
|Paraview ASCII surface             |wall_npr20_production_cfl2_i30_from520_04680.vtk|
|CSV file                           |wall_npr20_production_cfl2_i30_from520_04680.csv|
+-----------------------------------------------------------------------+
+-----------------------------------------------------------------------------+
|   Time_Iter|  Inner_Iter|    rms[Rho]|   rms[RhoE]|      rms[k]|      rms[w]|
+-----------------------------------------------------------------------------+
|        4681|           0|   -1.476383|    4.469965|    2.190157|    5.203539|
|        4681|          25|   -5.547537|    1.276528|   -1.436829|    5.184283|
|        4681|          29|   -5.600878|    1.257828|   -1.552221|    5.179340|
+-----------------------------------------------------------------------------+
|   Time_Iter|  Inner_Iter|    rms[Rho]|   rms[RhoE]|      rms[k]|      rms[w]|
+-----------------------------------------------------------------------------+
|        4682|           0|   -1.476352|    4.470098|    2.190067|    5.189940|
|        4682|          25|   -5.552292|    1.266606|   -1.435024|    5.184163|
|        4682|          29|   -5.605975|    1.248609|   -1.549503|    5.181239|
+-----------------------------------------------------------------------------+
|   Time_Iter|  Inner_Iter|    rms[Rho]|   rms[RhoE]|      rms[k]|      rms[w]|
+-----------------------------------------------------------------------------+
|        4683|           0|   -1.476320|    4.470231|    2.189973|    5.191813|
|        4683|          25|   -5.552668|    1.263860|   -1.432890|    5.196535|
|        4683|          29|   -5.605608|    1.247029|   -1.546657|    5.194951|
+-----------------------------------------------------------------------------+
|   Time_Iter|  Inner_Iter|    rms[Rho]|   rms[RhoE]|      rms[k]|      rms[w]|
+-----------------------------------------------------------------------------+
|        4684|           0|   -1.476290|    4.470323|    2.189876|    5.205184|
|        4684|          25|   -5.548840|    1.268469|   -1.430296|    5.216612|
|        4684|          29|   -5.600077|    1.253077|   -1.543399|    5.215756|
+-----------------------------------------------------------------------------+
|   Time_Iter|  Inner_Iter|    rms[Rho]|   rms[RhoE]|      rms[k]|      rms[w]|
+-----------------------------------------------------------------------------+
|        4685|           0|   -1.476257|    4.470579|    2.189783|    5.225575|
|        4685|          25|   -5.541560|    1.279207|   -1.427488|    5.239752|
|        4685|          29|   -5.590533|    1.265178|   -1.540079|    5.238976|
+-----------------------------------------------------------------------------+
|   Time_Iter|  Inner_Iter|    rms[Rho]|   rms[RhoE]|      rms[k]|      rms[w]|
+-----------------------------------------------------------------------------+
|        4686|           0|   -1.476222|    4.471014|    2.189662|    5.248422|
|        4686|          25|   -5.531958|    1.293892|   -1.425492|    5.261543|
|        4686|          29|   -5.578551|    1.280910|   -1.538058|    5.260406|
+-----------------------------------------------------------------------------+
|   Time_Iter|  Inner_Iter|    rms[Rho]|   rms[RhoE]|      rms[k]|      rms[w]|
+-----------------------------------------------------------------------------+
|        4687|           0|   -1.476187|    4.471476|    2.189514|    5.269657|
|        4687|          25|   -5.521834|    1.309524|   -1.424176|    5.279201|
|        4687|          29|   -5.566452|    1.297076|   -1.536766|    5.277212|
+-----------------------------------------------------------------------------+
|   Time_Iter|  Inner_Iter|    rms[Rho]|   rms[RhoE]|      rms[k]|      rms[w]|
+-----------------------------------------------------------------------------+
|        4688|           0|   -1.476154|    4.471826|    2.189351|    5.286364|
|        4688|          25|   -5.512632|    1.323922|   -1.422638|    5.290466|
|        4688|          29|   -5.555816|    1.311597|   -1.535458|    5.287572|
+-----------------------------------------------------------------------------+
|   Time_Iter|  Inner_Iter|    rms[Rho]|   rms[RhoE]|      rms[k]|      rms[w]|
+-----------------------------------------------------------------------------+
|        4689|           0|   -1.476123|    4.472034|    2.189183|    5.296759|
|        4689|          25|   -5.505438|    1.335604|   -1.421999|    5.294939|
|        4689|          29|   -5.547777|    1.323060|   -1.535134|    5.291133|
+-----------------------------------------------------------------------------+
|   Time_Iter|  Inner_Iter|    rms[Rho]|   rms[RhoE]|      rms[k]|      rms[w]|
+-----------------------------------------------------------------------------+
|        4690|           0|   -1.476095|    4.471912|    2.189014|    5.300467|
|        4690|          25|   -5.500675|    1.343637|   -1.422180|    5.292950|
|        4690|          29|   -5.542854|    1.330584|   -1.535594|    5.288316|
+-----------------------------------------------------------------------+
|        File Writing Summary       |              Filename             |
+-----------------------------------------------------------------------+
|Paraview ASCII surface             |wall_npr20_production_cfl2_i30_from520_04690.vtk|
|CSV file                           |wall_npr20_production_cfl2_i30_from520_04690.csv|
+-----------------------------------------------------------------------+
+-----------------------------------------------------------------------------+
|   Time_Iter|  Inner_Iter|    rms[Rho]|   rms[RhoE]|      rms[k]|      rms[w]|
+-----------------------------------------------------------------------------+
|        4691|           0|   -1.476074|    4.471181|    2.188852|    5.297895|
|        4691|          25|   -5.498933|    1.347233|   -1.422374|    5.285276|
|        4691|          29|   -5.541609|    1.333463|   -1.536051|    5.280256|
+-----------------------------------------------------------------------------+
|   Time_Iter|  Inner_Iter|    rms[Rho]|   rms[RhoE]|      rms[k]|      rms[w]|
+-----------------------------------------------------------------------------+
|        4692|           0|   -1.476052|    4.470433|    2.188693|    5.290305|
|        4692|          25|   -5.500641|    1.345876|   -1.423223|    5.274874|
|        4692|          29|   -5.544428|    1.331259|   -1.537334|    5.268879|
+-----------------------------------------------------------------------------+
|   Time_Iter|  Inner_Iter|    rms[Rho]|   rms[RhoE]|      rms[k]|      rms[w]|
+-----------------------------------------------------------------------------+
|        4693|           0|   -1.476030|    4.469818|    2.188550|    5.278978|
|        4693|          25|   -5.505055|    1.340204|   -1.423961|    5.257977|
|        4693|          29|   -5.550461|    1.324646|   -1.538297|    5.251549|
+-----------------------------------------------------------------------------+
|   Time_Iter|  Inner_Iter|    rms[Rho]|   rms[RhoE]|      rms[k]|      rms[w]|
+-----------------------------------------------------------------------------+
|        4694|           0|   -1.476009|    4.469158|    2.188408|    5.261957|
|        4694|          25|   -5.512017|    1.330508|   -1.424695|    5.236089|
|        4694|          29|   -5.559207|    1.314187|   -1.539206|    5.229028|
+-----------------------------------------------------------------------------+
|   Time_Iter|  Inner_Iter|    rms[Rho]|   rms[RhoE]|      rms[k]|      rms[w]|
+-----------------------------------------------------------------------------+
|        4695|           0|   -1.475986|    4.468636|    2.188268|    5.239818|
|        4695|          25|   -5.520193|    1.318272|   -1.424869|    5.216118|
|        4695|          29|   -5.569423|    1.301138|   -1.539001|    5.209563|
+-----------------------------------------------------------------------------+
|   Time_Iter|  Inner_Iter|    rms[Rho]|   rms[RhoE]|      rms[k]|      rms[w]|
+-----------------------------------------------------------------------------+
|        4696|           0|   -1.475962|    4.468337|    2.188137|    5.220877|
|        4696|          25|   -5.529462|    1.303634|   -1.422010|    5.199264|
|        4696|          29|   -5.580886|    1.285727|   -1.495731|    5.193390|
+-----------------------------------------------------------------------------+
|   Time_Iter|  Inner_Iter|    rms[Rho]|   rms[RhoE]|      rms[k]|      rms[w]|
+-----------------------------------------------------------------------------+
|        4697|           0|   -1.475936|    4.468147|    2.188015|    5.204989|
|        4697|          25|   -5.540517|    1.285563|   -1.424598|    5.191603|
|        4697|          29|   -5.594786|    1.266504|   -1.538261|    5.186005|
+-----------------------------------------------------------------------------+
|   Time_Iter|  Inner_Iter|    rms[Rho]|   rms[RhoE]|      rms[k]|      rms[w]|
+-----------------------------------------------------------------------------+
|        4698|           0|   -1.475910|    4.468028|    2.187913|    5.197083|
|        4698|          25|   -5.550720|    1.267683|   -1.423296|    5.174549|
|        4698|          29|   -5.606878|    1.248548|   -1.536340|    5.168567|
+-----------------------------------------------------------------------------+
|   Time_Iter|  Inner_Iter|    rms[Rho]|   rms[RhoE]|      rms[k]|      rms[w]|
+-----------------------------------------------------------------------------+
|        4699|           0|   -1.475885|    4.467778|    2.187828|    5.179195|
|        4699|          25|   -5.556977|    1.255024|   -1.421465|    5.167214|
|        4699|          29|   -5.614071|    1.236281|   -1.533865|    5.163316|
+-----------------------------------------------------------------------+
|        File Writing Summary       |              Filename             |
+-----------------------------------------------------------------------+
|SU2 binary restart                 |restart_npr20_production_cfl2_i30_from520_04699.dat|
+-----------------------------------------------------------------------+
+-----------------------------------------------------------------------------+
|   Time_Iter|  Inner_Iter|    rms[Rho]|   rms[RhoE]|      rms[k]|      rms[w]|
+-----------------------------------------------------------------------------+
|        4700|           0|   -1.475860|    4.467543|    2.187740|    5.174068|
|        4700|          25|   -5.559097|    1.248766|   -1.419395|    5.173567|
|        4700|          29|   -5.616116|    1.230889|   -1.531237|    5.171272|
+-----------------------------------------------------------------------+
|        File Writing Summary       |              Filename             |
+-----------------------------------------------------------------------+
|SU2 binary restart                 |restart_npr20_production_cfl2_i30_from520_04700.dat|
|Paraview ASCII                     |flow_npr20_production_cfl2_i30_from520_04700.vtk|
|Paraview ASCII surface             |wall_npr20_production_cfl2_i30_from520_04700.vtk|
|CSV file                           |wall_npr20_production_cfl2_i30_from520_04700.csv|
+-----------------------------------------------------------------------+
+-----------------------------------------------------------------------------+
|   Time_Iter|  Inner_Iter|    rms[Rho]|   rms[RhoE]|      rms[k]|      rms[w]|
+-----------------------------------------------------------------------------+
|        4701|           0|   -1.475834|    4.467343|    2.187669|    5.181803|
|        4701|          25|   -5.557216|    1.249543|   -1.416857|    5.189330|
|        4701|          29|   -5.613121|    1.232935|   -1.528171|    5.188029|
+-----------------------------------------------------------------------------+
|   Time_Iter|  Inner_Iter|    rms[Rho]|   rms[RhoE]|      rms[k]|      rms[w]|
+-----------------------------------------------------------------------------+
|        4702|           0|   -1.475808|    4.467169|    2.187616|    5.198163|
|        4702|          25|   -5.551654|    1.257056|   -1.414254|    5.210590|
|        4702|          29|   -5.605628|    1.241849|   -1.525169|    5.209718|
+-----------------------------------------------------------------------------+
|   Time_Iter|  Inner_Iter|    rms[Rho]|   rms[RhoE]|      rms[k]|      rms[w]|
+-----------------------------------------------------------------------------+
|        4703|           0|   -1.475778|    4.467180|    2.187578|    5.219452|
|        4703|          25|   -5.543161|    1.269648|   -1.411539|    5.232744|
|        4703|          29|   -5.594884|    1.255667|   -1.518823|    5.231699|
+-----------------------------------------------------------------------------+
|   Time_Iter|  Inner_Iter|    rms[Rho]|   rms[RhoE]|      rms[k]|      rms[w]|
+-----------------------------------------------------------------------------+
|        4704|           0|   -1.475746|    4.467417|    2.187538|    5.241143|
|        4704|          25|   -5.533239|    1.284785|   -1.409529|    5.252888|
|        4704|          29|   -5.582864|    1.271587|   -1.520242|    5.251333|
+-----------------------------------------------------------------------------+
|   Time_Iter|  Inner_Iter|    rms[Rho]|   rms[RhoE]|      rms[k]|      rms[w]|
+-----------------------------------------------------------------------------+
|        4705|           0|   -1.475712|    4.467732|    2.187497|    5.260605|
|        4705|          25|   -5.523470|    1.299814|   -1.407878|    5.267690|
|        4705|          29|   -5.571459|    1.286970|   -1.518718|    5.265327|
+-----------------------------------------------------------------------------+
|   Time_Iter|  Inner_Iter|    rms[Rho]|   rms[RhoE]|      rms[k]|      rms[w]|
+-----------------------------------------------------------------------------+
|        4706|           0|   -1.475676|    4.468156|    2.187457|    5.274558|
|        4706|          25|   -5.515077|    1.312973|   -1.406700|    5.276252|
|        4706|          29|   -5.562002|    1.300107|   -1.517658|    5.273002|
+-----------------------------------------------------------------------------+
|   Time_Iter|  Inner_Iter|    rms[Rho]|   rms[RhoE]|      rms[k]|      rms[w]|
+-----------------------------------------------------------------------------+
|        4707|           0|   -1.475638|    4.468663|    2.187412|    5.282305|
|        4707|          25|   -5.508887|    1.323105|   -1.405703|    5.278345|
|        4707|          29|   -5.555310|    1.309928|   -1.516921|    5.274246|
+-----------------------------------------------------------------------------+
|   Time_Iter|  Inner_Iter|    rms[Rho]|   rms[RhoE]|      rms[k]|      rms[w]|
+-----------------------------------------------------------------------------+
|        4708|           0|   -1.475604|    4.468823|    2.187358|    5.283724|
|        4708|          25|   -5.505314|    1.329407|   -1.405284|    5.274498|
|        4708|          29|   -5.551861|    1.315661|   -1.516733|    5.269656|
+-----------------------------------------------------------------------------+
|   Time_Iter|  Inner_Iter|    rms[Rho]|   rms[RhoE]|      rms[k]|      rms[w]|
+-----------------------------------------------------------------------------+
|        4709|           0|   -1.475569|    4.468959|    2.187294|    5.279396|
|        4709|          25|   -5.504778|    1.331284|   -1.405034|    5.266334|
|        4709|          29|   -5.552046|    1.316788|   -1.516757|    5.261351|
+-----------------------------------------------------------------------------+
|   Time_Iter|  Inner_Iter|    rms[Rho]|   rms[RhoE]|      rms[k]|      rms[w]|
+-----------------------------------------------------------------------------+
|        4710|           0|   -1.475538|    4.468869|    2.187202|    5.271466|
|        4710|          25|   -5.507391|    1.328502|   -1.405058|    5.254290|
|        4710|          29|   -5.555882|    1.313185|   -1.516970|    5.248125|
+-----------------------------------------------------------------------+
|        File Writing Summary       |              Filename             |
+-----------------------------------------------------------------------+
|Paraview ASCII surface             |wall_npr20_production_cfl2_i30_from520_04710.vtk|
|CSV file                           |wall_npr20_production_cfl2_i30_from520_04710.csv|
+-----------------------------------------------------------------------+
+-----------------------------------------------------------------------------+
|   Time_Iter|  Inner_Iter|    rms[Rho]|   rms[RhoE]|      rms[k]|      rms[w]|
+-----------------------------------------------------------------------------+
|        4711|           0|   -1.475509|    4.468670|    2.187111|    5.258346|
|        4711|          25|   -5.512394|    1.321688|   -1.405182|    5.237202|
|        4711|          29|   -5.562601|    1.305425|   -1.517366|    5.230501|
+-----------------------------------------------------------------------------+
|   Time_Iter|  Inner_Iter|    rms[Rho]|   rms[RhoE]|      rms[k]|      rms[w]|
+-----------------------------------------------------------------------------+
|        4712|           0|   -1.475479|    4.468545|    2.187014|    5.240979|
|        4712|          25|   -5.519078|    1.311601|   -1.404732|    5.215562|
|        4712|          29|   -5.571123|    1.294627|   -1.516783|    5.209098|
+-----------------------------------------------------------------------------+
|   Time_Iter|  Inner_Iter|    rms[Rho]|   rms[RhoE]|      rms[k]|      rms[w]|
+-----------------------------------------------------------------------------+
|        4713|           0|   -1.475447|    4.468538|    2.186916|    5.220140|
|        4713|          25|   -5.526779|    1.299061|   -1.404709|    5.196582|
|        4713|          29|   -5.580941|    1.281325|   -1.516760|    5.190165|
+-----------------------------------------------------------------------------+
|   Time_Iter|  Inner_Iter|    rms[Rho]|   rms[RhoE]|      rms[k]|      rms[w]|
+-----------------------------------------------------------------------------+
|        4714|           0|   -1.475415|    4.468615|    2.186805|    5.201613|
|        4714|          25|   -5.535373|    1.284314|   -1.403918|    5.181597|
|        4714|          29|   -5.591839|    1.265806|   -1.515758|    5.175813|
+-----------------------------------------------------------------------------+
|   Time_Iter|  Inner_Iter|    rms[Rho]|   rms[RhoE]|      rms[k]|      rms[w]|
+-----------------------------------------------------------------------------+
|        4715|           0|   -1.475381|    4.468838|    2.186684|    5.187437|
|        4715|          25|   -5.545475|    1.266022|   -1.402748|    5.173882|
|        4715|          29|   -5.604907|    1.246457|   -1.514204|    5.167470|
+-----------------------------------------------------------------------------+
|   Time_Iter|  Inner_Iter|    rms[Rho]|   rms[RhoE]|      rms[k]|      rms[w]|
+-----------------------------------------------------------------------------+
|        4716|           0|   -1.475346|    4.469191|    2.186567|    5.178334|
|        4716|          25|   -5.553631|    1.249634|   -1.401114|    5.157027|
|        4716|          29|   -5.614970|    1.230024|   -1.512080|    5.151473|
+-----------------------------------------------------------------------------+
|   Time_Iter|  Inner_Iter|    rms[Rho]|   rms[RhoE]|      rms[k]|      rms[w]|
+-----------------------------------------------------------------------------+
|        4717|           0|   -1.475311|    4.469590|    2.186453|    5.162237|
|        4717|          25|   -5.558240|    1.238337|   -1.399504|    5.152323|
|        4717|          29|   -5.620607|    1.219101|   -1.509855|    5.148693|
+-----------------------------------------------------------------------------+
|   Time_Iter|  Inner_Iter|    rms[Rho]|   rms[RhoE]|      rms[k]|      rms[w]|
+-----------------------------------------------------------------------------+
|        4718|           0|   -1.475276|    4.470023|    2.186347|    5.159527|
|        4718|          25|   -5.559165|    1.233229|   -1.396488|    5.159832|
|        4718|          29|   -5.621576|    1.214825|   -1.506240|    5.157594|
+-----------------------------------------------------------------------------+
|   Time_Iter|  Inner_Iter|    rms[Rho]|   rms[RhoE]|      rms[k]|      rms[w]|
+-----------------------------------------------------------------------------+
|        4719|           0|   -1.475243|    4.470262|    2.186252|    5.168161|
|        4719|          25|   -5.556701|    1.234832|   -1.394474|    5.175681|
|        4719|          29|   -5.618111|    1.217655|   -1.504184|    5.174339|
+-----------------------------------------------------------------------------+
|   Time_Iter|  Inner_Iter|    rms[Rho]|   rms[RhoE]|      rms[k]|      rms[w]|
+-----------------------------------------------------------------------------+
|        4720|           0|   -1.475210|    4.470509|    2.186169|    5.184508|
|        4720|          25|   -5.550994|    1.242788|   -1.391809|    5.196454|
|        4720|          29|   -5.610609|    1.226951|   -1.501148|    5.195488|
+-----------------------------------------------------------------------+
|        File Writing Summary       |              Filename             |
+-----------------------------------------------------------------------+
|Paraview ASCII surface             |wall_npr20_production_cfl2_i30_from520_04720.vtk|
|CSV file                           |wall_npr20_production_cfl2_i30_from520_04720.csv|
+-----------------------------------------------------------------------+
+-----------------------------------------------------------------------------+
|   Time_Iter|  Inner_Iter|    rms[Rho]|   rms[RhoE]|      rms[k]|      rms[w]|
+-----------------------------------------------------------------------------+
|        4721|           0|   -1.475180|    4.470620|    2.186084|    5.205266|
|        4721|          25|   -5.542983|    1.255439|   -1.389364|    5.217972|
|        4721|          29|   -5.600372|    1.240794|   -1.498641|    5.216853|
+-----------------------------------------------------------------------------+
|   Time_Iter|  Inner_Iter|    rms[Rho]|   rms[RhoE]|      rms[k]|      rms[w]|
+-----------------------------------------------------------------------------+
|        4722|           0|   -1.475151|    4.470654|    2.186007|    5.226341|
|        4722|          25|   -5.533947|    1.270293|   -1.387187|    5.237259|
|        4722|          29|   -5.589172|    1.256416|   -1.496511|    5.235601|
+-----------------------------------------------------------------------------+
|   Time_Iter|  Inner_Iter|    rms[Rho]|   rms[RhoE]|      rms[k]|      rms[w]|
+-----------------------------------------------------------------------------+
|        4723|           0|   -1.475121|    4.470731|    2.185939|    5.244935|
|        4723|          25|   -5.525184|    1.284888|   -1.385431|    5.251474|
|        4723|          29|   -5.578612|    1.271376|   -1.494776|    5.249049|
+-----------------------------------------------------------------------------+
|   Time_Iter|  Inner_Iter|    rms[Rho]|   rms[RhoE]|      rms[k]|      rms[w]|
+-----------------------------------------------------------------------------+
|        4724|           0|   -1.475090|    4.470876|    2.185873|    5.258343|
|        4724|          25|   -5.517579|    1.297596|   -1.382502|    5.259732|
|        4724|          29|   -5.569794|    1.284087|   -1.491123|    5.256466|
+-----------------------------------------------------------------------------+
|   Time_Iter|  Inner_Iter|    rms[Rho]|   rms[RhoE]|      rms[k]|      rms[w]|
+-----------------------------------------------------------------------------+
|        4725|           0|   -1.475060|    4.470951|    2.185815|    5.265828|
|        4725|          25|   -5.511833|    1.307354|   -1.382801|    5.261827|
|        4725|          29|   -5.563443|    1.293564|   -1.492563|    5.257751|
+-----------------------------------------------------------------------------+
|   Time_Iter|  Inner_Iter|    rms[Rho]|   rms[RhoE]|      rms[k]|      rms[w]|
+-----------------------------------------------------------------------------+
|        4726|           0|   -1.475035|    4.470506|    2.185765|    5.267279|
|        4726|          25|   -5.508499|    1.313451|   -1.381941|    5.258246|
|        4726|          29|   -5.560111|    1.299131|   -1.491944|    5.253460|
+-----------------------------------------------------------------------------+
|   Time_Iter|  Inner_Iter|    rms[Rho]|   rms[RhoE]|      rms[k]|      rms[w]|
+-----------------------------------------------------------------------------+
|        4727|           0|   -1.475011|    4.469937|    2.185705|    5.263242|
|        4727|          25|   -5.507713|    1.315360|   -1.381400|    5.249993|
|        4727|          29|   -5.559979|    1.300313|   -1.491639|    5.245232|
+-----------------------------------------------------------------------------+
|   Time_Iter|  Inner_Iter|    rms[Rho]|   rms[RhoE]|      rms[k]|      rms[w]|
+-----------------------------------------------------------------------------+
|        4728|           0|   -1.474986|    4.469390|    2.185642|    5.255428|
|        4728|          25|   -5.509714|    1.312748|   -1.381004|    5.239233|
|        4728|          29|   -5.563207|    1.296929|   -1.491369|    5.233216|
+-----------------------------------------------------------------------------+
|   Time_Iter|  Inner_Iter|    rms[Rho]|   rms[RhoE]|      rms[k]|      rms[w]|
+-----------------------------------------------------------------------------+
|        4729|           0|   -1.474960|    4.468961|    2.185579|    5.243472|
|        4729|          25|   -5.513849|    1.306356|   -1.380608|    5.223098|
|        4729|          29|   -5.569111|    1.289628|   -1.491139|    5.216494|
+-----------------------------------------------------------------------------+
|   Time_Iter|  Inner_Iter|    rms[Rho]|   rms[RhoE]|      rms[k]|      rms[w]|
+-----------------------------------------------------------------------------+
|        4730|           0|   -1.474934|    4.468459|    2.185511|    5.226991|
|        4730|          25|   -5.519477|    1.296768|   -1.380113|    5.202382|
|        4730|          29|   -5.576739|    1.279316|   -1.490606|    5.195941|
+-----------------------------------------------------------------------+
|        File Writing Summary       |              Filename             |
+-----------------------------------------------------------------------+
|Paraview ASCII surface             |wall_npr20_production_cfl2_i30_from520_04730.vtk|
|CSV file                           |wall_npr20_production_cfl2_i30_from520_04730.csv|
+-----------------------------------------------------------------------+
+-----------------------------------------------------------------------------+
|   Time_Iter|  Inner_Iter|    rms[Rho]|   rms[RhoE]|      rms[k]|      rms[w]|
+-----------------------------------------------------------------------------+
|        4731|           0|   -1.474907|    4.467972|    2.185429|    5.206945|
|        4731|          25|   -5.526133|    1.284857|   -1.379289|    5.183977|
|        4731|          29|   -5.585661|    1.266618|   -1.489680|    5.177470|
+-----------------------------------------------------------------------------+
|   Time_Iter|  Inner_Iter|    rms[Rho]|   rms[RhoE]|      rms[k]|      rms[w]|
+-----------------------------------------------------------------------------+
|        4732|           0|   -1.474880|    4.467567|    2.185355|    5.188875|
|        4732|          25|   -5.533518|    1.270784|   -1.378236|    5.168837|
|        4732|          29|   -5.595520|    1.251764|   -1.488349|    5.163016|
+-----------------------------------------------------------------------------+
|   Time_Iter|  Inner_Iter|    rms[Rho]|   rms[RhoE]|      rms[k]|      rms[w]|
+-----------------------------------------------------------------------------+
|        4733|           0|   -1.474853|    4.467084|    2.185277|    5.174648|
|        4733|          25|   -5.542354|    1.253411|   -1.376825|    5.161274|
|        4733|          29|   -5.607467|    1.233254|   -1.486614|    5.155166|
+-----------------------------------------------------------------------------+
|   Time_Iter|  Inner_Iter|    rms[Rho]|   rms[RhoE]|      rms[k]|      rms[w]|
+-----------------------------------------------------------------------------+
|        4734|           0|   -1.474827|    4.466678|    2.185205|    5.166186|
|        4734|          25|   -5.550035|    1.236968|   -1.375081|    5.144275|
|        4734|          29|   -5.617336|    1.216637|   -1.484606|    5.138483|
+-----------------------------------------------------------------------------+
|   Time_Iter|  Inner_Iter|    rms[Rho]|   rms[RhoE]|      rms[k]|      rms[w]|
+-----------------------------------------------------------------------------+
|        4735|           0|   -1.474800|    4.466206|    2.185142|    5.149287|
|        4735|          25|   -5.554768|    1.225126|   -1.373102|    5.137339|
|        4735|          29|   -5.623311|    1.205014|   -1.482240|    5.133368|
+-----------------------------------------------------------------------------+
|   Time_Iter|  Inner_Iter|    rms[Rho]|   rms[RhoE]|      rms[k]|      rms[w]|
+-----------------------------------------------------------------------------+
|        4736|           0|   -1.474773|    4.465811|    2.185095|    5.144290|
|        4736|          25|   -5.556309|    1.218949|   -1.370943|    5.142427|
|        4736|          29|   -5.625091|    1.199507|   -1.479791|    5.139864|
+-----------------------------------------------------------------------------+
|   Time_Iter|  Inner_Iter|    rms[Rho]|   rms[RhoE]|      rms[k]|      rms[w]|
+-----------------------------------------------------------------------------+
|        4737|           0|   -1.474744|    4.465502|    2.185041|    5.150569|
|        4737|          25|   -5.554678|    1.219083|   -1.368672|    5.156140|
|        4737|          29|   -5.622669|    1.200739|   -1.477252|    5.154534|
+-----------------------------------------------------------------------------+
|   Time_Iter|  Inner_Iter|    rms[Rho]|   rms[RhoE]|      rms[k]|      rms[w]|
+-----------------------------------------------------------------------------+
|        4738|           0|   -1.474713|    4.465364|    2.184998|    5.164859|
|        4738|          25|   -5.550248|    1.225462|   -1.366394|    5.175382|
|        4738|          29|   -5.616516|    1.208440|   -1.474787|    5.174274|
+-----------------------------------------------------------------------------+
|   Time_Iter|  Inner_Iter|    rms[Rho]|   rms[RhoE]|      rms[k]|      rms[w]|
+-----------------------------------------------------------------------------+
|        4739|           0|   -1.474681|    4.465308|    2.184966|    5.184203|
|        4739|          25|   -5.543320|    1.236834|   -1.364236|    5.196375|
|        4739|          29|   -5.607336|    1.221071|   -1.472555|    5.195289|
+-----------------------------------------------------------------------------+
|   Time_Iter|  Inner_Iter|    rms[Rho]|   rms[RhoE]|      rms[k]|      rms[w]|
+-----------------------------------------------------------------------------+
|        4740|           0|   -1.474648|    4.465361|    2.184942|    5.204902|
|        4740|          25|   -5.534903|    1.251038|   -1.362213|    5.216003|
|        4740|          29|   -5.596664|    1.236162|   -1.470554|    5.214476|
+-----------------------------------------------------------------------+
|        File Writing Summary       |              Filename             |
+-----------------------------------------------------------------------+
|Paraview ASCII surface             |wall_npr20_production_cfl2_i30_from520_04740.vtk|
|CSV file                           |wall_npr20_production_cfl2_i30_from520_04740.csv|
+-----------------------------------------------------------------------+
+-----------------------------------------------------------------------------+
|   Time_Iter|  Inner_Iter|    rms[Rho]|   rms[RhoE]|      rms[k]|      rms[w]|
+-----------------------------------------------------------------------------+
|        4741|           0|   -1.474614|    4.465639|    2.184898|    5.223901|
|        4741|          25|   -5.526415|    1.265522|   -1.360413|    5.231425|
|        4741|          29|   -5.586258|    1.251146|   -1.468778|    5.229208|
+-----------------------------------------------------------------------------+
|   Time_Iter|  Inner_Iter|    rms[Rho]|   rms[RhoE]|      rms[k]|      rms[w]|
+-----------------------------------------------------------------------------+
|        4742|           0|   -1.474576|    4.466134|    2.184858|    5.238550|
|        4742|          25|   -5.518717|    1.278574|   -1.358930|    5.241381|
|        4742|          29|   -5.577199|    1.264327|   -1.467443|    5.238380|
+-----------------------------------------------------------------------------+
|   Time_Iter|  Inner_Iter|    rms[Rho]|   rms[RhoE]|      rms[k]|      rms[w]|
+-----------------------------------------------------------------------------+
|        4743|           0|   -1.474540|    4.466553|    2.184825|    5.247752|
|        4743|          25|   -5.512623|    1.289024|   -1.357665|    5.245469|
|        4743|          29|   -5.570330|    1.274608|   -1.466283|    5.241680|
+-----------------------------------------------------------------------------+
|   Time_Iter|  Inner_Iter|    rms[Rho]|   rms[RhoE]|      rms[k]|      rms[w]|
+-----------------------------------------------------------------------------+
|        4744|           0|   -1.474503|    4.466937|    2.184804|    5.251182|
|        4744|          25|   -5.508480|    1.296226|   -1.356605|    5.243946|
|        4744|          29|   -5.566018|    1.281399|   -1.465332|    5.239438|
+-----------------------------------------------------------------------------+
|   Time_Iter|  Inner_Iter|    rms[Rho]|   rms[RhoE]|      rms[k]|      rms[w]|
+-----------------------------------------------------------------------------+
|        4745|           0|   -1.474467|    4.467325|    2.184791|    5.249158|
|        4745|          25|   -5.506721|    1.299449|   -1.355668|    5.237509|
|        4745|          29|   -5.564720|    1.284023|   -1.464533|    5.232401|
+-----------------------------------------------------------------------------+
|   Time_Iter|  Inner_Iter|    rms[Rho]|   rms[RhoE]|      rms[k]|      rms[w]|
+-----------------------------------------------------------------------------+
|        4746|           0|   -1.474432|    4.467543|    2.184786|    5.242408|
|        4746|          25|   -5.507443|    1.298532|   -1.354778|    5.228772|
|        4746|          29|   -5.566537|    1.282330|   -1.463796|    5.223210|
+-----------------------------------------------------------------------------+
|   Time_Iter|  Inner_Iter|    rms[Rho]|   rms[RhoE]|      rms[k]|      rms[w]|
+-----------------------------------------------------------------------------+
|        4747|           0|   -1.474398|    4.467628|    2.184786|    5.233447|
|        4747|          25|   -5.510436|    1.293742|   -1.354192|    5.214755|
|        4747|          29|   -5.571054|    1.276742|   -1.463224|    5.208702|
+-----------------------------------------------------------------------------+
|   Time_Iter|  Inner_Iter|    rms[Rho]|   rms[RhoE]|      rms[k]|      rms[w]|
+-----------------------------------------------------------------------------+
|        4748|           0|   -1.474364|    4.467791|    2.184783|    5.219159|
|        4748|          25|   -5.515188|    1.285366|   -1.353259|    5.196216|
|        4748|          29|   -5.577720|    1.267585|   -1.462400|    5.189526|
+-----------------------------------------------------------------------------+
|   Time_Iter|  Inner_Iter|    rms[Rho]|   rms[RhoE]|      rms[k]|      rms[w]|
+-----------------------------------------------------------------------------+
|        4749|           0|   -1.474328|    4.468063|    2.184794|    5.200281|
|        4749|          25|   -5.520726|    1.274898|   -1.352357|    5.177806|
|        4749|          29|   -5.585335|    1.256334|   -1.461449|    5.171457|
+-----------------------------------------------------------------------+
|        File Writing Summary       |              Filename             |
+-----------------------------------------------------------------------+
|SU2 binary restart                 |restart_npr20_production_cfl2_i30_from520_04749.dat|
+-----------------------------------------------------------------------+
+-----------------------------------------------------------------------------+
|   Time_Iter|  Inner_Iter|    rms[Rho]|   rms[RhoE]|      rms[k]|      rms[w]|
+-----------------------------------------------------------------------------+
|        4750|           0|   -1.474293|    4.468249|    2.184804|    5.182692|
|        4750|          25|   -5.527172|    1.262090|   -1.351306|    5.160803|
|        4750|          29|   -5.594072|    1.242738|   -1.460288|    5.154947|
+-----------------------------------------------------------------------+
|        File Writing Summary       |              Filename             |
+-----------------------------------------------------------------------+
|SU2 binary restart                 |restart_npr20_production_cfl2_i30_from520_04750.dat|
|Paraview ASCII surface             |wall_npr20_production_cfl2_i30_from520_04750.vtk|
|CSV file                           |wall_npr20_production_cfl2_i30_from520_04750.csv|
+-----------------------------------------------------------------------+
+-----------------------------------------------------------------------------+
|   Time_Iter|  Inner_Iter|    rms[Rho]|   rms[RhoE]|      rms[k]|      rms[w]|
+-----------------------------------------------------------------------------+
|        4751|           0|   -1.474257|    4.468516|    2.184820|    5.166565|
|        4751|          25|   -5.534137|    1.247121|   -1.350115|    5.148992|
|        4751|          29|   -5.603927|    1.226456|   -1.458558|    5.145598|
+-----------------------------------------------------------------------------+
|   Time_Iter|  Inner_Iter|    rms[Rho]|   rms[RhoE]|      rms[k]|      rms[w]|
+-----------------------------------------------------------------------------+
|        4752|           0|   -1.474220|    4.468883|    2.184834|    5.157453|
|        4752|          25|   -5.541758|    1.229661|   -1.348678|    5.137560|
|        4752|          29|   -5.614119|    1.208583|   -1.457263|    5.131116|
+-----------------------------------------------------------------------------+
|   Time_Iter|  Inner_Iter|    rms[Rho]|   rms[RhoE]|      rms[k]|      rms[w]|
+-----------------------------------------------------------------------------+
|        4753|           0|   -1.474181|    4.469372|    2.184854|    5.141914|
|        4753|          25|   -5.546688|    1.216032|   -1.347029|    5.124737|
|        4753|          29|   -5.620837|    1.194892|   -1.455329|    5.119853|
+-----------------------------------------------------------------------------+
|   Time_Iter|  Inner_Iter|    rms[Rho]|   rms[RhoE]|      rms[k]|      rms[w]|
+-----------------------------------------------------------------------------+
|        4754|           0|   -1.474144|    4.469676|    2.184854|    5.130790|
|        4754|          25|   -5.548925|    1.207193|   -1.345209|    5.123896|
|        4754|          29|   -5.623984|    1.186406|   -1.453244|    5.120595|
+-----------------------------------------------------------------------------+
|   Time_Iter|  Inner_Iter|    rms[Rho]|   rms[RhoE]|      rms[k]|      rms[w]|
+-----------------------------------------------------------------------------+
|        4755|           0|   -1.474110|    4.469771|    2.184844|    5.131489|
|        4755|          25|   -5.548503|    1.204069|   -1.343252|    5.132950|
|        4755|          29|   -5.623513|    1.184069|   -1.451077|    5.130803|
+-----------------------------------------------------------------------------+
|   Time_Iter|  Inner_Iter|    rms[Rho]|   rms[RhoE]|      rms[k]|      rms[w]|
+-----------------------------------------------------------------------------+
|        4756|           0|   -1.474077|    4.469736|    2.184791|    5.141396|
|        4756|          25|   -5.545408|    1.206991|   -1.341213|    5.148818|
|        4756|          29|   -5.619435|    1.188135|   -1.448798|    5.147391|
+-----------------------------------------------------------------------------+
|   Time_Iter|  Inner_Iter|    rms[Rho]|   rms[RhoE]|      rms[k]|      rms[w]|
+-----------------------------------------------------------------------------+
|        4757|           0|   -1.474044|    4.469750|    2.184723|    5.157592|
|        4757|          25|   -5.540034|    1.215410|   -1.339075|    5.168516|
|        4757|          29|   -5.612326|    1.197815|   -1.446491|    5.167360|
+-----------------------------------------------------------------------------+
|   Time_Iter|  Inner_Iter|    rms[Rho]|   rms[RhoE]|      rms[k]|      rms[w]|
+-----------------------------------------------------------------------------+
|        4758|           0|   -1.474010|    4.469892|    2.184649|    5.177190|
|        4758|          25|   -5.533124|    1.227832|   -1.337267|    5.188525|
|        4758|          29|   -5.603229|    1.211384|   -1.444717|    5.187216|
+-----------------------------------------------------------------------------+
|   Time_Iter|  Inner_Iter|    rms[Rho]|   rms[RhoE]|      rms[k]|      rms[w]|
+-----------------------------------------------------------------------------+
|        4759|           0|   -1.473975|    4.470069|    2.184574|    5.196799|
|        4759|          25|   -5.525602|    1.241908|   -1.335072|    5.206204|
|        4759|          29|   -5.593534|    1.226231|   -1.442733|    5.204373|
+-----------------------------------------------------------------------------+
|   Time_Iter|  Inner_Iter|    rms[Rho]|   rms[RhoE]|      rms[k]|      rms[w]|
+-----------------------------------------------------------------------------+
|        4760|           0|   -1.473939|    4.470327|    2.184502|    5.213795|
|        4760|          25|   -5.518241|    1.255584|   -1.333917|    5.219345|
|        4760|          29|   -5.584345|    1.240310|   -1.441458|    5.216830|
+-----------------------------------------------------------------------+
|        File Writing Summary       |              Filename             |
+-----------------------------------------------------------------------+
|Paraview ASCII surface             |wall_npr20_production_cfl2_i30_from520_04760.vtk|
|CSV file                           |wall_npr20_production_cfl2_i30_from520_04760.csv|
+-----------------------------------------------------------------------+
+-----------------------------------------------------------------------------+
|   Time_Iter|  Inner_Iter|    rms[Rho]|   rms[RhoE]|      rms[k]|      rms[w]|
+-----------------------------------------------------------------------------+
|        4761|           0|   -1.473904|    4.470543|    2.184436|    5.226211|
|        4761|          25|   -5.511923|    1.267394|   -1.277399|    5.227159|
|        4761|          29|   -5.576701|    1.252191|   -1.355910|    5.223895|
+-----------------------------------------------------------------------------+
|   Time_Iter|  Inner_Iter|    rms[Rho]|   rms[RhoE]|      rms[k]|      rms[w]|
+-----------------------------------------------------------------------------+
|        4762|           0|   -1.473870|    4.470661|    2.184376|    5.233337|
|        4762|          25|   -5.507086|    1.276432|   -1.331431|    5.229430|
|        4762|          29|   -5.571091|    1.261029|   -1.439319|    5.225429|
+-----------------------------------------------------------------------------+
|   Time_Iter|  Inner_Iter|    rms[Rho]|   rms[RhoE]|      rms[k]|      rms[w]|
+-----------------------------------------------------------------------------+
|        4763|           0|   -1.473840|    4.470536|    2.184326|    5.235024|
|        4763|          25|   -5.503957|    1.282185|   -1.330568|    5.226498|
|        4763|          29|   -5.567826|    1.266337|   -1.438572|    5.221841|
+-----------------------------------------------------------------------------+
|   Time_Iter|  Inner_Iter|    rms[Rho]|   rms[RhoE]|      rms[k]|      rms[w]|
+-----------------------------------------------------------------------------+
|        4764|           0|   -1.473814|    4.470120|    2.184282|    5.231668|
|        4764|          25|   -5.502747|    1.284080|   -1.329751|    5.219116|
|        4764|          29|   -5.567140|    1.267651|   -1.437867|    5.213916|
+-----------------------------------------------------------------------------+
|   Time_Iter|  Inner_Iter|    rms[Rho]|   rms[RhoE]|      rms[k]|      rms[w]|
+-----------------------------------------------------------------------------+
|        4765|           0|   -1.473789|    4.469661|    2.184221|    5.224030|
|        4765|          25|   -5.503594|    1.281963|   -1.329061|    5.209847|
|        4765|          29|   -5.569256|    1.264734|   -1.437193|    5.204138|
+-----------------------------------------------------------------------------+
|   Time_Iter|  Inner_Iter|    rms[Rho]|   rms[RhoE]|      rms[k]|      rms[w]|
+-----------------------------------------------------------------------------+
|        4766|           0|   -1.473765|    4.469153|    2.184158|    5.214441|
|        4766|          25|   -5.506166|    1.276404|   -1.328222|    5.195459|
|        4766|          29|   -5.573567|    1.258331|   -1.436422|    5.189164|
+-----------------------------------------------------------------------------+
|   Time_Iter|  Inner_Iter|    rms[Rho]|   rms[RhoE]|      rms[k]|      rms[w]|
+-----------------------------------------------------------------------------+
|        4767|           0|   -1.473741|    4.468592|    2.184113|    5.199666|
|        4767|          25|   -5.509996|    1.267799|   -1.327359|    5.177020|
|        4767|          29|   -5.579432|    1.248986|   -1.435521|    5.170611|
+-----------------------------------------------------------------------------+
|   Time_Iter|  Inner_Iter|    rms[Rho]|   rms[RhoE]|      rms[k]|      rms[w]|
+-----------------------------------------------------------------------------+
|        4768|           0|   -1.473715|    4.468111|    2.184084|    5.181500|
|        4768|          25|   -5.514504|    1.257204|   -1.326329|    5.159685|
|        4768|          29|   -5.586223|    1.237549|   -1.434375|    5.153226|
+-----------------------------------------------------------------------------+
|   Time_Iter|  Inner_Iter|    rms[Rho]|   rms[RhoE]|      rms[k]|      rms[w]|
+-----------------------------------------------------------------------------+
|        4769|           0|   -1.473688|    4.467629|    2.184064|    5.164470|
|        4769|          25|   -5.519796|    1.244453|   -1.325259|    5.143988|
|        4769|          29|   -5.593966|    1.223974|   -1.433195|    5.138255|
+-----------------------------------------------------------------------------+
|   Time_Iter|  Inner_Iter|    rms[Rho]|   rms[RhoE]|      rms[k]|      rms[w]|
+-----------------------------------------------------------------------------+
|        4770|           0|   -1.473661|    4.467227|    2.184059|    5.149888|
|        4770|          25|   -5.526029|    1.229143|   -1.323989|    5.135692|
|        4770|          29|   -5.603148|    1.207427|   -1.431731|    5.130730|
+-----------------------------------------------------------------------+
|        File Writing Summary       |              Filename             |
+-----------------------------------------------------------------------+
|Paraview ASCII surface             |wall_npr20_production_cfl2_i30_from520_04770.vtk|
|CSV file                           |wall_npr20_production_cfl2_i30_from520_04770.csv|
+-----------------------------------------------------------------------+
+-----------------------------------------------------------------------------+
|   Time_Iter|  Inner_Iter|    rms[Rho]|   rms[RhoE]|      rms[k]|      rms[w]|
+-----------------------------------------------------------------------------+
|        4771|           0|   -1.473634|    4.466779|    2.184064|    5.142112|
|        4771|          25|   -5.532142|    1.213001|   -1.316917|    5.120305|
|        4771|          29|   -5.611673|    1.190807|   -1.420976|    5.114128|
+-----------------------------------------------------------------------------+
|   Time_Iter|  Inner_Iter|    rms[Rho]|   rms[RhoE]|      rms[k]|      rms[w]|
+-----------------------------------------------------------------------------+
|        4772|           0|   -1.473606|    4.466356|    2.184080|    5.124979|
|        4772|          25|   -5.536030|    1.200611|   -1.321111|    5.109624|
|        4772|          29|   -5.617120|    1.178326|   -1.428583|    5.104943|
+-----------------------------------------------------------------------------+
|   Time_Iter|  Inner_Iter|    rms[Rho]|   rms[RhoE]|      rms[k]|      rms[w]|
+-----------------------------------------------------------------------------+
|        4773|           0|   -1.473578|    4.465920|    2.184094|    5.115940|
|        4773|          25|   -5.537799|    1.192830|   -1.319572|    5.110099|
|        4773|          29|   -5.619515|    1.170901|   -1.426900|    5.106905|
+-----------------------------------------------------------------------------+
|   Time_Iter|  Inner_Iter|    rms[Rho]|   rms[RhoE]|      rms[k]|      rms[w]|
+-----------------------------------------------------------------------------+
|        4774|           0|   -1.473550|    4.465501|    2.184107|    5.117808|
|        4774|          25|   -5.537108|    1.190510|   -1.318010|    5.119615|
|        4774|          29|   -5.618532|    1.169362|   -1.425211|    5.117490|
+-----------------------------------------------------------------------------+
|   Time_Iter|  Inner_Iter|    rms[Rho]|   rms[RhoE]|      rms[k]|      rms[w]|
+-----------------------------------------------------------------------------+
|        4775|           0|   -1.473519|    4.465260|    2.184120|    5.128086|
|        4775|          25|   -5.534120|    1.193870|   -1.316351|    5.135359|
|        4775|          29|   -5.614412|    1.173844|   -1.423451|    5.133896|
+-----------------------------------------------------------------------------+
|   Time_Iter|  Inner_Iter|    rms[Rho]|   rms[RhoE]|      rms[k]|      rms[w]|
+-----------------------------------------------------------------------------+
|        4776|           0|   -1.473486|    4.465249|    2.184148|    5.144107|
|        4776|          25|   -5.529016|    1.202303|   -1.314386|    5.154450|
|        4776|          29|   -5.607574|    1.183510|   -1.420932|    5.153294|
+-----------------------------------------------------------------------------+
|   Time_Iter|  Inner_Iter|    rms[Rho]|   rms[RhoE]|      rms[k]|      rms[w]|
+-----------------------------------------------------------------------------+
|        4777|           0|   -1.473450|    4.465495|    2.184181|    5.163163|
|        4777|          25|   -5.522429|    1.214430|   -1.313180|    5.173517|
|        4777|          29|   -5.598968|    1.196754|   -1.420174|    5.172135|
+-----------------------------------------------------------------------------+
|   Time_Iter|  Inner_Iter|    rms[Rho]|   rms[RhoE]|      rms[k]|      rms[w]|
+-----------------------------------------------------------------------------+
|        4778|           0|   -1.473411|    4.465957|    2.184199|    5.181746|
|        4778|          25|   -5.515204|    1.228024|   -1.310756|    5.190341|
|        4778|          29|   -5.589825|    1.211097|   -1.417125|    5.188428|
+-----------------------------------------------------------------------------+
|   Time_Iter|  Inner_Iter|    rms[Rho]|   rms[RhoE]|      rms[k]|      rms[w]|
+-----------------------------------------------------------------------------+
|        4779|           0|   -1.473373|    4.466369|    2.184196|    5.197891|
|        4779|          25|   -5.508351|    1.241164|   -1.310392|    5.202946|
|        4779|          29|   -5.581340|    1.224659|   -1.417395|    5.200397|
+-----------------------------------------------------------------------------+
|   Time_Iter|  Inner_Iter|    rms[Rho]|   rms[RhoE]|      rms[k]|      rms[w]|
+-----------------------------------------------------------------------------+
|        4780|           0|   -1.473337|    4.466547|    2.184192|    5.209819|
|        4780|          25|   -5.502438|    1.252504|   -1.309101|    5.210573|
|        4780|          29|   -5.574239|    1.236102|   -1.416179|    5.207318|
+-----------------------------------------------------------------------+
|        File Writing Summary       |              Filename             |
+-----------------------------------------------------------------------+
|Paraview ASCII surface             |wall_npr20_production_cfl2_i30_from520_04780.vtk|
|CSV file                           |wall_npr20_production_cfl2_i30_from520_04780.csv|
+-----------------------------------------------------------------------+
+-----------------------------------------------------------------------------+
|   Time_Iter|  Inner_Iter|    rms[Rho]|   rms[RhoE]|      rms[k]|      rms[w]|
+-----------------------------------------------------------------------------+
|        4781|           0|   -1.473303|    4.466630|    2.184192|    5.216797|
|        4781|          25|   -5.497984|    1.261185|   -1.308027|    5.212979|
|        4781|          29|   -5.569093|    1.244625|   -1.415190|    5.209027|
+-----------------------------------------------------------------------------+
|   Time_Iter|  Inner_Iter|    rms[Rho]|   rms[RhoE]|      rms[k]|      rms[w]|
+-----------------------------------------------------------------------------+
|        4782|           0|   -1.473270|    4.466681|    2.184198|    5.218651|
|        4782|          25|   -5.495201|    1.266758|   -1.307032|    5.210438|
|        4782|          29|   -5.566130|    1.249812|   -1.414266|    5.205857|
+-----------------------------------------------------------------------------+
|   Time_Iter|  Inner_Iter|    rms[Rho]|   rms[RhoE]|      rms[k]|      rms[w]|
+-----------------------------------------------------------------------------+
|        4783|           0|   -1.473238|    4.466696|    2.184211|    5.215702|
|        4783|          25|   -5.494215|    1.268634|   -1.306031|    5.203569|
|        4783|          29|   -5.565525|    1.251145|   -1.413271|    5.198453|
+-----------------------------------------------------------------------------+
|   Time_Iter|  Inner_Iter|    rms[Rho]|   rms[RhoE]|      rms[k]|      rms[w]|
+-----------------------------------------------------------------------------+
|        4784|           0|   -1.473209|    4.466532|    2.184234|    5.208574|
|        4784|          25|   -5.495142|    1.266749|   -1.305588|    5.194949|
|        4784|          29|   -5.567432|    1.248521|   -1.413067|    5.189421|
+-----------------------------------------------------------------------------+
|   Time_Iter|  Inner_Iter|    rms[Rho]|   rms[RhoE]|      rms[k]|      rms[w]|
+-----------------------------------------------------------------------------+
|        4785|           0|   -1.473178|    4.466453|    2.184261|    5.199741|
|        4785|          25|   -5.497446|    1.261570|   -1.304901|    5.181442|
|        4785|          29|   -5.571141|    1.242557|   -1.412471|    5.175320|
+-----------------------------------------------------------------------------+
|   Time_Iter|  Inner_Iter|    rms[Rho]|   rms[RhoE]|      rms[k]|      rms[w]|
+-----------------------------------------------------------------------------+
|        4786|           0|   -1.473146|    4.466541|    2.184292|    5.185823|
|        4786|          25|   -5.500723|    1.253490|   -1.304311|    5.164017|
|        4786|          29|   -5.576173|    1.233732|   -1.411897|    5.157816|
+-----------------------------------------------------------------------------+
|   Time_Iter|  Inner_Iter|    rms[Rho]|   rms[RhoE]|      rms[k]|      rms[w]|
+-----------------------------------------------------------------------------+
|        4787|           0|   -1.473112|    4.466796|    2.184329|    5.168706|
|        4787|          25|   -5.504391|    1.243549|   -1.303520|    5.147085|
|        4787|          29|   -5.581847|    1.222976|   -1.411056|    5.141079|
+-----------------------------------------------------------------------------+
|   Time_Iter|  Inner_Iter|    rms[Rho]|   rms[RhoE]|      rms[k]|      rms[w]|
+-----------------------------------------------------------------------------+
|        4788|           0|   -1.473078|    4.467020|    2.184376|    5.152372|
|        4788|          25|   -5.508466|    1.231557|   -1.302627|    5.131606|
|        4788|          29|   -5.588243|    1.210113|   -1.410005|    5.125871|
+-----------------------------------------------------------------------------+
|   Time_Iter|  Inner_Iter|    rms[Rho]|   rms[RhoE]|      rms[k]|      rms[w]|
+-----------------------------------------------------------------------------+
|        4789|           0|   -1.473046|    4.467051|    2.184430|    5.137486|
|        4789|          25|   -5.512953|    1.217510|   -1.298621|    5.121565|
|        4789|          29|   -5.595548|    1.194733|   -1.403975|    5.117511|
+-----------------------------------------------------------------------------+
|   Time_Iter|  Inner_Iter|    rms[Rho]|   rms[RhoE]|      rms[k]|      rms[w]|
+-----------------------------------------------------------------------------+
|        4790|           0|   -1.473014|    4.467082|    2.184477|    5.129181|
|        4790|          25|   -5.517770|    1.201764|   -1.300382|    5.108702|
|        4790|          29|   -5.602913|    1.178334|   -1.407477|    5.102378|
+-----------------------------------------------------------------------+
|        File Writing Summary       |              Filename             |
+-----------------------------------------------------------------------+
|Paraview ASCII surface             |wall_npr20_production_cfl2_i30_from520_04790.vtk|
|CSV file                           |wall_npr20_production_cfl2_i30_from520_04790.csv|
+-----------------------------------------------------------------------+
+-----------------------------------------------------------------------------+
|   Time_Iter|  Inner_Iter|    rms[Rho]|   rms[RhoE]|      rms[k]|      rms[w]|
+-----------------------------------------------------------------------------+
|        4791|           0|   -1.472980|    4.467229|    2.184513|    5.113258|
|        4791|          25|   -5.520915|    1.189265|   -1.298996|    5.096255|
|        4791|          29|   -5.607818|    1.165572|   -1.405918|    5.091308|
+-----------------------------------------------------------------------------+
|   Time_Iter|  Inner_Iter|    rms[Rho]|   rms[RhoE]|      rms[k]|      rms[w]|
+-----------------------------------------------------------------------------+
|        4792|           0|   -1.472946|    4.467486|    2.184549|    5.102341|
|        4792|          25|   -5.522585|    1.180844|   -1.297786|    5.094301|
|        4792|          29|   -5.610400|    1.157307|   -1.404549|    5.090802|
+-----------------------------------------------------------------------------+
|   Time_Iter|  Inner_Iter|    rms[Rho]|   rms[RhoE]|      rms[k]|      rms[w]|
+-----------------------------------------------------------------------------+
|        4793|           0|   -1.472913|    4.467646|    2.184572|    5.101805|
|        4793|          25|   -5.522653|    1.177351|   -1.296468|    5.101510|
|        4793|          29|   -5.610458|    1.154418|   -1.403141|    5.099102|
+-----------------------------------------------------------------------------+
|   Time_Iter|  Inner_Iter|    rms[Rho]|   rms[RhoE]|      rms[k]|      rms[w]|
+-----------------------------------------------------------------------------+
|        4794|           0|   -1.472879|    4.467851|    2.184589|    5.109841|
|        4794|          25|   -5.520904|    1.179097|   -1.295058|    5.115339|
|        4794|          29|   -5.607810|    1.157176|   -1.401648|    5.113631|
+-----------------------------------------------------------------------------+
|   Time_Iter|  Inner_Iter|    rms[Rho]|   rms[RhoE]|      rms[k]|      rms[w]|
+-----------------------------------------------------------------------------+
|        4795|           0|   -1.472845|    4.468138|    2.184597|    5.123994|
|        4795|          25|   -5.517584|    1.185744|   -1.293733|    5.132966|
|        4795|          29|   -5.602886|    1.165038|   -1.400384|    5.131630|
+-----------------------------------------------------------------------------+
|   Time_Iter|  Inner_Iter|    rms[Rho]|   rms[RhoE]|      rms[k]|      rms[w]|
+-----------------------------------------------------------------------------+
|        4796|           0|   -1.472809|    4.468504|    2.184607|    5.141654|
|        4796|          25|   -5.512810|    1.196254|   -1.292666|    5.151423|
|        4796|          29|   -5.596056|    1.176760|   -1.399299|    5.149906|
+-----------------------------------------------------------------------------+
|   Time_Iter|  Inner_Iter|    rms[Rho]|   rms[RhoE]|      rms[k]|      rms[w]|
+-----------------------------------------------------------------------------+
|        4797|           0|   -1.472772|    4.469002|    2.184603|    5.159607|
|        4797|          25|   -5.507084|    1.208865|   -1.291454|    5.168278|
|        4797|          29|   -5.588254|    1.190301|   -1.398180|    5.166459|
+-----------------------------------------------------------------------------+
|   Time_Iter|  Inner_Iter|    rms[Rho]|   rms[RhoE]|      rms[k]|      rms[w]|
+-----------------------------------------------------------------------------+
|        4798|           0|   -1.472733|    4.469566|    2.184602|    5.176010|
|        4798|          25|   -5.501076|    1.221665|   -1.290501|    5.181841|
|        4798|          29|   -5.580433|    1.203704|   -1.397274|    5.179483|
+-----------------------------------------------------------------------------+
|   Time_Iter|  Inner_Iter|    rms[Rho]|   rms[RhoE]|      rms[k]|      rms[w]|
+-----------------------------------------------------------------------------+
|        4799|           0|   -1.472695|    4.469992|    2.184605|    5.188959|
|        4799|          25|   -5.495471|    1.233225|   -1.289512|    5.191032|
|        4799|          29|   -5.573482|    1.215532|   -1.396349|    5.188037|
+-----------------------------------------------------------------------+
|        File Writing Summary       |              Filename             |
+-----------------------------------------------------------------------+
|SU2 binary restart                 |restart_npr20_production_cfl2_i30_from520_04799.dat|
+-----------------------------------------------------------------------+
+-----------------------------------------------------------------------------+
|   Time_Iter|  Inner_Iter|    rms[Rho]|   rms[RhoE]|      rms[k]|      rms[w]|
+-----------------------------------------------------------------------------+
|        4800|           0|   -1.472659|    4.470265|    2.184611|    5.197533|
|        4800|          25|   -5.490782|    1.242551|   -1.288559|    5.195377|
|        4800|          29|   -5.567966|    1.224832|   -1.395403|    5.191713|
+-----------------------------------------------------------------------+
|        File Writing Summary       |              Filename             |
+-----------------------------------------------------------------------+
|SU2 binary restart                 |restart_npr20_production_cfl2_i30_from520_04800.dat|
|Paraview ASCII                     |flow_npr20_production_cfl2_i30_from520_04800.vtk|
|Paraview ASCII surface             |wall_npr20_production_cfl2_i30_from520_04800.vtk|
|CSV file                           |wall_npr20_production_cfl2_i30_from520_04800.csv|
+-----------------------------------------------------------------------+
+-----------------------------------------------------------------------------+
|   Time_Iter|  Inner_Iter|    rms[Rho]|   rms[RhoE]|      rms[k]|      rms[w]|
+-----------------------------------------------------------------------------+
|        4801|           0|   -1.472624|    4.470401|    2.184617|    5.201316|
|        4801|          25|   -5.487400|    1.249069|   -1.287323|    5.194896|
|        4801|          29|   -5.564284|    1.231090|   -1.393956|    5.190599|
+-----------------------------------------------------------------------------+
|   Time_Iter|  Inner_Iter|    rms[Rho]|   rms[RhoE]|      rms[k]|      rms[w]|
+-----------------------------------------------------------------------------+
|        4802|           0|   -1.472593|    4.470241|    2.184593|    5.200384|
|        4802|          25|   -5.485713|    1.252322|   -1.287066|    5.189991|
|        4802|          29|   -5.562811|    1.233862|   -1.394011|    5.185149|
+-----------------------------------------------------------------------------+
|   Time_Iter|  Inner_Iter|    rms[Rho]|   rms[RhoE]|      rms[k]|      rms[w]|
+-----------------------------------------------------------------------------+
|        4803|           0|   -1.472565|    4.469840|    2.184565|    5.195178|
|        4803|          25|   -5.485911|    1.252066|   -1.286478|    5.182156|
|        4803|          29|   -5.563689|    1.232979|   -1.393484|    5.177348|
+-----------------------------------------------------------------------------+
|   Time_Iter|  Inner_Iter|    rms[Rho]|   rms[RhoE]|      rms[k]|      rms[w]|
+-----------------------------------------------------------------------------+
|        4804|           0|   -1.472537|    4.469470|    2.184533|    5.187710|
|        4804|          25|   -5.487857|    1.248243|   -1.285794|    5.171714|
|        4804|          29|   -5.566676|    1.228533|   -1.392858|    5.165982|
+-----------------------------------------------------------------------------+
|   Time_Iter|  Inner_Iter|    rms[Rho]|   rms[RhoE]|      rms[k]|      rms[w]|
+-----------------------------------------------------------------------------+
|        4805|           0|   -1.472508|    4.469067|    2.184500|    5.176441|
|        4805|          25|   -5.490875|    1.241530|   -1.285190|    5.156840|
|        4805|          29|   -5.571153|    1.220978|   -1.392275|    5.150553|
+-----------------------------------------------------------------------------+
|   Time_Iter|  Inner_Iter|    rms[Rho]|   rms[RhoE]|      rms[k]|      rms[w]|
+-----------------------------------------------------------------------------+
|        4806|           0|   -1.472480|    4.468744|    2.184466|    5.161196|
|        4806|          25|   -5.494516|    1.232834|   -1.284764|    5.140523|
|        4806|          29|   -5.576305|    1.211616|   -1.391932|    5.134016|
+-----------------------------------------------------------------------------+
|   Time_Iter|  Inner_Iter|    rms[Rho]|   rms[RhoE]|      rms[k]|      rms[w]|
+-----------------------------------------------------------------------------+
|        4807|           0|   -1.472452|    4.468420|    2.184438|    5.145036|
|        4807|          25|   -5.498487|    1.222234|   -1.284124|    5.124020|
|        4807|          29|   -5.582089|    1.200141|   -1.391259|    5.118018|
+-----------------------------------------------------------------------------+
|   Time_Iter|  Inner_Iter|    rms[Rho]|   rms[RhoE]|      rms[k]|      rms[w]|
+-----------------------------------------------------------------------------+
|        4808|           0|   -1.472424|    4.468059|    2.184417|    5.129508|
|        4808|          25|   -5.502576|    1.209900|   -1.283424|    5.110715|
|        4808|          29|   -5.588208|    1.186924|   -1.390486|    5.105110|
+-----------------------------------------------------------------------------+
|   Time_Iter|  Inner_Iter|    rms[Rho]|   rms[RhoE]|      rms[k]|      rms[w]|
+-----------------------------------------------------------------------------+
|        4809|           0|   -1.472396|    4.467685|    2.184404|    5.116751|
|        4809|          25|   -5.507037|    1.195030|   -1.282382|    5.103152|
|        4809|          29|   -5.595220|    1.170803|   -1.389205|    5.097013|
+-----------------------------------------------------------------------------+
|   Time_Iter|  Inner_Iter|    rms[Rho]|   rms[RhoE]|      rms[k]|      rms[w]|
+-----------------------------------------------------------------------------+
|        4810|           0|   -1.472369|    4.467207|    2.184390|    5.108080|
|        4810|          25|   -5.510559|    1.181230|   -1.281654|    5.086832|
|        4810|          29|   -5.600738|    1.156458|   -1.388528|    5.081107|
+-----------------------------------------------------------------------+
|        File Writing Summary       |              Filename             |
+-----------------------------------------------------------------------+
|Paraview ASCII surface             |wall_npr20_production_cfl2_i30_from520_04810.vtk|
|CSV file                           |wall_npr20_production_cfl2_i30_from520_04810.csv|
+-----------------------------------------------------------------------+
+-----------------------------------------------------------------------------+
|   Time_Iter|  Inner_Iter|    rms[Rho]|   rms[RhoE]|      rms[k]|      rms[w]|
+-----------------------------------------------------------------------------+
|        4811|           0|   -1.472342|    4.466785|    2.184394|    5.092121|
|        4811|          25|   -5.512435|    1.170887|   -1.280632|    5.078838|
|        4811|          29|   -5.603982|    1.145894|   -1.387344|    5.074472|
+-----------------------------------------------------------------------------+
|   Time_Iter|  Inner_Iter|    rms[Rho]|   rms[RhoE]|      rms[k]|      rms[w]|
+-----------------------------------------------------------------------------+
|        4812|           0|   -1.472316|    4.466395|    2.184408|    5.085595|
|        4812|          25|   -5.513064|    1.164644|   -1.279602|    5.080408|
|        4812|          29|   -5.605235|    1.139893|   -1.386190|    5.077256|
+-----------------------------------------------------------------------+
|        File Writing Summary       |              Filename             |
+-----------------------------------------------------------------------+
|SU2 binary restart                 |restart_npr20_production_cfl2_i30_from520_04812.dat|
+-----------------------------------------------------------------------+
+-----------------------------------------------------------------------------+
|   Time_Iter|  Inner_Iter|    rms[Rho]|   rms[RhoE]|      rms[k]|      rms[w]|
+-----------------------------------------------------------------------------+
|        4813|           0|   -1.472289|    4.466030|    2.184431|    5.088243|
|        4813|          25|   -5.512660|    1.163086|   -1.278526|    5.089780|
|        4813|          29|   -5.604631|    1.139025|   -1.384984|    5.087577|

----------------------------- Solver Exit -------------------------------
Maximum number of time iterations reached (TIME_ITER = 4814).
-------------------------------------------------------------------------
+-----------------------------------------------------------------------+
|        File Writing Summary       |              Filename             |
+-----------------------------------------------------------------------+
|SU2 binary restart                 |restart_npr20_production_cfl2_i30_from520_04813.dat|
|Paraview ASCII                     |flow_npr20_production_cfl2_i30_from520_04813.vtk|
|Paraview ASCII surface             |wall_npr20_production_cfl2_i30_from520_04813.vtk|
|CSV file                           |wall_npr20_production_cfl2_i30_from520_04813.csv|
+-----------------------------------------------------------------------+

--------------------------- Finalizing Solver ---------------------------
Deleted CNumerics container.
Deleted CIntegration container.
Deleted CSolver container.
Deleted CIteration container.
Deleted CInterface container.
Deleted CGeometry container.
Deleted CFreeFormDefBox class.
Deleted CSurfaceMovement class.
Deleted CVolumetricMovement class.
Deleted CConfig container.
Deleted nInst container.
Deleted COutput class.
-------------------------------------------------------------------------

------------------------- Exit Success (SU2_CFD) ------------------------

