"PointID","x","y","Density","Momentum_x","Momentum_y","Energy","Turb_Kin_Energy","Omega"
0, -2.268000000000000e-02, 2.000000000000000e-02, 2.676229185196924e+00, 0.000000000000000e+00, 0.000000000000000e+00, -2.869377599398191e+07, 1.000000000000000e-10, 3.545886867266587e+09
1, 1.250200000000000e-01, 5.477226000000000e-02, 2.674994107263962e+00, 0.000000000000000e+00, 0.000000000000000e+00, -2.868041845035855e+07, 1.000000000000000e-10, 3.658426738717506e+09
930, 1.248244205674323e-01, 5.473767046013104e-02, 2.674994104492813e+00, 0.000000000000000e+00, 0.000000000000000e+00, -2.868041842091653e+07, 1.000000000000000e-10, 3.656233328645666e+09
931, 1.246288389851053e-01, 5.470309269269298e-02, 2.674994103361364e+00, 0.000000000000000e+00, 0.000000000000000e+00, -2.868041840889544e+07, 1.000000000000000e-10, 3.654422842452539e+09
932, 1.244332655909920e-01, 5.466846855282095e-02, 2.674994099271543e+00, 0.000000000000000e+00, 0.000000000000000e+00, -2.868041836544311e+07, 1.000000000000000e-10, 3.652968344759704e+09
933, 1.242377096557596e-01, 5.463374559995363e-02, 2.674994094240151e+00, 0.000000000000000e+00, 0.000000000000000e+00, -2.868041831198705e+07, 1.000000000000000e-10, 3.651421058630257e+09
934, 1.240421637002555e-01, 5.459894024254878e-02, 2.674994089979875e+00, 0.000000000000000e+00, 0.000000000000000e+00, -2.868041826672372e+07, 1.000000000000000e-10, 3.649814402333297e+09
935, 1.238466376277194e-01, 5.456406618260415e-02, 2.674994086060821e+00, 0.000000000000000e+00, 0.000000000000000e+00, -2.868041822508570e+07, 1.000000000000000e-10, 3.648215098975198e+09
936, 1.236511186224369e-01, 5.452912231944779e-02, 2.674994082199651e+00, 0.000000000000000e+00, 0.000000000000000e+00, -2.868041818406267e+07, 1.000000000000000e-10, 3.646623737067429e+09
937, 1.234556163013989e-01, 5.449411137960168e-02, 2.674994078349121e+00, 0.000000000000000e+00, 0.000000000000000e+00, -2.868041814315268e+07, 1.000000000000000e-10, 3.645050799884771e+09
938, 1.232601224563854e-01, 5.445903126228482e-02, 2.674994074444349e+00, 0.000000000000000e+00, 0.000000000000000e+00, -2.868041810166641e+07, 1.000000000000000e-10, 3.643501752143339e+09
939, 1.230646442525916e-01, 5.442388175310851e-02, 2.674994070463264e+00, 0.000000000000000e+00, 0.000000000000000e+00, -2.868041805936933e+07, 1.000000000000000e-10, 3.641976884797446e+09
940, 1.228691765242800e-01, 5.438866044354832e-02, 2.674994066443146e+00, 0.000000000000000e+00, 0.000000000000000e+00, -2.868041801665756e+07, 1.000000000000000e-10, 3.640467299034034e+09
941, 1.226737235001168e-01, 5.435336802870325e-02, 2.674994062432194e+00, 0.000000000000000e+00, 0.000000000000000e+00, -2.868041797404318e+07, 1.000000000000000e-10, 3.638970212877109e+09
942, 1.224782822314417e-01, 5.431800435738575e-02, 2.674994058432518e+00, 0.000000000000000e+00, 0.000000000000000e+00, -2.868041793154858e+07, 1.000000000000000e-10, 3.637487812824088e+09
943, 1.222828543416128e-01, 5.428256973633931e-02, 2.674994054430738e+00, 0.000000000000000e+00, 0.000000000000000e+00, -2.868041788903164e+07, 1.000000000000000e-10, 3.636021054503164e+09
944, 1.220874393362853e-01, 5.424706394115958e-02, 2.674994050417299e+00, 0.000000000000000e+00, 0.000000000000000e+00, -2.868041784639083e+07, 1.000000000000000e-10, 3.634571338408789e+09
945, 1.218920368017264e-01, 5.421148654073917e-02, 2.674994046407654e+00, 0.000000000000000e+00, 0.000000000000000e+00, -2.868041780379033e+07, 1.000000000000000e-10, 3.633133430111371e+09
946, 1.216966318914945e-01, 5.417583529399091e-02, 2.674994042425782e+00, 0.000000000000000e+00, 0.000000000000000e+00, -2.868041776148491e+07, 1.000000000000000e-10, 3.631706365838931e+09
947, 1.215012565030075e-01, 5.414011656992287e-02, 2.674994038460031e+00, 0.000000000000000e+00, 0.000000000000000e+00, -2.868041771935075e+07, 1.000000000000000e-10, 3.630294046772091e+09
948, 1.213059048687579e-01, 5.410432935437169e-02, 2.674994034486096e+00, 0.000000000000000e+00, 0.000000000000000e+00, -2.868041767712965e+07, 1.000000000000000e-10, 3.628898904338203e+09
949, 1.211105506016566e-01, 5.406846843659121e-02, 2.674994030500785e+00, 0.000000000000000e+00, 0.000000000000000e+00, -2.868041763478768e+07, 1.000000000000000e-10, 3.627518688987302e+09
950, 1.209152041715192e-01, 5.403253562273787e-02, 2.674994026513685e+00, 0.000000000000000e+00, 0.000000000000000e+00, -2.868041759242671e+07, 1.000000000000000e-10, 3.626153065401971e+09
951, 1.207198954201917e-01, 5.399653638969289e-02, 2.674994022532854e+00, 0.000000000000000e+00, 0.000000000000000e+00, -2.868041755013234e+07, 1.000000000000000e-10, 3.624801066221697e+09
952, 1.205245859468481e-01, 5.396046389607349e-02, 2.674994018540445e+00, 0.000000000000000e+00, 0.000000000000000e+00, -2.868041750771496e+07, 1.000000000000000e-10, 3.623467881505495e+09
953, 1.203292859340331e-01, 5.392431929259341e-02, 2.674994014507607e+00, 0.000000000000000e+00, 0.000000000000000e+00, -2.868041746486803e+07, 1.000000000000000e-10, 3.622154899092855e+09
954, 1.201340033439031e-01, 5.388810316583211e-02, 2.674994010434387e+00, 0.000000000000000e+00, 0.000000000000000e+00, -2.868041742159207e+07, 1.000000000000000e-10, 3.620861341533722e+09
955, 1.199387300777424e-01, 5.385181329874104e-02, 2.674994006351811e+00, 0.000000000000000e+00, 0.000000000000000e+00, -2.868041737821672e+07, 1.000000000000000e-10, 3.619580615678414e+09
956, 1.197434719539593e-01, 5.381545107693862e-02, 2.674994002295769e+00, 0.000000000000000e+00, 0.000000000000000e+00, -2.868041733512327e+07, 1.000000000000000e-10, 3.618310396334318e+09
957, 1.195482208477998e-01, 5.377901566185880e-02, 2.674993998275678e+00, 0.000000000000000e+00, 0.000000000000000e+00, -2.868041729241178e+07, 1.000000000000000e-10, 3.617050424991018e+09
958, 1.193529819515300e-01, 5.374250868432530e-02, 2.674993994275829e+00, 0.000000000000000e+00, 0.000000000000000e+00, -2.868041724991535e+07, 1.000000000000000e-10, 3.615804550195549e+09
959, 1.191577799348186e-01, 5.370593482368405e-02, 2.674993990259579e+00, 0.000000000000000e+00, 0.000000000000000e+00, -2.868041720724467e+07, 1.000000000000000e-10, 3.614578293930994e+09
960, 1.189625784406943e-01, 5.366928654747309e-02, 2.674993986205712e+00, 0.000000000000000e+00, 0.000000000000000e+00, -2.868041716417433e+07, 1.000000000000000e-10, 3.613371296377194e+09
961, 1.187673856029877e-01, 5.363256459981268e-02, 2.674993982114381e+00, 0.000000000000000e+00, 0.000000000000000e+00, -2.868041712070595e+07, 1.000000000000000e-10, 3.612183330532702e+09
962, 1.185721468811135e-01, 5.359575800208691e-02, 2.674993978011191e+00, 0.000000000000000e+00, 0.000000000000000e+00, -2.868041707711158e+07, 1.000000000000000e-10, 3.611007992323690e+09
963, 1.183769766103025e-01, 5.355888844310252e-02, 2.674993973928502e+00, 0.000000000000000e+00, 0.000000000000000e+00, -2.868041703373501e+07, 1.000000000000000e-10, 3.609844915937891e+09
964, 1.181818916680899e-01, 5.352195974141825e-02, 2.674993969873862e+00, 0.000000000000000e+00, 0.000000000000000e+00, -2.868041699065647e+07, 1.000000000000000e-10, 3.608694539898621e+09
965, 1.179866870443897e-01, 5.348493361689695e-02, 2.674993965843090e+00, 0.000000000000000e+00, 0.000000000000000e+00, -2.868041694783149e+07, 1.000000000000000e-10, 3.607554204438793e+09
966, 1.177915892518478e-01, 5.344785325700855e-02, 2.674993961801384e+00, 0.000000000000000e+00, 0.000000000000000e+00, -2.868041690489035e+07, 1.000000000000000e-10, 3.606434921258201e+09
967, 1.175965325822990e-01, 5.341070551019188e-02, 2.674993957717898e+00, 0.000000000000000e+00, 0.000000000000000e+00, -2.868041686150533e+07, 1.000000000000000e-10, 3.605336664641448e+09
968, 1.174014409743395e-01, 5.337347496913988e-02, 2.674993953589801e+00, 0.000000000000000e+00, 0.000000000000000e+00, -2.868041681764633e+07, 1.000000000000000e-10, 3.604257664469952e+09
969, 1.172063591588212e-01, 5.333616927397992e-02, 2.674993949441701e+00, 0.000000000000000e+00, 0.000000000000000e+00, -2.868041677357480e+07, 1.000000000000000e-10, 3.603193198013262e+09
970, 1.170112974589022e-01, 5.329879043805998e-02, 2.674993945316624e+00, 0.000000000000000e+00, 0.000000000000000e+00, -2.868041672974790e+07, 1.000000000000000e-10, 3.602138572086109e+09
971, 1.168162461694998e-01, 5.326133740456453e-02, 2.674993941234894e+00, 0.000000000000000e+00, 0.000000000000000e+00, -2.868041668638151e+07, 1.000000000000000e-10, 3.601093275842750e+09
972, 1.166212088465237e-01, 5.322381167615267e-02, 2.674993937177785e+00, 0.000000000000000e+00, 0.000000000000000e+00, -2.868041664327673e+07, 1.000000000000000e-10, 3.600061977487133e+09
973, 1.164261854608350e-01, 5.318621332545419e-02, 2.674993933110019e+00, 0.000000000000000e+00, 0.000000000000000e+00, -2.868041660005871e+07, 1.000000000000000e-10, 3.599048635864850e+09
974, 1.162311761885151e-01, 5.314854184229291e-02, 2.674993929019925e+00, 0.000000000000000e+00, 0.000000000000000e+00, -2.868041655660347e+07, 1.000000000000000e-10, 3.598052240282795e+09
975, 1.160361779121066e-01, 5.311079625060731e-02, 2.674993924916472e+00, 0.000000000000000e+00, 0.000000000000000e+00, -2.868041651300631e+07, 1.000000000000000e-10, 3.597071685422978e+09
976, 1.158411982941681e-01, 5.307297783129210e-02, 2.674993920814836e+00, 0.000000000000000e+00, 0.000000000000000e+00, -2.868041646942844e+07, 1.000000000000000e-10, 3.596104448317916e+09
977, 1.156462309920779e-01, 5.303508557496250e-02, 2.674993916702547e+00, 0.000000000000000e+00, 0.000000000000000e+00, -2.868041642573739e+07, 1.000000000000000e-10, 3.595156166253649e+09
978, 1.154512795292478e-01, 5.299711947709466e-02, 2.674993912553357e+00, 0.000000000000000e+00, 0.000000000000000e+00, -2.868041638165429e+07, 1.000000000000000e-10, 3.594227720031513e+09
979, 1.152563416636903e-01, 5.295907830514579e-02, 2.674993908368249e+00, 0.000000000000000e+00, 0.000000000000000e+00, -2.868041633718957e+07, 1.000000000000000e-10, 3.593318289934916e+09
980, 1.150614216827847e-01, 5.292096224159494e-02, 2.674993904179589e+00, 0.000000000000000e+00, 0.000000000000000e+00, -2.868041629268713e+07, 1.000000000000000e-10, 3.592420906176294e+09
981, 1.148665137031607e-01, 5.288277059719020e-02, 2.674993900026088e+00, 0.000000000000000e+00, 0.000000000000000e+00, -2.868041624855821e+07, 1.000000000000000e-10, 3.591532885286354e+09
982, 1.146716202938353e-01, 5.284450471601029e-02, 2.674993895914026e+00, 0.000000000000000e+00, 0.000000000000000e+00, -2.868041620486958e+07, 1.000000000000000e-10, 3.590654982300564e+09
983, 1.144767413232986e-01, 5.280616527764851e-02, 2.674993891811498e+00, 0.000000000000000e+00, 0.000000000000000e+00, -2.868041616128223e+07, 1.000000000000000e-10, 3.589794117955479e+09
984, 1.142818768943620e-01, 5.276775190809177e-02, 2.674993887688673e+00, 0.000000000000000e+00, 0.000000000000000e+00, -2.868041611747924e+07, 1.000000000000000e-10, 3.588950723345501e+09
985, 1.140870271521668e-01, 5.272926418448504e-02, 2.674993883545729e+00, 0.000000000000000e+00, 0.000000000000000e+00, -2.868041607346250e+07, 1.000000000000000e-10, 3.588124453652960e+09
986, 1.138921885631538e-01, 5.269070102108536e-02, 2.674993879403568e+00, 0.000000000000000e+00, 0.000000000000000e+00, -2.868041602945407e+07, 1.000000000000000e-10, 3.587310536224503e+09
987, 1.136973706749005e-01, 5.265206466036287e-02, 2.674993875263456e+00, 0.000000000000000e+00, 0.000000000000000e+00, -2.868041598546742e+07, 1.000000000000000e-10, 3.586513484878702e+09
988, 1.135025628526874e-01, 5.261335266470046e-02, 2.674993871081407e+00, 0.000000000000000e+00, 0.000000000000000e+00, -2.868041594103520e+07, 1.000000000000000e-10, 3.585739779778185e+09
989, 1.133077756650485e-01, 5.257456577154400e-02, 2.674993866829619e+00, 0.000000000000000e+00, 0.000000000000000e+00, -2.868041589586205e+07, 1.000000000000000e-10, 3.584990146020509e+09
990, 1.131129975922709e-01, 5.253570028589098e-02, 2.674993862533711e+00, 0.000000000000000e+00, 0.000000000000000e+00, -2.868041585022013e+07, 1.000000000000000e-10, 3.584258013749615e+09
991, 1.129182420852715e-01, 5.249675851044158e-02, 2.674993858272365e+00, 0.000000000000000e+00, 0.000000000000000e+00, -2.868041580494543e+07, 1.000000000000000e-10, 3.583530540579586e+09
992, 1.127234937957882e-01, 5.245773903912778e-02, 2.674993854103050e+00, 0.000000000000000e+00, 0.000000000000000e+00, -2.868041576064850e+07, 1.000000000000000e-10, 3.582805931351762e+09
993, 1.125287694791220e-01, 5.241864706636879e-02, 2.674993850004592e+00, 0.000000000000000e+00, 0.000000000000000e+00, -2.868041571710440e+07, 1.000000000000000e-10, 3.582090527800215e+09
994, 1.123340550838345e-01, 5.237948062798749e-02, 2.674993845898692e+00, 0.000000000000000e+00, 0.000000000000000e+00, -2.868041567348122e+07, 1.000000000000000e-10, 3.581397169124584e+09
995, 1.121393554403686e-01, 5.234023948638192e-02, 2.674993841731519e+00, 0.000000000000000e+00, 0.000000000000000e+00, -2.868041562920707e+07, 1.000000000000000e-10, 3.580726357419542e+09
996, 1.119446667624778e-01, 5.230092164220587e-02, 2.674993837506046e+00, 0.000000000000000e+00, 0.000000000000000e+00, -2.868041558431349e+07, 1.000000000000000e-10, 3.580077381527658e+09
997, 1.117500023504794e-01, 5.226152868118574e-02, 2.674993833257495e+00, 0.000000000000000e+00, 0.000000000000000e+00, -2.868041553917472e+07, 1.000000000000000e-10, 3.579442676463290e+09
998, 1.115553491122785e-01, 5.222205809893641e-02, 2.674993829023995e+00, 0.000000000000000e+00, 0.000000000000000e+00, -2.868041549419586e+07, 1.000000000000000e-10, 3.578820428174998e+09
999, 1.113607113972471e-01, 5.218251114867620e-02, 2.674993824809613e+00, 0.000000000000000e+00, 0.000000000000000e+00, -2.868041544942012e+07, 1.000000000000000e-10, 3.578211112181784e+09
1000, 1.111660891914841e-01, 5.214288812884318e-02, 2.674993820610346e+00, 0.000000000000000e+00, 0.000000000000000e+00, -2.868041540480497e+07, 1.000000000000000e-10, 3.577615190129502e+09
1001, 1.109714804771680e-01, 5.210318884704760e-02, 2.674993816407321e+00, 0.000000000000000e+00, 0.000000000000000e+00, -2.868041536014989e+07, 1.000000000000000e-10, 3.577036804703890e+09
1002, 1.107768886973488e-01, 5.206341357038528e-02, 2.674993812177389e+00, 0.000000000000000e+00, 0.000000000000000e+00, -2.868041531520894e+07, 1.000000000000000e-10, 3.576477697005136e+09
1003, 1.105823135892988e-01, 5.202356156565048e-02, 2.674993807913450e+00, 0.000000000000000e+00, 0.000000000000000e+00, -2.868041526990668e+07, 1.000000000000000e-10, 3.575938011632310e+09
1004, 1.103877064767787e-01, 5.198362215895160e-02, 2.674993803630259e+00, 0.000000000000000e+00, 0.000000000000000e+00, -2.868041522439988e+07, 1.000000000000000e-10, 3.575413420357469e+09
1005, 1.101931352709524e-01, 5.194360911299660e-02, 2.674993799360781e+00, 0.000000000000000e+00, 0.000000000000000e+00, -2.868041517903877e+07, 1.000000000000000e-10, 3.574900651179396e+09
1006, 1.099986754430193e-01, 5.190353856798288e-02, 2.674993795120137e+00, 0.000000000000000e+00, 0.000000000000000e+00, -2.868041513398401e+07, 1.000000000000000e-10, 3.574401140668448e+09
1007, 1.098041015517569e-01, 5.186336464125774e-02, 2.674993790900178e+00, 0.000000000000000e+00, 0.000000000000000e+00, -2.868041508914902e+07, 1.000000000000000e-10, 3.573913177348217e+09
1008, 1.096096151878880e-01, 5.182312900549786e-02, 2.674993786673748e+00, 0.000000000000000e+00, 0.000000000000000e+00, -2.868041504424527e+07, 1.000000000000000e-10, 3.573444326989319e+09
1009, 1.094151940826154e-01, 5.178282668632562e-02, 2.674993782430140e+00, 0.000000000000000e+00, 0.000000000000000e+00, -2.868041499915902e+07, 1.000000000000000e-10, 3.572993210238099e+09
1010, 1.092207349514446e-01, 5.174243600337648e-02, 2.674993778177491e+00, 0.000000000000000e+00, 0.000000000000000e+00, -2.868041495397671e+07, 1.000000000000000e-10, 3.572556943844047e+09
1011, 1.090262820762742e-01, 5.170196596345952e-02, 2.674993773926016e+00, 0.000000000000000e+00, 0.000000000000000e+00, -2.868041490880688e+07, 1.000000000000000e-10, 3.572134654354962e+09
1012, 1.088318541769463e-01, 5.166142058302781e-02, 2.674993769663935e+00, 0.000000000000000e+00, 0.000000000000000e+00, -2.868041486352437e+07, 1.000000000000000e-10, 3.571731436555379e+09
1013, 1.086374349722807e-01, 5.162079586484641e-02, 2.674993765370762e+00, 0.000000000000000e+00, 0.000000000000000e+00, -2.868041481791150e+07, 1.000000000000000e-10, 3.571347602331137e+09
1014, 1.084430353525170e-01, 5.158009339486058e-02, 2.674993761057107e+00, 0.000000000000000e+00, 0.000000000000000e+00, -2.868041477208104e+07, 1.000000000000000e-10, 3.570980226597981e+09
1015, 1.082486470118294e-01, 5.153931124913504e-02, 2.674993756742711e+00, 0.000000000000000e+00, 0.000000000000000e+00, -2.868041472624270e+07, 1.000000000000000e-10, 3.570627447365615e+09
1016, 1.080542723954519e-01, 5.149845001482699e-02, 2.674993752429393e+00, 0.000000000000000e+00, 0.000000000000000e+00, -2.868041468041581e+07, 1.000000000000000e-10, 3.570290589931323e+09
1017, 1.078599228974891e-01, 5.145751196925739e-02, 2.674993748108571e+00, 0.000000000000000e+00, 0.000000000000000e+00, -2.868041463450919e+07, 1.000000000000000e-10, 3.569970788636482e+09
1018, 1.076655985308588e-01, 5.141649686911263e-02, 2.674993743775368e+00, 0.000000000000000e+00, 0.000000000000000e+00, -2.868041458847104e+07, 1.000000000000000e-10, 3.569668411358642e+09
1019, 1.074712867179656e-01, 5.137540175887344e-02, 2.674993739450205e+00, 0.000000000000000e+00, 0.000000000000000e+00, -2.868041454251830e+07, 1.000000000000000e-10, 3.569377732622377e+09
1020, 1.072769879901762e-01, 5.133422728517695e-02, 2.674993735156197e+00, 0.000000000000000e+00, 0.000000000000000e+00, -2.868041449689656e+07, 1.000000000000000e-10, 3.569098280854344e+09
1021, 1.070827083758290e-01, 5.129297531919255e-02, 2.674993730877997e+00, 0.000000000000000e+00, 0.000000000000000e+00, -2.868041445144280e+07, 1.000000000000000e-10, 3.568834308287307e+09
1022, 1.068884380301366e-01, 5.125164371579014e-02, 2.674993726589939e+00, 0.000000000000000e+00, 0.000000000000000e+00, -2.868041440588428e+07, 1.000000000000000e-10, 3.568588014026286e+09
1023, 1.066941927706926e-01, 5.121023542113400e-02, 2.674993722285885e+00, 0.000000000000000e+00, 0.000000000000000e+00, -2.868041436015581e+07, 1.000000000000000e-10, 3.568358895342752e+09
1024, 1.064999550814333e-01, 5.116874642202326e-02, 2.674993717969343e+00, 0.000000000000000e+00, 0.000000000000000e+00, -2.868041431429468e+07, 1.000000000000000e-10, 3.568146748783111e+09
1025, 1.063057430494536e-01, 5.112718028350377e-02, 2.674993713644715e+00, 0.000000000000000e+00, 0.000000000000000e+00, -2.868041426834762e+07, 1.000000000000000e-10, 3.567950693824062e+09
1026, 1.061115436416506e-01, 5.108553412179701e-02, 2.674993709324351e+00, 0.000000000000000e+00, 0.000000000000000e+00, -2.868041422244587e+07, 1.000000000000000e-10, 3.567768643458185e+09
1027, 1.059173591870290e-01, 5.104380861358299e-02, 2.674993705016441e+00, 0.000000000000000e+00, 0.000000000000000e+00, -2.868041417667644e+07, 1.000000000000000e-10, 3.567600342421525e+09
1028, 1.057231935452718e-01, 5.100200480843929e-02, 2.674993700724742e+00, 0.000000000000000e+00, 0.000000000000000e+00, -2.868041413107925e+07, 1.000000000000000e-10, 3.567445118460472e+09
1029, 1.055290474990856e-01, 5.096012320466997e-02, 2.674993696421333e+00, 0.000000000000000e+00, 0.000000000000000e+00, -2.868041408535764e+07, 1.000000000000000e-10, 3.567310807043103e+09
1030, 1.053349162956583e-01, 5.091816190982176e-02, 2.674993692067702e+00, 0.000000000000000e+00, 0.000000000000000e+00, -2.868041403910244e+07, 1.000000000000000e-10, 3.567199551714673e+09
1031, 1.051408025866305e-01, 5.087612031417936e-02, 2.674993687669230e+00, 0.000000000000000e+00, 0.000000000000000e+00, -2.868041399237083e+07, 1.000000000000000e-10, 3.567108187229025e+09
1032, 1.049467065862895e-01, 5.083399780515084e-02, 2.674993683265314e+00, 0.000000000000000e+00, 0.000000000000000e+00, -2.868041394558138e+07, 1.000000000000000e-10, 3.567030065570483e+09
1033, 1.047526131720568e-01, 5.079179146059276e-02, 2.674993678870424e+00, 0.000000000000000e+00, 0.000000000000000e+00, -2.868041389888782e+07, 1.000000000000000e-10, 3.566967956959944e+09
1034, 1.045585465014359e-01, 5.074950641776618e-02, 2.674993674469955e+00, 0.000000000000000e+00, 0.000000000000000e+00, -2.868041385213500e+07, 1.000000000000000e-10, 3.566923034001416e+09
1035, 1.043645219860675e-01, 5.070714584133484e-02, 2.674993670051225e+00, 0.000000000000000e+00, 0.000000000000000e+00, -2.868041380518816e+07, 1.000000000000000e-10, 3.566898112062328e+09
1036, 1.041704958782456e-01, 5.066469960663149e-02, 2.674993665637625e+00, 0.000000000000000e+00, 0.000000000000000e+00, -2.868041375829583e+07, 1.000000000000000e-10, 3.566884013900124e+09
1037, 1.039764875856117e-01, 5.062217263177783e-02, 2.674993661267922e+00, 0.000000000000000e+00, 0.000000000000000e+00, -2.868041371186987e+07, 1.000000000000000e-10, 3.566879268332321e+09
1038, 1.037824940625909e-01, 5.057956519331647e-02, 2.674993656933178e+00, 0.000000000000000e+00, 0.000000000000000e+00, -2.868041366581533e+07, 1.000000000000000e-10, 3.566887720646888e+09
1039, 1.035885238847535e-01, 5.053687950435473e-02, 2.674993652592510e+00, 0.000000000000000e+00, 0.000000000000000e+00, -2.868041361969787e+07, 1.000000000000000e-10, 3.566915985694905e+09
1040, 1.033945686045667e-01, 5.049411305940518e-02, 2.674993648225975e+00, 0.000000000000000e+00, 0.000000000000000e+00, -2.868041357330558e+07, 1.000000000000000e-10, 3.566962743313017e+09
1041, 1.032006312653795e-01, 5.045126607066882e-02, 2.674993643842191e+00, 0.000000000000000e+00, 0.000000000000000e+00, -2.868041352673001e+07, 1.000000000000000e-10, 3.567027157858202e+09
1042, 1.030067066059454e-01, 5.040833706503770e-02, 2.674993639457764e+00, 0.000000000000000e+00, 0.000000000000000e+00, -2.868041348014763e+07, 1.000000000000000e-10, 3.567105901106823e+09
1043, 1.028128080007005e-01, 5.036532918708830e-02, 2.674993635064776e+00, 0.000000000000000e+00, 0.000000000000000e+00, -2.868041343347428e+07, 1.000000000000000e-10, 3.567204498783925e+09
1044, 1.026189212162841e-01, 5.032223867383397e-02, 2.674993630640280e+00, 0.000000000000000e+00, 0.000000000000000e+00, -2.868041338646618e+07, 1.000000000000000e-10, 3.567323521617986e+09
1045, 1.024250436326637e-01, 5.027906421614798e-02, 2.674993626185961e+00, 0.000000000000000e+00, 0.000000000000000e+00, -2.868041333914122e+07, 1.000000000000000e-10, 3.567461720143507e+09
1046, 1.022311335632271e-01, 5.023579598423565e-02, 2.674993621733677e+00, 0.000000000000000e+00, 0.000000000000000e+00, -2.868041329183788e+07, 1.000000000000000e-10, 3.567611988049085e+09
1047, 1.020373395641501e-01, 5.019246756893999e-02, 2.674993617309443e+00, 0.000000000000000e+00, 0.000000000000000e+00, -2.868041324483256e+07, 1.000000000000000e-10, 3.567776026439459e+09
1048, 1.018435164028646e-01, 5.014904715961673e-02, 2.674993612918191e+00, 0.000000000000000e+00, 0.000000000000000e+00, -2.868041319817767e+07, 1.000000000000000e-10, 3.567951082139130e+09
1049, 1.016497044794459e-01, 5.010554434188624e-02, 2.674993608536612e+00, 0.000000000000000e+00, 0.000000000000000e+00, -2.868041315162552e+07, 1.000000000000000e-10, 3.568143982603133e+09
1050, 1.014560045575831e-01, 5.006198142752061e-02, 2.674993604120115e+00, 0.000000000000000e+00, 0.000000000000000e+00, -2.868041310470241e+07, 1.000000000000000e-10, 3.568361709154818e+09
1051, 1.012622445478630e-01, 5.001831867520121e-02, 2.674993599652787e+00, 0.000000000000000e+00, 0.000000000000000e+00, -2.868041305723923e+07, 1.000000000000000e-10, 3.568600909047261e+09
1052, 1.010685091958912e-01, 4.997457407835856e-02, 2.674993595151436e+00, 0.000000000000000e+00, 0.000000000000000e+00, -2.868041300941458e+07, 1.000000000000000e-10, 3.568858960835576e+09
1053, 1.008747899967955e-01, 4.993074534257593e-02, 2.674993590661143e+00, 0.000000000000000e+00, 0.000000000000000e+00, -2.868041296170742e+07, 1.000000000000000e-10, 3.569128472212635e+09
1054, 1.006810899511232e-01, 4.988683385154433e-02, 2.674993586212010e+00, 0.000000000000000e+00, 0.000000000000000e+00, -2.868041291443755e+07, 1.000000000000000e-10, 3.569408690448569e+09
1055, 1.004874113069641e-01, 4.984284092288741e-02, 2.674993581791413e+00, 0.000000000000000e+00, 0.000000000000000e+00, -2.868041286747088e+07, 1.000000000000000e-10, 3.569703442958342e+09
1056, 1.002937352067719e-01, 4.979876249083726e-02, 2.674993577365576e+00, 0.000000000000000e+00, 0.000000000000000e+00, -2.868041282044853e+07, 1.000000000000000e-10, 3.570017467203839e+09
1057, 1.001000874944267e-01, 4.975460389019085e-02, 2.674993572925304e+00, 0.000000000000000e+00, 0.000000000000000e+00, -2.868041277327281e+07, 1.000000000000000e-10, 3.570348648849557e+09
1058, 9.990646587935527e-02, 4.971036447487135e-02, 2.674993568483755e+00, 0.000000000000000e+00, 0.000000000000000e+00, -2.868041272608352e+07, 1.000000000000000e-10, 3.570696246925737e+09
1059, 9.971287036406726e-02, 4.966604422756476e-02, 2.674993564046824e+00, 0.000000000000000e+00, 0.000000000000000e+00, -2.868041267894331e+07, 1.000000000000000e-10, 3.571059347355727e+09
1060, 9.951928104696736e-02, 4.962163870198712e-02, 2.674993559595336e+00, 0.000000000000000e+00, 0.000000000000000e+00, -2.868041263164842e+07, 1.000000000000000e-10, 3.571443687239896e+09
1061, 9.932571748161487e-02, 4.957715158130228e-02, 2.674993555103305e+00, 0.000000000000000e+00, 0.000000000000000e+00, -2.868041258392279e+07, 1.000000000000000e-10, 3.571850569219534e+09
1062, 9.913217150751137e-02, 4.953258008888346e-02, 2.674993550579833e+00, 0.000000000000000e+00, 0.000000000000000e+00, -2.868041253586311e+07, 1.000000000000000e-10, 3.572276862474246e+09
1063, 9.893863913370927e-02, 4.948792286142800e-02, 2.674993546058151e+00, 0.000000000000000e+00, 0.000000000000000e+00, -2.868041248782245e+07, 1.000000000000000e-10, 3.572716896601830e+09
1064, 9.874513324394166e-02, 4.944318326605611e-02, 2.674993541560807e+00, 0.000000000000000e+00, 0.000000000000000e+00, -2.868041244004038e+07, 1.000000000000000e-10, 3.573170418690497e+09
1065, 9.855163918030829e-02, 4.939835837485625e-02, 2.674993537086354e+00, 0.000000000000000e+00, 0.000000000000000e+00, -2.868041239250150e+07, 1.000000000000000e-10, 3.573637958146896e+09
1066, 9.835817151920821e-02, 4.935345188866330e-02, 2.674993532613158e+00, 0.000000000000000e+00, 0.000000000000000e+00, -2.868041234497597e+07, 1.000000000000000e-10, 3.574124598757797e+09
1067, 9.816471987637833e-02, 4.930846101689967e-02, 2.674993528118911e+00, 0.000000000000000e+00, 0.000000000000000e+00, -2.868041229722680e+07, 1.000000000000000e-10, 3.574631406680511e+09
1068, 9.797128806986485e-02, 4.926338608810821e-02, 2.674993523599949e+00, 0.000000000000000e+00, 0.000000000000000e+00, -2.868041224921504e+07, 1.000000000000000e-10, 3.575158396331647e+09
1069, 9.777787624181117e-02, 4.921822660582996e-02, 2.674993519067278e+00, 0.000000000000000e+00, 0.000000000000000e+00, -2.868041220105763e+07, 1.000000000000000e-10, 3.575702918574367e+09
1070, 9.758448367498047e-02, 4.917298227706075e-02, 2.674993514537177e+00, 0.000000000000000e+00, 0.000000000000000e+00, -2.868041215292752e+07, 1.000000000000000e-10, 3.576263367353886e+09
1071, 9.739111031991077e-02, 4.912765320135754e-02, 2.674993510015232e+00, 0.000000000000000e+00, 0.000000000000000e+00, -2.868041210488407e+07, 1.000000000000000e-10, 3.576839850215728e+09
1072, 9.719775706335688e-02, 4.908223968050698e-02, 2.674993505502286e+00, 0.000000000000000e+00, 0.000000000000000e+00, -2.868041205693621e+07, 1.000000000000000e-10, 3.577435187059299e+09
1073, 9.700442411461044e-02, 4.903674144966000e-02, 2.674993500971263e+00, 0.000000000000000e+00, 0.000000000000000e+00, -2.868041200879631e+07, 1.000000000000000e-10, 3.578047674427970e+09
1074, 9.681111144143596e-02, 4.899115844638655e-02, 2.674993496440913e+00, 0.000000000000000e+00, 0.000000000000000e+00, -2.868041196066356e+07, 1.000000000000000e-10, 3.578674065395435e+09
1075, 9.661781897549239e-02, 4.894549107394532e-02, 2.674993491947140e+00, 0.000000000000000e+00, 0.000000000000000e+00, -2.868041191291942e+07, 1.000000000000000e-10, 3.579314057069593e+09
1076, 9.642454511679983e-02, 4.889973940583369e-02, 2.674993487462868e+00, 0.000000000000000e+00, 0.000000000000000e+00, -2.868041186527622e+07, 1.000000000000000e-10, 3.579971986661097e+09
1077, 9.623128827117997e-02, 4.885390287020838e-02, 2.674993482949424e+00, 0.000000000000000e+00, 0.000000000000000e+00, -2.868041181732308e+07, 1.000000000000000e-10, 3.580654022830813e+09
1078, 9.603805174103280e-02, 4.880798116734134e-02, 2.674993478385120e+00, 0.000000000000000e+00, 0.000000000000000e+00, -2.868041176882958e+07, 1.000000000000000e-10, 3.581360297219285e+09
1079, 9.584484087355340e-02, 4.876197451474922e-02, 2.674993473799331e+00, 0.000000000000000e+00, 0.000000000000000e+00, -2.868041172010782e+07, 1.000000000000000e-10, 3.582083202699121e+09
1080, 9.565163887853513e-02, 4.871587900320256e-02, 2.674993469218131e+00, 0.000000000000000e+00, 0.000000000000000e+00, -2.868041167143480e+07, 1.000000000000000e-10, 3.582823385070802e+09
1081, 9.545848370922204e-02, 4.866970363999369e-02, 2.674993464629775e+00, 0.000000000000000e+00, 0.000000000000000e+00, -2.868041162268577e+07, 1.000000000000000e-10, 3.583583624253666e+09
1082, 9.526532814251704e-02, 4.862343680726170e-02, 2.674993460014653e+00, 0.000000000000000e+00, 0.000000000000000e+00, -2.868041157365235e+07, 1.000000000000000e-10, 3.584366677177551e+09
1083, 9.507220009639236e-02, 4.857708432189237e-02, 2.674993455388523e+00, 0.000000000000000e+00, 0.000000000000000e+00, -2.868041152450197e+07, 1.000000000000000e-10, 3.585165237534879e+09
1084, 9.487909077631865e-02, 4.853064437582212e-02, 2.674993450814777e+00, 0.000000000000000e+00, 0.000000000000000e+00, -2.868041147590816e+07, 1.000000000000000e-10, 3.585969649423412e+09
1085, 9.468600113711437e-02, 4.848411884695884e-02, 2.674993446326919e+00, 0.000000000000000e+00, 0.000000000000000e+00, -2.868041142822686e+07, 1.000000000000000e-10, 3.586779762411450e+09
1086, 9.449293701595039e-02, 4.843751077074235e-02, 2.674993441875801e+00, 0.000000000000000e+00, 0.000000000000000e+00, -2.868041138093591e+07, 1.000000000000000e-10, 3.587608762396742e+09
1087, 9.429988487854252e-02, 4.839081659262287e-02, 2.674993437358762e+00, 0.000000000000000e+00, 0.000000000000000e+00, -2.868041133294458e+07, 1.000000000000000e-10, 3.588471669322196e+09
1088, 9.410686005601335e-02, 4.834403755845831e-02, 2.674993432718954e+00, 0.000000000000000e+00, 0.000000000000000e+00, -2.868041128364887e+07, 1.000000000000000e-10, 3.589369894708954e+09
1089, 9.391385386528645e-02, 4.829716902745049e-02, 2.674993427996595e+00, 0.000000000000000e+00, 0.000000000000000e+00, -2.868041123347611e+07, 1.000000000000000e-10, 3.590292131086705e+09
1090, 9.372087273181308e-02, 4.825021168405676e-02, 2.674993423301855e+00, 0.000000000000000e+00, 0.000000000000000e+00, -2.868041118359679e+07, 1.000000000000000e-10, 3.591219622422402e+09
1091, 9.352791111127856e-02, 4.820316601945696e-02, 2.674993418709192e+00, 0.000000000000000e+00, 0.000000000000000e+00, -2.868041113480200e+07, 1.000000000000000e-10, 3.592150140278518e+09
1092, 9.333496523058686e-02, 4.815603319627858e-02, 2.674993414202615e+00, 0.000000000000000e+00, 0.000000000000000e+00, -2.868041108692181e+07, 1.000000000000000e-10, 3.593089439519022e+09
1093, 9.314204689957482e-02, 4.810881729827202e-02, 2.674993409695689e+00, 0.000000000000000e+00, 0.000000000000000e+00, -2.868041103903792e+07, 1.000000000000000e-10, 3.594055455765665e+09
1094, 9.294914666708115e-02, 4.806151467589935e-02, 2.674993405118835e+00, 0.000000000000000e+00, 0.000000000000000e+00, -2.868041099041109e+07, 1.000000000000000e-10, 3.595049959142669e+09
1095, 9.275626767285941e-02, 4.801412452260309e-02, 2.674993400474601e+00, 0.000000000000000e+00, 0.000000000000000e+00, -2.868041094106836e+07, 1.000000000000000e-10, 3.596070950011729e+09
1096, 9.256339647709903e-02, 4.796664229677914e-02, 2.674993395814014e+00, 0.000000000000000e+00, 0.000000000000000e+00, -2.868041089155190e+07, 1.000000000000000e-10, 3.597106657191398e+09
1097, 9.237056543982053e-02, 4.791907639302624e-02, 2.674993391166764e+00, 0.000000000000000e+00, 0.000000000000000e+00, -2.868041084217714e+07, 1.000000000000000e-10, 3.598160979011198e+09
1098, 9.217776225112533e-02, 4.787142375418833e-02, 2.674993386517328e+00, 0.000000000000000e+00, 0.000000000000000e+00, -2.868041079277916e+07, 1.000000000000000e-10, 3.599234732865564e+09
1099, 9.198497073169998e-02, 4.782368019808999e-02, 2.674993381853997e+00, 0.000000000000000e+00, 0.000000000000000e+00, -2.868041074323354e+07, 1.000000000000000e-10, 3.600329961812224e+09
1100, 9.179219280793431e-02, 4.777584568301280e-02, 2.674993377191919e+00, 0.000000000000000e+00, 0.000000000000000e+00, -2.868041069370123e+07, 1.000000000000000e-10, 3.601440379937627e+09
1101, 9.159946220038497e-02, 4.772792898055412e-02, 2.674993372559732e+00, 0.000000000000000e+00, 0.000000000000000e+00, -2.868041064448651e+07, 1.000000000000000e-10, 3.602564666257404e+09
1102, 9.140673279270999e-02, 4.767991930433554e-02, 2.674993367953178e+00, 0.000000000000000e+00, 0.000000000000000e+00, -2.868041059554412e+07, 1.000000000000000e-10, 3.603705112814528e+09
1103, 9.121403086952175e-02, 4.763182339166334e-02, 2.674993363341955e+00, 0.000000000000000e+00, 0.000000000000000e+00, -2.868041054655213e+07, 1.000000000000000e-10, 3.604867454633826e+09
1104, 9.102135048942264e-02, 4.758363923665097e-02, 2.674993358712151e+00, 0.000000000000000e+00, 0.000000000000000e+00, -2.868041049736271e+07, 1.000000000000000e-10, 3.606050482097948e+09
1105, 9.082868929359876e-02, 4.753536589186340e-02, 2.674993354067754e+00, 0.000000000000000e+00, 0.000000000000000e+00, -2.868041044801826e+07, 1.000000000000000e-10, 3.607254392416255e+09
1106, 9.063605696092442e-02, 4.748700540779713e-02, 2.674993349413935e+00, 0.000000000000000e+00, 0.000000000000000e+00, -2.868041039857370e+07, 1.000000000000000e-10, 3.608477803838466e+09
1107, 9.044344205605874e-02, 4.743855477480952e-02, 2.674993344766478e+00, 0.000000000000000e+00, 0.000000000000000e+00, -2.868041034919673e+07, 1.000000000000000e-10, 3.609717723981094e+09
1108, 9.025084723857195e-02, 4.739001490681756e-02, 2.674993340138245e+00, 0.000000000000000e+00, 0.000000000000000e+00, -2.868041030002403e+07, 1.000000000000000e-10, 3.610973318255140e+09
1109, 9.005827976512761e-02, 4.734138800257376e-02, 2.674993335538518e+00, 0.000000000000000e+00, 0.000000000000000e+00, -2.868041025115417e+07, 1.000000000000000e-10, 3.612242800978109e+09
1110, 8.986572899908997e-02, 4.729267200639587e-02, 2.674993330914426e+00, 0.000000000000000e+00, 0.000000000000000e+00, -2.868041020202544e+07, 1.000000000000000e-10, 3.613543014934263e+09
1111, 8.967318961857870e-02, 4.724386381859481e-02, 2.674993326194719e+00, 0.000000000000000e+00, 0.000000000000000e+00, -2.868041015188085e+07, 1.000000000000000e-10, 3.614877885254679e+09
1112, 8.948068873514411e-02, 4.719496806714536e-02, 2.674993321382954e+00, 0.000000000000000e+00, 0.000000000000000e+00, -2.868041010075819e+07, 1.000000000000000e-10, 3.616243824889498e+09
1113, 8.928822449960878e-02, 4.714598269911853e-02, 2.674993316572476e+00, 0.000000000000000e+00, 0.000000000000000e+00, -2.868041004964921e+07, 1.000000000000000e-10, 3.617618611888483e+09
1114, 8.909577406794328e-02, 4.709690340816737e-02, 2.674993311862318e+00, 0.000000000000000e+00, 0.000000000000000e+00, -2.868040999960608e+07, 1.000000000000000e-10, 3.618995215603291e+09
1115, 8.890333753449504e-02, 4.704773256973931e-02, 2.674993307257343e+00, 0.000000000000000e+00, 0.000000000000000e+00, -2.868040995068046e+07, 1.000000000000000e-10, 3.620378033089462e+09
1116, 8.871093140474054e-02, 4.699847609176392e-02, 2.674993302668699e+00, 0.000000000000000e+00, 0.000000000000000e+00, -2.868040990192835e+07, 1.000000000000000e-10, 3.621788082659814e+09
1117, 8.851854481631106e-02, 4.694913001245159e-02, 2.674993298018366e+00, 0.000000000000000e+00, 0.000000000000000e+00, -2.868040985252083e+07, 1.000000000000000e-10, 3.623227292513299e+09
1118, 8.832617742964907e-02, 4.689969280095217e-02, 2.674993293306670e+00, 0.000000000000000e+00, 0.000000000000000e+00, -2.868040980246137e+07, 1.000000000000000e-10, 3.624694133751485e+09
1119, 8.813384114264171e-02, 4.685016633174234e-02, 2.674993288578619e+00, 0.000000000000000e+00, 0.000000000000000e+00, -2.868040975222813e+07, 1.000000000000000e-10, 3.626177714352386e+09
1120, 8.794152389376729e-02, 4.680054787610766e-02, 2.674993283855124e+00, 0.000000000000000e+00, 0.000000000000000e+00, -2.868040970204329e+07, 1.000000000000000e-10, 3.627683070339100e+09
1121, 8.774923078698764e-02, 4.675083839594722e-02, 2.674993279111405e+00, 0.000000000000000e+00, 0.000000000000000e+00, -2.868040965164359e+07, 1.000000000000000e-10, 3.629212399909593e+09
1122, 8.755696207509933e-02, 4.670103733621274e-02, 2.674993274331225e+00, 0.000000000000000e+00, 0.000000000000000e+00, -2.868040960085651e+07, 1.000000000000000e-10, 3.630768696423256e+09
1123, 8.736471216603983e-02, 4.665114224338159e-02, 2.674993269555904e+00, 0.000000000000000e+00, 0.000000000000000e+00, -2.868040955012104e+07, 1.000000000000000e-10, 3.632337098113808e+09
1124, 8.717249171332343e-02, 4.660115690987212e-02, 2.674993264854286e+00, 0.000000000000000e+00, 0.000000000000000e+00, -2.868040950016864e+07, 1.000000000000000e-10, 3.633912123332913e+09
1125, 8.698029461796686e-02, 4.655108152670807e-02, 2.674993260237807e+00, 0.000000000000000e+00, 0.000000000000000e+00, -2.868040945112081e+07, 1.000000000000000e-10, 3.635495358727132e+09
1126, 8.678811699737922e-02, 4.650091657374037e-02, 2.674993255628664e+00, 0.000000000000000e+00, 0.000000000000000e+00, -2.868040940215090e+07, 1.000000000000000e-10, 3.637107617963863e+09
1127, 8.659596817306453e-02, 4.645066312221078e-02, 2.674993250921931e+00, 0.000000000000000e+00, 0.000000000000000e+00, -2.868040935214416e+07, 1.000000000000000e-10, 3.638759568897158e+09
1128, 8.640383922933802e-02, 4.640031611683157e-02, 2.674993246090651e+00, 0.000000000000000e+00, 0.000000000000000e+00, -2.868040930081416e+07, 1.000000000000000e-10, 3.640449727247463e+09
1129, 8.621173936428900e-02, 4.634987550353095e-02, 2.674993241213251e+00, 0.000000000000000e+00, 0.000000000000000e+00, -2.868040924899416e+07, 1.000000000000000e-10, 3.642157261617105e+09
1130, 8.601966222569951e-02, 4.629934005080219e-02, 2.674993236404914e+00, 0.000000000000000e+00, 0.000000000000000e+00, -2.868040919790791e+07, 1.000000000000000e-10, 3.643868963034126e+09
1131, 8.582760782968257e-02, 4.624871193678556e-02, 2.674993231706416e+00, 0.000000000000000e+00, 0.000000000000000e+00, -2.868040914798867e+07, 1.000000000000000e-10, 3.645585069713355e+09
1132, 8.563557513246838e-02, 4.619799296815826e-02, 2.674993227059974e+00, 0.000000000000000e+00, 0.000000000000000e+00, -2.868040909862248e+07, 1.000000000000000e-10, 3.647321928989257e+09
1133, 8.544357275933583e-02, 4.614718526827625e-02, 2.674993222376164e+00, 0.000000000000000e+00, 0.000000000000000e+00, -2.868040904885928e+07, 1.000000000000000e-10, 3.649090008283632e+09
1134, 8.525159146383575e-02, 4.609628487716558e-02, 2.674993217623914e+00, 0.000000000000000e+00, 0.000000000000000e+00, -2.868040899836893e+07, 1.000000000000000e-10, 3.650888765418339e+09
1135, 8.505963411202563e-02, 4.604529113318168e-02, 2.674993212838384e+00, 0.000000000000000e+00, 0.000000000000000e+00, -2.868040894752501e+07, 1.000000000000000e-10, 3.652708689532531e+09
1136, 8.486770221390089e-02, 4.599420433646759e-02, 2.674993208055185e+00, 0.000000000000000e+00, 0.000000000000000e+00, -2.868040889670584e+07, 1.000000000000000e-10, 3.654548979081061e+09
1137, 8.467579589238843e-02, 4.594302453889829e-02, 2.674993203261296e+00, 0.000000000000000e+00, 0.000000000000000e+00, -2.868040884577311e+07, 1.000000000000000e-10, 3.656414546738020e+09
1138, 8.448391206906203e-02, 4.589175029289533e-02, 2.674993198440310e+00, 0.000000000000000e+00, 0.000000000000000e+00, -2.868040879455248e+07, 1.000000000000000e-10, 3.658305698918357e+09
1139, 8.429205368173556e-02, 4.584038173169798e-02, 2.674993193610578e+00, 0.000000000000000e+00, 0.000000000000000e+00, -2.868040874323892e+07, 1.000000000000000e-10, 3.660216883955062e+09
1140, 8.410022104031951e-02, 4.578891905354325e-02, 2.674993188805771e+00, 0.000000000000000e+00, 0.000000000000000e+00, -2.868040869219018e+07, 1.000000000000000e-10, 3.662143609189749e+09
1141, 8.390841845037626e-02, 4.573736412528132e-02, 2.674993184033082e+00, 0.000000000000000e+00, 0.000000000000000e+00, -2.868040864148269e+07, 1.000000000000000e-10, 3.664088071783843e+09
1142, 8.371663355645487e-02, 4.568571404271596e-02, 2.674993179260558e+00, 0.000000000000000e+00, 0.000000000000000e+00, -2.868040859077694e+07, 1.000000000000000e-10, 3.666057709878539e+09
1143, 8.352488057325183e-02, 4.563397203393200e-02, 2.674993174482839e+00, 0.000000000000000e+00, 0.000000000000000e+00, -2.868040854001599e+07, 1.000000000000000e-10, 3.668046840319473e+09
1144, 8.333315055431616e-02, 4.558213589684862e-02, 2.674993169723797e+00, 0.000000000000000e+00, 0.000000000000000e+00, -2.868040848945349e+07, 1.000000000000000e-10, 3.670054061664464e+09
1145, 8.314144428826876e-02, 4.553020620870837e-02, 2.674993164984954e+00, 0.000000000000000e+00, 0.000000000000000e+00, -2.868040843910559e+07, 1.000000000000000e-10, 3.672080098138950e+09
1146, 8.294976347647953e-02, 4.547818369888379e-02, 2.674993160226154e+00, 0.000000000000000e+00, 0.000000000000000e+00, -2.868040838854566e+07, 1.000000000000000e-10, 3.674136758141941e+09
1147, 8.275810904622988e-02, 4.542606735593047e-02, 2.674993155403083e+00, 0.000000000000000e+00, 0.000000000000000e+00, -2.868040833730287e+07, 1.000000000000000e-10, 3.676226447993292e+09
1148, 8.256647604960890e-02, 4.537385430332978e-02, 2.674993150528426e+00, 0.000000000000000e+00, 0.000000000000000e+00, -2.868040828551201e+07, 1.000000000000000e-10, 3.678343551110822e+09
1149, 8.237487490652910e-02, 4.532154661747892e-02, 2.674993145658021e+00, 0.000000000000000e+00, 0.000000000000000e+00, -2.868040823376632e+07, 1.000000000000000e-10, 3.680476588465848e+09
1150, 8.218325013982292e-02, 4.526912991110580e-02, 2.674993140836254e+00, 0.000000000000000e+00, 0.000000000000000e+00, -2.868040818253740e+07, 1.000000000000000e-10, 3.682622767100527e+09
1151, 8.199168014352785e-02, 4.521662657862889e-02, 2.674993136052857e+00, 0.000000000000000e+00, 0.000000000000000e+00, -2.868040813171612e+07, 1.000000000000000e-10, 3.684788432694539e+09
1152, 8.180021373672328e-02, 4.516405040830088e-02, 2.674993131263834e+00, 0.000000000000000e+00, 0.000000000000000e+00, -2.868040808083508e+07, 1.000000000000000e-10, 3.686982419819553e+09
1153, 8.160865191849773e-02, 4.511134608803574e-02, 2.674993126462225e+00, 0.000000000000000e+00, 0.000000000000000e+00, -2.868040802982032e+07, 1.000000000000000e-10, 3.689196733484743e+09
1154, 8.141721993856227e-02, 4.505857540597788e-02, 2.674993121662552e+00, 0.000000000000000e+00, 0.000000000000000e+00, -2.868040797882612e+07, 1.000000000000000e-10, 3.691434580330550e+09
1155, 8.122580569166021e-02, 4.500570759534955e-02, 2.674993116868150e+00, 0.000000000000000e+00, 0.000000000000000e+00, -2.868040792788794e+07, 1.000000000000000e-10, 3.693694295087230e+09
1156, 8.103438431394142e-02, 4.495273574245778e-02, 2.674993112047557e+00, 0.000000000000000e+00, 0.000000000000000e+00, -2.868040787667147e+07, 1.000000000000000e-10, 3.695985014441902e+09
1157, 8.084298899965742e-02, 4.489966775955671e-02, 2.674993107171546e+00, 0.000000000000000e+00, 0.000000000000000e+00, -2.868040782486623e+07, 1.000000000000000e-10, 3.698307537151658e+09
1158, 8.065162609236905e-02, 4.484650419248738e-02, 2.674993102270112e+00, 0.000000000000000e+00, 0.000000000000000e+00, -2.868040777279086e+07, 1.000000000000000e-10, 3.700652943520332e+09
1159, 8.046028590514109e-02, 4.479324233137243e-02, 2.674993097382748e+00, 0.000000000000000e+00, 0.000000000000000e+00, -2.868040772086500e+07, 1.000000000000000e-10, 3.703017862433474e+09
1160, 8.026897362712219e-02, 4.473988400688710e-02, 2.674993092517348e+00, 0.000000000000000e+00, 0.000000000000000e+00, -2.868040766917248e+07, 1.000000000000000e-10, 3.705403033210166e+09
1161, 8.007768695574149e-02, 4.468642888195169e-02, 2.674993087655619e+00, 0.000000000000000e+00, 0.000000000000000e+00, -2.868040761751898e+07, 1.000000000000000e-10, 3.707813663516039e+09
1162, 7.988642826936679e-02, 4.463287725989114e-02, 2.674993082789276e+00, 0.000000000000000e+00, 0.000000000000000e+00, -2.868040756581644e+07, 1.000000000000000e-10, 3.710247357051338e+09
1163, 7.969519695287465e-02, 4.457922893553749e-02, 2.674993077932673e+00, 0.000000000000000e+00, 0.000000000000000e+00, -2.868040751421740e+07, 1.000000000000000e-10, 3.712702095922112e+09
1164, 7.950399049831038e-02, 4.452548343145538e-02, 2.674993073084651e+00, 0.000000000000000e+00, 0.000000000000000e+00, -2.868040746270951e+07, 1.000000000000000e-10, 3.715180283705914e+09
1165, 7.931280682067686e-02, 4.447164007696339e-02, 2.674993068232176e+00, 0.000000000000000e+00, 0.000000000000000e+00, -2.868040741115432e+07, 1.000000000000000e-10, 3.717683789696121e+09
1166, 7.912164950311730e-02, 4.441769956702132e-02, 2.674993063373607e+00, 0.000000000000000e+00, 0.000000000000000e+00, -2.868040735953438e+07, 1.000000000000000e-10, 3.720211680732091e+09
1167, 7.893054218609619e-02, 4.436366841739511e-02, 2.674993058514073e+00, 0.000000000000000e+00, 0.000000000000000e+00, -2.868040730790420e+07, 1.000000000000000e-10, 3.722763766439341e+09
1168, 7.873944626988674e-02, 4.430953565677877e-02, 2.674993053653313e+00, 0.000000000000000e+00, 0.000000000000000e+00, -2.868040725626098e+07, 1.000000000000000e-10, 3.725340373938352e+09
1169, 7.854837902815991e-02, 4.425530596630876e-02, 2.674993048779088e+00, 0.000000000000000e+00, 0.000000000000000e+00, -2.868040720447470e+07, 1.000000000000000e-10, 3.727944916637352e+09
1170, 7.835733870885671e-02, 4.420097828454186e-02, 2.674993043883336e+00, 0.000000000000000e+00, 0.000000000000000e+00, -2.868040715245971e+07, 1.000000000000000e-10, 3.730577309328732e+09
1171, 7.816632436064172e-02, 4.414655180578657e-02, 2.674993038977913e+00, 0.000000000000000e+00, 0.000000000000000e+00, -2.868040710034198e+07, 1.000000000000000e-10, 3.733234114634156e+09
1172, 7.797534326758881e-02, 4.409202852094896e-02, 2.674993034080906e+00, 0.000000000000000e+00, 0.000000000000000e+00, -2.868040704831365e+07, 1.000000000000000e-10, 3.735913132574898e+09
1173, 7.778438741129705e-02, 4.403740635959282e-02, 2.674993029197990e+00, 0.000000000000000e+00, 0.000000000000000e+00, -2.868040699643504e+07, 1.000000000000000e-10, 3.738614781570464e+09
1174, 7.759345667475126e-02, 4.398268542986743e-02, 2.674993024315094e+00, 0.000000000000000e+00, 0.000000000000000e+00, -2.868040694455663e+07, 1.000000000000000e-10, 3.741343255582845e+09
1175, 7.740255596808945e-02, 4.392786677111672e-02, 2.674993019428437e+00, 0.000000000000000e+00, 0.000000000000000e+00, -2.868040689263828e+07, 1.000000000000000e-10, 3.744095931651034e+09
1176, 7.721168748097168e-02, 4.387295100375160e-02, 2.674993014549491e+00, 0.000000000000000e+00, 0.000000000000000e+00, -2.868040684080184e+07, 1.000000000000000e-10, 3.746871924165553e+09
1177, 7.702084274014563e-02, 4.381793580190876e-02, 2.674993009683257e+00, 0.000000000000000e+00, 0.000000000000000e+00, -2.868040678910046e+07, 1.000000000000000e-10, 3.749670466103958e+09
1178, 7.683002646578681e-02, 4.376282271108919e-02, 2.674993004806807e+00, 0.000000000000000e+00, 0.000000000000000e+00, -2.868040673729054e+07, 1.000000000000000e-10, 3.752500084206938e+09
1179, 7.663924263802462e-02, 4.370761204710471e-02, 2.674992999888670e+00, 0.000000000000000e+00, 0.000000000000000e+00, -2.868040668503772e+07, 1.000000000000000e-10, 3.755363364626585e+09
1180, 7.644848439614924e-02, 4.365230071962684e-02, 2.674992994943587e+00, 0.000000000000000e+00, 0.000000000000000e+00, -2.868040663249862e+07, 1.000000000000000e-10, 3.758253338269241e+09
1181, 7.625775413115210e-02, 4.359688918342457e-02, 2.674992989998553e+00, 0.000000000000000e+00, 0.000000000000000e+00, -2.868040657996003e+07, 1.000000000000000e-10, 3.761168229504170e+09
1182, 7.606705671946752e-02, 4.354137885902550e-02, 2.674992985048193e+00, 0.000000000000000e+00, 0.000000000000000e+00, -2.868040652736485e+07, 1.000000000000000e-10, 3.764111989333042e+09
1183, 7.587638663952698e-02, 4.348576768805436e-02, 2.674992980066887e+00, 0.000000000000000e+00, 0.000000000000000e+00, -2.868040647444089e+07, 1.000000000000000e-10, 3.767089718876418e+09
1184, 7.568574379756970e-02, 4.343005458067560e-02, 2.674992975073923e+00, 0.000000000000000e+00, 0.000000000000000e+00, -2.868040642139307e+07, 1.000000000000000e-10, 3.770090164499778e+09
1185, 7.549513430213127e-02, 4.337424165860983e-02, 2.674992970149099e+00, 0.000000000000000e+00, 0.000000000000000e+00, -2.868040636906919e+07, 1.000000000000000e-10, 3.773097548428554e+09
1186, 7.530455354752491e-02, 4.331832982256509e-02, 2.674992965335911e+00, 0.000000000000000e+00, 0.000000000000000e+00, -2.868040631793140e+07, 1.000000000000000e-10, 3.776112135429667e+09
1187, 7.511399705794933e-02, 4.326231990159553e-02, 2.674992960556398e+00, 0.000000000000000e+00, 0.000000000000000e+00, -2.868040626715140e+07, 1.000000000000000e-10, 3.779159499923634e+09
1188, 7.492346799872612e-02, 4.320621184238382e-02, 2.674992955674082e+00, 0.000000000000000e+00, 0.000000000000000e+00, -2.868040621527916e+07, 1.000000000000000e-10, 3.782261353082444e+09
1189, 7.473297947975992e-02, 4.315000598812815e-02, 2.674992950632760e+00, 0.000000000000000e+00, 0.000000000000000e+00, -2.868040616171755e+07, 1.000000000000000e-10, 3.785417065993873e+09
1190, 7.454250595137296e-02, 4.309369150237304e-02, 2.674992945526412e+00, 0.000000000000000e+00, 0.000000000000000e+00, -2.868040610746507e+07, 1.000000000000000e-10, 3.788596443700038e+09
1191, 7.435207904269439e-02, 4.303727806514973e-02, 2.674992940497625e+00, 0.000000000000000e+00, 0.000000000000000e+00, -2.868040605403665e+07, 1.000000000000000e-10, 3.791780679651500e+09
1192, 7.416167905177719e-02, 4.298076249341417e-02, 2.674992935598135e+00, 0.000000000000000e+00, 0.000000000000000e+00, -2.868040600198193e+07, 1.000000000000000e-10, 3.794970095704339e+09
1193, 7.397130380824901e-02, 4.292414662174136e-02, 2.674992930755763e+00, 0.000000000000000e+00, 0.000000000000000e+00, -2.868040595053408e+07, 1.000000000000000e-10, 3.798188163418737e+09
1194, 7.378095936732197e-02, 4.286743189379105e-02, 2.674992925870755e+00, 0.000000000000000e+00, 0.000000000000000e+00, -2.868040589863323e+07, 1.000000000000000e-10, 3.801446293121249e+09
1195, 7.359064387321740e-02, 4.281061609688653e-02, 2.674992920916830e+00, 0.000000000000000e+00, 0.000000000000000e+00, -2.868040584600018e+07, 1.000000000000000e-10, 3.804743201557852e+09
1196, 7.340035799176364e-02, 4.275369797456806e-02, 2.674992915937200e+00, 0.000000000000000e+00, 0.000000000000000e+00, -2.868040579309402e+07, 1.000000000000000e-10, 3.808065859402394e+09
1197, 7.321010703835740e-02, 4.269667924696196e-02, 2.674992910960256e+00, 0.000000000000000e+00, 0.000000000000000e+00, -2.868040574021640e+07, 1.000000000000000e-10, 3.811417818243549e+09
1198, 7.301988304642701e-02, 4.263955726194479e-02, 2.674992905964638e+00, 0.000000000000000e+00, 0.000000000000000e+00, -2.868040568714038e+07, 1.000000000000000e-10, 3.814803382956457e+09
1199, 7.282969095205330e-02, 4.258233273013195e-02, 2.674992900938162e+00, 0.000000000000000e+00, 0.000000000000000e+00, -2.868040563373651e+07, 1.000000000000000e-10, 3.818222984965989e+09
1200, 7.263952627849017e-02, 4.252500353080724e-02, 2.674992895913511e+00, 0.000000000000000e+00, 0.000000000000000e+00, -2.868040558035202e+07, 1.000000000000000e-10, 3.821665137515230e+09
1201, 7.244939733388184e-02, 4.246757275146861e-02, 2.674992890934783e+00, 0.000000000000000e+00, 0.000000000000000e+00, -2.868040552745544e+07, 1.000000000000000e-10, 3.825125734742802e+09
1202, 7.225930105917711e-02, 4.241004054612844e-02, 2.674992885993605e+00, 0.000000000000000e+00, 0.000000000000000e+00, -2.868040547495781e+07, 1.000000000000000e-10, 3.828611683307514e+09
1203, 7.206922308086541e-02, 4.235240280591353e-02, 2.674992881049086e+00, 0.000000000000000e+00, 0.000000000000000e+00, -2.868040542242469e+07, 1.000000000000000e-10, 3.832130503057422e+09
1204, 7.187918023470717e-02, 4.229466397607521e-02, 2.674992876090807e+00, 0.000000000000000e+00, 0.000000000000000e+00, -2.868040536974537e+07, 1.000000000000000e-10, 3.835678786974786e+09
1205, 7.168917191413610e-02, 4.223682369110248e-02, 2.674992871138146e+00, 0.000000000000000e+00, 0.000000000000000e+00, -2.868040531712575e+07, 1.000000000000000e-10, 3.839253675374908e+09
1206, 7.149919795731993e-02, 4.217888206323510e-02, 2.674992866188921e+00, 0.000000000000000e+00, 0.000000000000000e+00, -2.868040526454262e+07, 1.000000000000000e-10, 3.842859099233960e+09
1207, 7.130926700646500e-02, 4.212084145184409e-02, 2.674992861204327e+00, 0.000000000000000e+00, 0.000000000000000e+00, -2.868040521158372e+07, 1.000000000000000e-10, 3.846505640030300e+09
1208, 7.111935709646423e-02, 4.206269369763142e-02, 2.674992856158665e+00, 0.000000000000000e+00, 0.000000000000000e+00, -2.868040515797601e+07, 1.000000000000000e-10, 3.850192695661703e+09
1209, 7.092947810397512e-02, 4.200444043326798e-02, 2.674992851090835e+00, 0.000000000000000e+00, 0.000000000000000e+00, -2.868040510413275e+07, 1.000000000000000e-10, 3.853907235596681e+09
1210, 7.073963209119749e-02, 4.194608246681599e-02, 2.674992846066325e+00, 0.000000000000000e+00, 0.000000000000000e+00, -2.868040505074976e+07, 1.000000000000000e-10, 3.857638835473994e+09
1211, 7.054981614413058e-02, 4.188762027025667e-02, 2.674992841108426e+00, 0.000000000000000e+00, 0.000000000000000e+00, -2.868040499807449e+07, 1.000000000000000e-10, 3.861389068149916e+09
1212, 7.036003335197251e-02, 4.182905594854738e-02, 2.674992836170231e+00, 0.000000000000000e+00, 0.000000000000000e+00, -2.868040494560855e+07, 1.000000000000000e-10, 3.865173339012558e+09
1213, 7.017028022983075e-02, 4.177038783038972e-02, 2.674992831203813e+00, 0.000000000000000e+00, 0.000000000000000e+00, -2.868040489284275e+07, 1.000000000000000e-10, 3.868994218347309e+09
1214, 6.998055694275239e-02, 4.171161510050145e-02, 2.674992826207891e+00, 0.000000000000000e+00, 0.000000000000000e+00, -2.868040483976351e+07, 1.000000000000000e-10, 3.872850248273833e+09
1215, 6.979087193512966e-02, 4.165273971563782e-02, 2.674992821206777e+00, 0.000000000000000e+00, 0.000000000000000e+00, -2.868040478662908e+07, 1.000000000000000e-10, 3.876734514294486e+09
1216, 6.960121653434062e-02, 4.159375915330614e-02, 2.674992816200009e+00, 0.000000000000000e+00, 0.000000000000000e+00, -2.868040473343460e+07, 1.000000000000000e-10, 3.880654523196818e+09
1217, 6.941159215764092e-02, 4.153467316606802e-02, 2.674992811164536e+00, 0.000000000000000e+00, 0.000000000000000e+00, -2.868040467993512e+07, 1.000000000000000e-10, 3.884611753401377e+09
1218, 6.922200364046502e-02, 4.147548244891025e-02, 2.674992806117091e+00, 0.000000000000000e+00, 0.000000000000000e+00, -2.868040462630846e+07, 1.000000000000000e-10, 3.888599163652325e+09
1219, 6.903245039269572e-02, 4.141618684035040e-02, 2.674992801069478e+00, 0.000000000000000e+00, 0.000000000000000e+00, -2.868040457268001e+07, 1.000000000000000e-10, 3.892619814370454e+09
1220, 6.884292352788215e-02, 4.135678324987842e-02, 2.674992796008165e+00, 0.000000000000000e+00, 0.000000000000000e+00, -2.868040451890600e+07, 1.000000000000000e-10, 3.896676034859302e+09
1221, 6.865343299158917e-02, 4.129727422577338e-02, 2.674992790914247e+00, 0.000000000000000e+00, 0.000000000000000e+00, -2.868040446478558e+07, 1.000000000000000e-10, 3.900773268476142e+09
1222, 6.846397915581705e-02, 4.123765878064207e-02, 2.674992785832565e+00, 0.000000000000000e+00, 0.000000000000000e+00, -2.868040441079516e+07, 1.000000000000000e-10, 3.904889718520853e+09
1223, 6.827455622140438e-02, 4.117793642314641e-02, 2.674992780839470e+00, 0.000000000000000e+00, 0.000000000000000e+00, -2.868040435774593e+07, 1.000000000000000e-10, 3.909017729047984e+09
1224, 6.808515630258730e-02, 4.111810678855391e-02, 2.674992775933622e+00, 0.000000000000000e+00, 0.000000000000000e+00, -2.868040430562367e+07, 1.000000000000000e-10, 3.913164545672649e+09
1225, 6.789579468661400e-02, 4.105817596911475e-02, 2.674992771008800e+00, 0.000000000000000e+00, 0.000000000000000e+00, -2.868040425329981e+07, 1.000000000000000e-10, 3.917363754422658e+09
1226, 6.770648705137039e-02, 4.099814656685573e-02, 2.674992765958153e+00, 0.000000000000000e+00, 0.000000000000000e+00, -2.868040419963912e+07, 1.000000000000000e-10, 3.921624362711628e+09
1227, 6.751719415443881e-02, 4.093800291262853e-02, 2.674992760789321e+00, 0.000000000000000e+00, 0.000000000000000e+00, -2.868040414472278e+07, 1.000000000000000e-10, 3.925936028066149e+09
1228, 6.732793837943815e-02, 4.087775000759927e-02, 2.674992755624305e+00, 0.000000000000000e+00, 0.000000000000000e+00, -2.868040408984698e+07, 1.000000000000000e-10, 3.930262604662532e+09
1229, 6.713871979430322e-02, 4.081738982091842e-02, 2.674992750579214e+00, 0.000000000000000e+00, 0.000000000000000e+00, -2.868040403624532e+07, 1.000000000000000e-10, 3.934595333981297e+09
1230, 6.694953443966127e-02, 4.075692393504072e-02, 2.674992745646979e+00, 0.000000000000000e+00, 0.000000000000000e+00, -2.868040398384270e+07, 1.000000000000000e-10, 3.938944510469011e+09
1231, 6.676037845235260e-02, 4.069635276827025e-02, 2.674992740717918e+00, 0.000000000000000e+00, 0.000000000000000e+00, -2.868040393147380e+07, 1.000000000000000e-10, 3.943342166144014e+09
1232, 6.657125904865714e-02, 4.063567680679536e-02, 2.674992735700586e+00, 0.000000000000000e+00, 0.000000000000000e+00, -2.868040387816707e+07, 1.000000000000000e-10, 3.947793020436685e+09
1233, 6.638217685482309e-02, 4.057489401549955e-02, 2.674992730625408e+00, 0.000000000000000e+00, 0.000000000000000e+00, -2.868040382424575e+07, 1.000000000000000e-10, 3.952287718082117e+09
1234, 6.619312588054485e-02, 4.051400131032584e-02, 2.674992725528837e+00, 0.000000000000000e+00, 0.000000000000000e+00, -2.868040377009714e+07, 1.000000000000000e-10, 3.956810435169789e+09
1235, 6.600410900300387e-02, 4.045300017377442e-02, 2.674992720426235e+00, 0.000000000000000e+00, 0.000000000000000e+00, -2.868040371588445e+07, 1.000000000000000e-10, 3.961371324512850e+09
1236, 6.581512982208587e-02, 4.039189125711814e-02, 2.674992715316880e+00, 0.000000000000000e+00, 0.000000000000000e+00, -2.868040366160002e+07, 1.000000000000000e-10, 3.965972780612211e+09
1237, 6.562618867901777e-02, 4.033067394994543e-02, 2.674992710196526e+00, 0.000000000000000e+00, 0.000000000000000e+00, -2.868040360719873e+07, 1.000000000000000e-10, 3.970608872019508e+09
1238, 6.543727655917596e-02, 4.026934526883900e-02, 2.674992705108816e+00, 0.000000000000000e+00, 0.000000000000000e+00, -2.868040355314427e+07, 1.000000000000000e-10, 3.975268231209358e+09
1239, 6.524840155808898e-02, 4.020790896720218e-02, 2.674992700071940e+00, 0.000000000000000e+00, 0.000000000000000e+00, -2.868040349962987e+07, 1.000000000000000e-10, 3.979954648030901e+09
1240, 6.505955011674089e-02, 4.014636136262600e-02, 2.674992695043276e+00, 0.000000000000000e+00, 0.000000000000000e+00, -2.868040344620275e+07, 1.000000000000000e-10, 3.984681609471389e+09
1241, 6.487074568624564e-02, 4.008470937914959e-02, 2.674992689999380e+00, 0.000000000000000e+00, 0.000000000000000e+00, -2.868040339261378e+07, 1.000000000000000e-10, 3.989445641202482e+09
1242, 6.468197919914508e-02, 4.002294980851649e-02, 2.674992684957519e+00, 0.000000000000000e+00, 0.000000000000000e+00, -2.868040333904643e+07, 1.000000000000000e-10, 3.994244081036030e+09
1243, 6.449325062689892e-02, 3.996108266466086e-02, 2.674992679923903e+00, 0.000000000000000e+00, 0.000000000000000e+00, -2.868040328556670e+07, 1.000000000000000e-10, 3.999077236821816e+09
1244, 6.430456297549821e-02, 3.989910894165632e-02, 2.674992674863212e+00, 0.000000000000000e+00, 0.000000000000000e+00, -2.868040323179929e+07, 1.000000000000000e-10, 4.003959737538235e+09
1245, 6.411590302429122e-02, 3.983702281114276e-02, 2.674992669739360e+00, 0.000000000000000e+00, 0.000000000000000e+00, -2.868040317736083e+07, 1.000000000000000e-10, 4.008892596679272e+09
1246, 6.392727585722538e-02, 3.977482437597694e-02, 2.674992664583920e+00, 0.000000000000000e+00, 0.000000000000000e+00, -2.868040312258676e+07, 1.000000000000000e-10, 4.013862776724934e+09
1247, 6.373869142329333e-02, 3.971251677355711e-02, 2.674992659466680e+00, 0.000000000000000e+00, 0.000000000000000e+00, -2.868040306821854e+07, 1.000000000000000e-10, 4.018855168263380e+09
1248, 6.355013979716435e-02, 3.965009817788502e-02, 2.674992654424894e+00, 0.000000000000000e+00, 0.000000000000000e+00, -2.868040301465200e+07, 1.000000000000000e-10, 4.023869184496928e+09
1249, 6.336162336713091e-02, 3.958757083503454e-02, 2.674992649419539e+00, 0.000000000000000e+00, 0.000000000000000e+00, -2.868040296147251e+07, 1.000000000000000e-10, 4.028921137550861e+09
1250, 6.317314152892867e-02, 3.952493431829744e-02, 2.674992644373082e+00, 0.000000000000000e+00, 0.000000000000000e+00, -2.868040290785634e+07, 1.000000000000000e-10, 4.034027615121184e+09
1251, 6.298469865312682e-02, 3.946218819263535e-02, 2.674992639247276e+00, 0.000000000000000e+00, 0.000000000000000e+00, -2.868040285339712e+07, 1.000000000000000e-10, 4.039189404840135e+09
1252, 6.279629555261226e-02, 3.939933085033420e-02, 2.674992634080458e+00, 0.000000000000000e+00, 0.000000000000000e+00, -2.868040279850215e+07, 1.000000000000000e-10, 4.044390985001031e+09
1253, 6.260792762772141e-02, 3.933636052030746e-02, 2.674992628943178e+00, 0.000000000000000e+00, 0.000000000000000e+00, -2.868040274392103e+07, 1.000000000000000e-10, 4.049618608962208e+09
1254, 6.241959474673353e-02, 3.927327831622741e-02, 2.674992623866275e+00, 0.000000000000000e+00, 0.000000000000000e+00, -2.868040268998137e+07, 1.000000000000000e-10, 4.054872760834560e+09
1255, 6.223130100238922e-02, 3.921008670327591e-02, 2.674992618814707e+00, 0.000000000000000e+00, 0.000000000000000e+00, -2.868040263631090e+07, 1.000000000000000e-10, 4.060167818853827e+09
1256, 6.204304646296527e-02, 3.914678535754545e-02, 2.674992613746966e+00, 0.000000000000000e+00, 0.000000000000000e+00, -2.868040258246858e+07, 1.000000000000000e-10, 4.065507573002644e+09
1257, 6.185482712496311e-02, 3.908337223380533e-02, 2.674992608659517e+00, 0.000000000000000e+00, 0.000000000000000e+00, -2.868040252841688e+07, 1.000000000000000e-10, 4.070890400642187e+09
1258, 6.166664314967232e-02, 3.901984687487642e-02, 2.674992603570410e+00, 0.000000000000000e+00, 0.000000000000000e+00, -2.868040247434757e+07, 1.000000000000000e-10, 4.076310764142821e+09
1259, 6.147849909383526e-02, 3.895621089400488e-02, 2.674992598475562e+00, 0.000000000000000e+00, 0.000000000000000e+00, -2.868040242021725e+07, 1.000000000000000e-10, 4.081776639102645e+09
1260, 6.129039504301483e-02, 3.889246363736748e-02, 2.674992593351742e+00, 0.000000000000000e+00, 0.000000000000000e+00, -2.868040236577914e+07, 1.000000000000000e-10, 4.087290938355442e+09
1261, 6.110232761600296e-02, 3.882860302651114e-02, 2.674992588202529e+00, 0.000000000000000e+00, 0.000000000000000e+00, -2.868040231107122e+07, 1.000000000000000e-10, 4.092850019115745e+09
1262, 6.091429584922653e-02, 3.876462819505948e-02, 2.674992583064871e+00, 0.000000000000000e+00, 0.000000000000000e+00, -2.868040225648607e+07, 1.000000000000000e-10, 4.098441865580552e+09
1263, 6.072629417398401e-02, 3.870053791540002e-02, 2.674992577971014e+00, 0.000000000000000e+00, 0.000000000000000e+00, -2.868040220236628e+07, 1.000000000000000e-10, 4.104064518054313e+09
1264, 6.053833880274424e-02, 3.863633856434277e-02, 2.674992572908428e+00, 0.000000000000000e+00, 0.000000000000000e+00, -2.868040214857874e+07, 1.000000000000000e-10, 4.109725753777667e+09
1265, 6.035044008229633e-02, 3.857203382184397e-02, 2.674992567829850e+00, 0.000000000000000e+00, 0.000000000000000e+00, -2.868040209462130e+07, 1.000000000000000e-10, 4.115439349340356e+09
1266, 6.016256141012406e-02, 3.850760999450487e-02, 2.674992562703479e+00, 0.000000000000000e+00, 0.000000000000000e+00, -2.868040204015606e+07, 1.000000000000000e-10, 4.121206260662384e+09
1267, 5.997472380383600e-02, 3.844307297860146e-02, 2.674992557542460e+00, 0.000000000000000e+00, 0.000000000000000e+00, -2.868040198532272e+07, 1.000000000000000e-10, 4.127020416601625e+09
1268, 5.978692745571134e-02, 3.837842224336184e-02, 2.674992552392934e+00, 0.000000000000000e+00, 0.000000000000000e+00, -2.868040193061147e+07, 1.000000000000000e-10, 4.132868525204347e+09
1269, 5.959917173720798e-02, 3.831365829314560e-02, 2.674992547288203e+00, 0.000000000000000e+00, 0.000000000000000e+00, -2.868040187637616e+07, 1.000000000000000e-10, 4.138748987318423e+09
1270, 5.941144499890906e-02, 3.824877797242957e-02, 2.674992542219849e+00, 0.000000000000000e+00, 0.000000000000000e+00, -2.868040182252733e+07, 1.000000000000000e-10, 4.144666993891927e+09
1271, 5.922375925585296e-02, 3.818378576414573e-02, 2.674992537136300e+00, 0.000000000000000e+00, 0.000000000000000e+00, -2.868040176851707e+07, 1.000000000000000e-10, 4.150641057139402e+09
1272, 5.903611476355350e-02, 3.811868037188079e-02, 2.674992531990876e+00, 0.000000000000000e+00, 0.000000000000000e+00, -2.868040171384940e+07, 1.000000000000000e-10, 4.156675284541979e+09
1273, 5.884851233346630e-02, 3.805346036581604e-02, 2.674992526787622e+00, 0.000000000000000e+00, 0.000000000000000e+00, -2.868040165856732e+07, 1.000000000000000e-10, 4.162765401012002e+09
1274, 5.866096679977506e-02, 3.798812968254870e-02, 2.674992521603304e+00, 0.000000000000000e+00, 0.000000000000000e+00, -2.868040160348642e+07, 1.000000000000000e-10, 4.168881470856465e+09
1275, 5.847344465723987e-02, 3.792267834085627e-02, 2.674992516520235e+00, 0.000000000000000e+00, 0.000000000000000e+00, -2.868040154948126e+07, 1.000000000000000e-10, 4.175015159673581e+09
1276, 5.828596369025704e-02, 3.785711489550920e-02, 2.674992511525708e+00, 0.000000000000000e+00, 0.000000000000000e+00, -2.868040149641681e+07, 1.000000000000000e-10, 4.181179378545331e+09
1277, 5.809852369771686e-02, 3.779144042022665e-02, 2.674992506501988e+00, 0.000000000000000e+00, 0.000000000000000e+00, -2.868040144304220e+07, 1.000000000000000e-10, 4.187416273852622e+09
1278, 5.791112250032375e-02, 3.772565133851141e-02, 2.674992501343733e+00, 0.000000000000000e+00, 0.000000000000000e+00, -2.868040138823821e+07, 1.000000000000000e-10, 4.193734412960749e+09
1279, 5.772375944134923e-02, 3.765974390689002e-02, 2.674992496087103e+00, 0.000000000000000e+00, 0.000000000000000e+00, -2.868040133238903e+07, 1.000000000000000e-10, 4.200110772644224e+09
1280, 5.753643972414289e-02, 3.759371871170689e-02, 2.674992490854181e+00, 0.000000000000000e+00, 0.000000000000000e+00, -2.868040127679174e+07, 1.000000000000000e-10, 4.206512524895305e+09
1281, 5.734916289095838e-02, 3.752757746456556e-02, 2.674992485717221e+00, 0.000000000000000e+00, 0.000000000000000e+00, -2.868040122221401e+07, 1.000000000000000e-10, 4.212938378520797e+09
1282, 5.716192846810923e-02, 3.746132195434486e-02, 2.674992480634653e+00, 0.000000000000000e+00, 0.000000000000000e+00, -2.868040116821416e+07, 1.000000000000000e-10, 4.219408634202225e+09
1283, 5.697472938436243e-02, 3.739494972439376e-02, 2.674992475540205e+00, 0.000000000000000e+00, 0.000000000000000e+00, -2.868040111408808e+07, 1.000000000000000e-10, 4.225934607794405e+09
1284, 5.678757231211551e-02, 3.732846215094659e-02, 2.674992470418780e+00, 0.000000000000000e+00, 0.000000000000000e+00, -2.868040105967541e+07, 1.000000000000000e-10, 4.232513103699279e+09
1285, 5.660045826121649e-02, 3.726185897009265e-02, 2.674992465283636e+00, 0.000000000000000e+00, 0.000000000000000e+00, -2.868040100511695e+07, 1.000000000000000e-10, 4.239142171792637e+09
1286, 5.641338747872308e-02, 3.719513987019606e-02, 2.674992460151099e+00, 0.000000000000000e+00, 0.000000000000000e+00, -2.868040095058621e+07, 1.000000000000000e-10, 4.245816688665460e+09
1287, 5.622635729111838e-02, 3.712830399757285e-02, 2.674992455034334e+00, 0.000000000000000e+00, 0.000000000000000e+00, -2.868040089622303e+07, 1.000000000000000e-10, 4.252535890603611e+09
1288, 5.603936533959102e-02, 3.706135068833858e-02, 2.674992449935899e+00, 0.000000000000000e+00, 0.000000000000000e+00, -2.868040084205461e+07, 1.000000000000000e-10, 4.259299643769207e+09
1289, 5.585241659315023e-02, 3.699428192639564e-02, 2.674992444829043e+00, 0.000000000000000e+00, 0.000000000000000e+00, -2.868040078779670e+07, 1.000000000000000e-10, 4.266121778103405e+09
1290, 5.566551141682891e-02, 3.692709683818960e-02, 2.674992439679594e+00, 0.000000000000000e+00, 0.000000000000000e+00, -2.868040073308627e+07, 1.000000000000000e-10, 4.273006400141246e+09
1291, 5.547865025824023e-02, 3.685979426819334e-02, 2.674992434507630e+00, 0.000000000000000e+00, 0.000000000000000e+00, -2.868040067813663e+07, 1.000000000000000e-10, 4.279940761306005e+09
1292, 5.529182830070745e-02, 3.679237236560883e-02, 2.674992429337530e+00, 0.000000000000000e+00, 0.000000000000000e+00, -2.868040062320679e+07, 1.000000000000000e-10, 4.286926458983490e+09
1293, 5.510504819938291e-02, 3.672483184469348e-02, 2.674992424156709e+00, 0.000000000000000e+00, 0.000000000000000e+00, -2.868040056816305e+07, 1.000000000000000e-10, 4.293968945991503e+09
1294, 5.491831645131113e-02, 3.665717437275325e-02, 2.674992418948858e+00, 0.000000000000000e+00, 0.000000000000000e+00, -2.868040051283212e+07, 1.000000000000000e-10, 4.301072030095096e+09
1295, 5.473162212939429e-02, 3.658939503132367e-02, 2.674992413754683e+00, 0.000000000000000e+00, 0.000000000000000e+00, -2.868040045764649e+07, 1.000000000000000e-10, 4.308212466618729e+09
1296, 5.454497617512579e-02, 3.652149890681122e-02, 2.674992408632915e+00, 0.000000000000000e+00, 0.000000000000000e+00, -2.868040040323016e+07, 1.000000000000000e-10, 4.315383975578244e+09
1297, 5.435836810018436e-02, 3.645348386850460e-02, 2.674992403559317e+00, 0.000000000000000e+00, 0.000000000000000e+00, -2.868040034932561e+07, 1.000000000000000e-10, 4.322604932442443e+09
1298, 5.417180659018859e-02, 3.638535310631322e-02, 2.674992398469672e+00, 0.000000000000000e+00, 0.000000000000000e+00, -2.868040029525057e+07, 1.000000000000000e-10, 4.329889773133034e+09
1299, 5.398528659664201e-02, 3.631710359184197e-02, 2.674992393341507e+00, 0.000000000000000e+00, 0.000000000000000e+00, -2.868040024076627e+07, 1.000000000000000e-10, 4.337236817920431e+09
1300, 5.379880973124668e-02, 3.624873492240917e-02, 2.674992388206033e+00, 0.000000000000000e+00, 0.000000000000000e+00, -2.868040018620431e+07, 1.000000000000000e-10, 4.344632931553681e+09
1301, 5.361237784506466e-02, 3.618024798352682e-02, 2.674992383065414e+00, 0.000000000000000e+00, 0.000000000000000e+00, -2.868040013158769e+07, 1.000000000000000e-10, 4.352091119858322e+09
1302, 5.342598624741108e-02, 3.611164015993951e-02, 2.674992377883720e+00, 0.000000000000000e+00, 0.000000000000000e+00, -2.868040007653467e+07, 1.000000000000000e-10, 4.359618068810832e+09
1303, 5.323964041271880e-02, 3.604291204250689e-02, 2.674992372662829e+00, 0.000000000000000e+00, 0.000000000000000e+00, -2.868040002106518e+07, 1.000000000000000e-10, 4.367207653759182e+09
1304, 5.305334090579281e-02, 3.597406302814463e-02, 2.674992367465970e+00, 0.000000000000000e+00, 0.000000000000000e+00, -2.868039996585105e+07, 1.000000000000000e-10, 4.374834274270207e+09
1305, 5.286708715602859e-02, 3.590509433213927e-02, 2.674992362349704e+00, 0.000000000000000e+00, 0.000000000000000e+00, -2.868039991149317e+07, 1.000000000000000e-10, 4.382493977450610e+09
1306, 5.268087854651633e-02, 3.583600746984140e-02, 2.674992357285310e+00, 0.000000000000000e+00, 0.000000000000000e+00, -2.868039985768640e+07, 1.000000000000000e-10, 4.390205337848330e+09
1307, 5.249470888848732e-02, 3.576680028315000e-02, 2.674992352187973e+00, 0.000000000000000e+00, 0.000000000000000e+00, -2.868039980352963e+07, 1.000000000000000e-10, 4.397995000094859e+09
1308, 5.230858493113036e-02, 3.569747317793592e-02, 2.674992347006307e+00, 0.000000000000000e+00, 0.000000000000000e+00, -2.868039974847690e+07, 1.000000000000000e-10, 4.405865376367917e+09
1309, 5.212250792124525e-02, 3.562802442705722e-02, 2.674992341778852e+00, 0.000000000000000e+00, 0.000000000000000e+00, -2.868039969293768e+07, 1.000000000000000e-10, 4.413795840748693e+09
1310, 5.193647793497331e-02, 3.555845369521307e-02, 2.674992336583044e+00, 0.000000000000000e+00, 0.000000000000000e+00, -2.868039963773471e+07, 1.000000000000000e-10, 4.421766785297276e+09
1311, 5.175049455617161e-02, 3.548876213982369e-02, 2.674992331451881e+00, 0.000000000000000e+00, 0.000000000000000e+00, -2.868039958321854e+07, 1.000000000000000e-10, 4.429779933213476e+09
1312, 5.156453815297397e-02, 3.541894354689547e-02, 2.674992326344453e+00, 0.000000000000000e+00, 0.000000000000000e+00, -2.868039952895457e+07, 1.000000000000000e-10, 4.437855648611968e+09
1313, 5.137864444266282e-02, 3.534901073746284e-02, 2.674992321225472e+00, 0.000000000000000e+00, 0.000000000000000e+00, -2.868039947456783e+07, 1.000000000000000e-10, 4.445993547145774e+09
1314, 5.119279748418742e-02, 3.527895730734175e-02, 2.674992316105407e+00, 0.000000000000000e+00, 0.000000000000000e+00, -2.868039942016959e+07, 1.000000000000000e-10, 4.454189933961842e+09
1315, 5.100699737560227e-02, 3.520878318119718e-02, 2.674992310993896e+00, 0.000000000000000e+00, 0.000000000000000e+00, -2.868039936586221e+07, 1.000000000000000e-10, 4.462443715204575e+09
1316, 5.082124593382557e-02, 3.513848905708988e-02, 2.674992305865223e+00, 0.000000000000000e+00, 0.000000000000000e+00, -2.868039931137250e+07, 1.000000000000000e-10, 4.470771070695347e+09
1317, 5.063553424703222e-02, 3.506807028161788e-02, 2.674992300691173e+00, 0.000000000000000e+00, 0.000000000000000e+00, -2.868039925640070e+07, 1.000000000000000e-10, 4.479172788902099e+09
1318, 5.044986717742523e-02, 3.499752739720592e-02, 2.674992295499487e+00, 0.000000000000000e+00, 0.000000000000000e+00, -2.868039920124150e+07, 1.000000000000000e-10, 4.487634203487685e+09
1319, 5.026424799430653e-02, 3.492686162167784e-02, 2.674992290329433e+00, 0.000000000000000e+00, 0.000000000000000e+00, -2.868039914631214e+07, 1.000000000000000e-10, 4.496149317120176e+09
1320, 5.007867671562996e-02, 3.485607346378127e-02, 2.674992285190556e+00, 0.000000000000000e+00, 0.000000000000000e+00, -2.868039909171403e+07, 1.000000000000000e-10, 4.504719379008671e+09
1321, 4.989315340441735e-02, 3.478516336451786e-02, 2.674992280062744e+00, 0.000000000000000e+00, 0.000000000000000e+00, -2.868039903723346e+07, 1.000000000000000e-10, 4.513355042789895e+09
1322, 4.970767813584415e-02, 3.471413093429770e-02, 2.674992274915480e+00, 0.000000000000000e+00, 0.000000000000000e+00, -2.868039898254624e+07, 1.000000000000000e-10, 4.522063894783956e+09
1323, 4.952224559309663e-02, 3.464297315317066e-02, 2.674992269736769e+00, 0.000000000000000e+00, 0.000000000000000e+00, -2.868039892752490e+07, 1.000000000000000e-10, 4.530846617551358e+09
1324, 4.933686155091548e-02, 3.457169124795790e-02, 2.674992264547419e+00, 0.000000000000000e+00, 0.000000000000000e+00, -2.868039887239053e+07, 1.000000000000000e-10, 4.539692018850136e+09
1325, 4.915151854998703e-02, 3.450028232320603e-02, 2.674992259389494e+00, 0.000000000000000e+00, 0.000000000000000e+00, -2.868039881759003e+07, 1.000000000000000e-10, 4.548588289230604e+09
1326, 4.896623501325325e-02, 3.442875440453368e-02, 2.674992254273362e+00, 0.000000000000000e+00, 0.000000000000000e+00, -2.868039876323358e+07, 1.000000000000000e-10, 4.557541739287774e+09
1327, 4.878100011306075e-02, 3.435710379847722e-02, 2.674992249163986e+00, 0.000000000000000e+00, 0.000000000000000e+00, -2.868039870894888e+07, 1.000000000000000e-10, 4.566567107174958e+09
1328, 4.859581092006077e-02, 3.428532868505198e-02, 2.674992244045012e+00, 0.000000000000000e+00, 0.000000000000000e+00, -2.868039865456222e+07, 1.000000000000000e-10, 4.575659793774710e+09
1329, 4.841066245201953e-02, 3.421342684557288e-02, 2.674992238935840e+00, 0.000000000000000e+00, 0.000000000000000e+00, -2.868039860027970e+07, 1.000000000000000e-10, 4.584814164439486e+09
1330, 4.822556947765349e-02, 3.414140420227572e-02, 2.674992233830204e+00, 0.000000000000000e+00, 0.000000000000000e+00, -2.868039854603473e+07, 1.000000000000000e-10, 4.594040622840230e+09
1331, 4.804052217595275e-02, 3.406925638259519e-02, 2.674992228682520e+00, 0.000000000000000e+00, 0.000000000000000e+00, -2.868039849134304e+07, 1.000000000000000e-10, 4.603357390621767e+09
1332, 4.785552491070626e-02, 3.399698315423260e-02, 2.674992223481839e+00, 0.000000000000000e+00, 0.000000000000000e+00, -2.868039843608828e+07, 1.000000000000000e-10, 4.612754663463758e+09
1333, 4.767057818509044e-02, 3.392458364135015e-02, 2.674992218295566e+00, 0.000000000000000e+00, 0.000000000000000e+00, -2.868039838098660e+07, 1.000000000000000e-10, 4.622213527507791e+09
1334, 4.748567980268124e-02, 3.385205742626795e-02, 2.674992213119220e+00, 0.000000000000000e+00, 0.000000000000000e+00, -2.868039832599038e+07, 1.000000000000000e-10, 4.631737220285086e+09
1335, 4.730082839132432e-02, 3.377940417921360e-02, 2.674992207922756e+00, 0.000000000000000e+00, 0.000000000000000e+00, -2.868039827078043e+07, 1.000000000000000e-10, 4.641341572678381e+09
1336, 4.711602770545725e-02, 3.370662440976031e-02, 2.674992202747832e+00, 0.000000000000000e+00, 0.000000000000000e+00, -2.868039821579932e+07, 1.000000000000000e-10, 4.651006132680632e+09
1337, 4.693127765538539e-02, 3.363371873963946e-02, 2.674992197646032e+00, 0.000000000000000e+00, 0.000000000000000e+00, -2.868039816159511e+07, 1.000000000000000e-10, 4.660710680850733e+09
1338, 4.674657295461881e-02, 3.356068727278692e-02, 2.674992192627437e+00, 0.000000000000000e+00, 0.000000000000000e+00, -2.868039810827493e+07, 1.000000000000000e-10, 4.670468902548157e+09
1339, 4.656192519313582e-02, 3.348753571516420e-02, 2.674992187591231e+00, 0.000000000000000e+00, 0.000000000000000e+00, -2.868039805476763e+07, 1.000000000000000e-10, 4.680329555391986e+09
1340, 4.637732558769372e-02, 3.341425809989834e-02, 2.674992182446333e+00, 0.000000000000000e+00, 0.000000000000000e+00, -2.868039800010553e+07, 1.000000000000000e-10, 4.690302699765186e+09
1341, 4.619277446856749e-02, 3.334085140775635e-02, 2.674992177232836e+00, 0.000000000000000e+00, 0.000000000000000e+00, -2.868039794471460e+07, 1.000000000000000e-10, 4.700356376516073e+09
1342, 4.600827454625425e-02, 3.326731607178469e-02, 2.674992172038980e+00, 0.000000000000000e+00, 0.000000000000000e+00, -2.868039788953234e+07, 1.000000000000000e-10, 4.710469524009201e+09
1343, 4.582382622336510e-02, 3.319365322765566e-02, 2.674992166891971e+00, 0.000000000000000e+00, 0.000000000000000e+00, -2.868039783484782e+07, 1.000000000000000e-10, 4.720646800207456e+09
1344, 4.563942451452950e-02, 3.311986152173480e-02, 2.674992161761949e+00, 0.000000000000000e+00, 0.000000000000000e+00, -2.868039778034376e+07, 1.000000000000000e-10, 4.730903010404477e+09
1345, 4.545507988743901e-02, 3.304594470678534e-02, 2.674992156630232e+00, 0.000000000000000e+00, 0.000000000000000e+00, -2.868039772582171e+07, 1.000000000000000e-10, 4.741236311870761e+09
1346, 4.527078464208770e-02, 3.297189947251919e-02, 2.674992151506429e+00, 0.000000000000000e+00, 0.000000000000000e+00, -2.868039767138373e+07, 1.000000000000000e-10, 4.751643814996043e+09
1347, 4.508653845804381e-02, 3.289772569730131e-02, 2.674992146392466e+00, 0.000000000000000e+00, 0.000000000000000e+00, -2.868039761705030e+07, 1.000000000000000e-10, 4.762128158897889e+09
1348, 4.490234389992567e-02, 3.282342426896593e-02, 2.674992141268528e+00, 0.000000000000000e+00, 0.000000000000000e+00, -2.868039756261089e+07, 1.000000000000000e-10, 4.772700912754878e+09
1349, 4.471820199610874e-02, 3.274899467729134e-02, 2.674992136113788e+00, 0.000000000000000e+00, 0.000000000000000e+00, -2.868039750784422e+07, 1.000000000000000e-10, 4.783365932305128e+09
1350, 4.453411307886437e-02, 3.267443592680929e-02, 2.674992130940627e+00, 0.000000000000000e+00, 0.000000000000000e+00, -2.868039745288184e+07, 1.000000000000000e-10, 4.794113335203947e+09
1351, 4.435007733300106e-02, 3.259974774418109e-02, 2.674992125806892e+00, 0.000000000000000e+00, 0.000000000000000e+00, -2.868039739833834e+07, 1.000000000000000e-10, 4.804916404064241e+09
1352, 4.416609441946107e-02, 3.252493159363745e-02, 2.674992120754235e+00, 0.000000000000000e+00, 0.000000000000000e+00, -2.868039734465625e+07, 1.000000000000000e-10, 4.815774575225591e+09
1353, 4.398216350505330e-02, 3.244998876629075e-02, 2.674992115729941e+00, 0.000000000000000e+00, 0.000000000000000e+00, -2.868039729127551e+07, 1.000000000000000e-10, 4.826723366115807e+09
1354, 4.379828229731274e-02, 3.237491743962354e-02, 2.674992110636965e+00, 0.000000000000000e+00, 0.000000000000000e+00, -2.868039723716506e+07, 1.000000000000000e-10, 4.837793580800116e+09
1355, 4.361445483096096e-02, 3.229971627454693e-02, 2.674992105441939e+00, 0.000000000000000e+00, 0.000000000000000e+00, -2.868039718197036e+07, 1.000000000000000e-10, 4.848980221782701e+09
1356, 4.343068203782429e-02, 3.222438316371626e-02, 2.674992100230287e+00, 0.000000000000000e+00, 0.000000000000000e+00, -2.868039712659902e+07, 1.000000000000000e-10, 4.860234000014275e+09
1357, 4.324696240556351e-02, 3.214891854972849e-02, 2.674992095106546e+00, 0.000000000000000e+00, 0.000000000000000e+00, -2.868039707216170e+07, 1.000000000000000e-10, 4.871534388140883e+09
1358, 4.306329321493473e-02, 3.207332380183515e-02, 2.674992090086285e+00, 0.000000000000000e+00, 0.000000000000000e+00, -2.868039701882380e+07, 1.000000000000000e-10, 4.882890632974165e+09
1359, 4.287968189493953e-02, 3.199760378738967e-02, 2.674992085070697e+00, 0.000000000000000e+00, 0.000000000000000e+00, -2.868039696553555e+07, 1.000000000000000e-10, 4.894361209261244e+09
1360, 4.269612222313945e-02, 3.192175373807886e-02, 2.674992079947157e+00, 0.000000000000000e+00, 0.000000000000000e+00, -2.868039691110037e+07, 1.000000000000000e-10, 4.905967720053885e+09
1361, 4.251261468902855e-02, 3.184577026895213e-02, 2.674992074718598e+00, 0.000000000000000e+00, 0.000000000000000e+00, -2.868039685554940e+07, 1.000000000000000e-10, 4.917690685803069e+09
1362, 4.232916531942698e-02, 3.176965377762621e-02, 2.674992069507006e+00, 0.000000000000000e+00, 0.000000000000000e+00, -2.868039680017870e+07, 1.000000000000000e-10, 4.929467829322884e+09
1363, 4.214577037815665e-02, 3.169340496400011e-02, 2.674992064418044e+00, 0.000000000000000e+00, 0.000000000000000e+00, -2.868039674611088e+07, 1.000000000000000e-10, 4.941287853928083e+09
1364, 4.196242934575244e-02, 3.161702658555394e-02, 2.674992059411275e+00, 0.000000000000000e+00, 0.000000000000000e+00, -2.868039669291634e+07, 1.000000000000000e-10, 4.953189428655938e+09
1365, 4.177914128651710e-02, 3.154051857598616e-02, 2.674992054384476e+00, 0.000000000000000e+00, 0.000000000000000e+00, -2.868039663950896e+07, 1.000000000000000e-10, 4.965206804732657e+09
1366, 4.159590694089278e-02, 3.146387930830915e-02, 2.674992049296587e+00, 0.000000000000000e+00, 0.000000000000000e+00, -2.868039658545255e+07, 1.000000000000000e-10, 4.977337603646218e+09
1367, 4.141273152122021e-02, 3.138710929747919e-02, 2.674992044184770e+00, 0.000000000000000e+00, 0.000000000000000e+00, -2.868039653114191e+07, 1.000000000000000e-10, 4.989560598012040e+09
1368, 4.122960965168251e-02, 3.131020614312085e-02, 2.674992039085660e+00, 0.000000000000000e+00, 0.000000000000000e+00, -2.868039647696626e+07, 1.000000000000000e-10, 5.001872747661327e+09
1369, 4.104654275903980e-02, 3.123317053238633e-02, 2.674992034001828e+00, 0.000000000000000e+00, 0.000000000000000e+00, -2.868039642295296e+07, 1.000000000000000e-10, 5.014276571446335e+09
1370, 4.086353210815404e-02, 3.115600296911941e-02, 2.674992028927057e+00, 0.000000000000000e+00, 0.000000000000000e+00, -2.868039636903591e+07, 1.000000000000000e-10, 5.026775575677887e+09
1371, 4.068057439003529e-02, 3.107870184910724e-02, 2.674992023842128e+00, 0.000000000000000e+00, 0.000000000000000e+00, -2.868039631501094e+07, 1.000000000000000e-10, 5.039382202499672e+09
1372, 4.049767597396958e-02, 3.100126889264383e-02, 2.674992018731750e+00, 0.000000000000000e+00, 0.000000000000000e+00, -2.868039626071558e+07, 1.000000000000000e-10, 5.052097584466507e+09
1373, 4.031483462878573e-02, 3.092370220801042e-02, 2.674992013614833e+00, 0.000000000000000e+00, 0.000000000000000e+00, -2.868039620635075e+07, 1.000000000000000e-10, 5.064909082673255e+09
1374, 4.013205056467090e-02, 3.084600182413795e-02, 2.674992008520487e+00, 0.000000000000000e+00, 0.000000000000000e+00, -2.868039615222573e+07, 1.000000000000000e-10, 5.077809385718033e+09
1375, 3.994932377015852e-02, 3.076816819667591e-02, 2.674992003453307e+00, 0.000000000000000e+00, 0.000000000000000e+00, -2.868039609838933e+07, 1.000000000000000e-10, 5.090803648660914e+09
1376, 3.976665324488610e-02, 3.069020106379267e-02, 2.674991998391881e+00, 0.000000000000000e+00, 0.000000000000000e+00, -2.868039604461406e+07, 1.000000000000000e-10, 5.103904273927428e+09
1377, 3.958403855538054e-02, 3.061209965576731e-02, 2.674991993322983e+00, 0.000000000000000e+00, 0.000000000000000e+00, -2.868039599075941e+07, 1.000000000000000e-10, 5.117110783158319e+09
1378, 3.940147960881814e-02, 3.053386344511867e-02, 2.674991988250582e+00, 0.000000000000000e+00, 0.000000000000000e+00, -2.868039593686755e+07, 1.000000000000000e-10, 5.130422911585855e+09
1379, 3.921898285996865e-02, 3.045549479771034e-02, 2.674991983181324e+00, 0.000000000000000e+00, 0.000000000000000e+00, -2.868039588300906e+07, 1.000000000000000e-10, 5.143837951870244e+09
1380, 3.903654208512140e-02, 3.037699088935589e-02, 2.674991978121649e+00, 0.000000000000000e+00, 0.000000000000000e+00, -2.868039582925240e+07, 1.000000000000000e-10, 5.157355539393556e+09
1381, 3.885415507269328e-02, 3.029835067346826e-02, 2.674991973078503e+00, 0.000000000000000e+00, 0.000000000000000e+00, -2.868039577567136e+07, 1.000000000000000e-10, 5.170972274230725e+09
1382, 3.867183033738086e-02, 3.021957799212249e-02, 2.674991968030120e+00, 0.000000000000000e+00, 0.000000000000000e+00, -2.868039572203466e+07, 1.000000000000000e-10, 5.184710558118514e+09
1383, 3.848956207883951e-02, 3.014066919253319e-02, 2.674991962937801e+00, 0.000000000000000e+00, 0.000000000000000e+00, -2.868039566793117e+07, 1.000000000000000e-10, 5.198581360231079e+09
1384, 3.830735738392833e-02, 3.006162559722319e-02, 2.674991957799445e+00, 0.000000000000000e+00, 0.000000000000000e+00, -2.868039561333855e+07, 1.000000000000000e-10, 5.212578718294982e+09
1385, 3.812520889688065e-02, 2.998244276077789e-02, 2.674991952709071e+00, 0.000000000000000e+00, 0.000000000000000e+00, -2.868039555925572e+07, 1.000000000000000e-10, 5.226636284112152e+09
1386, 3.794311968886371e-02, 2.990312488408716e-02, 2.674991947762651e+00, 0.000000000000000e+00, 0.000000000000000e+00, -2.868039550670234e+07, 1.000000000000000e-10, 5.240743229529407e+09
1387, 3.776108741121358e-02, 2.982367443654091e-02, 2.674991942893698e+00, 0.000000000000000e+00, 0.000000000000000e+00, -2.868039545497200e+07, 1.000000000000000e-10, 5.254962815131099e+09
1388, 3.757911336214778e-02, 2.974409158962631e-02, 2.674991937925546e+00, 0.000000000000000e+00, 0.000000000000000e+00, -2.868039540218772e+07, 1.000000000000000e-10, 5.269376876111115e+09
1389, 3.739719958490340e-02, 2.966437199254976e-02, 2.674991932774712e+00, 0.000000000000000e+00, 0.000000000000000e+00, -2.868039534746253e+07, 1.000000000000000e-10, 5.283977862608821e+09
1390, 3.721534792900280e-02, 2.958451189579631e-02, 2.674991927577938e+00, 0.000000000000000e+00, 0.000000000000000e+00, -2.868039529224925e+07, 1.000000000000000e-10, 5.298667506019914e+09
1391, 3.703355790331234e-02, 2.950451258524076e-02, 2.674991922499878e+00, 0.000000000000000e+00, 0.000000000000000e+00, -2.868039523829725e+07, 1.000000000000000e-10, 5.313410304441319e+09
1392, 3.685182973000921e-02, 2.942437777087843e-02, 2.674991917549755e+00, 0.000000000000000e+00, 0.000000000000000e+00, -2.868039518570452e+07, 1.000000000000000e-10, 5.328232753739075e+09
1393, 3.667015890066538e-02, 2.934410745111877e-02, 2.674991912613739e+00, 0.000000000000000e+00, 0.000000000000000e+00, -2.868039513326166e+07, 1.000000000000000e-10, 5.343203276878928e+09
1394, 3.648854863335513e-02, 2.926370099963992e-02, 2.674991907609747e+00, 0.000000000000000e+00, 0.000000000000000e+00, -2.868039508009660e+07, 1.000000000000000e-10, 5.358325249678591e+09
1395, 3.630699836256330e-02, 2.918315605370362e-02, 2.674991902553835e+00, 0.000000000000000e+00, 0.000000000000000e+00, -2.868039502637990e+07, 1.000000000000000e-10, 5.373586293404703e+09
1396, 3.612551012032578e-02, 2.910247224829532e-02, 2.674991897510561e+00, 0.000000000000000e+00, 0.000000000000000e+00, -2.868039497279749e+07, 1.000000000000000e-10, 5.388947238393606e+09
1397, 3.594408360006664e-02, 2.902165055151716e-02, 2.674991892535791e+00, 0.000000000000000e+00, 0.000000000000000e+00, -2.868039491994288e+07, 1.000000000000000e-10, 5.404400945424713e+09
1398, 3.576271542701205e-02, 2.894069099431619e-02, 2.674991887615515e+00, 0.000000000000000e+00, 0.000000000000000e+00, -2.868039486766726e+07, 1.000000000000000e-10, 5.419967227468596e+09
1399, 3.558141045402487e-02, 2.885959614580744e-02, 2.674991882668982e+00, 0.000000000000000e+00, 0.000000000000000e+00, -2.868039481511266e+07, 1.000000000000000e-10, 5.435698268833790e+09
1400, 3.540016768737907e-02, 2.877836305303751e-02, 2.674991877636052e+00, 0.000000000000000e+00, 0.000000000000000e+00, -2.868039476164014e+07, 1.000000000000000e-10, 5.451598816521461e+09
1401, 3.521899098048603e-02, 2.869699080834649e-02, 2.674991872567813e+00, 0.000000000000000e+00, 0.000000000000000e+00, -2.868039470779248e+07, 1.000000000000000e-10, 5.467624045658575e+09
1402, 3.503787432745738e-02, 2.861547676183721e-02, 2.674991867536801e+00, 0.000000000000000e+00, 0.000000000000000e+00, -2.868039465434033e+07, 1.000000000000000e-10, 5.483757730437391e+09
1403, 3.485681954426267e-02, 2.853382273157777e-02, 2.674991862549543e+00, 0.000000000000000e+00, 0.000000000000000e+00, -2.868039460135305e+07, 1.000000000000000e-10, 5.500011746755887e+09
1404, 3.467583025508739e-02, 2.845203072878591e-02, 2.674991857572699e+00, 0.000000000000000e+00, 0.000000000000000e+00, -2.868039454847642e+07, 1.000000000000000e-10, 5.516405995257671e+09
1405, 3.449490306358561e-02, 2.837009854952432e-02, 2.674991852609089e+00, 0.000000000000000e+00, 0.000000000000000e+00, -2.868039449574039e+07, 1.000000000000000e-10, 5.532920442826833e+09
1406, 3.431403793051981e-02, 2.828802668798210e-02, 2.674991847685770e+00, 0.000000000000000e+00, 0.000000000000000e+00, -2.868039444343242e+07, 1.000000000000000e-10, 5.549552600425385e+09
1407, 3.413323605950302e-02, 2.820581638695173e-02, 2.674991842767075e+00, 0.000000000000000e+00, 0.000000000000000e+00, -2.868039439117359e+07, 1.000000000000000e-10, 5.566339692658971e+09
1408, 3.395249797503889e-02, 2.812346659169497e-02, 2.674991837788341e+00, 0.000000000000000e+00, 0.000000000000000e+00, -2.868039433827687e+07, 1.000000000000000e-10, 5.583307661906062e+09
1409, 3.377182231002661e-02, 2.804097408277000e-02, 2.674991832744595e+00, 0.000000000000000e+00, 0.000000000000000e+00, -2.868039428468942e+07, 1.000000000000000e-10, 5.600440490169780e+09
1410, 3.359121683809947e-02, 2.795834083419971e-02, 2.674991827724469e+00, 0.000000000000000e+00, 0.000000000000000e+00, -2.868039423135293e+07, 1.000000000000000e-10, 5.617675736584436e+09
1411, 3.341067392521965e-02, 2.787556527620206e-02, 2.674991822808667e+00, 0.000000000000000e+00, 0.000000000000000e+00, -2.868039417912483e+07, 1.000000000000000e-10, 5.635001470849376e+09
1412, 3.323019401924889e-02, 2.779265015548384e-02, 2.674991817961865e+00, 0.000000000000000e+00, 0.000000000000000e+00, -2.868039412762982e+07, 1.000000000000000e-10, 5.652462727252208e+09
1413, 3.304977816832988e-02, 2.770959608159324e-02, 2.674991813075072e+00, 0.000000000000000e+00, 0.000000000000000e+00, -2.868039407570993e+07, 1.000000000000000e-10, 5.670120398606857e+09
1414, 3.286942769907785e-02, 2.762640063434305e-02, 2.674991808089347e+00, 0.000000000000000e+00, 0.000000000000000e+00, -2.868039402273893e+07, 1.000000000000000e-10, 5.687975535028458e+09
1415, 3.268914373459751e-02, 2.754306141994815e-02, 2.674991803069959e+00, 0.000000000000000e+00, 0.000000000000000e+00, -2.868039396941028e+07, 1.000000000000000e-10, 5.705970229661655e+09
1416, 3.250892628820084e-02, 2.745957873882782e-02, 2.674991798111800e+00, 0.000000000000000e+00, 0.000000000000000e+00, -2.868039391673215e+07, 1.000000000000000e-10, 5.724073697338074e+09
1417, 3.232877479700731e-02, 2.737595429012700e-02, 2.674991793231075e+00, 0.000000000000000e+00, 0.000000000000000e+00, -2.868039386487672e+07, 1.000000000000000e-10, 5.742301825126120e+09
1418, 3.214868883997193e-02, 2.729218901768308e-02, 2.674991788365761e+00, 0.000000000000000e+00, 0.000000000000000e+00, -2.868039381318503e+07, 1.000000000000000e-10, 5.760701142825000e+09
1419, 3.196866816187789e-02, 2.720828157316428e-02, 2.674991783470970e+00, 0.000000000000000e+00, 0.000000000000000e+00, -2.868039376118015e+07, 1.000000000000000e-10, 5.779273024684795e+09
1420, 3.178871423245822e-02, 2.712423145448544e-02, 2.674991778560087e+00, 0.000000000000000e+00, 0.000000000000000e+00, -2.868039370900431e+07, 1.000000000000000e-10, 5.798007251334134e+09
1421, 3.160882729200933e-02, 2.704003822533804e-02, 2.674991773655130e+00, 0.000000000000000e+00, 0.000000000000000e+00, -2.868039365689143e+07, 1.000000000000000e-10, 5.816895908184637e+09
1422, 3.142900754144690e-02, 2.695570192557946e-02, 2.674991768762212e+00, 0.000000000000000e+00, 0.000000000000000e+00, -2.868039360490646e+07, 1.000000000000000e-10, 5.835944108548540e+09
1423, 3.124925521066647e-02, 2.687122242740262e-02, 2.674991763876502e+00, 0.000000000000000e+00, 0.000000000000000e+00, -2.868039355299805e+07, 1.000000000000000e-10, 5.855154967941094e+09
1424, 3.106957053983148e-02, 2.678659953514611e-02, 2.674991758994878e+00, 0.000000000000000e+00, 0.000000000000000e+00, -2.868039350113308e+07, 1.000000000000000e-10, 5.874532106328461e+09
1425, 3.088995373047018e-02, 2.670183294111164e-02, 2.674991754117380e+00, 0.000000000000000e+00, 0.000000000000000e+00, -2.868039344931193e+07, 1.000000000000000e-10, 5.894075506003651e+09
1426, 3.071040457181522e-02, 2.661692223405026e-02, 2.674991749247454e+00, 0.000000000000000e+00, 0.000000000000000e+00, -2.868039339757124e+07, 1.000000000000000e-10, 5.913785245812335e+09
1427, 3.053092324191612e-02, 2.653186726916706e-02, 2.674991744374459e+00, 0.000000000000000e+00, 0.000000000000000e+00, -2.868039334579793e+07, 1.000000000000000e-10, 5.933676227961901e+09
1428, 3.035151066191816e-02, 2.644666760886891e-02, 2.674991739487039e+00, 0.000000000000000e+00, 0.000000000000000e+00, -2.868039329387137e+07, 1.000000000000000e-10, 5.953749836974280e+09
1429, 3.017216736920453e-02, 2.636132267795518e-02, 2.674991734601249e+00, 0.000000000000000e+00, 0.000000000000000e+00, -2.868039324196211e+07, 1.000000000000000e-10, 5.973992053514832e+09
1430, 2.999289343185434e-02, 2.627583246811000e-02, 2.674991729738534e+00, 0.000000000000000e+00, 0.000000000000000e+00, -2.868039319029803e+07, 1.000000000000000e-10, 5.994397688654627e+09
1431, 2.981368880159757e-02, 2.619019724755994e-02, 2.674991724896135e+00, 0.000000000000000e+00, 0.000000000000000e+00, -2.868039313884978e+07, 1.000000000000000e-10, 6.014978171252507e+09
1432, 2.963455360772880e-02, 2.610441689126305e-02, 2.674991720059971e+00, 0.000000000000000e+00, 0.000000000000000e+00, -2.868039308746779e+07, 1.000000000000000e-10, 6.035740910148598e+09
1433, 2.945548764088695e-02, 2.601849084618317e-02, 2.674991715227150e+00, 0.000000000000000e+00, 0.000000000000000e+00, -2.868039303612131e+07, 1.000000000000000e-10, 6.056685747961029e+09
1434, 2.927649291988530e-02, 2.593241973427134e-02, 2.674991710392562e+00, 0.000000000000000e+00, 0.000000000000000e+00, -2.868039298475605e+07, 1.000000000000000e-10, 6.077822793303535e+09
1435, 2.909756773983122e-02, 2.584620201131669e-02, 2.674991705576866e+00, 0.000000000000000e+00, 0.000000000000000e+00, -2.868039293359152e+07, 1.000000000000000e-10, 6.099123082404293e+09
1436, 2.891871246456638e-02, 2.575983859008354e-02, 2.674991700817729e+00, 0.000000000000000e+00, 0.000000000000000e+00, -2.868039288302789e+07, 1.000000000000000e-10, 6.120576423737928e+09
1437, 2.873992622734592e-02, 2.567333032399092e-02, 2.674991696093431e+00, 0.000000000000000e+00, 0.000000000000000e+00, -2.868039283283442e+07, 1.000000000000000e-10, 6.142219961246889e+09
1438, 2.856121181355911e-02, 2.558667815082149e-02, 2.674991691309247e+00, 0.000000000000000e+00, 0.000000000000000e+00, -2.868039278200467e+07, 1.000000000000000e-10, 6.164128733506752e+09
1439, 2.838256831959015e-02, 2.549987786970467e-02, 2.674991686421633e+00, 0.000000000000000e+00, 0.000000000000000e+00, -2.868039273007605e+07, 1.000000000000000e-10, 6.186285550856885e+09
1440, 2.820399787158360e-02, 2.541292775405510e-02, 2.674991681526107e+00, 0.000000000000000e+00, 0.000000000000000e+00, -2.868039267806334e+07, 1.000000000000000e-10, 6.208605434931231e+09
1441, 2.802550001649585e-02, 2.532582888600283e-02, 2.674991676707609e+00, 0.000000000000000e+00, 0.000000000000000e+00, -2.868039262686904e+07, 1.000000000000000e-10, 6.231078764739045e+09
1442, 2.784707177729741e-02, 2.523858159138946e-02, 2.674991671928711e+00, 0.000000000000000e+00, 0.000000000000000e+00, -2.868039257609546e+07, 1.000000000000000e-10, 6.253761103697885e+09
1443, 2.766872056782340e-02, 2.515118879755178e-02, 2.674991667165520e+00, 0.000000000000000e+00, 0.000000000000000e+00, -2.868039252548876e+07, 1.000000000000000e-10, 6.276628246455934e+09
1444, 2.749043932423751e-02, 2.506364756024471e-02, 2.674991662467562e+00, 0.000000000000000e+00, 0.000000000000000e+00, -2.868039247557513e+07, 1.000000000000000e-10, 6.299649084192755e+09
1445, 2.731222976462682e-02, 2.497596067600145e-02, 2.674991657827695e+00, 0.000000000000000e+00, 0.000000000000000e+00, -2.868039242627868e+07, 1.000000000000000e-10, 6.322864917544488e+09
1446, 2.713408127223152e-02, 2.488812306484445e-02, 2.674991653141574e+00, 0.000000000000000e+00, 0.000000000000000e+00, -2.868039237649081e+07, 1.000000000000000e-10, 6.346364807553081e+09
1447, 2.695601593841749e-02, 2.480014191998819e-02, 2.674991648349886e+00, 0.000000000000000e+00, 0.000000000000000e+00, -2.868039232558133e+07, 1.000000000000000e-10, 6.370140436029210e+09
1448, 2.677803332442453e-02, 2.471201398271378e-02, 2.674991643535923e+00, 0.000000000000000e+00, 0.000000000000000e+00, -2.868039227443520e+07, 1.000000000000000e-10, 6.394107568002635e+09
1449, 2.660011761471643e-02, 2.462373222368189e-02, 2.674991638765638e+00, 0.000000000000000e+00, 0.000000000000000e+00, -2.868039222375312e+07, 1.000000000000000e-10, 6.418274396431135e+09
1450, 2.642227627014828e-02, 2.453530081677477e-02, 2.674991634018703e+00, 0.000000000000000e+00, 0.000000000000000e+00, -2.868039217331913e+07, 1.000000000000000e-10, 6.442661325722756e+09
1451, 2.624450939797914e-02, 2.444671951596299e-02, 2.674991629281803e+00, 0.000000000000000e+00, 0.000000000000000e+00, -2.868039212299175e+07, 1.000000000000000e-10, 6.467269581329920e+09
1452, 2.606681733714973e-02, 2.435798824716463e-02, 2.674991624566255e+00, 0.000000000000000e+00, 0.000000000000000e+00, -2.868039207289124e+07, 1.000000000000000e-10, 6.492088608462637e+09
1453, 2.588920014628906e-02, 2.426910735214060e-02, 2.674991619862175e+00, 0.000000000000000e+00, 0.000000000000000e+00, -2.868039202291255e+07, 1.000000000000000e-10, 6.517146596665953e+09
1454, 2.571166015720303e-02, 2.418007721347539e-02, 2.674991615175604e+00, 0.000000000000000e+00, 0.000000000000000e+00, -2.868039197311988e+07, 1.000000000000000e-10, 6.542412547142795e+09
1455, 2.553419325560666e-02, 2.409089641269625e-02, 2.674991610544103e+00, 0.000000000000000e+00, 0.000000000000000e+00, -2.868039192391232e+07, 1.000000000000000e-10, 6.567873180721944e+09
1456, 2.535679962485419e-02, 2.400156630395003e-02, 2.674991605947309e+00, 0.000000000000000e+00, 0.000000000000000e+00, -2.868039187507350e+07, 1.000000000000000e-10, 6.593571830484529e+09
1457, 2.517948260132950e-02, 2.391208809820171e-02, 2.674991601302648e+00, 0.000000000000000e+00, 0.000000000000000e+00, -2.868039182572612e+07, 1.000000000000000e-10, 6.619579655506248e+09
1458, 2.500224209942811e-02, 2.382245848842411e-02, 2.674991596574319e+00, 0.000000000000000e+00, 0.000000000000000e+00, -2.868039177548979e+07, 1.000000000000000e-10, 6.645882442784251e+09
1459, 2.482507931299164e-02, 2.373267561535383e-02, 2.674991591843941e+00, 0.000000000000000e+00, 0.000000000000000e+00, -2.868039172523170e+07, 1.000000000000000e-10, 6.672394733734155e+09
1460, 2.464799375601599e-02, 2.364274043390670e-02, 2.674991587191652e+00, 0.000000000000000e+00, 0.000000000000000e+00, -2.868039167580327e+07, 1.000000000000000e-10, 6.699099362950937e+09
1461, 2.447098478505907e-02, 2.355265457254854e-02, 2.674991582606149e+00, 0.000000000000000e+00, 0.000000000000000e+00, -2.868039162708440e+07, 1.000000000000000e-10, 6.726031254955410e+09
1462, 2.429405227025545e-02, 2.346241855669269e-02, 2.674991578010237e+00, 0.000000000000000e+00, 0.000000000000000e+00, -2.868039157825494e+07, 1.000000000000000e-10, 6.753265543498104e+09
1463, 2.411719730554895e-02, 2.337203063223254e-02, 2.674991573345635e+00, 0.000000000000000e+00, 0.000000000000000e+00, -2.868039152869569e+07, 1.000000000000000e-10, 6.780815920911671e+09
1464, 2.394042112863764e-02, 2.328148877460758e-02, 2.674991568647743e+00, 0.000000000000000e+00, 0.000000000000000e+00, -2.868039147878275e+07, 1.000000000000000e-10, 6.808629615667200e+09
1465, 2.376372402390986e-02, 2.319079275650474e-02, 2.674991564011392e+00, 0.000000000000000e+00, 0.000000000000000e+00, -2.868039142952364e+07, 1.000000000000000e-10, 6.836633467577934e+09
1466, 2.358710502292205e-02, 2.309994468965291e-02, 2.674991559481799e+00, 0.000000000000000e+00, 0.000000000000000e+00, -2.868039138139879e+07, 1.000000000000000e-10, 6.864839363935751e+09
1467, 2.341056330374821e-02, 2.300894631430880e-02, 2.674991554977335e+00, 0.000000000000000e+00, 0.000000000000000e+00, -2.868039133354092e+07, 1.000000000000000e-10, 6.893353926930757e+09
1468, 2.323408602462168e-02, 2.291778908405030e-02, 2.674991550397308e+00, 0.000000000000000e+00, 0.000000000000000e+00, -2.868039128488023e+07, 1.000000000000000e-10, 6.922223462641329e+09
1469, 2.305770232221182e-02, 2.282648452043683e-02, 2.674991545738354e+00, 0.000000000000000e+00, 0.000000000000000e+00, -2.868039123538098e+07, 1.000000000000000e-10, 6.951418671159383e+09
1470, 2.288139960186092e-02, 2.273502401647022e-02, 2.674991541110949e+00, 0.000000000000000e+00, 0.000000000000000e+00, -2.868039118621692e+07, 1.000000000000000e-10, 6.980818085199637e+09
1471, 2.270517666328517e-02, 2.264340960214496e-02, 2.674991536616340e+00, 0.000000000000000e+00, 0.000000000000000e+00, -2.868039113846375e+07, 1.000000000000000e-10, 7.010397540056234e+09
1472, 2.252904578101518e-02, 2.255165125057858e-02, 2.674991532205489e+00, 0.000000000000000e+00, 0.000000000000000e+00, -2.868039109160048e+07, 1.000000000000000e-10, 7.040254291860864e+09
1473, 2.235298006914437e-02, 2.245973492250153e-02, 2.674991527717212e+00, 0.000000000000000e+00, 0.000000000000000e+00, -2.868039104391458e+07, 1.000000000000000e-10, 7.070538485122641e+09
1474, 2.217698220836484e-02, 2.236765645830522e-02, 2.674991523064044e+00, 0.000000000000000e+00, 0.000000000000000e+00, -2.868039099447680e+07, 1.000000000000000e-10, 7.101246824745653e+09
1475, 2.200108095013344e-02, 2.227542582543461e-02, 2.674991518401526e+00, 0.000000000000000e+00, 0.000000000000000e+00, -2.868039094493967e+07, 1.000000000000000e-10, 7.132187171827437e+09
1476, 2.182527550318954e-02, 2.218304495996245e-02, 2.674991513891225e+00, 0.000000000000000e+00, 0.000000000000000e+00, -2.868039089701979e+07, 1.000000000000000e-10, 7.163258807369140e+09
1477, 2.164953699943330e-02, 2.209050470433113e-02, 2.674991509541387e+00, 0.000000000000000e+00, 0.000000000000000e+00, -2.868039085080473e+07, 1.000000000000000e-10, 7.194546493708909e+09
1478, 2.147387765146901e-02, 2.199781426997281e-02, 2.674991505182195e+00, 0.000000000000000e+00, 0.000000000000000e+00, -2.868039080449030e+07, 1.000000000000000e-10, 7.226283362530043e+09
1479, 2.129829988340071e-02, 2.190496943764885e-02, 2.674991500634964e+00, 0.000000000000000e+00, 0.000000000000000e+00, -2.868039075617805e+07, 1.000000000000000e-10, 7.258507122982871e+09
1480, 2.112280652111714e-02, 2.181196520291174e-02, 2.674991495991469e+00, 0.000000000000000e+00, 0.000000000000000e+00, -2.868039070684303e+07, 1.000000000000000e-10, 7.291053418137783e+09
1481, 2.094739783548671e-02, 2.171880139304473e-02, 2.674991491454461e+00, 0.000000000000000e+00, 0.000000000000000e+00, -2.868039065863938e+07, 1.000000000000000e-10, 7.323771978719891e+09
1482, 2.077207186347938e-02, 2.162548206039835e-02, 2.674991487092814e+00, 0.000000000000000e+00, 0.000000000000000e+00, -2.868039061229887e+07, 1.000000000000000e-10, 7.356701853759560e+09
1483, 2.059682703875461e-02, 2.153201004360699e-02, 2.674991482771392e+00, 0.000000000000000e+00, 0.000000000000000e+00, -2.868039056638572e+07, 1.000000000000000e-10, 7.390025440239366e+09
1484, 2.042166472801430e-02, 2.143838343167419e-02, 2.674991478365069e+00, 0.000000000000000e+00, 0.000000000000000e+00, -2.868039051957054e+07, 1.000000000000000e-10, 7.423776075452588e+09
1485, 2.024658654701535e-02, 2.134459954158639e-02, 2.674991473909530e+00, 0.000000000000000e+00, 0.000000000000000e+00, -2.868039047223246e+07, 1.000000000000000e-10, 7.457875831558535e+09
1486, 2.007159285431956e-02, 2.125065794908731e-02, 2.674991469462272e+00, 0.000000000000000e+00, 0.000000000000000e+00, -2.868039042498236e+07, 1.000000000000000e-10, 7.492318487344621e+09
1487, 1.989668394108857e-02, 2.115655856796211e-02, 2.674991465010507e+00, 0.000000000000000e+00, 0.000000000000000e+00, -2.868039037768438e+07, 1.000000000000000e-10, 7.527141976952165e+09
1488, 1.972186055584290e-02, 2.106230043490465e-02, 2.674991460548902e+00, 0.000000000000000e+00, 0.000000000000000e+00, -2.868039033028185e+07, 1.000000000000000e-10, 7.562328174536484e+09
1489, 1.954712306944943e-02, 2.096788318473992e-02, 2.674991456133315e+00, 0.000000000000000e+00, 0.000000000000000e+00, -2.868039028336824e+07, 1.000000000000000e-10, 7.597807846441191e+09
1490, 1.937245894286174e-02, 2.087330192174612e-02, 2.674991451790666e+00, 0.000000000000000e+00, 0.000000000000000e+00, -2.868039023722956e+07, 1.000000000000000e-10, 7.633610439831582e+09
1491, 1.919789187171409e-02, 2.077857044658856e-02, 2.674991447468658e+00, 0.000000000000000e+00, 0.000000000000000e+00, -2.868039019131017e+07, 1.000000000000000e-10, 7.669804963245094e+09
1492, 1.902341044364613e-02, 2.068368145816383e-02, 2.674991443144062e+00, 0.000000000000000e+00, 0.000000000000000e+00, -2.868039014536331e+07, 1.000000000000000e-10, 7.706374002243306e+09
1493, 1.884901492437799e-02, 2.058863470837886e-02, 2.674991438829813e+00, 0.000000000000000e+00, 0.000000000000000e+00, -2.868039009952636e+07, 1.000000000000000e-10, 7.743322270087445e+09
1494, 1.867470561866044e-02, 2.049342998348802e-02, 2.674991434526234e+00, 0.000000000000000e+00, 0.000000000000000e+00, -2.868039005380277e+07, 1.000000000000000e-10, 7.780654981303266e+09
1495, 1.850048283214937e-02, 2.039806706974737e-02, 2.674991430242307e+00, 0.000000000000000e+00, 0.000000000000000e+00, -2.868039000828798e+07, 1.000000000000000e-10, 7.818360887381603e+09
1496, 1.832634665117456e-02, 2.030254615743093e-02, 2.674991425982745e+00, 0.000000000000000e+00, 0.000000000000000e+00, -2.868038996303206e+07, 1.000000000000000e-10, 7.856452600301667e+09
1497, 1.815229728911526e-02, 2.020686725774442e-02, 2.674991421673255e+00, 0.000000000000000e+00, 0.000000000000000e+00, -2.868038991724567e+07, 1.000000000000000e-10, 7.895068216225518e+09
1498, 1.797833671739232e-02, 2.011102719659482e-02, 2.674991417253464e+00, 0.000000000000000e+00, 0.000000000000000e+00, -2.868038987028738e+07, 1.000000000000000e-10, 7.934200978662041e+09
1499, 1.780446648913974e-02, 2.001502311070208e-02, 2.674991412845410e+00, 0.000000000000000e+00, 0.000000000000000e+00, -2.868038982345380e+07, 1.000000000000000e-10, 7.973644814687215e+09
1500, 1.763069412264740e-02, 1.991886209157620e-02, 2.674991408599784e+00, 0.000000000000000e+00, 0.000000000000000e+00, -2.868038977834594e+07, 1.000000000000000e-10, 8.013324645739445e+09
1501, 1.745700016470177e-02, 1.982253865941294e-02, 2.674991404471672e+00, 0.000000000000000e+00, 0.000000000000000e+00, -2.868038973448660e+07, 1.000000000000000e-10, 8.053402787081209e+09
1502, 1.728339361033209e-02, 1.972605807107151e-02, 2.674991400309298e+00, 0.000000000000000e+00, 0.000000000000000e+00, -2.868038969026325e+07, 1.000000000000000e-10, 8.094019354662806e+09
1503, 1.710987610955307e-02, 1.962941748080099e-02, 2.674991396058119e+00, 0.000000000000000e+00, 0.000000000000000e+00, -2.868038964509638e+07, 1.000000000000000e-10, 8.135159818677674e+09
1504, 1.693644899714707e-02, 1.953261462027000e-02, 2.674991391791987e+00, 0.000000000000000e+00, 0.000000000000000e+00, -2.868038959977064e+07, 1.000000000000000e-10, 8.176711137945705e+09
1505, 1.676311224688161e-02, 1.943565010085230e-02, 2.674991387583163e+00, 0.000000000000000e+00, 0.000000000000000e+00, -2.868038955505378e+07, 1.000000000000000e-10, 8.218654630280161e+09
1506, 1.658986550313570e-02, 1.933852504413167e-02, 2.674991383434381e+00, 0.000000000000000e+00, 0.000000000000000e+00, -2.868038951097482e+07, 1.000000000000000e-10, 8.261012129249907e+09
1507, 1.641670851518148e-02, 1.924124011159218e-02, 2.674991379287615e+00, 0.000000000000000e+00, 0.000000000000000e+00, -2.868038946691730e+07, 1.000000000000000e-10, 8.303891393879645e+09
1508, 1.624364236260440e-02, 1.914379373494715e-02, 2.674991375080320e+00, 0.000000000000000e+00, 0.000000000000000e+00, -2.868038942221667e+07, 1.000000000000000e-10, 8.347330353494530e+09
1509, 1.607066849446977e-02, 1.904618373159556e-02, 2.674991370839400e+00, 0.000000000000000e+00, 0.000000000000000e+00, -2.868038937715880e+07, 1.000000000000000e-10, 8.391254656601179e+09
1510, 1.589778744239265e-02, 1.894840982257500e-02, 2.674991366663101e+00, 0.000000000000000e+00, 0.000000000000000e+00, -2.868038933278749e+07, 1.000000000000000e-10, 8.435546586223343e+09
1511, 1.572499797259623e-02, 1.885047426180937e-02, 2.674991362603437e+00, 0.000000000000000e+00, 0.000000000000000e+00, -2.868038928965537e+07, 1.000000000000000e-10, 8.480220659652204e+09
1512, 1.555230024389186e-02, 1.875237974500420e-02, 2.674991358569526e+00, 0.000000000000000e+00, 0.000000000000000e+00, -2.868038924679686e+07, 1.000000000000000e-10, 8.525465383610271e+09
1513, 1.537969287343437e-02, 1.865412292641614e-02, 2.674991354438035e+00, 0.000000000000000e+00, 0.000000000000000e+00, -2.868038920290162e+07, 1.000000000000000e-10, 8.571377792619451e+09
1514, 1.520717901104867e-02, 1.855570064545186e-02, 2.674991350220256e+00, 0.000000000000000e+00, 0.000000000000000e+00, -2.868038915808960e+07, 1.000000000000000e-10, 8.617861838302248e+09
1515, 1.503476168822860e-02, 1.845711270697319e-02, 2.674991346056377e+00, 0.000000000000000e+00, 0.000000000000000e+00, -2.868038911385024e+07, 1.000000000000000e-10, 8.664723238894617e+09
1516, 1.486243743737354e-02, 1.835836075331268e-02, 2.674991342033954e+00, 0.000000000000000e+00, 0.000000000000000e+00, -2.868038907111378e+07, 1.000000000000000e-10, 8.711968739678572e+09
1517, 1.469020464761389e-02, 1.825944733894138e-02, 2.674991338068013e+00, 0.000000000000000e+00, 0.000000000000000e+00, -2.868038902897742e+07, 1.000000000000000e-10, 8.759789542720387e+09
1518, 1.451806503730495e-02, 1.816037187095875e-02, 2.674991334051468e+00, 0.000000000000000e+00, 0.000000000000000e+00, -2.868038898630343e+07, 1.000000000000000e-10, 8.808254504189415e+09
1519, 1.434602115665568e-02, 1.806113267973681e-02, 2.674991329979522e+00, 0.000000000000000e+00, 0.000000000000000e+00, -2.868038894304081e+07, 1.000000000000000e-10, 8.857329456523874e+09
1520, 1.417407234445264e-02, 1.796172747664797e-02, 2.674991325926704e+00, 0.000000000000000e+00, 0.000000000000000e+00, -2.868038889998141e+07, 1.000000000000000e-10, 8.906895928683100e+09
1521, 1.400221707871810e-02, 1.786215683611119e-02, 2.674991321957347e+00, 0.000000000000000e+00, 0.000000000000000e+00, -2.868038885780876e+07, 1.000000000000000e-10, 8.956935024564468e+09
1522, 1.383045979534011e-02, 1.776242541565489e-02, 2.674991318046479e+00, 0.000000000000000e+00, 0.000000000000000e+00, -2.868038881625752e+07, 1.000000000000000e-10, 9.007535781139509e+09
1523, 1.365879556850615e-02, 1.766253028974438e-02, 2.674991314092908e+00, 0.000000000000000e+00, 0.000000000000000e+00, -2.868038877425257e+07, 1.000000000000000e-10, 9.058870026742035e+09
1524, 1.348722539903340e-02, 1.756246780151770e-02, 2.674991310041193e+00, 0.000000000000000e+00, 0.000000000000000e+00, -2.868038873120489e+07, 1.000000000000000e-10, 9.110927844334290e+09
1525, 1.331575884766657e-02, 1.746223993612394e-02, 2.674991305989378e+00, 0.000000000000000e+00, 0.000000000000000e+00, -2.868038868815616e+07, 1.000000000000000e-10, 9.163505167043327e+09
1526, 1.314438674576540e-02, 1.736184322575861e-02, 2.674991302053562e+00, 0.000000000000000e+00, 0.000000000000000e+00, -2.868038864633984e+07, 1.000000000000000e-10, 9.216533683537033e+09
1527, 1.297311098684144e-02, 1.726128247333467e-02, 2.674991298211445e+00, 0.000000000000000e+00, 0.000000000000000e+00, -2.868038860551906e+07, 1.000000000000000e-10, 9.270145629077717e+09
1528, 1.280193157366149e-02, 1.716055819814835e-02, 2.674991294350496e+00, 0.000000000000000e+00, 0.000000000000000e+00, -2.868038856449817e+07, 1.000000000000000e-10, 9.324509791714512e+09
1529, 1.263085008925673e-02, 1.705966793822228e-02, 2.674991290412809e+00, 0.000000000000000e+00, 0.000000000000000e+00, -2.868038852266197e+07, 1.000000000000000e-10, 9.379632597698841e+09
1530, 1.245986800008546e-02, 1.695860937959895e-02, 2.674991286462741e+00, 0.000000000000000e+00, 0.000000000000000e+00, -2.868038848069425e+07, 1.000000000000000e-10, 9.435369379166954e+09
1531, 1.228898525430575e-02, 1.685738313868905e-02, 2.674991282593453e+00, 0.000000000000000e+00, 0.000000000000000e+00, -2.868038843958477e+07, 1.000000000000000e-10, 9.491640538041513e+09
1532, 1.211820089149682e-02, 1.675599138313321e-02, 2.674991278809507e+00, 0.000000000000000e+00, 0.000000000000000e+00, -2.868038839938201e+07, 1.000000000000000e-10, 9.548526315956320e+09
1533, 1.194751410731656e-02, 1.665443459734159e-02, 2.674991275028239e+00, 0.000000000000000e+00, 0.000000000000000e+00, -2.868038835920768e+07, 1.000000000000000e-10, 9.606184789457975e+09
1534, 1.177692633043763e-02, 1.655271109946699e-02, 2.674991271193456e+00, 0.000000000000000e+00, 0.000000000000000e+00, -2.868038831846480e+07, 1.000000000000000e-10, 9.664636434256126e+09
1535, 1.160643806128423e-02, 1.645081853009042e-02, 2.674991267343936e+00, 0.000000000000000e+00, 0.000000000000000e+00, -2.868038827756533e+07, 1.000000000000000e-10, 9.723784324626226e+09
1536, 1.143605135821812e-02, 1.634875803693823e-02, 2.674991263542177e+00, 0.000000000000000e+00, 0.000000000000000e+00, -2.868038823717331e+07, 1.000000000000000e-10, 9.783576317130930e+09
1537, 1.126576514338245e-02, 1.624653032774470e-02, 2.674991259805346e+00, 0.000000000000000e+00, 0.000000000000000e+00, -2.868038819747112e+07, 1.000000000000000e-10, 9.844034726661421e+09
1538, 1.109557911442057e-02, 1.614413625637864e-02, 2.674991256080684e+00, 0.000000000000000e+00, 0.000000000000000e+00, -2.868038815789820e+07, 1.000000000000000e-10, 9.905307089750517e+09
1539, 1.092549431019873e-02, 1.604157439870033e-02, 2.674991252305086e+00, 0.000000000000000e+00, 0.000000000000000e+00, -2.868038811778412e+07, 1.000000000000000e-10, 9.967455254858913e+09
1540, 1.075551229212493e-02, 1.593884262475059e-02, 2.674991248505128e+00, 0.000000000000000e+00, 0.000000000000000e+00, -2.868038807741123e+07, 1.000000000000000e-10, 1.003037331866380e+10
1541, 1.058563348146681e-02, 1.583594082780192e-02, 2.674991244740257e+00, 0.000000000000000e+00, 0.000000000000000e+00, -2.868038803741112e+07, 1.000000000000000e-10, 1.009402144509657e+10
1542, 1.041585761671844e-02, 1.573286962777297e-02, 2.674991241006982e+00, 0.000000000000000e+00, 0.000000000000000e+00, -2.868038799774669e+07, 1.000000000000000e-10, 1.015847389075731e+10
1543, 1.024618504782764e-02, 1.562962864843271e-02, 2.674991237295853e+00, 0.000000000000000e+00, 0.000000000000000e+00, -2.868038795831756e+07, 1.000000000000000e-10, 1.022370931731117e+10
1544, 1.007661597078934e-02, 1.552621816623629e-02, 2.674991233663025e+00, 0.000000000000000e+00, 0.000000000000000e+00, -2.868038791972034e+07, 1.000000000000000e-10, 1.028960072145675e+10
1545, 9.907149180638135e-03, 1.542264054123114e-02, 2.674991230113699e+00, 0.000000000000000e+00, 0.000000000000000e+00, -2.868038788201029e+07, 1.000000000000000e-10, 1.035627732356573e+10
1546, 9.737782629185650e-03, 1.531889504547172e-02, 2.674991226545367e+00, 0.000000000000000e+00, 0.000000000000000e+00, -2.868038784409831e+07, 1.000000000000000e-10, 1.042395293691412e+10
1547, 9.568520112760688e-03, 1.521498034992185e-02, 2.674991222910228e+00, 0.000000000000000e+00, 0.000000000000000e+00, -2.868038780547653e+07, 1.000000000000000e-10, 1.049260118182950e+10
1548, 9.399362890404632e-03, 1.511089456393846e-02, 2.674991219270479e+00, 0.000000000000000e+00, 0.000000000000000e+00, -2.868038776680577e+07, 1.000000000000000e-10, 1.056208982140192e+10
1549, 9.230311010121457e-03, 1.500663814072898e-02, 2.674991215643997e+00, 0.000000000000000e+00, 0.000000000000000e+00, -2.868038772827596e+07, 1.000000000000000e-10, 1.063252757069473e+10
1550, 9.061365362693349e-03, 1.490221013569790e-02, 2.674991211999133e+00, 0.000000000000000e+00, 0.000000000000000e+00, -2.868038768955087e+07, 1.000000000000000e-10, 1.070394271418813e+10
1551, 8.892526999716705e-03, 1.479760950170287e-02, 2.674991208395403e+00, 0.000000000000000e+00, 0.000000000000000e+00, -2.868038765126278e+07, 1.000000000000000e-10, 1.077614347581379e+10
1552, 8.723794874289086e-03, 1.469283804630525e-02, 2.674991204902641e+00, 0.000000000000000e+00, 0.000000000000000e+00, -2.868038761415368e+07, 1.000000000000000e-10, 1.084911205590537e+10
1553, 8.555167731440565e-03, 1.458789797610203e-02, 2.674991201462297e+00, 0.000000000000000e+00, 0.000000000000000e+00, -2.868038757760151e+07, 1.000000000000000e-10, 1.092308545310962e+10
1554, 8.386646413292651e-03, 1.448278837918809e-02, 2.674991197989425e+00, 0.000000000000000e+00, 0.000000000000000e+00, -2.868038754070373e+07, 1.000000000000000e-10, 1.099815030435328e+10
1555, 8.218232494260453e-03, 1.437750751251400e-02, 2.674991194498710e+00, 0.000000000000000e+00, 0.000000000000000e+00, -2.868038750361638e+07, 1.000000000000000e-10, 1.107421101720812e+10
1556, 8.049925327470613e-03, 1.427205449221416e-02, 2.674991191015927e+00, 0.000000000000000e+00, 0.000000000000000e+00, -2.868038746661331e+07, 1.000000000000000e-10, 1.115131353980980e+10
1557, 7.881725125719092e-03, 1.416642844012408e-02, 2.674991187512791e+00, 0.000000000000000e+00, 0.000000000000000e+00, -2.868038742939398e+07, 1.000000000000000e-10, 1.122955316938328e+10
1558, 7.713634511278089e-03, 1.406062858598373e-02, 2.674991183999913e+00, 0.000000000000000e+00, 0.000000000000000e+00, -2.868038739207116e+07, 1.000000000000000e-10, 1.130883966681618e+10
1559, 7.545653888308506e-03, 1.395465486806545e-02, 2.674991180564426e+00, 0.000000000000000e+00, 0.000000000000000e+00, -2.868038735557056e+07, 1.000000000000000e-10, 1.138898196645384e+10
1560, 7.377781786376029e-03, 1.384850986182802e-02, 2.674991177241243e+00, 0.000000000000000e+00, 0.000000000000000e+00, -2.868038732026315e+07, 1.000000000000000e-10, 1.147006712033512e+10
1561, 7.210017308468249e-03, 1.374219509542314e-02, 2.674991173928098e+00, 0.000000000000000e+00, 0.000000000000000e+00, -2.868038728506240e+07, 1.000000000000000e-10, 1.155241973026781e+10
1562, 7.042362344136721e-03, 1.363570830212736e-02, 2.674991170531677e+00, 0.000000000000000e+00, 0.000000000000000e+00, -2.868038724897687e+07, 1.000000000000000e-10, 1.163611740951426e+10
1563, 6.874819150387772e-03, 1.352904658411351e-02, 2.674991167101361e+00, 0.000000000000000e+00, 0.000000000000000e+00, -2.868038721253122e+07, 1.000000000000000e-10, 1.172095118695795e+10
1564, 6.707387859936644e-03, 1.342220989776916e-02, 2.674991163737861e+00, 0.000000000000000e+00, 0.000000000000000e+00, -2.868038717679546e+07, 1.000000000000000e-10, 1.180678450307061e+10
1565, 6.540067187974665e-03, 1.331520001003419e-02, 2.674991160454225e+00, 0.000000000000000e+00, 0.000000000000000e+00, -2.868038714190821e+07, 1.000000000000000e-10, 1.189373502137811e+10
1566, 6.372853715974974e-03, 1.320801552855475e-02, 2.674991157195432e+00, 0.000000000000000e+00, 0.000000000000000e+00, -2.868038710728491e+07, 1.000000000000000e-10, 1.198194007249336e+10
1567, 6.205751715000327e-03, 1.310065796893575e-02, 2.674991153947218e+00, 0.000000000000000e+00, 0.000000000000000e+00, -2.868038707277400e+07, 1.000000000000000e-10, 1.207136435655724e+10
1568, 6.038761476192794e-03, 1.299312731900395e-02, 2.674991150727157e+00, 0.000000000000000e+00, 0.000000000000000e+00, -2.868038703856221e+07, 1.000000000000000e-10, 1.216201854404768e+10
1569, 5.871883076912233e-03, 1.288542362644797e-02, 2.674991147493626e+00, 0.000000000000000e+00, 0.000000000000000e+00, -2.868038700420729e+07, 1.000000000000000e-10, 1.225411511250961e+10
1570, 5.705118236924143e-03, 1.277754488449541e-02, 2.674991144209962e+00, 0.000000000000000e+00, 0.000000000000000e+00, -2.868038696931975e+07, 1.000000000000000e-10, 1.234765606275516e+10
1571, 5.538476379117932e-03, 1.266949458231817e-02, 2.674991140942093e+00, 0.000000000000000e+00, 0.000000000000000e+00, -2.868038693460001e+07, 1.000000000000000e-10, 1.244241760389656e+10
1572, 5.371942313126135e-03, 1.256126437620478e-02, 2.674991137762715e+00, 0.000000000000000e+00, 0.000000000000000e+00, -2.868038690082045e+07, 1.000000000000000e-10, 1.253835575474887e+10
1573, 5.205521745517675e-03, 1.245286044627074e-02, 2.674991134644272e+00, 0.000000000000000e+00, 0.000000000000000e+00, -2.868038686768829e+07, 1.000000000000000e-10, 1.263567293992388e+10
1574, 5.039213343710602e-03, 1.234428150720919e-02, 2.674991131517947e+00, 0.000000000000000e+00, 0.000000000000000e+00, -2.868038683447238e+07, 1.000000000000000e-10, 1.273452154384258e+10
1575, 4.873010422180113e-03, 1.223552080871885e-02, 2.674991128364925e+00, 0.000000000000000e+00, 0.000000000000000e+00, -2.868038680097284e+07, 1.000000000000000e-10, 1.283489873635986e+10
1576, 4.706933641653805e-03, 1.212659004928749e-02, 2.674991125228654e+00, 0.000000000000000e+00, 0.000000000000000e+00, -2.868038676765126e+07, 1.000000000000000e-10, 1.293667374815327e+10
1577, 4.540978855733478e-03, 1.201748724207797e-02, 2.674991122153335e+00, 0.000000000000000e+00, 0.000000000000000e+00, -2.868038673497727e+07, 1.000000000000000e-10, 1.303982783370263e+10
1578, 4.375132467898041e-03, 1.190820480669111e-02, 2.674991119123976e+00, 0.000000000000000e+00, 0.000000000000000e+00, -2.868038670279158e+07, 1.000000000000000e-10, 1.314449946792944e+10
1579, 4.209401964187999e-03, 1.179874728934674e-02, 2.674991116097885e+00, 0.000000000000000e+00, 0.000000000000000e+00, -2.868038667064061e+07, 1.000000000000000e-10, 1.325081064111887e+10
1580, 4.043788446999415e-03, 1.168911371106263e-02, 2.674991113063254e+00, 0.000000000000000e+00, 0.000000000000000e+00, -2.868038663839890e+07, 1.000000000000000e-10, 1.335876519880639e+10
1581, 3.878292841010518e-03, 1.157930344037458e-02, 2.674991110045090e+00, 0.000000000000000e+00, 0.000000000000000e+00, -2.868038660633215e+07, 1.000000000000000e-10, 1.346830595847846e+10
1582, 3.712912434770946e-03, 1.146931475299967e-02, 2.674991107064779e+00, 0.000000000000000e+00, 0.000000000000000e+00, -2.868038657466757e+07, 1.000000000000000e-10, 1.357944873746879e+10
1583, 3.547649642554064e-03, 1.135914953783860e-02, 2.674991104120630e+00, 0.000000000000000e+00, 0.000000000000000e+00, -2.868038654338719e+07, 1.000000000000000e-10, 1.369224860099335e+10
1584, 3.382504903300531e-03, 1.124880804305695e-02, 2.674991101172180e+00, 0.000000000000000e+00, 0.000000000000000e+00, -2.868038651206111e+07, 1.000000000000000e-10, 1.380692803350623e+10
1585, 3.217482493736406e-03, 1.113829046414919e-02, 2.674991097128810e+00, 0.000000000000000e+00, 0.000000000000000e+00, -2.868038646910201e+07, 1.000000000000000e-10, 1.392917253962097e+10
1586, 3.052612863588122e-03, 1.102753738404694e-02, 2.674991093756236e+00, 0.000000000000000e+00, 0.000000000000000e+00, -2.868038643326980e+07, 1.000000000000000e-10, 1.404410031176571e+10
1587, 2.887839668603181e-03, 1.091663700583673e-02, 2.674991103777771e+00, 0.000000000000000e+00, 0.000000000000000e+00, -2.868038653974389e+07, 1.000000000000000e-10, 1.409638164046264e+10
1588, 2.732749988923006e-03, 1.081286728102734e-02, 2.674991223686098e+00, 0.000000000000000e+00, 0.000000000000000e+00, -2.868038781371494e+07, 1.000000000000000e-10, 1.366852093494656e+10
1589, 2.564312271390412e-03, 1.070764736626992e-02, 2.674991465273469e+00, 0.000000000000000e+00, 0.000000000000000e+00, -2.868039038046968e+07, 1.000000000000000e-10, 1.315704576769720e+10
1590, 2.391830002874235e-03, 1.060919727690223e-02, 2.674991749587717e+00, 0.000000000000000e+00, 0.000000000000000e+00, -2.868039340117684e+07, 1.000000000000000e-10, 1.270435027773402e+10
1591, 2.215573231009432e-03, 1.051767631129465e-02, 2.674992044593385e+00, 0.000000000000000e+00, 0.000000000000000e+00, -2.868039653547433e+07, 1.000000000000000e-10, 1.230474739370735e+10
1592, 2.035821590757361e-03, 1.043322577238199e-02, 2.674992349484157e+00, 0.000000000000000e+00, 0.000000000000000e+00, -2.868039977479535e+07, 1.000000000000000e-10, 1.195281580856991e+10
1593, 1.852859077346544e-03, 1.035597798791043e-02, 2.674992663691012e+00, 0.000000000000000e+00, 0.000000000000000e+00, -2.868040311309427e+07, 1.000000000000000e-10, 1.164391402009612e+10
1594, 1.666972291043377e-03, 1.028605897008263e-02, 2.674992986596603e+00, 0.000000000000000e+00, 0.000000000000000e+00, -2.868040654381203e+07, 1.000000000000000e-10, 1.137445870270152e+10
1595, 1.478459276845146e-03, 1.022358458413307e-02, 2.674993317090128e+00, 0.000000000000000e+00, 0.000000000000000e+00, -2.868041005514681e+07, 1.000000000000000e-10, 1.114185748422985e+10
1596, 1.287608959730398e-03, 1.016863845103214e-02, 2.674993654239197e+00, 0.000000000000000e+00, 0.000000000000000e+00, -2.868041363719237e+07, 1.000000000000000e-10, 1.094310067170622e+10
1597, 1.094729655832139e-03, 1.012130885254285e-02, 2.674993997963308e+00, 0.000000000000000e+00, 0.000000000000000e+00, -2.868041728909337e+07, 1.000000000000000e-10, 1.077561377930821e+10
1598, 9.001193572175589e-04, 1.008169242582627e-02, 2.674994346860912e+00, 0.000000000000000e+00, 0.000000000000000e+00, -2.868042099595897e+07, 1.000000000000000e-10, 1.063867679514589e+10
1599, 7.040911575856067e-04, 1.004982652211103e-02, 2.674994699693428e+00, 0.000000000000000e+00, 0.000000000000000e+00, -2.868042474462984e+07, 1.000000000000000e-10, 1.053027254156288e+10
1600, 5.069526300281908e-04, 1.002576826313406e-02, 2.674995056173317e+00, 0.000000000000000e+00, 0.000000000000000e+00, -2.868042853205094e+07, 1.000000000000000e-10, 1.044948877197997e+10
1601, 3.090138810543054e-04, 1.000955705050637e-02, 2.674995415323582e+00, 0.000000000000000e+00, 0.000000000000000e+00, -2.868043234784218e+07, 1.000000000000000e-10, 1.039561570241657e+10
1602, 1.105873651533958e-04, 1.000122252734698e-02, 2.674995768363785e+00, 0.000000000000000e+00, 0.000000000000000e+00, -2.868043609871576e+07, 1.000000000000000e-10, 1.036025118449797e+10
1603, -8.801603234885743e-05, 1.000043614345409e-02, 2.674996043311731e+00, 0.000000000000000e+00, 0.000000000000000e+00, -2.868043901989773e+07, 1.000000000000000e-10, 1.032689475133766e+10
1604, -2.865932483662657e-04, 1.000410312899120e-02, 2.674996237159297e+00, 0.000000000000000e+00, 0.000000000000000e+00, -2.868044107942897e+07, 1.000000000000000e-10, 1.030030424709896e+10
1605, -4.850564189965414e-04, 1.001177382423171e-02, 2.674996419035220e+00, 0.000000000000000e+00, 0.000000000000000e+00, -2.868044301176726e+07, 1.000000000000000e-10, 1.027769143471254e+10
1606, -6.833288172776232e-04, 1.002337166418719e-02, 2.674996599645986e+00, 0.000000000000000e+00, 0.000000000000000e+00, -2.868044493066356e+07, 1.000000000000000e-10, 1.025972194827977e+10
1607, -8.813309826269321e-04, 1.003891584579737e-02, 2.674996780054530e+00, 0.000000000000000e+00, 0.000000000000000e+00, -2.868044684741101e+07, 1.000000000000000e-10, 1.024703413812873e+10
1608, -1.078986374036444e-03, 1.005837784461960e-02, 2.674996960094824e+00, 0.000000000000000e+00, 0.000000000000000e+00, -2.868044876024564e+07, 1.000000000000000e-10, 1.023918733946669e+10
1609, -1.276215251010139e-03, 1.008177114996724e-02, 2.674997139835918e+00, 0.000000000000000e+00, 0.000000000000000e+00, -2.868045066990108e+07, 1.000000000000000e-10, 1.023673686057173e+10
1610, -1.472941246314998e-03, 1.010907196710756e-02, 2.674997318860802e+00, 0.000000000000000e+00, 0.000000000000000e+00, -2.868045257194680e+07, 1.000000000000000e-10, 1.023923149261772e+10
1611, -1.669085843551980e-03, 1.014027707087596e-02, 2.674997497213468e+00, 0.000000000000000e+00, 0.000000000000000e+00, -2.868045446685021e+07, 1.000000000000000e-10, 1.024706999465280e+10
1612, -1.864572969226798e-03, 1.017536631308754e-02, 2.674997674816307e+00, 0.000000000000000e+00, 0.000000000000000e+00, -2.868045635378673e+07, 1.000000000000000e-10, 1.026002936614032e+10
1613, -2.059323842564368e-03, 1.021433465544577e-02, 2.674997851762153e+00, 0.000000000000000e+00, 0.000000000000000e+00, -2.868045823374270e+07, 1.000000000000000e-10, 1.027854262954528e+10
1614, -2.253261411019684e-03, 1.025716784350829e-02, 2.674998027499836e+00, 0.000000000000000e+00, 0.000000000000000e+00, -2.868046010086222e+07, 1.000000000000000e-10, 1.030255265685181e+10
1615, -2.446311387050019e-03, 1.030383819684585e-02, 2.674998202012008e+00, 0.000000000000000e+00, 0.000000000000000e+00, -2.868046195496096e+07, 1.000000000000000e-10, 1.033183150802444e+10
1616, -2.638396940306023e-03, 1.035433235112545e-02, 2.674998375617002e+00, 0.000000000000000e+00, 0.000000000000000e+00, -2.868046379942108e+07, 1.000000000000000e-10, 1.036692520515568e+10
1617, -2.829439545540021e-03, 1.040863852595077e-02, 2.674998547831916e+00, 0.000000000000000e+00, 0.000000000000000e+00, -2.868046562911196e+07, 1.000000000000000e-10, 1.040811816493747e+10
1618, -3.019367067776200e-03, 1.046672355274688e-02, 2.674998718435076e+00, 0.000000000000000e+00, 0.000000000000000e+00, -2.868046744167847e+07, 1.000000000000000e-10, 1.045488451292138e+10
1619, -3.208104423362247e-03, 1.052856763653704e-02, 2.674998887530830e+00, 0.000000000000000e+00, 0.000000000000000e+00, -2.868046923822924e+07, 1.000000000000000e-10, 1.050789343402592e+10
1620, -3.395577586266115e-03, 1.059414399969611e-02, 2.674999055273716e+00, 0.000000000000000e+00, 0.000000000000000e+00, -2.868047102040616e+07, 1.000000000000000e-10, 1.056713451538003e+10
1621, -3.581707375141025e-03, 1.066344147871050e-02, 2.674999221181425e+00, 0.000000000000000e+00, 0.000000000000000e+00, -2.868047278308495e+07, 1.000000000000000e-10, 1.063358061022037e+10
1622, -3.766427443586044e-03, 1.073641355753742e-02, 2.674999385145327e+00, 0.000000000000000e+00, 0.000000000000000e+00, -2.868047452511150e+07, 1.000000000000000e-10, 1.070591411637338e+10
1623, -3.949659431047079e-03, 1.081304562680828e-02, 2.674999547274432e+00, 0.000000000000000e+00, 0.000000000000000e+00, -2.868047624764397e+07, 1.000000000000000e-10, 1.078598261119225e+10
1624, -4.131334867924626e-03, 1.089329819071881e-02, 2.674999707217280e+00, 0.000000000000000e+00, 0.000000000000000e+00, -2.868047794694830e+07, 1.000000000000000e-10, 1.087287083650128e+10
1625, -4.311381178207322e-03, 1.097714191057500e-02, 2.674999865099503e+00, 0.000000000000000e+00, 0.000000000000000e+00, -2.868047962435926e+07, 1.000000000000000e-10, 1.096749192995728e+10
1626, -4.489726618818107e-03, 1.106454523384201e-02, 2.675000020797333e+00, 0.000000000000000e+00, 0.000000000000000e+00, -2.868048127856190e+07, 1.000000000000000e-10, 1.107015261600295e+10
1627, -4.666300130512207e-03, 1.115547492119367e-02, 2.675000165478667e+00, 0.000000000000000e+00, 0.000000000000000e+00, -2.868048281572010e+07, 1.000000000000000e-10, 1.118121623487656e+10
1628, -4.841241037765460e-03, 1.124947309694016e-02, 2.675000333486697e+00, 0.000000000000000e+00, 0.000000000000000e+00, -2.868048460071090e+07, 1.000000000000000e-10, 1.127034549438548e+10
1629, -5.013605106244763e-03, 1.134816117734570e-02, 2.675000444721116e+00, 0.000000000000000e+00, 0.000000000000000e+00, -2.868048578251394e+07, 1.000000000000000e-10, 1.149559040300158e+10
1630, -5.185740468160801e-03, 1.144724402571622e-02, 2.675000461747612e+00, 0.000000000000000e+00, 0.000000000000000e+00, -2.868048596341133e+07, 1.000000000000000e-10, 1.138535606496988e+10
1631, -5.357827664976812e-03, 1.154641103809838e-02, 2.675000471287034e+00, 0.000000000000000e+00, 0.000000000000000e+00, -2.868048606476283e+07, 1.000000000000000e-10, 1.125175055555654e+10
1632, -5.529896910177289e-03, 1.164560780680432e-02, 2.675000481540294e+00, 0.000000000000000e+00, 0.000000000000000e+00, -2.868048617369844e+07, 1.000000000000000e-10, 1.111620729884732e+10
1633, -5.701896750190297e-03, 1.174492221217265e-02, 2.675000491751487e+00, 0.000000000000000e+00, 0.000000000000000e+00, -2.868048628218711e+07, 1.000000000000000e-10, 1.098993796088875e+10
1634, -5.873880845396529e-03, 1.184426409152592e-02, 2.675000498746931e+00, 0.000000000000000e+00, 0.000000000000000e+00, -2.868048635651029e+07, 1.000000000000000e-10, 1.085878307374669e+10
1635, -6.045888111596067e-03, 1.194356862121437e-02, 2.675000505170923e+00, 0.000000000000000e+00, 0.000000000000000e+00, -2.868048642476210e+07, 1.000000000000000e-10, 1.072499280425049e+10
1636, -6.217895059419384e-03, 1.204287280880632e-02, 2.675000512359985e+00, 0.000000000000000e+00, 0.000000000000000e+00, -2.868048650114236e+07, 1.000000000000000e-10, 1.059650841768968e+10
1637, -6.389902594097075e-03, 1.214217608068576e-02, 2.675000519527969e+00, 0.000000000000000e+00, 0.000000000000000e+00, -2.868048657729867e+07, 1.000000000000000e-10, 1.047025860267045e+10
1638, -6.561910818770083e-03, 1.224147824762432e-02, 2.675000526721232e+00, 0.000000000000000e+00, 0.000000000000000e+00, -2.868048665372356e+07, 1.000000000000000e-10, 1.034623851807648e+10
1639, -6.733918930469538e-03, 1.234078073631958e-02, 2.675000533964629e+00, 0.000000000000000e+00, 0.000000000000000e+00, -2.868048673068110e+07, 1.000000000000000e-10, 1.022451115160742e+10
1640, -6.905926130521337e-03, 1.244008442194331e-02, 2.675000541214980e+00, 0.000000000000000e+00, 0.000000000000000e+00, -2.868048680771251e+07, 1.000000000000000e-10, 1.010499032796114e+10
1641, -7.077932990420029e-03, 1.253938873899527e-02, 2.675000548434587e+00, 0.000000000000000e+00, 0.000000000000000e+00, -2.868048688441728e+07, 1.000000000000000e-10, 9.987505590043583e+09
1642, -7.249940012941688e-03, 1.263869289976111e-02, 2.675000555631474e+00, 0.000000000000000e+00, 0.000000000000000e+00, -2.868048696088067e+07, 1.000000000000000e-10, 9.872001860538128e+09
1643, -7.421947284555744e-03, 1.273799658282696e-02, 2.675000562847100e+00, 0.000000000000000e+00, 0.000000000000000e+00, -2.868048703754315e+07, 1.000000000000000e-10, 9.758471382484791e+09
1644, -7.593954155926485e-03, 1.283730099036642e-02, 2.675000570116234e+00, 0.000000000000000e+00, 0.000000000000000e+00, -2.868048711477412e+07, 1.000000000000000e-10, 9.646967859319532e+09
1645, -7.765959838197491e-03, 1.293660750512465e-02, 2.675000577395502e+00, 0.000000000000000e+00, 0.000000000000000e+00, -2.868048719211277e+07, 1.000000000000000e-10, 9.537455854650269e+09
1646, -7.937964876437996e-03, 1.303591523698456e-02, 2.675000584600381e+00, 0.000000000000000e+00, 0.000000000000000e+00, -2.868048726866107e+07, 1.000000000000000e-10, 9.429738057580399e+09
1647, -8.109970717793003e-03, 1.313522148106894e-02, 2.675000591738656e+00, 0.000000000000000e+00, 0.000000000000000e+00, -2.868048734450174e+07, 1.000000000000000e-10, 9.323662528851254e+09
1648, -8.281977660362238e-03, 1.323452572684446e-02, 2.675000598895555e+00, 0.000000000000000e+00, 0.000000000000000e+00, -2.868048742054027e+07, 1.000000000000000e-10, 9.219334650790823e+09
1649, -8.453984920510870e-03, 1.333382941050376e-02, 2.675000606102053e+00, 0.000000000000000e+00, 0.000000000000000e+00, -2.868048749710578e+07, 1.000000000000000e-10, 9.116838255606581e+09
1650, -8.625991998377613e-03, 1.343313351534732e-02, 2.675000613320978e+00, 0.000000000000000e+00, 0.000000000000000e+00, -2.868048757380331e+07, 1.000000000000000e-10, 9.016101364487803e+09
1651, -8.797999046920373e-03, 1.353243764869204e-02, 2.675000620531803e+00, 0.000000000000000e+00, 0.000000000000000e+00, -2.868048765041477e+07, 1.000000000000000e-10, 8.917002577320673e+09
1652, -8.970006191835840e-03, 1.363174185453904e-02, 2.675000627746690e+00, 0.000000000000000e+00, 0.000000000000000e+00, -2.868048772706942e+07, 1.000000000000000e-10, 8.819527370128468e+09
1653, -9.142012992986451e-03, 1.373104616859539e-02, 2.675000634955328e+00, 0.000000000000000e+00, 0.000000000000000e+00, -2.868048780365765e+07, 1.000000000000000e-10, 8.723654864649811e+09
1654, -9.314020027696395e-03, 1.383035024295490e-02, 2.675000642135649e+00, 0.000000000000000e+00, 0.000000000000000e+00, -2.868048787994503e+07, 1.000000000000000e-10, 8.629306735379501e+09
1655, -9.486027732283749e-03, 1.392965323213767e-02, 2.675000649302401e+00, 0.000000000000000e+00, 0.000000000000000e+00, -2.868048795608825e+07, 1.000000000000000e-10, 8.536432725952612e+09
1656, -9.658035990379349e-03, 1.402895532563245e-02, 2.675000656505299e+00, 0.000000000000000e+00, 0.000000000000000e+00, -2.868048803261551e+07, 1.000000000000000e-10, 8.445061554603812e+09
1657, -9.830043916919814e-03, 1.412825804195894e-02, 2.675000663753755e+00, 0.000000000000000e+00, 0.000000000000000e+00, -2.868048810962678e+07, 1.000000000000000e-10, 8.355237131799900e+09
1658, -1.000205103416053e-02, 1.422756193897880e-02, 2.675000670999015e+00, 0.000000000000000e+00, 0.000000000000000e+00, -2.868048818660410e+07, 1.000000000000000e-10, 8.266873478890446e+09
1659, -1.017405787771188e-02, 1.432686628551096e-02, 2.675000678213783e+00, 0.000000000000000e+00, 0.000000000000000e+00, -2.868048826325747e+07, 1.000000000000000e-10, 8.179860156362108e+09
1660, -1.034606493362429e-02, 1.442617048987920e-02, 2.675000685417705e+00, 0.000000000000000e+00, 0.000000000000000e+00, -2.868048833979561e+07, 1.000000000000000e-10, 8.094177072778352e+09
1661, -1.051807198220519e-02, 1.452547462324594e-02, 2.675000692625768e+00, 0.000000000000000e+00, 0.000000000000000e+00, -2.868048841637773e+07, 1.000000000000000e-10, 8.009841439139040e+09
1662, -1.069007907768006e-02, 1.462477878277582e-02, 2.675000699826984e+00, 0.000000000000000e+00, 0.000000000000000e+00, -2.868048849288711e+07, 1.000000000000000e-10, 7.926819730847673e+09
1663, -1.086208631049139e-02, 1.472408253230187e-02, 2.675000707033598e+00, 0.000000000000000e+00, 0.000000000000000e+00, -2.868048856945384e+07, 1.000000000000000e-10, 7.845062555902534e+09
1664, -1.103409340367062e-02, 1.482338654311965e-02, 2.675000714284131e+00, 0.000000000000000e+00, 0.000000000000000e+00, -2.868048864648720e+07, 1.000000000000000e-10, 7.764596817849674e+09
1665, -1.120609955270169e-02, 1.492269225576068e-02, 2.675000721569926e+00, 0.000000000000000e+00, 0.000000000000000e+00, -2.868048872389518e+07, 1.000000000000000e-10, 7.685437377129324e+09
1666, -1.137810463977875e-02, 1.502199988023369e-02, 2.675000728806720e+00, 0.000000000000000e+00, 0.000000000000000e+00, -2.868048880078255e+07, 1.000000000000000e-10, 7.607492657027307e+09
1667, -1.155011008303874e-02, 1.512130690115204e-02, 2.675000735954715e+00, 0.000000000000000e+00, 0.000000000000000e+00, -2.868048887672649e+07, 1.000000000000000e-10, 7.530599362241808e+09
1668, -1.172211672882038e-02, 1.522061163772983e-02, 2.675000743093457e+00, 0.000000000000000e+00, 0.000000000000000e+00, -2.868048895257212e+07, 1.000000000000000e-10, 7.454783914216968e+09
1669, -1.189412393677227e-02, 1.531991533798059e-02, 2.675000750285192e+00, 0.000000000000000e+00, 0.000000000000000e+00, -2.868048902898078e+07, 1.000000000000000e-10, 7.380168895725651e+09
1670, -1.206613110102917e-02, 1.541921933041989e-02, 2.675000757502223e+00, 0.000000000000000e+00, 0.000000000000000e+00, -2.868048910565819e+07, 1.000000000000000e-10, 7.306731030170468e+09
1671, -1.223813816928387e-02, 1.551852347514484e-02, 2.675000764714075e+00, 0.000000000000000e+00, 0.000000000000000e+00, -2.868048918228057e+07, 1.000000000000000e-10, 7.234379789074886e+09
1672, -1.241014521778588e-02, 1.561782760846604e-02, 2.675000771926090e+00, 0.000000000000000e+00, 0.000000000000000e+00, -2.868048925890468e+07, 1.000000000000000e-10, 7.163090310053828e+09
1673, -1.258215214992642e-02, 1.571713189570696e-02, 2.675000779137594e+00, 0.000000000000000e+00, 0.000000000000000e+00, -2.868048933552337e+07, 1.000000000000000e-10, 7.092857358176900e+09
1674, -1.275415907674041e-02, 1.581643615123333e-02, 2.675000786327487e+00, 0.000000000000000e+00, 0.000000000000000e+00, -2.868048941191244e+07, 1.000000000000000e-10, 7.023643391516534e+09
1675, -1.292616650115290e-02, 1.591573959031003e-02, 2.675000793491146e+00, 0.000000000000000e+00, 0.000000000000000e+00, -2.868048948802279e+07, 1.000000000000000e-10, 6.955399848180838e+09
1676, -1.309817466608902e-02, 1.601504182731245e-02, 2.675000800674405e+00, 0.000000000000000e+00, 0.000000000000000e+00, -2.868048956434141e+07, 1.000000000000000e-10, 6.888128013361424e+09
1677, -1.327018282901980e-02, 1.611434417606205e-02, 2.675000807911838e+00, 0.000000000000000e+00, 0.000000000000000e+00, -2.868048964123556e+07, 1.000000000000000e-10, 6.821887654124623e+09
1678, -1.344219014011633e-02, 1.621364772853733e-02, 2.675000815163486e+00, 0.000000000000000e+00, 0.000000000000000e+00, -2.868048971828076e+07, 1.000000000000000e-10, 6.756652078179239e+09
1679, -1.361419702403560e-02, 1.631295201188097e-02, 2.675000822386423e+00, 0.000000000000000e+00, 0.000000000000000e+00, -2.868048979502092e+07, 1.000000000000000e-10, 6.692323325825293e+09
1680, -1.378620397911872e-02, 1.641225627195348e-02, 2.675000829590357e+00, 0.000000000000000e+00, 0.000000000000000e+00, -2.868048987155917e+07, 1.000000000000000e-10, 6.628874025729102e+09
1681, -1.395821102772287e-02, 1.651156040533364e-02, 2.675000836795268e+00, 0.000000000000000e+00, 0.000000000000000e+00, -2.868048994810782e+07, 1.000000000000000e-10, 6.566318974856539e+09
1682, -1.413021810522540e-02, 1.661086455539761e-02, 2.675000843998580e+00, 0.000000000000000e+00, 0.000000000000000e+00, -2.868049002463946e+07, 1.000000000000000e-10, 6.504651163945932e+09
1683, -1.430222528088821e-02, 1.671016848830811e-02, 2.675000851198631e+00, 0.000000000000000e+00, 0.000000000000000e+00, -2.868049010113647e+07, 1.000000000000000e-10, 6.443839178308656e+09
1684, -1.447423247770854e-02, 1.680947224035224e-02, 2.675000858428969e+00, 0.000000000000000e+00, 0.000000000000000e+00, -2.868049017795525e+07, 1.000000000000000e-10, 6.383878647761198e+09
1685, -1.464623902746309e-02, 1.690877718896722e-02, 2.675000865711566e+00, 0.000000000000000e+00, 0.000000000000000e+00, -2.868049025532926e+07, 1.000000000000000e-10, 6.324806992622438e+09
1686, -1.481824434223177e-02, 1.700808439698536e-02, 2.675000872975393e+00, 0.000000000000000e+00, 0.000000000000000e+00, -2.868049033250384e+07, 1.000000000000000e-10, 6.266595173046380e+09
1687, -1.499024950206447e-02, 1.710739193359893e-02, 2.675000880145062e+00, 0.000000000000000e+00, 0.000000000000000e+00, -2.868049040867806e+07, 1.000000000000000e-10, 6.209103629045775e+09
1688, -1.516225578082860e-02, 1.720669738569909e-02, 2.675000887273869e+00, 0.000000000000000e+00, 0.000000000000000e+00, -2.868049048441813e+07, 1.000000000000000e-10, 6.152302872956351e+09
1689, -1.533426291459932e-02, 1.730600129602043e-02, 2.675000894445117e+00, 0.000000000000000e+00, 0.000000000000000e+00, -2.868049056060912e+07, 1.000000000000000e-10, 6.096299519739324e+09
1690, -1.550627023576811e-02, 1.740530516630200e-02, 2.675000901661828e+00, 0.000000000000000e+00, 0.000000000000000e+00, -2.868049063728312e+07, 1.000000000000000e-10, 6.041114484765613e+09
1691, -1.567827709544416e-02, 1.750460948539600e-02, 2.675000908877047e+00, 0.000000000000000e+00, 0.000000000000000e+00, -2.868049071394128e+07, 1.000000000000000e-10, 5.986701161241775e+09
1692, -1.585028404268257e-02, 1.760391361755190e-02, 2.675000916058066e+00, 0.000000000000000e+00, 0.000000000000000e+00, -2.868049079023607e+07, 1.000000000000000e-10, 5.932991483076822e+09
1693, -1.602229162466376e-02, 1.770321677724281e-02, 2.675000923219415e+00, 0.000000000000000e+00, 0.000000000000000e+00, -2.868049086632189e+07, 1.000000000000000e-10, 5.879969195416725e+09
1694, -1.619429990253558e-02, 1.780251893024399e-02, 2.675000930411972e+00, 0.000000000000000e+00, 0.000000000000000e+00, -2.868049094273927e+07, 1.000000000000000e-10, 5.827652688345630e+09
1695, -1.636630789298012e-02, 1.790182146462914e-02, 2.675000937656498e+00, 0.000000000000000e+00, 0.000000000000000e+00, -2.868049101970880e+07, 1.000000000000000e-10, 5.776087565110074e+09
1696, -1.653831510511231e-02, 1.800112525998632e-02, 2.675000944904427e+00, 0.000000000000000e+00, 0.000000000000000e+00, -2.868049109671447e+07, 1.000000000000000e-10, 5.725236774302028e+09
1697, -1.671032197771340e-02, 1.810042960394669e-02, 2.675000952120398e+00, 0.000000000000000e+00, 0.000000000000000e+00, -2.868049117338062e+07, 1.000000000000000e-10, 5.675027172758049e+09
1698, -1.688232900474900e-02, 1.819973383192021e-02, 2.675000959322066e+00, 0.000000000000000e+00, 0.000000000000000e+00, -2.868049124989481e+07, 1.000000000000000e-10, 5.625448632470003e+09
1699, -1.705433605332106e-02, 1.829903796528185e-02, 2.675000966527103e+00, 0.000000000000000e+00, 0.000000000000000e+00, -2.868049132644478e+07, 1.000000000000000e-10, 5.576519695898253e+09
1700, -1.722634310203434e-02, 1.839834209872502e-02, 2.675000974365692e+00, 0.000000000000000e+00, 0.000000000000000e+00, -2.868049140972588e+07, 1.000000000000000e-10, 5.528229291623727e+09
1701, -1.739833471261224e-02, 1.849767495206165e-02, 2.675000982223998e+00, 0.000000000000000e+00, 0.000000000000000e+00, -2.868049149321648e+07, 1.000000000000000e-10, 5.481582477091817e+09
1702, -1.757032619095608e-02, 1.859700873346249e-02, 2.675000984312201e+00, 0.000000000000000e+00, 0.000000000000000e+00, -2.868049151540298e+07, 1.000000000000000e-10, 5.434536124267211e+09
1703, -1.774244954104842e-02, 1.869611338690225e-02, 2.675000922531543e+00, 0.000000000000000e+00, 0.000000000000000e+00, -2.868049085901877e+07, 1.000000000000000e-10, 5.379969668977711e+09
1704, -1.791616861731222e-02, 1.879237728058272e-02, 2.675000787671770e+00, 0.000000000000000e+00, 0.000000000000000e+00, -2.868048942620977e+07, 1.000000000000000e-10, 5.238373308726708e+09
1705, -1.809172665506163e-02, 1.888525282692056e-02, 2.675000635117549e+00, 0.000000000000000e+00, 0.000000000000000e+00, -2.868048780540672e+07, 1.000000000000000e-10, 5.089546241468303e+09
1706, -1.826909219994679e-02, 1.897462795709367e-02, 2.675000476274953e+00, 0.000000000000000e+00, 0.000000000000000e+00, -2.868048611779271e+07, 1.000000000000000e-10, 4.949111483270245e+09
1707, -1.844820177902465e-02, 1.906045441976108e-02, 2.675000313231376e+00, 0.000000000000000e+00, 0.000000000000000e+00, -2.868048438554510e+07, 1.000000000000000e-10, 4.818367565625971e+09
1708, -1.862897896545830e-02, 1.914271063634061e-02, 2.675000146416058e+00, 0.000000000000000e+00, 0.000000000000000e+00, -2.868048261322435e+07, 1.000000000000000e-10, 4.697251803323037e+09
1709, -1.881135257068562e-02, 1.922136352330337e-02, 2.674999975518761e+00, 0.000000000000000e+00, 0.000000000000000e+00, -2.868048079753435e+07, 1.000000000000000e-10, 4.584758264108138e+09
1710, -1.899525345795076e-02, 1.929637596723432e-02, 2.674999800805995e+00, 0.000000000000000e+00, 0.000000000000000e+00, -2.868047894130661e+07, 1.000000000000000e-10, 4.480189989741198e+09
1711, -1.918060713790793e-02, 1.936772356301197e-02, 2.674999622597792e+00, 0.000000000000000e+00, 0.000000000000000e+00, -2.868047704794129e+07, 1.000000000000000e-10, 4.383245485529510e+09
1712, -1.936734003753528e-02, 1.943537909555294e-02, 2.674999440497026e+00, 0.000000000000000e+00, 0.000000000000000e+00, -2.868047511321915e+07, 1.000000000000000e-10, 4.293350648900534e+09
1713, -1.955538434220947e-02, 1.949929921497703e-02, 2.674999255223119e+00, 0.000000000000000e+00, 0.000000000000000e+00, -2.868047314478363e+07, 1.000000000000000e-10, 4.209806732873430e+09
1714, -1.974465757043188e-02, 1.955948269686735e-02, 2.674999067103546e+00, 0.000000000000000e+00, 0.000000000000000e+00, -2.868047114611402e+07, 1.000000000000000e-10, 4.132838339529691e+09
1715, -1.993508890098596e-02, 1.961589541974883e-02, 2.674998875563022e+00, 0.000000000000000e+00, 0.000000000000000e+00, -2.868046911109818e+07, 1.000000000000000e-10, 4.061573118673237e+09
1716, -2.012660428644191e-02, 1.966851033595778e-02, 2.674998681378609e+00, 0.000000000000000e+00, 0.000000000000000e+00, -2.868046704799201e+07, 1.000000000000000e-10, 3.995796499077087e+09
1717, -2.031912451277952e-02, 1.971732010130488e-02, 2.674998484422427e+00, 0.000000000000000e+00, 0.000000000000000e+00, -2.868046495543684e+07, 1.000000000000000e-10, 3.935417864191653e+09
1718, -2.051257803756920e-02, 1.976228906725542e-02, 2.674998284862397e+00, 0.000000000000000e+00, 0.000000000000000e+00, -2.868046283521675e+07, 1.000000000000000e-10, 3.879865891759944e+09
1719, -2.070688524875876e-02, 1.980341263151120e-02, 2.674998083031510e+00, 0.000000000000000e+00, 0.000000000000000e+00, -2.868046069086958e+07, 1.000000000000000e-10, 3.829196941262718e+09
1720, -2.090197187776137e-02, 1.984066410144463e-02, 2.674997878783249e+00, 0.000000000000000e+00, 0.000000000000000e+00, -2.868045852083869e+07, 1.000000000000000e-10, 3.782994624104859e+09
1721, -2.109776052462878e-02, 1.987402961029622e-02, 2.674997672882370e+00, 0.000000000000000e+00, 0.000000000000000e+00, -2.868045633324918e+07, 1.000000000000000e-10, 3.741173218529382e+09
1722, -2.129417215251068e-02, 1.990350728842996e-02, 2.674997465350707e+00, 0.000000000000000e+00, 0.000000000000000e+00, -2.868045412833306e+07, 1.000000000000000e-10, 3.703619803764152e+09
1723, -2.149113020210856e-02, 1.992907989237045e-02, 2.674997255900344e+00, 0.000000000000000e+00, 0.000000000000000e+00, -2.868045190303136e+07, 1.000000000000000e-10, 3.670080863779763e+09
1724, -2.168855796414795e-02, 1.995073080127469e-02, 2.674997044993772e+00, 0.000000000000000e+00, 0.000000000000000e+00, -2.868044966225782e+07, 1.000000000000000e-10, 3.640438849937978e+09
1725, -2.188637676188707e-02, 1.996845589468814e-02, 2.674996833132713e+00, 0.000000000000000e+00, 0.000000000000000e+00, -2.868044741134297e+07, 1.000000000000000e-10, 3.614631386748419e+09
1726, -2.208450825356488e-02, 1.998225287387666e-02, 2.674996620272528e+00, 0.000000000000000e+00, 0.000000000000000e+00, -2.868044514981256e+07, 1.000000000000000e-10, 3.592552146407490e+09
1727, -2.228287471456912e-02, 1.999211168529138e-02, 2.674996406552447e+00, 0.000000000000000e+00, 0.000000000000000e+00, -2.868044287914583e+07, 1.000000000000000e-10, 3.574094783189603e+09
1728, -2.248139784182879e-02, 1.999803087585086e-02, 2.674996196920828e+00, 0.000000000000000e+00, 0.000000000000000e+00, -2.868044065192126e+07, 1.000000000000000e-10, 3.559210114746242e+09
