"PointID","x","y","Density","Momentum_x","Momentum_y","Energy","Turb_Kin_Energy","Omega"
0, -2.268000000000000e-02, 2.000000000000000e-02, 3.729722280466174e+00, 0.000000000000000e+00, 0.000000000000000e+00, -1.129713469275527e+07, 1.000000000000000e-10, 2.375622252798732e+10
1, 1.250200000000000e-01, 5.477226000000000e-02, 2.739848194378051e-02, 0.000000000000000e+00, 0.000000000000000e+00, -7.645276074750544e+04, 1.000000000000000e-10, 2.930235346614006e+12
730, 1.247592264357035e-01, 5.472614609981309e-02, 2.744293434535006e-02, 0.000000000000000e+00, 0.000000000000000e+00, -7.657864916703798e+04, 1.000000000000000e-10, 2.923425613093713e+12
731, 1.244984551723221e-01, 5.468001867917841e-02, 2.749129129000437e-02, 0.000000000000000e+00, 0.000000000000000e+00, -7.671400961823769e+04, 1.000000000000000e-10, 2.916764970440173e+12
732, 1.242377096557596e-01, 5.463374559995363e-02, 2.753947101536732e-02, 0.000000000000000e+00, 0.000000000000000e+00, -7.684909009784102e+04, 1.000000000000000e-10, 2.910181424251001e+12
733, 1.239769889766657e-01, 5.458732363764015e-02, 2.758807870053627e-02, 0.000000000000000e+00, 0.000000000000000e+00, -7.698526263263707e+04, 1.000000000000000e-10, 2.903504351383473e+12
734, 1.237162917546814e-01, 5.454077812060126e-02, 2.763692296558005e-02, 0.000000000000000e+00, 0.000000000000000e+00, -7.712201025958215e+04, 1.000000000000000e-10, 2.896837463229276e+12
735, 1.234556163013989e-01, 5.449411137960169e-02, 2.768610946699120e-02, 0.000000000000000e+00, 0.000000000000000e+00, -7.726004810099067e+04, 1.000000000000000e-10, 2.890181266348212e+12
736, 1.231949626618069e-01, 5.444732278551007e-02, 2.773548243172565e-02, 0.000000000000000e+00, 0.000000000000000e+00, -7.739898326911715e+04, 1.000000000000000e-10, 2.883562112689793e+12
737, 1.229343315638529e-01, 5.440040898697789e-02, 2.778508678576654e-02, 0.000000000000000e+00, 0.000000000000000e+00, -7.753887527340082e+04, 1.000000000000000e-10, 2.876969353377075e+12
738, 1.226737235001168e-01, 5.435336802870325e-02, 2.783496600383947e-02, 0.000000000000000e+00, 0.000000000000000e+00, -7.767978624319834e+04, 1.000000000000000e-10, 2.870389643949490e+12
739, 1.224131383330425e-01, 5.430620073915140e-02, 2.788500088155663e-02, 0.000000000000000e+00, 0.000000000000000e+00, -7.782134957176365e+04, 1.000000000000000e-10, 2.863838046979641e+12
740, 1.221525760309599e-01, 5.425890712603065e-02, 2.793539259711683e-02, 0.000000000000000e+00, 0.000000000000000e+00, -7.796411937353807e+04, 1.000000000000000e-10, 2.857297180057553e+12
741, 1.218920368017264e-01, 5.421148654073917e-02, 2.798592298933005e-02, 0.000000000000000e+00, 0.000000000000000e+00, -7.810745145813719e+04, 1.000000000000000e-10, 2.850783794705143e+12
742, 1.216315145556244e-01, 5.416393854593850e-02, 2.803673782262807e-02, 0.000000000000000e+00, 0.000000000000000e+00, -7.825173014803759e+04, 1.000000000000000e-10, 2.844281776774243e+12
743, 1.213710210391867e-01, 5.411626636498262e-02, 2.808776725002270e-02, 0.000000000000000e+00, 0.000000000000000e+00, -7.839672458043398e+04, 1.000000000000000e-10, 2.837804216206699e+12
744, 1.211105506016566e-01, 5.406846843659121e-02, 2.813896714623959e-02, 0.000000000000000e+00, 0.000000000000000e+00, -7.854227907613644e+04, 1.000000000000000e-10, 2.831354870939379e+12
745, 1.208501033741451e-01, 5.402054440606219e-02, 2.819048530788321e-02, 0.000000000000000e+00, 0.000000000000000e+00, -7.868878227682304e+04, 1.000000000000000e-10, 2.824905799734085e+12
746, 1.205896863959409e-01, 5.397249572265825e-02, 2.824219349157457e-02, 0.000000000000000e+00, 0.000000000000000e+00, -7.883592832194090e+04, 1.000000000000000e-10, 2.818471328116524e+12
747, 1.203292859340331e-01, 5.392431929259341e-02, 2.829426100837756e-02, 0.000000000000000e+00, 0.000000000000000e+00, -7.898422114784840e+04, 1.000000000000000e-10, 2.812052936741396e+12
748, 1.200689093064339e-01, 5.387601438919079e-02, 2.834659350518667e-02, 0.000000000000000e+00, 0.000000000000000e+00, -7.913339981345664e+04, 1.000000000000000e-10, 2.805656853798480e+12
749, 1.198085568619844e-01, 5.382757991743629e-02, 2.839918759105910e-02, 0.000000000000000e+00, 0.000000000000000e+00, -7.928345219362617e+04, 1.000000000000000e-10, 2.799274730546541e+12
750, 1.195482208477998e-01, 5.377901566185880e-02, 2.845218257815852e-02, 0.000000000000000e+00, 0.000000000000000e+00, -7.943477877349766e+04, 1.000000000000000e-10, 2.792891914932135e+12
751, 1.192879158344279e-01, 5.373032585704160e-02, 2.850539794492747e-02, 0.000000000000000e+00, 0.000000000000000e+00, -7.958687620585413e+04, 1.000000000000000e-10, 2.786532397168980e+12
752, 1.190276424225175e-01, 5.368151036963988e-02, 2.855897457665151e-02, 0.000000000000000e+00, 0.000000000000000e+00, -7.974015863804465e+04, 1.000000000000000e-10, 2.780188470734791e+12
753, 1.187673856029878e-01, 5.363256459981270e-02, 2.861284373201755e-02, 0.000000000000000e+00, 0.000000000000000e+00, -7.989444522313948e+04, 1.000000000000000e-10, 2.773865941909778e+12
754, 1.185070782456145e-01, 5.358347430745512e-02, 2.866697728092935e-02, 0.000000000000000e+00, 0.000000000000000e+00, -8.004965738622828e+04, 1.000000000000000e-10, 2.767559061300726e+12
755, 1.182469224892384e-01, 5.353427811037050e-02, 2.872152205827396e-02, 0.000000000000000e+00, 0.000000000000000e+00, -8.020622202101593e+04, 1.000000000000000e-10, 2.761254292989102e+12
756, 1.179866870443897e-01, 5.348493361689695e-02, 2.877633127785961e-02, 0.000000000000000e+00, 0.000000000000000e+00, -8.036374305255896e+04, 1.000000000000000e-10, 2.754964002067002e+12
757, 1.177265804413341e-01, 5.343548099423524e-02, 2.883145646737603e-02, 0.000000000000000e+00, 0.000000000000000e+00, -8.052239975744906e+04, 1.000000000000000e-10, 2.748695261833622e+12
758, 1.174664684675190e-01, 5.338589308669706e-02, 2.888693630977089e-02, 0.000000000000000e+00, 0.000000000000000e+00, -8.068227445284055e+04, 1.000000000000000e-10, 2.742444228848288e+12
759, 1.172063591588212e-01, 5.333616927397992e-02, 2.894266450615410e-02, 0.000000000000000e+00, 0.000000000000000e+00, -8.084307358675124e+04, 1.000000000000000e-10, 2.736214741852323e+12
760, 1.169462788022903e-01, 5.328631421974769e-02, 2.899882446294963e-02, 0.000000000000000e+00, 0.000000000000000e+00, -8.100532887787384e+04, 1.000000000000000e-10, 2.729982518814250e+12
761, 1.166862197458429e-01, 5.323632828313751e-02, 2.905528938786419e-02, 0.000000000000000e+00, 0.000000000000000e+00, -8.116868334845343e+04, 1.000000000000000e-10, 2.723761295185135e+12
762, 1.164261854608350e-01, 5.318621332545419e-02, 2.911203213891469e-02, 0.000000000000000e+00, 0.000000000000000e+00, -8.133300597832337e+04, 1.000000000000000e-10, 2.717561742300303e+12
763, 1.161661762510151e-01, 5.313596836865826e-02, 2.916919811689470e-02, 0.000000000000000e+00, 0.000000000000000e+00, -8.149852349641029e+04, 1.000000000000000e-10, 2.711370619216242e+12
764, 1.159061892918255e-01, 5.308559199624190e-02, 2.922660691932395e-02, 0.000000000000000e+00, 0.000000000000000e+00, -8.166469572981283e+04, 1.000000000000000e-10, 2.705200906669321e+12
765, 1.156462309920779e-01, 5.303508557496250e-02, 2.928433599868937e-02, 0.000000000000000e+00, 0.000000000000000e+00, -8.183175501954804e+04, 1.000000000000000e-10, 2.699050255637208e+12
766, 1.153862983213056e-01, 5.298444738779312e-02, 2.934243939084056e-02, 0.000000000000000e+00, 0.000000000000000e+00, -8.199985013801686e+04, 1.000000000000000e-10, 2.692916685800458e+12
767, 1.151263916395426e-01, 5.293367563687419e-02, 2.940079260506517e-02, 0.000000000000000e+00, 0.000000000000000e+00, -8.216861556478025e+04, 1.000000000000000e-10, 2.686805895482510e+12
768, 1.148665137031607e-01, 5.288277059719020e-02, 2.945952743784343e-02, 0.000000000000000e+00, 0.000000000000000e+00, -8.233842679246666e+04, 1.000000000000000e-10, 2.680698594743517e+12
769, 1.146066590392850e-01, 5.283173306701305e-02, 2.951861931458875e-02, 0.000000000000000e+00, 0.000000000000000e+00, -8.250921028639695e+04, 1.000000000000000e-10, 2.674599607497205e+12
770, 1.143468300771612e-01, 5.278056460820677e-02, 2.957797311528340e-02, 0.000000000000000e+00, 0.000000000000000e+00, -8.268069214262973e+04, 1.000000000000000e-10, 2.668525179696447e+12
771, 1.140870271521668e-01, 5.272926418448504e-02, 2.963773493227239e-02, 0.000000000000000e+00, 0.000000000000000e+00, -8.285329919443573e+04, 1.000000000000000e-10, 2.662461665219699e+12
772, 1.138272489887603e-01, 5.267783072023097e-02, 2.969782168238434e-02, 0.000000000000000e+00, 0.000000000000000e+00, -8.302678366826514e+04, 1.000000000000000e-10, 2.656411756818218e+12
773, 1.135674989578283e-01, 5.262626540660345e-02, 2.975817597927898e-02, 0.000000000000000e+00, 0.000000000000000e+00, -8.320098107902896e+04, 1.000000000000000e-10, 2.650390223253720e+12
774, 1.133077756650485e-01, 5.257456577154400e-02, 2.981895701912711e-02, 0.000000000000000e+00, 0.000000000000000e+00, -8.337635429107156e+04, 1.000000000000000e-10, 2.644387183971396e+12
775, 1.130480797348101e-01, 5.252272872875379e-02, 2.988004925085684e-02, 0.000000000000000e+00, 0.000000000000000e+00, -8.355256469859155e+04, 1.000000000000000e-10, 2.638401069320208e+12
776, 1.127884112228749e-01, 5.247075447714854e-02, 2.994144263431656e-02, 0.000000000000000e+00, 0.000000000000000e+00, -8.372957054546654e+04, 1.000000000000000e-10, 2.632418590480609e+12
777, 1.125287694791219e-01, 5.241864706636879e-02, 3.000331009239440e-02, 0.000000000000000e+00, 0.000000000000000e+00, -8.390786999169178e+04, 1.000000000000000e-10, 2.626431211645684e+12
778, 1.122691535167528e-01, 5.236640859928194e-02, 3.006549116139746e-02, 0.000000000000000e+00, 0.000000000000000e+00, -8.408700350857689e+04, 1.000000000000000e-10, 2.620469777907767e+12
779, 1.120095636296323e-01, 5.231403656495777e-02, 3.012794962734350e-02, 0.000000000000000e+00, 0.000000000000000e+00, -8.426687138018078e+04, 1.000000000000000e-10, 2.614538510599202e+12
780, 1.117500023504794e-01, 5.226152868118574e-02, 3.019085816023383e-02, 0.000000000000000e+00, 0.000000000000000e+00, -8.444796733915135e+04, 1.000000000000000e-10, 2.608614766682467e+12
781, 1.114904681504583e-01, 5.220888425287953e-02, 3.025410405667147e-02, 0.000000000000000e+00, 0.000000000000000e+00, -8.462995746524728e+04, 1.000000000000000e-10, 2.602703853880417e+12
782, 1.112309615313072e-01, 5.215610423463388e-02, 3.031765944470924e-02, 0.000000000000000e+00, 0.000000000000000e+00, -8.481276051899225e+04, 1.000000000000000e-10, 2.596808865697802e+12
783, 1.109714804771680e-01, 5.210318884704760e-02, 3.038166229659039e-02, 0.000000000000000e+00, 0.000000000000000e+00, -8.499677917073986e+04, 1.000000000000000e-10, 2.590922877548214e+12
784, 1.107120288669744e-01, 5.205013820787195e-02, 3.044602059555816e-02, 0.000000000000000e+00, 0.000000000000000e+00, -8.518174397020621e+04, 1.000000000000000e-10, 2.585057123039451e+12
785, 1.104525882960305e-01, 5.199694694049340e-02, 3.051069157607366e-02, 0.000000000000000e+00, 0.000000000000000e+00, -8.536752649210861e+04, 1.000000000000000e-10, 2.579213294580223e+12
786, 1.101931352709523e-01, 5.194360911299659e-02, 3.057579915504592e-02, 0.000000000000000e+00, 0.000000000000000e+00, -8.555447543417200e+04, 1.000000000000000e-10, 2.573373800664655e+12
787, 1.099338209564853e-01, 5.189015682637396e-02, 3.064129133962164e-02, 0.000000000000000e+00, 0.000000000000000e+00, -8.574244058303570e+04, 1.000000000000000e-10, 2.567544579944861e+12
788, 1.096744316138105e-01, 5.183654722548801e-02, 3.070713737178530e-02, 0.000000000000000e+00, 0.000000000000000e+00, -8.593132421288909e+04, 1.000000000000000e-10, 2.561730778055020e+12
789, 1.094151940826154e-01, 5.178282668632562e-02, 3.077333358527206e-02, 0.000000000000000e+00, 0.000000000000000e+00, -8.612113464126913e+04, 1.000000000000000e-10, 2.555937045692514e+12
790, 1.091559122084865e-01, 5.172895387508543e-02, 3.084000745347501e-02, 0.000000000000000e+00, 0.000000000000000e+00, -8.631223006259807e+04, 1.000000000000000e-10, 2.550148323300284e+12
791, 1.088966591431097e-01, 5.167494378814932e-02, 3.090701650906175e-02, 0.000000000000000e+00, 0.000000000000000e+00, -8.650420044745649e+04, 1.000000000000000e-10, 2.544378852080562e+12
792, 1.086374349722807e-01, 5.162079586484640e-02, 3.097436124377661e-02, 0.000000000000000e+00, 0.000000000000000e+00, -8.669703838213949e+04, 1.000000000000000e-10, 2.538632180980992e+12
793, 1.083782267435449e-01, 5.156650582538666e-02, 3.104222204142082e-02, 0.000000000000000e+00, 0.000000000000000e+00, -8.689125386867812e+04, 1.000000000000000e-10, 2.532889664070567e+12
794, 1.081190600750084e-01, 5.151207873072082e-02, 3.111043792560222e-02, 0.000000000000000e+00, 0.000000000000000e+00, -8.708638642693286e+04, 1.000000000000000e-10, 2.527163938172465e+12
795, 1.078599228974891e-01, 5.145751196925739e-02, 3.117900670086186e-02, 0.000000000000000e+00, 0.000000000000000e+00, -8.728243044411557e+04, 1.000000000000000e-10, 2.521456755667017e+12
796, 1.076008153829452e-01, 5.140280500958778e-02, 3.124802111764368e-02, 0.000000000000000e+00, 0.000000000000000e+00, -8.747964587197393e+04, 1.000000000000000e-10, 2.515759695552530e+12
797, 1.073417552843140e-01, 5.134796142199820e-02, 3.131748433079683e-02, 0.000000000000000e+00, 0.000000000000000e+00, -8.767802965808849e+04, 1.000000000000000e-10, 2.510067652612370e+12
798, 1.070827083758290e-01, 5.129297531919255e-02, 3.138732168452326e-02, 0.000000000000000e+00, 0.000000000000000e+00, -8.787736567532510e+04, 1.000000000000000e-10, 2.504389862709639e+12
799, 1.068236910732685e-01, 5.123785039111311e-02, 3.145752589212072e-02, 0.000000000000000e+00, 0.000000000000000e+00, -8.807763539178592e+04, 1.000000000000000e-10, 2.498730955459462e+12
800, 1.065647015929222e-01, 5.118258538470877e-02, 3.152826097115653e-02, 0.000000000000000e+00, 0.000000000000000e+00, -8.827931103665082e+04, 1.000000000000000e-10, 2.493077819519117e+12
801, 1.063057430494536e-01, 5.112718028350377e-02, 3.159937957121890e-02, 0.000000000000000e+00, 0.000000000000000e+00, -8.848196537345533e+04, 1.000000000000000e-10, 2.487440864976569e+12
802, 1.060468142921062e-01, 5.107163452554495e-02, 3.167088130898871e-02, 0.000000000000000e+00, 0.000000000000000e+00, -8.868559104863454e+04, 1.000000000000000e-10, 2.481817790592402e+12
803, 1.057879134329502e-01, 5.101594810347816e-02, 3.174281558169736e-02, 0.000000000000000e+00, 0.000000000000000e+00, -8.889032008649326e+04, 1.000000000000000e-10, 2.476203943950184e+12
804, 1.055290474990856e-01, 5.096012320466996e-02, 3.181525809547957e-02, 0.000000000000000e+00, 0.000000000000000e+00, -8.909636691104893e+04, 1.000000000000000e-10, 2.470600763534627e+12
805, 1.052702097678651e-01, 5.090415702232745e-02, 3.188808294006373e-02, 0.000000000000000e+00, 0.000000000000000e+00, -8.930337901395987e+04, 1.000000000000000e-10, 2.465022313840007e+12
806, 1.050114033050477e-01, 5.084804759222981e-02, 3.196129979648755e-02, 0.000000000000000e+00, 0.000000000000000e+00, -8.951138147464246e+04, 1.000000000000000e-10, 2.459460037191071e+12
807, 1.047526131720568e-01, 5.079179146059276e-02, 3.203499572176534e-02, 0.000000000000000e+00, 0.000000000000000e+00, -8.972061023340972e+04, 1.000000000000000e-10, 2.453906614639213e+12
808, 1.044938702435457e-01, 5.073539535490312e-02, 3.210918619670620e-02, 0.000000000000000e+00, 0.000000000000000e+00, -8.993110743424747e+04, 1.000000000000000e-10, 2.448364253027481e+12
809, 1.042351692600050e-01, 5.067885736746326e-02, 3.218378582173918e-02, 0.000000000000000e+00, 0.000000000000000e+00, -9.014262344454988e+04, 1.000000000000000e-10, 2.442836540212410e+12
810, 1.039764875856117e-01, 5.062217263177783e-02, 3.225881546437044e-02, 0.000000000000000e+00, 0.000000000000000e+00, -9.035521142177342e+04, 1.000000000000000e-10, 2.437314698431732e+12
811, 1.037178354792447e-01, 5.056534553034784e-02, 3.233434083758900e-02, 0.000000000000000e+00, 0.000000000000000e+00, -9.056905303957812e+04, 1.000000000000000e-10, 2.431800550072400e+12
812, 1.034592183781955e-01, 5.050837746928057e-02, 3.241037369470829e-02, 0.000000000000000e+00, 0.000000000000000e+00, -9.078418280389617e+04, 1.000000000000000e-10, 2.426298535647344e+12
813, 1.032006312653795e-01, 5.045126607066883e-02, 3.248683046053642e-02, 0.000000000000000e+00, 0.000000000000000e+00, -9.100036404838825e+04, 1.000000000000000e-10, 2.420813057009609e+12
814, 1.029420746952456e-01, 5.039401074636631e-02, 3.256371954919862e-02, 0.000000000000000e+00, 0.000000000000000e+00, -9.121760857336018e+04, 1.000000000000000e-10, 2.415341758741004e+12
815, 1.026835493939808e-01, 5.033661152977681e-02, 3.264107539333279e-02, 0.000000000000000e+00, 0.000000000000000e+00, -9.143634519485272e+04, 1.000000000000000e-10, 2.409886791771849e+12
816, 1.024250436326637e-01, 5.027906421614798e-02, 3.271895086405513e-02, 0.000000000000000e+00, 0.000000000000000e+00, -9.165716366520371e+04, 1.000000000000000e-10, 2.404442592259218e+12
817, 1.021665226668281e-01, 5.022135982883082e-02, 3.279724832382345e-02, 0.000000000000000e+00, 0.000000000000000e+00, -9.187965919331207e+04, 1.000000000000000e-10, 2.399006841668234e+12
818, 1.019081461774051e-01, 5.016353503212535e-02, 3.287592007533435e-02, 0.000000000000000e+00, 0.000000000000000e+00, -9.210358480730561e+04, 1.000000000000000e-10, 2.393585536162345e+12
819, 1.016497044794459e-01, 5.010554434188626e-02, 3.295501902662992e-02, 0.000000000000000e+00, 0.000000000000000e+00, -9.232902440534226e+04, 1.000000000000000e-10, 2.388178284955210e+12
820, 1.013914130046047e-01, 5.004743572356353e-02, 3.303458239922284e-02, 0.000000000000000e+00, 0.000000000000000e+00, -9.255601819766204e+04, 1.000000000000000e-10, 2.382792686879356e+12
821, 1.011330845208990e-01, 4.998916467684124e-02, 3.311456308782098e-02, 0.000000000000000e+00, 0.000000000000000e+00, -9.278443331631010e+04, 1.000000000000000e-10, 2.377427767824310e+12
822, 1.008747899967955e-01, 4.993074534257593e-02, 3.319492636701629e-02, 0.000000000000000e+00, 0.000000000000000e+00, -9.301410694401484e+04, 1.000000000000000e-10, 2.372077371835424e+12
823, 1.006165291797615e-01, 4.987217881271636e-02, 3.327567809168423e-02, 0.000000000000000e+00, 0.000000000000000e+00, -9.324501370946001e+04, 1.000000000000000e-10, 2.366739286672705e+12
824, 1.003582831660669e-01, 4.981346247545997e-02, 3.335683388390831e-02, 0.000000000000000e+00, 0.000000000000000e+00, -9.347716674900192e+04, 1.000000000000000e-10, 2.361419493437549e+12
825, 1.001000874944267e-01, 4.975460389019085e-02, 3.343846497722886e-02, 0.000000000000000e+00, 0.000000000000000e+00, -9.371070567366964e+04, 1.000000000000000e-10, 2.356109303927465e+12
826, 9.984192564136325e-02, 4.969559876456006e-02, 3.352055092120645e-02, 0.000000000000000e+00, 0.000000000000000e+00, -9.394563613599369e+04, 1.000000000000000e-10, 2.350790228679297e+12
827, 9.958379774597192e-02, 4.963644722246864e-02, 3.360313984975112e-02, 0.000000000000000e+00, 0.000000000000000e+00, -9.418215737902095e+04, 1.000000000000000e-10, 2.345484336408963e+12
828, 9.932571748161488e-02, 4.957715158130228e-02, 3.368622738353357e-02, 0.000000000000000e+00, 0.000000000000000e+00, -9.442026685891462e+04, 1.000000000000000e-10, 2.340196611352709e+12
829, 9.906765655394570e-02, 4.951770324613691e-02, 3.376985008115580e-02, 0.000000000000000e+00, 0.000000000000000e+00, -9.466007144194724e+04, 1.000000000000000e-10, 2.334919626071535e+12
830, 9.880963044153476e-02, 4.945810516580014e-02, 3.385411013606755e-02, 0.000000000000000e+00, 0.000000000000000e+00, -9.490186554226598e+04, 1.000000000000000e-10, 2.329641567645633e+12
831, 9.855163918030829e-02, 4.939835837485625e-02, 3.393890832195295e-02, 0.000000000000000e+00, 0.000000000000000e+00, -9.514537348867737e+04, 1.000000000000000e-10, 2.324370172617762e+12
832, 9.829368544374248e-02, 4.933846423914948e-02, 3.402424217688629e-02, 0.000000000000000e+00, 0.000000000000000e+00, -9.539059754932356e+04, 1.000000000000000e-10, 2.319111237185853e+12
833, 9.803576312529340e-02, 4.927842043597291e-02, 3.411011516418850e-02, 0.000000000000000e+00, 0.000000000000000e+00, -9.563756039649308e+04, 1.000000000000000e-10, 2.313866014395530e+12
834, 9.777787624181117e-02, 4.921822660582996e-02, 3.419653481747968e-02, 0.000000000000000e+00, 0.000000000000000e+00, -9.588629772851533e+04, 1.000000000000000e-10, 2.308631783894137e+12
835, 9.752002366038282e-02, 4.915788197453451e-02, 3.428359641117471e-02, 0.000000000000000e+00, 0.000000000000000e+00, -9.613710415254926e+04, 1.000000000000000e-10, 2.303400062040321e+12
836, 9.726220590766453e-02, 4.909738689616513e-02, 3.437125971886860e-02, 0.000000000000000e+00, 0.000000000000000e+00, -9.638986783234654e+04, 1.000000000000000e-10, 2.298175125357223e+12
837, 9.700442411461044e-02, 4.903674144966000e-02, 3.445949355835964e-02, 0.000000000000000e+00, 0.000000000000000e+00, -9.664451170709543e+04, 1.000000000000000e-10, 2.292959691952613e+12
838, 9.674667837757824e-02, 4.897594534318316e-02, 3.454831006920577e-02, 0.000000000000000e+00, 0.000000000000000e+00, -9.690107792080783e+04, 1.000000000000000e-10, 2.287748982616732e+12
839, 9.648896342018481e-02, 4.891499829642224e-02, 3.463771847399105e-02, 0.000000000000000e+00, 0.000000000000000e+00, -9.715961425003574e+04, 1.000000000000000e-10, 2.282544214611329e+12
840, 9.623128827117998e-02, 4.885390287020837e-02, 3.472771159329594e-02, 0.000000000000000e+00, 0.000000000000000e+00, -9.742012486789346e+04, 1.000000000000000e-10, 2.277354649756270e+12
841, 9.597363473928545e-02, 4.879265259003491e-02, 3.481836742092143e-02, 0.000000000000000e+00, 0.000000000000000e+00, -9.768283965863349e+04, 1.000000000000000e-10, 2.272174748447572e+12
842, 9.571603096456203e-02, 4.873125222584537e-02, 3.490965874961377e-02, 0.000000000000000e+00, 0.000000000000000e+00, -9.794769251508398e+04, 1.000000000000000e-10, 2.267000028895463e+12
843, 9.545848370922204e-02, 4.866970363999369e-02, 3.500155852781426e-02, 0.000000000000000e+00, 0.000000000000000e+00, -9.821461627252211e+04, 1.000000000000000e-10, 2.261835821129603e+12
844, 9.520095182691429e-02, 4.860799622433117e-02, 3.509407699597079e-02, 0.000000000000000e+00, 0.000000000000000e+00, -9.848360140467665e+04, 1.000000000000000e-10, 2.256683806044496e+12
845, 9.494345780336141e-02, 4.854613381409958e-02, 3.518719762240424e-02, 0.000000000000000e+00, 0.000000000000000e+00, -9.875427284384343e+04, 1.000000000000000e-10, 2.251532699565165e+12
846, 9.468600113711437e-02, 4.848411884695884e-02, 3.528093677410104e-02, 0.000000000000000e+00, 0.000000000000000e+00, -9.902661469381914e+04, 1.000000000000000e-10, 2.246377944353923e+12
847, 9.442858105889564e-02, 4.842195478158616e-02, 3.537527896327303e-02, 0.000000000000000e+00, 0.000000000000000e+00, -9.930057892194204e+04, 1.000000000000000e-10, 2.241237930593236e+12
848, 9.417119815936204e-02, 4.835964004200387e-02, 3.547026892459722e-02, 0.000000000000000e+00, 0.000000000000000e+00, -9.957631789402687e+04, 1.000000000000000e-10, 2.236124146948405e+12
849, 9.391385386528645e-02, 4.829716902745049e-02, 3.556586564340536e-02, 0.000000000000000e+00, 0.000000000000000e+00, -9.985370568510143e+04, 1.000000000000000e-10, 2.231029321717757e+12
850, 9.365654978978344e-02, 4.823453944948580e-02, 3.566209481961752e-02, 0.000000000000000e+00, 0.000000000000000e+00, -1.001327897892846e+05, 1.000000000000000e-10, 2.225930155059760e+12
851, 9.339928104607087e-02, 4.817175424790645e-02, 3.575898249008590e-02, 0.000000000000000e+00, 0.000000000000000e+00, -1.004136288927237e+05, 1.000000000000000e-10, 2.220825057027277e+12
852, 9.314204689957482e-02, 4.810881729827202e-02, 3.585650635376074e-02, 0.000000000000000e+00, 0.000000000000000e+00, -1.006961795702176e+05, 1.000000000000000e-10, 2.215734319134012e+12
853, 9.288485099614616e-02, 4.804572768465505e-02, 3.595464586312321e-02, 0.000000000000000e+00, 0.000000000000000e+00, -1.009803698566921e+05, 1.000000000000000e-10, 2.210665836308663e+12
854, 9.262768557569082e-02, 4.798247979970417e-02, 3.605341860324058e-02, 0.000000000000000e+00, 0.000000000000000e+00, -1.012662486250067e+05, 1.000000000000000e-10, 2.205609897152506e+12
855, 9.237056543982054e-02, 4.791907639302624e-02, 3.615284178396470e-02, 0.000000000000000e+00, 0.000000000000000e+00, -1.015538522591316e+05, 1.000000000000000e-10, 2.200562260447332e+12
856, 9.211348480030289e-02, 4.785551630430684e-02, 3.625295604441347e-02, 0.000000000000000e+00, 0.000000000000000e+00, -1.018433073324576e+05, 1.000000000000000e-10, 2.195523587339912e+12
857, 9.185644389672069e-02, 4.779179895328586e-02, 3.635377610730224e-02, 0.000000000000000e+00, 0.000000000000000e+00, -1.021346439682909e+05, 1.000000000000000e-10, 2.190491935185118e+12
858, 9.159946220038495e-02, 4.772792898055411e-02, 3.645526638858363e-02, 0.000000000000000e+00, 0.000000000000000e+00, -1.024277422345684e+05, 1.000000000000000e-10, 2.185464467047776e+12
859, 9.134249808793532e-02, 4.766389753113767e-02, 3.655744750152966e-02, 0.000000000000000e+00, 0.000000000000000e+00, -1.027226580426999e+05, 1.000000000000000e-10, 2.180444226983496e+12
860, 9.108557363579411e-02, 4.759971013476189e-02, 3.666030825107534e-02, 0.000000000000000e+00, 0.000000000000000e+00, -1.030193657161401e+05, 1.000000000000000e-10, 2.175435827101867e+12
861, 9.082868929359877e-02, 4.753536589186340e-02, 3.676385298007202e-02, 0.000000000000000e+00, 0.000000000000000e+00, -1.033178728595651e+05, 1.000000000000000e-10, 2.170438871342011e+12
862, 9.057184945311655e-02, 4.747086505086386e-02, 3.686809072479118e-02, 0.000000000000000e+00, 0.000000000000000e+00, -1.036181896486748e+05, 1.000000000000000e-10, 2.165450900333529e+12
863, 9.031504480887700e-02, 4.740620514698889e-02, 3.697303915252757e-02, 0.000000000000000e+00, 0.000000000000000e+00, -1.039203548395235e+05, 1.000000000000000e-10, 2.160468331711749e+12
864, 9.005827976512761e-02, 4.734138800257376e-02, 3.707870507130615e-02, 0.000000000000000e+00, 0.000000000000000e+00, -1.042243856026602e+05, 1.000000000000000e-10, 2.155490228131990e+12
865, 8.980155407107286e-02, 4.727641451915236e-02, 3.718507642143762e-02, 0.000000000000000e+00, 0.000000000000000e+00, -1.045302479084258e+05, 1.000000000000000e-10, 2.150533593513903e+12
866, 8.954486411674525e-02, 4.721127974462064e-02, 3.729214578110986e-02, 0.000000000000000e+00, 0.000000000000000e+00, -1.048379181013220e+05, 1.000000000000000e-10, 2.145601571265024e+12
867, 8.928822449960878e-02, 4.714598269911853e-02, 3.739994433519368e-02, 0.000000000000000e+00, 0.000000000000000e+00, -1.051474673907021e+05, 1.000000000000000e-10, 2.140672163738875e+12
868, 8.903162283690808e-02, 4.708052211766548e-02, 3.750855411032322e-02, 0.000000000000000e+00, 0.000000000000000e+00, -1.054591156652305e+05, 1.000000000000000e-10, 2.135729413637893e+12
869, 8.877506547217882e-02, 4.701490501756025e-02, 3.761794318948231e-02, 0.000000000000000e+00, 0.000000000000000e+00, -1.057727602553803e+05, 1.000000000000000e-10, 2.130790569259034e+12
870, 8.851854481631106e-02, 4.694913001245159e-02, 3.772807339981809e-02, 0.000000000000000e+00, 0.000000000000000e+00, -1.060882880748028e+05, 1.000000000000000e-10, 2.125870736349417e+12
871, 8.826206580205843e-02, 4.688319492511009e-02, 3.783894496772487e-02, 0.000000000000000e+00, 0.000000000000000e+00, -1.064057054102130e+05, 1.000000000000000e-10, 2.120965723550568e+12
872, 8.800562697201515e-02, 4.681709744883956e-02, 3.795058327020362e-02, 0.000000000000000e+00, 0.000000000000000e+00, -1.067250834120305e+05, 1.000000000000000e-10, 2.116067814835857e+12
873, 8.774923078698764e-02, 4.675083839594722e-02, 3.806299621666447e-02, 0.000000000000000e+00, 0.000000000000000e+00, -1.070464219753467e+05, 1.000000000000000e-10, 2.111182422232976e+12
874, 8.749287761295724e-02, 4.668441632344632e-02, 3.817618717664483e-02, 0.000000000000000e+00, 0.000000000000000e+00, -1.073697159400023e+05, 1.000000000000000e-10, 2.106308713996947e+12
875, 8.723656226728176e-02, 4.661782869375421e-02, 3.829018907601155e-02, 0.000000000000000e+00, 0.000000000000000e+00, -1.076950593805847e+05, 1.000000000000000e-10, 2.101430357052248e+12
876, 8.698029461796684e-02, 4.655108152670806e-02, 3.840501648564711e-02, 0.000000000000000e+00, 0.000000000000000e+00, -1.080224757145007e+05, 1.000000000000000e-10, 2.096547197008248e+12
877, 8.672406801591795e-02, 4.648417639056682e-02, 3.852062795428849e-02, 0.000000000000000e+00, 0.000000000000000e+00, -1.083524933668168e+05, 1.000000000000000e-10, 2.091682770374396e+12
878, 8.646787938103304e-02, 4.641710885323846e-02, 3.863695407141746e-02, 0.000000000000000e+00, 0.000000000000000e+00, -1.086853943973085e+05, 1.000000000000000e-10, 2.086848548891524e+12
879, 8.621173936428897e-02, 4.634987550353096e-02, 3.875400209898759e-02, 0.000000000000000e+00, 0.000000000000000e+00, -1.090209833860476e+05, 1.000000000000000e-10, 2.082025610446680e+12
880, 8.595564134462079e-02, 4.628247414138675e-02, 3.887181237660676e-02, 0.000000000000000e+00, 0.000000000000000e+00, -1.093592045341552e+05, 1.000000000000000e-10, 2.077196685169534e+12
881, 8.569958262473214e-02, 4.621490905132426e-02, 3.899038038734928e-02, 0.000000000000000e+00, 0.000000000000000e+00, -1.096999528819785e+05, 1.000000000000000e-10, 2.072369777019755e+12
882, 8.544357275933580e-02, 4.614718526827623e-02, 3.910965626662208e-02, 0.000000000000000e+00, 0.000000000000000e+00, -1.100430151448809e+05, 1.000000000000000e-10, 2.067565511620834e+12
883, 8.518760283811352e-02, 4.607929735462257e-02, 3.922961942860697e-02, 0.000000000000000e+00, 0.000000000000000e+00, -1.103882851707774e+05, 1.000000000000000e-10, 2.062784320922911e+12
884, 8.493167668354026e-02, 4.601124357469701e-02, 3.935027632218338e-02, 0.000000000000000e+00, 0.000000000000000e+00, -1.107357275558387e+05, 1.000000000000000e-10, 2.058017092924795e+12
885, 8.467579589238843e-02, 4.594302453889829e-02, 3.947162597832567e-02, 0.000000000000000e+00, 0.000000000000000e+00, -1.110852869068774e+05, 1.000000000000000e-10, 2.053268624096498e+12
886, 8.441995464831203e-02, 4.587463746580012e-02, 3.959365925082371e-02, 0.000000000000000e+00, 0.000000000000000e+00, -1.114368676646451e+05, 1.000000000000000e-10, 2.048539537783612e+12
887, 8.416416424964444e-02, 4.580608419168913e-02, 3.971639514529153e-02, 0.000000000000000e+00, 0.000000000000000e+00, -1.117904601355706e+05, 1.000000000000000e-10, 2.043809868833963e+12
888, 8.390841845037626e-02, 4.573736412528132e-02, 3.984001238385208e-02, 0.000000000000000e+00, 0.000000000000000e+00, -1.121467092483836e+05, 1.000000000000000e-10, 2.039065998295568e+12
889, 8.365271505371490e-02, 4.566847764548686e-02, 3.996454790758027e-02, 0.000000000000000e+00, 0.000000000000000e+00, -1.125057730209170e+05, 1.000000000000000e-10, 2.034328934945986e+12
890, 8.339705766988741e-02, 4.559942495700483e-02, 4.009001137186334e-02, 0.000000000000000e+00, 0.000000000000000e+00, -1.128676924134091e+05, 1.000000000000000e-10, 2.029594029003225e+12
891, 8.314144428826876e-02, 4.553020620870837e-02, 4.021641651288865e-02, 0.000000000000000e+00, 0.000000000000000e+00, -1.132325243221911e+05, 1.000000000000000e-10, 2.024861582901705e+12
892, 8.288587571150696e-02, 4.546082207946468e-02, 4.034375842939213e-02, 0.000000000000000e+00, 0.000000000000000e+00, -1.136002688311143e+05, 1.000000000000000e-10, 2.020142851731268e+12
893, 8.263035389989053e-02, 4.539127019245805e-02, 4.047203756389678e-02, 0.000000000000000e+00, 0.000000000000000e+00, -1.139709312721329e+05, 1.000000000000000e-10, 2.015438302197207e+12
894, 8.237487490652909e-02, 4.532154661747891e-02, 4.060128816597548e-02, 0.000000000000000e+00, 0.000000000000000e+00, -1.143446217143293e+05, 1.000000000000000e-10, 2.010734410919337e+12
895, 8.211937912818920e-02, 4.525163611197534e-02, 4.073157187775445e-02, 0.000000000000000e+00, 0.000000000000000e+00, -1.147215138074675e+05, 1.000000000000000e-10, 2.006024576325388e+12
896, 8.186403851094524e-02, 4.518158783123101e-02, 4.086280002884644e-02, 0.000000000000000e+00, 0.000000000000000e+00, -1.151013786646812e+05, 1.000000000000000e-10, 2.001323577491362e+12
897, 8.160865191849771e-02, 4.511134608803574e-02, 4.099507818059275e-02, 0.000000000000000e+00, 0.000000000000000e+00, -1.154845309082114e+05, 1.000000000000000e-10, 1.996624699874943e+12
898, 8.135343549489056e-02, 4.504096970373497e-02, 4.112830858276893e-02, 0.000000000000000e+00, 0.000000000000000e+00, -1.158707278754399e+05, 1.000000000000000e-10, 1.991932770048904e+12
899, 8.109818792608774e-02, 4.497040347179618e-02, 4.126260346855198e-02, 0.000000000000000e+00, 0.000000000000000e+00, -1.162602768739316e+05, 1.000000000000000e-10, 1.987246401318269e+12
900, 8.084298899965742e-02, 4.489966775955671e-02, 4.139792318008384e-02, 0.000000000000000e+00, 0.000000000000000e+00, -1.166530981676355e+05, 1.000000000000000e-10, 1.982572537369410e+12
901, 8.058784292484705e-02, 4.482876097642881e-02, 4.153430311788905e-02, 0.000000000000000e+00, 0.000000000000000e+00, -1.170493233141216e+05, 1.000000000000000e-10, 1.977901413806003e+12
902, 8.033274128962073e-02, 4.475768081363267e-02, 4.167180658870557e-02, 0.000000000000000e+00, 0.000000000000000e+00, -1.174491341439882e+05, 1.000000000000000e-10, 1.973227934404639e+12
903, 8.007768695574149e-02, 4.468642888195169e-02, 4.181039955151988e-02, 0.000000000000000e+00, 0.000000000000000e+00, -1.178524544036117e+05, 1.000000000000000e-10, 1.968557864612063e+12
904, 7.982268137193375e-02, 4.461500519484628e-02, 4.195009149571709e-02, 0.000000000000000e+00, 0.000000000000000e+00, -1.182593306758093e+05, 1.000000000000000e-10, 1.963890002817963e+12
905, 7.956772476697892e-02, 4.454340981848311e-02, 4.209089727843691e-02, 0.000000000000000e+00, 0.000000000000000e+00, -1.186698254610366e+05, 1.000000000000000e-10, 1.959223376036751e+12
906, 7.931280682067686e-02, 4.447164007696339e-02, 4.223283206015725e-02, 0.000000000000000e+00, 0.000000000000000e+00, -1.190840137926267e+05, 1.000000000000000e-10, 1.954560281887883e+12
907, 7.905795312090366e-02, 4.439970254367755e-02, 4.237588266216991e-02, 0.000000000000000e+00, 0.000000000000000e+00, -1.195017877610250e+05, 1.000000000000000e-10, 1.949901388025863e+12
908, 7.880314172328612e-02, 4.432759065365298e-02, 4.252002165967779e-02, 0.000000000000000e+00, 0.000000000000000e+00, -1.199225651997160e+05, 1.000000000000000e-10, 1.945248185673331e+12
909, 7.854837902815989e-02, 4.425530596630876e-02, 4.266524627154477e-02, 0.000000000000000e+00, 0.000000000000000e+00, -1.203462544555179e+05, 1.000000000000000e-10, 1.940604277433970e+12
910, 7.829366184755099e-02, 4.418284640320669e-02, 4.281156581024908e-02, 0.000000000000000e+00, 0.000000000000000e+00, -1.207728810315761e+05, 1.000000000000000e-10, 1.935969329838219e+12
911, 7.803900119255720e-02, 4.411021405036282e-02, 4.295899260144657e-02, 0.000000000000000e+00, 0.000000000000000e+00, -1.212024637370661e+05, 1.000000000000000e-10, 1.931339516827944e+12
912, 7.778438741129702e-02, 4.403740635959282e-02, 4.310758864682551e-02, 0.000000000000000e+00, 0.000000000000000e+00, -1.216351711372859e+05, 1.000000000000000e-10, 1.926712121561419e+12
913, 7.752981980829596e-02, 4.396442342049448e-02, 4.325738093107965e-02, 0.000000000000000e+00, 0.000000000000000e+00, -1.220710732487121e+05, 1.000000000000000e-10, 1.922089134158856e+12
914, 7.727530518708021e-02, 4.389126659928566e-02, 4.340831974190937e-02, 0.000000000000000e+00, 0.000000000000000e+00, -1.225100186586891e+05, 1.000000000000000e-10, 1.917471035778431e+12
915, 7.702084274014563e-02, 4.381793580190876e-02, 4.356041821223547e-02, 0.000000000000000e+00, 0.000000000000000e+00, -1.229520183726652e+05, 1.000000000000000e-10, 1.912857341852647e+12
916, 7.676643224236555e-02, 4.374443120689517e-02, 4.371367728093330e-02, 0.000000000000000e+00, 0.000000000000000e+00, -1.233970674667025e+05, 1.000000000000000e-10, 1.908255360736810e+12
917, 7.651206640050189e-02, 4.367074872233975e-02, 4.386810624359345e-02, 0.000000000000000e+00, 0.000000000000000e+00, -1.238451978988958e+05, 1.000000000000000e-10, 1.903664460115753e+12
918, 7.625775413115210e-02, 4.359688918342457e-02, 4.402372277151459e-02, 0.000000000000000e+00, 0.000000000000000e+00, -1.242964295588378e+05, 1.000000000000000e-10, 1.899079201635831e+12
919, 7.600349558697748e-02, 4.352285262095601e-02, 4.418054026937253e-02, 0.000000000000000e+00, 0.000000000000000e+00, -1.247507815276977e+05, 1.000000000000000e-10, 1.894503554295479e+12
920, 7.574929144533227e-02, 4.344863790926139e-02, 4.433869080163189e-02, 0.000000000000000e+00, 0.000000000000000e+00, -1.252086508476018e+05, 1.000000000000000e-10, 1.889932268406356e+12
921, 7.549513430213127e-02, 4.337424165860982e-02, 4.449810833651994e-02, 0.000000000000000e+00, 0.000000000000000e+00, -1.256698117292088e+05, 1.000000000000000e-10, 1.885350774496216e+12
922, 7.524102968635837e-02, 4.329966997832028e-02, 4.465880576606784e-02, 0.000000000000000e+00, 0.000000000000000e+00, -1.261342573897882e+05, 1.000000000000000e-10, 1.880761324637311e+12
923, 7.498697777035904e-02, 4.322492657094829e-02, 4.482073708281599e-02, 0.000000000000000e+00, 0.000000000000000e+00, -1.266018806934753e+05, 1.000000000000000e-10, 1.876195124065320e+12
924, 7.473297947975992e-02, 4.315000598812815e-02, 4.498387167643165e-02, 0.000000000000000e+00, 0.000000000000000e+00, -1.270725717513674e+05, 1.000000000000000e-10, 1.871659858229442e+12
925, 7.447903265986770e-02, 4.307490011624544e-02, 4.514827336047744e-02, 0.000000000000000e+00, 0.000000000000000e+00, -1.275465118813586e+05, 1.000000000000000e-10, 1.867125609248943e+12
926, 7.422513934698605e-02, 4.299961119801018e-02, 4.531416464554956e-02, 0.000000000000000e+00, 0.000000000000000e+00, -1.280245149002432e+05, 1.000000000000000e-10, 1.862569705103483e+12
927, 7.397130380824901e-02, 4.292414662174136e-02, 4.548133873437616e-02, 0.000000000000000e+00, 0.000000000000000e+00, -1.285072337710472e+05, 1.000000000000000e-10, 1.858016213888067e+12
928, 7.371751817148199e-02, 4.284850475494538e-02, 4.564969519186202e-02, 0.000000000000000e+00, 0.000000000000000e+00, -1.289943729863152e+05, 1.000000000000000e-10, 1.853481385578963e+12
929, 7.346378271007345e-02, 4.277268192005650e-02, 4.581920993847231e-02, 0.000000000000000e+00, 0.000000000000000e+00, -1.294855829875534e+05, 1.000000000000000e-10, 1.848961947627147e+12
930, 7.321010703835740e-02, 4.269667924696196e-02, 4.598988214306088e-02, 0.000000000000000e+00, 0.000000000000000e+00, -1.299806351863422e+05, 1.000000000000000e-10, 1.844454693282812e+12
931, 7.295648206664639e-02, 4.262049382965467e-02, 4.616184641614823e-02, 0.000000000000000e+00, 0.000000000000000e+00, -1.304798274432652e+05, 1.000000000000000e-10, 1.839960005598477e+12
932, 7.270291435384965e-02, 4.254412575600500e-02, 4.633498949687348e-02, 0.000000000000000e+00, 0.000000000000000e+00, -1.309827561656746e+05, 1.000000000000000e-10, 1.835478055390126e+12
933, 7.244939733388184e-02, 4.246757275146861e-02, 4.650927826256594e-02, 0.000000000000000e+00, 0.000000000000000e+00, -1.314893681758876e+05, 1.000000000000000e-10, 1.831002278467461e+12
934, 7.219592797169530e-02, 4.239083619869053e-02, 4.668469736454316e-02, 0.000000000000000e+00, 0.000000000000000e+00, -1.319990348933497e+05, 1.000000000000000e-10, 1.826540832710926e+12
935, 7.194252093213793e-02, 4.231392057990170e-02, 4.686124613337414e-02, 0.000000000000000e+00, 0.000000000000000e+00, -1.325122563589260e+05, 1.000000000000000e-10, 1.822096721932178e+12
936, 7.168917191413608e-02, 4.223682369110247e-02, 4.703904441392510e-02, 0.000000000000000e+00, 0.000000000000000e+00, -1.330290752158012e+05, 1.000000000000000e-10, 1.817662805666898e+12
937, 7.143588088417387e-02, 4.215954565600431e-02, 4.721803864033610e-02, 0.000000000000000e+00, 0.000000000000000e+00, -1.335493261967260e+05, 1.000000000000000e-10, 1.813219604927227e+12
938, 7.118265570932532e-02, 4.208208755849687e-02, 4.739845192082786e-02, 0.000000000000000e+00, 0.000000000000000e+00, -1.340738664466887e+05, 1.000000000000000e-10, 1.808786065719948e+12
939, 7.092947810397512e-02, 4.200444043326798e-02, 4.758034200506148e-02, 0.000000000000000e+00, 0.000000000000000e+00, -1.346028877732647e+05, 1.000000000000000e-10, 1.804357002216261e+12
940, 7.067635640740182e-02, 4.192660646908251e-02, 4.776396452223935e-02, 0.000000000000000e+00, 0.000000000000000e+00, -1.351371506687698e+05, 1.000000000000000e-10, 1.799912961390400e+12
941, 7.042329059452143e-02, 4.184858874787906e-02, 4.794911473660630e-02, 0.000000000000000e+00, 0.000000000000000e+00, -1.356760455709939e+05, 1.000000000000000e-10, 1.795469240930822e+12
942, 7.017028022983074e-02, 4.177038783038972e-02, 4.813578267832911e-02, 0.000000000000000e+00, 0.000000000000000e+00, -1.362195794286584e+05, 1.000000000000000e-10, 1.791035064353849e+12
943, 6.991732845593841e-02, 4.169200265859911e-02, 4.832404145797402e-02, 0.000000000000000e+00, 0.000000000000000e+00, -1.367679969102670e+05, 1.000000000000000e-10, 1.786605536232971e+12
944, 6.966443009900143e-02, 4.161343055839353e-02, 4.851405383194506e-02, 0.000000000000000e+00, 0.000000000000000e+00, -1.373217479447643e+05, 1.000000000000000e-10, 1.782173801106703e+12
945, 6.941159215764092e-02, 4.153467316606802e-02, 4.870563989037763e-02, 0.000000000000000e+00, 0.000000000000000e+00, -1.378803375031183e+05, 1.000000000000000e-10, 1.777750908218554e+12
946, 6.915881557984399e-02, 4.145572898885031e-02, 4.889882116102039e-02, 0.000000000000000e+00, 0.000000000000000e+00, -1.384438423246101e+05, 1.000000000000000e-10, 1.773332045970035e+12
947, 6.890609610497400e-02, 4.137659644147908e-02, 4.909382562001124e-02, 0.000000000000000e+00, 0.000000000000000e+00, -1.390129286974644e+05, 1.000000000000000e-10, 1.768912211103078e+12
948, 6.865343299158917e-02, 4.129727422577338e-02, 4.929054839216215e-02, 0.000000000000000e+00, 0.000000000000000e+00, -1.395873118305196e+05, 1.000000000000000e-10, 1.764498441578697e+12
949, 6.840083287922796e-02, 4.121776251478984e-02, 4.948895286912554e-02, 0.000000000000000e+00, 0.000000000000000e+00, -1.401669012206398e+05, 1.000000000000000e-10, 1.760077031701371e+12
950, 6.814827677129215e-02, 4.113805853815344e-02, 4.968922152299079e-02, 0.000000000000000e+00, 0.000000000000000e+00, -1.407522404610040e+05, 1.000000000000000e-10, 1.755638750474329e+12
951, 6.789579468661398e-02, 4.105817596911474e-02, 4.989136148368694e-02, 0.000000000000000e+00, 0.000000000000000e+00, -1.413433735493441e+05, 1.000000000000000e-10, 1.751208212315210e+12
952, 6.764338254459754e-02, 4.097810987483822e-02, 5.009516645211484e-02, 0.000000000000000e+00, 0.000000000000000e+00, -1.419397458573219e+05, 1.000000000000000e-10, 1.746804468212601e+12
953, 6.739102208924533e-02, 4.089784719272282e-02, 5.030080052811801e-02, 0.000000000000000e+00, 0.000000000000000e+00, -1.425418340422911e+05, 1.000000000000000e-10, 1.742401044272888e+12
954, 6.713871979430322e-02, 4.081738982091841e-02, 5.050849627136195e-02, 0.000000000000000e+00, 0.000000000000000e+00, -1.431503525962902e+05, 1.000000000000000e-10, 1.737970622085129e+12
955, 6.688647656954194e-02, 4.073674447233484e-02, 5.071804077714174e-02, 0.000000000000000e+00, 0.000000000000000e+00, -1.437646679184160e+05, 1.000000000000000e-10, 1.733534135032691e+12
956, 6.663429621200541e-02, 4.065591436708134e-02, 5.092950200414338e-02, 0.000000000000000e+00, 0.000000000000000e+00, -1.443850519712855e+05, 1.000000000000000e-10, 1.729110990559188e+12
957, 6.638217685482310e-02, 4.057489401549955e-02, 5.114300187070615e-02, 0.000000000000000e+00, 0.000000000000000e+00, -1.450118785562387e+05, 1.000000000000000e-10, 1.724692726122243e+12
958, 6.613011528313448e-02, 4.049367928828578e-02, 5.135830034012943e-02, 0.000000000000000e+00, 0.000000000000000e+00, -1.456438556634578e+05, 1.000000000000000e-10, 1.720277843746866e+12
959, 6.587811917654512e-02, 4.041227306058352e-02, 5.157556593808317e-02, 0.000000000000000e+00, 0.000000000000000e+00, -1.462810908618961e+05, 1.000000000000000e-10, 1.715867413419888e+12
960, 6.562618867901777e-02, 4.033067394994543e-02, 5.179479855459183e-02, 0.000000000000000e+00, 0.000000000000000e+00, -1.469235562634423e+05, 1.000000000000000e-10, 1.711459119709259e+12
961, 6.537431409939942e-02, 4.024887840133492e-02, 5.201587464019265e-02, 0.000000000000000e+00, 0.000000000000000e+00, -1.475708460429716e+05, 1.000000000000000e-10, 1.707048828270114e+12
962, 6.512249390748995e-02, 4.016688832905968e-02, 5.223913279896650e-02, 0.000000000000000e+00, 0.000000000000000e+00, -1.482239292049795e+05, 1.000000000000000e-10, 1.702633833737019e+12
963, 6.487074568624564e-02, 4.008470937914959e-02, 5.246429760594685e-02, 0.000000000000000e+00, 0.000000000000000e+00, -1.488819715054528e+05, 1.000000000000000e-10, 1.698226408783878e+12
964, 6.461906409631754e-02, 4.000233889226968e-02, 5.269144044005013e-02, 0.000000000000000e+00, 0.000000000000000e+00, -1.495451537224957e+05, 1.000000000000000e-10, 1.693821493315854e+12
965, 6.436744906002964e-02, 3.991977705125513e-02, 5.292076763598184e-02, 0.000000000000000e+00, 0.000000000000000e+00, -1.502140478591713e+05, 1.000000000000000e-10, 1.689419611495610e+12
966, 6.411590302429121e-02, 3.983702281114276e-02, 5.315198030751346e-02, 0.000000000000000e+00, 0.000000000000000e+00, -1.508877548262022e+05, 1.000000000000000e-10, 1.685036104954083e+12
967, 6.386441216503194e-02, 3.975406807438380e-02, 5.338546953815247e-02, 0.000000000000000e+00, 0.000000000000000e+00, -1.515675459356600e+05, 1.000000000000000e-10, 1.680647507362561e+12
968, 6.361298669754517e-02, 3.967091661605651e-02, 5.362093334519922e-02, 0.000000000000000e+00, 0.000000000000000e+00, -1.522543047474739e+05, 1.000000000000000e-10, 1.676253327959524e+12
969, 6.336162336713091e-02, 3.958757083503454e-02, 5.385838280218846e-02, 0.000000000000000e+00, 0.000000000000000e+00, -1.529481199945336e+05, 1.000000000000000e-10, 1.671860740768932e+12
970, 6.311032429632486e-02, 3.950403168080212e-02, 5.409782228672097e-02, 0.000000000000000e+00, 0.000000000000000e+00, -1.536485949944660e+05, 1.000000000000000e-10, 1.667486638056540e+12
971, 6.285909064987699e-02, 3.942029522647599e-02, 5.433900787368757e-02, 0.000000000000000e+00, 0.000000000000000e+00, -1.543548136108879e+05, 1.000000000000000e-10, 1.663134798141688e+12
972, 6.260792762772141e-02, 3.933636052030744e-02, 5.458232044285351e-02, 0.000000000000000e+00, 0.000000000000000e+00, -1.550677052666431e+05, 1.000000000000000e-10, 1.658780033175275e+12
973, 6.235682733270810e-02, 3.925222707444374e-02, 5.482734788752786e-02, 0.000000000000000e+00, 0.000000000000000e+00, -1.557859213923682e+05, 1.000000000000000e-10, 1.654435770030621e+12
974, 6.210579210550531e-02, 3.916789753841006e-02, 5.507446837857492e-02, 0.000000000000000e+00, 0.000000000000000e+00, -1.565104648870239e+05, 1.000000000000000e-10, 1.650101352461043e+12
975, 6.185482712496311e-02, 3.908337223380533e-02, 5.532326320670620e-02, 0.000000000000000e+00, 0.000000000000000e+00, -1.572400356936192e+05, 1.000000000000000e-10, 1.645788896121990e+12
976, 6.160392544586583e-02, 3.899864767076966e-02, 5.557404018755910e-02, 0.000000000000000e+00, 0.000000000000000e+00, -1.579754307882021e+05, 1.000000000000000e-10, 1.641487563466804e+12
977, 6.135309062348676e-02, 3.891372469455776e-02, 5.582652760718053e-02, 0.000000000000000e+00, 0.000000000000000e+00, -1.587157265475366e+05, 1.000000000000000e-10, 1.637210665237790e+12
978, 6.110232761600295e-02, 3.882860302651113e-02, 5.608113550440758e-02, 0.000000000000000e+00, 0.000000000000000e+00, -1.594621937053628e+05, 1.000000000000000e-10, 1.632915129204368e+12
979, 6.085162444158317e-02, 3.874327726860767e-02, 5.633811790026156e-02, 0.000000000000000e+00, 0.000000000000000e+00, -1.602157716473009e+05, 1.000000000000000e-10, 1.628611009965301e+12
980, 6.060098800998552e-02, 3.865775129299050e-02, 5.659766140877317e-02, 0.000000000000000e+00, 0.000000000000000e+00, -1.609770009999738e+05, 1.000000000000000e-10, 1.624299027261768e+12
981, 6.035044008229633e-02, 3.857203382184397e-02, 5.685961533567799e-02, 0.000000000000000e+00, 0.000000000000000e+00, -1.617454671245362e+05, 1.000000000000000e-10, 1.619994689699589e+12
982, 6.009994488888166e-02, 3.848611049330058e-02, 5.712418449202737e-02, 0.000000000000000e+00, 0.000000000000000e+00, -1.625217939486867e+05, 1.000000000000000e-10, 1.615694923418715e+12
983, 5.984952126989527e-02, 3.839998495435357e-02, 5.739123559674413e-02, 0.000000000000000e+00, 0.000000000000000e+00, -1.633056210023279e+05, 1.000000000000000e-10, 1.611395464459380e+12
984, 5.959917173720797e-02, 3.831365829314559e-02, 5.766105237226245e-02, 0.000000000000000e+00, 0.000000000000000e+00, -1.640977761196819e+05, 1.000000000000000e-10, 1.607083942270237e+12
985, 5.934887822073790e-02, 3.822712627780127e-02, 5.793340910656297e-02, 0.000000000000000e+00, 0.000000000000000e+00, -1.648975970465262e+05, 1.000000000000000e-10, 1.602773542736838e+12
986, 5.909865757964727e-02, 3.814039458424391e-02, 5.820864372268413e-02, 0.000000000000000e+00, 0.000000000000000e+00, -1.657061029112155e+05, 1.000000000000000e-10, 1.598467044797668e+12
987, 5.884851233346630e-02, 3.805346036581604e-02, 5.848636595964213e-02, 0.000000000000000e+00, 0.000000000000000e+00, -1.665221764852055e+05, 1.000000000000000e-10, 1.594173184714194e+12
988, 5.859845385008532e-02, 3.796632482445910e-02, 5.876715773613816e-02, 0.000000000000000e+00, 0.000000000000000e+00, -1.673475082760721e+05, 1.000000000000000e-10, 1.589857312631889e+12
989, 5.834845410821418e-02, 3.787898215129585e-02, 5.905066777779977e-02, 0.000000000000000e+00, 0.000000000000000e+00, -1.681810273518745e+05, 1.000000000000000e-10, 1.585527766212331e+12
990, 5.809852369771686e-02, 3.779144042022665e-02, 5.933717982637619e-02, 0.000000000000000e+00, 0.000000000000000e+00, -1.690236225459391e+05, 1.000000000000000e-10, 1.581204871889225e+12
991, 5.784866136090839e-02, 3.770369461709747e-02, 5.962651646204165e-02, 0.000000000000000e+00, 0.000000000000000e+00, -1.698748210755959e+05, 1.000000000000000e-10, 1.576902981883581e+12
992, 5.759887720098369e-02, 3.761574092679998e-02, 5.991875828629329e-02, 0.000000000000000e+00, 0.000000000000000e+00, -1.707348736722596e+05, 1.000000000000000e-10, 1.572596130457828e+12
993, 5.734916289095836e-02, 3.752757746456556e-02, 6.021424734638555e-02, 0.000000000000000e+00, 0.000000000000000e+00, -1.716047622199591e+05, 1.000000000000000e-10, 1.568266168244929e+12
994, 5.709952130173595e-02, 3.743920966149855e-02, 6.051267404225852e-02, 0.000000000000000e+00, 0.000000000000000e+00, -1.724835993111874e+05, 1.000000000000000e-10, 1.563935936196688e+12
995, 5.684995693701458e-02, 3.735063880989471e-02, 6.081441897368292e-02, 0.000000000000000e+00, 0.000000000000000e+00, -1.733725405027491e+05, 1.000000000000000e-10, 1.559601520629430e+12
996, 5.660045826121647e-02, 3.726185897009265e-02, 6.111928315058255e-02, 0.000000000000000e+00, 0.000000000000000e+00, -1.742710731883454e+05, 1.000000000000000e-10, 1.555266443066315e+12
997, 5.635103791880572e-02, 3.717287362182820e-02, 6.142731351523514e-02, 0.000000000000000e+00, 0.000000000000000e+00, -1.751793230185405e+05, 1.000000000000000e-10, 1.550927041254268e+12
998, 5.610169238849586e-02, 3.708368172049059e-02, 6.173887551799221e-02, 0.000000000000000e+00, 0.000000000000000e+00, -1.760983891280219e+05, 1.000000000000000e-10, 1.546574497811417e+12
999, 5.585241659315023e-02, 3.699428192639564e-02, 6.205361224271959e-02, 0.000000000000000e+00, 0.000000000000000e+00, -1.770269285982778e+05, 1.000000000000000e-10, 1.542225223434410e+12
1000, 5.560322046354864e-02, 3.690467611650280e-02, 6.237158073542044e-02, 0.000000000000000e+00, 0.000000000000000e+00, -1.779640636107567e+05, 1.000000000000000e-10, 1.537882123615502e+12
1001, 5.535409600461362e-02, 3.681485889218021e-02, 6.269293867230108e-02, 0.000000000000000e+00, 0.000000000000000e+00, -1.789101346329377e+05, 1.000000000000000e-10, 1.533535579680802e+12
1002, 5.510504819938289e-02, 3.672483184469347e-02, 6.301742832552597e-02, 0.000000000000000e+00, 0.000000000000000e+00, -1.798656312785699e+05, 1.000000000000000e-10, 1.529196239936617e+12
1003, 5.485608122341050e-02, 3.663459491805527e-02, 6.334505491755066e-02, 0.000000000000000e+00, 0.000000000000000e+00, -1.808323270931674e+05, 1.000000000000000e-10, 1.524860915604062e+12
1004, 5.460718385561875e-02, 3.654414299305560e-02, 6.367588559366230e-02, 0.000000000000000e+00, 0.000000000000000e+00, -1.818097224188891e+05, 1.000000000000000e-10, 1.520515713162243e+12
1005, 5.435836810018436e-02, 3.645348386850460e-02, 6.400966529730297e-02, 0.000000000000000e+00, 0.000000000000000e+00, -1.827967244694103e+05, 1.000000000000000e-10, 1.516176713301820e+12
1006, 5.410962810762971e-02, 3.636261631906048e-02, 6.434642078143621e-02, 0.000000000000000e+00, 0.000000000000000e+00, -1.837931692552171e+05, 1.000000000000000e-10, 1.511854605715783e+12
1007, 5.386096401387411e-02, 3.627153778090577e-02, 6.468633427452154e-02, 0.000000000000000e+00, 0.000000000000000e+00, -1.847993470743861e+05, 1.000000000000000e-10, 1.507541512716511e+12
1008, 5.361237784506466e-02, 3.618024798352681e-02, 6.502910596014438e-02, 0.000000000000000e+00, 0.000000000000000e+00, -1.858142485591290e+05, 1.000000000000000e-10, 1.503246108404226e+12
1009, 5.336386508999214e-02, 3.608874393544908e-02, 6.537472159835826e-02, 0.000000000000000e+00, 0.000000000000000e+00, -1.868377355290000e+05, 1.000000000000000e-10, 1.498975061778010e+12
1010, 5.311543716235371e-02, 3.599702664147280e-02, 6.572340649472606e-02, 0.000000000000000e+00, 0.000000000000000e+00, -1.878703307468150e+05, 1.000000000000000e-10, 1.494712499341582e+12
1011, 5.286708715602859e-02, 3.590509433213927e-02, 6.607506767725338e-02, 0.000000000000000e+00, 0.000000000000000e+00, -1.889116474899023e+05, 1.000000000000000e-10, 1.490451720371457e+12
1012, 5.261881405312051e-02, 3.581295052814272e-02, 6.642963181978548e-02, 0.000000000000000e+00, 0.000000000000000e+00, -1.899612970571445e+05, 1.000000000000000e-10, 1.486194195432198e+12
1013, 5.237062448853198e-02, 3.572059691303840e-02, 6.678773142959238e-02, 0.000000000000000e+00, 0.000000000000000e+00, -1.910214626794732e+05, 1.000000000000000e-10, 1.481932066677873e+12
1014, 5.212250792124522e-02, 3.562802442705720e-02, 6.714983509754546e-02, 0.000000000000000e+00, 0.000000000000000e+00, -1.920936377154543e+05, 1.000000000000000e-10, 1.477668546052153e+12
1015, 5.187447835482876e-02, 3.553523655599283e-02, 6.751593190013785e-02, 0.000000000000000e+00, 0.000000000000000e+00, -1.931777587051897e+05, 1.000000000000000e-10, 1.473391367868963e+12
1016, 5.162652248536220e-02, 3.544223124103797e-02, 6.788603371010420e-02, 0.000000000000000e+00, 0.000000000000000e+00, -1.942739249028482e+05, 1.000000000000000e-10, 1.469107639460233e+12
1017, 5.137864444266282e-02, 3.534901073746284e-02, 6.826017675063727e-02, 0.000000000000000e+00, 0.000000000000000e+00, -1.953822936126133e+05, 1.000000000000000e-10, 1.464823593531156e+12
1018, 5.113085318777888e-02, 3.525557716536323e-02, 6.863842455348611e-02, 0.000000000000000e+00, 0.000000000000000e+00, -1.965035493275511e+05, 1.000000000000000e-10, 1.460535517561769e+12
1019, 5.088314909147668e-02, 3.516193058695635e-02, 6.902110225181556e-02, 0.000000000000000e+00, 0.000000000000000e+00, -1.976381187369006e+05, 1.000000000000000e-10, 1.456242430025846e+12
1020, 5.063553424703222e-02, 3.506807028161788e-02, 6.940801684940430e-02, 0.000000000000000e+00, 0.000000000000000e+00, -1.987854083728889e+05, 1.000000000000000e-10, 1.451953968935355e+12
1021, 5.038798873855722e-02, 3.497398574577886e-02, 6.979930758633009e-02, 0.000000000000000e+00, 0.000000000000000e+00, -1.999458181935516e+05, 1.000000000000000e-10, 1.447659515818808e+12
1022, 5.014052955901513e-02, 3.487968349400181e-02, 7.019506659278828e-02, 0.000000000000000e+00, 0.000000000000000e+00, -2.011195851037113e+05, 1.000000000000000e-10, 1.443355562326942e+12
1023, 4.989315340441735e-02, 3.478516336451786e-02, 7.059537372622419e-02, 0.000000000000000e+00, 0.000000000000000e+00, -2.023069132487923e+05, 1.000000000000000e-10, 1.439046662951101e+12
1024, 4.964585893601359e-02, 3.469042426829887e-02, 7.100030234844169e-02, 0.000000000000000e+00, 0.000000000000000e+00, -2.035080431326859e+05, 1.000000000000000e-10, 1.434737762547881e+12
1025, 4.939865347625007e-02, 3.459546673100304e-02, 7.141008532151055e-02, 0.000000000000000e+00, 0.000000000000000e+00, -2.047236503000025e+05, 1.000000000000000e-10, 1.430422995832385e+12
1026, 4.915151854998702e-02, 3.450028232320602e-02, 7.182475479115877e-02, 0.000000000000000e+00, 0.000000000000000e+00, -2.059538111675041e+05, 1.000000000000000e-10, 1.426093875811667e+12
1027, 4.890447525592949e-02, 3.440488091967442e-02, 7.224434844428390e-02, 0.000000000000000e+00, 0.000000000000000e+00, -2.071986254630152e+05, 1.000000000000000e-10, 1.421755196476762e+12
1028, 4.865752304834656e-02, 3.430926271980321e-02, 7.266894692371641e-02, 0.000000000000000e+00, 0.000000000000000e+00, -2.084583416004046e+05, 1.000000000000000e-10, 1.417411206308896e+12
1029, 4.841066245201951e-02, 3.421342684557287e-02, 7.309865282294437e-02, 0.000000000000000e+00, 0.000000000000000e+00, -2.097332795080765e+05, 1.000000000000000e-10, 1.413057900907513e+12
1030, 4.816388276793332e-02, 3.411736924369078e-02, 7.353358322555323e-02, 0.000000000000000e+00, 0.000000000000000e+00, -2.110238047728654e+05, 1.000000000000000e-10, 1.408700800613342e+12
1031, 4.791718501095052e-02, 3.402108824768121e-02, 7.397381050762884e-02, 0.000000000000000e+00, 0.000000000000000e+00, -2.123305492904554e+05, 1.000000000000000e-10, 1.404345001073783e+12
1032, 4.767057818509042e-02, 3.392458364135015e-02, 7.441918215745909e-02, 0.000000000000000e+00, 0.000000000000000e+00, -2.136564319690707e+05, 1.000000000000000e-10, 1.399981331332674e+12
1033, 4.742405471012814e-02, 3.382785270726122e-02, 7.486961850373047e-02, 0.000000000000000e+00, 0.000000000000000e+00, -2.150011559854329e+05, 1.000000000000000e-10, 1.395611035224245e+12
1034, 4.717762586793155e-02, 3.373089983251864e-02, 7.532493914678161e-02, 0.000000000000000e+00, 0.000000000000000e+00, -2.163627518583362e+05, 1.000000000000000e-10, 1.391244503827920e+12
1035, 4.693127765538536e-02, 3.363371873963945e-02, 7.578501717458523e-02, 0.000000000000000e+00, 0.000000000000000e+00, -2.177394155868556e+05, 1.000000000000000e-10, 1.386869966634087e+12
1036, 4.668500861122703e-02, 3.353631337129830e-02, 7.624981374838359e-02, 0.000000000000000e+00, 0.000000000000000e+00, -2.191306250484149e+05, 1.000000000000000e-10, 1.382500410008927e+12
1037, 4.643884083025641e-02, 3.343869317006664e-02, 7.671915755021809e-02, 0.000000000000000e+00, 0.000000000000000e+00, -2.205358221217627e+05, 1.000000000000000e-10, 1.378162328907205e+12
1038, 4.619277446856748e-02, 3.334085140775635e-02, 7.719302763579641e-02, 0.000000000000000e+00, 0.000000000000000e+00, -2.219547481262269e+05, 1.000000000000000e-10, 1.373845773184482e+12
1039, 4.594678569484893e-02, 3.324277578497808e-02, 7.767152992664524e-02, 0.000000000000000e+00, 0.000000000000000e+00, -2.233875118683003e+05, 1.000000000000000e-10, 1.369535678602708e+12
1040, 4.570088530967027e-02, 3.314447257175041e-02, 7.815461995784784e-02, 0.000000000000000e+00, 0.000000000000000e+00, -2.248337578633914e+05, 1.000000000000000e-10, 1.365238729979549e+12
1041, 4.545507988743901e-02, 3.304594470678534e-02, 7.864222593624041e-02, 0.000000000000000e+00, 0.000000000000000e+00, -2.262931832735151e+05, 1.000000000000000e-10, 1.360960314447899e+12
1042, 4.520936342314934e-02, 3.294718900653726e-02, 7.913501227626699e-02, 0.000000000000000e+00, 0.000000000000000e+00, -2.277678457473464e+05, 1.000000000000000e-10, 1.356650442610006e+12
1043, 4.496373752841525e-02, 3.284820612373663e-02, 7.963381524154729e-02, 0.000000000000000e+00, 0.000000000000000e+00, -2.292604141084096e+05, 1.000000000000000e-10, 1.352335514527625e+12
1044, 4.471820199610874e-02, 3.274899467729134e-02, 8.013873792553740e-02, 0.000000000000000e+00, 0.000000000000000e+00, -2.307712118013024e+05, 1.000000000000000e-10, 1.348021030324424e+12
1045, 4.447276503406828e-02, 3.264955543881751e-02, 8.064990313124225e-02, 0.000000000000000e+00, 0.000000000000000e+00, -2.323006110950342e+05, 1.000000000000000e-10, 1.343698532353957e+12
1046, 4.422741455766618e-02, 3.254988375922308e-02, 8.116751667240799e-02, 0.000000000000000e+00, 0.000000000000000e+00, -2.338492123821180e+05, 1.000000000000000e-10, 1.339355460252551e+12
1047, 4.398216350505330e-02, 3.244998876629075e-02, 8.169163975302103e-02, 0.000000000000000e+00, 0.000000000000000e+00, -2.354171572341237e+05, 1.000000000000000e-10, 1.335006296971056e+12
1048, 4.373700111245502e-02, 3.234986520965914e-02, 8.222233362686152e-02, 0.000000000000000e+00, 0.000000000000000e+00, -2.370047000109559e+05, 1.000000000000000e-10, 1.330668926550184e+12
1049, 4.349193377295280e-02, 3.224950895249567e-02, 8.275973739702802e-02, 0.000000000000000e+00, 0.000000000000000e+00, -2.386122461831047e+05, 1.000000000000000e-10, 1.326328853939273e+12
1050, 4.324696240556351e-02, 3.214891854972849e-02, 8.330412405188654e-02, 0.000000000000000e+00, 0.000000000000000e+00, -2.402405195956209e+05, 1.000000000000000e-10, 1.321962491676026e+12
1051, 4.300208457324786e-02, 3.204809838309274e-02, 8.385585382290235e-02, 0.000000000000000e+00, 0.000000000000000e+00, -2.418905331896184e+05, 1.000000000000000e-10, 1.317575152746928e+12
1052, 4.275730231295795e-02, 3.194705145628186e-02, 8.441473073951770e-02, 0.000000000000000e+00, 0.000000000000000e+00, -2.435616919703154e+05, 1.000000000000000e-10, 1.313198802237440e+12
1053, 4.251261468902855e-02, 3.184577026895213e-02, 8.498087048535699e-02, 0.000000000000000e+00, 0.000000000000000e+00, -2.452543416362894e+05, 1.000000000000000e-10, 1.308828366727078e+12
1054, 4.226802765429391e-02, 3.174425207121113e-02, 8.555455832400410e-02, 0.000000000000000e+00, 0.000000000000000e+00, -2.469692498893469e+05, 1.000000000000000e-10, 1.304431407363062e+12
1055, 4.202353658083646e-02, 3.164250010110044e-02, 8.613602305471670e-02, 0.000000000000000e+00, 0.000000000000000e+00, -2.487069584648841e+05, 1.000000000000000e-10, 1.300008601432321e+12
1056, 4.177914128651710e-02, 3.154051857598616e-02, 8.672547907801556e-02, 0.000000000000000e+00, 0.000000000000000e+00, -2.504681224575721e+05, 1.000000000000000e-10, 1.295581758410132e+12
1057, 4.153484187594730e-02, 3.143830387543609e-02, 8.732289745540814e-02, 0.000000000000000e+00, 0.000000000000000e+00, -2.522557955583381e+05, 1.000000000000000e-10, 1.291151134844559e+12
1058, 4.129064362476596e-02, 3.133585501401095e-02, 8.792776474240034e-02, 0.000000000000000e+00, 0.000000000000000e+00, -2.540707572753442e+05, 1.000000000000000e-10, 1.286712495954873e+12
1059, 4.104654275903979e-02, 3.123317053238633e-02, 8.854006456236461e-02, 0.000000000000000e+00, 0.000000000000000e+00, -2.559118354616227e+05, 1.000000000000000e-10, 1.282271414089874e+12
1060, 4.080253846632458e-02, 3.113025002963806e-02, 8.915990715405894e-02, 0.000000000000000e+00, 0.000000000000000e+00, -2.577790782638074e+05, 1.000000000000000e-10, 1.277831153987629e+12
1061, 4.055863730661635e-02, 3.102709534541902e-02, 8.978750043293109e-02, 0.000000000000000e+00, 0.000000000000000e+00, -2.596728342725419e+05, 1.000000000000000e-10, 1.273394742094279e+12
1062, 4.031483462878572e-02, 3.092370220801041e-02, 9.042252738222369e-02, 0.000000000000000e+00, 0.000000000000000e+00, -2.615920706711861e+05, 1.000000000000000e-10, 1.268963403733172e+12
1063, 4.007113503029436e-02, 3.082007196149172e-02, 9.106497408336731e-02, 0.000000000000000e+00, 0.000000000000000e+00, -2.635364539986224e+05, 1.000000000000000e-10, 1.264534524297665e+12
1064, 3.982753676324745e-02, 3.071620480915372e-02, 9.171482014413307e-02, 0.000000000000000e+00, 0.000000000000000e+00, -2.655036720839604e+05, 1.000000000000000e-10, 1.260114831143425e+12
1065, 3.958403855538052e-02, 3.061209965576730e-02, 9.237161752406112e-02, 0.000000000000000e+00, 0.000000000000000e+00, -2.674916865467463e+05, 1.000000000000000e-10, 1.255713868513665e+12
1066, 3.934063973652768e-02, 3.050775498274007e-02, 9.303517763733164e-02, 0.000000000000000e+00, 0.000000000000000e+00, -2.694998035039472e+05, 1.000000000000000e-10, 1.251334225444435e+12
1067, 3.909734872550547e-02, 3.040317357944048e-02, 9.370623151718875e-02, 0.000000000000000e+00, 0.000000000000000e+00, -2.715301092661356e+05, 1.000000000000000e-10, 1.246944389663337e+12
1068, 3.885415507269326e-02, 3.029835067346824e-02, 9.438621005112560e-02, 0.000000000000000e+00, 0.000000000000000e+00, -2.735869987327416e+05, 1.000000000000000e-10, 1.242528147526752e+12
1069, 3.861106971704468e-02, 3.019329101729427e-02, 9.507534761852378e-02, 0.000000000000000e+00, 0.000000000000000e+00, -2.756712611526977e+05, 1.000000000000000e-10, 1.238112420154800e+12
1070, 3.836807496303157e-02, 3.008798415312905e-02, 9.577448896368082e-02, 0.000000000000000e+00, 0.000000000000000e+00, -2.777854871866910e+05, 1.000000000000000e-10, 1.233691576627156e+12
1071, 3.812520889688065e-02, 2.998244276077789e-02, 9.648316219209137e-02, 0.000000000000000e+00, 0.000000000000000e+00, -2.799281446813682e+05, 1.000000000000000e-10, 1.229250044088710e+12
1072, 3.788243463377242e-02, 2.987665540104911e-02, 9.720223538222886e-02, 0.000000000000000e+00, 0.000000000000000e+00, -2.821017597577149e+05, 1.000000000000000e-10, 1.224772683167204e+12
1073, 3.763976802034995e-02, 2.977063558819786e-02, 9.793152980274823e-02, 0.000000000000000e+00, 0.000000000000000e+00, -2.843058307259181e+05, 1.000000000000000e-10, 1.220303613443369e+12
1074, 3.739719958490340e-02, 2.966437199254976e-02, 9.867113193301733e-02, 0.000000000000000e+00, 0.000000000000000e+00, -2.865407178238545e+05, 1.000000000000000e-10, 1.215853829719000e+12
1075, 3.715474750458934e-02, 2.955786211137937e-02, 9.942168305394017e-02, 0.000000000000000e+00, 0.000000000000000e+00, -2.888083685245229e+05, 1.000000000000000e-10, 1.211377291611221e+12
1076, 3.691240041808604e-02, 2.945110487160874e-02, 1.001832677037355e-01, 0.000000000000000e+00, 0.000000000000000e+00, -2.911098149712329e+05, 1.000000000000000e-10, 1.206866172413209e+12
1077, 3.667015890066538e-02, 2.934410745111877e-02, 1.009565177793392e-01, 0.000000000000000e+00, 0.000000000000000e+00, -2.934456177087207e+05, 1.000000000000000e-10, 1.202343106090674e+12
1078, 3.642802446810794e-02, 2.923686784809348e-02, 1.017411096440521e-01, 0.000000000000000e+00, 0.000000000000000e+00, -2.958146553512824e+05, 1.000000000000000e-10, 1.197820749334869e+12
1079, 3.618599927159571e-02, 2.912938221439402e-02, 1.025376326022209e-01, 0.000000000000000e+00, 0.000000000000000e+00, -2.982216146660814e+05, 1.000000000000000e-10, 1.193280964679454e+12
1080, 3.594408360006664e-02, 2.902165055151716e-02, 1.033452674261031e-01, 0.000000000000000e+00, 0.000000000000000e+00, -3.006681061525051e+05, 1.000000000000000e-10, 1.188720692226366e+12
1081, 3.570227435353051e-02, 2.891367493025145e-02, 1.041641091967848e-01, 0.000000000000000e+00, 0.000000000000000e+00, -3.031528034887429e+05, 1.000000000000000e-10, 1.184155894112587e+12
1082, 3.546057633800846e-02, 2.880545687667262e-02, 1.049941013701336e-01, 0.000000000000000e+00, 0.000000000000000e+00, -3.056753741280389e+05, 1.000000000000000e-10, 1.179606180979078e+12
1083, 3.521899098048603e-02, 2.869699080834649e-02, 1.058350045842592e-01, 0.000000000000000e+00, 0.000000000000000e+00, -3.082348056915432e+05, 1.000000000000000e-10, 1.175062884620375e+12
1084, 3.497751645282664e-02, 2.858827452714727e-02, 1.066876312437044e-01, 0.000000000000000e+00, 0.000000000000000e+00, -3.108333256049808e+05, 1.000000000000000e-10, 1.170509443289616e+12
1085, 3.473615044696598e-02, 2.847930911144097e-02, 1.075513643452031e-01, 0.000000000000000e+00, 0.000000000000000e+00, -3.134690422416377e+05, 1.000000000000000e-10, 1.165962175870079e+12
1086, 3.449490306358559e-02, 2.837009854952431e-02, 1.084265546716011e-01, 0.000000000000000e+00, 0.000000000000000e+00, -3.161430678104741e+05, 1.000000000000000e-10, 1.161416091168953e+12
1087, 3.425376395307799e-02, 2.826063877617456e-02, 1.093133557605775e-01, 0.000000000000000e+00, 0.000000000000000e+00, -3.188559119964484e+05, 1.000000000000000e-10, 1.156871345458324e+12
1088, 3.401273714793880e-02, 2.815093228855517e-02, 1.102113240027851e-01, 0.000000000000000e+00, 0.000000000000000e+00, -3.216062112087618e+05, 1.000000000000000e-10, 1.152350187734941e+12
1089, 3.377182231002659e-02, 2.804097408276999e-02, 1.111203684718376e-01, 0.000000000000000e+00, 0.000000000000000e+00, -3.243910178327900e+05, 1.000000000000000e-10, 1.147837304145839e+12
1090, 3.353102816064969e-02, 2.793076431893126e-02, 1.120430450020487e-01, 0.000000000000000e+00, 0.000000000000000e+00, -3.272167213698198e+05, 1.000000000000000e-10, 1.143274554629291e+12
1091, 3.329034630074034e-02, 2.782030359359219e-02, 1.129800609151886e-01, 0.000000000000000e+00, 0.000000000000000e+00, -3.300853009343845e+05, 1.000000000000000e-10, 1.138687247005634e+12
1092, 3.304977816832987e-02, 2.770959608159323e-02, 1.139316447831490e-01, 0.000000000000000e+00, 0.000000000000000e+00, -3.329973748935306e+05, 1.000000000000000e-10, 1.134101871712242e+12
1093, 3.280932604567743e-02, 2.759863713754496e-02, 1.148984989966062e-01, 0.000000000000000e+00, 0.000000000000000e+00, -3.359549797075200e+05, 1.000000000000000e-10, 1.129513770345739e+12
1094, 3.256899213686687e-02, 2.748742246988106e-02, 1.158809448830822e-01, 0.000000000000000e+00, 0.000000000000000e+00, -3.389588917111302e+05, 1.000000000000000e-10, 1.124899838849032e+12
1095, 3.232877479700730e-02, 2.737595429012699e-02, 1.168793939447618e-01, 0.000000000000000e+00, 0.000000000000000e+00, -3.420102265927400e+05, 1.000000000000000e-10, 1.120259527643768e+12
1096, 3.208867405709353e-02, 2.726423542947492e-02, 1.178942070068106e-01, 0.000000000000000e+00, 0.000000000000000e+00, -3.451098801281097e+05, 1.000000000000000e-10, 1.115607536721331e+12
1097, 3.184869124283574e-02, 2.715226398262780e-02, 1.189258152942124e-01, 0.000000000000000e+00, 0.000000000000000e+00, -3.482589584105890e+05, 1.000000000000000e-10, 1.110942264016826e+12
1098, 3.160882729200932e-02, 2.704003822533804e-02, 1.199748492376854e-01, 0.000000000000000e+00, 0.000000000000000e+00, -3.514602284319889e+05, 1.000000000000000e-10, 1.106256054207511e+12
1099, 3.136908275569822e-02, 2.692755808592353e-02, 1.210407586346076e-01, 0.000000000000000e+00, 0.000000000000000e+00, -3.547196001283916e+05, 1.000000000000000e-10, 1.101553809323402e+12
1100, 3.112945820586312e-02, 2.681482326150610e-02, 1.221229445737851e-01, 0.000000000000000e+00, 0.000000000000000e+00, -3.580344613402068e+05, 1.000000000000000e-10, 1.096845401699829e+12
1101, 3.088995373047018e-02, 2.670183294111164e-02, 1.232215105369373e-01, 0.000000000000000e+00, 0.000000000000000e+00, -3.614042610120132e+05, 1.000000000000000e-10, 1.092134642795418e+12
1102, 3.065056952626945e-02, 2.658858645782117e-02, 1.243365817130478e-01, 0.000000000000000e+00, 0.000000000000000e+00, -3.648290272645026e+05, 1.000000000000000e-10, 1.087423887990225e+12
1103, 3.041130699123749e-02, 2.647508352436524e-02, 1.254682462608605e-01, 0.000000000000000e+00, 0.000000000000000e+00, -3.683087427965204e+05, 1.000000000000000e-10, 1.082718340550828e+12
1104, 3.017216736920453e-02, 2.636132267795518e-02, 1.266166776505019e-01, 0.000000000000000e+00, 0.000000000000000e+00, -3.718439068618910e+05, 1.000000000000000e-10, 1.078015089581176e+12
1105, 2.993315111290976e-02, 2.624730361598721e-02, 1.277820001041666e-01, 0.000000000000000e+00, 0.000000000000000e+00, -3.754348131035460e+05, 1.000000000000000e-10, 1.073313110230269e+12
1106, 2.969425821374138e-02, 2.613302678919861e-02, 1.289642778140543e-01, 0.000000000000000e+00, 0.000000000000000e+00, -3.790817096726451e+05, 1.000000000000000e-10, 1.068618107496142e+12
1107, 2.945548764088695e-02, 2.601849084618317e-02, 1.301635981426610e-01, 0.000000000000000e+00, 0.000000000000000e+00, -3.827850349485910e+05, 1.000000000000000e-10, 1.063932265636418e+12
1108, 2.921684271129057e-02, 2.590369640438888e-02, 1.313800704165871e-01, 0.000000000000000e+00, 0.000000000000000e+00, -3.865456092293491e+05, 1.000000000000000e-10, 1.059256737923147e+12
1109, 2.897832257052668e-02, 2.578864225226021e-02, 1.326162541367796e-01, 0.000000000000000e+00, 0.000000000000000e+00, -3.903716411432066e+05, 1.000000000000000e-10, 1.054523024787433e+12
1110, 2.873992622734592e-02, 2.567333032399092e-02, 1.338753477834575e-01, 0.000000000000000e+00, 0.000000000000000e+00, -3.942717956513434e+05, 1.000000000000000e-10, 1.049756374268524e+12
1111, 2.850165667049345e-02, 2.555776165231850e-02, 1.351567138668016e-01, 0.000000000000000e+00, 0.000000000000000e+00, -3.982396425488307e+05, 1.000000000000000e-10, 1.044991341693987e+12
1112, 2.826351362098945e-02, 2.544192790724905e-02, 1.364610909721568e-01, 0.000000000000000e+00, 0.000000000000000e+00, -4.022767221042069e+05, 1.000000000000000e-10, 1.040208690455906e+12
1113, 2.802550001649584e-02, 2.532582888600282e-02, 1.377894752544894e-01, 0.000000000000000e+00, 0.000000000000000e+00, -4.063856957094587e+05, 1.000000000000000e-10, 1.035390308123488e+12
1114, 2.778761477080006e-02, 2.520946784487598e-02, 1.391423368796442e-01, 0.000000000000000e+00, 0.000000000000000e+00, -4.105676998688290e+05, 1.000000000000000e-10, 1.030549380754621e+12
1115, 2.754985851148521e-02, 2.509284428983496e-02, 1.405203899104618e-01, 0.000000000000000e+00, 0.000000000000000e+00, -4.148256973150335e+05, 1.000000000000000e-10, 1.025673977640151e+12
1116, 2.731222976462680e-02, 2.497596067600144e-02, 1.419228954746640e-01, 0.000000000000000e+00, 0.000000000000000e+00, -4.191690763471844e+05, 1.000000000000000e-10, 1.020775240879999e+12
1117, 2.707472452414446e-02, 2.485881592003308e-02, 1.433492532631620e-01, 0.000000000000000e+00, 0.000000000000000e+00, -4.235933745768358e+05, 1.000000000000000e-10, 1.015886669188165e+12
1118, 2.683735618483939e-02, 2.474140845535394e-02, 1.447995736895715e-01, 0.000000000000000e+00, 0.000000000000000e+00, -4.280975595126776e+05, 1.000000000000000e-10, 1.010998726388946e+12
1119, 2.660011761471641e-02, 2.462373222368188e-02, 1.462739357352005e-01, 0.000000000000000e+00, 0.000000000000000e+00, -4.326814648746487e+05, 1.000000000000000e-10, 1.006103751427611e+12
1120, 2.636301519263091e-02, 2.450579182915310e-02, 1.477726417886496e-01, 0.000000000000000e+00, 0.000000000000000e+00, -4.373456730743158e+05, 1.000000000000000e-10, 1.001209104849180e+12
1121, 2.612603959917762e-02, 2.438758191831642e-02, 1.492965651199565e-01, 0.000000000000000e+00, 0.000000000000000e+00, -4.420928029519762e+05, 1.000000000000000e-10, 9.963099752478441e+11
1122, 2.588920014628904e-02, 2.426910735214059e-02, 1.508449540961069e-01, 0.000000000000000e+00, 0.000000000000000e+00, -4.469202524435606e+05, 1.000000000000000e-10, 9.914180524159688e+11
1123, 2.565249656710874e-02, 2.415036704485897e-02, 1.524185533979701e-01, 0.000000000000000e+00, 0.000000000000000e+00, -4.518302631692037e+05, 1.000000000000000e-10, 9.865249611757373e+11
1124, 2.541592094715908e-02, 2.403135863431842e-02, 1.540175253901948e-01, 0.000000000000000e+00, 0.000000000000000e+00, -4.568236150656471e+05, 1.000000000000000e-10, 9.816336933705034e+11
1125, 2.517948260132948e-02, 2.391208809820170e-02, 1.556415670907797e-01, 0.000000000000000e+00, 0.000000000000000e+00, -4.619000759439049e+05, 1.000000000000000e-10, 9.767699576969883e+11
1126, 2.494317896638783e-02, 2.379254776211091e-02, 1.572941468456749e-01, 0.000000000000000e+00, 0.000000000000000e+00, -4.670709910452473e+05, 1.000000000000000e-10, 9.718729015112737e+11
1127, 2.470701179932917e-02, 2.367273466723759e-02, 1.589809574393660e-01, 0.000000000000000e+00, 0.000000000000000e+00, -4.723528090624455e+05, 1.000000000000000e-10, 9.669176314029298e+11
1128, 2.447098478505907e-02, 2.355265457254854e-02, 1.607044224200665e-01, 0.000000000000000e+00, 0.000000000000000e+00, -4.777532756830647e+05, 1.000000000000000e-10, 9.619114855198770e+11
1129, 2.423509030135328e-02, 2.343230539286060e-02, 1.624644677985193e-01, 0.000000000000000e+00, 0.000000000000000e+00, -4.832695480137460e+05, 1.000000000000000e-10, 9.568800119781610e+11
1130, 2.399933510531537e-02, 2.331168527374975e-02, 1.642608409148317e-01, 0.000000000000000e+00, 0.000000000000000e+00, -4.888945985145261e+05, 1.000000000000000e-10, 9.518278756887290e+11
1131, 2.376372402390986e-02, 2.319079275650474e-02, 1.660935298144502e-01, 0.000000000000000e+00, 0.000000000000000e+00, -4.946392456990553e+05, 1.000000000000000e-10, 9.467340239391934e+11
1132, 2.352824661391259e-02, 2.306962726504878e-02, 1.679605164202044e-01, 0.000000000000000e+00, 0.000000000000000e+00, -5.004994631788858e+05, 1.000000000000000e-10, 9.416181603038958e+11
1133, 2.329290445263308e-02, 2.294819260909768e-02, 1.698625765059284e-01, 0.000000000000000e+00, 0.000000000000000e+00, -5.064763987766448e+05, 1.000000000000000e-10, 9.365093988344993e+11
1134, 2.305770232221182e-02, 2.282648452043683e-02, 1.717997577953252e-01, 0.000000000000000e+00, 0.000000000000000e+00, -5.125701686171703e+05, 1.000000000000000e-10, 9.314082312574869e+11
1135, 2.282265572800568e-02, 2.270450590535790e-02, 1.737725347328020e-01, 0.000000000000000e+00, 0.000000000000000e+00, -5.187816790826299e+05, 1.000000000000000e-10, 9.262872877389012e+11
1136, 2.258774921452487e-02, 2.258225491257622e-02, 1.757815825059475e-01, 0.000000000000000e+00, 0.000000000000000e+00, -5.251125689288598e+05, 1.000000000000000e-10, 9.211507708843134e+11
1137, 2.235298006914437e-02, 2.245973492250153e-02, 1.778274764287153e-01, 0.000000000000000e+00, 0.000000000000000e+00, -5.315645589007629e+05, 1.000000000000000e-10, 9.160400740161812e+11
1138, 2.211834467764935e-02, 2.233693356770456e-02, 1.799099562425691e-01, 0.000000000000000e+00, 0.000000000000000e+00, -5.381369890289519e+05, 1.000000000000000e-10, 9.109556342986804e+11
1139, 2.188387020037469e-02, 2.221385675575345e-02, 1.820297674764616e-01, 0.000000000000000e+00, 0.000000000000000e+00, -5.448324958900044e+05, 1.000000000000000e-10, 9.058493011062921e+11
1140, 2.164953699943330e-02, 2.209050470433113e-02, 1.841877273796338e-01, 0.000000000000000e+00, 0.000000000000000e+00, -5.516543831707475e+05, 1.000000000000000e-10, 9.007289107139241e+11
1141, 2.141533972042145e-02, 2.196688192830349e-02, 1.863858715956938e-01, 0.000000000000000e+00, 0.000000000000000e+00, -5.586102287473693e+05, 1.000000000000000e-10, 8.956131911507251e+11
1142, 2.118129213122596e-02, 2.184298309903908e-02, 1.886342684004954e-01, 0.000000000000000e+00, 0.000000000000000e+00, -5.657289191011487e+05, 1.000000000000000e-10, 8.904569902699779e+11
1143, 2.094739783548671e-02, 2.171880139304473e-02, 1.909370618906706e-01, 0.000000000000000e+00, 0.000000000000000e+00, -5.730231453727153e+05, 1.000000000000000e-10, 8.852223096813417e+11
1144, 2.071364487261695e-02, 2.159434012874180e-02, 1.932966524556952e-01, 0.000000000000000e+00, 0.000000000000000e+00, -5.805062949675292e+05, 1.000000000000000e-10, 8.799165628043573e+11
1145, 2.048004004653475e-02, 2.146960812580647e-02, 1.957101845022853e-01, 0.000000000000000e+00, 0.000000000000000e+00, -5.881868208115599e+05, 1.000000000000000e-10, 8.745860259499480e+11
1146, 2.024658654701533e-02, 2.134459954158638e-02, 1.981740340849464e-01, 0.000000000000000e+00, 0.000000000000000e+00, -5.960383276583360e+05, 1.000000000000000e-10, 8.692488652983544e+11
1147, 2.001327827560691e-02, 2.121930790571722e-02, 2.006885625577589e-01, 0.000000000000000e+00, 0.000000000000000e+00, -6.040582223877618e+05, 1.000000000000000e-10, 8.639049082178607e+11
1148, 1.978012304864658e-02, 2.109373624086867e-02, 2.032548361861639e-01, 0.000000000000000e+00, 0.000000000000000e+00, -6.122500264352318e+05, 1.000000000000000e-10, 8.585591040056661e+11
1149, 1.954712306944941e-02, 2.096788318473990e-02, 2.058740251068708e-01, 0.000000000000000e+00, 0.000000000000000e+00, -6.206169216006376e+05, 1.000000000000000e-10, 8.531979370339102e+11
1150, 1.931426823868823e-02, 2.084174648438866e-02, 2.085471446182955e-01, 0.000000000000000e+00, 0.000000000000000e+00, -6.291614036190162e+05, 1.000000000000000e-10, 8.478286481345848e+11
1151, 1.908156487879092e-02, 2.071533053785878e-02, 2.112742527636584e-01, 0.000000000000000e+00, 0.000000000000000e+00, -6.378838662076811e+05, 1.000000000000000e-10, 8.424634868579166e+11
1152, 1.884901492437797e-02, 2.058863470837884e-02, 2.140559157055648e-01, 0.000000000000000e+00, 0.000000000000000e+00, -6.467864525498925e+05, 1.000000000000000e-10, 8.371037974503303e+11
1153, 1.861663097128816e-02, 2.046166499020403e-02, 2.168939947328437e-01, 0.000000000000000e+00, 0.000000000000000e+00, -6.558760724964509e+05, 1.000000000000000e-10, 8.317477383841343e+11
1154, 1.838438434734491e-02, 2.033440493101105e-02, 2.197886004529616e-01, 0.000000000000000e+00, 0.000000000000000e+00, -6.651547303105969e+05, 1.000000000000000e-10, 8.263954172175282e+11
1155, 1.815229728911524e-02, 2.020686725774441e-02, 2.227509383234043e-01, 0.000000000000000e+00, 0.000000000000000e+00, -6.746548726565556e+05, 1.000000000000000e-10, 8.209861439359103e+11
1156, 1.792038089481254e-02, 2.007905012096615e-02, 2.257924126900163e-01, 0.000000000000000e+00, 0.000000000000000e+00, -6.844144898779262e+05, 1.000000000000000e-10, 8.155290714268916e+11
1157, 1.768861144183691e-02, 1.995093511457892e-02, 2.289111859942713e-01, 0.000000000000000e+00, 0.000000000000000e+00, -6.944479017408174e+05, 1.000000000000000e-10, 8.099946026985875e+11
1158, 1.745700016470177e-02, 1.982253865941294e-02, 2.321075559834595e-01, 0.000000000000000e+00, 0.000000000000000e+00, -7.047543695521045e+05, 1.000000000000000e-10, 8.044131191587024e+11
1159, 1.722554656983599e-02, 1.969386362767518e-02, 2.353839022946940e-01, 0.000000000000000e+00, 0.000000000000000e+00, -7.153429677913898e+05, 1.000000000000000e-10, 7.988134986682721e+11
1160, 1.699424912185100e-02, 1.956490090348438e-02, 2.387372473830210e-01, 0.000000000000000e+00, 0.000000000000000e+00, -7.261942242469112e+05, 1.000000000000000e-10, 7.932019605677467e+11
1161, 1.676311224688161e-02, 1.943565010085230e-02, 2.421680770691556e-01, 0.000000000000000e+00, 0.000000000000000e+00, -7.373032752308574e+05, 1.000000000000000e-10, 7.875710060073811e+11
1162, 1.653213737471223e-02, 1.930611502500621e-02, 2.456778217250954e-01, 0.000000000000000e+00, 0.000000000000000e+00, -7.486745255408374e+05, 1.000000000000000e-10, 7.819301980858339e+11
1163, 1.630132334574250e-02, 1.917629531345045e-02, 2.492672187934690e-01, 0.000000000000000e+00, 0.000000000000000e+00, -7.603103378991492e+05, 1.000000000000000e-10, 7.763006174416667e+11
1164, 1.607066849446977e-02, 1.904618373159556e-02, 2.529378481599315e-01, 0.000000000000000e+00, 0.000000000000000e+00, -7.722160084709388e+05, 1.000000000000000e-10, 7.706752558103835e+11
1165, 1.584018030758624e-02, 1.891578217284419e-02, 2.566917703383824e-01, 0.000000000000000e+00, 0.000000000000000e+00, -7.843998990948800e+05, 1.000000000000000e-10, 7.650337275872441e+11
1166, 1.560985674493236e-02, 1.878509606565899e-02, 2.605308644571988e-01, 0.000000000000000e+00, 0.000000000000000e+00, -7.968718549571161e+05, 1.000000000000000e-10, 7.593923765974495e+11
1167, 1.537969287343437e-02, 1.865412292641614e-02, 2.644677449461734e-01, 0.000000000000000e+00, 0.000000000000000e+00, -8.096901535493566e+05, 1.000000000000000e-10, 7.536981238579928e+11
1168, 1.514969651539519e-02, 1.852285664715018e-02, 2.685116503211384e-01, 0.000000000000000e+00, 0.000000000000000e+00, -8.228896315767814e+05, 1.000000000000000e-10, 7.479561375279408e+11
1169, 1.491986793166685e-02, 1.839129570088761e-02, 2.726653968204982e-01, 0.000000000000000e+00, 0.000000000000000e+00, -8.364744056014279e+05, 1.000000000000000e-10, 7.421523365170231e+11
1170, 1.469020464761387e-02, 1.825944733894137e-02, 2.769349616329251e-01, 0.000000000000000e+00, 0.000000000000000e+00, -8.504685981447669e+05, 1.000000000000000e-10, 7.363039292184564e+11
1171, 1.446070536019012e-02, 1.812730986187150e-02, 2.813258017006506e-01, 0.000000000000000e+00, 0.000000000000000e+00, -8.648921342798697e+05, 1.000000000000000e-10, 7.304222121518737e+11
1172, 1.423137857884297e-02, 1.799488123342588e-02, 2.858377950933408e-01, 0.000000000000000e+00, 0.000000000000000e+00, -8.797352572492384e+05, 1.000000000000000e-10, 7.245047258514653e+11
1173, 1.400221707871808e-02, 1.786215683611118e-02, 2.904674311077721e-01, 0.000000000000000e+00, 0.000000000000000e+00, -8.949704747488159e+05, 1.000000000000000e-10, 7.185585076607993e+11
1174, 1.377322838717015e-02, 1.772914561529691e-02, 2.952154862659236e-01, 0.000000000000000e+00, 0.000000000000000e+00, -9.105992559439270e+05, 1.000000000000000e-10, 7.126070194831656e+11
1175, 1.354440597907906e-02, 1.759584141230207e-02, 3.000856979700046e-01, 0.000000000000000e+00, 0.000000000000000e+00, -9.266338014820849e+05, 1.000000000000000e-10, 7.066698430561665e+11
1176, 1.331575884766655e-02, 1.746223993612392e-02, 3.050811617352567e-01, 0.000000000000000e+00, 0.000000000000000e+00, -9.430873133255605e+05, 1.000000000000000e-10, 7.007241289125533e+11
1177, 1.308728385394409e-02, 1.732834087534380e-02, 3.101986691804551e-01, 0.000000000000000e+00, 0.000000000000000e+00, -9.599908719079023e+05, 1.000000000000000e-10, 6.947588379152378e+11
1178, 1.285898123622741e-02, 1.719415165721169e-02, 3.154517787722224e-01, 0.000000000000000e+00, 0.000000000000000e+00, -9.773839650892683e+05, 1.000000000000000e-10, 6.887440880867782e+11
1179, 1.263085008925673e-02, 1.705966793822228e-02, 3.208640178063413e-01, 0.000000000000000e+00, 0.000000000000000e+00, -9.953417193899913e+05, 1.000000000000000e-10, 6.826951000067426e+11
1180, 1.240289658771387e-02, 1.692488611650971e-02, 3.264463068433247e-01, 0.000000000000000e+00, 0.000000000000000e+00, -1.013905634513980e+06, 1.000000000000000e-10, 6.765816602537874e+11
1181, 1.217511764062072e-02, 1.678980659891902e-02, 3.322076407178704e-01, 0.000000000000000e+00, 0.000000000000000e+00, -1.033104209283429e+06, 1.000000000000000e-10, 6.703949810791797e+11
1182, 1.194751410731654e-02, 1.665443459734158e-02, 3.381573903168212e-01, 0.000000000000000e+00, 0.000000000000000e+00, -1.052967877207139e+06, 1.000000000000000e-10, 6.641521127798298e+11
1183, 1.172008596433310e-02, 1.651876585400363e-02, 3.442894034927154e-01, 0.000000000000000e+00, 0.000000000000000e+00, -1.073456392936639e+06, 1.000000000000000e-10, 6.578831880676876e+11
1184, 1.149283499853456e-02, 1.638279639105151e-02, 3.506012215912840e-01, 0.000000000000000e+00, 0.000000000000000e+00, -1.094555212544462e+06, 1.000000000000000e-10, 6.515919590706735e+11
1185, 1.126576514338243e-02, 1.624653032774469e-02, 3.570986338362820e-01, 0.000000000000000e+00, 0.000000000000000e+00, -1.116288596862110e+06, 1.000000000000000e-10, 6.452796696166539e+11
1186, 1.103887461748031e-02, 1.610996879045537e-02, 3.637635606295085e-01, 0.000000000000000e+00, 0.000000000000000e+00, -1.138644802420230e+06, 1.000000000000000e-10, 6.389975269790786e+11
1187, 1.081216325373706e-02, 1.597310656228685e-02, 3.705958104269441e-01, 0.000000000000000e+00, 0.000000000000000e+00, -1.161639805854912e+06, 1.000000000000000e-10, 6.327314806523717e+11
1188, 1.058563348146681e-02, 1.583594082780192e-02, 3.776564220267596e-01, 0.000000000000000e+00, 0.000000000000000e+00, -1.185461227556346e+06, 1.000000000000000e-10, 6.263808867917926e+11
1189, 1.035928770120755e-02, 1.569847443636134e-02, 3.849686219471496e-01, 0.000000000000000e+00, 0.000000000000000e+00, -1.210182310132873e+06, 1.000000000000000e-10, 6.199576123593341e+11
1190, 1.013312671162611e-02, 1.556070648935183e-02, 3.925469802172909e-01, 0.000000000000000e+00, 0.000000000000000e+00, -1.235848299659969e+06, 1.000000000000000e-10, 6.134462830148607e+11
1191, 9.907149180638135e-03, 1.542264054123114e-02, 4.004126777802663e-01, 0.000000000000000e+00, 0.000000000000000e+00, -1.262527973914449e+06, 1.000000000000000e-10, 6.068399505704995e+11
1192, 9.681349402615457e-03, 1.528427530435780e-02, 4.085692714610183e-01, 0.000000000000000e+00, 0.000000000000000e+00, -1.290213317569090e+06, 1.000000000000000e-10, 6.001769619231790e+11
1193, 9.455736244177861e-03, 1.514560831259651e-02, 4.170004988687515e-01, 0.000000000000000e+00, 0.000000000000000e+00, -1.318850364800420e+06, 1.000000000000000e-10, 5.934888948404358e+11
1194, 9.230311010121457e-03, 1.500663814072898e-02, 4.256676082005437e-01, 0.000000000000000e+00, 0.000000000000000e+00, -1.348357525910187e+06, 1.000000000000000e-10, 5.868365229413525e+11
1195, 9.005075429574943e-03, 1.486736328330619e-02, 4.345828548330215e-01, 0.000000000000000e+00, 0.000000000000000e+00, -1.378830675588039e+06, 1.000000000000000e-10, 5.802174486406610e+11
1196, 8.780029362940780e-03, 1.472778201785761e-02, 4.437932837416015e-01, 0.000000000000000e+00, 0.000000000000000e+00, -1.410431288490051e+06, 1.000000000000000e-10, 5.735224531306154e+11
1197, 8.555167731440565e-03, 1.458789797610203e-02, 4.533760818986179e-01, 0.000000000000000e+00, 0.000000000000000e+00, -1.443381006209241e+06, 1.000000000000000e-10, 5.667287753963236e+11
1198, 8.330494780395334e-03, 1.444771283580619e-02, 4.633651192717077e-01, 0.000000000000000e+00, 0.000000000000000e+00, -1.477794728005573e+06, 1.000000000000000e-10, 5.598365159472500e+11
1199, 8.106013665464954e-03, 1.430722325451452e-02, 4.737959325042000e-01, 0.000000000000000e+00, 0.000000000000000e+00, -1.513768995999185e+06, 1.000000000000000e-10, 5.528251774345603e+11
1200, 7.881725125719073e-03, 1.416642844012407e-02, 4.846841216657469e-01, 0.000000000000000e+00, 0.000000000000000e+00, -1.551369271273002e+06, 1.000000000000000e-10, 5.457142217426466e+11
1201, 7.657630606591986e-03, 1.402532434463346e-02, 4.959304825995358e-01, 0.000000000000000e+00, 0.000000000000000e+00, -1.590280945181094e+06, 1.000000000000000e-10, 5.386182954543470e+11
1202, 7.433727874454481e-03, 1.388391082373517e-02, 5.075623393893635e-01, 0.000000000000000e+00, 0.000000000000000e+00, -1.630672196874201e+06, 1.000000000000000e-10, 5.315184721243573e+11
1203, 7.210017308468232e-03, 1.374219509542314e-02, 5.195910015960260e-01, 0.000000000000000e+00, 0.000000000000000e+00, -1.672629336613358e+06, 1.000000000000000e-10, 5.244340108650776e+11
1204, 6.986501756840465e-03, 1.360017371341324e-02, 5.321430405441306e-01, 0.000000000000000e+00, 0.000000000000000e+00, -1.716528419221085e+06, 1.000000000000000e-10, 5.172378165594556e+11
1205, 6.763185525080572e-03, 1.345784119730956e-02, 5.453256228420558e-01, 0.000000000000000e+00, 0.000000000000000e+00, -1.762691143212265e+06, 1.000000000000000e-10, 5.098822753667449e+11
1206, 6.540067187974647e-03, 1.331520001003418e-02, 5.592122885962010e-01, 0.000000000000000e+00, 0.000000000000000e+00, -1.811373678967295e+06, 1.000000000000000e-10, 5.023426916348458e+11
1207, 6.317133030194132e-03, 1.317224402593209e-02, 5.737444167349411e-01, 0.000000000000000e+00, 0.000000000000000e+00, -1.862434463925359e+06, 1.000000000000000e-10, 4.947141199920117e+11
1208, 6.094411959385714e-03, 1.302898969069296e-02, 5.888786789298415e-01, 0.000000000000000e+00, 0.000000000000000e+00, -1.915800443693648e+06, 1.000000000000000e-10, 4.870625004480389e+11
1209, 5.871883076912215e-03, 1.288542362644796e-02, 6.046388955475946e-01, 0.000000000000000e+00, 0.000000000000000e+00, -1.971599850570990e+06, 1.000000000000000e-10, 4.794094224800110e+11
1210, 5.649554965358314e-03, 1.274154567020566e-02, 6.210807256871639e-01, 0.000000000000000e+00, 0.000000000000000e+00, -2.030087522372924e+06, 1.000000000000000e-10, 4.717123955593970e+11
1211, 5.427441642856860e-03, 1.259736090672970e-02, 6.384765268123793e-01, 0.000000000000000e+00, 0.000000000000000e+00, -2.092056498127578e+06, 1.000000000000000e-10, 4.637887971343145e+11
1212, 5.205521745517657e-03, 1.245286044627073e-02, 6.569879936599037e-01, 0.000000000000000e+00, 0.000000000000000e+00, -2.158076437293937e+06, 1.000000000000000e-10, 4.556179524269834e+11
1213, 4.983801716962636e-03, 1.230804895258337e-02, 6.765758045271714e-01, 0.000000000000000e+00, 0.000000000000000e+00, -2.228091459160556e+06, 1.000000000000000e-10, 4.472898571879578e+11
1214, 4.762280316202161e-03, 1.216292034667308e-02, 6.971921285320123e-01, 0.000000000000000e+00, 0.000000000000000e+00, -2.301999661155276e+06, 1.000000000000000e-10, 4.388899785340164e+11
1215, 4.540978855733459e-03, 1.201748724207796e-02, 7.189000735175177e-01, 0.000000000000000e+00, 0.000000000000000e+00, -2.380154423847142e+06, 1.000000000000000e-10, 4.304181871626174e+11
1216, 4.319876292199441e-03, 1.187173863769041e-02, 7.418924334837171e-01, 0.000000000000000e+00, 0.000000000000000e+00, -2.463346122830580e+06, 1.000000000000000e-10, 4.217864822803607e+11
1217, 4.098980308898270e-03, 1.172567814089592e-02, 7.667369221947745e-01, 0.000000000000000e+00, 0.000000000000000e+00, -2.553367457807347e+06, 1.000000000000000e-10, 4.127668941440895e+11
1218, 3.878292841010518e-03, 1.157930344037458e-02, 7.934998501406945e-01, 0.000000000000000e+00, 0.000000000000000e+00, -2.650473294057539e+06, 1.000000000000000e-10, 4.034416301506492e+11
1219, 3.657811692940294e-03, 1.143261254490911e-02, 8.221587478878305e-01, 0.000000000000000e+00, 0.000000000000000e+00, -2.754711039636000e+06, 1.000000000000000e-10, 3.939231828176884e+11
1220, 3.437540014995042e-03, 1.128560826255270e-02, 8.529510432859942e-01, 0.000000000000000e+00, 0.000000000000000e+00, -2.867173436931890e+06, 1.000000000000000e-10, 3.841967303130795e+11
1221, 3.217482493736406e-03, 1.113829046414919e-02, 8.866070812887237e-01, 0.000000000000000e+00, 0.000000000000000e+00, -2.990541824123576e+06, 1.000000000000000e-10, 3.741723735967668e+11
1222, 2.997683216200835e-03, 1.099057846928784e-02, 9.241220758396659e-01, 0.000000000000000e+00, 0.000000000000000e+00, -3.127984901137019e+06, 1.000000000000000e-10, 3.629382943567085e+11
1223, 2.777978165767560e-03, 1.084272584270393e-02, 9.674649995515637e-01, 0.000000000000000e+00, 0.000000000000000e+00, -3.285149235768602e+06, 1.000000000000000e-10, 3.382554271093682e+11
1224, 2.564312271390412e-03, 1.070764736626992e-02, 1.018164608686346e+00, 0.000000000000000e+00, 0.000000000000000e+00, -3.462883069701753e+06, 1.000000000000000e-10, 3.063842727608998e+11
1225, 2.333484711195145e-03, 1.057791093380650e-02, 1.079945434610086e+00, 0.000000000000000e+00, 0.000000000000000e+00, -3.671532499840279e+06, 1.000000000000000e-10, 2.765155468431631e+11
1226, 2.096109592372743e-03, 1.046058221068053e-02, 1.152298510860373e+00, 0.000000000000000e+00, 0.000000000000000e+00, -3.907052195444199e+06, 1.000000000000000e-10, 2.495221339322769e+11
1227, 1.852859077346526e-03, 1.035597798791042e-02, 1.234014406184292e+00, 0.000000000000000e+00, 0.000000000000000e+00, -4.163530430921761e+06, 1.000000000000000e-10, 2.255642253656503e+11
1228, 1.604409537690777e-03, 1.026440464502481e-02, 1.330438220885500e+00, 0.000000000000000e+00, 0.000000000000000e+00, -4.454363337502873e+06, 1.000000000000000e-10, 2.036117770042145e+11
1229, 1.351463298668374e-03, 1.018610583064038e-02, 1.440628471510671e+00, 0.000000000000000e+00, 0.000000000000000e+00, -4.772344315436985e+06, 1.000000000000000e-10, 1.839775174170962e+11
1230, 1.094729655832123e-03, 1.012130885254285e-02, 1.564174304711296e+00, 0.000000000000000e+00, 0.000000000000000e+00, -5.118884397613741e+06, 1.000000000000000e-10, 1.665746525955313e+11
1231, 8.349201664181706e-04, 1.007020024936076e-02, 1.703036387852676e+00, 0.000000000000000e+00, 0.000000000000000e+00, -5.489684022407420e+06, 1.000000000000000e-10, 1.511690151759433e+11
1232, 5.727701839409182e-04, 1.003291346491152e-02, 1.856691000891981e+00, 0.000000000000000e+00, 0.000000000000000e+00, -5.888168664000350e+06, 1.000000000000000e-10, 1.376308568746560e+11
1233, 3.090138810542884e-04, 1.000955705050637e-02, 2.031713720985152e+00, 0.000000000000000e+00, 0.000000000000000e+00, -6.319285258408514e+06, 1.000000000000000e-10, 1.254763357862412e+11
1234, 4.439109314558195e-05, 1.000018421119687e-02, 2.195644484341771e+00, 0.000000000000000e+00, 0.000000000000000e+00, -6.720365549369639e+06, 1.000000000000000e-10, 1.159857058838223e+11
1235, -2.204098285807312e-04, 1.000242536194298e-02, 2.325596149214312e+00, 0.000000000000000e+00, 0.000000000000000e+00, -7.026262139252397e+06, 1.000000000000000e-10, 1.093653213654437e+11
1236, -4.850564189965586e-04, 1.001177382423171e-02, 2.448062497027755e+00, 0.000000000000000e+00, 0.000000000000000e+00, -7.322358905782791e+06, 1.000000000000000e-10, 1.037966368934498e+11
1237, -7.493632986550475e-04, 1.002811717660846e-02, 2.559803765483336e+00, 0.000000000000000e+00, 0.000000000000000e+00, -7.584812121779739e+06, 1.000000000000000e-10, 9.922362274726538e+10
1238, -1.013144642030219e-03, 1.005145440810729e-02, 2.673394896472761e+00, 0.000000000000000e+00, 0.000000000000000e+00, -7.845878282709383e+06, 1.000000000000000e-10, 9.505257553058676e+10
1239, -1.276215251010156e-03, 1.008177114996724e-02, 2.789681343979305e+00, 0.000000000000000e+00, 0.000000000000000e+00, -8.106481428238302e+06, 1.000000000000000e-10, 9.121864271574339e+10
1240, -1.538390933809183e-03, 1.011904227331399e-02, 2.914129042426098e+00, 0.000000000000000e+00, 0.000000000000000e+00, -8.387760021438372e+06, 1.000000000000000e-10, 8.752166471547871e+10
1241, -1.799488700237760e-03, 1.016323750720899e-02, 3.021308569180858e+00, 0.000000000000000e+00, 0.000000000000000e+00, -8.633482284379080e+06, 1.000000000000000e-10, 8.464607741768826e+10
1242, -2.059323842564385e-03, 1.021433465544578e-02, 3.126896282927553e+00, 0.000000000000000e+00, 0.000000000000000e+00, -8.871388087666893e+06, 1.000000000000000e-10, 8.208457466977217e+10
1243, -2.317714249397461e-03, 1.027229709566294e-02, 3.231981223943225e+00, 0.000000000000000e+00, 0.000000000000000e+00, -9.105019626603438e+06, 1.000000000000000e-10, 7.977707066317499e+10
1244, -2.574479333229013e-03, 1.033708081687143e-02, 3.336904421462292e+00, 0.000000000000000e+00, 0.000000000000000e+00, -9.334457137392120e+06, 1.000000000000000e-10, 7.769327076052266e+10
1245, -2.829439545540043e-03, 1.040863852595078e-02, 3.450705089459861e+00, 0.000000000000000e+00, 0.000000000000000e+00, -9.580141701463524e+06, 1.000000000000000e-10, 7.561947820251317e+10
1246, -3.082414795247027e-03, 1.048692264642574e-02, 3.546692336773527e+00, 0.000000000000000e+00, 0.000000000000000e+00, -9.793690097424395e+06, 1.000000000000000e-10, 7.409571112065977e+10
1247, -3.333232654684753e-03, 1.057186888716533e-02, 3.638001344239574e+00, 0.000000000000000e+00, 0.000000000000000e+00, -9.995088172564181e+06, 1.000000000000000e-10, 7.281425250425203e+10
1248, -3.581707375141025e-03, 1.066344147871050e-02, 3.725674627735692e+00, 0.000000000000000e+00, 0.000000000000000e+00, -1.018707522723754e+07, 1.000000000000000e-10, 7.174516272832381e+10
1249, -3.827673738368391e-03, 1.076155214466451e-02, 3.809781037740298e+00, 0.000000000000000e+00, 0.000000000000000e+00, -1.037061727210625e+07, 1.000000000000000e-10, 7.086265876170946e+10
1250, -4.070953626327276e-03, 1.086614714362853e-02, 3.890402859386085e+00, 0.000000000000000e+00, 0.000000000000000e+00, -1.054642028934249e+07, 1.000000000000000e-10, 7.016360132849535e+10
1251, -4.311381178207322e-03, 1.097714191057500e-02, 3.967409411372046e+00, 0.000000000000000e+00, 0.000000000000000e+00, -1.071468121691242e+07, 1.000000000000000e-10, 6.963498717597723e+10
1252, -4.548784131521758e-03, 1.109446629925956e-02, 4.044088726219385e+00, 0.000000000000000e+00, 0.000000000000000e+00, -1.088172667617926e+07, 1.000000000000000e-10, 6.922154083483308e+10
1253, -4.783102744397177e-03, 1.121783744700906e-02, 4.110923825021344e+00, 0.000000000000000e+00, 0.000000000000000e+00, -1.103315204379878e+07, 1.000000000000000e-10, 6.899999641592264e+10
1254, -5.013605106244763e-03, 1.134816117734570e-02, 4.154139283868927e+00, 0.000000000000000e+00, 0.000000000000000e+00, -1.114922382514310e+07, 1.000000000000000e-10, 6.959735653222495e+10
1255, -5.243105669370864e-03, 1.148029471351918e-02, 4.168547872341654e+00, 0.000000000000000e+00, 0.000000000000000e+00, -1.122443208153324e+07, 1.000000000000000e-10, 6.885960457997311e+10
1256, -5.472547083705711e-03, 1.161253143048197e-02, 4.174850586390247e+00, 0.000000000000000e+00, 0.000000000000000e+00, -1.128416665370203e+07, 1.000000000000000e-10, 6.765005012699875e+10
1257, -5.701896750190313e-03, 1.174492221217266e-02, 4.179320602793102e+00, 0.000000000000000e+00, 0.000000000000000e+00, -1.133676262455481e+07, 1.000000000000000e-10, 6.651769051839661e+10
1258, -5.931216881172024e-03, 1.187736571633132e-02, 4.181888256468741e+00, 0.000000000000000e+00, 0.000000000000000e+00, -1.138291864294423e+07, 1.000000000000000e-10, 6.540597423833501e+10
1259, -6.160559363573002e-03, 1.200977146862331e-02, 4.183318819022877e+00, 0.000000000000000e+00, 0.000000000000000e+00, -1.142401613525981e+07, 1.000000000000000e-10, 6.430828388325871e+10
1260, -6.389902594097093e-03, 1.214217608068577e-02, 4.184959251960395e+00, 0.000000000000000e+00, 0.000000000000000e+00, -1.146201454349087e+07, 1.000000000000000e-10, 6.324831080503731e+10
1261, -6.619246899925769e-03, 1.227457895541476e-02, 4.186673455078174e+00, 0.000000000000000e+00, 0.000000000000000e+00, -1.149722334857068e+07, 1.000000000000000e-10, 6.221381967900526e+10
1262, -6.848590431185892e-03, 1.240698306830994e-02, 4.187523503998515e+00, 0.000000000000000e+00, 0.000000000000000e+00, -1.152858072258140e+07, 1.000000000000000e-10, 6.121786725927200e+10
1263, -7.077932990420029e-03, 1.253938873899527e-02, 4.187726825209404e+00, 0.000000000000000e+00, 0.000000000000000e+00, -1.155683545005732e+07, 1.000000000000000e-10, 6.025491053403542e+10
1264, -7.307275765802811e-03, 1.267179413151244e-02, 4.187403597195607e+00, 0.000000000000000e+00, 0.000000000000000e+00, -1.158236571337269e+07, 1.000000000000000e-10, 5.932082863270418e+10
1265, -7.536618607819541e-03, 1.280419934596778e-02, 4.186544646388159e+00, 0.000000000000000e+00, 0.000000000000000e+00, -1.160520902559095e+07, 1.000000000000000e-10, 5.841606155402477e+10
1266, -7.765959838197511e-03, 1.293660750512466e-02, 4.185265922850214e+00, 0.000000000000000e+00, 0.000000000000000e+00, -1.162587509220592e+07, 1.000000000000000e-10, 5.753883800657825e+10
1267, -7.995299999290606e-03, 1.306901760568120e-02, 4.183595617580876e+00, 0.000000000000000e+00, 0.000000000000000e+00, -1.164451248281988e+07, 1.000000000000000e-10, 5.668661187201864e+10
1268, -8.224641940866480e-03, 1.320142444305683e-02, 4.181592287688810e+00, 0.000000000000000e+00, 0.000000000000000e+00, -1.166132788617767e+07, 1.000000000000000e-10, 5.585659179864754e+10
1269, -8.453984920510891e-03, 1.333382941050378e-02, 4.179317975931804e+00, 0.000000000000000e+00, 0.000000000000000e+00, -1.167653130435328e+07, 1.000000000000000e-10, 5.504915467872124e+10
1270, -8.683327681225211e-03, 1.346623489312890e-02, 4.176807512324016e+00, 0.000000000000000e+00, 0.000000000000000e+00, -1.169025027772887e+07, 1.000000000000000e-10, 5.426339177666397e+10
1271, -8.912670488246479e-03, 1.359864044791890e-02, 4.174071312847194e+00, 0.000000000000000e+00, 0.000000000000000e+00, -1.170246407984759e+07, 1.000000000000000e-10, 5.349773208187175e+10
1272, -9.142012992986451e-03, 1.373104616859539e-02, 4.171160003866540e+00, 0.000000000000000e+00, 0.000000000000000e+00, -1.171349749964262e+07, 1.000000000000000e-10, 5.275104563489630e+10
1273, -9.371355754004345e-03, 1.386345136335158e-02, 4.168101835134490e+00, 0.000000000000000e+00, 0.000000000000000e+00, -1.172351811227551e+07, 1.000000000000000e-10, 5.202211777661184e+10
1274, -9.600699895459305e-03, 1.399585463553794e-02, 4.164915260735669e+00, 0.000000000000000e+00, 0.000000000000000e+00, -1.173247292126577e+07, 1.000000000000000e-10, 5.131004552897851e+10
1275, -9.830043916919832e-03, 1.412825804195895e-02, 4.161619979725488e+00, 0.000000000000000e+00, 0.000000000000000e+00, -1.174039082970572e+07, 1.000000000000000e-10, 5.061509160403474e+10
1276, -1.005938664929303e-02, 1.426066337274675e-02, 4.158253313010280e+00, 0.000000000000000e+00, 0.000000000000000e+00, -1.174773543967817e+07, 1.000000000000000e-10, 4.993607662934830e+10
1277, -1.028872924451936e-02, 1.439306910848509e-02, 4.154809101904979e+00, 0.000000000000000e+00, 0.000000000000000e+00, -1.175403797087554e+07, 1.000000000000000e-10, 4.927189821028407e+10
1278, -1.051807198220519e-02, 1.452547462324594e-02, 4.151309878365150e+00, 0.000000000000000e+00, 0.000000000000000e+00, -1.175987182961029e+07, 1.000000000000000e-10, 4.862195939821601e+10
1279, -1.074741480490934e-02, 1.465788009753233e-02, 4.147767927694116e+00, 0.000000000000000e+00, 0.000000000000000e+00, -1.176490411134147e+07, 1.000000000000000e-10, 4.798605039731540e+10
1280, -1.097675776015348e-02, 1.479028508674539e-02, 4.144195390643278e+00, 0.000000000000000e+00, 0.000000000000000e+00, -1.176954245805699e+07, 1.000000000000000e-10, 4.736338454188847e+10
1281, -1.120609955270169e-02, 1.492269225576068e-02, 4.140614891452838e+00, 0.000000000000000e+00, 0.000000000000000e+00, -1.177345785104464e+07, 1.000000000000000e-10, 4.675418892398346e+10
1282, -1.143543966943289e-02, 1.505510242264776e-02, 4.136986615962463e+00, 0.000000000000000e+00, 0.000000000000000e+00, -1.177717101363525e+07, 1.000000000000000e-10, 4.615788060424104e+10
1283, -1.166478107669185e-02, 1.518751024089523e-02, 4.133385149756412e+00, 0.000000000000000e+00, 0.000000000000000e+00, -1.178003008411151e+07, 1.000000000000000e-10, 4.557219555147740e+10
1284, -1.189412393677228e-02, 1.531991533798059e-02, 4.129735833530463e+00, 0.000000000000000e+00, 0.000000000000000e+00, -1.178272955270308e+07, 1.000000000000000e-10, 4.499849320689542e+10
1285, -1.212346680353741e-02, 1.545232071955208e-02, 4.126111682165604e+00, 0.000000000000000e+00, 0.000000000000000e+00, -1.178499178837565e+07, 1.000000000000000e-10, 4.443658319939970e+10
1286, -1.235280953496052e-02, 1.558472623069729e-02, 4.122509041713327e+00, 0.000000000000000e+00, 0.000000000000000e+00, -1.178680403353703e+07, 1.000000000000000e-10, 4.388552632371001e+10
1287, -1.258215214992644e-02, 1.571713189570697e-02, 4.118870275579913e+00, 0.000000000000000e+00, 0.000000000000000e+00, -1.178847437519651e+07, 1.000000000000000e-10, 4.334548757096973e+10
1288, -1.281149476620243e-02, 1.584953741023462e-02, 4.115297989641400e+00, 0.000000000000000e+00, 0.000000000000000e+00, -1.178971614906643e+07, 1.000000000000000e-10, 4.281527070890223e+10
1289, -1.304083856747504e-02, 1.598194114804231e-02, 4.111751712001171e+00, 0.000000000000000e+00, 0.000000000000000e+00, -1.179062091375626e+07, 1.000000000000000e-10, 4.229465883852012e+10
1290, -1.327018282901982e-02, 1.611434417606206e-02, 4.108175248070946e+00, 0.000000000000000e+00, 0.000000000000000e+00, -1.179141237497610e+07, 1.000000000000000e-10, 4.178444901257575e+10
1291, -1.349952577494796e-02, 1.624674910548320e-02, 4.104634813052660e+00, 0.000000000000000e+00, 0.000000000000000e+00, -1.179200229254439e+07, 1.000000000000000e-10, 4.128414285675838e+10
1292, -1.372886828422211e-02, 1.637915488350922e-02, 4.101218646041240e+00, 0.000000000000000e+00, 0.000000000000000e+00, -1.179216861083743e+07, 1.000000000000000e-10, 4.079197616591776e+10
1293, -1.395821102772288e-02, 1.651156040533365e-02, 4.097758134003939e+00, 0.000000000000000e+00, 0.000000000000000e+00, -1.179221774888863e+07, 1.000000000000000e-10, 4.030913954783399e+10
1294, -1.418755381693275e-02, 1.664396594906404e-02, 4.094270969179465e+00, 0.000000000000000e+00, 0.000000000000000e+00, -1.179216899779313e+07, 1.000000000000000e-10, 3.983552777506786e+10
1295, -1.441689676541300e-02, 1.677637091865539e-02, 4.090854275038065e+00, 0.000000000000000e+00, 0.000000000000000e+00, -1.179194375299332e+07, 1.000000000000000e-10, 3.936995428320455e+10
1296, -1.464623902746311e-02, 1.690877718896723e-02, 4.087597310683091e+00, 0.000000000000000e+00, 0.000000000000000e+00, -1.179143205724640e+07, 1.000000000000000e-10, 3.891195298745853e+10
1297, -1.487557933199431e-02, 1.704118700645071e-02, 4.084294791479121e+00, 0.000000000000000e+00, 0.000000000000000e+00, -1.179080818242920e+07, 1.000000000000000e-10, 3.846308242034568e+10
1298, -1.510492022705814e-02, 1.717359582498642e-02, 4.080950094588933e+00, 0.000000000000000e+00, 0.000000000000000e+00, -1.179007626596710e+07, 1.000000000000000e-10, 3.802180090793329e+10
1299, -1.533426291459934e-02, 1.730600129602044e-02, 4.077590846350795e+00, 0.000000000000000e+00, 0.000000000000000e+00, -1.178926677105959e+07, 1.000000000000000e-10, 3.758813148852670e+10
1300, -1.556360591429063e-02, 1.743840660114759e-02, 4.074409262537163e+00, 0.000000000000000e+00, 0.000000000000000e+00, -1.178829259756175e+07, 1.000000000000000e-10, 3.716136023462539e+10
1301, -1.579294837450100e-02, 1.757081232061503e-02, 4.071331735214208e+00, 0.000000000000000e+00, 0.000000000000000e+00, -1.178715945765847e+07, 1.000000000000000e-10, 3.674149770182996e+10
1302, -1.602229162466378e-02, 1.770321677724282e-02, 4.068215922049820e+00, 0.000000000000000e+00, 0.000000000000000e+00, -1.178593632720996e+07, 1.000000000000000e-10, 3.632901066681221e+10
1303, -1.625163597382942e-02, 1.783561965308899e-02, 4.065072318793380e+00, 0.000000000000000e+00, 0.000000000000000e+00, -1.178463610876138e+07, 1.000000000000000e-10, 3.592390716049294e+10
1304, -1.648097945723503e-02, 1.796802391171906e-02, 4.061897613487485e+00, 0.000000000000000e+00, 0.000000000000000e+00, -1.178324733876010e+07, 1.000000000000000e-10, 3.552664855279692e+10
1305, -1.671032197771340e-02, 1.810042960394669e-02, 4.058711414361550e+00, 0.000000000000000e+00, 0.000000000000000e+00, -1.178180026414004e+07, 1.000000000000000e-10, 3.513635807024310e+10
1306, -1.693966468762693e-02, 1.823283520971930e-02, 4.055777023302656e+00, 0.000000000000000e+00, 0.000000000000000e+00, -1.178024514922262e+07, 1.000000000000000e-10, 3.475060151548047e+10
1307, -1.716900741913253e-02, 1.836524072091214e-02, 4.052957192647133e+00, 0.000000000000000e+00, 0.000000000000000e+00, -1.177865285673795e+07, 1.000000000000000e-10, 3.437059449711749e+10
1308, -1.739833471261224e-02, 1.849767495206165e-02, 4.050069632881201e+00, 0.000000000000000e+00, 0.000000000000000e+00, -1.177693608669517e+07, 1.000000000000000e-10, 3.400231103498043e+10
1309, -1.762767180812830e-02, 1.863009831113071e-02, 4.044715386197046e+00, 0.000000000000000e+00, 0.000000000000000e+00, -1.177137842542703e+07, 1.000000000000000e-10, 3.365255344008205e+10
1310, -1.785806382729764e-02, 1.876064580003948e-02, 4.031135377689493e+00, 0.000000000000000e+00, 0.000000000000000e+00, -1.175307271682078e+07, 1.000000000000000e-10, 3.307275909761572e+10
1311, -1.809172665506163e-02, 1.888525282692056e-02, 4.011848219320640e+00, 0.000000000000000e+00, 0.000000000000000e+00, -1.172614231030649e+07, 1.000000000000000e-10, 3.196059951406112e+10
1312, -1.832860557500344e-02, 1.900363168436481e-02, 3.992978212123997e+00, 0.000000000000000e+00, 0.000000000000000e+00, -1.169961275159764e+07, 1.000000000000000e-10, 3.092582993564162e+10
1313, -1.856853870418083e-02, 1.911569122561219e-02, 3.974632380397708e+00, 0.000000000000000e+00, 0.000000000000000e+00, -1.167361503019103e+07, 1.000000000000000e-10, 2.998836074518292e+10
1314, -1.881135257068563e-02, 1.922136352330338e-02, 3.956926044581421e+00, 0.000000000000000e+00, 0.000000000000000e+00, -1.164801373701421e+07, 1.000000000000000e-10, 2.914073325948386e+10
1315, -1.905688048828256e-02, 1.932056630710868e-02, 3.939639627538762e+00, 0.000000000000000e+00, 0.000000000000000e+00, -1.162270803560487e+07, 1.000000000000000e-10, 2.837449807285294e+10
1316, -1.930494648551617e-02, 1.941324057104464e-02, 3.922667145208944e+00, 0.000000000000000e+00, 0.000000000000000e+00, -1.159767413900730e+07, 1.000000000000000e-10, 2.768524512972005e+10
1317, -1.955538434220949e-02, 1.949929921497704e-02, 3.906012493007121e+00, 0.000000000000000e+00, 0.000000000000000e+00, -1.157291948451147e+07, 1.000000000000000e-10, 2.706433303922350e+10
1318, -1.980800984650036e-02, 1.957870645520142e-02, 3.889671708849807e+00, 0.000000000000000e+00, 0.000000000000000e+00, -1.154844061389536e+07, 1.000000000000000e-10, 2.651012086868517e+10
1319, -2.006264904771344e-02, 1.965139850972467e-02, 3.873591066102889e+00, 0.000000000000000e+00, 0.000000000000000e+00, -1.152415640164625e+07, 1.000000000000000e-10, 2.601596519795856e+10
1320, -2.031912451277953e-02, 1.971732010130489e-02, 3.857759954581047e+00, 0.000000000000000e+00, 0.000000000000000e+00, -1.150005257855714e+07, 1.000000000000000e-10, 2.557838508792343e+10
1321, -2.057725573590099e-02, 1.977642602558858e-02, 3.842163928964148e+00, 0.000000000000000e+00, 0.000000000000000e+00, -1.147610915264147e+07, 1.000000000000000e-10, 2.519438261042603e+10
1322, -2.083686129420247e-02, 1.982867729012082e-02, 3.826770232103668e+00, 0.000000000000000e+00, 0.000000000000000e+00, -1.145227744406461e+07, 1.000000000000000e-10, 2.486125009321336e+10
1323, -2.109776052462880e-02, 1.987402961029622e-02, 3.811567524402601e+00, 0.000000000000000e+00, 0.000000000000000e+00, -1.142854096495359e+07, 1.000000000000000e-10, 2.457619791613507e+10
1324, -2.135976811414746e-02, 1.991246449813515e-02, 3.796534853745149e+00, 0.000000000000000e+00, 0.000000000000000e+00, -1.140486817251190e+07, 1.000000000000000e-10, 2.433791023726387e+10
1325, -2.162270120317740e-02, 1.994395166492887e-02, 3.781627573077264e+00, 0.000000000000000e+00, 0.000000000000000e+00, -1.138119065604408e+07, 1.000000000000000e-10, 2.414433533552037e+10
1326, -2.188637676188708e-02, 1.996845589468814e-02, 3.766842610020439e+00, 0.000000000000000e+00, 0.000000000000000e+00, -1.135750526454435e+07, 1.000000000000000e-10, 2.399398443202519e+10
1327, -2.215060831034602e-02, 1.998597383723044e-02, 3.752174714880516e+00, 0.000000000000000e+00, 0.000000000000000e+00, -1.133380527976283e+07, 1.000000000000000e-10, 2.388628189852714e+10
1328, -2.241521082947035e-02, 1.999649845370849e-02, 3.737582251549701e+00, 0.000000000000000e+00, 0.000000000000000e+00, -1.131001440757767e+07, 1.000000000000000e-10, 2.382041059863235e+10
