"PointID","x","y","Density","Momentum_x","Momentum_y","Energy","Turb_Kin_Energy","Omega"
128, -2.268000000000000e-02, 2.000000000000000e-02, 1.023727350864246e+00, 0.000000000000000e+00, 0.000000000000000e+00, 7.033848058211790e+06, 1.000000000000000e-10, 8.661642539767377e+10
257, -2.253266666667000e-02, 1.999894984229000e-02, 6.449783523932008e-01, 0.000000000000000e+00, 0.000000000000000e+00, 4.914432260151478e+06, 1.000000000000000e-10, 1.471497900290170e+11
386, -2.238533333333000e-02, 1.999568608471000e-02, 5.251037418353742e-01, 0.000000000000000e+00, 0.000000000000000e+00, 4.223361228804716e+06, 1.000000000000000e-10, 1.871694277068137e+11
515, -2.223800000000000e-02, 1.999024081807000e-02, 4.793446591575717e-01, 0.000000000000000e+00, 0.000000000000000e+00, 3.889050961640677e+06, 1.000000000000000e-10, 2.061873917191303e+11
644, -2.209066666667000e-02, 1.998262555891000e-02, 4.591170719242850e-01, 0.000000000000000e+00, 0.000000000000000e+00, 3.715382003488883e+06, 1.000000000000000e-10, 2.149167940475464e+11
773, -2.194333333333000e-02, 1.997283196466000e-02, 4.515565096734878e-01, 0.000000000000000e+00, 0.000000000000000e+00, 3.638184109905933e+06, 1.000000000000000e-10, 2.178996504858292e+11
902, -2.179600000000000e-02, 1.996084582568000e-02, 4.518240899185667e-01, 0.000000000000000e+00, 0.000000000000000e+00, 3.626941735401046e+06, 1.000000000000000e-10, 2.172541281462557e+11
1031, -2.164866666667000e-02, 1.994667306151000e-02, 4.574759721100706e-01, 0.000000000000000e+00, 0.000000000000000e+00, 3.663668607350251e+06, 1.000000000000000e-10, 2.142446768242976e+11
1160, -2.150133333333000e-02, 1.993029187271000e-02, 4.670738139064137e-01, 0.000000000000000e+00, 0.000000000000000e+00, 3.736533284121669e+06, 1.000000000000000e-10, 2.096974632748529e+11
1289, -2.135400000000000e-02, 1.991169140531000e-02, 4.795408524655407e-01, 0.000000000000000e+00, 0.000000000000000e+00, 3.836207837526947e+06, 1.000000000000000e-10, 2.042440512136239e+11
1418, -2.120666666667000e-02, 1.989087019292000e-02, 4.942348879032955e-01, 0.000000000000000e+00, 0.000000000000000e+00, 3.956896125621617e+06, 1.000000000000000e-10, 1.982736012205868e+11
1547, -2.105933333333000e-02, 1.986779834767000e-02, 5.106268044486779e-01, 0.000000000000000e+00, 0.000000000000000e+00, 4.093906331727280e+06, 1.000000000000000e-10, 1.920826661407034e+11
1676, -2.091200000000000e-02, 1.984247404967000e-02, 5.283127330157000e-01, 0.000000000000000e+00, 0.000000000000000e+00, 4.243709353716116e+06, 1.000000000000000e-10, 1.858781640149907e+11
1805, -2.076466666667000e-02, 1.981486694226000e-02, 5.470888425690076e-01, 0.000000000000000e+00, 0.000000000000000e+00, 4.404551877725793e+06, 1.000000000000000e-10, 1.797621820881223e+11
1934, -2.061733333333000e-02, 1.978496181149000e-02, 5.667257617723014e-01, 0.000000000000000e+00, 0.000000000000000e+00, 4.574485572173705e+06, 1.000000000000000e-10, 1.738230480142870e+11
2063, -2.047000000000000e-02, 1.975273596935000e-02, 5.870571022545301e-01, 0.000000000000000e+00, 0.000000000000000e+00, 4.752043083566690e+06, 1.000000000000000e-10, 1.681089609095254e+11
2192, -2.032266666667000e-02, 1.971817768455000e-02, 6.080632804547290e-01, 0.000000000000000e+00, 0.000000000000000e+00, 4.936951030533855e+06, 1.000000000000000e-10, 1.626162769661842e+11
2321, -2.017533333333000e-02, 1.968124563943000e-02, 6.296371438082149e-01, 0.000000000000000e+00, 0.000000000000000e+00, 5.128270625054946e+06, 1.000000000000000e-10, 1.573627290304550e+11
2450, -2.002800000000000e-02, 1.964193667367000e-02, 6.518485024838815e-01, 0.000000000000000e+00, 0.000000000000000e+00, 5.326556259692415e+06, 1.000000000000000e-10, 1.523203513020828e+11
2579, -1.988066666667000e-02, 1.960019346592000e-02, 6.747047602753024e-01, 0.000000000000000e+00, 0.000000000000000e+00, 5.531725765082937e+06, 1.000000000000000e-10, 1.474748086750236e+11
2708, -1.973333333333000e-02, 1.955599990701000e-02, 6.980523339338683e-01, 0.000000000000000e+00, 0.000000000000000e+00, 5.742482309730899e+06, 1.000000000000000e-10, 1.428506374359031e+11
2837, -1.958600000000000e-02, 1.950931626905000e-02, 7.218411610339868e-01, 0.000000000000000e+00, 0.000000000000000e+00, 5.958388912739672e+06, 1.000000000000000e-10, 1.384439138090232e+11
2966, -1.943866666667000e-02, 1.946011447491000e-02, 7.460592133465789e-01, 0.000000000000000e+00, 0.000000000000000e+00, 6.179459485372928e+06, 1.000000000000000e-10, 1.342443103697582e+11
3095, -1.929133333333000e-02, 1.940834664283000e-02, 7.707539687785898e-01, 0.000000000000000e+00, 0.000000000000000e+00, 6.406144133773412e+06, 1.000000000000000e-10, 1.302313089725383e+11
3224, -1.914400000000000e-02, 1.935396455491000e-02, 7.957438589770451e-01, 0.000000000000000e+00, 0.000000000000000e+00, 6.636964536850259e+06, 1.000000000000000e-10, 1.264231919574812e+11
3353, -1.899666666667000e-02, 1.929693705219000e-02, 8.209723901223611e-01, 0.000000000000000e+00, 0.000000000000000e+00, 6.871445765023119e+06, 1.000000000000000e-10, 1.228131892821452e+11
3482, -1.884933333333000e-02, 1.923720857169000e-02, 8.465299309024976e-01, 0.000000000000000e+00, 0.000000000000000e+00, 7.110478614457211e+06, 1.000000000000000e-10, 1.193746956466052e+11
3611, -1.870200000000000e-02, 1.917471822639000e-02, 8.723719062131180e-01, 0.000000000000000e+00, 0.000000000000000e+00, 7.353754945618743e+06, 1.000000000000000e-10, 1.161027095562150e+11
3740, -1.855466666667000e-02, 1.910942099579000e-02, 8.985441391075240e-01, 0.000000000000000e+00, 0.000000000000000e+00, 7.601545384178113e+06, 1.000000000000000e-10, 1.129786212342090e+11
3869, -1.840733333333000e-02, 1.904125297021000e-02, 9.251401967565031e-01, 0.000000000000000e+00, 0.000000000000000e+00, 7.854775395860252e+06, 1.000000000000000e-10, 1.099828212989878e+11
3998, -1.826000000000000e-02, 1.897015438432000e-02, 9.522985060607825e-01, 0.000000000000000e+00, 0.000000000000000e+00, 8.114934466188074e+06, 1.000000000000000e-10, 1.070950878930019e+11
4127, -1.811266666667000e-02, 1.889603564887000e-02, 9.800639549443478e-01, 0.000000000000000e+00, 0.000000000000000e+00, 8.382766112570864e+06, 1.000000000000000e-10, 1.043084296662364e+11
4256, -1.796533333333000e-02, 1.881883766065000e-02, 1.008467600903095e+00, 0.000000000000000e+00, 0.000000000000000e+00, 8.658685877419308e+06, 1.000000000000000e-10, 1.016168654729744e+11
4385, -1.781800000000000e-02, 1.873847319427000e-02, 1.037182724265036e+00, 0.000000000000000e+00, 0.000000000000000e+00, 8.940042196356097e+06, 1.000000000000000e-10, 9.904872755890694e+10
4514, -1.767066666667000e-02, 1.865490921896000e-02, 1.053998921130199e+00, 0.000000000000000e+00, 0.000000000000000e+00, 9.117730705275424e+06, 1.000000000000000e-10, 9.768594982888800e+10
4643, -1.752333333333000e-02, 1.857014573942000e-02, 1.054702118555534e+00, 0.000000000000000e+00, 0.000000000000000e+00, 9.150969389260314e+06, 1.000000000000000e-10, 9.780378647280730e+10
4772, -1.737600000000000e-02, 1.848489321216000e-02, 1.048355249849350e+00, 0.000000000000000e+00, 0.000000000000000e+00, 9.117715976363191e+06, 1.000000000000000e-10, 9.854519803479936e+10
4901, -1.722866666667000e-02, 1.839968355289000e-02, 1.039098466648304e+00, 0.000000000000000e+00, 0.000000000000000e+00, 9.055442758722363e+06, 1.000000000000000e-10, 9.955018622687653e+10
5030, -1.708133333333000e-02, 1.831462419571000e-02, 1.031094852168144e+00, 0.000000000000000e+00, 0.000000000000000e+00, 9.002910354591228e+06, 1.000000000000000e-10, 1.004446725408618e+11
5159, -1.693400000000000e-02, 1.822956483853000e-02, 1.024970404862603e+00, 0.000000000000000e+00, 0.000000000000000e+00, 8.967382197162857e+06, 1.000000000000000e-10, 1.011731543093377e+11
5288, -1.678666666667000e-02, 1.814450547622000e-02, 1.019710469090400e+00, 0.000000000000000e+00, 0.000000000000000e+00, 8.940870942772690e+06, 1.000000000000000e-10, 1.018357685421153e+11
5417, -1.663933333333000e-02, 1.805944586567000e-02, 1.015126469247537e+00, 0.000000000000000e+00, 0.000000000000000e+00, 8.921784701428559e+06, 1.000000000000000e-10, 1.024490872159426e+11
5546, -1.649200000000000e-02, 1.797438634705000e-02, 1.011003429279238e+00, 0.000000000000000e+00, 0.000000000000000e+00, 8.908185275637396e+06, 1.000000000000000e-10, 1.030326031634391e+11
5675, -1.634466666667000e-02, 1.788932759005000e-02, 1.007146802487654e+00, 0.000000000000000e+00, 0.000000000000000e+00, 8.897902486742454e+06, 1.000000000000000e-10, 1.036017065628506e+11
5804, -1.619733333333000e-02, 1.780427015984000e-02, 1.003346894625101e+00, 0.000000000000000e+00, 0.000000000000000e+00, 8.888782339660419e+06, 1.000000000000000e-10, 1.041752720546951e+11
5933, -1.605000000000000e-02, 1.771921315848000e-02, 9.994313961430803e-01, 0.000000000000000e+00, 0.000000000000000e+00, 8.878931085472951e+06, 1.000000000000000e-10, 1.047686232128839e+11
6062, -1.590266666667000e-02, 1.763415527528000e-02, 9.952577381556031e-01, 0.000000000000000e+00, 0.000000000000000e+00, 8.866753558427403e+06, 1.000000000000000e-10, 1.053949491849591e+11
6191, -1.575533333333000e-02, 1.754909616938000e-02, 9.907252998660676e-01, 0.000000000000000e+00, 0.000000000000000e+00, 8.851121135304609e+06, 1.000000000000000e-10, 1.060643483323629e+11
6320, -1.560800000000000e-02, 1.746403654268000e-02, 9.857806457772966e-01, 0.000000000000000e+00, 0.000000000000000e+00, 8.831508789803563e+06, 1.000000000000000e-10, 1.067837864882455e+11
6449, -1.546066666667000e-02, 1.737897706651000e-02, 9.804475372054319e-01, 0.000000000000000e+00, 0.000000000000000e+00, 8.807997244003545e+06, 1.000000000000000e-10, 1.075515343237455e+11
6578, -1.531333333333000e-02, 1.729391818298000e-02, 9.747932213690387e-01, 0.000000000000000e+00, 0.000000000000000e+00, 8.781215889820870e+06, 1.000000000000000e-10, 1.083622150610257e+11
6707, -1.516600000000000e-02, 1.720885902904000e-02, 9.689162480312159e-01, 0.000000000000000e+00, 0.000000000000000e+00, 8.752223964471646e+06, 1.000000000000000e-10, 1.092077878068572e+11
6836, -1.501866666667000e-02, 1.712379842915000e-02, 9.629392176176405e-01, 0.000000000000000e+00, 0.000000000000000e+00, 8.722282006478228e+06, 1.000000000000000e-10, 1.100767912448571e+11
6965, -1.487133333333000e-02, 1.703873556177000e-02, 9.569833526745380e-01, 0.000000000000000e+00, 0.000000000000000e+00, 8.692642620464602e+06, 1.000000000000000e-10, 1.109571887249889e+11
7094, -1.472400000000000e-02, 1.695367217392000e-02, 9.511500139914809e-01, 0.000000000000000e+00, 0.000000000000000e+00, 8.664592734493472e+06, 1.000000000000000e-10, 1.118402003730473e+11
7223, -1.457666666667000e-02, 1.686861049976000e-02, 9.455783331964821e-01, 0.000000000000000e+00, 0.000000000000000e+00, 8.639560250780061e+06, 1.000000000000000e-10, 1.127102395011902e+11
7352, -1.442933333333000e-02, 1.678355084500000e-02, 9.403838077657313e-01, 0.000000000000000e+00, 0.000000000000000e+00, 8.618897538787419e+06, 1.000000000000000e-10, 1.135547539792248e+11
7481, -1.428200000000000e-02, 1.669849198108000e-02, 9.356566237519327e-01, 0.000000000000000e+00, 0.000000000000000e+00, 8.603614656058425e+06, 1.000000000000000e-10, 1.143626339360881e+11
7610, -1.413466666667000e-02, 1.661343282537000e-02, 9.314361946463722e-01, 0.000000000000000e+00, 0.000000000000000e+00, 8.594264357410176e+06, 1.000000000000000e-10, 1.151285838180881e+11
7739, -1.398733333333000e-02, 1.652837346819000e-02, 9.277310098136509e-01, 0.000000000000000e+00, 0.000000000000000e+00, 8.591064061051479e+06, 1.000000000000000e-10, 1.158505852244199e+11
7868, -1.384000000000000e-02, 1.644331411101000e-02, 9.245127596865755e-01, 0.000000000000000e+00, 0.000000000000000e+00, 8.593901855506146e+06, 1.000000000000000e-10, 1.165314081199767e+11
7997, -1.369266666667000e-02, 1.635825471765000e-02, 9.217309190442706e-01, 0.000000000000000e+00, 0.000000000000000e+00, 8.602281404910509e+06, 1.000000000000000e-10, 1.171753787131268e+11
8126, -1.354533333333000e-02, 1.627319506991000e-02, 9.192850581222148e-01, 0.000000000000000e+00, 0.000000000000000e+00, 8.615232453641955e+06, 1.000000000000000e-10, 1.177934876086171e+11
8255, -1.339800000000000e-02, 1.618813566392000e-02, 9.170389787153396e-01, 0.000000000000000e+00, 0.000000000000000e+00, 8.631399774839614e+06, 1.000000000000000e-10, 1.184014870721352e+11
8384, -1.325066666667000e-02, 1.610307719212000e-02, 9.148561434224954e-01, 0.000000000000000e+00, 0.000000000000000e+00, 8.649181041907988e+06, 1.000000000000000e-10, 1.190137865219382e+11
8513, -1.310333333333000e-02, 1.601801997481000e-02, 9.125519650802159e-01, 0.000000000000000e+00, 0.000000000000000e+00, 8.666707587087894e+06, 1.000000000000000e-10, 1.196534242128330e+11
8642, -1.295600000000000e-02, 1.593296288673000e-02, 9.099531739183421e-01, 0.000000000000000e+00, 0.000000000000000e+00, 8.681905469152406e+06, 1.000000000000000e-10, 1.203402861690849e+11
8771, -1.280866666667000e-02, 1.584790468441000e-02, 9.068625147677851e-01, 0.000000000000000e+00, 0.000000000000000e+00, 8.692540840699675e+06, 1.000000000000000e-10, 1.210991509818172e+11
8900, -1.266133333333000e-02, 1.576284540280000e-02, 9.030962138902076e-01, 0.000000000000000e+00, 0.000000000000000e+00, 8.696463039686786e+06, 1.000000000000000e-10, 1.219540675807787e+11
9029, -1.251400000000000e-02, 1.567778575019000e-02, 8.985078297145929e-01, 0.000000000000000e+00, 0.000000000000000e+00, 8.691904654838137e+06, 1.000000000000000e-10, 1.229259188947017e+11
9158, -1.236666666667000e-02, 1.559272631248000e-02, 8.930190860431776e-01, 0.000000000000000e+00, 0.000000000000000e+00, 8.677713140770927e+06, 1.000000000000000e-10, 1.240275369805197e+11
9287, -1.221933333333000e-02, 1.550766695530000e-02, 8.865964468119312e-01, 0.000000000000000e+00, 0.000000000000000e+00, 8.653382760256059e+06, 1.000000000000000e-10, 1.252688400547030e+11
9416, -1.207200000000000e-02, 1.542260759812000e-02, 8.792714618063717e-01, 0.000000000000000e+00, 0.000000000000000e+00, 8.619070164204055e+06, 1.000000000000000e-10, 1.266519403941998e+11
9545, -1.192466666667000e-02, 1.533754835191000e-02, 8.711303048217394e-01, 0.000000000000000e+00, 0.000000000000000e+00, 8.575610360314609e+06, 1.000000000000000e-10, 1.281728799334843e+11
9674, -1.177733333333000e-02, 1.525248950848000e-02, 8.623189060258314e-01, 0.000000000000000e+00, 0.000000000000000e+00, 8.524491054983852e+06, 1.000000000000000e-10, 1.298192038357203e+11
9803, -1.163000000000000e-02, 1.516743009807000e-02, 8.530012305684391e-01, 0.000000000000000e+00, 0.000000000000000e+00, 8.467615660889603e+06, 1.000000000000000e-10, 1.315767636135928e+11
9932, -1.148266666667000e-02, 1.508236890064000e-02, 8.433623709276057e-01, 0.000000000000000e+00, 0.000000000000000e+00, 8.406927287082314e+06, 1.000000000000000e-10, 1.334247120830680e+11
10061, -1.133533333333000e-02, 1.499730567882000e-02, 8.335465149079464e-01, 0.000000000000000e+00, 0.000000000000000e+00, 8.344183177484160e+06, 1.000000000000000e-10, 1.353484972874538e+11
10190, -1.118800000000000e-02, 1.491224252971000e-02, 8.237008881262098e-01, 0.000000000000000e+00, 0.000000000000000e+00, 8.281022076826587e+06, 1.000000000000000e-10, 1.373295373316835e+11
10319, -1.104066666667000e-02, 1.482718148419000e-02, 8.139476056558923e-01, 0.000000000000000e+00, 0.000000000000000e+00, 8.218886449573302e+06, 1.000000000000000e-10, 1.393516740777545e+11
10448, -1.089333333333000e-02, 1.474212214375000e-02, 8.043795238480027e-01, 0.000000000000000e+00, 0.000000000000000e+00, 8.158883957371367e+06, 1.000000000000000e-10, 1.414013132174933e+11
10577, -1.074600000000000e-02, 1.465706329758000e-02, 7.950487667376089e-01, 0.000000000000000e+00, 0.000000000000000e+00, 8.101663048905205e+06, 1.000000000000000e-10, 1.434699678764843e+11
10706, -1.059866666667000e-02, 1.457200402632000e-02, 7.859675127090502e-01, 0.000000000000000e+00, 0.000000000000000e+00, 8.047425284762696e+06, 1.000000000000000e-10, 1.455550569566455e+11
10835, -1.045133333333000e-02, 1.448694466914000e-02, 7.771307438886395e-01, 0.000000000000000e+00, 0.000000000000000e+00, 7.996112264715998e+06, 1.000000000000000e-10, 1.476560166837811e+11
10964, -1.030400000000000e-02, 1.440188531196000e-02, 7.685279874549490e-01, 0.000000000000000e+00, 0.000000000000000e+00, 7.947599955941589e+06, 1.000000000000000e-10, 1.497732222709118e+11
11093, -1.015666666667000e-02, 1.431682585721000e-02, 7.601366899250530e-01, 0.000000000000000e+00, 0.000000000000000e+00, 7.901784359923765e+06, 1.000000000000000e-10, 1.519112769795668e+11
11222, -1.000933333333000e-02, 1.423176620845000e-02, 7.519562288267564e-01, 0.000000000000000e+00, 0.000000000000000e+00, 7.858472339900270e+06, 1.000000000000000e-10, 1.540669647895846e+11
11351, -9.861999999999999e-03, 1.414670697265000e-02, 7.439504283130696e-01, 0.000000000000000e+00, 0.000000000000000e+00, 7.817353510461747e+06, 1.000000000000000e-10, 1.562474264205505e+11
11480, -9.714666666667000e-03, 1.406164885990000e-02, 7.360938154243912e-01, 0.000000000000000e+00, 0.000000000000000e+00, 7.778170838668035e+06, 1.000000000000000e-10, 1.584575559385524e+11
11609, -9.567333333332999e-03, 1.397659180295000e-02, 7.283993941940543e-01, 0.000000000000000e+00, 0.000000000000000e+00, 7.740941267599737e+06, 1.000000000000000e-10, 1.606926001394045e+11
11738, -9.420000000000000e-03, 1.389153453281000e-02, 7.208665978753728e-01, 0.000000000000000e+00, 0.000000000000000e+00, 7.705690265174342e+06, 1.000000000000000e-10, 1.629523522411469e+11
11867, -9.272666666667000e-03, 1.380647597728000e-02, 7.134738156162027e-01, 0.000000000000000e+00, 0.000000000000000e+00, 7.672224995717734e+06, 1.000000000000000e-10, 1.652415379204620e+11
11996, -9.125333333332999e-03, 1.372141653632000e-02, 7.061880416224434e-01, 0.000000000000000e+00, 0.000000000000000e+00, 7.640207041310998e+06, 1.000000000000000e-10, 1.675678088282053e+11
12125, -8.978000000000000e-03, 1.363635689558000e-02, 6.990117717948320e-01, 0.000000000000000e+00, 0.000000000000000e+00, 7.609528404648859e+06, 1.000000000000000e-10, 1.699289012065941e+11
12254, -8.830666666667000e-03, 1.355129751342000e-02, 6.919451127469450e-01, 0.000000000000000e+00, 0.000000000000000e+00, 7.580241267099203e+06, 1.000000000000000e-10, 1.723254831403177e+11
12383, -8.683333333333000e-03, 1.346623815624000e-02, 6.849783860023347e-01, 0.000000000000000e+00, 0.000000000000000e+00, 7.552308050910720e+06, 1.000000000000000e-10, 1.747609782485892e+11
12512, -8.536000000000000e-03, 1.338117879906000e-02, 6.780964306186242e-01, 0.000000000000000e+00, 0.000000000000000e+00, 7.525620355470829e+06, 1.000000000000000e-10, 1.772404019567980e+11
12641, -8.388666666667001e-03, 1.329611967608000e-02, 6.712830310484672e-01, 0.000000000000000e+00, 0.000000000000000e+00, 7.499970873989549e+06, 1.000000000000000e-10, 1.797682540721890e+11
12770, -8.241333333333000e-03, 1.321106079612000e-02, 6.645199810014049e-01, 0.000000000000000e+00, 0.000000000000000e+00, 7.475213967311373e+06, 1.000000000000000e-10, 1.823512788666633e+11
12899, -8.094000000000000e-03, 1.312600105260000e-02, 6.578031660523413e-01, 0.000000000000000e+00, 0.000000000000000e+00, 7.451275717553313e+06, 1.000000000000000e-10, 1.849915828015232e+11
13028, -7.946666666666999e-03, 1.304093922370000e-02, 6.511093161087109e-01, 0.000000000000000e+00, 0.000000000000000e+00, 7.427909242044532e+06, 1.000000000000000e-10, 1.876976239947524e+11
13157, -7.799333333333000e-03, 1.295587580072000e-02, 6.444113941821361e-01, 0.000000000000000e+00, 0.000000000000000e+00, 7.404696571789052e+06, 1.000000000000000e-10, 1.904778326308481e+11
13286, -7.652000000000000e-03, 1.287081304362000e-02, 6.376860578526948e-01, 0.000000000000000e+00, 0.000000000000000e+00, 7.381355594750838e+06, 1.000000000000000e-10, 1.933419413411549e+11
13415, -7.504666666667000e-03, 1.278575257826000e-02, 6.309112867842877e-01, 0.000000000000000e+00, 0.000000000000000e+00, 7.357582515897065e+06, 1.000000000000000e-10, 1.962996513164986e+11
13544, -7.357333333333000e-03, 1.270069347550000e-02, 6.240857872238054e-01, 0.000000000000000e+00, 0.000000000000000e+00, 7.333345003451050e+06, 1.000000000000000e-10, 1.993555317732500e+11
13673, -7.210000000000000e-03, 1.261563457044000e-02, 6.171733500741625e-01, 0.000000000000000e+00, 0.000000000000000e+00, 7.308155181210677e+06, 1.000000000000000e-10, 2.025251870836116e+11
13802, -7.062666666667000e-03, 1.253057506192000e-02, 6.101079485258816e-01, 0.000000000000000e+00, 0.000000000000000e+00, 7.281102128618904e+06, 1.000000000000000e-10, 2.058349403860997e+11
13931, -6.915333333333000e-03, 1.244551544855000e-02, 6.028741998582724e-01, 0.000000000000000e+00, 0.000000000000000e+00, 7.251906118946959e+06, 1.000000000000000e-10, 2.092971907370598e+11
14060, -6.768000000000000e-03, 1.236045639796000e-02, 5.954373592793313e-01, 0.000000000000000e+00, 0.000000000000000e+00, 7.220022581827484e+06, 1.000000000000000e-10, 2.129320532703943e+11
14189, -6.620666666667000e-03, 1.227539860253000e-02, 5.877505912113454e-01, 0.000000000000000e+00, 0.000000000000000e+00, 7.184642565094761e+06, 1.000000000000000e-10, 2.167644759761362e+11
14318, -6.473333333333000e-03, 1.219034161332000e-02, 5.797984138479796e-01, 0.000000000000000e+00, 0.000000000000000e+00, 7.145378469534602e+06, 1.000000000000000e-10, 2.208114333540908e+11
14447, -6.326000000000000e-03, 1.210528411131000e-02, 5.715330187689742e-01, 0.000000000000000e+00, 0.000000000000000e+00, 7.101413081956401e+06, 1.000000000000000e-10, 2.251041580875854e+11
14576, -6.178666666667000e-03, 1.202022528258000e-02, 5.629340712214751e-01, 0.000000000000000e+00, 0.000000000000000e+00, 7.052183835191930e+06, 1.000000000000000e-10, 2.296653249656726e+11
14705, -6.031333333333000e-03, 1.193516573847000e-02, 5.539585795444437e-01, 0.000000000000000e+00, 0.000000000000000e+00, 6.996780964167193e+06, 1.000000000000000e-10, 2.345290324917018e+11
14834, -5.884000000000000e-03, 1.185010614442000e-02, 5.446948057862032e-01, 0.000000000000000e+00, 0.000000000000000e+00, 6.935994579430376e+06, 1.000000000000000e-10, 2.396773279634646e+11
14963, -5.736666666667000e-03, 1.176502003062000e-02, 5.350473804252857e-01, 0.000000000000000e+00, 0.000000000000000e+00, 6.868139722324886e+06, 1.000000000000000e-10, 2.451692849535625e+11
15092, -5.589333333333000e-03, 1.167992924744000e-02, 5.246992254049641e-01, 0.000000000000000e+00, 0.000000000000000e+00, 6.788460278984440e+06, 1.000000000000000e-10, 2.511756857585892e+11
15221, -5.442000000000000e-03, 1.159492388288000e-02, 5.148284808532942e-01, 0.000000000000000e+00, 0.000000000000000e+00, 6.712242101143260e+06, 1.000000000000000e-10, 2.571655730541831e+11
15350, -5.294666666667000e-03, 1.150964347947000e-02, 5.053294066083091e-01, 0.000000000000000e+00, 0.000000000000000e+00, 6.638013467117057e+06, 1.000000000000000e-10, 2.631680292413504e+11
15479, -5.147333333333000e-03, 1.142418473528000e-02, 4.926725111094090e-01, 0.000000000000000e+00, 0.000000000000000e+00, 6.516715687994450e+06, 1.000000000000000e-10, 2.710383000686269e+11
15608, -5.000000000000000e-03, 1.133943978313000e-02, 4.780681134158922e-01, 0.000000000000000e+00, 0.000000000000000e+00, 6.359646561098425e+06, 1.000000000000000e-10, 2.802614189184943e+11
15737, -4.916666666667000e-03, 1.129216121042000e-02, 4.613133108230723e-01, 0.000000000000000e+00, 0.000000000000000e+00, 6.164054094344103e+06, 1.000000000000000e-10, 2.912040395477282e+11
15866, -4.833333333333000e-03, 1.124562580776000e-02, 4.438258910519484e-01, 0.000000000000000e+00, 0.000000000000000e+00, 5.952435085420934e+06, 1.000000000000000e-10, 3.033428155762920e+11
15995, -4.750000000000000e-03, 1.120014370950000e-02, 4.255884095832737e-01, 0.000000000000000e+00, 0.000000000000000e+00, 5.724579678544118e+06, 1.000000000000000e-10, 3.168897903243038e+11
16124, -4.666666666667000e-03, 1.115566720488000e-02, 4.080482041773948e-01, 0.000000000000000e+00, 0.000000000000000e+00, 5.501296216949533e+06, 1.000000000000000e-10, 3.309613239535764e+11
16253, -4.583333333333000e-03, 1.111219772907000e-02, 3.910990197708298e-01, 0.000000000000000e+00, 0.000000000000000e+00, 5.281535299437659e+06, 1.000000000000000e-10, 3.456425620158002e+11
16382, -4.500000000000000e-03, 1.106971624994000e-02, 3.749035998212238e-01, 0.000000000000000e+00, 0.000000000000000e+00, 5.067732874374805e+06, 1.000000000000000e-10, 3.607802465286957e+11
16511, -4.416666666667000e-03, 1.102820404078000e-02, 3.594701781168399e-01, 0.000000000000000e+00, 0.000000000000000e+00, 4.860257528957507e+06, 1.000000000000000e-10, 3.763222608001624e+11
16640, -4.333333333333000e-03, 1.098766218362000e-02, 3.448952306118835e-01, 0.000000000000000e+00, 0.000000000000000e+00, 4.660912769027755e+06, 1.000000000000000e-10, 3.921119023828973e+11
16769, -4.250000000000000e-03, 1.094807026636000e-02, 3.313174931829600e-01, 0.000000000000000e+00, 0.000000000000000e+00, 4.472277577681407e+06, 1.000000000000000e-10, 4.079039446969505e+11
16898, -4.166666666667000e-03, 1.090940903402000e-02, 3.187195750313155e-01, 0.000000000000000e+00, 0.000000000000000e+00, 4.294731183120953e+06, 1.000000000000000e-10, 4.235905727075541e+11
17027, -4.083333333333000e-03, 1.087167362091000e-02, 3.071040690765634e-01, 0.000000000000000e+00, 0.000000000000000e+00, 4.128971644796212e+06, 1.000000000000000e-10, 4.390315774385901e+11
17156, -4.000000000000000e-03, 1.083485330355000e-02, 2.965153295171494e-01, 0.000000000000000e+00, 0.000000000000000e+00, 3.976312682363034e+06, 1.000000000000000e-10, 4.540152385373950e+11
17285, -3.916666666667000e-03, 1.079893124323000e-02, 2.869274340178278e-01, 0.000000000000000e+00, 0.000000000000000e+00, 3.836999123594118e+06, 1.000000000000000e-10, 4.684117874699798e+11
17414, -3.833333333333000e-03, 1.076389789915000e-02, 2.782369961322253e-01, 0.000000000000000e+00, 0.000000000000000e+00, 3.710040835492431e+06, 1.000000000000000e-10, 4.822166055158603e+11
17543, -3.750000000000000e-03, 1.072975273247000e-02, 2.703763436244845e-01, 0.000000000000000e+00, 0.000000000000000e+00, 3.594856311905877e+06, 1.000000000000000e-10, 4.953909366239249e+11
17672, -3.666666666667000e-03, 1.069647894585000e-02, 2.632566794661346e-01, 0.000000000000000e+00, 0.000000000000000e+00, 3.490417291064317e+06, 1.000000000000000e-10, 5.079466722074186e+11
17801, -3.583333333333000e-03, 1.066406399991000e-02, 2.566959315291195e-01, 0.000000000000000e+00, 0.000000000000000e+00, 3.394185230928448e+06, 1.000000000000000e-10, 5.200904243511516e+11
17930, -3.500000000000000e-03, 1.063250421822000e-02, 2.505413183852989e-01, 0.000000000000000e+00, 0.000000000000000e+00, 3.303941686351391e+06, 1.000000000000000e-10, 5.320214319375076e+11
18059, -3.416666666667000e-03, 1.060178506650000e-02, 2.446432534478889e-01, 0.000000000000000e+00, 0.000000000000000e+00, 3.217435784391250e+06, 1.000000000000000e-10, 5.439738321658489e+11
18188, -3.333333333333000e-03, 1.057190300361000e-02, 2.388343066075279e-01, 0.000000000000000e+00, 0.000000000000000e+00, 3.132129330807535e+06, 1.000000000000000e-10, 5.562667050134451e+11
18317, -3.250000000000000e-03, 1.054285918522000e-02, 2.330460114513417e-01, 0.000000000000000e+00, 0.000000000000000e+00, 3.046941332530693e+06, 1.000000000000000e-10, 5.690556995398988e+11
18446, -3.166666666667000e-03, 1.051463555101000e-02, 2.272393764105160e-01, 0.000000000000000e+00, 0.000000000000000e+00, 2.961263652213366e+06, 1.000000000000000e-10, 5.824583554290979e+11
18575, -3.083333333333000e-03, 1.048721891442000e-02, 2.213100324974665e-01, 0.000000000000000e+00, 0.000000000000000e+00, 2.873561357753412e+06, 1.000000000000000e-10, 5.967779183027190e+11
18704, -3.000000000000000e-03, 1.046061271532000e-02, 2.152263998449047e-01, 0.000000000000000e+00, 0.000000000000000e+00, 2.783381367212432e+06, 1.000000000000000e-10, 6.121859193835452e+11
18833, -2.916666666667000e-03, 1.043480181510000e-02, 2.089816979328566e-01, 0.000000000000000e+00, 0.000000000000000e+00, 2.690656748325706e+06, 1.000000000000000e-10, 6.288181829984182e+11
18962, -2.833333333333000e-03, 1.040978690889000e-02, 2.025551038970283e-01, 0.000000000000000e+00, 0.000000000000000e+00, 2.595135230296748e+06, 1.000000000000000e-10, 6.468763213289910e+11
19091, -2.750000000000000e-03, 1.038556087612000e-02, 1.959930335951933e-01, 0.000000000000000e+00, 0.000000000000000e+00, 2.497567259410311e+06, 1.000000000000000e-10, 6.663934838562404e+11
19220, -2.666666666667000e-03, 1.036210752667000e-02, 1.892625706817021e-01, 0.000000000000000e+00, 0.000000000000000e+00, 2.397549708105174e+06, 1.000000000000000e-10, 6.876593687113751e+11
19349, -2.583333333333000e-03, 1.033944289372000e-02, 1.823945648498779e-01, 0.000000000000000e+00, 0.000000000000000e+00, 2.295613373336400e+06, 1.000000000000000e-10, 7.107993481422555e+11
19478, -2.500000000000000e-03, 1.031754816274000e-02, 1.755007003739252e-01, 0.000000000000000e+00, 0.000000000000000e+00, 2.193478479472949e+06, 1.000000000000000e-10, 7.356480958306241e+11
19607, -2.416666666667000e-03, 1.029640251349000e-02, 1.685183157297699e-01, 0.000000000000000e+00, 0.000000000000000e+00, 2.090315889367975e+06, 1.000000000000000e-10, 7.626691762953732e+11
19736, -2.333333333333000e-03, 1.027603131512000e-02, 1.614742375674668e-01, 0.000000000000000e+00, 0.000000000000000e+00, 1.986584331794928e+06, 1.000000000000000e-10, 7.920448596840353e+11
19865, -2.250000000000000e-03, 1.025641594330000e-02, 1.544931747692133e-01, 0.000000000000000e+00, 0.000000000000000e+00, 1.884168397958045e+06, 1.000000000000000e-10, 8.235152304914833e+11
19994, -2.166666666667000e-03, 1.023754061528000e-02, 1.475470783873050e-01, 0.000000000000000e+00, 0.000000000000000e+00, 1.782725258594031e+06, 1.000000000000000e-10, 8.574666668694858e+11
20123, -2.083333333333000e-03, 1.021942020249000e-02, 1.406679701493521e-01, 0.000000000000000e+00, 0.000000000000000e+00, 1.682769192954020e+06, 1.000000000000000e-10, 8.940363000065834e+11
20252, -2.000000000000000e-03, 1.020203698127000e-02, 1.339167275242092e-01, 0.000000000000000e+00, 0.000000000000000e+00, 1.585216590779322e+06, 1.000000000000000e-10, 9.331747691162064e+11
20381, -1.916666666667000e-03, 1.018539344683000e-02, 1.272910685457182e-01, 0.000000000000000e+00, 0.000000000000000e+00, 1.490058119292585e+06, 1.000000000000000e-10, 9.751654277777571e+11
20510, -1.833333333333000e-03, 1.016949180323000e-02, 1.208555061179572e-01, 0.000000000000000e+00, 0.000000000000000e+00, 1.398223886475975e+06, 1.000000000000000e-10, 1.019845262550661e+12
20639, -1.750000000000000e-03, 1.015431068634000e-02, 1.146175864035542e-01, 0.000000000000000e+00, 0.000000000000000e+00, 1.309813606709968e+06, 1.000000000000000e-10, 1.067364588565004e+12
20768, -1.666666666667000e-03, 1.013986719383000e-02, 1.085850988214551e-01, 0.000000000000000e+00, 0.000000000000000e+00, 1.224912903013630e+06, 1.000000000000000e-10, 1.117857460338707e+12
20897, -1.583333333333000e-03, 1.012614902920000e-02, 1.028278898370714e-01, 0.000000000000000e+00, 0.000000000000000e+00, 1.144469194420239e+06, 1.000000000000000e-10, 1.170842774535555e+12
21026, -1.500000000000000e-03, 1.011313580690000e-02, 9.731037434907970e-02, 0.000000000000000e+00, 0.000000000000000e+00, 1.067935506783131e+06, 1.000000000000000e-10, 1.226687417592616e+12
21155, -1.416666666667000e-03, 1.010085749616000e-02, 9.204565619947257e-02, 0.000000000000000e+00, 0.000000000000000e+00, 9.954312884169279e+05, 1.000000000000000e-10, 1.285285795949071e+12
21284, -1.333333333333000e-03, 1.008929098711000e-02, 8.708951240658559e-02, 0.000000000000000e+00, 0.000000000000000e+00, 9.276614428080661e+05, 1.000000000000000e-10, 1.345896050975699e+12
21413, -1.250000000000000e-03, 1.007842814127000e-02, 8.240489095848891e-02, 0.000000000000000e+00, 0.000000000000000e+00, 8.640389892686500e+05, 1.000000000000000e-10, 1.408736936150537e+12
21542, -1.166666666667000e-03, 1.006829025384000e-02, 7.801180260867696e-02, 0.000000000000000e+00, 0.000000000000000e+00, 8.047569865673748e+05, 1.000000000000000e-10, 1.473241992719497e+12
21671, -1.083333333333000e-03, 1.005884685296000e-02, 7.391392901881184e-02, 0.000000000000000e+00, 0.000000000000000e+00, 7.497848886871212e+05, 1.000000000000000e-10, 1.538910076506312e+12
21800, -1.000000000000000e-03, 1.005012311242000e-02, 7.009313547829693e-02, 0.000000000000000e+00, 0.000000000000000e+00, 6.987922970838483e+05, 1.000000000000000e-10, 1.605482851940621e+12
21929, -9.166666666667000e-04, 1.004211057632000e-02, 6.658302528106640e-02, 0.000000000000000e+00, 0.000000000000000e+00, 6.521567951970501e+05, 1.000000000000000e-10, 1.671686025780999e+12
22058, -8.333333333333000e-04, 1.003477822626000e-02, 6.335143711854595e-02, 0.000000000000000e+00, 0.000000000000000e+00, 6.093680358860401e+05, 1.000000000000000e-10, 1.737287051709544e+12
22187, -7.500000000000000e-04, 1.002816672479000e-02, 6.038516077397368e-02, 0.000000000000000e+00, 0.000000000000000e+00, 5.701750721601226e+05, 1.000000000000000e-10, 1.801689425080570e+12
22316, -6.666666666667000e-04, 1.002224687162000e-02, 5.769856169670059e-02, 0.000000000000000e+00, 0.000000000000000e+00, 5.347141198504257e+05, 1.000000000000000e-10, 1.863645398945200e+12
22445, -5.833333333333000e-04, 1.001702072551000e-02, 5.525633882387624e-02, 0.000000000000000e+00, 0.000000000000000e+00, 5.024582952010833e+05, 1.000000000000000e-10, 1.922974958525108e+12
22574, -5.000000000000000e-04, 1.001251901113000e-02, 5.306615577269524e-02, 0.000000000000000e+00, 0.000000000000000e+00, 4.734734618188663e+05, 1.000000000000000e-10, 1.978551200391010e+12
22703, -4.166666666667000e-04, 1.000867328846000e-02, 5.111170730941422e-02, 0.000000000000000e+00, 0.000000000000000e+00, 4.475167821028239e+05, 1.000000000000000e-10, 2.029869392598224e+12
22832, -3.333333333333000e-04, 1.000554294324000e-02, 4.935421527174401e-02, 0.000000000000000e+00, 0.000000000000000e+00, 4.240397516581900e+05, 1.000000000000000e-10, 2.077106845999387e+12
22961, -2.500000000000000e-04, 1.000313676782000e-02, 4.781797892983884e-02, 0.000000000000000e+00, 0.000000000000000e+00, 4.033804060333457e+05, 1.000000000000000e-10, 2.118977527884896e+12
23090, -1.666666666667000e-04, 1.000133445625000e-02, 4.644081472676807e-02, 0.000000000000000e+00, 0.000000000000000e+00, 3.846866243169949e+05, 1.000000000000000e-10, 2.156562536970735e+12
23219, -8.333333333333000e-05, 1.000041252892000e-02, 4.524061390033122e-02, 0.000000000000000e+00, 0.000000000000000e+00, 3.682236580197850e+05, 1.000000000000000e-10, 2.189011118732229e+12
23348, 0.000000000000000e+00, 1.000000000000000e-02, 4.415949993952167e-02, 0.000000000000000e+00, 0.000000000000000e+00, 3.531943280815844e+05, 1.000000000000000e-10, 2.217533522350119e+12
23477, 8.333333333333000e-05, 1.000069153711000e-02, 4.313368282083435e-02, 0.000000000000000e+00, 0.000000000000000e+00, 3.386623061819789e+05, 1.000000000000000e-10, 2.243320584087213e+12
23606, 1.666666666667000e-04, 1.000277940734000e-02, 4.223546054188484e-02, 0.000000000000000e+00, 0.000000000000000e+00, 3.257099720621345e+05, 1.000000000000000e-10, 2.264555842745290e+12
23735, 2.500000000000000e-04, 1.000625344954000e-02, 4.148156130885211e-02, 0.000000000000000e+00, 0.000000000000000e+00, 3.146504210994677e+05, 1.000000000000000e-10, 2.281080811250232e+12
23864, 3.333333333333000e-04, 1.001112590804000e-02, 4.085674020688376e-02, 0.000000000000000e+00, 0.000000000000000e+00, 3.053275783727232e+05, 1.000000000000000e-10, 2.293588761050732e+12
23993, 4.166666666667000e-04, 1.001739204487000e-02, 4.034177827428140e-02, 0.000000000000000e+00, 0.000000000000000e+00, 2.975154082282407e+05, 1.000000000000000e-10, 2.302864503284875e+12
24122, 5.000000000000000e-04, 1.002506496116000e-02, 3.991813732854639e-02, 0.000000000000000e+00, 0.000000000000000e+00, 2.909842795449844e+05, 1.000000000000000e-10, 2.309626634636205e+12
24251, 5.833333333333000e-04, 1.003414225398000e-02, 3.957054414374175e-02, 0.000000000000000e+00, 0.000000000000000e+00, 2.855436285805719e+05, 1.000000000000000e-10, 2.314473855597959e+12
24380, 6.666666666667000e-04, 1.004464483857000e-02, 3.928616970323327e-02, 0.000000000000000e+00, 0.000000000000000e+00, 2.810295887926270e+05, 1.000000000000000e-10, 2.317891393294303e+12
24509, 7.500000000000000e-04, 1.005656559133000e-02, 3.905377339654608e-02, 0.000000000000000e+00, 0.000000000000000e+00, 2.772929705891471e+05, 1.000000000000000e-10, 2.320264710307841e+12
24638, 8.333333333333000e-04, 1.006993215751000e-02, 3.886416564494347e-02, 0.000000000000000e+00, 0.000000000000000e+00, 2.742092112264316e+05, 1.000000000000000e-10, 2.321888964579596e+12
24767, 9.166666666667000e-04, 1.008474844719000e-02, 3.871004622047455e-02, 0.000000000000000e+00, 0.000000000000000e+00, 2.716776677462584e+05, 1.000000000000000e-10, 2.322984545100178e+12
24896, 1.000000000000000e-03, 1.010102180145000e-02, 3.858493027365772e-02, 0.000000000000000e+00, 0.000000000000000e+00, 2.696052122816657e+05, 1.000000000000000e-10, 2.323716060629557e+12
25025, 1.083333333333000e-03, 1.011876565740000e-02, 3.848348974305569e-02, 0.000000000000000e+00, 0.000000000000000e+00, 2.679140577681847e+05, 1.000000000000000e-10, 2.324205533189657e+12
25154, 1.166666666667000e-03, 1.013801591261000e-02, 3.840148610453082e-02, 0.000000000000000e+00, 0.000000000000000e+00, 2.665407398611070e+05, 1.000000000000000e-10, 2.324537208855032e+12
25283, 1.250000000000000e-03, 1.015876998132000e-02, 3.833540524946030e-02, 0.000000000000000e+00, 0.000000000000000e+00, 2.654315477175972e+05, 1.000000000000000e-10, 2.324770813885283e+12
25412, 1.333333333333000e-03, 1.018105268635000e-02, 3.828213789184795e-02, 0.000000000000000e+00, 0.000000000000000e+00, 2.645379575680423e+05, 1.000000000000000e-10, 2.324949572771027e+12
25541, 1.416666666667000e-03, 1.020489804992000e-02, 3.823930809269545e-02, 0.000000000000000e+00, 0.000000000000000e+00, 2.638219625398527e+05, 1.000000000000000e-10, 2.325099706486789e+12
25670, 1.500000000000000e-03, 1.023030214792000e-02, 3.820485240045152e-02, 0.000000000000000e+00, 0.000000000000000e+00, 2.632502087122482e+05, 1.000000000000000e-10, 2.325240073266613e+12
25799, 1.583333333333000e-03, 1.025731496843000e-02, 3.817705482307800e-02, 0.000000000000000e+00, 0.000000000000000e+00, 2.627945181842301e+05, 1.000000000000000e-10, 2.325382673261324e+12
25928, 1.666666666667000e-03, 1.028595130490000e-02, 3.815458644136102e-02, 0.000000000000000e+00, 0.000000000000000e+00, 2.624326184281877e+05, 1.000000000000000e-10, 2.325533640414620e+12
26057, 1.750000000000000e-03, 1.031625231090000e-02, 3.813629012797629e-02, 0.000000000000000e+00, 0.000000000000000e+00, 2.621447176045335e+05, 1.000000000000000e-10, 2.325695276564218e+12
26186, 1.833333333333000e-03, 1.034823442692000e-02, 3.812131286412863e-02, 0.000000000000000e+00, 0.000000000000000e+00, 2.619163299291511e+05, 1.000000000000000e-10, 2.325869741419002e+12
26315, 1.916666666667000e-03, 1.038194467245000e-02, 3.810887900008381e-02, 0.000000000000000e+00, 0.000000000000000e+00, 2.617340713171106e+05, 1.000000000000000e-10, 2.326057430396252e+12
26444, 2.000000000000000e-03, 1.041742166505000e-02, 3.809841816931482e-02, 0.000000000000000e+00, 0.000000000000000e+00, 2.615877573111220e+05, 1.000000000000000e-10, 2.326256512298253e+12
26573, 2.083333333333000e-03, 1.045470462360000e-02, 3.808947352760670e-02, 0.000000000000000e+00, 0.000000000000000e+00, 2.614691978817029e+05, 1.000000000000000e-10, 2.326465258046763e+12
26702, 2.166666666667000e-03, 1.049383311026000e-02, 3.808167394201494e-02, 0.000000000000000e+00, 0.000000000000000e+00, 2.613717803207702e+05, 1.000000000000000e-10, 2.326682445135096e+12
26831, 2.250000000000000e-03, 1.053485883314000e-02, 3.807473233460931e-02, 0.000000000000000e+00, 0.000000000000000e+00, 2.612903204193410e+05, 1.000000000000000e-10, 2.326906736871983e+12
26960, 2.333333333333000e-03, 1.057783082555000e-02, 3.806842027981601e-02, 0.000000000000000e+00, 0.000000000000000e+00, 2.612207270090593e+05, 1.000000000000000e-10, 2.327137111954874e+12
27089, 2.416666666667000e-03, 1.062281871410000e-02, 3.806258472242833e-02, 0.000000000000000e+00, 0.000000000000000e+00, 2.611600216617548e+05, 1.000000000000000e-10, 2.327371655473873e+12
27218, 2.500000000000000e-03, 1.066986674341000e-02, 3.805708422757194e-02, 0.000000000000000e+00, 0.000000000000000e+00, 2.611057336189888e+05, 1.000000000000000e-10, 2.327610128416880e+12
27347, 2.583333333333000e-03, 1.071907141134000e-02, 3.805184090680695e-02, 0.000000000000000e+00, 0.000000000000000e+00, 2.610562251809155e+05, 1.000000000000000e-10, 2.327850704102786e+12
27476, 2.666666666667000e-03, 1.077047398923000e-02, 3.804680387346438e-02, 0.000000000000000e+00, 0.000000000000000e+00, 2.610103441769024e+05, 1.000000000000000e-10, 2.328091851017625e+12
27605, 2.750000000000000e-03, 1.082417726931000e-02, 3.804230663944085e-02, 0.000000000000000e+00, 0.000000000000000e+00, 2.609702414775372e+05, 1.000000000000000e-10, 2.328312228539964e+12
27734, 2.833333333333000e-03, 1.087984694292000e-02, 3.803977521723129e-02, 0.000000000000000e+00, 0.000000000000000e+00, 2.609470001801027e+05, 1.000000000000000e-10, 2.328432365254921e+12
27863, 2.916666666667000e-03, 1.093583753480000e-02, 3.803897597419048e-02, 0.000000000000000e+00, 0.000000000000000e+00, 2.609385525209825e+05, 1.000000000000000e-10, 2.328463740667210e+12
27992, 3.000000000000000e-03, 1.099196483463000e-02, 3.803860326726041e-02, 0.000000000000000e+00, 0.000000000000000e+00, 2.609341786230456e+05, 1.000000000000000e-10, 2.328475814838991e+12
28121, 3.083333333333000e-03, 1.104811826294000e-02, 3.803849958756024e-02, 0.000000000000000e+00, 0.000000000000000e+00, 2.609323749955416e+05, 1.000000000000000e-10, 2.328476237516304e+12
28250, 3.166666666667000e-03, 1.110418724028000e-02, 3.803860893606773e-02, 0.000000000000000e+00, 0.000000000000000e+00, 2.609325580193752e+05, 1.000000000000000e-10, 2.328466849907440e+12
28379, 3.250000000000000e-03, 1.116008836413000e-02, 3.803875263893427e-02, 0.000000000000000e+00, 0.000000000000000e+00, 2.609332114132764e+05, 1.000000000000000e-10, 2.328455237331237e+12
28508, 3.333333333333000e-03, 1.121590430068000e-02, 3.803883231731212e-02, 0.000000000000000e+00, 0.000000000000000e+00, 2.609334815123233e+05, 1.000000000000000e-10, 2.328448478655223e+12
28637, 3.416666666667000e-03, 1.127165429581000e-02, 3.803890460044015e-02, 0.000000000000000e+00, 0.000000000000000e+00, 2.609337776880414e+05, 1.000000000000000e-10, 2.328442883380479e+12
28766, 3.500000000000000e-03, 1.132733875411000e-02, 3.803898462724851e-02, 0.000000000000000e+00, 0.000000000000000e+00, 2.609341990024858e+05, 1.000000000000000e-10, 2.328437233987286e+12
28895, 3.583333333333000e-03, 1.138295808018000e-02, 3.803907158810345e-02, 0.000000000000000e+00, 0.000000000000000e+00, 2.609347234991854e+05, 1.000000000000000e-10, 2.328431487176726e+12
29024, 3.666666666667000e-03, 1.143851264317000e-02, 3.803916438271918e-02, 0.000000000000000e+00, 0.000000000000000e+00, 2.609353308317196e+05, 1.000000000000000e-10, 2.328425646313166e+12
29153, 3.750000000000000e-03, 1.149400251723000e-02, 3.803926220630061e-02, 0.000000000000000e+00, 0.000000000000000e+00, 2.609360062085030e+05, 1.000000000000000e-10, 2.328419647252083e+12
29282, 3.833333333333000e-03, 1.154942768598000e-02, 3.803936426370364e-02, 0.000000000000000e+00, 0.000000000000000e+00, 2.609367372315630e+05, 1.000000000000000e-10, 2.328413570603945e+12
29411, 3.916666666667000e-03, 1.160478813985000e-02, 3.803946986801549e-02, 0.000000000000000e+00, 0.000000000000000e+00, 2.609375139793934e+05, 1.000000000000000e-10, 2.328407470603376e+12
29540, 4.000000000000000e-03, 1.166008386930000e-02, 3.803957843860418e-02, 0.000000000000000e+00, 0.000000000000000e+00, 2.609383285144960e+05, 1.000000000000000e-10, 2.328401231572410e+12
29669, 4.083333333333000e-03, 1.171531490179000e-02, 3.803968932284377e-02, 0.000000000000000e+00, 0.000000000000000e+00, 2.609391731240202e+05, 1.000000000000000e-10, 2.328394934866390e+12
29798, 4.166666666667000e-03, 1.177048147691000e-02, 3.803980197871893e-02, 0.000000000000000e+00, 0.000000000000000e+00, 2.609400415458556e+05, 1.000000000000000e-10, 2.328388623855108e+12
29927, 4.250000000000000e-03, 1.182558383500000e-02, 3.803991610933220e-02, 0.000000000000000e+00, 0.000000000000000e+00, 2.609409298973227e+05, 1.000000000000000e-10, 2.328382249609987e+12
30056, 4.333333333333000e-03, 1.188062220786000e-02, 3.804003147736414e-02, 0.000000000000000e+00, 0.000000000000000e+00, 2.609418350882158e+05, 1.000000000000000e-10, 2.328375858099578e+12
30185, 4.416666666667000e-03, 1.193559682732000e-02, 3.804014782289221e-02, 0.000000000000000e+00, 0.000000000000000e+00, 2.609427540776873e+05, 1.000000000000000e-10, 2.328369461734392e+12
30314, 4.500000000000000e-03, 1.199050799074000e-02, 3.804026493692154e-02, 0.000000000000000e+00, 0.000000000000000e+00, 2.609436844097269e+05, 1.000000000000000e-10, 2.328363021665938e+12
30443, 4.583333333333000e-03, 1.204535598395000e-02, 3.804038306358943e-02, 0.000000000000000e+00, 0.000000000000000e+00, 2.609446273887759e+05, 1.000000000000000e-10, 2.328356575558537e+12
30572, 4.666666666667000e-03, 1.210014066384000e-02, 3.804050248541975e-02, 0.000000000000000e+00, 0.000000000000000e+00, 2.609455847559381e+05, 1.000000000000000e-10, 2.328350103055821e+12
30701, 4.750000000000000e-03, 1.215486185744000e-02, 3.804062314539342e-02, 0.000000000000000e+00, 0.000000000000000e+00, 2.609465556134599e+05, 1.000000000000000e-10, 2.328343554795400e+12
30830, 4.833333333333000e-03, 1.220951939177000e-02, 3.804074487279017e-02, 0.000000000000000e+00, 0.000000000000000e+00, 2.609475381833209e+05, 1.000000000000000e-10, 2.328336980142010e+12
30959, 4.916666666667000e-03, 1.226411317420000e-02, 3.804086713992542e-02, 0.000000000000000e+00, 0.000000000000000e+00, 2.609485278644873e+05, 1.000000000000000e-10, 2.328330371491362e+12
31088, 5.000000000000000e-03, 1.231864352860000e-02, 3.804098949727876e-02, 0.000000000000000e+00, 0.000000000000000e+00, 2.609495206992492e+05, 1.000000000000000e-10, 2.328323804646278e+12
31217, 5.083333333333000e-03, 1.237311077428000e-02, 3.804111186393054e-02, 0.000000000000000e+00, 0.000000000000000e+00, 2.609505157178028e+05, 1.000000000000000e-10, 2.328317220741167e+12
31346, 5.166666666667000e-03, 1.242751521627000e-02, 3.804123418377836e-02, 0.000000000000000e+00, 0.000000000000000e+00, 2.609515122026873e+05, 1.000000000000000e-10, 2.328310663563101e+12
31475, 5.250000000000000e-03, 1.248185715963000e-02, 3.804135633219809e-02, 0.000000000000000e+00, 0.000000000000000e+00, 2.609525089235977e+05, 1.000000000000000e-10, 2.328304131870665e+12
31604, 5.333333333333000e-03, 1.253613698912000e-02, 3.804147826911353e-02, 0.000000000000000e+00, 0.000000000000000e+00, 2.609535053613239e+05, 1.000000000000000e-10, 2.328297602502324e+12
31733, 5.416666666667000e-03, 1.259035501722000e-02, 3.804160055175416e-02, 0.000000000000000e+00, 0.000000000000000e+00, 2.609545058051523e+05, 1.000000000000000e-10, 2.328291116485740e+12
31862, 5.500000000000000e-03, 1.264451095952000e-02, 3.804172371802375e-02, 0.000000000000000e+00, 0.000000000000000e+00, 2.609555144462450e+05, 1.000000000000000e-10, 2.328284570613246e+12
31991, 5.583333333333000e-03, 1.269860449162000e-02, 3.804184780782863e-02, 0.000000000000000e+00, 0.000000000000000e+00, 2.609565315003464e+05, 1.000000000000000e-10, 2.328277920586010e+12
32120, 5.666666666667000e-03, 1.275263528910000e-02, 3.804197271103747e-02, 0.000000000000000e+00, 0.000000000000000e+00, 2.609575559467202e+05, 1.000000000000000e-10, 2.328271287838166e+12
32249, 5.750000000000000e-03, 1.280660311029000e-02, 3.804209779864593e-02, 0.000000000000000e+00, 0.000000000000000e+00, 2.609585825975580e+05, 1.000000000000000e-10, 2.328264631687902e+12
32378, 5.833333333333000e-03, 1.286050829273000e-02, 3.804222239860944e-02, 0.000000000000000e+00, 0.000000000000000e+00, 2.609596058961745e+05, 1.000000000000000e-10, 2.328257983007375e+12
32507, 5.916666666667000e-03, 1.291435129968000e-02, 3.804234634358563e-02, 0.000000000000000e+00, 0.000000000000000e+00, 2.609606243270749e+05, 1.000000000000000e-10, 2.328251404751119e+12
32636, 6.000000000000000e-03, 1.296813258031000e-02, 3.804246960528272e-02, 0.000000000000000e+00, 0.000000000000000e+00, 2.609616375341296e+05, 1.000000000000000e-10, 2.328244858447225e+12
32765, 6.083333333333000e-03, 1.302185258376000e-02, 3.804259223410218e-02, 0.000000000000000e+00, 0.000000000000000e+00, 2.609626458255032e+05, 1.000000000000000e-10, 2.328238304052788e+12
32894, 6.166666666667000e-03, 1.307551168635000e-02, 3.804271465510914e-02, 0.000000000000000e+00, 0.000000000000000e+00, 2.609636525260494e+05, 1.000000000000000e-10, 2.328231848971131e+12
33023, 6.250000000000000e-03, 1.312910984287000e-02, 3.804283716417226e-02, 0.000000000000000e+00, 0.000000000000000e+00, 2.609646599566240e+05, 1.000000000000000e-10, 2.328225335550726e+12
33152, 6.333333333333000e-03, 1.318264708556000e-02, 3.804295967468863e-02, 0.000000000000000e+00, 0.000000000000000e+00, 2.609656673764335e+05, 1.000000000000000e-10, 2.328218806848876e+12
33281, 6.416666666667000e-03, 1.323612347654000e-02, 3.804308214050468e-02, 0.000000000000000e+00, 0.000000000000000e+00, 2.609666743439437e+05, 1.000000000000000e-10, 2.328212303040062e+12
33410, 6.500000000000000e-03, 1.328953907792000e-02, 3.804320443427112e-02, 0.000000000000000e+00, 0.000000000000000e+00, 2.609676797629728e+05, 1.000000000000000e-10, 2.328205824404746e+12
33539, 6.583333333333000e-03, 1.334289406164000e-02, 3.804332611631179e-02, 0.000000000000000e+00, 0.000000000000000e+00, 2.609686800500976e+05, 1.000000000000000e-10, 2.328199322444459e+12
33668, 6.666666666667000e-03, 1.339618897747000e-02, 3.804344750906598e-02, 0.000000000000000e+00, 0.000000000000000e+00, 2.609696777149018e+05, 1.000000000000000e-10, 2.328192865506834e+12
33797, 6.750000000000000e-03, 1.344942362582000e-02, 3.804356936385828e-02, 0.000000000000000e+00, 0.000000000000000e+00, 2.609706787483619e+05, 1.000000000000000e-10, 2.328186404573639e+12
33926, 6.833333333333000e-03, 1.350259769131000e-02, 3.804369181820232e-02, 0.000000000000000e+00, 0.000000000000000e+00, 2.609716842621260e+05, 1.000000000000000e-10, 2.328179888750363e+12
34055, 6.916666666667000e-03, 1.355571085854000e-02, 3.804381484973366e-02, 0.000000000000000e+00, 0.000000000000000e+00, 2.609726940454868e+05, 1.000000000000000e-10, 2.328173361272323e+12
34184, 7.000000000000000e-03, 1.360876282826000e-02, 3.804393804038043e-02, 0.000000000000000e+00, 0.000000000000000e+00, 2.609737046915136e+05, 1.000000000000000e-10, 2.328166793272021e+12
34313, 7.083333333333000e-03, 1.366175371767000e-02, 3.804406059091127e-02, 0.000000000000000e+00, 0.000000000000000e+00, 2.609747097157423e+05, 1.000000000000000e-10, 2.328160277120913e+12
34442, 7.166666666667000e-03, 1.371468408136000e-02, 3.804418203828859e-02, 0.000000000000000e+00, 0.000000000000000e+00, 2.609757053006553e+05, 1.000000000000000e-10, 2.328153824639863e+12
34571, 7.250000000000000e-03, 1.376755449414000e-02, 3.804430231232370e-02, 0.000000000000000e+00, 0.000000000000000e+00, 2.609766908002782e+05, 1.000000000000000e-10, 2.328147358712625e+12
34700, 7.333333333333000e-03, 1.382036553079000e-02, 3.804442139091418e-02, 0.000000000000000e+00, 0.000000000000000e+00, 2.609776659953835e+05, 1.000000000000000e-10, 2.328141003500063e+12
34829, 7.416666666667000e-03, 1.387311777443000e-02, 3.804453947306233e-02, 0.000000000000000e+00, 0.000000000000000e+00, 2.609786324717762e+05, 1.000000000000000e-10, 2.328134730390928e+12
34958, 7.500000000000000e-03, 1.392581159072000e-02, 3.804465741085875e-02, 0.000000000000000e+00, 0.000000000000000e+00, 2.609795970712817e+05, 1.000000000000000e-10, 2.328128430014772e+12
35087, 7.583333333333000e-03, 1.397844663021000e-02, 3.804477596675121e-02, 0.000000000000000e+00, 0.000000000000000e+00, 2.609805659637765e+05, 1.000000000000000e-10, 2.328122090483121e+12
35216, 7.666666666667000e-03, 1.403102244047000e-02, 3.804489528027110e-02, 0.000000000000000e+00, 0.000000000000000e+00, 2.609815403312602e+05, 1.000000000000000e-10, 2.328115741594184e+12
35345, 7.750000000000000e-03, 1.408353856911000e-02, 3.804501531963328e-02, 0.000000000000000e+00, 0.000000000000000e+00, 2.609825199297001e+05, 1.000000000000000e-10, 2.328109330393450e+12
35474, 7.833333333333000e-03, 1.413599458726000e-02, 3.804513538685208e-02, 0.000000000000000e+00, 0.000000000000000e+00, 2.609834991552654e+05, 1.000000000000000e-10, 2.328102882178564e+12
35603, 7.916666666667000e-03, 1.418839079044000e-02, 3.804525466576850e-02, 0.000000000000000e+00, 0.000000000000000e+00, 2.609844714272890e+05, 1.000000000000000e-10, 2.328096489445868e+12
35732, 8.000000000000000e-03, 1.424072762585000e-02, 3.804537311669196e-02, 0.000000000000000e+00, 0.000000000000000e+00, 2.609854363701093e+05, 1.000000000000000e-10, 2.328090176908951e+12
35861, 8.083333333333000e-03, 1.429300537375000e-02, 3.804549086626624e-02, 0.000000000000000e+00, 0.000000000000000e+00, 2.609863950019748e+05, 1.000000000000000e-10, 2.328083825101536e+12
35990, 8.166666666667001e-03, 1.434522431438000e-02, 3.804560793160826e-02, 0.000000000000000e+00, 0.000000000000000e+00, 2.609873474995310e+05, 1.000000000000000e-10, 2.328077551617993e+12
36119, 8.250000000000000e-03, 1.439738472402000e-02, 3.804572462254720e-02, 0.000000000000000e+00, 0.000000000000000e+00, 2.609882963915825e+05, 1.000000000000000e-10, 2.328071298570076e+12
36248, 8.333333333333000e-03, 1.444948654260000e-02, 3.804584110170681e-02, 0.000000000000000e+00, 0.000000000000000e+00, 2.609892430475230e+05, 1.000000000000000e-10, 2.328065053554158e+12
36377, 8.416666666667001e-03, 1.450152986714000e-02, 3.804595702968807e-02, 0.000000000000000e+00, 0.000000000000000e+00, 2.609901848293102e+05, 1.000000000000000e-10, 2.328058836333670e+12
36506, 8.500000000000001e-03, 1.455351502830000e-02, 3.804607219038571e-02, 0.000000000000000e+00, 0.000000000000000e+00, 2.609911200667231e+05, 1.000000000000000e-10, 2.328052621109804e+12
36635, 8.583333333333000e-03, 1.460544235670000e-02, 3.804618657504635e-02, 0.000000000000000e+00, 0.000000000000000e+00, 2.609920487693678e+05, 1.000000000000000e-10, 2.328046490852617e+12
36764, 8.666666666666999e-03, 1.465731218302000e-02, 3.804630004210634e-02, 0.000000000000000e+00, 0.000000000000000e+00, 2.609929699321192e+05, 1.000000000000000e-10, 2.328040380454213e+12
36893, 8.750000000000001e-03, 1.470912502093000e-02, 3.804641291071689e-02, 0.000000000000000e+00, 0.000000000000000e+00, 2.609938862781092e+05, 1.000000000000000e-10, 2.328034333284422e+12
37022, 8.833333333333001e-03, 1.476088090071000e-02, 3.804652609722468e-02, 0.000000000000000e+00, 0.000000000000000e+00, 2.609948053653075e+05, 1.000000000000000e-10, 2.328028218137460e+12
37151, 8.916666666667000e-03, 1.481257938499000e-02, 3.804664011706504e-02, 0.000000000000000e+00, 0.000000000000000e+00, 2.609957316222413e+05, 1.000000000000000e-10, 2.328022102183406e+12
37280, 8.999999999999999e-03, 1.486422003627000e-02, 3.804675505901101e-02, 0.000000000000000e+00, 0.000000000000000e+00, 2.609966660765516e+05, 1.000000000000000e-10, 2.328015936438007e+12
37409, 9.083333333333001e-03, 1.491580241702000e-02, 3.804687065537181e-02, 0.000000000000000e+00, 0.000000000000000e+00, 2.609976069096779e+05, 1.000000000000000e-10, 2.328009731420951e+12
37538, 9.166666666667000e-03, 1.496732644749000e-02, 3.804698605380022e-02, 0.000000000000000e+00, 0.000000000000000e+00, 2.609985476775978e+05, 1.000000000000000e-10, 2.328003589048294e+12
37667, 9.250000000000000e-03, 1.501879271947000e-02, 3.804710110305272e-02, 0.000000000000000e+00, 0.000000000000000e+00, 2.609994876108795e+05, 1.000000000000000e-10, 2.327997416129407e+12
37796, 9.333333333332999e-03, 1.507020143211000e-02, 3.804721631272632e-02, 0.000000000000000e+00, 0.000000000000000e+00, 2.610004314058351e+05, 1.000000000000000e-10, 2.327991298890245e+12
37925, 9.416666666667000e-03, 1.512155277109000e-02, 3.804733195986854e-02, 0.000000000000000e+00, 0.000000000000000e+00, 2.610013821450254e+05, 1.000000000000000e-10, 2.327985149770793e+12
38054, 9.500000000000000e-03, 1.517284692208000e-02, 3.804744852606886e-02, 0.000000000000000e+00, 0.000000000000000e+00, 2.610023448487692e+05, 1.000000000000000e-10, 2.327978942274477e+12
38183, 9.583333333333000e-03, 1.522408393550000e-02, 3.804756682693811e-02, 0.000000000000000e+00, 0.000000000000000e+00, 2.610033277284169e+05, 1.000000000000000e-10, 2.327972737363403e+12
38312, 9.666666666667000e-03, 1.527526366570000e-02, 3.804768736480631e-02, 0.000000000000000e+00, 0.000000000000000e+00, 2.610043375718236e+05, 1.000000000000000e-10, 2.327966462360889e+12
38441, 9.750000000000000e-03, 1.532638654817000e-02, 3.804781126582443e-02, 0.000000000000000e+00, 0.000000000000000e+00, 2.610053888399751e+05, 1.000000000000000e-10, 2.327960077681216e+12
38570, 9.833333333333000e-03, 1.537745306354000e-02, 3.804794287002259e-02, 0.000000000000000e+00, 0.000000000000000e+00, 2.610065302007373e+05, 1.000000000000000e-10, 2.327953435055000e+12
38699, 9.916666666667000e-03, 1.542846369241000e-02, 3.804809889147307e-02, 0.000000000000000e+00, 0.000000000000000e+00, 2.610079408550944e+05, 1.000000000000000e-10, 2.327945898819259e+12
38828, 1.000000000000000e-02, 1.547941892848000e-02, 3.804842667681394e-02, 0.000000000000000e+00, 0.000000000000000e+00, 2.610109757405281e+05, 1.000000000000000e-10, 2.327931405291223e+12
38957, 1.023004000000000e-02, 1.561979271153000e-02, 3.804876424428420e-02, 0.000000000000000e+00, 0.000000000000000e+00, 2.610141011602119e+05, 1.000000000000000e-10, 2.327915559833920e+12
39086, 1.046008000000000e-02, 1.575973935414000e-02, 3.804910147859690e-02, 0.000000000000000e+00, 0.000000000000000e+00, 2.610169482278458e+05, 1.000000000000000e-10, 2.327898094874694e+12
39215, 1.069012000000000e-02, 1.589925964890000e-02, 3.804942214136097e-02, 0.000000000000000e+00, 0.000000000000000e+00, 2.610195937300787e+05, 1.000000000000000e-10, 2.327881104304404e+12
39344, 1.092016000000000e-02, 1.603835399104000e-02, 3.804973760298472e-02, 0.000000000000000e+00, 0.000000000000000e+00, 2.610221753484244e+05, 1.000000000000000e-10, 2.327864276353648e+12
39473, 1.115020000000000e-02, 1.617702426326000e-02, 3.805004895358665e-02, 0.000000000000000e+00, 0.000000000000000e+00, 2.610247148797707e+05, 1.000000000000000e-10, 2.327847591169055e+12
39602, 1.138024000000000e-02, 1.631527781804000e-02, 3.805035735060750e-02, 0.000000000000000e+00, 0.000000000000000e+00, 2.610272270485396e+05, 1.000000000000000e-10, 2.327831035834899e+12
39731, 1.161028000000000e-02, 1.645311725410000e-02, 3.805066701413951e-02, 0.000000000000000e+00, 0.000000000000000e+00, 2.610297488960347e+05, 1.000000000000000e-10, 2.327814466114667e+12
39860, 1.184032000000000e-02, 1.659053998224000e-02, 3.805097809545600e-02, 0.000000000000000e+00, 0.000000000000000e+00, 2.610322834010825e+05, 1.000000000000000e-10, 2.327797820359209e+12
39989, 1.207036000000000e-02, 1.672754921168000e-02, 3.805128731402887e-02, 0.000000000000000e+00, 0.000000000000000e+00, 2.610348049398388e+05, 1.000000000000000e-10, 2.327781250520258e+12
40118, 1.230040000000000e-02, 1.686415189369000e-02, 3.805159567023539e-02, 0.000000000000000e+00, 0.000000000000000e+00, 2.610373220636436e+05, 1.000000000000000e-10, 2.327764773043621e+12
40247, 1.253044000000000e-02, 1.700034843682000e-02, 3.805190740671988e-02, 0.000000000000000e+00, 0.000000000000000e+00, 2.610398694349744e+05, 1.000000000000000e-10, 2.327748127580308e+12
40376, 1.276048000000000e-02, 1.713613399040000e-02, 3.805222074601185e-02, 0.000000000000000e+00, 0.000000000000000e+00, 2.610424328622014e+05, 1.000000000000000e-10, 2.327731404280062e+12
40505, 1.299052000000000e-02, 1.727151382555000e-02, 3.805253091266818e-02, 0.000000000000000e+00, 0.000000000000000e+00, 2.610449735695893e+05, 1.000000000000000e-10, 2.327714854284355e+12
40634, 1.322056000000000e-02, 1.740649602333000e-02, 3.805284057788878e-02, 0.000000000000000e+00, 0.000000000000000e+00, 2.610475129710471e+05, 1.000000000000000e-10, 2.327698371325493e+12
40763, 1.345060000000000e-02, 1.754107807061000e-02, 3.805315470275777e-02, 0.000000000000000e+00, 0.000000000000000e+00, 2.610500911780449e+05, 1.000000000000000e-10, 2.327681678308419e+12
40892, 1.368064000000000e-02, 1.767525426506000e-02, 3.805346946264578e-02, 0.000000000000000e+00, 0.000000000000000e+00, 2.610526771743688e+05, 1.000000000000000e-10, 2.327664920160042e+12
41021, 1.391068000000000e-02, 1.780903248092000e-02, 3.805377972323830e-02, 0.000000000000000e+00, 0.000000000000000e+00, 2.610552290453807e+05, 1.000000000000000e-10, 2.327648399154950e+12
41150, 1.414072000000000e-02, 1.794242069255000e-02, 3.805408916308149e-02, 0.000000000000000e+00, 0.000000000000000e+00, 2.610577762378238e+05, 1.000000000000000e-10, 2.327632014832170e+12
41279, 1.437076000000000e-02, 1.807541624262000e-02, 3.805440133014518e-02, 0.000000000000000e+00, 0.000000000000000e+00, 2.610603474143872e+05, 1.000000000000000e-10, 2.327615469998500e+12
41408, 1.460080000000000e-02, 1.820801736180000e-02, 3.805471294444363e-02, 0.000000000000000e+00, 0.000000000000000e+00, 2.610629159295181e+05, 1.000000000000000e-10, 2.327598955071756e+12
41537, 1.483084000000000e-02, 1.834023027557000e-02, 3.805502097348743e-02, 0.000000000000000e+00, 0.000000000000000e+00, 2.610654569533846e+05, 1.000000000000000e-10, 2.327582603255697e+12
41666, 1.506088000000000e-02, 1.847206119888000e-02, 3.805532990539881e-02, 0.000000000000000e+00, 0.000000000000000e+00, 2.610680066212584e+05, 1.000000000000000e-10, 2.327566307522171e+12
41795, 1.529092000000000e-02, 1.860350398842000e-02, 3.805564325833725e-02, 0.000000000000000e+00, 0.000000000000000e+00, 2.610705933977008e+05, 1.000000000000000e-10, 2.327549739024077e+12
41924, 1.552096000000000e-02, 1.873455535386000e-02, 3.805595496207134e-02, 0.000000000000000e+00, 0.000000000000000e+00, 2.610731680621094e+05, 1.000000000000000e-10, 2.327533225543419e+12
42053, 1.575100000000000e-02, 1.886522546438000e-02, 3.805626130337728e-02, 0.000000000000000e+00, 0.000000000000000e+00, 2.610757002061477e+05, 1.000000000000000e-10, 2.327516994852171e+12
42182, 1.598104000000000e-02, 1.899552067634000e-02, 3.805656814247459e-02, 0.000000000000000e+00, 0.000000000000000e+00, 2.610782370735149e+05, 1.000000000000000e-10, 2.327500795141028e+12
42311, 1.621108000000000e-02, 1.912543514980000e-02, 3.805687820794178e-02, 0.000000000000000e+00, 0.000000000000000e+00, 2.610808008385252e+05, 1.000000000000000e-10, 2.327484444928177e+12
42440, 1.644112000000000e-02, 1.925496807442000e-02, 3.805718678989006e-02, 0.000000000000000e+00, 0.000000000000000e+00, 2.610833533393801e+05, 1.000000000000000e-10, 2.327468088489282e+12
42569, 1.667116000000000e-02, 1.938412625358000e-02, 3.805749204040366e-02, 0.000000000000000e+00, 0.000000000000000e+00, 2.610858793637101e+05, 1.000000000000000e-10, 2.327451954560052e+12
42698, 1.690120000000000e-02, 1.951291352835000e-02, 3.805779735554578e-02, 0.000000000000000e+00, 0.000000000000000e+00, 2.610884062826521e+05, 1.000000000000000e-10, 2.327435892353112e+12
42827, 1.713124000000000e-02, 1.964132748660000e-02, 3.805810401351085e-02, 0.000000000000000e+00, 0.000000000000000e+00, 2.610909444671916e+05, 1.000000000000000e-10, 2.327419705133167e+12
42956, 1.736128000000000e-02, 1.976936860133000e-02, 3.805840814617601e-02, 0.000000000000000e+00, 0.000000000000000e+00, 2.610934625472140e+05, 1.000000000000000e-10, 2.327403591738974e+12
43085, 1.759132000000000e-02, 1.989704466440000e-02, 3.805870810494950e-02, 0.000000000000000e+00, 0.000000000000000e+00, 2.610959470251849e+05, 1.000000000000000e-10, 2.327387780390732e+12
43214, 1.782136000000000e-02, 2.002436041436000e-02, 3.805901066139646e-02, 0.000000000000000e+00, 0.000000000000000e+00, 2.610984526877260e+05, 1.000000000000000e-10, 2.327371899616764e+12
43343, 1.805140000000000e-02, 2.015130575751000e-02, 3.805931800147172e-02, 0.000000000000000e+00, 0.000000000000000e+00, 2.611009973903241e+05, 1.000000000000000e-10, 2.327355642262687e+12
43472, 1.828144000000000e-02, 2.027787983809000e-02, 3.805962254972529e-02, 0.000000000000000e+00, 0.000000000000000e+00, 2.611035197851915e+05, 1.000000000000000e-10, 2.327339573501339e+12
43601, 1.851148000000000e-02, 2.040409252784000e-02, 3.805992254594345e-02, 0.000000000000000e+00, 0.000000000000000e+00, 2.611060053087871e+05, 1.000000000000000e-10, 2.327323725646879e+12
43730, 1.874152000000000e-02, 2.052994715257000e-02, 3.806022158978960e-02, 0.000000000000000e+00, 0.000000000000000e+00, 2.611084830066130e+05, 1.000000000000000e-10, 2.327307968901457e+12
43859, 1.897156000000000e-02, 2.065544393854000e-02, 3.806052025652570e-02, 0.000000000000000e+00, 0.000000000000000e+00, 2.611109576357502e+05, 1.000000000000000e-10, 2.327292236294098e+12
43988, 1.920160000000000e-02, 2.078058488673000e-02, 3.806081814558762e-02, 0.000000000000000e+00, 0.000000000000000e+00, 2.611134259622208e+05, 1.000000000000000e-10, 2.327276502769878e+12
44117, 1.943164000000000e-02, 2.090537131427000e-02, 3.806111504599352e-02, 0.000000000000000e+00, 0.000000000000000e+00, 2.611158862683632e+05, 1.000000000000000e-10, 2.327260841835934e+12
44246, 1.966168000000000e-02, 2.102980577969000e-02, 3.806141275260080e-02, 0.000000000000000e+00, 0.000000000000000e+00, 2.611183530892289e+05, 1.000000000000000e-10, 2.327245207268542e+12
44375, 1.989172000000000e-02, 2.115388497228000e-02, 3.806171187406920e-02, 0.000000000000000e+00, 0.000000000000000e+00, 2.611208313857299e+05, 1.000000000000000e-10, 2.327229417078000e+12
44504, 2.012176000000000e-02, 2.127760988403000e-02, 3.806200999485901e-02, 0.000000000000000e+00, 0.000000000000000e+00, 2.611233015931499e+05, 1.000000000000000e-10, 2.327213705829731e+12
44633, 2.035180000000000e-02, 2.140098347296000e-02, 3.806230686486523e-02, 0.000000000000000e+00, 0.000000000000000e+00, 2.611257615545864e+05, 1.000000000000000e-10, 2.327198045959977e+12
44762, 2.058184000000000e-02, 2.152400713574000e-02, 3.806260095926309e-02, 0.000000000000000e+00, 0.000000000000000e+00, 2.611281988639243e+05, 1.000000000000000e-10, 2.327182541208977e+12
44891, 2.081188000000000e-02, 2.164668759755000e-02, 3.806289101804635e-02, 0.000000000000000e+00, 0.000000000000000e+00, 2.611306033016765e+05, 1.000000000000000e-10, 2.327167190726726e+12
45020, 2.104192000000000e-02, 2.176902956937000e-02, 3.806318341672973e-02, 0.000000000000000e+00, 0.000000000000000e+00, 2.611330265101854e+05, 1.000000000000000e-10, 2.327151885006791e+12
45149, 2.127196000000000e-02, 2.189102348682000e-02, 3.806348104064311e-02, 0.000000000000000e+00, 0.000000000000000e+00, 2.611354920194878e+05, 1.000000000000000e-10, 2.327136161351315e+12
45278, 2.150200000000000e-02, 2.201266677088000e-02, 3.806377489166374e-02, 0.000000000000000e+00, 0.000000000000000e+00, 2.611379269938086e+05, 1.000000000000000e-10, 2.327120629660058e+12
45407, 2.173204000000000e-02, 2.213397288550000e-02, 3.806406101928944e-02, 0.000000000000000e+00, 0.000000000000000e+00, 2.611402991694500e+05, 1.000000000000000e-10, 2.327105491696286e+12
45536, 2.196208000000000e-02, 2.225494904554000e-02, 3.806434903143219e-02, 0.000000000000000e+00, 0.000000000000000e+00, 2.611426862757321e+05, 1.000000000000000e-10, 2.327090403516706e+12
45665, 2.219212000000000e-02, 2.237558411027000e-02, 3.806464347063198e-02, 0.000000000000000e+00, 0.000000000000000e+00, 2.611451253829762e+05, 1.000000000000000e-10, 2.327074915557741e+12
45794, 2.242216000000000e-02, 2.249587404634000e-02, 3.806493542432612e-02, 0.000000000000000e+00, 0.000000000000000e+00, 2.611475444212774e+05, 1.000000000000000e-10, 2.327059481497600e+12
45923, 2.265220000000000e-02, 2.261583049277000e-02, 3.806522039112926e-02, 0.000000000000000e+00, 0.000000000000000e+00, 2.611499066510883e+05, 1.000000000000000e-10, 2.327044402705571e+12
46052, 2.288224000000000e-02, 2.273546047754000e-02, 3.806550541098651e-02, 0.000000000000000e+00, 0.000000000000000e+00, 2.611522689664419e+05, 1.000000000000000e-10, 2.327029426086344e+12
46181, 2.311228000000000e-02, 2.285475761456000e-02, 3.806579449812749e-02, 0.000000000000000e+00, 0.000000000000000e+00, 2.611546640917002e+05, 1.000000000000000e-10, 2.327014217406251e+12
46310, 2.334232000000000e-02, 2.297371904495000e-02, 3.806608246334653e-02, 0.000000000000000e+00, 0.000000000000000e+00, 2.611570501152761e+05, 1.000000000000000e-10, 2.326998967911520e+12
46439, 2.357236000000000e-02, 2.309235162234000e-02, 3.806636581477484e-02, 0.000000000000000e+00, 0.000000000000000e+00, 2.611593985950720e+05, 1.000000000000000e-10, 2.326984010528612e+12
46568, 2.380240000000000e-02, 2.321066109088000e-02, 3.806664870237507e-02, 0.000000000000000e+00, 0.000000000000000e+00, 2.611617430618020e+05, 1.000000000000000e-10, 2.326969186656089e+12
46697, 2.403244000000000e-02, 2.332864373135000e-02, 3.806693466319777e-02, 0.000000000000000e+00, 0.000000000000000e+00, 2.611641122802564e+05, 1.000000000000000e-10, 2.326954109513672e+12
46826, 2.426248000000000e-02, 2.344629655689000e-02, 3.806722021809849e-02, 0.000000000000000e+00, 0.000000000000000e+00, 2.611664781746420e+05, 1.000000000000000e-10, 2.326939027348207e+12
46955, 2.449252000000000e-02, 2.356362466932000e-02, 3.806750212550884e-02, 0.000000000000000e+00, 0.000000000000000e+00, 2.611688143751405e+05, 1.000000000000000e-10, 2.326924183850070e+12
47084, 2.472256000000000e-02, 2.368063306349000e-02, 3.806778297463749e-02, 0.000000000000000e+00, 0.000000000000000e+00, 2.611711417776817e+05, 1.000000000000000e-10, 2.326909346125759e+12
47213, 2.495260000000000e-02, 2.379732023386000e-02, 3.806806607317188e-02, 0.000000000000000e+00, 0.000000000000000e+00, 2.611734872350745e+05, 1.000000000000000e-10, 2.326894449641540e+12
47342, 2.518264000000000e-02, 2.391368301837000e-02, 3.806834897872598e-02, 0.000000000000000e+00, 0.000000000000000e+00, 2.611758310448515e+05, 1.000000000000000e-10, 2.326879535376673e+12
47471, 2.541268000000000e-02, 2.402972604635000e-02, 3.806862788370812e-02, 0.000000000000000e+00, 0.000000000000000e+00, 2.611781422892540e+05, 1.000000000000000e-10, 2.326864843635521e+12
47600, 2.564272000000000e-02, 2.414545550441000e-02, 3.806890468629617e-02, 0.000000000000000e+00, 0.000000000000000e+00, 2.611804362376810e+05, 1.000000000000000e-10, 2.326850285426569e+12
47729, 2.587276000000000e-02, 2.426087114722000e-02, 3.806918255185200e-02, 0.000000000000000e+00, 0.000000000000000e+00, 2.611827385906710e+05, 1.000000000000000e-10, 2.326835573930233e+12
47858, 2.610280000000000e-02, 2.437597139926000e-02, 3.806946067963012e-02, 0.000000000000000e+00, 0.000000000000000e+00, 2.611850429860770e+05, 1.000000000000000e-10, 2.326820942024602e+12
47987, 2.633284000000000e-02, 2.449075818544000e-02, 3.806973854025426e-02, 0.000000000000000e+00, 0.000000000000000e+00, 2.611873451198964e+05, 1.000000000000000e-10, 2.326806317413490e+12
48116, 2.656288000000000e-02, 2.460523123347000e-02, 3.807001615789136e-02, 0.000000000000000e+00, 0.000000000000000e+00, 2.611896451799117e+05, 1.000000000000000e-10, 2.326791692876448e+12
48245, 2.679292000000000e-02, 2.471939234590000e-02, 3.807029385224844e-02, 0.000000000000000e+00, 0.000000000000000e+00, 2.611919457466379e+05, 1.000000000000000e-10, 2.326777055419042e+12
48374, 2.702296000000000e-02, 2.483324048026000e-02, 3.807057165466591e-02, 0.000000000000000e+00, 0.000000000000000e+00, 2.611942470398727e+05, 1.000000000000000e-10, 2.326762417555043e+12
48503, 2.725300000000000e-02, 2.494677722633000e-02, 3.807084596171715e-02, 0.000000000000000e+00, 0.000000000000000e+00, 2.611965198504908e+05, 1.000000000000000e-10, 2.326747927490602e+12
48632, 2.748304000000000e-02, 2.506001029394000e-02, 3.807111632182050e-02, 0.000000000000000e+00, 0.000000000000000e+00, 2.611987604318748e+05, 1.000000000000000e-10, 2.326733680148498e+12
48761, 2.771308000000000e-02, 2.517294229365000e-02, 3.807138741812986e-02, 0.000000000000000e+00, 0.000000000000000e+00, 2.612010067166669e+05, 1.000000000000000e-10, 2.326719425582116e+12
48890, 2.794312000000000e-02, 2.528556947956000e-02, 3.807165979114136e-02, 0.000000000000000e+00, 0.000000000000000e+00, 2.612032632625168e+05, 1.000000000000000e-10, 2.326705011151205e+12
49019, 2.817316000000000e-02, 2.539789340926000e-02, 3.807193285251918e-02, 0.000000000000000e+00, 0.000000000000000e+00, 2.612055253645627e+05, 1.000000000000000e-10, 2.326690707884595e+12
49148, 2.840320000000000e-02, 2.550991191472000e-02, 3.807220767843494e-02, 0.000000000000000e+00, 0.000000000000000e+00, 2.612078016817997e+05, 1.000000000000000e-10, 2.326676209025143e+12
49277, 2.863324000000000e-02, 2.562162377367000e-02, 3.807248054734501e-02, 0.000000000000000e+00, 0.000000000000000e+00, 2.612100620631106e+05, 1.000000000000000e-10, 2.326661763289449e+12
49406, 2.886328000000000e-02, 2.573303576313000e-02, 3.807274879403200e-02, 0.000000000000000e+00, 0.000000000000000e+00, 2.612122848025480e+05, 1.000000000000000e-10, 2.326647592788093e+12
49535, 2.909332000000000e-02, 2.584415298688000e-02, 3.807301594604108e-02, 0.000000000000000e+00, 0.000000000000000e+00, 2.612144983984063e+05, 1.000000000000000e-10, 2.326633526001604e+12
49664, 2.932336000000000e-02, 2.595497357237000e-02, 3.807328441736019e-02, 0.000000000000000e+00, 0.000000000000000e+00, 2.612167225223060e+05, 1.000000000000000e-10, 2.326619438248277e+12
49793, 2.955340000000000e-02, 2.606549693604000e-02, 3.807355271825784e-02, 0.000000000000000e+00, 0.000000000000000e+00, 2.612189452077797e+05, 1.000000000000000e-10, 2.326605306029462e+12
49922, 2.978344000000000e-02, 2.617572494668000e-02, 3.807382018165303e-02, 0.000000000000000e+00, 0.000000000000000e+00, 2.612211610074754e+05, 1.000000000000000e-10, 2.326591195250735e+12
50051, 3.001348000000000e-02, 2.628565857825000e-02, 3.807408706681063e-02, 0.000000000000000e+00, 0.000000000000000e+00, 2.612233720161677e+05, 1.000000000000000e-10, 2.326577083542082e+12
50180, 3.024352000000000e-02, 2.639529902035000e-02, 3.807435397664735e-02, 0.000000000000000e+00, 0.000000000000000e+00, 2.612255831180482e+05, 1.000000000000000e-10, 2.326563024916355e+12
50309, 3.047356000000000e-02, 2.650464582240000e-02, 3.807462060844344e-02, 0.000000000000000e+00, 0.000000000000000e+00, 2.612277918811157e+05, 1.000000000000000e-10, 2.326549001321422e+12
50438, 3.070360000000000e-02, 2.661370088492000e-02, 3.807488604897363e-02, 0.000000000000000e+00, 0.000000000000000e+00, 2.612299909003745e+05, 1.000000000000000e-10, 2.326535035230103e+12
50567, 3.093364000000000e-02, 2.672246593841000e-02, 3.807515042394390e-02, 0.000000000000000e+00, 0.000000000000000e+00, 2.612321811751646e+05, 1.000000000000000e-10, 2.326521059322408e+12
50696, 3.116368000000000e-02, 2.683094253095000e-02, 3.807541419058579e-02, 0.000000000000000e+00, 0.000000000000000e+00, 2.612343664234184e+05, 1.000000000000000e-10, 2.326507212903246e+12
50825, 3.139372000000000e-02, 2.693913132539000e-02, 3.807567734884959e-02, 0.000000000000000e+00, 0.000000000000000e+00, 2.612365466885089e+05, 1.000000000000000e-10, 2.326493306963822e+12
50954, 3.162376000000000e-02, 2.704703392902000e-02, 3.807594002886329e-02, 0.000000000000000e+00, 0.000000000000000e+00, 2.612387230691060e+05, 1.000000000000000e-10, 2.326479454686229e+12
51083, 3.185380000000000e-02, 2.715465080697000e-02, 3.807620254147315e-02, 0.000000000000000e+00, 0.000000000000000e+00, 2.612408980461384e+05, 1.000000000000000e-10, 2.326465623408471e+12
51212, 3.208384000000000e-02, 2.726198300802000e-02, 3.807646369672333e-02, 0.000000000000000e+00, 0.000000000000000e+00, 2.612430602271071e+05, 1.000000000000000e-10, 2.326451855791060e+12
51341, 3.231388000000000e-02, 2.736903261071000e-02, 3.807668153928664e-02, 0.000000000000000e+00, 0.000000000000000e+00, 2.612448653321566e+05, 1.000000000000000e-10, 2.326440408310368e+12
51470, 3.254392000000000e-02, 2.747580252948000e-02, 3.807695111894747e-02, 0.000000000000000e+00, 0.000000000000000e+00, 2.612471331381694e+05, 1.000000000000000e-10, 2.326426407758883e+12
51599, 3.277396000000000e-02, 2.758229098188000e-02, 3.807720251374704e-02, 0.000000000000000e+00, 0.000000000000000e+00, 2.612492773143417e+05, 1.000000000000000e-10, 2.326413510668141e+12
51728, 3.300400000000000e-02, 2.768849500270000e-02, 3.807748887349787e-02, 0.000000000000000e+00, 0.000000000000000e+00, 2.612515259252182e+05, 1.000000000000000e-10, 2.326397690811509e+12
51857, 3.323404000000000e-02, 2.779441885895000e-02, 3.807775995870148e-02, 0.000000000000000e+00, 0.000000000000000e+00, 2.612537957088128e+05, 1.000000000000000e-10, 2.326383514873772e+12
51986, 3.346408000000000e-02, 2.790006857383000e-02, 3.807801524652491e-02, 0.000000000000000e+00, 0.000000000000000e+00, 2.612559127061892e+05, 1.000000000000000e-10, 2.326370094516424e+12
52115, 3.369412000000000e-02, 2.800544377790000e-02, 3.807827218484767e-02, 0.000000000000000e+00, 0.000000000000000e+00, 2.612580401450371e+05, 1.000000000000000e-10, 2.326356546015102e+12
52244, 3.392416000000000e-02, 2.811053941396000e-02, 3.807853093091292e-02, 0.000000000000000e+00, 0.000000000000000e+00, 2.612601823043672e+05, 1.000000000000000e-10, 2.326342940519248e+12
52373, 3.415420000000000e-02, 2.821535729501000e-02, 3.807878715589716e-02, 0.000000000000000e+00, 0.000000000000000e+00, 2.612623040921821e+05, 1.000000000000000e-10, 2.326329415482469e+12
52502, 3.438424000000000e-02, 2.831990238409000e-02, 3.807904060100892e-02, 0.000000000000000e+00, 0.000000000000000e+00, 2.612644032433290e+05, 1.000000000000000e-10, 2.326316022278370e+12
52631, 3.461428000000000e-02, 2.842417684222000e-02, 3.807929393223185e-02, 0.000000000000000e+00, 0.000000000000000e+00, 2.612665013191205e+05, 1.000000000000000e-10, 2.326302683181596e+12
52760, 3.484432000000000e-02, 2.852817934088000e-02, 3.807954757101854e-02, 0.000000000000000e+00, 0.000000000000000e+00, 2.612686018168855e+05, 1.000000000000000e-10, 2.326289325188734e+12
52889, 3.507436000000000e-02, 2.863191117841000e-02, 3.807980119532327e-02, 0.000000000000000e+00, 0.000000000000000e+00, 2.612707021681880e+05, 1.000000000000000e-10, 2.326275946487985e+12
53018, 3.530440000000000e-02, 2.873537185052000e-02, 3.808005590735213e-02, 0.000000000000000e+00, 0.000000000000000e+00, 2.612728112586759e+05, 1.000000000000000e-10, 2.326262551612316e+12
53147, 3.553444000000000e-02, 2.883856000814000e-02, 3.808030979949420e-02, 0.000000000000000e+00, 0.000000000000000e+00, 2.612749136318745e+05, 1.000000000000000e-10, 2.326249128850297e+12
53276, 3.576448000000000e-02, 2.894147950817000e-02, 3.808056010080137e-02, 0.000000000000000e+00, 0.000000000000000e+00, 2.612769867816645e+05, 1.000000000000000e-10, 2.326235947041320e+12
53405, 3.599452000000000e-02, 2.904413536476000e-02, 3.808080857219354e-02, 0.000000000000000e+00, 0.000000000000000e+00, 2.612790449122865e+05, 1.000000000000000e-10, 2.326222833463409e+12
53534, 3.622456000000000e-02, 2.914652727805000e-02, 3.808105872187079e-02, 0.000000000000000e+00, 0.000000000000000e+00, 2.612811164876262e+05, 1.000000000000000e-10, 2.326209712980767e+12
53663, 3.645460000000000e-02, 2.924865220630000e-02, 3.808130972333694e-02, 0.000000000000000e+00, 0.000000000000000e+00, 2.612831949071492e+05, 1.000000000000000e-10, 2.326196438076486e+12
53792, 3.668464000000000e-02, 2.935051185900000e-02, 3.808155845959453e-02, 0.000000000000000e+00, 0.000000000000000e+00, 2.612852548972288e+05, 1.000000000000000e-10, 2.326183317587377e+12
53921, 3.691468000000000e-02, 2.945211033802000e-02, 3.808180434371509e-02, 0.000000000000000e+00, 0.000000000000000e+00, 2.612872916455333e+05, 1.000000000000000e-10, 2.326170357945487e+12
54050, 3.714472000000000e-02, 2.955345065452000e-02, 3.808205182347624e-02, 0.000000000000000e+00, 0.000000000000000e+00, 2.612893411947283e+05, 1.000000000000000e-10, 2.326157377662466e+12
54179, 3.737476000000000e-02, 2.965452674358000e-02, 3.808230383057060e-02, 0.000000000000000e+00, 0.000000000000000e+00, 2.612914273773999e+05, 1.000000000000000e-10, 2.326144098673956e+12
54308, 3.760480000000000e-02, 2.975533490534000e-02, 3.808255404854798e-02, 0.000000000000000e+00, 0.000000000000000e+00, 2.612934990627339e+05, 1.000000000000000e-10, 2.326130918963785e+12
54437, 3.783484000000000e-02, 2.985588356271000e-02, 3.808279709713491e-02, 0.000000000000000e+00, 0.000000000000000e+00, 2.612955124948243e+05, 1.000000000000000e-10, 2.326118020424443e+12
54566, 3.806488000000000e-02, 2.995618116228000e-02, 3.808303815211812e-02, 0.000000000000000e+00, 0.000000000000000e+00, 2.612975094807270e+05, 1.000000000000000e-10, 2.326105336262084e+12
54695, 3.829492000000000e-02, 3.005622412182000e-02, 3.808328359292442e-02, 0.000000000000000e+00, 0.000000000000000e+00, 2.612995418420889e+05, 1.000000000000000e-10, 2.326092467919886e+12
54824, 3.852496000000000e-02, 3.015600647728000e-02, 3.808353076005253e-02, 0.000000000000000e+00, 0.000000000000000e+00, 2.613015882325605e+05, 1.000000000000000e-10, 2.326079433747845e+12
54953, 3.875500000000000e-02, 3.025553099384000e-02, 3.808377566990555e-02, 0.000000000000000e+00, 0.000000000000000e+00, 2.613036163143855e+05, 1.000000000000000e-10, 2.326066483108199e+12
55082, 3.898504000000000e-02, 3.035480071415000e-02, 3.808401878422794e-02, 0.000000000000000e+00, 0.000000000000000e+00, 2.613056296972684e+05, 1.000000000000000e-10, 2.326053642544498e+12
55211, 3.921508000000000e-02, 3.045381711985000e-02, 3.808426149470590e-02, 0.000000000000000e+00, 0.000000000000000e+00, 2.613076396529785e+05, 1.000000000000000e-10, 2.326040869018857e+12
55340, 3.944512000000000e-02, 3.055258008898000e-02, 3.808450402140864e-02, 0.000000000000000e+00, 0.000000000000000e+00, 2.613096480061625e+05, 1.000000000000000e-10, 2.326028118002747e+12
55469, 3.967516000000000e-02, 3.065109065688000e-02, 3.808474586926364e-02, 0.000000000000000e+00, 0.000000000000000e+00, 2.613116507606047e+05, 1.000000000000000e-10, 2.326015379362877e+12
55598, 3.990520000000000e-02, 3.074934983742000e-02, 3.808498690136826e-02, 0.000000000000000e+00, 0.000000000000000e+00, 2.613136467920744e+05, 1.000000000000000e-10, 2.326002667714508e+12
55727, 4.013524000000000e-02, 3.084735895615000e-02, 3.808522735978780e-02, 0.000000000000000e+00, 0.000000000000000e+00, 2.613156380756253e+05, 1.000000000000000e-10, 2.325989979885238e+12
55856, 4.036528000000000e-02, 3.094511848872000e-02, 3.808546821374890e-02, 0.000000000000000e+00, 0.000000000000000e+00, 2.613176324583899e+05, 1.000000000000000e-10, 2.325977305071386e+12
55985, 4.059532000000000e-02, 3.104262757184000e-02, 3.808570891903072e-02, 0.000000000000000e+00, 0.000000000000000e+00, 2.613196255551556e+05, 1.000000000000000e-10, 2.325964587605983e+12
56114, 4.082536000000000e-02, 3.113988790858000e-02, 3.808594831847893e-02, 0.000000000000000e+00, 0.000000000000000e+00, 2.613216079714568e+05, 1.000000000000000e-10, 2.325952014202729e+12
56243, 4.105540000000000e-02, 3.123690122778000e-02, 3.808618650362913e-02, 0.000000000000000e+00, 0.000000000000000e+00, 2.613235804165174e+05, 1.000000000000000e-10, 2.325939480187943e+12
56372, 4.128544000000000e-02, 3.133366896476000e-02, 3.808642428773529e-02, 0.000000000000000e+00, 0.000000000000000e+00, 2.613255494813298e+05, 1.000000000000000e-10, 2.325926927538922e+12
56501, 4.151548000000000e-02, 3.143019102763000e-02, 3.808666215428672e-02, 0.000000000000000e+00, 0.000000000000000e+00, 2.613275190948178e+05, 1.000000000000000e-10, 2.325914383394132e+12
56630, 4.174552000000000e-02, 3.152646775913000e-02, 3.808689889124551e-02, 0.000000000000000e+00, 0.000000000000000e+00, 2.613294794386245e+05, 1.000000000000000e-10, 2.325901898458793e+12
56759, 4.197556000000000e-02, 3.162250176129000e-02, 3.808713301162054e-02, 0.000000000000000e+00, 0.000000000000000e+00, 2.613314184493447e+05, 1.000000000000000e-10, 2.325889558704798e+12
56888, 4.220560000000000e-02, 3.171829670866000e-02, 3.808736632373178e-02, 0.000000000000000e+00, 0.000000000000000e+00, 2.613333507917005e+05, 1.000000000000000e-10, 2.325877286276135e+12
57017, 4.243564000000000e-02, 3.181385119577000e-02, 3.808760304339320e-02, 0.000000000000000e+00, 0.000000000000000e+00, 2.613353106535182e+05, 1.000000000000000e-10, 2.325864857977151e+12
57146, 4.266568000000000e-02, 3.190915952197000e-02, 3.808784160512137e-02, 0.000000000000000e+00, 0.000000000000000e+00, 2.613372854375071e+05, 1.000000000000000e-10, 2.325852296243807e+12
57275, 4.289572000000000e-02, 3.200422382548000e-02, 3.808807648299780e-02, 0.000000000000000e+00, 0.000000000000000e+00, 2.613392303261860e+05, 1.000000000000000e-10, 2.325839892303806e+12
57404, 4.312576000000000e-02, 3.209905066432000e-02, 3.808830721147990e-02, 0.000000000000000e+00, 0.000000000000000e+00, 2.613411414083467e+05, 1.000000000000000e-10, 2.325827741225246e+12
57533, 4.335580000000000e-02, 3.219364304497000e-02, 3.808853874875161e-02, 0.000000000000000e+00, 0.000000000000000e+00, 2.613430588490105e+05, 1.000000000000000e-10, 2.325815510495185e+12
57662, 4.358584000000000e-02, 3.228799650383000e-02, 3.808877370469309e-02, 0.000000000000000e+00, 0.000000000000000e+00, 2.613450039151403e+05, 1.000000000000000e-10, 2.325803172252359e+12
57791, 4.381588000000000e-02, 3.238210836810000e-02, 3.808900805537319e-02, 0.000000000000000e+00, 0.000000000000000e+00, 2.613469440696280e+05, 1.000000000000000e-10, 2.325790816842494e+12
57920, 4.404592000000000e-02, 3.247598317156000e-02, 3.808923826804413e-02, 0.000000000000000e+00, 0.000000000000000e+00, 2.613488505807823e+05, 1.000000000000000e-10, 2.325778647350679e+12
58049, 4.427596000000000e-02, 3.256962595456000e-02, 3.808946645145379e-02, 0.000000000000000e+00, 0.000000000000000e+00, 2.613507404543337e+05, 1.000000000000000e-10, 2.325766621703505e+12
58178, 4.450600000000000e-02, 3.266303645766000e-02, 3.808969646973331e-02, 0.000000000000000e+00, 0.000000000000000e+00, 2.613526450467374e+05, 1.000000000000000e-10, 2.325754553900706e+12
58307, 4.473604000000000e-02, 3.275621123878000e-02, 3.808992777959898e-02, 0.000000000000000e+00, 0.000000000000000e+00, 2.613545600711793e+05, 1.000000000000000e-10, 2.325742327758022e+12
58436, 4.496608000000000e-02, 3.284915138255000e-02, 3.809015794018343e-02, 0.000000000000000e+00, 0.000000000000000e+00, 2.613564657488952e+05, 1.000000000000000e-10, 2.325730202754626e+12
58565, 4.519612000000000e-02, 3.294185883752000e-02, 3.809038665583558e-02, 0.000000000000000e+00, 0.000000000000000e+00, 2.613583596057089e+05, 1.000000000000000e-10, 2.325718123000253e+12
58694, 4.542616000000000e-02, 3.303433521833000e-02, 3.809061472006071e-02, 0.000000000000000e+00, 0.000000000000000e+00, 2.613602480591399e+05, 1.000000000000000e-10, 2.325706129508604e+12
58823, 4.565620000000000e-02, 3.312658069845000e-02, 3.809084264121212e-02, 0.000000000000000e+00, 0.000000000000000e+00, 2.613621352477785e+05, 1.000000000000000e-10, 2.325694094773858e+12
58952, 4.588624000000000e-02, 3.321859580124000e-02, 3.809107011879823e-02, 0.000000000000000e+00, 0.000000000000000e+00, 2.613640187778198e+05, 1.000000000000000e-10, 2.325682114652088e+12
59081, 4.611628000000000e-02, 3.331038142476000e-02, 3.809129821460214e-02, 0.000000000000000e+00, 0.000000000000000e+00, 2.613659072348801e+05, 1.000000000000000e-10, 2.325670140613140e+12
59210, 4.634632000000000e-02, 3.340193575428000e-02, 3.809152695225402e-02, 0.000000000000000e+00, 0.000000000000000e+00, 2.613678008004514e+05, 1.000000000000000e-10, 2.325658118164814e+12
59339, 4.657636000000000e-02, 3.349325955685000e-02, 3.809175303211684e-02, 0.000000000000000e+00, 0.000000000000000e+00, 2.613696727247697e+05, 1.000000000000000e-10, 2.325646176970827e+12
59468, 4.680640000000000e-02, 3.358435820478000e-02, 3.809197507691816e-02, 0.000000000000000e+00, 0.000000000000000e+00, 2.613715117831732e+05, 1.000000000000000e-10, 2.325634451322029e+12
59597, 4.703644000000000e-02, 3.367523543520000e-02, 3.809219702744458e-02, 0.000000000000000e+00, 0.000000000000000e+00, 2.613733498886531e+05, 1.000000000000000e-10, 2.325622787294689e+12
59726, 4.726648000000000e-02, 3.376588798762000e-02, 3.809242175426848e-02, 0.000000000000000e+00, 0.000000000000000e+00, 2.613752104076656e+05, 1.000000000000000e-10, 2.325610980969957e+12
59855, 4.749652000000000e-02, 3.385631344531000e-02, 3.809264692046306e-02, 0.000000000000000e+00, 0.000000000000000e+00, 2.613770745218427e+05, 1.000000000000000e-10, 2.325599068401873e+12
59984, 4.772656000000000e-02, 3.394651381560000e-02, 3.809287172734818e-02, 0.000000000000000e+00, 0.000000000000000e+00, 2.613789356871337e+05, 1.000000000000000e-10, 2.325587223232651e+12
60113, 4.795660000000000e-02, 3.403648835629000e-02, 3.809309658357537e-02, 0.000000000000000e+00, 0.000000000000000e+00, 2.613807971567728e+05, 1.000000000000000e-10, 2.325575383165407e+12
60242, 4.818664000000000e-02, 3.412623802928000e-02, 3.809331971453097e-02, 0.000000000000000e+00, 0.000000000000000e+00, 2.613826445470823e+05, 1.000000000000000e-10, 2.325563612111188e+12
60371, 4.841668000000000e-02, 3.421576595304000e-02, 3.809354064324150e-02, 0.000000000000000e+00, 0.000000000000000e+00, 2.613844739452914e+05, 1.000000000000000e-10, 2.325551990083940e+12
60500, 4.864672000000000e-02, 3.430507406950000e-02, 3.809376077715591e-02, 0.000000000000000e+00, 0.000000000000000e+00, 2.613862967370172e+05, 1.000000000000000e-10, 2.325540375087762e+12
60629, 4.887676000000000e-02, 3.439416240626000e-02, 3.809398064367820e-02, 0.000000000000000e+00, 0.000000000000000e+00, 2.613881172437455e+05, 1.000000000000000e-10, 2.325528814271644e+12
60758, 4.910680000000000e-02, 3.448303181952000e-02, 3.809419996341123e-02, 0.000000000000000e+00, 0.000000000000000e+00, 2.613899332517976e+05, 1.000000000000000e-10, 2.325517254257457e+12
60887, 4.933684000000000e-02, 3.457168302594000e-02, 3.809442003130722e-02, 0.000000000000000e+00, 0.000000000000000e+00, 2.613917552420902e+05, 1.000000000000000e-10, 2.325505705756009e+12
61016, 4.956688000000000e-02, 3.466011407036000e-02, 3.809464068409425e-02, 0.000000000000000e+00, 0.000000000000000e+00, 2.613935819182912e+05, 1.000000000000000e-10, 2.325494062842419e+12
61145, 4.979692000000000e-02, 3.474832601804000e-02, 3.809486023908766e-02, 0.000000000000000e+00, 0.000000000000000e+00, 2.613953996414355e+05, 1.000000000000000e-10, 2.325482487333015e+12
61274, 5.002696000000000e-02, 3.483632054932000e-02, 3.809507834723303e-02, 0.000000000000000e+00, 0.000000000000000e+00, 2.613972055341128e+05, 1.000000000000000e-10, 2.325470964423010e+12
61403, 5.025700000000000e-02, 3.492409941488000e-02, 3.809529592253116e-02, 0.000000000000000e+00, 0.000000000000000e+00, 2.613990070029339e+05, 1.000000000000000e-10, 2.325459540022229e+12
61532, 5.048704000000000e-02, 3.501166232675000e-02, 3.809551423671898e-02, 0.000000000000000e+00, 0.000000000000000e+00, 2.614008143633745e+05, 1.000000000000000e-10, 2.325448037148631e+12
61661, 5.071708000000000e-02, 3.509900830375000e-02, 3.809573241727421e-02, 0.000000000000000e+00, 0.000000000000000e+00, 2.614026205717843e+05, 1.000000000000000e-10, 2.325436502769501e+12
61790, 5.094712000000000e-02, 3.518613895374000e-02, 3.809594895423658e-02, 0.000000000000000e+00, 0.000000000000000e+00, 2.614044133687913e+05, 1.000000000000000e-10, 2.325425121909092e+12
61919, 5.117716000000000e-02, 3.527305651282000e-02, 3.809616396248956e-02, 0.000000000000000e+00, 0.000000000000000e+00, 2.614061936437033e+05, 1.000000000000000e-10, 2.325413804587414e+12
62048, 5.140720000000000e-02, 3.535976227541000e-02, 3.809637844801830e-02, 0.000000000000000e+00, 0.000000000000000e+00, 2.614079695453322e+05, 1.000000000000000e-10, 2.325402518978956e+12
62177, 5.163724000000000e-02, 3.544625630732000e-02, 3.809659242324098e-02, 0.000000000000000e+00, 0.000000000000000e+00, 2.614097412154864e+05, 1.000000000000000e-10, 2.325391234977601e+12
62306, 5.186728000000000e-02, 3.553253993802000e-02, 3.809680604451424e-02, 0.000000000000000e+00, 0.000000000000000e+00, 2.614115099649326e+05, 1.000000000000000e-10, 2.325379990602403e+12
62435, 5.209732000000000e-02, 3.561861296684000e-02, 3.809702119384568e-02, 0.000000000000000e+00, 0.000000000000000e+00, 2.614132910275439e+05, 1.000000000000000e-10, 2.325368680779240e+12
62564, 5.232736000000000e-02, 3.570447268277000e-02, 3.809723712304403e-02, 0.000000000000000e+00, 0.000000000000000e+00, 2.614150783661578e+05, 1.000000000000000e-10, 2.325357283729493e+12
62693, 5.255740000000000e-02, 3.579012046747000e-02, 3.809745076116500e-02, 0.000000000000000e+00, 0.000000000000000e+00, 2.614168470711869e+05, 1.000000000000000e-10, 2.325346017504197e+12
62822, 5.278744000000000e-02, 3.587556013092000e-02, 3.809766139830140e-02, 0.000000000000000e+00, 0.000000000000000e+00, 2.614185913230325e+05, 1.000000000000000e-10, 2.325334883434817e+12
62951, 5.301748000000000e-02, 3.596079449864000e-02, 3.809787201104163e-02, 0.000000000000000e+00, 0.000000000000000e+00, 2.614203352393936e+05, 1.000000000000000e-10, 2.325323817568733e+12
63080, 5.324752000000000e-02, 3.604582104882000e-02, 3.809808514273308e-02, 0.000000000000000e+00, 0.000000000000000e+00, 2.614220994944681e+05, 1.000000000000000e-10, 2.325312616039247e+12
63209, 5.347756000000000e-02, 3.613063724863000e-02, 3.809829857710439e-02, 0.000000000000000e+00, 0.000000000000000e+00, 2.614238662004381e+05, 1.000000000000000e-10, 2.325301370466411e+12
63338, 5.370760000000000e-02, 3.621524538209000e-02, 3.809851010466127e-02, 0.000000000000000e+00, 0.000000000000000e+00, 2.614256173944869e+05, 1.000000000000000e-10, 2.325290208621409e+12
63467, 5.393764000000000e-02, 3.629964755005000e-02, 3.809872032187930e-02, 0.000000000000000e+00, 0.000000000000000e+00, 2.614273578299822e+05, 1.000000000000000e-10, 2.325279123312981e+12
63596, 5.416768000000000e-02, 3.638384462558000e-02, 3.809892961304229e-02, 0.000000000000000e+00, 0.000000000000000e+00, 2.614290906179945e+05, 1.000000000000000e-10, 2.325268129767869e+12
63725, 5.439772000000000e-02, 3.646783788106000e-02, 3.809913735417471e-02, 0.000000000000000e+00, 0.000000000000000e+00, 2.614308107358904e+05, 1.000000000000000e-10, 2.325257198061816e+12
63854, 5.462776000000000e-02, 3.655162957822000e-02, 3.809934460896512e-02, 0.000000000000000e+00, 0.000000000000000e+00, 2.614325268319811e+05, 1.000000000000000e-10, 2.325246259142811e+12
63983, 5.485780000000000e-02, 3.663521878195000e-02, 3.809955388714672e-02, 0.000000000000000e+00, 0.000000000000000e+00, 2.614342592532250e+05, 1.000000000000000e-10, 2.325235250477487e+12
64112, 5.508784000000000e-02, 3.671860245451000e-02, 3.809976402853121e-02, 0.000000000000000e+00, 0.000000000000000e+00, 2.614359986685174e+05, 1.000000000000000e-10, 2.325224175258634e+12
64241, 5.531788000000000e-02, 3.680178218560000e-02, 3.809997309213084e-02, 0.000000000000000e+00, 0.000000000000000e+00, 2.614377293257480e+05, 1.000000000000000e-10, 2.325213134912119e+12
64370, 5.554792000000000e-02, 3.688475902781000e-02, 3.810018148351582e-02, 0.000000000000000e+00, 0.000000000000000e+00, 2.614394544314469e+05, 1.000000000000000e-10, 2.325202190277817e+12
64499, 5.577796000000000e-02, 3.696753357389000e-02, 3.810038892465104e-02, 0.000000000000000e+00, 0.000000000000000e+00, 2.614411717219747e+05, 1.000000000000000e-10, 2.325191272153042e+12
64628, 5.600800000000000e-02, 3.705010743985000e-02, 3.810059474836832e-02, 0.000000000000000e+00, 0.000000000000000e+00, 2.614428757879115e+05, 1.000000000000000e-10, 2.325180389561269e+12
64757, 5.623804000000000e-02, 3.713248262594000e-02, 3.810079945429338e-02, 0.000000000000000e+00, 0.000000000000000e+00, 2.614445706728765e+05, 1.000000000000000e-10, 2.325169629770885e+12
64886, 5.646808000000000e-02, 3.721465969608000e-02, 3.810100433264768e-02, 0.000000000000000e+00, 0.000000000000000e+00, 2.614462668438923e+05, 1.000000000000000e-10, 2.325158821850701e+12
65015, 5.669812000000000e-02, 3.729663794523000e-02, 3.810120930189063e-02, 0.000000000000000e+00, 0.000000000000000e+00, 2.614479636762719e+05, 1.000000000000000e-10, 2.325148032601230e+12
65144, 5.692816000000000e-02, 3.737841815037000e-02, 3.810141354199020e-02, 0.000000000000000e+00, 0.000000000000000e+00, 2.614496545285681e+05, 1.000000000000000e-10, 2.325137284884561e+12
65273, 5.715820000000000e-02, 3.746000132226000e-02, 3.810161661086452e-02, 0.000000000000000e+00, 0.000000000000000e+00, 2.614513358018464e+05, 1.000000000000000e-10, 2.325126579795565e+12
65402, 5.738824000000000e-02, 3.754138914953000e-02, 3.810181905528123e-02, 0.000000000000000e+00, 0.000000000000000e+00, 2.614530119610556e+05, 1.000000000000000e-10, 2.325115899388628e+12
65531, 5.761828000000000e-02, 3.762258155235000e-02, 3.810202361388065e-02, 0.000000000000000e+00, 0.000000000000000e+00, 2.614547051964831e+05, 1.000000000000000e-10, 2.325105199028827e+12
65660, 5.784832000000000e-02, 3.770357450450000e-02, 3.810223023951050e-02, 0.000000000000000e+00, 0.000000000000000e+00, 2.614564151519043e+05, 1.000000000000000e-10, 2.325094279896493e+12
65789, 5.807836000000000e-02, 3.778436798897000e-02, 3.810243429345334e-02, 0.000000000000000e+00, 0.000000000000000e+00, 2.614581042180330e+05, 1.000000000000000e-10, 2.325083547751183e+12
65918, 5.830840000000000e-02, 3.786496763758000e-02, 3.810263343212169e-02, 0.000000000000000e+00, 0.000000000000000e+00, 2.614597533009743e+05, 1.000000000000000e-10, 2.325072992204615e+12
66047, 5.853844000000000e-02, 3.794537823481000e-02, 3.810283146453926e-02, 0.000000000000000e+00, 0.000000000000000e+00, 2.614613932346471e+05, 1.000000000000000e-10, 2.325062607452032e+12
66176, 5.876848000000000e-02, 3.802559742667000e-02, 3.810303280509687e-02, 0.000000000000000e+00, 0.000000000000000e+00, 2.614630598777921e+05, 1.000000000000000e-10, 2.325051994684365e+12
66305, 5.899852000000000e-02, 3.810562088127000e-02, 3.810323582392965e-02, 0.000000000000000e+00, 0.000000000000000e+00, 2.614647401369150e+05, 1.000000000000000e-10, 2.325041321981693e+12
66434, 5.922856000000000e-02, 3.818544979468000e-02, 3.810343702389368e-02, 0.000000000000000e+00, 0.000000000000000e+00, 2.614664056412700e+05, 1.000000000000000e-10, 2.325030739740136e+12
66563, 5.945860000000000e-02, 3.826508706633000e-02, 3.810363580251447e-02, 0.000000000000000e+00, 0.000000000000000e+00, 2.614680514108434e+05, 1.000000000000000e-10, 2.325020245311534e+12
66692, 5.968864000000000e-02, 3.834453501471000e-02, 3.810383395880497e-02, 0.000000000000000e+00, 0.000000000000000e+00, 2.614696920173594e+05, 1.000000000000000e-10, 2.325009787308467e+12
66821, 5.991868000000000e-02, 3.842379279368000e-02, 3.810403346606017e-02, 0.000000000000000e+00, 0.000000000000000e+00, 2.614713434854135e+05, 1.000000000000000e-10, 2.324999307102517e+12
66950, 6.014872000000000e-02, 3.850285866112000e-02, 3.810423335086212e-02, 0.000000000000000e+00, 0.000000000000000e+00, 2.614729979739680e+05, 1.000000000000000e-10, 2.324988804293961e+12
67079, 6.037876000000000e-02, 3.858173384571000e-02, 3.810443179158268e-02, 0.000000000000000e+00, 0.000000000000000e+00, 2.614746406975268e+05, 1.000000000000000e-10, 2.324978328946670e+12
67208, 6.060880000000000e-02, 3.866042034528000e-02, 3.810462840935074e-02, 0.000000000000000e+00, 0.000000000000000e+00, 2.614762685423136e+05, 1.000000000000000e-10, 2.324967988081528e+12
67337, 6.083884000000000e-02, 3.873892012134000e-02, 3.810482459388898e-02, 0.000000000000000e+00, 0.000000000000000e+00, 2.614778927770686e+05, 1.000000000000000e-10, 2.324957623688064e+12
67466, 6.106888000000000e-02, 3.881723230732000e-02, 3.810502206478672e-02, 0.000000000000000e+00, 0.000000000000000e+00, 2.614795273589134e+05, 1.000000000000000e-10, 2.324947235952901e+12
67595, 6.129892000000000e-02, 3.889535532597000e-02, 3.810521976394814e-02, 0.000000000000000e+00, 0.000000000000000e+00, 2.614811637580157e+05, 1.000000000000000e-10, 2.324936833793498e+12
67724, 6.152896000000000e-02, 3.897329055147000e-02, 3.810541626813046e-02, 0.000000000000000e+00, 0.000000000000000e+00, 2.614827904168430e+05, 1.000000000000000e-10, 2.324926452614562e+12
67853, 6.175900000000000e-02, 3.905103932012000e-02, 3.810561171140116e-02, 0.000000000000000e+00, 0.000000000000000e+00, 2.614844083732352e+05, 1.000000000000000e-10, 2.324916211018226e+12
67982, 6.198904000000000e-02, 3.912860265051000e-02, 3.810580643946126e-02, 0.000000000000000e+00, 0.000000000000000e+00, 2.614860204253279e+05, 1.000000000000000e-10, 2.324905893764718e+12
68111, 6.221908000000000e-02, 3.920598115477000e-02, 3.810600045375686e-02, 0.000000000000000e+00, 0.000000000000000e+00, 2.614876265961497e+05, 1.000000000000000e-10, 2.324895681529428e+12
68240, 6.244912000000000e-02, 3.928317586341000e-02, 3.810619360785927e-02, 0.000000000000000e+00, 0.000000000000000e+00, 2.614892257332435e+05, 1.000000000000000e-10, 2.324885559251593e+12
68369, 6.267916000000000e-02, 3.936018775059000e-02, 3.810638757931919e-02, 0.000000000000000e+00, 0.000000000000000e+00, 2.614908314322806e+05, 1.000000000000000e-10, 2.324875382144682e+12
68498, 6.290920000000000e-02, 3.943701440988000e-02, 3.810658316618717e-02, 0.000000000000000e+00, 0.000000000000000e+00, 2.614924501770426e+05, 1.000000000000000e-10, 2.324865041754008e+12
68627, 6.313924000000000e-02, 3.951365515032000e-02, 3.810677781971842e-02, 0.000000000000000e+00, 0.000000000000000e+00, 2.614940613216891e+05, 1.000000000000000e-10, 2.324854785361287e+12
68756, 6.336928000000000e-02, 3.959011280731000e-02, 3.810696965250226e-02, 0.000000000000000e+00, 0.000000000000000e+00, 2.614956495065432e+05, 1.000000000000000e-10, 2.324844686347038e+12
68885, 6.359932000000000e-02, 3.966639049919000e-02, 3.810715980514544e-02, 0.000000000000000e+00, 0.000000000000000e+00, 2.614972239540533e+05, 1.000000000000000e-10, 2.324834637740122e+12
69014, 6.382936000000000e-02, 3.974248869242000e-02, 3.810735132857496e-02, 0.000000000000000e+00, 0.000000000000000e+00, 2.614988094146900e+05, 1.000000000000000e-10, 2.324824579172202e+12
69143, 6.405940000000000e-02, 3.981840429986000e-02, 3.810754483062848e-02, 0.000000000000000e+00, 0.000000000000000e+00, 2.615004108786951e+05, 1.000000000000000e-10, 2.324814393550211e+12
69272, 6.428944000000000e-02, 3.989413659648000e-02, 3.810773756021338e-02, 0.000000000000000e+00, 0.000000000000000e+00, 2.615020060708615e+05, 1.000000000000000e-10, 2.324804243216782e+12
69401, 6.451948000000000e-02, 3.996968814660000e-02, 3.810792804255639e-02, 0.000000000000000e+00, 0.000000000000000e+00, 2.615035829609237e+05, 1.000000000000000e-10, 2.324794209561803e+12
69530, 6.474952000000000e-02, 4.004506115548000e-02, 3.810811722950154e-02, 0.000000000000000e+00, 0.000000000000000e+00, 2.615051492205535e+05, 1.000000000000000e-10, 2.324784255518801e+12
69659, 6.497956000000001e-02, 4.012025616591000e-02, 3.810830626715603e-02, 0.000000000000000e+00, 0.000000000000000e+00, 2.615067141532984e+05, 1.000000000000000e-10, 2.324774283507260e+12
69788, 6.520960000000001e-02, 4.019527305511000e-02, 3.810849476302756e-02, 0.000000000000000e+00, 0.000000000000000e+00, 2.615082746289951e+05, 1.000000000000000e-10, 2.324764351703918e+12
69917, 6.543963999999999e-02, 4.027011325221000e-02, 3.810868302784504e-02, 0.000000000000000e+00, 0.000000000000000e+00, 2.615098331958597e+05, 1.000000000000000e-10, 2.324754446381707e+12
70046, 6.566967999999999e-02, 4.034477604230000e-02, 3.810887274439168e-02, 0.000000000000000e+00, 0.000000000000000e+00, 2.615114034751544e+05, 1.000000000000000e-10, 2.324744510436893e+12
70175, 6.589971999999999e-02, 4.041925939531000e-02, 3.810906289439691e-02, 0.000000000000000e+00, 0.000000000000000e+00, 2.615129772573732e+05, 1.000000000000000e-10, 2.324734474804080e+12
70304, 6.612976000000000e-02, 4.049356471110000e-02, 3.810925211706066e-02, 0.000000000000000e+00, 0.000000000000000e+00, 2.615145434948825e+05, 1.000000000000000e-10, 2.324724459450961e+12
70433, 6.635980000000000e-02, 4.056769272888000e-02, 3.810944106659428e-02, 0.000000000000000e+00, 0.000000000000000e+00, 2.615161074219405e+05, 1.000000000000000e-10, 2.324714566882388e+12
70562, 6.658984000000000e-02, 4.064164339361000e-02, 3.810962907047425e-02, 0.000000000000000e+00, 0.000000000000000e+00, 2.615176635654574e+05, 1.000000000000000e-10, 2.324704655298689e+12
70691, 6.681988000000000e-02, 4.071541877088000e-02, 3.810981426318886e-02, 0.000000000000000e+00, 0.000000000000000e+00, 2.615191968053484e+05, 1.000000000000000e-10, 2.324694870849564e+12
70820, 6.704992000000000e-02, 4.078902258871000e-02, 3.810999700128986e-02, 0.000000000000000e+00, 0.000000000000000e+00, 2.615207100415138e+05, 1.000000000000000e-10, 2.324685256553258e+12
70949, 6.727996000000000e-02, 4.086245624246000e-02, 3.811018160491281e-02, 0.000000000000000e+00, 0.000000000000000e+00, 2.615222383140248e+05, 1.000000000000000e-10, 2.324675565172567e+12
71078, 6.751000000000000e-02, 4.093571475924000e-02, 3.811037046323180e-02, 0.000000000000000e+00, 0.000000000000000e+00, 2.615238010582326e+05, 1.000000000000000e-10, 2.324665636247420e+12
71207, 6.774004000000000e-02, 4.100879471977000e-02, 3.811055916613010e-02, 0.000000000000000e+00, 0.000000000000000e+00, 2.615253625696003e+05, 1.000000000000000e-10, 2.324655678796684e+12
71336, 6.797008000000000e-02, 4.108170012101000e-02, 3.811074337785501e-02, 0.000000000000000e+00, 0.000000000000000e+00, 2.615268876009803e+05, 1.000000000000000e-10, 2.324645946701783e+12
71465, 6.820012000000000e-02, 4.115443620074000e-02, 3.811092420912691e-02, 0.000000000000000e+00, 0.000000000000000e+00, 2.615283850699845e+05, 1.000000000000000e-10, 2.324636430839237e+12
71594, 6.843016000000000e-02, 4.122700459489000e-02, 3.811110618260116e-02, 0.000000000000000e+00, 0.000000000000000e+00, 2.615298916606604e+05, 1.000000000000000e-10, 2.324626899250564e+12
71723, 6.866020000000000e-02, 4.129940146241000e-02, 3.811129127540463e-02, 0.000000000000000e+00, 0.000000000000000e+00, 2.615314235060451e+05, 1.000000000000000e-10, 2.324617124236198e+12
71852, 6.889024000000001e-02, 4.137162455077000e-02, 3.811147658518022e-02, 0.000000000000000e+00, 0.000000000000000e+00, 2.615329571597341e+05, 1.000000000000000e-10, 2.324607355822317e+12
71981, 6.912028000000001e-02, 4.144367598996000e-02, 3.811166071704303e-02, 0.000000000000000e+00, 0.000000000000000e+00, 2.615344812366587e+05, 1.000000000000000e-10, 2.324597705896227e+12
72110, 6.935031999999999e-02, 4.151555625921000e-02, 3.811184434191257e-02, 0.000000000000000e+00, 0.000000000000000e+00, 2.615360011134563e+05, 1.000000000000000e-10, 2.324588028361059e+12
72239, 6.958035999999999e-02, 4.158726600787000e-02, 3.811202719160965e-02, 0.000000000000000e+00, 0.000000000000000e+00, 2.615375146217037e+05, 1.000000000000000e-10, 2.324578408721387e+12
72368, 6.981039999999999e-02, 4.165880627713000e-02, 3.811220910773105e-02, 0.000000000000000e+00, 0.000000000000000e+00, 2.615390204697245e+05, 1.000000000000000e-10, 2.324568801928913e+12
72497, 7.004044000000000e-02, 4.173017802519000e-02, 3.811239026720743e-02, 0.000000000000000e+00, 0.000000000000000e+00, 2.615405200825785e+05, 1.000000000000000e-10, 2.324559260659456e+12
72626, 7.027048000000000e-02, 4.180138192139000e-02, 3.811257066570151e-02, 0.000000000000000e+00, 0.000000000000000e+00, 2.615420134253334e+05, 1.000000000000000e-10, 2.324549743054820e+12
72755, 7.050052000000000e-02, 4.187241891763000e-02, 3.811274974471920e-02, 0.000000000000000e+00, 0.000000000000000e+00, 2.615434959967235e+05, 1.000000000000000e-10, 2.324540330127625e+12
72884, 7.073056000000000e-02, 4.194329086170000e-02, 3.811292869549884e-02, 0.000000000000000e+00, 0.000000000000000e+00, 2.615449774740644e+05, 1.000000000000000e-10, 2.324530957768640e+12
73013, 7.096060000000000e-02, 4.201399634980000e-02, 3.811310969261186e-02, 0.000000000000000e+00, 0.000000000000000e+00, 2.615464754878016e+05, 1.000000000000000e-10, 2.324521374256860e+12
73142, 7.119064000000000e-02, 4.208453285197000e-02, 3.811329142625038e-02, 0.000000000000000e+00, 0.000000000000000e+00, 2.615479794619338e+05, 1.000000000000000e-10, 2.324511835857279e+12
73271, 7.142068000000000e-02, 4.215490163611000e-02, 3.811347149666078e-02, 0.000000000000000e+00, 0.000000000000000e+00, 2.615494699177332e+05, 1.000000000000000e-10, 2.324502363295962e+12
73400, 7.165072000000000e-02, 4.222510494620000e-02, 3.811364970565945e-02, 0.000000000000000e+00, 0.000000000000000e+00, 2.615509451807482e+05, 1.000000000000000e-10, 2.324492950302784e+12
73529, 7.188076000000000e-02, 4.229514435181000e-02, 3.811382715308523e-02, 0.000000000000000e+00, 0.000000000000000e+00, 2.615524141542203e+05, 1.000000000000000e-10, 2.324483636743298e+12
73658, 7.211080000000000e-02, 4.236501988332000e-02, 3.811400459666494e-02, 0.000000000000000e+00, 0.000000000000000e+00, 2.615538830052258e+05, 1.000000000000000e-10, 2.324474264062606e+12
73787, 7.234084000000000e-02, 4.243473161131000e-02, 3.811418136417177e-02, 0.000000000000000e+00, 0.000000000000000e+00, 2.615553463347610e+05, 1.000000000000000e-10, 2.324464958850339e+12
73916, 7.257088000000000e-02, 4.250428099930000e-02, 3.811435831211522e-02, 0.000000000000000e+00, 0.000000000000000e+00, 2.615568110906215e+05, 1.000000000000000e-10, 2.324455684262909e+12
74045, 7.280092000000001e-02, 4.257366642425000e-02, 3.811453683076765e-02, 0.000000000000000e+00, 0.000000000000000e+00, 2.615582885371795e+05, 1.000000000000000e-10, 2.324446276237574e+12
74174, 7.303096000000001e-02, 4.264288653360000e-02, 3.811471531718302e-02, 0.000000000000000e+00, 0.000000000000000e+00, 2.615597657180111e+05, 1.000000000000000e-10, 2.324436852947651e+12
74303, 7.326100000000001e-02, 4.271194295273000e-02, 3.811489262934915e-02, 0.000000000000000e+00, 0.000000000000000e+00, 2.615612333353941e+05, 1.000000000000000e-10, 2.324427559113569e+12
74432, 7.349103999999999e-02, 4.278083657377000e-02, 3.811506938035746e-02, 0.000000000000000e+00, 0.000000000000000e+00, 2.615626963051562e+05, 1.000000000000000e-10, 2.324418223747267e+12
74561, 7.372107999999999e-02, 4.284956769432000e-02, 3.811524520689528e-02, 0.000000000000000e+00, 0.000000000000000e+00, 2.615641516729965e+05, 1.000000000000000e-10, 2.324408957556978e+12
74690, 7.395112000000000e-02, 4.291813791496000e-02, 3.811541895818754e-02, 0.000000000000000e+00, 0.000000000000000e+00, 2.615655901185929e+05, 1.000000000000000e-10, 2.324399826633464e+12
74819, 7.418116000000000e-02, 4.298654983717000e-02, 3.811559098151650e-02, 0.000000000000000e+00, 0.000000000000000e+00, 2.615670144904239e+05, 1.000000000000000e-10, 2.324390740803438e+12
74948, 7.441120000000000e-02, 4.305480444056000e-02, 3.811576500013512e-02, 0.000000000000000e+00, 0.000000000000000e+00, 2.615684549885689e+05, 1.000000000000000e-10, 2.324381605874156e+12
75077, 7.464124000000000e-02, 4.312289698353000e-02, 3.811594315662647e-02, 0.000000000000000e+00, 0.000000000000000e+00, 2.615699290223292e+05, 1.000000000000000e-10, 2.324372263541122e+12
75206, 7.487128000000000e-02, 4.319082417353000e-02, 3.811612100815444e-02, 0.000000000000000e+00, 0.000000000000000e+00, 2.615714005992580e+05, 1.000000000000000e-10, 2.324362839690638e+12
75335, 7.510132000000000e-02, 4.325859010384000e-02, 3.811629394027793e-02, 0.000000000000000e+00, 0.000000000000000e+00, 2.615728322152373e+05, 1.000000000000000e-10, 2.324353784774242e+12
75464, 7.533136000000000e-02, 4.332620052915000e-02, 3.811646297880570e-02, 0.000000000000000e+00, 0.000000000000000e+00, 2.615742321035007e+05, 1.000000000000000e-10, 2.324344886112925e+12
75593, 7.556140000000000e-02, 4.339365740245000e-02, 3.811663304853604e-02, 0.000000000000000e+00, 0.000000000000000e+00, 2.615756402124709e+05, 1.000000000000000e-10, 2.324335950906542e+12
75722, 7.579144000000000e-02, 4.346095678174000e-02, 3.811680668309724e-02, 0.000000000000000e+00, 0.000000000000000e+00, 2.615770771931869e+05, 1.000000000000000e-10, 2.324326775089857e+12
75851, 7.602148000000000e-02, 4.352809570690000e-02, 3.811698090912723e-02, 0.000000000000000e+00, 0.000000000000000e+00, 2.615785190338212e+05, 1.000000000000000e-10, 2.324317600103047e+12
75980, 7.625152000000000e-02, 4.359507625920000e-02, 3.811715394778345e-02, 0.000000000000000e+00, 0.000000000000000e+00, 2.615799512494280e+05, 1.000000000000000e-10, 2.324308501739666e+12
76109, 7.648156000000000e-02, 4.366189892839000e-02, 3.811732660146563e-02, 0.000000000000000e+00, 0.000000000000000e+00, 2.615813802674017e+05, 1.000000000000000e-10, 2.324299414714581e+12
76238, 7.671160000000000e-02, 4.372856406291000e-02, 3.811749853687105e-02, 0.000000000000000e+00, 0.000000000000000e+00, 2.615828033881468e+05, 1.000000000000000e-10, 2.324290388682922e+12
76367, 7.694164000000001e-02, 4.379507282386000e-02, 3.811766918227826e-02, 0.000000000000000e+00, 0.000000000000000e+00, 2.615842159741186e+05, 1.000000000000000e-10, 2.324281324053598e+12
76496, 7.717168000000001e-02, 4.386142668468000e-02, 3.811783869584522e-02, 0.000000000000000e+00, 0.000000000000000e+00, 2.615856193061919e+05, 1.000000000000000e-10, 2.324272442263583e+12
76625, 7.740171999999999e-02, 4.392762650041000e-02, 3.811800808313601e-02, 0.000000000000000e+00, 0.000000000000000e+00, 2.615870215438107e+05, 1.000000000000000e-10, 2.324263538759483e+12
76754, 7.763175999999999e-02, 4.399367176916000e-02, 3.811817772379323e-02, 0.000000000000000e+00, 0.000000000000000e+00, 2.615884257921746e+05, 1.000000000000000e-10, 2.324254600187257e+12
76883, 7.786179999999999e-02, 4.405956262444000e-02, 3.811834695214654e-02, 0.000000000000000e+00, 0.000000000000000e+00, 2.615898266919676e+05, 1.000000000000000e-10, 2.324245693437589e+12
77012, 7.809184000000000e-02, 4.412529993281000e-02, 3.811851623827817e-02, 0.000000000000000e+00, 0.000000000000000e+00, 2.615912280355062e+05, 1.000000000000000e-10, 2.324236824609377e+12
77141, 7.832188000000000e-02, 4.419088289267000e-02, 3.811868581502485e-02, 0.000000000000000e+00, 0.000000000000000e+00, 2.615926317102243e+05, 1.000000000000000e-10, 2.324227877316192e+12
77270, 7.855192000000000e-02, 4.425631190916000e-02, 3.811885483189663e-02, 0.000000000000000e+00, 0.000000000000000e+00, 2.615940307745640e+05, 1.000000000000000e-10, 2.324218964551285e+12
77399, 7.878196000000000e-02, 4.432158789763000e-02, 3.811902273431941e-02, 0.000000000000000e+00, 0.000000000000000e+00, 2.615954197342556e+05, 1.000000000000000e-10, 2.324210127829792e+12
77528, 7.901200000000000e-02, 4.438671145825000e-02, 3.811916420323350e-02, 0.000000000000000e+00, 0.000000000000000e+00, 2.615966306558451e+05, 1.000000000000000e-10, 2.324202917384449e+12
77657, 7.924204000000000e-02, 4.445168342044000e-02, 3.811932921278228e-02, 0.000000000000000e+00, 0.000000000000000e+00, 2.615980034373200e+05, 1.000000000000000e-10, 2.324194250249756e+12
77786, 7.947208000000000e-02, 4.451650373800000e-02, 3.811952476189033e-02, 0.000000000000000e+00, 0.000000000000000e+00, 2.615995756809126e+05, 1.000000000000000e-10, 2.324183701908969e+12
77915, 7.970212000000000e-02, 4.458117288718000e-02, 3.811969100276165e-02, 0.000000000000000e+00, 0.000000000000000e+00, 2.616009522404452e+05, 1.000000000000000e-10, 2.324174951634710e+12
78044, 7.993216000000000e-02, 4.464569152764000e-02, 3.811985737697512e-02, 0.000000000000000e+00, 0.000000000000000e+00, 2.616023291766036e+05, 1.000000000000000e-10, 2.324166170966859e+12
78173, 8.016220000000000e-02, 4.471005884650000e-02, 3.812002383561809e-02, 0.000000000000000e+00, 0.000000000000000e+00, 2.616037067471426e+05, 1.000000000000000e-10, 2.324157462888444e+12
78302, 8.039224000000000e-02, 4.477427575256000e-02, 3.812018996034827e-02, 0.000000000000000e+00, 0.000000000000000e+00, 2.616050816177202e+05, 1.000000000000000e-10, 2.324148689957289e+12
78431, 8.062228000000000e-02, 4.483834221792000e-02, 3.812035666753803e-02, 0.000000000000000e+00, 0.000000000000000e+00, 2.616064611821270e+05, 1.000000000000000e-10, 2.324139952141127e+12
78560, 8.085232000000001e-02, 4.490225728752000e-02, 3.812052356137836e-02, 0.000000000000000e+00, 0.000000000000000e+00, 2.616078422307094e+05, 1.000000000000000e-10, 2.324131175762420e+12
78689, 8.108236000000001e-02, 4.496602168432000e-02, 3.812068921881273e-02, 0.000000000000000e+00, 0.000000000000000e+00, 2.616092132121497e+05, 1.000000000000000e-10, 2.324122445664870e+12
78818, 8.131240000000001e-02, 4.502963721359000e-02, 3.812085320543122e-02, 0.000000000000000e+00, 0.000000000000000e+00, 2.616105705677840e+05, 1.000000000000000e-10, 2.324113780574368e+12
78947, 8.154243999999999e-02, 4.509310540383000e-02, 3.812101635075282e-02, 0.000000000000000e+00, 0.000000000000000e+00, 2.616119210105247e+05, 1.000000000000000e-10, 2.324105182041310e+12
79076, 8.177247999999999e-02, 4.515642642327000e-02, 3.812117952502667e-02, 0.000000000000000e+00, 0.000000000000000e+00, 2.616132716067626e+05, 1.000000000000000e-10, 2.324096599645285e+12
79205, 8.200252000000000e-02, 4.521960010408000e-02, 3.812134217738950e-02, 0.000000000000000e+00, 0.000000000000000e+00, 2.616146179321269e+05, 1.000000000000000e-10, 2.324088060218332e+12
79334, 8.223256000000000e-02, 4.528262776062000e-02, 3.812150459192609e-02, 0.000000000000000e+00, 0.000000000000000e+00, 2.616159623125058e+05, 1.000000000000000e-10, 2.324079481882862e+12
79463, 8.246260000000000e-02, 4.534550870225000e-02, 3.812166844686549e-02, 0.000000000000000e+00, 0.000000000000000e+00, 2.616173183314505e+05, 1.000000000000000e-10, 2.324070876110497e+12
79592, 8.269264000000000e-02, 4.540824093752000e-02, 3.812183306617131e-02, 0.000000000000000e+00, 0.000000000000000e+00, 2.616186805263032e+05, 1.000000000000000e-10, 2.324062217163804e+12
79721, 8.292268000000000e-02, 4.547082510085000e-02, 3.812199627727798e-02, 0.000000000000000e+00, 0.000000000000000e+00, 2.616200312683813e+05, 1.000000000000000e-10, 2.324053649306160e+12
79850, 8.315272000000000e-02, 4.553326340768000e-02, 3.812215735999267e-02, 0.000000000000000e+00, 0.000000000000000e+00, 2.616213646662635e+05, 1.000000000000000e-10, 2.324045144331701e+12
79979, 8.338276000000000e-02, 4.559555783289000e-02, 3.812231740378377e-02, 0.000000000000000e+00, 0.000000000000000e+00, 2.616226895426452e+05, 1.000000000000000e-10, 2.324036711960168e+12
80108, 8.361280000000000e-02, 4.565770845995000e-02, 3.812247794781581e-02, 0.000000000000000e+00, 0.000000000000000e+00, 2.616240183926491e+05, 1.000000000000000e-10, 2.324028275863347e+12
80237, 8.384284000000000e-02, 4.571971428774000e-02, 3.812263868134741e-02, 0.000000000000000e+00, 0.000000000000000e+00, 2.616253487465421e+05, 1.000000000000000e-10, 2.324019843913847e+12
80366, 8.407288000000000e-02, 4.578157607686000e-02, 3.812279907337009e-02, 0.000000000000000e+00, 0.000000000000000e+00, 2.616266763329284e+05, 1.000000000000000e-10, 2.324011384681893e+12
80495, 8.430292000000000e-02, 4.584329389458000e-02, 3.812296030854225e-02, 0.000000000000000e+00, 0.000000000000000e+00, 2.616280107155801e+05, 1.000000000000000e-10, 2.324002883027282e+12
80624, 8.453296000000000e-02, 4.590486615748000e-02, 3.812312207111647e-02, 0.000000000000000e+00, 0.000000000000000e+00, 2.616293493512699e+05, 1.000000000000000e-10, 2.323994384121902e+12
80753, 8.476300000000001e-02, 4.596629354902000e-02, 3.812328305559315e-02, 0.000000000000000e+00, 0.000000000000000e+00, 2.616306816579845e+05, 1.000000000000000e-10, 2.323985919300206e+12
80882, 8.499304000000001e-02, 4.602757702973000e-02, 3.812344336684387e-02, 0.000000000000000e+00, 0.000000000000000e+00, 2.616320084378969e+05, 1.000000000000000e-10, 2.323977493269400e+12
81011, 8.522308000000001e-02, 4.608871701457000e-02, 3.812360322057946e-02, 0.000000000000000e+00, 0.000000000000000e+00, 2.616333314171172e+05, 1.000000000000000e-10, 2.323969098650478e+12
81140, 8.545311999999999e-02, 4.614971400579000e-02, 3.812376184715794e-02, 0.000000000000000e+00, 0.000000000000000e+00, 2.616346443521552e+05, 1.000000000000000e-10, 2.323960687949415e+12
81269, 8.568315999999999e-02, 4.621056988737000e-02, 3.812391823682694e-02, 0.000000000000000e+00, 0.000000000000000e+00, 2.616359390682311e+05, 1.000000000000000e-10, 2.323952476375222e+12
81398, 8.591320000000000e-02, 4.627128716296000e-02, 3.812407388336291e-02, 0.000000000000000e+00, 0.000000000000000e+00, 2.616372277093887e+05, 1.000000000000000e-10, 2.323944308760520e+12
81527, 8.614324000000000e-02, 4.633186487241000e-02, 3.812423227856387e-02, 0.000000000000000e+00, 0.000000000000000e+00, 2.616385385998108e+05, 1.000000000000000e-10, 2.323935957651539e+12
81656, 8.637328000000000e-02, 4.639229879800000e-02, 3.812439360774934e-02, 0.000000000000000e+00, 0.000000000000000e+00, 2.616398732826675e+05, 1.000000000000000e-10, 2.323927453737419e+12
81785, 8.660332000000000e-02, 4.645258763550000e-02, 3.812455371457478e-02, 0.000000000000000e+00, 0.000000000000000e+00, 2.616411980558821e+05, 1.000000000000000e-10, 2.323919059766923e+12
81914, 8.683336000000000e-02, 4.651273517520000e-02, 3.812470972818890e-02, 0.000000000000000e+00, 0.000000000000000e+00, 2.616424895508692e+05, 1.000000000000000e-10, 2.323910799714718e+12
82043, 8.706340000000000e-02, 4.657274555822000e-02, 3.812486303451382e-02, 0.000000000000000e+00, 0.000000000000000e+00, 2.616437589649476e+05, 1.000000000000000e-10, 2.323902750905766e+12
82172, 8.729344000000000e-02, 4.663261984773000e-02, 3.812501747561678e-02, 0.000000000000000e+00, 0.000000000000000e+00, 2.616450374812634e+05, 1.000000000000000e-10, 2.323894631104605e+12
82301, 8.752348000000000e-02, 4.669235483968000e-02, 3.812517486117374e-02, 0.000000000000000e+00, 0.000000000000000e+00, 2.616463398495830e+05, 1.000000000000000e-10, 2.323886371709355e+12
82430, 8.775352000000000e-02, 4.675194817396000e-02, 3.812533263645709e-02, 0.000000000000000e+00, 0.000000000000000e+00, 2.616476454197135e+05, 1.000000000000000e-10, 2.323878037719333e+12
82559, 8.798356000000000e-02, 4.681140166283000e-02, 3.812548919120112e-02, 0.000000000000000e+00, 0.000000000000000e+00, 2.616489410834441e+05, 1.000000000000000e-10, 2.323869841206624e+12
82688, 8.821360000000000e-02, 4.687071599584000e-02, 3.812564529545619e-02, 0.000000000000000e+00, 0.000000000000000e+00, 2.616502330142863e+05, 1.000000000000000e-10, 2.323861581307934e+12
82817, 8.844364000000000e-02, 4.692989137428000e-02, 3.812580077368920e-02, 0.000000000000000e+00, 0.000000000000000e+00, 2.616515197791175e+05, 1.000000000000000e-10, 2.323853395735376e+12
82946, 8.867368000000000e-02, 4.698892882294000e-02, 3.812595468319706e-02, 0.000000000000000e+00, 0.000000000000000e+00, 2.616527937333056e+05, 1.000000000000000e-10, 2.323845329078016e+12
83075, 8.890372000000001e-02, 4.704783033724000e-02, 3.812610636317545e-02, 0.000000000000000e+00, 0.000000000000000e+00, 2.616540495451636e+05, 1.000000000000000e-10, 2.323837311720441e+12
83204, 8.913376000000001e-02, 4.710659827970000e-02, 3.812625837756058e-02, 0.000000000000000e+00, 0.000000000000000e+00, 2.616553080297243e+05, 1.000000000000000e-10, 2.323829373611696e+12
83333, 8.936379999999999e-02, 4.716522977137000e-02, 3.812641412948549e-02, 0.000000000000000e+00, 0.000000000000000e+00, 2.616565968000593e+05, 1.000000000000000e-10, 2.323821137435767e+12
83462, 8.959383999999999e-02, 4.722372062853000e-02, 3.812657177463540e-02, 0.000000000000000e+00, 0.000000000000000e+00, 2.616579009514292e+05, 1.000000000000000e-10, 2.323812859824291e+12
83591, 8.982387999999999e-02, 4.728207157698000e-02, 3.812672730116562e-02, 0.000000000000000e+00, 0.000000000000000e+00, 2.616591879206838e+05, 1.000000000000000e-10, 2.323804686806748e+12
83720, 9.005392000000000e-02, 4.734028607464000e-02, 3.812687954593952e-02, 0.000000000000000e+00, 0.000000000000000e+00, 2.616604481777139e+05, 1.000000000000000e-10, 2.323796636874244e+12
83849, 9.028396000000000e-02, 4.739836696344000e-02, 3.812703040320452e-02, 0.000000000000000e+00, 0.000000000000000e+00, 2.616616970510603e+05, 1.000000000000000e-10, 2.323788712197956e+12
83978, 9.051400000000000e-02, 4.745631402749000e-02, 3.812718188317771e-02, 0.000000000000000e+00, 0.000000000000000e+00, 2.616629508758294e+05, 1.000000000000000e-10, 2.323780751773078e+12
84107, 9.074404000000000e-02, 4.751412630245000e-02, 3.812733393169157e-02, 0.000000000000000e+00, 0.000000000000000e+00, 2.616642092678694e+05, 1.000000000000000e-10, 2.323772762027970e+12
84236, 9.097408000000000e-02, 4.757180375152000e-02, 3.812748556233896e-02, 0.000000000000000e+00, 0.000000000000000e+00, 2.616654642480191e+05, 1.000000000000000e-10, 2.323764768793149e+12
84365, 9.120412000000000e-02, 4.762934731494000e-02, 3.812763664717590e-02, 0.000000000000000e+00, 0.000000000000000e+00, 2.616667147463220e+05, 1.000000000000000e-10, 2.323756797325169e+12
84494, 9.143416000000000e-02, 4.768675715930000e-02, 3.812778704692582e-02, 0.000000000000000e+00, 0.000000000000000e+00, 2.616679596390283e+05, 1.000000000000000e-10, 2.323748905056550e+12
84623, 9.166420000000000e-02, 4.774403449608000e-02, 3.812793715708224e-02, 0.000000000000000e+00, 0.000000000000000e+00, 2.616692021544733e+05, 1.000000000000000e-10, 2.323740991255352e+12
84752, 9.189424000000000e-02, 4.780117877088000e-02, 3.812808834056070e-02, 0.000000000000000e+00, 0.000000000000000e+00, 2.616704533291897e+05, 1.000000000000000e-10, 2.323733012768483e+12
84881, 9.212428000000000e-02, 4.785818855913000e-02, 3.812823982532514e-02, 0.000000000000000e+00, 0.000000000000000e+00, 2.616717069374814e+05, 1.000000000000000e-10, 2.323725057192296e+12
85010, 9.235432000000000e-02, 4.791506482980000e-02, 3.812839072915889e-02, 0.000000000000000e+00, 0.000000000000000e+00, 2.616729558250530e+05, 1.000000000000000e-10, 2.323717144843108e+12
85139, 9.258436000000000e-02, 4.797180784962000e-02, 3.812854167144235e-02, 0.000000000000000e+00, 0.000000000000000e+00, 2.616742049694085e+05, 1.000000000000000e-10, 2.323709162659143e+12
85268, 9.281440000000001e-02, 4.802841733505000e-02, 3.812869248869565e-02, 0.000000000000000e+00, 0.000000000000000e+00, 2.616754530309612e+05, 1.000000000000000e-10, 2.323701284976697e+12
85397, 9.304444000000001e-02, 4.808489384191000e-02, 3.812884191409698e-02, 0.000000000000000e+00, 0.000000000000000e+00, 2.616766897271381e+05, 1.000000000000000e-10, 2.323693382678286e+12
85526, 9.327448000000001e-02, 4.814123947362000e-02, 3.812898891736306e-02, 0.000000000000000e+00, 0.000000000000000e+00, 2.616779066984411e+05, 1.000000000000000e-10, 2.323685617849892e+12
85655, 9.350451999999999e-02, 4.819745676652000e-02, 3.812913483938796e-02, 0.000000000000000e+00, 0.000000000000000e+00, 2.616791148468936e+05, 1.000000000000000e-10, 2.323677990742646e+12
85784, 9.373455999999999e-02, 4.825354531352000e-02, 3.812928310277085e-02, 0.000000000000000e+00, 0.000000000000000e+00, 2.616803419449448e+05, 1.000000000000000e-10, 2.323670179840372e+12
85913, 9.396460000000000e-02, 4.830950117366000e-02, 3.812943461486634e-02, 0.000000000000000e+00, 0.000000000000000e+00, 2.616815953872549e+05, 1.000000000000000e-10, 2.323662199190901e+12
86042, 9.419464000000000e-02, 4.836532222014000e-02, 3.812958566038824e-02, 0.000000000000000e+00, 0.000000000000000e+00, 2.616828450562545e+05, 1.000000000000000e-10, 2.323654264156955e+12
86171, 9.442468000000000e-02, 4.842101158368000e-02, 3.812973304464397e-02, 0.000000000000000e+00, 0.000000000000000e+00, 2.616840649645972e+05, 1.000000000000000e-10, 2.323646499311547e+12
86300, 9.465472000000000e-02, 4.847657312222000e-02, 3.812987724035190e-02, 0.000000000000000e+00, 0.000000000000000e+00, 2.616852588969168e+05, 1.000000000000000e-10, 2.323638904768078e+12
86429, 9.488476000000000e-02, 4.853200900467000e-02, 3.813002161490715e-02, 0.000000000000000e+00, 0.000000000000000e+00, 2.616864541812403e+05, 1.000000000000000e-10, 2.323631334836488e+12
86558, 9.511480000000000e-02, 4.858731674262000e-02, 3.813016887546340e-02, 0.000000000000000e+00, 0.000000000000000e+00, 2.616876728286100e+05, 1.000000000000000e-10, 2.323623583808928e+12
86687, 9.534484000000000e-02, 4.864249340247000e-02, 3.813031720501401e-02, 0.000000000000000e+00, 0.000000000000000e+00, 2.616889001799494e+05, 1.000000000000000e-10, 2.323615761253571e+12
86816, 9.557488000000000e-02, 4.869754006408000e-02, 3.813046467045452e-02, 0.000000000000000e+00, 0.000000000000000e+00, 2.616901205444661e+05, 1.000000000000000e-10, 2.323608032549675e+12
86945, 9.580492000000000e-02, 4.875245744197000e-02, 3.813061174926654e-02, 0.000000000000000e+00, 0.000000000000000e+00, 2.616913377180849e+05, 1.000000000000000e-10, 2.323600264033752e+12
87074, 9.603496000000000e-02, 4.880724559841000e-02, 3.813075852425116e-02, 0.000000000000000e+00, 0.000000000000000e+00, 2.616925523591548e+05, 1.000000000000000e-10, 2.323592550496236e+12
87203, 9.626500000000000e-02, 4.886190507049000e-02, 3.813090430551620e-02, 0.000000000000000e+00, 0.000000000000000e+00, 2.616937588707261e+05, 1.000000000000000e-10, 2.323584886133893e+12
87332, 9.649504000000000e-02, 4.891643722344000e-02, 3.813104861042303e-02, 0.000000000000000e+00, 0.000000000000000e+00, 2.616949533330785e+05, 1.000000000000000e-10, 2.323577287920276e+12
87461, 9.672508000000000e-02, 4.897084351064000e-02, 3.813119206878589e-02, 0.000000000000000e+00, 0.000000000000000e+00, 2.616961408611029e+05, 1.000000000000000e-10, 2.323569753006273e+12
87590, 9.695512000000001e-02, 4.902512411481000e-02, 3.813133605543281e-02, 0.000000000000000e+00, 0.000000000000000e+00, 2.616973326112831e+05, 1.000000000000000e-10, 2.323562181233585e+12
87719, 9.718516000000001e-02, 4.907927789518000e-02, 3.813148065362394e-02, 0.000000000000000e+00, 0.000000000000000e+00, 2.616985292884444e+05, 1.000000000000000e-10, 2.323554573945336e+12
87848, 9.741519999999999e-02, 4.913330490931000e-02, 3.813162485484504e-02, 0.000000000000000e+00, 0.000000000000000e+00, 2.616997227450358e+05, 1.000000000000000e-10, 2.323546976826048e+12
87977, 9.764523999999999e-02, 4.918720596153000e-02, 3.813176899780457e-02, 0.000000000000000e+00, 0.000000000000000e+00, 2.617009156912098e+05, 1.000000000000000e-10, 2.323539370867391e+12
88106, 9.787528000000000e-02, 4.924098043423000e-02, 3.813191333979840e-02, 0.000000000000000e+00, 0.000000000000000e+00, 2.617021102060488e+05, 1.000000000000000e-10, 2.323531806727117e+12
88235, 9.810532000000000e-02, 4.929462861649000e-02, 3.813205713682888e-02, 0.000000000000000e+00, 0.000000000000000e+00, 2.617033002682362e+05, 1.000000000000000e-10, 2.323524268302682e+12
88364, 9.833536000000000e-02, 4.934815131545000e-02, 3.813220025185336e-02, 0.000000000000000e+00, 0.000000000000000e+00, 2.617044847401350e+05, 1.000000000000000e-10, 2.323516739655817e+12
88493, 9.856540000000000e-02, 4.940154904389000e-02, 3.813234252917221e-02, 0.000000000000000e+00, 0.000000000000000e+00, 2.617056623679709e+05, 1.000000000000000e-10, 2.323509241532616e+12
88622, 9.879544000000000e-02, 4.945482291780000e-02, 3.813248459391898e-02, 0.000000000000000e+00, 0.000000000000000e+00, 2.617068382332199e+05, 1.000000000000000e-10, 2.323501764089493e+12
88751, 9.902548000000000e-02, 4.950797229490000e-02, 3.813262761841561e-02, 0.000000000000000e+00, 0.000000000000000e+00, 2.617080218376534e+05, 1.000000000000000e-10, 2.323494212710979e+12
88880, 9.925552000000000e-02, 4.956099605771000e-02, 3.813277094051032e-02, 0.000000000000000e+00, 0.000000000000000e+00, 2.617092078294133e+05, 1.000000000000000e-10, 2.323486689175731e+12
89009, 9.948556000000000e-02, 4.961389483853000e-02, 3.813291333304457e-02, 0.000000000000000e+00, 0.000000000000000e+00, 2.617103862476473e+05, 1.000000000000000e-10, 2.323479183443752e+12
89138, 9.971560000000000e-02, 4.966666981801000e-02, 3.813305455210292e-02, 0.000000000000000e+00, 0.000000000000000e+00, 2.617115550804346e+05, 1.000000000000000e-10, 2.323471737892359e+12
89267, 9.994564000000000e-02, 4.971932204457000e-02, 3.813319495412697e-02, 0.000000000000000e+00, 0.000000000000000e+00, 2.617127172163859e+05, 1.000000000000000e-10, 2.323464342739791e+12
89396, 1.001756800000000e-01, 4.977185202434000e-02, 3.813333520591469e-02, 0.000000000000000e+00, 0.000000000000000e+00, 2.617138780679526e+05, 1.000000000000000e-10, 2.323456960919079e+12
89525, 1.004057200000000e-01, 4.982425955625000e-02, 3.813347537228941e-02, 0.000000000000000e+00, 0.000000000000000e+00, 2.617150381780700e+05, 1.000000000000000e-10, 2.323449633323803e+12
89654, 1.006357600000000e-01, 4.987654504166000e-02, 3.813361494359726e-02, 0.000000000000000e+00, 0.000000000000000e+00, 2.617161934524028e+05, 1.000000000000000e-10, 2.323442257575324e+12
89783, 1.008658000000000e-01, 4.992870929406000e-02, 3.813375502851434e-02, 0.000000000000000e+00, 0.000000000000000e+00, 2.617173528692754e+05, 1.000000000000000e-10, 2.323434968100872e+12
89912, 1.010958400000000e-01, 4.998075063016000e-02, 3.813389655528834e-02, 0.000000000000000e+00, 0.000000000000000e+00, 2.617185239530769e+05, 1.000000000000000e-10, 2.323427467801542e+12
90041, 1.013258800000000e-01, 5.003266807588000e-02, 3.813403787669874e-02, 0.000000000000000e+00, 0.000000000000000e+00, 2.617196933643690e+05, 1.000000000000000e-10, 2.323420021195308e+12
90170, 1.015559200000000e-01, 5.008446307883000e-02, 3.813417774211733e-02, 0.000000000000000e+00, 0.000000000000000e+00, 2.617208509218689e+05, 1.000000000000000e-10, 2.323412636985490e+12
90299, 1.017859600000000e-01, 5.013613696709000e-02, 3.813431614310357e-02, 0.000000000000000e+00, 0.000000000000000e+00, 2.617219965324493e+05, 1.000000000000000e-10, 2.323405447033823e+12
90428, 1.020160000000000e-01, 5.018769117118000e-02, 3.813445401708451e-02, 0.000000000000000e+00, 0.000000000000000e+00, 2.617231378183387e+05, 1.000000000000000e-10, 2.323398210998135e+12
90557, 1.022460400000000e-01, 5.023912528867000e-02, 3.813459293141901e-02, 0.000000000000000e+00, 0.000000000000000e+00, 2.617242874974991e+05, 1.000000000000000e-10, 2.323390841090039e+12
90686, 1.024760800000000e-01, 5.029043781506000e-02, 3.813473267763560e-02, 0.000000000000000e+00, 0.000000000000000e+00, 2.617254439054528e+05, 1.000000000000000e-10, 2.323383519737823e+12
90815, 1.027061200000000e-01, 5.034162877130000e-02, 3.813487183897431e-02, 0.000000000000000e+00, 0.000000000000000e+00, 2.617265955617864e+05, 1.000000000000000e-10, 2.323376249611251e+12
90944, 1.029361600000000e-01, 5.039269931355000e-02, 3.813501001476186e-02, 0.000000000000000e+00, 0.000000000000000e+00, 2.617277391765065e+05, 1.000000000000000e-10, 2.323368910746228e+12
91073, 1.031662000000000e-01, 5.044365016845000e-02, 3.813514749440847e-02, 0.000000000000000e+00, 0.000000000000000e+00, 2.617288770814918e+05, 1.000000000000000e-10, 2.323361651455840e+12
91202, 1.033962400000000e-01, 5.049448192136000e-02, 3.813528449447525e-02, 0.000000000000000e+00, 0.000000000000000e+00, 2.617300110378409e+05, 1.000000000000000e-10, 2.323354456998053e+12
91331, 1.036262800000000e-01, 5.054519490274000e-02, 3.813542108716884e-02, 0.000000000000000e+00, 0.000000000000000e+00, 2.617311416344637e+05, 1.000000000000000e-10, 2.323347234332380e+12
91460, 1.038563200000000e-01, 5.059578955470000e-02, 3.813555677851607e-02, 0.000000000000000e+00, 0.000000000000000e+00, 2.617322648971152e+05, 1.000000000000000e-10, 2.323340201033876e+12
91589, 1.040863600000000e-01, 5.064626718991000e-02, 3.813569254103795e-02, 0.000000000000000e+00, 0.000000000000000e+00, 2.617333887249373e+05, 1.000000000000000e-10, 2.323333051147060e+12
91718, 1.043164000000000e-01, 5.069662644910000e-02, 3.813582995769935e-02, 0.000000000000000e+00, 0.000000000000000e+00, 2.617345259483996e+05, 1.000000000000000e-10, 2.323325739492132e+12
91847, 1.045464400000000e-01, 5.074686564403000e-02, 3.813596771349979e-02, 0.000000000000000e+00, 0.000000000000000e+00, 2.617356659462692e+05, 1.000000000000000e-10, 2.323318555480938e+12
91976, 1.047764800000000e-01, 5.079698594830000e-02, 3.813610480787855e-02, 0.000000000000000e+00, 0.000000000000000e+00, 2.617368005939627e+05, 1.000000000000000e-10, 2.323311374763505e+12
92105, 1.050065200000000e-01, 5.084698753522000e-02, 3.813624195487442e-02, 0.000000000000000e+00, 0.000000000000000e+00, 2.617379356328476e+05, 1.000000000000000e-10, 2.323304106206955e+12
92234, 1.052365600000000e-01, 5.089687016097000e-02, 3.813637896533076e-02, 0.000000000000000e+00, 0.000000000000000e+00, 2.617390695237560e+05, 1.000000000000000e-10, 2.323296901143743e+12
92363, 1.054666000000000e-01, 5.094663434889000e-02, 3.813651492470614e-02, 0.000000000000000e+00, 0.000000000000000e+00, 2.617401948445144e+05, 1.000000000000000e-10, 2.323289764201173e+12
92492, 1.056966400000000e-01, 5.099628155128000e-02, 3.813664933330177e-02, 0.000000000000000e+00, 0.000000000000000e+00, 2.617413075313219e+05, 1.000000000000000e-10, 2.323282673644229e+12
92621, 1.059266800000000e-01, 5.104581321543000e-02, 3.813678281978702e-02, 0.000000000000000e+00, 0.000000000000000e+00, 2.617424126863542e+05, 1.000000000000000e-10, 2.323275645156786e+12
92750, 1.061567200000000e-01, 5.109522962347000e-02, 3.813691656859215e-02, 0.000000000000000e+00, 0.000000000000000e+00, 2.617435199290026e+05, 1.000000000000000e-10, 2.323268611132682e+12
92879, 1.063867600000000e-01, 5.114453002982000e-02, 3.813705087736519e-02, 0.000000000000000e+00, 0.000000000000000e+00, 2.617446316982803e+05, 1.000000000000000e-10, 2.323261547392012e+12
93008, 1.066168000000000e-01, 5.119371418146000e-02, 3.813718486676225e-02, 0.000000000000000e+00, 0.000000000000000e+00, 2.617457408866969e+05, 1.000000000000000e-10, 2.323254516445771e+12
93137, 1.068468400000000e-01, 5.124278300359000e-02, 3.813731835595940e-02, 0.000000000000000e+00, 0.000000000000000e+00, 2.617468460091284e+05, 1.000000000000000e-10, 2.323247532606780e+12
93266, 1.070768800000000e-01, 5.129173655497000e-02, 3.813745146512303e-02, 0.000000000000000e+00, 0.000000000000000e+00, 2.617479480353906e+05, 1.000000000000000e-10, 2.323240456023079e+12
93395, 1.073069200000000e-01, 5.134057551427000e-02, 3.813758401903519e-02, 0.000000000000000e+00, 0.000000000000000e+00, 2.617490455789521e+05, 1.000000000000000e-10, 2.323233528127174e+12
93524, 1.075369600000000e-01, 5.138930031920000e-02, 3.813771714479310e-02, 0.000000000000000e+00, 0.000000000000000e+00, 2.617501477706509e+05, 1.000000000000000e-10, 2.323226582678346e+12
93653, 1.077670000000000e-01, 5.143790953927000e-02, 3.813785119221132e-02, 0.000000000000000e+00, 0.000000000000000e+00, 2.617512574610425e+05, 1.000000000000000e-10, 2.323219462827149e+12
93782, 1.079970400000000e-01, 5.148640295308000e-02, 3.813798487429667e-02, 0.000000000000000e+00, 0.000000000000000e+00, 2.617523642463130e+05, 1.000000000000000e-10, 2.323212410499843e+12
93911, 1.082270800000000e-01, 5.153478157237000e-02, 3.813811819240973e-02, 0.000000000000000e+00, 0.000000000000000e+00, 2.617534681027185e+05, 1.000000000000000e-10, 2.323205515811172e+12
94040, 1.084571200000000e-01, 5.158304514003000e-02, 3.813825158569925e-02, 0.000000000000000e+00, 0.000000000000000e+00, 2.617545725786553e+05, 1.000000000000000e-10, 2.323198469503578e+12
94169, 1.086871600000000e-01, 5.163119380420000e-02, 3.813838449844815e-02, 0.000000000000000e+00, 0.000000000000000e+00, 2.617556731810004e+05, 1.000000000000000e-10, 2.323191440986519e+12
94298, 1.089172000000000e-01, 5.167922836129000e-02, 3.813851663774755e-02, 0.000000000000000e+00, 0.000000000000000e+00, 2.617567675242614e+05, 1.000000000000000e-10, 2.323184525918527e+12
94427, 1.091472400000000e-01, 5.172714949102000e-02, 3.813864805010129e-02, 0.000000000000000e+00, 0.000000000000000e+00, 2.617578559865223e+05, 1.000000000000000e-10, 2.323177599025618e+12
94556, 1.093772800000000e-01, 5.177495789391000e-02, 3.813877899306518e-02, 0.000000000000000e+00, 0.000000000000000e+00, 2.617589406685251e+05, 1.000000000000000e-10, 2.323170728391704e+12
94685, 1.096073200000000e-01, 5.182265378221000e-02, 3.813890983803322e-02, 0.000000000000000e+00, 0.000000000000000e+00, 2.617600245884036e+05, 1.000000000000000e-10, 2.323163804941441e+12
94814, 1.098373600000000e-01, 5.187023715791000e-02, 3.813904014516465e-02, 0.000000000000000e+00, 0.000000000000000e+00, 2.617611042100915e+05, 1.000000000000000e-10, 2.323157046830112e+12
94943, 1.100674000000000e-01, 5.191770909519000e-02, 3.813917011981593e-02, 0.000000000000000e+00, 0.000000000000000e+00, 2.617621812288352e+05, 1.000000000000000e-10, 2.323150155233208e+12
95072, 1.102974400000000e-01, 5.196506923904000e-02, 3.813930109264349e-02, 0.000000000000000e+00, 0.000000000000000e+00, 2.617632664271367e+05, 1.000000000000000e-10, 2.323143283748514e+12
95201, 1.105274800000000e-01, 5.201231617364000e-02, 3.813943276992089e-02, 0.000000000000000e+00, 0.000000000000000e+00, 2.617643574500541e+05, 1.000000000000000e-10, 2.323136369217004e+12
95330, 1.107575200000000e-01, 5.205945010853000e-02, 3.813956382644006e-02, 0.000000000000000e+00, 0.000000000000000e+00, 2.617654435653728e+05, 1.000000000000000e-10, 2.323129511007452e+12
95459, 1.109875600000000e-01, 5.210647209223000e-02, 3.813969397656507e-02, 0.000000000000000e+00, 0.000000000000000e+00, 2.617665224265455e+05, 1.000000000000000e-10, 2.323122636332782e+12
95588, 1.112176000000000e-01, 5.215338281523000e-02, 3.813982325182441e-02, 0.000000000000000e+00, 0.000000000000000e+00, 2.617675943024015e+05, 1.000000000000000e-10, 2.323115880074312e+12
95717, 1.114476400000000e-01, 5.220018327449000e-02, 3.813995229170091e-02, 0.000000000000000e+00, 0.000000000000000e+00, 2.617686644071990e+05, 1.000000000000000e-10, 2.323109078748559e+12
95846, 1.116776800000000e-01, 5.224687300631000e-02, 3.814008214160467e-02, 0.000000000000000e+00, 0.000000000000000e+00, 2.617697412350676e+05, 1.000000000000000e-10, 2.323102302903673e+12
95975, 1.119077200000000e-01, 5.229345107080000e-02, 3.814021250613113e-02, 0.000000000000000e+00, 0.000000000000000e+00, 2.617708224129663e+05, 1.000000000000000e-10, 2.323095488070055e+12
96104, 1.121377600000000e-01, 5.233991756295000e-02, 3.814034205998196e-02, 0.000000000000000e+00, 0.000000000000000e+00, 2.617718972008363e+05, 1.000000000000000e-10, 2.323088572320103e+12
96233, 1.123678000000000e-01, 5.238627398033000e-02, 3.814046992613717e-02, 0.000000000000000e+00, 0.000000000000000e+00, 2.617729584717013e+05, 1.000000000000000e-10, 2.323081945728646e+12
96362, 1.125978400000000e-01, 5.243252200923000e-02, 3.814059599021551e-02, 0.000000000000000e+00, 0.000000000000000e+00, 2.617740053433486e+05, 1.000000000000000e-10, 2.323075279459715e+12
96491, 1.128278800000000e-01, 5.247866340824000e-02, 3.814072256773959e-02, 0.000000000000000e+00, 0.000000000000000e+00, 2.617750566429195e+05, 1.000000000000000e-10, 2.323068720061749e+12
96620, 1.130579200000000e-01, 5.252469564564000e-02, 3.814085238969912e-02, 0.000000000000000e+00, 0.000000000000000e+00, 2.617761345576352e+05, 1.000000000000000e-10, 2.323061863314074e+12
96749, 1.132879600000000e-01, 5.257061541960000e-02, 3.814098389973687e-02, 0.000000000000000e+00, 0.000000000000000e+00, 2.617772265278044e+05, 1.000000000000000e-10, 2.323055023731481e+12
96878, 1.135180000000000e-01, 5.261642314970000e-02, 3.814111415967361e-02, 0.000000000000000e+00, 0.000000000000000e+00, 2.617783087303588e+05, 1.000000000000000e-10, 2.323048214139444e+12
97007, 1.137480400000000e-01, 5.266212093622000e-02, 3.814124243408028e-02, 0.000000000000000e+00, 0.000000000000000e+00, 2.617793751499400e+05, 1.000000000000000e-10, 2.323041434556672e+12
97136, 1.139780800000000e-01, 5.270771047624000e-02, 3.814136963665025e-02, 0.000000000000000e+00, 0.000000000000000e+00, 2.617804332012253e+05, 1.000000000000000e-10, 2.323034756164038e+12
97265, 1.142081200000000e-01, 5.275319215397000e-02, 3.814149668282527e-02, 0.000000000000000e+00, 0.000000000000000e+00, 2.617814903513232e+05, 1.000000000000000e-10, 2.323028094040190e+12
97394, 1.144381600000000e-01, 5.279856600954000e-02, 3.814162361058569e-02, 0.000000000000000e+00, 0.000000000000000e+00, 2.617825469675335e+05, 1.000000000000000e-10, 2.323021504685799e+12
97523, 1.146682000000000e-01, 5.284383239433000e-02, 3.814174981852454e-02, 0.000000000000000e+00, 0.000000000000000e+00, 2.617835982440586e+05, 1.000000000000000e-10, 2.323014895167977e+12
97652, 1.148982400000000e-01, 5.288899253024000e-02, 3.814187621347769e-02, 0.000000000000000e+00, 0.000000000000000e+00, 2.617846515824571e+05, 1.000000000000000e-10, 2.323008322105995e+12
97781, 1.151282800000000e-01, 5.293404512933000e-02, 3.814200434761363e-02, 0.000000000000000e+00, 0.000000000000000e+00, 2.617857196047915e+05, 1.000000000000000e-10, 2.323001628057726e+12
97910, 1.153583200000000e-01, 5.297898852959000e-02, 3.814213316465957e-02, 0.000000000000000e+00, 0.000000000000000e+00, 2.617867938154142e+05, 1.000000000000000e-10, 2.322994862036754e+12
98039, 1.155883600000000e-01, 5.302382345184000e-02, 3.814226117204327e-02, 0.000000000000000e+00, 0.000000000000000e+00, 2.617878621448432e+05, 1.000000000000000e-10, 2.322988181250306e+12
98168, 1.158184000000000e-01, 5.306855098870000e-02, 3.814238828939702e-02, 0.000000000000000e+00, 0.000000000000000e+00, 2.617889239483371e+05, 1.000000000000000e-10, 2.322981562478304e+12
98297, 1.160484400000000e-01, 5.311317197017000e-02, 3.814251486195105e-02, 0.000000000000000e+00, 0.000000000000000e+00, 2.617899820770822e+05, 1.000000000000000e-10, 2.322974951814093e+12
98426, 1.162784800000000e-01, 5.315768686845000e-02, 3.814264127091542e-02, 0.000000000000000e+00, 0.000000000000000e+00, 2.617910396884367e+05, 1.000000000000000e-10, 2.322968369814896e+12
98555, 1.165085200000000e-01, 5.320209584777000e-02, 3.814276759493428e-02, 0.000000000000000e+00, 0.000000000000000e+00, 2.617920974925310e+05, 1.000000000000000e-10, 2.322961858619696e+12
98684, 1.167385600000000e-01, 5.324639926269000e-02, 3.814289332399003e-02, 0.000000000000000e+00, 0.000000000000000e+00, 2.617931514566078e+05, 1.000000000000000e-10, 2.322955253762256e+12
98813, 1.169686000000000e-01, 5.329059830084000e-02, 3.814301939370719e-02, 0.000000000000000e+00, 0.000000000000000e+00, 2.617942092520753e+05, 1.000000000000000e-10, 2.322948701868543e+12
98942, 1.171986400000000e-01, 5.333469164963000e-02, 3.814314733810201e-02, 0.000000000000000e+00, 0.000000000000000e+00, 2.617952833942654e+05, 1.000000000000000e-10, 2.322942094487962e+12
99071, 1.174286800000000e-01, 5.337867767365000e-02, 3.814327611623997e-02, 0.000000000000000e+00, 0.000000000000000e+00, 2.617963655526465e+05, 1.000000000000000e-10, 2.322935505751871e+12
99200, 1.176587200000000e-01, 5.342255705307000e-02, 3.814340418093438e-02, 0.000000000000000e+00, 0.000000000000000e+00, 2.617974432613121e+05, 1.000000000000000e-10, 2.322928746577249e+12
99329, 1.178887600000000e-01, 5.346633101557000e-02, 3.814353129498058e-02, 0.000000000000000e+00, 0.000000000000000e+00, 2.617985146540790e+05, 1.000000000000000e-10, 2.322922316241952e+12
99458, 1.181188000000000e-01, 5.351000066817000e-02, 3.814365766700672e-02, 0.000000000000000e+00, 0.000000000000000e+00, 2.617995815507645e+05, 1.000000000000000e-10, 2.322915751461281e+12
99587, 1.183488400000000e-01, 5.355356692483000e-02, 3.814378453302325e-02, 0.000000000000000e+00, 0.000000000000000e+00, 2.618006541146103e+05, 1.000000000000000e-10, 2.322909207560715e+12
99716, 1.185788800000000e-01, 5.359702871160000e-02, 3.814391309861403e-02, 0.000000000000000e+00, 0.000000000000000e+00, 2.618017422710803e+05, 1.000000000000000e-10, 2.322902589466932e+12
99845, 1.188089200000000e-01, 5.364038478550000e-02, 3.814404249680233e-02, 0.000000000000000e+00, 0.000000000000000e+00, 2.618028391621294e+05, 1.000000000000000e-10, 2.322895889489445e+12
99974, 1.190389600000000e-01, 5.368363577064000e-02, 3.814417154097586e-02, 0.000000000000000e+00, 0.000000000000000e+00, 2.618039353203355e+05, 1.000000000000000e-10, 2.322889278428959e+12
100103, 1.192690000000000e-01, 5.372678266448000e-02, 3.814430010050543e-02, 0.000000000000000e+00, 0.000000000000000e+00, 2.618050298362789e+05, 1.000000000000000e-10, 2.322882728892562e+12
100232, 1.194990400000000e-01, 5.376982636683000e-02, 3.814442821451230e-02, 0.000000000000000e+00, 0.000000000000000e+00, 2.618061232547925e+05, 1.000000000000000e-10, 2.322876235054498e+12
100361, 1.197290800000000e-01, 5.381276793552000e-02, 3.814455707610815e-02, 0.000000000000000e+00, 0.000000000000000e+00, 2.618072255045714e+05, 1.000000000000000e-10, 2.322869621571718e+12
100490, 1.199591200000000e-01, 5.385560622743000e-02, 3.814468812508282e-02, 0.000000000000000e+00, 0.000000000000000e+00, 2.618083485366870e+05, 1.000000000000000e-10, 2.322862995507471e+12
100619, 1.201891600000000e-01, 5.389833978005000e-02, 3.814482057145663e-02, 0.000000000000000e+00, 0.000000000000000e+00, 2.618094862740437e+05, 1.000000000000000e-10, 2.322856176722771e+12
100748, 1.204192000000000e-01, 5.394096908518000e-02, 3.814495305823058e-02, 0.000000000000000e+00, 0.000000000000000e+00, 2.618106280539919e+05, 1.000000000000000e-10, 2.322849538916511e+12
100877, 1.206492400000000e-01, 5.398349533145000e-02, 3.814508539740216e-02, 0.000000000000000e+00, 0.000000000000000e+00, 2.618117727227785e+05, 1.000000000000000e-10, 2.322842889485986e+12
101006, 1.208792800000000e-01, 5.402591951127000e-02, 3.814521802016971e-02, 0.000000000000000e+00, 0.000000000000000e+00, 2.618129242547495e+05, 1.000000000000000e-10, 2.322836218459820e+12
101135, 1.211093200000000e-01, 5.406824226805000e-02, 3.814535173512079e-02, 0.000000000000000e+00, 0.000000000000000e+00, 2.618140897828411e+05, 1.000000000000000e-10, 2.322829572197477e+12
101264, 1.213393600000000e-01, 5.411046342656000e-02, 3.814548718868697e-02, 0.000000000000000e+00, 0.000000000000000e+00, 2.618152752317783e+05, 1.000000000000000e-10, 2.322822797979277e+12
101393, 1.215694000000000e-01, 5.415258279816000e-02, 3.814562393557456e-02, 0.000000000000000e+00, 0.000000000000000e+00, 2.618164778289646e+05, 1.000000000000000e-10, 2.322815944256947e+12
101522, 1.217994400000000e-01, 5.419460151185000e-02, 3.814576251350157e-02, 0.000000000000000e+00, 0.000000000000000e+00, 2.618177029206305e+05, 1.000000000000000e-10, 2.322809206552874e+12
101651, 1.220294800000000e-01, 5.423651894617000e-02, 3.814590457155301e-02, 0.000000000000000e+00, 0.000000000000000e+00, 2.618189650532890e+05, 1.000000000000000e-10, 2.322802230548241e+12
101780, 1.222595200000000e-01, 5.427833382525000e-02, 3.814604982642301e-02, 0.000000000000000e+00, 0.000000000000000e+00, 2.618202634300556e+05, 1.000000000000000e-10, 2.322795221155730e+12
101909, 1.224895600000000e-01, 5.432004692922000e-02, 3.814619802279463e-02, 0.000000000000000e+00, 0.000000000000000e+00, 2.618215978247830e+05, 1.000000000000000e-10, 2.322787979657285e+12
102038, 1.227196000000000e-01, 5.436165851791000e-02, 3.814635058251242e-02, 0.000000000000000e+00, 0.000000000000000e+00, 2.618229820482462e+05, 1.000000000000000e-10, 2.322780696979674e+12
102167, 1.229496400000000e-01, 5.440316809737000e-02, 3.814650874277662e-02, 0.000000000000000e+00, 0.000000000000000e+00, 2.618244290926972e+05, 1.000000000000000e-10, 2.322773235263457e+12
102296, 1.231796800000000e-01, 5.444457543194000e-02, 3.814667268675371e-02, 0.000000000000000e+00, 0.000000000000000e+00, 2.618259443096560e+05, 1.000000000000000e-10, 2.322765558663600e+12
102425, 1.234097200000000e-01, 5.448588208237000e-02, 3.814684297209602e-02, 0.000000000000000e+00, 0.000000000000000e+00, 2.618275373697418e+05, 1.000000000000000e-10, 2.322757582857747e+12
102554, 1.236397600000000e-01, 5.452709006578000e-02, 3.814702208432402e-02, 0.000000000000000e+00, 0.000000000000000e+00, 2.618292355452726e+05, 1.000000000000000e-10, 2.322749525233628e+12
102683, 1.238698000000000e-01, 5.456820109727000e-02, 3.814721574229853e-02, 0.000000000000000e+00, 0.000000000000000e+00, 2.618310955069388e+05, 1.000000000000000e-10, 2.322740821530773e+12
102812, 1.240998400000000e-01, 5.460921375047000e-02, 3.814743235687383e-02, 0.000000000000000e+00, 0.000000000000000e+00, 2.618332015260693e+05, 1.000000000000000e-10, 2.322731335735562e+12
102941, 1.243298800000000e-01, 5.465012565584000e-02, 3.814768271157845e-02, 0.000000000000000e+00, 0.000000000000000e+00, 2.618356700268108e+05, 1.000000000000000e-10, 2.322720480815744e+12
103070, 1.245599200000000e-01, 5.469093693579000e-02, 3.814799471326769e-02, 0.000000000000000e+00, 0.000000000000000e+00, 2.618387960122071e+05, 1.000000000000000e-10, 2.322707217433483e+12
103199, 1.247899600000000e-01, 5.473164852703000e-02, 3.814851211256629e-02, 0.000000000000000e+00, 0.000000000000000e+00, 2.618440088494142e+05, 1.000000000000000e-10, 2.322685555479865e+12
103328, 1.250200000000000e-01, 5.477226000000000e-02, 3.815110362964587e-02, 0.000000000000000e+00, 0.000000000000000e+00, 2.618681178158053e+05, 1.000000000000000e-10, 2.322564952979878e+12
