"PointID","x","y","Density","Momentum_x","Momentum_y","Energy","Turb_Kin_Energy","Omega"
128, -2.268000000000000e-02, 2.000000000000000e-02, 3.803298965975398e+00, 0.000000000000000e+00, 0.000000000000000e+00, 2.610079277959526e+07, 1.000000000000000e-10, 2.329603063748829e+10
257, -2.253266666667000e-02, 1.999894984229000e-02, 3.800586423290093e+00, 0.000000000000000e+00, 0.000000000000000e+00, 2.609224672151935e+07, 1.000000000000000e-10, 2.331946422550611e+10
386, -2.238533333333000e-02, 1.999568608471000e-02, 3.799723907426896e+00, 0.000000000000000e+00, 0.000000000000000e+00, 2.609498295713300e+07, 1.000000000000000e-10, 2.332926249253158e+10
515, -2.223800000000000e-02, 1.999024081807000e-02, 3.799054546752389e+00, 0.000000000000000e+00, 0.000000000000000e+00, 2.609597598190006e+07, 1.000000000000000e-10, 2.333661550270450e+10
644, -2.209066666667000e-02, 1.998262555891000e-02, 3.798633681960625e+00, 0.000000000000000e+00, 0.000000000000000e+00, 2.609670331185213e+07, 1.000000000000000e-10, 2.334137779534187e+10
773, -2.194333333333000e-02, 1.997283196466000e-02, 3.798372156590107e+00, 0.000000000000000e+00, 0.000000000000000e+00, 2.609732751450738e+07, 1.000000000000000e-10, 2.334447687738172e+10
902, -2.179600000000000e-02, 1.996084582568000e-02, 3.798195378413419e+00, 0.000000000000000e+00, 0.000000000000000e+00, 2.609781564533978e+07, 1.000000000000000e-10, 2.334651928914868e+10
1031, -2.164866666667000e-02, 1.994667306151000e-02, 3.798066248808154e+00, 0.000000000000000e+00, 0.000000000000000e+00, 2.609819994857541e+07, 1.000000000000000e-10, 2.334804667107751e+10
1160, -2.150133333333000e-02, 1.993029187271000e-02, 3.797965346576995e+00, 0.000000000000000e+00, 0.000000000000000e+00, 2.609851143576299e+07, 1.000000000000000e-10, 2.334923672460833e+10
1289, -2.135400000000000e-02, 1.991169140531000e-02, 3.797871704670404e+00, 0.000000000000000e+00, 0.000000000000000e+00, 2.609868703062687e+07, 1.000000000000000e-10, 2.335033762521846e+10
1418, -2.120666666667000e-02, 1.989087019292000e-02, 3.797784080466467e+00, 0.000000000000000e+00, 0.000000000000000e+00, 2.609877977696113e+07, 1.000000000000000e-10, 2.335135812114715e+10
1547, -2.105933333333000e-02, 1.986779834767000e-02, 3.797695712632418e+00, 0.000000000000000e+00, 0.000000000000000e+00, 2.609877320282829e+07, 1.000000000000000e-10, 2.335219484339690e+10
1676, -2.091200000000000e-02, 1.984247404967000e-02, 3.797602914727144e+00, 0.000000000000000e+00, 0.000000000000000e+00, 2.609866220372806e+07, 1.000000000000000e-10, 2.335306547438121e+10
1805, -2.076466666667000e-02, 1.981486694226000e-02, 3.797506035065277e+00, 0.000000000000000e+00, 0.000000000000000e+00, 2.609846632890034e+07, 1.000000000000000e-10, 2.335395546123664e+10
1934, -2.061733333333000e-02, 1.978496181149000e-02, 3.797399017962384e+00, 0.000000000000000e+00, 0.000000000000000e+00, 2.609814827141495e+07, 1.000000000000000e-10, 2.335488514330379e+10
2063, -2.047000000000000e-02, 1.975273596935000e-02, 3.797279721899710e+00, 0.000000000000000e+00, 0.000000000000000e+00, 2.609769906274395e+07, 1.000000000000000e-10, 2.335583456293901e+10
2192, -2.032266666667000e-02, 1.971817768455000e-02, 3.797151461178758e+00, 0.000000000000000e+00, 0.000000000000000e+00, 2.609715251366656e+07, 1.000000000000000e-10, 2.335682808336597e+10
2321, -2.017533333333000e-02, 1.968124563943000e-02, 3.797008333230532e+00, 0.000000000000000e+00, 0.000000000000000e+00, 2.609646605149411e+07, 1.000000000000000e-10, 2.335786257510951e+10
2450, -2.002800000000000e-02, 1.964193667367000e-02, 3.796852867700589e+00, 0.000000000000000e+00, 0.000000000000000e+00, 2.609566557325440e+07, 1.000000000000000e-10, 2.335907682239567e+10
2579, -1.988066666667000e-02, 1.960019346592000e-02, 3.796684620891423e+00, 0.000000000000000e+00, 0.000000000000000e+00, 2.609475239127381e+07, 1.000000000000000e-10, 2.336021455336776e+10
2708, -1.973333333333000e-02, 1.955599990701000e-02, 3.796495422351275e+00, 0.000000000000000e+00, 0.000000000000000e+00, 2.609366496816657e+07, 1.000000000000000e-10, 2.336150237893516e+10
2837, -1.958600000000000e-02, 1.950931626905000e-02, 3.796287724633251e+00, 0.000000000000000e+00, 0.000000000000000e+00, 2.609242773588519e+07, 1.000000000000000e-10, 2.336291964312292e+10
2966, -1.943866666667000e-02, 1.946011447491000e-02, 3.796058980303093e+00, 0.000000000000000e+00, 0.000000000000000e+00, 2.609102508508762e+07, 1.000000000000000e-10, 2.336443704406102e+10
3095, -1.929133333333000e-02, 1.940834664283000e-02, 3.795810552962502e+00, 0.000000000000000e+00, 0.000000000000000e+00, 2.608947394424526e+07, 1.000000000000000e-10, 2.336607511620854e+10
3224, -1.914400000000000e-02, 1.935396455491000e-02, 3.795531783520814e+00, 0.000000000000000e+00, 0.000000000000000e+00, 2.608769375750963e+07, 1.000000000000000e-10, 2.336789590300333e+10
3353, -1.899666666667000e-02, 1.929693705219000e-02, 3.795220866829810e+00, 0.000000000000000e+00, 0.000000000000000e+00, 2.608567635025915e+07, 1.000000000000000e-10, 2.336991065065774e+10
3482, -1.884933333333000e-02, 1.923720857169000e-02, 3.794882166456793e+00, 0.000000000000000e+00, 0.000000000000000e+00, 2.608346534975429e+07, 1.000000000000000e-10, 2.337206814695010e+10
3611, -1.870200000000000e-02, 1.917471822639000e-02, 3.794503796065151e+00, 0.000000000000000e+00, 0.000000000000000e+00, 2.608097417190931e+07, 1.000000000000000e-10, 2.337447152457664e+10
3740, -1.855466666667000e-02, 1.910942099579000e-02, 3.794079655212260e+00, 0.000000000000000e+00, 0.000000000000000e+00, 2.607816535494961e+07, 1.000000000000000e-10, 2.337717277284031e+10
3869, -1.840733333333000e-02, 1.904125297021000e-02, 3.793605286965340e+00, 0.000000000000000e+00, 0.000000000000000e+00, 2.607501797206245e+07, 1.000000000000000e-10, 2.338019621241252e+10
3998, -1.826000000000000e-02, 1.897015438432000e-02, 3.793076618972858e+00, 0.000000000000000e+00, 0.000000000000000e+00, 2.607152009083364e+07, 1.000000000000000e-10, 2.338358066152129e+10
4127, -1.811266666667000e-02, 1.889603564887000e-02, 3.792478711144530e+00, 0.000000000000000e+00, 0.000000000000000e+00, 2.606757884199060e+07, 1.000000000000000e-10, 2.338736615002783e+10
4256, -1.796533333333000e-02, 1.881883766065000e-02, 3.791795302199469e+00, 0.000000000000000e+00, 0.000000000000000e+00, 2.606310191224848e+07, 1.000000000000000e-10, 2.339173988867056e+10
4385, -1.781800000000000e-02, 1.873847319427000e-02, 3.791040105441758e+00, 0.000000000000000e+00, 0.000000000000000e+00, 2.605825782559729e+07, 1.000000000000000e-10, 2.339661493772015e+10
4514, -1.767066666667000e-02, 1.865490921896000e-02, 3.789630097266090e+00, 0.000000000000000e+00, 0.000000000000000e+00, 2.604826323828317e+07, 1.000000000000000e-10, 2.340386428774004e+10
4643, -1.752333333333000e-02, 1.857014573942000e-02, 3.787578731015204e+00, 0.000000000000000e+00, 0.000000000000000e+00, 2.603310617060840e+07, 1.000000000000000e-10, 2.341560553445938e+10
4772, -1.737600000000000e-02, 1.848489321216000e-02, 3.785513138144514e+00, 0.000000000000000e+00, 0.000000000000000e+00, 2.601778878730186e+07, 1.000000000000000e-10, 2.342764759564497e+10
4901, -1.722866666667000e-02, 1.839968355289000e-02, 3.783496116503321e+00, 0.000000000000000e+00, 0.000000000000000e+00, 2.600277461041522e+07, 1.000000000000000e-10, 2.343944628095055e+10
5030, -1.708133333333000e-02, 1.831462419571000e-02, 3.781671836871251e+00, 0.000000000000000e+00, 0.000000000000000e+00, 2.598924310728551e+07, 1.000000000000000e-10, 2.345015808054809e+10
5159, -1.693400000000000e-02, 1.822956483853000e-02, 3.779975872736778e+00, 0.000000000000000e+00, 0.000000000000000e+00, 2.597670819648780e+07, 1.000000000000000e-10, 2.346015226877007e+10
5288, -1.678666666667000e-02, 1.814450547622000e-02, 3.778289205339150e+00, 0.000000000000000e+00, 0.000000000000000e+00, 2.596423735028150e+07, 1.000000000000000e-10, 2.347009704698619e+10
5417, -1.663933333333000e-02, 1.805944586567000e-02, 3.776611292632753e+00, 0.000000000000000e+00, 0.000000000000000e+00, 2.595184856335709e+07, 1.000000000000000e-10, 2.348000912375148e+10
5546, -1.649200000000000e-02, 1.797438634705000e-02, 3.774933936782886e+00, 0.000000000000000e+00, 0.000000000000000e+00, 2.593948899799201e+07, 1.000000000000000e-10, 2.348994140715371e+10
5675, -1.634466666667000e-02, 1.788932759005000e-02, 3.773250699617765e+00, 0.000000000000000e+00, 0.000000000000000e+00, 2.592711503571883e+07, 1.000000000000000e-10, 2.349993466552808e+10
5804, -1.619733333333000e-02, 1.780427015984000e-02, 3.771557210880168e+00, 0.000000000000000e+00, 0.000000000000000e+00, 2.591469682968238e+07, 1.000000000000000e-10, 2.351001582098368e+10
5933, -1.605000000000000e-02, 1.771921315848000e-02, 3.769849928424482e+00, 0.000000000000000e+00, 0.000000000000000e+00, 2.590220959216978e+07, 1.000000000000000e-10, 2.352020717968459e+10
6062, -1.590266666667000e-02, 1.763415527528000e-02, 3.768124873865425e+00, 0.000000000000000e+00, 0.000000000000000e+00, 2.588962393213691e+07, 1.000000000000000e-10, 2.353053255368148e+10
6191, -1.575533333333000e-02, 1.754909616938000e-02, 3.766378255584067e+00, 0.000000000000000e+00, 0.000000000000000e+00, 2.587691118342618e+07, 1.000000000000000e-10, 2.354101422664766e+10
6320, -1.560800000000000e-02, 1.746403654268000e-02, 3.764607407939053e+00, 0.000000000000000e+00, 0.000000000000000e+00, 2.586405122088915e+07, 1.000000000000000e-10, 2.355166873408775e+10
6449, -1.546066666667000e-02, 1.737897706651000e-02, 3.762810404955371e+00, 0.000000000000000e+00, 0.000000000000000e+00, 2.585102964138777e+07, 1.000000000000000e-10, 2.356250806209488e+10
6578, -1.531333333333000e-02, 1.729391818298000e-02, 3.760985787346498e+00, 0.000000000000000e+00, 0.000000000000000e+00, 2.583783577510916e+07, 1.000000000000000e-10, 2.357354021793532e+10
6707, -1.516600000000000e-02, 1.720885902904000e-02, 3.759131907447983e+00, 0.000000000000000e+00, 0.000000000000000e+00, 2.582445754334692e+07, 1.000000000000000e-10, 2.358477673725092e+10
6836, -1.501866666667000e-02, 1.712379842915000e-02, 3.757246307598969e+00, 0.000000000000000e+00, 0.000000000000000e+00, 2.581087637188783e+07, 1.000000000000000e-10, 2.359623193743147e+10
6965, -1.487133333333000e-02, 1.703873556177000e-02, 3.755325508574264e+00, 0.000000000000000e+00, 0.000000000000000e+00, 2.579706525393699e+07, 1.000000000000000e-10, 2.360792696832590e+10
7094, -1.472400000000000e-02, 1.695367217392000e-02, 3.753366694912925e+00, 0.000000000000000e+00, 0.000000000000000e+00, 2.578300226246139e+07, 1.000000000000000e-10, 2.361987837649681e+10
7223, -1.457666666667000e-02, 1.686861049976000e-02, 3.751369537412947e+00, 0.000000000000000e+00, 0.000000000000000e+00, 2.576868564490690e+07, 1.000000000000000e-10, 2.363208944007751e+10
7352, -1.442933333333000e-02, 1.678355084500000e-02, 3.749333848529739e+00, 0.000000000000000e+00, 0.000000000000000e+00, 2.575411513423116e+07, 1.000000000000000e-10, 2.364456238753740e+10
7481, -1.428200000000000e-02, 1.669849198108000e-02, 3.747257605969936e+00, 0.000000000000000e+00, 0.000000000000000e+00, 2.573927593033685e+07, 1.000000000000000e-10, 2.365731095295787e+10
7610, -1.413466666667000e-02, 1.661343282537000e-02, 3.745137502153038e+00, 0.000000000000000e+00, 0.000000000000000e+00, 2.572414292424394e+07, 1.000000000000000e-10, 2.367035520003902e+10
7739, -1.398733333333000e-02, 1.652837346819000e-02, 3.742970881159256e+00, 0.000000000000000e+00, 0.000000000000000e+00, 2.570869628478027e+07, 1.000000000000000e-10, 2.368371117064048e+10
7868, -1.384000000000000e-02, 1.644331411101000e-02, 3.740756003500601e+00, 0.000000000000000e+00, 0.000000000000000e+00, 2.569292365187875e+07, 1.000000000000000e-10, 2.369739148067469e+10
7997, -1.369266666667000e-02, 1.635825471765000e-02, 3.738490999633421e+00, 0.000000000000000e+00, 0.000000000000000e+00, 2.567681174765873e+07, 1.000000000000000e-10, 2.371140861452937e+10
8126, -1.354533333333000e-02, 1.627319506991000e-02, 3.736173252883792e+00, 0.000000000000000e+00, 0.000000000000000e+00, 2.566034132591695e+07, 1.000000000000000e-10, 2.372577946895900e+10
8255, -1.339800000000000e-02, 1.618813566392000e-02, 3.733800084451012e+00, 0.000000000000000e+00, 0.000000000000000e+00, 2.564349262050761e+07, 1.000000000000000e-10, 2.374052162844695e+10
8384, -1.325066666667000e-02, 1.610307719212000e-02, 3.731369520357559e+00, 0.000000000000000e+00, 0.000000000000000e+00, 2.562625167665366e+07, 1.000000000000000e-10, 2.375564875807182e+10
8513, -1.310333333333000e-02, 1.601801997481000e-02, 3.728880218489017e+00, 0.000000000000000e+00, 0.000000000000000e+00, 2.560860996735492e+07, 1.000000000000000e-10, 2.377117068999259e+10
8642, -1.295600000000000e-02, 1.593296288673000e-02, 3.726330016942804e+00, 0.000000000000000e+00, 0.000000000000000e+00, 2.559055268332594e+07, 1.000000000000000e-10, 2.378710387999568e+10
8771, -1.280866666667000e-02, 1.584790468441000e-02, 3.723714815647708e+00, 0.000000000000000e+00, 0.000000000000000e+00, 2.557204945081523e+07, 1.000000000000000e-10, 2.380347425415754e+10
8900, -1.266133333333000e-02, 1.576284540280000e-02, 3.721030650137241e+00, 0.000000000000000e+00, 0.000000000000000e+00, 2.555307093595611e+07, 1.000000000000000e-10, 2.382030739624592e+10
9029, -1.251400000000000e-02, 1.567778575019000e-02, 3.718274841897495e+00, 0.000000000000000e+00, 0.000000000000000e+00, 2.553359817282415e+07, 1.000000000000000e-10, 2.383762229323143e+10
9158, -1.236666666667000e-02, 1.559272631248000e-02, 3.715445287129524e+00, 0.000000000000000e+00, 0.000000000000000e+00, 2.551361700914585e+07, 1.000000000000000e-10, 2.385543429291639e+10
9287, -1.221933333333000e-02, 1.550766695530000e-02, 3.712539121069566e+00, 0.000000000000000e+00, 0.000000000000000e+00, 2.549310741904941e+07, 1.000000000000000e-10, 2.387376411085644e+10
9416, -1.207200000000000e-02, 1.542260759812000e-02, 3.709552609036693e+00, 0.000000000000000e+00, 0.000000000000000e+00, 2.547204250684836e+07, 1.000000000000000e-10, 2.389263757584259e+10
9545, -1.192466666667000e-02, 1.533754835191000e-02, 3.706481978918818e+00, 0.000000000000000e+00, 0.000000000000000e+00, 2.545039520234859e+07, 1.000000000000000e-10, 2.391208083605470e+10
9674, -1.177733333333000e-02, 1.525248950848000e-02, 3.703324395887154e+00, 0.000000000000000e+00, 0.000000000000000e+00, 2.542814636762138e+07, 1.000000000000000e-10, 2.393211447491249e+10
9803, -1.163000000000000e-02, 1.516743009807000e-02, 3.700076615319969e+00, 0.000000000000000e+00, 0.000000000000000e+00, 2.540527406266290e+07, 1.000000000000000e-10, 2.395276292683497e+10
9932, -1.148266666667000e-02, 1.508236890064000e-02, 3.696733240235667e+00, 0.000000000000000e+00, 0.000000000000000e+00, 2.538173918732881e+07, 1.000000000000000e-10, 2.397406369415839e+10
10061, -1.133533333333000e-02, 1.499730567882000e-02, 3.693287477632681e+00, 0.000000000000000e+00, 0.000000000000000e+00, 2.535749110678210e+07, 1.000000000000000e-10, 2.399606040352045e+10
10190, -1.118800000000000e-02, 1.491224252971000e-02, 3.689734379190518e+00, 0.000000000000000e+00, 0.000000000000000e+00, 2.533249380271674e+07, 1.000000000000000e-10, 2.401878857595990e+10
10319, -1.104066666667000e-02, 1.482718148419000e-02, 3.686072565847717e+00, 0.000000000000000e+00, 0.000000000000000e+00, 2.530674049271572e+07, 1.000000000000000e-10, 2.404226342378428e+10
10448, -1.089333333333000e-02, 1.474212214375000e-02, 3.682299149393992e+00, 0.000000000000000e+00, 0.000000000000000e+00, 2.528021302232386e+07, 1.000000000000000e-10, 2.406650806411245e+10
10577, -1.074600000000000e-02, 1.465706329758000e-02, 3.678407767285595e+00, 0.000000000000000e+00, 0.000000000000000e+00, 2.525286584872117e+07, 1.000000000000000e-10, 2.409156792820092e+10
10706, -1.059866666667000e-02, 1.457200402632000e-02, 3.674390673043349e+00, 0.000000000000000e+00, 0.000000000000000e+00, 2.522464249428544e+07, 1.000000000000000e-10, 2.411749674162761e+10
10835, -1.045133333333000e-02, 1.448694466914000e-02, 3.670241290921570e+00, 0.000000000000000e+00, 0.000000000000000e+00, 2.519549605759593e+07, 1.000000000000000e-10, 2.414434197579845e+10
10964, -1.030400000000000e-02, 1.440188531196000e-02, 3.665954060098951e+00, 0.000000000000000e+00, 0.000000000000000e+00, 2.516538819532450e+07, 1.000000000000000e-10, 2.417214650021727e+10
11093, -1.015666666667000e-02, 1.431682585721000e-02, 3.661522285531028e+00, 0.000000000000000e+00, 0.000000000000000e+00, 2.513427191875797e+07, 1.000000000000000e-10, 2.420096032524373e+10
11222, -1.000933333333000e-02, 1.423176620845000e-02, 3.656938019274424e+00, 0.000000000000000e+00, 0.000000000000000e+00, 2.510209049182395e+07, 1.000000000000000e-10, 2.423084114283679e+10
11351, -9.861999999999999e-03, 1.414670697265000e-02, 3.652193176157855e+00, 0.000000000000000e+00, 0.000000000000000e+00, 2.506878635103611e+07, 1.000000000000000e-10, 2.426184963470204e+10
11480, -9.714666666667000e-03, 1.406164885990000e-02, 3.647280698518564e+00, 0.000000000000000e+00, 0.000000000000000e+00, 2.503431076777269e+07, 1.000000000000000e-10, 2.429404024219175e+10
11609, -9.567333333332999e-03, 1.397659180295000e-02, 3.642193489688462e+00, 0.000000000000000e+00, 0.000000000000000e+00, 2.499861565548259e+07, 1.000000000000000e-10, 2.432747068923537e+10
11738, -9.420000000000000e-03, 1.389153453281000e-02, 3.636921932725365e+00, 0.000000000000000e+00, 0.000000000000000e+00, 2.496163363719416e+07, 1.000000000000000e-10, 2.436221432929839e+10
11867, -9.272666666667000e-03, 1.380647597728000e-02, 3.631453160756831e+00, 0.000000000000000e+00, 0.000000000000000e+00, 2.492327169554230e+07, 1.000000000000000e-10, 2.439836452307691e+10
11996, -9.125333333332999e-03, 1.372141653632000e-02, 3.625774869378710e+00, 0.000000000000000e+00, 0.000000000000000e+00, 2.488344179364519e+07, 1.000000000000000e-10, 2.443601412304062e+10
12125, -8.978000000000000e-03, 1.363635689558000e-02, 3.619876254173497e+00, 0.000000000000000e+00, 0.000000000000000e+00, 2.484206869135684e+07, 1.000000000000000e-10, 2.447524998031810e+10
12254, -8.830666666667000e-03, 1.355129751342000e-02, 3.613745990124265e+00, 0.000000000000000e+00, 0.000000000000000e+00, 2.479907399187903e+07, 1.000000000000000e-10, 2.451616244782859e+10
12383, -8.683333333333000e-03, 1.346623815624000e-02, 3.607370486275214e+00, 0.000000000000000e+00, 0.000000000000000e+00, 2.475436226504349e+07, 1.000000000000000e-10, 2.455885866486422e+10
12512, -8.536000000000000e-03, 1.338117879906000e-02, 3.600733892527257e+00, 0.000000000000000e+00, 0.000000000000000e+00, 2.470782114093142e+07, 1.000000000000000e-10, 2.460346272663631e+10
12641, -8.388666666667001e-03, 1.329611967608000e-02, 3.593819951939679e+00, 0.000000000000000e+00, 0.000000000000000e+00, 2.465933637509108e+07, 1.000000000000000e-10, 2.465010426802114e+10
12770, -8.241333333333000e-03, 1.321106079612000e-02, 3.586612282105572e+00, 0.000000000000000e+00, 0.000000000000000e+00, 2.460879460069932e+07, 1.000000000000000e-10, 2.469891742664242e+10
12899, -8.094000000000000e-03, 1.312600105260000e-02, 3.579091610042641e+00, 0.000000000000000e+00, 0.000000000000000e+00, 2.455606153031678e+07, 1.000000000000000e-10, 2.475005960690582e+10
13028, -7.946666666666999e-03, 1.304093922370000e-02, 3.571233035591319e+00, 0.000000000000000e+00, 0.000000000000000e+00, 2.450095950067133e+07, 1.000000000000000e-10, 2.480372679324895e+10
13157, -7.799333333333000e-03, 1.295587580072000e-02, 3.563009000996006e+00, 0.000000000000000e+00, 0.000000000000000e+00, 2.444329085709555e+07, 1.000000000000000e-10, 2.486013603149311e+10
13286, -7.652000000000000e-03, 1.287081304362000e-02, 3.554394382516955e+00, 0.000000000000000e+00, 0.000000000000000e+00, 2.438287965475458e+07, 1.000000000000000e-10, 2.491949810416661e+10
13415, -7.504666666667000e-03, 1.278575257826000e-02, 3.545365894854228e+00, 0.000000000000000e+00, 0.000000000000000e+00, 2.431956882889402e+07, 1.000000000000000e-10, 2.498201815230340e+10
13544, -7.357333333333000e-03, 1.270069347550000e-02, 3.535892757262607e+00, 0.000000000000000e+00, 0.000000000000000e+00, 2.425314624369544e+07, 1.000000000000000e-10, 2.504796064676987e+10
13673, -7.210000000000000e-03, 1.261563457044000e-02, 3.525934808197071e+00, 0.000000000000000e+00, 0.000000000000000e+00, 2.418332979278624e+07, 1.000000000000000e-10, 2.511765698428554e+10
13802, -7.062666666667000e-03, 1.253057506192000e-02, 3.515446227986777e+00, 0.000000000000000e+00, 0.000000000000000e+00, 2.410979768258208e+07, 1.000000000000000e-10, 2.519149113768426e+10
13931, -6.915333333333000e-03, 1.244551544855000e-02, 3.504377159927094e+00, 0.000000000000000e+00, 0.000000000000000e+00, 2.403220265234660e+07, 1.000000000000000e-10, 2.526988895444201e+10
14060, -6.768000000000000e-03, 1.236045639796000e-02, 3.492672924805404e+00, 0.000000000000000e+00, 0.000000000000000e+00, 2.395016801578356e+07, 1.000000000000000e-10, 2.535332632057913e+10
14189, -6.620666666667000e-03, 1.227539860253000e-02, 3.480270894140473e+00, 0.000000000000000e+00, 0.000000000000000e+00, 2.386326597177208e+07, 1.000000000000000e-10, 2.544235789924841e+10
14318, -6.473333333333000e-03, 1.219034161332000e-02, 3.467096737912334e+00, 0.000000000000000e+00, 0.000000000000000e+00, 2.377099198507274e+07, 1.000000000000000e-10, 2.553764727716534e+10
14447, -6.326000000000000e-03, 1.210528411131000e-02, 3.453057261445331e+00, 0.000000000000000e+00, 0.000000000000000e+00, 2.367271244865512e+07, 1.000000000000000e-10, 2.564002379014674e+10
14576, -6.178666666667000e-03, 1.202022528258000e-02, 3.438037145374077e+00, 0.000000000000000e+00, 0.000000000000000e+00, 2.356764535413194e+07, 1.000000000000000e-10, 2.575051990663419e+10
14705, -6.031333333333000e-03, 1.193516573847000e-02, 3.421899038948684e+00, 0.000000000000000e+00, 0.000000000000000e+00, 2.345487301234876e+07, 1.000000000000000e-10, 2.587039063599086e+10
14834, -5.884000000000000e-03, 1.185010614442000e-02, 3.404511712622722e+00, 0.000000000000000e+00, 0.000000000000000e+00, 2.333360240799282e+07, 1.000000000000000e-10, 2.600096674529660e+10
14963, -5.736666666667000e-03, 1.176502003062000e-02, 3.385588972068133e+00, 0.000000000000000e+00, 0.000000000000000e+00, 2.320187710047179e+07, 1.000000000000000e-10, 2.614476907236014e+10
15092, -5.589333333333000e-03, 1.167992924744000e-02, 3.364664181824241e+00, 0.000000000000000e+00, 0.000000000000000e+00, 2.305634689550185e+07, 1.000000000000000e-10, 2.630574868238107e+10
15221, -5.442000000000000e-03, 1.159492388288000e-02, 3.342082876113231e+00, 0.000000000000000e+00, 0.000000000000000e+00, 2.290063916375116e+07, 1.000000000000000e-10, 2.648282607229070e+10
15350, -5.294666666667000e-03, 1.150964347947000e-02, 3.316799009179957e+00, 0.000000000000000e+00, 0.000000000000000e+00, 2.272765893367726e+07, 1.000000000000000e-10, 2.668487010177645e+10
15479, -5.147333333333000e-03, 1.142418473528000e-02, 3.285408526560235e+00, 0.000000000000000e+00, 0.000000000000000e+00, 2.251077654434605e+07, 1.000000000000000e-10, 2.693837242846516e+10
15608, -5.000000000000000e-03, 1.133943978313000e-02, 3.245418301276501e+00, 0.000000000000000e+00, 0.000000000000000e+00, 2.222140262476156e+07, 1.000000000000000e-10, 2.725778728613535e+10
15737, -4.916666666667000e-03, 1.129216121042000e-02, 3.207813881804096e+00, 0.000000000000000e+00, 0.000000000000000e+00, 2.194383673581991e+07, 1.000000000000000e-10, 2.756056610156248e+10
15866, -4.833333333333000e-03, 1.124562580776000e-02, 3.181752956361608e+00, 0.000000000000000e+00, 0.000000000000000e+00, 2.175795979316190e+07, 1.000000000000000e-10, 2.777986036478227e+10
15995, -4.750000000000000e-03, 1.120014370950000e-02, 3.155977089638824e+00, 0.000000000000000e+00, 0.000000000000000e+00, 2.157376564144901e+07, 1.000000000000000e-10, 2.799991005214662e+10
16124, -4.666666666667000e-03, 1.115566720488000e-02, 3.131570587322662e+00, 0.000000000000000e+00, 0.000000000000000e+00, 2.140008688180964e+07, 1.000000000000000e-10, 2.821214099489531e+10
16253, -4.583333333333000e-03, 1.111219772907000e-02, 3.107730565707620e+00, 0.000000000000000e+00, 0.000000000000000e+00, 2.123063290756176e+07, 1.000000000000000e-10, 2.842274475968837e+10
16382, -4.500000000000000e-03, 1.106971624994000e-02, 3.084326915781354e+00, 0.000000000000000e+00, 0.000000000000000e+00, 2.106446213307828e+07, 1.000000000000000e-10, 2.863273518614436e+10
16511, -4.416666666667000e-03, 1.102820404078000e-02, 3.061086007418074e+00, 0.000000000000000e+00, 0.000000000000000e+00, 2.089944745100369e+07, 1.000000000000000e-10, 2.884435583314317e+10
16640, -4.333333333333000e-03, 1.098766218362000e-02, 3.037978855856164e+00, 0.000000000000000e+00, 0.000000000000000e+00, 2.073538737996213e+07, 1.000000000000000e-10, 2.905788406468534e+10
16769, -4.250000000000000e-03, 1.094807026636000e-02, 3.015062229157849e+00, 0.000000000000000e+00, 0.000000000000000e+00, 2.057277944132264e+07, 1.000000000000000e-10, 2.927288786043177e+10
16898, -4.166666666667000e-03, 1.090940903402000e-02, 2.992149186520770e+00, 0.000000000000000e+00, 0.000000000000000e+00, 2.041017414578599e+07, 1.000000000000000e-10, 2.949103737821975e+10
17027, -4.083333333333000e-03, 1.087167362091000e-02, 2.969189438189545e+00, 0.000000000000000e+00, 0.000000000000000e+00, 2.024718939991908e+07, 1.000000000000000e-10, 2.971286683570472e+10
17156, -4.000000000000000e-03, 1.083485330355000e-02, 2.946263279567896e+00, 0.000000000000000e+00, 0.000000000000000e+00, 2.008448975079838e+07, 1.000000000000000e-10, 2.993776951634846e+10
17285, -3.916666666667000e-03, 1.079893124323000e-02, 2.923307758491292e+00, 0.000000000000000e+00, 0.000000000000000e+00, 1.992160641261717e+07, 1.000000000000000e-10, 3.016641834096949e+10
17414, -3.833333333333000e-03, 1.076389789915000e-02, 2.900214928636658e+00, 0.000000000000000e+00, 0.000000000000000e+00, 1.975768930875443e+07, 1.000000000000000e-10, 3.039992156535643e+10
17543, -3.750000000000000e-03, 1.072975273247000e-02, 2.877079724780577e+00, 0.000000000000000e+00, 0.000000000000000e+00, 1.959349857979952e+07, 1.000000000000000e-10, 3.063753017331079e+10
17672, -3.666666666667000e-03, 1.069647894585000e-02, 2.853952068010415e+00, 0.000000000000000e+00, 0.000000000000000e+00, 1.942945939105922e+07, 1.000000000000000e-10, 3.087890219449630e+10
17801, -3.583333333333000e-03, 1.066406399991000e-02, 2.830701041840174e+00, 0.000000000000000e+00, 0.000000000000000e+00, 1.926455420110288e+07, 1.000000000000000e-10, 3.112543101411258e+10
17930, -3.500000000000000e-03, 1.063250421822000e-02, 2.807360057638918e+00, 0.000000000000000e+00, 0.000000000000000e+00, 1.909906585191214e+07, 1.000000000000000e-10, 3.137696046337263e+10
18059, -3.416666666667000e-03, 1.060178506650000e-02, 2.783911655143076e+00, 0.000000000000000e+00, 0.000000000000000e+00, 1.893286952798118e+07, 1.000000000000000e-10, 3.163382848821877e+10
18188, -3.333333333333000e-03, 1.057190300361000e-02, 2.760268115711337e+00, 0.000000000000000e+00, 0.000000000000000e+00, 1.876525232652196e+07, 1.000000000000000e-10, 3.189708050462083e+10
18317, -3.250000000000000e-03, 1.054285918522000e-02, 2.736607989585845e+00, 0.000000000000000e+00, 0.000000000000000e+00, 1.859762323292781e+07, 1.000000000000000e-10, 3.216505631588111e+10
18446, -3.166666666667000e-03, 1.051463555101000e-02, 2.712980265063391e+00, 0.000000000000000e+00, 0.000000000000000e+00, 1.843040733720285e+07, 1.000000000000000e-10, 3.243740663156756e+10
18575, -3.083333333333000e-03, 1.048721891442000e-02, 2.689158287765083e+00, 0.000000000000000e+00, 0.000000000000000e+00, 1.826183098413477e+07, 1.000000000000000e-10, 3.271671558879285e+10
18704, -3.000000000000000e-03, 1.046061271532000e-02, 2.665207329704485e+00, 0.000000000000000e+00, 0.000000000000000e+00, 1.809241409087786e+07, 1.000000000000000e-10, 3.300251142781679e+10
18833, -2.916666666667000e-03, 1.043480181510000e-02, 2.641149344632956e+00, 0.000000000000000e+00, 0.000000000000000e+00, 1.792233198542448e+07, 1.000000000000000e-10, 3.329476248246222e+10
18962, -2.833333333333000e-03, 1.040978690889000e-02, 2.616936995331309e+00, 0.000000000000000e+00, 0.000000000000000e+00, 1.775120209335118e+07, 1.000000000000000e-10, 3.359421063580022e+10
19091, -2.750000000000000e-03, 1.038556087612000e-02, 2.592725300638610e+00, 0.000000000000000e+00, 0.000000000000000e+00, 1.758026964444367e+07, 1.000000000000000e-10, 3.389932666675049e+10
19220, -2.666666666667000e-03, 1.036210752667000e-02, 2.568269226460374e+00, 0.000000000000000e+00, 0.000000000000000e+00, 1.740758912323031e+07, 1.000000000000000e-10, 3.421316473129552e+10
19349, -2.583333333333000e-03, 1.033944289372000e-02, 2.543701008761651e+00, 0.000000000000000e+00, 0.000000000000000e+00, 1.723417052341619e+07, 1.000000000000000e-10, 3.453441236712917e+10
19478, -2.500000000000000e-03, 1.031754816274000e-02, 2.519326623890785e+00, 0.000000000000000e+00, 0.000000000000000e+00, 1.706248067322996e+07, 1.000000000000000e-10, 3.485962638717233e+10
19607, -2.416666666667000e-03, 1.029640251349000e-02, 2.494595935573302e+00, 0.000000000000000e+00, 0.000000000000000e+00, 1.688819786801890e+07, 1.000000000000000e-10, 3.519579325261630e+10
19736, -2.333333333333000e-03, 1.027603131512000e-02, 2.469651529760886e+00, 0.000000000000000e+00, 0.000000000000000e+00, 1.671239079297483e+07, 1.000000000000000e-10, 3.554146374894356e+10
19865, -2.250000000000000e-03, 1.025641594330000e-02, 2.444920870337794e+00, 0.000000000000000e+00, 0.000000000000000e+00, 1.653845038423304e+07, 1.000000000000000e-10, 3.589145465816672e+10
19994, -2.166666666667000e-03, 1.023754061528000e-02, 2.419935162076815e+00, 0.000000000000000e+00, 0.000000000000000e+00, 1.636271186877136e+07, 1.000000000000000e-10, 3.625211050349341e+10
20123, -2.083333333333000e-03, 1.021942020249000e-02, 2.394800823680821e+00, 0.000000000000000e+00, 0.000000000000000e+00, 1.618599951225289e+07, 1.000000000000000e-10, 3.662239940047543e+10
20252, -2.000000000000000e-03, 1.020203698127000e-02, 2.369644169892387e+00, 0.000000000000000e+00, 0.000000000000000e+00, 1.600931001498481e+07, 1.000000000000000e-10, 3.700093842234558e+10
20381, -1.916666666667000e-03, 1.018539344683000e-02, 2.344258008452858e+00, 0.000000000000000e+00, 0.000000000000000e+00, 1.583099422852140e+07, 1.000000000000000e-10, 3.739091582189186e+10
20510, -1.833333333333000e-03, 1.016949180323000e-02, 2.318963391544350e+00, 0.000000000000000e+00, 0.000000000000000e+00, 1.565358884706203e+07, 1.000000000000000e-10, 3.778817164911864e+10
20639, -1.750000000000000e-03, 1.015431068634000e-02, 2.293493751312939e+00, 0.000000000000000e+00, 0.000000000000000e+00, 1.547502117411300e+07, 1.000000000000000e-10, 3.819689534294411e+10
20768, -1.666666666667000e-03, 1.013986719383000e-02, 2.267818708609012e+00, 0.000000000000000e+00, 0.000000000000000e+00, 1.529503040199005e+07, 1.000000000000000e-10, 3.861798269630089e+10
20897, -1.583333333333000e-03, 1.012614902920000e-02, 2.242376904434035e+00, 0.000000000000000e+00, 0.000000000000000e+00, 1.511712984283709e+07, 1.000000000000000e-10, 3.904527720633044e+10
21026, -1.500000000000000e-03, 1.011313580690000e-02, 2.216477477044464e+00, 0.000000000000000e+00, 0.000000000000000e+00, 1.493595854552029e+07, 1.000000000000000e-10, 3.948994730627248e+10
21155, -1.416666666667000e-03, 1.010085749616000e-02, 2.190272070861273e+00, 0.000000000000000e+00, 0.000000000000000e+00, 1.475267665640694e+07, 1.000000000000000e-10, 3.995034168024184e+10
21284, -1.333333333333000e-03, 1.008929098711000e-02, 2.164089716425531e+00, 0.000000000000000e+00, 0.000000000000000e+00, 1.456988518461697e+07, 1.000000000000000e-10, 4.042177704301974e+10
21413, -1.250000000000000e-03, 1.007842814127000e-02, 2.137190539027269e+00, 0.000000000000000e+00, 0.000000000000000e+00, 1.438169019360395e+07, 1.000000000000000e-10, 4.091708140952698e+10
21542, -1.166666666667000e-03, 1.006829025384000e-02, 2.110563215978781e+00, 0.000000000000000e+00, 0.000000000000000e+00, 1.419567986705623e+07, 1.000000000000000e-10, 4.142001933321419e+10
21671, -1.083333333333000e-03, 1.005884685296000e-02, 2.084040979452472e+00, 0.000000000000000e+00, 0.000000000000000e+00, 1.401056019689992e+07, 1.000000000000000e-10, 4.193371469943650e+10
21800, -1.000000000000000e-03, 1.005012311242000e-02, 2.057346553183169e+00, 0.000000000000000e+00, 0.000000000000000e+00, 1.382409382231518e+07, 1.000000000000000e-10, 4.246346439467780e+10
21929, -9.166666666667000e-04, 1.004211057632000e-02, 2.031347065111747e+00, 0.000000000000000e+00, 0.000000000000000e+00, 1.364310084864196e+07, 1.000000000000000e-10, 4.299373759049956e+10
22058, -8.333333333333000e-04, 1.003477822626000e-02, 2.005105984577255e+00, 0.000000000000000e+00, 0.000000000000000e+00, 1.346037050397215e+07, 1.000000000000000e-10, 4.354240625199777e+10
22187, -7.500000000000000e-04, 1.002816672479000e-02, 1.978707838932671e+00, 0.000000000000000e+00, 0.000000000000000e+00, 1.327654903616685e+07, 1.000000000000000e-10, 4.410866487648587e+10
22316, -6.666666666667000e-04, 1.002224687162000e-02, 1.952620250935254e+00, 0.000000000000000e+00, 0.000000000000000e+00, 1.309535031168783e+07, 1.000000000000000e-10, 4.468395262959945e+10
22445, -5.833333333333000e-04, 1.001702072551000e-02, 1.925966362575917e+00, 0.000000000000000e+00, 0.000000000000000e+00, 1.290997298306777e+07, 1.000000000000000e-10, 4.528684979416521e+10
22574, -5.000000000000000e-04, 1.001251901113000e-02, 1.899699023482405e+00, 0.000000000000000e+00, 0.000000000000000e+00, 1.272794172023874e+07, 1.000000000000000e-10, 4.589870111824000e+10
22703, -4.166666666667000e-04, 1.000867328846000e-02, 1.873187493458427e+00, 0.000000000000000e+00, 0.000000000000000e+00, 1.254466211216966e+07, 1.000000000000000e-10, 4.653432122660662e+10
22832, -3.333333333333000e-04, 1.000554294324000e-02, 1.845383654795357e+00, 0.000000000000000e+00, 0.000000000000000e+00, 1.235217540606801e+07, 1.000000000000000e-10, 4.721940774541129e+10
22961, -2.500000000000000e-04, 1.000313676782000e-02, 1.818290269809071e+00, 0.000000000000000e+00, 0.000000000000000e+00, 1.216674592305687e+07, 1.000000000000000e-10, 4.791228035411398e+10
23090, -1.666666666667000e-04, 1.000133445625000e-02, 1.788000812368168e+00, 0.000000000000000e+00, 0.000000000000000e+00, 1.195876181173314e+07, 1.000000000000000e-10, 4.870950532473306e+10
23219, -8.333333333333000e-05, 1.000041252892000e-02, 1.757210185016451e+00, 0.000000000000000e+00, 0.000000000000000e+00, 1.175056746247806e+07, 1.000000000000000e-10, 4.955666379998669e+10
23348, 0.000000000000000e+00, 1.000000000000000e-02, 1.720831232033812e+00, 0.000000000000000e+00, 0.000000000000000e+00, 1.150476879597648e+07, 1.000000000000000e-10, 5.059688026729491e+10
23477, 8.333333333333000e-05, 1.000069153711000e-02, 1.671203476032101e+00, 0.000000000000000e+00, 0.000000000000000e+00, 1.116109852389092e+07, 1.000000000000000e-10, 5.206240862226092e+10
23606, 1.666666666667000e-04, 1.000277940734000e-02, 1.617727712534686e+00, 0.000000000000000e+00, 0.000000000000000e+00, 1.078999839083718e+07, 1.000000000000000e-10, 5.373695996469096e+10
23735, 2.500000000000000e-04, 1.000625344954000e-02, 1.565056205302478e+00, 0.000000000000000e+00, 0.000000000000000e+00, 1.042583261135283e+07, 1.000000000000000e-10, 5.549976444271318e+10
23864, 3.333333333333000e-04, 1.001112590804000e-02, 1.513351753205288e+00, 0.000000000000000e+00, 0.000000000000000e+00, 1.006934153838524e+07, 1.000000000000000e-10, 5.735008013355854e+10
23993, 4.166666666667000e-04, 1.001739204487000e-02, 1.462622931996740e+00, 0.000000000000000e+00, 0.000000000000000e+00, 9.720339308827175e+06, 1.000000000000000e-10, 5.929243329012941e+10
24122, 5.000000000000000e-04, 1.002506496116000e-02, 1.412979009045126e+00, 0.000000000000000e+00, 0.000000000000000e+00, 9.379531683860466e+06, 1.000000000000000e-10, 6.132807329427934e+10
24251, 5.833333333333000e-04, 1.003414225398000e-02, 1.364332874060736e+00, 0.000000000000000e+00, 0.000000000000000e+00, 9.046169744663494e+06, 1.000000000000000e-10, 6.346578650370629e+10
24380, 6.666666666667000e-04, 1.004464483857000e-02, 1.316738761347663e+00, 0.000000000000000e+00, 0.000000000000000e+00, 8.720613254830189e+06, 1.000000000000000e-10, 6.570948023115886e+10
24509, 7.500000000000000e-04, 1.005656559133000e-02, 1.270128432122456e+00, 0.000000000000000e+00, 0.000000000000000e+00, 8.402312503711313e+06, 1.000000000000000e-10, 6.806879708083119e+10
24638, 8.333333333333000e-04, 1.006993215751000e-02, 1.224409295717078e+00, 0.000000000000000e+00, 0.000000000000000e+00, 8.090506019987895e+06, 1.000000000000000e-10, 7.055586698831665e+10
24767, 9.166666666667000e-04, 1.008474844719000e-02, 1.179839584080680e+00, 0.000000000000000e+00, 0.000000000000000e+00, 7.787106497456360e+06, 1.000000000000000e-10, 7.316525548950101e+10
24896, 1.000000000000000e-03, 1.010102180145000e-02, 1.136278645290516e+00, 0.000000000000000e+00, 0.000000000000000e+00, 7.491074585844566e+06, 1.000000000000000e-10, 7.591234454031842e+10
25025, 1.083333333333000e-03, 1.011876565740000e-02, 1.093485851075864e+00, 0.000000000000000e+00, 0.000000000000000e+00, 7.200583288815188e+06, 1.000000000000000e-10, 7.882175503778403e+10
25154, 1.166666666667000e-03, 1.013801591261000e-02, 1.051645551060117e+00, 0.000000000000000e+00, 0.000000000000000e+00, 6.916969233939257e+06, 1.000000000000000e-10, 8.189353504749588e+10
25283, 1.250000000000000e-03, 1.015876998132000e-02, 1.010850359613021e+00, 0.000000000000000e+00, 0.000000000000000e+00, 6.640917497960407e+06, 1.000000000000000e-10, 8.513216491553415e+10
25412, 1.333333333333000e-03, 1.018105268635000e-02, 9.708335020321759e-01, 0.000000000000000e+00, 0.000000000000000e+00, 6.370385316688515e+06, 1.000000000000000e-10, 8.857010864162074e+10
25541, 1.416666666667000e-03, 1.020489804992000e-02, 9.318428237954491e-01, 0.000000000000000e+00, 0.000000000000000e+00, 6.107205762167518e+06, 1.000000000000000e-10, 9.220193506448607e+10
25670, 1.500000000000000e-03, 1.023030214792000e-02, 8.937586373959653e-01, 0.000000000000000e+00, 0.000000000000000e+00, 5.850499727023078e+06, 1.000000000000000e-10, 9.605257790627533e+10
25799, 1.583333333333000e-03, 1.025731496843000e-02, 8.564815514219941e-01, 0.000000000000000e+00, 0.000000000000000e+00, 5.599495517706267e+06, 1.000000000000000e-10, 1.001493010037107e+11
25928, 1.666666666667000e-03, 1.028595130490000e-02, 8.201039076546665e-01, 0.000000000000000e+00, 0.000000000000000e+00, 5.354864933922247e+06, 1.000000000000000e-10, 1.045026487143650e+11
26057, 1.750000000000000e-03, 1.031625231090000e-02, 7.846399146261120e-01, 0.000000000000000e+00, 0.000000000000000e+00, 5.116695764091150e+06, 1.000000000000000e-10, 1.091314072376318e+11
26186, 1.833333333333000e-03, 1.034823442692000e-02, 7.500706186218259e-01, 0.000000000000000e+00, 0.000000000000000e+00, 4.884836671528230e+06, 1.000000000000000e-10, 1.140603183731209e+11
26315, 1.916666666667000e-03, 1.038194467245000e-02, 7.163003241512332e-01, 0.000000000000000e+00, 0.000000000000000e+00, 4.658577255905122e+06, 1.000000000000000e-10, 1.193289127830979e+11
26444, 2.000000000000000e-03, 1.041742166505000e-02, 6.834132764090244e-01, 0.000000000000000e+00, 0.000000000000000e+00, 4.438500958180810e+06, 1.000000000000000e-10, 1.249542372488639e+11
26573, 2.083333333333000e-03, 1.045470462360000e-02, 6.514342161766622e-01, 0.000000000000000e+00, 0.000000000000000e+00, 4.224771452658045e+06, 1.000000000000000e-10, 1.309625735435338e+11
26702, 2.166666666667000e-03, 1.049383311026000e-02, 6.203280782079680e-01, 0.000000000000000e+00, 0.000000000000000e+00, 4.017120745661615e+06, 1.000000000000000e-10, 1.373937034738104e+11
26831, 2.250000000000000e-03, 1.053485883314000e-02, 5.900823481622540e-01, 0.000000000000000e+00, 0.000000000000000e+00, 3.815439575354375e+06, 1.000000000000000e-10, 1.442882757632533e+11
26960, 2.333333333333000e-03, 1.057783082555000e-02, 5.606653537205409e-01, 0.000000000000000e+00, 0.000000000000000e+00, 3.619469422057032e+06, 1.000000000000000e-10, 1.516964797627092e+11
27089, 2.416666666667000e-03, 1.062281871410000e-02, 5.321541077807701e-01, 0.000000000000000e+00, 0.000000000000000e+00, 3.429710714034657e+06, 1.000000000000000e-10, 1.596455397425090e+11
27218, 2.500000000000000e-03, 1.066986674341000e-02, 5.045478177578823e-01, 0.000000000000000e+00, 0.000000000000000e+00, 3.246032495268569e+06, 1.000000000000000e-10, 1.681799079339926e+11
27347, 2.583333333333000e-03, 1.071907141134000e-02, 4.780673107705081e-01, 0.000000000000000e+00, 0.000000000000000e+00, 3.069723754701933e+06, 1.000000000000000e-10, 1.772645106747423e+11
27476, 2.666666666667000e-03, 1.077047398923000e-02, 4.531742872745086e-01, 0.000000000000000e+00, 0.000000000000000e+00, 2.903374318687870e+06, 1.000000000000000e-10, 1.867199523210530e+11
27605, 2.750000000000000e-03, 1.082417726931000e-02, 4.317893231009824e-01, 0.000000000000000e+00, 0.000000000000000e+00, 2.759547520545656e+06, 1.000000000000000e-10, 1.956419477232987e+11
27734, 2.833333333333000e-03, 1.087984694292000e-02, 4.186779289091725e-01, 0.000000000000000e+00, 0.000000000000000e+00, 2.671538588157895e+06, 1.000000000000000e-10, 2.015544441920782e+11
27863, 2.916666666667000e-03, 1.093583753480000e-02, 4.123415680469044e-01, 0.000000000000000e+00, 0.000000000000000e+00, 2.629032310696686e+06, 1.000000000000000e-10, 2.045428799719917e+11
27992, 3.000000000000000e-03, 1.099196483463000e-02, 4.081600076761185e-01, 0.000000000000000e+00, 0.000000000000000e+00, 2.600023912580428e+06, 1.000000000000000e-10, 2.065127011613604e+11
28121, 3.083333333333000e-03, 1.104811826294000e-02, 4.053867450044650e-01, 0.000000000000000e+00, 0.000000000000000e+00, 2.579819259228195e+06, 1.000000000000000e-10, 2.077876245269837e+11
28250, 3.166666666667000e-03, 1.110418724028000e-02, 4.036063042796216e-01, 0.000000000000000e+00, 0.000000000000000e+00, 2.565882839796125e+06, 1.000000000000000e-10, 2.085614351095544e+11
28379, 3.250000000000000e-03, 1.116008836413000e-02, 4.021476260667514e-01, 0.000000000000000e+00, 0.000000000000000e+00, 2.553750153562779e+06, 1.000000000000000e-10, 2.091598697154347e+11
28508, 3.333333333333000e-03, 1.121590430068000e-02, 4.006643676609061e-01, 0.000000000000000e+00, 0.000000000000000e+00, 2.541137761630652e+06, 1.000000000000000e-10, 2.097562928153259e+11
28637, 3.416666666667000e-03, 1.127165429581000e-02, 3.992519755780112e-01, 0.000000000000000e+00, 0.000000000000000e+00, 2.528827502528972e+06, 1.000000000000000e-10, 2.103101440915549e+11
28766, 3.500000000000000e-03, 1.132733875411000e-02, 3.979285602062295e-01, 0.000000000000000e+00, 0.000000000000000e+00, 2.517020208509085e+06, 1.000000000000000e-10, 2.108159144873876e+11
28895, 3.583333333333000e-03, 1.138295808018000e-02, 3.966708563716821e-01, 0.000000000000000e+00, 0.000000000000000e+00, 2.505611137725390e+06, 1.000000000000000e-10, 2.112876517848487e+11
29024, 3.666666666667000e-03, 1.143851264317000e-02, 3.954609367669559e-01, 0.000000000000000e+00, 0.000000000000000e+00, 2.494524230773325e+06, 1.000000000000000e-10, 2.117365904599276e+11
29153, 3.750000000000000e-03, 1.149400251723000e-02, 3.942857781568480e-01, 0.000000000000000e+00, 0.000000000000000e+00, 2.483709510149437e+06, 1.000000000000000e-10, 2.121712821201769e+11
29282, 3.833333333333000e-03, 1.154942768598000e-02, 3.931344653880025e-01, 0.000000000000000e+00, 0.000000000000000e+00, 2.473124300817374e+06, 1.000000000000000e-10, 2.125989764062455e+11
29411, 3.916666666667000e-03, 1.160478813985000e-02, 3.919930424396256e-01, 0.000000000000000e+00, 0.000000000000000e+00, 2.462697579506492e+06, 1.000000000000000e-10, 2.130281692388482e+11
29540, 4.000000000000000e-03, 1.166008386930000e-02, 3.908573281948725e-01, 0.000000000000000e+00, 0.000000000000000e+00, 2.452422332435010e+06, 1.000000000000000e-10, 2.134623080763187e+11
29669, 4.083333333333000e-03, 1.171531490179000e-02, 3.897214334541136e-01, 0.000000000000000e+00, 0.000000000000000e+00, 2.442274241220689e+06, 1.000000000000000e-10, 2.139054707945183e+11
29798, 4.166666666667000e-03, 1.177048147691000e-02, 3.885805619386052e-01, 0.000000000000000e+00, 0.000000000000000e+00, 2.432232298411789e+06, 1.000000000000000e-10, 2.143609930484367e+11
29927, 4.250000000000000e-03, 1.182558383500000e-02, 3.874312772175802e-01, 0.000000000000000e+00, 0.000000000000000e+00, 2.422281359043363e+06, 1.000000000000000e-10, 2.148313527840945e+11
30056, 4.333333333333000e-03, 1.188062220786000e-02, 3.862709169224131e-01, 0.000000000000000e+00, 0.000000000000000e+00, 2.412408644859836e+06, 1.000000000000000e-10, 2.153185047227946e+11
30185, 4.416666666667000e-03, 1.193559682732000e-02, 3.850973406378855e-01, 0.000000000000000e+00, 0.000000000000000e+00, 2.402602473461781e+06, 1.000000000000000e-10, 2.158240162477895e+11
30314, 4.500000000000000e-03, 1.199050799074000e-02, 3.839090171498275e-01, 0.000000000000000e+00, 0.000000000000000e+00, 2.392853248451742e+06, 1.000000000000000e-10, 2.163490357932528e+11
30443, 4.583333333333000e-03, 1.204535598395000e-02, 3.827062181169039e-01, 0.000000000000000e+00, 0.000000000000000e+00, 2.383162705138995e+06, 1.000000000000000e-10, 2.168937324595676e+11
30572, 4.666666666667000e-03, 1.210014066384000e-02, 3.814871606918674e-01, 0.000000000000000e+00, 0.000000000000000e+00, 2.373516777341307e+06, 1.000000000000000e-10, 2.174592612597069e+11
30701, 4.750000000000000e-03, 1.215486185744000e-02, 3.802516057770513e-01, 0.000000000000000e+00, 0.000000000000000e+00, 2.363911632794723e+06, 1.000000000000000e-10, 2.180459549286569e+11
30830, 4.833333333333000e-03, 1.220951939177000e-02, 3.789988186375256e-01, 0.000000000000000e+00, 0.000000000000000e+00, 2.354339517903687e+06, 1.000000000000000e-10, 2.186543989519612e+11
30959, 4.916666666667000e-03, 1.226411317420000e-02, 3.777272717088308e-01, 0.000000000000000e+00, 0.000000000000000e+00, 2.344786499535961e+06, 1.000000000000000e-10, 2.192855689806629e+11
31088, 5.000000000000000e-03, 1.231864352860000e-02, 3.764358615811964e-01, 0.000000000000000e+00, 0.000000000000000e+00, 2.335241025850134e+06, 1.000000000000000e-10, 2.199402117624718e+11
31217, 5.083333333333000e-03, 1.237311077428000e-02, 3.751245024864585e-01, 0.000000000000000e+00, 0.000000000000000e+00, 2.325698277203035e+06, 1.000000000000000e-10, 2.206185141361057e+11
31346, 5.166666666667000e-03, 1.242751521627000e-02, 3.737933580600448e-01, 0.000000000000000e+00, 0.000000000000000e+00, 2.316154858691921e+06, 1.000000000000000e-10, 2.213205265709866e+11
31475, 5.250000000000000e-03, 1.248185715963000e-02, 3.724427080550761e-01, 0.000000000000000e+00, 0.000000000000000e+00, 2.306607882918698e+06, 1.000000000000000e-10, 2.220462173578505e+11
31604, 5.333333333333000e-03, 1.253613698912000e-02, 3.710732755045270e-01, 0.000000000000000e+00, 0.000000000000000e+00, 2.297057300706629e+06, 1.000000000000000e-10, 2.227952962601091e+11
31733, 5.416666666667000e-03, 1.259035501722000e-02, 3.696870526501519e-01, 0.000000000000000e+00, 0.000000000000000e+00, 2.287512099415582e+06, 1.000000000000000e-10, 2.235667888172185e+11
31862, 5.500000000000000e-03, 1.264451095952000e-02, 3.682858908030853e-01, 0.000000000000000e+00, 0.000000000000000e+00, 2.277980686779134e+06, 1.000000000000000e-10, 2.243597873583840e+11
31991, 5.583333333333000e-03, 1.269860449162000e-02, 3.668705215957940e-01, 0.000000000000000e+00, 0.000000000000000e+00, 2.268464012086672e+06, 1.000000000000000e-10, 2.251740143469734e+11
32120, 5.666666666667000e-03, 1.275263528910000e-02, 3.654412701291142e-01, 0.000000000000000e+00, 0.000000000000000e+00, 2.258960409614185e+06, 1.000000000000000e-10, 2.260094450198619e+11
32249, 5.750000000000000e-03, 1.280660311029000e-02, 3.639977879154481e-01, 0.000000000000000e+00, 0.000000000000000e+00, 2.249463546839996e+06, 1.000000000000000e-10, 2.268664211534551e+11
32378, 5.833333333333000e-03, 1.286050829273000e-02, 3.625395207237370e-01, 0.000000000000000e+00, 0.000000000000000e+00, 2.239965374835372e+06, 1.000000000000000e-10, 2.277454008949771e+11
32507, 5.916666666667000e-03, 1.291435129968000e-02, 3.610668417781802e-01, 0.000000000000000e+00, 0.000000000000000e+00, 2.230464343437573e+06, 1.000000000000000e-10, 2.286463292707133e+11
32636, 6.000000000000000e-03, 1.296813258031000e-02, 3.595806922507183e-01, 0.000000000000000e+00, 0.000000000000000e+00, 2.220962963852066e+06, 1.000000000000000e-10, 2.295688167451603e+11
32765, 6.083333333333000e-03, 1.302185258376000e-02, 3.580822916186230e-01, 0.000000000000000e+00, 0.000000000000000e+00, 2.211465754626208e+06, 1.000000000000000e-10, 2.305123025649799e+11
32894, 6.166666666667000e-03, 1.307551168635000e-02, 3.565736065760453e-01, 0.000000000000000e+00, 0.000000000000000e+00, 2.201982755035969e+06, 1.000000000000000e-10, 2.314758030540126e+11
33023, 6.250000000000000e-03, 1.312910984287000e-02, 3.550563087460499e-01, 0.000000000000000e+00, 0.000000000000000e+00, 2.192522289350712e+06, 1.000000000000000e-10, 2.324584734851039e+11
33152, 6.333333333333000e-03, 1.318264708556000e-02, 3.535311404008232e-01, 0.000000000000000e+00, 0.000000000000000e+00, 2.183086304633719e+06, 1.000000000000000e-10, 2.334600238351825e+11
33281, 6.416666666667000e-03, 1.323612347654000e-02, 3.519983228223245e-01, 0.000000000000000e+00, 0.000000000000000e+00, 2.173673066114221e+06, 1.000000000000000e-10, 2.344804645289098e+11
33410, 6.500000000000000e-03, 1.328953907792000e-02, 3.504579146387142e-01, 0.000000000000000e+00, 0.000000000000000e+00, 2.164279895813533e+06, 1.000000000000000e-10, 2.355199130746958e+11
33539, 6.583333333333000e-03, 1.334289406164000e-02, 3.489118486350807e-01, 0.000000000000000e+00, 0.000000000000000e+00, 2.154918164080208e+06, 1.000000000000000e-10, 2.365773953562611e+11
33668, 6.666666666667000e-03, 1.339618897747000e-02, 3.473633007247925e-01, 0.000000000000000e+00, 0.000000000000000e+00, 2.145607703790831e+06, 1.000000000000000e-10, 2.376511234130441e+11
33797, 6.750000000000000e-03, 1.344942362582000e-02, 3.458160362325055e-01, 0.000000000000000e+00, 0.000000000000000e+00, 2.136372757809623e+06, 1.000000000000000e-10, 2.387388814553466e+11
33926, 6.833333333333000e-03, 1.350259769131000e-02, 3.442717601429281e-01, 0.000000000000000e+00, 0.000000000000000e+00, 2.127223256331292e+06, 1.000000000000000e-10, 2.398396781098900e+11
34055, 6.916666666667000e-03, 1.355571085854000e-02, 3.427317538935629e-01, 0.000000000000000e+00, 0.000000000000000e+00, 2.118166388316818e+06, 1.000000000000000e-10, 2.409527780991401e+11
34184, 7.000000000000000e-03, 1.360876282826000e-02, 3.411961810306207e-01, 0.000000000000000e+00, 0.000000000000000e+00, 2.109201212388294e+06, 1.000000000000000e-10, 2.420781027936100e+11
34313, 7.083333333333000e-03, 1.366175371767000e-02, 3.396661866406165e-01, 0.000000000000000e+00, 0.000000000000000e+00, 2.100333927556945e+06, 1.000000000000000e-10, 2.432149586972102e+11
34442, 7.166666666667000e-03, 1.371468408136000e-02, 3.381466598949658e-01, 0.000000000000000e+00, 0.000000000000000e+00, 2.091597702966243e+06, 1.000000000000000e-10, 2.443602118969117e+11
34571, 7.250000000000000e-03, 1.376755449414000e-02, 3.366381845076709e-01, 0.000000000000000e+00, 0.000000000000000e+00, 2.082991822046463e+06, 1.000000000000000e-10, 2.455131583230077e+11
34700, 7.333333333333000e-03, 1.382036553079000e-02, 3.351398629178984e-01, 0.000000000000000e+00, 0.000000000000000e+00, 2.074504683995276e+06, 1.000000000000000e-10, 2.466740385780829e+11
34829, 7.416666666667000e-03, 1.387311777443000e-02, 3.336513654676825e-01, 0.000000000000000e+00, 0.000000000000000e+00, 2.066128119325763e+06, 1.000000000000000e-10, 2.478426570283999e+11
34958, 7.500000000000000e-03, 1.392581159072000e-02, 3.321723517134836e-01, 0.000000000000000e+00, 0.000000000000000e+00, 2.057853608360664e+06, 1.000000000000000e-10, 2.490187894602601e+11
35087, 7.583333333333000e-03, 1.397844663021000e-02, 3.307022847050618e-01, 0.000000000000000e+00, 0.000000000000000e+00, 2.049672079678272e+06, 1.000000000000000e-10, 2.502024162833428e+11
35216, 7.666666666667000e-03, 1.403102244047000e-02, 3.292405657872668e-01, 0.000000000000000e+00, 0.000000000000000e+00, 2.041574928513611e+06, 1.000000000000000e-10, 2.513936354147321e+11
35345, 7.750000000000000e-03, 1.408353856911000e-02, 3.277866326055818e-01, 0.000000000000000e+00, 0.000000000000000e+00, 2.033553959167673e+06, 1.000000000000000e-10, 2.525925253678342e+11
35474, 7.833333333333000e-03, 1.413599458726000e-02, 3.263370151348448e-01, 0.000000000000000e+00, 0.000000000000000e+00, 2.025579689783717e+06, 1.000000000000000e-10, 2.538011580035039e+11
35603, 7.916666666667000e-03, 1.418839079044000e-02, 3.248883953530181e-01, 0.000000000000000e+00, 0.000000000000000e+00, 2.017623849757631e+06, 1.000000000000000e-10, 2.550215957795375e+11
35732, 8.000000000000000e-03, 1.424072762585000e-02, 3.234396586746469e-01, 0.000000000000000e+00, 0.000000000000000e+00, 2.009673965104378e+06, 1.000000000000000e-10, 2.562544142142610e+11
35861, 8.083333333333000e-03, 1.429300537375000e-02, 3.219905346561057e-01, 0.000000000000000e+00, 0.000000000000000e+00, 2.001723801124656e+06, 1.000000000000000e-10, 2.574996061116913e+11
35990, 8.166666666667001e-03, 1.434522431438000e-02, 3.205413412624608e-01, 0.000000000000000e+00, 0.000000000000000e+00, 1.993771845142877e+06, 1.000000000000000e-10, 2.587568063713452e+11
36119, 8.250000000000000e-03, 1.439738472402000e-02, 3.190934245244117e-01, 0.000000000000000e+00, 0.000000000000000e+00, 1.985824355289869e+06, 1.000000000000000e-10, 2.600248991706062e+11
36248, 8.333333333333000e-03, 1.444948654260000e-02, 3.176463769784260e-01, 0.000000000000000e+00, 0.000000000000000e+00, 1.977875031852526e+06, 1.000000000000000e-10, 2.613040218795150e+11
36377, 8.416666666667001e-03, 1.450152986714000e-02, 3.161991765559893e-01, 0.000000000000000e+00, 0.000000000000000e+00, 1.969913869200667e+06, 1.000000000000000e-10, 2.625948376191992e+11
36506, 8.500000000000001e-03, 1.455351502830000e-02, 3.147515820466364e-01, 0.000000000000000e+00, 0.000000000000000e+00, 1.961936875390012e+06, 1.000000000000000e-10, 2.638974794012751e+11
36635, 8.583333333333000e-03, 1.460544235670000e-02, 3.133039304405140e-01, 0.000000000000000e+00, 0.000000000000000e+00, 1.953944447618092e+06, 1.000000000000000e-10, 2.652116793155013e+11
36764, 8.666666666666999e-03, 1.465731218302000e-02, 3.118566535833400e-01, 0.000000000000000e+00, 0.000000000000000e+00, 1.945937912017169e+06, 1.000000000000000e-10, 2.665370879990617e+11
36893, 8.750000000000001e-03, 1.470912502093000e-02, 3.104110828464290e-01, 0.000000000000000e+00, 0.000000000000000e+00, 1.937925135164803e+06, 1.000000000000000e-10, 2.678726648935568e+11
37022, 8.833333333333001e-03, 1.476088090071000e-02, 3.089700433858114e-01, 0.000000000000000e+00, 0.000000000000000e+00, 1.929925176580935e+06, 1.000000000000000e-10, 2.692161820530777e+11
37151, 8.916666666667000e-03, 1.481257938499000e-02, 3.075348681409275e-01, 0.000000000000000e+00, 0.000000000000000e+00, 1.921946668297542e+06, 1.000000000000000e-10, 2.705665467990573e+11
37280, 8.999999999999999e-03, 1.486422003627000e-02, 3.061054329784586e-01, 0.000000000000000e+00, 0.000000000000000e+00, 1.913988357977680e+06, 1.000000000000000e-10, 2.719238240463175e+11
37409, 9.083333333333001e-03, 1.491580241702000e-02, 3.046810037243377e-01, 0.000000000000000e+00, 0.000000000000000e+00, 1.906045257699174e+06, 1.000000000000000e-10, 2.732886402430509e+11
37538, 9.166666666667000e-03, 1.496732644749000e-02, 3.032598793340326e-01, 0.000000000000000e+00, 0.000000000000000e+00, 1.898105783629516e+06, 1.000000000000000e-10, 2.746624754757154e+11
37667, 9.250000000000000e-03, 1.501879271947000e-02, 3.018415750784925e-01, 0.000000000000000e+00, 0.000000000000000e+00, 1.890167100233768e+06, 1.000000000000000e-10, 2.760458491379078e+11
37796, 9.333333333332999e-03, 1.507020143211000e-02, 3.004264864211336e-01, 0.000000000000000e+00, 0.000000000000000e+00, 1.882232798622159e+06, 1.000000000000000e-10, 2.774386032100903e+11
37925, 9.416666666667000e-03, 1.512155277109000e-02, 2.990141014725320e-01, 0.000000000000000e+00, 0.000000000000000e+00, 1.874300520602820e+06, 1.000000000000000e-10, 2.788413673172795e+11
38054, 9.500000000000000e-03, 1.517284692208000e-02, 2.976034817749204e-01, 0.000000000000000e+00, 0.000000000000000e+00, 1.866365795246186e+06, 1.000000000000000e-10, 2.802552614123943e+11
38183, 9.583333333333000e-03, 1.522408393550000e-02, 2.961929618074743e-01, 0.000000000000000e+00, 0.000000000000000e+00, 1.858420558108103e+06, 1.000000000000000e-10, 2.816822509930722e+11
38312, 9.666666666667000e-03, 1.527526366570000e-02, 2.947775153861320e-01, 0.000000000000000e+00, 0.000000000000000e+00, 1.850434987230577e+06, 1.000000000000000e-10, 2.831275179331500e+11
38441, 9.750000000000000e-03, 1.532638654817000e-02, 2.933476102697226e-01, 0.000000000000000e+00, 0.000000000000000e+00, 1.842350766609180e+06, 1.000000000000000e-10, 2.846008115766658e+11
38570, 9.833333333333000e-03, 1.537745306354000e-02, 2.918883054923703e-01, 0.000000000000000e+00, 0.000000000000000e+00, 1.834077297881312e+06, 1.000000000000000e-10, 2.861177696237588e+11
38699, 9.916666666667000e-03, 1.542846369241000e-02, 2.903711060029682e-01, 0.000000000000000e+00, 0.000000000000000e+00, 1.825454868109031e+06, 1.000000000000000e-10, 2.877098479156108e+11
38828, 1.000000000000000e-02, 1.547941892848000e-02, 2.879335661950046e-01, 0.000000000000000e+00, 0.000000000000000e+00, 1.811816238515556e+06, 1.000000000000000e-10, 2.903282482055474e+11
38957, 1.023004000000000e-02, 1.561979271153000e-02, 2.841268952408750e-01, 0.000000000000000e+00, 0.000000000000000e+00, 1.789841709913478e+06, 1.000000000000000e-10, 2.944381298086314e+11
39086, 1.046008000000000e-02, 1.575973935414000e-02, 2.804477545567610e-01, 0.000000000000000e+00, 0.000000000000000e+00, 1.768645143535004e+06, 1.000000000000000e-10, 2.985267372562873e+11
39215, 1.069012000000000e-02, 1.589925964890000e-02, 2.768383526666363e-01, 0.000000000000000e+00, 0.000000000000000e+00, 1.747814571341010e+06, 1.000000000000000e-10, 3.026450302912974e+11
39344, 1.092016000000000e-02, 1.603835399104000e-02, 2.732876552698826e-01, 0.000000000000000e+00, 0.000000000000000e+00, 1.727278772778677e+06, 1.000000000000000e-10, 3.068029707793802e+11
39473, 1.115020000000000e-02, 1.617702426326000e-02, 2.697855356811149e-01, 0.000000000000000e+00, 0.000000000000000e+00, 1.706974616599440e+06, 1.000000000000000e-10, 3.110109268634261e+11
39602, 1.138024000000000e-02, 1.631527781804000e-02, 2.663300385842176e-01, 0.000000000000000e+00, 0.000000000000000e+00, 1.686893597758004e+06, 1.000000000000000e-10, 3.152711249800581e+11
39731, 1.161028000000000e-02, 1.645311725410000e-02, 2.629290681916185e-01, 0.000000000000000e+00, 0.000000000000000e+00, 1.667095941030874e+06, 1.000000000000000e-10, 3.195748287411476e+11
39860, 1.184032000000000e-02, 1.659053998224000e-02, 2.595803174110530e-01, 0.000000000000000e+00, 0.000000000000000e+00, 1.647568033573763e+06, 1.000000000000000e-10, 3.239238197381516e+11
39989, 1.207036000000000e-02, 1.672754921168000e-02, 2.562756594369061e-01, 0.000000000000000e+00, 0.000000000000000e+00, 1.628255397992180e+06, 1.000000000000000e-10, 3.283270115867544e+11
40118, 1.230040000000000e-02, 1.686415189369000e-02, 2.530169837935158e-01, 0.000000000000000e+00, 0.000000000000000e+00, 1.609173271547645e+06, 1.000000000000000e-10, 3.327819721939413e+11
40247, 1.253044000000000e-02, 1.700034843682000e-02, 2.498126370198957e-01, 0.000000000000000e+00, 0.000000000000000e+00, 1.590382231018813e+06, 1.000000000000000e-10, 3.372778302517012e+11
40376, 1.276048000000000e-02, 1.713613399040000e-02, 2.466595172149556e-01, 0.000000000000000e+00, 0.000000000000000e+00, 1.571863358712611e+06, 1.000000000000000e-10, 3.418174088511686e+11
40505, 1.299052000000000e-02, 1.727151382555000e-02, 2.435482048261758e-01, 0.000000000000000e+00, 0.000000000000000e+00, 1.553552531385580e+06, 1.000000000000000e-10, 3.464121110951842e+11
40634, 1.322056000000000e-02, 1.740649602333000e-02, 2.404835386070346e-01, 0.000000000000000e+00, 0.000000000000000e+00, 1.535485091531127e+06, 1.000000000000000e-10, 3.510550804902868e+11
40763, 1.345060000000000e-02, 1.754107807061000e-02, 2.374746157624104e-01, 0.000000000000000e+00, 0.000000000000000e+00, 1.517727241204218e+06, 1.000000000000000e-10, 3.557328665368962e+11
40892, 1.368064000000000e-02, 1.767525426506000e-02, 2.345139141703696e-01, 0.000000000000000e+00, 0.000000000000000e+00, 1.500229442784697e+06, 1.000000000000000e-10, 3.604545780582384e+11
41021, 1.391068000000000e-02, 1.780903248092000e-02, 2.315919773013915e-01, 0.000000000000000e+00, 0.000000000000000e+00, 1.482928735912166e+06, 1.000000000000000e-10, 3.652332525501733e+11
41150, 1.414072000000000e-02, 1.794242069255000e-02, 2.287159103120295e-01, 0.000000000000000e+00, 0.000000000000000e+00, 1.465878347317009e+06, 1.000000000000000e-10, 3.700582578099479e+11
41279, 1.437076000000000e-02, 1.807541624262000e-02, 2.258907401466961e-01, 0.000000000000000e+00, 0.000000000000000e+00, 1.449116454405738e+06, 1.000000000000000e-10, 3.749208994497827e+11
41408, 1.460080000000000e-02, 1.820801736180000e-02, 2.231092765131431e-01, 0.000000000000000e+00, 0.000000000000000e+00, 1.432594141767357e+06, 1.000000000000000e-10, 3.798308465037086e+11
41537, 1.483084000000000e-02, 1.834023027557000e-02, 2.203661804667107e-01, 0.000000000000000e+00, 0.000000000000000e+00, 1.416275850139499e+06, 1.000000000000000e-10, 3.847958681007697e+11
41666, 1.506088000000000e-02, 1.847206119888000e-02, 2.176690396090306e-01, 0.000000000000000e+00, 0.000000000000000e+00, 1.400217719018744e+06, 1.000000000000000e-10, 3.898030373126990e+11
41795, 1.529092000000000e-02, 1.860350398842000e-02, 2.150227756767231e-01, 0.000000000000000e+00, 0.000000000000000e+00, 1.384456773092231e+06, 1.000000000000000e-10, 3.948425150825647e+11
41924, 1.552096000000000e-02, 1.873455535386000e-02, 2.124165288612418e-01, 0.000000000000000e+00, 0.000000000000000e+00, 1.368918766097509e+06, 1.000000000000000e-10, 3.999313291589719e+11
42053, 1.575100000000000e-02, 1.886522546438000e-02, 2.098441456465314e-01, 0.000000000000000e+00, 0.000000000000000e+00, 1.353563342103240e+06, 1.000000000000000e-10, 4.050799875357773e+11
42182, 1.598104000000000e-02, 1.899552067634000e-02, 2.073141553715067e-01, 0.000000000000000e+00, 0.000000000000000e+00, 1.338453042562664e+06, 1.000000000000000e-10, 4.102727061663735e+11
42311, 1.621108000000000e-02, 1.912543514980000e-02, 2.048296968555348e-01, 0.000000000000000e+00, 0.000000000000000e+00, 1.323612195689579e+06, 1.000000000000000e-10, 4.155022277652735e+11
42440, 1.644112000000000e-02, 1.925496807442000e-02, 2.023826474266326e-01, 0.000000000000000e+00, 0.000000000000000e+00, 1.308986029399146e+06, 1.000000000000000e-10, 4.207826260795203e+11
42569, 1.667116000000000e-02, 1.938412625358000e-02, 1.999695406737136e-01, 0.000000000000000e+00, 0.000000000000000e+00, 1.294552744257004e+06, 1.000000000000000e-10, 4.261202262731288e+11
42698, 1.690120000000000e-02, 1.951291352835000e-02, 1.975947931451860e-01, 0.000000000000000e+00, 0.000000000000000e+00, 1.280345628071015e+06, 1.000000000000000e-10, 4.315056713145016e+11
42827, 1.713124000000000e-02, 1.964132748660000e-02, 1.952595058577513e-01, 0.000000000000000e+00, 0.000000000000000e+00, 1.266373934517790e+06, 1.000000000000000e-10, 4.369354253894957e+11
42956, 1.736128000000000e-02, 1.976936860133000e-02, 1.929576689035786e-01, 0.000000000000000e+00, 0.000000000000000e+00, 1.252596549955547e+06, 1.000000000000000e-10, 4.424209403911680e+11
43085, 1.759132000000000e-02, 1.989704466440000e-02, 1.906869388891211e-01, 0.000000000000000e+00, 0.000000000000000e+00, 1.238998420197580e+06, 1.000000000000000e-10, 4.479668184703522e+11
43214, 1.782136000000000e-02, 2.002436041436000e-02, 1.884558039462895e-01, 0.000000000000000e+00, 0.000000000000000e+00, 1.225641137002502e+06, 1.000000000000000e-10, 4.535535527372540e+11
43343, 1.805140000000000e-02, 2.015130575751000e-02, 1.862660495126456e-01, 0.000000000000000e+00, 0.000000000000000e+00, 1.212537062889419e+06, 1.000000000000000e-10, 4.591747064997069e+11
43472, 1.828144000000000e-02, 2.027787983809000e-02, 1.841065380806481e-01, 0.000000000000000e+00, 0.000000000000000e+00, 1.199607904390002e+06, 1.000000000000000e-10, 4.648542785973936e+11
43601, 1.851148000000000e-02, 2.040409252784000e-02, 1.819742696825526e-01, 0.000000000000000e+00, 0.000000000000000e+00, 1.186834128786635e+06, 1.000000000000000e-10, 4.705991650652074e+11
43730, 1.874152000000000e-02, 2.052994715257000e-02, 1.798734526556863e-01, 0.000000000000000e+00, 0.000000000000000e+00, 1.174246668720142e+06, 1.000000000000000e-10, 4.763987887887486e+11
43859, 1.897156000000000e-02, 2.065544393854000e-02, 1.778046061015390e-01, 0.000000000000000e+00, 0.000000000000000e+00, 1.161849401249032e+06, 1.000000000000000e-10, 4.822506369264482e+11
43988, 1.920160000000000e-02, 2.078058488673000e-02, 1.757670190686622e-01, 0.000000000000000e+00, 0.000000000000000e+00, 1.149637594378399e+06, 1.000000000000000e-10, 4.881552012018293e+11
44117, 1.943164000000000e-02, 2.090537131427000e-02, 1.737604306351615e-01, 0.000000000000000e+00, 0.000000000000000e+00, 1.137609110919506e+06, 1.000000000000000e-10, 4.941116744080098e+11
44246, 1.966168000000000e-02, 2.102980577969000e-02, 1.717868639677896e-01, 0.000000000000000e+00, 0.000000000000000e+00, 1.125779006487506e+06, 1.000000000000000e-10, 5.001131911463505e+11
44375, 1.989172000000000e-02, 2.115388497228000e-02, 1.698463460043595e-01, 0.000000000000000e+00, 0.000000000000000e+00, 1.114147922191105e+06, 1.000000000000000e-10, 5.061577315414917e+11
44504, 2.012176000000000e-02, 2.127760988403000e-02, 1.679351849486776e-01, 0.000000000000000e+00, 0.000000000000000e+00, 1.102689947420103e+06, 1.000000000000000e-10, 5.122538598577396e+11
44633, 2.035180000000000e-02, 2.140098347296000e-02, 1.660522206343752e-01, 0.000000000000000e+00, 0.000000000000000e+00, 1.091397678599131e+06, 1.000000000000000e-10, 5.184036813322913e+11
44762, 2.058184000000000e-02, 2.152400713574000e-02, 1.641929213591549e-01, 0.000000000000000e+00, 0.000000000000000e+00, 1.080254945689331e+06, 1.000000000000000e-10, 5.246246719791188e+11
44891, 2.081188000000000e-02, 2.164668759755000e-02, 1.623567179990764e-01, 0.000000000000000e+00, 0.000000000000000e+00, 1.069253767469923e+06, 1.000000000000000e-10, 5.309170351511553e+11
45020, 2.104192000000000e-02, 2.176902956937000e-02, 1.605516761748074e-01, 0.000000000000000e+00, 0.000000000000000e+00, 1.058442187453865e+06, 1.000000000000000e-10, 5.372518194084887e+11
45149, 2.127196000000000e-02, 2.189102348682000e-02, 1.587808211255179e-01, 0.000000000000000e+00, 0.000000000000000e+00, 1.047835040482286e+06, 1.000000000000000e-10, 5.436144092202996e+11
45278, 2.150200000000000e-02, 2.201266677088000e-02, 1.570339182436121e-01, 0.000000000000000e+00, 0.000000000000000e+00, 1.037356570958277e+06, 1.000000000000000e-10, 5.500343651138466e+11
45407, 2.173204000000000e-02, 2.213397288550000e-02, 1.553066758481914e-01, 0.000000000000000e+00, 0.000000000000000e+00, 1.026976988170257e+06, 1.000000000000000e-10, 5.565252769373971e+11
45536, 2.196208000000000e-02, 2.225494904554000e-02, 1.536095097612920e-01, 0.000000000000000e+00, 0.000000000000000e+00, 1.016771720535135e+06, 1.000000000000000e-10, 5.630510726181630e+11
45665, 2.219212000000000e-02, 2.237558411027000e-02, 1.519468528674614e-01, 0.000000000000000e+00, 0.000000000000000e+00, 1.006771808816736e+06, 1.000000000000000e-10, 5.695927613626671e+11
45794, 2.242216000000000e-02, 2.249587404634000e-02, 1.503086187772924e-01, 0.000000000000000e+00, 0.000000000000000e+00, 9.969052681802448e+05, 1.000000000000000e-10, 5.761827801371752e+11
45923, 2.265220000000000e-02, 2.261583049277000e-02, 1.486896107341350e-01, 0.000000000000000e+00, 0.000000000000000e+00, 9.871368402463540e+05, 1.000000000000000e-10, 5.828392942084475e+11
46052, 2.288224000000000e-02, 2.273546047754000e-02, 1.470966658691557e-01, 0.000000000000000e+00, 0.000000000000000e+00, 9.775168740035024e+05, 1.000000000000000e-10, 5.895362472302222e+11
46181, 2.311228000000000e-02, 2.285475761456000e-02, 1.455334769591749e-01, 0.000000000000000e+00, 0.000000000000000e+00, 9.680713876425109e+05, 1.000000000000000e-10, 5.962565522810538e+11
46310, 2.334232000000000e-02, 2.297371904495000e-02, 1.439945036384574e-01, 0.000000000000000e+00, 0.000000000000000e+00, 9.587603552358318e+05, 1.000000000000000e-10, 6.030183858046335e+11
46439, 2.357236000000000e-02, 2.309235162234000e-02, 1.424759436080298e-01, 0.000000000000000e+00, 0.000000000000000e+00, 9.495579898680518e+05, 1.000000000000000e-10, 6.098354815885946e+11
46568, 2.380240000000000e-02, 2.321066109088000e-02, 1.409814855836480e-01, 0.000000000000000e+00, 0.000000000000000e+00, 9.404919420146705e+05, 1.000000000000000e-10, 6.166916062381514e+11
46697, 2.403244000000000e-02, 2.332864373135000e-02, 1.395140953147127e-01, 0.000000000000000e+00, 0.000000000000000e+00, 9.315827877582107e+05, 1.000000000000000e-10, 6.235712235855146e+11
46826, 2.426248000000000e-02, 2.344629655689000e-02, 1.380702824444094e-01, 0.000000000000000e+00, 0.000000000000000e+00, 9.228049092254344e+05, 1.000000000000000e-10, 6.304856463420189e+11
46955, 2.449252000000000e-02, 2.356362466932000e-02, 1.366465354340538e-01, 0.000000000000000e+00, 0.000000000000000e+00, 9.141339104512024e+05, 1.000000000000000e-10, 6.374480637257023e+11
47084, 2.472256000000000e-02, 2.368063306349000e-02, 1.352446802734954e-01, 0.000000000000000e+00, 0.000000000000000e+00, 9.055839436737478e+05, 1.000000000000000e-10, 6.444487720304277e+11
47213, 2.495260000000000e-02, 2.379732023386000e-02, 1.338673038716915e-01, 0.000000000000000e+00, 0.000000000000000e+00, 8.971736992223522e+05, 1.000000000000000e-10, 6.514733284289043e+11
47342, 2.518264000000000e-02, 2.391368301837000e-02, 1.325118256770837e-01, 0.000000000000000e+00, 0.000000000000000e+00, 8.888845484474144e+05, 1.000000000000000e-10, 6.585304063914340e+11
47471, 2.541268000000000e-02, 2.402972604635000e-02, 1.311745205767265e-01, 0.000000000000000e+00, 0.000000000000000e+00, 8.806906403385217e+05, 1.000000000000000e-10, 6.656356361478894e+11
47600, 2.564272000000000e-02, 2.414545550441000e-02, 1.298567415209493e-01, 0.000000000000000e+00, 0.000000000000000e+00, 8.726030291097944e+05, 1.000000000000000e-10, 6.727812025109572e+11
47729, 2.587276000000000e-02, 2.426087114722000e-02, 1.285609783246371e-01, 0.000000000000000e+00, 0.000000000000000e+00, 8.646401784851693e+05, 1.000000000000000e-10, 6.799524703550316e+11
47858, 2.610280000000000e-02, 2.437597139926000e-02, 1.272864499865807e-01, 0.000000000000000e+00, 0.000000000000000e+00, 8.567965768967170e+05, 1.000000000000000e-10, 6.871503135957196e+11
47987, 2.633284000000000e-02, 2.449075818544000e-02, 1.260324180242377e-01, 0.000000000000000e+00, 0.000000000000000e+00, 8.490674337462917e+05, 1.000000000000000e-10, 6.943757053114193e+11
48116, 2.656288000000000e-02, 2.460523123347000e-02, 1.247985322224327e-01, 0.000000000000000e+00, 0.000000000000000e+00, 8.414508887211599e+05, 1.000000000000000e-10, 7.016278255346829e+11
48245, 2.679292000000000e-02, 2.471939234590000e-02, 1.235846304309108e-01, 0.000000000000000e+00, 0.000000000000000e+00, 8.339464095687213e+05, 1.000000000000000e-10, 7.089048417235482e+11
48374, 2.702296000000000e-02, 2.483324048026000e-02, 1.223899981373822e-01, 0.000000000000000e+00, 0.000000000000000e+00, 8.265493753006448e+05, 1.000000000000000e-10, 7.162078967716791e+11
48503, 2.725300000000000e-02, 2.494677722633000e-02, 1.212112558460503e-01, 0.000000000000000e+00, 0.000000000000000e+00, 8.192362004552078e+05, 1.000000000000000e-10, 7.235536606515740e+11
48632, 2.748304000000000e-02, 2.506001029394000e-02, 1.200478269422987e-01, 0.000000000000000e+00, 0.000000000000000e+00, 8.120039925148786e+05, 1.000000000000000e-10, 7.309442825482979e+11
48761, 2.771308000000000e-02, 2.517294229365000e-02, 1.189032316263279e-01, 0.000000000000000e+00, 0.000000000000000e+00, 8.048788983670510e+05, 1.000000000000000e-10, 7.383574623490524e+11
48890, 2.794312000000000e-02, 2.528556947956000e-02, 1.177779974614007e-01, 0.000000000000000e+00, 0.000000000000000e+00, 7.978647659934809e+05, 1.000000000000000e-10, 7.457867691370488e+11
49019, 2.817316000000000e-02, 2.539789340926000e-02, 1.166714002904730e-01, 0.000000000000000e+00, 0.000000000000000e+00, 7.909567996039987e+05, 1.000000000000000e-10, 7.532334624090828e+11
49148, 2.840320000000000e-02, 2.550991191472000e-02, 1.155834583402329e-01, 0.000000000000000e+00, 0.000000000000000e+00, 7.841557943504611e+05, 1.000000000000000e-10, 7.606943373914705e+11
49277, 2.863324000000000e-02, 2.562162377367000e-02, 1.145108451398835e-01, 0.000000000000000e+00, 0.000000000000000e+00, 7.774385047539100e+05, 1.000000000000000e-10, 7.681877150436010e+11
49406, 2.886328000000000e-02, 2.573303576313000e-02, 1.134513011673474e-01, 0.000000000000000e+00, 0.000000000000000e+00, 7.707898961037201e+05, 1.000000000000000e-10, 7.757268451608119e+11
49535, 2.909332000000000e-02, 2.584415298688000e-02, 1.124067365759934e-01, 0.000000000000000e+00, 0.000000000000000e+00, 7.642276762365160e+05, 1.000000000000000e-10, 7.833000014360970e+11
49664, 2.932336000000000e-02, 2.595497357237000e-02, 1.113787760513339e-01, 0.000000000000000e+00, 0.000000000000000e+00, 7.577635388931088e+05, 1.000000000000000e-10, 7.908937484556750e+11
49793, 2.955340000000000e-02, 2.606549693604000e-02, 1.103665440866907e-01, 0.000000000000000e+00, 0.000000000000000e+00, 7.513892672670786e+05, 1.000000000000000e-10, 7.985096797030813e+11
49922, 2.978344000000000e-02, 2.617572494668000e-02, 1.093694582331428e-01, 0.000000000000000e+00, 0.000000000000000e+00, 7.451003569959330e+05, 1.000000000000000e-10, 8.061487425753899e+11
50051, 3.001348000000000e-02, 2.628565857825000e-02, 1.083874370047320e-01, 0.000000000000000e+00, 0.000000000000000e+00, 7.388968061328462e+05, 1.000000000000000e-10, 8.138090733485120e+11
50180, 3.024352000000000e-02, 2.639529902035000e-02, 1.074204894360108e-01, 0.000000000000000e+00, 0.000000000000000e+00, 7.327793867229287e+05, 1.000000000000000e-10, 8.214882119095663e+11
50309, 3.047356000000000e-02, 2.650464582240000e-02, 1.064680124035694e-01, 0.000000000000000e+00, 0.000000000000000e+00, 7.267442735440430e+05, 1.000000000000000e-10, 8.291880087839183e+11
50438, 3.070360000000000e-02, 2.661370088492000e-02, 1.055290744698009e-01, 0.000000000000000e+00, 0.000000000000000e+00, 7.207854898955181e+05, 1.000000000000000e-10, 8.369132271540885e+11
50567, 3.093364000000000e-02, 2.672246593841000e-02, 1.046034518568777e-01, 0.000000000000000e+00, 0.000000000000000e+00, 7.149022412580118e+05, 1.000000000000000e-10, 8.446636191112496e+11
50696, 3.116368000000000e-02, 2.683094253095000e-02, 1.036911901064089e-01, 0.000000000000000e+00, 0.000000000000000e+00, 7.090954622887068e+05, 1.000000000000000e-10, 8.524367704834650e+11
50825, 3.139372000000000e-02, 2.693913132539000e-02, 1.027920696286734e-01, 0.000000000000000e+00, 0.000000000000000e+00, 7.033641589885213e+05, 1.000000000000000e-10, 8.602321555042413e+11
50954, 3.162376000000000e-02, 2.704703392902000e-02, 1.019059704956419e-01, 0.000000000000000e+00, 0.000000000000000e+00, 6.977081127112118e+05, 1.000000000000000e-10, 8.680486343897102e+11
51083, 3.185380000000000e-02, 2.715465080697000e-02, 1.010329160724236e-01, 0.000000000000000e+00, 0.000000000000000e+00, 6.921281021174691e+05, 1.000000000000000e-10, 8.758837809366588e+11
51212, 3.208384000000000e-02, 2.726198300802000e-02, 1.001722495718955e-01, 0.000000000000000e+00, 0.000000000000000e+00, 6.866199701082642e+05, 1.000000000000000e-10, 8.837408421593417e+11
51341, 3.231388000000000e-02, 2.736903261071000e-02, 9.932299902311695e-02, 0.000000000000000e+00, 0.000000000000000e+00, 6.811789039325105e+05, 1.000000000000000e-10, 8.916275359546598e+11
51470, 3.254392000000000e-02, 2.747580252948000e-02, 9.848597386157508e-02, 0.000000000000000e+00, 0.000000000000000e+00, 6.758078104001967e+05, 1.000000000000000e-10, 8.995319159838152e+11
51599, 3.277396000000000e-02, 2.758229098188000e-02, 9.766273470184850e-02, 0.000000000000000e+00, 0.000000000000000e+00, 6.705189646459450e+05, 1.000000000000000e-10, 9.074380879054419e+11
51728, 3.300400000000000e-02, 2.768849500270000e-02, 9.685128173455330e-02, 0.000000000000000e+00, 0.000000000000000e+00, 6.652994763289624e+05, 1.000000000000000e-10, 9.153621305107684e+11
51857, 3.323404000000000e-02, 2.779441885895000e-02, 9.604853242538484e-02, 0.000000000000000e+00, 0.000000000000000e+00, 6.601284232312855e+05, 1.000000000000000e-10, 9.233311933347584e+11
51986, 3.346408000000000e-02, 2.790006857383000e-02, 9.525572634910552e-02, 0.000000000000000e+00, 0.000000000000000e+00, 6.550149058866509e+05, 1.000000000000000e-10, 9.313324759250339e+11
52115, 3.369412000000000e-02, 2.800544377790000e-02, 9.447578716740622e-02, 0.000000000000000e+00, 0.000000000000000e+00, 6.499796608596632e+05, 1.000000000000000e-10, 9.393355410374811e+11
52244, 3.392416000000000e-02, 2.811053941396000e-02, 9.370796398018673e-02, 0.000000000000000e+00, 0.000000000000000e+00, 6.450168351034967e+05, 1.000000000000000e-10, 9.473438464961394e+11
52373, 3.415420000000000e-02, 2.821535729501000e-02, 9.294957678627194e-02, 0.000000000000000e+00, 0.000000000000000e+00, 6.401075980081472e+05, 1.000000000000000e-10, 9.553812725738917e+11
52502, 3.438424000000000e-02, 2.831990238409000e-02, 9.220021638203862e-02, 0.000000000000000e+00, 0.000000000000000e+00, 6.352500790168046e+05, 1.000000000000000e-10, 9.634510747053942e+11
52631, 3.461428000000000e-02, 2.842417684222000e-02, 9.146119019176972e-02, 0.000000000000000e+00, 0.000000000000000e+00, 6.304543427257051e+05, 1.000000000000000e-10, 9.715386529821626e+11
52760, 3.484432000000000e-02, 2.852817934088000e-02, 9.073267136635139e-02, 0.000000000000000e+00, 0.000000000000000e+00, 6.257217516383636e+05, 1.000000000000000e-10, 9.796397477197382e+11
52889, 3.507436000000000e-02, 2.863191117841000e-02, 9.001440313742047e-02, 0.000000000000000e+00, 0.000000000000000e+00, 6.210505971231979e+05, 1.000000000000000e-10, 9.877545084177073e+11
53018, 3.530440000000000e-02, 2.873537185052000e-02, 8.930670197902781e-02, 0.000000000000000e+00, 0.000000000000000e+00, 6.164434429063706e+05, 1.000000000000000e-10, 9.958771565077811e+11
53147, 3.553444000000000e-02, 2.883856000814000e-02, 8.860829671236375e-02, 0.000000000000000e+00, 0.000000000000000e+00, 6.118913690787636e+05, 1.000000000000000e-10, 1.004018957430264e+12
53276, 3.576448000000000e-02, 2.894147950817000e-02, 8.791757565691495e-02, 0.000000000000000e+00, 0.000000000000000e+00, 6.073834220851033e+05, 1.000000000000000e-10, 1.012196378453758e+12
53405, 3.599452000000000e-02, 2.904413536476000e-02, 8.723535302361531e-02, 0.000000000000000e+00, 0.000000000000000e+00, 6.029262532877510e+05, 1.000000000000000e-10, 1.020399497307231e+12
53534, 3.622456000000000e-02, 2.914652727805000e-02, 8.656333412043238e-02, 0.000000000000000e+00, 0.000000000000000e+00, 5.985321378603057e+05, 1.000000000000000e-10, 1.028606657957967e+12
53663, 3.645460000000000e-02, 2.924865220630000e-02, 8.590026148213248e-02, 0.000000000000000e+00, 0.000000000000000e+00, 5.941963305609821e+05, 1.000000000000000e-10, 1.036834500576718e+12
53792, 3.668464000000000e-02, 2.935051185900000e-02, 8.524455743428944e-02, 0.000000000000000e+00, 0.000000000000000e+00, 5.899065982694696e+05, 1.000000000000000e-10, 1.045098695356411e+12
53921, 3.691468000000000e-02, 2.945211033802000e-02, 8.459640595737206e-02, 0.000000000000000e+00, 0.000000000000000e+00, 5.856612186854298e+05, 1.000000000000000e-10, 1.053391950067396e+12
54050, 3.714472000000000e-02, 2.955345065452000e-02, 8.395803578591748e-02, 0.000000000000000e+00, 0.000000000000000e+00, 5.814756002446092e+05, 1.000000000000000e-10, 1.061684318973949e+12
54179, 3.737476000000000e-02, 2.965452674358000e-02, 8.333050628733187e-02, 0.000000000000000e+00, 0.000000000000000e+00, 5.773571493782088e+05, 1.000000000000000e-10, 1.069959067876481e+12
54308, 3.760480000000000e-02, 2.975533490534000e-02, 8.271045200528303e-02, 0.000000000000000e+00, 0.000000000000000e+00, 5.732817898036885e+05, 1.000000000000000e-10, 1.078255276335688e+12
54437, 3.783484000000000e-02, 2.985588356271000e-02, 8.209511606414238e-02, 0.000000000000000e+00, 0.000000000000000e+00, 5.692310133899851e+05, 1.000000000000000e-10, 1.086608149677460e+12
54566, 3.806488000000000e-02, 2.995618116228000e-02, 8.148680347798000e-02, 0.000000000000000e+00, 0.000000000000000e+00, 5.652226612558765e+05, 1.000000000000000e-10, 1.094988840634765e+12
54695, 3.829492000000000e-02, 3.005622412182000e-02, 8.088844048865167e-02, 0.000000000000000e+00, 0.000000000000000e+00, 5.612775886942594e+05, 1.000000000000000e-10, 1.103356408931744e+12
54824, 3.852496000000000e-02, 3.015600647728000e-02, 8.029880516304568e-02, 0.000000000000000e+00, 0.000000000000000e+00, 5.573863954834095e+05, 1.000000000000000e-10, 1.111722919662183e+12
54953, 3.875500000000000e-02, 3.025553099384000e-02, 7.971593055456141e-02, 0.000000000000000e+00, 0.000000000000000e+00, 5.535353262988394e+05, 1.000000000000000e-10, 1.120112933041166e+12
55082, 3.898504000000000e-02, 3.035480071415000e-02, 7.913978201891154e-02, 0.000000000000000e+00, 0.000000000000000e+00, 5.497248884680147e+05, 1.000000000000000e-10, 1.128526174247111e+12
55211, 3.921508000000000e-02, 3.045381711985000e-02, 7.857083621062734e-02, 0.000000000000000e+00, 0.000000000000000e+00, 5.459588626189282e+05, 1.000000000000000e-10, 1.136954595893355e+12
55340, 3.944512000000000e-02, 3.055258008898000e-02, 7.800912042319573e-02, 0.000000000000000e+00, 0.000000000000000e+00, 5.422374719684211e+05, 1.000000000000000e-10, 1.145395668954241e+12
55469, 3.967516000000000e-02, 3.065109065688000e-02, 7.745433736810856e-02, 0.000000000000000e+00, 0.000000000000000e+00, 5.385587330933765e+05, 1.000000000000000e-10, 1.153851674989072e+12
55598, 3.990520000000000e-02, 3.074934983742000e-02, 7.690633200035259e-02, 0.000000000000000e+00, 0.000000000000000e+00, 5.349217666631615e+05, 1.000000000000000e-10, 1.162323126641232e+12
55727, 4.013524000000000e-02, 3.084735895615000e-02, 7.636512785779674e-02, 0.000000000000000e+00, 0.000000000000000e+00, 5.313269811669191e+05, 1.000000000000000e-10, 1.170807948979123e+12
55856, 4.036528000000000e-02, 3.094511848872000e-02, 7.583100625199411e-02, 0.000000000000000e+00, 0.000000000000000e+00, 5.277765535260077e+05, 1.000000000000000e-10, 1.179299966444310e+12
55985, 4.059532000000000e-02, 3.104262757184000e-02, 7.530362616285410e-02, 0.000000000000000e+00, 0.000000000000000e+00, 5.242681599529390e+05, 1.000000000000000e-10, 1.187802199286178e+12
56114, 4.082536000000000e-02, 3.113988790858000e-02, 7.478239001189120e-02, 0.000000000000000e+00, 0.000000000000000e+00, 5.207978013192925e+05, 1.000000000000000e-10, 1.196322288890670e+12
56243, 4.105540000000000e-02, 3.123690122778000e-02, 7.426714709578448e-02, 0.000000000000000e+00, 0.000000000000000e+00, 5.173647605230476e+05, 1.000000000000000e-10, 1.204861264622159e+12
56372, 4.128544000000000e-02, 3.133366896476000e-02, 7.375800773703164e-02, 0.000000000000000e+00, 0.000000000000000e+00, 5.139700003744710e+05, 1.000000000000000e-10, 1.213415792220009e+12
56501, 4.151548000000000e-02, 3.143019102763000e-02, 7.325500565936274e-02, 0.000000000000000e+00, 0.000000000000000e+00, 5.106136721722888e+05, 1.000000000000000e-10, 1.221983263345656e+12
56630, 4.174552000000000e-02, 3.152646775913000e-02, 7.275756587236648e-02, 0.000000000000000e+00, 0.000000000000000e+00, 5.072917468877835e+05, 1.000000000000000e-10, 1.230571330954003e+12
56759, 4.197556000000000e-02, 3.162250176129000e-02, 7.226508990933110e-02, 0.000000000000000e+00, 0.000000000000000e+00, 5.040002442175885e+05, 1.000000000000000e-10, 1.239188887418348e+12
56888, 4.220560000000000e-02, 3.171829670866000e-02, 7.177831116006383e-02, 0.000000000000000e+00, 0.000000000000000e+00, 5.007447470331956e+05, 1.000000000000000e-10, 1.247822660706964e+12
57017, 4.243564000000000e-02, 3.181385119577000e-02, 7.129878369564431e-02, 0.000000000000000e+00, 0.000000000000000e+00, 4.975362701519560e+05, 1.000000000000000e-10, 1.256443697238186e+12
57146, 4.266568000000000e-02, 3.190915952197000e-02, 7.082576682959449e-02, 0.000000000000000e+00, 0.000000000000000e+00, 4.943691218561640e+05, 1.000000000000000e-10, 1.265061276034658e+12
57275, 4.289572000000000e-02, 3.200422382548000e-02, 7.035702627132386e-02, 0.000000000000000e+00, 0.000000000000000e+00, 4.912276052653433e+05, 1.000000000000000e-10, 1.273713072994588e+12
57404, 4.312576000000000e-02, 3.209905066432000e-02, 6.989228221321328e-02, 0.000000000000000e+00, 0.000000000000000e+00, 4.881105154965208e+05, 1.000000000000000e-10, 1.282404539506908e+12
57533, 4.335580000000000e-02, 3.219364304497000e-02, 6.943333054093288e-02, 0.000000000000000e+00, 0.000000000000000e+00, 4.850309968933736e+05, 1.000000000000000e-10, 1.291102495840664e+12
57662, 4.358584000000000e-02, 3.228799650383000e-02, 6.898107277342398e-02, 0.000000000000000e+00, 0.000000000000000e+00, 4.819950462541672e+05, 1.000000000000000e-10, 1.299787318630588e+12
57791, 4.381588000000000e-02, 3.238210836810000e-02, 6.853395466953392e-02, 0.000000000000000e+00, 0.000000000000000e+00, 4.789913147547570e+05, 1.000000000000000e-10, 1.308484809043469e+12
57920, 4.404592000000000e-02, 3.247598317156000e-02, 6.809058328550088e-02, 0.000000000000000e+00, 0.000000000000000e+00, 4.760103541300435e+05, 1.000000000000000e-10, 1.317220608354804e+12
58049, 4.427596000000000e-02, 3.256962595456000e-02, 6.765164228454566e-02, 0.000000000000000e+00, 0.000000000000000e+00, 4.730575940049049e+05, 1.000000000000000e-10, 1.325981760768924e+12
58178, 4.450600000000000e-02, 3.266303645766000e-02, 6.721848307755864e-02, 0.000000000000000e+00, 0.000000000000000e+00, 4.701426275839019e+05, 1.000000000000000e-10, 1.334740385330091e+12
58307, 4.473604000000000e-02, 3.275621123878000e-02, 6.679090328598307e-02, 0.000000000000000e+00, 0.000000000000000e+00, 4.672636723874230e+05, 1.000000000000000e-10, 1.343497350553557e+12
58436, 4.496608000000000e-02, 3.284915138255000e-02, 6.636798426996991e-02, 0.000000000000000e+00, 0.000000000000000e+00, 4.644142416534770e+05, 1.000000000000000e-10, 1.352268984949042e+12
58565, 4.519612000000000e-02, 3.294185883752000e-02, 6.594950445324202e-02, 0.000000000000000e+00, 0.000000000000000e+00, 4.615931405386890e+05, 1.000000000000000e-10, 1.361058830732918e+12
58694, 4.542616000000000e-02, 3.303433521833000e-02, 6.553565142160199e-02, 0.000000000000000e+00, 0.000000000000000e+00, 4.588019391837987e+05, 1.000000000000000e-10, 1.369861993569056e+12
58823, 4.565620000000000e-02, 3.312658069845000e-02, 6.512653113421937e-02, 0.000000000000000e+00, 0.000000000000000e+00, 4.560414136495704e+05, 1.000000000000000e-10, 1.378674530148000e+12
58952, 4.588624000000000e-02, 3.321859580124000e-02, 6.472196824840232e-02, 0.000000000000000e+00, 0.000000000000000e+00, 4.533102387869510e+05, 1.000000000000000e-10, 1.387498206868725e+12
59081, 4.611628000000000e-02, 3.331038142476000e-02, 6.432213826080746e-02, 0.000000000000000e+00, 0.000000000000000e+00, 4.506096735827987e+05, 1.000000000000000e-10, 1.396327522581226e+12
59210, 4.634632000000000e-02, 3.340193575428000e-02, 6.392685749776252e-02, 0.000000000000000e+00, 0.000000000000000e+00, 4.479383163002993e+05, 1.000000000000000e-10, 1.405164295237971e+12
59339, 4.657636000000000e-02, 3.349325955685000e-02, 6.353495897751436e-02, 0.000000000000000e+00, 0.000000000000000e+00, 4.452879948401530e+05, 1.000000000000000e-10, 1.414032624633602e+12
59468, 4.680640000000000e-02, 3.358435820478000e-02, 6.314600937459933e-02, 0.000000000000000e+00, 0.000000000000000e+00, 4.426560658988287e+05, 1.000000000000000e-10, 1.422942224074211e+12
59597, 4.703644000000000e-02, 3.367523543520000e-02, 6.276108725318362e-02, 0.000000000000000e+00, 0.000000000000000e+00, 4.400520513431605e+05, 1.000000000000000e-10, 1.431872176492377e+12
59726, 4.726648000000000e-02, 3.376588798762000e-02, 6.238125299286087e-02, 0.000000000000000e+00, 0.000000000000000e+00, 4.374825017041498e+05, 1.000000000000000e-10, 1.440794670892909e+12
59855, 4.749652000000000e-02, 3.385631344531000e-02, 6.200594437454060e-02, 0.000000000000000e+00, 0.000000000000000e+00, 4.349420236756129e+05, 1.000000000000000e-10, 1.449717216103077e+12
59984, 4.772656000000000e-02, 3.394651381560000e-02, 6.163482834658225e-02, 0.000000000000000e+00, 0.000000000000000e+00, 4.324281376008024e+05, 1.000000000000000e-10, 1.458645387456677e+12
60113, 4.795660000000000e-02, 3.403648835629000e-02, 6.126784225096243e-02, 0.000000000000000e+00, 0.000000000000000e+00, 4.299406149540293e+05, 1.000000000000000e-10, 1.467579296651602e+12
60242, 4.818664000000000e-02, 3.412623802928000e-02, 6.090431893642577e-02, 0.000000000000000e+00, 0.000000000000000e+00, 4.274749112452712e+05, 1.000000000000000e-10, 1.476533596843602e+12
60371, 4.841668000000000e-02, 3.421576595304000e-02, 6.054402519232182e-02, 0.000000000000000e+00, 0.000000000000000e+00, 4.250297079986826e+05, 1.000000000000000e-10, 1.485513519902971e+12
60500, 4.864672000000000e-02, 3.430507406950000e-02, 6.018734227509980e-02, 0.000000000000000e+00, 0.000000000000000e+00, 4.226079237806371e+05, 1.000000000000000e-10, 1.494509056773652e+12
60629, 4.887676000000000e-02, 3.439416240626000e-02, 5.983443856821198e-02, 0.000000000000000e+00, 0.000000000000000e+00, 4.202107473216016e+05, 1.000000000000000e-10, 1.503514616479956e+12
60758, 4.910680000000000e-02, 3.448303181952000e-02, 5.948525942508957e-02, 0.000000000000000e+00, 0.000000000000000e+00, 4.178377917257339e+05, 1.000000000000000e-10, 1.512529922068482e+12
60887, 4.933684000000000e-02, 3.457168302594000e-02, 5.914015288983576e-02, 0.000000000000000e+00, 0.000000000000000e+00, 4.154915578194105e+05, 1.000000000000000e-10, 1.521544598117873e+12
61016, 4.956688000000000e-02, 3.466011407036000e-02, 5.879900743153170e-02, 0.000000000000000e+00, 0.000000000000000e+00, 4.131711934877941e+05, 1.000000000000000e-10, 1.530559340796177e+12
61145, 4.979692000000000e-02, 3.474832601804000e-02, 5.846126545505516e-02, 0.000000000000000e+00, 0.000000000000000e+00, 4.108728556070781e+05, 1.000000000000000e-10, 1.539587154959302e+12
61274, 5.002696000000000e-02, 3.483632054932000e-02, 5.812673305731104e-02, 0.000000000000000e+00, 0.000000000000000e+00, 4.085954051265071e+05, 1.000000000000000e-10, 1.548632311591115e+12
61403, 5.025700000000000e-02, 3.492409941488000e-02, 5.779559662462977e-02, 0.000000000000000e+00, 0.000000000000000e+00, 4.063402545256008e+05, 1.000000000000000e-10, 1.557688837922814e+12
61532, 5.048704000000000e-02, 3.501166232675000e-02, 5.746813233097309e-02, 0.000000000000000e+00, 0.000000000000000e+00, 4.041092632053110e+05, 1.000000000000000e-10, 1.566747446513998e+12
61661, 5.071708000000000e-02, 3.509900830375000e-02, 5.714401475216031e-02, 0.000000000000000e+00, 0.000000000000000e+00, 4.019000525699431e+05, 1.000000000000000e-10, 1.575815096369146e+12
61790, 5.094712000000000e-02, 3.518613895374000e-02, 5.682276075823139e-02, 0.000000000000000e+00, 0.000000000000000e+00, 3.997093320780747e+05, 1.000000000000000e-10, 1.584904095471656e+12
61919, 5.117716000000000e-02, 3.527305651282000e-02, 5.650437114881446e-02, 0.000000000000000e+00, 0.000000000000000e+00, 3.975373497679628e+05, 1.000000000000000e-10, 1.594013922831615e+12
62048, 5.140720000000000e-02, 3.535976227541000e-02, 5.618908884552908e-02, 0.000000000000000e+00, 0.000000000000000e+00, 3.953859053553615e+05, 1.000000000000000e-10, 1.603136809798649e+12
62177, 5.163724000000000e-02, 3.544625630732000e-02, 5.587689639654715e-02, 0.000000000000000e+00, 0.000000000000000e+00, 3.932547982558167e+05, 1.000000000000000e-10, 1.612271672584357e+12
62306, 5.186728000000000e-02, 3.553253993802000e-02, 5.556785619250913e-02, 0.000000000000000e+00, 0.000000000000000e+00, 3.911444563435879e+05, 1.000000000000000e-10, 1.621415310325354e+12
62435, 5.209732000000000e-02, 3.561861296684000e-02, 5.526241626591568e-02, 0.000000000000000e+00, 0.000000000000000e+00, 3.890579986508562e+05, 1.000000000000000e-10, 1.630552923984454e+12
62564, 5.232736000000000e-02, 3.570447268277000e-02, 5.496029099251173e-02, 0.000000000000000e+00, 0.000000000000000e+00, 3.869932796376401e+05, 1.000000000000000e-10, 1.639690650233439e+12
62693, 5.255740000000000e-02, 3.579012046747000e-02, 5.466061208520231e-02, 0.000000000000000e+00, 0.000000000000000e+00, 3.849443117865258e+05, 1.000000000000000e-10, 1.648853345182307e+12
62822, 5.278744000000000e-02, 3.587556013092000e-02, 5.436317425382025e-02, 0.000000000000000e+00, 0.000000000000000e+00, 3.829100018706936e+05, 1.000000000000000e-10, 1.658047368567620e+12
62951, 5.301748000000000e-02, 3.596079449864000e-02, 5.406876089471410e-02, 0.000000000000000e+00, 0.000000000000000e+00, 3.808959975832035e+05, 1.000000000000000e-10, 1.667248335794365e+12
63080, 5.324752000000000e-02, 3.604582104882000e-02, 5.377799715314159e-02, 0.000000000000000e+00, 0.000000000000000e+00, 3.789064586614492e+05, 1.000000000000000e-10, 1.676434510992188e+12
63209, 5.347756000000000e-02, 3.613063724863000e-02, 5.349026554990663e-02, 0.000000000000000e+00, 0.000000000000000e+00, 3.769367890400189e+05, 1.000000000000000e-10, 1.685622424294416e+12
63338, 5.370760000000000e-02, 3.621524538209000e-02, 5.320491662969627e-02, 0.000000000000000e+00, 0.000000000000000e+00, 3.749825663132662e+05, 1.000000000000000e-10, 1.694831620087746e+12
63467, 5.393764000000000e-02, 3.629964755005000e-02, 5.292201002508128e-02, 0.000000000000000e+00, 0.000000000000000e+00, 3.730444482297706e+05, 1.000000000000000e-10, 1.704059955584186e+12
63596, 5.416768000000000e-02, 3.638384462558000e-02, 5.264162688589250e-02, 0.000000000000000e+00, 0.000000000000000e+00, 3.711230514257668e+05, 1.000000000000000e-10, 1.713303928127412e+12
63725, 5.439772000000000e-02, 3.646783788106000e-02, 5.236352529892566e-02, 0.000000000000000e+00, 0.000000000000000e+00, 3.692176219743972e+05, 1.000000000000000e-10, 1.722573247976676e+12
63854, 5.462776000000000e-02, 3.655162957822000e-02, 5.208806262115488e-02, 0.000000000000000e+00, 0.000000000000000e+00, 3.673304805944665e+05, 1.000000000000000e-10, 1.731854591988352e+12
63983, 5.485780000000000e-02, 3.663521878195000e-02, 5.181591703537063e-02, 0.000000000000000e+00, 0.000000000000000e+00, 3.654656576356174e+05, 1.000000000000000e-10, 1.741121617510820e+12
64112, 5.508784000000000e-02, 3.671860245451000e-02, 5.154676820931418e-02, 0.000000000000000e+00, 0.000000000000000e+00, 3.636204400399320e+05, 1.000000000000000e-10, 1.750381643112739e+12
64241, 5.531788000000000e-02, 3.680178218560000e-02, 5.128004141607896e-02, 0.000000000000000e+00, 0.000000000000000e+00, 3.617908079637953e+05, 1.000000000000000e-10, 1.759652689231404e+12
64370, 5.554792000000000e-02, 3.688475902781000e-02, 5.101569462642050e-02, 0.000000000000000e+00, 0.000000000000000e+00, 3.599766661636276e+05, 1.000000000000000e-10, 1.768935710777806e+12
64499, 5.577796000000000e-02, 3.696753357389000e-02, 5.075345989783885e-02, 0.000000000000000e+00, 0.000000000000000e+00, 3.581771342049277e+05, 1.000000000000000e-10, 1.778242162465159e+12
64628, 5.600800000000000e-02, 3.705010743985000e-02, 5.048915708083290e-02, 0.000000000000000e+00, 0.000000000000000e+00, 3.563897248777045e+05, 1.000000000000000e-10, 1.787808674127620e+12
64757, 5.623804000000000e-02, 3.713248262594000e-02, 5.022801837330026e-02, 0.000000000000000e+00, 0.000000000000000e+00, 3.546182944845516e+05, 1.000000000000000e-10, 1.797344104671790e+12
64886, 5.646808000000000e-02, 3.721465969608000e-02, 4.997050033198377e-02, 0.000000000000000e+00, 0.000000000000000e+00, 3.528640215595359e+05, 1.000000000000000e-10, 1.806822323108390e+12
65015, 5.669812000000000e-02, 3.729663794523000e-02, 4.971616617056849e-02, 0.000000000000000e+00, 0.000000000000000e+00, 3.511262768129893e+05, 1.000000000000000e-10, 1.816264314217156e+12
65144, 5.692816000000000e-02, 3.737841815037000e-02, 4.946455881306530e-02, 0.000000000000000e+00, 0.000000000000000e+00, 3.494037205812937e+05, 1.000000000000000e-10, 1.825690749478172e+12
65273, 5.715820000000000e-02, 3.746000132226000e-02, 4.921542895972709e-02, 0.000000000000000e+00, 0.000000000000000e+00, 3.476958018816417e+05, 1.000000000000000e-10, 1.835113103929830e+12
65402, 5.738824000000000e-02, 3.754138914953000e-02, 4.896880658186387e-02, 0.000000000000000e+00, 0.000000000000000e+00, 3.460033730093497e+05, 1.000000000000000e-10, 1.844530869515511e+12
65531, 5.761828000000000e-02, 3.762258155235000e-02, 4.872516010776719e-02, 0.000000000000000e+00, 0.000000000000000e+00, 3.443299711457082e+05, 1.000000000000000e-10, 1.853925470049445e+12
65660, 5.784832000000000e-02, 3.770357450450000e-02, 4.848431558963416e-02, 0.000000000000000e+00, 0.000000000000000e+00, 3.426743884524262e+05, 1.000000000000000e-10, 1.863301316152772e+12
65789, 5.807836000000000e-02, 3.778436798897000e-02, 4.824514407887604e-02, 0.000000000000000e+00, 0.000000000000000e+00, 3.410289783813923e+05, 1.000000000000000e-10, 1.872701540133446e+12
65918, 5.830840000000000e-02, 3.786496763758000e-02, 4.800712548286438e-02, 0.000000000000000e+00, 0.000000000000000e+00, 3.393906704728259e+05, 1.000000000000000e-10, 1.882147942070295e+12
66047, 5.853844000000000e-02, 3.794537823481000e-02, 4.777112770043063e-02, 0.000000000000000e+00, 0.000000000000000e+00, 3.377659185013612e+05, 1.000000000000000e-10, 1.891607451196100e+12
66176, 5.876848000000000e-02, 3.802559742667000e-02, 4.753810799367276e-02, 0.000000000000000e+00, 0.000000000000000e+00, 3.361612317057924e+05, 1.000000000000000e-10, 1.901039635391539e+12
66305, 5.899852000000000e-02, 3.810562088127000e-02, 4.730768225843154e-02, 0.000000000000000e+00, 0.000000000000000e+00, 3.345735973878933e+05, 1.000000000000000e-10, 1.910456709539361e+12
66434, 5.922856000000000e-02, 3.818544979468000e-02, 4.707904453063451e-02, 0.000000000000000e+00, 0.000000000000000e+00, 3.329974836716717e+05, 1.000000000000000e-10, 1.919890299561157e+12
66563, 5.945860000000000e-02, 3.826508706633000e-02, 4.685201928325455e-02, 0.000000000000000e+00, 0.000000000000000e+00, 3.314319765710095e+05, 1.000000000000000e-10, 1.929347967811669e+12
66692, 5.968864000000000e-02, 3.834453501471000e-02, 4.662697553793150e-02, 0.000000000000000e+00, 0.000000000000000e+00, 3.298797841582567e+05, 1.000000000000000e-10, 1.938814116695732e+12
66821, 5.991868000000000e-02, 3.842379279368000e-02, 4.640429973235705e-02, 0.000000000000000e+00, 0.000000000000000e+00, 3.283434235493321e+05, 1.000000000000000e-10, 1.948270584090112e+12
66950, 6.014872000000000e-02, 3.850285866112000e-02, 4.618304547786237e-02, 0.000000000000000e+00, 0.000000000000000e+00, 3.268207303937582e+05, 1.000000000000000e-10, 1.957773709118192e+12
67079, 6.037876000000000e-02, 3.858173384571000e-02, 4.596331229477868e-02, 0.000000000000000e+00, 0.000000000000000e+00, 3.253093034506161e+05, 1.000000000000000e-10, 1.967306802542019e+12
67208, 6.060880000000000e-02, 3.866042034528000e-02, 4.574541145086620e-02, 0.000000000000000e+00, 0.000000000000000e+00, 3.238087942179699e+05, 1.000000000000000e-10, 1.976845724678337e+12
67337, 6.083884000000000e-02, 3.873892012134000e-02, 4.552961277472702e-02, 0.000000000000000e+00, 0.000000000000000e+00, 3.223211445176302e+05, 1.000000000000000e-10, 1.986377578473644e+12
67466, 6.106888000000000e-02, 3.881723230732000e-02, 4.531615962254974e-02, 0.000000000000000e+00, 0.000000000000000e+00, 3.208483917944873e+05, 1.000000000000000e-10, 1.995891471512321e+12
67595, 6.129892000000000e-02, 3.889535532597000e-02, 4.510474382293807e-02, 0.000000000000000e+00, 0.000000000000000e+00, 3.193885872412624e+05, 1.000000000000000e-10, 2.005400189613615e+12
67724, 6.152896000000000e-02, 3.897329055147000e-02, 4.489500559238714e-02, 0.000000000000000e+00, 0.000000000000000e+00, 3.179394875322540e+05, 1.000000000000000e-10, 2.014919664555254e+12
67853, 6.175900000000000e-02, 3.905103932012000e-02, 4.468691286132451e-02, 0.000000000000000e+00, 0.000000000000000e+00, 3.165011153517585e+05, 1.000000000000000e-10, 2.024451527021167e+12
67982, 6.198904000000000e-02, 3.912860265051000e-02, 4.448051287509798e-02, 0.000000000000000e+00, 0.000000000000000e+00, 3.150739501372082e+05, 1.000000000000000e-10, 2.033993125809027e+12
68111, 6.221908000000000e-02, 3.920598115477000e-02, 4.427581954958973e-02, 0.000000000000000e+00, 0.000000000000000e+00, 3.136581582146975e+05, 1.000000000000000e-10, 2.043543266475184e+12
68240, 6.244912000000000e-02, 3.928317586341000e-02, 4.407283727348621e-02, 0.000000000000000e+00, 0.000000000000000e+00, 3.122538381057133e+05, 1.000000000000000e-10, 2.053100985586758e+12
68369, 6.267916000000000e-02, 3.936018775059000e-02, 4.387187328612525e-02, 0.000000000000000e+00, 0.000000000000000e+00, 3.108631222101071e+05, 1.000000000000000e-10, 2.062650544035790e+12
68498, 6.290920000000000e-02, 3.943701440988000e-02, 4.367300054665302e-02, 0.000000000000000e+00, 0.000000000000000e+00, 3.094863738488426e+05, 1.000000000000000e-10, 2.072186262749065e+12
68627, 6.313924000000000e-02, 3.951365515032000e-02, 4.347567437406608e-02, 0.000000000000000e+00, 0.000000000000000e+00, 3.081197727007245e+05, 1.000000000000000e-10, 2.081732879291548e+12
68756, 6.336928000000000e-02, 3.959011280731000e-02, 4.327953270401214e-02, 0.000000000000000e+00, 0.000000000000000e+00, 3.067610407614380e+05, 1.000000000000000e-10, 2.091308239237565e+12
68885, 6.359932000000000e-02, 3.966639049919000e-02, 4.308481964291039e-02, 0.000000000000000e+00, 0.000000000000000e+00, 3.054120804506685e+05, 1.000000000000000e-10, 2.100900755322554e+12
69014, 6.382936000000000e-02, 3.974248869242000e-02, 4.289209347685292e-02, 0.000000000000000e+00, 0.000000000000000e+00, 3.040766792783072e+05, 1.000000000000000e-10, 2.110481527483840e+12
69143, 6.405940000000000e-02, 3.981840429986000e-02, 4.270140930147680e-02, 0.000000000000000e+00, 0.000000000000000e+00, 3.027549640563169e+05, 1.000000000000000e-10, 2.120044993396359e+12
69272, 6.428944000000000e-02, 3.989413659648000e-02, 4.251220389695689e-02, 0.000000000000000e+00, 0.000000000000000e+00, 3.014429409140910e+05, 1.000000000000000e-10, 2.129617716199427e+12
69401, 6.451948000000000e-02, 3.996968814660000e-02, 4.232416474932588e-02, 0.000000000000000e+00, 0.000000000000000e+00, 3.001386233819319e+05, 1.000000000000000e-10, 2.139215647273630e+12
69530, 6.474952000000000e-02, 4.004506115548000e-02, 4.213745442154278e-02, 0.000000000000000e+00, 0.000000000000000e+00, 2.988433129863132e+05, 1.000000000000000e-10, 2.148830724724390e+12
69659, 6.497956000000001e-02, 4.012025616591000e-02, 4.195229628550250e-02, 0.000000000000000e+00, 0.000000000000000e+00, 2.975585866010265e+05, 1.000000000000000e-10, 2.158450679019992e+12
69788, 6.520960000000001e-02, 4.019527305511000e-02, 4.176865995315911e-02, 0.000000000000000e+00, 0.000000000000000e+00, 2.962842180813812e+05, 1.000000000000000e-10, 2.168076037104190e+12
69917, 6.543963999999999e-02, 4.027011325221000e-02, 4.158663521252538e-02, 0.000000000000000e+00, 0.000000000000000e+00, 2.950208619676739e+05, 1.000000000000000e-10, 2.177701173458879e+12
70046, 6.566967999999999e-02, 4.034477604230000e-02, 4.140648944171671e-02, 0.000000000000000e+00, 0.000000000000000e+00, 2.937703439291900e+05, 1.000000000000000e-10, 2.187310491116788e+12
70175, 6.589971999999999e-02, 4.041925939531000e-02, 4.122797282076508e-02, 0.000000000000000e+00, 0.000000000000000e+00, 2.925309707552877e+05, 1.000000000000000e-10, 2.196916022457430e+12
70304, 6.612976000000000e-02, 4.049356471110000e-02, 4.105146652227686e-02, 0.000000000000000e+00, 0.000000000000000e+00, 2.913009267069610e+05, 1.000000000000000e-10, 2.206473525561044e+12
70433, 6.635980000000000e-02, 4.056769272888000e-02, 4.087660111420451e-02, 0.000000000000000e+00, 0.000000000000000e+00, 2.900797990943845e+05, 1.000000000000000e-10, 2.216011935094130e+12
70562, 6.658984000000000e-02, 4.064164339361000e-02, 4.070260759089627e-02, 0.000000000000000e+00, 0.000000000000000e+00, 2.888659710044889e+05, 1.000000000000000e-10, 2.225591063883317e+12
70691, 6.681988000000000e-02, 4.071541877088000e-02, 4.052924581762689e-02, 0.000000000000000e+00, 0.000000000000000e+00, 2.876578589168490e+05, 1.000000000000000e-10, 2.235224801585604e+12
70820, 6.704992000000000e-02, 4.078902258871000e-02, 4.035679177308089e-02, 0.000000000000000e+00, 0.000000000000000e+00, 2.864570187804576e+05, 1.000000000000000e-10, 2.244896112733929e+12
70949, 6.727996000000000e-02, 4.086245624246000e-02, 4.018609744676432e-02, 0.000000000000000e+00, 0.000000000000000e+00, 2.852689185182729e+05, 1.000000000000000e-10, 2.254554046880481e+12
71078, 6.751000000000000e-02, 4.093571475924000e-02, 4.001750779918688e-02, 0.000000000000000e+00, 0.000000000000000e+00, 2.840953426172760e+05, 1.000000000000000e-10, 2.264174130684689e+12
71207, 6.774004000000000e-02, 4.100879471977000e-02, 3.985017700116883e-02, 0.000000000000000e+00, 0.000000000000000e+00, 2.829300800893569e+05, 1.000000000000000e-10, 2.273801469350653e+12
71336, 6.797008000000000e-02, 4.108170012101000e-02, 3.968335917495835e-02, 0.000000000000000e+00, 0.000000000000000e+00, 2.817681847266047e+05, 1.000000000000000e-10, 2.283480007830170e+12
71465, 6.820012000000000e-02, 4.115443620074000e-02, 3.951732052283825e-02, 0.000000000000000e+00, 0.000000000000000e+00, 2.806118706911408e+05, 1.000000000000000e-10, 2.293196354591095e+12
71594, 6.843016000000000e-02, 4.122700459489000e-02, 3.935289441522370e-02, 0.000000000000000e+00, 0.000000000000000e+00, 2.794669324638948e+05, 1.000000000000000e-10, 2.302900988818233e+12
71723, 6.866020000000000e-02, 4.129940146241000e-02, 3.919040503022819e-02, 0.000000000000000e+00, 0.000000000000000e+00, 2.783353104767632e+05, 1.000000000000000e-10, 2.312571324104697e+12
71852, 6.889024000000001e-02, 4.137162455077000e-02, 3.902934266403044e-02, 0.000000000000000e+00, 0.000000000000000e+00, 2.772132655954517e+05, 1.000000000000000e-10, 2.322235221395603e+12
71981, 6.912028000000001e-02, 4.144367598996000e-02, 3.886942290768765e-02, 0.000000000000000e+00, 0.000000000000000e+00, 2.760989072234796e+05, 1.000000000000000e-10, 2.331909319390236e+12
72110, 6.935031999999999e-02, 4.151555625921000e-02, 3.871068958015707e-02, 0.000000000000000e+00, 0.000000000000000e+00, 2.749926126467389e+05, 1.000000000000000e-10, 2.341590469521563e+12
72239, 6.958035999999999e-02, 4.158726600787000e-02, 3.855306657659696e-02, 0.000000000000000e+00, 0.000000000000000e+00, 2.738938475055175e+05, 1.000000000000000e-10, 2.351282590273446e+12
72368, 6.981039999999999e-02, 4.165880627713000e-02, 3.839650396711001e-02, 0.000000000000000e+00, 0.000000000000000e+00, 2.728022961113446e+05, 1.000000000000000e-10, 2.360988191490594e+12
72497, 7.004044000000000e-02, 4.173017802519000e-02, 3.824101741886855e-02, 0.000000000000000e+00, 0.000000000000000e+00, 2.717180935748461e+05, 1.000000000000000e-10, 2.370705840123110e+12
72626, 7.027048000000000e-02, 4.180138192139000e-02, 3.808661397277235e-02, 0.000000000000000e+00, 0.000000000000000e+00, 2.706413294899745e+05, 1.000000000000000e-10, 2.380434587280388e+12
72755, 7.050052000000000e-02, 4.187241891763000e-02, 3.793325006026353e-02, 0.000000000000000e+00, 0.000000000000000e+00, 2.695717549789360e+05, 1.000000000000000e-10, 2.390176871180427e+12
72884, 7.073056000000000e-02, 4.194329086170000e-02, 3.778115079416056e-02, 0.000000000000000e+00, 0.000000000000000e+00, 2.685109472362784e+05, 1.000000000000000e-10, 2.399917606800758e+12
73013, 7.096060000000000e-02, 4.201399634980000e-02, 3.763061887164305e-02, 0.000000000000000e+00, 0.000000000000000e+00, 2.674608632995613e+05, 1.000000000000000e-10, 2.409635099734716e+12
73142, 7.119064000000000e-02, 4.208453285197000e-02, 3.748137796095334e-02, 0.000000000000000e+00, 0.000000000000000e+00, 2.664194169230275e+05, 1.000000000000000e-10, 2.419345117191864e+12
73271, 7.142068000000000e-02, 4.215490163611000e-02, 3.733300275853209e-02, 0.000000000000000e+00, 0.000000000000000e+00, 2.653837089410401e+05, 1.000000000000000e-10, 2.429074831240424e+12
73400, 7.165072000000000e-02, 4.222510494620000e-02, 3.718544156679707e-02, 0.000000000000000e+00, 0.000000000000000e+00, 2.643535352442560e+05, 1.000000000000000e-10, 2.438828138283433e+12
73529, 7.188076000000000e-02, 4.229514435181000e-02, 3.703887247347044e-02, 0.000000000000000e+00, 0.000000000000000e+00, 2.633302057330890e+05, 1.000000000000000e-10, 2.448593261632237e+12
73658, 7.211080000000000e-02, 4.236501988332000e-02, 3.689342889338752e-02, 0.000000000000000e+00, 0.000000000000000e+00, 2.623146300818983e+05, 1.000000000000000e-10, 2.458360285485731e+12
73787, 7.234084000000000e-02, 4.243473161131000e-02, 3.674905143610376e-02, 0.000000000000000e+00, 0.000000000000000e+00, 2.613063838765753e+05, 1.000000000000000e-10, 2.468132388509081e+12
73916, 7.257088000000000e-02, 4.250428099930000e-02, 3.660589132148197e-02, 0.000000000000000e+00, 0.000000000000000e+00, 2.603065214809464e+05, 1.000000000000000e-10, 2.477898401070176e+12
74045, 7.280092000000001e-02, 4.257366642425000e-02, 3.646411173498763e-02, 0.000000000000000e+00, 0.000000000000000e+00, 2.593160619317429e+05, 1.000000000000000e-10, 2.487645129418994e+12
74174, 7.303096000000001e-02, 4.264288653360000e-02, 3.632342196231439e-02, 0.000000000000000e+00, 0.000000000000000e+00, 2.583328811129087e+05, 1.000000000000000e-10, 2.497390865182673e+12
74303, 7.326100000000001e-02, 4.271194295273000e-02, 3.618360375088694e-02, 0.000000000000000e+00, 0.000000000000000e+00, 2.573555034862919e+05, 1.000000000000000e-10, 2.507150387292833e+12
74432, 7.349103999999999e-02, 4.278083657377000e-02, 3.604469080811829e-02, 0.000000000000000e+00, 0.000000000000000e+00, 2.563842097605015e+05, 1.000000000000000e-10, 2.516920882893736e+12
74561, 7.372107999999999e-02, 4.284956769432000e-02, 3.590660639388399e-02, 0.000000000000000e+00, 0.000000000000000e+00, 2.554184963394304e+05, 1.000000000000000e-10, 2.526707490439812e+12
74690, 7.395112000000000e-02, 4.291813791496000e-02, 3.576923468413909e-02, 0.000000000000000e+00, 0.000000000000000e+00, 2.544576875914027e+05, 1.000000000000000e-10, 2.536518887713259e+12
74819, 7.418116000000000e-02, 4.298654983717000e-02, 3.563274314128455e-02, 0.000000000000000e+00, 0.000000000000000e+00, 2.535031041986042e+05, 1.000000000000000e-10, 2.546343573604492e+12
74948, 7.441120000000000e-02, 4.305480444056000e-02, 3.549771162183091e-02, 0.000000000000000e+00, 0.000000000000000e+00, 2.525587110974882e+05, 1.000000000000000e-10, 2.556138258520353e+12
75077, 7.464124000000000e-02, 4.312289698353000e-02, 3.536432268310803e-02, 0.000000000000000e+00, 0.000000000000000e+00, 2.516254178427990e+05, 1.000000000000000e-10, 2.565885456164238e+12
75206, 7.487128000000000e-02, 4.319082417353000e-02, 3.523178444635654e-02, 0.000000000000000e+00, 0.000000000000000e+00, 2.506975281273241e+05, 1.000000000000000e-10, 2.575640561758125e+12
75335, 7.510132000000000e-02, 4.325859010384000e-02, 3.509941060959203e-02, 0.000000000000000e+00, 0.000000000000000e+00, 2.497705610336830e+05, 1.000000000000000e-10, 2.585456434709070e+12
75464, 7.533136000000000e-02, 4.332620052915000e-02, 3.496745453395964e-02, 0.000000000000000e+00, 0.000000000000000e+00, 2.488466833517316e+05, 1.000000000000000e-10, 2.595317134677862e+12
75593, 7.556140000000000e-02, 4.339365740245000e-02, 3.483672048630915e-02, 0.000000000000000e+00, 0.000000000000000e+00, 2.479315406637232e+05, 1.000000000000000e-10, 2.605162221493338e+12
75722, 7.579144000000000e-02, 4.346095678174000e-02, 3.470756341345176e-02, 0.000000000000000e+00, 0.000000000000000e+00, 2.470273188801955e+05, 1.000000000000000e-10, 2.614961284599860e+12
75851, 7.602148000000000e-02, 4.352809570690000e-02, 3.457952414614766e-02, 0.000000000000000e+00, 0.000000000000000e+00, 2.461306266665036e+05, 1.000000000000000e-10, 2.624746518468978e+12
75980, 7.625152000000000e-02, 4.359507625920000e-02, 3.445230462723350e-02, 0.000000000000000e+00, 0.000000000000000e+00, 2.452394569215957e+05, 1.000000000000000e-10, 2.634540362881631e+12
76109, 7.648156000000000e-02, 4.366189892839000e-02, 3.432595208295878e-02, 0.000000000000000e+00, 0.000000000000000e+00, 2.443541951492571e+05, 1.000000000000000e-10, 2.644338877349811e+12
76238, 7.671160000000000e-02, 4.372856406291000e-02, 3.420038325866227e-02, 0.000000000000000e+00, 0.000000000000000e+00, 2.434742577302399e+05, 1.000000000000000e-10, 2.654147910848065e+12
76367, 7.694164000000001e-02, 4.379507282386000e-02, 3.407550950928950e-02, 0.000000000000000e+00, 0.000000000000000e+00, 2.425990754438587e+05, 1.000000000000000e-10, 2.663974112634306e+12
76496, 7.717168000000001e-02, 4.386142668468000e-02, 3.395136993827563e-02, 0.000000000000000e+00, 0.000000000000000e+00, 2.417289848102407e+05, 1.000000000000000e-10, 2.673814663713948e+12
76625, 7.740171999999999e-02, 4.392762650041000e-02, 3.382811678534241e-02, 0.000000000000000e+00, 0.000000000000000e+00, 2.408650601834392e+05, 1.000000000000000e-10, 2.683656749841956e+12
76754, 7.763175999999999e-02, 4.399367176916000e-02, 3.370580175189182e-02, 0.000000000000000e+00, 0.000000000000000e+00, 2.400076210157159e+05, 1.000000000000000e-10, 2.693495116081962e+12
76883, 7.786179999999999e-02, 4.405956262444000e-02, 3.358434048291647e-02, 0.000000000000000e+00, 0.000000000000000e+00, 2.391560618625362e+05, 1.000000000000000e-10, 2.703335672000194e+12
77012, 7.809184000000000e-02, 4.412529993281000e-02, 3.346378209876624e-02, 0.000000000000000e+00, 0.000000000000000e+00, 2.383107203129378e+05, 1.000000000000000e-10, 2.713173634837679e+12
77141, 7.832188000000000e-02, 4.419088289267000e-02, 3.334412542898067e-02, 0.000000000000000e+00, 0.000000000000000e+00, 2.374715461969777e+05, 1.000000000000000e-10, 2.723007817659244e+12
77270, 7.855192000000000e-02, 4.425631190916000e-02, 3.322524741560478e-02, 0.000000000000000e+00, 0.000000000000000e+00, 2.366376944491115e+05, 1.000000000000000e-10, 2.732847798050188e+12
77399, 7.878196000000000e-02, 4.432158789763000e-02, 3.310717763578466e-02, 0.000000000000000e+00, 0.000000000000000e+00, 2.358095099722719e+05, 1.000000000000000e-10, 2.742691525954285e+12
77528, 7.901200000000000e-02, 4.438671145825000e-02, 3.299002241386085e-02, 0.000000000000000e+00, 0.000000000000000e+00, 2.349875934028232e+05, 1.000000000000000e-10, 2.752528197404730e+12
77657, 7.924204000000000e-02, 4.445168342044000e-02, 3.287367834032132e-02, 0.000000000000000e+00, 0.000000000000000e+00, 2.341712200526113e+05, 1.000000000000000e-10, 2.762365656018626e+12
77786, 7.947208000000000e-02, 4.451650373800000e-02, 3.275799876264347e-02, 0.000000000000000e+00, 0.000000000000000e+00, 2.333596837196397e+05, 1.000000000000000e-10, 2.772218296473468e+12
77915, 7.970212000000000e-02, 4.458117288718000e-02, 3.264289847275983e-02, 0.000000000000000e+00, 0.000000000000000e+00, 2.325518856693623e+05, 1.000000000000000e-10, 2.782089001090126e+12
78044, 7.993216000000000e-02, 4.464569152764000e-02, 3.252859428747885e-02, 0.000000000000000e+00, 0.000000000000000e+00, 2.317494410750211e+05, 1.000000000000000e-10, 2.791959356055316e+12
78173, 8.016220000000000e-02, 4.471005884650000e-02, 3.241513557044235e-02, 0.000000000000000e+00, 0.000000000000000e+00, 2.309527819389103e+05, 1.000000000000000e-10, 2.801825095331241e+12
78302, 8.039224000000000e-02, 4.477427575256000e-02, 3.230248931246860e-02, 0.000000000000000e+00, 0.000000000000000e+00, 2.301617236699942e+05, 1.000000000000000e-10, 2.811688461959530e+12
78431, 8.062228000000000e-02, 4.483834221792000e-02, 3.219073417073390e-02, 0.000000000000000e+00, 0.000000000000000e+00, 2.293767886669754e+05, 1.000000000000000e-10, 2.821541646516349e+12
78560, 8.085232000000001e-02, 4.490225728752000e-02, 3.207975675116730e-02, 0.000000000000000e+00, 0.000000000000000e+00, 2.285971135743126e+05, 1.000000000000000e-10, 2.831393142699578e+12
78689, 8.108236000000001e-02, 4.496602168432000e-02, 3.196933482177936e-02, 0.000000000000000e+00, 0.000000000000000e+00, 2.278211607763603e+05, 1.000000000000000e-10, 2.841262329756214e+12
78818, 8.131240000000001e-02, 4.502963721359000e-02, 3.185941089009947e-02, 0.000000000000000e+00, 0.000000000000000e+00, 2.270486166130416e+05, 1.000000000000000e-10, 2.851154791626094e+12
78947, 8.154243999999999e-02, 4.509310540383000e-02, 3.175010962992254e-02, 0.000000000000000e+00, 0.000000000000000e+00, 2.262804151881464e+05, 1.000000000000000e-10, 2.861059496453773e+12
79076, 8.177247999999999e-02, 4.515642642327000e-02, 3.164155757758173e-02, 0.000000000000000e+00, 0.000000000000000e+00, 2.255174370420645e+05, 1.000000000000000e-10, 2.870964314629415e+12
79205, 8.200252000000000e-02, 4.521960010408000e-02, 3.153372067015358e-02, 0.000000000000000e+00, 0.000000000000000e+00, 2.247594541430781e+05, 1.000000000000000e-10, 2.880871764138965e+12
79334, 8.223256000000000e-02, 4.528262776062000e-02, 3.142667624900380e-02, 0.000000000000000e+00, 0.000000000000000e+00, 2.240070369772251e+05, 1.000000000000000e-10, 2.890774153030655e+12
79463, 8.246260000000000e-02, 4.534550870225000e-02, 3.132060566582000e-02, 0.000000000000000e+00, 0.000000000000000e+00, 2.232613777131276e+05, 1.000000000000000e-10, 2.900653140778979e+12
79592, 8.269264000000000e-02, 4.540824093752000e-02, 3.121534772477230e-02, 0.000000000000000e+00, 0.000000000000000e+00, 2.225212251586119e+05, 1.000000000000000e-10, 2.910521618528328e+12
79721, 8.292268000000000e-02, 4.547082510085000e-02, 3.111057979089548e-02, 0.000000000000000e+00, 0.000000000000000e+00, 2.217843317108258e+05, 1.000000000000000e-10, 2.920409456450667e+12
79850, 8.315272000000000e-02, 4.553326340768000e-02, 3.100621379478137e-02, 0.000000000000000e+00, 0.000000000000000e+00, 2.210502109249503e+05, 1.000000000000000e-10, 2.930325837743403e+12
79979, 8.338276000000000e-02, 4.559555783289000e-02, 3.090242228074529e-02, 0.000000000000000e+00, 0.000000000000000e+00, 2.203201629679972e+05, 1.000000000000000e-10, 2.940254943662771e+12
80108, 8.361280000000000e-02, 4.565770845995000e-02, 3.079941614056302e-02, 0.000000000000000e+00, 0.000000000000000e+00, 2.195956506891232e+05, 1.000000000000000e-10, 2.950175792287280e+12
80237, 8.384284000000000e-02, 4.571971428774000e-02, 3.069717363589974e-02, 0.000000000000000e+00, 0.000000000000000e+00, 2.188764819125857e+05, 1.000000000000000e-10, 2.960089285959166e+12
80366, 8.407288000000000e-02, 4.578157607686000e-02, 3.059565551999766e-02, 0.000000000000000e+00, 0.000000000000000e+00, 2.181623971527797e+05, 1.000000000000000e-10, 2.969998514538019e+12
80495, 8.430292000000000e-02, 4.584329389458000e-02, 3.049498633624810e-02, 0.000000000000000e+00, 0.000000000000000e+00, 2.174542444753544e+05, 1.000000000000000e-10, 2.979890252463605e+12
80624, 8.453296000000000e-02, 4.590486615748000e-02, 3.039508300214680e-02, 0.000000000000000e+00, 0.000000000000000e+00, 2.167513639003179e+05, 1.000000000000000e-10, 2.989771079816540e+12
80753, 8.476300000000001e-02, 4.596629354902000e-02, 3.029575432997079e-02, 0.000000000000000e+00, 0.000000000000000e+00, 2.160524054686392e+05, 1.000000000000000e-10, 2.999659124791593e+12
80882, 8.499304000000001e-02, 4.602757702973000e-02, 3.019697172654880e-02, 0.000000000000000e+00, 0.000000000000000e+00, 2.153571830318377e+05, 1.000000000000000e-10, 3.009556906025647e+12
81011, 8.522308000000001e-02, 4.608871701457000e-02, 3.009871650278689e-02, 0.000000000000000e+00, 0.000000000000000e+00, 2.146655486294602e+05, 1.000000000000000e-10, 3.019465711833755e+12
81140, 8.545311999999999e-02, 4.614971400579000e-02, 3.000088165336329e-02, 0.000000000000000e+00, 0.000000000000000e+00, 2.139767790620750e+05, 1.000000000000000e-10, 3.029396175667789e+12
81269, 8.568315999999999e-02, 4.621056988737000e-02, 2.990341346160382e-02, 0.000000000000000e+00, 0.000000000000000e+00, 2.132906273185076e+05, 1.000000000000000e-10, 3.039355029025360e+12
81398, 8.591320000000000e-02, 4.627128716296000e-02, 2.980659561865237e-02, 0.000000000000000e+00, 0.000000000000000e+00, 2.126091945552568e+05, 1.000000000000000e-10, 3.049313796904232e+12
81527, 8.614324000000000e-02, 4.633186487241000e-02, 2.971084874308507e-02, 0.000000000000000e+00, 0.000000000000000e+00, 2.119353100754585e+05, 1.000000000000000e-10, 3.059226841539916e+12
81656, 8.637328000000000e-02, 4.639229879800000e-02, 2.961607589801131e-02, 0.000000000000000e+00, 0.000000000000000e+00, 2.112680190798951e+05, 1.000000000000000e-10, 3.069100211204264e+12
81785, 8.660332000000000e-02, 4.645258763550000e-02, 2.952167315647973e-02, 0.000000000000000e+00, 0.000000000000000e+00, 2.106030037249232e+05, 1.000000000000000e-10, 3.078995458163070e+12
81914, 8.683336000000000e-02, 4.651273517520000e-02, 2.942730243029092e-02, 0.000000000000000e+00, 0.000000000000000e+00, 2.099381052251928e+05, 1.000000000000000e-10, 3.088950157983083e+12
82043, 8.706340000000000e-02, 4.657274555822000e-02, 2.933322542940348e-02, 0.000000000000000e+00, 0.000000000000000e+00, 2.092754093929129e+05, 1.000000000000000e-10, 3.098939532651903e+12
82172, 8.729344000000000e-02, 4.663261984773000e-02, 2.923997178790663e-02, 0.000000000000000e+00, 0.000000000000000e+00, 2.086186563968928e+05, 1.000000000000000e-10, 3.108906833317165e+12
82301, 8.752348000000000e-02, 4.669235483968000e-02, 2.914773268474242e-02, 0.000000000000000e+00, 0.000000000000000e+00, 2.079690010850293e+05, 1.000000000000000e-10, 3.118828522380720e+12
82430, 8.775352000000000e-02, 4.675194817396000e-02, 2.905616590194197e-02, 0.000000000000000e+00, 0.000000000000000e+00, 2.073239142523269e+05, 1.000000000000000e-10, 3.128738992638668e+12
82559, 8.798356000000000e-02, 4.681140166283000e-02, 2.896505025054645e-02, 0.000000000000000e+00, 0.000000000000000e+00, 2.066818823896142e+05, 1.000000000000000e-10, 3.138662211679904e+12
82688, 8.821360000000000e-02, 4.687071599584000e-02, 2.887442603103320e-02, 0.000000000000000e+00, 0.000000000000000e+00, 2.060432122615100e+05, 1.000000000000000e-10, 3.148593403604458e+12
82817, 8.844364000000000e-02, 4.692989137428000e-02, 2.878423559057209e-02, 0.000000000000000e+00, 0.000000000000000e+00, 2.054074852308251e+05, 1.000000000000000e-10, 3.158538549667902e+12
82946, 8.867368000000000e-02, 4.698892882294000e-02, 2.869437718442854e-02, 0.000000000000000e+00, 0.000000000000000e+00, 2.047740484726497e+05, 1.000000000000000e-10, 3.168509290493906e+12
83075, 8.890372000000001e-02, 4.704783033724000e-02, 2.860486978967577e-02, 0.000000000000000e+00, 0.000000000000000e+00, 2.041431882816601e+05, 1.000000000000000e-10, 3.178504808913214e+12
83204, 8.913376000000001e-02, 4.710659827970000e-02, 2.851610551010749e-02, 0.000000000000000e+00, 0.000000000000000e+00, 2.035177447695125e+05, 1.000000000000000e-10, 3.188481794323638e+12
83333, 8.936379999999999e-02, 4.716522977137000e-02, 2.842843669757583e-02, 0.000000000000000e+00, 0.000000000000000e+00, 2.029000169000579e+05, 1.000000000000000e-10, 3.198397147950467e+12
83462, 8.959383999999999e-02, 4.722372062853000e-02, 2.834153799582967e-02, 0.000000000000000e+00, 0.000000000000000e+00, 2.022874789884989e+05, 1.000000000000000e-10, 3.208284055811868e+12
83591, 8.982387999999999e-02, 4.728207157698000e-02, 2.825487371247078e-02, 0.000000000000000e+00, 0.000000000000000e+00, 2.016763644201257e+05, 1.000000000000000e-10, 3.218202933399598e+12
83720, 9.005392000000000e-02, 4.734028607464000e-02, 2.816831168355620e-02, 0.000000000000000e+00, 0.000000000000000e+00, 2.010659175234183e+05, 1.000000000000000e-10, 3.228170877673719e+12
83849, 9.028396000000000e-02, 4.739836696344000e-02, 2.808210887299130e-02, 0.000000000000000e+00, 0.000000000000000e+00, 2.004580682071432e+05, 1.000000000000000e-10, 3.238159762282664e+12
83978, 9.051400000000000e-02, 4.745631402749000e-02, 2.799651267508074e-02, 0.000000000000000e+00, 0.000000000000000e+00, 1.998545295459995e+05, 1.000000000000000e-10, 3.248140056399740e+12
84107, 9.074404000000000e-02, 4.751412630245000e-02, 2.791151270021246e-02, 0.000000000000000e+00, 0.000000000000000e+00, 1.992551534000885e+05, 1.000000000000000e-10, 3.258111448308112e+12
84236, 9.097408000000000e-02, 4.757180375152000e-02, 2.782699242348264e-02, 0.000000000000000e+00, 0.000000000000000e+00, 1.986591068199603e+05, 1.000000000000000e-10, 3.268086840828739e+12
84365, 9.120412000000000e-02, 4.762934731494000e-02, 2.774293524094166e-02, 0.000000000000000e+00, 0.000000000000000e+00, 1.980663082969059e+05, 1.000000000000000e-10, 3.278068135778699e+12
84494, 9.143416000000000e-02, 4.768675715930000e-02, 2.765934275283182e-02, 0.000000000000000e+00, 0.000000000000000e+00, 1.974768067709251e+05, 1.000000000000000e-10, 3.288055172062701e+12
84623, 9.166420000000000e-02, 4.774403449608000e-02, 2.757629066604360e-02, 0.000000000000000e+00, 0.000000000000000e+00, 1.968911697909959e+05, 1.000000000000000e-10, 3.298038625870777e+12
84752, 9.189424000000000e-02, 4.780117877088000e-02, 2.749391795835748e-02, 0.000000000000000e+00, 0.000000000000000e+00, 1.963103420786310e+05, 1.000000000000000e-10, 3.308000669192245e+12
84881, 9.212428000000000e-02, 4.785818855913000e-02, 2.741212099717526e-02, 0.000000000000000e+00, 0.000000000000000e+00, 1.957335366413170e+05, 1.000000000000000e-10, 3.317952446994086e+12
85010, 9.235432000000000e-02, 4.791506482980000e-02, 2.733079251494593e-02, 0.000000000000000e+00, 0.000000000000000e+00, 1.951600031378305e+05, 1.000000000000000e-10, 3.327906426633303e+12
85139, 9.258436000000000e-02, 4.797180784962000e-02, 2.724996180364719e-02, 0.000000000000000e+00, 0.000000000000000e+00, 1.945899290446092e+05, 1.000000000000000e-10, 3.337858159847813e+12
85268, 9.281440000000001e-02, 4.802841733505000e-02, 2.716955702321572e-02, 0.000000000000000e+00, 0.000000000000000e+00, 1.940227569179457e+05, 1.000000000000000e-10, 3.347815655901526e+12
85397, 9.304444000000001e-02, 4.808489384191000e-02, 2.708941319508290e-02, 0.000000000000000e+00, 0.000000000000000e+00, 1.934573362716201e+05, 1.000000000000000e-10, 3.357798964194774e+12
85526, 9.327448000000001e-02, 4.814123947362000e-02, 2.700946917221608e-02, 0.000000000000000e+00, 0.000000000000000e+00, 1.928933603515754e+05, 1.000000000000000e-10, 3.367817288995052e+12
85655, 9.350451999999999e-02, 4.819745676652000e-02, 2.692997225831075e-02, 0.000000000000000e+00, 0.000000000000000e+00, 1.923327055130607e+05, 1.000000000000000e-10, 3.377841081859681e+12
85784, 9.373455999999999e-02, 4.825354531352000e-02, 2.685132084227096e-02, 0.000000000000000e+00, 0.000000000000000e+00, 1.917781309479463e+05, 1.000000000000000e-10, 3.387818434373555e+12
85913, 9.396460000000000e-02, 4.830950117366000e-02, 2.677351820413797e-02, 0.000000000000000e+00, 0.000000000000000e+00, 1.912294311622730e+05, 1.000000000000000e-10, 3.397744989217200e+12
86042, 9.419464000000000e-02, 4.836532222014000e-02, 2.669605552544850e-02, 0.000000000000000e+00, 0.000000000000000e+00, 1.906828825808964e+05, 1.000000000000000e-10, 3.407683254765345e+12
86171, 9.442468000000000e-02, 4.842101158368000e-02, 2.661856644879333e-02, 0.000000000000000e+00, 0.000000000000000e+00, 1.901360196898466e+05, 1.000000000000000e-10, 3.417681686692450e+12
86300, 9.465472000000000e-02, 4.847657312222000e-02, 2.654117627967982e-02, 0.000000000000000e+00, 0.000000000000000e+00, 1.895899408690805e+05, 1.000000000000000e-10, 3.427727108405246e+12
86429, 9.488476000000000e-02, 4.853200900467000e-02, 2.646433246257672e-02, 0.000000000000000e+00, 0.000000000000000e+00, 1.890478962953433e+05, 1.000000000000000e-10, 3.437762402130202e+12
86558, 9.511480000000000e-02, 4.858731674262000e-02, 2.638832352230205e-02, 0.000000000000000e+00, 0.000000000000000e+00, 1.885118115005761e+05, 1.000000000000000e-10, 3.447747447490764e+12
86687, 9.534484000000000e-02, 4.864249340247000e-02, 2.631292711466406e-02, 0.000000000000000e+00, 0.000000000000000e+00, 1.879799892292348e+05, 1.000000000000000e-10, 3.457708771158548e+12
86816, 9.557488000000000e-02, 4.869754006408000e-02, 2.623791903628372e-02, 0.000000000000000e+00, 0.000000000000000e+00, 1.874508512290066e+05, 1.000000000000000e-10, 3.467675467423540e+12
86945, 9.580492000000000e-02, 4.875245744197000e-02, 2.616331449962520e-02, 0.000000000000000e+00, 0.000000000000000e+00, 1.869245222792500e+05, 1.000000000000000e-10, 3.477645143740004e+12
87074, 9.603496000000000e-02, 4.880724559841000e-02, 2.608908725024074e-02, 0.000000000000000e+00, 0.000000000000000e+00, 1.864007940249645e+05, 1.000000000000000e-10, 3.487620758360559e+12
87203, 9.626500000000000e-02, 4.886190507049000e-02, 2.601514503621526e-02, 0.000000000000000e+00, 0.000000000000000e+00, 1.858790128537947e+05, 1.000000000000000e-10, 3.497614325532542e+12
87332, 9.649504000000000e-02, 4.891643722344000e-02, 2.594145094602925e-02, 0.000000000000000e+00, 0.000000000000000e+00, 1.853589680706638e+05, 1.000000000000000e-10, 3.507631299745536e+12
87461, 9.672508000000000e-02, 4.897084351064000e-02, 2.586810625917885e-02, 0.000000000000000e+00, 0.000000000000000e+00, 1.848414339574340e+05, 1.000000000000000e-10, 3.517658498643647e+12
87590, 9.695512000000001e-02, 4.902512411481000e-02, 2.579526915571105e-02, 0.000000000000000e+00, 0.000000000000000e+00, 1.843275253528827e+05, 1.000000000000000e-10, 3.527673736392116e+12
87719, 9.718516000000001e-02, 4.907927789518000e-02, 2.572294269703876e-02, 0.000000000000000e+00, 0.000000000000000e+00, 1.838172191200933e+05, 1.000000000000000e-10, 3.537675334490582e+12
87848, 9.741519999999999e-02, 4.913330490931000e-02, 2.565102819609780e-02, 0.000000000000000e+00, 0.000000000000000e+00, 1.833098109075565e+05, 1.000000000000000e-10, 3.547676221529622e+12
87977, 9.764523999999999e-02, 4.918720596153000e-02, 2.557955243282263e-02, 0.000000000000000e+00, 0.000000000000000e+00, 1.828055001171647e+05, 1.000000000000000e-10, 3.557672280446821e+12
88106, 9.787528000000000e-02, 4.924098043423000e-02, 2.550851771970492e-02, 0.000000000000000e+00, 0.000000000000000e+00, 1.823042769669440e+05, 1.000000000000000e-10, 3.567662386992548e+12
88235, 9.810532000000000e-02, 4.929462861649000e-02, 2.543783572816478e-02, 0.000000000000000e+00, 0.000000000000000e+00, 1.818055062508667e+05, 1.000000000000000e-10, 3.577658250037964e+12
88364, 9.833536000000000e-02, 4.934815131545000e-02, 2.536748555749931e-02, 0.000000000000000e+00, 0.000000000000000e+00, 1.813090623082980e+05, 1.000000000000000e-10, 3.587662723059673e+12
88493, 9.856540000000000e-02, 4.940154904389000e-02, 2.529746967368949e-02, 0.000000000000000e+00, 0.000000000000000e+00, 1.808149983113481e+05, 1.000000000000000e-10, 3.597675614025734e+12
88622, 9.879544000000000e-02, 4.945482291780000e-02, 2.522787697899157e-02, 0.000000000000000e+00, 0.000000000000000e+00, 1.803239733010777e+05, 1.000000000000000e-10, 3.607684228361163e+12
88751, 9.902548000000000e-02, 4.950797229490000e-02, 2.515881038108886e-02, 0.000000000000000e+00, 0.000000000000000e+00, 1.798366760871784e+05, 1.000000000000000e-10, 3.617672560049475e+12
88880, 9.925552000000000e-02, 4.956099605771000e-02, 2.509016961868686e-02, 0.000000000000000e+00, 0.000000000000000e+00, 1.793523329653127e+05, 1.000000000000000e-10, 3.627653648610328e+12
89009, 9.948556000000000e-02, 4.961389483853000e-02, 2.502180808996082e-02, 0.000000000000000e+00, 0.000000000000000e+00, 1.788698987734957e+05, 1.000000000000000e-10, 3.637648146589936e+12
89138, 9.971560000000000e-02, 4.966666981801000e-02, 2.495369473099836e-02, 0.000000000000000e+00, 0.000000000000000e+00, 1.783891868841008e+05, 1.000000000000000e-10, 3.647660884393035e+12
89267, 9.994564000000000e-02, 4.971932204457000e-02, 2.488587601736227e-02, 0.000000000000000e+00, 0.000000000000000e+00, 1.779105614720542e+05, 1.000000000000000e-10, 3.657685323600738e+12
89396, 1.001756800000000e-01, 4.977185202434000e-02, 2.481842725334927e-02, 0.000000000000000e+00, 0.000000000000000e+00, 1.774345666160183e+05, 1.000000000000000e-10, 3.667710148498912e+12
89525, 1.004057200000000e-01, 4.982425955625000e-02, 2.475136402166030e-02, 0.000000000000000e+00, 0.000000000000000e+00, 1.769613149251211e+05, 1.000000000000000e-10, 3.677732682182910e+12
89654, 1.006357600000000e-01, 4.987654504166000e-02, 2.468467038716855e-02, 0.000000000000000e+00, 0.000000000000000e+00, 1.764907250986350e+05, 1.000000000000000e-10, 3.687755057998792e+12
89783, 1.008658000000000e-01, 4.992870929406000e-02, 2.461847108828526e-02, 0.000000000000000e+00, 0.000000000000000e+00, 1.760236963227287e+05, 1.000000000000000e-10, 3.697758498685018e+12
89912, 1.010958400000000e-01, 4.998075063016000e-02, 2.455281859857285e-02, 0.000000000000000e+00, 0.000000000000000e+00, 1.755605323164016e+05, 1.000000000000000e-10, 3.707732935603521e+12
90041, 1.013258800000000e-01, 5.003266807588000e-02, 2.448751038170483e-02, 0.000000000000000e+00, 0.000000000000000e+00, 1.750997327989514e+05, 1.000000000000000e-10, 3.717707763667373e+12
90170, 1.015559200000000e-01, 5.008446307883000e-02, 2.442240519154176e-02, 0.000000000000000e+00, 0.000000000000000e+00, 1.746403171534205e+05, 1.000000000000000e-10, 3.727704432429942e+12
90299, 1.017859600000000e-01, 5.013613696709000e-02, 2.435751783346306e-02, 0.000000000000000e+00, 0.000000000000000e+00, 1.741824557430403e+05, 1.000000000000000e-10, 3.737721711737459e+12
90428, 1.020160000000000e-01, 5.018769117118000e-02, 2.429297865206283e-02, 0.000000000000000e+00, 0.000000000000000e+00, 1.737271253604407e+05, 1.000000000000000e-10, 3.747739716893823e+12
90557, 1.022460400000000e-01, 5.023912528867000e-02, 2.422894274877788e-02, 0.000000000000000e+00, 0.000000000000000e+00, 1.732754049954354e+05, 1.000000000000000e-10, 3.757733533215789e+12
90686, 1.024760800000000e-01, 5.029043781506000e-02, 2.416536292415753e-02, 0.000000000000000e+00, 0.000000000000000e+00, 1.728268903770316e+05, 1.000000000000000e-10, 3.767709022462642e+12
90815, 1.027061200000000e-01, 5.034162877130000e-02, 2.410208069446747e-02, 0.000000000000000e+00, 0.000000000000000e+00, 1.723804280748397e+05, 1.000000000000000e-10, 3.777689898932816e+12
90944, 1.029361600000000e-01, 5.039269931355000e-02, 2.403904332966864e-02, 0.000000000000000e+00, 0.000000000000000e+00, 1.719356631692120e+05, 1.000000000000000e-10, 3.787684226725894e+12
91073, 1.031662000000000e-01, 5.044365016845000e-02, 2.397627315182135e-02, 0.000000000000000e+00, 0.000000000000000e+00, 1.714927702177414e+05, 1.000000000000000e-10, 3.797688749937324e+12
91202, 1.033962400000000e-01, 5.049448192136000e-02, 2.391379283004681e-02, 0.000000000000000e+00, 0.000000000000000e+00, 1.710519197396004e+05, 1.000000000000000e-10, 3.807699717675483e+12
91331, 1.036262800000000e-01, 5.054519490274000e-02, 2.385161785209156e-02, 0.000000000000000e+00, 0.000000000000000e+00, 1.706132389613584e+05, 1.000000000000000e-10, 3.817714429126140e+12
91460, 1.038563200000000e-01, 5.059578955470000e-02, 2.378974757685728e-02, 0.000000000000000e+00, 0.000000000000000e+00, 1.701767743440763e+05, 1.000000000000000e-10, 3.827733700108280e+12
91589, 1.040863600000000e-01, 5.064626718991000e-02, 2.372833030053969e-02, 0.000000000000000e+00, 0.000000000000000e+00, 1.697436229206497e+05, 1.000000000000000e-10, 3.837733318660388e+12
91718, 1.043164000000000e-01, 5.069662644910000e-02, 2.366751300971813e-02, 0.000000000000000e+00, 0.000000000000000e+00, 1.693147349622053e+05, 1.000000000000000e-10, 3.847687219110106e+12
91847, 1.045464400000000e-01, 5.074686564403000e-02, 2.360698457906199e-02, 0.000000000000000e+00, 0.000000000000000e+00, 1.688885985719067e+05, 1.000000000000000e-10, 3.857656221396397e+12
91976, 1.047764800000000e-01, 5.079698594830000e-02, 2.354100100262673e-02, 0.000000000000000e+00, 0.000000000000000e+00, 1.684586956103799e+05, 1.000000000000000e-10, 3.869106357386118e+12
92105, 1.050065200000000e-01, 5.084698753522000e-02, 2.347673064926143e-02, 0.000000000000000e+00, 0.000000000000000e+00, 1.680336799089906e+05, 1.000000000000000e-10, 3.880228928066307e+12
92234, 1.052365600000000e-01, 5.089687016097000e-02, 2.341462432037426e-02, 0.000000000000000e+00, 0.000000000000000e+00, 1.676128296115940e+05, 1.000000000000000e-10, 3.890882803527430e+12
92363, 1.054666000000000e-01, 5.094663434889000e-02, 2.335372648198899e-02, 0.000000000000000e+00, 0.000000000000000e+00, 1.671938744328757e+05, 1.000000000000000e-10, 3.901289595309144e+12
92492, 1.056966400000000e-01, 5.099628155128000e-02, 2.329350156174684e-02, 0.000000000000000e+00, 0.000000000000000e+00, 1.667760905216461e+05, 1.000000000000000e-10, 3.911582793240293e+12
92621, 1.059266800000000e-01, 5.104581321543000e-02, 2.323380171084107e-02, 0.000000000000000e+00, 0.000000000000000e+00, 1.663600164656388e+05, 1.000000000000000e-10, 3.921810002731794e+12
92750, 1.061567200000000e-01, 5.109522962347000e-02, 2.317463668973074e-02, 0.000000000000000e+00, 0.000000000000000e+00, 1.659465133314778e+05, 1.000000000000000e-10, 3.931980447123909e+12
92879, 1.063867600000000e-01, 5.114453002982000e-02, 2.311596622230283e-02, 0.000000000000000e+00, 0.000000000000000e+00, 1.655356883071003e+05, 1.000000000000000e-10, 3.942105886324451e+12
93008, 1.066168000000000e-01, 5.119371418146000e-02, 2.305767026433802e-02, 0.000000000000000e+00, 0.000000000000000e+00, 1.651269181598078e+05, 1.000000000000000e-10, 3.952209546598816e+12
93137, 1.068468400000000e-01, 5.124278300359000e-02, 2.299970820788863e-02, 0.000000000000000e+00, 0.000000000000000e+00, 1.647200838480506e+05, 1.000000000000000e-10, 3.962300416717402e+12
93266, 1.070768800000000e-01, 5.129173655497000e-02, 2.294208020749098e-02, 0.000000000000000e+00, 0.000000000000000e+00, 1.643153058663598e+05, 1.000000000000000e-10, 3.972379549194953e+12
93395, 1.073069200000000e-01, 5.134057551427000e-02, 2.288478875426424e-02, 0.000000000000000e+00, 0.000000000000000e+00, 1.639127040717414e+05, 1.000000000000000e-10, 3.982447968425531e+12
93524, 1.075369600000000e-01, 5.138930031920000e-02, 2.282793727574049e-02, 0.000000000000000e+00, 0.000000000000000e+00, 1.635130765873343e+05, 1.000000000000000e-10, 3.992487769498482e+12
93653, 1.077670000000000e-01, 5.143790953927000e-02, 2.277153463910588e-02, 0.000000000000000e+00, 0.000000000000000e+00, 1.631164842952239e+05, 1.000000000000000e-10, 4.002496293322922e+12
93782, 1.079970400000000e-01, 5.148640295308000e-02, 2.271545757649824e-02, 0.000000000000000e+00, 0.000000000000000e+00, 1.627220576586043e+05, 1.000000000000000e-10, 4.012494981001838e+12
93911, 1.082270800000000e-01, 5.153478157237000e-02, 2.265969488017701e-02, 0.000000000000000e+00, 0.000000000000000e+00, 1.623297484600153e+05, 1.000000000000000e-10, 4.022485977022853e+12
94040, 1.084571200000000e-01, 5.158304514003000e-02, 2.260426190860843e-02, 0.000000000000000e+00, 0.000000000000000e+00, 1.619396684507520e+05, 1.000000000000000e-10, 4.032465583457156e+12
94169, 1.086871600000000e-01, 5.163119380420000e-02, 2.254909409268696e-02, 0.000000000000000e+00, 0.000000000000000e+00, 1.615513518683419e+05, 1.000000000000000e-10, 4.042445027937659e+12
94298, 1.089172000000000e-01, 5.167922836129000e-02, 2.249415520869511e-02, 0.000000000000000e+00, 0.000000000000000e+00, 1.611645552871251e+05, 1.000000000000000e-10, 4.052430872090498e+12
94427, 1.091472400000000e-01, 5.172714949102000e-02, 2.243944776927619e-02, 0.000000000000000e+00, 0.000000000000000e+00, 1.607793182357277e+05, 1.000000000000000e-10, 4.062422531740807e+12
94556, 1.093772800000000e-01, 5.177495789391000e-02, 2.238499803028217e-02, 0.000000000000000e+00, 0.000000000000000e+00, 1.603958479110606e+05, 1.000000000000000e-10, 4.072415413523357e+12
94685, 1.096073200000000e-01, 5.182265378221000e-02, 2.233083661889865e-02, 0.000000000000000e+00, 0.000000000000000e+00, 1.600143720689929e+05, 1.000000000000000e-10, 4.082403554212383e+12
94814, 1.098373600000000e-01, 5.187023715791000e-02, 2.227693974812286e-02, 0.000000000000000e+00, 0.000000000000000e+00, 1.596347390426225e+05, 1.000000000000000e-10, 4.092391551549521e+12
94943, 1.100674000000000e-01, 5.191770909519000e-02, 2.222335225401880e-02, 0.000000000000000e+00, 0.000000000000000e+00, 1.592573067040055e+05, 1.000000000000000e-10, 4.102370875994472e+12
95072, 1.102974400000000e-01, 5.196506923904000e-02, 2.217018292280889e-02, 0.000000000000000e+00, 0.000000000000000e+00, 1.588828446864481e+05, 1.000000000000000e-10, 4.112321093443964e+12
95201, 1.105274800000000e-01, 5.201231617364000e-02, 2.211738018460913e-02, 0.000000000000000e+00, 0.000000000000000e+00, 1.585109370520014e+05, 1.000000000000000e-10, 4.122250102083129e+12
95330, 1.107575200000000e-01, 5.205945010853000e-02, 2.206481185479780e-02, 0.000000000000000e+00, 0.000000000000000e+00, 1.581406231645370e+05, 1.000000000000000e-10, 4.132181821221036e+12
95459, 1.109875600000000e-01, 5.210647209223000e-02, 2.201244407934816e-02, 0.000000000000000e+00, 0.000000000000000e+00, 1.577716797277691e+05, 1.000000000000000e-10, 4.142122490591359e+12
95588, 1.112176000000000e-01, 5.215338281523000e-02, 2.196029191716390e-02, 0.000000000000000e+00, 0.000000000000000e+00, 1.574042460648763e+05, 1.000000000000000e-10, 4.152069835911154e+12
95717, 1.114476400000000e-01, 5.220018327449000e-02, 2.190842945969849e-02, 0.000000000000000e+00, 0.000000000000000e+00, 1.570388795737872e+05, 1.000000000000000e-10, 4.162009758912384e+12
95846, 1.116776800000000e-01, 5.224687300631000e-02, 2.185693542358596e-02, 0.000000000000000e+00, 0.000000000000000e+00, 1.566761218372258e+05, 1.000000000000000e-10, 4.171926614322274e+12
95975, 1.119077200000000e-01, 5.229345107080000e-02, 2.180575148095592e-02, 0.000000000000000e+00, 0.000000000000000e+00, 1.563155031824250e+05, 1.000000000000000e-10, 4.181829863860194e+12
96104, 1.121377600000000e-01, 5.233991756295000e-02, 2.175473684885370e-02, 0.000000000000000e+00, 0.000000000000000e+00, 1.559559909709498e+05, 1.000000000000000e-10, 4.191745449195289e+12
96233, 1.123678000000000e-01, 5.238627398033000e-02, 2.170382053592916e-02, 0.000000000000000e+00, 0.000000000000000e+00, 1.555971165186362e+05, 1.000000000000000e-10, 4.201688292437527e+12
96362, 1.125978400000000e-01, 5.243252200923000e-02, 2.165305213193049e-02, 0.000000000000000e+00, 0.000000000000000e+00, 1.552393287885428e+05, 1.000000000000000e-10, 4.211649858937765e+12
96491, 1.128278800000000e-01, 5.247866340824000e-02, 2.160268710563193e-02, 0.000000000000000e+00, 0.000000000000000e+00, 1.548845323052469e+05, 1.000000000000000e-10, 4.221581955110915e+12
96620, 1.130579200000000e-01, 5.252469564564000e-02, 2.155291955072774e-02, 0.000000000000000e+00, 0.000000000000000e+00, 1.545341575400007e+05, 1.000000000000000e-10, 4.231445949170293e+12
96749, 1.132879600000000e-01, 5.257061541960000e-02, 2.150358455449796e-02, 0.000000000000000e+00, 0.000000000000000e+00, 1.541867883631912e+05, 1.000000000000000e-10, 4.241269275755771e+12
96878, 1.135180000000000e-01, 5.261642314970000e-02, 2.145440046503511e-02, 0.000000000000000e+00, 0.000000000000000e+00, 1.538403499690164e+05, 1.000000000000000e-10, 4.251105584259480e+12
97007, 1.137480400000000e-01, 5.266212093622000e-02, 2.140528944208969e-02, 0.000000000000000e+00, 0.000000000000000e+00, 1.534943329566376e+05, 1.000000000000000e-10, 4.260971052815998e+12
97136, 1.139780800000000e-01, 5.270771047624000e-02, 2.135632921489543e-02, 0.000000000000000e+00, 0.000000000000000e+00, 1.531493412937660e+05, 1.000000000000000e-10, 4.270851301643500e+12
97265, 1.142081200000000e-01, 5.275319215397000e-02, 2.130759822588923e-02, 0.000000000000000e+00, 0.000000000000000e+00, 1.528059494817821e+05, 1.000000000000000e-10, 4.280730611516260e+12
97394, 1.144381600000000e-01, 5.279856600954000e-02, 2.125910458913495e-02, 0.000000000000000e+00, 0.000000000000000e+00, 1.524642218316919e+05, 1.000000000000000e-10, 4.290607233889904e+12
97523, 1.146682000000000e-01, 5.284383239433000e-02, 2.121082774044343e-02, 0.000000000000000e+00, 0.000000000000000e+00, 1.521240398511098e+05, 1.000000000000000e-10, 4.300485289932777e+12
97652, 1.148982400000000e-01, 5.288899253024000e-02, 2.116286969487570e-02, 0.000000000000000e+00, 0.000000000000000e+00, 1.517861715265216e+05, 1.000000000000000e-10, 4.310344579753052e+12
97781, 1.151282800000000e-01, 5.293404512933000e-02, 2.111533812955964e-02, 0.000000000000000e+00, 0.000000000000000e+00, 1.514513621967239e+05, 1.000000000000000e-10, 4.320161854986593e+12
97910, 1.153583200000000e-01, 5.297898852959000e-02, 2.106811894917937e-02, 0.000000000000000e+00, 0.000000000000000e+00, 1.511187328841039e+05, 1.000000000000000e-10, 4.329958523488526e+12
98039, 1.155883600000000e-01, 5.302382345184000e-02, 2.102107411875995e-02, 0.000000000000000e+00, 0.000000000000000e+00, 1.507872806610304e+05, 1.000000000000000e-10, 4.339762399147035e+12
98168, 1.158184000000000e-01, 5.306855098870000e-02, 2.097418609483062e-02, 0.000000000000000e+00, 0.000000000000000e+00, 1.504568955856624e+05, 1.000000000000000e-10, 4.349577166298532e+12
98297, 1.160484400000000e-01, 5.311317197017000e-02, 2.092748230124158e-02, 0.000000000000000e+00, 0.000000000000000e+00, 1.501277886594036e+05, 1.000000000000000e-10, 4.359397164011147e+12
98426, 1.162784800000000e-01, 5.315768686845000e-02, 2.088099345807322e-02, 0.000000000000000e+00, 0.000000000000000e+00, 1.498001870262738e+05, 1.000000000000000e-10, 4.369215940347310e+12
98555, 1.165085200000000e-01, 5.320209584777000e-02, 2.083472807521444e-02, 0.000000000000000e+00, 0.000000000000000e+00, 1.494741583916431e+05, 1.000000000000000e-10, 4.379031604611549e+12
98684, 1.167385600000000e-01, 5.324639926269000e-02, 2.078867246756983e-02, 0.000000000000000e+00, 0.000000000000000e+00, 1.491496335703283e+05, 1.000000000000000e-10, 4.388846902428770e+12
98813, 1.169686000000000e-01, 5.329059830084000e-02, 2.074292541053359e-02, 0.000000000000000e+00, 0.000000000000000e+00, 1.488273561112166e+05, 1.000000000000000e-10, 4.398641636610253e+12
98942, 1.171986400000000e-01, 5.333469164963000e-02, 2.069758738092128e-02, 0.000000000000000e+00, 0.000000000000000e+00, 1.485080162607675e+05, 1.000000000000000e-10, 4.408393184425358e+12
99071, 1.174286800000000e-01, 5.337867767365000e-02, 2.065254514043167e-02, 0.000000000000000e+00, 0.000000000000000e+00, 1.481907420996530e+05, 1.000000000000000e-10, 4.418123772256861e+12
99200, 1.176587200000000e-01, 5.342255705307000e-02, 2.060765768120472e-02, 0.000000000000000e+00, 0.000000000000000e+00, 1.478745080016424e+05, 1.000000000000000e-10, 4.427862341159124e+12
99329, 1.178887600000000e-01, 5.346633101557000e-02, 2.056290100056636e-02, 0.000000000000000e+00, 0.000000000000000e+00, 1.475591657954912e+05, 1.000000000000000e-10, 4.437615300180986e+12
99458, 1.181188000000000e-01, 5.351000066817000e-02, 2.051831389896600e-02, 0.000000000000000e+00, 0.000000000000000e+00, 1.472450365657336e+05, 1.000000000000000e-10, 4.447374122350539e+12
99587, 1.183488400000000e-01, 5.355356692483000e-02, 2.047401177450544e-02, 0.000000000000000e+00, 0.000000000000000e+00, 1.469329761159531e+05, 1.000000000000000e-10, 4.457114456573994e+12
99716, 1.185788800000000e-01, 5.359702871160000e-02, 2.043007215291199e-02, 0.000000000000000e+00, 0.000000000000000e+00, 1.466235149116760e+05, 1.000000000000000e-10, 4.466818246212273e+12
99845, 1.188089200000000e-01, 5.364038478550000e-02, 2.038640270060422e-02, 0.000000000000000e+00, 0.000000000000000e+00, 1.463159432271903e+05, 1.000000000000000e-10, 4.476503955812716e+12
99974, 1.190389600000000e-01, 5.368363577064000e-02, 2.034289526469502e-02, 0.000000000000000e+00, 0.000000000000000e+00, 1.460094753275957e+05, 1.000000000000000e-10, 4.486194939740326e+12
100103, 1.192690000000000e-01, 5.372678266448000e-02, 2.029953324940141e-02, 0.000000000000000e+00, 0.000000000000000e+00, 1.457040137158009e+05, 1.000000000000000e-10, 4.495895038920422e+12
100232, 1.194990400000000e-01, 5.376982636683000e-02, 2.025634145895740e-02, 0.000000000000000e+00, 0.000000000000000e+00, 1.453997730293107e+05, 1.000000000000000e-10, 4.505599317748602e+12
100361, 1.197290800000000e-01, 5.381276793552000e-02, 2.021343087614869e-02, 0.000000000000000e+00, 0.000000000000000e+00, 1.450975822053436e+05, 1.000000000000000e-10, 4.515283207570511e+12
100490, 1.199591200000000e-01, 5.385560622743000e-02, 2.017089081384173e-02, 0.000000000000000e+00, 0.000000000000000e+00, 1.447980576227582e+05, 1.000000000000000e-10, 4.524925986497380e+12
100619, 1.201891600000000e-01, 5.389833978005000e-02, 2.012862920810265e-02, 0.000000000000000e+00, 0.000000000000000e+00, 1.445004848613029e+05, 1.000000000000000e-10, 4.534546056109420e+12
100748, 1.204192000000000e-01, 5.394096908518000e-02, 2.008651932884471e-02, 0.000000000000000e+00, 0.000000000000000e+00, 1.442039364948934e+05, 1.000000000000000e-10, 4.544171754847295e+12
100877, 1.206492400000000e-01, 5.398349533145000e-02, 2.004453209630243e-02, 0.000000000000000e+00, 0.000000000000000e+00, 1.439082173128266e+05, 1.000000000000000e-10, 4.553809378906509e+12
101006, 1.208792800000000e-01, 5.402591951127000e-02, 2.000269754120618e-02, 0.000000000000000e+00, 0.000000000000000e+00, 1.436135642756476e+05, 1.000000000000000e-10, 4.563452435590560e+12
101135, 1.211093200000000e-01, 5.406824226805000e-02, 1.996107216829865e-02, 0.000000000000000e+00, 0.000000000000000e+00, 1.433204004075799e+05, 1.000000000000000e-10, 4.573088322357900e+12
101264, 1.213393600000000e-01, 5.411046342656000e-02, 1.991969019459805e-02, 0.000000000000000e+00, 0.000000000000000e+00, 1.430289766459300e+05, 1.000000000000000e-10, 4.582708686127586e+12
101393, 1.215694000000000e-01, 5.415258279816000e-02, 1.987852162099822e-02, 0.000000000000000e+00, 0.000000000000000e+00, 1.427391174579412e+05, 1.000000000000000e-10, 4.592320887439028e+12
101522, 1.217994400000000e-01, 5.419460151185000e-02, 1.983762753948600e-02, 0.000000000000000e+00, 0.000000000000000e+00, 1.424514136420287e+05, 1.000000000000000e-10, 4.601914061740864e+12
101651, 1.220294800000000e-01, 5.423651894617000e-02, 1.979718669350010e-02, 0.000000000000000e+00, 0.000000000000000e+00, 1.421676379187588e+05, 1.000000000000000e-10, 4.611455972773479e+12
101780, 1.222595200000000e-01, 5.427833382525000e-02, 1.975751796645766e-02, 0.000000000000000e+00, 0.000000000000000e+00, 1.418919772944805e+05, 1.000000000000000e-10, 4.620912143644548e+12
101909, 1.224895600000000e-01, 5.432004692922000e-02, 1.972006227256481e-02, 0.000000000000000e+00, 0.000000000000000e+00, 1.416420615884318e+05, 1.000000000000000e-10, 4.630099031324483e+12
102038, 1.227196000000000e-01, 5.436165851791000e-02, 1.969058544961914e-02, 0.000000000000000e+00, 0.000000000000000e+00, 1.414859032278587e+05, 1.000000000000000e-10, 4.638228477719487e+12
102167, 1.229496400000000e-01, 5.440316809737000e-02, 1.969002382925761e-02, 0.000000000000000e+00, 0.000000000000000e+00, 1.416651314727849e+05, 1.000000000000000e-10, 4.642311103135601e+12
102296, 1.231796800000000e-01, 5.444457543194000e-02, 1.978839103585595e-02, 0.000000000000000e+00, 0.000000000000000e+00, 1.429562923858859e+05, 1.000000000000000e-10, 4.631667315528865e+12
102425, 1.234097200000000e-01, 5.448588208237000e-02, 2.018279411432803e-02, 0.000000000000000e+00, 0.000000000000000e+00, 1.473871717504183e+05, 1.000000000000000e-10, 4.573425792824182e+12
102554, 1.236397600000000e-01, 5.452709006578000e-02, 2.128073187212957e-02, 0.000000000000000e+00, 0.000000000000000e+00, 1.586647118555690e+05, 1.000000000000000e-10, 4.396776991704568e+12
102683, 1.238698000000000e-01, 5.456820109727000e-02, 2.355313061131584e-02, 0.000000000000000e+00, 0.000000000000000e+00, 1.803824143209849e+05, 1.000000000000000e-10, 4.042586522876788e+12
102812, 1.240998400000000e-01, 5.460921375047000e-02, 2.676128017529902e-02, 0.000000000000000e+00, 0.000000000000000e+00, 2.097808630517759e+05, 1.000000000000000e-10, 3.612053266772011e+12
102941, 1.243298800000000e-01, 5.465012565584000e-02, 2.953284159357610e-02, 0.000000000000000e+00, 0.000000000000000e+00, 2.347946728381578e+05, 1.000000000000000e-10, 3.303007350584548e+12
103070, 1.245599200000000e-01, 5.469093693579000e-02, 3.092087039705795e-02, 0.000000000000000e+00, 0.000000000000000e+00, 2.475212022479746e+05, 1.000000000000000e-10, 3.168703641309482e+12
103199, 1.247899600000000e-01, 5.473164852703000e-02, 3.118878269267871e-02, 0.000000000000000e+00, 0.000000000000000e+00, 2.517514108163047e+05, 1.000000000000000e-10, 3.158343177300838e+12
103328, 1.250200000000000e-01, 5.477226000000000e-02, 3.096947708357635e-02, 0.000000000000000e+00, 0.000000000000000e+00, 2.572158726026625e+05, 1.000000000000000e-10, 3.239423848470917e+12
